province_code,province_name,regency_code,regency_name,district_code,district_name,village_code,village_name
"11","Aceh","11.01","Kabupaten Aceh Selatan","11.01.01","Bakongan","11.01.01.2001","Keude Bakongan"
"11","Aceh","11.01","Kabupaten Aceh Selatan","11.01.01","Bakongan","11.01.01.2002","Ujong Mangki"
"11","Aceh","11.01","Kabupaten Aceh Selatan","11.01.01","Bakongan","11.01.01.2003","Ujong Padang"
"11","Aceh","11.01","Kabupaten Aceh Selatan","11.01.01","Bakongan","11.01.01.2004","Gampong Drien"
"11","Aceh","11.01","Kabupaten Aceh Selatan","11.01.01","Bakongan","11.01.01.2015","Darul Ikhsan"
"11","Aceh","11.01","Kabupaten Aceh Selatan","11.01.01","Bakongan","11.01.01.2016","Padang Beurahan"
"11","Aceh","11.01","Kabupaten Aceh Selatan","11.01.01","Bakongan","11.01.01.2017","Gampong Baro"
"11","Aceh","11.01","Kabupaten Aceh Selatan","11.01.02","Kluet Utara","11.01.02.2001","Fajar Harapan"
"11","Aceh","11.01","Kabupaten Aceh Selatan","11.01.02","Kluet Utara","11.01.02.2002","Krueng Batee"
"11","Aceh","11.01","Kabupaten Aceh Selatan","11.01.02","Kluet Utara","11.01.02.2003","Pasi Kuala Asahan"
"11","Aceh","11.01","Kabupaten Aceh Selatan","11.01.02","Kluet Utara","11.01.02.2004","Gunong Pulo"
"11","Aceh","11.01","Kabupaten Aceh Selatan","11.01.02","Kluet Utara","11.01.02.2005","Pulo Ie I"
"11","Aceh","11.01","Kabupaten Aceh Selatan","11.01.02","Kluet Utara","11.01.02.2006","Jambo Manyang"
"11","Aceh","11.01","Kabupaten Aceh Selatan","11.01.02","Kluet Utara","11.01.02.2007","Simpang Empat"
"11","Aceh","11.01","Kabupaten Aceh Selatan","11.01.02","Kluet Utara","11.01.02.2008","Limau Purut"
"11","Aceh","11.01","Kabupaten Aceh Selatan","11.01.02","Kluet Utara","11.01.02.2009","Pulo Kambing"
"11","Aceh","11.01","Kabupaten Aceh Selatan","11.01.02","Kluet Utara","11.01.02.2010","Kampung Paya"
"11","Aceh","11.01","Kabupaten Aceh Selatan","11.01.02","Kluet Utara","11.01.02.2011","Krueng Batu"
"11","Aceh","11.01","Kabupaten Aceh Selatan","11.01.02","Kluet Utara","11.01.02.2012","Krueng Kluet"
"11","Aceh","11.01","Kabupaten Aceh Selatan","11.01.02","Kluet Utara","11.01.02.2013","Alur Mas"
"11","Aceh","11.01","Kabupaten Aceh Selatan","11.01.02","Kluet Utara","11.01.02.2014","Kampung Tinggi"
"11","Aceh","11.01","Kabupaten Aceh Selatan","11.01.02","Kluet Utara","11.01.02.2015","Ruak"
"11","Aceh","11.01","Kabupaten Aceh Selatan","11.01.02","Kluet Utara","11.01.02.2016","Simpang Lhee"
"11","Aceh","11.01","Kabupaten Aceh Selatan","11.01.02","Kluet Utara","11.01.02.2017","Suaq Geuringgeng"
"11","Aceh","11.01","Kabupaten Aceh Selatan","11.01.02","Kluet Utara","11.01.02.2018","Pasi Kuala Ba'u"
"11","Aceh","11.01","Kabupaten Aceh Selatan","11.01.02","Kluet Utara","11.01.02.2019","Kedai Padang"
"11","Aceh","11.01","Kabupaten Aceh Selatan","11.01.02","Kluet Utara","11.01.02.2020","Kotafajar"
"11","Aceh","11.01","Kabupaten Aceh Selatan","11.01.02","Kluet Utara","11.01.02.2021","Gunung Pudung"
"11","Aceh","11.01","Kabupaten Aceh Selatan","11.01.03","Kluet Selatan","11.01.03.2001","Suaq Bakung"
"11","Aceh","11.01","Kabupaten Aceh Selatan","11.01.03","Kluet Selatan","11.01.03.2002","Rantau Binuang"
"11","Aceh","11.01","Kabupaten Aceh Selatan","11.01.03","Kluet Selatan","11.01.03.2003","Barat Daya"
"11","Aceh","11.01","Kabupaten Aceh Selatan","11.01.03","Kluet Selatan","11.01.03.2004","Sialang"
"11","Aceh","11.01","Kabupaten Aceh Selatan","11.01.03","Kluet Selatan","11.01.03.2005","Kapeh"
"11","Aceh","11.01","Kabupaten Aceh Selatan","11.01.03","Kluet Selatan","11.01.03.2006","Pulo Ie"
"11","Aceh","11.01","Kabupaten Aceh Selatan","11.01.03","Kluet Selatan","11.01.03.2007","Kedai Runding"
"11","Aceh","11.01","Kabupaten Aceh Selatan","11.01.03","Kluet Selatan","11.01.03.2008","Kedai Kandang"
"11","Aceh","11.01","Kabupaten Aceh Selatan","11.01.03","Kluet Selatan","11.01.03.2009","Gampong Luar"
"11","Aceh","11.01","Kabupaten Aceh Selatan","11.01.03","Kluet Selatan","11.01.03.2010","Ujung"
"11","Aceh","11.01","Kabupaten Aceh Selatan","11.01.03","Kluet Selatan","11.01.03.2011","Jua"
"11","Aceh","11.01","Kabupaten Aceh Selatan","11.01.03","Kluet Selatan","11.01.03.2012","Pasi Meurapat"
"11","Aceh","11.01","Kabupaten Aceh Selatan","11.01.03","Kluet Selatan","11.01.03.2013","Ujung Pasir"
"11","Aceh","11.01","Kabupaten Aceh Selatan","11.01.03","Kluet Selatan","11.01.03.2014","Geulumbuk"
"11","Aceh","11.01","Kabupaten Aceh Selatan","11.01.03","Kluet Selatan","11.01.03.2015","Pasie Lembang"
"11","Aceh","11.01","Kabupaten Aceh Selatan","11.01.03","Kluet Selatan","11.01.03.2016","Ujung Padang"
"11","Aceh","11.01","Kabupaten Aceh Selatan","11.01.03","Kluet Selatan","11.01.03.2017","Indra Damai"
"11","Aceh","11.01","Kabupaten Aceh Selatan","11.01.04","Labuhanhaji","11.01.04.2001","Bakau Hulu"
"11","Aceh","11.01","Kabupaten Aceh Selatan","11.01.04","Labuhanhaji","11.01.04.2002","Padang Bakau"
"11","Aceh","11.01","Kabupaten Aceh Selatan","11.01.04","Labuhanhaji","11.01.04.2003","Manggis Harapan"
"11","Aceh","11.01","Kabupaten Aceh Selatan","11.01.04","Labuhanhaji","11.01.04.2004","Pasar Lama"
"11","Aceh","11.01","Kabupaten Aceh Selatan","11.01.04","Labuhanhaji","11.01.04.2005","Apha"
"11","Aceh","11.01","Kabupaten Aceh Selatan","11.01.04","Labuhanhaji","11.01.04.2006","Ujung Batu"
"11","Aceh","11.01","Kabupaten Aceh Selatan","11.01.04","Labuhanhaji","11.01.04.2007","Pawoh"
"11","Aceh","11.01","Kabupaten Aceh Selatan","11.01.04","Labuhanhaji","11.01.04.2008","Dalam"
"11","Aceh","11.01","Kabupaten Aceh Selatan","11.01.04","Labuhanhaji","11.01.04.2009","Kota Palak"
"11","Aceh","11.01","Kabupaten Aceh Selatan","11.01.04","Labuhanhaji","11.01.04.2010","Cacang"
"11","Aceh","11.01","Kabupaten Aceh Selatan","11.01.04","Labuhanhaji","11.01.04.2011","Tengah Pisang"
"11","Aceh","11.01","Kabupaten Aceh Selatan","11.01.04","Labuhanhaji","11.01.04.2012","Pisang"
"11","Aceh","11.01","Kabupaten Aceh Selatan","11.01.04","Labuhanhaji","11.01.04.2013","Hulu Pisang"
"11","Aceh","11.01","Kabupaten Aceh Selatan","11.01.04","Labuhanhaji","11.01.04.2014","Tengah Baru"
"11","Aceh","11.01","Kabupaten Aceh Selatan","11.01.04","Labuhanhaji","11.01.04.2015","Lembah Baru"
"11","Aceh","11.01","Kabupaten Aceh Selatan","11.01.04","Labuhanhaji","11.01.04.2016","Padang Baru"
"11","Aceh","11.01","Kabupaten Aceh Selatan","11.01.05","Meukek","11.01.05.2001","Kuta Buloh II"
"11","Aceh","11.01","Kabupaten Aceh Selatan","11.01.05","Meukek","11.01.05.2002","Kuta Buloh I"
"11","Aceh","11.01","Kabupaten Aceh Selatan","11.01.05","Meukek","11.01.05.2003","Ie Dingen"
"11","Aceh","11.01","Kabupaten Aceh Selatan","11.01.05","Meukek","11.01.05.2004","Drien Jalo"
"11","Aceh","11.01","Kabupaten Aceh Selatan","11.01.05","Meukek","11.01.05.2005","Jambo Papeun"
"11","Aceh","11.01","Kabupaten Aceh Selatan","11.01.05","Meukek","11.01.05.2006","Buket Meuh"
"11","Aceh","11.01","Kabupaten Aceh Selatan","11.01.05","Meukek","11.01.05.2007","Blang Kuala"
"11","Aceh","11.01","Kabupaten Aceh Selatan","11.01.05","Meukek","11.01.05.2008","Rot Teungoh"
"11","Aceh","11.01","Kabupaten Aceh Selatan","11.01.05","Meukek","11.01.05.2009","Alue Baro"
"11","Aceh","11.01","Kabupaten Aceh Selatan","11.01.05","Meukek","11.01.05.2010","Ladang Tuha"
"11","Aceh","11.01","Kabupaten Aceh Selatan","11.01.05","Meukek","11.01.05.2011","Lhok Mamplam"
"11","Aceh","11.01","Kabupaten Aceh Selatan","11.01.05","Meukek","11.01.05.2012","Arun Tunggai"
"11","Aceh","11.01","Kabupaten Aceh Selatan","11.01.05","Meukek","11.01.05.2013","Blang Teungoh"
"11","Aceh","11.01","Kabupaten Aceh Selatan","11.01.05","Meukek","11.01.05.2014","Blang Bladeh"
"11","Aceh","11.01","Kabupaten Aceh Selatan","11.01.05","Meukek","11.01.05.2015","Ie Buboh"
"11","Aceh","11.01","Kabupaten Aceh Selatan","11.01.05","Meukek","11.01.05.2016","Keude Meukek"
"11","Aceh","11.01","Kabupaten Aceh Selatan","11.01.05","Meukek","11.01.05.2017","Kuta Baro"
"11","Aceh","11.01","Kabupaten Aceh Selatan","11.01.05","Meukek","11.01.05.2018","Tanjung Harapan"
"11","Aceh","11.01","Kabupaten Aceh Selatan","11.01.05","Meukek","11.01.05.2019","Labuhan Tarok"
"11","Aceh","11.01","Kabupaten Aceh Selatan","11.01.05","Meukek","11.01.05.2020","Lhok Aman"
"11","Aceh","11.01","Kabupaten Aceh Selatan","11.01.05","Meukek","11.01.05.2021","Alue Meutuah"
"11","Aceh","11.01","Kabupaten Aceh Selatan","11.01.05","Meukek","11.01.05.2022","Ladang Baro"
"11","Aceh","11.01","Kabupaten Aceh Selatan","11.01.05","Meukek","11.01.05.2023","Labuhan Tarok II"
"11","Aceh","11.01","Kabupaten Aceh Selatan","11.01.06","Samadua","11.01.06.2001","Dalam"
"11","Aceh","11.01","Kabupaten Aceh Selatan","11.01.06","Samadua","11.01.06.2002","Subarang"
"11","Aceh","11.01","Kabupaten Aceh Selatan","11.01.06","Samadua","11.01.06.2003","Kuta Baru"
"11","Aceh","11.01","Kabupaten Aceh Selatan","11.01.06","Samadua","11.01.06.2004","Gunung Ketek"
"11","Aceh","11.01","Kabupaten Aceh Selatan","11.01.06","Samadua","11.01.06.2005","Ladang Panton Luas"
"11","Aceh","11.01","Kabupaten Aceh Selatan","11.01.06","Samadua","11.01.06.2006","Madat"
"11","Aceh","11.01","Kabupaten Aceh Selatan","11.01.06","Samadua","11.01.06.2007","Alur Seumerah"
"11","Aceh","11.01","Kabupaten Aceh Selatan","11.01.06","Samadua","11.01.06.2008","Tengah"
"11","Aceh","11.01","Kabupaten Aceh Selatan","11.01.06","Samadua","11.01.06.2009","Gunung Cut"
"11","Aceh","11.01","Kabupaten Aceh Selatan","11.01.06","Samadua","11.01.06.2010","Alur Pinang"
"11","Aceh","11.01","Kabupaten Aceh Selatan","11.01.06","Samadua","11.01.06.2011","Kuta Blang"
"11","Aceh","11.01","Kabupaten Aceh Selatan","11.01.06","Samadua","11.01.06.2012","Batee Tunggai"
"11","Aceh","11.01","Kabupaten Aceh Selatan","11.01.06","Samadua","11.01.06.2013","Ujung Tanah"
"11","Aceh","11.01","Kabupaten Aceh Selatan","11.01.06","Samadua","11.01.06.2014","Ujung Kampung"
"11","Aceh","11.01","Kabupaten Aceh Selatan","11.01.06","Samadua","11.01.06.2015","Jilatang"
"11","Aceh","11.01","Kabupaten Aceh Selatan","11.01.06","Samadua","11.01.06.2016","Luar"
"11","Aceh","11.01","Kabupaten Aceh Selatan","11.01.06","Samadua","11.01.06.2017","Lubuk Layu"
"11","Aceh","11.01","Kabupaten Aceh Selatan","11.01.06","Samadua","11.01.06.2018","Suaq Hulu"
"11","Aceh","11.01","Kabupaten Aceh Selatan","11.01.06","Samadua","11.01.06.2019","Tampang"
"11","Aceh","11.01","Kabupaten Aceh Selatan","11.01.06","Samadua","11.01.06.2020","Payonan Gadang"
"11","Aceh","11.01","Kabupaten Aceh Selatan","11.01.06","Samadua","11.01.06.2021","Gadang"
"11","Aceh","11.01","Kabupaten Aceh Selatan","11.01.06","Samadua","11.01.06.2022","Baru"
"11","Aceh","11.01","Kabupaten Aceh Selatan","11.01.06","Samadua","11.01.06.2023","Ladang Kasik Putih"
"11","Aceh","11.01","Kabupaten Aceh Selatan","11.01.06","Samadua","11.01.06.2024","Air Sialang Hilir"
"11","Aceh","11.01","Kabupaten Aceh Selatan","11.01.06","Samadua","11.01.06.2025","Air Sialang Hulu"
"11","Aceh","11.01","Kabupaten Aceh Selatan","11.01.06","Samadua","11.01.06.2026","Air Sialang Tengah"
"11","Aceh","11.01","Kabupaten Aceh Selatan","11.01.06","Samadua","11.01.06.2027","Balai"
"11","Aceh","11.01","Kabupaten Aceh Selatan","11.01.06","Samadua","11.01.06.2028","Arafah"
"11","Aceh","11.01","Kabupaten Aceh Selatan","11.01.07","Sawang","11.01.07.2001","Sikulat"
"11","Aceh","11.01","Kabupaten Aceh Selatan","11.01.07","Sawang","11.01.07.2002","Sawang I"
"11","Aceh","11.01","Kabupaten Aceh Selatan","11.01.07","Sawang","11.01.07.2003","Meuligo"
"11","Aceh","11.01","Kabupaten Aceh Selatan","11.01.07","Sawang","11.01.07.2004","Lhok Pawoh"
"11","Aceh","11.01","Kabupaten Aceh Selatan","11.01.07","Sawang","11.01.07.2005","Sawang II"
"11","Aceh","11.01","Kabupaten Aceh Selatan","11.01.07","Sawang","11.01.07.2006","Ujung Karang"
"11","Aceh","11.01","Kabupaten Aceh Selatan","11.01.07","Sawang","11.01.07.2007","Trieng Meuduro Baroh"
"11","Aceh","11.01","Kabupaten Aceh Selatan","11.01.07","Sawang","11.01.07.2008","Trieng Meuduro Tunong"
"11","Aceh","11.01","Kabupaten Aceh Selatan","11.01.07","Sawang","11.01.07.2009","Panton Luas"
"11","Aceh","11.01","Kabupaten Aceh Selatan","11.01.07","Sawang","11.01.07.2010","Simpang Tiga"
"11","Aceh","11.01","Kabupaten Aceh Selatan","11.01.07","Sawang","11.01.07.2011","Kuta Baro"
"11","Aceh","11.01","Kabupaten Aceh Selatan","11.01.07","Sawang","11.01.07.2012","Blang Geulinggang"
"11","Aceh","11.01","Kabupaten Aceh Selatan","11.01.07","Sawang","11.01.07.2013","Mutiara"
"11","Aceh","11.01","Kabupaten Aceh Selatan","11.01.07","Sawang","11.01.07.2014","Ujung Padang"
"11","Aceh","11.01","Kabupaten Aceh Selatan","11.01.07","Sawang","11.01.07.2015","Sawang Ba'u"
"11","Aceh","11.01","Kabupaten Aceh Selatan","11.01.08","Tapaktuan","11.01.08.2001","Lhok Keutapang"
"11","Aceh","11.01","Kabupaten Aceh Selatan","11.01.08","Tapaktuan","11.01.08.2002","Hilir"
"11","Aceh","11.01","Kabupaten Aceh Selatan","11.01.08","Tapaktuan","11.01.08.2003","Padang"
"11","Aceh","11.01","Kabupaten Aceh Selatan","11.01.08","Tapaktuan","11.01.08.2004","Hulu"
"11","Aceh","11.01","Kabupaten Aceh Selatan","11.01.08","Tapaktuan","11.01.08.2005","Jambo Apha"
"11","Aceh","11.01","Kabupaten Aceh Selatan","11.01.08","Tapaktuan","11.01.08.2006","Tepi Air"
"11","Aceh","11.01","Kabupaten Aceh Selatan","11.01.08","Tapaktuan","11.01.08.2007","Pasar"
"11","Aceh","11.01","Kabupaten Aceh Selatan","11.01.08","Tapaktuan","11.01.08.2008","Lhok Bengkuang"
"11","Aceh","11.01","Kabupaten Aceh Selatan","11.01.08","Tapaktuan","11.01.08.2009","Panton Luas"
"11","Aceh","11.01","Kabupaten Aceh Selatan","11.01.08","Tapaktuan","11.01.08.2010","Gunung Kerambil"
"11","Aceh","11.01","Kabupaten Aceh Selatan","11.01.08","Tapaktuan","11.01.08.2011","Air Berudang"
"11","Aceh","11.01","Kabupaten Aceh Selatan","11.01.08","Tapaktuan","11.01.08.2012","Batu Itam"
"11","Aceh","11.01","Kabupaten Aceh Selatan","11.01.08","Tapaktuan","11.01.08.2013","Panjupian"
"11","Aceh","11.01","Kabupaten Aceh Selatan","11.01.08","Tapaktuan","11.01.08.2014","Lhok Rukam"
"11","Aceh","11.01","Kabupaten Aceh Selatan","11.01.08","Tapaktuan","11.01.08.2015","Air Pinang"
"11","Aceh","11.01","Kabupaten Aceh Selatan","11.01.08","Tapaktuan","11.01.08.2016","Lhok Bengkuang Timur"
"11","Aceh","11.01","Kabupaten Aceh Selatan","11.01.09","Trumon","11.01.09.2001","Keude Trumon"
"11","Aceh","11.01","Kabupaten Aceh Selatan","11.01.09","Trumon","11.01.09.2002","Ujong Tanoh"
"11","Aceh","11.01","Kabupaten Aceh Selatan","11.01.09","Trumon","11.01.09.2003","Sigleng"
"11","Aceh","11.01","Kabupaten Aceh Selatan","11.01.09","Trumon","11.01.09.2004","Ie Meudama"
"11","Aceh","11.01","Kabupaten Aceh Selatan","11.01.09","Trumon","11.01.09.2005","Teupin Tinggi"
"11","Aceh","11.01","Kabupaten Aceh Selatan","11.01.09","Trumon","11.01.09.2006","Kuta Baro"
"11","Aceh","11.01","Kabupaten Aceh Selatan","11.01.09","Trumon","11.01.09.2007","Panton Bilie"
"11","Aceh","11.01","Kabupaten Aceh Selatan","11.01.09","Trumon","11.01.09.2012","Kuta Padang"
"11","Aceh","11.01","Kabupaten Aceh Selatan","11.01.09","Trumon","11.01.09.2013","Raket"
"11","Aceh","11.01","Kabupaten Aceh Selatan","11.01.09","Trumon","11.01.09.2014","Gampong Teungoh"
"11","Aceh","11.01","Kabupaten Aceh Selatan","11.01.09","Trumon","11.01.09.2015","Seuneubok Jaya"
"11","Aceh","11.01","Kabupaten Aceh Selatan","11.01.09","Trumon","11.01.09.2016","Padang Harapan"
"11","Aceh","11.01","Kabupaten Aceh Selatan","11.01.10","Pasie Raja","11.01.10.2001","Ladang Teungoh"
"11","Aceh","11.01","Kabupaten Aceh Selatan","11.01.10","Pasie Raja","11.01.10.2002","Pucok Krueng"
"11","Aceh","11.01","Kabupaten Aceh Selatan","11.01.10","Pasie Raja","11.01.10.2003","Silolo"
"11","Aceh","11.01","Kabupaten Aceh Selatan","11.01.10","Pasie Raja","11.01.10.2004","Kampung Baru"
"11","Aceh","11.01","Kabupaten Aceh Selatan","11.01.10","Pasie Raja","11.01.10.2005","Panton Bili"
"11","Aceh","11.01","Kabupaten Aceh Selatan","11.01.10","Pasie Raja","11.01.10.2006","Paya Ateuk"
"11","Aceh","11.01","Kabupaten Aceh Selatan","11.01.10","Pasie Raja","11.01.10.2007","Ladang Tuha"
"11","Aceh","11.01","Kabupaten Aceh Selatan","11.01.10","Pasie Raja","11.01.10.2008","Mata Ie"
"11","Aceh","11.01","Kabupaten Aceh Selatan","11.01.10","Pasie Raja","11.01.10.2009","Ujong Batee"
"11","Aceh","11.01","Kabupaten Aceh Selatan","11.01.10","Pasie Raja","11.01.10.2010","Lhok Sialang Cut"
"11","Aceh","11.01","Kabupaten Aceh Selatan","11.01.10","Pasie Raja","11.01.10.2011","Seuneubok"
"11","Aceh","11.01","Kabupaten Aceh Selatan","11.01.10","Pasie Raja","11.01.10.2012","Ie Mirah"
"11","Aceh","11.01","Kabupaten Aceh Selatan","11.01.10","Pasie Raja","11.01.10.2013","Pasie Rasian"
"11","Aceh","11.01","Kabupaten Aceh Selatan","11.01.10","Pasie Raja","11.01.10.2014","Ujung Padang Rasian"
"11","Aceh","11.01","Kabupaten Aceh Selatan","11.01.10","Pasie Raja","11.01.10.2015","Krueng Kalee"
"11","Aceh","11.01","Kabupaten Aceh Selatan","11.01.10","Pasie Raja","11.01.10.2016","Lhok Sialang Rayeuk"
"11","Aceh","11.01","Kabupaten Aceh Selatan","11.01.10","Pasie Raja","11.01.10.2017","Gampong Baro"
"11","Aceh","11.01","Kabupaten Aceh Selatan","11.01.10","Pasie Raja","11.01.10.2018","Teupin Gajah"
"11","Aceh","11.01","Kabupaten Aceh Selatan","11.01.10","Pasie Raja","11.01.10.2019","Ujung Padang Asahan"
"11","Aceh","11.01","Kabupaten Aceh Selatan","11.01.10","Pasie Raja","11.01.10.2020","Pulo Ie II"
"11","Aceh","11.01","Kabupaten Aceh Selatan","11.01.10","Pasie Raja","11.01.10.2021","Pante Raja"
"11","Aceh","11.01","Kabupaten Aceh Selatan","11.01.11","Labuhanhaji Timur","11.01.11.2001","Tengah Peulumat"
"11","Aceh","11.01","Kabupaten Aceh Selatan","11.01.11","Labuhanhaji Timur","11.01.11.2002","Paya Peulumat"
"11","Aceh","11.01","Kabupaten Aceh Selatan","11.01.11","Labuhanhaji Timur","11.01.11.2003","Padang Peulumat"
"11","Aceh","11.01","Kabupaten Aceh Selatan","11.01.11","Labuhanhaji Timur","11.01.11.2004","Aur Peulumat"
"11","Aceh","11.01","Kabupaten Aceh Selatan","11.01.11","Labuhanhaji Timur","11.01.11.2005","Limau Saring"
"11","Aceh","11.01","Kabupaten Aceh Selatan","11.01.11","Labuhanhaji Timur","11.01.11.2006","Beutong"
"11","Aceh","11.01","Kabupaten Aceh Selatan","11.01.11","Labuhanhaji Timur","11.01.11.2007","Peuneulop"
"11","Aceh","11.01","Kabupaten Aceh Selatan","11.01.11","Labuhanhaji Timur","11.01.11.2008","Gunung Rotan"
"11","Aceh","11.01","Kabupaten Aceh Selatan","11.01.11","Labuhanhaji Timur","11.01.11.2009","Keumumu Hilir"
"11","Aceh","11.01","Kabupaten Aceh Selatan","11.01.11","Labuhanhaji Timur","11.01.11.2010","Keumumu Hulu"
"11","Aceh","11.01","Kabupaten Aceh Selatan","11.01.11","Labuhanhaji Timur","11.01.11.2011","Keumumu Seberang"
"11","Aceh","11.01","Kabupaten Aceh Selatan","11.01.11","Labuhanhaji Timur","11.01.11.2012","Sawang Indah"
"11","Aceh","11.01","Kabupaten Aceh Selatan","11.01.12","Labuhanhaji Barat","11.01.12.2001","Tutong"
"11","Aceh","11.01","Kabupaten Aceh Selatan","11.01.12","Labuhanhaji Barat","11.01.12.2002","Teungoh Iboh"
"11","Aceh","11.01","Kabupaten Aceh Selatan","11.01.12","Labuhanhaji Barat","11.01.12.2003","Peulokan"
"11","Aceh","11.01","Kabupaten Aceh Selatan","11.01.12","Labuhanhaji Barat","11.01.12.2004","Kuta Iboh"
"11","Aceh","11.01","Kabupaten Aceh Selatan","11.01.12","Labuhanhaji Barat","11.01.12.2005","Ujung Padang"
"11","Aceh","11.01","Kabupaten Aceh Selatan","11.01.12","Labuhanhaji Barat","11.01.12.2006","Blang Baru"
"11","Aceh","11.01","Kabupaten Aceh Selatan","11.01.12","Labuhanhaji Barat","11.01.12.2007","Blang Poroh"
"11","Aceh","11.01","Kabupaten Aceh Selatan","11.01.12","Labuhanhaji Barat","11.01.12.2008","Pulo Ie"
"11","Aceh","11.01","Kabupaten Aceh Selatan","11.01.12","Labuhanhaji Barat","11.01.12.2009","Suak Lokan"
"11","Aceh","11.01","Kabupaten Aceh Selatan","11.01.12","Labuhanhaji Barat","11.01.12.2010","Iku Lhueng"
"11","Aceh","11.01","Kabupaten Aceh Selatan","11.01.12","Labuhanhaji Barat","11.01.12.2011","Kuta Trieng"
"11","Aceh","11.01","Kabupaten Aceh Selatan","11.01.12","Labuhanhaji Barat","11.01.12.2012","Pante Geulima"
"11","Aceh","11.01","Kabupaten Aceh Selatan","11.01.12","Labuhanhaji Barat","11.01.12.2013","Panton Pawoh"
"11","Aceh","11.01","Kabupaten Aceh Selatan","11.01.12","Labuhanhaji Barat","11.01.12.2014","Batee Meucanang"
"11","Aceh","11.01","Kabupaten Aceh Selatan","11.01.12","Labuhanhaji Barat","11.01.12.2015","Panton Rubek"
"11","Aceh","11.01","Kabupaten Aceh Selatan","11.01.13","Kluet Tengah","11.01.13.2001","Koto"
"11","Aceh","11.01","Kabupaten Aceh Selatan","11.01.13","Kluet Tengah","11.01.13.2002","Alur Keujrun"
"11","Aceh","11.01","Kabupaten Aceh Selatan","11.01.13","Kluet Tengah","11.01.13.2003","Jambo Papan"
"11","Aceh","11.01","Kabupaten Aceh Selatan","11.01.13","Kluet Tengah","11.01.13.2004","Malaka"
"11","Aceh","11.01","Kabupaten Aceh Selatan","11.01.13","Kluet Tengah","11.01.13.2005","Koto Indarung"
"11","Aceh","11.01","Kabupaten Aceh Selatan","11.01.13","Kluet Tengah","11.01.13.2006","Siurai-Urai"
"11","Aceh","11.01","Kabupaten Aceh Selatan","11.01.13","Kluet Tengah","11.01.13.2007","Kampung Sawah"
"11","Aceh","11.01","Kabupaten Aceh Selatan","11.01.13","Kluet Tengah","11.01.13.2008","Kampung Padang"
"11","Aceh","11.01","Kabupaten Aceh Selatan","11.01.13","Kluet Tengah","11.01.13.2009","Pulo Air"
"11","Aceh","11.01","Kabupaten Aceh Selatan","11.01.13","Kluet Tengah","11.01.13.2010","Lawe Melang"
"11","Aceh","11.01","Kabupaten Aceh Selatan","11.01.13","Kluet Tengah","11.01.13.2011","Mersak"
"11","Aceh","11.01","Kabupaten Aceh Selatan","11.01.13","Kluet Tengah","11.01.13.2012","Simpang Dua"
"11","Aceh","11.01","Kabupaten Aceh Selatan","11.01.13","Kluet Tengah","11.01.13.2013","Simpang Tiga"
"11","Aceh","11.01","Kabupaten Aceh Selatan","11.01.14","Kluet Timur","11.01.14.2001","Paya Dapur"
"11","Aceh","11.01","Kabupaten Aceh Selatan","11.01.14","Kluet Timur","11.01.14.2002","Sapik"
"11","Aceh","11.01","Kabupaten Aceh Selatan","11.01.14","Kluet Timur","11.01.14.2003","Alai"
"11","Aceh","11.01","Kabupaten Aceh Selatan","11.01.14","Kluet Timur","11.01.14.2004","Durian Kawan"
"11","Aceh","11.01","Kabupaten Aceh Selatan","11.01.14","Kluet Timur","11.01.14.2005","Lawe Sawah"
"11","Aceh","11.01","Kabupaten Aceh Selatan","11.01.14","Kluet Timur","11.01.14.2006","Lawe Buluh Didi"
"11","Aceh","11.01","Kabupaten Aceh Selatan","11.01.14","Kluet Timur","11.01.14.2007","Pucuk Lembang"
"11","Aceh","11.01","Kabupaten Aceh Selatan","11.01.14","Kluet Timur","11.01.14.2008","Paya Laba"
"11","Aceh","11.01","Kabupaten Aceh Selatan","11.01.14","Kluet Timur","11.01.14.2009","Lawe Cimanok"
"11","Aceh","11.01","Kabupaten Aceh Selatan","11.01.15","Bakongan Timur","11.01.15.2001","Pasie Seubadeh"
"11","Aceh","11.01","Kabupaten Aceh Selatan","11.01.15","Bakongan Timur","11.01.15.2002","Ladang Rimba"
"11","Aceh","11.01","Kabupaten Aceh Selatan","11.01.15","Bakongan Timur","11.01.15.2003","Ujong Pulo Rayeuk"
"11","Aceh","11.01","Kabupaten Aceh Selatan","11.01.15","Bakongan Timur","11.01.15.2004","Sawah Tingkeum"
"11","Aceh","11.01","Kabupaten Aceh Selatan","11.01.15","Bakongan Timur","11.01.15.2005","Simpang"
"11","Aceh","11.01","Kabupaten Aceh Selatan","11.01.15","Bakongan Timur","11.01.15.2006","Ujong Pulo Cut"
"11","Aceh","11.01","Kabupaten Aceh Selatan","11.01.15","Bakongan Timur","11.01.15.2008","Seuleukat"
"11","Aceh","11.01","Kabupaten Aceh Selatan","11.01.16","Trumon Timur","11.01.16.2005","Pinto Rimba"
"11","Aceh","11.01","Kabupaten Aceh Selatan","11.01.16","Trumon Timur","11.01.16.2006","Krueng Luas"
"11","Aceh","11.01","Kabupaten Aceh Selatan","11.01.16","Trumon Timur","11.01.16.2007","Jambo Dalem"
"11","Aceh","11.01","Kabupaten Aceh Selatan","11.01.16","Trumon Timur","11.01.16.2008","Kapa Sesak"
"11","Aceh","11.01","Kabupaten Aceh Selatan","11.01.16","Trumon Timur","11.01.16.2009","Seuneubok Punto"
"11","Aceh","11.01","Kabupaten Aceh Selatan","11.01.16","Trumon Timur","11.01.16.2010","Seuneubok Pusaka"
"11","Aceh","11.01","Kabupaten Aceh Selatan","11.01.16","Trumon Timur","11.01.16.2011","Alur Bujok"
"11","Aceh","11.01","Kabupaten Aceh Selatan","11.01.16","Trumon Timur","11.01.16.2012","Titi Poben"
"11","Aceh","11.01","Kabupaten Aceh Selatan","11.01.17","Kota Bahagia","11.01.17.2001","Buket Gadeng"
"11","Aceh","11.01","Kabupaten Aceh Selatan","11.01.17","Kota Bahagia","11.01.17.2002","Rambong"
"11","Aceh","11.01","Kabupaten Aceh Selatan","11.01.17","Kota Bahagia","11.01.17.2003","Seuneubok Keuranji"
"11","Aceh","11.01","Kabupaten Aceh Selatan","11.01.17","Kota Bahagia","11.01.17.2004","Seuneubok Alur Buloh"
"11","Aceh","11.01","Kabupaten Aceh Selatan","11.01.17","Kota Bahagia","11.01.17.2005","Ujong Tanoh"
"11","Aceh","11.01","Kabupaten Aceh Selatan","11.01.17","Kota Bahagia","11.01.17.2006","Ujong Gunong Cut"
"11","Aceh","11.01","Kabupaten Aceh Selatan","11.01.17","Kota Bahagia","11.01.17.2007","Ujong Gunung Rayeuk"
"11","Aceh","11.01","Kabupaten Aceh Selatan","11.01.17","Kota Bahagia","11.01.17.2008","Beutong"
"11","Aceh","11.01","Kabupaten Aceh Selatan","11.01.17","Kota Bahagia","11.01.17.2009","Jambo Keupok"
"11","Aceh","11.01","Kabupaten Aceh Selatan","11.01.17","Kota Bahagia","11.01.17.2010","Alurduamas"
"11","Aceh","11.01","Kabupaten Aceh Selatan","11.01.18","Trumon Tengah","11.01.18.2001","Ladang Rimba"
"11","Aceh","11.01","Kabupaten Aceh Selatan","11.01.18","Trumon Tengah","11.01.18.2002","Gunong Kapho"
"11","Aceh","11.01","Kabupaten Aceh Selatan","11.01.18","Trumon Tengah","11.01.18.2003","Kampong Teungoh"
"11","Aceh","11.01","Kabupaten Aceh Selatan","11.01.18","Trumon Tengah","11.01.18.2004","Krueng Batee"
"11","Aceh","11.01","Kabupaten Aceh Selatan","11.01.18","Trumon Tengah","11.01.18.2005","Pulo Paya"
"11","Aceh","11.01","Kabupaten Aceh Selatan","11.01.18","Trumon Tengah","11.01.18.2006","Jambo Papeun"
"11","Aceh","11.01","Kabupaten Aceh Selatan","11.01.18","Trumon Tengah","11.01.18.2007","Cot Bayu"
"11","Aceh","11.01","Kabupaten Aceh Selatan","11.01.18","Trumon Tengah","11.01.18.2008","Naca"
"11","Aceh","11.01","Kabupaten Aceh Selatan","11.01.18","Trumon Tengah","11.01.18.2009","Ie Jeureuneh"
"11","Aceh","11.01","Kabupaten Aceh Selatan","11.01.18","Trumon Tengah","11.01.18.2010","Lhok Raya"
"11","Aceh","11.02","Kabupaten Aceh Tenggara","11.02.01","Lawe Alas","11.02.01.2001","Engkeran"
"11","Aceh","11.02","Kabupaten Aceh Tenggara","11.02.01","Lawe Alas","11.02.01.2002","Rumah Kampung"
"11","Aceh","11.02","Kabupaten Aceh Tenggara","11.02.01","Lawe Alas","11.02.01.2004","Pasir Bangun"
"11","Aceh","11.02","Kabupaten Aceh Tenggara","11.02.01","Lawe Alas","11.02.01.2006","Kubu"
"11","Aceh","11.02","Kabupaten Aceh Tenggara","11.02.01","Lawe Alas","11.02.01.2007","Lawe Kongker"
"11","Aceh","11.02","Kabupaten Aceh Tenggara","11.02.01","Lawe Alas","11.02.01.2008","Kuta Cingkam II"
"11","Aceh","11.02","Kabupaten Aceh Tenggara","11.02.01","Lawe Alas","11.02.01.2009","Muara Baru"
"11","Aceh","11.02","Kabupaten Aceh Tenggara","11.02.01","Lawe Alas","11.02.01.2011","Kuta Batu I"
"11","Aceh","11.02","Kabupaten Aceh Tenggara","11.02.01","Lawe Alas","11.02.01.2012","Kuta Cingkam I"
"11","Aceh","11.02","Kabupaten Aceh Tenggara","11.02.01","Lawe Alas","11.02.01.2013","Kuta Batu II"
"11","Aceh","11.02","Kabupaten Aceh Tenggara","11.02.01","Lawe Alas","11.02.01.2014","Lawe Sempilang"
"11","Aceh","11.02","Kabupaten Aceh Tenggara","11.02.01","Lawe Alas","11.02.01.2015","Prapat Batu Nunggul"
"11","Aceh","11.02","Kabupaten Aceh Tenggara","11.02.01","Lawe Alas","11.02.01.2016","Pulo Sepang"
"11","Aceh","11.02","Kabupaten Aceh Tenggara","11.02.01","Lawe Alas","11.02.01.2017","Rih Mbelang"
"11","Aceh","11.02","Kabupaten Aceh Tenggara","11.02.01","Lawe Alas","11.02.01.2018","Kute Batu Baru"
"11","Aceh","11.02","Kabupaten Aceh Tenggara","11.02.01","Lawe Alas","11.02.01.2019","Darul Amin"
"11","Aceh","11.02","Kabupaten Aceh Tenggara","11.02.01","Lawe Alas","11.02.01.2020","Lawe Lubang Indah"
"11","Aceh","11.02","Kabupaten Aceh Tenggara","11.02.01","Lawe Alas","11.02.01.2021","Batu Hamparan"
"11","Aceh","11.02","Kabupaten Aceh Tenggara","11.02.01","Lawe Alas","11.02.01.2022","Paye Munje"
"11","Aceh","11.02","Kabupaten Aceh Tenggara","11.02.01","Lawe Alas","11.02.01.2023","Pulo Ndadap"
"11","Aceh","11.02","Kabupaten Aceh Tenggara","11.02.01","Lawe Alas","11.02.01.2024","Pasir Nunggul"
"11","Aceh","11.02","Kabupaten Aceh Tenggara","11.02.01","Lawe Alas","11.02.01.2025","Cingkham Mekhanggun"
"11","Aceh","11.02","Kabupaten Aceh Tenggara","11.02.01","Lawe Alas","11.02.01.2026","Pintu Khimbe"
"11","Aceh","11.02","Kabupaten Aceh Tenggara","11.02.01","Lawe Alas","11.02.01.2027","Lawe Kongker Hilir"
"11","Aceh","11.02","Kabupaten Aceh Tenggara","11.02.01","Lawe Alas","11.02.01.2028","Pulo Gadung"
"11","Aceh","11.02","Kabupaten Aceh Tenggara","11.02.01","Lawe Alas","11.02.01.2029","Pasikh Pehkmate"
"11","Aceh","11.02","Kabupaten Aceh Tenggara","11.02.01","Lawe Alas","11.02.01.2030","Pasikh Nunang"
"11","Aceh","11.02","Kabupaten Aceh Tenggara","11.02.01","Lawe Alas","11.02.01.2031","Deleng Kukusen"
"11","Aceh","11.02","Kabupaten Aceh Tenggara","11.02.02","Lawe Sigala-Gala","11.02.02.2001","Bukit Merdeka"
"11","Aceh","11.02","Kabupaten Aceh Tenggara","11.02.02","Lawe Sigala-Gala","11.02.02.2002","Darul Aman"
"11","Aceh","11.02","Kabupaten Aceh Tenggara","11.02.02","Lawe Sigala-Gala","11.02.02.2003","Lawe Kesumpat"
"11","Aceh","11.02","Kabupaten Aceh Tenggara","11.02.02","Lawe Sigala-Gala","11.02.02.2004","Lawe Tua Gabungan"
"11","Aceh","11.02","Kabupaten Aceh Tenggara","11.02.02","Lawe Sigala-Gala","11.02.02.2005","Lawe Sigala II"
"11","Aceh","11.02","Kabupaten Aceh Tenggara","11.02.02","Lawe Sigala-Gala","11.02.02.2006","Lawe Sigala Timur"
"11","Aceh","11.02","Kabupaten Aceh Tenggara","11.02.02","Lawe Sigala-Gala","11.02.02.2007","Lawe Sigala Barat"
"11","Aceh","11.02","Kabupaten Aceh Tenggara","11.02.02","Lawe Sigala-Gala","11.02.02.2008","Suka Damai"
"11","Aceh","11.02","Kabupaten Aceh Tenggara","11.02.02","Lawe Sigala-Gala","11.02.02.2009","Kute Tengah"
"11","Aceh","11.02","Kabupaten Aceh Tenggara","11.02.02","Lawe Sigala-Gala","11.02.02.2010","Tanah Baru"
"11","Aceh","11.02","Kabupaten Aceh Tenggara","11.02.02","Lawe Sigala-Gala","11.02.02.2011","Kedataran Gabungan"
"11","Aceh","11.02","Kabupaten Aceh Tenggara","11.02.02","Lawe Sigala-Gala","11.02.02.2012","Gabungan Parsaroan"
"11","Aceh","11.02","Kabupaten Aceh Tenggara","11.02.02","Lawe Sigala-Gala","11.02.02.2013","Lawe Loning Gabungan"
"11","Aceh","11.02","Kabupaten Aceh Tenggara","11.02.02","Lawe Sigala-Gala","11.02.02.2014","Lawe Loning Aman"
"11","Aceh","11.02","Kabupaten Aceh Tenggara","11.02.02","Lawe Sigala-Gala","11.02.02.2015","Suka Maju"
"11","Aceh","11.02","Kabupaten Aceh Tenggara","11.02.02","Lawe Sigala-Gala","11.02.02.2016","Lawe Tua Makmur"
"11","Aceh","11.02","Kabupaten Aceh Tenggara","11.02.02","Lawe Sigala-Gala","11.02.02.2017","Lawe Tua Persatuan"
"11","Aceh","11.02","Kabupaten Aceh Tenggara","11.02.02","Lawe Sigala-Gala","11.02.02.2018","Lawe Serke"
"11","Aceh","11.02","Kabupaten Aceh Tenggara","11.02.02","Lawe Sigala-Gala","11.02.02.2019","Lawe Rakat"
"11","Aceh","11.02","Kabupaten Aceh Tenggara","11.02.02","Lawe Sigala-Gala","11.02.02.2020","Suka Jaya"
"11","Aceh","11.02","Kabupaten Aceh Tenggara","11.02.02","Lawe Sigala-Gala","11.02.02.2021","Enmiya Batu Dua Ratus"
"11","Aceh","11.02","Kabupaten Aceh Tenggara","11.02.02","Lawe Sigala-Gala","11.02.02.2022","Sebungke"
"11","Aceh","11.02","Kabupaten Aceh Tenggara","11.02.02","Lawe Sigala-Gala","11.02.02.2023","Bukit Sepakat"
"11","Aceh","11.02","Kabupaten Aceh Tenggara","11.02.02","Lawe Sigala-Gala","11.02.02.2024","Lawe Loning Sepakat"
"11","Aceh","11.02","Kabupaten Aceh Tenggara","11.02.02","Lawe Sigala-Gala","11.02.02.2025","Lawe Loning I"
"11","Aceh","11.02","Kabupaten Aceh Tenggara","11.02.02","Lawe Sigala-Gala","11.02.02.2026","Gaya Jaya"
"11","Aceh","11.02","Kabupaten Aceh Tenggara","11.02.02","Lawe Sigala-Gala","11.02.02.2027","Gelah Musara"
"11","Aceh","11.02","Kabupaten Aceh Tenggara","11.02.02","Lawe Sigala-Gala","11.02.02.2028","Mulie Dame"
"11","Aceh","11.02","Kabupaten Aceh Tenggara","11.02.02","Lawe Sigala-Gala","11.02.02.2029","Lawe Loning Hakhapen"
"11","Aceh","11.02","Kabupaten Aceh Tenggara","11.02.02","Lawe Sigala-Gala","11.02.02.2030","Karya Indah"
"11","Aceh","11.02","Kabupaten Aceh Tenggara","11.02.02","Lawe Sigala-Gala","11.02.02.2031","Kayu Mbelin"
"11","Aceh","11.02","Kabupaten Aceh Tenggara","11.02.02","Lawe Sigala-Gala","11.02.02.2032","Lawe Sigala Barat Jaya"
"11","Aceh","11.02","Kabupaten Aceh Tenggara","11.02.02","Lawe Sigala-Gala","11.02.02.2033","Lawe Pekhidinen"
"11","Aceh","11.02","Kabupaten Aceh Tenggara","11.02.02","Lawe Sigala-Gala","11.02.02.2034","Kertimbang"
"11","Aceh","11.02","Kabupaten Aceh Tenggara","11.02.02","Lawe Sigala-Gala","11.02.02.2035","Ndauh Nitenggo"
"11","Aceh","11.02","Kabupaten Aceh Tenggara","11.02.03","Bambel","11.02.03.2001","Bambel Gabungan"
"11","Aceh","11.02","Kabupaten Aceh Tenggara","11.02.03","Bambel","11.02.03.2002","Kuta Buluh"
"11","Aceh","11.02","Kabupaten Aceh Tenggara","11.02.03","Bambel","11.02.03.2005","Lawe Hijo"
"11","Aceh","11.02","Kabupaten Aceh Tenggara","11.02.03","Bambel","11.02.03.2006","Pinding"
"11","Aceh","11.02","Kabupaten Aceh Tenggara","11.02.03","Bambel","11.02.03.2009","Terutung Megara Asli"
"11","Aceh","11.02","Kabupaten Aceh Tenggara","11.02.03","Bambel","11.02.03.2011","Biak Muli"
"11","Aceh","11.02","Kabupaten Aceh Tenggara","11.02.03","Bambel","11.02.03.2012","Kute Lang-Lang"
"11","Aceh","11.02","Kabupaten Aceh Tenggara","11.02.03","Bambel","11.02.03.2013","Pedesi"
"11","Aceh","11.02","Kabupaten Aceh Tenggara","11.02.03","Bambel","11.02.03.2014","Terutung Payung Hulu"
"11","Aceh","11.02","Kabupaten Aceh Tenggara","11.02.03","Bambel","11.02.03.2015","Terutung Payung Hilir"
"11","Aceh","11.02","Kabupaten Aceh Tenggara","11.02.03","Bambel","11.02.03.2016","Tualang Sembilar"
"11","Aceh","11.02","Kabupaten Aceh Tenggara","11.02.03","Bambel","11.02.03.2017","Kuning I"
"11","Aceh","11.02","Kabupaten Aceh Tenggara","11.02.03","Bambel","11.02.03.2018","Kuning II"
"11","Aceh","11.02","Kabupaten Aceh Tenggara","11.02.03","Bambel","11.02.03.2019","Cinta Damai"
"11","Aceh","11.02","Kabupaten Aceh Tenggara","11.02.03","Bambel","11.02.03.2020","Likat"
"11","Aceh","11.02","Kabupaten Aceh Tenggara","11.02.03","Bambel","11.02.03.2021","Rikit"
"11","Aceh","11.02","Kabupaten Aceh Tenggara","11.02.03","Bambel","11.02.03.2023","Bambel"
"11","Aceh","11.02","Kabupaten Aceh Tenggara","11.02.03","Bambel","11.02.03.2025","Lawe Kihing"
"11","Aceh","11.02","Kabupaten Aceh Tenggara","11.02.03","Bambel","11.02.03.2026","Terutung Seperai"
"11","Aceh","11.02","Kabupaten Aceh Tenggara","11.02.03","Bambel","11.02.03.2027","Kute Seri"
"11","Aceh","11.02","Kabupaten Aceh Tenggara","11.02.03","Bambel","11.02.03.2028","Kuta Antara"
"11","Aceh","11.02","Kabupaten Aceh Tenggara","11.02.03","Bambel","11.02.03.2029","Pulo Perengge"
"11","Aceh","11.02","Kabupaten Aceh Tenggara","11.02.03","Bambel","11.02.03.2031","Pulo Kendondong"
"11","Aceh","11.02","Kabupaten Aceh Tenggara","11.02.03","Bambel","11.02.03.2033","Pancakh Iman"
"11","Aceh","11.02","Kabupaten Aceh Tenggara","11.02.03","Bambel","11.02.03.2034","Biak Muli Baru"
"11","Aceh","11.02","Kabupaten Aceh Tenggara","11.02.03","Bambel","11.02.03.2035","Biak Muli Pantai Raja"
"11","Aceh","11.02","Kabupaten Aceh Tenggara","11.02.03","Bambel","11.02.03.2036","Biak Muli Sejahtera"
"11","Aceh","11.02","Kabupaten Aceh Tenggara","11.02.03","Bambel","11.02.03.2037","Lembah Haji"
"11","Aceh","11.02","Kabupaten Aceh Tenggara","11.02.03","Bambel","11.02.03.2038","Terutung Payung Gabungan"
"11","Aceh","11.02","Kabupaten Aceh Tenggara","11.02.03","Bambel","11.02.03.2039","Lawe Hijo Metuah"
"11","Aceh","11.02","Kabupaten Aceh Tenggara","11.02.03","Bambel","11.02.03.2040","Ampera"
"11","Aceh","11.02","Kabupaten Aceh Tenggara","11.02.03","Bambel","11.02.03.2041","Tembilakh Mbakhu"
"11","Aceh","11.02","Kabupaten Aceh Tenggara","11.02.03","Bambel","11.02.03.2042","Kute Lang-Lang Bakhu"
"11","Aceh","11.02","Kabupaten Aceh Tenggara","11.02.04","Babussalam","11.02.04.2001","Kota Kutacane"
"11","Aceh","11.02","Kabupaten Aceh Tenggara","11.02.04","Babussalam","11.02.04.2002","Perapat Hilir"
"11","Aceh","11.02","Kabupaten Aceh Tenggara","11.02.04","Babussalam","11.02.04.2003","Perapat Hulu"
"11","Aceh","11.02","Kabupaten Aceh Tenggara","11.02.04","Babussalam","11.02.04.2004","Muara Lawe Bulan"
"11","Aceh","11.02","Kabupaten Aceh Tenggara","11.02.04","Babussalam","11.02.04.2005","Mbarung"
"11","Aceh","11.02","Kabupaten Aceh Tenggara","11.02.04","Babussalam","11.02.04.2006","Batu Mbulan Asli"
"11","Aceh","11.02","Kabupaten Aceh Tenggara","11.02.04","Babussalam","11.02.04.2007","Batu Mbulan I"
"11","Aceh","11.02","Kabupaten Aceh Tenggara","11.02.04","Babussalam","11.02.04.2008","Batu Mbulan II"
"11","Aceh","11.02","Kabupaten Aceh Tenggara","11.02.04","Babussalam","11.02.04.2009","Kampung Raja"
"11","Aceh","11.02","Kabupaten Aceh Tenggara","11.02.04","Babussalam","11.02.04.2010","Pulonas"
"11","Aceh","11.02","Kabupaten Aceh Tenggara","11.02.04","Babussalam","11.02.04.2011","Kampung Melayu Gabungan"
"11","Aceh","11.02","Kabupaten Aceh Tenggara","11.02.04","Babussalam","11.02.04.2012","Terutung Pedi"
"11","Aceh","11.02","Kabupaten Aceh Tenggara","11.02.04","Babussalam","11.02.04.2013","Kute Rih"
"11","Aceh","11.02","Kabupaten Aceh Tenggara","11.02.04","Babussalam","11.02.04.2014","Gumpang Jaya"
"11","Aceh","11.02","Kabupaten Aceh Tenggara","11.02.04","Babussalam","11.02.04.2015","Pulo Latong"
"11","Aceh","11.02","Kabupaten Aceh Tenggara","11.02.04","Babussalam","11.02.04.2016","Kutacane Lama"
"11","Aceh","11.02","Kabupaten Aceh Tenggara","11.02.04","Babussalam","11.02.04.2017","Batu Mbulan Mbaru"
"11","Aceh","11.02","Kabupaten Aceh Tenggara","11.02.04","Babussalam","11.02.04.2018","Pulo Peding"
"11","Aceh","11.02","Kabupaten Aceh Tenggara","11.02.04","Babussalam","11.02.04.2019","Mendabe"
"11","Aceh","11.02","Kabupaten Aceh Tenggara","11.02.04","Babussalam","11.02.04.2020","Ujung Barat"
"11","Aceh","11.02","Kabupaten Aceh Tenggara","11.02.04","Babussalam","11.02.04.2021","Pekhapat Titi Panjang"
"11","Aceh","11.02","Kabupaten Aceh Tenggara","11.02.04","Babussalam","11.02.04.2022","Pekhapat Sepakat"
"11","Aceh","11.02","Kabupaten Aceh Tenggara","11.02.04","Babussalam","11.02.04.2023","Alas Marancar"
"11","Aceh","11.02","Kabupaten Aceh Tenggara","11.02.04","Babussalam","11.02.04.2024","Batu Mbulan Sepakat"
"11","Aceh","11.02","Kabupaten Aceh Tenggara","11.02.04","Babussalam","11.02.04.2025","Pulo Sanggakh"
"11","Aceh","11.02","Kabupaten Aceh Tenggara","11.02.04","Babussalam","11.02.04.2026","Melayu I"
"11","Aceh","11.02","Kabupaten Aceh Tenggara","11.02.04","Babussalam","11.02.04.2027","Mbarung Datuk Saudane"
"11","Aceh","11.02","Kabupaten Aceh Tenggara","11.02.05","Badar","11.02.05.2005","Salang Alas"
"11","Aceh","11.02","Kabupaten Aceh Tenggara","11.02.05","Badar","11.02.05.2009","Kuta Pasir"
"11","Aceh","11.02","Kabupaten Aceh Tenggara","11.02.05","Badar","11.02.05.2011","Purwodadi"
"11","Aceh","11.02","Kabupaten Aceh Tenggara","11.02.05","Badar","11.02.05.2012","Kuta Tinggi"
"11","Aceh","11.02","Kabupaten Aceh Tenggara","11.02.05","Badar","11.02.05.2013","Kampung Baru"
"11","Aceh","11.02","Kabupaten Aceh Tenggara","11.02.05","Badar","11.02.05.2014","Peranginan"
"11","Aceh","11.02","Kabupaten Aceh Tenggara","11.02.05","Badar","11.02.05.2015","Natam"
"11","Aceh","11.02","Kabupaten Aceh Tenggara","11.02.05","Badar","11.02.05.2025","Kumbang Jaya"
"11","Aceh","11.02","Kabupaten Aceh Tenggara","11.02.05","Badar","11.02.05.2026","Kumbang Indah"
"11","Aceh","11.02","Kabupaten Aceh Tenggara","11.02.05","Badar","11.02.05.2027","Natam Baru"
"11","Aceh","11.02","Kabupaten Aceh Tenggara","11.02.05","Badar","11.02.05.2029","Deleng Megakhe"
"11","Aceh","11.02","Kabupaten Aceh Tenggara","11.02.05","Badar","11.02.05.2030","Lawe Bekung"
"11","Aceh","11.02","Kabupaten Aceh Tenggara","11.02.05","Badar","11.02.05.2031","Lawe Bekung Tampahan"
"11","Aceh","11.02","Kabupaten Aceh Tenggara","11.02.05","Badar","11.02.05.2032","Badar Indah"
"11","Aceh","11.02","Kabupaten Aceh Tenggara","11.02.05","Badar","11.02.05.2033","Batu Mbekhong"
"11","Aceh","11.02","Kabupaten Aceh Tenggara","11.02.05","Badar","11.02.05.2034","Tanah Merah"
"11","Aceh","11.02","Kabupaten Aceh Tenggara","11.02.05","Badar","11.02.05.2035","Tanoh Megakhe"
"11","Aceh","11.02","Kabupaten Aceh Tenggara","11.02.05","Badar","11.02.05.2036","Lawe Sekerah"
"11","Aceh","11.02","Kabupaten Aceh Tenggara","11.02.06","Babul Makmur","11.02.06.2001","Pardomuan II"
"11","Aceh","11.02","Kabupaten Aceh Tenggara","11.02.06","Babul Makmur","11.02.06.2002","Lawe Desky I"
"11","Aceh","11.02","Kabupaten Aceh Tenggara","11.02.06","Babul Makmur","11.02.06.2003","Lawe Desky Sabas"
"11","Aceh","11.02","Kabupaten Aceh Tenggara","11.02.06","Babul Makmur","11.02.06.2004","Pardomuan I"
"11","Aceh","11.02","Kabupaten Aceh Tenggara","11.02.06","Babul Makmur","11.02.06.2005","Cinta Damai"
"11","Aceh","11.02","Kabupaten Aceh Tenggara","11.02.06","Babul Makmur","11.02.06.2006","Lawe Perbunga"
"11","Aceh","11.02","Kabupaten Aceh Tenggara","11.02.06","Babul Makmur","11.02.06.2007","Lawe Desky Tongah"
"11","Aceh","11.02","Kabupaten Aceh Tenggara","11.02.06","Babul Makmur","11.02.06.2008","Kute Bakti"
"11","Aceh","11.02","Kabupaten Aceh Tenggara","11.02.06","Babul Makmur","11.02.06.2010","Muara Situlen"
"11","Aceh","11.02","Kabupaten Aceh Tenggara","11.02.06","Babul Makmur","11.02.06.2011","Sejahtera"
"11","Aceh","11.02","Kabupaten Aceh Tenggara","11.02.06","Babul Makmur","11.02.06.2012","Kute Makmur"
"11","Aceh","11.02","Kabupaten Aceh Tenggara","11.02.06","Babul Makmur","11.02.06.2013","Pardamean"
"11","Aceh","11.02","Kabupaten Aceh Tenggara","11.02.06","Babul Makmur","11.02.06.2014","Lawe Mantik"
"11","Aceh","11.02","Kabupaten Aceh Tenggara","11.02.06","Babul Makmur","11.02.06.2015","Cinta Makmur"
"11","Aceh","11.02","Kabupaten Aceh Tenggara","11.02.06","Babul Makmur","11.02.06.2016","Muara Setia"
"11","Aceh","11.02","Kabupaten Aceh Tenggara","11.02.06","Babul Makmur","11.02.06.2017","Tanoh Alas"
"11","Aceh","11.02","Kabupaten Aceh Tenggara","11.02.06","Babul Makmur","11.02.06.2018","Sejahtera Baru"
"11","Aceh","11.02","Kabupaten Aceh Tenggara","11.02.06","Babul Makmur","11.02.06.2024","Lawe Tawakh"
"11","Aceh","11.02","Kabupaten Aceh Tenggara","11.02.06","Babul Makmur","11.02.06.2025","Sabilussalam"
"11","Aceh","11.02","Kabupaten Aceh Tenggara","11.02.06","Babul Makmur","11.02.06.2026","Lawe Desky Jaya"
"11","Aceh","11.02","Kabupaten Aceh Tenggara","11.02.06","Babul Makmur","11.02.06.2027","Pintu Alas"
"11","Aceh","11.02","Kabupaten Aceh Tenggara","11.02.07","Darul Hasanah","11.02.07.2001","Gulo"
"11","Aceh","11.02","Kabupaten Aceh Tenggara","11.02.07","Darul Hasanah","11.02.07.2002","Pulo Piku"
"11","Aceh","11.02","Kabupaten Aceh Tenggara","11.02.07","Darul Hasanah","11.02.07.2003","Terutung Kute"
"11","Aceh","11.02","Kabupaten Aceh Tenggara","11.02.07","Darul Hasanah","11.02.07.2004","Kute Ujung"
"11","Aceh","11.02","Kabupaten Aceh Tenggara","11.02.07","Darul Hasanah","11.02.07.2005","Lawe Stul"
"11","Aceh","11.02","Kabupaten Aceh Tenggara","11.02.07","Darul Hasanah","11.02.07.2006","Kite Merangun"
"11","Aceh","11.02","Kabupaten Aceh Tenggara","11.02.07","Darul Hasanah","11.02.07.2007","Mamas"
"11","Aceh","11.02","Kabupaten Aceh Tenggara","11.02.07","Darul Hasanah","11.02.07.2008","Tanjung Lama"
"11","Aceh","11.02","Kabupaten Aceh Tenggara","11.02.07","Darul Hasanah","11.02.07.2009","Tanjung Muda"
"11","Aceh","11.02","Kabupaten Aceh Tenggara","11.02.07","Darul Hasanah","11.02.07.2010","Rambung Teldak"
"11","Aceh","11.02","Kabupaten Aceh Tenggara","11.02.07","Darul Hasanah","11.02.07.2011","Tanjung Aman"
"11","Aceh","11.02","Kabupaten Aceh Tenggara","11.02.07","Darul Hasanah","11.02.07.2012","Sri Muda"
"11","Aceh","11.02","Kabupaten Aceh Tenggara","11.02.07","Darul Hasanah","11.02.07.2013","Ujung Baru"
"11","Aceh","11.02","Kabupaten Aceh Tenggara","11.02.07","Darul Hasanah","11.02.07.2014","Kute Rambe"
"11","Aceh","11.02","Kabupaten Aceh Tenggara","11.02.07","Darul Hasanah","11.02.07.2015","Mamas Baru"
"11","Aceh","11.02","Kabupaten Aceh Tenggara","11.02.07","Darul Hasanah","11.02.07.2016","Rambung Jaya"
"11","Aceh","11.02","Kabupaten Aceh Tenggara","11.02.07","Darul Hasanah","11.02.07.2017","Makmur Jaya"
"11","Aceh","11.02","Kabupaten Aceh Tenggara","11.02.07","Darul Hasanah","11.02.07.2018","Darul Makmur"
"11","Aceh","11.02","Kabupaten Aceh Tenggara","11.02.07","Darul Hasanah","11.02.07.2019","Tanjung Bakhu"
"11","Aceh","11.02","Kabupaten Aceh Tenggara","11.02.07","Darul Hasanah","11.02.07.2020","Pulo Gabung"
"11","Aceh","11.02","Kabupaten Aceh Tenggara","11.02.07","Darul Hasanah","11.02.07.2021","Kokhtan Jaya"
"11","Aceh","11.02","Kabupaten Aceh Tenggara","11.02.07","Darul Hasanah","11.02.07.2022","Istiqamah"
"11","Aceh","11.02","Kabupaten Aceh Tenggara","11.02.07","Darul Hasanah","11.02.07.2023","Lawe Mamas Indah"
"11","Aceh","11.02","Kabupaten Aceh Tenggara","11.02.07","Darul Hasanah","11.02.07.2024","Tanjung Leuser"
"11","Aceh","11.02","Kabupaten Aceh Tenggara","11.02.07","Darul Hasanah","11.02.07.2025","Simpang IV Tanjung"
"11","Aceh","11.02","Kabupaten Aceh Tenggara","11.02.07","Darul Hasanah","11.02.07.2026","Lawe Pinis"
"11","Aceh","11.02","Kabupaten Aceh Tenggara","11.02.07","Darul Hasanah","11.02.07.2027","Buntul Kendawi"
"11","Aceh","11.02","Kabupaten Aceh Tenggara","11.02.07","Darul Hasanah","11.02.07.2028","Kuning Abadi"
"11","Aceh","11.02","Kabupaten Aceh Tenggara","11.02.08","Lawe Bulan","11.02.08.2001","Pasir Gala"
"11","Aceh","11.02","Kabupaten Aceh Tenggara","11.02.08","Lawe Bulan","11.02.08.2002","Pasir Penjengakan"
"11","Aceh","11.02","Kabupaten Aceh Tenggara","11.02.08","Lawe Bulan","11.02.08.2003","Kutambaru"
"11","Aceh","11.02","Kabupaten Aceh Tenggara","11.02.08","Lawe Bulan","11.02.08.2004","Lawe Sagu Hulu"
"11","Aceh","11.02","Kabupaten Aceh Tenggara","11.02.08","Lawe Bulan","11.02.08.2005","Lawe Sagu Hilir"
"11","Aceh","11.02","Kabupaten Aceh Tenggara","11.02.08","Lawe Bulan","11.02.08.2006","Kute Bantil"
"11","Aceh","11.02","Kabupaten Aceh Tenggara","11.02.08","Lawe Bulan","11.02.08.2011","Lawe Kolok"
"11","Aceh","11.02","Kabupaten Aceh Tenggara","11.02.08","Lawe Bulan","11.02.08.2012","Lawe Rutung"
"11","Aceh","11.02","Kabupaten Aceh Tenggara","11.02.08","Lawe Bulan","11.02.08.2013","Kampung Nangka"
"11","Aceh","11.02","Kabupaten Aceh Tenggara","11.02.08","Lawe Bulan","11.02.08.2014","Tenembak Juhar"
"11","Aceh","11.02","Kabupaten Aceh Tenggara","11.02.08","Lawe Bulan","11.02.08.2015","Simpang Empat"
"11","Aceh","11.02","Kabupaten Aceh Tenggara","11.02.08","Lawe Bulan","11.02.08.2016","Kuta Buluh Botong"
"11","Aceh","11.02","Kabupaten Aceh Tenggara","11.02.08","Lawe Bulan","11.02.08.2017","Katambaru Becawan"
"11","Aceh","11.02","Kabupaten Aceh Tenggara","11.02.08","Lawe Bulan","11.02.08.2018","Lawe Kinge"
"11","Aceh","11.02","Kabupaten Aceh Tenggara","11.02.08","Lawe Bulan","11.02.08.2019","Kandang Mbelang Mandiri"
"11","Aceh","11.02","Kabupaten Aceh Tenggara","11.02.08","Lawe Bulan","11.02.08.2020","Mbacang Racun"
"11","Aceh","11.02","Kabupaten Aceh Tenggara","11.02.08","Lawe Bulan","11.02.08.2021","Telaga Mekar"
"11","Aceh","11.02","Kabupaten Aceh Tenggara","11.02.08","Lawe Bulan","11.02.08.2023","Pulonas Baru"
"11","Aceh","11.02","Kabupaten Aceh Tenggara","11.02.08","Lawe Bulan","11.02.08.2025","Kuta Genting"
"11","Aceh","11.02","Kabupaten Aceh Tenggara","11.02.08","Lawe Bulan","11.02.08.2026","Pangguh"
"11","Aceh","11.02","Kabupaten Aceh Tenggara","11.02.08","Lawe Bulan","11.02.08.2027","Lawe Sagu"
"11","Aceh","11.02","Kabupaten Aceh Tenggara","11.02.08","Lawe Bulan","11.02.08.2028","Pekhapet Timur"
"11","Aceh","11.02","Kabupaten Aceh Tenggara","11.02.08","Lawe Bulan","11.02.08.2029","Bahagia"
"11","Aceh","11.02","Kabupaten Aceh Tenggara","11.02.08","Lawe Bulan","11.02.08.2030","Kute Galuh Asli"
"11","Aceh","11.02","Kabupaten Aceh Tenggara","11.02.09","Bukit Tusam","11.02.09.2001","Kute Lengat Pangan"
"11","Aceh","11.02","Kabupaten Aceh Tenggara","11.02.09","Bukit Tusam","11.02.09.2002","Kute Lengat Selian"
"11","Aceh","11.02","Kabupaten Aceh Tenggara","11.02.09","Bukit Tusam","11.02.09.2003","Tualang Baru"
"11","Aceh","11.02","Kabupaten Aceh Tenggara","11.02.09","Bukit Tusam","11.02.09.2004","Alur Buluh"
"11","Aceh","11.02","Kabupaten Aceh Tenggara","11.02.09","Bukit Tusam","11.02.09.2005","Maha Singkil"
"11","Aceh","11.02","Kabupaten Aceh Tenggara","11.02.09","Bukit Tusam","11.02.09.2006","Tenembak Bintang"
"11","Aceh","11.02","Kabupaten Aceh Tenggara","11.02.09","Bukit Tusam","11.02.09.2007","Kute Lingga"
"11","Aceh","11.02","Kabupaten Aceh Tenggara","11.02.09","Bukit Tusam","11.02.09.2008","Rikit Bur"
"11","Aceh","11.02","Kabupaten Aceh Tenggara","11.02.09","Bukit Tusam","11.02.09.2010","Kerukunan"
"11","Aceh","11.02","Kabupaten Aceh Tenggara","11.02.09","Bukit Tusam","11.02.09.2011","Lawe Dua"
"11","Aceh","11.02","Kabupaten Aceh Tenggara","11.02.09","Bukit Tusam","11.02.09.2012","Rema"
"11","Aceh","11.02","Kabupaten Aceh Tenggara","11.02.09","Bukit Tusam","11.02.09.2013","Bambel Baru"
"11","Aceh","11.02","Kabupaten Aceh Tenggara","11.02.09","Bukit Tusam","11.02.09.2014","Pejuang"
"11","Aceh","11.02","Kabupaten Aceh Tenggara","11.02.09","Bukit Tusam","11.02.09.2015","Darussalam"
"11","Aceh","11.02","Kabupaten Aceh Tenggara","11.02.09","Bukit Tusam","11.02.09.2016","Amaliah"
"11","Aceh","11.02","Kabupaten Aceh Tenggara","11.02.09","Bukit Tusam","11.02.09.2017","Sebudi Jaya"
"11","Aceh","11.02","Kabupaten Aceh Tenggara","11.02.09","Bukit Tusam","11.02.09.2018","Gumpang"
"11","Aceh","11.02","Kabupaten Aceh Tenggara","11.02.09","Bukit Tusam","11.02.09.2019","Kute Gekhat"
"11","Aceh","11.02","Kabupaten Aceh Tenggara","11.02.09","Bukit Tusam","11.02.09.2020","Paye Khambung"
"11","Aceh","11.02","Kabupaten Aceh Tenggara","11.02.09","Bukit Tusam","11.02.09.2021","Mbak Sako"
"11","Aceh","11.02","Kabupaten Aceh Tenggara","11.02.09","Bukit Tusam","11.02.09.2022","Darul Imami"
"11","Aceh","11.02","Kabupaten Aceh Tenggara","11.02.09","Bukit Tusam","11.02.09.2023","Rikit Bur II"
"11","Aceh","11.02","Kabupaten Aceh Tenggara","11.02.09","Bukit Tusam","11.02.09.2024","Kute Empat Lima"
"11","Aceh","11.02","Kabupaten Aceh Tenggara","11.02.10","Semadam","11.02.10.2001","Simpang Semadam"
"11","Aceh","11.02","Kabupaten Aceh Tenggara","11.02.10","Semadam","11.02.10.2002","Semadam Awal"
"11","Aceh","11.02","Kabupaten Aceh Tenggara","11.02.10","Semadam","11.02.10.2003","Semadam Asal"
"11","Aceh","11.02","Kabupaten Aceh Tenggara","11.02.10","Semadam","11.02.10.2004","Lawe Kinga Gabungan"
"11","Aceh","11.02","Kabupaten Aceh Tenggara","11.02.10","Semadam","11.02.10.2005","Lawe Kinga Tebing Tinggi"
"11","Aceh","11.02","Kabupaten Aceh Tenggara","11.02.10","Semadam","11.02.10.2006","Kebun Sere"
"11","Aceh","11.02","Kabupaten Aceh Tenggara","11.02.10","Semadam","11.02.10.2007","Lawe Beringin Horas"
"11","Aceh","11.02","Kabupaten Aceh Tenggara","11.02.10","Semadam","11.02.10.2008","Lawe. Berigin Gayo"
"11","Aceh","11.02","Kabupaten Aceh Tenggara","11.02.10","Semadam","11.02.10.2009","Suka Makmur"
"11","Aceh","11.02","Kabupaten Aceh Tenggara","11.02.10","Semadam","11.02.10.2010","Pasar Puntung"
"11","Aceh","11.02","Kabupaten Aceh Tenggara","11.02.10","Semadam","11.02.10.2011","Titi Pasir"
"11","Aceh","11.02","Kabupaten Aceh Tenggara","11.02.10","Semadam","11.02.10.2012","Lawe Petanduk I"
"11","Aceh","11.02","Kabupaten Aceh Tenggara","11.02.10","Semadam","11.02.10.2013","Ngkeran Alur Buluh"
"11","Aceh","11.02","Kabupaten Aceh Tenggara","11.02.10","Semadam","11.02.10.2014","Kampung Baru"
"11","Aceh","11.02","Kabupaten Aceh Tenggara","11.02.10","Semadam","11.02.10.2015","Sepakat Segenap"
"11","Aceh","11.02","Kabupaten Aceh Tenggara","11.02.10","Semadam","11.02.10.2016","Selamat Indah"
"11","Aceh","11.02","Kabupaten Aceh Tenggara","11.02.10","Semadam","11.02.10.2017","Lawe Kinge Lapter"
"11","Aceh","11.02","Kabupaten Aceh Tenggara","11.02.10","Semadam","11.02.10.2018","Lawe Mejile"
"11","Aceh","11.02","Kabupaten Aceh Tenggara","11.02.10","Semadam","11.02.10.2019","Lawe Petanduk-II"
"11","Aceh","11.02","Kabupaten Aceh Tenggara","11.02.11","Babul Rahmah","11.02.11.2004","Titi Mas"
"11","Aceh","11.02","Kabupaten Aceh Tenggara","11.02.11","Babul Rahmah","11.02.11.2005","Meranti"
"11","Aceh","11.02","Kabupaten Aceh Tenggara","11.02.11","Babul Rahmah","11.02.11.2006","Kute Lang-Lang"
"11","Aceh","11.02","Kabupaten Aceh Tenggara","11.02.11","Babul Rahmah","11.02.11.2007","Lawe Sumur"
"11","Aceh","11.02","Kabupaten Aceh Tenggara","11.02.11","Babul Rahmah","11.02.11.2008","Pardamaian"
"11","Aceh","11.02","Kabupaten Aceh Tenggara","11.02.11","Babul Rahmah","11.02.11.2009","Salim Pipit"
"11","Aceh","11.02","Kabupaten Aceh Tenggara","11.02.11","Babul Rahmah","11.02.11.2010","Penguhapan"
"11","Aceh","11.02","Kabupaten Aceh Tenggara","11.02.11","Babul Rahmah","11.02.11.2011","Lumban Tua"
"11","Aceh","11.02","Kabupaten Aceh Tenggara","11.02.11","Babul Rahmah","11.02.11.2012","Mutiara Damai"
"11","Aceh","11.02","Kabupaten Aceh Tenggara","11.02.11","Babul Rahmah","11.02.11.2013","Dolok Nauli"
"11","Aceh","11.02","Kabupaten Aceh Tenggara","11.02.11","Babul Rahmah","11.02.11.2014","Tuhi Jongkat"
"11","Aceh","11.02","Kabupaten Aceh Tenggara","11.02.11","Babul Rahmah","11.02.11.2015","Uning Sigugur"
"11","Aceh","11.02","Kabupaten Aceh Tenggara","11.02.11","Babul Rahmah","11.02.11.2016","Lumban Sitio-tio"
"11","Aceh","11.02","Kabupaten Aceh Tenggara","11.02.11","Babul Rahmah","11.02.11.2017","Lawe Malum"
"11","Aceh","11.02","Kabupaten Aceh Tenggara","11.02.11","Babul Rahmah","11.02.11.2018","Alur Baning"
"11","Aceh","11.02","Kabupaten Aceh Tenggara","11.02.11","Babul Rahmah","11.02.11.2019","Lingga Alas"
"11","Aceh","11.02","Kabupaten Aceh Tenggara","11.02.11","Babul Rahmah","11.02.11.2020","Khambung Tumbung"
"11","Aceh","11.02","Kabupaten Aceh Tenggara","11.02.11","Babul Rahmah","11.02.11.2021","Tuah Mesade"
"11","Aceh","11.02","Kabupaten Aceh Tenggara","11.02.11","Babul Rahmah","11.02.11.2022","Sumukh Alas"
"11","Aceh","11.02","Kabupaten Aceh Tenggara","11.02.11","Babul Rahmah","11.02.11.2023","Alukh Bakhu"
"11","Aceh","11.02","Kabupaten Aceh Tenggara","11.02.11","Babul Rahmah","11.02.11.2024","Sepekhinding"
"11","Aceh","11.02","Kabupaten Aceh Tenggara","11.02.11","Babul Rahmah","11.02.11.2025","Tanoh Subukh"
"11","Aceh","11.02","Kabupaten Aceh Tenggara","11.02.11","Babul Rahmah","11.02.11.2026","Pinggan Mbelang"
"11","Aceh","11.02","Kabupaten Aceh Tenggara","11.02.11","Babul Rahmah","11.02.11.2027","Sigai Indah"
"11","Aceh","11.02","Kabupaten Aceh Tenggara","11.02.11","Babul Rahmah","11.02.11.2028","Ukekh Deleng"
"11","Aceh","11.02","Kabupaten Aceh Tenggara","11.02.11","Babul Rahmah","11.02.11.2029","Alas Mesikhat"
"11","Aceh","11.02","Kabupaten Aceh Tenggara","11.02.11","Babul Rahmah","11.02.11.2030","Titi Hakhapen"
"11","Aceh","11.02","Kabupaten Aceh Tenggara","11.02.12","Ketambe","11.02.12.2001","Aunan Sepakat"
"11","Aceh","11.02","Kabupaten Aceh Tenggara","11.02.12","Ketambe","11.02.12.2002","Lawe Penanggalan"
"11","Aceh","11.02","Kabupaten Aceh Tenggara","11.02.12","Ketambe","11.02.12.2003","Lawe Mengkudu"
"11","Aceh","11.02","Kabupaten Aceh Tenggara","11.02.12","Ketambe","11.02.12.2004","Jambur Lak-lak"
"11","Aceh","11.02","Kabupaten Aceh Tenggara","11.02.12","Ketambe","11.02.12.2005","Simpang Tiga Jongar"
"11","Aceh","11.02","Kabupaten Aceh Tenggara","11.02.12","Ketambe","11.02.12.2006","Jongar Asli"
"11","Aceh","11.02","Kabupaten Aceh Tenggara","11.02.12","Ketambe","11.02.12.2007","Ketambe"
"11","Aceh","11.02","Kabupaten Aceh Tenggara","11.02.12","Ketambe","11.02.12.2008","Rumah Bundar"
"11","Aceh","11.02","Kabupaten Aceh Tenggara","11.02.12","Ketambe","11.02.12.2009","Penyeberangan Cingkam"
"11","Aceh","11.02","Kabupaten Aceh Tenggara","11.02.12","Ketambe","11.02.12.2010","Deleng Damar"
"11","Aceh","11.02","Kabupaten Aceh Tenggara","11.02.12","Ketambe","11.02.12.2011","Bintang Bener"
"11","Aceh","11.02","Kabupaten Aceh Tenggara","11.02.12","Ketambe","11.02.12.2012","Suka Rimbun"
"11","Aceh","11.02","Kabupaten Aceh Tenggara","11.02.12","Ketambe","11.02.12.2013","Lawe Aunan"
"11","Aceh","11.02","Kabupaten Aceh Tenggara","11.02.12","Ketambe","11.02.12.2014","Bener Bepapah"
"11","Aceh","11.02","Kabupaten Aceh Tenggara","11.02.12","Ketambe","11.02.12.2015","Penungkunen"
"11","Aceh","11.02","Kabupaten Aceh Tenggara","11.02.12","Ketambe","11.02.12.2016","Datok Pining"
"11","Aceh","11.02","Kabupaten Aceh Tenggara","11.02.12","Ketambe","11.02.12.2017","Kati Maju"
"11","Aceh","11.02","Kabupaten Aceh Tenggara","11.02.12","Ketambe","11.02.12.2018","Leuser"
"11","Aceh","11.02","Kabupaten Aceh Tenggara","11.02.12","Ketambe","11.02.12.2019","Jati Sara"
"11","Aceh","11.02","Kabupaten Aceh Tenggara","11.02.12","Ketambe","11.02.12.2020","Bukit Mbakhu"
"11","Aceh","11.02","Kabupaten Aceh Tenggara","11.02.12","Ketambe","11.02.12.2021","Kayu Metangur"
"11","Aceh","11.02","Kabupaten Aceh Tenggara","11.02.12","Ketambe","11.02.12.2022","Lawe Sembekan"
"11","Aceh","11.02","Kabupaten Aceh Tenggara","11.02.12","Ketambe","11.02.12.2023","Lawe Beringin"
"11","Aceh","11.02","Kabupaten Aceh Tenggara","11.02.12","Ketambe","11.02.12.2024","Lawe Ger-Ger"
"11","Aceh","11.02","Kabupaten Aceh Tenggara","11.02.12","Ketambe","11.02.12.2025","Simpur Jaya"
"11","Aceh","11.02","Kabupaten Aceh Tenggara","11.02.13","Deleng Pokhkisen","11.02.13.2001","Salang Baru"
"11","Aceh","11.02","Kabupaten Aceh Tenggara","11.02.13","Deleng Pokhkisen","11.02.13.2002","Ranto Dior"
"11","Aceh","11.02","Kabupaten Aceh Tenggara","11.02.13","Deleng Pokhkisen","11.02.13.2003","Lembah Alas"
"11","Aceh","11.02","Kabupaten Aceh Tenggara","11.02.13","Deleng Pokhkisen","11.02.13.2004","Tenembak Lang-Lang"
"11","Aceh","11.02","Kabupaten Aceh Tenggara","11.02.13","Deleng Pokhkisen","11.02.13.2005","Salang Sigotom"
"11","Aceh","11.02","Kabupaten Aceh Tenggara","11.02.13","Deleng Pokhkisen","11.02.13.2006","Tualang Lama"
"11","Aceh","11.02","Kabupaten Aceh Tenggara","11.02.13","Deleng Pokhkisen","11.02.13.2007","Gusung Batu"
"11","Aceh","11.02","Kabupaten Aceh Tenggara","11.02.13","Deleng Pokhkisen","11.02.13.2008","Kaya Pangur"
"11","Aceh","11.02","Kabupaten Aceh Tenggara","11.02.13","Deleng Pokhkisen","11.02.13.2009","Sepakat"
"11","Aceh","11.02","Kabupaten Aceh Tenggara","11.02.13","Deleng Pokhkisen","11.02.13.2010","Lawe Pangkat"
"11","Aceh","11.02","Kabupaten Aceh Tenggara","11.02.13","Deleng Pokhkisen","11.02.13.2011","Bunga Melur"
"11","Aceh","11.02","Kabupaten Aceh Tenggara","11.02.13","Deleng Pokhkisen","11.02.13.2012","Penampaan"
"11","Aceh","11.02","Kabupaten Aceh Tenggara","11.02.13","Deleng Pokhkisen","11.02.13.2013","Terutung Mbelang"
"11","Aceh","11.02","Kabupaten Aceh Tenggara","11.02.13","Deleng Pokhkisen","11.02.13.2014","Salang Muara"
"11","Aceh","11.02","Kabupaten Aceh Tenggara","11.02.13","Deleng Pokhkisen","11.02.13.2015","Lawe Hakhum"
"11","Aceh","11.02","Kabupaten Aceh Tenggara","11.02.13","Deleng Pokhkisen","11.02.13.2016","Tanoh Khukahen"
"11","Aceh","11.02","Kabupaten Aceh Tenggara","11.02.13","Deleng Pokhkisen","11.02.13.2017","Tading Ni Ulihi"
"11","Aceh","11.02","Kabupaten Aceh Tenggara","11.02.13","Deleng Pokhkisen","11.02.13.2018","Peseluk Pesimbe"
"11","Aceh","11.02","Kabupaten Aceh Tenggara","11.02.13","Deleng Pokhkisen","11.02.13.2019","Kane Lot"
"11","Aceh","11.02","Kabupaten Aceh Tenggara","11.02.13","Deleng Pokhkisen","11.02.13.2020","Muhajirin"
"11","Aceh","11.02","Kabupaten Aceh Tenggara","11.02.13","Deleng Pokhkisen","11.02.13.2021","Beriring Naru"
"11","Aceh","11.02","Kabupaten Aceh Tenggara","11.02.13","Deleng Pokhkisen","11.02.13.2022","Kati Jeroh"
"11","Aceh","11.02","Kabupaten Aceh Tenggara","11.02.14","Lawe Sumur","11.02.14.2001","Terutung Megara Lawe Pasaran"
"11","Aceh","11.02","Kabupaten Aceh Tenggara","11.02.14","Lawe Sumur","11.02.14.2002","Kisam Gabungan"
"11","Aceh","11.02","Kabupaten Aceh Tenggara","11.02.14","Lawe Sumur","11.02.14.2003","Kisam Kute Pasir"
"11","Aceh","11.02","Kabupaten Aceh Tenggara","11.02.14","Lawe Sumur","11.02.14.2004","Lawe Sumur"
"11","Aceh","11.02","Kabupaten Aceh Tenggara","11.02.14","Lawe Sumur","11.02.14.2005","Lawe Sumur Baru"
"11","Aceh","11.02","Kabupaten Aceh Tenggara","11.02.14","Lawe Sumur","11.02.14.2006","Kute Lesung"
"11","Aceh","11.02","Kabupaten Aceh Tenggara","11.02.14","Lawe Sumur","11.02.14.2007","Berandang"
"11","Aceh","11.02","Kabupaten Aceh Tenggara","11.02.14","Lawe Sumur","11.02.14.2008","Kute Bunin"
"11","Aceh","11.02","Kabupaten Aceh Tenggara","11.02.14","Lawe Sumur","11.02.14.2009","Buah Pala"
"11","Aceh","11.02","Kabupaten Aceh Tenggara","11.02.14","Lawe Sumur","11.02.14.2010","Panosan"
"11","Aceh","11.02","Kabupaten Aceh Tenggara","11.02.14","Lawe Sumur","11.02.14.2011","Lawe Pasaran Tengku Mbelin"
"11","Aceh","11.02","Kabupaten Aceh Tenggara","11.02.14","Lawe Sumur","11.02.14.2012","Terutung Megahke MBakhu"
"11","Aceh","11.02","Kabupaten Aceh Tenggara","11.02.14","Lawe Sumur","11.02.14.2013","Kisam Lestari"
"11","Aceh","11.02","Kabupaten Aceh Tenggara","11.02.14","Lawe Sumur","11.02.14.2014","Kisam Kute Rambe"
"11","Aceh","11.02","Kabupaten Aceh Tenggara","11.02.14","Lawe Sumur","11.02.14.2015","Lawe Polak"
"11","Aceh","11.02","Kabupaten Aceh Tenggara","11.02.14","Lawe Sumur","11.02.14.2016","Lawes Sumur Sepakat"
"11","Aceh","11.02","Kabupaten Aceh Tenggara","11.02.14","Lawe Sumur","11.02.14.2017","Setia Baru"
"11","Aceh","11.02","Kabupaten Aceh Tenggara","11.02.14","Lawe Sumur","11.02.14.2018","Teger Miko"
"11","Aceh","11.02","Kabupaten Aceh Tenggara","11.02.15","Tanoh Alas","11.02.15.2001","Salim Pinim I"
"11","Aceh","11.02","Kabupaten Aceh Tenggara","11.02.15","Tanoh Alas","11.02.15.2002","Jambur Damar"
"11","Aceh","11.02","Kabupaten Aceh Tenggara","11.02.15","Tanoh Alas","11.02.15.2003","Alur Langsat"
"11","Aceh","11.02","Kabupaten Aceh Tenggara","11.02.15","Tanoh Alas","11.02.15.2004","Rambah Sayang"
"11","Aceh","11.02","Kabupaten Aceh Tenggara","11.02.15","Tanoh Alas","11.02.15.2006","Rumah Luar"
"11","Aceh","11.02","Kabupaten Aceh Tenggara","11.02.15","Tanoh Alas","11.02.15.2007","Tenembak Alas"
"11","Aceh","11.02","Kabupaten Aceh Tenggara","11.02.15","Tanoh Alas","11.02.15.2008","Lawe Tungkal"
"11","Aceh","11.02","Kabupaten Aceh Tenggara","11.02.15","Tanoh Alas","11.02.15.2009","Salim Pinim II"
"11","Aceh","11.02","Kabupaten Aceh Tenggara","11.02.15","Tanoh Alas","11.02.15.2010","Jambukh Pekhmate"
"11","Aceh","11.02","Kabupaten Aceh Tenggara","11.02.15","Tanoh Alas","11.02.15.2011","Khutung Mbelang"
"11","Aceh","11.02","Kabupaten Aceh Tenggara","11.02.15","Tanoh Alas","11.02.15.2012","Timang Rasa"
"11","Aceh","11.02","Kabupaten Aceh Tenggara","11.02.15","Tanoh Alas","11.02.15.2013","Stambul Jaya"
"11","Aceh","11.02","Kabupaten Aceh Tenggara","11.02.15","Tanoh Alas","11.02.15.2014","Alur Nangke"
"11","Aceh","11.02","Kabupaten Aceh Tenggara","11.02.15","Tanoh Alas","11.02.15.2015","Kute Mejile"
"11","Aceh","11.02","Kabupaten Aceh Tenggara","11.02.16","Leuser","11.02.16.2001","Bintang Alga Musara"
"11","Aceh","11.02","Kabupaten Aceh Tenggara","11.02.16","Leuser","11.02.16.2002","Bintang Bukit Indah"
"11","Aceh","11.02","Kabupaten Aceh Tenggara","11.02.16","Leuser","11.02.16.2003","Tanjung Sari"
"11","Aceh","11.02","Kabupaten Aceh Tenggara","11.02.16","Leuser","11.02.16.2004","Bun-bun Alas"
"11","Aceh","11.02","Kabupaten Aceh Tenggara","11.02.16","Leuser","11.02.16.2005","Naga Timbul"
"11","Aceh","11.02","Kabupaten Aceh Tenggara","11.02.16","Leuser","11.02.16.2006","Gunung Pak-Pak"
"11","Aceh","11.02","Kabupaten Aceh Tenggara","11.02.16","Leuser","11.02.16.2007","Bukit Meriah"
"11","Aceh","11.02","Kabupaten Aceh Tenggara","11.02.16","Leuser","11.02.16.2008","Permata Musara"
"11","Aceh","11.02","Kabupaten Aceh Tenggara","11.02.16","Leuser","11.02.16.2009","Laut Tawar"
"11","Aceh","11.02","Kabupaten Aceh Tenggara","11.02.16","Leuser","11.02.16.2010","Kane Mende"
"11","Aceh","11.02","Kabupaten Aceh Tenggara","11.02.16","Leuser","11.02.16.2011","Lawe Sekhakut"
"11","Aceh","11.02","Kabupaten Aceh Tenggara","11.02.16","Leuser","11.02.16.2012","Bunbun Indah"
"11","Aceh","11.02","Kabupaten Aceh Tenggara","11.02.16","Leuser","11.02.16.2013","Suka Damai"
"11","Aceh","11.02","Kabupaten Aceh Tenggara","11.02.16","Leuser","11.02.16.2014","Tuah Kekhine"
"11","Aceh","11.02","Kabupaten Aceh Tenggara","11.02.16","Leuser","11.02.16.2015","Punce Nali"
"11","Aceh","11.02","Kabupaten Aceh Tenggara","11.02.16","Leuser","11.02.16.2016","Sade Ate"
"11","Aceh","11.02","Kabupaten Aceh Tenggara","11.02.16","Leuser","11.02.16.2017","Akhih Majile"
"11","Aceh","11.02","Kabupaten Aceh Tenggara","11.02.16","Leuser","11.02.16.2018","Ukhat Peseluk"
"11","Aceh","11.02","Kabupaten Aceh Tenggara","11.02.16","Leuser","11.02.16.2019","Tunas Mude"
"11","Aceh","11.02","Kabupaten Aceh Tenggara","11.02.16","Leuser","11.02.16.2020","Gaye Sendah"
"11","Aceh","11.02","Kabupaten Aceh Tenggara","11.02.16","Leuser","11.02.16.2021","Kute Hakhapen"
"11","Aceh","11.02","Kabupaten Aceh Tenggara","11.02.16","Leuser","11.02.16.2022","Kompas"
"11","Aceh","11.02","Kabupaten Aceh Tenggara","11.02.16","Leuser","11.02.16.2023","Sepakat"
"11","Aceh","11.03","Kabupaten Aceh Timur","11.03.01","Darul Aman","11.03.01.2001","Alue Luddin Sa"
"11","Aceh","11.03","Kabupaten Aceh Timur","11.03.01","Darul Aman","11.03.01.2002","Alue Luddin Dua"
"11","Aceh","11.03","Kabupaten Aceh Timur","11.03.01","Darul Aman","11.03.01.2003","Alue Dalam"
"11","Aceh","11.03","Kabupaten Aceh Timur","11.03.01","Darul Aman","11.03.01.2004","Dama Pulo Sa"
"11","Aceh","11.03","Kabupaten Aceh Timur","11.03.01","Darul Aman","11.03.01.2005","Dama Pulo Dua"
"11","Aceh","11.03","Kabupaten Aceh Timur","11.03.01","Darul Aman","11.03.01.2006","Buket Kulam"
"11","Aceh","11.03","Kabupaten Aceh Timur","11.03.01","Darul Aman","11.03.01.2007","Seuneubok Teungoh"
"11","Aceh","11.03","Kabupaten Aceh Timur","11.03.01","Darul Aman","11.03.01.2008","Jungka Gajah"
"11","Aceh","11.03","Kabupaten Aceh Timur","11.03.01","Darul Aman","11.03.01.2009","Seuneubok Simpang"
"11","Aceh","11.03","Kabupaten Aceh Timur","11.03.01","Darul Aman","11.03.01.2010","Matang Pineung"
"11","Aceh","11.03","Kabupaten Aceh Timur","11.03.01","Darul Aman","11.03.01.2011","Lhok Geulumpang"
"11","Aceh","11.03","Kabupaten Aceh Timur","11.03.01","Darul Aman","11.03.01.2012","Blang Buket"
"11","Aceh","11.03","Kabupaten Aceh Timur","11.03.01","Darul Aman","11.03.01.2013","Meunasah Keutapang"
"11","Aceh","11.03","Kabupaten Aceh Timur","11.03.01","Darul Aman","11.03.01.2014","Buket Rumia"
"11","Aceh","11.03","Kabupaten Aceh Timur","11.03.01","Darul Aman","11.03.01.2015","Alue Gadeng"
"11","Aceh","11.03","Kabupaten Aceh Timur","11.03.01","Darul Aman","11.03.01.2016","Kapai Baro"
"11","Aceh","11.03","Kabupaten Aceh Timur","11.03.01","Darul Aman","11.03.01.2017","Seuneubok Tuha Sa"
"11","Aceh","11.03","Kabupaten Aceh Timur","11.03.01","Darul Aman","11.03.01.2018","Seuneubok Tuha Dua"
"11","Aceh","11.03","Kabupaten Aceh Timur","11.03.01","Darul Aman","11.03.01.2019","Seuneubok Buloh"
"11","Aceh","11.03","Kabupaten Aceh Timur","11.03.01","Darul Aman","11.03.01.2020","Gaseh Sayang"
"11","Aceh","11.03","Kabupaten Aceh Timur","11.03.01","Darul Aman","11.03.01.2021","Alue Lhok"
"11","Aceh","11.03","Kabupaten Aceh Timur","11.03.01","Darul Aman","11.03.01.2022","Trieng Gadeng"
"11","Aceh","11.03","Kabupaten Aceh Timur","11.03.01","Darul Aman","11.03.01.2023","Grong-Grong"
"11","Aceh","11.03","Kabupaten Aceh Timur","11.03.01","Darul Aman","11.03.01.2024","Matang Geuto"
"11","Aceh","11.03","Kabupaten Aceh Timur","11.03.01","Darul Aman","11.03.01.2025","Alue Merbo"
"11","Aceh","11.03","Kabupaten Aceh Timur","11.03.01","Darul Aman","11.03.01.2026","Buket Raya"
"11","Aceh","11.03","Kabupaten Aceh Timur","11.03.01","Darul Aman","11.03.01.2027","Gampong Keude"
"11","Aceh","11.03","Kabupaten Aceh Timur","11.03.01","Darul Aman","11.03.01.2028","Peukan Idi Cut"
"11","Aceh","11.03","Kabupaten Aceh Timur","11.03.01","Darul Aman","11.03.01.2029","Gampong Beunot"
"11","Aceh","11.03","Kabupaten Aceh Timur","11.03.01","Darul Aman","11.03.01.2030","Seuneubok Baroh"
"11","Aceh","11.03","Kabupaten Aceh Timur","11.03.01","Darul Aman","11.03.01.2031","Teupin Drum"
"11","Aceh","11.03","Kabupaten Aceh Timur","11.03.01","Darul Aman","11.03.01.2032","Kuala Idi Cut"
"11","Aceh","11.03","Kabupaten Aceh Timur","11.03.01","Darul Aman","11.03.01.2034","Seuneubok Aceh"
"11","Aceh","11.03","Kabupaten Aceh Timur","11.03.01","Darul Aman","11.03.01.2035","Gampong Baro"
"11","Aceh","11.03","Kabupaten Aceh Timur","11.03.01","Darul Aman","11.03.01.2036","Bagok Panah Sa"
"11","Aceh","11.03","Kabupaten Aceh Timur","11.03.01","Darul Aman","11.03.01.2037","Bagok Panah Dua"
"11","Aceh","11.03","Kabupaten Aceh Timur","11.03.01","Darul Aman","11.03.01.2038","Bagok Panah Lhee"
"11","Aceh","11.03","Kabupaten Aceh Timur","11.03.01","Darul Aman","11.03.01.2039","Bagok Panah Peut"
"11","Aceh","11.03","Kabupaten Aceh Timur","11.03.01","Darul Aman","11.03.01.2040","Buket Tualang"
"11","Aceh","11.03","Kabupaten Aceh Timur","11.03.01","Darul Aman","11.03.01.2041","Keumuneng Sa"
"11","Aceh","11.03","Kabupaten Aceh Timur","11.03.01","Darul Aman","11.03.01.2042","Keumuneng Dua"
"11","Aceh","11.03","Kabupaten Aceh Timur","11.03.01","Darul Aman","11.03.01.2043","Keumuneng Lhee"
"11","Aceh","11.03","Kabupaten Aceh Timur","11.03.01","Darul Aman","11.03.01.2044","Keumuneng Peut"
"11","Aceh","11.03","Kabupaten Aceh Timur","11.03.01","Darul Aman","11.03.01.2045","Keumuneng Limong"
"11","Aceh","11.03","Kabupaten Aceh Timur","11.03.01","Darul Aman","11.03.01.2046","Meunasah Blang"
"11","Aceh","11.03","Kabupaten Aceh Timur","11.03.02","Julok","11.03.02.2001","Blang Keumahang"
"11","Aceh","11.03","Kabupaten Aceh Timur","11.03.02","Julok","11.03.02.2002","Blang Jambee"
"11","Aceh","11.03","Kabupaten Aceh Timur","11.03.02","Julok","11.03.02.2003","Keumuneng"
"11","Aceh","11.03","Kabupaten Aceh Timur","11.03.02","Julok","11.03.02.2004","Ladang Baro"
"11","Aceh","11.03","Kabupaten Aceh Timur","11.03.02","Julok","11.03.02.2005","Buket Panyang"
"11","Aceh","11.03","Kabupaten Aceh Timur","11.03.02","Julok","11.03.02.2006","Seuneubok Rambong"
"11","Aceh","11.03","Kabupaten Aceh Timur","11.03.02","Julok","11.03.02.2007","Seuneubok Baro"
"11","Aceh","11.03","Kabupaten Aceh Timur","11.03.02","Julok","11.03.02.2008","Blang Mideun"
"11","Aceh","11.03","Kabupaten Aceh Timur","11.03.02","Julok","11.03.02.2009","Paya Bakong"
"11","Aceh","11.03","Kabupaten Aceh Timur","11.03.02","Julok","11.03.02.2010","Teupin Raya"
"11","Aceh","11.03","Kabupaten Aceh Timur","11.03.02","Julok","11.03.02.2011","Lhok Rambong"
"11","Aceh","11.03","Kabupaten Aceh Timur","11.03.02","Julok","11.03.02.2012","Julok Tunong"
"11","Aceh","11.03","Kabupaten Aceh Timur","11.03.02","Julok","11.03.02.2013","Ulee Ateung"
"11","Aceh","11.03","Kabupaten Aceh Timur","11.03.02","Julok","11.03.02.2014","Ulee Blang"
"11","Aceh","11.03","Kabupaten Aceh Timur","11.03.02","Julok","11.03.02.2015","Labuhan"
"11","Aceh","11.03","Kabupaten Aceh Timur","11.03.02","Julok","11.03.02.2016","Naleung"
"11","Aceh","11.03","Kabupaten Aceh Timur","11.03.02","Julok","11.03.02.2017","Mane Rampak"
"11","Aceh","11.03","Kabupaten Aceh Timur","11.03.02","Julok","11.03.02.2018","Matang"
"11","Aceh","11.03","Kabupaten Aceh Timur","11.03.02","Julok","11.03.02.2019","Blang Uyok"
"11","Aceh","11.03","Kabupaten Aceh Timur","11.03.02","Julok","11.03.02.2020","Blang Pauh Sa"
"11","Aceh","11.03","Kabupaten Aceh Timur","11.03.02","Julok","11.03.02.2021","Blang Pauh Dua"
"11","Aceh","11.03","Kabupaten Aceh Timur","11.03.02","Julok","11.03.02.2022","Ulee Tanoh"
"11","Aceh","11.03","Kabupaten Aceh Timur","11.03.02","Julok","11.03.02.2023","Keude Kuta Binjei"
"11","Aceh","11.03","Kabupaten Aceh Timur","11.03.02","Julok","11.03.02.2024","Bukit Seroja"
"11","Aceh","11.03","Kabupaten Aceh Timur","11.03.02","Julok","11.03.02.2025","Kuala Geulumpang"
"11","Aceh","11.03","Kabupaten Aceh Timur","11.03.02","Julok","11.03.02.2026","Gampong Baro"
"11","Aceh","11.03","Kabupaten Aceh Timur","11.03.02","Julok","11.03.02.2027","Tumpok Teungoh"
"11","Aceh","11.03","Kabupaten Aceh Timur","11.03.02","Julok","11.03.02.2028","Seumatang"
"11","Aceh","11.03","Kabupaten Aceh Timur","11.03.02","Julok","11.03.02.2029","Ujong Tunong"
"11","Aceh","11.03","Kabupaten Aceh Timur","11.03.02","Julok","11.03.02.2030","Bukit Dindeng"
"11","Aceh","11.03","Kabupaten Aceh Timur","11.03.02","Julok","11.03.02.2031","Paya Pasi"
"11","Aceh","11.03","Kabupaten Aceh Timur","11.03.02","Julok","11.03.02.2032","Alue Cek Doi"
"11","Aceh","11.03","Kabupaten Aceh Timur","11.03.02","Julok","11.03.02.2033","Blang Gleum"
"11","Aceh","11.03","Kabupaten Aceh Timur","11.03.02","Julok","11.03.02.2034","Tanjong Tok Blang"
"11","Aceh","11.03","Kabupaten Aceh Timur","11.03.02","Julok","11.03.02.2035","Buket Makmu"
"11","Aceh","11.03","Kabupaten Aceh Timur","11.03.02","Julok","11.03.02.2036","Lhok Seuntang"
"11","Aceh","11.03","Kabupaten Aceh Timur","11.03.02","Julok","11.03.02.2037","Simpang Lhee"
"11","Aceh","11.03","Kabupaten Aceh Timur","11.03.03","Idi Rayeuk","11.03.03.2001","Gampong Jawa"
"11","Aceh","11.03","Kabupaten Aceh Timur","11.03.03","Idi Rayeuk","11.03.03.2002","Keude Blang"
"11","Aceh","11.03","Kabupaten Aceh Timur","11.03.03","Idi Rayeuk","11.03.03.2003","Tanoh Anoe"
"11","Aceh","11.03","Kabupaten Aceh Timur","11.03.03","Idi Rayeuk","11.03.03.2004","Kuala Peudawa Puntong"
"11","Aceh","11.03","Kabupaten Aceh Timur","11.03.03","Idi Rayeuk","11.03.03.2005","Gampong Aceh"
"11","Aceh","11.03","Kabupaten Aceh Timur","11.03.03","Idi Rayeuk","11.03.03.2006","Kuta Blang"
"11","Aceh","11.03","Kabupaten Aceh Timur","11.03.03","Idi Rayeuk","11.03.03.2007","Gampong Tanjong"
"11","Aceh","11.03","Kabupaten Aceh Timur","11.03.03","Idi Rayeuk","11.03.03.2008","Blang Geulumpang"
"11","Aceh","11.03","Kabupaten Aceh Timur","11.03.03","Idi Rayeuk","11.03.03.2009","Meunasah Pu'uk"
"11","Aceh","11.03","Kabupaten Aceh Timur","11.03.03","Idi Rayeuk","11.03.03.2010","Bantayan Timu"
"11","Aceh","11.03","Kabupaten Aceh Timur","11.03.03","Idi Rayeuk","11.03.03.2011","Keutapang Mameh"
"11","Aceh","11.03","Kabupaten Aceh Timur","11.03.03","Idi Rayeuk","11.03.03.2012","Seuneubok Rambong"
"11","Aceh","11.03","Kabupaten Aceh Timur","11.03.03","Idi Rayeuk","11.03.03.2013","Kuala Idi"
"11","Aceh","11.03","Kabupaten Aceh Timur","11.03.03","Idi Rayeuk","11.03.03.2014","Keude Aceh"
"11","Aceh","11.03","Kabupaten Aceh Timur","11.03.03","Idi Rayeuk","11.03.03.2023","Seuneubok Bacee"
"11","Aceh","11.03","Kabupaten Aceh Timur","11.03.03","Idi Rayeuk","11.03.03.2029","Titi Baro"
"11","Aceh","11.03","Kabupaten Aceh Timur","11.03.03","Idi Rayeuk","11.03.03.2047","Tanjong Kapai"
"11","Aceh","11.03","Kabupaten Aceh Timur","11.03.03","Idi Rayeuk","11.03.03.2048","Alue Dua Muka O"
"11","Aceh","11.03","Kabupaten Aceh Timur","11.03.03","Idi Rayeuk","11.03.03.2049","Alue Dua Muka S"
"11","Aceh","11.03","Kabupaten Aceh Timur","11.03.03","Idi Rayeuk","11.03.03.2050","Ulee Blang"
"11","Aceh","11.03","Kabupaten Aceh Timur","11.03.03","Idi Rayeuk","11.03.03.2051","Buket Jok"
"11","Aceh","11.03","Kabupaten Aceh Timur","11.03.03","Idi Rayeuk","11.03.03.2052","Buket Meulinteung"
"11","Aceh","11.03","Kabupaten Aceh Timur","11.03.03","Idi Rayeuk","11.03.03.2053","Gampong Jalan"
"11","Aceh","11.03","Kabupaten Aceh Timur","11.03.03","Idi Rayeuk","11.03.03.2054","Teupin Batee"
"11","Aceh","11.03","Kabupaten Aceh Timur","11.03.03","Idi Rayeuk","11.03.03.2055","Buket Langa"
"11","Aceh","11.03","Kabupaten Aceh Timur","11.03.03","Idi Rayeuk","11.03.03.2056","Buket Pala"
"11","Aceh","11.03","Kabupaten Aceh Timur","11.03.03","Idi Rayeuk","11.03.03.2057","Buket Juara"
"11","Aceh","11.03","Kabupaten Aceh Timur","11.03.03","Idi Rayeuk","11.03.03.2058","Seuneubok Tutong"
"11","Aceh","11.03","Kabupaten Aceh Timur","11.03.03","Idi Rayeuk","11.03.03.2059","Seuneubok Tuha"
"11","Aceh","11.03","Kabupaten Aceh Timur","11.03.03","Idi Rayeuk","11.03.03.2060","Sampoimah"
"11","Aceh","11.03","Kabupaten Aceh Timur","11.03.03","Idi Rayeuk","11.03.03.2061","Dama pulo"
"11","Aceh","11.03","Kabupaten Aceh Timur","11.03.03","Idi Rayeuk","11.03.03.2062","Gureb Blang"
"11","Aceh","11.03","Kabupaten Aceh Timur","11.03.03","Idi Rayeuk","11.03.03.2064","Gampong Baro"
"11","Aceh","11.03","Kabupaten Aceh Timur","11.03.03","Idi Rayeuk","11.03.03.2065","SeuneubokTeungoh P.Puntong"
"11","Aceh","11.03","Kabupaten Aceh Timur","11.03.03","Idi Rayeuk","11.03.03.2067","Kuta Lawah"
"11","Aceh","11.03","Kabupaten Aceh Timur","11.03.04","Birem Bayeun","11.03.04.2001","Jambo Labu"
"11","Aceh","11.03","Kabupaten Aceh Timur","11.03.04","Birem Bayeun","11.03.04.2002","Alue Canang"
"11","Aceh","11.03","Kabupaten Aceh Timur","11.03.04","Birem Bayeun","11.03.04.2003","Alue Drien"
"11","Aceh","11.03","Kabupaten Aceh Timur","11.03.04","Birem Bayeun","11.03.04.2004","Buket Tiga"
"11","Aceh","11.03","Kabupaten Aceh Timur","11.03.04","Birem Bayeun","11.03.04.2005","Benteng"
"11","Aceh","11.03","Kabupaten Aceh Timur","11.03.04","Birem Bayeun","11.03.04.2006","Afeling II Bukit"
"11","Aceh","11.03","Kabupaten Aceh Timur","11.03.04","Birem Bayeun","11.03.04.2007","Keumuneng Hulu"
"11","Aceh","11.03","Kabupaten Aceh Timur","11.03.04","Birem Bayeun","11.03.04.2008","Peutow"
"11","Aceh","11.03","Kabupaten Aceh Timur","11.03.04","Birem Bayeun","11.03.04.2009","Alue Buloh"
"11","Aceh","11.03","Kabupaten Aceh Timur","11.03.04","Birem Bayeun","11.03.04.2010","Alue Teh"
"11","Aceh","11.03","Kabupaten Aceh Timur","11.03.04","Birem Bayeun","11.03.04.2011","Paya Rambong"
"11","Aceh","11.03","Kabupaten Aceh Timur","11.03.04","Birem Bayeun","11.03.04.2012","Alue Gadeng SA"
"11","Aceh","11.03","Kabupaten Aceh Timur","11.03.04","Birem Bayeun","11.03.04.2013","Paya Tampah"
"11","Aceh","11.03","Kabupaten Aceh Timur","11.03.04","Birem Bayeun","11.03.04.2014","Paya Bili Dua"
"11","Aceh","11.03","Kabupaten Aceh Timur","11.03.04","Birem Bayeun","11.03.04.2015","Paya Bili Sa"
"11","Aceh","11.03","Kabupaten Aceh Timur","11.03.04","Birem Bayeun","11.03.04.2016","Paya Peulawi"
"11","Aceh","11.03","Kabupaten Aceh Timur","11.03.04","Birem Bayeun","11.03.04.2017","Keude Birem"
"11","Aceh","11.03","Kabupaten Aceh Timur","11.03.04","Birem Bayeun","11.03.04.2018","Bayeun"
"11","Aceh","11.03","Kabupaten Aceh Timur","11.03.04","Birem Bayeun","11.03.04.2019","Aramiyah"
"11","Aceh","11.03","Kabupaten Aceh Timur","11.03.04","Birem Bayeun","11.03.04.2020","Blang Tualang"
"11","Aceh","11.03","Kabupaten Aceh Timur","11.03.04","Birem Bayeun","11.03.04.2021","Buket Seuleumak"
"11","Aceh","11.03","Kabupaten Aceh Timur","11.03.04","Birem Bayeun","11.03.04.2022","Birem Rayeuk"
"11","Aceh","11.03","Kabupaten Aceh Timur","11.03.04","Birem Bayeun","11.03.04.2023","Alue Gadeng"
"11","Aceh","11.03","Kabupaten Aceh Timur","11.03.04","Birem Bayeun","11.03.04.2024","Alue Gadeng Dua"
"11","Aceh","11.03","Kabupaten Aceh Timur","11.03.04","Birem Bayeun","11.03.04.2025","Alue Sentang"
"11","Aceh","11.03","Kabupaten Aceh Timur","11.03.04","Birem Bayeun","11.03.04.2026","Merbou Dua"
"11","Aceh","11.03","Kabupaten Aceh Timur","11.03.04","Birem Bayeun","11.03.04.2027","Alue Nyamoek"
"11","Aceh","11.03","Kabupaten Aceh Timur","11.03.05","Serbajadi","11.03.05.2001","Lokop"
"11","Aceh","11.03","Kabupaten Aceh Timur","11.03.05","Serbajadi","11.03.05.2002","Terujak"
"11","Aceh","11.03","Kabupaten Aceh Timur","11.03.05","Serbajadi","11.03.05.2003","Tualang"
"11","Aceh","11.03","Kabupaten Aceh Timur","11.03.05","Serbajadi","11.03.05.2004","Leles"
"11","Aceh","11.03","Kabupaten Aceh Timur","11.03.05","Serbajadi","11.03.05.2005","Ujung Karang"
"11","Aceh","11.03","Kabupaten Aceh Timur","11.03.05","Serbajadi","11.03.05.2006","Nalon"
"11","Aceh","11.03","Kabupaten Aceh Timur","11.03.05","Serbajadi","11.03.05.2007","Jering"
"11","Aceh","11.03","Kabupaten Aceh Timur","11.03.05","Serbajadi","11.03.05.2008","Loot"
"11","Aceh","11.03","Kabupaten Aceh Timur","11.03.05","Serbajadi","11.03.05.2009","Seku Alan"
"11","Aceh","11.03","Kabupaten Aceh Timur","11.03.05","Serbajadi","11.03.05.2010","Sunti"
"11","Aceh","11.03","Kabupaten Aceh Timur","11.03.05","Serbajadi","11.03.05.2011","Umah Taring"
"11","Aceh","11.03","Kabupaten Aceh Timur","11.03.05","Serbajadi","11.03.05.2012","Bunin"
"11","Aceh","11.03","Kabupaten Aceh Timur","11.03.05","Serbajadi","11.03.05.2013","Sembuang"
"11","Aceh","11.03","Kabupaten Aceh Timur","11.03.05","Serbajadi","11.03.05.2014","Seuleumak"
"11","Aceh","11.03","Kabupaten Aceh Timur","11.03.05","Serbajadi","11.03.05.2015","Mesir"
"11","Aceh","11.03","Kabupaten Aceh Timur","11.03.05","Serbajadi","11.03.05.2016","Rampah"
"11","Aceh","11.03","Kabupaten Aceh Timur","11.03.05","Serbajadi","11.03.05.2022","Arul Durin"
"11","Aceh","11.03","Kabupaten Aceh Timur","11.03.06","Nurussalam","11.03.06.2001","Keude Bagok Sa"
"11","Aceh","11.03","Kabupaten Aceh Timur","11.03.06","Nurussalam","11.03.06.2002","Keude Bagok Dua"
"11","Aceh","11.03","Kabupaten Aceh Timur","11.03.06","Nurussalam","11.03.06.2003","Asan Tanjong"
"11","Aceh","11.03","Kabupaten Aceh Timur","11.03.06","Nurussalam","11.03.06.2004","Bantayan"
"11","Aceh","11.03","Kabupaten Aceh Timur","11.03.06","Nurussalam","11.03.06.2005","Matang Seuleumak"
"11","Aceh","11.03","Kabupaten Aceh Timur","11.03.06","Nurussalam","11.03.06.2006","Teupin Pukat"
"11","Aceh","11.03","Kabupaten Aceh Timur","11.03.06","Nurussalam","11.03.06.2007","Matang Neuheun"
"11","Aceh","11.03","Kabupaten Aceh Timur","11.03.06","Nurussalam","11.03.06.2008","Kuala Bagok"
"11","Aceh","11.03","Kabupaten Aceh Timur","11.03.06","Nurussalam","11.03.06.2009","Meunasah Teungoh"
"11","Aceh","11.03","Kabupaten Aceh Timur","11.03.06","Nurussalam","11.03.06.2010","Medang Ara"
"11","Aceh","11.03","Kabupaten Aceh Timur","11.03.06","Nurussalam","11.03.06.2011","Peulawi"
"11","Aceh","11.03","Kabupaten Aceh Timur","11.03.06","Nurussalam","11.03.06.2012","Baroh Bugeng"
"11","Aceh","11.03","Kabupaten Aceh Timur","11.03.06","Nurussalam","11.03.06.2013","Seumatang Aron"
"11","Aceh","11.03","Kabupaten Aceh Timur","11.03.06","Nurussalam","11.03.06.2014","Blang Panjou"
"11","Aceh","11.03","Kabupaten Aceh Timur","11.03.06","Nurussalam","11.03.06.2025","Pulo U"
"11","Aceh","11.03","Kabupaten Aceh Timur","11.03.06","Nurussalam","11.03.06.2026","Cot Asan"
"11","Aceh","11.03","Kabupaten Aceh Timur","11.03.06","Nurussalam","11.03.06.2027","Paya Enjee"
"11","Aceh","11.03","Kabupaten Aceh Timur","11.03.06","Nurussalam","11.03.06.2028","Seuleumak Muda"
"11","Aceh","11.03","Kabupaten Aceh Timur","11.03.06","Nurussalam","11.03.06.2029","Matang Panyang"
"11","Aceh","11.03","Kabupaten Aceh Timur","11.03.06","Nurussalam","11.03.06.2030","Meunasah Hagu"
"11","Aceh","11.03","Kabupaten Aceh Timur","11.03.06","Nurussalam","11.03.06.2031","Matang Kunyet"
"11","Aceh","11.03","Kabupaten Aceh Timur","11.03.06","Nurussalam","11.03.06.2032","Buket Panjou"
"11","Aceh","11.03","Kabupaten Aceh Timur","11.03.06","Nurussalam","11.03.06.2033","Buket Meurak"
"11","Aceh","11.03","Kabupaten Aceh Timur","11.03.06","Nurussalam","11.03.06.2034","Buket Panyang"
"11","Aceh","11.03","Kabupaten Aceh Timur","11.03.06","Nurussalam","11.03.06.2035","Seuneubok Dalam"
"11","Aceh","11.03","Kabupaten Aceh Timur","11.03.06","Nurussalam","11.03.06.2036","Gampong Mesjid"
"11","Aceh","11.03","Kabupaten Aceh Timur","11.03.06","Nurussalam","11.03.06.2037","Alue Siwah Serdang"
"11","Aceh","11.03","Kabupaten Aceh Timur","11.03.06","Nurussalam","11.03.06.2038","Gampong Lhee"
"11","Aceh","11.03","Kabupaten Aceh Timur","11.03.06","Nurussalam","11.03.06.2039","Beurandang"
"11","Aceh","11.03","Kabupaten Aceh Timur","11.03.06","Nurussalam","11.03.06.2040","Gampong Jalan"
"11","Aceh","11.03","Kabupaten Aceh Timur","11.03.06","Nurussalam","11.03.06.2041","Seuneubok Rambong"
"11","Aceh","11.03","Kabupaten Aceh Timur","11.03.07","Peureulak","11.03.07.2001","Pasir Putih"
"11","Aceh","11.03","Kabupaten Aceh Timur","11.03.07","Peureulak","11.03.07.2002","Tualang"
"11","Aceh","11.03","Kabupaten Aceh Timur","11.03.07","Peureulak","11.03.07.2003","Keude Peureulak"
"11","Aceh","11.03","Kabupaten Aceh Timur","11.03.07","Peureulak","11.03.07.2004","Leuge"
"11","Aceh","11.03","Kabupaten Aceh Timur","11.03.07","Peureulak","11.03.07.2005","Uteun Dama"
"11","Aceh","11.03","Kabupaten Aceh Timur","11.03.07","Peureulak","11.03.07.2006","Punti"
"11","Aceh","11.03","Kabupaten Aceh Timur","11.03.07","Peureulak","11.03.07.2007","Alue Dua Paya Gajah"
"11","Aceh","11.03","Kabupaten Aceh Timur","11.03.07","Peureulak","11.03.07.2008","Blang Bitra"
"11","Aceh","11.03","Kabupaten Aceh Timur","11.03.07","Peureulak","11.03.07.2009","Kuala Bugak"
"11","Aceh","11.03","Kabupaten Aceh Timur","11.03.07","Peureulak","11.03.07.2010","Paya Lipah"
"11","Aceh","11.03","Kabupaten Aceh Timur","11.03.07","Peureulak","11.03.07.2011","Seumatang Muda Itam"
"11","Aceh","11.03","Kabupaten Aceh Timur","11.03.07","Peureulak","11.03.07.2012","Lhok Dalam"
"11","Aceh","11.03","Kabupaten Aceh Timur","11.03.07","Peureulak","11.03.07.2013","Beusa Meuranoe"
"11","Aceh","11.03","Kabupaten Aceh Timur","11.03.07","Peureulak","11.03.07.2014","Bangka Rimung"
"11","Aceh","11.03","Kabupaten Aceh Timur","11.03.07","Peureulak","11.03.07.2015","Tanoh Rata"
"11","Aceh","11.03","Kabupaten Aceh Timur","11.03.07","Peureulak","11.03.07.2016","Bandrong"
"11","Aceh","11.03","Kabupaten Aceh Timur","11.03.07","Peureulak","11.03.07.2017","Blang Balok"
"11","Aceh","11.03","Kabupaten Aceh Timur","11.03.07","Peureulak","11.03.07.2018","Cot Muda Itam"
"11","Aceh","11.03","Kabupaten Aceh Timur","11.03.07","Peureulak","11.03.07.2019","Keumuneng"
"11","Aceh","11.03","Kabupaten Aceh Timur","11.03.07","Peureulak","11.03.07.2020","Kuala Leuge"
"11","Aceh","11.03","Kabupaten Aceh Timur","11.03.07","Peureulak","11.03.07.2021","Balee Buya"
"11","Aceh","11.03","Kabupaten Aceh Timur","11.03.07","Peureulak","11.03.07.2022","Alue Nibong"
"11","Aceh","11.03","Kabupaten Aceh Timur","11.03.07","Peureulak","11.03.07.2023","Seuneubok Peusangan"
"11","Aceh","11.03","Kabupaten Aceh Timur","11.03.07","Peureulak","11.03.07.2024","Seuneubok Aceh"
"11","Aceh","11.03","Kabupaten Aceh Timur","11.03.07","Peureulak","11.03.07.2025","Seuneubok Pidie"
"11","Aceh","11.03","Kabupaten Aceh Timur","11.03.07","Peureulak","11.03.07.2026","Dama Tutong"
"11","Aceh","11.03","Kabupaten Aceh Timur","11.03.07","Peureulak","11.03.07.2027","Matang Gleum"
"11","Aceh","11.03","Kabupaten Aceh Timur","11.03.07","Peureulak","11.03.07.2028","Lubok Pempeng"
"11","Aceh","11.03","Kabupaten Aceh Timur","11.03.07","Peureulak","11.03.07.2029","Buket Pala"
"11","Aceh","11.03","Kabupaten Aceh Timur","11.03.07","Peureulak","11.03.07.2030","Paya Kalui"
"11","Aceh","11.03","Kabupaten Aceh Timur","11.03.07","Peureulak","11.03.07.2031","Cek Mbon"
"11","Aceh","11.03","Kabupaten Aceh Timur","11.03.07","Peureulak","11.03.07.2032","Paya Meuligou"
"11","Aceh","11.03","Kabupaten Aceh Timur","11.03.07","Peureulak","11.03.07.2033","Blang Simpo"
"11","Aceh","11.03","Kabupaten Aceh Timur","11.03.07","Peureulak","11.03.07.2034","Blang Batee"
"11","Aceh","11.03","Kabupaten Aceh Timur","11.03.07","Peureulak","11.03.07.2035","Matang Peulawi"
"11","Aceh","11.03","Kabupaten Aceh Timur","11.03.07","Peureulak","11.03.07.2036","Cot Geulumpang"
"11","Aceh","11.03","Kabupaten Aceh Timur","11.03.07","Peureulak","11.03.07.2037","Alue Rambong"
"11","Aceh","11.03","Kabupaten Aceh Timur","11.03.07","Peureulak","11.03.07.2038","Cot Keh"
"11","Aceh","11.03","Kabupaten Aceh Timur","11.03.08","Rantau Selamat","11.03.08.2001","Bayeun"
"11","Aceh","11.03","Kabupaten Aceh Timur","11.03.08","Rantau Selamat","11.03.08.2002","Rantau Panjang"
"11","Aceh","11.03","Kabupaten Aceh Timur","11.03.08","Rantau Selamat","11.03.08.2003","Alue Raya"
"11","Aceh","11.03","Kabupaten Aceh Timur","11.03.08","Rantau Selamat","11.03.08.2004","Alue Kumba"
"11","Aceh","11.03","Kabupaten Aceh Timur","11.03.08","Rantau Selamat","11.03.08.2005","Seuneubok Dalam"
"11","Aceh","11.03","Kabupaten Aceh Timur","11.03.08","Rantau Selamat","11.03.08.2006","Alue Seuleumak"
"11","Aceh","11.03","Kabupaten Aceh Timur","11.03.08","Rantau Selamat","11.03.08.2007","Sarah Kayee"
"11","Aceh","11.03","Kabupaten Aceh Timur","11.03.08","Rantau Selamat","11.03.08.2008","Damar Siput"
"11","Aceh","11.03","Kabupaten Aceh Timur","11.03.08","Rantau Selamat","11.03.08.2009","Simpang Peut"
"11","Aceh","11.03","Kabupaten Aceh Timur","11.03.08","Rantau Selamat","11.03.08.2010","Simpang Aneuh"
"11","Aceh","11.03","Kabupaten Aceh Timur","11.03.08","Rantau Selamat","11.03.08.2011","Alue Punti"
"11","Aceh","11.03","Kabupaten Aceh Timur","11.03.08","Rantau Selamat","11.03.08.2012","Alue Kaul"
"11","Aceh","11.03","Kabupaten Aceh Timur","11.03.08","Rantau Selamat","11.03.08.2013","Sarah Teube"
"11","Aceh","11.03","Kabupaten Aceh Timur","11.03.08","Rantau Selamat","11.03.08.2014","Alue Tuwi"
"11","Aceh","11.03","Kabupaten Aceh Timur","11.03.09","Simpang Ulim","11.03.09.2001","Peulalu"
"11","Aceh","11.03","Kabupaten Aceh Timur","11.03.09","Simpang Ulim","11.03.09.2002","Nicah Awe"
"11","Aceh","11.03","Kabupaten Aceh Timur","11.03.09","Simpang Ulim","11.03.09.2003","Alue Buloh Sa"
"11","Aceh","11.03","Kabupaten Aceh Timur","11.03.09","Simpang Ulim","11.03.09.2004","Alue Buloh Dua"
"11","Aceh","11.03","Kabupaten Aceh Timur","11.03.09","Simpang Ulim","11.03.09.2005","Teupin Breuh"
"11","Aceh","11.03","Kabupaten Aceh Timur","11.03.09","Simpang Ulim","11.03.09.2006","Matang Rayeuk"
"11","Aceh","11.03","Kabupaten Aceh Timur","11.03.09","Simpang Ulim","11.03.09.2007","Matang Kumbang"
"11","Aceh","11.03","Kabupaten Aceh Timur","11.03.09","Simpang Ulim","11.03.09.2008","Blang Nie"
"11","Aceh","11.03","Kabupaten Aceh Timur","11.03.09","Simpang Ulim","11.03.09.2010","Bantayan"
"11","Aceh","11.03","Kabupaten Aceh Timur","11.03.09","Simpang Ulim","11.03.09.2011","Matang Weng"
"11","Aceh","11.03","Kabupaten Aceh Timur","11.03.09","Simpang Ulim","11.03.09.2012","Alue Mulieng"
"11","Aceh","11.03","Kabupaten Aceh Timur","11.03.09","Simpang Ulim","11.03.09.2013","Pucok Alue Dua"
"11","Aceh","11.03","Kabupaten Aceh Timur","11.03.09","Simpang Ulim","11.03.09.2014","Gampong Blang"
"11","Aceh","11.03","Kabupaten Aceh Timur","11.03.09","Simpang Ulim","11.03.09.2015","Keude Tuha"
"11","Aceh","11.03","Kabupaten Aceh Timur","11.03.09","Simpang Ulim","11.03.09.2016","Kuala Simpang Ulim"
"11","Aceh","11.03","Kabupaten Aceh Timur","11.03.09","Simpang Ulim","11.03.09.2017","Lampoh Rayeuk"
"11","Aceh","11.03","Kabupaten Aceh Timur","11.03.09","Simpang Ulim","11.03.09.2018","Teupin Mamplam"
"11","Aceh","11.03","Kabupaten Aceh Timur","11.03.09","Simpang Ulim","11.03.09.2019","Titi Baroh"
"11","Aceh","11.03","Kabupaten Aceh Timur","11.03.09","Simpang Ulim","11.03.09.2020","Pucok Alue Sa"
"11","Aceh","11.03","Kabupaten Aceh Timur","11.03.09","Simpang Ulim","11.03.09.2021","Pucok Alue Barat"
"11","Aceh","11.03","Kabupaten Aceh Timur","11.03.09","Simpang Ulim","11.03.09.2022","Arakundo"
"11","Aceh","11.03","Kabupaten Aceh Timur","11.03.09","Simpang Ulim","11.03.09.2023","Gampong Baro"
"11","Aceh","11.03","Kabupaten Aceh Timur","11.03.09","Simpang Ulim","11.03.09.2024","Matang Seupeng"
"11","Aceh","11.03","Kabupaten Aceh Timur","11.03.10","Ranto Peureulak","11.03.10.2001","Paya Unou"
"11","Aceh","11.03","Kabupaten Aceh Timur","11.03.10","Ranto Peureulak","11.03.10.2002","Seuneubok Johan"
"11","Aceh","11.03","Kabupaten Aceh Timur","11.03.10","Ranto Peureulak","11.03.10.2003","Seuneubok Baro"
"11","Aceh","11.03","Kabupaten Aceh Timur","11.03.10","Ranto Peureulak","11.03.10.2004","Pulo Blang"
"11","Aceh","11.03","Kabupaten Aceh Timur","11.03.10","Ranto Peureulak","11.03.10.2005","Blang Barom"
"11","Aceh","11.03","Kabupaten Aceh Timur","11.03.10","Ranto Peureulak","11.03.10.2006","Seuneubok Dalam"
"11","Aceh","11.03","Kabupaten Aceh Timur","11.03.10","Ranto Peureulak","11.03.10.2007","Seuleumak Muda"
"11","Aceh","11.03","Kabupaten Aceh Timur","11.03.10","Ranto Peureulak","11.03.10.2008","Bhom Lama"
"11","Aceh","11.03","Kabupaten Aceh Timur","11.03.10","Ranto Peureulak","11.03.10.2009","Pasi Puteh"
"11","Aceh","11.03","Kabupaten Aceh Timur","11.03.10","Ranto Peureulak","11.03.10.2010","Alue Dua"
"11","Aceh","11.03","Kabupaten Aceh Timur","11.03.10","Ranto Peureulak","11.03.10.2011","Buket Pala"
"11","Aceh","11.03","Kabupaten Aceh Timur","11.03.10","Ranto Peureulak","11.03.10.2012","Mata Ie"
"11","Aceh","11.03","Kabupaten Aceh Timur","11.03.10","Ranto Peureulak","11.03.10.2013","Alue Udep"
"11","Aceh","11.03","Kabupaten Aceh Timur","11.03.10","Ranto Peureulak","11.03.10.2014","Seumali"
"11","Aceh","11.03","Kabupaten Aceh Timur","11.03.10","Ranto Peureulak","11.03.10.2015","Punti Payong"
"11","Aceh","11.03","Kabupaten Aceh Timur","11.03.10","Ranto Peureulak","11.03.10.2016","Paya Palas"
"11","Aceh","11.03","Kabupaten Aceh Timur","11.03.10","Ranto Peureulak","11.03.10.2017","Tampak"
"11","Aceh","11.03","Kabupaten Aceh Timur","11.03.10","Ranto Peureulak","11.03.10.2018","Kliet"
"11","Aceh","11.03","Kabupaten Aceh Timur","11.03.10","Ranto Peureulak","11.03.10.2019","Alue Geunteng"
"11","Aceh","11.03","Kabupaten Aceh Timur","11.03.10","Ranto Peureulak","11.03.10.2020","Pertamina"
"11","Aceh","11.03","Kabupaten Aceh Timur","11.03.10","Ranto Peureulak","11.03.10.2021","Alue Batee"
"11","Aceh","11.03","Kabupaten Aceh Timur","11.03.10","Ranto Peureulak","11.03.10.2022","Beurandang"
"11","Aceh","11.03","Kabupaten Aceh Timur","11.03.10","Ranto Peureulak","11.03.10.2024","Seumanah Jaya"
"11","Aceh","11.03","Kabupaten Aceh Timur","11.03.11","Pante Bidari","11.03.11.2001","Blang Seunong"
"11","Aceh","11.03","Kabupaten Aceh Timur","11.03.11","Pante Bidari","11.03.11.2002","Suka Damai"
"11","Aceh","11.03","Kabupaten Aceh Timur","11.03.11","Pante Bidari","11.03.11.2003","Pante Labu"
"11","Aceh","11.03","Kabupaten Aceh Timur","11.03.11","Pante Bidari","11.03.11.2004","Pante Rambong"
"11","Aceh","11.03","Kabupaten Aceh Timur","11.03.11","Pante Bidari","11.03.11.2005","Alue Ie Mirah"
"11","Aceh","11.03","Kabupaten Aceh Timur","11.03.11","Pante Bidari","11.03.11.2006","Seuneubok Tuha"
"11","Aceh","11.03","Kabupaten Aceh Timur","11.03.11","Pante Bidari","11.03.11.2007","Seuneubok Saboh"
"11","Aceh","11.03","Kabupaten Aceh Timur","11.03.11","Pante Bidari","11.03.11.2008","Buket Kareung"
"11","Aceh","11.03","Kabupaten Aceh Timur","11.03.11","Pante Bidari","11.03.11.2009","Buket Bata"
"11","Aceh","11.03","Kabupaten Aceh Timur","11.03.11","Pante Bidari","11.03.11.2010","Meunasah Tunong"
"11","Aceh","11.03","Kabupaten Aceh Timur","11.03.11","Pante Bidari","11.03.11.2011","Meunasah Teungoh"
"11","Aceh","11.03","Kabupaten Aceh Timur","11.03.11","Pante Bidari","11.03.11.2012","Keude Baro"
"11","Aceh","11.03","Kabupaten Aceh Timur","11.03.11","Pante Bidari","11.03.11.2013","Matang Perlak"
"11","Aceh","11.03","Kabupaten Aceh Timur","11.03.11","Pante Bidari","11.03.11.2014","Grong-grong"
"11","Aceh","11.03","Kabupaten Aceh Timur","11.03.11","Pante Bidari","11.03.11.2015","Matang Kruet"
"11","Aceh","11.03","Kabupaten Aceh Timur","11.03.11","Pante Bidari","11.03.11.2016","Meunasah Leubok"
"11","Aceh","11.03","Kabupaten Aceh Timur","11.03.11","Pante Bidari","11.03.11.2017","Pante Panah"
"11","Aceh","11.03","Kabupaten Aceh Timur","11.03.11","Pante Bidari","11.03.11.2018","Paya Demam Sa"
"11","Aceh","11.03","Kabupaten Aceh Timur","11.03.11","Pante Bidari","11.03.11.2019","Paya Demam Dua"
"11","Aceh","11.03","Kabupaten Aceh Timur","11.03.11","Pante Bidari","11.03.11.2020","Paya Demam Lhee"
"11","Aceh","11.03","Kabupaten Aceh Timur","11.03.11","Pante Bidari","11.03.11.2021","Matang Pudeng"
"11","Aceh","11.03","Kabupaten Aceh Timur","11.03.11","Pante Bidari","11.03.11.2022","Putoh Sa"
"11","Aceh","11.03","Kabupaten Aceh Timur","11.03.11","Pante Bidari","11.03.11.2023","Putoh Dua"
"11","Aceh","11.03","Kabupaten Aceh Timur","11.03.11","Pante Bidari","11.03.11.2024","Sah Raja"
"11","Aceh","11.03","Kabupaten Aceh Timur","11.03.11","Pante Bidari","11.03.11.2025","Sijudo"
"11","Aceh","11.03","Kabupaten Aceh Timur","11.03.12","Madat","11.03.12.2001","Madat"
"11","Aceh","11.03","Kabupaten Aceh Timur","11.03.12","Madat","11.03.12.2002","Matang Keupula Sa"
"11","Aceh","11.03","Kabupaten Aceh Timur","11.03.12","Madat","11.03.12.2003","Matang Keupula Dua"
"11","Aceh","11.03","Kabupaten Aceh Timur","11.03.12","Madat","11.03.12.2004","Matang Keupula Lhee"
"11","Aceh","11.03","Kabupaten Aceh Timur","11.03.12","Madat","11.03.12.2005","Ulee Ateung"
"11","Aceh","11.03","Kabupaten Aceh Timur","11.03.12","Madat","11.03.12.2006","Blang Ubit"
"11","Aceh","11.03","Kabupaten Aceh Timur","11.03.12","Madat","11.03.12.2007","Matang Guru"
"11","Aceh","11.03","Kabupaten Aceh Timur","11.03.12","Madat","11.03.12.2008","Pantee Bayam"
"11","Aceh","11.03","Kabupaten Aceh Timur","11.03.12","Madat","11.03.12.2009","Meunasah Asan"
"11","Aceh","11.03","Kabupaten Aceh Timur","11.03.12","Madat","11.03.12.2010","Meunasah Tingkeum"
"11","Aceh","11.03","Kabupaten Aceh Timur","11.03.12","Madat","11.03.12.2011","Lueng Dua"
"11","Aceh","11.03","Kabupaten Aceh Timur","11.03.12","Madat","11.03.12.2012","Lueng Peut"
"11","Aceh","11.03","Kabupaten Aceh Timur","11.03.12","Madat","11.03.12.2013","Paya Demam Peut"
"11","Aceh","11.03","Kabupaten Aceh Timur","11.03.12","Madat","11.03.12.2014","Abeuk Geulanteu"
"11","Aceh","11.03","Kabupaten Aceh Timur","11.03.12","Madat","11.03.12.2015","Rambong Lop"
"11","Aceh","11.03","Kabupaten Aceh Timur","11.03.12","Madat","11.03.12.2016","Tanjong Ara"
"11","Aceh","11.03","Kabupaten Aceh Timur","11.03.12","Madat","11.03.12.2017","Matang Jrok"
"11","Aceh","11.03","Kabupaten Aceh Timur","11.03.12","Madat","11.03.12.2018","Paya Naden"
"11","Aceh","11.03","Kabupaten Aceh Timur","11.03.12","Madat","11.03.12.2019","Tanjong Minjei"
"11","Aceh","11.03","Kabupaten Aceh Timur","11.03.12","Madat","11.03.12.2020","Pante Merbo"
"11","Aceh","11.03","Kabupaten Aceh Timur","11.03.12","Madat","11.03.12.2021","Blang Awe"
"11","Aceh","11.03","Kabupaten Aceh Timur","11.03.12","Madat","11.03.12.2022","Bintah"
"11","Aceh","11.03","Kabupaten Aceh Timur","11.03.12","Madat","11.03.12.2023","Seuneubok Pidie"
"11","Aceh","11.03","Kabupaten Aceh Timur","11.03.12","Madat","11.03.12.2024","Blang Andam"
"11","Aceh","11.03","Kabupaten Aceh Timur","11.03.12","Madat","11.03.12.2025","Matang Nibong"
"11","Aceh","11.03","Kabupaten Aceh Timur","11.03.12","Madat","11.03.12.2026","Lueng Sa"
"11","Aceh","11.03","Kabupaten Aceh Timur","11.03.13","Indra Makmu","11.03.13.2001","Seuneubok Bayu"
"11","Aceh","11.03","Kabupaten Aceh Timur","11.03.13","Indra Makmu","11.03.13.2002","Alue Ie Itam"
"11","Aceh","11.03","Kabupaten Aceh Timur","11.03.13","Indra Makmu","11.03.13.2003","Blang Nisan"
"11","Aceh","11.03","Kabupaten Aceh Timur","11.03.13","Indra Makmu","11.03.13.2004","Bandar Baro"
"11","Aceh","11.03","Kabupaten Aceh Timur","11.03.13","Indra Makmu","11.03.13.2005","Alue Patong"
"11","Aceh","11.03","Kabupaten Aceh Timur","11.03.13","Indra Makmu","11.03.13.2006","Alue Ie Mirah"
"11","Aceh","11.03","Kabupaten Aceh Timur","11.03.13","Indra Makmu","11.03.13.2007","Suka Makmur"
"11","Aceh","11.03","Kabupaten Aceh Timur","11.03.13","Indra Makmu","11.03.13.2008","Jambo Balee"
"11","Aceh","11.03","Kabupaten Aceh Timur","11.03.13","Indra Makmu","11.03.13.2009","Jambo Lubok"
"11","Aceh","11.03","Kabupaten Aceh Timur","11.03.13","Indra Makmu","11.03.13.2010","Seuneubok Cina"
"11","Aceh","11.03","Kabupaten Aceh Timur","11.03.13","Indra Makmu","11.03.13.2011","Pelita Sagop Jaya"
"11","Aceh","11.03","Kabupaten Aceh Timur","11.03.13","Indra Makmu","11.03.13.2012","Perkebunan Julok Rayeuk Selatan"
"11","Aceh","11.03","Kabupaten Aceh Timur","11.03.13","Indra Makmu","11.03.13.2013","Perkebunan Julok Rayeuk Utara"
"11","Aceh","11.03","Kabupaten Aceh Timur","11.03.14","Idi Tunong","11.03.14.2001","Seuneubok Buloh"
"11","Aceh","11.03","Kabupaten Aceh Timur","11.03.14","Idi Tunong","11.03.14.2002","Seuneubok Baro"
"11","Aceh","11.03","Kabupaten Aceh Timur","11.03.14","Idi Tunong","11.03.14.2003","Seuneubok Meureudu"
"11","Aceh","11.03","Kabupaten Aceh Timur","11.03.14","Idi Tunong","11.03.14.2004","Seuneubok Teupin Panah"
"11","Aceh","11.03","Kabupaten Aceh Timur","11.03.14","Idi Tunong","11.03.14.2005","Teupin Panah"
"11","Aceh","11.03","Kabupaten Aceh Timur","11.03.14","Idi Tunong","11.03.14.2006","Gampong Keumuneng"
"11","Aceh","11.03","Kabupaten Aceh Timur","11.03.14","Idi Tunong","11.03.14.2007","Keude Keumuneng"
"11","Aceh","11.03","Kabupaten Aceh Timur","11.03.14","Idi Tunong","11.03.14.2008","Keumuneng Lhok"
"11","Aceh","11.03","Kabupaten Aceh Timur","11.03.14","Idi Tunong","11.03.14.2009","Paya Awee"
"11","Aceh","11.03","Kabupaten Aceh Timur","11.03.14","Idi Tunong","11.03.14.2010","Paya Gaboh"
"11","Aceh","11.03","Kabupaten Aceh Timur","11.03.14","Idi Tunong","11.03.14.2011","Padang Kasah"
"11","Aceh","11.03","Kabupaten Aceh Timur","11.03.14","Idi Tunong","11.03.14.2012","Buket Teukuh"
"11","Aceh","11.03","Kabupaten Aceh Timur","11.03.14","Idi Tunong","11.03.14.2013","Buket Pu'uk"
"11","Aceh","11.03","Kabupaten Aceh Timur","11.03.14","Idi Tunong","11.03.14.2014","Blang Minjei"
"11","Aceh","11.03","Kabupaten Aceh Timur","11.03.14","Idi Tunong","11.03.14.2015","Alue Kumbang A"
"11","Aceh","11.03","Kabupaten Aceh Timur","11.03.14","Idi Tunong","11.03.14.2016","Alue Kumbang M"
"11","Aceh","11.03","Kabupaten Aceh Timur","11.03.14","Idi Tunong","11.03.14.2017","Alue Lhok"
"11","Aceh","11.03","Kabupaten Aceh Timur","11.03.14","Idi Tunong","11.03.14.2018","Seuneubok Buya"
"11","Aceh","11.03","Kabupaten Aceh Timur","11.03.14","Idi Tunong","11.03.14.2019","Seuneubok Drien"
"11","Aceh","11.03","Kabupaten Aceh Timur","11.03.14","Idi Tunong","11.03.14.2020","Bantayan Barat"
"11","Aceh","11.03","Kabupaten Aceh Timur","11.03.14","Idi Tunong","11.03.14.2021","Blang Guci"
"11","Aceh","11.03","Kabupaten Aceh Timur","11.03.14","Idi Tunong","11.03.14.2022","Buket Rumiya"
"11","Aceh","11.03","Kabupaten Aceh Timur","11.03.14","Idi Tunong","11.03.14.2023","Seuneubok Punti"
"11","Aceh","11.03","Kabupaten Aceh Timur","11.03.14","Idi Tunong","11.03.14.2024","Seuneubok Jalan"
"11","Aceh","11.03","Kabupaten Aceh Timur","11.03.14","Idi Tunong","11.03.14.2025","Seuneubok Dalam"
"11","Aceh","11.03","Kabupaten Aceh Timur","11.03.15","Banda Alam","11.03.15.2001","Jalan Dua"
"11","Aceh","11.03","Kabupaten Aceh Timur","11.03.15","Banda Alam","11.03.15.2002","Jambo Reuhat"
"11","Aceh","11.03","Kabupaten Aceh Timur","11.03.15","Banda Alam","11.03.15.2003","Seuneubok Benteng"
"11","Aceh","11.03","Kabupaten Aceh Timur","11.03.15","Banda Alam","11.03.15.2004","Seuneubok Pango"
"11","Aceh","11.03","Kabupaten Aceh Timur","11.03.15","Banda Alam","11.03.15.2005","Seuneubok Simpang"
"11","Aceh","11.03","Kabupaten Aceh Timur","11.03.15","Banda Alam","11.03.15.2006","Seuneubok Kandang"
"11","Aceh","11.03","Kabupaten Aceh Timur","11.03.15","Banda Alam","11.03.15.2007","Ulee Jalan"
"11","Aceh","11.03","Kabupaten Aceh Timur","11.03.15","Banda Alam","11.03.15.2008","Uram Jalan"
"11","Aceh","11.03","Kabupaten Aceh Timur","11.03.15","Banda Alam","11.03.15.2009","Seuneubok Bayu"
"11","Aceh","11.03","Kabupaten Aceh Timur","11.03.15","Banda Alam","11.03.15.2010","Blang Rambong"
"11","Aceh","11.03","Kabupaten Aceh Timur","11.03.15","Banda Alam","11.03.15.2011","Buket Drien"
"11","Aceh","11.03","Kabupaten Aceh Timur","11.03.15","Banda Alam","11.03.15.2012","Panton Rayeuk A"
"11","Aceh","11.03","Kabupaten Aceh Timur","11.03.15","Banda Alam","11.03.15.2013","Panton Rayeuk B"
"11","Aceh","11.03","Kabupaten Aceh Timur","11.03.15","Banda Alam","11.03.15.2014","Panton Rayeuk M"
"11","Aceh","11.03","Kabupaten Aceh Timur","11.03.15","Banda Alam","11.03.15.2015","Panton Rayeuk T"
"11","Aceh","11.03","Kabupaten Aceh Timur","11.03.15","Banda Alam","11.03.15.2016","Paya Laman"
"11","Aceh","11.03","Kabupaten Aceh Timur","11.03.16","Peudawa","11.03.16.2001","Gampong Keude"
"11","Aceh","11.03","Kabupaten Aceh Timur","11.03.16","Peudawa","11.03.16.2002","Meunasah Krueng"
"11","Aceh","11.03","Kabupaten Aceh Timur","11.03.16","Peudawa","11.03.16.2003","Kuta Baro"
"11","Aceh","11.03","Kabupaten Aceh Timur","11.03.16","Peudawa","11.03.16.2004","Alue Batee"
"11","Aceh","11.03","Kabupaten Aceh Timur","11.03.16","Peudawa","11.03.16.2005","Matang Rayeuk"
"11","Aceh","11.03","Kabupaten Aceh Timur","11.03.16","Peudawa","11.03.16.2006","Paya Bili Dua"
"11","Aceh","11.03","Kabupaten Aceh Timur","11.03.16","Peudawa","11.03.16.2007","Alue Ie Itam"
"11","Aceh","11.03","Kabupaten Aceh Timur","11.03.16","Peudawa","11.03.16.2008","Asan Rampak"
"11","Aceh","11.03","Kabupaten Aceh Timur","11.03.16","Peudawa","11.03.16.2009","Gampong Kuala"
"11","Aceh","11.03","Kabupaten Aceh Timur","11.03.16","Peudawa","11.03.16.2010","Paya Dua"
"11","Aceh","11.03","Kabupaten Aceh Timur","11.03.16","Peudawa","11.03.16.2011","Seuneubok Teungoh"
"11","Aceh","11.03","Kabupaten Aceh Timur","11.03.16","Peudawa","11.03.16.2012","Buket Kuta"
"11","Aceh","11.03","Kabupaten Aceh Timur","11.03.16","Peudawa","11.03.16.2013","Sama Dua"
"11","Aceh","11.03","Kabupaten Aceh Timur","11.03.16","Peudawa","11.03.16.2014","Blang Kuta"
"11","Aceh","11.03","Kabupaten Aceh Timur","11.03.16","Peudawa","11.03.16.2015","Blang Buket"
"11","Aceh","11.03","Kabupaten Aceh Timur","11.03.16","Peudawa","11.03.16.2016","Seuneubok Peunteut"
"11","Aceh","11.03","Kabupaten Aceh Timur","11.03.16","Peudawa","11.03.16.2017","Paya Bili Sa"
"11","Aceh","11.03","Kabupaten Aceh Timur","11.03.17","Peureulak Timur","11.03.17.2001","Babah Krueng"
"11","Aceh","11.03","Kabupaten Aceh Timur","11.03.17","Peureulak Timur","11.03.17.2002","Kruet Lintang"
"11","Aceh","11.03","Kabupaten Aceh Timur","11.03.17","Peureulak Timur","11.03.17.2003","Jengki"
"11","Aceh","11.03","Kabupaten Aceh Timur","11.03.17","Peureulak Timur","11.03.17.2004","Buket Meriam"
"11","Aceh","11.03","Kabupaten Aceh Timur","11.03.17","Peureulak Timur","11.03.17.2005","Alue Gureb"
"11","Aceh","11.03","Kabupaten Aceh Timur","11.03.17","Peureulak Timur","11.03.17.2006","Seuneubok Teupin"
"11","Aceh","11.03","Kabupaten Aceh Timur","11.03.17","Peureulak Timur","11.03.17.2007","Seuneubok Teungoh"
"11","Aceh","11.03","Kabupaten Aceh Timur","11.03.17","Peureulak Timur","11.03.17.2008","Alue Bugeng"
"11","Aceh","11.03","Kabupaten Aceh Timur","11.03.17","Peureulak Timur","11.03.17.2009","Seuneubok Punti"
"11","Aceh","11.03","Kabupaten Aceh Timur","11.03.17","Peureulak Timur","11.03.17.2010","Seumatang Keude"
"11","Aceh","11.03","Kabupaten Aceh Timur","11.03.17","Peureulak Timur","11.03.17.2011","Seuneubok Jalan"
"11","Aceh","11.03","Kabupaten Aceh Timur","11.03.17","Peureulak Timur","11.03.17.2012","Seuneubok Paya"
"11","Aceh","11.03","Kabupaten Aceh Timur","11.03.17","Peureulak Timur","11.03.17.2013","Alue Tho"
"11","Aceh","11.03","Kabupaten Aceh Timur","11.03.17","Peureulak Timur","11.03.17.2014","Seuneubok Rawang"
"11","Aceh","11.03","Kabupaten Aceh Timur","11.03.17","Peureulak Timur","11.03.17.2015","Alue Bu Alue Nireh"
"11","Aceh","11.03","Kabupaten Aceh Timur","11.03.17","Peureulak Timur","11.03.17.2016","Seuneubok Dalam"
"11","Aceh","11.03","Kabupaten Aceh Timur","11.03.17","Peureulak Timur","11.03.17.2017","Seuneubok Lapang"
"11","Aceh","11.03","Kabupaten Aceh Timur","11.03.17","Peureulak Timur","11.03.17.2018","Gelanggang Meurak"
"11","Aceh","11.03","Kabupaten Aceh Timur","11.03.17","Peureulak Timur","11.03.17.2019","Alue Bu Alue Lhok"
"11","Aceh","11.03","Kabupaten Aceh Timur","11.03.17","Peureulak Timur","11.03.17.2020","Tualang Pateng"
"11","Aceh","11.03","Kabupaten Aceh Timur","11.03.18","Peureulak Barat","11.03.18.2001","Beusa Seberang"
"11","Aceh","11.03","Kabupaten Aceh Timur","11.03.18","Peureulak Barat","11.03.18.2002","Mon Geudong"
"11","Aceh","11.03","Kabupaten Aceh Timur","11.03.18","Peureulak Barat","11.03.18.2003","Paya Seungat"
"11","Aceh","11.03","Kabupaten Aceh Timur","11.03.18","Peureulak Barat","11.03.18.2004","Teumpeun"
"11","Aceh","11.03","Kabupaten Aceh Timur","11.03.18","Peureulak Barat","11.03.18.2005","Alue Bu Tuha"
"11","Aceh","11.03","Kabupaten Aceh Timur","11.03.18","Peureulak Barat","11.03.18.2006","Alue Bu Jalan"
"11","Aceh","11.03","Kabupaten Aceh Timur","11.03.18","Peureulak Barat","11.03.18.2007","Tanjong Tualang"
"11","Aceh","11.03","Kabupaten Aceh Timur","11.03.18","Peureulak Barat","11.03.18.2008","Beringen"
"11","Aceh","11.03","Kabupaten Aceh Timur","11.03.18","Peureulak Barat","11.03.18.2009","Kebon Tempeun"
"11","Aceh","11.03","Kabupaten Aceh Timur","11.03.18","Peureulak Barat","11.03.18.2010","Paya Gajah"
"11","Aceh","11.03","Kabupaten Aceh Timur","11.03.18","Peureulak Barat","11.03.18.2011","Kabu"
"11","Aceh","11.03","Kabupaten Aceh Timur","11.03.18","Peureulak Barat","11.03.18.2012","Paya Biek"
"11","Aceh","11.03","Kabupaten Aceh Timur","11.03.18","Peureulak Barat","11.03.18.2013","Beusa Baroh"
"11","Aceh","11.03","Kabupaten Aceh Timur","11.03.18","Peureulak Barat","11.03.18.2014","Alue Bu Jalan Baroh"
"11","Aceh","11.03","Kabupaten Aceh Timur","11.03.18","Peureulak Barat","11.03.18.2015","Alue Bu Tunong"
"11","Aceh","11.03","Kabupaten Aceh Timur","11.03.19","Sungai Raya","11.03.19.2001","Alue Rangan"
"11","Aceh","11.03","Kabupaten Aceh Timur","11.03.19","Sungai Raya","11.03.19.2002","Geulumpang Payong"
"11","Aceh","11.03","Kabupaten Aceh Timur","11.03.19","Sungai Raya","11.03.19.2003","Labuhan Keudee"
"11","Aceh","11.03","Kabupaten Aceh Timur","11.03.19","Sungai Raya","11.03.19.2004","Buket Seulamat"
"11","Aceh","11.03","Kabupaten Aceh Timur","11.03.19","Sungai Raya","11.03.19.2005","Buket Drien"
"11","Aceh","11.03","Kabupaten Aceh Timur","11.03.19","Sungai Raya","11.03.19.2006","Alue Itam"
"11","Aceh","11.03","Kabupaten Aceh Timur","11.03.19","Sungai Raya","11.03.19.2007","Paya Keutapang"
"11","Aceh","11.03","Kabupaten Aceh Timur","11.03.19","Sungai Raya","11.03.19.2008","Gajah Mentah"
"11","Aceh","11.03","Kabupaten Aceh Timur","11.03.19","Sungai Raya","11.03.19.2009","Seuneubok Pase"
"11","Aceh","11.03","Kabupaten Aceh Timur","11.03.19","Sungai Raya","11.03.19.2010","Seuneubok Aceh"
"11","Aceh","11.03","Kabupaten Aceh Timur","11.03.19","Sungai Raya","11.03.19.2011","Krueng Lingka"
"11","Aceh","11.03","Kabupaten Aceh Timur","11.03.19","Sungai Raya","11.03.19.2012","Sungai Simpang"
"11","Aceh","11.03","Kabupaten Aceh Timur","11.03.19","Sungai Raya","11.03.19.2013","Kuala Parek"
"11","Aceh","11.03","Kabupaten Aceh Timur","11.03.20","Simpang Jernih","11.03.20.2001","Simpang Jernih"
"11","Aceh","11.03","Kabupaten Aceh Timur","11.03.20","Simpang Jernih","11.03.20.2002","Batu Sumbang"
"11","Aceh","11.03","Kabupaten Aceh Timur","11.03.20","Simpang Jernih","11.03.20.2003","Pante Kera"
"11","Aceh","11.03","Kabupaten Aceh Timur","11.03.20","Simpang Jernih","11.03.20.2004","Rantau Panjang"
"11","Aceh","11.03","Kabupaten Aceh Timur","11.03.20","Simpang Jernih","11.03.20.2005","Melidi"
"11","Aceh","11.03","Kabupaten Aceh Timur","11.03.20","Simpang Jernih","11.03.20.2006","Tampur Paloh"
"11","Aceh","11.03","Kabupaten Aceh Timur","11.03.20","Simpang Jernih","11.03.20.2007","Tampur Boor"
"11","Aceh","11.03","Kabupaten Aceh Timur","11.03.20","Simpang Jernih","11.03.20.2008","HTI Rantau Naro"
"11","Aceh","11.03","Kabupaten Aceh Timur","11.03.21","Darul Ihsan","11.03.21.2001","Meudang Ara"
"11","Aceh","11.03","Kabupaten Aceh Timur","11.03.21","Darul Ihsan","11.03.21.2002","Gunong Putoh"
"11","Aceh","11.03","Kabupaten Aceh Timur","11.03.21","Darul Ihsan","11.03.21.2003","Meunasah Aroen"
"11","Aceh","11.03","Kabupaten Aceh Timur","11.03.21","Darul Ihsan","11.03.21.2004","Keude Dua"
"11","Aceh","11.03","Kabupaten Aceh Timur","11.03.21","Darul Ihsan","11.03.21.2005","Seuneubok Lapang"
"11","Aceh","11.03","Kabupaten Aceh Timur","11.03.21","Darul Ihsan","11.03.21.2006","Alue Jangat"
"11","Aceh","11.03","Kabupaten Aceh Timur","11.03.21","Darul Ihsan","11.03.21.2007","Buket Peulawi"
"11","Aceh","11.03","Kabupaten Aceh Timur","11.03.21","Darul Ihsan","11.03.21.2008","Lhok Panjoe"
"11","Aceh","11.03","Kabupaten Aceh Timur","11.03.21","Darul Ihsan","11.03.21.2009","Seuneubok Aceh Baro"
"11","Aceh","11.03","Kabupaten Aceh Timur","11.03.21","Darul Ihsan","11.03.21.2010","Pulo Blang"
"11","Aceh","11.03","Kabupaten Aceh Timur","11.03.21","Darul Ihsan","11.03.21.2011","Lhok Dalam"
"11","Aceh","11.03","Kabupaten Aceh Timur","11.03.21","Darul Ihsan","11.03.21.2012","Lhok Leumak"
"11","Aceh","11.03","Kabupaten Aceh Timur","11.03.21","Darul Ihsan","11.03.21.2013","Seuneubok Kulam"
"11","Aceh","11.03","Kabupaten Aceh Timur","11.03.21","Darul Ihsan","11.03.21.2014","Panton Meurebo"
"11","Aceh","11.03","Kabupaten Aceh Timur","11.03.21","Darul Ihsan","11.03.21.2015","Seuneubok Teungoh"
"11","Aceh","11.03","Kabupaten Aceh Timur","11.03.21","Darul Ihsan","11.03.21.2016","Lhok Meureu"
"11","Aceh","11.03","Kabupaten Aceh Timur","11.03.22","Darul Falah","11.03.22.2001","Tunong Bugeng"
"11","Aceh","11.03","Kabupaten Aceh Timur","11.03.22","Darul Falah","11.03.22.2002","Cempeudak"
"11","Aceh","11.03","Kabupaten Aceh Timur","11.03.22","Darul Falah","11.03.22.2003","Buket Tufah"
"11","Aceh","11.03","Kabupaten Aceh Timur","11.03.22","Darul Falah","11.03.22.2004","Tunong Ulee Gajah"
"11","Aceh","11.03","Kabupaten Aceh Timur","11.03.22","Darul Falah","11.03.22.2005","Keudondong"
"11","Aceh","11.03","Kabupaten Aceh Timur","11.03.22","Darul Falah","11.03.22.2006","Seuneubok Panton"
"11","Aceh","11.03","Kabupaten Aceh Timur","11.03.22","Darul Falah","11.03.22.2007","Buket Teumpeun"
"11","Aceh","11.03","Kabupaten Aceh Timur","11.03.22","Darul Falah","11.03.22.2008","Keude Blang"
"11","Aceh","11.03","Kabupaten Aceh Timur","11.03.22","Darul Falah","11.03.22.2009","Paya Kruep"
"11","Aceh","11.03","Kabupaten Aceh Timur","11.03.22","Darul Falah","11.03.22.2010","Tunong Paya Kruep"
"11","Aceh","11.03","Kabupaten Aceh Timur","11.03.22","Darul Falah","11.03.22.2011","Alue Siwah"
"11","Aceh","11.03","Kabupaten Aceh Timur","11.03.23","Idi Timur","11.03.23.2001","Keutapang Dua"
"11","Aceh","11.03","Kabupaten Aceh Timur","11.03.23","Idi Timur","11.03.23.2002","Matang Rayeuk PP"
"11","Aceh","11.03","Kabupaten Aceh Timur","11.03.23","Idi Timur","11.03.23.2003","Meunasah Jeumpa"
"11","Aceh","11.03","Kabupaten Aceh Timur","11.03.23","Idi Timur","11.03.23.2004","Lhok Asahan"
"11","Aceh","11.03","Kabupaten Aceh Timur","11.03.23","Idi Timur","11.03.23.2005","Tualang Dalam"
"11","Aceh","11.03","Kabupaten Aceh Timur","11.03.23","Idi Timur","11.03.23.2006","Seuneubok Kuyun"
"11","Aceh","11.03","Kabupaten Aceh Timur","11.03.23","Idi Timur","11.03.23.2007","Ulee Glee"
"11","Aceh","11.03","Kabupaten Aceh Timur","11.03.23","Idi Timur","11.03.23.2008","Seuneubok Barat"
"11","Aceh","11.03","Kabupaten Aceh Timur","11.03.23","Idi Timur","11.03.23.2009","Seuneubok Teungoh"
"11","Aceh","11.03","Kabupaten Aceh Timur","11.03.23","Idi Timur","11.03.23.2010","Seuneubok Timu"
"11","Aceh","11.03","Kabupaten Aceh Timur","11.03.23","Idi Timur","11.03.23.2011","Matang Bungong"
"11","Aceh","11.03","Kabupaten Aceh Timur","11.03.23","Idi Timur","11.03.23.2012","Matang Rayeuk SMK"
"11","Aceh","11.03","Kabupaten Aceh Timur","11.03.23","Idi Timur","11.03.23.2013","Seuneubok Dalam"
"11","Aceh","11.03","Kabupaten Aceh Timur","11.03.24","Peunaron","11.03.24.2001","Arul Pinang"
"11","Aceh","11.03","Kabupaten Aceh Timur","11.03.24","Peunaron","11.03.24.2002","Peunaron Baru"
"11","Aceh","11.03","Kabupaten Aceh Timur","11.03.24","Peunaron","11.03.24.2003","Peunaron Lama"
"11","Aceh","11.03","Kabupaten Aceh Timur","11.03.24","Peunaron","11.03.24.2004","Bukit Tiga"
"11","Aceh","11.03","Kabupaten Aceh Timur","11.03.24","Peunaron","11.03.24.2006","Sri Mulya"
"11","Aceh","11.04","Kabupaten Aceh Tengah","11.04.01","Linge","11.04.01.2003","Delung Sekinel"
"11","Aceh","11.04","Kabupaten Aceh Tengah","11.04.01","Linge","11.04.01.2005","Gelampang Gading"
"11","Aceh","11.04","Kabupaten Aceh Tengah","11.04.01","Linge","11.04.01.2006","Gewat"
"11","Aceh","11.04","Kabupaten Aceh Tengah","11.04.01","Linge","11.04.01.2008","Jamat"
"11","Aceh","11.04","Kabupaten Aceh Tengah","11.04.01","Linge","11.04.01.2009","Kemerleng"
"11","Aceh","11.04","Kabupaten Aceh Tengah","11.04.01","Linge","11.04.01.2010","Kute Baru"
"11","Aceh","11.04","Kabupaten Aceh Tengah","11.04.01","Linge","11.04.01.2011","Kute Keramil"
"11","Aceh","11.04","Kabupaten Aceh Tengah","11.04.01","Linge","11.04.01.2012","Kute Rayang"
"11","Aceh","11.04","Kabupaten Aceh Tengah","11.04.01","Linge","11.04.01.2013","Kute Riyem"
"11","Aceh","11.04","Kabupaten Aceh Tengah","11.04.01","Linge","11.04.01.2014","Kute Robel"
"11","Aceh","11.04","Kabupaten Aceh Tengah","11.04.01","Linge","11.04.01.2015","Linge"
"11","Aceh","11.04","Kabupaten Aceh Tengah","11.04.01","Linge","11.04.01.2016","Lumut"
"11","Aceh","11.04","Kabupaten Aceh Tengah","11.04.01","Linge","11.04.01.2018","Mungkur"
"11","Aceh","11.04","Kabupaten Aceh Tengah","11.04.01","Linge","11.04.01.2019","Owaq"
"11","Aceh","11.04","Kabupaten Aceh Tengah","11.04.01","Linge","11.04.01.2020","Pantan Nangka"
"11","Aceh","11.04","Kabupaten Aceh Tengah","11.04.01","Linge","11.04.01.2021","Penarun"
"11","Aceh","11.04","Kabupaten Aceh Tengah","11.04.01","Linge","11.04.01.2022","Simpang Tige Uning"
"11","Aceh","11.04","Kabupaten Aceh Tengah","11.04.01","Linge","11.04.01.2023","Umang"
"11","Aceh","11.04","Kabupaten Aceh Tengah","11.04.01","Linge","11.04.01.2024","Despot Linge"
"11","Aceh","11.04","Kabupaten Aceh Tengah","11.04.01","Linge","11.04.01.2025","Gemboyah"
"11","Aceh","11.04","Kabupaten Aceh Tengah","11.04.01","Linge","11.04.01.2031","Arul Item"
"11","Aceh","11.04","Kabupaten Aceh Tengah","11.04.01","Linge","11.04.01.2032","Ise-Ise"
"11","Aceh","11.04","Kabupaten Aceh Tengah","11.04.01","Linge","11.04.01.2033","Kute Reje"
"11","Aceh","11.04","Kabupaten Aceh Tengah","11.04.01","Linge","11.04.01.2034","Reje Payung"
"11","Aceh","11.04","Kabupaten Aceh Tengah","11.04.01","Linge","11.04.01.2035","Pantan Reduk"
"11","Aceh","11.04","Kabupaten Aceh Tengah","11.04.01","Linge","11.04.01.2036","Antara"
"11","Aceh","11.04","Kabupaten Aceh Tengah","11.04.02","Silih Nara","11.04.02.2001","Arul Gele"
"11","Aceh","11.04","Kabupaten Aceh Tengah","11.04.02","Silih Nara","11.04.02.2002","Arul Kumer"
"11","Aceh","11.04","Kabupaten Aceh Tengah","11.04.02","Silih Nara","11.04.02.2003","Burni Bius"
"11","Aceh","11.04","Kabupaten Aceh Tengah","11.04.02","Silih Nara","11.04.02.2004","Genting Gerbang"
"11","Aceh","11.04","Kabupaten Aceh Tengah","11.04.02","Silih Nara","11.04.02.2005","Gunung Singit"
"11","Aceh","11.04","Kabupaten Aceh Tengah","11.04.02","Silih Nara","11.04.02.2007","Pepayungen Angkup"
"11","Aceh","11.04","Kabupaten Aceh Tengah","11.04.02","Silih Nara","11.04.02.2008","Remesen"
"11","Aceh","11.04","Kabupaten Aceh Tengah","11.04.02","Silih Nara","11.04.02.2009","Rutih"
"11","Aceh","11.04","Kabupaten Aceh Tengah","11.04.02","Silih Nara","11.04.02.2010","Semelit Mutiara"
"11","Aceh","11.04","Kabupaten Aceh Tengah","11.04.02","Silih Nara","11.04.02.2012","Wih Porak"
"11","Aceh","11.04","Kabupaten Aceh Tengah","11.04.02","Silih Nara","11.04.02.2013","Wihni Bakong"
"11","Aceh","11.04","Kabupaten Aceh Tengah","11.04.02","Silih Nara","11.04.02.2014","Wihni Durin"
"11","Aceh","11.04","Kabupaten Aceh Tengah","11.04.02","Silih Nara","11.04.02.2016","Arul Putih"
"11","Aceh","11.04","Kabupaten Aceh Tengah","11.04.02","Silih Nara","11.04.02.2017","Arul Relem"
"11","Aceh","11.04","Kabupaten Aceh Tengah","11.04.02","Silih Nara","11.04.02.2018","Burni Bius Baru"
"11","Aceh","11.04","Kabupaten Aceh Tengah","11.04.02","Silih Nara","11.04.02.2019","Jerata"
"11","Aceh","11.04","Kabupaten Aceh Tengah","11.04.02","Silih Nara","11.04.02.2022","Paya Beke"
"11","Aceh","11.04","Kabupaten Aceh Tengah","11.04.02","Silih Nara","11.04.02.2023","Paya Pelu"
"11","Aceh","11.04","Kabupaten Aceh Tengah","11.04.02","Silih Nara","11.04.02.2026","Rebe Gedung"
"11","Aceh","11.04","Kabupaten Aceh Tengah","11.04.02","Silih Nara","11.04.02.2027","Reremal"
"11","Aceh","11.04","Kabupaten Aceh Tengah","11.04.02","Silih Nara","11.04.02.2029","Sanehen"
"11","Aceh","11.04","Kabupaten Aceh Tengah","11.04.02","Silih Nara","11.04.02.2030","Simpang Kemili"
"11","Aceh","11.04","Kabupaten Aceh Tengah","11.04.02","Silih Nara","11.04.02.2031","Tenebuk Kampung Baru"
"11","Aceh","11.04","Kabupaten Aceh Tengah","11.04.02","Silih Nara","11.04.02.2032","Terang Engon"
"11","Aceh","11.04","Kabupaten Aceh Tengah","11.04.02","Silih Nara","11.04.02.2033","Wih Pesam"
"11","Aceh","11.04","Kabupaten Aceh Tengah","11.04.02","Silih Nara","11.04.02.2034","Bius Utama"
"11","Aceh","11.04","Kabupaten Aceh Tengah","11.04.02","Silih Nara","11.04.02.2035","Mekar Indah"
"11","Aceh","11.04","Kabupaten Aceh Tengah","11.04.02","Silih Nara","11.04.02.2036","Mulie Jadi"
"11","Aceh","11.04","Kabupaten Aceh Tengah","11.04.02","Silih Nara","11.04.02.2037","Wih Bersih"
"11","Aceh","11.04","Kabupaten Aceh Tengah","11.04.02","Silih Nara","11.04.02.2038","Wih Sagi Indah"
"11","Aceh","11.04","Kabupaten Aceh Tengah","11.04.02","Silih Nara","11.04.02.2039","Arul Kumer Barat"
"11","Aceh","11.04","Kabupaten Aceh Tengah","11.04.02","Silih Nara","11.04.02.2040","Arul Kumer Timur"
"11","Aceh","11.04","Kabupaten Aceh Tengah","11.04.02","Silih Nara","11.04.02.2041","Arul Kumer Selatan"
"11","Aceh","11.04","Kabupaten Aceh Tengah","11.04.03","Bebesen","11.04.03.2001","Blang Kolak I"
"11","Aceh","11.04","Kabupaten Aceh Tengah","11.04.03","Bebesen","11.04.03.2002","Bebesan"
"11","Aceh","11.04","Kabupaten Aceh Tengah","11.04.03","Bebesen","11.04.03.2003","Mongal"
"11","Aceh","11.04","Kabupaten Aceh Tengah","11.04.03","Bebesen","11.04.03.2004","Daling"
"11","Aceh","11.04","Kabupaten Aceh Tengah","11.04.03","Bebesen","11.04.03.2005","Tensaran"
"11","Aceh","11.04","Kabupaten Aceh Tengah","11.04.03","Bebesen","11.04.03.2006","Lelabu"
"11","Aceh","11.04","Kabupaten Aceh Tengah","11.04.03","Bebesen","11.04.03.2007","Blang Gele"
"11","Aceh","11.04","Kabupaten Aceh Tengah","11.04.03","Bebesen","11.04.03.2008","Kemili"
"11","Aceh","11.04","Kabupaten Aceh Tengah","11.04.03","Bebesen","11.04.03.2009","Tan Saril"
"11","Aceh","11.04","Kabupaten Aceh Tengah","11.04.03","Bebesen","11.04.03.2010","Blang Kolak II"
"11","Aceh","11.04","Kabupaten Aceh Tengah","11.04.03","Bebesen","11.04.03.2011","Umang"
"11","Aceh","11.04","Kabupaten Aceh Tengah","11.04.03","Bebesen","11.04.03.2012","Simpang IV"
"11","Aceh","11.04","Kabupaten Aceh Tengah","11.04.03","Bebesen","11.04.03.2013","Bahgie"
"11","Aceh","11.04","Kabupaten Aceh Tengah","11.04.03","Bebesen","11.04.03.2014","Keramat Mupakat"
"11","Aceh","11.04","Kabupaten Aceh Tengah","11.04.03","Bebesen","11.04.03.2015","Atu Gajah Reje Guru"
"11","Aceh","11.04","Kabupaten Aceh Tengah","11.04.03","Bebesen","11.04.03.2016","Atu Tulu"
"11","Aceh","11.04","Kabupaten Aceh Tengah","11.04.03","Bebesen","11.04.03.2017","Burbiah"
"11","Aceh","11.04","Kabupaten Aceh Tengah","11.04.03","Bebesen","11.04.03.2018","Empus Talu"
"11","Aceh","11.04","Kabupaten Aceh Tengah","11.04.03","Bebesen","11.04.03.2019","Gele Lah"
"11","Aceh","11.04","Kabupaten Aceh Tengah","11.04.03","Bebesen","11.04.03.2020","Kebet"
"11","Aceh","11.04","Kabupaten Aceh Tengah","11.04.03","Bebesen","11.04.03.2021","Lemah Burbana"
"11","Aceh","11.04","Kabupaten Aceh Tengah","11.04.03","Bebesen","11.04.03.2022","Mah Bengi"
"11","Aceh","11.04","Kabupaten Aceh Tengah","11.04.03","Bebesen","11.04.03.2023","Nunang Antara"
"11","Aceh","11.04","Kabupaten Aceh Tengah","11.04.03","Bebesen","11.04.03.2024","Pendere Saril"
"11","Aceh","11.04","Kabupaten Aceh Tengah","11.04.03","Bebesen","11.04.03.2025","Sadong Juru Mudi"
"11","Aceh","11.04","Kabupaten Aceh Tengah","11.04.03","Bebesen","11.04.03.2026","Ulu Nuwih"
"11","Aceh","11.04","Kabupaten Aceh Tengah","11.04.03","Bebesen","11.04.03.2027","Colo Blang Gele"
"11","Aceh","11.04","Kabupaten Aceh Tengah","11.04.03","Bebesen","11.04.03.2028","Kala Kemili"
"11","Aceh","11.04","Kabupaten Aceh Tengah","11.04.07","Pegasing","11.04.07.2001","Arul Badak"
"11","Aceh","11.04","Kabupaten Aceh Tengah","11.04.07","Pegasing","11.04.07.2004","Berawang Baro"
"11","Aceh","11.04","Kabupaten Aceh Tengah","11.04.07","Pegasing","11.04.07.2008","Gelelungi"
"11","Aceh","11.04","Kabupaten Aceh Tengah","11.04.07","Pegasing","11.04.07.2009","Ie Relop"
"11","Aceh","11.04","Kabupaten Aceh Tengah","11.04.07","Pegasing","11.04.07.2010","Kayu Kul"
"11","Aceh","11.04","Kabupaten Aceh Tengah","11.04.07","Pegasing","11.04.07.2011","Kedelah"
"11","Aceh","11.04","Kabupaten Aceh Tengah","11.04.07","Pegasing","11.04.07.2012","Kung"
"11","Aceh","11.04","Kabupaten Aceh Tengah","11.04.07","Pegasing","11.04.07.2013","Kute Lintang"
"11","Aceh","11.04","Kabupaten Aceh Tengah","11.04.07","Pegasing","11.04.07.2014","Lelumu"
"11","Aceh","11.04","Kabupaten Aceh Tengah","11.04.07","Pegasing","11.04.07.2016","Paya Jeget"
"11","Aceh","11.04","Kabupaten Aceh Tengah","11.04.07","Pegasing","11.04.07.2017","Pedekok"
"11","Aceh","11.04","Kabupaten Aceh Tengah","11.04.07","Pegasing","11.04.07.2018","Pegasing"
"11","Aceh","11.04","Kabupaten Aceh Tengah","11.04.07","Pegasing","11.04.07.2019","Pepalang"
"11","Aceh","11.04","Kabupaten Aceh Tengah","11.04.07","Pegasing","11.04.07.2021","Simpang Kelaping"
"11","Aceh","11.04","Kabupaten Aceh Tengah","11.04.07","Pegasing","11.04.07.2024","Tebuk"
"11","Aceh","11.04","Kabupaten Aceh Tengah","11.04.07","Pegasing","11.04.07.2025","Terang Ulen"
"11","Aceh","11.04","Kabupaten Aceh Tengah","11.04.07","Pegasing","11.04.07.2026","Ujung Gele"
"11","Aceh","11.04","Kabupaten Aceh Tengah","11.04.07","Pegasing","11.04.07.2029","Wih Ilang"
"11","Aceh","11.04","Kabupaten Aceh Tengah","11.04.07","Pegasing","11.04.07.2030","Wih Nareh"
"11","Aceh","11.04","Kabupaten Aceh Tengah","11.04.07","Pegasing","11.04.07.2031","Wih Lah"
"11","Aceh","11.04","Kabupaten Aceh Tengah","11.04.07","Pegasing","11.04.07.2032","Jejem"
"11","Aceh","11.04","Kabupaten Aceh Tengah","11.04.07","Pegasing","11.04.07.2033","Jurusen"
"11","Aceh","11.04","Kabupaten Aceh Tengah","11.04.07","Pegasing","11.04.07.2034","Kala Pegasing"
"11","Aceh","11.04","Kabupaten Aceh Tengah","11.04.07","Pegasing","11.04.07.2035","Linung Ayu"
"11","Aceh","11.04","Kabupaten Aceh Tengah","11.04.07","Pegasing","11.04.07.2036","Panangan Mata"
"11","Aceh","11.04","Kabupaten Aceh Tengah","11.04.07","Pegasing","11.04.07.2037","Pantan Musara"
"11","Aceh","11.04","Kabupaten Aceh Tengah","11.04.07","Pegasing","11.04.07.2038","Wih Terjun"
"11","Aceh","11.04","Kabupaten Aceh Tengah","11.04.07","Pegasing","11.04.07.2039","Belang Bebangka"
"11","Aceh","11.04","Kabupaten Aceh Tengah","11.04.07","Pegasing","11.04.07.2040","Uning"
"11","Aceh","11.04","Kabupaten Aceh Tengah","11.04.07","Pegasing","11.04.07.2041","Uring"
"11","Aceh","11.04","Kabupaten Aceh Tengah","11.04.07","Pegasing","11.04.07.2042","Suka Damai"
"11","Aceh","11.04","Kabupaten Aceh Tengah","11.04.08","Bintang","11.04.08.2001","Atu Payung"
"11","Aceh","11.04","Kabupaten Aceh Tengah","11.04.08","Bintang","11.04.08.2002","Bale Nosar"
"11","Aceh","11.04","Kabupaten Aceh Tengah","11.04.08","Bintang","11.04.08.2003","Bamil Nosar"
"11","Aceh","11.04","Kabupaten Aceh Tengah","11.04.08","Bintang","11.04.08.2004","Bewang"
"11","Aceh","11.04","Kabupaten Aceh Tengah","11.04.08","Bintang","11.04.08.2005","Dedamar"
"11","Aceh","11.04","Kabupaten Aceh Tengah","11.04.08","Bintang","11.04.08.2006","Genuren"
"11","Aceh","11.04","Kabupaten Aceh Tengah","11.04.08","Bintang","11.04.08.2007","Kala Bintang"
"11","Aceh","11.04","Kabupaten Aceh Tengah","11.04.08","Bintang","11.04.08.2008","Kala Segi"
"11","Aceh","11.04","Kabupaten Aceh Tengah","11.04.08","Bintang","11.04.08.2009","Kejurun Syiah Utama"
"11","Aceh","11.04","Kabupaten Aceh Tengah","11.04.08","Bintang","11.04.08.2010","Kelitu Sintep"
"11","Aceh","11.04","Kabupaten Aceh Tengah","11.04.08","Bintang","11.04.08.2011","Kuala I"
"11","Aceh","11.04","Kabupaten Aceh Tengah","11.04.08","Bintang","11.04.08.2012","Kuala II"
"11","Aceh","11.04","Kabupaten Aceh Tengah","11.04.08","Bintang","11.04.08.2013","Linung Bulen I"
"11","Aceh","11.04","Kabupaten Aceh Tengah","11.04.08","Bintang","11.04.08.2014","Linung Bulen II"
"11","Aceh","11.04","Kabupaten Aceh Tengah","11.04.08","Bintang","11.04.08.2015","Mengaya"
"11","Aceh","11.04","Kabupaten Aceh Tengah","11.04.08","Bintang","11.04.08.2016","Mude Nosar"
"11","Aceh","11.04","Kabupaten Aceh Tengah","11.04.08","Bintang","11.04.08.2017","Serule"
"11","Aceh","11.04","Kabupaten Aceh Tengah","11.04.08","Bintang","11.04.08.2018","Wakil Jalil"
"11","Aceh","11.04","Kabupaten Aceh Tengah","11.04.08","Bintang","11.04.08.2019","Wihlah Setie"
"11","Aceh","11.04","Kabupaten Aceh Tengah","11.04.08","Bintang","11.04.08.2020","Gegarang"
"11","Aceh","11.04","Kabupaten Aceh Tengah","11.04.08","Bintang","11.04.08.2021","Jamur Konyel"
"11","Aceh","11.04","Kabupaten Aceh Tengah","11.04.08","Bintang","11.04.08.2022","Merodot"
"11","Aceh","11.04","Kabupaten Aceh Tengah","11.04.08","Bintang","11.04.08.2023","Sintep"
"11","Aceh","11.04","Kabupaten Aceh Tengah","11.04.08","Bintang","11.04.08.2024","Gele Pulo"
"11","Aceh","11.04","Kabupaten Aceh Tengah","11.04.10","Ketol","11.04.10.2001","Bah"
"11","Aceh","11.04","Kabupaten Aceh Tengah","11.04.10","Ketol","11.04.10.2002","Blang Mancung"
"11","Aceh","11.04","Kabupaten Aceh Tengah","11.04.10","Ketol","11.04.10.2003","Bintang Pepara"
"11","Aceh","11.04","Kabupaten Aceh Tengah","11.04.10","Ketol","11.04.10.2004","Burlah"
"11","Aceh","11.04","Kabupaten Aceh Tengah","11.04.10","Ketol","11.04.10.2005","Buter"
"11","Aceh","11.04","Kabupaten Aceh Tengah","11.04.10","Ketol","11.04.10.2006","Cang Duri"
"11","Aceh","11.04","Kabupaten Aceh Tengah","11.04.10","Ketol","11.04.10.2007","Gelumpang Payung"
"11","Aceh","11.04","Kabupaten Aceh Tengah","11.04.10","Ketol","11.04.10.2008","Jaluk"
"11","Aceh","11.04","Kabupaten Aceh Tengah","11.04.10","Ketol","11.04.10.2009","Kala Ketol"
"11","Aceh","11.04","Kabupaten Aceh Tengah","11.04.10","Ketol","11.04.10.2010","Karang Ampar"
"11","Aceh","11.04","Kabupaten Aceh Tengah","11.04.10","Ketol","11.04.10.2011","Kekuyang"
"11","Aceh","11.04","Kabupaten Aceh Tengah","11.04.10","Ketol","11.04.10.2012","Kute Gelime"
"11","Aceh","11.04","Kabupaten Aceh Tengah","11.04.10","Ketol","11.04.10.2013","Pantan Penyo"
"11","Aceh","11.04","Kabupaten Aceh Tengah","11.04.10","Ketol","11.04.10.2014","Pantan Reduk"
"11","Aceh","11.04","Kabupaten Aceh Tengah","11.04.10","Ketol","11.04.10.2015","Pondok Balik"
"11","Aceh","11.04","Kabupaten Aceh Tengah","11.04.10","Ketol","11.04.10.2016","Rejewali"
"11","Aceh","11.04","Kabupaten Aceh Tengah","11.04.10","Ketol","11.04.10.2017","Serempah"
"11","Aceh","11.04","Kabupaten Aceh Tengah","11.04.10","Ketol","11.04.10.2018","Bergang"
"11","Aceh","11.04","Kabupaten Aceh Tengah","11.04.10","Ketol","11.04.10.2019","Blang Mancung Bawah"
"11","Aceh","11.04","Kabupaten Aceh Tengah","11.04.10","Ketol","11.04.10.2020","Buge Ara"
"11","Aceh","11.04","Kabupaten Aceh Tengah","11.04.10","Ketol","11.04.10.2021","Genting Bulen"
"11","Aceh","11.04","Kabupaten Aceh Tengah","11.04.10","Ketol","11.04.10.2022","Jalan Tengah"
"11","Aceh","11.04","Kabupaten Aceh Tengah","11.04.10","Ketol","11.04.10.2023","Jerata"
"11","Aceh","11.04","Kabupaten Aceh Tengah","11.04.10","Ketol","11.04.10.2024","Simpang Juli"
"11","Aceh","11.04","Kabupaten Aceh Tengah","11.04.10","Ketol","11.04.10.2025","Selon"
"11","Aceh","11.04","Kabupaten Aceh Tengah","11.04.11","Kebayakan","11.04.11.2001","Bukit Sama"
"11","Aceh","11.04","Kabupaten Aceh Tengah","11.04.11","Kebayakan","11.04.11.2002","Gunung Bukit"
"11","Aceh","11.04","Kabupaten Aceh Tengah","11.04.11","Kebayakan","11.04.11.2003","Jongok Meluem"
"11","Aceh","11.04","Kabupaten Aceh Tengah","11.04.11","Kebayakan","11.04.11.2004","Kelupak Mata"
"11","Aceh","11.04","Kabupaten Aceh Tengah","11.04.11","Kebayakan","11.04.11.2005","Lot Kala"
"11","Aceh","11.04","Kabupaten Aceh Tengah","11.04.11","Kebayakan","11.04.11.2006","Mendale"
"11","Aceh","11.04","Kabupaten Aceh Tengah","11.04.11","Kebayakan","11.04.11.2007","Paya Reje Tami Delem"
"11","Aceh","11.04","Kabupaten Aceh Tengah","11.04.11","Kebayakan","11.04.11.2008","Paya Tumpi"
"11","Aceh","11.04","Kabupaten Aceh Tengah","11.04.11","Kebayakan","11.04.11.2009","Pinangan"
"11","Aceh","11.04","Kabupaten Aceh Tengah","11.04.11","Kebayakan","11.04.11.2010","Bukit"
"11","Aceh","11.04","Kabupaten Aceh Tengah","11.04.11","Kebayakan","11.04.11.2011","Bukit Ewih Tami Delem"
"11","Aceh","11.04","Kabupaten Aceh Tengah","11.04.11","Kebayakan","11.04.11.2012","Gunung Bahgie"
"11","Aceh","11.04","Kabupaten Aceh Tengah","11.04.11","Kebayakan","11.04.11.2013","Gunung Balohen"
"11","Aceh","11.04","Kabupaten Aceh Tengah","11.04.11","Kebayakan","11.04.11.2014","Jongkok Bathin"
"11","Aceh","11.04","Kabupaten Aceh Tengah","11.04.11","Kebayakan","11.04.11.2015","Kala Lengkio"
"11","Aceh","11.04","Kabupaten Aceh Tengah","11.04.11","Kebayakan","11.04.11.2016","Kute Lot"
"11","Aceh","11.04","Kabupaten Aceh Tengah","11.04.11","Kebayakan","11.04.11.2017","Paya Tumpi Baru"
"11","Aceh","11.04","Kabupaten Aceh Tengah","11.04.11","Kebayakan","11.04.11.2018","Paya Tumpi I"
"11","Aceh","11.04","Kabupaten Aceh Tengah","11.04.11","Kebayakan","11.04.11.2019","Timangan Gading"
"11","Aceh","11.04","Kabupaten Aceh Tengah","11.04.11","Kebayakan","11.04.11.2020","Telege Atu"
"11","Aceh","11.04","Kabupaten Aceh Tengah","11.04.12","Kute Panang","11.04.12.2001","Atu Gogop"
"11","Aceh","11.04","Kabupaten Aceh Tengah","11.04.12","Kute Panang","11.04.12.2002","Balik"
"11","Aceh","11.04","Kabupaten Aceh Tengah","11.04.12","Kute Panang","11.04.12.2003","Buter Balik"
"11","Aceh","11.04","Kabupaten Aceh Tengah","11.04.12","Kute Panang","11.04.12.2004","Dedingin"
"11","Aceh","11.04","Kabupaten Aceh Tengah","11.04.12","Kute Panang","11.04.12.2005","Kute Panang"
"11","Aceh","11.04","Kabupaten Aceh Tengah","11.04.12","Kute Panang","11.04.12.2006","Lukub Sabun"
"11","Aceh","11.04","Kabupaten Aceh Tengah","11.04.12","Kute Panang","11.04.12.2007","Pantan Sile"
"11","Aceh","11.04","Kabupaten Aceh Tengah","11.04.12","Kute Panang","11.04.12.2008","Ratawali"
"11","Aceh","11.04","Kabupaten Aceh Tengah","11.04.12","Kute Panang","11.04.12.2009","Segene Balik"
"11","Aceh","11.04","Kabupaten Aceh Tengah","11.04.12","Kute Panang","11.04.12.2010","Tapak Moge"
"11","Aceh","11.04","Kabupaten Aceh Tengah","11.04.12","Kute Panang","11.04.12.2011","Tawar Miko"
"11","Aceh","11.04","Kabupaten Aceh Tengah","11.04.12","Kute Panang","11.04.12.2012","Tawardi"
"11","Aceh","11.04","Kabupaten Aceh Tengah","11.04.12","Kute Panang","11.04.12.2013","Timang Rasa"
"11","Aceh","11.04","Kabupaten Aceh Tengah","11.04.12","Kute Panang","11.04.12.2014","Wih Nongkal"
"11","Aceh","11.04","Kabupaten Aceh Tengah","11.04.12","Kute Panang","11.04.12.2015","Bukit Rata"
"11","Aceh","11.04","Kabupaten Aceh Tengah","11.04.12","Kute Panang","11.04.12.2016","Lukub Sabun Barat"
"11","Aceh","11.04","Kabupaten Aceh Tengah","11.04.12","Kute Panang","11.04.12.2017","Lukub Sabun Tengah"
"11","Aceh","11.04","Kabupaten Aceh Tengah","11.04.12","Kute Panang","11.04.12.2018","Lukub Sabun Timur"
"11","Aceh","11.04","Kabupaten Aceh Tengah","11.04.12","Kute Panang","11.04.12.2019","Wih Nongkal Toa"
"11","Aceh","11.04","Kabupaten Aceh Tengah","11.04.12","Kute Panang","11.04.12.2020","Tapak Moge Timur"
"11","Aceh","11.04","Kabupaten Aceh Tengah","11.04.12","Kute Panang","11.04.12.2021","Empu Balik"
"11","Aceh","11.04","Kabupaten Aceh Tengah","11.04.12","Kute Panang","11.04.12.2022","Blang Balik"
"11","Aceh","11.04","Kabupaten Aceh Tengah","11.04.12","Kute Panang","11.04.12.2023","Kala Nongkal"
"11","Aceh","11.04","Kabupaten Aceh Tengah","11.04.12","Kute Panang","11.04.12.2024","Pantan Jerik"
"11","Aceh","11.04","Kabupaten Aceh Tengah","11.04.13","Celala","11.04.13.2001","Arul Gading"
"11","Aceh","11.04","Kabupaten Aceh Tengah","11.04.13","Celala","11.04.13.2002","Belang Kekumur"
"11","Aceh","11.04","Kabupaten Aceh Tengah","11.04.13","Celala","11.04.13.2003","Berawang Gading"
"11","Aceh","11.04","Kabupaten Aceh Tengah","11.04.13","Celala","11.04.13.2004","Celala"
"11","Aceh","11.04","Kabupaten Aceh Tengah","11.04.13","Celala","11.04.13.2005","Cibro"
"11","Aceh","11.04","Kabupaten Aceh Tengah","11.04.13","Celala","11.04.13.2006","Kuyun"
"11","Aceh","11.04","Kabupaten Aceh Tengah","11.04.13","Celala","11.04.13.2007","Kuyun Toa"
"11","Aceh","11.04","Kabupaten Aceh Tengah","11.04.13","Celala","11.04.13.2008","Kuyun Uken"
"11","Aceh","11.04","Kabupaten Aceh Tengah","11.04.13","Celala","11.04.13.2009","Makmur"
"11","Aceh","11.04","Kabupaten Aceh Tengah","11.04.13","Celala","11.04.13.2010","Melala"
"11","Aceh","11.04","Kabupaten Aceh Tengah","11.04.13","Celala","11.04.13.2011","Paya Kolak"
"11","Aceh","11.04","Kabupaten Aceh Tengah","11.04.13","Celala","11.04.13.2012","Ramung Ara"
"11","Aceh","11.04","Kabupaten Aceh Tengah","11.04.13","Celala","11.04.13.2013","Sepakat"
"11","Aceh","11.04","Kabupaten Aceh Tengah","11.04.13","Celala","11.04.13.2014","Tanoh Depet"
"11","Aceh","11.04","Kabupaten Aceh Tengah","11.04.13","Celala","11.04.13.2015","Uning Berawang Ramung"
"11","Aceh","11.04","Kabupaten Aceh Tengah","11.04.13","Celala","11.04.13.2016","Blang Delem"
"11","Aceh","11.04","Kabupaten Aceh Tengah","11.04.13","Celala","11.04.13.2017","Depet Indah"
"11","Aceh","11.04","Kabupaten Aceh Tengah","11.04.17","Laut Tawar","11.04.17.2001","Takengon Timur"
"11","Aceh","11.04","Kabupaten Aceh Tengah","11.04.17","Laut Tawar","11.04.17.2002","Asir Asir"
"11","Aceh","11.04","Kabupaten Aceh Tengah","11.04.17","Laut Tawar","11.04.17.2003","Asir Asir Asia"
"11","Aceh","11.04","Kabupaten Aceh Tengah","11.04.17","Laut Tawar","11.04.17.2004","Bale Atu"
"11","Aceh","11.04","Kabupaten Aceh Tengah","11.04.17","Laut Tawar","11.04.17.2005","Bujang"
"11","Aceh","11.04","Kabupaten Aceh Tengah","11.04.17","Laut Tawar","11.04.17.2006","Gunung Suku"
"11","Aceh","11.04","Kabupaten Aceh Tengah","11.04.17","Laut Tawar","11.04.17.2007","Hakim Bale Bujang"
"11","Aceh","11.04","Kabupaten Aceh Tengah","11.04.17","Laut Tawar","11.04.17.2008","Kenawat"
"11","Aceh","11.04","Kabupaten Aceh Tengah","11.04.17","Laut Tawar","11.04.17.2009","Kuteni Reje"
"11","Aceh","11.04","Kabupaten Aceh Tengah","11.04.17","Laut Tawar","11.04.17.2010","Pedemun One One"
"11","Aceh","11.04","Kabupaten Aceh Tengah","11.04.17","Laut Tawar","11.04.17.2011","Rawe"
"11","Aceh","11.04","Kabupaten Aceh Tengah","11.04.17","Laut Tawar","11.04.17.2012","Takengon Barat"
"11","Aceh","11.04","Kabupaten Aceh Tengah","11.04.17","Laut Tawar","11.04.17.2013","Toweren Antara"
"11","Aceh","11.04","Kabupaten Aceh Tengah","11.04.17","Laut Tawar","11.04.17.2014","Toweren Toa"
"11","Aceh","11.04","Kabupaten Aceh Tengah","11.04.17","Laut Tawar","11.04.17.2015","Toweren Uken"
"11","Aceh","11.04","Kabupaten Aceh Tengah","11.04.17","Laut Tawar","11.04.17.2016","Teluk One-One"
"11","Aceh","11.04","Kabupaten Aceh Tengah","11.04.17","Laut Tawar","11.04.17.2017","Merah Mersa"
"11","Aceh","11.04","Kabupaten Aceh Tengah","11.04.17","Laut Tawar","11.04.17.2018","Waq Toweren"
"11","Aceh","11.04","Kabupaten Aceh Tengah","11.04.18","Atu Lintang","11.04.18.2001","Atu Lintang"
"11","Aceh","11.04","Kabupaten Aceh Tengah","11.04.18","Atu Lintang","11.04.18.2002","Merah Mege"
"11","Aceh","11.04","Kabupaten Aceh Tengah","11.04.18","Atu Lintang","11.04.18.2003","Merah Pupuk"
"11","Aceh","11.04","Kabupaten Aceh Tengah","11.04.18","Atu Lintang","11.04.18.2004","Merah Muyang"
"11","Aceh","11.04","Kabupaten Aceh Tengah","11.04.18","Atu Lintang","11.04.18.2005","Gayo Murni"
"11","Aceh","11.04","Kabupaten Aceh Tengah","11.04.18","Atu Lintang","11.04.18.2006","Kepala Akal"
"11","Aceh","11.04","Kabupaten Aceh Tengah","11.04.18","Atu Lintang","11.04.18.2007","Tanoh Abu"
"11","Aceh","11.04","Kabupaten Aceh Tengah","11.04.18","Atu Lintang","11.04.18.2008","Bintang Kekelip"
"11","Aceh","11.04","Kabupaten Aceh Tengah","11.04.18","Atu Lintang","11.04.18.2009","Merah Jernang"
"11","Aceh","11.04","Kabupaten Aceh Tengah","11.04.18","Atu Lintang","11.04.18.2010","Damar Mulyo"
"11","Aceh","11.04","Kabupaten Aceh Tengah","11.04.18","Atu Lintang","11.04.18.2011","Pantan Damar"
"11","Aceh","11.04","Kabupaten Aceh Tengah","11.04.19","Jagong Jeget","11.04.19.2001","Merah Said"
"11","Aceh","11.04","Kabupaten Aceh Tengah","11.04.19","Jagong Jeget","11.04.19.2002","Berawang Dewal"
"11","Aceh","11.04","Kabupaten Aceh Tengah","11.04.19","Jagong Jeget","11.04.19.2003","Gegarang"
"11","Aceh","11.04","Kabupaten Aceh Tengah","11.04.19","Jagong Jeget","11.04.19.2004","Telege Sari"
"11","Aceh","11.04","Kabupaten Aceh Tengah","11.04.19","Jagong Jeget","11.04.19.2005","Jeget Ayu"
"11","Aceh","11.04","Kabupaten Aceh Tengah","11.04.19","Jagong Jeget","11.04.19.2006","Paya Tungel"
"11","Aceh","11.04","Kabupaten Aceh Tengah","11.04.19","Jagong Jeget","11.04.19.2007","Jagong Jeget"
"11","Aceh","11.04","Kabupaten Aceh Tengah","11.04.19","Jagong Jeget","11.04.19.2008","Bukit Sari"
"11","Aceh","11.04","Kabupaten Aceh Tengah","11.04.19","Jagong Jeget","11.04.19.2009","Bukit Kemuning"
"11","Aceh","11.04","Kabupaten Aceh Tengah","11.04.19","Jagong Jeget","11.04.19.2010","Paya Dedep"
"11","Aceh","11.04","Kabupaten Aceh Tengah","11.04.20","Bies","11.04.20.2001","Bies Penentanan"
"11","Aceh","11.04","Kabupaten Aceh Tengah","11.04.20","Bies","11.04.20.2002","Bies Baru"
"11","Aceh","11.04","Kabupaten Aceh Tengah","11.04.20","Bies","11.04.20.2003","Bies Mulie"
"11","Aceh","11.04","Kabupaten Aceh Tengah","11.04.20","Bies","11.04.20.2004","Arul Latong"
"11","Aceh","11.04","Kabupaten Aceh Tengah","11.04.20","Bies","11.04.20.2005","Simpang Lukup Badak"
"11","Aceh","11.04","Kabupaten Aceh Tengah","11.04.20","Bies","11.04.20.2006","Atang Jungket"
"11","Aceh","11.04","Kabupaten Aceh Tengah","11.04.20","Bies","11.04.20.2007","Tebes Lues"
"11","Aceh","11.04","Kabupaten Aceh Tengah","11.04.20","Bies","11.04.20.2008","Pucuk Deku"
"11","Aceh","11.04","Kabupaten Aceh Tengah","11.04.20","Bies","11.04.20.2009","Lenga"
"11","Aceh","11.04","Kabupaten Aceh Tengah","11.04.20","Bies","11.04.20.2010","Uning Pegantungen"
"11","Aceh","11.04","Kabupaten Aceh Tengah","11.04.20","Bies","11.04.20.2011","Simpang Uning Niken"
"11","Aceh","11.04","Kabupaten Aceh Tengah","11.04.20","Bies","11.04.20.2012","Karang Bayur"
"11","Aceh","11.04","Kabupaten Aceh Tengah","11.04.21","Rusip Antara","11.04.21.2001","Pantan Tengah"
"11","Aceh","11.04","Kabupaten Aceh Tengah","11.04.21","Rusip Antara","11.04.21.2002","Rusip"
"11","Aceh","11.04","Kabupaten Aceh Tengah","11.04.21","Rusip Antara","11.04.21.2003","Pilar"
"11","Aceh","11.04","Kabupaten Aceh Tengah","11.04.21","Rusip Antara","11.04.21.2004","Arul Pertik"
"11","Aceh","11.04","Kabupaten Aceh Tengah","11.04.21","Rusip Antara","11.04.21.2005","Pilar Jaya"
"11","Aceh","11.04","Kabupaten Aceh Tengah","11.04.21","Rusip Antara","11.04.21.2006","Tirmi Ara"
"11","Aceh","11.04","Kabupaten Aceh Tengah","11.04.21","Rusip Antara","11.04.21.2007","Atu Singkih"
"11","Aceh","11.04","Kabupaten Aceh Tengah","11.04.21","Rusip Antara","11.04.21.2008","Pantan Bener"
"11","Aceh","11.04","Kabupaten Aceh Tengah","11.04.21","Rusip Antara","11.04.21.2009","Kerawang"
"11","Aceh","11.04","Kabupaten Aceh Tengah","11.04.21","Rusip Antara","11.04.21.2010","Mekar Maju"
"11","Aceh","11.04","Kabupaten Aceh Tengah","11.04.21","Rusip Antara","11.04.21.2011","Paya Tampu"
"11","Aceh","11.04","Kabupaten Aceh Tengah","11.04.21","Rusip Antara","11.04.21.2012","Tanjung"
"11","Aceh","11.04","Kabupaten Aceh Tengah","11.04.21","Rusip Antara","11.04.21.2013","Merandeh Paya"
"11","Aceh","11.04","Kabupaten Aceh Tengah","11.04.21","Rusip Antara","11.04.21.2014","Kuala Rawa"
"11","Aceh","11.04","Kabupaten Aceh Tengah","11.04.21","Rusip Antara","11.04.21.2015","Pilar Wih Kiri"
"11","Aceh","11.04","Kabupaten Aceh Tengah","11.04.21","Rusip Antara","11.04.21.2016","Lut Jaya"
"11","Aceh","11.05","Kabupaten Aceh Barat","11.05.01","Johan Pahlawan","11.05.01.2001","Suak Indrapuri"
"11","Aceh","11.05","Kabupaten Aceh Barat","11.05.01","Johan Pahlawan","11.05.01.2002","Kampung Belakang"
"11","Aceh","11.05","Kabupaten Aceh Barat","11.05.01","Johan Pahlawan","11.05.01.2003","Ujong Kalak"
"11","Aceh","11.05","Kabupaten Aceh Barat","11.05.01","Johan Pahlawan","11.05.01.2004","Kuta Padang"
"11","Aceh","11.05","Kabupaten Aceh Barat","11.05.01","Johan Pahlawan","11.05.01.2005","Ujong Baroh"
"11","Aceh","11.05","Kabupaten Aceh Barat","11.05.01","Johan Pahlawan","11.05.01.2006","Rundeng"
"11","Aceh","11.05","Kabupaten Aceh Barat","11.05.01","Johan Pahlawan","11.05.01.2007","Drien Rampak"
"11","Aceh","11.05","Kabupaten Aceh Barat","11.05.01","Johan Pahlawan","11.05.01.2008","Pasir"
"11","Aceh","11.05","Kabupaten Aceh Barat","11.05.01","Johan Pahlawan","11.05.01.2009","Pasar Aceh"
"11","Aceh","11.05","Kabupaten Aceh Barat","11.05.01","Johan Pahlawan","11.05.01.2010","Padang Seurahet"
"11","Aceh","11.05","Kabupaten Aceh Barat","11.05.01","Johan Pahlawan","11.05.01.2011","Panggong"
"11","Aceh","11.05","Kabupaten Aceh Barat","11.05.01","Johan Pahlawan","11.05.01.2012","Seuneubok"
"11","Aceh","11.05","Kabupaten Aceh Barat","11.05.01","Johan Pahlawan","11.05.01.2013","Gampong Darat"
"11","Aceh","11.05","Kabupaten Aceh Barat","11.05.01","Johan Pahlawan","11.05.01.2014","Gampa"
"11","Aceh","11.05","Kabupaten Aceh Barat","11.05.01","Johan Pahlawan","11.05.01.2015","Lapang"
"11","Aceh","11.05","Kabupaten Aceh Barat","11.05.01","Johan Pahlawan","11.05.01.2016","Blang Beurandang"
"11","Aceh","11.05","Kabupaten Aceh Barat","11.05.01","Johan Pahlawan","11.05.01.2017","Suak Ribee"
"11","Aceh","11.05","Kabupaten Aceh Barat","11.05.01","Johan Pahlawan","11.05.01.2018","Suak Raya"
"11","Aceh","11.05","Kabupaten Aceh Barat","11.05.01","Johan Pahlawan","11.05.01.2019","Suak Nie"
"11","Aceh","11.05","Kabupaten Aceh Barat","11.05.01","Johan Pahlawan","11.05.01.2020","Leuhan"
"11","Aceh","11.05","Kabupaten Aceh Barat","11.05.01","Johan Pahlawan","11.05.01.2021","Suak Sigadeng"
"11","Aceh","11.05","Kabupaten Aceh Barat","11.05.02","Kaway XVI","11.05.02.2001","Keude Aron"
"11","Aceh","11.05","Kabupaten Aceh Barat","11.05.02","Kaway XVI","11.05.02.2002","Kampong Mesjid"
"11","Aceh","11.05","Kabupaten Aceh Barat","11.05.02","Kaway XVI","11.05.02.2003","Padang Mancang"
"11","Aceh","11.05","Kabupaten Aceh Barat","11.05.02","Kaway XVI","11.05.02.2004","Meunasah Buloh"
"11","Aceh","11.05","Kabupaten Aceh Barat","11.05.02","Kaway XVI","11.05.02.2005","Alue Tampak"
"11","Aceh","11.05","Kabupaten Aceh Barat","11.05.02","Kaway XVI","11.05.02.2006","Beureugang"
"11","Aceh","11.05","Kabupaten Aceh Barat","11.05.02","Kaway XVI","11.05.02.2007","Marek"
"11","Aceh","11.05","Kabupaten Aceh Barat","11.05.02","Kaway XVI","11.05.02.2008","Pasi Jambu"
"11","Aceh","11.05","Kabupaten Aceh Barat","11.05.02","Kaway XVI","11.05.02.2009","Meunasah Ara"
"11","Aceh","11.05","Kabupaten Aceh Barat","11.05.02","Kaway XVI","11.05.02.2010","Meunasah Rayeuk"
"11","Aceh","11.05","Kabupaten Aceh Barat","11.05.02","Kaway XVI","11.05.02.2011","Simpang"
"11","Aceh","11.05","Kabupaten Aceh Barat","11.05.02","Kaway XVI","11.05.02.2012","Peunia"
"11","Aceh","11.05","Kabupaten Aceh Barat","11.05.02","Kaway XVI","11.05.02.2013","Tumpok Ladang"
"11","Aceh","11.05","Kabupaten Aceh Barat","11.05.02","Kaway XVI","11.05.02.2014","Pasi Teungoh"
"11","Aceh","11.05","Kabupaten Aceh Barat","11.05.02","Kaway XVI","11.05.02.2015","Putim"
"11","Aceh","11.05","Kabupaten Aceh Barat","11.05.02","Kaway XVI","11.05.02.2016","Meunasah Rambot"
"11","Aceh","11.05","Kabupaten Aceh Barat","11.05.02","Kaway XVI","11.05.02.2017","Pasi Jeumpa"
"11","Aceh","11.05","Kabupaten Aceh Barat","11.05.02","Kaway XVI","11.05.02.2018","Palimbungan"
"11","Aceh","11.05","Kabupaten Aceh Barat","11.05.02","Kaway XVI","11.05.02.2019","Muko"
"11","Aceh","11.05","Kabupaten Aceh Barat","11.05.02","Kaway XVI","11.05.02.2020","Meunasah Gantung"
"11","Aceh","11.05","Kabupaten Aceh Barat","11.05.02","Kaway XVI","11.05.02.2021","Blang Geunang"
"11","Aceh","11.05","Kabupaten Aceh Barat","11.05.02","Kaway XVI","11.05.02.2022","Puuk"
"11","Aceh","11.05","Kabupaten Aceh Barat","11.05.02","Kaway XVI","11.05.02.2023","Tanjong Bungong"
"11","Aceh","11.05","Kabupaten Aceh Barat","11.05.02","Kaway XVI","11.05.02.2024","Alue On"
"11","Aceh","11.05","Kabupaten Aceh Barat","11.05.02","Kaway XVI","11.05.02.2036","Tanjong Meulaboh"
"11","Aceh","11.05","Kabupaten Aceh Barat","11.05.02","Kaway XVI","11.05.02.2037","Keude Tanjong"
"11","Aceh","11.05","Kabupaten Aceh Barat","11.05.02","Kaway XVI","11.05.02.2038","Pungkie"
"11","Aceh","11.05","Kabupaten Aceh Barat","11.05.02","Kaway XVI","11.05.02.2039","Pucok Pungkie"
"11","Aceh","11.05","Kabupaten Aceh Barat","11.05.02","Kaway XVI","11.05.02.2040","Teladan"
"11","Aceh","11.05","Kabupaten Aceh Barat","11.05.02","Kaway XVI","11.05.02.2041","Pasi Ara"
"11","Aceh","11.05","Kabupaten Aceh Barat","11.05.02","Kaway XVI","11.05.02.2042","Meunuang Tanjong"
"11","Aceh","11.05","Kabupaten Aceh Barat","11.05.02","Kaway XVI","11.05.02.2043","Alue Lhee"
"11","Aceh","11.05","Kabupaten Aceh Barat","11.05.02","Kaway XVI","11.05.02.2044","Blang Dalam"
"11","Aceh","11.05","Kabupaten Aceh Barat","11.05.02","Kaway XVI","11.05.02.2045","Teupin Panah"
"11","Aceh","11.05","Kabupaten Aceh Barat","11.05.02","Kaway XVI","11.05.02.2046","Drien Caleue"
"11","Aceh","11.05","Kabupaten Aceh Barat","11.05.02","Kaway XVI","11.05.02.2047","Alue Peudeung"
"11","Aceh","11.05","Kabupaten Aceh Barat","11.05.02","Kaway XVI","11.05.02.2048","Pasi Meugat"
"11","Aceh","11.05","Kabupaten Aceh Barat","11.05.02","Kaway XVI","11.05.02.2049","Babah Meulaboh"
"11","Aceh","11.05","Kabupaten Aceh Barat","11.05.02","Kaway XVI","11.05.02.2050","Pasi Kumbang"
"11","Aceh","11.05","Kabupaten Aceh Barat","11.05.02","Kaway XVI","11.05.02.2051","Padang Sikabu"
"11","Aceh","11.05","Kabupaten Aceh Barat","11.05.02","Kaway XVI","11.05.02.2052","Sawang Teubei"
"11","Aceh","11.05","Kabupaten Aceh Barat","11.05.02","Kaway XVI","11.05.02.2053","Alue Lhok"
"11","Aceh","11.05","Kabupaten Aceh Barat","11.05.02","Kaway XVI","11.05.02.2062","Batu Jaya"
"11","Aceh","11.05","Kabupaten Aceh Barat","11.05.02","Kaway XVI","11.05.02.2063","Keuramat"
"11","Aceh","11.05","Kabupaten Aceh Barat","11.05.03","Sungai Mas","11.05.03.2001","Tungkop"
"11","Aceh","11.05","Kabupaten Aceh Barat","11.05.03","Sungai Mas","11.05.03.2002","Sakuy"
"11","Aceh","11.05","Kabupaten Aceh Barat","11.05.03","Sungai Mas","11.05.03.2003","Kajeung"
"11","Aceh","11.05","Kabupaten Aceh Barat","11.05.03","Sungai Mas","11.05.03.2004","Geudong"
"11","Aceh","11.05","Kabupaten Aceh Barat","11.05.03","Sungai Mas","11.05.03.2005","Sarah Perlak"
"11","Aceh","11.05","Kabupaten Aceh Barat","11.05.03","Sungai Mas","11.05.03.2006","Tutut"
"11","Aceh","11.05","Kabupaten Aceh Barat","11.05.03","Sungai Mas","11.05.03.2007","Drien Sibak"
"11","Aceh","11.05","Kabupaten Aceh Barat","11.05.03","Sungai Mas","11.05.03.2008","Tuwi Saya"
"11","Aceh","11.05","Kabupaten Aceh Barat","11.05.03","Sungai Mas","11.05.03.2009","Lancong"
"11","Aceh","11.05","Kabupaten Aceh Barat","11.05.03","Sungai Mas","11.05.03.2010","Sipot"
"11","Aceh","11.05","Kabupaten Aceh Barat","11.05.03","Sungai Mas","11.05.03.2011","Pungkie"
"11","Aceh","11.05","Kabupaten Aceh Barat","11.05.03","Sungai Mas","11.05.03.2012","Gunong Buloh"
"11","Aceh","11.05","Kabupaten Aceh Barat","11.05.03","Sungai Mas","11.05.03.2013","Ramitie"
"11","Aceh","11.05","Kabupaten Aceh Barat","11.05.03","Sungai Mas","11.05.03.2014","Lubok Beutong"
"11","Aceh","11.05","Kabupaten Aceh Barat","11.05.03","Sungai Mas","11.05.03.2015","Gleng"
"11","Aceh","11.05","Kabupaten Aceh Barat","11.05.03","Sungai Mas","11.05.03.2016","Tanoh Mirah"
"11","Aceh","11.05","Kabupaten Aceh Barat","11.05.03","Sungai Mas","11.05.03.2017","Gaseu"
"11","Aceh","11.05","Kabupaten Aceh Barat","11.05.03","Sungai Mas","11.05.03.2018","Lueng Baro"
"11","Aceh","11.05","Kabupaten Aceh Barat","11.05.04","Woyla","11.05.04.2001","Kuala Bhee"
"11","Aceh","11.05","Kabupaten Aceh Barat","11.05.04","Woyla","11.05.04.2002","Pasi Lunak"
"11","Aceh","11.05","Kabupaten Aceh Barat","11.05.04","Woyla","11.05.04.2003","Pasi Aceh"
"11","Aceh","11.05","Kabupaten Aceh Barat","11.05.04","Woyla","11.05.04.2004","Aron Tunong"
"11","Aceh","11.05","Kabupaten Aceh Barat","11.05.04","Woyla","11.05.04.2005","Aron Baroh"
"11","Aceh","11.05","Kabupaten Aceh Barat","11.05.04","Woyla","11.05.04.2006","Pasi Pandan"
"11","Aceh","11.05","Kabupaten Aceh Barat","11.05.04","Woyla","11.05.04.2007","Ranto Panyang"
"11","Aceh","11.05","Kabupaten Aceh Barat","11.05.04","Woyla","11.05.04.2008","Geumpa Raya"
"11","Aceh","11.05","Kabupaten Aceh Barat","11.05.04","Woyla","11.05.04.2009","Padang Jawa"
"11","Aceh","11.05","Kabupaten Aceh Barat","11.05.04","Woyla","11.05.04.2010","Ie Itam Tunong"
"11","Aceh","11.05","Kabupaten Aceh Barat","11.05.04","Woyla","11.05.04.2011","Ie Itam Baroh"
"11","Aceh","11.05","Kabupaten Aceh Barat","11.05.04","Woyla","11.05.04.2012","Tingkeum Panyang"
"11","Aceh","11.05","Kabupaten Aceh Barat","11.05.04","Woyla","11.05.04.2013","Lueng Teungku Yah"
"11","Aceh","11.05","Kabupaten Aceh Barat","11.05.04","Woyla","11.05.04.2014","Lueng Tanoh Tho"
"11","Aceh","11.05","Kabupaten Aceh Barat","11.05.04","Woyla","11.05.04.2015","Gunong Rambong"
"11","Aceh","11.05","Kabupaten Aceh Barat","11.05.04","Woyla","11.05.04.2016","Drien Mangko"
"11","Aceh","11.05","Kabupaten Aceh Barat","11.05.04","Woyla","11.05.04.2017","Gunong Hampa"
"11","Aceh","11.05","Kabupaten Aceh Barat","11.05.04","Woyla","11.05.04.2018","Lueng Jawa"
"11","Aceh","11.05","Kabupaten Aceh Barat","11.05.04","Woyla","11.05.04.2019","Blang Mee"
"11","Aceh","11.05","Kabupaten Aceh Barat","11.05.04","Woyla","11.05.04.2020","Alue Blang"
"11","Aceh","11.05","Kabupaten Aceh Barat","11.05.04","Woyla","11.05.04.2021","Paya Dua"
"11","Aceh","11.05","Kabupaten Aceh Barat","11.05.04","Woyla","11.05.04.2022","Paya Luah"
"11","Aceh","11.05","Kabupaten Aceh Barat","11.05.04","Woyla","11.05.04.2023","Pasi Ara"
"11","Aceh","11.05","Kabupaten Aceh Barat","11.05.04","Woyla","11.05.04.2024","Alue Sikaya"
"11","Aceh","11.05","Kabupaten Aceh Barat","11.05.04","Woyla","11.05.04.2025","Darul Huda"
"11","Aceh","11.05","Kabupaten Aceh Barat","11.05.04","Woyla","11.05.04.2026","Keuleumbah"
"11","Aceh","11.05","Kabupaten Aceh Barat","11.05.04","Woyla","11.05.04.2027","Jawa"
"11","Aceh","11.05","Kabupaten Aceh Barat","11.05.04","Woyla","11.05.04.2028","Pulo Ie"
"11","Aceh","11.05","Kabupaten Aceh Barat","11.05.04","Woyla","11.05.04.2029","Alue Panyang"
"11","Aceh","11.05","Kabupaten Aceh Barat","11.05.04","Woyla","11.05.04.2030","Cot Keumude"
"11","Aceh","11.05","Kabupaten Aceh Barat","11.05.04","Woyla","11.05.04.2031","Seumantok"
"11","Aceh","11.05","Kabupaten Aceh Barat","11.05.04","Woyla","11.05.04.2032","Cot Situah"
"11","Aceh","11.05","Kabupaten Aceh Barat","11.05.04","Woyla","11.05.04.2033","Jawi"
"11","Aceh","11.05","Kabupaten Aceh Barat","11.05.04","Woyla","11.05.04.2034","Panton"
"11","Aceh","11.05","Kabupaten Aceh Barat","11.05.04","Woyla","11.05.04.2035","Pasi Birah"
"11","Aceh","11.05","Kabupaten Aceh Barat","11.05.04","Woyla","11.05.04.2036","Alue Sundak"
"11","Aceh","11.05","Kabupaten Aceh Barat","11.05.04","Woyla","11.05.04.2037","Teumarom"
"11","Aceh","11.05","Kabupaten Aceh Barat","11.05.04","Woyla","11.05.04.2038","Cot Murong"
"11","Aceh","11.05","Kabupaten Aceh Barat","11.05.04","Woyla","11.05.04.2039","Glee Siblah"
"11","Aceh","11.05","Kabupaten Aceh Barat","11.05.04","Woyla","11.05.04.2040","Suak Trieng"
"11","Aceh","11.05","Kabupaten Aceh Barat","11.05.04","Woyla","11.05.04.2041","Cot Lagan Bubon"
"11","Aceh","11.05","Kabupaten Aceh Barat","11.05.04","Woyla","11.05.04.2042","Bakat"
"11","Aceh","11.05","Kabupaten Aceh Barat","11.05.04","Woyla","11.05.04.2043","Lueng Buloh"
"11","Aceh","11.05","Kabupaten Aceh Barat","11.05.05","Samatiga","11.05.05.2001","Alue Raya"
"11","Aceh","11.05","Kabupaten Aceh Barat","11.05.05","Samatiga","11.05.05.2002","Cot Darat"
"11","Aceh","11.05","Kabupaten Aceh Barat","11.05.05","Samatiga","11.05.05.2003","Cot Pluh"
"11","Aceh","11.05","Kabupaten Aceh Barat","11.05.05","Samatiga","11.05.05.2004","Cot Seumeureung"
"11","Aceh","11.05","Kabupaten Aceh Barat","11.05.05","Samatiga","11.05.05.2005","Cot Mesjid"
"11","Aceh","11.05","Kabupaten Aceh Barat","11.05.05","Samatiga","11.05.05.2006","Cot Lampise"
"11","Aceh","11.05","Kabupaten Aceh Barat","11.05.05","Samatiga","11.05.05.2007","Cot Seulamat"
"11","Aceh","11.05","Kabupaten Aceh Barat","11.05.05","Samatiga","11.05.05.2008","Cot Amun"
"11","Aceh","11.05","Kabupaten Aceh Barat","11.05.05","Samatiga","11.05.05.2009","Deuah"
"11","Aceh","11.05","Kabupaten Aceh Barat","11.05.05","Samatiga","11.05.05.2010","Gampong Teungoh"
"11","Aceh","11.05","Kabupaten Aceh Barat","11.05.05","Samatiga","11.05.05.2011","Gampong Ladang"
"11","Aceh","11.05","Kabupaten Aceh Barat","11.05.05","Samatiga","11.05.05.2012","Gampong Cot"
"11","Aceh","11.05","Kabupaten Aceh Barat","11.05.05","Samatiga","11.05.05.2013","Keureuseng"
"11","Aceh","11.05","Kabupaten Aceh Barat","11.05.05","Samatiga","11.05.05.2014","Krueng Tinggai"
"11","Aceh","11.05","Kabupaten Aceh Barat","11.05.05","Samatiga","11.05.05.2015","Kuala Bubon"
"11","Aceh","11.05","Kabupaten Aceh Barat","11.05.05","Samatiga","11.05.05.2016","Leubok"
"11","Aceh","11.05","Kabupaten Aceh Barat","11.05.05","Samatiga","11.05.05.2017","Lhok Bubon"
"11","Aceh","11.05","Kabupaten Aceh Barat","11.05.05","Samatiga","11.05.05.2018","Leukeun"
"11","Aceh","11.05","Kabupaten Aceh Barat","11.05.05","Samatiga","11.05.05.2019","Mesjid baro"
"11","Aceh","11.05","Kabupaten Aceh Barat","11.05.05","Samatiga","11.05.05.2020","Paya Lumpat"
"11","Aceh","11.05","Kabupaten Aceh Barat","11.05.05","Samatiga","11.05.05.2021","Pinem"
"11","Aceh","11.05","Kabupaten Aceh Barat","11.05.05","Samatiga","11.05.05.2022","Pange"
"11","Aceh","11.05","Kabupaten Aceh Barat","11.05.05","Samatiga","11.05.05.2023","Pucok Lueng"
"11","Aceh","11.05","Kabupaten Aceh Barat","11.05.05","Samatiga","11.05.05.2024","Rangkileh"
"11","Aceh","11.05","Kabupaten Aceh Barat","11.05.05","Samatiga","11.05.05.2025","Reusak"
"11","Aceh","11.05","Kabupaten Aceh Barat","11.05.05","Samatiga","11.05.05.2026","Suak Pandan"
"11","Aceh","11.05","Kabupaten Aceh Barat","11.05.05","Samatiga","11.05.05.2027","Suak Seuke"
"11","Aceh","11.05","Kabupaten Aceh Barat","11.05.05","Samatiga","11.05.05.2028","Suak Pante Breuh"
"11","Aceh","11.05","Kabupaten Aceh Barat","11.05.05","Samatiga","11.05.05.2029","Suak Geudeubang"
"11","Aceh","11.05","Kabupaten Aceh Barat","11.05.05","Samatiga","11.05.05.2030","Suak Seumaseh"
"11","Aceh","11.05","Kabupaten Aceh Barat","11.05.05","Samatiga","11.05.05.2031","Suak Timah"
"11","Aceh","11.05","Kabupaten Aceh Barat","11.05.05","Samatiga","11.05.05.2032","Ujong Nga"
"11","Aceh","11.05","Kabupaten Aceh Barat","11.05.06","Bubon","11.05.06.2001","Alue Lhok"
"11","Aceh","11.05","Kabupaten Aceh Barat","11.05.06","Bubon","11.05.06.2002","Alue Bakong"
"11","Aceh","11.05","Kabupaten Aceh Barat","11.05.06","Bubon","11.05.06.2003","Beurawang"
"11","Aceh","11.05","Kabupaten Aceh Barat","11.05.06","Bubon","11.05.06.2004","Blang Sibeutong"
"11","Aceh","11.05","Kabupaten Aceh Barat","11.05.06","Bubon","11.05.06.2005","Cot Keumuneng"
"11","Aceh","11.05","Kabupaten Aceh Barat","11.05.06","Bubon","11.05.06.2006","Cot Lada"
"11","Aceh","11.05","Kabupaten Aceh Barat","11.05.06","Bubon","11.05.06.2007","Gunong Panah"
"11","Aceh","11.05","Kabupaten Aceh Barat","11.05.06","Bubon","11.05.06.2008","Kuta Padang"
"11","Aceh","11.05","Kabupaten Aceh Barat","11.05.06","Bubon","11.05.06.2009","Kuala Pling"
"11","Aceh","11.05","Kabupaten Aceh Barat","11.05.06","Bubon","11.05.06.2010","Layung"
"11","Aceh","11.05","Kabupaten Aceh Barat","11.05.06","Bubon","11.05.06.2011","Liceh"
"11","Aceh","11.05","Kabupaten Aceh Barat","11.05.06","Bubon","11.05.06.2012","Peulanteu SP"
"11","Aceh","11.05","Kabupaten Aceh Barat","11.05.06","Bubon","11.05.06.2013","Rambong"
"11","Aceh","11.05","Kabupaten Aceh Barat","11.05.06","Bubon","11.05.06.2014","Seumuleng"
"11","Aceh","11.05","Kabupaten Aceh Barat","11.05.06","Bubon","11.05.06.2015","Suak Pangkat"
"11","Aceh","11.05","Kabupaten Aceh Barat","11.05.06","Bubon","11.05.06.2016","Seuneubok Trap"
"11","Aceh","11.05","Kabupaten Aceh Barat","11.05.06","Bubon","11.05.06.2017","Ulee Blang"
"11","Aceh","11.05","Kabupaten Aceh Barat","11.05.07","Arongan Lambalek","11.05.07.2001","Arongan"
"11","Aceh","11.05","Kabupaten Aceh Barat","11.05.07","Arongan Lambalek","11.05.07.2002","Alue Bagok"
"11","Aceh","11.05","Kabupaten Aceh Barat","11.05.07","Arongan Lambalek","11.05.07.2003","Alue Sundak"
"11","Aceh","11.05","Kabupaten Aceh Barat","11.05.07","Arongan Lambalek","11.05.07.2004","Alue Batee"
"11","Aceh","11.05","Kabupaten Aceh Barat","11.05.07","Arongan Lambalek","11.05.07.2005","Cot Buloh"
"11","Aceh","11.05","Kabupaten Aceh Barat","11.05.07","Arongan Lambalek","11.05.07.2006","Cot Kumbang"
"11","Aceh","11.05","Kabupaten Aceh Barat","11.05.07","Arongan Lambalek","11.05.07.2007","Cot Juru Mudi"
"11","Aceh","11.05","Kabupaten Aceh Barat","11.05.07","Arongan Lambalek","11.05.07.2008","Drien Rampak"
"11","Aceh","11.05","Kabupaten Aceh Barat","11.05.07","Arongan Lambalek","11.05.07.2009","Kubu"
"11","Aceh","11.05","Kabupaten Aceh Barat","11.05.07","Arongan Lambalek","11.05.07.2010","Keub"
"11","Aceh","11.05","Kabupaten Aceh Barat","11.05.07","Arongan Lambalek","11.05.07.2011","Pante Mutia"
"11","Aceh","11.05","Kabupaten Aceh Barat","11.05.07","Arongan Lambalek","11.05.07.2012","Peuribu"
"11","Aceh","11.05","Kabupaten Aceh Barat","11.05.07","Arongan Lambalek","11.05.07.2013","Panton Makmu"
"11","Aceh","11.05","Kabupaten Aceh Barat","11.05.07","Arongan Lambalek","11.05.07.2014","Panton Bahagia"
"11","Aceh","11.05","Kabupaten Aceh Barat","11.05.07","Arongan Lambalek","11.05.07.2015","Peulanteu LB"
"11","Aceh","11.05","Kabupaten Aceh Barat","11.05.07","Arongan Lambalek","11.05.07.2016","Rimba Langgeh"
"11","Aceh","11.05","Kabupaten Aceh Barat","11.05.07","Arongan Lambalek","11.05.07.2017","Suak Keumudee"
"11","Aceh","11.05","Kabupaten Aceh Barat","11.05.07","Arongan Lambalek","11.05.07.2018","Seuneubok Lhong"
"11","Aceh","11.05","Kabupaten Aceh Barat","11.05.07","Arongan Lambalek","11.05.07.2019","Suak Ie Beuso"
"11","Aceh","11.05","Kabupaten Aceh Barat","11.05.07","Arongan Lambalek","11.05.07.2020","Suak Bidok"
"11","Aceh","11.05","Kabupaten Aceh Barat","11.05.07","Arongan Lambalek","11.05.07.2021","Simpang peut"
"11","Aceh","11.05","Kabupaten Aceh Barat","11.05.07","Arongan Lambalek","11.05.07.2022","Seuneubok Teungoh"
"11","Aceh","11.05","Kabupaten Aceh Barat","11.05.07","Arongan Lambalek","11.05.07.2023","Teupin Peraho"
"11","Aceh","11.05","Kabupaten Aceh Barat","11.05.07","Arongan Lambalek","11.05.07.2024","Ujong Beusa"
"11","Aceh","11.05","Kabupaten Aceh Barat","11.05.07","Arongan Lambalek","11.05.07.2025","Ujong Simpang"
"11","Aceh","11.05","Kabupaten Aceh Barat","11.05.07","Arongan Lambalek","11.05.07.2026","Gunong Pulo"
"11","Aceh","11.05","Kabupaten Aceh Barat","11.05.07","Arongan Lambalek","11.05.07.2027","Karang Hampa"
"11","Aceh","11.05","Kabupaten Aceh Barat","11.05.08","Pante Ceureumen","11.05.08.2001","Seumara"
"11","Aceh","11.05","Kabupaten Aceh Barat","11.05.08","Pante Ceureumen","11.05.08.2002","Babah Lueng"
"11","Aceh","11.05","Kabupaten Aceh Barat","11.05.08","Pante Ceureumen","11.05.08.2003","Babah Iseung"
"11","Aceh","11.05","Kabupaten Aceh Barat","11.05.08","Pante Ceureumen","11.05.08.2004","Seumantok"
"11","Aceh","11.05","Kabupaten Aceh Barat","11.05.08","Pante Ceureumen","11.05.08.2005","Alue Keumang"
"11","Aceh","11.05","Kabupaten Aceh Barat","11.05.08","Pante Ceureumen","11.05.08.2006","Meunuang Kinco"
"11","Aceh","11.05","Kabupaten Aceh Barat","11.05.08","Pante Ceureumen","11.05.08.2007","Lango"
"11","Aceh","11.05","Kabupaten Aceh Barat","11.05.08","Pante Ceureumen","11.05.08.2008","Sikundo"
"11","Aceh","11.05","Kabupaten Aceh Barat","11.05.08","Pante Ceureumen","11.05.08.2009","Lawet"
"11","Aceh","11.05","Kabupaten Aceh Barat","11.05.08","Pante Ceureumen","11.05.08.2010","Canggai"
"11","Aceh","11.05","Kabupaten Aceh Barat","11.05.08","Pante Ceureumen","11.05.08.2011","Manjeng"
"11","Aceh","11.05","Kabupaten Aceh Barat","11.05.08","Pante Ceureumen","11.05.08.2012","Keutambang"
"11","Aceh","11.05","Kabupaten Aceh Barat","11.05.08","Pante Ceureumen","11.05.08.2013","Pante Ceuremen"
"11","Aceh","11.05","Kabupaten Aceh Barat","11.05.08","Pante Ceureumen","11.05.08.2014","Pulo Teungoh Manjeng"
"11","Aceh","11.05","Kabupaten Aceh Barat","11.05.08","Pante Ceureumen","11.05.08.2015","Jambak"
"11","Aceh","11.05","Kabupaten Aceh Barat","11.05.08","Pante Ceureumen","11.05.08.2016","Tegal Sari"
"11","Aceh","11.05","Kabupaten Aceh Barat","11.05.08","Pante Ceureumen","11.05.08.2017","Gunong Tarok"
"11","Aceh","11.05","Kabupaten Aceh Barat","11.05.08","Pante Ceureumen","11.05.08.2018","Suak Awe"
"11","Aceh","11.05","Kabupaten Aceh Barat","11.05.08","Pante Ceureumen","11.05.08.2019","Kreung Beukah"
"11","Aceh","11.05","Kabupaten Aceh Barat","11.05.08","Pante Ceureumen","11.05.08.2020","Lhok Sari"
"11","Aceh","11.05","Kabupaten Aceh Barat","11.05.08","Pante Ceureumen","11.05.08.2021","Babah Krueng Tep Lep"
"11","Aceh","11.05","Kabupaten Aceh Barat","11.05.08","Pante Ceureumen","11.05.08.2022","Berdikari"
"11","Aceh","11.05","Kabupaten Aceh Barat","11.05.08","Pante Ceureumen","11.05.08.2023","Lhok Guci"
"11","Aceh","11.05","Kabupaten Aceh Barat","11.05.08","Pante Ceureumen","11.05.08.2024","Keude Suak Awe"
"11","Aceh","11.05","Kabupaten Aceh Barat","11.05.08","Pante Ceureumen","11.05.08.2025","Sawang Rambot"
"11","Aceh","11.05","Kabupaten Aceh Barat","11.05.09","Meureubo","11.05.09.2001","Ranto Panyang Barat"
"11","Aceh","11.05","Kabupaten Aceh Barat","11.05.09","Meureubo","11.05.09.2002","Ranto Panyang Timur"
"11","Aceh","11.05","Kabupaten Aceh Barat","11.05.09","Meureubo","11.05.09.2003","Mesjid Tuha"
"11","Aceh","11.05","Kabupaten Aceh Barat","11.05.09","Meureubo","11.05.09.2004","Ujong Tanoh Darat"
"11","Aceh","11.05","Kabupaten Aceh Barat","11.05.09","Meureubo","11.05.09.2005","Pasi Aceh Tunong"
"11","Aceh","11.05","Kabupaten Aceh Barat","11.05.09","Meureubo","11.05.09.2006","Pasi Aceh Baroh"
"11","Aceh","11.05","Kabupaten Aceh Barat","11.05.09","Meureubo","11.05.09.2007","Buloh"
"11","Aceh","11.05","Kabupaten Aceh Barat","11.05.09","Meureubo","11.05.09.2008","Pulo Teungoh"
"11","Aceh","11.05","Kabupaten Aceh Barat","11.05.09","Meureubo","11.05.09.2009","Paya Baro Ranto P"
"11","Aceh","11.05","Kabupaten Aceh Barat","11.05.09","Meureubo","11.05.09.2010","Ranub Dong"
"11","Aceh","11.05","Kabupaten Aceh Barat","11.05.09","Meureubo","11.05.09.2011","Pasi Pinang"
"11","Aceh","11.05","Kabupaten Aceh Barat","11.05.09","Meureubo","11.05.09.2012","Pasi Mesjid"
"11","Aceh","11.05","Kabupaten Aceh Barat","11.05.09","Meureubo","11.05.09.2013","Meureubo"
"11","Aceh","11.05","Kabupaten Aceh Barat","11.05.09","Meureubo","11.05.09.2014","Langung"
"11","Aceh","11.05","Kabupaten Aceh Barat","11.05.09","Meureubo","11.05.09.2015","Gunong Kleng"
"11","Aceh","11.05","Kabupaten Aceh Barat","11.05.09","Meureubo","11.05.09.2016","Ujong Drien"
"11","Aceh","11.05","Kabupaten Aceh Barat","11.05.09","Meureubo","11.05.09.2017","Peunaga Rayeuk"
"11","Aceh","11.05","Kabupaten Aceh Barat","11.05.09","Meureubo","11.05.09.2018","Peunaga Pasi"
"11","Aceh","11.05","Kabupaten Aceh Barat","11.05.09","Meureubo","11.05.09.2019","Peunaga Cut Ujong"
"11","Aceh","11.05","Kabupaten Aceh Barat","11.05.09","Meureubo","11.05.09.2020","Reudeup"
"11","Aceh","11.05","Kabupaten Aceh Barat","11.05.09","Meureubo","11.05.09.2021","Balee"
"11","Aceh","11.05","Kabupaten Aceh Barat","11.05.09","Meureubo","11.05.09.2022","Paya Peunaga"
"11","Aceh","11.05","Kabupaten Aceh Barat","11.05.09","Meureubo","11.05.09.2023","Ujong Tanjong"
"11","Aceh","11.05","Kabupaten Aceh Barat","11.05.09","Meureubo","11.05.09.2024","Pucok Reudeup"
"11","Aceh","11.05","Kabupaten Aceh Barat","11.05.09","Meureubo","11.05.09.2025","Sumber Batu"
"11","Aceh","11.05","Kabupaten Aceh Barat","11.05.09","Meureubo","11.05.09.2026","Bukit Jaya"
"11","Aceh","11.05","Kabupaten Aceh Barat","11.05.10","Woyla Barat","11.05.10.2001","Blang Luah LM"
"11","Aceh","11.05","Kabupaten Aceh Barat","11.05.10","Woyla Barat","11.05.10.2002","Cot Rambong"
"11","Aceh","11.05","Kabupaten Aceh Barat","11.05.10","Woyla Barat","11.05.10.2003","Lhok Malee"
"11","Aceh","11.05","Kabupaten Aceh Barat","11.05.10","Woyla Barat","11.05.10.2004","Pasi Malee"
"11","Aceh","11.05","Kabupaten Aceh Barat","11.05.10","Woyla Barat","11.05.10.2005","Napai"
"11","Aceh","11.05","Kabupaten Aceh Barat","11.05.10","Woyla Barat","11.05.10.2006","Blang Cot Mameh"
"11","Aceh","11.05","Kabupaten Aceh Barat","11.05.10","Woyla Barat","11.05.10.2007","Blang Cot Rubek"
"11","Aceh","11.05","Kabupaten Aceh Barat","11.05.10","Woyla Barat","11.05.10.2008","Alue Leuhob"
"11","Aceh","11.05","Kabupaten Aceh Barat","11.05.10","Woyla Barat","11.05.10.2009","Leubok Pasi Ara"
"11","Aceh","11.05","Kabupaten Aceh Barat","11.05.10","Woyla Barat","11.05.10.2010","Ulee Pasi Ara"
"11","Aceh","11.05","Kabupaten Aceh Barat","11.05.10","Woyla Barat","11.05.10.2011","Cot Lagan LM"
"11","Aceh","11.05","Kabupaten Aceh Barat","11.05.10","Woyla Barat","11.05.10.2012","Lueng Baro"
"11","Aceh","11.05","Kabupaten Aceh Barat","11.05.10","Woyla Barat","11.05.10.2013","Kulam Kaju"
"11","Aceh","11.05","Kabupaten Aceh Barat","11.05.10","Woyla Barat","11.05.10.2014","Alue Perman"
"11","Aceh","11.05","Kabupaten Aceh Barat","11.05.10","Woyla Barat","11.05.10.2015","Peuleukueng"
"11","Aceh","11.05","Kabupaten Aceh Barat","11.05.10","Woyla Barat","11.05.10.2016","Pasi Jeut"
"11","Aceh","11.05","Kabupaten Aceh Barat","11.05.10","Woyla Barat","11.05.10.2017","Mon Pasong"
"11","Aceh","11.05","Kabupaten Aceh Barat","11.05.10","Woyla Barat","11.05.10.2018","Pasi Mali"
"11","Aceh","11.05","Kabupaten Aceh Barat","11.05.10","Woyla Barat","11.05.10.2019","Karak"
"11","Aceh","11.05","Kabupaten Aceh Barat","11.05.10","Woyla Barat","11.05.10.2020","Ie Sayang"
"11","Aceh","11.05","Kabupaten Aceh Barat","11.05.10","Woyla Barat","11.05.10.2021","Ulee Pulo"
"11","Aceh","11.05","Kabupaten Aceh Barat","11.05.10","Woyla Barat","11.05.10.2022","Pasi Panyang"
"11","Aceh","11.05","Kabupaten Aceh Barat","11.05.10","Woyla Barat","11.05.10.2023","Alue Keumuning"
"11","Aceh","11.05","Kabupaten Aceh Barat","11.05.10","Woyla Barat","11.05.10.2024","Simpang Teumarom"
"11","Aceh","11.05","Kabupaten Aceh Barat","11.05.11","Woyla Timur","11.05.11.2001","Seuradeuk"
"11","Aceh","11.05","Kabupaten Aceh Barat","11.05.11","Woyla Timur","11.05.11.2002","Lubuk Panyang"
"11","Aceh","11.05","Kabupaten Aceh Barat","11.05.11","Woyla Timur","11.05.11.2003","Paya Baro"
"11","Aceh","11.05","Kabupaten Aceh Barat","11.05.11","Woyla Timur","11.05.11.2004","Kubu Capang"
"11","Aceh","11.05","Kabupaten Aceh Barat","11.05.11","Woyla Timur","11.05.11.2005","Pasi Ara WT"
"11","Aceh","11.05","Kabupaten Aceh Barat","11.05.11","Woyla Timur","11.05.11.2006","Gampong Baro WT"
"11","Aceh","11.05","Kabupaten Aceh Barat","11.05.11","Woyla Timur","11.05.11.2007","Rambong"
"11","Aceh","11.05","Kabupaten Aceh Barat","11.05.11","Woyla Timur","11.05.11.2008","Cot Punti"
"11","Aceh","11.05","Kabupaten Aceh Barat","11.05.11","Woyla Timur","11.05.11.2009","Alue Eumpeuk"
"11","Aceh","11.05","Kabupaten Aceh Barat","11.05.11","Woyla Timur","11.05.11.2010","Alue Bilie"
"11","Aceh","11.05","Kabupaten Aceh Barat","11.05.11","Woyla Timur","11.05.11.2011","Pasi Janeng"
"11","Aceh","11.05","Kabupaten Aceh Barat","11.05.11","Woyla Timur","11.05.11.2012","Tangkeh"
"11","Aceh","11.05","Kabupaten Aceh Barat","11.05.11","Woyla Timur","11.05.11.2013","Alue Kuyun"
"11","Aceh","11.05","Kabupaten Aceh Barat","11.05.11","Woyla Timur","11.05.11.2014","Bukit Meugajah"
"11","Aceh","11.05","Kabupaten Aceh Barat","11.05.11","Woyla Timur","11.05.11.2015","Blang Dalam"
"11","Aceh","11.05","Kabupaten Aceh Barat","11.05.11","Woyla Timur","11.05.11.2016","Teumiket Ranom"
"11","Aceh","11.05","Kabupaten Aceh Barat","11.05.11","Woyla Timur","11.05.11.2017","Blang Makmue"
"11","Aceh","11.05","Kabupaten Aceh Barat","11.05.11","Woyla Timur","11.05.11.2018","Gampong Baro KB"
"11","Aceh","11.05","Kabupaten Aceh Barat","11.05.11","Woyla Timur","11.05.11.2019","Alue Meuganda"
"11","Aceh","11.05","Kabupaten Aceh Barat","11.05.11","Woyla Timur","11.05.11.2020","Alue Seuralen"
"11","Aceh","11.05","Kabupaten Aceh Barat","11.05.11","Woyla Timur","11.05.11.2021","Rambong Pinto"
"11","Aceh","11.05","Kabupaten Aceh Barat","11.05.11","Woyla Timur","11.05.11.2022","Tuwi Eumpeuk"
"11","Aceh","11.05","Kabupaten Aceh Barat","11.05.11","Woyla Timur","11.05.11.2023","Blang Luah KB"
"11","Aceh","11.05","Kabupaten Aceh Barat","11.05.11","Woyla Timur","11.05.11.2024","Seuneubok Dalam"
"11","Aceh","11.05","Kabupaten Aceh Barat","11.05.11","Woyla Timur","11.05.11.2025","Paya Meugendrang"
"11","Aceh","11.05","Kabupaten Aceh Barat","11.05.11","Woyla Timur","11.05.11.2026","Gunong Panyang"
"11","Aceh","11.05","Kabupaten Aceh Barat","11.05.12","Panton Reu","11.05.12.2001","Meutulang"
"11","Aceh","11.05","Kabupaten Aceh Barat","11.05.12","Panton Reu","11.05.12.2002","Mugo Cut"
"11","Aceh","11.05","Kabupaten Aceh Barat","11.05.12","Panton Reu","11.05.12.2003","Mugo Rayeuk"
"11","Aceh","11.05","Kabupaten Aceh Barat","11.05.12","Panton Reu","11.05.12.2004","Baro Paya"
"11","Aceh","11.05","Kabupaten Aceh Barat","11.05.12","Panton Reu","11.05.12.2005","Sibintang"
"11","Aceh","11.05","Kabupaten Aceh Barat","11.05.12","Panton Reu","11.05.12.2006","Blang Teungoh"
"11","Aceh","11.05","Kabupaten Aceh Barat","11.05.12","Panton Reu","11.05.12.2007","Antong"
"11","Aceh","11.05","Kabupaten Aceh Barat","11.05.12","Panton Reu","11.05.12.2008","Ujong Raja"
"11","Aceh","11.05","Kabupaten Aceh Barat","11.05.12","Panton Reu","11.05.12.2009","Paya Baro Meuko"
"11","Aceh","11.05","Kabupaten Aceh Barat","11.05.12","Panton Reu","11.05.12.2010","Tuwi Buya"
"11","Aceh","11.05","Kabupaten Aceh Barat","11.05.12","Panton Reu","11.05.12.2011","Kuala Manyeu"
"11","Aceh","11.05","Kabupaten Aceh Barat","11.05.12","Panton Reu","11.05.12.2012","Manggie"
"11","Aceh","11.05","Kabupaten Aceh Barat","11.05.12","Panton Reu","11.05.12.2013","Gampong Baro"
"11","Aceh","11.05","Kabupaten Aceh Barat","11.05.12","Panton Reu","11.05.12.2014","Tamping"
"11","Aceh","11.05","Kabupaten Aceh Barat","11.05.12","Panton Reu","11.05.12.2015","Cot Manggie"
"11","Aceh","11.05","Kabupaten Aceh Barat","11.05.12","Panton Reu","11.05.12.2016","Blang Balee"
"11","Aceh","11.05","Kabupaten Aceh Barat","11.05.12","Panton Reu","11.05.12.2017","Babah Krueng Manggie"
"11","Aceh","11.05","Kabupaten Aceh Barat","11.05.12","Panton Reu","11.05.12.2018","Gunong Mata Ie"
"11","Aceh","11.05","Kabupaten Aceh Barat","11.05.12","Panton Reu","11.05.12.2019","Lek-Lek"
"11","Aceh","11.06","Kabupaten Aceh Besar","11.06.01","Lhoong","11.06.01.2001","Meunasah Krueng Kala"
"11","Aceh","11.06","Kabupaten Aceh Besar","11.06.01","Lhoong","11.06.01.2002","Jantang"
"11","Aceh","11.06","Kabupaten Aceh Besar","11.06.01","Lhoong","11.06.01.2003","Baroh Krueng Kala"
"11","Aceh","11.06","Kabupaten Aceh Besar","11.06.01","Lhoong","11.06.01.2004","Tunong Krueng Kala"
"11","Aceh","11.06","Kabupaten Aceh Besar","11.06.01","Lhoong","11.06.01.2005","Sungko Mulat"
"11","Aceh","11.06","Kabupaten Aceh Besar","11.06.01","Lhoong","11.06.01.2006","Birek"
"11","Aceh","11.06","Kabupaten Aceh Besar","11.06.01","Lhoong","11.06.01.2007","Kareung"
"11","Aceh","11.06","Kabupaten Aceh Besar","11.06.01","Lhoong","11.06.01.2008","Paroy"
"11","Aceh","11.06","Kabupaten Aceh Besar","11.06.01","Lhoong","11.06.01.2009","Teungoh Blang Mee"
"11","Aceh","11.06","Kabupaten Aceh Besar","11.06.01","Lhoong","11.06.01.2010","Lamkuta Blang Mee"
"11","Aceh","11.06","Kabupaten Aceh Besar","11.06.01","Lhoong","11.06.01.2011","Baroh Blang Mee"
"11","Aceh","11.06","Kabupaten Aceh Besar","11.06.01","Lhoong","11.06.01.2012","Umong Seuribee"
"11","Aceh","11.06","Kabupaten Aceh Besar","11.06.01","Lhoong","11.06.01.2013","Teungoh Geunteut"
"11","Aceh","11.06","Kabupaten Aceh Besar","11.06.01","Lhoong","11.06.01.2014","Baroh Geunteut"
"11","Aceh","11.06","Kabupaten Aceh Besar","11.06.01","Lhoong","11.06.01.2015","Lam Juhang"
"11","Aceh","11.06","Kabupaten Aceh Besar","11.06.01","Lhoong","11.06.01.2016","Utamong"
"11","Aceh","11.06","Kabupaten Aceh Besar","11.06.01","Lhoong","11.06.01.2017","Gapuy"
"11","Aceh","11.06","Kabupaten Aceh Besar","11.06.01","Lhoong","11.06.01.2018","Lamsujen"
"11","Aceh","11.06","Kabupaten Aceh Besar","11.06.01","Lhoong","11.06.01.2019","Mon Mata"
"11","Aceh","11.06","Kabupaten Aceh Besar","11.06.01","Lhoong","11.06.01.2020","Lamgeuriheu"
"11","Aceh","11.06","Kabupaten Aceh Besar","11.06.01","Lhoong","11.06.01.2021","Keutapang"
"11","Aceh","11.06","Kabupaten Aceh Besar","11.06.01","Lhoong","11.06.01.2022","Saney"
"11","Aceh","11.06","Kabupaten Aceh Besar","11.06.01","Lhoong","11.06.01.2023","Cundien"
"11","Aceh","11.06","Kabupaten Aceh Besar","11.06.01","Lhoong","11.06.01.2024","Glee Bruek"
"11","Aceh","11.06","Kabupaten Aceh Besar","11.06.01","Lhoong","11.06.01.2025","Pasi"
"11","Aceh","11.06","Kabupaten Aceh Besar","11.06.01","Lhoong","11.06.01.2026","Pudeng"
"11","Aceh","11.06","Kabupaten Aceh Besar","11.06.01","Lhoong","11.06.01.2027","Meunasah Cot"
"11","Aceh","11.06","Kabupaten Aceh Besar","11.06.01","Lhoong","11.06.01.2028","Meunasah Lhok"
"11","Aceh","11.06","Kabupaten Aceh Besar","11.06.02","Lhoknga","11.06.02.2001","Mon Ikeun"
"11","Aceh","11.06","Kabupaten Aceh Besar","11.06.02","Lhoknga","11.06.02.2002","Nusa"
"11","Aceh","11.06","Kabupaten Aceh Besar","11.06.02","Lhoknga","11.06.02.2003","Weu Raya"
"11","Aceh","11.06","Kabupaten Aceh Besar","11.06.02","Lhoknga","11.06.02.2004","Lamkrut"
"11","Aceh","11.06","Kabupaten Aceh Besar","11.06.02","Lhoknga","11.06.02.2005","Lamgaboh"
"11","Aceh","11.06","Kabupaten Aceh Besar","11.06.02","Lhoknga","11.06.02.2006","Lambaro Kueh"
"11","Aceh","11.06","Kabupaten Aceh Besar","11.06.02","Lhoknga","11.06.02.2007","Lam Ateuk"
"11","Aceh","11.06","Kabupaten Aceh Besar","11.06.02","Lhoknga","11.06.02.2008","Kueh"
"11","Aceh","11.06","Kabupaten Aceh Besar","11.06.02","Lhoknga","11.06.02.2009","Tanjong"
"11","Aceh","11.06","Kabupaten Aceh Besar","11.06.02","Lhoknga","11.06.02.2010","Aneuk Paya"
"11","Aceh","11.06","Kabupaten Aceh Besar","11.06.02","Lhoknga","11.06.02.2011","Seubun Keutapang"
"11","Aceh","11.06","Kabupaten Aceh Besar","11.06.02","Lhoknga","11.06.02.2012","Seubun Ayon"
"11","Aceh","11.06","Kabupaten Aceh Besar","11.06.02","Lhoknga","11.06.02.2013","Lambaro Seubun"
"11","Aceh","11.06","Kabupaten Aceh Besar","11.06.02","Lhoknga","11.06.02.2014","Naga Umbang"
"11","Aceh","11.06","Kabupaten Aceh Besar","11.06.02","Lhoknga","11.06.02.2015","Lampaya"
"11","Aceh","11.06","Kabupaten Aceh Besar","11.06.02","Lhoknga","11.06.02.2016","Meunasah Mesjid Lamlhom"
"11","Aceh","11.06","Kabupaten Aceh Besar","11.06.02","Lhoknga","11.06.02.2017","Meunasah Mon Cut"
"11","Aceh","11.06","Kabupaten Aceh Besar","11.06.02","Lhoknga","11.06.02.2018","Meunasah Manyang"
"11","Aceh","11.06","Kabupaten Aceh Besar","11.06.02","Lhoknga","11.06.02.2019","Meunasah Lam Girek"
"11","Aceh","11.06","Kabupaten Aceh Besar","11.06.02","Lhoknga","11.06.02.2020","Meunasah Lambaro"
"11","Aceh","11.06","Kabupaten Aceh Besar","11.06.02","Lhoknga","11.06.02.2021","Meunasah Baro Lamlhom"
"11","Aceh","11.06","Kabupaten Aceh Besar","11.06.02","Lhoknga","11.06.02.2022","Meunasah Beutong"
"11","Aceh","11.06","Kabupaten Aceh Besar","11.06.02","Lhoknga","11.06.02.2023","Mns. Mesjid Lampuuk"
"11","Aceh","11.06","Kabupaten Aceh Besar","11.06.02","Lhoknga","11.06.02.2024","Meunasah Balee"
"11","Aceh","11.06","Kabupaten Aceh Besar","11.06.02","Lhoknga","11.06.02.2025","Meunasah Karieng"
"11","Aceh","11.06","Kabupaten Aceh Besar","11.06.02","Lhoknga","11.06.02.2026","Lamcok"
"11","Aceh","11.06","Kabupaten Aceh Besar","11.06.02","Lhoknga","11.06.02.2027","Meunasah Cut"
"11","Aceh","11.06","Kabupaten Aceh Besar","11.06.02","Lhoknga","11.06.02.2028","Meunasah Blang"
"11","Aceh","11.06","Kabupaten Aceh Besar","11.06.03","Indrapuri","11.06.03.2001","Reukih Dayah"
"11","Aceh","11.06","Kabupaten Aceh Besar","11.06.03","Indrapuri","11.06.03.2002","Indrapuri"
"11","Aceh","11.06","Kabupaten Aceh Besar","11.06.03","Indrapuri","11.06.03.2003","Lam Leubok"
"11","Aceh","11.06","Kabupaten Aceh Besar","11.06.03","Indrapuri","11.06.03.2004","Empee Ara"
"11","Aceh","11.06","Kabupaten Aceh Besar","11.06.03","Indrapuri","11.06.03.2005","Limo Blang"
"11","Aceh","11.06","Kabupaten Aceh Besar","11.06.03","Indrapuri","11.06.03.2006","Limo Mesjid"
"11","Aceh","11.06","Kabupaten Aceh Besar","11.06.03","Indrapuri","11.06.03.2007","Limo Lamleuweung"
"11","Aceh","11.06","Kabupaten Aceh Besar","11.06.03","Indrapuri","11.06.03.2008","Lheue"
"11","Aceh","11.06","Kabupaten Aceh Besar","11.06.03","Indrapuri","11.06.03.2009","Meusale"
"11","Aceh","11.06","Kabupaten Aceh Besar","11.06.03","Indrapuri","11.06.03.2010","Cureh"
"11","Aceh","11.06","Kabupaten Aceh Besar","11.06.03","Indrapuri","11.06.03.2011","Cot Kareung"
"11","Aceh","11.06","Kabupaten Aceh Besar","11.06.03","Indrapuri","11.06.03.2012","Lamlung"
"11","Aceh","11.06","Kabupaten Aceh Besar","11.06.03","Indrapuri","11.06.03.2013","Meureu Ulee Titie"
"11","Aceh","11.06","Kabupaten Aceh Besar","11.06.03","Indrapuri","11.06.03.2014","Meureu Bueng-U"
"11","Aceh","11.06","Kabupaten Aceh Besar","11.06.03","Indrapuri","11.06.03.2015","Mureu Baro"
"11","Aceh","11.06","Kabupaten Aceh Besar","11.06.03","Indrapuri","11.06.03.2016","Meureu Lamglumpang"
"11","Aceh","11.06","Kabupaten Aceh Besar","11.06.03","Indrapuri","11.06.03.2017","Pasar Indrapuri"
"11","Aceh","11.06","Kabupaten Aceh Besar","11.06.03","Indrapuri","11.06.03.2018","Manggra"
"11","Aceh","11.06","Kabupaten Aceh Besar","11.06.03","Indrapuri","11.06.03.2019","Reukih Kupula"
"11","Aceh","11.06","Kabupaten Aceh Besar","11.06.03","Indrapuri","11.06.03.2020","Lam Ilie Mesjid"
"11","Aceh","11.06","Kabupaten Aceh Besar","11.06.03","Indrapuri","11.06.03.2021","Lam Ilie Tengoh"
"11","Aceh","11.06","Kabupaten Aceh Besar","11.06.03","Indrapuri","11.06.03.2022","Lam Ilie Ganto"
"11","Aceh","11.06","Kabupaten Aceh Besar","11.06.03","Indrapuri","11.06.03.2023","Meunara"
"11","Aceh","11.06","Kabupaten Aceh Besar","11.06.03","Indrapuri","11.06.03.2024","Aneuk Glee"
"11","Aceh","11.06","Kabupaten Aceh Besar","11.06.03","Indrapuri","11.06.03.2025","Krueng Lamkareung"
"11","Aceh","11.06","Kabupaten Aceh Besar","11.06.03","Indrapuri","11.06.03.2026","Sinyeu"
"11","Aceh","11.06","Kabupaten Aceh Besar","11.06.03","Indrapuri","11.06.03.2027","Seureumo"
"11","Aceh","11.06","Kabupaten Aceh Besar","11.06.03","Indrapuri","11.06.03.2028","Ulee Kareung"
"11","Aceh","11.06","Kabupaten Aceh Besar","11.06.03","Indrapuri","11.06.03.2029","Lambeutong"
"11","Aceh","11.06","Kabupaten Aceh Besar","11.06.03","Indrapuri","11.06.03.2030","Lampupok Baro"
"11","Aceh","11.06","Kabupaten Aceh Besar","11.06.03","Indrapuri","11.06.03.2031","Lampupok Raya"
"11","Aceh","11.06","Kabupaten Aceh Besar","11.06.03","Indrapuri","11.06.03.2032","Seulangai"
"11","Aceh","11.06","Kabupaten Aceh Besar","11.06.03","Indrapuri","11.06.03.2033","Riting"
"11","Aceh","11.06","Kabupaten Aceh Besar","11.06.03","Indrapuri","11.06.03.2034","Sihom Lhok"
"11","Aceh","11.06","Kabupaten Aceh Besar","11.06.03","Indrapuri","11.06.03.2035","Sihom Cot"
"11","Aceh","11.06","Kabupaten Aceh Besar","11.06.03","Indrapuri","11.06.03.2036","Seuot Baroh"
"11","Aceh","11.06","Kabupaten Aceh Besar","11.06.03","Indrapuri","11.06.03.2037","Seuot Tunong"
"11","Aceh","11.06","Kabupaten Aceh Besar","11.06.03","Indrapuri","11.06.03.2038","Lampanah Ranjo"
"11","Aceh","11.06","Kabupaten Aceh Besar","11.06.03","Indrapuri","11.06.03.2039","Lampanah Teungoh"
"11","Aceh","11.06","Kabupaten Aceh Besar","11.06.03","Indrapuri","11.06.03.2040","Lampanah Dayah"
"11","Aceh","11.06","Kabupaten Aceh Besar","11.06.03","Indrapuri","11.06.03.2041","Lampanah Baro"
"11","Aceh","11.06","Kabupaten Aceh Besar","11.06.03","Indrapuri","11.06.03.2042","Lampanah Tunong"
"11","Aceh","11.06","Kabupaten Aceh Besar","11.06.03","Indrapuri","11.06.03.2043","Groet Blang"
"11","Aceh","11.06","Kabupaten Aceh Besar","11.06.03","Indrapuri","11.06.03.2044","Groet Manyang"
"11","Aceh","11.06","Kabupaten Aceh Besar","11.06.03","Indrapuri","11.06.03.2045","Groet Baro"
"11","Aceh","11.06","Kabupaten Aceh Besar","11.06.03","Indrapuri","11.06.03.2046","Jruek Bak Kreh"
"11","Aceh","11.06","Kabupaten Aceh Besar","11.06.03","Indrapuri","11.06.03.2047","Jruek Balee"
"11","Aceh","11.06","Kabupaten Aceh Besar","11.06.03","Indrapuri","11.06.03.2049","Mon Alue"
"11","Aceh","11.06","Kabupaten Aceh Besar","11.06.03","Indrapuri","11.06.03.2050","Lambeunot"
"11","Aceh","11.06","Kabupaten Aceh Besar","11.06.03","Indrapuri","11.06.03.2051","Ulee Ue"
"11","Aceh","11.06","Kabupaten Aceh Besar","11.06.03","Indrapuri","11.06.03.2052","Lamsiot"
"11","Aceh","11.06","Kabupaten Aceh Besar","11.06.03","Indrapuri","11.06.03.2053","Lingom"
"11","Aceh","11.06","Kabupaten Aceh Besar","11.06.04","Seulimeum","11.06.04.2001","Peukan Seulimeum"
"11","Aceh","11.06","Kabupaten Aceh Besar","11.06.04","Seulimeum","11.06.04.2002","Keunaloi"
"11","Aceh","11.06","Kabupaten Aceh Besar","11.06.04","Seulimeum","11.06.04.2003","Lhieb"
"11","Aceh","11.06","Kabupaten Aceh Besar","11.06.04","Seulimeum","11.06.04.2004","Alue Gintong"
"11","Aceh","11.06","Kabupaten Aceh Besar","11.06.04","Seulimeum","11.06.04.2005","Gampong Seulimeum"
"11","Aceh","11.06","Kabupaten Aceh Besar","11.06.04","Seulimeum","11.06.04.2006","Data Gaseu"
"11","Aceh","11.06","Kabupaten Aceh Besar","11.06.04","Seulimeum","11.06.04.2007","Rabo"
"11","Aceh","11.06","Kabupaten Aceh Besar","11.06.04","Seulimeum","11.06.04.2008","Gampong Raya"
"11","Aceh","11.06","Kabupaten Aceh Besar","11.06.04","Seulimeum","11.06.04.2009","Lamjruen"
"11","Aceh","11.06","Kabupaten Aceh Besar","11.06.04","Seulimeum","11.06.04.2010","Buga"
"11","Aceh","11.06","Kabupaten Aceh Besar","11.06.04","Seulimeum","11.06.04.2011","Jawie"
"11","Aceh","11.06","Kabupaten Aceh Besar","11.06.04","Seulimeum","11.06.04.2012","Alue Rindang"
"11","Aceh","11.06","Kabupaten Aceh Besar","11.06.04","Seulimeum","11.06.04.2013","Iboh Tunong"
"11","Aceh","11.06","Kabupaten Aceh Besar","11.06.04","Seulimeum","11.06.04.2014","Iboh Tanjong"
"11","Aceh","11.06","Kabupaten Aceh Besar","11.06.04","Seulimeum","11.06.04.2015","Seuneubok"
"11","Aceh","11.06","Kabupaten Aceh Besar","11.06.04","Seulimeum","11.06.04.2016","Meunasah Baro"
"11","Aceh","11.06","Kabupaten Aceh Besar","11.06.04","Seulimeum","11.06.04.2017","Meunasah Tunong"
"11","Aceh","11.06","Kabupaten Aceh Besar","11.06.04","Seulimeum","11.06.04.2018","Batee Lhee"
"11","Aceh","11.06","Kabupaten Aceh Besar","11.06.04","Seulimeum","11.06.04.2019","Mangeu"
"11","Aceh","11.06","Kabupaten Aceh Besar","11.06.04","Seulimeum","11.06.04.2020","Bayu"
"11","Aceh","11.06","Kabupaten Aceh Besar","11.06.04","Seulimeum","11.06.04.2021","Ayon"
"11","Aceh","11.06","Kabupaten Aceh Besar","11.06.04","Seulimeum","11.06.04.2022","Lamteuba Droe"
"11","Aceh","11.06","Kabupaten Aceh Besar","11.06.04","Seulimeum","11.06.04.2023","Pulo"
"11","Aceh","11.06","Kabupaten Aceh Besar","11.06.04","Seulimeum","11.06.04.2024","Lampantee"
"11","Aceh","11.06","Kabupaten Aceh Besar","11.06.04","Seulimeum","11.06.04.2025","Lambada"
"11","Aceh","11.06","Kabupaten Aceh Besar","11.06.04","Seulimeum","11.06.04.2026","Blang Tingkeum"
"11","Aceh","11.06","Kabupaten Aceh Besar","11.06.04","Seulimeum","11.06.04.2027","Ateuk"
"11","Aceh","11.06","Kabupaten Aceh Besar","11.06.04","Seulimeum","11.06.04.2028","Lam Apeng"
"11","Aceh","11.06","Kabupaten Aceh Besar","11.06.04","Seulimeum","11.06.04.2029","Meurah"
"11","Aceh","11.06","Kabupaten Aceh Besar","11.06.04","Seulimeum","11.06.04.2030","Lampanah"
"11","Aceh","11.06","Kabupaten Aceh Besar","11.06.04","Seulimeum","11.06.04.2031","Ujong Mesjid Lampanah"
"11","Aceh","11.06","Kabupaten Aceh Besar","11.06.04","Seulimeum","11.06.04.2032","Ujong Keupula"
"11","Aceh","11.06","Kabupaten Aceh Besar","11.06.04","Seulimeum","11.06.04.2033","Leungah"
"11","Aceh","11.06","Kabupaten Aceh Besar","11.06.04","Seulimeum","11.06.04.2034","Beureunut"
"11","Aceh","11.06","Kabupaten Aceh Besar","11.06.04","Seulimeum","11.06.04.2035","Meunasah Jeumpa"
"11","Aceh","11.06","Kabupaten Aceh Besar","11.06.04","Seulimeum","11.06.04.2036","Pinto Khop"
"11","Aceh","11.06","Kabupaten Aceh Besar","11.06.04","Seulimeum","11.06.04.2037","Bak Seutui"
"11","Aceh","11.06","Kabupaten Aceh Besar","11.06.04","Seulimeum","11.06.04.2038","Bak Aghu"
"11","Aceh","11.06","Kabupaten Aceh Besar","11.06.04","Seulimeum","11.06.04.2039","Kayee Adang"
"11","Aceh","11.06","Kabupaten Aceh Besar","11.06.04","Seulimeum","11.06.04.2040","Lamkuk"
"11","Aceh","11.06","Kabupaten Aceh Besar","11.06.04","Seulimeum","11.06.04.2041","Ujong Mesjid Tanoh Abee"
"11","Aceh","11.06","Kabupaten Aceh Besar","11.06.04","Seulimeum","11.06.04.2042","Lamcarak"
"11","Aceh","11.06","Kabupaten Aceh Besar","11.06.04","Seulimeum","11.06.04.2043","Capeung Dayah"
"11","Aceh","11.06","Kabupaten Aceh Besar","11.06.04","Seulimeum","11.06.04.2044","Capeung Baroh"
"11","Aceh","11.06","Kabupaten Aceh Besar","11.06.04","Seulimeum","11.06.04.2045","Lampisang Dayah"
"11","Aceh","11.06","Kabupaten Aceh Besar","11.06.04","Seulimeum","11.06.04.2046","Lampisang Tunong"
"11","Aceh","11.06","Kabupaten Aceh Besar","11.06.04","Seulimeum","11.06.04.2047","Lampisang Teungoh"
"11","Aceh","11.06","Kabupaten Aceh Besar","11.06.05","Montasik","11.06.05.2001","Mata Ie"
"11","Aceh","11.06","Kabupaten Aceh Besar","11.06.05","Montasik","11.06.05.2002","Gampong Baroh"
"11","Aceh","11.06","Kabupaten Aceh Besar","11.06.05","Montasik","11.06.05.2003","Lampaseh Lhok"
"11","Aceh","11.06","Kabupaten Aceh Besar","11.06.05","Montasik","11.06.05.2004","Lampaseh Krueng"
"11","Aceh","11.06","Kabupaten Aceh Besar","11.06.05","Montasik","11.06.05.2005","Lamnga"
"11","Aceh","11.06","Kabupaten Aceh Besar","11.06.05","Montasik","11.06.05.2006","Dayah Daboh"
"11","Aceh","11.06","Kabupaten Aceh Besar","11.06.05","Montasik","11.06.05.2007","Weu Lhok"
"11","Aceh","11.06","Kabupaten Aceh Besar","11.06.05","Montasik","11.06.05.2008","Alue"
"11","Aceh","11.06","Kabupaten Aceh Besar","11.06.05","Montasik","11.06.05.2009","Weu Krueng"
"11","Aceh","11.06","Kabupaten Aceh Besar","11.06.05","Montasik","11.06.05.2010","Seubam Cot"
"11","Aceh","11.06","Kabupaten Aceh Besar","11.06.05","Montasik","11.06.05.2011","Bak Dilip"
"11","Aceh","11.06","Kabupaten Aceh Besar","11.06.05","Montasik","11.06.05.2012","Ulee Lhat"
"11","Aceh","11.06","Kabupaten Aceh Besar","11.06.05","Montasik","11.06.05.2015","Lamraya"
"11","Aceh","11.06","Kabupaten Aceh Besar","11.06.05","Montasik","11.06.05.2016","Lamme Garot"
"11","Aceh","11.06","Kabupaten Aceh Besar","11.06.05","Montasik","11.06.05.2017","Weu Bada"
"11","Aceh","11.06","Kabupaten Aceh Besar","11.06.05","Montasik","11.06.05.2018","Meunasah Tutong"
"11","Aceh","11.06","Kabupaten Aceh Besar","11.06.05","Montasik","11.06.05.2019","Empee Tanong"
"11","Aceh","11.06","Kabupaten Aceh Besar","11.06.05","Montasik","11.06.05.2020","Bak Cirih"
"11","Aceh","11.06","Kabupaten Aceh Besar","11.06.05","Montasik","11.06.05.2021","Warabo"
"11","Aceh","11.06","Kabupaten Aceh Besar","11.06.05","Montasik","11.06.05.2022","Teubang Phui Mesjid"
"11","Aceh","11.06","Kabupaten Aceh Besar","11.06.05","Montasik","11.06.05.2023","Teubang Phui Baro"
"11","Aceh","11.06","Kabupaten Aceh Besar","11.06.05","Montasik","11.06.05.2024","Bira Cot"
"11","Aceh","11.06","Kabupaten Aceh Besar","11.06.05","Montasik","11.06.05.2025","Bira Lhok"
"11","Aceh","11.06","Kabupaten Aceh Besar","11.06.05","Montasik","11.06.05.2026","Bung Tujoh"
"11","Aceh","11.06","Kabupaten Aceh Besar","11.06.05","Montasik","11.06.05.2027","Peurumping"
"11","Aceh","11.06","Kabupaten Aceh Besar","11.06.05","Montasik","11.06.05.2028","Atong"
"11","Aceh","11.06","Kabupaten Aceh Besar","11.06.05","Montasik","11.06.05.2029","Reudeup"
"11","Aceh","11.06","Kabupaten Aceh Besar","11.06.05","Montasik","11.06.05.2042","Seubam Lhok"
"11","Aceh","11.06","Kabupaten Aceh Besar","11.06.05","Montasik","11.06.05.2043","Seumet"
"11","Aceh","11.06","Kabupaten Aceh Besar","11.06.05","Montasik","11.06.05.2044","Cot Seunong"
"11","Aceh","11.06","Kabupaten Aceh Besar","11.06.05","Montasik","11.06.05.2045","Mon Ara"
"11","Aceh","11.06","Kabupaten Aceh Besar","11.06.05","Montasik","11.06.05.2046","Cot Lhok"
"11","Aceh","11.06","Kabupaten Aceh Besar","11.06.05","Montasik","11.06.05.2047","Cot Lampoh Soh"
"11","Aceh","11.06","Kabupaten Aceh Besar","11.06.05","Montasik","11.06.05.2048","Bueng Raya"
"11","Aceh","11.06","Kabupaten Aceh Besar","11.06.05","Montasik","11.06.05.2049","Piyeung Lhang"
"11","Aceh","11.06","Kabupaten Aceh Besar","11.06.05","Montasik","11.06.05.2050","Piyeung Manee"
"11","Aceh","11.06","Kabupaten Aceh Besar","11.06.05","Montasik","11.06.05.2051","Bueng Daroh"
"11","Aceh","11.06","Kabupaten Aceh Besar","11.06.05","Montasik","11.06.05.2052","Kuweu"
"11","Aceh","11.06","Kabupaten Aceh Besar","11.06.05","Montasik","11.06.05.2053","Piyeung Datu"
"11","Aceh","11.06","Kabupaten Aceh Besar","11.06.06","Sukamakmur","11.06.06.2001","Reuhat Tuha"
"11","Aceh","11.06","Kabupaten Aceh Besar","11.06.06","Sukamakmur","11.06.06.2002","Weusiteh"
"11","Aceh","11.06","Kabupaten Aceh Besar","11.06.06","Sukamakmur","11.06.06.2003","Dilib Lamteungoh"
"11","Aceh","11.06","Kabupaten Aceh Besar","11.06.06","Sukamakmur","11.06.06.2004","Baet Lampuot"
"11","Aceh","11.06","Kabupaten Aceh Besar","11.06.06","Sukamakmur","11.06.06.2005","Dilib Bukit"
"11","Aceh","11.06","Kabupaten Aceh Besar","11.06.06","Sukamakmur","11.06.06.2006","Seumeureung"
"11","Aceh","11.06","Kabupaten Aceh Besar","11.06.06","Sukamakmur","11.06.06.2007","Sibreh Keumudee"
"11","Aceh","11.06","Kabupaten Aceh Besar","11.06.06","Sukamakmur","11.06.06.2008","Baet Mesago"
"11","Aceh","11.06","Kabupaten Aceh Besar","11.06.06","Sukamakmur","11.06.06.2009","Baet Mesjid"
"11","Aceh","11.06","Kabupaten Aceh Besar","11.06.06","Sukamakmur","11.06.06.2010","Lambaro Sibreh"
"11","Aceh","11.06","Kabupaten Aceh Besar","11.06.06","Sukamakmur","11.06.06.2011","Lamgeu Baro"
"11","Aceh","11.06","Kabupaten Aceh Besar","11.06.06","Sukamakmur","11.06.06.2012","Lamgeu Tuha"
"11","Aceh","11.06","Kabupaten Aceh Besar","11.06.06","Sukamakmur","11.06.06.2013","Lampanah Ineu"
"11","Aceh","11.06","Kabupaten Aceh Besar","11.06.06","Sukamakmur","11.06.06.2014","Tampok Jeurat Raya"
"11","Aceh","11.06","Kabupaten Aceh Besar","11.06.06","Sukamakmur","11.06.06.2015","Tampok Blang"
"11","Aceh","11.06","Kabupaten Aceh Besar","11.06.06","Sukamakmur","11.06.06.2016","Lamteh Dayah"
"11","Aceh","11.06","Kabupaten Aceh Besar","11.06.06","Sukamakmur","11.06.06.2017","Lam Lheu"
"11","Aceh","11.06","Kabupaten Aceh Besar","11.06.06","Sukamakmur","11.06.06.2018","Lambarih Jurong Raya"
"11","Aceh","11.06","Kabupaten Aceh Besar","11.06.06","Sukamakmur","11.06.06.2019","Bukloh"
"11","Aceh","11.06","Kabupaten Aceh Besar","11.06.06","Sukamakmur","11.06.06.2020","Niron"
"11","Aceh","11.06","Kabupaten Aceh Besar","11.06.06","Sukamakmur","11.06.06.2021","Aneuk Galong Baro"
"11","Aceh","11.06","Kabupaten Aceh Besar","11.06.06","Sukamakmur","11.06.06.2022","Aneuk Galong Titi"
"11","Aceh","11.06","Kabupaten Aceh Besar","11.06.06","Sukamakmur","11.06.06.2023","Blang Cut"
"11","Aceh","11.06","Kabupaten Aceh Besar","11.06.06","Sukamakmur","11.06.06.2024","Klieng Mayang"
"11","Aceh","11.06","Kabupaten Aceh Besar","11.06.06","Sukamakmur","11.06.06.2025","Aneuk Batee"
"11","Aceh","11.06","Kabupaten Aceh Besar","11.06.06","Sukamakmur","11.06.06.2026","Meunasah Tuha"
"11","Aceh","11.06","Kabupaten Aceh Besar","11.06.06","Sukamakmur","11.06.06.2027","Lampisang"
"11","Aceh","11.06","Kabupaten Aceh Besar","11.06.06","Sukamakmur","11.06.06.2028","Meunasah Bakthu"
"11","Aceh","11.06","Kabupaten Aceh Besar","11.06.06","Sukamakmur","11.06.06.2029","Lambarih Bak Mee"
"11","Aceh","11.06","Kabupaten Aceh Besar","11.06.06","Sukamakmur","11.06.06.2030","Luthu Dayah Krueng"
"11","Aceh","11.06","Kabupaten Aceh Besar","11.06.06","Sukamakmur","11.06.06.2031","Luthu Lamweu"
"11","Aceh","11.06","Kabupaten Aceh Besar","11.06.06","Sukamakmur","11.06.06.2032","Panterawa"
"11","Aceh","11.06","Kabupaten Aceh Besar","11.06.06","Sukamakmur","11.06.06.2033","Lambirah"
"11","Aceh","11.06","Kabupaten Aceh Besar","11.06.06","Sukamakmur","11.06.06.2034","Kayee Adang"
"11","Aceh","11.06","Kabupaten Aceh Besar","11.06.06","Sukamakmur","11.06.06.2035","Lam Tanjong"
"11","Aceh","11.06","Kabupaten Aceh Besar","11.06.07","Darul Imarah","11.06.07.2001","Lampeuneurut Ujong Blang"
"11","Aceh","11.06","Kabupaten Aceh Besar","11.06.07","Darul Imarah","11.06.07.2002","Lampeuneurut Gampong"
"11","Aceh","11.06","Kabupaten Aceh Besar","11.06.07","Darul Imarah","11.06.07.2003","Lamreung"
"11","Aceh","11.06","Kabupaten Aceh Besar","11.06.07","Darul Imarah","11.06.07.2004","Lamcot"
"11","Aceh","11.06","Kabupaten Aceh Besar","11.06.07","Darul Imarah","11.06.07.2005","Lam Blang Trieng"
"11","Aceh","11.06","Kabupaten Aceh Besar","11.06.07","Darul Imarah","11.06.07.2006","Lam Blang Mayang"
"11","Aceh","11.06","Kabupaten Aceh Besar","11.06.07","Darul Imarah","11.06.07.2007","Bayu"
"11","Aceh","11.06","Kabupaten Aceh Besar","11.06.07","Darul Imarah","11.06.07.2008","Lagang"
"11","Aceh","11.06","Kabupaten Aceh Besar","11.06.07","Darul Imarah","11.06.07.2009","Lamsiteh"
"11","Aceh","11.06","Kabupaten Aceh Besar","11.06.07","Darul Imarah","11.06.07.2010","Lamkawe"
"11","Aceh","11.06","Kabupaten Aceh Besar","11.06.07","Darul Imarah","11.06.07.2011","Lheu Blang"
"11","Aceh","11.06","Kabupaten Aceh Besar","11.06.07","Darul Imarah","11.06.07.2012","Payaroh"
"11","Aceh","11.06","Kabupaten Aceh Besar","11.06.07","Darul Imarah","11.06.07.2013","Lamsidaya"
"11","Aceh","11.06","Kabupaten Aceh Besar","11.06.07","Darul Imarah","11.06.07.2014","Kuta Karang"
"11","Aceh","11.06","Kabupaten Aceh Besar","11.06.07","Darul Imarah","11.06.07.2015","Leu Geu"
"11","Aceh","11.06","Kabupaten Aceh Besar","11.06.07","Darul Imarah","11.06.07.2016","Lampeuneun"
"11","Aceh","11.06","Kabupaten Aceh Besar","11.06.07","Darul Imarah","11.06.07.2017","Lamtheun"
"11","Aceh","11.06","Kabupaten Aceh Besar","11.06.07","Darul Imarah","11.06.07.2018","Deunong"
"11","Aceh","11.06","Kabupaten Aceh Besar","11.06.07","Darul Imarah","11.06.07.2019","Tingkuem"
"11","Aceh","11.06","Kabupaten Aceh Besar","11.06.07","Darul Imarah","11.06.07.2020","Kandang"
"11","Aceh","11.06","Kabupaten Aceh Besar","11.06.07","Darul Imarah","11.06.07.2021","Lam Bheu"
"11","Aceh","11.06","Kabupaten Aceh Besar","11.06.07","Darul Imarah","11.06.07.2022","Daroy Kameu"
"11","Aceh","11.06","Kabupaten Aceh Besar","11.06.07","Darul Imarah","11.06.07.2023","Geundrieng"
"11","Aceh","11.06","Kabupaten Aceh Besar","11.06.07","Darul Imarah","11.06.07.2024","Garot"
"11","Aceh","11.06","Kabupaten Aceh Besar","11.06.07","Darul Imarah","11.06.07.2025","Pasheu Beutong"
"11","Aceh","11.06","Kabupaten Aceh Besar","11.06.07","Darul Imarah","11.06.07.2026","Lampasi Engking"
"11","Aceh","11.06","Kabupaten Aceh Besar","11.06.07","Darul Imarah","11.06.07.2027","Jeumpet Ajun"
"11","Aceh","11.06","Kabupaten Aceh Besar","11.06.07","Darul Imarah","11.06.07.2028","Gue Gajah"
"11","Aceh","11.06","Kabupaten Aceh Besar","11.06.07","Darul Imarah","11.06.07.2029","Leu Ue"
"11","Aceh","11.06","Kabupaten Aceh Besar","11.06.07","Darul Imarah","11.06.07.2030","Ulee Lueng"
"11","Aceh","11.06","Kabupaten Aceh Besar","11.06.07","Darul Imarah","11.06.07.2031","Punie"
"11","Aceh","11.06","Kabupaten Aceh Besar","11.06.07","Darul Imarah","11.06.07.2032","Ulee Tuy"
"11","Aceh","11.06","Kabupaten Aceh Besar","11.06.08","Peukan Bada","11.06.08.2001","Lambadeuk"
"11","Aceh","11.06","Kabupaten Aceh Besar","11.06.08","Peukan Bada","11.06.08.2002","Lamguron"
"11","Aceh","11.06","Kabupaten Aceh Besar","11.06.08","Peukan Bada","11.06.08.2003","Lambaro Nejid"
"11","Aceh","11.06","Kabupaten Aceh Besar","11.06.08","Peukan Bada","11.06.08.2004","Lampageu"
"11","Aceh","11.06","Kabupaten Aceh Besar","11.06.08","Peukan Bada","11.06.08.2005","Gampong Baro"
"11","Aceh","11.06","Kabupaten Aceh Besar","11.06.08","Peukan Bada","11.06.08.2006","Lam Manyang"
"11","Aceh","11.06","Kabupaten Aceh Besar","11.06.08","Peukan Bada","11.06.08.2007","Lamteh"
"11","Aceh","11.06","Kabupaten Aceh Besar","11.06.08","Peukan Bada","11.06.08.2008","Lam Lumpu"
"11","Aceh","11.06","Kabupaten Aceh Besar","11.06.08","Peukan Bada","11.06.08.2009","Lamteungoh"
"11","Aceh","11.06","Kabupaten Aceh Besar","11.06.08","Peukan Bada","11.06.08.2010","Lamtutui"
"11","Aceh","11.06","Kabupaten Aceh Besar","11.06.08","Peukan Bada","11.06.08.2011","Meunasah Tuha"
"11","Aceh","11.06","Kabupaten Aceh Besar","11.06.08","Peukan Bada","11.06.08.2012","Lam Awe"
"11","Aceh","11.06","Kabupaten Aceh Besar","11.06.08","Peukan Bada","11.06.08.2013","Pulo Bunta"
"11","Aceh","11.06","Kabupaten Aceh Besar","11.06.08","Peukan Bada","11.06.08.2014","Beuradeun"
"11","Aceh","11.06","Kabupaten Aceh Besar","11.06.08","Peukan Bada","11.06.08.2015","Lampisang"
"11","Aceh","11.06","Kabupaten Aceh Besar","11.06.08","Peukan Bada","11.06.08.2016","Keuneu Eu"
"11","Aceh","11.06","Kabupaten Aceh Besar","11.06.08","Peukan Bada","11.06.08.2017","Lam Isek"
"11","Aceh","11.06","Kabupaten Aceh Besar","11.06.08","Peukan Bada","11.06.08.2018","Lamkeumok"
"11","Aceh","11.06","Kabupaten Aceh Besar","11.06.08","Peukan Bada","11.06.08.2019","Lam Rukam"
"11","Aceh","11.06","Kabupaten Aceh Besar","11.06.08","Peukan Bada","11.06.08.2020","Gurah"
"11","Aceh","11.06","Kabupaten Aceh Besar","11.06.08","Peukan Bada","11.06.08.2021","Rima Jeuneu"
"11","Aceh","11.06","Kabupaten Aceh Besar","11.06.08","Peukan Bada","11.06.08.2022","Lam Geu Eu"
"11","Aceh","11.06","Kabupaten Aceh Besar","11.06.08","Peukan Bada","11.06.08.2023","Lam Hasan"
"11","Aceh","11.06","Kabupaten Aceh Besar","11.06.08","Peukan Bada","11.06.08.2024","Paya Tieng"
"11","Aceh","11.06","Kabupaten Aceh Besar","11.06.08","Peukan Bada","11.06.08.2025","Ajuen"
"11","Aceh","11.06","Kabupaten Aceh Besar","11.06.08","Peukan Bada","11.06.08.2026","Rima Keuneurom"
"11","Aceh","11.06","Kabupaten Aceh Besar","11.06.09","Mesjid Raya","11.06.09.2001","Meunasah Kulam"
"11","Aceh","11.06","Kabupaten Aceh Besar","11.06.09","Mesjid Raya","11.06.09.2002","Beurandeh"
"11","Aceh","11.06","Kabupaten Aceh Besar","11.06.09","Mesjid Raya","11.06.09.2003","Ie Seum"
"11","Aceh","11.06","Kabupaten Aceh Besar","11.06.09","Mesjid Raya","11.06.09.2004","Meunasah Keudee"
"11","Aceh","11.06","Kabupaten Aceh Besar","11.06.09","Mesjid Raya","11.06.09.2005","Lamreh"
"11","Aceh","11.06","Kabupaten Aceh Besar","11.06.09","Mesjid Raya","11.06.09.2006","Meunasah Mon"
"11","Aceh","11.06","Kabupaten Aceh Besar","11.06.09","Mesjid Raya","11.06.09.2007","Paya Kameng"
"11","Aceh","11.06","Kabupaten Aceh Besar","11.06.09","Mesjid Raya","11.06.09.2008","Ruyung"
"11","Aceh","11.06","Kabupaten Aceh Besar","11.06.09","Mesjid Raya","11.06.09.2009","Ladong"
"11","Aceh","11.06","Kabupaten Aceh Besar","11.06.09","Mesjid Raya","11.06.09.2010","Gampong Baro"
"11","Aceh","11.06","Kabupaten Aceh Besar","11.06.09","Mesjid Raya","11.06.09.2011","Durung"
"11","Aceh","11.06","Kabupaten Aceh Besar","11.06.09","Mesjid Raya","11.06.09.2012","Neuheun"
"11","Aceh","11.06","Kabupaten Aceh Besar","11.06.09","Mesjid Raya","11.06.09.2013","Lamnga"
"11","Aceh","11.06","Kabupaten Aceh Besar","11.06.10","Ingin Jaya","11.06.10.2001","Lambaro"
"11","Aceh","11.06","Kabupaten Aceh Besar","11.06.10","Ingin Jaya","11.06.10.2002","Meunasah Manyang Lam Garot"
"11","Aceh","11.06","Kabupaten Aceh Besar","11.06.10","Ingin Jaya","11.06.10.2003","Bakoy"
"11","Aceh","11.06","Kabupaten Aceh Besar","11.06.10","Ingin Jaya","11.06.10.2004","Meunasah Baro"
"11","Aceh","11.06","Kabupaten Aceh Besar","11.06.10","Ingin Jaya","11.06.10.2005","Meunasah Deyah"
"11","Aceh","11.06","Kabupaten Aceh Besar","11.06.10","Ingin Jaya","11.06.10.2006","Meunasah Tutong"
"11","Aceh","11.06","Kabupaten Aceh Besar","11.06.10","Ingin Jaya","11.06.10.2007","Siron"
"11","Aceh","11.06","Kabupaten Aceh Besar","11.06.10","Ingin Jaya","11.06.10.2008","Pasie Lamgarot"
"11","Aceh","11.06","Kabupaten Aceh Besar","11.06.10","Ingin Jaya","11.06.10.2009","Dham Ceukok"
"11","Aceh","11.06","Kabupaten Aceh Besar","11.06.10","Ingin Jaya","11.06.10.2010","Dham Pulo"
"11","Aceh","11.06","Kabupaten Aceh Besar","11.06.10","Ingin Jaya","11.06.10.2011","Lubok Sukon"
"11","Aceh","11.06","Kabupaten Aceh Besar","11.06.10","Ingin Jaya","11.06.10.2012","Lubok Gapuy"
"11","Aceh","11.06","Kabupaten Aceh Besar","11.06.10","Ingin Jaya","11.06.10.2013","Pasie Lubuk"
"11","Aceh","11.06","Kabupaten Aceh Besar","11.06.10","Ingin Jaya","11.06.10.2014","Bung Ceukok"
"11","Aceh","11.06","Kabupaten Aceh Besar","11.06.10","Ingin Jaya","11.06.10.2015","Teubang Phuy"
"11","Aceh","11.06","Kabupaten Aceh Besar","11.06.10","Ingin Jaya","11.06.10.2016","Ateuk Anggok"
"11","Aceh","11.06","Kabupaten Aceh Besar","11.06.10","Ingin Jaya","11.06.10.2017","Ajee Rayeuk"
"11","Aceh","11.06","Kabupaten Aceh Besar","11.06.10","Ingin Jaya","11.06.10.2018","Ajee Cut"
"11","Aceh","11.06","Kabupaten Aceh Besar","11.06.10","Ingin Jaya","11.06.10.2019","Gani"
"11","Aceh","11.06","Kabupaten Aceh Besar","11.06.10","Ingin Jaya","11.06.10.2020","Ateuk Lueng Ie"
"11","Aceh","11.06","Kabupaten Aceh Besar","11.06.10","Ingin Jaya","11.06.10.2021","Cot Alue"
"11","Aceh","11.06","Kabupaten Aceh Besar","11.06.10","Ingin Jaya","11.06.10.2022","Cot Suruy"
"11","Aceh","11.06","Kabupaten Aceh Besar","11.06.10","Ingin Jaya","11.06.10.2023","Cot Bada"
"11","Aceh","11.06","Kabupaten Aceh Besar","11.06.10","Ingin Jaya","11.06.10.2024","Ajee Pagar Air"
"11","Aceh","11.06","Kabupaten Aceh Besar","11.06.10","Ingin Jaya","11.06.10.2025","Meunasah Krueng"
"11","Aceh","11.06","Kabupaten Aceh Besar","11.06.10","Ingin Jaya","11.06.10.2026","Jurong Peujera"
"11","Aceh","11.06","Kabupaten Aceh Besar","11.06.10","Ingin Jaya","11.06.10.2027","Lubok Batee"
"11","Aceh","11.06","Kabupaten Aceh Besar","11.06.10","Ingin Jaya","11.06.10.2028","Bineh Blang"
"11","Aceh","11.06","Kabupaten Aceh Besar","11.06.10","Ingin Jaya","11.06.10.2029","Pantee"
"11","Aceh","11.06","Kabupaten Aceh Besar","11.06.10","Ingin Jaya","11.06.10.2030","Kalut"
"11","Aceh","11.06","Kabupaten Aceh Besar","11.06.10","Ingin Jaya","11.06.10.2031","Meunasah Manyang Pagar Air"
"11","Aceh","11.06","Kabupaten Aceh Besar","11.06.10","Ingin Jaya","11.06.10.2032","Meunasah Manyet"
"11","Aceh","11.06","Kabupaten Aceh Besar","11.06.10","Ingin Jaya","11.06.10.2033","Santan"
"11","Aceh","11.06","Kabupaten Aceh Besar","11.06.10","Ingin Jaya","11.06.10.2034","Tanjong"
"11","Aceh","11.06","Kabupaten Aceh Besar","11.06.10","Ingin Jaya","11.06.10.2035","Reuloh"
"11","Aceh","11.06","Kabupaten Aceh Besar","11.06.10","Ingin Jaya","11.06.10.2041","Paleuh Blang"
"11","Aceh","11.06","Kabupaten Aceh Besar","11.06.10","Ingin Jaya","11.06.10.2042","Cot Mentiwan"
"11","Aceh","11.06","Kabupaten Aceh Besar","11.06.10","Ingin Jaya","11.06.10.2043","Lampreh Lam Jampok"
"11","Aceh","11.06","Kabupaten Aceh Besar","11.06.10","Ingin Jaya","11.06.10.2044","Paleuh Pulo"
"11","Aceh","11.06","Kabupaten Aceh Besar","11.06.10","Ingin Jaya","11.06.10.2045","Lamcot"
"11","Aceh","11.06","Kabupaten Aceh Besar","11.06.10","Ingin Jaya","11.06.10.2046","Lamsinyeu"
"11","Aceh","11.06","Kabupaten Aceh Besar","11.06.10","Ingin Jaya","11.06.10.2047","Lam Ue"
"11","Aceh","11.06","Kabupaten Aceh Besar","11.06.10","Ingin Jaya","11.06.10.2048","Cot Gud"
"11","Aceh","11.06","Kabupaten Aceh Besar","11.06.10","Ingin Jaya","11.06.10.2049","Lamdaya"
"11","Aceh","11.06","Kabupaten Aceh Besar","11.06.10","Ingin Jaya","11.06.10.2050","Lambada"
"11","Aceh","11.06","Kabupaten Aceh Besar","11.06.10","Ingin Jaya","11.06.10.2051","Ujong XII"
"11","Aceh","11.06","Kabupaten Aceh Besar","11.06.10","Ingin Jaya","11.06.10.2052","Bada"
"11","Aceh","11.06","Kabupaten Aceh Besar","11.06.10","Ingin Jaya","11.06.10.2053","Lamteungoh"
"11","Aceh","11.06","Kabupaten Aceh Besar","11.06.10","Ingin Jaya","11.06.10.2054","Kayee Lee"
"11","Aceh","11.06","Kabupaten Aceh Besar","11.06.10","Ingin Jaya","11.06.10.2056","Lampreh Lamteungoh"
"11","Aceh","11.06","Kabupaten Aceh Besar","11.06.11","Kuta Baro","11.06.11.2001","Krueng Anoi"
"11","Aceh","11.06","Kabupaten Aceh Besar","11.06.11","Kuta Baro","11.06.11.2002","Lam Puuk"
"11","Aceh","11.06","Kabupaten Aceh Besar","11.06.11","Kuta Baro","11.06.11.2003","Cot Beut"
"11","Aceh","11.06","Kabupaten Aceh Besar","11.06.11","Kuta Baro","11.06.11.2004","Bueng Bakjok"
"11","Aceh","11.06","Kabupaten Aceh Besar","11.06.11","Kuta Baro","11.06.11.2005","Lam Neuheun"
"11","Aceh","11.06","Kabupaten Aceh Besar","11.06.11","Kuta Baro","11.06.11.2006","Seupeu"
"11","Aceh","11.06","Kabupaten Aceh Besar","11.06.11","Kuta Baro","11.06.11.2007","Cot Mancang"
"11","Aceh","11.06","Kabupaten Aceh Besar","11.06.11","Kuta Baro","11.06.11.2008","Lam Baet"
"11","Aceh","11.06","Kabupaten Aceh Besar","11.06.11","Kuta Baro","11.06.11.2009","Cot Masam"
"11","Aceh","11.06","Kabupaten Aceh Besar","11.06.11","Kuta Baro","11.06.11.2016","Gue"
"11","Aceh","11.06","Kabupaten Aceh Besar","11.06.11","Kuta Baro","11.06.11.2018","Lam Sabang"
"11","Aceh","11.06","Kabupaten Aceh Besar","11.06.11","Kuta Baro","11.06.11.2019","Lam Alue Raya"
"11","Aceh","11.06","Kabupaten Aceh Besar","11.06.11","Kuta Baro","11.06.11.2020","Lam Alue Cut"
"11","Aceh","11.06","Kabupaten Aceh Besar","11.06.11","Kuta Baro","11.06.11.2021","Leupung Mesjid"
"11","Aceh","11.06","Kabupaten Aceh Besar","11.06.11","Kuta Baro","11.06.11.2022","Cot Lamee"
"11","Aceh","11.06","Kabupaten Aceh Besar","11.06.11","Kuta Baro","11.06.11.2023","Leupung Ulee Alue"
"11","Aceh","11.06","Kabupaten Aceh Besar","11.06.11","Kuta Baro","11.06.11.2024","Lampoh Tarom"
"11","Aceh","11.06","Kabupaten Aceh Besar","11.06.11","Kuta Baro","11.06.11.2025","Lamteube Geupula"
"11","Aceh","11.06","Kabupaten Aceh Besar","11.06.11","Kuta Baro","11.06.11.2026","Lamteube Mon Ara"
"11","Aceh","11.06","Kabupaten Aceh Besar","11.06.11","Kuta Baro","11.06.11.2027","Aron"
"11","Aceh","11.06","Kabupaten Aceh Besar","11.06.11","Kuta Baro","11.06.11.2028","Bak Buloh"
"11","Aceh","11.06","Kabupaten Aceh Besar","11.06.11","Kuta Baro","11.06.11.2029","Lam Seunong"
"11","Aceh","11.06","Kabupaten Aceh Besar","11.06.11","Kuta Baro","11.06.11.2030","Lam Raya"
"11","Aceh","11.06","Kabupaten Aceh Besar","11.06.11","Kuta Baro","11.06.11.2031","Lam Roh"
"11","Aceh","11.06","Kabupaten Aceh Besar","11.06.11","Kuta Baro","11.06.11.2032","Lambunot Tanoh"
"11","Aceh","11.06","Kabupaten Aceh Besar","11.06.11","Kuta Baro","11.06.11.2033","Tumpok Lampoh"
"11","Aceh","11.06","Kabupaten Aceh Besar","11.06.11","Kuta Baro","11.06.11.2034","Puuk"
"11","Aceh","11.06","Kabupaten Aceh Besar","11.06.11","Kuta Baro","11.06.11.2035","Lambunot Paya"
"11","Aceh","11.06","Kabupaten Aceh Besar","11.06.11","Kuta Baro","11.06.11.2036","Lampoh Keude"
"11","Aceh","11.06","Kabupaten Aceh Besar","11.06.11","Kuta Baro","11.06.11.2037","Lam Asan"
"11","Aceh","11.06","Kabupaten Aceh Besar","11.06.11","Kuta Baro","11.06.11.2038","Lambro Deyah"
"11","Aceh","11.06","Kabupaten Aceh Besar","11.06.11","Kuta Baro","11.06.11.2039","Lambro Bileu"
"11","Aceh","11.06","Kabupaten Aceh Besar","11.06.11","Kuta Baro","11.06.11.2040","Cot Peutano"
"11","Aceh","11.06","Kabupaten Aceh Besar","11.06.11","Kuta Baro","11.06.11.2041","Cot Cut"
"11","Aceh","11.06","Kabupaten Aceh Besar","11.06.11","Kuta Baro","11.06.11.2042","Meunasah Baktrieng"
"11","Aceh","11.06","Kabupaten Aceh Besar","11.06.11","Kuta Baro","11.06.11.2043","Babah Jurong"
"11","Aceh","11.06","Kabupaten Aceh Besar","11.06.11","Kuta Baro","11.06.11.2044","Lam Glumpang"
"11","Aceh","11.06","Kabupaten Aceh Besar","11.06.11","Kuta Baro","11.06.11.2045","Rabeu"
"11","Aceh","11.06","Kabupaten Aceh Besar","11.06.11","Kuta Baro","11.06.11.2046","Cucum"
"11","Aceh","11.06","Kabupaten Aceh Besar","11.06.11","Kuta Baro","11.06.11.2047","Deyah"
"11","Aceh","11.06","Kabupaten Aceh Besar","11.06.11","Kuta Baro","11.06.11.2048","Lam Trieng"
"11","Aceh","11.06","Kabupaten Aceh Besar","11.06.11","Kuta Baro","11.06.11.2049","Beurangong"
"11","Aceh","11.06","Kabupaten Aceh Besar","11.06.11","Kuta Baro","11.06.11.2050","Cot Preh"
"11","Aceh","11.06","Kabupaten Aceh Besar","11.06.11","Kuta Baro","11.06.11.2051","Cot Raya"
"11","Aceh","11.06","Kabupaten Aceh Besar","11.06.11","Kuta Baro","11.06.11.2052","Cot Yang"
"11","Aceh","11.06","Kabupaten Aceh Besar","11.06.11","Kuta Baro","11.06.11.2053","Ujong Blang"
"11","Aceh","11.06","Kabupaten Aceh Besar","11.06.11","Kuta Baro","11.06.11.2054","Lamceu"
"11","Aceh","11.06","Kabupaten Aceh Besar","11.06.12","Darussalam","11.06.12.2001","Angan"
"11","Aceh","11.06","Kabupaten Aceh Besar","11.06.12","Darussalam","11.06.12.2002","Lam Peudaya"
"11","Aceh","11.06","Kabupaten Aceh Besar","11.06.12","Darussalam","11.06.12.2003","Lambada Peukan"
"11","Aceh","11.06","Kabupaten Aceh Besar","11.06.12","Darussalam","11.06.12.2004","Lambiheu La"
"11","Aceh","11.06","Kabupaten Aceh Besar","11.06.12","Darussalam","11.06.12.2005","Lambaro Sukon"
"11","Aceh","11.06","Kabupaten Aceh Besar","11.06.12","Darussalam","11.06.12.2006","Miruek Taman"
"11","Aceh","11.06","Kabupaten Aceh Besar","11.06.12","Darussalam","11.06.12.2007","Suleue"
"11","Aceh","11.06","Kabupaten Aceh Besar","11.06.12","Darussalam","11.06.12.2008","Gampong Cot"
"11","Aceh","11.06","Kabupaten Aceh Besar","11.06.12","Darussalam","11.06.12.2009","Gampong Blang"
"11","Aceh","11.06","Kabupaten Aceh Besar","11.06.12","Darussalam","11.06.12.2010","Lampuja"
"11","Aceh","11.06","Kabupaten Aceh Besar","11.06.12","Darussalam","11.06.12.2011","Tanjung Deah"
"11","Aceh","11.06","Kabupaten Aceh Besar","11.06.12","Darussalam","11.06.12.2012","Limpok"
"11","Aceh","11.06","Kabupaten Aceh Besar","11.06.12","Darussalam","11.06.12.2013","Lampuuk"
"11","Aceh","11.06","Kabupaten Aceh Besar","11.06.12","Darussalam","11.06.12.2014","Lam Ujong"
"11","Aceh","11.06","Kabupaten Aceh Besar","11.06.12","Darussalam","11.06.12.2015","Lam Gawe"
"11","Aceh","11.06","Kabupaten Aceh Besar","11.06.12","Darussalam","11.06.12.2016","Berabung"
"11","Aceh","11.06","Kabupaten Aceh Besar","11.06.12","Darussalam","11.06.12.2017","Lamtimpeung"
"11","Aceh","11.06","Kabupaten Aceh Besar","11.06.12","Darussalam","11.06.12.2018","Tungkop"
"11","Aceh","11.06","Kabupaten Aceh Besar","11.06.12","Darussalam","11.06.12.2019","Tanjong Seulamat"
"11","Aceh","11.06","Kabupaten Aceh Besar","11.06.12","Darussalam","11.06.12.2020","Lamkeunung"
"11","Aceh","11.06","Kabupaten Aceh Besar","11.06.12","Darussalam","11.06.12.2021","Lam Duroy"
"11","Aceh","11.06","Kabupaten Aceh Besar","11.06.12","Darussalam","11.06.12.2022","Lam Klat"
"11","Aceh","11.06","Kabupaten Aceh Besar","11.06.12","Darussalam","11.06.12.2023","Lambiheu Siem"
"11","Aceh","11.06","Kabupaten Aceh Besar","11.06.12","Darussalam","11.06.12.2024","Lambitra"
"11","Aceh","11.06","Kabupaten Aceh Besar","11.06.12","Darussalam","11.06.12.2025","Lie Eue"
"11","Aceh","11.06","Kabupaten Aceh Besar","11.06.12","Darussalam","11.06.12.2026","Krueng Kalee"
"11","Aceh","11.06","Kabupaten Aceh Besar","11.06.12","Darussalam","11.06.12.2027","Lam Asan"
"11","Aceh","11.06","Kabupaten Aceh Besar","11.06.12","Darussalam","11.06.12.2028","Lam Reh"
"11","Aceh","11.06","Kabupaten Aceh Besar","11.06.12","Darussalam","11.06.12.2029","Siem"
"11","Aceh","11.06","Kabupaten Aceh Besar","11.06.13","Pulo Aceh","11.06.13.2001","Rinon"
"11","Aceh","11.06","Kabupaten Aceh Besar","11.06.13","Pulo Aceh","11.06.13.2002","Alue Raya"
"11","Aceh","11.06","Kabupaten Aceh Besar","11.06.13","Pulo Aceh","11.06.13.2003","Melingge"
"11","Aceh","11.06","Kabupaten Aceh Besar","11.06.13","Pulo Aceh","11.06.13.2004","Lapeng"
"11","Aceh","11.06","Kabupaten Aceh Besar","11.06.13","Pulo Aceh","11.06.13.2005","Ulee Paya"
"11","Aceh","11.06","Kabupaten Aceh Besar","11.06.13","Pulo Aceh","11.06.13.2006","Gugop"
"11","Aceh","11.06","Kabupaten Aceh Besar","11.06.13","Pulo Aceh","11.06.13.2007","Seurapong"
"11","Aceh","11.06","Kabupaten Aceh Besar","11.06.13","Pulo Aceh","11.06.13.2008","Blang Situngkoh"
"11","Aceh","11.06","Kabupaten Aceh Besar","11.06.13","Pulo Aceh","11.06.13.2009","Paloh"
"11","Aceh","11.06","Kabupaten Aceh Besar","11.06.13","Pulo Aceh","11.06.13.2010","Lampuyang"
"11","Aceh","11.06","Kabupaten Aceh Besar","11.06.13","Pulo Aceh","11.06.13.2011","Lhok"
"11","Aceh","11.06","Kabupaten Aceh Besar","11.06.13","Pulo Aceh","11.06.13.2012","Teunom"
"11","Aceh","11.06","Kabupaten Aceh Besar","11.06.13","Pulo Aceh","11.06.13.2013","Lamteng"
"11","Aceh","11.06","Kabupaten Aceh Besar","11.06.13","Pulo Aceh","11.06.13.2014","Pasi Janeng"
"11","Aceh","11.06","Kabupaten Aceh Besar","11.06.13","Pulo Aceh","11.06.13.2015","Rabo"
"11","Aceh","11.06","Kabupaten Aceh Besar","11.06.13","Pulo Aceh","11.06.13.2016","Alue Reuyeueng"
"11","Aceh","11.06","Kabupaten Aceh Besar","11.06.13","Pulo Aceh","11.06.13.2017","Deudap"
"11","Aceh","11.06","Kabupaten Aceh Besar","11.06.14","Lembah Seulawah","11.06.14.2001","Lamtamot"
"11","Aceh","11.06","Kabupaten Aceh Besar","11.06.14","Lembah Seulawah","11.06.14.2002","Lambaro Tunong"
"11","Aceh","11.06","Kabupaten Aceh Besar","11.06.14","Lembah Seulawah","11.06.14.2003","Lonbaroh"
"11","Aceh","11.06","Kabupaten Aceh Besar","11.06.14","Lembah Seulawah","11.06.14.2004","Lon Asan"
"11","Aceh","11.06","Kabupaten Aceh Besar","11.06.14","Lembah Seulawah","11.06.14.2005","Paya Keureuleh"
"11","Aceh","11.06","Kabupaten Aceh Besar","11.06.14","Lembah Seulawah","11.06.14.2006","Panca"
"11","Aceh","11.06","Kabupaten Aceh Besar","11.06.14","Lembah Seulawah","11.06.14.2007","Lam Kubu"
"11","Aceh","11.06","Kabupaten Aceh Besar","11.06.14","Lembah Seulawah","11.06.14.2008","Panca Kubu"
"11","Aceh","11.06","Kabupaten Aceh Besar","11.06.14","Lembah Seulawah","11.06.14.2009","Suka Damai"
"11","Aceh","11.06","Kabupaten Aceh Besar","11.06.14","Lembah Seulawah","11.06.14.2010","Suka Mulya"
"11","Aceh","11.06","Kabupaten Aceh Besar","11.06.14","Lembah Seulawah","11.06.14.2011","Saree Aceh"
"11","Aceh","11.06","Kabupaten Aceh Besar","11.06.14","Lembah Seulawah","11.06.14.2012","Teuladan"
"11","Aceh","11.06","Kabupaten Aceh Besar","11.06.15","Kota Jantho","11.06.15.2001","Teureubeh"
"11","Aceh","11.06","Kabupaten Aceh Besar","11.06.15","Kota Jantho","11.06.15.2002","Barueh"
"11","Aceh","11.06","Kabupaten Aceh Besar","11.06.15","Kota Jantho","11.06.15.2003","Jantho"
"11","Aceh","11.06","Kabupaten Aceh Besar","11.06.15","Kota Jantho","11.06.15.2004","Awek"
"11","Aceh","11.06","Kabupaten Aceh Besar","11.06.15","Kota Jantho","11.06.15.2005","Data Cut"
"11","Aceh","11.06","Kabupaten Aceh Besar","11.06.15","Kota Jantho","11.06.15.2006","Bueng"
"11","Aceh","11.06","Kabupaten Aceh Besar","11.06.15","Kota Jantho","11.06.15.2007","Weu"
"11","Aceh","11.06","Kabupaten Aceh Besar","11.06.15","Kota Jantho","11.06.15.2008","Jalin"
"11","Aceh","11.06","Kabupaten Aceh Besar","11.06.15","Kota Jantho","11.06.15.2009","Suka Tani"
"11","Aceh","11.06","Kabupaten Aceh Besar","11.06.15","Kota Jantho","11.06.15.2010","Cucum"
"11","Aceh","11.06","Kabupaten Aceh Besar","11.06.15","Kota Jantho","11.06.15.2011","Jantho Baru"
"11","Aceh","11.06","Kabupaten Aceh Besar","11.06.15","Kota Jantho","11.06.15.2012","Jantho Makmur"
"11","Aceh","11.06","Kabupaten Aceh Besar","11.06.15","Kota Jantho","11.06.15.2013","Bukit Meusara"
"11","Aceh","11.06","Kabupaten Aceh Besar","11.06.16","Kuta Cot Glie","11.06.16.2001","Lampakuk"
"11","Aceh","11.06","Kabupaten Aceh Besar","11.06.16","Kuta Cot Glie","11.06.16.2002","Lampoh Raja"
"11","Aceh","11.06","Kabupaten Aceh Besar","11.06.16","Kuta Cot Glie","11.06.16.2003","Lam Aling"
"11","Aceh","11.06","Kabupaten Aceh Besar","11.06.16","Kuta Cot Glie","11.06.16.2004","Lamleupung"
"11","Aceh","11.06","Kabupaten Aceh Besar","11.06.16","Kuta Cot Glie","11.06.16.2005","Lamkleng"
"11","Aceh","11.06","Kabupaten Aceh Besar","11.06.16","Kuta Cot Glie","11.06.16.2006","Ie Alang Lamkreumeuh"
"11","Aceh","11.06","Kabupaten Aceh Besar","11.06.16","Kuta Cot Glie","11.06.16.2007","Ie Alang Lamghui"
"11","Aceh","11.06","Kabupaten Aceh Besar","11.06.16","Kuta Cot Glie","11.06.16.2008","Ie Alang Mesjid"
"11","Aceh","11.06","Kabupaten Aceh Besar","11.06.16","Kuta Cot Glie","11.06.16.2009","Ie Alang Dayah"
"11","Aceh","11.06","Kabupaten Aceh Besar","11.06.16","Kuta Cot Glie","11.06.16.2010","Lamtui"
"11","Aceh","11.06","Kabupaten Aceh Besar","11.06.16","Kuta Cot Glie","11.06.16.2011","Barih Lhok"
"11","Aceh","11.06","Kabupaten Aceh Besar","11.06.16","Kuta Cot Glie","11.06.16.2012","Bueng Simek"
"11","Aceh","11.06","Kabupaten Aceh Besar","11.06.16","Kuta Cot Glie","11.06.16.2013","Banda Safa"
"11","Aceh","11.06","Kabupaten Aceh Besar","11.06.16","Kuta Cot Glie","11.06.16.2014","Bithak"
"11","Aceh","11.06","Kabupaten Aceh Besar","11.06.16","Kuta Cot Glie","11.06.16.2015","Lambeugak"
"11","Aceh","11.06","Kabupaten Aceh Besar","11.06.16","Kuta Cot Glie","11.06.16.2016","Pakuk"
"11","Aceh","11.06","Kabupaten Aceh Besar","11.06.16","Kuta Cot Glie","11.06.16.2017","Lamsie"
"11","Aceh","11.06","Kabupaten Aceh Besar","11.06.16","Kuta Cot Glie","11.06.16.2018","Sigapang"
"11","Aceh","11.06","Kabupaten Aceh Besar","11.06.16","Kuta Cot Glie","11.06.16.2019","Tutui"
"11","Aceh","11.06","Kabupaten Aceh Besar","11.06.16","Kuta Cot Glie","11.06.16.2020","Pasar Lampaku"
"11","Aceh","11.06","Kabupaten Aceh Besar","11.06.16","Kuta Cot Glie","11.06.16.2021","Maheng"
"11","Aceh","11.06","Kabupaten Aceh Besar","11.06.16","Kuta Cot Glie","11.06.16.2022","Leupung Bruek"
"11","Aceh","11.06","Kabupaten Aceh Besar","11.06.16","Kuta Cot Glie","11.06.16.2023","Keumireu"
"11","Aceh","11.06","Kabupaten Aceh Besar","11.06.16","Kuta Cot Glie","11.06.16.2024","Lamleuot"
"11","Aceh","11.06","Kabupaten Aceh Besar","11.06.16","Kuta Cot Glie","11.06.16.2025","Leupung Balue"
"11","Aceh","11.06","Kabupaten Aceh Besar","11.06.16","Kuta Cot Glie","11.06.16.2026","Bak Sukon"
"11","Aceh","11.06","Kabupaten Aceh Besar","11.06.16","Kuta Cot Glie","11.06.16.2027","Cot Bayu"
"11","Aceh","11.06","Kabupaten Aceh Besar","11.06.16","Kuta Cot Glie","11.06.16.2028","Glee Jai"
"11","Aceh","11.06","Kabupaten Aceh Besar","11.06.16","Kuta Cot Glie","11.06.16.2029","Keuruweung Blang"
"11","Aceh","11.06","Kabupaten Aceh Besar","11.06.16","Kuta Cot Glie","11.06.16.2030","Keuruweung Krueng"
"11","Aceh","11.06","Kabupaten Aceh Besar","11.06.16","Kuta Cot Glie","11.06.16.2031","Siron Blang"
"11","Aceh","11.06","Kabupaten Aceh Besar","11.06.16","Kuta Cot Glie","11.06.16.2032","Siron Krueng"
"11","Aceh","11.06","Kabupaten Aceh Besar","11.06.17","Kuta Malaka","11.06.17.2001","Lambaro Samahani"
"11","Aceh","11.06","Kabupaten Aceh Besar","11.06.17","Kuta Malaka","11.06.17.2002","Lam Ara Cut"
"11","Aceh","11.06","Kabupaten Aceh Besar","11.06.17","Kuta Malaka","11.06.17.2003","Lam Ara Engkit"
"11","Aceh","11.06","Kabupaten Aceh Besar","11.06.17","Kuta Malaka","11.06.17.2004","Lam Ara Tunong"
"11","Aceh","11.06","Kabupaten Aceh Besar","11.06.17","Kuta Malaka","11.06.17.2005","Leupung Riwat"
"11","Aceh","11.06","Kabupaten Aceh Besar","11.06.17","Kuta Malaka","11.06.17.2006","Tumbo Baro"
"11","Aceh","11.06","Kabupaten Aceh Besar","11.06.17","Kuta Malaka","11.06.17.2007","Leupung Cut"
"11","Aceh","11.06","Kabupaten Aceh Besar","11.06.17","Kuta Malaka","11.06.17.2008","Lamsiteh Cot"
"11","Aceh","11.06","Kabupaten Aceh Besar","11.06.17","Kuta Malaka","11.06.17.2009","Reuleung Karieng"
"11","Aceh","11.06","Kabupaten Aceh Besar","11.06.17","Kuta Malaka","11.06.17.2010","Leubok Buni"
"11","Aceh","11.06","Kabupaten Aceh Besar","11.06.17","Kuta Malaka","11.06.17.2011","Leubok Batee"
"11","Aceh","11.06","Kabupaten Aceh Besar","11.06.17","Kuta Malaka","11.06.17.2012","Bunghu"
"11","Aceh","11.06","Kabupaten Aceh Besar","11.06.17","Kuta Malaka","11.06.17.2013","Teu Dayah"
"11","Aceh","11.06","Kabupaten Aceh Besar","11.06.17","Kuta Malaka","11.06.17.2014","Leupung Rayeuk"
"11","Aceh","11.06","Kabupaten Aceh Besar","11.06.17","Kuta Malaka","11.06.17.2015","Reuleung Glumpang"
"11","Aceh","11.06","Kabupaten Aceh Besar","11.06.18","Simpang Tiga","11.06.18.2001","Ateuk Lam Phang"
"11","Aceh","11.06","Kabupaten Aceh Besar","11.06.18","Simpang Tiga","11.06.18.2002","Ateuk Lampuot"
"11","Aceh","11.06","Kabupaten Aceh Besar","11.06.18","Simpang Tiga","11.06.18.2003","Ateuk Mon Panah"
"11","Aceh","11.06","Kabupaten Aceh Besar","11.06.18","Simpang Tiga","11.06.18.2004","Ateuk Lam Ura"
"11","Aceh","11.06","Kabupaten Aceh Besar","11.06.18","Simpang Tiga","11.06.18.2005","Ateuk Cut"
"11","Aceh","11.06","Kabupaten Aceh Besar","11.06.18","Simpang Tiga","11.06.18.2006","Ateuk Blang Asan"
"11","Aceh","11.06","Kabupaten Aceh Besar","11.06.18","Simpang Tiga","11.06.18.2007","Lamjamee Dayah"
"11","Aceh","11.06","Kabupaten Aceh Besar","11.06.18","Simpang Tiga","11.06.18.2008","Lam Batee"
"11","Aceh","11.06","Kabupaten Aceh Besar","11.06.18","Simpang Tiga","11.06.18.2009","Nya"
"11","Aceh","11.06","Kabupaten Aceh Besar","11.06.18","Simpang Tiga","11.06.18.2010","Batee Linteung"
"11","Aceh","11.06","Kabupaten Aceh Besar","11.06.18","Simpang Tiga","11.06.18.2011","Krueng Mak"
"11","Aceh","11.06","Kabupaten Aceh Besar","11.06.18","Simpang Tiga","11.06.18.2012","Lambunot"
"11","Aceh","11.06","Kabupaten Aceh Besar","11.06.18","Simpang Tiga","11.06.18.2013","Lamjamee Lamkrak"
"11","Aceh","11.06","Kabupaten Aceh Besar","11.06.18","Simpang Tiga","11.06.18.2014","Blang Miro"
"11","Aceh","11.06","Kabupaten Aceh Besar","11.06.18","Simpang Tiga","11.06.18.2015","Blang Preh"
"11","Aceh","11.06","Kabupaten Aceh Besar","11.06.18","Simpang Tiga","11.06.18.2016","Bha Ulee Tutu"
"11","Aceh","11.06","Kabupaten Aceh Besar","11.06.18","Simpang Tiga","11.06.18.2017","Lam Urit"
"11","Aceh","11.06","Kabupaten Aceh Besar","11.06.18","Simpang Tiga","11.06.18.2018","Tantuha"
"11","Aceh","11.06","Kabupaten Aceh Besar","11.06.19","Darul Kamal","11.06.19.2001","Lhang"
"11","Aceh","11.06","Kabupaten Aceh Besar","11.06.19","Darul Kamal","11.06.19.2002","Biluy"
"11","Aceh","11.06","Kabupaten Aceh Besar","11.06.19","Darul Kamal","11.06.19.2003","Lambatee"
"11","Aceh","11.06","Kabupaten Aceh Besar","11.06.19","Darul Kamal","11.06.19.2004","Lamkunyet"
"11","Aceh","11.06","Kabupaten Aceh Besar","11.06.19","Darul Kamal","11.06.19.2005","Lamtadok"
"11","Aceh","11.06","Kabupaten Aceh Besar","11.06.19","Darul Kamal","11.06.19.2006","Neusok"
"11","Aceh","11.06","Kabupaten Aceh Besar","11.06.19","Darul Kamal","11.06.19.2007","Turam"
"11","Aceh","11.06","Kabupaten Aceh Besar","11.06.19","Darul Kamal","11.06.19.2008","Tubaluy"
"11","Aceh","11.06","Kabupaten Aceh Besar","11.06.19","Darul Kamal","11.06.19.2009","Blang Kiree"
"11","Aceh","11.06","Kabupaten Aceh Besar","11.06.19","Darul Kamal","11.06.19.2010","Manee Dayah"
"11","Aceh","11.06","Kabupaten Aceh Besar","11.06.19","Darul Kamal","11.06.19.2011","Lamsod"
"11","Aceh","11.06","Kabupaten Aceh Besar","11.06.19","Darul Kamal","11.06.19.2012","Lambleut"
"11","Aceh","11.06","Kabupaten Aceh Besar","11.06.19","Darul Kamal","11.06.19.2013","Empee Trieng"
"11","Aceh","11.06","Kabupaten Aceh Besar","11.06.19","Darul Kamal","11.06.19.2014","Lambaro Biluy"
"11","Aceh","11.06","Kabupaten Aceh Besar","11.06.20","Baitussalam","11.06.20.2001","Cadek"
"11","Aceh","11.06","Kabupaten Aceh Besar","11.06.20","Baitussalam","11.06.20.2002","Kajhu"
"11","Aceh","11.06","Kabupaten Aceh Besar","11.06.20","Baitussalam","11.06.20.2003","Baet"
"11","Aceh","11.06","Kabupaten Aceh Besar","11.06.20","Baitussalam","11.06.20.2004","Blang Krueng"
"11","Aceh","11.06","Kabupaten Aceh Besar","11.06.20","Baitussalam","11.06.20.2005","Klieng Muria"
"11","Aceh","11.06","Kabupaten Aceh Besar","11.06.20","Baitussalam","11.06.20.2006","Lam Bada Lhok"
"11","Aceh","11.06","Kabupaten Aceh Besar","11.06.20","Baitussalam","11.06.20.2007","Lampineung"
"11","Aceh","11.06","Kabupaten Aceh Besar","11.06.20","Baitussalam","11.06.20.2008","Lam Asan"
"11","Aceh","11.06","Kabupaten Aceh Besar","11.06.20","Baitussalam","11.06.20.2009","Labuy"
"11","Aceh","11.06","Kabupaten Aceh Besar","11.06.20","Baitussalam","11.06.20.2010","Lam Ujong"
"11","Aceh","11.06","Kabupaten Aceh Besar","11.06.20","Baitussalam","11.06.20.2011","Klieng Cot Aron"
"11","Aceh","11.06","Kabupaten Aceh Besar","11.06.20","Baitussalam","11.06.20.2012","Cot Paya"
"11","Aceh","11.06","Kabupaten Aceh Besar","11.06.20","Baitussalam","11.06.20.2013","Miruk Lam Reudep"
"11","Aceh","11.06","Kabupaten Aceh Besar","11.06.21","Krueng Barona Jaya","11.06.21.2001","Meunasah Papeun"
"11","Aceh","11.06","Kabupaten Aceh Besar","11.06.21","Krueng Barona Jaya","11.06.21.2002","Meunasah Baktrieng"
"11","Aceh","11.06","Kabupaten Aceh Besar","11.06.21","Krueng Barona Jaya","11.06.21.2003","Leung Ie"
"11","Aceh","11.06","Kabupaten Aceh Besar","11.06.21","Krueng Barona Jaya","11.06.21.2004","Lampermai"
"11","Aceh","11.06","Kabupaten Aceh Besar","11.06.21","Krueng Barona Jaya","11.06.21.2005","Gle Deyah"
"11","Aceh","11.06","Kabupaten Aceh Besar","11.06.21","Krueng Barona Jaya","11.06.21.2006","Miruk"
"11","Aceh","11.06","Kabupaten Aceh Besar","11.06.21","Krueng Barona Jaya","11.06.21.2007","Lam Gapang"
"11","Aceh","11.06","Kabupaten Aceh Besar","11.06.21","Krueng Barona Jaya","11.06.21.2008","Meunasah Manyang"
"11","Aceh","11.06","Kabupaten Aceh Besar","11.06.21","Krueng Barona Jaya","11.06.21.2009","Meunasah Baet"
"11","Aceh","11.06","Kabupaten Aceh Besar","11.06.21","Krueng Barona Jaya","11.06.21.2010","Meunasah Intan"
"11","Aceh","11.06","Kabupaten Aceh Besar","11.06.21","Krueng Barona Jaya","11.06.21.2011","Rumpet"
"11","Aceh","11.06","Kabupaten Aceh Besar","11.06.21","Krueng Barona Jaya","11.06.21.2012","Gla Meunasah Baro"
"11","Aceh","11.06","Kabupaten Aceh Besar","11.06.22","Leupung","11.06.22.2001","Layeun"
"11","Aceh","11.06","Kabupaten Aceh Besar","11.06.22","Leupung","11.06.22.2002","Pulot"
"11","Aceh","11.06","Kabupaten Aceh Besar","11.06.22","Leupung","11.06.22.2003","Lamseunia"
"11","Aceh","11.06","Kabupaten Aceh Besar","11.06.22","Leupung","11.06.22.2004","Mns. Mesjid"
"11","Aceh","11.06","Kabupaten Aceh Besar","11.06.22","Leupung","11.06.22.2005","Meunasah Bak U"
"11","Aceh","11.06","Kabupaten Aceh Besar","11.06.22","Leupung","11.06.22.2006","Dayah Mamplam"
"11","Aceh","11.06","Kabupaten Aceh Besar","11.06.23","Blang Bintang","11.06.23.2001","Cot Puklat"
"11","Aceh","11.06","Kabupaten Aceh Besar","11.06.23","Blang Bintang","11.06.23.2002","Lamme"
"11","Aceh","11.06","Kabupaten Aceh Besar","11.06.23","Blang Bintang","11.06.23.2003","Meulayo"
"11","Aceh","11.06","Kabupaten Aceh Besar","11.06.23","Blang Bintang","11.06.23.2004","Lam Siem"
"11","Aceh","11.06","Kabupaten Aceh Besar","11.06.23","Blang Bintang","11.06.23.2005","Cot Geundreut"
"11","Aceh","11.06","Kabupaten Aceh Besar","11.06.23","Blang Bintang","11.06.23.2006","Paya Ue"
"11","Aceh","11.06","Kabupaten Aceh Besar","11.06.23","Blang Bintang","11.06.23.2007","Cot Mon Raya"
"11","Aceh","11.06","Kabupaten Aceh Besar","11.06.23","Blang Bintang","11.06.23.2008","Cot Meulangeun"
"11","Aceh","11.06","Kabupaten Aceh Besar","11.06.23","Blang Bintang","11.06.23.2009","Cot Madhi"
"11","Aceh","11.06","Kabupaten Aceh Besar","11.06.23","Blang Bintang","11.06.23.2010","Bueng Sidom"
"11","Aceh","11.06","Kabupaten Aceh Besar","11.06.23","Blang Bintang","11.06.23.2011","Cot Karieng"
"11","Aceh","11.06","Kabupaten Aceh Besar","11.06.23","Blang Bintang","11.06.23.2012","Kampung Blang"
"11","Aceh","11.06","Kabupaten Aceh Besar","11.06.23","Blang Bintang","11.06.23.2013","Cot Malem"
"11","Aceh","11.06","Kabupaten Aceh Besar","11.06.23","Blang Bintang","11.06.23.2014","Cot Rumpun"
"11","Aceh","11.06","Kabupaten Aceh Besar","11.06.23","Blang Bintang","11.06.23.2015","Cot Hoho"
"11","Aceh","11.06","Kabupaten Aceh Besar","11.06.23","Blang Bintang","11.06.23.2016","Cot Jambo"
"11","Aceh","11.06","Kabupaten Aceh Besar","11.06.23","Blang Bintang","11.06.23.2017","Cot Nambak"
"11","Aceh","11.06","Kabupaten Aceh Besar","11.06.23","Blang Bintang","11.06.23.2018","Bueng Pageu"
"11","Aceh","11.06","Kabupaten Aceh Besar","11.06.23","Blang Bintang","11.06.23.2019","Cot Sayun"
"11","Aceh","11.06","Kabupaten Aceh Besar","11.06.23","Blang Bintang","11.06.23.2020","Teupin Batee"
"11","Aceh","11.06","Kabupaten Aceh Besar","11.06.23","Blang Bintang","11.06.23.2021","Cot Leuot"
"11","Aceh","11.06","Kabupaten Aceh Besar","11.06.23","Blang Bintang","11.06.23.2022","Cot Bagie"
"11","Aceh","11.06","Kabupaten Aceh Besar","11.06.23","Blang Bintang","11.06.23.2023","Kayee Kunyet"
"11","Aceh","11.06","Kabupaten Aceh Besar","11.06.23","Blang Bintang","11.06.23.2024","Cot Mancang"
"11","Aceh","11.06","Kabupaten Aceh Besar","11.06.23","Blang Bintang","11.06.23.2025","Empee Bata"
"11","Aceh","11.06","Kabupaten Aceh Besar","11.06.23","Blang Bintang","11.06.23.2026","Data Makmur"
"11","Aceh","11.07","Kabupaten Pidie","11.07.03","Batee","11.07.03.2001","Dayah Tuha"
"11","Aceh","11.07","Kabupaten Pidie","11.07.03","Batee","11.07.03.2002","Dayah Baroh"
"11","Aceh","11.07","Kabupaten Pidie","11.07.03","Batee","11.07.03.2003","Bintang Hu"
"11","Aceh","11.07","Kabupaten Pidie","11.07.03","Batee","11.07.03.2004","Pulo Tukok"
"11","Aceh","11.07","Kabupaten Pidie","11.07.03","Batee","11.07.03.2005","Pulo Bungong"
"11","Aceh","11.07","Kabupaten Pidie","11.07.03","Batee","11.07.03.2006","Geunteng Barat"
"11","Aceh","11.07","Kabupaten Pidie","11.07.03","Batee","11.07.03.2007","Geunteng Timur"
"11","Aceh","11.07","Kabupaten Pidie","11.07.03","Batee","11.07.03.2008","Calong Cut"
"11","Aceh","11.07","Kabupaten Pidie","11.07.03","Batee","11.07.03.2009","Glumpang Lhee"
"11","Aceh","11.07","Kabupaten Pidie","11.07.03","Batee","11.07.03.2010","Aron"
"11","Aceh","11.07","Kabupaten Pidie","11.07.03","Batee","11.07.03.2011","Tuha"
"11","Aceh","11.07","Kabupaten Pidie","11.07.03","Batee","11.07.03.2012","Dayah"
"11","Aceh","11.07","Kabupaten Pidie","11.07.03","Batee","11.07.03.2013","Mesjid"
"11","Aceh","11.07","Kabupaten Pidie","11.07.03","Batee","11.07.03.2014","Meucat"
"11","Aceh","11.07","Kabupaten Pidie","11.07.03","Batee","11.07.03.2015","Teupin Raya"
"11","Aceh","11.07","Kabupaten Pidie","11.07.03","Batee","11.07.03.2016","Rungkom"
"11","Aceh","11.07","Kabupaten Pidie","11.07.03","Batee","11.07.03.2017","Mee"
"11","Aceh","11.07","Kabupaten Pidie","11.07.03","Batee","11.07.03.2018","Pulo Pande"
"11","Aceh","11.07","Kabupaten Pidie","11.07.03","Batee","11.07.03.2019","Seulatan"
"11","Aceh","11.07","Kabupaten Pidie","11.07.03","Batee","11.07.03.2020","Alue Lada"
"11","Aceh","11.07","Kabupaten Pidie","11.07.03","Batee","11.07.03.2021","Teupin Jeue"
"11","Aceh","11.07","Kabupaten Pidie","11.07.03","Batee","11.07.03.2022","Neuheun"
"11","Aceh","11.07","Kabupaten Pidie","11.07.03","Batee","11.07.03.2023","Crueng"
"11","Aceh","11.07","Kabupaten Pidie","11.07.03","Batee","11.07.03.2024","Kareung"
"11","Aceh","11.07","Kabupaten Pidie","11.07.03","Batee","11.07.03.2025","Kulee"
"11","Aceh","11.07","Kabupaten Pidie","11.07.03","Batee","11.07.03.2026","Kulam"
"11","Aceh","11.07","Kabupaten Pidie","11.07.03","Batee","11.07.03.2027","Awe"
"11","Aceh","11.07","Kabupaten Pidie","11.07.03","Batee","11.07.03.2028","Pasi Beurandeh"
"11","Aceh","11.07","Kabupaten Pidie","11.07.04","Delima","11.07.04.2001","Tunong"
"11","Aceh","11.07","Kabupaten Pidie","11.07.04","Delima","11.07.04.2002","Raya"
"11","Aceh","11.07","Kabupaten Pidie","11.07.04","Delima","11.07.04.2003","Daboh"
"11","Aceh","11.07","Kabupaten Pidie","11.07.04","Delima","11.07.04.2004","Cut"
"11","Aceh","11.07","Kabupaten Pidie","11.07.04","Delima","11.07.04.2005","Mesjid Reubee"
"11","Aceh","11.07","Kabupaten Pidie","11.07.04","Delima","11.07.04.2006","Tanjong"
"11","Aceh","11.07","Kabupaten Pidie","11.07.04","Delima","11.07.04.2007","Geudong"
"11","Aceh","11.07","Kabupaten Pidie","11.07.04","Delima","11.07.04.2008","Reuntoh"
"11","Aceh","11.07","Kabupaten Pidie","11.07.04","Delima","11.07.04.2009","Reuba"
"11","Aceh","11.07","Kabupaten Pidie","11.07.04","Delima","11.07.04.2010","Krueng Reubee"
"11","Aceh","11.07","Kabupaten Pidie","11.07.04","Delima","11.07.04.2011","Neulop"
"11","Aceh","11.07","Kabupaten Pidie","11.07.04","Delima","11.07.04.2012","Glee"
"11","Aceh","11.07","Kabupaten Pidie","11.07.04","Delima","11.07.04.2013","Kumbang"
"11","Aceh","11.07","Kabupaten Pidie","11.07.04","Delima","11.07.04.2014","Buloh"
"11","Aceh","11.07","Kabupaten Pidie","11.07.04","Delima","11.07.04.2015","Bungo"
"11","Aceh","11.07","Kabupaten Pidie","11.07.04","Delima","11.07.04.2016","Dayah Reubee"
"11","Aceh","11.07","Kabupaten Pidie","11.07.04","Delima","11.07.04.2017","Jambee"
"11","Aceh","11.07","Kabupaten Pidie","11.07.04","Delima","11.07.04.2018","Dayah Baro"
"11","Aceh","11.07","Kabupaten Pidie","11.07.04","Delima","11.07.04.2019","Puuk Aree"
"11","Aceh","11.07","Kabupaten Pidie","11.07.04","Delima","11.07.04.2020","Lhee Meunasah"
"11","Aceh","11.07","Kabupaten Pidie","11.07.04","Delima","11.07.04.2021","Ulee Tutue Raya"
"11","Aceh","11.07","Kabupaten Pidie","11.07.04","Delima","11.07.04.2022","Mesjid Aree"
"11","Aceh","11.07","Kabupaten Pidie","11.07.04","Delima","11.07.04.2023","Keutapang Aree"
"11","Aceh","11.07","Kabupaten Pidie","11.07.04","Delima","11.07.04.2024","Pantee Aree"
"11","Aceh","11.07","Kabupaten Pidie","11.07.04","Delima","11.07.04.2025","Pulo Tunong"
"11","Aceh","11.07","Kabupaten Pidie","11.07.04","Delima","11.07.04.2026","Pulo Baroh Aree"
"11","Aceh","11.07","Kabupaten Pidie","11.07.04","Delima","11.07.04.2027","Keurumbok"
"11","Aceh","11.07","Kabupaten Pidie","11.07.04","Delima","11.07.04.2028","Ceurih Blang Mee"
"11","Aceh","11.07","Kabupaten Pidie","11.07.04","Delima","11.07.04.2029","Ceurih Kupula"
"11","Aceh","11.07","Kabupaten Pidie","11.07.04","Delima","11.07.04.2030","Ceurih Alue"
"11","Aceh","11.07","Kabupaten Pidie","11.07.04","Delima","11.07.04.2031","Ceurih Cot"
"11","Aceh","11.07","Kabupaten Pidie","11.07.04","Delima","11.07.04.2032","Seupeung"
"11","Aceh","11.07","Kabupaten Pidie","11.07.04","Delima","11.07.04.2033","Sukon Lhong"
"11","Aceh","11.07","Kabupaten Pidie","11.07.04","Delima","11.07.04.2034","Dayah Beuah"
"11","Aceh","11.07","Kabupaten Pidie","11.07.04","Delima","11.07.04.2035","Krueng Cot"
"11","Aceh","11.07","Kabupaten Pidie","11.07.04","Delima","11.07.04.2036","Mesjid Beuah"
"11","Aceh","11.07","Kabupaten Pidie","11.07.04","Delima","11.07.04.2037","Lueng Dama"
"11","Aceh","11.07","Kabupaten Pidie","11.07.04","Delima","11.07.04.2038","Mesjid Bambong"
"11","Aceh","11.07","Kabupaten Pidie","11.07.04","Delima","11.07.04.2039","Ruseb"
"11","Aceh","11.07","Kabupaten Pidie","11.07.04","Delima","11.07.04.2040","Sagoe"
"11","Aceh","11.07","Kabupaten Pidie","11.07.04","Delima","11.07.04.2041","Seukeum"
"11","Aceh","11.07","Kabupaten Pidie","11.07.04","Delima","11.07.04.2042","Pangoe"
"11","Aceh","11.07","Kabupaten Pidie","11.07.04","Delima","11.07.04.2043","Keutapang Bambong"
"11","Aceh","11.07","Kabupaten Pidie","11.07.04","Delima","11.07.04.2044","Metareum"
"11","Aceh","11.07","Kabupaten Pidie","11.07.05","Geumpang","11.07.05.2001","Bangkeh"
"11","Aceh","11.07","Kabupaten Pidie","11.07.05","Geumpang","11.07.05.2002","Pucok"
"11","Aceh","11.07","Kabupaten Pidie","11.07.05","Geumpang","11.07.05.2004","Leupu"
"11","Aceh","11.07","Kabupaten Pidie","11.07.05","Geumpang","11.07.05.2005","Pulo Lhoih"
"11","Aceh","11.07","Kabupaten Pidie","11.07.05","Geumpang","11.07.05.2006","Keune"
"11","Aceh","11.07","Kabupaten Pidie","11.07.06","Glumpang Tiga","11.07.06.2001","Simpang"
"11","Aceh","11.07","Kabupaten Pidie","11.07.06","Glumpang Tiga","11.07.06.2002","Krueng Jangko"
"11","Aceh","11.07","Kabupaten Pidie","11.07.06","Glumpang Tiga","11.07.06.2003","Krueng Nyong"
"11","Aceh","11.07","Kabupaten Pidie","11.07.06","Glumpang Tiga","11.07.06.2004","Cot Baroh"
"11","Aceh","11.07","Kabupaten Pidie","11.07.06","Glumpang Tiga","11.07.06.2005","Cot Tunong"
"11","Aceh","11.07","Kabupaten Pidie","11.07.06","Glumpang Tiga","11.07.06.2006","Bili"
"11","Aceh","11.07","Kabupaten Pidie","11.07.06","Glumpang Tiga","11.07.06.2007","Panjoe"
"11","Aceh","11.07","Kabupaten Pidie","11.07.06","Glumpang Tiga","11.07.06.2008","Amud Mesjid"
"11","Aceh","11.07","Kabupaten Pidie","11.07.06","Glumpang Tiga","11.07.06.2009","Reudeup Meulayu"
"11","Aceh","11.07","Kabupaten Pidie","11.07.06","Glumpang Tiga","11.07.06.2010","Dayah Tanoh"
"11","Aceh","11.07","Kabupaten Pidie","11.07.06","Glumpang Tiga","11.07.06.2011","Mamplam"
"11","Aceh","11.07","Kabupaten Pidie","11.07.06","Glumpang Tiga","11.07.06.2012","Balee"
"11","Aceh","11.07","Kabupaten Pidie","11.07.06","Glumpang Tiga","11.07.06.2013","Kupula"
"11","Aceh","11.07","Kabupaten Pidie","11.07.06","Glumpang Tiga","11.07.06.2014","Pulo Lueng Teuga"
"11","Aceh","11.07","Kabupaten Pidie","11.07.06","Glumpang Tiga","11.07.06.2015","Sukon Mesjid"
"11","Aceh","11.07","Kabupaten Pidie","11.07.06","Glumpang Tiga","11.07.06.2016","Sukon Baroh"
"11","Aceh","11.07","Kabupaten Pidie","11.07.06","Glumpang Tiga","11.07.06.2017","Kruet Teumpeun"
"11","Aceh","11.07","Kabupaten Pidie","11.07.06","Glumpang Tiga","11.07.06.2018","Blang Drang"
"11","Aceh","11.07","Kabupaten Pidie","11.07.06","Glumpang Tiga","11.07.06.2019","Ude Gampong"
"11","Aceh","11.07","Kabupaten Pidie","11.07.06","Glumpang Tiga","11.07.06.2020","Kayee Jatoe"
"11","Aceh","11.07","Kabupaten Pidie","11.07.06","Glumpang Tiga","11.07.06.2021","Kampong Jeumpa"
"11","Aceh","11.07","Kabupaten Pidie","11.07.06","Glumpang Tiga","11.07.06.2022","Pulo Lon / Pulo Dayah"
"11","Aceh","11.07","Kabupaten Pidie","11.07.06","Glumpang Tiga","11.07.06.2023","Jurong Pande"
"11","Aceh","11.07","Kabupaten Pidie","11.07.06","Glumpang Tiga","11.07.06.2024","Pulo Gajah Mate"
"11","Aceh","11.07","Kabupaten Pidie","11.07.06","Glumpang Tiga","11.07.06.2025","Tufah Jeulatang"
"11","Aceh","11.07","Kabupaten Pidie","11.07.06","Glumpang Tiga","11.07.06.2026","Kumbang Keupula"
"11","Aceh","11.07","Kabupaten Pidie","11.07.06","Glumpang Tiga","11.07.06.2027","Pulo Batee"
"11","Aceh","11.07","Kabupaten Pidie","11.07.06","Glumpang Tiga","11.07.06.2028","Meunjee"
"11","Aceh","11.07","Kabupaten Pidie","11.07.06","Glumpang Tiga","11.07.06.2029","Keutapang Mesjid"
"11","Aceh","11.07","Kabupaten Pidie","11.07.06","Glumpang Tiga","11.07.06.2030","Dayah Kp. Pisang"
"11","Aceh","11.07","Kabupaten Pidie","11.07.06","Glumpang Tiga","11.07.06.2031","Blang Tunong"
"11","Aceh","11.07","Kabupaten Pidie","11.07.06","Glumpang Tiga","11.07.06.2032","Blang Pueb"
"11","Aceh","11.07","Kabupaten Pidie","11.07.06","Glumpang Tiga","11.07.06.2033","Lambaro"
"11","Aceh","11.07","Kabupaten Pidie","11.07.06","Glumpang Tiga","11.07.06.2034","Neurok"
"11","Aceh","11.07","Kabupaten Pidie","11.07.07","Indrajaya","11.07.07.2001","Tampieng Tunong"
"11","Aceh","11.07","Kabupaten Pidie","11.07.07","Indrajaya","11.07.07.2002","Tampieng Baroh"
"11","Aceh","11.07","Kabupaten Pidie","11.07.07","Indrajaya","11.07.07.2003","Dayah Caleue"
"11","Aceh","11.07","Kabupaten Pidie","11.07.07","Indrajaya","11.07.07.2004","Jurong"
"11","Aceh","11.07","Kabupaten Pidie","11.07.07","Indrajaya","11.07.07.2005","Keutapang"
"11","Aceh","11.07","Kabupaten Pidie","11.07.07","Indrajaya","11.07.07.2006","Dayah Keurako"
"11","Aceh","11.07","Kabupaten Pidie","11.07.07","Indrajaya","11.07.07.2007","Mesjid Lam Ujong"
"11","Aceh","11.07","Kabupaten Pidie","11.07.07","Indrajaya","11.07.07.2008","Baro Jruek"
"11","Aceh","11.07","Kabupaten Pidie","11.07.07","Indrajaya","11.07.07.2009","Yub Mee"
"11","Aceh","11.07","Kabupaten Pidie","11.07.07","Indrajaya","11.07.07.2010","Raya Lhok Kaju"
"11","Aceh","11.07","Kabupaten Pidie","11.07.07","Indrajaya","11.07.07.2011","Pulo Gampong U"
"11","Aceh","11.07","Kabupaten Pidie","11.07.07","Indrajaya","11.07.07.2012","Pante Lhok Kaju"
"11","Aceh","11.07","Kabupaten Pidie","11.07.07","Indrajaya","11.07.07.2014","Sukon Tungkop"
"11","Aceh","11.07","Kabupaten Pidie","11.07.07","Indrajaya","11.07.07.2015","Rawa Tungkop"
"11","Aceh","11.07","Kabupaten Pidie","11.07.07","Indrajaya","11.07.07.2016","Mesjid Tungkop"
"11","Aceh","11.07","Kabupaten Pidie","11.07.07","Indrajaya","11.07.07.2017","Dayah Muara Garot"
"11","Aceh","11.07","Kabupaten Pidie","11.07.07","Indrajaya","11.07.07.2018","Pante Garot"
"11","Aceh","11.07","Kabupaten Pidie","11.07.07","Indrajaya","11.07.07.2019","Garot Cut"
"11","Aceh","11.07","Kabupaten Pidie","11.07.07","Indrajaya","11.07.07.2020","Keubang"
"11","Aceh","11.07","Kabupaten Pidie","11.07.07","Indrajaya","11.07.07.2021","Blang Garot"
"11","Aceh","11.07","Kabupaten Pidie","11.07.07","Indrajaya","11.07.07.2022","Meulayu"
"11","Aceh","11.07","Kabupaten Pidie","11.07.07","Indrajaya","11.07.07.2023","Tungkop Cut"
"11","Aceh","11.07","Kabupaten Pidie","11.07.07","Indrajaya","11.07.07.2024","Guci"
"11","Aceh","11.07","Kabupaten Pidie","11.07.07","Indrajaya","11.07.07.2025","Teungoh Blang"
"11","Aceh","11.07","Kabupaten Pidie","11.07.07","Indrajaya","11.07.07.2026","Mesjid Dijiem"
"11","Aceh","11.07","Kabupaten Pidie","11.07.07","Indrajaya","11.07.07.2027","Sukon Ulee Gampong"
"11","Aceh","11.07","Kabupaten Pidie","11.07.07","Indrajaya","11.07.07.2028","Lamkabu"
"11","Aceh","11.07","Kabupaten Pidie","11.07.07","Indrajaya","11.07.07.2029","Ulee Birah"
"11","Aceh","11.07","Kabupaten Pidie","11.07.07","Indrajaya","11.07.07.2030","Mesjid Baro"
"11","Aceh","11.07","Kabupaten Pidie","11.07.07","Indrajaya","11.07.07.2031","Lamreuneung"
"11","Aceh","11.07","Kabupaten Pidie","11.07.07","Indrajaya","11.07.07.2032","Cot Seukee"
"11","Aceh","11.07","Kabupaten Pidie","11.07.07","Indrajaya","11.07.07.2033","Drien"
"11","Aceh","11.07","Kabupaten Pidie","11.07.07","Indrajaya","11.07.07.2034","Rumia"
"11","Aceh","11.07","Kabupaten Pidie","11.07.07","Indrajaya","11.07.07.2035","Wakheuh"
"11","Aceh","11.07","Kabupaten Pidie","11.07.07","Indrajaya","11.07.07.2036","Baro Bluek"
"11","Aceh","11.07","Kabupaten Pidie","11.07.07","Indrajaya","11.07.07.2037","Mesjid Ulee Gampong"
"11","Aceh","11.07","Kabupaten Pidie","11.07.07","Indrajaya","11.07.07.2038","Dayah Bie"
"11","Aceh","11.07","Kabupaten Pidie","11.07.07","Indrajaya","11.07.07.2039","Balee Baroh Bluek"
"11","Aceh","11.07","Kabupaten Pidie","11.07.07","Indrajaya","11.07.07.2040","Peutoe"
"11","Aceh","11.07","Kabupaten Pidie","11.07.07","Indrajaya","11.07.07.2041","Blang Rapai"
"11","Aceh","11.07","Kabupaten Pidie","11.07.07","Indrajaya","11.07.07.2042","Neulop II"
"11","Aceh","11.07","Kabupaten Pidie","11.07.07","Indrajaya","11.07.07.2043","Baro Gapui"
"11","Aceh","11.07","Kabupaten Pidie","11.07.07","Indrajaya","11.07.07.2044","Balee Baroh Gapui"
"11","Aceh","11.07","Kabupaten Pidie","11.07.07","Indrajaya","11.07.07.2045","Glee Gapui"
"11","Aceh","11.07","Kabupaten Pidie","11.07.07","Indrajaya","11.07.07.2046","Teungoh Suwiek"
"11","Aceh","11.07","Kabupaten Pidie","11.07.07","Indrajaya","11.07.07.2047","Mesjid Suwiek"
"11","Aceh","11.07","Kabupaten Pidie","11.07.07","Indrajaya","11.07.07.2048","Tuha Suwiek"
"11","Aceh","11.07","Kabupaten Pidie","11.07.07","Indrajaya","11.07.07.2049","Beureudep"
"11","Aceh","11.07","Kabupaten Pidie","11.07.07","Indrajaya","11.07.07.2050","Blang Lhok Kaju"
"11","Aceh","11.07","Kabupaten Pidie","11.07.08","Kembang Tanjong","11.07.08.2001","Jurong Balee"
"11","Aceh","11.07","Kabupaten Pidie","11.07.08","Kembang Tanjong","11.07.08.2002","Aron Asan Kumbang"
"11","Aceh","11.07","Kabupaten Pidie","11.07.08","Kembang Tanjong","11.07.08.2003","Cebrek"
"11","Aceh","11.07","Kabupaten Pidie","11.07.08","Kembang Tanjong","11.07.08.2004","Jurong Mesjid"
"11","Aceh","11.07","Kabupaten Pidie","11.07.08","Kembang Tanjong","11.07.08.2005","Meunasah Gantung"
"11","Aceh","11.07","Kabupaten Pidie","11.07.08","Kembang Tanjong","11.07.08.2006","Babah Jurong"
"11","Aceh","11.07","Kabupaten Pidie","11.07.08","Kembang Tanjong","11.07.08.2007","Keupula"
"11","Aceh","11.07","Kabupaten Pidie","11.07.08","Kembang Tanjong","11.07.08.2008","Meunasah Jareng"
"11","Aceh","11.07","Kabupaten Pidie","11.07.08","Kembang Tanjong","11.07.08.2009","Arusan"
"11","Aceh","11.07","Kabupaten Pidie","11.07.08","Kembang Tanjong","11.07.08.2010","Tanjong Krueng"
"11","Aceh","11.07","Kabupaten Pidie","11.07.08","Kembang Tanjong","11.07.08.2011","Lancang"
"11","Aceh","11.07","Kabupaten Pidie","11.07.08","Kembang Tanjong","11.07.08.2012","Pasi Lhok"
"11","Aceh","11.07","Kabupaten Pidie","11.07.08","Kembang Tanjong","11.07.08.2013","Jeumeurang"
"11","Aceh","11.07","Kabupaten Pidie","11.07.08","Kembang Tanjong","11.07.08.2014","Pusong"
"11","Aceh","11.07","Kabupaten Pidie","11.07.08","Kembang Tanjong","11.07.08.2015","Meuraksa"
"11","Aceh","11.07","Kabupaten Pidie","11.07.08","Kembang Tanjong","11.07.08.2016","Kayee Panyang"
"11","Aceh","11.07","Kabupaten Pidie","11.07.08","Kembang Tanjong","11.07.08.2017","Panjoe"
"11","Aceh","11.07","Kabupaten Pidie","11.07.08","Kembang Tanjong","11.07.08.2018","Asan"
"11","Aceh","11.07","Kabupaten Pidie","11.07.08","Kembang Tanjong","11.07.08.2019","Meunasah Mesjid"
"11","Aceh","11.07","Kabupaten Pidie","11.07.08","Kembang Tanjong","11.07.08.2020","Meunasah Mee"
"11","Aceh","11.07","Kabupaten Pidie","11.07.08","Kembang Tanjong","11.07.08.2021","Meunasah Teungoh"
"11","Aceh","11.07","Kabupaten Pidie","11.07.08","Kembang Tanjong","11.07.08.2022","Pasi ie Leubeue"
"11","Aceh","11.07","Kabupaten Pidie","11.07.08","Kembang Tanjong","11.07.08.2023","Keude ie Leubeue"
"11","Aceh","11.07","Kabupaten Pidie","11.07.08","Kembang Tanjong","11.07.08.2024","Meunasah Sukon"
"11","Aceh","11.07","Kabupaten Pidie","11.07.08","Kembang Tanjong","11.07.08.2025","Meunasah Ara"
"11","Aceh","11.07","Kabupaten Pidie","11.07.08","Kembang Tanjong","11.07.08.2026","Meunasah Krueng"
"11","Aceh","11.07","Kabupaten Pidie","11.07.08","Kembang Tanjong","11.07.08.2027","Krueng Dhoe"
"11","Aceh","11.07","Kabupaten Pidie","11.07.08","Kembang Tanjong","11.07.08.2028","Meunasah Baro"
"11","Aceh","11.07","Kabupaten Pidie","11.07.08","Kembang Tanjong","11.07.08.2029","Bentayan"
"11","Aceh","11.07","Kabupaten Pidie","11.07.08","Kembang Tanjong","11.07.08.2030","Meunasah Kandang"
"11","Aceh","11.07","Kabupaten Pidie","11.07.08","Kembang Tanjong","11.07.08.2031","Lamkawe"
"11","Aceh","11.07","Kabupaten Pidie","11.07.08","Kembang Tanjong","11.07.08.2032","Puuk"
"11","Aceh","11.07","Kabupaten Pidie","11.07.08","Kembang Tanjong","11.07.08.2033","Tanjong"
"11","Aceh","11.07","Kabupaten Pidie","11.07.08","Kembang Tanjong","11.07.08.2034","Dayah Blang"
"11","Aceh","11.07","Kabupaten Pidie","11.07.08","Kembang Tanjong","11.07.08.2035","Dayah Mon Ara"
"11","Aceh","11.07","Kabupaten Pidie","11.07.08","Kembang Tanjong","11.07.08.2036","Keureumbok"
"11","Aceh","11.07","Kabupaten Pidie","11.07.08","Kembang Tanjong","11.07.08.2037","Meunasah Manyang"
"11","Aceh","11.07","Kabupaten Pidie","11.07.08","Kembang Tanjong","11.07.08.2038","Matang Kuli"
"11","Aceh","11.07","Kabupaten Pidie","11.07.08","Kembang Tanjong","11.07.08.2039","Reung-Reung"
"11","Aceh","11.07","Kabupaten Pidie","11.07.08","Kembang Tanjong","11.07.08.2040","Teumpeun"
"11","Aceh","11.07","Kabupaten Pidie","11.07.08","Kembang Tanjong","11.07.08.2041","Blang Cut"
"11","Aceh","11.07","Kabupaten Pidie","11.07.08","Kembang Tanjong","11.07.08.2042","Geuleumpang"
"11","Aceh","11.07","Kabupaten Pidie","11.07.08","Kembang Tanjong","11.07.08.2043","Aron Kuta Baro"
"11","Aceh","11.07","Kabupaten Pidie","11.07.08","Kembang Tanjong","11.07.08.2044","Barat"
"11","Aceh","11.07","Kabupaten Pidie","11.07.08","Kembang Tanjong","11.07.08.2045","Araih"
"11","Aceh","11.07","Kabupaten Pidie","11.07.09","Kota Sigli","11.07.09.2001","Blang Paseh"
"11","Aceh","11.07","Kabupaten Pidie","11.07.09","Kota Sigli","11.07.09.2002","Benteng"
"11","Aceh","11.07","Kabupaten Pidie","11.07.09","Kota Sigli","11.07.09.2003","Blok Bengkel"
"11","Aceh","11.07","Kabupaten Pidie","11.07.09","Kota Sigli","11.07.09.2004","Pante Teungoh"
"11","Aceh","11.07","Kabupaten Pidie","11.07.09","Kota Sigli","11.07.09.2005","Kuala Pidie"
"11","Aceh","11.07","Kabupaten Pidie","11.07.09","Kota Sigli","11.07.09.2006","Kramat Luar"
"11","Aceh","11.07","Kabupaten Pidie","11.07.09","Kota Sigli","11.07.09.2007","Kramat Dalam"
"11","Aceh","11.07","Kabupaten Pidie","11.07.09","Kota Sigli","11.07.09.2008","Blok Sawah"
"11","Aceh","11.07","Kabupaten Pidie","11.07.09","Kota Sigli","11.07.09.2009","Blang Asan"
"11","Aceh","11.07","Kabupaten Pidie","11.07.09","Kota Sigli","11.07.09.2010","Lampoh Krueng"
"11","Aceh","11.07","Kabupaten Pidie","11.07.09","Kota Sigli","11.07.09.2011","Kampong Asan"
"11","Aceh","11.07","Kabupaten Pidie","11.07.09","Kota Sigli","11.07.09.2012","Meunasah Peukan"
"11","Aceh","11.07","Kabupaten Pidie","11.07.09","Kota Sigli","11.07.09.2013","Pasi Rawa"
"11","Aceh","11.07","Kabupaten Pidie","11.07.09","Kota Sigli","11.07.09.2014","Pasi Peukan Baro"
"11","Aceh","11.07","Kabupaten Pidie","11.07.09","Kota Sigli","11.07.09.2015","Tanjong Krueng"
"11","Aceh","11.07","Kabupaten Pidie","11.07.11","Mila","11.07.11.2001","Blang"
"11","Aceh","11.07","Kabupaten Pidie","11.07.11","Mila","11.07.11.2002","Teumeucet"
"11","Aceh","11.07","Kabupaten Pidie","11.07.11","Mila","11.07.11.2003","Blang Cut"
"11","Aceh","11.07","Kabupaten Pidie","11.07.11","Mila","11.07.11.2004","Kumbang"
"11","Aceh","11.07","Kabupaten Pidie","11.07.11","Mila","11.07.11.2005","Pulo Tanjong"
"11","Aceh","11.07","Kabupaten Pidie","11.07.11","Mila","11.07.11.2006","Ara Bungkok"
"11","Aceh","11.07","Kabupaten Pidie","11.07.11","Mila","11.07.11.2007","Lagang"
"11","Aceh","11.07","Kabupaten Pidie","11.07.11","Mila","11.07.11.2008","Mesjid Ilot"
"11","Aceh","11.07","Kabupaten Pidie","11.07.11","Mila","11.07.11.2009","Baroh Ilot"
"11","Aceh","11.07","Kabupaten Pidie","11.07.11","Mila","11.07.11.2010","Tunong Ilot"
"11","Aceh","11.07","Kabupaten Pidie","11.07.11","Mila","11.07.11.2011","Teungoh Ilot"
"11","Aceh","11.07","Kabupaten Pidie","11.07.11","Mila","11.07.11.2012","Dayah Andeue"
"11","Aceh","11.07","Kabupaten Pidie","11.07.11","Mila","11.07.11.2013","Dayah Sinthop"
"11","Aceh","11.07","Kabupaten Pidie","11.07.11","Mila","11.07.11.2014","Kulu"
"11","Aceh","11.07","Kabupaten Pidie","11.07.11","Mila","11.07.11.2015","Mesjid Andeue"
"11","Aceh","11.07","Kabupaten Pidie","11.07.11","Mila","11.07.11.2016","Meuyub Lala"
"11","Aceh","11.07","Kabupaten Pidie","11.07.11","Mila","11.07.11.2017","Tuha Lala"
"11","Aceh","11.07","Kabupaten Pidie","11.07.11","Mila","11.07.11.2018","Lhok Lubu"
"11","Aceh","11.07","Kabupaten Pidie","11.07.11","Mila","11.07.11.2019","Babah Jurong"
"11","Aceh","11.07","Kabupaten Pidie","11.07.11","Mila","11.07.11.2020","Krueng Lala"
"11","Aceh","11.07","Kabupaten Pidie","11.07.12","Muara Tiga","11.07.12.2001","Cot"
"11","Aceh","11.07","Kabupaten Pidie","11.07.12","Muara Tiga","11.07.12.2002","Tgk Dilaweueng"
"11","Aceh","11.07","Kabupaten Pidie","11.07.12","Muara Tiga","11.07.12.2003","Mesjid"
"11","Aceh","11.07","Kabupaten Pidie","11.07.12","Muara Tiga","11.07.12.2004","Keupula"
"11","Aceh","11.07","Kabupaten Pidie","11.07.12","Muara Tiga","11.07.12.2005","Suka Jaya"
"11","Aceh","11.07","Kabupaten Pidie","11.07.12","Muara Tiga","11.07.12.2006","Pawod"
"11","Aceh","11.07","Kabupaten Pidie","11.07.12","Muara Tiga","11.07.12.2007","Deyah"
"11","Aceh","11.07","Kabupaten Pidie","11.07.12","Muara Tiga","11.07.12.2008","Krueng"
"11","Aceh","11.07","Kabupaten Pidie","11.07.12","Muara Tiga","11.07.12.2009","Gle Cut"
"11","Aceh","11.07","Kabupaten Pidie","11.07.12","Muara Tiga","11.07.12.2010","IE Masen"
"11","Aceh","11.07","Kabupaten Pidie","11.07.12","Muara Tiga","11.07.12.2011","Sagoe"
"11","Aceh","11.07","Kabupaten Pidie","11.07.12","Muara Tiga","11.07.12.2012","Ujong Pie"
"11","Aceh","11.07","Kabupaten Pidie","11.07.12","Muara Tiga","11.07.12.2013","Blang Raya"
"11","Aceh","11.07","Kabupaten Pidie","11.07.12","Muara Tiga","11.07.12.2014","Batee"
"11","Aceh","11.07","Kabupaten Pidie","11.07.12","Muara Tiga","11.07.12.2015","Ingin Jaya"
"11","Aceh","11.07","Kabupaten Pidie","11.07.12","Muara Tiga","11.07.12.2016","Papeun"
"11","Aceh","11.07","Kabupaten Pidie","11.07.12","Muara Tiga","11.07.12.2017","Tuha Biheue"
"11","Aceh","11.07","Kabupaten Pidie","11.07.12","Muara Tiga","11.07.12.2018","Simpang Beutong"
"11","Aceh","11.07","Kabupaten Pidie","11.07.13","Mutiara","11.07.13.2001","Mesjid Yaman"
"11","Aceh","11.07","Kabupaten Pidie","11.07.13","Mutiara","11.07.13.2002","Baro Yaman"
"11","Aceh","11.07","Kabupaten Pidie","11.07.13","Mutiara","11.07.13.2003","Mee Teungoh"
"11","Aceh","11.07","Kabupaten Pidie","11.07.13","Mutiara","11.07.13.2004","Sentosa"
"11","Aceh","11.07","Kabupaten Pidie","11.07.13","Mutiara","11.07.13.2005","Baroh Barat Yaman"
"11","Aceh","11.07","Kabupaten Pidie","11.07.13","Mutiara","11.07.13.2006","Tuha Gampong Gajah"
"11","Aceh","11.07","Kabupaten Pidie","11.07.13","Mutiara","11.07.13.2007","Jadan"
"11","Aceh","11.07","Kabupaten Pidie","11.07.13","Mutiara","11.07.13.2008","Bale Baro Keumangan"
"11","Aceh","11.07","Kabupaten Pidie","11.07.13","Mutiara","11.07.13.2009","Blang Tidiek"
"11","Aceh","11.07","Kabupaten Pidie","11.07.13","Mutiara","11.07.13.2010","Blang Lileue"
"11","Aceh","11.07","Kabupaten Pidie","11.07.13","Mutiara","11.07.13.2011","Keumangan Cut"
"11","Aceh","11.07","Kabupaten Pidie","11.07.13","Mutiara","11.07.13.2012","Mesjid Keumangan"
"11","Aceh","11.07","Kabupaten Pidie","11.07.13","Mutiara","11.07.13.2013","Dayah Tidiek"
"11","Aceh","11.07","Kabupaten Pidie","11.07.13","Mutiara","11.07.13.2014","Lueng Sagoe"
"11","Aceh","11.07","Kabupaten Pidie","11.07.13","Mutiara","11.07.13.2015","Blang Beureueh"
"11","Aceh","11.07","Kabupaten Pidie","11.07.13","Mutiara","11.07.13.2016","Dayah Beureueh"
"11","Aceh","11.07","Kabupaten Pidie","11.07.13","Mutiara","11.07.13.2017","Pante Beureueh"
"11","Aceh","11.07","Kabupaten Pidie","11.07.13","Mutiara","11.07.13.2018","Rapana"
"11","Aceh","11.07","Kabupaten Pidie","11.07.13","Mutiara","11.07.13.2019","Paya Tiba"
"11","Aceh","11.07","Kabupaten Pidie","11.07.13","Mutiara","11.07.13.2020","Paloh Kambuek"
"11","Aceh","11.07","Kabupaten Pidie","11.07.13","Mutiara","11.07.13.2021","Lampoh Sirong"
"11","Aceh","11.07","Kabupaten Pidie","11.07.13","Mutiara","11.07.13.2022","Mee Panyang"
"11","Aceh","11.07","Kabupaten Pidie","11.07.13","Mutiara","11.07.13.2023","Reului"
"11","Aceh","11.07","Kabupaten Pidie","11.07.13","Mutiara","11.07.13.2024","Dayah Syarif"
"11","Aceh","11.07","Kabupaten Pidie","11.07.13","Mutiara","11.07.13.2025","Peureulak"
"11","Aceh","11.07","Kabupaten Pidie","11.07.13","Mutiara","11.07.13.2026","Ribeun"
"11","Aceh","11.07","Kabupaten Pidie","11.07.13","Mutiara","11.07.13.2027","Balee Busu"
"11","Aceh","11.07","Kabupaten Pidie","11.07.13","Mutiara","11.07.13.2028","Lingkok"
"11","Aceh","11.07","Kabupaten Pidie","11.07.13","Mutiara","11.07.13.2029","Kumbang"
"11","Aceh","11.07","Kabupaten Pidie","11.07.14","Padang Tiji","11.07.14.2001","Mesjid Kunyet"
"11","Aceh","11.07","Kabupaten Pidie","11.07.14","Padang Tiji","11.07.14.2002","Piala Kunyet"
"11","Aceh","11.07","Kabupaten Pidie","11.07.14","Padang Tiji","11.07.14.2003","Hagu Kunyet"
"11","Aceh","11.07","Kabupaten Pidie","11.07.14","Padang Tiji","11.07.14.2004","Baro Kunyet"
"11","Aceh","11.07","Kabupaten Pidie","11.07.14","Padang Tiji","11.07.14.2005","Dayah Tanoh Kunyet"
"11","Aceh","11.07","Kabupaten Pidie","11.07.14","Padang Tiji","11.07.14.2006","Kambuek Nicah Kunyet"
"11","Aceh","11.07","Kabupaten Pidie","11.07.14","Padang Tiji","11.07.14.2007","Kambuek Payapi Kunyet"
"11","Aceh","11.07","Kabupaten Pidie","11.07.14","Padang Tiji","11.07.14.2008","Seunadeu Kunyet"
"11","Aceh","11.07","Kabupaten Pidie","11.07.14","Padang Tiji","11.07.14.2009","Blang Gunci Kunyet"
"11","Aceh","11.07","Kabupaten Pidie","11.07.14","Padang Tiji","11.07.14.2010","Dayah Baroh Kunyet"
"11","Aceh","11.07","Kabupaten Pidie","11.07.14","Padang Tiji","11.07.14.2011","Blang Geuleudieng"
"11","Aceh","11.07","Kabupaten Pidie","11.07.14","Padang Tiji","11.07.14.2012","Geulumpang Geuleudieng"
"11","Aceh","11.07","Kabupaten Pidie","11.07.14","Padang Tiji","11.07.14.2013","Mesjid Geuleudieng"
"11","Aceh","11.07","Kabupaten Pidie","11.07.14","Padang Tiji","11.07.14.2014","Sukon Peudaya"
"11","Aceh","11.07","Kabupaten Pidie","11.07.14","Padang Tiji","11.07.14.2015","Mesjid Peudaya"
"11","Aceh","11.07","Kabupaten Pidie","11.07.14","Padang Tiji","11.07.14.2016","Cut Peudaya"
"11","Aceh","11.07","Kabupaten Pidie","11.07.14","Padang Tiji","11.07.14.2017","Buloh Peudaya"
"11","Aceh","11.07","Kabupaten Pidie","11.07.14","Padang Tiji","11.07.14.2018","Perlak Peudaya"
"11","Aceh","11.07","Kabupaten Pidie","11.07.14","Padang Tiji","11.07.14.2019","Dayah Peudaya"
"11","Aceh","11.07","Kabupaten Pidie","11.07.14","Padang Tiji","11.07.14.2020","Teungoh Peudaya"
"11","Aceh","11.07","Kabupaten Pidie","11.07.14","Padang Tiji","11.07.14.2021","Tuha Peudaya"
"11","Aceh","11.07","Kabupaten Pidie","11.07.14","Padang Tiji","11.07.14.2022","Tunong Peudaya"
"11","Aceh","11.07","Kabupaten Pidie","11.07.14","Padang Tiji","11.07.14.2023","Buni Reulieng Peudaya"
"11","Aceh","11.07","Kabupaten Pidie","11.07.14","Padang Tiji","11.07.14.2024","Trieng Paloh"
"11","Aceh","11.07","Kabupaten Pidie","11.07.14","Padang Tiji","11.07.14.2025","Leuhob Paloh"
"11","Aceh","11.07","Kabupaten Pidie","11.07.14","Padang Tiji","11.07.14.2026","Jurong Gampong Cot Paloh"
"11","Aceh","11.07","Kabupaten Pidie","11.07.14","Padang Tiji","11.07.14.2027","Suyo Paloh"
"11","Aceh","11.07","Kabupaten Pidie","11.07.14","Padang Tiji","11.07.14.2028","Kreet Paloh"
"11","Aceh","11.07","Kabupaten Pidie","11.07.14","Padang Tiji","11.07.14.2029","Capa Paloh"
"11","Aceh","11.07","Kabupaten Pidie","11.07.14","Padang Tiji","11.07.14.2030","Jurong Anoe Paloh"
"11","Aceh","11.07","Kabupaten Pidie","11.07.14","Padang Tiji","11.07.14.2031","Balee Paloh"
"11","Aceh","11.07","Kabupaten Pidie","11.07.14","Padang Tiji","11.07.14.2032","Siron Paloh"
"11","Aceh","11.07","Kabupaten Pidie","11.07.14","Padang Tiji","11.07.14.2033","Gampong Cut Paloh"
"11","Aceh","11.07","Kabupaten Pidie","11.07.14","Padang Tiji","11.07.14.2034","Pante Cermen Paloh"
"11","Aceh","11.07","Kabupaten Pidie","11.07.14","Padang Tiji","11.07.14.2035","Pasar Paloh"
"11","Aceh","11.07","Kabupaten Pidie","11.07.14","Padang Tiji","11.07.14.2036","Cot Kunyet"
"11","Aceh","11.07","Kabupaten Pidie","11.07.14","Padang Tiji","11.07.14.2037","Meuke Beurabo"
"11","Aceh","11.07","Kabupaten Pidie","11.07.14","Padang Tiji","11.07.14.2038","Mesjid Beurabo"
"11","Aceh","11.07","Kabupaten Pidie","11.07.14","Padang Tiji","11.07.14.2039","Seukeumbrok Beurabo"
"11","Aceh","11.07","Kabupaten Pidie","11.07.14","Padang Tiji","11.07.14.2040","Baro Beurabo"
"11","Aceh","11.07","Kabupaten Pidie","11.07.14","Padang Tiji","11.07.14.2041","Adang Beurabo"
"11","Aceh","11.07","Kabupaten Pidie","11.07.14","Padang Tiji","11.07.14.2042","Paloh Jeurat Beurabo"
"11","Aceh","11.07","Kabupaten Pidie","11.07.14","Padang Tiji","11.07.14.2043","Seuleunggieng Beurabo"
"11","Aceh","11.07","Kabupaten Pidie","11.07.14","Padang Tiji","11.07.14.2044","Teungoh Drien Gogo"
"11","Aceh","11.07","Kabupaten Pidie","11.07.14","Padang Tiji","11.07.14.2045","Kumbang Gogo"
"11","Aceh","11.07","Kabupaten Pidie","11.07.14","Padang Tiji","11.07.14.2046","Mesjid Gogos"
"11","Aceh","11.07","Kabupaten Pidie","11.07.14","Padang Tiji","11.07.14.2047","Tuha Gogo"
"11","Aceh","11.07","Kabupaten Pidie","11.07.14","Padang Tiji","11.07.14.2048","Glee Gogo"
"11","Aceh","11.07","Kabupaten Pidie","11.07.14","Padang Tiji","11.07.14.2049","Meuke Gogo"
"11","Aceh","11.07","Kabupaten Pidie","11.07.14","Padang Tiji","11.07.14.2050","Raya Gogo"
"11","Aceh","11.07","Kabupaten Pidie","11.07.14","Padang Tiji","11.07.14.2051","Grong-Grong Gogo"
"11","Aceh","11.07","Kabupaten Pidie","11.07.14","Padang Tiji","11.07.14.2052","Aron Bunot Gogo"
"11","Aceh","11.07","Kabupaten Pidie","11.07.14","Padang Tiji","11.07.14.2053","Buloh Gogo"
"11","Aceh","11.07","Kabupaten Pidie","11.07.14","Padang Tiji","11.07.14.2054","Tunong Tanjong"
"11","Aceh","11.07","Kabupaten Pidie","11.07.14","Padang Tiji","11.07.14.2055","Keupula Tanjong"
"11","Aceh","11.07","Kabupaten Pidie","11.07.14","Padang Tiji","11.07.14.2056","Jok Tanjong"
"11","Aceh","11.07","Kabupaten Pidie","11.07.14","Padang Tiji","11.07.14.2057","Leun Tanjong"
"11","Aceh","11.07","Kabupaten Pidie","11.07.14","Padang Tiji","11.07.14.2058","Pante Crueng Tanjong"
"11","Aceh","11.07","Kabupaten Pidie","11.07.14","Padang Tiji","11.07.14.2059","Cot Keutapang Tanjong"
"11","Aceh","11.07","Kabupaten Pidie","11.07.14","Padang Tiji","11.07.14.2060","Siron Tanjong"
"11","Aceh","11.07","Kabupaten Pidie","11.07.14","Padang Tiji","11.07.14.2061","Mesjid Tanjong"
"11","Aceh","11.07","Kabupaten Pidie","11.07.14","Padang Tiji","11.07.14.2062","Khang Tanjong"
"11","Aceh","11.07","Kabupaten Pidie","11.07.14","Padang Tiji","11.07.14.2063","Meuriya Tanjong"
"11","Aceh","11.07","Kabupaten Pidie","11.07.14","Padang Tiji","11.07.14.2064","Pulo Hagu Tanjong"
"11","Aceh","11.07","Kabupaten Pidie","11.07.15","Peukan Baro","11.07.15.2001","Dua Paya"
"11","Aceh","11.07","Kabupaten Pidie","11.07.15","Peukan Baro","11.07.15.2002","Cot Mulu"
"11","Aceh","11.07","Kabupaten Pidie","11.07.15","Peukan Baro","11.07.15.2003","Dayah Bubue"
"11","Aceh","11.07","Kabupaten Pidie","11.07.15","Peukan Baro","11.07.15.2004","Tanjong Hagu"
"11","Aceh","11.07","Kabupaten Pidie","11.07.15","Peukan Baro","11.07.15.2005","Sumboe Buga"
"11","Aceh","11.07","Kabupaten Pidie","11.07.15","Peukan Baro","11.07.15.2006","Rambayan Kupula"
"11","Aceh","11.07","Kabupaten Pidie","11.07.15","Peukan Baro","11.07.15.2007","Rambayan Lueng"
"11","Aceh","11.07","Kabupaten Pidie","11.07.15","Peukan Baro","11.07.15.2008","Cempala Kuneng"
"11","Aceh","11.07","Kabupaten Pidie","11.07.15","Peukan Baro","11.07.15.2009","Peunayong"
"11","Aceh","11.07","Kabupaten Pidie","11.07.15","Peukan Baro","11.07.15.2010","Leuhop"
"11","Aceh","11.07","Kabupaten Pidie","11.07.15","Peukan Baro","11.07.15.2011","Kumbang waido"
"11","Aceh","11.07","Kabupaten Pidie","11.07.15","Peukan Baro","11.07.15.2012","Gampong waido"
"11","Aceh","11.07","Kabupaten Pidie","11.07.15","Peukan Baro","11.07.15.2013","Mee Krukon"
"11","Aceh","11.07","Kabupaten Pidie","11.07.15","Peukan Baro","11.07.15.2014","Mee Lampoih Saka"
"11","Aceh","11.07","Kabupaten Pidie","11.07.15","Peukan Baro","11.07.15.2015","Lueng Guci Rumpong"
"11","Aceh","11.07","Kabupaten Pidie","11.07.15","Peukan Baro","11.07.15.2016","Dayah Seumideun"
"11","Aceh","11.07","Kabupaten Pidie","11.07.15","Peukan Baro","11.07.15.2017","Mesjid Guci Rumpong"
"11","Aceh","11.07","Kabupaten Pidie","11.07.15","Peukan Baro","11.07.15.2018","Reuba Waido"
"11","Aceh","11.07","Kabupaten Pidie","11.07.15","Peukan Baro","11.07.15.2019","Dayah Teungku"
"11","Aceh","11.07","Kabupaten Pidie","11.07.15","Peukan Baro","11.07.15.2020","Jurong Raya"
"11","Aceh","11.07","Kabupaten Pidie","11.07.15","Peukan Baro","11.07.15.2021","Balee Rastong"
"11","Aceh","11.07","Kabupaten Pidie","11.07.15","Peukan Baro","11.07.15.2022","Lueng Mesjid"
"11","Aceh","11.07","Kabupaten Pidie","11.07.15","Peukan Baro","11.07.15.2023","Teungoh Baroh"
"11","Aceh","11.07","Kabupaten Pidie","11.07.15","Peukan Baro","11.07.15.2024","Mee Hagu"
"11","Aceh","11.07","Kabupaten Pidie","11.07.15","Peukan Baro","11.07.15.2025","Dayah Sukon"
"11","Aceh","11.07","Kabupaten Pidie","11.07.15","Peukan Baro","11.07.15.2026","Blang Raya"
"11","Aceh","11.07","Kabupaten Pidie","11.07.15","Peukan Baro","11.07.15.2027","Balee Pineung"
"11","Aceh","11.07","Kabupaten Pidie","11.07.15","Peukan Baro","11.07.15.2028","Menjee Mesjid"
"11","Aceh","11.07","Kabupaten Pidie","11.07.15","Peukan Baro","11.07.15.2029","Mee Tanoh"
"11","Aceh","11.07","Kabupaten Pidie","11.07.15","Peukan Baro","11.07.15.2030","Sialet-Alet"
"11","Aceh","11.07","Kabupaten Pidie","11.07.15","Peukan Baro","11.07.15.2031","Bluek Arab"
"11","Aceh","11.07","Kabupaten Pidie","11.07.15","Peukan Baro","11.07.15.2032","Puuk"
"11","Aceh","11.07","Kabupaten Pidie","11.07.15","Peukan Baro","11.07.15.2033","Dayah Muara"
"11","Aceh","11.07","Kabupaten Pidie","11.07.15","Peukan Baro","11.07.15.2034","Sawiet"
"11","Aceh","11.07","Kabupaten Pidie","11.07.15","Peukan Baro","11.07.15.2035","Ulee Tutue"
"11","Aceh","11.07","Kabupaten Pidie","11.07.15","Peukan Baro","11.07.15.2036","Jim"
"11","Aceh","11.07","Kabupaten Pidie","11.07.15","Peukan Baro","11.07.15.2037","Keutapang"
"11","Aceh","11.07","Kabupaten Pidie","11.07.15","Peukan Baro","11.07.15.2038","Meuleuweuk"
"11","Aceh","11.07","Kabupaten Pidie","11.07.15","Peukan Baro","11.07.15.2039","Jurong"
"11","Aceh","11.07","Kabupaten Pidie","11.07.15","Peukan Baro","11.07.15.2040","Raya Krueng Seumideun"
"11","Aceh","11.07","Kabupaten Pidie","11.07.15","Peukan Baro","11.07.15.2041","Sukon Krueng Seumideun"
"11","Aceh","11.07","Kabupaten Pidie","11.07.15","Peukan Baro","11.07.15.2042","Mee Krueng Seumideun"
"11","Aceh","11.07","Kabupaten Pidie","11.07.15","Peukan Baro","11.07.15.2043","Blang Krueng Seumideun"
"11","Aceh","11.07","Kabupaten Pidie","11.07.15","Peukan Baro","11.07.15.2044","Keureumbok"
"11","Aceh","11.07","Kabupaten Pidie","11.07.15","Peukan Baro","11.07.15.2045","Ulee Cot Seupeng"
"11","Aceh","11.07","Kabupaten Pidie","11.07.15","Peukan Baro","11.07.15.2046","Kabat"
"11","Aceh","11.07","Kabupaten Pidie","11.07.15","Peukan Baro","11.07.15.2049","Blang Seupeng"
"11","Aceh","11.07","Kabupaten Pidie","11.07.15","Peukan Baro","11.07.15.2050","Gampong Krueng Seumideun"
"11","Aceh","11.07","Kabupaten Pidie","11.07.16","Pidie","11.07.16.2001","Tijue"
"11","Aceh","11.07","Kabupaten Pidie","11.07.16","Pidie","11.07.16.2002","Lampeudeu Tunong"
"11","Aceh","11.07","Kabupaten Pidie","11.07.16","Pidie","11.07.16.2003","Puuk"
"11","Aceh","11.07","Kabupaten Pidie","11.07.16","Pidie","11.07.16.2004","Lampeudue Baroh"
"11","Aceh","11.07","Kabupaten Pidie","11.07.16","Pidie","11.07.16.2005","Paya"
"11","Aceh","11.07","Kabupaten Pidie","11.07.16","Pidie","11.07.16.2006","Mesjid Runtoh"
"11","Aceh","11.07","Kabupaten Pidie","11.07.16","Pidie","11.07.16.2007","Dayah Teungoh"
"11","Aceh","11.07","Kabupaten Pidie","11.07.16","Pidie","11.07.16.2008","Baroh"
"11","Aceh","11.07","Kabupaten Pidie","11.07.16","Pidie","11.07.16.2009","Dayah Tanoh"
"11","Aceh","11.07","Kabupaten Pidie","11.07.16","Pidie","11.07.16.2010","Cot Geunduek"
"11","Aceh","11.07","Kabupaten Pidie","11.07.16","Pidie","11.07.16.2011","Tumpok Laweung"
"11","Aceh","11.07","Kabupaten Pidie","11.07.16","Pidie","11.07.16.2012","Ulee Ceue Keulibeut"
"11","Aceh","11.07","Kabupaten Pidie","11.07.16","Pidie","11.07.16.2013","Keudee"
"11","Aceh","11.07","Kabupaten Pidie","11.07.16","Pidie","11.07.16.2014","Ulee Tutue"
"11","Aceh","11.07","Kabupaten Pidie","11.07.16","Pidie","11.07.16.2015","Dayah Tutong"
"11","Aceh","11.07","Kabupaten Pidie","11.07.16","Pidie","11.07.16.2016","Lampoh Lada"
"11","Aceh","11.07","Kabupaten Pidie","11.07.16","Pidie","11.07.16.2017","Keuniree"
"11","Aceh","11.07","Kabupaten Pidie","11.07.16","Pidie","11.07.16.2018","Tumpok 40"
"11","Aceh","11.07","Kabupaten Pidie","11.07.16","Pidie","11.07.16.2019","Cot Teungoh"
"11","Aceh","11.07","Kabupaten Pidie","11.07.16","Pidie","11.07.16.2020","Cot Rheng"
"11","Aceh","11.07","Kabupaten Pidie","11.07.16","Pidie","11.07.16.2021","Labui"
"11","Aceh","11.07","Kabupaten Pidie","11.07.16","Pidie","11.07.16.2022","Gampong"
"11","Aceh","11.07","Kabupaten Pidie","11.07.16","Pidie","11.07.16.2023","Pulo Pisang"
"11","Aceh","11.07","Kabupaten Pidie","11.07.16","Pidie","11.07.16.2024","Lamkuta"
"11","Aceh","11.07","Kabupaten Pidie","11.07.16","Pidie","11.07.16.2025","Kampong Pukat"
"11","Aceh","11.07","Kabupaten Pidie","11.07.16","Pidie","11.07.16.2026","Kampong Barat"
"11","Aceh","11.07","Kabupaten Pidie","11.07.16","Pidie","11.07.16.2027","Paloh"
"11","Aceh","11.07","Kabupaten Pidie","11.07.16","Pidie","11.07.16.2028","Kampong Baro"
"11","Aceh","11.07","Kabupaten Pidie","11.07.16","Pidie","11.07.16.2029","Pulo Bubee"
"11","Aceh","11.07","Kabupaten Pidie","11.07.16","Pidie","11.07.16.2030","Tibang"
"11","Aceh","11.07","Kabupaten Pidie","11.07.16","Pidie","11.07.16.2031","Rawa"
"11","Aceh","11.07","Kabupaten Pidie","11.07.16","Pidie","11.07.16.2032","Peukan Baro"
"11","Aceh","11.07","Kabupaten Pidie","11.07.16","Pidie","11.07.16.2033","Mancang"
"11","Aceh","11.07","Kabupaten Pidie","11.07.16","Pidie","11.07.16.2034","Gajah Ayee"
"11","Aceh","11.07","Kabupaten Pidie","11.07.16","Pidie","11.07.16.2035","Lhok Keutapang"
"11","Aceh","11.07","Kabupaten Pidie","11.07.16","Pidie","11.07.16.2036","Dalueng"
"11","Aceh","11.07","Kabupaten Pidie","11.07.16","Pidie","11.07.16.2037","Ulee Ceue Teubeng"
"11","Aceh","11.07","Kabupaten Pidie","11.07.16","Pidie","11.07.16.2038","Meucat Teubeng"
"11","Aceh","11.07","Kabupaten Pidie","11.07.16","Pidie","11.07.16.2039","Dayah Teubeng"
"11","Aceh","11.07","Kabupaten Pidie","11.07.16","Pidie","11.07.16.2040","Tanjong Teubeng"
"11","Aceh","11.07","Kabupaten Pidie","11.07.16","Pidie","11.07.16.2041","Jawa Teubeng"
"11","Aceh","11.07","Kabupaten Pidie","11.07.16","Pidie","11.07.16.2042","Bayu Teubeng"
"11","Aceh","11.07","Kabupaten Pidie","11.07.16","Pidie","11.07.16.2043","Abo Teubeng"
"11","Aceh","11.07","Kabupaten Pidie","11.07.16","Pidie","11.07.16.2044","Keutapang Sanggeue"
"11","Aceh","11.07","Kabupaten Pidie","11.07.16","Pidie","11.07.16.2045","Krueng Dhoe"
"11","Aceh","11.07","Kabupaten Pidie","11.07.16","Pidie","11.07.16.2046","Sirong"
"11","Aceh","11.07","Kabupaten Pidie","11.07.16","Pidie","11.07.16.2047","Keutumbu"
"11","Aceh","11.07","Kabupaten Pidie","11.07.16","Pidie","11.07.16.2048","Jeumpa"
"11","Aceh","11.07","Kabupaten Pidie","11.07.16","Pidie","11.07.16.2049","Raya sanggeue"
"11","Aceh","11.07","Kabupaten Pidie","11.07.16","Pidie","11.07.16.2050","Jeuleupee"
"11","Aceh","11.07","Kabupaten Pidie","11.07.16","Pidie","11.07.16.2051","Ujong Langgo"
"11","Aceh","11.07","Kabupaten Pidie","11.07.16","Pidie","11.07.16.2052","Cot Glumpang"
"11","Aceh","11.07","Kabupaten Pidie","11.07.16","Pidie","11.07.16.2053","Seuriweuk"
"11","Aceh","11.07","Kabupaten Pidie","11.07.16","Pidie","11.07.16.2054","Mesjid Utue"
"11","Aceh","11.07","Kabupaten Pidie","11.07.16","Pidie","11.07.16.2055","Leubue"
"11","Aceh","11.07","Kabupaten Pidie","11.07.16","Pidie","11.07.16.2056","Batee"
"11","Aceh","11.07","Kabupaten Pidie","11.07.16","Pidie","11.07.16.2057","Raya Uteu"
"11","Aceh","11.07","Kabupaten Pidie","11.07.16","Pidie","11.07.16.2058","Seukeumbrok"
"11","Aceh","11.07","Kabupaten Pidie","11.07.16","Pidie","11.07.16.2059","Bie"
"11","Aceh","11.07","Kabupaten Pidie","11.07.16","Pidie","11.07.16.2060","Blang Kula"
"11","Aceh","11.07","Kabupaten Pidie","11.07.16","Pidie","11.07.16.2061","ALue"
"11","Aceh","11.07","Kabupaten Pidie","11.07.16","Pidie","11.07.16.2062","Seukee"
"11","Aceh","11.07","Kabupaten Pidie","11.07.16","Pidie","11.07.16.2063","Paya Linteung"
"11","Aceh","11.07","Kabupaten Pidie","11.07.16","Pidie","11.07.16.2064","Puli"
"11","Aceh","11.07","Kabupaten Pidie","11.07.17","Sakti","11.07.17.2001","Balue Tanoh"
"11","Aceh","11.07","Kabupaten Pidie","11.07.17","Sakti","11.07.17.2002","Balue Kulu"
"11","Aceh","11.07","Kabupaten Pidie","11.07.17","Sakti","11.07.17.2003","Lhok Empeh"
"11","Aceh","11.07","Kabupaten Pidie","11.07.17","Sakti","11.07.17.2004","Cot Sukon"
"11","Aceh","11.07","Kabupaten Pidie","11.07.17","Sakti","11.07.17.2005","Dayah Tuha"
"11","Aceh","11.07","Kabupaten Pidie","11.07.17","Sakti","11.07.17.2006","Kampong Cot"
"11","Aceh","11.07","Kabupaten Pidie","11.07.17","Sakti","11.07.17.2007","Paloh Jeureula"
"11","Aceh","11.07","Kabupaten Pidie","11.07.17","Sakti","11.07.17.2008","Barieh"
"11","Aceh","11.07","Kabupaten Pidie","11.07.17","Sakti","11.07.17.2009","Kandang"
"11","Aceh","11.07","Kabupaten Pidie","11.07.17","Sakti","11.07.17.2010","Riweuek"
"11","Aceh","11.07","Kabupaten Pidie","11.07.17","Sakti","11.07.17.2011","Mancang"
"11","Aceh","11.07","Kabupaten Pidie","11.07.17","Sakti","11.07.17.2012","Kampong Pisang Bucue"
"11","Aceh","11.07","Kabupaten Pidie","11.07.17","Sakti","11.07.17.2013","Bucue"
"11","Aceh","11.07","Kabupaten Pidie","11.07.17","Sakti","11.07.17.2014","Lhok Panah"
"11","Aceh","11.07","Kabupaten Pidie","11.07.17","Sakti","11.07.17.2015","Murong Cot"
"11","Aceh","11.07","Kabupaten Pidie","11.07.17","Sakti","11.07.17.2016","Cumbok Lie"
"11","Aceh","11.07","Kabupaten Pidie","11.07.17","Sakti","11.07.17.2017","Lam Ujong"
"11","Aceh","11.07","Kabupaten Pidie","11.07.17","Sakti","11.07.17.2018","Murong Lhok"
"11","Aceh","11.07","Kabupaten Pidie","11.07.17","Sakti","11.07.17.2019","Blang Cot"
"11","Aceh","11.07","Kabupaten Pidie","11.07.17","Sakti","11.07.17.2020","Cot Cantek"
"11","Aceh","11.07","Kabupaten Pidie","11.07.17","Sakti","11.07.17.2021","Blang Kumot Baroh"
"11","Aceh","11.07","Kabupaten Pidie","11.07.17","Sakti","11.07.17.2022","Blang Kumot Tunong"
"11","Aceh","11.07","Kabupaten Pidie","11.07.17","Sakti","11.07.17.2023","Cumbok Niwa"
"11","Aceh","11.07","Kabupaten Pidie","11.07.17","Sakti","11.07.17.2024","Leupeuem Mesjid"
"11","Aceh","11.07","Kabupaten Pidie","11.07.17","Sakti","11.07.17.2025","Pulo Jeumpa"
"11","Aceh","11.07","Kabupaten Pidie","11.07.17","Sakti","11.07.17.2026","Beutong Pocut"
"11","Aceh","11.07","Kabupaten Pidie","11.07.17","Sakti","11.07.17.2027","Beutong Perlak"
"11","Aceh","11.07","Kabupaten Pidie","11.07.17","Sakti","11.07.17.2028","Kampong Jeumpa"
"11","Aceh","11.07","Kabupaten Pidie","11.07.17","Sakti","11.07.17.2029","Pante Krueng"
"11","Aceh","11.07","Kabupaten Pidie","11.07.17","Sakti","11.07.17.2030","Jurong Pante"
"11","Aceh","11.07","Kabupaten Pidie","11.07.17","Sakti","11.07.17.2032","Mali Lamkuta"
"11","Aceh","11.07","Kabupaten Pidie","11.07.17","Sakti","11.07.17.2033","Mali Uke"
"11","Aceh","11.07","Kabupaten Pidie","11.07.17","Sakti","11.07.17.2034","Mali Mesjid"
"11","Aceh","11.07","Kabupaten Pidie","11.07.17","Sakti","11.07.17.2035","Mali Cot"
"11","Aceh","11.07","Kabupaten Pidie","11.07.17","Sakti","11.07.17.2036","Tangkueng"
"11","Aceh","11.07","Kabupaten Pidie","11.07.17","Sakti","11.07.17.2037","Lhok Mee"
"11","Aceh","11.07","Kabupaten Pidie","11.07.17","Sakti","11.07.17.2038","Lameue Mns. Raya"
"11","Aceh","11.07","Kabupaten Pidie","11.07.17","Sakti","11.07.17.2039","Lameue Mns. Baro"
"11","Aceh","11.07","Kabupaten Pidie","11.07.17","Sakti","11.07.17.2040","Lameue Mns. Lueng"
"11","Aceh","11.07","Kabupaten Pidie","11.07.17","Sakti","11.07.17.2041","Pulo Keureumbok"
"11","Aceh","11.07","Kabupaten Pidie","11.07.17","Sakti","11.07.17.2042","Dayah Kp Pisang"
"11","Aceh","11.07","Kabupaten Pidie","11.07.17","Sakti","11.07.17.2043","Mns Blang Sakti"
"11","Aceh","11.07","Kabupaten Pidie","11.07.17","Sakti","11.07.17.2044","Perlak Baroh"
"11","Aceh","11.07","Kabupaten Pidie","11.07.17","Sakti","11.07.17.2045","Lingkok"
"11","Aceh","11.07","Kabupaten Pidie","11.07.17","Sakti","11.07.17.2046","Pasar Kota Bakti"
"11","Aceh","11.07","Kabupaten Pidie","11.07.17","Sakti","11.07.17.2047","Mns Balee"
"11","Aceh","11.07","Kabupaten Pidie","11.07.17","Sakti","11.07.17.2048","Perlak Asan"
"11","Aceh","11.07","Kabupaten Pidie","11.07.17","Sakti","11.07.17.2049","Kampong Baro"
"11","Aceh","11.07","Kabupaten Pidie","11.07.17","Sakti","11.07.17.2050","Mali Guyui"
"11","Aceh","11.07","Kabupaten Pidie","11.07.18","Simpang Tiga","11.07.18.2001","Raya Paya"
"11","Aceh","11.07","Kabupaten Pidie","11.07.18","Simpang Tiga","11.07.18.2002","Mesjid Bungie"
"11","Aceh","11.07","Kabupaten Pidie","11.07.18","Simpang Tiga","11.07.18.2003","Liliep"
"11","Aceh","11.07","Kabupaten Pidie","11.07.18","Simpang Tiga","11.07.18.2004","Ujong Baroh"
"11","Aceh","11.07","Kabupaten Pidie","11.07.18","Simpang Tiga","11.07.18.2005","Peukan Sot"
"11","Aceh","11.07","Kabupaten Pidie","11.07.18","Simpang Tiga","11.07.18.2006","Sukon"
"11","Aceh","11.07","Kabupaten Pidie","11.07.18","Simpang Tiga","11.07.18.2007","Raya Paleue"
"11","Aceh","11.07","Kabupaten Pidie","11.07.18","Simpang Tiga","11.07.18.2008","Lambideng"
"11","Aceh","11.07","Kabupaten Pidie","11.07.18","Simpang Tiga","11.07.18.2009","Cot Paleue"
"11","Aceh","11.07","Kabupaten Pidie","11.07.18","Simpang Tiga","11.07.18.2010","Seukee"
"11","Aceh","11.07","Kabupaten Pidie","11.07.18","Simpang Tiga","11.07.18.2011","Cebrek"
"11","Aceh","11.07","Kabupaten Pidie","11.07.18","Simpang Tiga","11.07.18.2012","Linggong Sagoe"
"11","Aceh","11.07","Kabupaten Pidie","11.07.18","Simpang Tiga","11.07.18.2013","Kulam Baro"
"11","Aceh","11.07","Kabupaten Pidie","11.07.18","Simpang Tiga","11.07.18.2014","Empeh"
"11","Aceh","11.07","Kabupaten Pidie","11.07.18","Simpang Tiga","11.07.18.2015","Nien"
"11","Aceh","11.07","Kabupaten Pidie","11.07.18","Simpang Tiga","11.07.18.2016","Ceureucok Timur"
"11","Aceh","11.07","Kabupaten Pidie","11.07.18","Simpang Tiga","11.07.18.2017","Ceureukcok Barat"
"11","Aceh","11.07","Kabupaten Pidie","11.07.18","Simpang Tiga","11.07.18.2018","Jaja Baroh"
"11","Aceh","11.07","Kabupaten Pidie","11.07.18","Simpang Tiga","11.07.18.2019","Jaja Tunong"
"11","Aceh","11.07","Kabupaten Pidie","11.07.18","Simpang Tiga","11.07.18.2020","Mesjid Gigieng"
"11","Aceh","11.07","Kabupaten Pidie","11.07.18","Simpang Tiga","11.07.18.2021","Gong"
"11","Aceh","11.07","Kabupaten Pidie","11.07.18","Simpang Tiga","11.07.18.2022","Pulo Raya"
"11","Aceh","11.07","Kabupaten Pidie","11.07.18","Simpang Tiga","11.07.18.2023","Pulo Blang"
"11","Aceh","11.07","Kabupaten Pidie","11.07.18","Simpang Tiga","11.07.18.2024","Mamplam"
"11","Aceh","11.07","Kabupaten Pidie","11.07.18","Simpang Tiga","11.07.18.2025","Meunasah Lhee"
"11","Aceh","11.07","Kabupaten Pidie","11.07.18","Simpang Tiga","11.07.18.2026","Pante"
"11","Aceh","11.07","Kabupaten Pidie","11.07.18","Simpang Tiga","11.07.18.2027","Kupula"
"11","Aceh","11.07","Kabupaten Pidie","11.07.18","Simpang Tiga","11.07.18.2028","Mantak Raya"
"11","Aceh","11.07","Kabupaten Pidie","11.07.18","Simpang Tiga","11.07.18.2029","Peukan Tuha"
"11","Aceh","11.07","Kabupaten Pidie","11.07.18","Simpang Tiga","11.07.18.2030","Dayah Lampoh Awe"
"11","Aceh","11.07","Kabupaten Pidie","11.07.18","Simpang Tiga","11.07.18.2031","Meunasah Blang"
"11","Aceh","11.07","Kabupaten Pidie","11.07.18","Simpang Tiga","11.07.18.2032","Pulo Gajah Mate"
"11","Aceh","11.07","Kabupaten Pidie","11.07.18","Simpang Tiga","11.07.18.2033","Seuk Ceukok"
"11","Aceh","11.07","Kabupaten Pidie","11.07.18","Simpang Tiga","11.07.18.2034","Pulo Tu"
"11","Aceh","11.07","Kabupaten Pidie","11.07.18","Simpang Tiga","11.07.18.2035","Meunasah Jurong"
"11","Aceh","11.07","Kabupaten Pidie","11.07.18","Simpang Tiga","11.07.18.2036","Kampong Blang"
"11","Aceh","11.07","Kabupaten Pidie","11.07.18","Simpang Tiga","11.07.18.2037","Padang"
"11","Aceh","11.07","Kabupaten Pidie","11.07.18","Simpang Tiga","11.07.18.2038","Cot Ara"
"11","Aceh","11.07","Kabupaten Pidie","11.07.18","Simpang Tiga","11.07.18.2039","Dayah Blang Cut"
"11","Aceh","11.07","Kabupaten Pidie","11.07.18","Simpang Tiga","11.07.18.2040","Teungoh Mangki"
"11","Aceh","11.07","Kabupaten Pidie","11.07.18","Simpang Tiga","11.07.18.2041","Dayah Blang"
"11","Aceh","11.07","Kabupaten Pidie","11.07.18","Simpang Tiga","11.07.18.2042","Madika"
"11","Aceh","11.07","Kabupaten Pidie","11.07.18","Simpang Tiga","11.07.18.2043","Sagoe"
"11","Aceh","11.07","Kabupaten Pidie","11.07.18","Simpang Tiga","11.07.18.2044","Ceureucok Sagoe"
"11","Aceh","11.07","Kabupaten Pidie","11.07.18","Simpang Tiga","11.07.18.2045","Bunien"
"11","Aceh","11.07","Kabupaten Pidie","11.07.18","Simpang Tiga","11.07.18.2046","Paloh Tok Due"
"11","Aceh","11.07","Kabupaten Pidie","11.07.18","Simpang Tiga","11.07.18.2047","Mesjid Tungoe"
"11","Aceh","11.07","Kabupaten Pidie","11.07.18","Simpang Tiga","11.07.18.2048","Blang Leuen"
"11","Aceh","11.07","Kabupaten Pidie","11.07.18","Simpang Tiga","11.07.18.2049","Ujong Gampong"
"11","Aceh","11.07","Kabupaten Pidie","11.07.18","Simpang Tiga","11.07.18.2050","Cot Jaja"
"11","Aceh","11.07","Kabupaten Pidie","11.07.18","Simpang Tiga","11.07.18.2051","Lheue"
"11","Aceh","11.07","Kabupaten Pidie","11.07.18","Simpang Tiga","11.07.18.2052","Ulee Barat"
"11","Aceh","11.07","Kabupaten Pidie","11.07.19","Tangse","11.07.19.2001","Keude Tangse"
"11","Aceh","11.07","Kabupaten Pidie","11.07.19","Tangse","11.07.19.2002","Pulo Mesjid I"
"11","Aceh","11.07","Kabupaten Pidie","11.07.19","Tangse","11.07.19.2003","Pulo Mesjid II"
"11","Aceh","11.07","Kabupaten Pidie","11.07.19","Tangse","11.07.19.2004","Pulo Sejahtera"
"11","Aceh","11.07","Kabupaten Pidie","11.07.19","Tangse","11.07.19.2005","Pulo Kawa"
"11","Aceh","11.07","Kabupaten Pidie","11.07.19","Tangse","11.07.19.2006","Pulo Seunong"
"11","Aceh","11.07","Kabupaten Pidie","11.07.19","Tangse","11.07.19.2007","Nubok Badeuk"
"11","Aceh","11.07","Kabupaten Pidie","11.07.19","Tangse","11.07.19.2008","Blang Jeurat"
"11","Aceh","11.07","Kabupaten Pidie","11.07.19","Tangse","11.07.19.2009","Pulo Baro"
"11","Aceh","11.07","Kabupaten Pidie","11.07.19","Tangse","11.07.19.2010","Layan"
"11","Aceh","11.07","Kabupaten Pidie","11.07.19","Tangse","11.07.19.2011","Blang Dalam"
"11","Aceh","11.07","Kabupaten Pidie","11.07.19","Tangse","11.07.19.2012","Peunalom I"
"11","Aceh","11.07","Kabupaten Pidie","11.07.19","Tangse","11.07.19.2013","Peunalom II"
"11","Aceh","11.07","Kabupaten Pidie","11.07.19","Tangse","11.07.19.2014","Krueng Meuriam"
"11","Aceh","11.07","Kabupaten Pidie","11.07.19","Tangse","11.07.19.2015","Blang Teungoh"
"11","Aceh","11.07","Kabupaten Pidie","11.07.19","Tangse","11.07.19.2016","Blang Dhot"
"11","Aceh","11.07","Kabupaten Pidie","11.07.19","Tangse","11.07.19.2017","Blang Bungong"
"11","Aceh","11.07","Kabupaten Pidie","11.07.19","Tangse","11.07.19.2018","Ulee Gunong"
"11","Aceh","11.07","Kabupaten Pidie","11.07.19","Tangse","11.07.19.2019","Keubon Nilam"
"11","Aceh","11.07","Kabupaten Pidie","11.07.19","Tangse","11.07.19.2020","Paya Guci"
"11","Aceh","11.07","Kabupaten Pidie","11.07.19","Tangse","11.07.19.2021","Ranto Panyang"
"11","Aceh","11.07","Kabupaten Pidie","11.07.19","Tangse","11.07.19.2022","Blang Malo"
"11","Aceh","11.07","Kabupaten Pidie","11.07.19","Tangse","11.07.19.2023","Krueng Seukeuek"
"11","Aceh","11.07","Kabupaten Pidie","11.07.19","Tangse","11.07.19.2024","Beungga"
"11","Aceh","11.07","Kabupaten Pidie","11.07.19","Tangse","11.07.19.2025","Alue Calong"
"11","Aceh","11.07","Kabupaten Pidie","11.07.19","Tangse","11.07.19.2026","Pulo Ie"
"11","Aceh","11.07","Kabupaten Pidie","11.07.19","Tangse","11.07.19.2027","Lhok Keutapang"
"11","Aceh","11.07","Kabupaten Pidie","11.07.19","Tangse","11.07.19.2028","Blang Pandak"
"11","Aceh","11.07","Kabupaten Pidie","11.07.21","Tiro/Truseb","11.07.21.2001","Rabo"
"11","Aceh","11.07","Kabupaten Pidie","11.07.21","Tiro/Truseb","11.07.21.2002","Pulo Siblah"
"11","Aceh","11.07","Kabupaten Pidie","11.07.21","Tiro/Truseb","11.07.21.2003","Lhok Igeuh"
"11","Aceh","11.07","Kabupaten Pidie","11.07.21","Tiro/Truseb","11.07.21.2004","Pulo Glumpang"
"11","Aceh","11.07","Kabupaten Pidie","11.07.21","Tiro/Truseb","11.07.21.2005","Meunasah Mancang"
"11","Aceh","11.07","Kabupaten Pidie","11.07.21","Tiro/Truseb","11.07.21.2006","Pulo Tambo"
"11","Aceh","11.07","Kabupaten Pidie","11.07.21","Tiro/Truseb","11.07.21.2007","Pulo Keunari"
"11","Aceh","11.07","Kabupaten Pidie","11.07.21","Tiro/Truseb","11.07.21.2008","Peunadok"
"11","Aceh","11.07","Kabupaten Pidie","11.07.21","Tiro/Truseb","11.07.21.2009","Pulo Mesjid"
"11","Aceh","11.07","Kabupaten Pidie","11.07.21","Tiro/Truseb","11.07.21.2010","Meunasah Panah"
"11","Aceh","11.07","Kabupaten Pidie","11.07.21","Tiro/Truseb","11.07.21.2011","Trieng Cudo Baroh"
"11","Aceh","11.07","Kabupaten Pidie","11.07.21","Tiro/Truseb","11.07.21.2012","Trieng Cudo Tunong"
"11","Aceh","11.07","Kabupaten Pidie","11.07.21","Tiro/Truseb","11.07.21.2013","Mampree"
"11","Aceh","11.07","Kabupaten Pidie","11.07.21","Tiro/Truseb","11.07.21.2014","Daya Baroh"
"11","Aceh","11.07","Kabupaten Pidie","11.07.21","Tiro/Truseb","11.07.21.2015","Daya Teungoh"
"11","Aceh","11.07","Kabupaten Pidie","11.07.21","Tiro/Truseb","11.07.21.2016","Daya Kampong Baro"
"11","Aceh","11.07","Kabupaten Pidie","11.07.21","Tiro/Truseb","11.07.21.2017","Daya Cot"
"11","Aceh","11.07","Kabupaten Pidie","11.07.21","Tiro/Truseb","11.07.21.2018","Blang Rikui"
"11","Aceh","11.07","Kabupaten Pidie","11.07.21","Tiro/Truseb","11.07.21.2019","Panton Beunot"
"11","Aceh","11.07","Kabupaten Pidie","11.07.22","Keumala","11.07.22.2001","U Gadeng"
"11","Aceh","11.07","Kabupaten Pidie","11.07.22","Keumala","11.07.22.2002","Kumbang"
"11","Aceh","11.07","Kabupaten Pidie","11.07.22","Keumala","11.07.22.2003","Sagoe"
"11","Aceh","11.07","Kabupaten Pidie","11.07.22","Keumala","11.07.22.2004","Dayah Keumala"
"11","Aceh","11.07","Kabupaten Pidie","11.07.22","Keumala","11.07.22.2005","Jijiem"
"11","Aceh","11.07","Kabupaten Pidie","11.07.22","Keumala","11.07.22.2006","Rheng"
"11","Aceh","11.07","Kabupaten Pidie","11.07.22","Keumala","11.07.22.2007","Cot Nuran"
"11","Aceh","11.07","Kabupaten Pidie","11.07.22","Keumala","11.07.22.2008","Pulo Pante"
"11","Aceh","11.07","Kabupaten Pidie","11.07.22","Keumala","11.07.22.2009","Paloh Teungoh"
"11","Aceh","11.07","Kabupaten Pidie","11.07.22","Keumala","11.07.22.2010","Asan Nicah"
"11","Aceh","11.07","Kabupaten Pidie","11.07.22","Keumala","11.07.22.2011","Papeun Nicah"
"11","Aceh","11.07","Kabupaten Pidie","11.07.22","Keumala","11.07.22.2012","Pulo Seupeng"
"11","Aceh","11.07","Kabupaten Pidie","11.07.22","Keumala","11.07.22.2013","Mesjid Nicah"
"11","Aceh","11.07","Kabupaten Pidie","11.07.22","Keumala","11.07.22.2014","Tunong"
"11","Aceh","11.07","Kabupaten Pidie","11.07.22","Keumala","11.07.22.2015","Pako"
"11","Aceh","11.07","Kabupaten Pidie","11.07.22","Keumala","11.07.22.2016","Pulo Baro"
"11","Aceh","11.07","Kabupaten Pidie","11.07.22","Keumala","11.07.22.2017","Cot Kreh"
"11","Aceh","11.07","Kabupaten Pidie","11.07.22","Keumala","11.07.22.2031","Pulo Cahi"
"11","Aceh","11.07","Kabupaten Pidie","11.07.24","Mutiara Timur","11.07.24.2001","Baroh Ujong Rimba"
"11","Aceh","11.07","Kabupaten Pidie","11.07.24","Mutiara Timur","11.07.24.2002","Jojo"
"11","Aceh","11.07","Kabupaten Pidie","11.07.24","Mutiara Timur","11.07.24.2003","Gampong Cot Usi"
"11","Aceh","11.07","Kabupaten Pidie","11.07.24","Mutiara Timur","11.07.24.2004","Dayah Usi"
"11","Aceh","11.07","Kabupaten Pidie","11.07.24","Mutiara Timur","11.07.24.2005","Paloh lhok Usi"
"11","Aceh","11.07","Kabupaten Pidie","11.07.24","Mutiara Timur","11.07.24.2006","Campli Usi"
"11","Aceh","11.07","Kabupaten Pidie","11.07.24","Mutiara Timur","11.07.24.2007","Mee Tanjong Usi"
"11","Aceh","11.07","Kabupaten Pidie","11.07.24","Mutiara Timur","11.07.24.2008","Mesjid Usi"
"11","Aceh","11.07","Kabupaten Pidie","11.07.24","Mutiara Timur","11.07.24.2009","Paloh Raya"
"11","Aceh","11.07","Kabupaten Pidie","11.07.24","Mutiara Timur","11.07.24.2010","Nibong"
"11","Aceh","11.07","Kabupaten Pidie","11.07.24","Mutiara Timur","11.07.24.2011","Baro Ujong Rimba"
"11","Aceh","11.07","Kabupaten Pidie","11.07.24","Mutiara Timur","11.07.24.2012","Rinti"
"11","Aceh","11.07","Kabupaten Pidie","11.07.24","Mutiara Timur","11.07.24.2013","Didoh"
"11","Aceh","11.07","Kabupaten Pidie","11.07.24","Mutiara Timur","11.07.24.2014","Meugit"
"11","Aceh","11.07","Kabupaten Pidie","11.07.24","Mutiara Timur","11.07.24.2015","Empeh"
"11","Aceh","11.07","Kabupaten Pidie","11.07.24","Mutiara Timur","11.07.24.2016","Blang Riek"
"11","Aceh","11.07","Kabupaten Pidie","11.07.24","Mutiara Timur","11.07.24.2017","Balee Ujong Rimba"
"11","Aceh","11.07","Kabupaten Pidie","11.07.24","Mutiara Timur","11.07.24.2018","Mon Ara"
"11","Aceh","11.07","Kabupaten Pidie","11.07.24","Mutiara Timur","11.07.24.2019","Kulam Ara"
"11","Aceh","11.07","Kabupaten Pidie","11.07.24","Mutiara Timur","11.07.24.2020","Blangong Basah"
"11","Aceh","11.07","Kabupaten Pidie","11.07.24","Mutiara Timur","11.07.24.2021","Rambong"
"11","Aceh","11.07","Kabupaten Pidie","11.07.24","Mutiara Timur","11.07.24.2022","Gampong Lada"
"11","Aceh","11.07","Kabupaten Pidie","11.07.24","Mutiara Timur","11.07.24.2023","Dayah Kumba"
"11","Aceh","11.07","Kabupaten Pidie","11.07.24","Mutiara Timur","11.07.24.2024","Cot Kuthang"
"11","Aceh","11.07","Kabupaten Pidie","11.07.24","Mutiara Timur","11.07.24.2025","Dayah Tanoh"
"11","Aceh","11.07","Kabupaten Pidie","11.07.24","Mutiara Timur","11.07.24.2026","Ulee Tutue"
"11","Aceh","11.07","Kabupaten Pidie","11.07.24","Mutiara Timur","11.07.24.2027","Beureueh II"
"11","Aceh","11.07","Kabupaten Pidie","11.07.24","Mutiara Timur","11.07.24.2028","Mesjid Jeurat Manyang"
"11","Aceh","11.07","Kabupaten Pidie","11.07.24","Mutiara Timur","11.07.24.2029","Paloh Tinggi"
"11","Aceh","11.07","Kabupaten Pidie","11.07.24","Mutiara Timur","11.07.24.2030","Karieng"
"11","Aceh","11.07","Kabupaten Pidie","11.07.24","Mutiara Timur","11.07.24.2031","Sagoe Teumpeun"
"11","Aceh","11.07","Kabupaten Pidie","11.07.24","Mutiara Timur","11.07.24.2032","Tong Peria"
"11","Aceh","11.07","Kabupaten Pidie","11.07.24","Mutiara Timur","11.07.24.2033","Tong Weng"
"11","Aceh","11.07","Kabupaten Pidie","11.07.24","Mutiara Timur","11.07.24.2034","Pulo Drien"
"11","Aceh","11.07","Kabupaten Pidie","11.07.24","Mutiara Timur","11.07.24.2035","Mesjid Gumpueng"
"11","Aceh","11.07","Kabupaten Pidie","11.07.24","Mutiara Timur","11.07.24.2036","Ulee Gampong"
"11","Aceh","11.07","Kabupaten Pidie","11.07.24","Mutiara Timur","11.07.24.2037","Barieh"
"11","Aceh","11.07","Kabupaten Pidie","11.07.24","Mutiara Timur","11.07.24.2038","Jumphoih Adan"
"11","Aceh","11.07","Kabupaten Pidie","11.07.24","Mutiara Timur","11.07.24.2039","Mee Adan"
"11","Aceh","11.07","Kabupaten Pidie","11.07.24","Mutiara Timur","11.07.24.2040","Dayah Adan"
"11","Aceh","11.07","Kabupaten Pidie","11.07.24","Mutiara Timur","11.07.24.2041","Alue Adan"
"11","Aceh","11.07","Kabupaten Pidie","11.07.24","Mutiara Timur","11.07.24.2042","Rambot Adan"
"11","Aceh","11.07","Kabupaten Pidie","11.07.24","Mutiara Timur","11.07.24.2043","Meucat Adan"
"11","Aceh","11.07","Kabupaten Pidie","11.07.24","Mutiara Timur","11.07.24.2044","Tiba Mesjid"
"11","Aceh","11.07","Kabupaten Pidie","11.07.24","Mutiara Timur","11.07.24.2045","Tiba Raya"
"11","Aceh","11.07","Kabupaten Pidie","11.07.24","Mutiara Timur","11.07.24.2046","Reubat"
"11","Aceh","11.07","Kabupaten Pidie","11.07.24","Mutiara Timur","11.07.24.2047","Simbe"
"11","Aceh","11.07","Kabupaten Pidie","11.07.24","Mutiara Timur","11.07.24.2048","Jiem"
"11","Aceh","11.07","Kabupaten Pidie","11.07.25","Grong-grong","11.07.25.2001","Gintong"
"11","Aceh","11.07","Kabupaten Pidie","11.07.25","Grong-grong","11.07.25.2002","Mesjid Beureuleung"
"11","Aceh","11.07","Kabupaten Pidie","11.07.25","Grong-grong","11.07.25.2003","Beureuleung"
"11","Aceh","11.07","Kabupaten Pidie","11.07.25","Grong-grong","11.07.25.2004","Baroh"
"11","Aceh","11.07","Kabupaten Pidie","11.07.25","Grong-grong","11.07.25.2005","Mee"
"11","Aceh","11.07","Kabupaten Pidie","11.07.25","Grong-grong","11.07.25.2006","Paya"
"11","Aceh","11.07","Kabupaten Pidie","11.07.25","Grong-grong","11.07.25.2007","Teungoh"
"11","Aceh","11.07","Kabupaten Pidie","11.07.25","Grong-grong","11.07.25.2008","Pangge Pilok"
"11","Aceh","11.07","Kabupaten Pidie","11.07.25","Grong-grong","11.07.25.2009","Karieng"
"11","Aceh","11.07","Kabupaten Pidie","11.07.25","Grong-grong","11.07.25.2010","Grong-Grong"
"11","Aceh","11.07","Kabupaten Pidie","11.07.25","Grong-grong","11.07.25.2011","Nicah"
"11","Aceh","11.07","Kabupaten Pidie","11.07.25","Grong-grong","11.07.25.2012","Mesjid Memeuaneuk"
"11","Aceh","11.07","Kabupaten Pidie","11.07.25","Grong-grong","11.07.25.2013","Daka"
"11","Aceh","11.07","Kabupaten Pidie","11.07.25","Grong-grong","11.07.25.2014","Sentosa"
"11","Aceh","11.07","Kabupaten Pidie","11.07.25","Grong-grong","11.07.25.2015","Sukon"
"11","Aceh","11.07","Kabupaten Pidie","11.07.27","Mane","11.07.27.2001","Lutueng"
"11","Aceh","11.07","Kabupaten Pidie","11.07.27","Mane","11.07.27.2002","Blang Dalam"
"11","Aceh","11.07","Kabupaten Pidie","11.07.27","Mane","11.07.27.2003","Mane"
"11","Aceh","11.07","Kabupaten Pidie","11.07.27","Mane","11.07.27.2004","Turue Cut"
"11","Aceh","11.07","Kabupaten Pidie","11.07.29","Glumpang Baro","11.07.29.2001","U. Bungkok"
"11","Aceh","11.07","Kabupaten Pidie","11.07.29","Glumpang Baro","11.07.29.2002","Mee Teumpeun"
"11","Aceh","11.07","Kabupaten Pidie","11.07.29","Glumpang Baro","11.07.29.2003","Kumbang Unoe"
"11","Aceh","11.07","Kabupaten Pidie","11.07.29","Glumpang Baro","11.07.29.2004","Sagoe"
"11","Aceh","11.07","Kabupaten Pidie","11.07.29","Glumpang Baro","11.07.29.2005","Geunteng"
"11","Aceh","11.07","Kabupaten Pidie","11.07.29","Glumpang Baro","11.07.29.2006","Jurong Baro"
"11","Aceh","11.07","Kabupaten Pidie","11.07.29","Glumpang Baro","11.07.29.2007","Sukon Paku"
"11","Aceh","11.07","Kabupaten Pidie","11.07.29","Glumpang Baro","11.07.29.2008","Pulo Iboih"
"11","Aceh","11.07","Kabupaten Pidie","11.07.29","Glumpang Baro","11.07.29.2009","Sangget"
"11","Aceh","11.07","Kabupaten Pidie","11.07.29","Glumpang Baro","11.07.29.2010","Blang Baroh"
"11","Aceh","11.07","Kabupaten Pidie","11.07.29","Glumpang Baro","11.07.29.2011","Manyang"
"11","Aceh","11.07","Kabupaten Pidie","11.07.29","Glumpang Baro","11.07.29.2012","Pulo Panjoe"
"11","Aceh","11.07","Kabupaten Pidie","11.07.29","Glumpang Baro","11.07.29.2013","Balee Gantung"
"11","Aceh","11.07","Kabupaten Pidie","11.07.29","Glumpang Baro","11.07.29.2014","Daboih"
"11","Aceh","11.07","Kabupaten Pidie","11.07.29","Glumpang Baro","11.07.29.2015","Seureukui Cebrek"
"11","Aceh","11.07","Kabupaten Pidie","11.07.29","Glumpang Baro","11.07.29.2016","Glumpang Bungkok"
"11","Aceh","11.07","Kabupaten Pidie","11.07.29","Glumpang Baro","11.07.29.2017","Ukee"
"11","Aceh","11.07","Kabupaten Pidie","11.07.29","Glumpang Baro","11.07.29.2018","Kumbang Trueng Campli"
"11","Aceh","11.07","Kabupaten Pidie","11.07.29","Glumpang Baro","11.07.29.2019","Palong"
"11","Aceh","11.07","Kabupaten Pidie","11.07.29","Glumpang Baro","11.07.29.2020","Seukee"
"11","Aceh","11.07","Kabupaten Pidie","11.07.29","Glumpang Baro","11.07.29.2021","Bungong"
"11","Aceh","11.07","Kabupaten Pidie","11.07.31","Titeue","11.07.31.2001","Lingkok"
"11","Aceh","11.07","Kabupaten Pidie","11.07.31","Titeue","11.07.31.2002","Pante Kulu"
"11","Aceh","11.07","Kabupaten Pidie","11.07.31","Titeue","11.07.31.2003","Uke"
"11","Aceh","11.07","Kabupaten Pidie","11.07.31","Titeue","11.07.31.2004","Pante Siren"
"11","Aceh","11.07","Kabupaten Pidie","11.07.31","Titeue","11.07.31.2005","Pulo Raya"
"11","Aceh","11.07","Kabupaten Pidie","11.07.31","Titeue","11.07.31.2006","Cut"
"11","Aceh","11.07","Kabupaten Pidie","11.07.31","Titeue","11.07.31.2007","Dayah Meunara"
"11","Aceh","11.07","Kabupaten Pidie","11.07.31","Titeue","11.07.31.2008","Paloh Naleueng"
"11","Aceh","11.07","Kabupaten Pidie","11.07.31","Titeue","11.07.31.2009","Pulo Lhoih"
"11","Aceh","11.07","Kabupaten Pidie","11.07.31","Titeue","11.07.31.2010","Mesjid Tongpudeng"
"11","Aceh","11.07","Kabupaten Pidie","11.07.31","Titeue","11.07.31.2011","Blang Tho"
"11","Aceh","11.07","Kabupaten Pidie","11.07.31","Titeue","11.07.31.2012","Asan Tongpudeng"
"11","Aceh","11.07","Kabupaten Pidie","11.07.31","Titeue","11.07.31.2013","Alue"
"11","Aceh","11.08","Kabupaten Aceh Utara","11.08.01","Baktiya","11.08.01.2001","Keude Alue Ie Puteh"
"11","Aceh","11.08","Kabupaten Aceh Utara","11.08.01","Baktiya","11.08.01.2002","Meunasah Alue Ie Puteh"
"11","Aceh","11.08","Kabupaten Aceh Utara","11.08.01","Baktiya","11.08.01.2003","Pucok Alue"
"11","Aceh","11.08","Kabupaten Aceh Utara","11.08.01","Baktiya","11.08.01.2004","Alue Anoe Timu"
"11","Aceh","11.08","Kabupaten Aceh Utara","11.08.01","Baktiya","11.08.01.2005","Alue Anoe Barat"
"11","Aceh","11.08","Kabupaten Aceh Utara","11.08.01","Baktiya","11.08.01.2006","Pulo Seukee"
"11","Aceh","11.08","Kabupaten Aceh Utara","11.08.01","Baktiya","11.08.01.2007","Alue Serdang"
"11","Aceh","11.08","Kabupaten Aceh Utara","11.08.01","Baktiya","11.08.01.2008","Cot Mane"
"11","Aceh","11.08","Kabupaten Aceh Utara","11.08.01","Baktiya","11.08.01.2009","Cot Kumbang"
"11","Aceh","11.08","Kabupaten Aceh Utara","11.08.01","Baktiya","11.08.01.2010","Matang Kumbang"
"11","Aceh","11.08","Kabupaten Aceh Utara","11.08.01","Baktiya","11.08.01.2011","Matang Kareung"
"11","Aceh","11.08","Kabupaten Aceh Utara","11.08.01","Baktiya","11.08.01.2012","Cot Ulaya"
"11","Aceh","11.08","Kabupaten Aceh Utara","11.08.01","Baktiya","11.08.01.2013","Alue Geudong"
"11","Aceh","11.08","Kabupaten Aceh Utara","11.08.01","Baktiya","11.08.01.2014","Tanjong Glumpang"
"11","Aceh","11.08","Kabupaten Aceh Utara","11.08.01","Baktiya","11.08.01.2015","Matang Raya Timu"
"11","Aceh","11.08","Kabupaten Aceh Utara","11.08.01","Baktiya","11.08.01.2016","Matang Raya Barat"
"11","Aceh","11.08","Kabupaten Aceh Utara","11.08.01","Baktiya","11.08.01.2017","Matang Kelayu"
"11","Aceh","11.08","Kabupaten Aceh Utara","11.08.01","Baktiya","11.08.01.2018","Alue Buya"
"11","Aceh","11.08","Kabupaten Aceh Utara","11.08.01","Baktiya","11.08.01.2019","Matang Cut"
"11","Aceh","11.08","Kabupaten Aceh Utara","11.08.01","Baktiya","11.08.01.2020","Keude Panteu Breuh"
"11","Aceh","11.08","Kabupaten Aceh Utara","11.08.01","Baktiya","11.08.01.2021","Meudang Ara"
"11","Aceh","11.08","Kabupaten Aceh Utara","11.08.01","Baktiya","11.08.01.2022","Meunasah Bujok"
"11","Aceh","11.08","Kabupaten Aceh Utara","11.08.01","Baktiya","11.08.01.2023","Alue Dama"
"11","Aceh","11.08","Kabupaten Aceh Utara","11.08.01","Baktiya","11.08.01.2024","Cot Ara"
"11","Aceh","11.08","Kabupaten Aceh Utara","11.08.01","Baktiya","11.08.01.2025","Rambong Dalam"
"11","Aceh","11.08","Kabupaten Aceh Utara","11.08.01","Baktiya","11.08.01.2026","Meunasah Geudong"
"11","Aceh","11.08","Kabupaten Aceh Utara","11.08.01","Baktiya","11.08.01.2027","Alue Keutapang"
"11","Aceh","11.08","Kabupaten Aceh Utara","11.08.01","Baktiya","11.08.01.2028","Krueng Lingka Barat"
"11","Aceh","11.08","Kabupaten Aceh Utara","11.08.01","Baktiya","11.08.01.2029","Krueng Lingka Timu"
"11","Aceh","11.08","Kabupaten Aceh Utara","11.08.01","Baktiya","11.08.01.2030","Alue Jamok"
"11","Aceh","11.08","Kabupaten Aceh Utara","11.08.01","Baktiya","11.08.01.2031","Alue Bili Geulumpang"
"11","Aceh","11.08","Kabupaten Aceh Utara","11.08.01","Baktiya","11.08.01.2032","Lhok Seutuy"
"11","Aceh","11.08","Kabupaten Aceh Utara","11.08.01","Baktiya","11.08.01.2033","Alue Bili Rayeuk"
"11","Aceh","11.08","Kabupaten Aceh Utara","11.08.01","Baktiya","11.08.01.2034","Keude Menjee IV"
"11","Aceh","11.08","Kabupaten Aceh Utara","11.08.01","Baktiya","11.08.01.2035","Glumpang Bungkok"
"11","Aceh","11.08","Kabupaten Aceh Utara","11.08.01","Baktiya","11.08.01.2036","Matang Rawa"
"11","Aceh","11.08","Kabupaten Aceh Utara","11.08.01","Baktiya","11.08.01.2037","Glumpang Samlakoe"
"11","Aceh","11.08","Kabupaten Aceh Utara","11.08.01","Baktiya","11.08.01.2038","Arongan Lise"
"11","Aceh","11.08","Kabupaten Aceh Utara","11.08.01","Baktiya","11.08.01.2039","Matang Reudeup"
"11","Aceh","11.08","Kabupaten Aceh Utara","11.08.01","Baktiya","11.08.01.2040","Matang Manyam"
"11","Aceh","11.08","Kabupaten Aceh Utara","11.08.01","Baktiya","11.08.01.2041","Matang Ulim"
"11","Aceh","11.08","Kabupaten Aceh Utara","11.08.01","Baktiya","11.08.01.2042","Matang Beuringen"
"11","Aceh","11.08","Kabupaten Aceh Utara","11.08.01","Baktiya","11.08.01.2043","Cot Manyang"
"11","Aceh","11.08","Kabupaten Aceh Utara","11.08.01","Baktiya","11.08.01.2044","Alue Ie Tarek"
"11","Aceh","11.08","Kabupaten Aceh Utara","11.08.01","Baktiya","11.08.01.2045","Alue Rambong"
"11","Aceh","11.08","Kabupaten Aceh Utara","11.08.01","Baktiya","11.08.01.2046","Matang Linya"
"11","Aceh","11.08","Kabupaten Aceh Utara","11.08.01","Baktiya","11.08.01.2047","Matang Lawang"
"11","Aceh","11.08","Kabupaten Aceh Utara","11.08.01","Baktiya","11.08.01.2048","Glumpang payong"
"11","Aceh","11.08","Kabupaten Aceh Utara","11.08.01","Baktiya","11.08.01.2049","Mon Sukon"
"11","Aceh","11.08","Kabupaten Aceh Utara","11.08.01","Baktiya","11.08.01.2050","Lueng Bata"
"11","Aceh","11.08","Kabupaten Aceh Utara","11.08.01","Baktiya","11.08.01.2051","Ceumpeudak"
"11","Aceh","11.08","Kabupaten Aceh Utara","11.08.01","Baktiya","11.08.01.2052","Buket Dara Baro"
"11","Aceh","11.08","Kabupaten Aceh Utara","11.08.01","Baktiya","11.08.01.2053","Matang Pineung"
"11","Aceh","11.08","Kabupaten Aceh Utara","11.08.01","Baktiya","11.08.01.2054","Matang Baro"
"11","Aceh","11.08","Kabupaten Aceh Utara","11.08.01","Baktiya","11.08.01.2055","Ujong Dama"
"11","Aceh","11.08","Kabupaten Aceh Utara","11.08.01","Baktiya","11.08.01.2056","Babussalam"
"11","Aceh","11.08","Kabupaten Aceh Utara","11.08.01","Baktiya","11.08.01.2057","Cinta Makmur"
"11","Aceh","11.08","Kabupaten Aceh Utara","11.08.02","Dewantara","11.08.02.2001","Keude Krueng Geukueh"
"11","Aceh","11.08","Kabupaten Aceh Utara","11.08.02","Dewantara","11.08.02.2002","Tambon Baroh"
"11","Aceh","11.08","Kabupaten Aceh Utara","11.08.02","Dewantara","11.08.02.2003","Tambon Tunong"
"11","Aceh","11.08","Kabupaten Aceh Utara","11.08.02","Dewantara","11.08.02.2004","Paloh Gadeng"
"11","Aceh","11.08","Kabupaten Aceh Utara","11.08.02","Dewantara","11.08.02.2005","Paloh Lada"
"11","Aceh","11.08","Kabupaten Aceh Utara","11.08.02","Dewantara","11.08.02.2006","Uteun Geulinggang"
"11","Aceh","11.08","Kabupaten Aceh Utara","11.08.02","Dewantara","11.08.02.2007","Pulo Rungkom"
"11","Aceh","11.08","Kabupaten Aceh Utara","11.08.02","Dewantara","11.08.02.2008","Paloh Igeuh"
"11","Aceh","11.08","Kabupaten Aceh Utara","11.08.02","Dewantara","11.08.02.2009","Bangka Jaya"
"11","Aceh","11.08","Kabupaten Aceh Utara","11.08.02","Dewantara","11.08.02.2010","Ulee Pulo"
"11","Aceh","11.08","Kabupaten Aceh Utara","11.08.02","Dewantara","11.08.02.2011","Ulee Reuleung"
"11","Aceh","11.08","Kabupaten Aceh Utara","11.08.02","Dewantara","11.08.02.2012","Geulumpang Sulu Timu"
"11","Aceh","11.08","Kabupaten Aceh Utara","11.08.02","Dewantara","11.08.02.2013","Geulumpang Sulu Barat"
"11","Aceh","11.08","Kabupaten Aceh Utara","11.08.02","Dewantara","11.08.02.2014","Bluka Teubai"
"11","Aceh","11.08","Kabupaten Aceh Utara","11.08.02","Dewantara","11.08.02.2015","Lancang Barat"
"11","Aceh","11.08","Kabupaten Aceh Utara","11.08.03","Kuta Makmur","11.08.03.2001","Meunasah Blang Ara"
"11","Aceh","11.08","Kabupaten Aceh Utara","11.08.03","Kuta Makmur","11.08.03.2002","Meunasah Buket"
"11","Aceh","11.08","Kabupaten Aceh Utara","11.08.03","Kuta Makmur","11.08.03.2003","Blang Talon"
"11","Aceh","11.08","Kabupaten Aceh Utara","11.08.03","Kuta Makmur","11.08.03.2004","Cot Rheu"
"11","Aceh","11.08","Kabupaten Aceh Utara","11.08.03","Kuta Makmur","11.08.03.2005","Krueng Manyang"
"11","Aceh","11.08","Kabupaten Aceh Utara","11.08.03","Kuta Makmur","11.08.03.2006","Bayu"
"11","Aceh","11.08","Kabupaten Aceh Utara","11.08.03","Kuta Makmur","11.08.03.2007","Blang Ado"
"11","Aceh","11.08","Kabupaten Aceh Utara","11.08.03","Kuta Makmur","11.08.03.2008","Dayah Meunara"
"11","Aceh","11.08","Kabupaten Aceh Utara","11.08.03","Kuta Makmur","11.08.03.2009","Meunasah Kumbang"
"11","Aceh","11.08","Kabupaten Aceh Utara","11.08.03","Kuta Makmur","11.08.03.2010","Meunye Cut Bahagia"
"11","Aceh","11.08","Kabupaten Aceh Utara","11.08.03","Kuta Makmur","11.08.03.2011","Lhok Jok"
"11","Aceh","11.08","Kabupaten Aceh Utara","11.08.03","Kuta Makmur","11.08.03.2012","Alue Rambee"
"11","Aceh","11.08","Kabupaten Aceh Utara","11.08.03","Kuta Makmur","11.08.03.2013","Blang Riek"
"11","Aceh","11.08","Kabupaten Aceh Utara","11.08.03","Kuta Makmur","11.08.03.2014","Cempeudak"
"11","Aceh","11.08","Kabupaten Aceh Utara","11.08.03","Kuta Makmur","11.08.03.2015","Seuneubok Drien"
"11","Aceh","11.08","Kabupaten Aceh Utara","11.08.03","Kuta Makmur","11.08.03.2016","Cot Merbo"
"11","Aceh","11.08","Kabupaten Aceh Utara","11.08.03","Kuta Makmur","11.08.03.2017","Keude Blang Ara"
"11","Aceh","11.08","Kabupaten Aceh Utara","11.08.03","Kuta Makmur","11.08.03.2018","Keude Krueng"
"11","Aceh","11.08","Kabupaten Aceh Utara","11.08.03","Kuta Makmur","11.08.03.2019","Krueng Seunong"
"11","Aceh","11.08","Kabupaten Aceh Utara","11.08.03","Kuta Makmur","11.08.03.2020","Pulo Iboih"
"11","Aceh","11.08","Kabupaten Aceh Utara","11.08.03","Kuta Makmur","11.08.03.2021","Blang Gurah"
"11","Aceh","11.08","Kabupaten Aceh Utara","11.08.03","Kuta Makmur","11.08.03.2022","Guha Uleu"
"11","Aceh","11.08","Kabupaten Aceh Utara","11.08.03","Kuta Makmur","11.08.03.2023","Ceumeucet"
"11","Aceh","11.08","Kabupaten Aceh Utara","11.08.03","Kuta Makmur","11.08.03.2024","Pulo Barat"
"11","Aceh","11.08","Kabupaten Aceh Utara","11.08.03","Kuta Makmur","11.08.03.2025","Pulo Rayeuk"
"11","Aceh","11.08","Kabupaten Aceh Utara","11.08.03","Kuta Makmur","11.08.03.2026","Cot Seutui"
"11","Aceh","11.08","Kabupaten Aceh Utara","11.08.03","Kuta Makmur","11.08.03.2027","Langkuta"
"11","Aceh","11.08","Kabupaten Aceh Utara","11.08.03","Kuta Makmur","11.08.03.2028","Saweuk"
"11","Aceh","11.08","Kabupaten Aceh Utara","11.08.03","Kuta Makmur","11.08.03.2029","Meuria"
"11","Aceh","11.08","Kabupaten Aceh Utara","11.08.03","Kuta Makmur","11.08.03.2030","Meunasah Kulam"
"11","Aceh","11.08","Kabupaten Aceh Utara","11.08.03","Kuta Makmur","11.08.03.2031","Cot Seumiyong"
"11","Aceh","11.08","Kabupaten Aceh Utara","11.08.03","Kuta Makmur","11.08.03.2032","Keureusek"
"11","Aceh","11.08","Kabupaten Aceh Utara","11.08.03","Kuta Makmur","11.08.03.2033","Krueng Seupeng"
"11","Aceh","11.08","Kabupaten Aceh Utara","11.08.03","Kuta Makmur","11.08.03.2034","Muling Manyang"
"11","Aceh","11.08","Kabupaten Aceh Utara","11.08.03","Kuta Makmur","11.08.03.2035","Muling Meucat"
"11","Aceh","11.08","Kabupaten Aceh Utara","11.08.03","Kuta Makmur","11.08.03.2036","Babah Lueng"
"11","Aceh","11.08","Kabupaten Aceh Utara","11.08.03","Kuta Makmur","11.08.03.2037","Panton Rayeuk I"
"11","Aceh","11.08","Kabupaten Aceh Utara","11.08.03","Kuta Makmur","11.08.03.2038","Panton Rayeuk II"
"11","Aceh","11.08","Kabupaten Aceh Utara","11.08.03","Kuta Makmur","11.08.03.2039","Sido Muliyo"
"11","Aceh","11.08","Kabupaten Aceh Utara","11.08.04","Lhoksukon","11.08.04.2001","Kuta Lhoksukon"
"11","Aceh","11.08","Kabupaten Aceh Utara","11.08.04","Lhoksukon","11.08.04.2002","Cot U Sibak"
"11","Aceh","11.08","Kabupaten Aceh Utara","11.08.04","Lhoksukon","11.08.04.2003","Bintang Hu"
"11","Aceh","11.08","Kabupaten Aceh Utara","11.08.04","Lhoksukon","11.08.04.2004","Blang Aman"
"11","Aceh","11.08","Kabupaten Aceh Utara","11.08.04","Lhoksukon","11.08.04.2005","Cot Ara"
"11","Aceh","11.08","Kabupaten Aceh Utara","11.08.04","Lhoksukon","11.08.04.2006","Blang Rubek"
"11","Aceh","11.08","Kabupaten Aceh Utara","11.08.04","Lhoksukon","11.08.04.2007","Nga Matang Ubi"
"11","Aceh","11.08","Kabupaten Aceh Utara","11.08.04","Lhoksukon","11.08.04.2008","Meunasah Reudeup"
"11","Aceh","11.08","Kabupaten Aceh Utara","11.08.04","Lhoksukon","11.08.04.2009","Alue Buket"
"11","Aceh","11.08","Kabupaten Aceh Utara","11.08.04","Lhoksukon","11.08.04.2010","Meunye Matang Ubi"
"11","Aceh","11.08","Kabupaten Aceh Utara","11.08.04","Lhoksukon","11.08.04.2011","Trieng Matang Ubi"
"11","Aceh","11.08","Kabupaten Aceh Utara","11.08.04","Lhoksukon","11.08.04.2012","Ceubrek"
"11","Aceh","11.08","Kabupaten Aceh Utara","11.08.04","Lhoksukon","11.08.04.2013","Meunasah Blang"
"11","Aceh","11.08","Kabupaten Aceh Utara","11.08.04","Lhoksukon","11.08.04.2014","Buket Seuntang"
"11","Aceh","11.08","Kabupaten Aceh Utara","11.08.04","Lhoksukon","11.08.04.2015","Meunasah Arongan AB"
"11","Aceh","11.08","Kabupaten Aceh Utara","11.08.04","Lhoksukon","11.08.04.2016","Trieng Pantang"
"11","Aceh","11.08","Kabupaten Aceh Utara","11.08.04","Lhoksukon","11.08.04.2017","Meunasah Leubok AB"
"11","Aceh","11.08","Kabupaten Aceh Utara","11.08.04","Lhoksukon","11.08.04.2018","Cot Glumpang AB"
"11","Aceh","11.08","Kabupaten Aceh Utara","11.08.04","Lhoksukon","11.08.04.2019","Abeuk Leupon"
"11","Aceh","11.08","Kabupaten Aceh Utara","11.08.04","Lhoksukon","11.08.04.2020","Ara AB"
"11","Aceh","11.08","Kabupaten Aceh Utara","11.08.04","Lhoksukon","11.08.04.2021","Mancang"
"11","Aceh","11.08","Kabupaten Aceh Utara","11.08.04","Lhoksukon","11.08.04.2022","Matang Pupanji AB"
"11","Aceh","11.08","Kabupaten Aceh Utara","11.08.04","Lhoksukon","11.08.04.2023","Meunasah Asan AB"
"11","Aceh","11.08","Kabupaten Aceh Utara","11.08.04","Lhoksukon","11.08.04.2024","Matang Teungoh AB"
"11","Aceh","11.08","Kabupaten Aceh Utara","11.08.04","Lhoksukon","11.08.04.2025","Pante"
"11","Aceh","11.08","Kabupaten Aceh Utara","11.08.04","Lhoksukon","11.08.04.2026","Rambot"
"11","Aceh","11.08","Kabupaten Aceh Utara","11.08.04","Lhoksukon","11.08.04.2027","Meunasah Alue Drien LB"
"11","Aceh","11.08","Kabupaten Aceh Utara","11.08.04","Lhoksukon","11.08.04.2028","Alue Mudem"
"11","Aceh","11.08","Kabupaten Aceh Utara","11.08.04","Lhoksukon","11.08.04.2029","Meunasah Geulinggang"
"11","Aceh","11.08","Kabupaten Aceh Utara","11.08.04","Lhoksukon","11.08.04.2030","Meunasah Asan LB"
"11","Aceh","11.08","Kabupaten Aceh Utara","11.08.04","Lhoksukon","11.08.04.2031","Beringin LB"
"11","Aceh","11.08","Kabupaten Aceh Utara","11.08.04","Lhoksukon","11.08.04.2032","Meunasah Teungoh LB"
"11","Aceh","11.08","Kabupaten Aceh Utara","11.08.04","Lhoksukon","11.08.04.2033","Meunasah Rayeuk LB"
"11","Aceh","11.08","Kabupaten Aceh Utara","11.08.04","Lhoksukon","11.08.04.2034","Meunasah Ulee Barat"
"11","Aceh","11.08","Kabupaten Aceh Utara","11.08.04","Lhoksukon","11.08.04.2035","Meunasah Ranto"
"11","Aceh","11.08","Kabupaten Aceh Utara","11.08.04","Lhoksukon","11.08.04.2036","Meunasah Tutong"
"11","Aceh","11.08","Kabupaten Aceh Utara","11.08.04","Lhoksukon","11.08.04.2037","Meunasah Nga LB"
"11","Aceh","11.08","Kabupaten Aceh Utara","11.08.04","Lhoksukon","11.08.04.2038","Keutapang"
"11","Aceh","11.08","Kabupaten Aceh Utara","11.08.04","Lhoksukon","11.08.04.2039","Matang Munjee"
"11","Aceh","11.08","Kabupaten Aceh Utara","11.08.04","Lhoksukon","11.08.04.2040","Pulo Dulang"
"11","Aceh","11.08","Kabupaten Aceh Utara","11.08.04","Lhoksukon","11.08.04.2041","Dayah LB"
"11","Aceh","11.08","Kabupaten Aceh Utara","11.08.04","Lhoksukon","11.08.04.2042","Meunasah Geumata"
"11","Aceh","11.08","Kabupaten Aceh Utara","11.08.04","Lhoksukon","11.08.04.2043","Meunasah Meureubo"
"11","Aceh","11.08","Kabupaten Aceh Utara","11.08.04","Lhoksukon","11.08.04.2044","Meunasah Dayah LT"
"11","Aceh","11.08","Kabupaten Aceh Utara","11.08.04","Lhoksukon","11.08.04.2045","Arongan LT"
"11","Aceh","11.08","Kabupaten Aceh Utara","11.08.04","Lhoksukon","11.08.04.2046","Meunasah Tuha"
"11","Aceh","11.08","Kabupaten Aceh Utara","11.08.04","Lhoksukon","11.08.04.2047","Meunasah Krueng LT"
"11","Aceh","11.08","Kabupaten Aceh Utara","11.08.04","Lhoksukon","11.08.04.2048","Babah Geudeubang"
"11","Aceh","11.08","Kabupaten Aceh Utara","11.08.04","Lhoksukon","11.08.04.2049","Grong-grong"
"11","Aceh","11.08","Kabupaten Aceh Utara","11.08.04","Lhoksukon","11.08.04.2050","Alue Itam Reudeup"
"11","Aceh","11.08","Kabupaten Aceh Utara","11.08.04","Lhoksukon","11.08.04.2051","Teupin Keubeu"
"11","Aceh","11.08","Kabupaten Aceh Utara","11.08.04","Lhoksukon","11.08.04.2052","Meunasah Nga LT"
"11","Aceh","11.08","Kabupaten Aceh Utara","11.08.04","Lhoksukon","11.08.04.2053","Meunasah Meuria"
"11","Aceh","11.08","Kabupaten Aceh Utara","11.08.04","Lhoksukon","11.08.04.2054","Kumbang LT"
"11","Aceh","11.08","Kabupaten Aceh Utara","11.08.04","Lhoksukon","11.08.04.2055","Seuneubok Dalam"
"11","Aceh","11.08","Kabupaten Aceh Utara","11.08.04","Lhoksukon","11.08.04.2056","Alue Eumpok"
"11","Aceh","11.08","Kabupaten Aceh Utara","11.08.04","Lhoksukon","11.08.04.2057","Meunasah Jok"
"11","Aceh","11.08","Kabupaten Aceh Utara","11.08.04","Lhoksukon","11.08.04.2058","Manyang"
"11","Aceh","11.08","Kabupaten Aceh Utara","11.08.04","Lhoksukon","11.08.04.2059","Lhok Kareung"
"11","Aceh","11.08","Kabupaten Aceh Utara","11.08.04","Lhoksukon","11.08.04.2060","Cot Asan"
"11","Aceh","11.08","Kabupaten Aceh Utara","11.08.04","Lhoksukon","11.08.04.2061","Alue Abee"
"11","Aceh","11.08","Kabupaten Aceh Utara","11.08.04","Lhoksukon","11.08.04.2062","Buloh LT"
"11","Aceh","11.08","Kabupaten Aceh Utara","11.08.04","Lhoksukon","11.08.04.2063","Geulumpang"
"11","Aceh","11.08","Kabupaten Aceh Utara","11.08.04","Lhoksukon","11.08.04.2064","Meunasah Teungoh LT"
"11","Aceh","11.08","Kabupaten Aceh Utara","11.08.04","Lhoksukon","11.08.04.2065","Mata U"
"11","Aceh","11.08","Kabupaten Aceh Utara","11.08.04","Lhoksukon","11.08.04.2066","Meucat"
"11","Aceh","11.08","Kabupaten Aceh Utara","11.08.04","Lhoksukon","11.08.04.2067","Buket Mee LT"
"11","Aceh","11.08","Kabupaten Aceh Utara","11.08.04","Lhoksukon","11.08.04.2068","Ulee Tanoh"
"11","Aceh","11.08","Kabupaten Aceh Utara","11.08.04","Lhoksukon","11.08.04.2069","Buket Krueng"
"11","Aceh","11.08","Kabupaten Aceh Utara","11.08.04","Lhoksukon","11.08.04.2070","Ulee Gunong"
"11","Aceh","11.08","Kabupaten Aceh Utara","11.08.04","Lhoksukon","11.08.04.2071","Lhok Seuntang"
"11","Aceh","11.08","Kabupaten Aceh Utara","11.08.04","Lhoksukon","11.08.04.2072","Alue Itam Baroh"
"11","Aceh","11.08","Kabupaten Aceh Utara","11.08.04","Lhoksukon","11.08.04.2073","Mata Ie"
"11","Aceh","11.08","Kabupaten Aceh Utara","11.08.04","Lhoksukon","11.08.04.2074","Rawa"
"11","Aceh","11.08","Kabupaten Aceh Utara","11.08.04","Lhoksukon","11.08.04.2075","Buket Hagu"
"11","Aceh","11.08","Kabupaten Aceh Utara","11.08.05","Matangkuli","11.08.05.2001","Keude Matangkuli"
"11","Aceh","11.08","Kabupaten Aceh Utara","11.08.05","Matangkuli","11.08.05.2002","Ude"
"11","Aceh","11.08","Kabupaten Aceh Utara","11.08.05","Matangkuli","11.08.05.2003","Blang Matangkuli"
"11","Aceh","11.08","Kabupaten Aceh Utara","11.08.05","Matangkuli","11.08.05.2004","Rayeuk Matangkuli"
"11","Aceh","11.08","Kabupaten Aceh Utara","11.08.05","Matangkuli","11.08.05.2005","Tumpok Perlak"
"11","Aceh","11.08","Kabupaten Aceh Utara","11.08.05","Matangkuli","11.08.05.2006","Ujong Kulam"
"11","Aceh","11.08","Kabupaten Aceh Utara","11.08.05","Matangkuli","11.08.05.2007","Tanjong Teungku Ali"
"11","Aceh","11.08","Kabupaten Aceh Utara","11.08.05","Matangkuli","11.08.05.2008","Rayeuk Glang Glong"
"11","Aceh","11.08","Kabupaten Aceh Utara","11.08.05","Matangkuli","11.08.05.2009","Punti Geulumpang VII"
"11","Aceh","11.08","Kabupaten Aceh Utara","11.08.05","Matangkuli","11.08.05.2010","Geulumpang VII"
"11","Aceh","11.08","Kabupaten Aceh Utara","11.08.05","Matangkuli","11.08.05.2011","Teungoh Glumpang VII"
"11","Aceh","11.08","Kabupaten Aceh Utara","11.08.05","Matangkuli","11.08.05.2012","Aron Geulumpang VII"
"11","Aceh","11.08","Kabupaten Aceh Utara","11.08.05","Matangkuli","11.08.05.2013","Matang Munye"
"11","Aceh","11.08","Kabupaten Aceh Utara","11.08.05","Matangkuli","11.08.05.2014","Parang Sikureung"
"11","Aceh","11.08","Kabupaten Aceh Utara","11.08.05","Matangkuli","11.08.05.2015","Baro"
"11","Aceh","11.08","Kabupaten Aceh Utara","11.08.05","Matangkuli","11.08.05.2016","Mee"
"11","Aceh","11.08","Kabupaten Aceh Utara","11.08.05","Matangkuli","11.08.05.2017","Tanjong Babah Krueng"
"11","Aceh","11.08","Kabupaten Aceh Utara","11.08.05","Matangkuli","11.08.05.2018","Punti Matangkuli"
"11","Aceh","11.08","Kabupaten Aceh Utara","11.08.05","Matangkuli","11.08.05.2019","Teupin Keubeu"
"11","Aceh","11.08","Kabupaten Aceh Utara","11.08.05","Matangkuli","11.08.05.2020","Trieng Teupin Keubeu"
"11","Aceh","11.08","Kabupaten Aceh Utara","11.08.05","Matangkuli","11.08.05.2021","Matang Mee"
"11","Aceh","11.08","Kabupaten Aceh Utara","11.08.05","Matangkuli","11.08.05.2022","Jeumpa Geulumpang VII"
"11","Aceh","11.08","Kabupaten Aceh Utara","11.08.05","Matangkuli","11.08.05.2034","Tumpok Barat"
"11","Aceh","11.08","Kabupaten Aceh Utara","11.08.05","Matangkuli","11.08.05.2035","Meuria Matangkuli"
"11","Aceh","11.08","Kabupaten Aceh Utara","11.08.05","Matangkuli","11.08.05.2036","Hagu"
"11","Aceh","11.08","Kabupaten Aceh Utara","11.08.05","Matangkuli","11.08.05.2037","Alue Tho"
"11","Aceh","11.08","Kabupaten Aceh Utara","11.08.05","Matangkuli","11.08.05.2039","Ceubrek Pirak"
"11","Aceh","11.08","Kabupaten Aceh Utara","11.08.05","Matangkuli","11.08.05.2040","Rayeuk Pirak"
"11","Aceh","11.08","Kabupaten Aceh Utara","11.08.05","Matangkuli","11.08.05.2041","Aron Pirak"
"11","Aceh","11.08","Kabupaten Aceh Utara","11.08.05","Matangkuli","11.08.05.2042","Lawang"
"11","Aceh","11.08","Kabupaten Aceh Utara","11.08.05","Matangkuli","11.08.05.2043","Tanjong Haji Muda"
"11","Aceh","11.08","Kabupaten Aceh Utara","11.08.05","Matangkuli","11.08.05.2044","Siren"
"11","Aceh","11.08","Kabupaten Aceh Utara","11.08.05","Matangkuli","11.08.05.2045","Meunye Pirak"
"11","Aceh","11.08","Kabupaten Aceh Utara","11.08.05","Matangkuli","11.08.05.2046","Beuringen Pirak"
"11","Aceh","11.08","Kabupaten Aceh Utara","11.08.05","Matangkuli","11.08.05.2047","Teungoh Pirak"
"11","Aceh","11.08","Kabupaten Aceh Utara","11.08.05","Matangkuli","11.08.05.2048","Mesjid Pirak"
"11","Aceh","11.08","Kabupaten Aceh Utara","11.08.05","Matangkuli","11.08.05.2049","Matang Peusangan"
"11","Aceh","11.08","Kabupaten Aceh Utara","11.08.05","Matangkuli","11.08.05.2050","Pante Pirak"
"11","Aceh","11.08","Kabupaten Aceh Utara","11.08.05","Matangkuli","11.08.05.2052","Leubok Pirak"
"11","Aceh","11.08","Kabupaten Aceh Utara","11.08.05","Matangkuli","11.08.05.2053","Blang Kuta"
"11","Aceh","11.08","Kabupaten Aceh Utara","11.08.05","Matangkuli","11.08.05.2054","Blang Supeng"
"11","Aceh","11.08","Kabupaten Aceh Utara","11.08.05","Matangkuli","11.08.05.2055","Beurancan Pirak"
"11","Aceh","11.08","Kabupaten Aceh Utara","11.08.05","Matangkuli","11.08.05.2066","Alue Entok"
"11","Aceh","11.08","Kabupaten Aceh Utara","11.08.05","Matangkuli","11.08.05.2067","Tanjong Teungku Kari"
"11","Aceh","11.08","Kabupaten Aceh Utara","11.08.05","Matangkuli","11.08.05.2068","Teungoh Seuleumak"
"11","Aceh","11.08","Kabupaten Aceh Utara","11.08.05","Matangkuli","11.08.05.2069","Seuriweuk"
"11","Aceh","11.08","Kabupaten Aceh Utara","11.08.05","Matangkuli","11.08.05.2070","Dayah Baro"
"11","Aceh","11.08","Kabupaten Aceh Utara","11.08.05","Matangkuli","11.08.05.2071","Kunyet Mulee"
"11","Aceh","11.08","Kabupaten Aceh Utara","11.08.05","Matangkuli","11.08.05.2072","Tutong"
"11","Aceh","11.08","Kabupaten Aceh Utara","11.08.06","Muara Batu","11.08.06.2001","Keude Mane"
"11","Aceh","11.08","Kabupaten Aceh Utara","11.08.06","Muara Batu","11.08.06.2002","Meunasah Drang"
"11","Aceh","11.08","Kabupaten Aceh Utara","11.08.06","Muara Batu","11.08.06.2003","Meunasah Baro"
"11","Aceh","11.08","Kabupaten Aceh Utara","11.08.06","Muara Batu","11.08.06.2004","Meunasah Lhok"
"11","Aceh","11.08","Kabupaten Aceh Utara","11.08.06","Muara Batu","11.08.06.2005","Cot Seurani"
"11","Aceh","11.08","Kabupaten Aceh Utara","11.08.06","Muara Batu","11.08.06.2006","Mane Tunong"
"11","Aceh","11.08","Kabupaten Aceh Utara","11.08.06","Muara Batu","11.08.06.2007","Kuala Dua"
"11","Aceh","11.08","Kabupaten Aceh Utara","11.08.06","Muara Batu","11.08.06.2008","Meunasah Pinto"
"11","Aceh","11.08","Kabupaten Aceh Utara","11.08.06","Muara Batu","11.08.06.2009","Keude Bungkaih"
"11","Aceh","11.08","Kabupaten Aceh Utara","11.08.06","Muara Batu","11.08.06.2010","Kambam"
"11","Aceh","11.08","Kabupaten Aceh Utara","11.08.06","Muara Batu","11.08.06.2011","Meunasah Aron"
"11","Aceh","11.08","Kabupaten Aceh Utara","11.08.06","Muara Batu","11.08.06.2012","Cot Trueng"
"11","Aceh","11.08","Kabupaten Aceh Utara","11.08.06","Muara Batu","11.08.06.2013","Dakuta"
"11","Aceh","11.08","Kabupaten Aceh Utara","11.08.06","Muara Batu","11.08.06.2014","Paloh Awe"
"11","Aceh","11.08","Kabupaten Aceh Utara","11.08.06","Muara Batu","11.08.06.2015","Tanoh Anoe"
"11","Aceh","11.08","Kabupaten Aceh Utara","11.08.06","Muara Batu","11.08.06.2016","Pante Gurah"
"11","Aceh","11.08","Kabupaten Aceh Utara","11.08.06","Muara Batu","11.08.06.2017","Teupin Banja"
"11","Aceh","11.08","Kabupaten Aceh Utara","11.08.06","Muara Batu","11.08.06.2018","Teumpok Beurandang"
"11","Aceh","11.08","Kabupaten Aceh Utara","11.08.06","Muara Batu","11.08.06.2019","Paloh Raya"
"11","Aceh","11.08","Kabupaten Aceh Utara","11.08.06","Muara Batu","11.08.06.2020","Panigah"
"11","Aceh","11.08","Kabupaten Aceh Utara","11.08.06","Muara Batu","11.08.06.2021","Ulee Madon"
"11","Aceh","11.08","Kabupaten Aceh Utara","11.08.06","Muara Batu","11.08.06.2022","Reuleut Timu"
"11","Aceh","11.08","Kabupaten Aceh Utara","11.08.06","Muara Batu","11.08.06.2023","Reuleut Barat"
"11","Aceh","11.08","Kabupaten Aceh Utara","11.08.06","Muara Batu","11.08.06.2024","Pinto Makmur"
"11","Aceh","11.08","Kabupaten Aceh Utara","11.08.07","Meurah Mulia","11.08.07.2001","Dayah Bluek"
"11","Aceh","11.08","Kabupaten Aceh Utara","11.08.07","Meurah Mulia","11.08.07.2002","Mesjid Bluek"
"11","Aceh","11.08","Kabupaten Aceh Utara","11.08.07","Meurah Mulia","11.08.07.2003","Meuria Bluek"
"11","Aceh","11.08","Kabupaten Aceh Utara","11.08.07","Meurah Mulia","11.08.07.2004","Rheng Bluek"
"11","Aceh","11.08","Kabupaten Aceh Utara","11.08.07","Meurah Mulia","11.08.07.2005","Pulo Bluek"
"11","Aceh","11.08","Kabupaten Aceh Utara","11.08.07","Meurah Mulia","11.08.07.2006","Rangkileh"
"11","Aceh","11.08","Kabupaten Aceh Utara","11.08.07","Meurah Mulia","11.08.07.2007","Rayeuk Matang"
"11","Aceh","11.08","Kabupaten Aceh Utara","11.08.07","Meurah Mulia","11.08.07.2008","Ulee Meuria"
"11","Aceh","11.08","Kabupaten Aceh Utara","11.08.07","Meurah Mulia","11.08.07.2009","Tanjong"
"11","Aceh","11.08","Kabupaten Aceh Utara","11.08.07","Meurah Mulia","11.08.07.2010","Keude Karieng"
"11","Aceh","11.08","Kabupaten Aceh Utara","11.08.07","Meurah Mulia","11.08.07.2011","Manyang"
"11","Aceh","11.08","Kabupaten Aceh Utara","11.08.07","Meurah Mulia","11.08.07.2012","Ulee Ceubrek"
"11","Aceh","11.08","Kabupaten Aceh Utara","11.08.07","Meurah Mulia","11.08.07.2013","Teumpok Teungku"
"11","Aceh","11.08","Kabupaten Aceh Utara","11.08.07","Meurah Mulia","11.08.07.2014","Geulumpang"
"11","Aceh","11.08","Kabupaten Aceh Utara","11.08.07","Meurah Mulia","11.08.07.2015","Reudeup"
"11","Aceh","11.08","Kabupaten Aceh Utara","11.08.07","Meurah Mulia","11.08.07.2016","Barat Paya Itek"
"11","Aceh","11.08","Kabupaten Aceh Utara","11.08.07","Meurah Mulia","11.08.07.2017","Paya Kambuk"
"11","Aceh","11.08","Kabupaten Aceh Utara","11.08.07","Meurah Mulia","11.08.07.2018","Paya Bili"
"11","Aceh","11.08","Kabupaten Aceh Utara","11.08.07","Meurah Mulia","11.08.07.2019","Meunasah Mee"
"11","Aceh","11.08","Kabupaten Aceh Utara","11.08.07","Meurah Mulia","11.08.07.2020","Meunasah Nga"
"11","Aceh","11.08","Kabupaten Aceh Utara","11.08.07","Meurah Mulia","11.08.07.2021","Ubit Paya Itek"
"11","Aceh","11.08","Kabupaten Aceh Utara","11.08.07","Meurah Mulia","11.08.07.2022","Rayeuk Paya Itek"
"11","Aceh","11.08","Kabupaten Aceh Utara","11.08.07","Meurah Mulia","11.08.07.2023","Blang Cut"
"11","Aceh","11.08","Kabupaten Aceh Utara","11.08.07","Meurah Mulia","11.08.07.2024","Keeh"
"11","Aceh","11.08","Kabupaten Aceh Utara","11.08.07","Meurah Mulia","11.08.07.2025","Kumbang"
"11","Aceh","11.08","Kabupaten Aceh Utara","11.08.07","Meurah Mulia","11.08.07.2026","Pri Keutapang"
"11","Aceh","11.08","Kabupaten Aceh Utara","11.08.07","Meurah Mulia","11.08.07.2027","Mesjid"
"11","Aceh","11.08","Kabupaten Aceh Utara","11.08.07","Meurah Mulia","11.08.07.2028","Teungoh Reuba"
"11","Aceh","11.08","Kabupaten Aceh Utara","11.08.07","Meurah Mulia","11.08.07.2029","Blang Reuma"
"11","Aceh","11.08","Kabupaten Aceh Utara","11.08.07","Meurah Mulia","11.08.07.2030","Drien Puntong"
"11","Aceh","11.08","Kabupaten Aceh Utara","11.08.07","Meurah Mulia","11.08.07.2031","Pulo Kitou"
"11","Aceh","11.08","Kabupaten Aceh Utara","11.08.07","Meurah Mulia","11.08.07.2032","Ceubrek"
"11","Aceh","11.08","Kabupaten Aceh Utara","11.08.07","Meurah Mulia","11.08.07.2033","Meunye Peut"
"11","Aceh","11.08","Kabupaten Aceh Utara","11.08.07","Meurah Mulia","11.08.07.2034","Beuringen"
"11","Aceh","11.08","Kabupaten Aceh Utara","11.08.07","Meurah Mulia","11.08.07.2035","Nibong"
"11","Aceh","11.08","Kabupaten Aceh Utara","11.08.07","Meurah Mulia","11.08.07.2036","Tualang"
"11","Aceh","11.08","Kabupaten Aceh Utara","11.08.07","Meurah Mulia","11.08.07.2037","Pulo Drien Beukah"
"11","Aceh","11.08","Kabupaten Aceh Utara","11.08.07","Meurah Mulia","11.08.07.2038","Teungoh Kuta Batee"
"11","Aceh","11.08","Kabupaten Aceh Utara","11.08.07","Meurah Mulia","11.08.07.2039","Ujung Kuta Batee"
"11","Aceh","11.08","Kabupaten Aceh Utara","11.08.07","Meurah Mulia","11.08.07.2040","Pulo Blang"
"11","Aceh","11.08","Kabupaten Aceh Utara","11.08.07","Meurah Mulia","11.08.07.2041","Leubok Tuwe"
"11","Aceh","11.08","Kabupaten Aceh Utara","11.08.07","Meurah Mulia","11.08.07.2042","Baroh Kuta Batee"
"11","Aceh","11.08","Kabupaten Aceh Utara","11.08.07","Meurah Mulia","11.08.07.2043","Gampong Teungoh"
"11","Aceh","11.08","Kabupaten Aceh Utara","11.08.07","Meurah Mulia","11.08.07.2044","Ranto"
"11","Aceh","11.08","Kabupaten Aceh Utara","11.08.07","Meurah Mulia","11.08.07.2045","Meunye Payong"
"11","Aceh","11.08","Kabupaten Aceh Utara","11.08.07","Meurah Mulia","11.08.07.2046","Ujong Reuba"
"11","Aceh","11.08","Kabupaten Aceh Utara","11.08.07","Meurah Mulia","11.08.07.2047","Paya Sutra"
"11","Aceh","11.08","Kabupaten Aceh Utara","11.08.07","Meurah Mulia","11.08.07.2048","Baree Blang"
"11","Aceh","11.08","Kabupaten Aceh Utara","11.08.07","Meurah Mulia","11.08.07.2049","Keude Jungka Gajah"
"11","Aceh","11.08","Kabupaten Aceh Utara","11.08.07","Meurah Mulia","11.08.07.2050","Saramaba"
"11","Aceh","11.08","Kabupaten Aceh Utara","11.08.08","Samudera","11.08.08.2001","Pie"
"11","Aceh","11.08","Kabupaten Aceh Utara","11.08.08","Samudera","11.08.08.2002","Asan"
"11","Aceh","11.08","Kabupaten Aceh Utara","11.08.08","Samudera","11.08.08.2003","Murong"
"11","Aceh","11.08","Kabupaten Aceh Utara","11.08.08","Samudera","11.08.08.2004","Blang Kabu"
"11","Aceh","11.08","Kabupaten Aceh Utara","11.08.08","Samudera","11.08.08.2005","Mancang"
"11","Aceh","11.08","Kabupaten Aceh Utara","11.08.08","Samudera","11.08.08.2006","Keude Geudong"
"11","Aceh","11.08","Kabupaten Aceh Utara","11.08.08","Samudera","11.08.08.2007","Blang Peuria"
"11","Aceh","11.08","Kabupaten Aceh Utara","11.08.08","Samudera","11.08.08.2008","Teupin Ara"
"11","Aceh","11.08","Kabupaten Aceh Utara","11.08.08","Samudera","11.08.08.2009","Teupin Beulangan"
"11","Aceh","11.08","Kabupaten Aceh Utara","11.08.08","Samudera","11.08.08.2010","Krueng Baro Langgahan"
"11","Aceh","11.08","Kabupaten Aceh Utara","11.08.08","Samudera","11.08.08.2011","Pusong"
"11","Aceh","11.08","Kabupaten Aceh Utara","11.08.08","Samudera","11.08.08.2012","Tanjong Kleng"
"11","Aceh","11.08","Kabupaten Aceh Utara","11.08.08","Samudera","11.08.08.2013","Gampong Baro"
"11","Aceh","11.08","Kabupaten Aceh Utara","11.08.08","Samudera","11.08.08.2014","Beuringen"
"11","Aceh","11.08","Kabupaten Aceh Utara","11.08.08","Samudera","11.08.08.2015","Kuta Krueng"
"11","Aceh","11.08","Kabupaten Aceh Utara","11.08.08","Samudera","11.08.08.2016","Kuta Glumpang"
"11","Aceh","11.08","Kabupaten Aceh Utara","11.08.08","Samudera","11.08.08.2017","Meucat"
"11","Aceh","11.08","Kabupaten Aceh Utara","11.08.08","Samudera","11.08.08.2018","Krueng Baro Blang Mee"
"11","Aceh","11.08","Kabupaten Aceh Utara","11.08.08","Samudera","11.08.08.2019","Ujong"
"11","Aceh","11.08","Kabupaten Aceh Utara","11.08.08","Samudera","11.08.08.2020","Mesjid"
"11","Aceh","11.08","Kabupaten Aceh Utara","11.08.08","Samudera","11.08.08.2021","Teungoh"
"11","Aceh","11.08","Kabupaten Aceh Utara","11.08.08","Samudera","11.08.08.2022","Keude Blang Mee Pulo Klat"
"11","Aceh","11.08","Kabupaten Aceh Utara","11.08.08","Samudera","11.08.08.2023","Puuk"
"11","Aceh","11.08","Kabupaten Aceh Utara","11.08.08","Samudera","11.08.08.2024","Lancang"
"11","Aceh","11.08","Kabupaten Aceh Utara","11.08.08","Samudera","11.08.08.2025","Matang Ulim"
"11","Aceh","11.08","Kabupaten Aceh Utara","11.08.08","Samudera","11.08.08.2026","Sawang"
"11","Aceh","11.08","Kabupaten Aceh Utara","11.08.08","Samudera","11.08.08.2027","Laga Baro"
"11","Aceh","11.08","Kabupaten Aceh Utara","11.08.08","Samudera","11.08.08.2028","Pulo"
"11","Aceh","11.08","Kabupaten Aceh Utara","11.08.08","Samudera","11.08.08.2029","Matang Tunong"
"11","Aceh","11.08","Kabupaten Aceh Utara","11.08.08","Samudera","11.08.08.2030","Matang Puntong"
"11","Aceh","11.08","Kabupaten Aceh Utara","11.08.08","Samudera","11.08.08.2031","Blang Nibong"
"11","Aceh","11.08","Kabupaten Aceh Utara","11.08.08","Samudera","11.08.08.2032","Tanjong Baroh"
"11","Aceh","11.08","Kabupaten Aceh Utara","11.08.08","Samudera","11.08.08.2033","Tanjong Hagu"
"11","Aceh","11.08","Kabupaten Aceh Utara","11.08.08","Samudera","11.08.08.2034","Tanjong Reungkam"
"11","Aceh","11.08","Kabupaten Aceh Utara","11.08.08","Samudera","11.08.08.2035","Tanjong Mesjid"
"11","Aceh","11.08","Kabupaten Aceh Utara","11.08.08","Samudera","11.08.08.2036","Paya Terbang"
"11","Aceh","11.08","Kabupaten Aceh Utara","11.08.08","Samudera","11.08.08.2037","Madan"
"11","Aceh","11.08","Kabupaten Aceh Utara","11.08.08","Samudera","11.08.08.2038","Tanjong Awe"
"11","Aceh","11.08","Kabupaten Aceh Utara","11.08.08","Samudera","11.08.08.2039","Kitou"
"11","Aceh","11.08","Kabupaten Aceh Utara","11.08.08","Samudera","11.08.08.2040","Krueng Matee"
"11","Aceh","11.08","Kabupaten Aceh Utara","11.08.09","Seunuddon","11.08.09.2001","Tanjong Pineung"
"11","Aceh","11.08","Kabupaten Aceh Utara","11.08.09","Seunuddon","11.08.09.2002","Meurubo Puntong"
"11","Aceh","11.08","Kabupaten Aceh Utara","11.08.09","Seunuddon","11.08.09.2003","Mane Kawan"
"11","Aceh","11.08","Kabupaten Aceh Utara","11.08.09","Seunuddon","11.08.09.2004","Alue Barueh"
"11","Aceh","11.08","Kabupaten Aceh Utara","11.08.09","Seunuddon","11.08.09.2005","Keude Simpang Jalan"
"11","Aceh","11.08","Kabupaten Aceh Utara","11.08.09","Seunuddon","11.08.09.2006","Blang Pha"
"11","Aceh","11.08","Kabupaten Aceh Utara","11.08.09","Seunuddon","11.08.09.2007","Alue Kiran"
"11","Aceh","11.08","Kabupaten Aceh Utara","11.08.09","Seunuddon","11.08.09.2008","Blang Tue"
"11","Aceh","11.08","Kabupaten Aceh Utara","11.08.09","Seunuddon","11.08.09.2009","Cot Kafiraton"
"11","Aceh","11.08","Kabupaten Aceh Utara","11.08.09","Seunuddon","11.08.09.2010","Tanjong Dama"
"11","Aceh","11.08","Kabupaten Aceh Utara","11.08.09","Seunuddon","11.08.09.2011","Paya Dua Uram"
"11","Aceh","11.08","Kabupaten Aceh Utara","11.08.09","Seunuddon","11.08.09.2012","Paya Dua Ujong"
"11","Aceh","11.08","Kabupaten Aceh Utara","11.08.09","Seunuddon","11.08.09.2013","Alue Capli"
"11","Aceh","11.08","Kabupaten Aceh Utara","11.08.09","Seunuddon","11.08.09.2014","Simpang Peut"
"11","Aceh","11.08","Kabupaten Aceh Utara","11.08.09","Seunuddon","11.08.09.2015","Meunasah Sagoe"
"11","Aceh","11.08","Kabupaten Aceh Utara","11.08.09","Seunuddon","11.08.09.2016","Matang Puntong"
"11","Aceh","11.08","Kabupaten Aceh Utara","11.08.09","Seunuddon","11.08.09.2017","Matang Panyang"
"11","Aceh","11.08","Kabupaten Aceh Utara","11.08.09","Seunuddon","11.08.09.2018","Cot Patisah"
"11","Aceh","11.08","Kabupaten Aceh Utara","11.08.09","Seunuddon","11.08.09.2019","Cot Trueng"
"11","Aceh","11.08","Kabupaten Aceh Utara","11.08.09","Seunuddon","11.08.09.2020","Darul Aman"
"11","Aceh","11.08","Kabupaten Aceh Utara","11.08.09","Seunuddon","11.08.09.2021","Matang Jeulikat"
"11","Aceh","11.08","Kabupaten Aceh Utara","11.08.09","Seunuddon","11.08.09.2022","Lhok Puuk"
"11","Aceh","11.08","Kabupaten Aceh Utara","11.08.09","Seunuddon","11.08.09.2023","Ulee Rubek Barat"
"11","Aceh","11.08","Kabupaten Aceh Utara","11.08.09","Seunuddon","11.08.09.2024","Ulee Rubek Timu"
"11","Aceh","11.08","Kabupaten Aceh Utara","11.08.09","Seunuddon","11.08.09.2025","Bantayan"
"11","Aceh","11.08","Kabupaten Aceh Utara","11.08.09","Seunuddon","11.08.09.2026","Teupin Kuyuen"
"11","Aceh","11.08","Kabupaten Aceh Utara","11.08.09","Seunuddon","11.08.09.2027","Matang Lada"
"11","Aceh","11.08","Kabupaten Aceh Utara","11.08.09","Seunuddon","11.08.09.2028","Ulee Matang"
"11","Aceh","11.08","Kabupaten Aceh Utara","11.08.09","Seunuddon","11.08.09.2029","Matang Karieng"
"11","Aceh","11.08","Kabupaten Aceh Utara","11.08.09","Seunuddon","11.08.09.2030","Lhok Rambideng"
"11","Aceh","11.08","Kabupaten Aceh Utara","11.08.09","Seunuddon","11.08.09.2031","Matang Anoe"
"11","Aceh","11.08","Kabupaten Aceh Utara","11.08.09","Seunuddon","11.08.09.2032","Lhok Geulituet"
"11","Aceh","11.08","Kabupaten Aceh Utara","11.08.09","Seunuddon","11.08.09.2033","Ulee Titi"
"11","Aceh","11.08","Kabupaten Aceh Utara","11.08.10","Syamtalira Aron","11.08.10.2001","Keude Aron"
"11","Aceh","11.08","Kabupaten Aceh Utara","11.08.10","Syamtalira Aron","11.08.10.2002","Dayah Aron"
"11","Aceh","11.08","Kabupaten Aceh Utara","11.08.10","Syamtalira Aron","11.08.10.2003","Moncrang"
"11","Aceh","11.08","Kabupaten Aceh Utara","11.08.10","Syamtalira Aron","11.08.10.2004","Kanot"
"11","Aceh","11.08","Kabupaten Aceh Utara","11.08.10","Syamtalira Aron","11.08.10.2005","Meuria Aron"
"11","Aceh","11.08","Kabupaten Aceh Utara","11.08.10","Syamtalira Aron","11.08.10.2006","Mee Aron"
"11","Aceh","11.08","Kabupaten Aceh Utara","11.08.10","Syamtalira Aron","11.08.10.2007","Glok"
"11","Aceh","11.08","Kabupaten Aceh Utara","11.08.10","Syamtalira Aron","11.08.10.2008","Cibrek Baroh"
"11","Aceh","11.08","Kabupaten Aceh Utara","11.08.10","Syamtalira Aron","11.08.10.2009","Cibrek Tunong"
"11","Aceh","11.08","Kabupaten Aceh Utara","11.08.10","Syamtalira Aron","11.08.10.2010","Matang Munye"
"11","Aceh","11.08","Kabupaten Aceh Utara","11.08.10","Syamtalira Aron","11.08.10.2011","Pante"
"11","Aceh","11.08","Kabupaten Aceh Utara","11.08.10","Syamtalira Aron","11.08.10.2012","Keutapang"
"11","Aceh","11.08","Kabupaten Aceh Utara","11.08.10","Syamtalira Aron","11.08.10.2013","Blang"
"11","Aceh","11.08","Kabupaten Aceh Utara","11.08.10","Syamtalira Aron","11.08.10.2014","Teungoh"
"11","Aceh","11.08","Kabupaten Aceh Utara","11.08.10","Syamtalira Aron","11.08.10.2015","Tanjong Krueng Pase"
"11","Aceh","11.08","Kabupaten Aceh Utara","11.08.10","Syamtalira Aron","11.08.10.2016","Mesjid"
"11","Aceh","11.08","Kabupaten Aceh Utara","11.08.10","Syamtalira Aron","11.08.10.2017","Keude Teupin Punti"
"11","Aceh","11.08","Kabupaten Aceh Utara","11.08.10","Syamtalira Aron","11.08.10.2018","Kumbang"
"11","Aceh","11.08","Kabupaten Aceh Utara","11.08.10","Syamtalira Aron","11.08.10.2019","Gampong U"
"11","Aceh","11.08","Kabupaten Aceh Utara","11.08.10","Syamtalira Aron","11.08.10.2020","Calong"
"11","Aceh","11.08","Kabupaten Aceh Utara","11.08.10","Syamtalira Aron","11.08.10.2021","Manyang Baroh"
"11","Aceh","11.08","Kabupaten Aceh Utara","11.08.10","Syamtalira Aron","11.08.10.2022","Peurupok"
"11","Aceh","11.08","Kabupaten Aceh Utara","11.08.10","Syamtalira Aron","11.08.10.2023","Alue Gunto"
"11","Aceh","11.08","Kabupaten Aceh Utara","11.08.10","Syamtalira Aron","11.08.10.2024","Pulo"
"11","Aceh","11.08","Kabupaten Aceh Utara","11.08.10","Syamtalira Aron","11.08.10.2025","Kulam"
"11","Aceh","11.08","Kabupaten Aceh Utara","11.08.10","Syamtalira Aron","11.08.10.2026","Ampeh"
"11","Aceh","11.08","Kabupaten Aceh Utara","11.08.10","Syamtalira Aron","11.08.10.2027","Dayah Meuria"
"11","Aceh","11.08","Kabupaten Aceh Utara","11.08.10","Syamtalira Aron","11.08.10.2028","Mampree"
"11","Aceh","11.08","Kabupaten Aceh Utara","11.08.10","Syamtalira Aron","11.08.10.2029","Meucat"
"11","Aceh","11.08","Kabupaten Aceh Utara","11.08.10","Syamtalira Aron","11.08.10.2030","Ara"
"11","Aceh","11.08","Kabupaten Aceh Utara","11.08.10","Syamtalira Aron","11.08.10.2031","Hagu"
"11","Aceh","11.08","Kabupaten Aceh Utara","11.08.10","Syamtalira Aron","11.08.10.2032","Awe"
"11","Aceh","11.08","Kabupaten Aceh Utara","11.08.10","Syamtalira Aron","11.08.10.2033","Tanjong Mulieng"
"11","Aceh","11.08","Kabupaten Aceh Utara","11.08.10","Syamtalira Aron","11.08.10.2034","Dayah Teungku"
"11","Aceh","11.08","Kabupaten Aceh Utara","11.08.11","Syamtalira Bayu","11.08.11.2001","Bale"
"11","Aceh","11.08","Kabupaten Aceh Utara","11.08.11","Syamtalira Bayu","11.08.11.2002","Bie"
"11","Aceh","11.08","Kabupaten Aceh Utara","11.08.11","Syamtalira Bayu","11.08.11.2003","Beurandang"
"11","Aceh","11.08","Kabupaten Aceh Utara","11.08.11","Syamtalira Bayu","11.08.11.2004","Baro Kulam Gajah"
"11","Aceh","11.08","Kabupaten Aceh Utara","11.08.11","Syamtalira Bayu","11.08.11.2005","Glong"
"11","Aceh","11.08","Kabupaten Aceh Utara","11.08.11","Syamtalira Bayu","11.08.11.2006","Nibong"
"11","Aceh","11.08","Kabupaten Aceh Utara","11.08.11","Syamtalira Bayu","11.08.11.2007","Langa"
"11","Aceh","11.08","Kabupaten Aceh Utara","11.08.11","Syamtalira Bayu","11.08.11.2008","Beunot"
"11","Aceh","11.08","Kabupaten Aceh Utara","11.08.11","Syamtalira Bayu","11.08.11.2009","Keude Bayu"
"11","Aceh","11.08","Kabupaten Aceh Utara","11.08.11","Syamtalira Bayu","11.08.11.2010","Blang Bayu"
"11","Aceh","11.08","Kabupaten Aceh Utara","11.08.11","Syamtalira Bayu","11.08.11.2011","Dayah Tuha"
"11","Aceh","11.08","Kabupaten Aceh Utara","11.08.11","Syamtalira Bayu","11.08.11.2012","Dayah Baro"
"11","Aceh","11.08","Kabupaten Aceh Utara","11.08.11","Syamtalira Bayu","11.08.11.2013","Lancok"
"11","Aceh","11.08","Kabupaten Aceh Utara","11.08.11","Syamtalira Bayu","11.08.11.2014","Punti"
"11","Aceh","11.08","Kabupaten Aceh Utara","11.08.11","Syamtalira Bayu","11.08.11.2015","Bungong"
"11","Aceh","11.08","Kabupaten Aceh Utara","11.08.11","Syamtalira Bayu","11.08.11.2016","Baroh Blang Rimueng"
"11","Aceh","11.08","Kabupaten Aceh Utara","11.08.11","Syamtalira Bayu","11.08.11.2017","Ulee Meuria"
"11","Aceh","11.08","Kabupaten Aceh Utara","11.08.11","Syamtalira Bayu","11.08.11.2018","Kayee Panyang"
"11","Aceh","11.08","Kabupaten Aceh Utara","11.08.11","Syamtalira Bayu","11.08.11.2019","Rheng"
"11","Aceh","11.08","Kabupaten Aceh Utara","11.08.11","Syamtalira Bayu","11.08.11.2020","Trieng Meudurou"
"11","Aceh","11.08","Kabupaten Aceh Utara","11.08.11","Syamtalira Bayu","11.08.11.2021","Ulee Gampong"
"11","Aceh","11.08","Kabupaten Aceh Utara","11.08.11","Syamtalira Bayu","11.08.11.2022","Garut"
"11","Aceh","11.08","Kabupaten Aceh Utara","11.08.11","Syamtalira Bayu","11.08.11.2023","Blang Awe"
"11","Aceh","11.08","Kabupaten Aceh Utara","11.08.11","Syamtalira Bayu","11.08.11.2024","Pulo Blang Mangat"
"11","Aceh","11.08","Kabupaten Aceh Utara","11.08.11","Syamtalira Bayu","11.08.11.2025","Cibrek"
"11","Aceh","11.08","Kabupaten Aceh Utara","11.08.11","Syamtalira Bayu","11.08.11.2026","Pulo Blang Trieng"
"11","Aceh","11.08","Kabupaten Aceh Utara","11.08.11","Syamtalira Bayu","11.08.11.2027","Meudang Ara"
"11","Aceh","11.08","Kabupaten Aceh Utara","11.08.11","Syamtalira Bayu","11.08.11.2028","Cot Neuheun"
"11","Aceh","11.08","Kabupaten Aceh Utara","11.08.11","Syamtalira Bayu","11.08.11.2029","Tumpeun"
"11","Aceh","11.08","Kabupaten Aceh Utara","11.08.11","Syamtalira Bayu","11.08.11.2030","Alen"
"11","Aceh","11.08","Kabupaten Aceh Utara","11.08.11","Syamtalira Bayu","11.08.11.2031","Dayah Blang Seureukuy"
"11","Aceh","11.08","Kabupaten Aceh Utara","11.08.11","Syamtalira Bayu","11.08.11.2032","Blang Patra"
"11","Aceh","11.08","Kabupaten Aceh Utara","11.08.11","Syamtalira Bayu","11.08.11.2033","Blang Majron"
"11","Aceh","11.08","Kabupaten Aceh Utara","11.08.11","Syamtalira Bayu","11.08.11.2034","Seuneubok Baro"
"11","Aceh","11.08","Kabupaten Aceh Utara","11.08.11","Syamtalira Bayu","11.08.11.2035","Buket Glumpang"
"11","Aceh","11.08","Kabupaten Aceh Utara","11.08.11","Syamtalira Bayu","11.08.11.2037","Alue Majron"
"11","Aceh","11.08","Kabupaten Aceh Utara","11.08.11","Syamtalira Bayu","11.08.11.2038","Siren Tujoh"
"11","Aceh","11.08","Kabupaten Aceh Utara","11.08.11","Syamtalira Bayu","11.08.11.2047","Blang Seureukuy"
"11","Aceh","11.08","Kabupaten Aceh Utara","11.08.12","Tanah Luas","11.08.12.2001","Pulo Blang"
"11","Aceh","11.08","Kabupaten Aceh Utara","11.08.12","Tanah Luas","11.08.12.2002","Matang Ben"
"11","Aceh","11.08","Kabupaten Aceh Utara","11.08.12","Tanah Luas","11.08.12.2003","Matang Cibrek"
"11","Aceh","11.08","Kabupaten Aceh Utara","11.08.12","Tanah Luas","11.08.12.2004","Deng"
"11","Aceh","11.08","Kabupaten Aceh Utara","11.08.12","Tanah Luas","11.08.12.2005","Rawa"
"11","Aceh","11.08","Kabupaten Aceh Utara","11.08.12","Tanah Luas","11.08.12.2006","Punti Pulo Agam"
"11","Aceh","11.08","Kabupaten Aceh Utara","11.08.12","Tanah Luas","11.08.12.2007","Alue Pangkat"
"11","Aceh","11.08","Kabupaten Aceh Utara","11.08.12","Tanah Luas","11.08.12.2008","Teungoh Pulo Agam"
"11","Aceh","11.08","Kabupaten Aceh Utara","11.08.12","Tanah Luas","11.08.12.2009","Hueng"
"11","Aceh","11.08","Kabupaten Aceh Utara","11.08.12","Tanah Luas","11.08.12.2010","Pulo U"
"11","Aceh","11.08","Kabupaten Aceh Utara","11.08.12","Tanah Luas","11.08.12.2011","Alue Keujruen"
"11","Aceh","11.08","Kabupaten Aceh Utara","11.08.12","Tanah Luas","11.08.12.2012","Paya Beurandang"
"11","Aceh","11.08","Kabupaten Aceh Utara","11.08.12","Tanah Luas","11.08.12.2013","Manyang Tunong"
"11","Aceh","11.08","Kabupaten Aceh Utara","11.08.12","Tanah Luas","11.08.12.2014","Meunasah Tutong"
"11","Aceh","11.08","Kabupaten Aceh Utara","11.08.12","Tanah Luas","11.08.12.2015","Ampeh"
"11","Aceh","11.08","Kabupaten Aceh Utara","11.08.12","Tanah Luas","11.08.12.2016","Alue"
"11","Aceh","11.08","Kabupaten Aceh Utara","11.08.12","Tanah Luas","11.08.12.2017","Teungku Dibalee"
"11","Aceh","11.08","Kabupaten Aceh Utara","11.08.12","Tanah Luas","11.08.12.2018","Keude Blang Jruen"
"11","Aceh","11.08","Kabupaten Aceh Utara","11.08.12","Tanah Luas","11.08.12.2019","Blang Jruen"
"11","Aceh","11.08","Kabupaten Aceh Utara","11.08.12","Tanah Luas","11.08.12.2020","Ujong Baroh Berghang"
"11","Aceh","11.08","Kabupaten Aceh Utara","11.08.12","Tanah Luas","11.08.12.2021","Jeumpa Berghang"
"11","Aceh","11.08","Kabupaten Aceh Utara","11.08.12","Tanah Luas","11.08.12.2022","Teungoh Berghang"
"11","Aceh","11.08","Kabupaten Aceh Utara","11.08.12","Tanah Luas","11.08.12.2023","Pante Berghang"
"11","Aceh","11.08","Kabupaten Aceh Utara","11.08.12","Tanah Luas","11.08.12.2024","Serba Jaman"
"11","Aceh","11.08","Kabupaten Aceh Utara","11.08.12","Tanah Luas","11.08.12.2025","Rayeuk Naleung"
"11","Aceh","11.08","Kabupaten Aceh Utara","11.08.12","Tanah Luas","11.08.12.2026","Rangkaya"
"11","Aceh","11.08","Kabupaten Aceh Utara","11.08.12","Tanah Luas","11.08.12.2027","Paya"
"11","Aceh","11.08","Kabupaten Aceh Utara","11.08.12","Tanah Luas","11.08.12.2028","Blang Bidok"
"11","Aceh","11.08","Kabupaten Aceh Utara","11.08.12","Tanah Luas","11.08.12.2029","Rayeuk Kuta"
"11","Aceh","11.08","Kabupaten Aceh Utara","11.08.12","Tanah Luas","11.08.12.2030","Rayeuk Meunye"
"11","Aceh","11.08","Kabupaten Aceh Utara","11.08.12","Tanah Luas","11.08.12.2031","Ujong Baroh SB"
"11","Aceh","11.08","Kabupaten Aceh Utara","11.08.12","Tanah Luas","11.08.12.2032","Trieng"
"11","Aceh","11.08","Kabupaten Aceh Utara","11.08.12","Tanah Luas","11.08.12.2033","Manyang SB"
"11","Aceh","11.08","Kabupaten Aceh Utara","11.08.12","Tanah Luas","11.08.12.2034","Cibrek"
"11","Aceh","11.08","Kabupaten Aceh Utara","11.08.12","Tanah Luas","11.08.12.2035","Keutapang"
"11","Aceh","11.08","Kabupaten Aceh Utara","11.08.12","Tanah Luas","11.08.12.2036","Matang Mane"
"11","Aceh","11.08","Kabupaten Aceh Utara","11.08.12","Tanah Luas","11.08.12.2037","Alue Gampong"
"11","Aceh","11.08","Kabupaten Aceh Utara","11.08.12","Tanah Luas","11.08.12.2038","Bayi"
"11","Aceh","11.08","Kabupaten Aceh Utara","11.08.12","Tanah Luas","11.08.12.2039","Tumpok Aceh"
"11","Aceh","11.08","Kabupaten Aceh Utara","11.08.12","Tanah Luas","11.08.12.2040","Ulee Buket"
"11","Aceh","11.08","Kabupaten Aceh Utara","11.08.12","Tanah Luas","11.08.12.2041","Cot Dah"
"11","Aceh","11.08","Kabupaten Aceh Utara","11.08.12","Tanah Luas","11.08.12.2042","Leupon Siren"
"11","Aceh","11.08","Kabupaten Aceh Utara","11.08.12","Tanah Luas","11.08.12.2043","Blang Trieng"
"11","Aceh","11.08","Kabupaten Aceh Utara","11.08.12","Tanah Luas","11.08.12.2044","Alue Sijuek"
"11","Aceh","11.08","Kabupaten Aceh Utara","11.08.12","Tanah Luas","11.08.12.2045","Hagu"
"11","Aceh","11.08","Kabupaten Aceh Utara","11.08.12","Tanah Luas","11.08.12.2046","Teupin Mee"
"11","Aceh","11.08","Kabupaten Aceh Utara","11.08.12","Tanah Luas","11.08.12.2047","Plu Pakam"
"11","Aceh","11.08","Kabupaten Aceh Utara","11.08.12","Tanah Luas","11.08.12.2048","Blang Pie"
"11","Aceh","11.08","Kabupaten Aceh Utara","11.08.12","Tanah Luas","11.08.12.2049","Punti Seuleumak Barat"
"11","Aceh","11.08","Kabupaten Aceh Utara","11.08.12","Tanah Luas","11.08.12.2050","Serba Jaman Tunong"
"11","Aceh","11.08","Kabupaten Aceh Utara","11.08.12","Tanah Luas","11.08.12.2051","Leuhong"
"11","Aceh","11.08","Kabupaten Aceh Utara","11.08.12","Tanah Luas","11.08.12.2052","Blang"
"11","Aceh","11.08","Kabupaten Aceh Utara","11.08.12","Tanah Luas","11.08.12.2053","Tanjong Mesjid"
"11","Aceh","11.08","Kabupaten Aceh Utara","11.08.12","Tanah Luas","11.08.12.2054","Serba Jaman Baroh"
"11","Aceh","11.08","Kabupaten Aceh Utara","11.08.12","Tanah Luas","11.08.12.2055","Cot Barat"
"11","Aceh","11.08","Kabupaten Aceh Utara","11.08.12","Tanah Luas","11.08.12.2056","Matang Baloy"
"11","Aceh","11.08","Kabupaten Aceh Utara","11.08.12","Tanah Luas","11.08.12.2057","Buket Makarti"
"11","Aceh","11.08","Kabupaten Aceh Utara","11.08.13","Tanah Pasir","11.08.13.2001","Alue"
"11","Aceh","11.08","Kabupaten Aceh Utara","11.08.13","Tanah Pasir","11.08.13.2002","Mee Matang Panyang"
"11","Aceh","11.08","Kabupaten Aceh Utara","11.08.13","Tanah Pasir","11.08.13.2003","Blang"
"11","Aceh","11.08","Kabupaten Aceh Utara","11.08.13","Tanah Pasir","11.08.13.2004","Paloh"
"11","Aceh","11.08","Kabupaten Aceh Utara","11.08.13","Tanah Pasir","11.08.13.2005","Keude Matang Payang"
"11","Aceh","11.08","Kabupaten Aceh Utara","11.08.13","Tanah Pasir","11.08.13.2006","Gampong Pande"
"11","Aceh","11.08","Kabupaten Aceh Utara","11.08.13","Tanah Pasir","11.08.13.2007","Matang Ranup Laseh"
"11","Aceh","11.08","Kabupaten Aceh Utara","11.08.13","Tanah Pasir","11.08.13.2008","Cangguek"
"11","Aceh","11.08","Kabupaten Aceh Utara","11.08.13","Tanah Pasir","11.08.13.2009","Kumbang"
"11","Aceh","11.08","Kabupaten Aceh Utara","11.08.13","Tanah Pasir","11.08.13.2010","Prie"
"11","Aceh","11.08","Kabupaten Aceh Utara","11.08.13","Tanah Pasir","11.08.13.2011","Keutapang"
"11","Aceh","11.08","Kabupaten Aceh Utara","11.08.13","Tanah Pasir","11.08.13.2012","Keude Jrat Manyang"
"11","Aceh","11.08","Kabupaten Aceh Utara","11.08.13","Tanah Pasir","11.08.13.2013","Teupin Gapeuh"
"11","Aceh","11.08","Kabupaten Aceh Utara","11.08.13","Tanah Pasir","11.08.13.2014","Cibrek"
"11","Aceh","11.08","Kabupaten Aceh Utara","11.08.13","Tanah Pasir","11.08.13.2015","Me Merbo"
"11","Aceh","11.08","Kabupaten Aceh Utara","11.08.13","Tanah Pasir","11.08.13.2016","Ulee Tanoh"
"11","Aceh","11.08","Kabupaten Aceh Utara","11.08.13","Tanah Pasir","11.08.13.2017","Matang Janeng"
"11","Aceh","11.08","Kabupaten Aceh Utara","11.08.13","Tanah Pasir","11.08.13.2018","Kuala Keureutou Barat"
"11","Aceh","11.08","Kabupaten Aceh Utara","11.08.14","Tanah Jambo Aye","11.08.14.2001","Teupin Gajah"
"11","Aceh","11.08","Kabupaten Aceh Utara","11.08.14","Tanah Jambo Aye","11.08.14.2002","Geulumpang Umpung Unou"
"11","Aceh","11.08","Kabupaten Aceh Utara","11.08.14","Tanah Jambo Aye","11.08.14.2003","Ranto Panyang"
"11","Aceh","11.08","Kabupaten Aceh Utara","11.08.14","Tanah Jambo Aye","11.08.14.2004","Seuneubok Doe"
"11","Aceh","11.08","Kabupaten Aceh Utara","11.08.14","Tanah Jambo Aye","11.08.14.2005","Meunasah Geudong"
"11","Aceh","11.08","Kabupaten Aceh Utara","11.08.14","Tanah Jambo Aye","11.08.14.2006","Meunasah Merbo"
"11","Aceh","11.08","Kabupaten Aceh Utara","11.08.14","Tanah Jambo Aye","11.08.14.2007","Tanjong Meunye"
"11","Aceh","11.08","Kabupaten Aceh Utara","11.08.14","Tanah Jambo Aye","11.08.14.2008","Matang Jurong"
"11","Aceh","11.08","Kabupaten Aceh Utara","11.08.14","Tanah Jambo Aye","11.08.14.2009","Tanjong Dalam Utara"
"11","Aceh","11.08","Kabupaten Aceh Utara","11.08.14","Tanah Jambo Aye","11.08.14.2010","Meunasah Dayah"
"11","Aceh","11.08","Kabupaten Aceh Utara","11.08.14","Tanah Jambo Aye","11.08.14.2011","Seuneubok Pidie"
"11","Aceh","11.08","Kabupaten Aceh Utara","11.08.14","Tanah Jambo Aye","11.08.14.2012","Tanjong Menuang"
"11","Aceh","11.08","Kabupaten Aceh Utara","11.08.14","Tanah Jambo Aye","11.08.14.2013","Matang Teungoh-Teungoh"
"11","Aceh","11.08","Kabupaten Aceh Utara","11.08.14","Tanah Jambo Aye","11.08.14.2014","Lhok Reudeup"
"11","Aceh","11.08","Kabupaten Aceh Utara","11.08.14","Tanah Jambo Aye","11.08.14.2015","Lhok Merbo"
"11","Aceh","11.08","Kabupaten Aceh Utara","11.08.14","Tanah Jambo Aye","11.08.14.2016","Tanjong Ara"
"11","Aceh","11.08","Kabupaten Aceh Utara","11.08.14","Tanah Jambo Aye","11.08.14.2017","Alue Ie Mirah"
"11","Aceh","11.08","Kabupaten Aceh Utara","11.08.14","Tanah Jambo Aye","11.08.14.2018","Tanjong Punti"
"11","Aceh","11.08","Kabupaten Aceh Utara","11.08.14","Tanah Jambo Aye","11.08.14.2019","Buket Alue Puteh"
"11","Aceh","11.08","Kabupaten Aceh Utara","11.08.14","Tanah Jambo Aye","11.08.14.2020","Buket Jrat Manyang"
"11","Aceh","11.08","Kabupaten Aceh Utara","11.08.14","Tanah Jambo Aye","11.08.14.2021","Matang Maneh"
"11","Aceh","11.08","Kabupaten Aceh Utara","11.08.14","Tanah Jambo Aye","11.08.14.2022","Pucok Alue"
"11","Aceh","11.08","Kabupaten Aceh Utara","11.08.14","Tanah Jambo Aye","11.08.14.2023","Matang Serdang"
"11","Aceh","11.08","Kabupaten Aceh Utara","11.08.14","Tanah Jambo Aye","11.08.14.2024","Matang Santot"
"11","Aceh","11.08","Kabupaten Aceh Utara","11.08.14","Tanah Jambo Aye","11.08.14.2025","Buket Padang"
"11","Aceh","11.08","Kabupaten Aceh Utara","11.08.14","Tanah Jambo Aye","11.08.14.2026","Matang Seuke Pulot"
"11","Aceh","11.08","Kabupaten Aceh Utara","11.08.14","Tanah Jambo Aye","11.08.14.2027","Lhok Beuringen"
"11","Aceh","11.08","Kabupaten Aceh Utara","11.08.14","Tanah Jambo Aye","11.08.14.2028","Lueng Tuha"
"11","Aceh","11.08","Kabupaten Aceh Utara","11.08.14","Tanah Jambo Aye","11.08.14.2029","Matang Raya"
"11","Aceh","11.08","Kabupaten Aceh Utara","11.08.14","Tanah Jambo Aye","11.08.14.2030","Tanjong Ceungai"
"11","Aceh","11.08","Kabupaten Aceh Utara","11.08.14","Tanah Jambo Aye","11.08.14.2031","Teupin Bayu"
"11","Aceh","11.08","Kabupaten Aceh Utara","11.08.14","Tanah Jambo Aye","11.08.14.2032","Meunasah Panton Labu"
"11","Aceh","11.08","Kabupaten Aceh Utara","11.08.14","Tanah Jambo Aye","11.08.14.2033","Kota Panton Labu"
"11","Aceh","11.08","Kabupaten Aceh Utara","11.08.14","Tanah Jambo Aye","11.08.14.2034","Rawang Itek"
"11","Aceh","11.08","Kabupaten Aceh Utara","11.08.14","Tanah Jambo Aye","11.08.14.2035","Samakurok"
"11","Aceh","11.08","Kabupaten Aceh Utara","11.08.14","Tanah Jambo Aye","11.08.14.2036","Biara Barat"
"11","Aceh","11.08","Kabupaten Aceh Utara","11.08.14","Tanah Jambo Aye","11.08.14.2037","Biara Timur"
"11","Aceh","11.08","Kabupaten Aceh Utara","11.08.14","Tanah Jambo Aye","11.08.14.2038","Matang Drien"
"11","Aceh","11.08","Kabupaten Aceh Utara","11.08.14","Tanah Jambo Aye","11.08.14.2039","Ceumpeudak"
"11","Aceh","11.08","Kabupaten Aceh Utara","11.08.14","Tanah Jambo Aye","11.08.14.2040","Alue Papeun"
"11","Aceh","11.08","Kabupaten Aceh Utara","11.08.14","Tanah Jambo Aye","11.08.14.2041","Lhok Bintang Hu"
"11","Aceh","11.08","Kabupaten Aceh Utara","11.08.14","Tanah Jambo Aye","11.08.14.2042","Biram Rayeuk"
"11","Aceh","11.08","Kabupaten Aceh Utara","11.08.14","Tanah Jambo Aye","11.08.14.2043","Cot Biek"
"11","Aceh","11.08","Kabupaten Aceh Utara","11.08.14","Tanah Jambo Aye","11.08.14.2044","Matang Arongan"
"11","Aceh","11.08","Kabupaten Aceh Utara","11.08.14","Tanah Jambo Aye","11.08.14.2045","Biram Cut"
"11","Aceh","11.08","Kabupaten Aceh Utara","11.08.14","Tanah Jambo Aye","11.08.14.2046","Buket Batee Badan"
"11","Aceh","11.08","Kabupaten Aceh Utara","11.08.14","Tanah Jambo Aye","11.08.14.2047","Ulee Glee"
"11","Aceh","11.08","Kabupaten Aceh Utara","11.08.15","Sawang","11.08.15.2001","Lagang"
"11","Aceh","11.08","Kabupaten Aceh Utara","11.08.15","Sawang","11.08.15.2002","Abeuk Reuling"
"11","Aceh","11.08","Kabupaten Aceh Utara","11.08.15","Sawang","11.08.15.2003","Lhok Krek"
"11","Aceh","11.08","Kabupaten Aceh Utara","11.08.15","Sawang","11.08.15.2004","Lhok Merbo"
"11","Aceh","11.08","Kabupaten Aceh Utara","11.08.15","Sawang","11.08.15.2005","Gle Dagang"
"11","Aceh","11.08","Kabupaten Aceh Utara","11.08.15","Sawang","11.08.15.2006","Kuta Meuligoe"
"11","Aceh","11.08","Kabupaten Aceh Utara","11.08.15","Sawang","11.08.15.2007","Gampong Teungoh"
"11","Aceh","11.08","Kabupaten Aceh Utara","11.08.15","Sawang","11.08.15.2008","Babah Buloh"
"11","Aceh","11.08","Kabupaten Aceh Utara","11.08.15","Sawang","11.08.15.2009","Meunasah Pulo"
"11","Aceh","11.08","Kabupaten Aceh Utara","11.08.15","Sawang","11.08.15.2010","Punteuet"
"11","Aceh","11.08","Kabupaten Aceh Utara","11.08.15","Sawang","11.08.15.2011","Pante Jaloh"
"11","Aceh","11.08","Kabupaten Aceh Utara","11.08.15","Sawang","11.08.15.2012","Lhok Kuyun"
"11","Aceh","11.08","Kabupaten Aceh Utara","11.08.15","Sawang","11.08.15.2013","Blang Reuling"
"11","Aceh","11.08","Kabupaten Aceh Utara","11.08.15","Sawang","11.08.15.2014","Lhok Gajah"
"11","Aceh","11.08","Kabupaten Aceh Utara","11.08.15","Sawang","11.08.15.2015","Teupin Rusep"
"11","Aceh","11.08","Kabupaten Aceh Utara","11.08.15","Sawang","11.08.15.2016","Ulee Geudong"
"11","Aceh","11.08","Kabupaten Aceh Utara","11.08.15","Sawang","11.08.15.2017","Tanjong Keumala"
"11","Aceh","11.08","Kabupaten Aceh Utara","11.08.15","Sawang","11.08.15.2018","Cot Kumuneng"
"11","Aceh","11.08","Kabupaten Aceh Utara","11.08.15","Sawang","11.08.15.2019","Cot Lambideng"
"11","Aceh","11.08","Kabupaten Aceh Utara","11.08.15","Sawang","11.08.15.2020","Paya Gaboh"
"11","Aceh","11.08","Kabupaten Aceh Utara","11.08.15","Sawang","11.08.15.2021","Paya Rabo Lhok"
"11","Aceh","11.08","Kabupaten Aceh Utara","11.08.15","Sawang","11.08.15.2022","Paya Rabo Timu"
"11","Aceh","11.08","Kabupaten Aceh Utara","11.08.15","Sawang","11.08.15.2023","Lancok"
"11","Aceh","11.08","Kabupaten Aceh Utara","11.08.15","Sawang","11.08.15.2024","Rambong Payong"
"11","Aceh","11.08","Kabupaten Aceh Utara","11.08.15","Sawang","11.08.15.2025","Lhok Bayu"
"11","Aceh","11.08","Kabupaten Aceh Utara","11.08.15","Sawang","11.08.15.2026","Krueng Baro"
"11","Aceh","11.08","Kabupaten Aceh Utara","11.08.15","Sawang","11.08.15.2027","Babah Krueng"
"11","Aceh","11.08","Kabupaten Aceh Utara","11.08.15","Sawang","11.08.15.2028","Jurong"
"11","Aceh","11.08","Kabupaten Aceh Utara","11.08.15","Sawang","11.08.15.2029","Blang Manyak"
"11","Aceh","11.08","Kabupaten Aceh Utara","11.08.15","Sawang","11.08.15.2030","Lhok Jok"
"11","Aceh","11.08","Kabupaten Aceh Utara","11.08.15","Sawang","11.08.15.2031","Blang Teurakan"
"11","Aceh","11.08","Kabupaten Aceh Utara","11.08.15","Sawang","11.08.15.2032","Sawang"
"11","Aceh","11.08","Kabupaten Aceh Utara","11.08.15","Sawang","11.08.15.2033","Riseh Baroh"
"11","Aceh","11.08","Kabupaten Aceh Utara","11.08.15","Sawang","11.08.15.2034","Riseh Teungoh"
"11","Aceh","11.08","Kabupaten Aceh Utara","11.08.15","Sawang","11.08.15.2035","Riseh Tunong"
"11","Aceh","11.08","Kabupaten Aceh Utara","11.08.15","Sawang","11.08.15.2036","Gunci"
"11","Aceh","11.08","Kabupaten Aceh Utara","11.08.15","Sawang","11.08.15.2037","Kubu"
"11","Aceh","11.08","Kabupaten Aceh Utara","11.08.15","Sawang","11.08.15.2038","Blang Cut"
"11","Aceh","11.08","Kabupaten Aceh Utara","11.08.15","Sawang","11.08.15.2039","Lhok Cut"
"11","Aceh","11.08","Kabupaten Aceh Utara","11.08.16","Nisam","11.08.16.2015","Paloh Mambu"
"11","Aceh","11.08","Kabupaten Aceh Utara","11.08.16","Nisam","11.08.16.2017","Blang Karieng"
"11","Aceh","11.08","Kabupaten Aceh Utara","11.08.16","Nisam","11.08.16.2018","Paloh Kayee Kunyet"
"11","Aceh","11.08","Kabupaten Aceh Utara","11.08.16","Nisam","11.08.16.2019","Gampong Barat"
"11","Aceh","11.08","Kabupaten Aceh Utara","11.08.16","Nisam","11.08.16.2020","Meunasah Beunot"
"11","Aceh","11.08","Kabupaten Aceh Utara","11.08.16","Nisam","11.08.16.2021","Seuneubok"
"11","Aceh","11.08","Kabupaten Aceh Utara","11.08.16","Nisam","11.08.16.2022","Cot Leupee"
"11","Aceh","11.08","Kabupaten Aceh Utara","11.08.16","Nisam","11.08.16.2023","Gampong Teungoh"
"11","Aceh","11.08","Kabupaten Aceh Utara","11.08.16","Nisam","11.08.16.2024","Meunasah Meucat"
"11","Aceh","11.08","Kabupaten Aceh Utara","11.08.16","Nisam","11.08.16.2025","Meunasah Alue"
"11","Aceh","11.08","Kabupaten Aceh Utara","11.08.16","Nisam","11.08.16.2026","Panton"
"11","Aceh","11.08","Kabupaten Aceh Utara","11.08.16","Nisam","11.08.16.2027","Paloh Mampree"
"11","Aceh","11.08","Kabupaten Aceh Utara","11.08.16","Nisam","11.08.16.2028","Peunayan"
"11","Aceh","11.08","Kabupaten Aceh Utara","11.08.16","Nisam","11.08.16.2029","Tingkeum"
"11","Aceh","11.08","Kabupaten Aceh Utara","11.08.16","Nisam","11.08.16.2030","Meunasah Rayeuk"
"11","Aceh","11.08","Kabupaten Aceh Utara","11.08.16","Nisam","11.08.16.2031","Meunasah Cut"
"11","Aceh","11.08","Kabupaten Aceh Utara","11.08.16","Nisam","11.08.16.2032","Jeulikat"
"11","Aceh","11.08","Kabupaten Aceh Utara","11.08.16","Nisam","11.08.16.2033","Alue Bili"
"11","Aceh","11.08","Kabupaten Aceh Utara","11.08.16","Nisam","11.08.16.2034","Cot Mambong"
"11","Aceh","11.08","Kabupaten Aceh Utara","11.08.16","Nisam","11.08.16.2035","Blang Dalam Geunteng"
"11","Aceh","11.08","Kabupaten Aceh Utara","11.08.16","Nisam","11.08.16.2036","Blang Dalam Tunong"
"11","Aceh","11.08","Kabupaten Aceh Utara","11.08.16","Nisam","11.08.16.2037","Blang Dalam Baroh"
"11","Aceh","11.08","Kabupaten Aceh Utara","11.08.16","Nisam","11.08.16.2038","Cot Mee"
"11","Aceh","11.08","Kabupaten Aceh Utara","11.08.16","Nisam","11.08.16.2039","Cot Euntung"
"11","Aceh","11.08","Kabupaten Aceh Utara","11.08.16","Nisam","11.08.16.2040","Blang Crok"
"11","Aceh","11.08","Kabupaten Aceh Utara","11.08.16","Nisam","11.08.16.2041","Meunasah Krueng"
"11","Aceh","11.08","Kabupaten Aceh Utara","11.08.16","Nisam","11.08.16.2042","Binjee"
"11","Aceh","11.08","Kabupaten Aceh Utara","11.08.16","Nisam","11.08.16.2043","Keutapang"
"11","Aceh","11.08","Kabupaten Aceh Utara","11.08.16","Nisam","11.08.16.2044","Ulee Blang"
"11","Aceh","11.08","Kabupaten Aceh Utara","11.08.17","Cot Girek","11.08.17.2001","Cot Girek"
"11","Aceh","11.08","Kabupaten Aceh Utara","11.08.17","Cot Girek","11.08.17.2002","Lhok Meurbo"
"11","Aceh","11.08","Kabupaten Aceh Utara","11.08.17","Cot Girek","11.08.17.2003","Kp. Bantan"
"11","Aceh","11.08","Kabupaten Aceh Utara","11.08.17","Cot Girek","11.08.17.2004","Alue Seumambu"
"11","Aceh","11.08","Kabupaten Aceh Utara","11.08.17","Cot Girek","11.08.17.2005","Ulee Gampong"
"11","Aceh","11.08","Kabupaten Aceh Utara","11.08.17","Cot Girek","11.08.17.2006","Batu XII"
"11","Aceh","11.08","Kabupaten Aceh Utara","11.08.17","Cot Girek","11.08.17.2007","Kp. Tempel"
"11","Aceh","11.08","Kabupaten Aceh Utara","11.08.17","Cot Girek","11.08.17.2008","Alue Leuhob"
"11","Aceh","11.08","Kabupaten Aceh Utara","11.08.17","Cot Girek","11.08.17.2009","Seuneubok Baro"
"11","Aceh","11.08","Kabupaten Aceh Utara","11.08.17","Cot Girek","11.08.17.2010","Alue Drien"
"11","Aceh","11.08","Kabupaten Aceh Utara","11.08.17","Cot Girek","11.08.17.2011","Cempeudak"
"11","Aceh","11.08","Kabupaten Aceh Utara","11.08.17","Cot Girek","11.08.17.2012","Matang Teungoh"
"11","Aceh","11.08","Kabupaten Aceh Utara","11.08.17","Cot Girek","11.08.17.2013","Pucok Alue"
"11","Aceh","11.08","Kabupaten Aceh Utara","11.08.17","Cot Girek","11.08.17.2014","U Baro"
"11","Aceh","11.08","Kabupaten Aceh Utara","11.08.17","Cot Girek","11.08.17.2015","Trieng"
"11","Aceh","11.08","Kabupaten Aceh Utara","11.08.17","Cot Girek","11.08.17.2016","Lhok Reuhat"
"11","Aceh","11.08","Kabupaten Aceh Utara","11.08.17","Cot Girek","11.08.17.2017","Lueng Baro"
"11","Aceh","11.08","Kabupaten Aceh Utara","11.08.17","Cot Girek","11.08.17.2018","Jeulikat"
"11","Aceh","11.08","Kabupaten Aceh Utara","11.08.17","Cot Girek","11.08.17.2019","Gampong Ara"
"11","Aceh","11.08","Kabupaten Aceh Utara","11.08.17","Cot Girek","11.08.17.2020","Beurandang Dayah"
"11","Aceh","11.08","Kabupaten Aceh Utara","11.08.17","Cot Girek","11.08.17.2021","Beurandang Krueng"
"11","Aceh","11.08","Kabupaten Aceh Utara","11.08.17","Cot Girek","11.08.17.2022","Seupeng"
"11","Aceh","11.08","Kabupaten Aceh Utara","11.08.17","Cot Girek","11.08.17.2023","Beurandang Asan"
"11","Aceh","11.08","Kabupaten Aceh Utara","11.08.17","Cot Girek","11.08.17.2024","Drien II"
"11","Aceh","11.08","Kabupaten Aceh Utara","11.08.18","Langkahan","11.08.18.2001","Cot Bada"
"11","Aceh","11.08","Kabupaten Aceh Utara","11.08.18","Langkahan","11.08.18.2002","Alue Dua"
"11","Aceh","11.08","Kabupaten Aceh Utara","11.08.18","Langkahan","11.08.18.2003","Bantayan"
"11","Aceh","11.08","Kabupaten Aceh Utara","11.08.18","Langkahan","11.08.18.2004","Kampong Blang"
"11","Aceh","11.08","Kabupaten Aceh Utara","11.08.18","Langkahan","11.08.18.2005","Paya Tukai"
"11","Aceh","11.08","Kabupaten Aceh Utara","11.08.18","Langkahan","11.08.18.2006","Matang Keutapang"
"11","Aceh","11.08","Kabupaten Aceh Utara","11.08.18","Langkahan","11.08.18.2007","Krueng Lingka"
"11","Aceh","11.08","Kabupaten Aceh Utara","11.08.18","Langkahan","11.08.18.2008","Simpang Tiga"
"11","Aceh","11.08","Kabupaten Aceh Utara","11.08.18","Langkahan","11.08.18.2009","Matang Rubek"
"11","Aceh","11.08","Kabupaten Aceh Utara","11.08.18","Langkahan","11.08.18.2010","Leubok Mane"
"11","Aceh","11.08","Kabupaten Aceh Utara","11.08.18","Langkahan","11.08.18.2011","Matang Teungoh Selatan"
"11","Aceh","11.08","Kabupaten Aceh Utara","11.08.18","Langkahan","11.08.18.2012","Padang Meuria"
"11","Aceh","11.08","Kabupaten Aceh Utara","11.08.18","Langkahan","11.08.18.2013","Alue Krak Kayee"
"11","Aceh","11.08","Kabupaten Aceh Utara","11.08.18","Langkahan","11.08.18.2014","Tanjong Jawa"
"11","Aceh","11.08","Kabupaten Aceh Utara","11.08.18","Langkahan","11.08.18.2015","Meunasah Blang"
"11","Aceh","11.08","Kabupaten Aceh Utara","11.08.18","Langkahan","11.08.18.2016","Tanjong Dalam Selatan"
"11","Aceh","11.08","Kabupaten Aceh Utara","11.08.18","Langkahan","11.08.18.2017","Geudumbak"
"11","Aceh","11.08","Kabupaten Aceh Utara","11.08.18","Langkahan","11.08.18.2018","Langkahan"
"11","Aceh","11.08","Kabupaten Aceh Utara","11.08.18","Langkahan","11.08.18.2019","Rumoh Rayeuk"
"11","Aceh","11.08","Kabupaten Aceh Utara","11.08.18","Langkahan","11.08.18.2020","Buket Linteung"
"11","Aceh","11.08","Kabupaten Aceh Utara","11.08.18","Langkahan","11.08.18.2021","Lubok Pusaka"
"11","Aceh","11.08","Kabupaten Aceh Utara","11.08.18","Langkahan","11.08.18.2022","Seureuke"
"11","Aceh","11.08","Kabupaten Aceh Utara","11.08.18","Langkahan","11.08.18.2023","Pante Gaki Bale"
"11","Aceh","11.08","Kabupaten Aceh Utara","11.08.19","Baktiya Barat","11.08.19.2001","Keude Sampoiniet"
"11","Aceh","11.08","Kabupaten Aceh Utara","11.08.19","Baktiya Barat","11.08.19.2002","Lhok Iboh"
"11","Aceh","11.08","Kabupaten Aceh Utara","11.08.19","Baktiya Barat","11.08.19.2003","Matang Bayu"
"11","Aceh","11.08","Kabupaten Aceh Utara","11.08.19","Baktiya Barat","11.08.19.2004","Lang Nibong"
"11","Aceh","11.08","Kabupaten Aceh Utara","11.08.19","Baktiya Barat","11.08.19.2005","Blang Seunong"
"11","Aceh","11.08","Kabupaten Aceh Utara","11.08.19","Baktiya Barat","11.08.19.2006","Singgah Mata"
"11","Aceh","11.08","Kabupaten Aceh Utara","11.08.19","Baktiya Barat","11.08.19.2007","Matang Panyang"
"11","Aceh","11.08","Kabupaten Aceh Utara","11.08.19","Baktiya Barat","11.08.19.2008","Matang Ceubrek"
"11","Aceh","11.08","Kabupaten Aceh Utara","11.08.19","Baktiya Barat","11.08.19.2009","Matang Teungoh"
"11","Aceh","11.08","Kabupaten Aceh Utara","11.08.19","Baktiya Barat","11.08.19.2010","Cot Paya"
"11","Aceh","11.08","Kabupaten Aceh Utara","11.08.19","Baktiya Barat","11.08.19.2011","Cot Kupok"
"11","Aceh","11.08","Kabupaten Aceh Utara","11.08.19","Baktiya Barat","11.08.19.2012","Matang Raya Blang Sialet"
"11","Aceh","11.08","Kabupaten Aceh Utara","11.08.19","Baktiya Barat","11.08.19.2013","Pucok Alue Buket"
"11","Aceh","11.08","Kabupaten Aceh Utara","11.08.19","Baktiya Barat","11.08.19.2014","Matang Sijuek Timu"
"11","Aceh","11.08","Kabupaten Aceh Utara","11.08.19","Baktiya Barat","11.08.19.2015","Matang Sijuek Teungoh"
"11","Aceh","11.08","Kabupaten Aceh Utara","11.08.19","Baktiya Barat","11.08.19.2016","Matang Sijuek Barat"
"11","Aceh","11.08","Kabupaten Aceh Utara","11.08.19","Baktiya Barat","11.08.19.2017","Cot Laba"
"11","Aceh","11.08","Kabupaten Aceh Utara","11.08.19","Baktiya Barat","11.08.19.2018","Meunasah Pante"
"11","Aceh","11.08","Kabupaten Aceh Utara","11.08.19","Baktiya Barat","11.08.19.2019","Meurandeh Paya"
"11","Aceh","11.08","Kabupaten Aceh Utara","11.08.19","Baktiya Barat","11.08.19.2020","Cot Murong"
"11","Aceh","11.08","Kabupaten Aceh Utara","11.08.19","Baktiya Barat","11.08.19.2021","Matang Paya"
"11","Aceh","11.08","Kabupaten Aceh Utara","11.08.19","Baktiya Barat","11.08.19.2022","Lhok Euncien"
"11","Aceh","11.08","Kabupaten Aceh Utara","11.08.19","Baktiya Barat","11.08.19.2023","Cot Usen"
"11","Aceh","11.08","Kabupaten Aceh Utara","11.08.19","Baktiya Barat","11.08.19.2024","Meunasah Hagu"
"11","Aceh","11.08","Kabupaten Aceh Utara","11.08.19","Baktiya Barat","11.08.19.2025","Blang Rheue"
"11","Aceh","11.08","Kabupaten Aceh Utara","11.08.19","Baktiya Barat","11.08.19.2026","Paya Bateung"
"11","Aceh","11.08","Kabupaten Aceh Utara","11.08.20","Paya Bakong","11.08.20.2001","Blang Ara"
"11","Aceh","11.08","Kabupaten Aceh Utara","11.08.20","Paya Bakong","11.08.20.2002","Tgk.Dibanda Pirak"
"11","Aceh","11.08","Kabupaten Aceh Utara","11.08.20","Paya Bakong","11.08.20.2003","Paya Meudru"
"11","Aceh","11.08","Kabupaten Aceh Utara","11.08.20","Paya Bakong","11.08.20.2004","Blang Sialet"
"11","Aceh","11.08","Kabupaten Aceh Utara","11.08.20","Paya Bakong","11.08.20.2005","Buket Guru"
"11","Aceh","11.08","Kabupaten Aceh Utara","11.08.20","Paya Bakong","11.08.20.2006","Geulumpang Pirak"
"11","Aceh","11.08","Kabupaten Aceh Utara","11.08.20","Paya Bakong","11.08.20.2007","Alue Lhok"
"11","Aceh","11.08","Kabupaten Aceh Utara","11.08.20","Paya Bakong","11.08.20.2008","Seuneubok Aceh"
"11","Aceh","11.08","Kabupaten Aceh Utara","11.08.20","Paya Bakong","11.08.20.2009","Buket Pidie"
"11","Aceh","11.08","Kabupaten Aceh Utara","11.08.20","Paya Bakong","11.08.20.2010","Kebon Pirak"
"11","Aceh","11.08","Kabupaten Aceh Utara","11.08.20","Paya Bakong","11.08.20.2011","Alue Leukot"
"11","Aceh","11.08","Kabupaten Aceh Utara","11.08.20","Paya Bakong","11.08.20.2012","Blang Mane"
"11","Aceh","11.08","Kabupaten Aceh Utara","11.08.20","Paya Bakong","11.08.20.2013","Peureupok"
"11","Aceh","11.08","Kabupaten Aceh Utara","11.08.20","Paya Bakong","11.08.20.2014","Alue Bieng"
"11","Aceh","11.08","Kabupaten Aceh Utara","11.08.20","Paya Bakong","11.08.20.2015","Pante Seuleumak"
"11","Aceh","11.08","Kabupaten Aceh Utara","11.08.20","Paya Bakong","11.08.20.2016","Meuria Seuleumak"
"11","Aceh","11.08","Kabupaten Aceh Utara","11.08.20","Paya Bakong","11.08.20.2017","Tunong Krueng"
"11","Aceh","11.08","Kabupaten Aceh Utara","11.08.20","Paya Bakong","11.08.20.2018","Geureughek"
"11","Aceh","11.08","Kabupaten Aceh Utara","11.08.20","Paya Bakong","11.08.20.2019","Meunye Seuleumak"
"11","Aceh","11.08","Kabupaten Aceh Utara","11.08.20","Paya Bakong","11.08.20.2020","Simpang"
"11","Aceh","11.08","Kabupaten Aceh Utara","11.08.20","Paya Bakong","11.08.20.2021","Tumpok Mesjid"
"11","Aceh","11.08","Kabupaten Aceh Utara","11.08.20","Paya Bakong","11.08.20.2022","Jok"
"11","Aceh","11.08","Kabupaten Aceh Utara","11.08.20","Paya Bakong","11.08.20.2023","Leuhong"
"11","Aceh","11.08","Kabupaten Aceh Utara","11.08.20","Paya Bakong","11.08.20.2024","Tanjong Burunyong"
"11","Aceh","11.08","Kabupaten Aceh Utara","11.08.20","Paya Bakong","11.08.20.2025","Keude Paya Bakong"
"11","Aceh","11.08","Kabupaten Aceh Utara","11.08.20","Paya Bakong","11.08.20.2026","Blang Gunci"
"11","Aceh","11.08","Kabupaten Aceh Utara","11.08.20","Paya Bakong","11.08.20.2027","Gampong Nga"
"11","Aceh","11.08","Kabupaten Aceh Utara","11.08.20","Paya Bakong","11.08.20.2028","Mampree"
"11","Aceh","11.08","Kabupaten Aceh Utara","11.08.20","Paya Bakong","11.08.20.2029","Matang Panyang"
"11","Aceh","11.08","Kabupaten Aceh Utara","11.08.20","Paya Bakong","11.08.20.2030","Tanjong Drieng"
"11","Aceh","11.08","Kabupaten Aceh Utara","11.08.20","Paya Bakong","11.08.20.2031","Asan Seuleumak"
"11","Aceh","11.08","Kabupaten Aceh Utara","11.08.20","Paya Bakong","11.08.20.2032","Tgk. Dibanda Tek-Tek"
"11","Aceh","11.08","Kabupaten Aceh Utara","11.08.20","Paya Bakong","11.08.20.2033","Cot Teufah"
"11","Aceh","11.08","Kabupaten Aceh Utara","11.08.20","Paya Bakong","11.08.20.2034","Pucok Alue Seuleumak"
"11","Aceh","11.08","Kabupaten Aceh Utara","11.08.20","Paya Bakong","11.08.20.2035","Lueng"
"11","Aceh","11.08","Kabupaten Aceh Utara","11.08.20","Paya Bakong","11.08.20.2036","Cempeudak"
"11","Aceh","11.08","Kabupaten Aceh Utara","11.08.20","Paya Bakong","11.08.20.2037","Blang Paku"
"11","Aceh","11.08","Kabupaten Aceh Utara","11.08.20","Paya Bakong","11.08.20.2038","Blang Dalam"
"11","Aceh","11.08","Kabupaten Aceh Utara","11.08.20","Paya Bakong","11.08.20.2039","Blang Pante"
"11","Aceh","11.08","Kabupaten Aceh Utara","11.08.21","Nibong","11.08.21.2001","Nibong Baroh"
"11","Aceh","11.08","Kabupaten Aceh Utara","11.08.21","Nibong","11.08.21.2002","Nibong Wakheuh"
"11","Aceh","11.08","Kabupaten Aceh Utara","11.08.21","Nibong","11.08.21.2003","Keude Nibong"
"11","Aceh","11.08","Kabupaten Aceh Utara","11.08.21","Nibong","11.08.21.2004","Keupok Nibong"
"11","Aceh","11.08","Kabupaten Aceh Utara","11.08.21","Nibong","11.08.21.2005","Dayah Nibong"
"11","Aceh","11.08","Kabupaten Aceh Utara","11.08.21","Nibong","11.08.21.2006","Sumbok Rayeuk"
"11","Aceh","11.08","Kabupaten Aceh Utara","11.08.21","Nibong","11.08.21.2007","Paya Terbang"
"11","Aceh","11.08","Kabupaten Aceh Utara","11.08.21","Nibong","11.08.21.2008","Teupin Jok"
"11","Aceh","11.08","Kabupaten Aceh Utara","11.08.21","Nibong","11.08.21.2009","Mamplam"
"11","Aceh","11.08","Kabupaten Aceh Utara","11.08.21","Nibong","11.08.21.2010","Keulilee"
"11","Aceh","11.08","Kabupaten Aceh Utara","11.08.21","Nibong","11.08.21.2011","Meunye Lhee"
"11","Aceh","11.08","Kabupaten Aceh Utara","11.08.21","Nibong","11.08.21.2012","Ranto"
"11","Aceh","11.08","Kabupaten Aceh Utara","11.08.21","Nibong","11.08.21.2013","Seulunyok"
"11","Aceh","11.08","Kabupaten Aceh Utara","11.08.21","Nibong","11.08.21.2014","Keh Nibong"
"11","Aceh","11.08","Kabupaten Aceh Utara","11.08.21","Nibong","11.08.21.2015","Alue Ie Mirah"
"11","Aceh","11.08","Kabupaten Aceh Utara","11.08.21","Nibong","11.08.21.2016","Maddi"
"11","Aceh","11.08","Kabupaten Aceh Utara","11.08.21","Nibong","11.08.21.2017","Alue Ngom"
"11","Aceh","11.08","Kabupaten Aceh Utara","11.08.21","Nibong","11.08.21.2018","Tanjong Putoh"
"11","Aceh","11.08","Kabupaten Aceh Utara","11.08.21","Nibong","11.08.21.2019","Bumban"
"11","Aceh","11.08","Kabupaten Aceh Utara","11.08.21","Nibong","11.08.21.2020","Alue Panah"
"11","Aceh","11.08","Kabupaten Aceh Utara","11.08.22","Simpang Keuramat","11.08.22.2001","Keude Simpang Empat"
"11","Aceh","11.08","Kabupaten Aceh Utara","11.08.22","Simpang Keuramat","11.08.22.2002","Seunebok Punti"
"11","Aceh","11.08","Kabupaten Aceh Utara","11.08.22","Simpang Keuramat","11.08.22.2003","Paya Leupah"
"11","Aceh","11.08","Kabupaten Aceh Utara","11.08.22","Simpang Keuramat","11.08.22.2004","Paya Teungoh"
"11","Aceh","11.08","Kabupaten Aceh Utara","11.08.22","Simpang Keuramat","11.08.22.2005","Keubon Baro"
"11","Aceh","11.08","Kabupaten Aceh Utara","11.08.22","Simpang Keuramat","11.08.22.2006","Meunasah Teungoh"
"11","Aceh","11.08","Kabupaten Aceh Utara","11.08.22","Simpang Keuramat","11.08.22.2007","Meunasah Baroh"
"11","Aceh","11.08","Kabupaten Aceh Utara","11.08.22","Simpang Keuramat","11.08.22.2008","Mancang"
"11","Aceh","11.08","Kabupaten Aceh Utara","11.08.22","Simpang Keuramat","11.08.22.2009","Alue Bade"
"11","Aceh","11.08","Kabupaten Aceh Utara","11.08.22","Simpang Keuramat","11.08.22.2010","Meunasah Dayah SPK"
"11","Aceh","11.08","Kabupaten Aceh Utara","11.08.22","Simpang Keuramat","11.08.22.2011","Kilometer VI"
"11","Aceh","11.08","Kabupaten Aceh Utara","11.08.22","Simpang Keuramat","11.08.22.2012","Kilometer VIII"
"11","Aceh","11.08","Kabupaten Aceh Utara","11.08.22","Simpang Keuramat","11.08.22.2013","Ie Tarek I"
"11","Aceh","11.08","Kabupaten Aceh Utara","11.08.22","Simpang Keuramat","11.08.22.2014","Ie Tarek II"
"11","Aceh","11.08","Kabupaten Aceh Utara","11.08.22","Simpang Keuramat","11.08.22.2015","Pase Sentosa"
"11","Aceh","11.08","Kabupaten Aceh Utara","11.08.22","Simpang Keuramat","11.08.22.2016","Blang Raleue"
"11","Aceh","11.08","Kabupaten Aceh Utara","11.08.23","Lapang","11.08.23.2001","Keureutou"
"11","Aceh","11.08","Kabupaten Aceh Utara","11.08.23","Lapang","11.08.23.2002","Lueng Baro"
"11","Aceh","11.08","Kabupaten Aceh Utara","11.08.23","Lapang","11.08.23.2003","Merbo Jurong"
"11","Aceh","11.08","Kabupaten Aceh Utara","11.08.23","Lapang","11.08.23.2004","Merbo Lama"
"11","Aceh","11.08","Kabupaten Aceh Utara","11.08.23","Lapang","11.08.23.2005","Tanjong Dama"
"11","Aceh","11.08","Kabupaten Aceh Utara","11.08.23","Lapang","11.08.23.2006","Geulanggang Baro"
"11","Aceh","11.08","Kabupaten Aceh Utara","11.08.23","Lapang","11.08.23.2007","Matang Tunong"
"11","Aceh","11.08","Kabupaten Aceh Utara","11.08.23","Lapang","11.08.23.2008","Keude Lapang"
"11","Aceh","11.08","Kabupaten Aceh Utara","11.08.23","Lapang","11.08.23.2009","Matang Baroh"
"11","Aceh","11.08","Kabupaten Aceh Utara","11.08.23","Lapang","11.08.23.2010","Kuala Kereuto"
"11","Aceh","11.08","Kabupaten Aceh Utara","11.08.23","Lapang","11.08.23.2011","Kuala Cangkoy"
"11","Aceh","11.08","Kabupaten Aceh Utara","11.08.24","Pirak Timu","11.08.24.2001","Rayeuk Pange"
"11","Aceh","11.08","Kabupaten Aceh Utara","11.08.24","Pirak Timu","11.08.24.2002","Bungong"
"11","Aceh","11.08","Kabupaten Aceh Utara","11.08.24","Pirak Timu","11.08.24.2003","Geulumpang"
"11","Aceh","11.08","Kabupaten Aceh Utara","11.08.24","Pirak Timu","11.08.24.2004","Asan Krueng Kreh"
"11","Aceh","11.08","Kabupaten Aceh Utara","11.08.24","Pirak Timu","11.08.24.2005","Beuracan Rata"
"11","Aceh","11.08","Kabupaten Aceh Utara","11.08.24","Pirak Timu","11.08.24.2006","Reungkam"
"11","Aceh","11.08","Kabupaten Aceh Utara","11.08.24","Pirak Timu","11.08.24.2007","Trieng Krueng Kreh"
"11","Aceh","11.08","Kabupaten Aceh Utara","11.08.24","Pirak Timu","11.08.24.2008","Keutapang"
"11","Aceh","11.08","Kabupaten Aceh Utara","11.08.24","Pirak Timu","11.08.24.2009","Bili Baro"
"11","Aceh","11.08","Kabupaten Aceh Utara","11.08.24","Pirak Timu","11.08.24.2010","Paya Lueng Jalo"
"11","Aceh","11.08","Kabupaten Aceh Utara","11.08.24","Pirak Timu","11.08.24.2011","Alue Rimee"
"11","Aceh","11.08","Kabupaten Aceh Utara","11.08.24","Pirak Timu","11.08.24.2012","Serdang"
"11","Aceh","11.08","Kabupaten Aceh Utara","11.08.24","Pirak Timu","11.08.24.2013","Ara Ton-Ton Moncrang"
"11","Aceh","11.08","Kabupaten Aceh Utara","11.08.24","Pirak Timu","11.08.24.2014","Tanjong Seureukuy"
"11","Aceh","11.08","Kabupaten Aceh Utara","11.08.24","Pirak Timu","11.08.24.2015","Ulee Blang"
"11","Aceh","11.08","Kabupaten Aceh Utara","11.08.24","Pirak Timu","11.08.24.2016","Krueng Pirak"
"11","Aceh","11.08","Kabupaten Aceh Utara","11.08.24","Pirak Timu","11.08.24.2017","Matang Keh"
"11","Aceh","11.08","Kabupaten Aceh Utara","11.08.24","Pirak Timu","11.08.24.2018","Leupe"
"11","Aceh","11.08","Kabupaten Aceh Utara","11.08.24","Pirak Timu","11.08.24.2019","Ceumeucet"
"11","Aceh","11.08","Kabupaten Aceh Utara","11.08.24","Pirak Timu","11.08.24.2020","Teupin U"
"11","Aceh","11.08","Kabupaten Aceh Utara","11.08.24","Pirak Timu","11.08.24.2021","Alue Bungkoh"
"11","Aceh","11.08","Kabupaten Aceh Utara","11.08.24","Pirak Timu","11.08.24.2022","Pucok Alue"
"11","Aceh","11.08","Kabupaten Aceh Utara","11.08.24","Pirak Timu","11.08.24.2023","Meunye Tujoh"
"11","Aceh","11.08","Kabupaten Aceh Utara","11.08.25","Geureudong Pase","11.08.25.2001","Lhok Asan"
"11","Aceh","11.08","Kabupaten Aceh Utara","11.08.25","Geureudong Pase","11.08.25.2002","Darul Aman"
"11","Aceh","11.08","Kabupaten Aceh Utara","11.08.25","Geureudong Pase","11.08.25.2003","Alue Awe"
"11","Aceh","11.08","Kabupaten Aceh Utara","11.08.25","Geureudong Pase","11.08.25.2004","Darussalam"
"11","Aceh","11.08","Kabupaten Aceh Utara","11.08.25","Geureudong Pase","11.08.25.2005","Rayeuk Jawa"
"11","Aceh","11.08","Kabupaten Aceh Utara","11.08.25","Geureudong Pase","11.08.25.2006","Dayah Seupeng"
"11","Aceh","11.08","Kabupaten Aceh Utara","11.08.25","Geureudong Pase","11.08.25.2007","Uram Jalan"
"11","Aceh","11.08","Kabupaten Aceh Utara","11.08.25","Geureudong Pase","11.08.25.2008","Peudari"
"11","Aceh","11.08","Kabupaten Aceh Utara","11.08.25","Geureudong Pase","11.08.25.2009","Krueng Mbang"
"11","Aceh","11.08","Kabupaten Aceh Utara","11.08.25","Geureudong Pase","11.08.25.2010","Pulo Meuria"
"11","Aceh","11.08","Kabupaten Aceh Utara","11.08.25","Geureudong Pase","11.08.25.2011","Suka Damai"
"11","Aceh","11.08","Kabupaten Aceh Utara","11.08.26","Banda Baro","11.08.26.2001","Paya Dua"
"11","Aceh","11.08","Kabupaten Aceh Utara","11.08.26","Banda Baro","11.08.26.2002","Cot Jabet"
"11","Aceh","11.08","Kabupaten Aceh Utara","11.08.26","Banda Baro","11.08.26.2003","Ulee Nyeue"
"11","Aceh","11.08","Kabupaten Aceh Utara","11.08.26","Banda Baro","11.08.26.2004","Paya Uleue"
"11","Aceh","11.08","Kabupaten Aceh Utara","11.08.26","Banda Baro","11.08.26.2005","Jamuan"
"11","Aceh","11.08","Kabupaten Aceh Utara","11.08.26","Banda Baro","11.08.26.2006","Alue Keurinyai"
"11","Aceh","11.08","Kabupaten Aceh Utara","11.08.26","Banda Baro","11.08.26.2007","Sangkelan"
"11","Aceh","11.08","Kabupaten Aceh Utara","11.08.26","Banda Baro","11.08.26.2008","Blang Pala"
"11","Aceh","11.08","Kabupaten Aceh Utara","11.08.26","Banda Baro","11.08.26.2009","Paya Beunyot"
"11","Aceh","11.08","Kabupaten Aceh Utara","11.08.27","Nisam Antara","11.08.27.2001","Alue Dua"
"11","Aceh","11.08","Kabupaten Aceh Utara","11.08.27","Nisam Antara","11.08.27.2002","Seumirah"
"11","Aceh","11.08","Kabupaten Aceh Utara","11.08.27","Nisam Antara","11.08.27.2003","Darussalam"
"11","Aceh","11.08","Kabupaten Aceh Utara","11.08.27","Nisam Antara","11.08.27.2004","Alue Papeun"
"11","Aceh","11.08","Kabupaten Aceh Utara","11.08.27","Nisam Antara","11.08.27.2005","Blang Jrat"
"11","Aceh","11.08","Kabupaten Aceh Utara","11.08.27","Nisam Antara","11.08.27.2006","Blang Pohroh"
"11","Aceh","11.09","Kabupaten Simeulue","11.09.01","Simeulue Tengah","11.09.01.2007","Wel Wel"
"11","Aceh","11.09","Kabupaten Simeulue","11.09.01","Simeulue Tengah","11.09.01.2008","Kampung Aie"
"11","Aceh","11.09","Kabupaten Simeulue","11.09.01","Simeulue Tengah","11.09.01.2009","Lauree"
"11","Aceh","11.09","Kabupaten Simeulue","11.09.01","Simeulue Tengah","11.09.01.2010","Lamayang"
"11","Aceh","11.09","Kabupaten Simeulue","11.09.01","Simeulue Tengah","11.09.01.2011","Lakubang"
"11","Aceh","11.09","Kabupaten Simeulue","11.09.01","Simeulue Tengah","11.09.01.2012","Lambaya"
"11","Aceh","11.09","Kabupaten Simeulue","11.09.01","Simeulue Tengah","11.09.01.2013","Dihit"
"11","Aceh","11.09","Kabupaten Simeulue","11.09.01","Simeulue Tengah","11.09.01.2016","Latitik"
"11","Aceh","11.09","Kabupaten Simeulue","11.09.01","Simeulue Tengah","11.09.01.2017","Wellangkum"
"11","Aceh","11.09","Kabupaten Simeulue","11.09.01","Simeulue Tengah","11.09.01.2018","Kuta Baru"
"11","Aceh","11.09","Kabupaten Simeulue","11.09.01","Simeulue Tengah","11.09.01.2019","Sebbe"
"11","Aceh","11.09","Kabupaten Simeulue","11.09.01","Simeulue Tengah","11.09.01.2020","Suak Baru"
"11","Aceh","11.09","Kabupaten Simeulue","11.09.01","Simeulue Tengah","11.09.01.2021","Luan Sorep"
"11","Aceh","11.09","Kabupaten Simeulue","11.09.01","Simeulue Tengah","11.09.01.2022","Putra Jaya"
"11","Aceh","11.09","Kabupaten Simeulue","11.09.01","Simeulue Tengah","11.09.01.2023","Lauke"
"11","Aceh","11.09","Kabupaten Simeulue","11.09.01","Simeulue Tengah","11.09.01.2024","Situfa Jaya"
"11","Aceh","11.09","Kabupaten Simeulue","11.09.02","Salang","11.09.02.2001","Ujung Salang"
"11","Aceh","11.09","Kabupaten Simeulue","11.09.02","Salang","11.09.02.2002","Padang Unoi"
"11","Aceh","11.09","Kabupaten Simeulue","11.09.02","Salang","11.09.02.2003","Nasreuhe"
"11","Aceh","11.09","Kabupaten Simeulue","11.09.02","Salang","11.09.02.2004","Meunafa"
"11","Aceh","11.09","Kabupaten Simeulue","11.09.02","Salang","11.09.02.2005","Along"
"11","Aceh","11.09","Kabupaten Simeulue","11.09.02","Salang","11.09.02.2006","Panton Lawe"
"11","Aceh","11.09","Kabupaten Simeulue","11.09.02","Salang","11.09.02.2007","Mutiara"
"11","Aceh","11.09","Kabupaten Simeulue","11.09.02","Salang","11.09.02.2008","Tamon Jaya"
"11","Aceh","11.09","Kabupaten Simeulue","11.09.02","Salang","11.09.02.2009","Karya Bakti"
"11","Aceh","11.09","Kabupaten Simeulue","11.09.02","Salang","11.09.02.2010","Jaya Baru"
"11","Aceh","11.09","Kabupaten Simeulue","11.09.02","Salang","11.09.02.2011","Tameng"
"11","Aceh","11.09","Kabupaten Simeulue","11.09.02","Salang","11.09.02.2012","Lalla Bahagia"
"11","Aceh","11.09","Kabupaten Simeulue","11.09.02","Salang","11.09.02.2013","Suak Manang"
"11","Aceh","11.09","Kabupaten Simeulue","11.09.02","Salang","11.09.02.2014","Ganang Pusako"
"11","Aceh","11.09","Kabupaten Simeulue","11.09.02","Salang","11.09.02.2015","Kenangan Jaya"
"11","Aceh","11.09","Kabupaten Simeulue","11.09.02","Salang","11.09.02.2016","Bunga"
"11","Aceh","11.09","Kabupaten Simeulue","11.09.03","Teupah Barat","11.09.03.2001","Silengas"
"11","Aceh","11.09","Kabupaten Simeulue","11.09.03","Teupah Barat","11.09.03.2002","Bunon"
"11","Aceh","11.09","Kabupaten Simeulue","11.09.03","Teupah Barat","11.09.03.2003","Angkeo"
"11","Aceh","11.09","Kabupaten Simeulue","11.09.03","Teupah Barat","11.09.03.2004","Awe Seubal"
"11","Aceh","11.09","Kabupaten Simeulue","11.09.03","Teupah Barat","11.09.03.2005","Laayon"
"11","Aceh","11.09","Kabupaten Simeulue","11.09.03","Teupah Barat","11.09.03.2006","Inor"
"11","Aceh","11.09","Kabupaten Simeulue","11.09.03","Teupah Barat","11.09.03.2007","Salur Lasengalu"
"11","Aceh","11.09","Kabupaten Simeulue","11.09.03","Teupah Barat","11.09.03.2008","Salur Latun"
"11","Aceh","11.09","Kabupaten Simeulue","11.09.03","Teupah Barat","11.09.03.2009","Salur"
"11","Aceh","11.09","Kabupaten Simeulue","11.09.03","Teupah Barat","11.09.03.2010","Pulau Teupah"
"11","Aceh","11.09","Kabupaten Simeulue","11.09.03","Teupah Barat","11.09.03.2011","Awe Kecil"
"11","Aceh","11.09","Kabupaten Simeulue","11.09.03","Teupah Barat","11.09.03.2012","Naibos"
"11","Aceh","11.09","Kabupaten Simeulue","11.09.03","Teupah Barat","11.09.03.2013","Lantik"
"11","Aceh","11.09","Kabupaten Simeulue","11.09.03","Teupah Barat","11.09.03.2014","Leubang Hulu"
"11","Aceh","11.09","Kabupaten Simeulue","11.09.03","Teupah Barat","11.09.03.2015","Leubang"
"11","Aceh","11.09","Kabupaten Simeulue","11.09.03","Teupah Barat","11.09.03.2016","Sital"
"11","Aceh","11.09","Kabupaten Simeulue","11.09.03","Teupah Barat","11.09.03.2017","Maudil"
"11","Aceh","11.09","Kabupaten Simeulue","11.09.03","Teupah Barat","11.09.03.2018","Nancala"
"11","Aceh","11.09","Kabupaten Simeulue","11.09.04","Simeulue Timur","11.09.04.2009","Suak Buluh"
"11","Aceh","11.09","Kabupaten Simeulue","11.09.04","Simeulue Timur","11.09.04.2012","Air Dingin"
"11","Aceh","11.09","Kabupaten Simeulue","11.09.04","Simeulue Timur","11.09.04.2013","Ameria Bahagia"
"11","Aceh","11.09","Kabupaten Simeulue","11.09.04","Simeulue Timur","11.09.04.2014","Suka Jaya"
"11","Aceh","11.09","Kabupaten Simeulue","11.09.04","Simeulue Timur","11.09.04.2015","Suka Maju"
"11","Aceh","11.09","Kabupaten Simeulue","11.09.04","Simeulue Timur","11.09.04.2016","Suka Karya"
"11","Aceh","11.09","Kabupaten Simeulue","11.09.04","Simeulue Timur","11.09.04.2017","Sinabang"
"11","Aceh","11.09","Kabupaten Simeulue","11.09.04","Simeulue Timur","11.09.04.2018","Amaiteng Mulia"
"11","Aceh","11.09","Kabupaten Simeulue","11.09.04","Simeulue Timur","11.09.04.2019","Lugu"
"11","Aceh","11.09","Kabupaten Simeulue","11.09.04","Simeulue Timur","11.09.04.2020","Sefoyan"
"11","Aceh","11.09","Kabupaten Simeulue","11.09.04","Simeulue Timur","11.09.04.2021","Ganting"
"11","Aceh","11.09","Kabupaten Simeulue","11.09.04","Simeulue Timur","11.09.04.2022","Kuala Makmur"
"11","Aceh","11.09","Kabupaten Simeulue","11.09.04","Simeulue Timur","11.09.04.2023","Ujung Tinggi"
"11","Aceh","11.09","Kabupaten Simeulue","11.09.04","Simeulue Timur","11.09.04.2024","Air Pinang"
"11","Aceh","11.09","Kabupaten Simeulue","11.09.04","Simeulue Timur","11.09.04.2025","Pulau Siumat"
"11","Aceh","11.09","Kabupaten Simeulue","11.09.04","Simeulue Timur","11.09.04.2026","Kota Batu"
"11","Aceh","11.09","Kabupaten Simeulue","11.09.04","Simeulue Timur","11.09.04.2028","Linggi"
"11","Aceh","11.09","Kabupaten Simeulue","11.09.05","Teluk Dalam","11.09.05.2001","Babussalam"
"11","Aceh","11.09","Kabupaten Simeulue","11.09.05","Teluk Dalam","11.09.05.2002","Muara Aman"
"11","Aceh","11.09","Kabupaten Simeulue","11.09.05","Teluk Dalam","11.09.05.2003","Gunung Putih"
"11","Aceh","11.09","Kabupaten Simeulue","11.09.05","Teluk Dalam","11.09.05.2004","Lugu Sebahak"
"11","Aceh","11.09","Kabupaten Simeulue","11.09.05","Teluk Dalam","11.09.05.2005","Kuala Bakti"
"11","Aceh","11.09","Kabupaten Simeulue","11.09.05","Teluk Dalam","11.09.05.2006","Bulu Hadik"
"11","Aceh","11.09","Kabupaten Simeulue","11.09.05","Teluk Dalam","11.09.05.2007","Sambay"
"11","Aceh","11.09","Kabupaten Simeulue","11.09.05","Teluk Dalam","11.09.05.2008","Luan Balu"
"11","Aceh","11.09","Kabupaten Simeulue","11.09.05","Teluk Dalam","11.09.05.2009","Tanjung Raya"
"11","Aceh","11.09","Kabupaten Simeulue","11.09.05","Teluk Dalam","11.09.05.2010","Kuala Baru"
"11","Aceh","11.09","Kabupaten Simeulue","11.09.06","Simeulue Barat","11.09.06.2001","Layabaung"
"11","Aceh","11.09","Kabupaten Simeulue","11.09.06","Simeulue Barat","11.09.06.2002","Sembilan"
"11","Aceh","11.09","Kabupaten Simeulue","11.09.06","Simeulue Barat","11.09.06.2003","Sigulai"
"11","Aceh","11.09","Kabupaten Simeulue","11.09.06","Simeulue Barat","11.09.06.2004","Sinar Bahagia"
"11","Aceh","11.09","Kabupaten Simeulue","11.09.06","Simeulue Barat","11.09.06.2005","Lamamek"
"11","Aceh","11.09","Kabupaten Simeulue","11.09.06","Simeulue Barat","11.09.06.2006","Batu Ragi"
"11","Aceh","11.09","Kabupaten Simeulue","11.09.06","Simeulue Barat","11.09.06.2007","Malasin"
"11","Aceh","11.09","Kabupaten Simeulue","11.09.06","Simeulue Barat","11.09.06.2008","Babul Makmur"
"11","Aceh","11.09","Kabupaten Simeulue","11.09.06","Simeulue Barat","11.09.06.2009","Amabaan"
"11","Aceh","11.09","Kabupaten Simeulue","11.09.06","Simeulue Barat","11.09.06.2010","Miteum"
"11","Aceh","11.09","Kabupaten Simeulue","11.09.06","Simeulue Barat","11.09.06.2011","Lhok Bikhau"
"11","Aceh","11.09","Kabupaten Simeulue","11.09.06","Simeulue Barat","11.09.06.2012","Ujung Harapan"
"11","Aceh","11.09","Kabupaten Simeulue","11.09.06","Simeulue Barat","11.09.06.2013","Sanggiran"
"11","Aceh","11.09","Kabupaten Simeulue","11.09.06","Simeulue Barat","11.09.06.2014","Lhok Makmur"
"11","Aceh","11.09","Kabupaten Simeulue","11.09.07","Teupah Selatan","11.09.07.2001","Seneubuk"
"11","Aceh","11.09","Kabupaten Simeulue","11.09.07","Teupah Selatan","11.09.07.2002","Suak Lamatan"
"11","Aceh","11.09","Kabupaten Simeulue","11.09.07","Teupah Selatan","11.09.07.2003","Alus Alus"
"11","Aceh","11.09","Kabupaten Simeulue","11.09.07","Teupah Selatan","11.09.07.2004","Batu Ralang"
"11","Aceh","11.09","Kabupaten Simeulue","11.09.07","Teupah Selatan","11.09.07.2005","Ulul Mayang"
"11","Aceh","11.09","Kabupaten Simeulue","11.09.07","Teupah Selatan","11.09.07.2006","Kebun Baru"
"11","Aceh","11.09","Kabupaten Simeulue","11.09.07","Teupah Selatan","11.09.07.2007","Badegong"
"11","Aceh","11.09","Kabupaten Simeulue","11.09.07","Teupah Selatan","11.09.07.2008","Latiung"
"11","Aceh","11.09","Kabupaten Simeulue","11.09.07","Teupah Selatan","11.09.07.2009","Pasir Tinggi"
"11","Aceh","11.09","Kabupaten Simeulue","11.09.07","Teupah Selatan","11.09.07.2010","Labuhan Jaya"
"11","Aceh","11.09","Kabupaten Simeulue","11.09.07","Teupah Selatan","11.09.07.2011","Labuhan Bajau"
"11","Aceh","11.09","Kabupaten Simeulue","11.09.07","Teupah Selatan","11.09.07.2012","Blang Sebel"
"11","Aceh","11.09","Kabupaten Simeulue","11.09.07","Teupah Selatan","11.09.07.2013","Ana Ao"
"11","Aceh","11.09","Kabupaten Simeulue","11.09.07","Teupah Selatan","11.09.07.2014","Lataling"
"11","Aceh","11.09","Kabupaten Simeulue","11.09.07","Teupah Selatan","11.09.07.2015","Pulau Bangkalak"
"11","Aceh","11.09","Kabupaten Simeulue","11.09.07","Teupah Selatan","11.09.07.2016","Labuhan Bakti"
"11","Aceh","11.09","Kabupaten Simeulue","11.09.07","Teupah Selatan","11.09.07.2017","Trans Jernge"
"11","Aceh","11.09","Kabupaten Simeulue","11.09.07","Teupah Selatan","11.09.07.2018","Trans Meranti"
"11","Aceh","11.09","Kabupaten Simeulue","11.09.07","Teupah Selatan","11.09.07.2019","Trans Baru"
"11","Aceh","11.09","Kabupaten Simeulue","11.09.08","Alafan","11.09.08.2001","Lewak"
"11","Aceh","11.09","Kabupaten Simeulue","11.09.08","Alafan","11.09.08.2002","Lamerem"
"11","Aceh","11.09","Kabupaten Simeulue","11.09.08","Alafan","11.09.08.2003","Lhok Pauh"
"11","Aceh","11.09","Kabupaten Simeulue","11.09.08","Alafan","11.09.08.2004","Serafon"
"11","Aceh","11.09","Kabupaten Simeulue","11.09.08","Alafan","11.09.08.2005","Langi"
"11","Aceh","11.09","Kabupaten Simeulue","11.09.08","Alafan","11.09.08.2006","Lubuk Baik"
"11","Aceh","11.09","Kabupaten Simeulue","11.09.08","Alafan","11.09.08.2007","Lhok Dalam"
"11","Aceh","11.09","Kabupaten Simeulue","11.09.08","Alafan","11.09.08.2008","Lafakha"
"11","Aceh","11.09","Kabupaten Simeulue","11.09.09","Teupah Tengah","11.09.09.2001","Matanurung"
"11","Aceh","11.09","Kabupaten Simeulue","11.09.09","Teupah Tengah","11.09.09.2002","Lasikin"
"11","Aceh","11.09","Kabupaten Simeulue","11.09.09","Teupah Tengah","11.09.09.2003","Lanting"
"11","Aceh","11.09","Kabupaten Simeulue","11.09.09","Teupah Tengah","11.09.09.2004","Busung Indah"
"11","Aceh","11.09","Kabupaten Simeulue","11.09.09","Teupah Tengah","11.09.09.2005","Kahad"
"11","Aceh","11.09","Kabupaten Simeulue","11.09.09","Teupah Tengah","11.09.09.2006","Simpang Abail"
"11","Aceh","11.09","Kabupaten Simeulue","11.09.09","Teupah Tengah","11.09.09.2007","Abail"
"11","Aceh","11.09","Kabupaten Simeulue","11.09.09","Teupah Tengah","11.09.09.2008","Nancawa"
"11","Aceh","11.09","Kabupaten Simeulue","11.09.09","Teupah Tengah","11.09.09.2009","Labuah"
"11","Aceh","11.09","Kabupaten Simeulue","11.09.09","Teupah Tengah","11.09.09.2010","Sua-Sua"
"11","Aceh","11.09","Kabupaten Simeulue","11.09.09","Teupah Tengah","11.09.09.2011","Batu-Batu"
"11","Aceh","11.09","Kabupaten Simeulue","11.09.09","Teupah Tengah","11.09.09.2012","Situbuk"
"11","Aceh","11.09","Kabupaten Simeulue","11.09.10","Simeulue Cut","11.09.10.2001","Bubuhan"
"11","Aceh","11.09","Kabupaten Simeulue","11.09.10","Simeulue Cut","11.09.10.2002","Amarabu"
"11","Aceh","11.09","Kabupaten Simeulue","11.09.10","Simeulue Cut","11.09.10.2003","Kuta Inang"
"11","Aceh","11.09","Kabupaten Simeulue","11.09.10","Simeulue Cut","11.09.10.2004","Kuta Padang"
"11","Aceh","11.09","Kabupaten Simeulue","11.09.10","Simeulue Cut","11.09.10.2005","Sibuluh"
"11","Aceh","11.09","Kabupaten Simeulue","11.09.10","Simeulue Cut","11.09.10.2006","Latak Ayah"
"11","Aceh","11.09","Kabupaten Simeulue","11.09.10","Simeulue Cut","11.09.10.2007","Borengan"
"11","Aceh","11.09","Kabupaten Simeulue","11.09.10","Simeulue Cut","11.09.10.2008","Ujung Padang"
"11","Aceh","11.10","Kabupaten Aceh Singkil","11.10.01","Pulau Banyak","11.10.01.2001","Pulau Balai"
"11","Aceh","11.10","Kabupaten Aceh Singkil","11.10.01","Pulau Banyak","11.10.01.2002","Pulau Baguk"
"11","Aceh","11.10","Kabupaten Aceh Singkil","11.10.01","Pulau Banyak","11.10.01.2004","Teluk Nibung"
"11","Aceh","11.10","Kabupaten Aceh Singkil","11.10.02","Simpang Kanan","11.10.02.2001","Lipat Kajang"
"11","Aceh","11.10","Kabupaten Aceh Singkil","11.10.02","Simpang Kanan","11.10.02.2002","Kain Golong"
"11","Aceh","11.10","Kabupaten Aceh Singkil","11.10.02","Simpang Kanan","11.10.02.2003","Kuta Kerangan"
"11","Aceh","11.10","Kabupaten Aceh Singkil","11.10.02","Simpang Kanan","11.10.02.2004","Siatas"
"11","Aceh","11.10","Kabupaten Aceh Singkil","11.10.02","Simpang Kanan","11.10.02.2005","Pangi"
"11","Aceh","11.10","Kabupaten Aceh Singkil","11.10.02","Simpang Kanan","11.10.02.2006","Sukarejo"
"11","Aceh","11.10","Kabupaten Aceh Singkil","11.10.02","Simpang Kanan","11.10.02.2007","Ujung Limus"
"11","Aceh","11.10","Kabupaten Aceh Singkil","11.10.02","Simpang Kanan","11.10.02.2008","Silatong"
"11","Aceh","11.10","Kabupaten Aceh Singkil","11.10.02","Simpang Kanan","11.10.02.2009","Pertabas"
"11","Aceh","11.10","Kabupaten Aceh Singkil","11.10.02","Simpang Kanan","11.10.02.2010","Lae Riman"
"11","Aceh","11.10","Kabupaten Aceh Singkil","11.10.02","Simpang Kanan","11.10.02.2011","Pakiraman"
"11","Aceh","11.10","Kabupaten Aceh Singkil","11.10.02","Simpang Kanan","11.10.02.2012","Kuta Batu"
"11","Aceh","11.10","Kabupaten Aceh Singkil","11.10.02","Simpang Kanan","11.10.02.2013","Lae Nipe"
"11","Aceh","11.10","Kabupaten Aceh Singkil","11.10.02","Simpang Kanan","11.10.02.2014","Kuta Tinggi"
"11","Aceh","11.10","Kabupaten Aceh Singkil","11.10.02","Simpang Kanan","11.10.02.2015","Tuhtuhan"
"11","Aceh","11.10","Kabupaten Aceh Singkil","11.10.02","Simpang Kanan","11.10.02.2016","Lae Gecih"
"11","Aceh","11.10","Kabupaten Aceh Singkil","11.10.02","Simpang Kanan","11.10.02.2017","Guha"
"11","Aceh","11.10","Kabupaten Aceh Singkil","11.10.02","Simpang Kanan","11.10.02.2018","Lae Gambir"
"11","Aceh","11.10","Kabupaten Aceh Singkil","11.10.02","Simpang Kanan","11.10.02.2019","Cibubukan"
"11","Aceh","11.10","Kabupaten Aceh Singkil","11.10.02","Simpang Kanan","11.10.02.2020","Serasah"
"11","Aceh","11.10","Kabupaten Aceh Singkil","11.10.02","Simpang Kanan","11.10.02.2021","Tugan"
"11","Aceh","11.10","Kabupaten Aceh Singkil","11.10.02","Simpang Kanan","11.10.02.2022","Tanjung Mas"
"11","Aceh","11.10","Kabupaten Aceh Singkil","11.10.02","Simpang Kanan","11.10.02.2023","Lipat Kajang Atas"
"11","Aceh","11.10","Kabupaten Aceh Singkil","11.10.02","Simpang Kanan","11.10.02.2024","Sidodadi"
"11","Aceh","11.10","Kabupaten Aceh Singkil","11.10.02","Simpang Kanan","11.10.02.2025","Pandan Sari"
"11","Aceh","11.10","Kabupaten Aceh Singkil","11.10.04","Singkil","11.10.04.2001","Pasar"
"11","Aceh","11.10","Kabupaten Aceh Singkil","11.10.04","Singkil","11.10.04.2002","Ujung"
"11","Aceh","11.10","Kabupaten Aceh Singkil","11.10.04","Singkil","11.10.04.2003","Pulo Sarok"
"11","Aceh","11.10","Kabupaten Aceh Singkil","11.10.04","Singkil","11.10.04.2004","Kilangan"
"11","Aceh","11.10","Kabupaten Aceh Singkil","11.10.04","Singkil","11.10.04.2005","Kuta Simboling"
"11","Aceh","11.10","Kabupaten Aceh Singkil","11.10.04","Singkil","11.10.04.2007","Teluk Ambun"
"11","Aceh","11.10","Kabupaten Aceh Singkil","11.10.04","Singkil","11.10.04.2008","Rantau Gedang"
"11","Aceh","11.10","Kabupaten Aceh Singkil","11.10.04","Singkil","11.10.04.2009","Teluk Rumbia"
"11","Aceh","11.10","Kabupaten Aceh Singkil","11.10.04","Singkil","11.10.04.2010","Pea Bumbung"
"11","Aceh","11.10","Kabupaten Aceh Singkil","11.10.04","Singkil","11.10.04.2011","Pemuka"
"11","Aceh","11.10","Kabupaten Aceh Singkil","11.10.04","Singkil","11.10.04.2012","Takal pasir"
"11","Aceh","11.10","Kabupaten Aceh Singkil","11.10.04","Singkil","11.10.04.2014","Selok Aceh"
"11","Aceh","11.10","Kabupaten Aceh Singkil","11.10.04","Singkil","11.10.04.2016","Suka Makmur"
"11","Aceh","11.10","Kabupaten Aceh Singkil","11.10.04","Singkil","11.10.04.2017","Ujung Bawang"
"11","Aceh","11.10","Kabupaten Aceh Singkil","11.10.04","Singkil","11.10.04.2019","Siti Ambia"
"11","Aceh","11.10","Kabupaten Aceh Singkil","11.10.04","Singkil","11.10.04.2020","Suka Damai"
"11","Aceh","11.10","Kabupaten Aceh Singkil","11.10.06","Gunung Meriah","11.10.06.2001","Tanjung Betik"
"11","Aceh","11.10","Kabupaten Aceh Singkil","11.10.06","Gunung Meriah","11.10.06.2002","Penjahitan"
"11","Aceh","11.10","Kabupaten Aceh Singkil","11.10.06","Gunung Meriah","11.10.06.2003","Bukit Harapan"
"11","Aceh","11.10","Kabupaten Aceh Singkil","11.10.06","Gunung Meriah","11.10.06.2004","Cingkam"
"11","Aceh","11.10","Kabupaten Aceh Singkil","11.10.06","Gunung Meriah","11.10.06.2005","Labuhan Kera"
"11","Aceh","11.10","Kabupaten Aceh Singkil","11.10.06","Gunung Meriah","11.10.06.2006","Tanah Bara"
"11","Aceh","11.10","Kabupaten Aceh Singkil","11.10.06","Gunung Meriah","11.10.06.2007","Rimo"
"11","Aceh","11.10","Kabupaten Aceh Singkil","11.10.06","Gunung Meriah","11.10.06.2008","Blok VI Baru"
"11","Aceh","11.10","Kabupaten Aceh Singkil","11.10.06","Gunung Meriah","11.10.06.2009","Blok 15"
"11","Aceh","11.10","Kabupaten Aceh Singkil","11.10.06","Gunung Meriah","11.10.06.2010","Blok 18"
"11","Aceh","11.10","Kabupaten Aceh Singkil","11.10.06","Gunung Meriah","11.10.06.2011","Blok 31"
"11","Aceh","11.10","Kabupaten Aceh Singkil","11.10.06","Gunung Meriah","11.10.06.2012","Sidorejo"
"11","Aceh","11.10","Kabupaten Aceh Singkil","11.10.06","Gunung Meriah","11.10.06.2013","Suka Makmur"
"11","Aceh","11.10","Kabupaten Aceh Singkil","11.10.06","Gunung Meriah","11.10.06.2014","Gunung Lagan"
"11","Aceh","11.10","Kabupaten Aceh Singkil","11.10.06","Gunung Meriah","11.10.06.2015","Perangusan"
"11","Aceh","11.10","Kabupaten Aceh Singkil","11.10.06","Gunung Meriah","11.10.06.2016","Seping Baru"
"11","Aceh","11.10","Kabupaten Aceh Singkil","11.10.06","Gunung Meriah","11.10.06.2017","Sebatang"
"11","Aceh","11.10","Kabupaten Aceh Singkil","11.10.06","Gunung Meriah","11.10.06.2018","Tanah Merah"
"11","Aceh","11.10","Kabupaten Aceh Singkil","11.10.06","Gunung Meriah","11.10.06.2019","Pertampakan"
"11","Aceh","11.10","Kabupaten Aceh Singkil","11.10.06","Gunung Meriah","11.10.06.2020","Pandan Sari"
"11","Aceh","11.10","Kabupaten Aceh Singkil","11.10.06","Gunung Meriah","11.10.06.2021","Sanggaberu Silulusan"
"11","Aceh","11.10","Kabupaten Aceh Singkil","11.10.06","Gunung Meriah","11.10.06.2022","Tulaan"
"11","Aceh","11.10","Kabupaten Aceh Singkil","11.10.06","Gunung Meriah","11.10.06.2023","Tunas Harapan"
"11","Aceh","11.10","Kabupaten Aceh Singkil","11.10.06","Gunung Meriah","11.10.06.2024","Lae Butar"
"11","Aceh","11.10","Kabupaten Aceh Singkil","11.10.06","Gunung Meriah","11.10.06.2025","Sianjo-Anjo Meriah"
"11","Aceh","11.10","Kabupaten Aceh Singkil","11.10.09","Kota Baharu","11.10.09.2001","Lentong"
"11","Aceh","11.10","Kabupaten Aceh Singkil","11.10.09","Kota Baharu","11.10.09.2002","Lapahan Buaya"
"11","Aceh","11.10","Kabupaten Aceh Singkil","11.10.09","Kota Baharu","11.10.09.2003","Butar"
"11","Aceh","11.10","Kabupaten Aceh Singkil","11.10.09","Kota Baharu","11.10.09.2004","Samar Dua"
"11","Aceh","11.10","Kabupaten Aceh Singkil","11.10.09","Kota Baharu","11.10.09.2005","Ladang Bisik"
"11","Aceh","11.10","Kabupaten Aceh Singkil","11.10.09","Kota Baharu","11.10.09.2006","Muara Pea"
"11","Aceh","11.10","Kabupaten Aceh Singkil","11.10.09","Kota Baharu","11.10.09.2008","Sumber Mukti"
"11","Aceh","11.10","Kabupaten Aceh Singkil","11.10.09","Kota Baharu","11.10.09.2009","Mukti Lincer"
"11","Aceh","11.10","Kabupaten Aceh Singkil","11.10.09","Kota Baharu","11.10.09.2010","Danau Bungara"
"11","Aceh","11.10","Kabupaten Aceh Singkil","11.10.10","Singkil Utara","11.10.10.2001","Gosong Telaga Utara"
"11","Aceh","11.10","Kabupaten Aceh Singkil","11.10.10","Singkil Utara","11.10.10.2002","Gosong Telaga Selatan"
"11","Aceh","11.10","Kabupaten Aceh Singkil","11.10.10","Singkil Utara","11.10.10.2003","Kampung Baru"
"11","Aceh","11.10","Kabupaten Aceh Singkil","11.10.10","Singkil Utara","11.10.10.2004","Ketapang Indah"
"11","Aceh","11.10","Kabupaten Aceh Singkil","11.10.10","Singkil Utara","11.10.10.2005","Gosong Telaga Timur"
"11","Aceh","11.10","Kabupaten Aceh Singkil","11.10.10","Singkil Utara","11.10.10.2006","Gosong Telaga Barat"
"11","Aceh","11.10","Kabupaten Aceh Singkil","11.10.10","Singkil Utara","11.10.10.2007","Telaga Bakti"
"11","Aceh","11.10","Kabupaten Aceh Singkil","11.10.11","Danau Paris","11.10.11.2001","Lae Balno"
"11","Aceh","11.10","Kabupaten Aceh Singkil","11.10.11","Danau Paris","11.10.11.2002","Napagaluh"
"11","Aceh","11.10","Kabupaten Aceh Singkil","11.10.11","Danau Paris","11.10.11.2003","Sikoran"
"11","Aceh","11.10","Kabupaten Aceh Singkil","11.10.11","Danau Paris","11.10.11.2004","Situbuh-tubuh"
"11","Aceh","11.10","Kabupaten Aceh Singkil","11.10.11","Danau Paris","11.10.11.2005","Biskang"
"11","Aceh","11.10","Kabupaten Aceh Singkil","11.10.11","Danau Paris","11.10.11.2006","Sintuban Makmur"
"11","Aceh","11.10","Kabupaten Aceh Singkil","11.10.12","Suro Makmur","11.10.12.2001","Suro Makmur"
"11","Aceh","11.10","Kabupaten Aceh Singkil","11.10.12","Suro Makmur","11.10.12.2002","Pangkalan Sulampi"
"11","Aceh","11.10","Kabupaten Aceh Singkil","11.10.12","Suro Makmur","11.10.12.2003","Bulu Sema"
"11","Aceh","11.10","Kabupaten Aceh Singkil","11.10.12","Suro Makmur","11.10.12.2004","Lae Bangun"
"11","Aceh","11.10","Kabupaten Aceh Singkil","11.10.12","Suro Makmur","11.10.12.2005","Alur Linci"
"11","Aceh","11.10","Kabupaten Aceh Singkil","11.10.12","Suro Makmur","11.10.12.2006","Siompin"
"11","Aceh","11.10","Kabupaten Aceh Singkil","11.10.12","Suro Makmur","11.10.12.2007","Ketangkuhan"
"11","Aceh","11.10","Kabupaten Aceh Singkil","11.10.12","Suro Makmur","11.10.12.2008","Keras"
"11","Aceh","11.10","Kabupaten Aceh Singkil","11.10.12","Suro Makmur","11.10.12.2009","Mandumpang"
"11","Aceh","11.10","Kabupaten Aceh Singkil","11.10.12","Suro Makmur","11.10.12.2010","Sirimo Mungkur"
"11","Aceh","11.10","Kabupaten Aceh Singkil","11.10.12","Suro Makmur","11.10.12.2011","Bulu Ara"
"11","Aceh","11.10","Kabupaten Aceh Singkil","11.10.13","Singkohor","11.10.13.2001","Singkohor"
"11","Aceh","11.10","Kabupaten Aceh Singkil","11.10.13","Singkohor","11.10.13.2002","Lae Sipola"
"11","Aceh","11.10","Kabupaten Aceh Singkil","11.10.13","Singkohor","11.10.13.2003","Lae Pinang"
"11","Aceh","11.10","Kabupaten Aceh Singkil","11.10.13","Singkohor","11.10.13.2004","Mukti Jaya"
"11","Aceh","11.10","Kabupaten Aceh Singkil","11.10.13","Singkohor","11.10.13.2006","Sri Kayu"
"11","Aceh","11.10","Kabupaten Aceh Singkil","11.10.13","Singkohor","11.10.13.2007","Pea Jambu"
"11","Aceh","11.10","Kabupaten Aceh Singkil","11.10.14","Kuala Baru","11.10.14.2001","Kuala Baru Laut"
"11","Aceh","11.10","Kabupaten Aceh Singkil","11.10.14","Kuala Baru","11.10.14.2002","Kuala Baru Sungai"
"11","Aceh","11.10","Kabupaten Aceh Singkil","11.10.14","Kuala Baru","11.10.14.2003","Suka Jaya"
"11","Aceh","11.10","Kabupaten Aceh Singkil","11.10.14","Kuala Baru","11.10.14.2004","Kayu Menang"
"11","Aceh","11.10","Kabupaten Aceh Singkil","11.10.16","Pulau Banyak Barat","11.10.16.2001","Haloban"
"11","Aceh","11.10","Kabupaten Aceh Singkil","11.10.16","Pulau Banyak Barat","11.10.16.2002","Asantola"
"11","Aceh","11.10","Kabupaten Aceh Singkil","11.10.16","Pulau Banyak Barat","11.10.16.2003","Ujung Sialit"
"11","Aceh","11.10","Kabupaten Aceh Singkil","11.10.16","Pulau Banyak Barat","11.10.16.2004","Suka Makmur"
"11","Aceh","11.11","Kabupaten Bireuen","11.11.01","Samalanga","11.11.01.2001","Keude Aceh"
"11","Aceh","11.11","Kabupaten Bireuen","11.11.01","Samalanga","11.11.01.2002","Sangso"
"11","Aceh","11.11","Kabupaten Bireuen","11.11.01","Samalanga","11.11.01.2003","Pante Rheng"
"11","Aceh","11.11","Kabupaten Bireuen","11.11.01","Samalanga","11.11.01.2004","Meuliek"
"11","Aceh","11.11","Kabupaten Bireuen","11.11.01","Samalanga","11.11.01.2005","Namploh Baro"
"11","Aceh","11.11","Kabupaten Bireuen","11.11.01","Samalanga","11.11.01.2006","Namploh Manyang"
"11","Aceh","11.11","Kabupaten Bireuen","11.11.01","Samalanga","11.11.01.2007","Namploh Blanggarang"
"11","Aceh","11.11","Kabupaten Bireuen","11.11.01","Samalanga","11.11.01.2008","Namploh Krueng"
"11","Aceh","11.11","Kabupaten Bireuen","11.11.01","Samalanga","11.11.01.2009","Namploh Papeun"
"11","Aceh","11.11","Kabupaten Bireuen","11.11.01","Samalanga","11.11.01.2010","Meunasah Lueng"
"11","Aceh","11.11","Kabupaten Bireuen","11.11.01","Samalanga","11.11.01.2011","Lhok Seumira"
"11","Aceh","11.11","Kabupaten Bireuen","11.11.01","Samalanga","11.11.01.2012","Ulee Jeumatan"
"11","Aceh","11.11","Kabupaten Bireuen","11.11.01","Samalanga","11.11.01.2013","Lancok"
"11","Aceh","11.11","Kabupaten Bireuen","11.11.01","Samalanga","11.11.01.2014","Paloh"
"11","Aceh","11.11","Kabupaten Bireuen","11.11.01","Samalanga","11.11.01.2015","Mesjid Baro"
"11","Aceh","11.11","Kabupaten Bireuen","11.11.01","Samalanga","11.11.01.2016","Batee Iliek"
"11","Aceh","11.11","Kabupaten Bireuen","11.11.01","Samalanga","11.11.01.2017","Pulo Baroh"
"11","Aceh","11.11","Kabupaten Bireuen","11.11.01","Samalanga","11.11.01.2018","Matang Wakeuh"
"11","Aceh","11.11","Kabupaten Bireuen","11.11.01","Samalanga","11.11.01.2019","Darussalam"
"11","Aceh","11.11","Kabupaten Bireuen","11.11.01","Samalanga","11.11.01.2020","Matang Jareung"
"11","Aceh","11.11","Kabupaten Bireuen","11.11.01","Samalanga","11.11.01.2021","Matang"
"11","Aceh","11.11","Kabupaten Bireuen","11.11.01","Samalanga","11.11.01.2022","Cot Mane"
"11","Aceh","11.11","Kabupaten Bireuen","11.11.01","Samalanga","11.11.01.2023","Alue Barat"
"11","Aceh","11.11","Kabupaten Bireuen","11.11.01","Samalanga","11.11.01.2024","Cot Siren"
"11","Aceh","11.11","Kabupaten Bireuen","11.11.01","Samalanga","11.11.01.2025","Ulee Alue"
"11","Aceh","11.11","Kabupaten Bireuen","11.11.01","Samalanga","11.11.01.2026","Pineung Siribee"
"11","Aceh","11.11","Kabupaten Bireuen","11.11.01","Samalanga","11.11.01.2027","Gampong Baro"
"11","Aceh","11.11","Kabupaten Bireuen","11.11.01","Samalanga","11.11.01.2028","Kandang"
"11","Aceh","11.11","Kabupaten Bireuen","11.11.01","Samalanga","11.11.01.2029","Gampong Putoh"
"11","Aceh","11.11","Kabupaten Bireuen","11.11.01","Samalanga","11.11.01.2030","Mideun Jok"
"11","Aceh","11.11","Kabupaten Bireuen","11.11.01","Samalanga","11.11.01.2031","Mideun Geudong"
"11","Aceh","11.11","Kabupaten Bireuen","11.11.01","Samalanga","11.11.01.2032","Lueng Keubeu"
"11","Aceh","11.11","Kabupaten Bireuen","11.11.01","Samalanga","11.11.01.2033","Glumpang Bungkok"
"11","Aceh","11.11","Kabupaten Bireuen","11.11.01","Samalanga","11.11.01.2034","Gampong Meulum"
"11","Aceh","11.11","Kabupaten Bireuen","11.11.01","Samalanga","11.11.01.2035","Cot Meurak Baroh"
"11","Aceh","11.11","Kabupaten Bireuen","11.11.01","Samalanga","11.11.01.2036","Cot Meurak Blang"
"11","Aceh","11.11","Kabupaten Bireuen","11.11.01","Samalanga","11.11.01.2037","Meurah"
"11","Aceh","11.11","Kabupaten Bireuen","11.11.01","Samalanga","11.11.01.2038","Ulee Ue"
"11","Aceh","11.11","Kabupaten Bireuen","11.11.01","Samalanga","11.11.01.2039","Matang Teungoh"
"11","Aceh","11.11","Kabupaten Bireuen","11.11.01","Samalanga","11.11.01.2040","Tanjong Baro"
"11","Aceh","11.11","Kabupaten Bireuen","11.11.01","Samalanga","11.11.01.2041","Angkieng Barat"
"11","Aceh","11.11","Kabupaten Bireuen","11.11.01","Samalanga","11.11.01.2042","Meunasah Lincah"
"11","Aceh","11.11","Kabupaten Bireuen","11.11.01","Samalanga","11.11.01.2043","Meunasah Lancok"
"11","Aceh","11.11","Kabupaten Bireuen","11.11.01","Samalanga","11.11.01.2044","Meunasah Puuk"
"11","Aceh","11.11","Kabupaten Bireuen","11.11.01","Samalanga","11.11.01.2045","Tanjongan Idem"
"11","Aceh","11.11","Kabupaten Bireuen","11.11.01","Samalanga","11.11.01.2084","Geulumpang Payong"
"11","Aceh","11.11","Kabupaten Bireuen","11.11.02","Jeunieb","11.11.02.2018","Blang Me Timu"
"11","Aceh","11.11","Kabupaten Bireuen","11.11.02","Jeunieb","11.11.02.2019","Lancang"
"11","Aceh","11.11","Kabupaten Bireuen","11.11.02","Jeunieb","11.11.02.2020","Blang Lancang"
"11","Aceh","11.11","Kabupaten Bireuen","11.11.02","Jeunieb","11.11.02.2021","Teupin Kupula"
"11","Aceh","11.11","Kabupaten Bireuen","11.11.02","Jeunieb","11.11.02.2022","Tanjong Bungong"
"11","Aceh","11.11","Kabupaten Bireuen","11.11.02","Jeunieb","11.11.02.2023","Dayah Baro"
"11","Aceh","11.11","Kabupaten Bireuen","11.11.02","Jeunieb","11.11.02.2024","Ulee Rabo"
"11","Aceh","11.11","Kabupaten Bireuen","11.11.02","Jeunieb","11.11.02.2025","Lueng Teungoh"
"11","Aceh","11.11","Kabupaten Bireuen","11.11.02","Jeunieb","11.11.02.2026","Lampoh Oe"
"11","Aceh","11.11","Kabupaten Bireuen","11.11.02","Jeunieb","11.11.02.2027","Pulo Rangkileh"
"11","Aceh","11.11","Kabupaten Bireuen","11.11.02","Jeunieb","11.11.02.2028","Tufah"
"11","Aceh","11.11","Kabupaten Bireuen","11.11.02","Jeunieb","11.11.02.2029","Sampo Ajad"
"11","Aceh","11.11","Kabupaten Bireuen","11.11.02","Jeunieb","11.11.02.2030","Darul Aman"
"11","Aceh","11.11","Kabupaten Bireuen","11.11.02","Jeunieb","11.11.02.2031","Lhok Kulam"
"11","Aceh","11.11","Kabupaten Bireuen","11.11.02","Jeunieb","11.11.02.2032","Ulee Blang"
"11","Aceh","11.11","Kabupaten Bireuen","11.11.02","Jeunieb","11.11.02.2033","Uteun Peupaleh"
"11","Aceh","11.11","Kabupaten Bireuen","11.11.02","Jeunieb","11.11.02.2034","Ulee Gajah"
"11","Aceh","11.11","Kabupaten Bireuen","11.11.02","Jeunieb","11.11.02.2035","Alue Seutui"
"11","Aceh","11.11","Kabupaten Bireuen","11.11.02","Jeunieb","11.11.02.2036","Blang Neubok"
"11","Aceh","11.11","Kabupaten Bireuen","11.11.02","Jeunieb","11.11.02.2037","Matang Bangka"
"11","Aceh","11.11","Kabupaten Bireuen","11.11.02","Jeunieb","11.11.02.2038","Matang Teungoh"
"11","Aceh","11.11","Kabupaten Bireuen","11.11.02","Jeunieb","11.11.02.2039","Matang Nibong"
"11","Aceh","11.11","Kabupaten Bireuen","11.11.02","Jeunieb","11.11.02.2040","Blang Me Barat"
"11","Aceh","11.11","Kabupaten Bireuen","11.11.02","Jeunieb","11.11.02.2041","Keude Jeunieb"
"11","Aceh","11.11","Kabupaten Bireuen","11.11.02","Jeunieb","11.11.02.2042","Cot Geulumpang Baroh"
"11","Aceh","11.11","Kabupaten Bireuen","11.11.02","Jeunieb","11.11.02.2043","Cot Geulumpang Tunong"
"11","Aceh","11.11","Kabupaten Bireuen","11.11.02","Jeunieb","11.11.02.2044","Meunasah Keutapang"
"11","Aceh","11.11","Kabupaten Bireuen","11.11.02","Jeunieb","11.11.02.2045","Meunasah Dayah"
"11","Aceh","11.11","Kabupaten Bireuen","11.11.02","Jeunieb","11.11.02.2046","Lheu Simpang"
"11","Aceh","11.11","Kabupaten Bireuen","11.11.02","Jeunieb","11.11.02.2047","Lheu Barat"
"11","Aceh","11.11","Kabupaten Bireuen","11.11.02","Jeunieb","11.11.02.2048","Jeumpa Sikureng"
"11","Aceh","11.11","Kabupaten Bireuen","11.11.02","Jeunieb","11.11.02.2049","Janggot Seungko"
"11","Aceh","11.11","Kabupaten Bireuen","11.11.02","Jeunieb","11.11.02.2050","Meunasah Tambo"
"11","Aceh","11.11","Kabupaten Bireuen","11.11.02","Jeunieb","11.11.02.2051","Meunasah Keupula"
"11","Aceh","11.11","Kabupaten Bireuen","11.11.02","Jeunieb","11.11.02.2052","Meunasah Tunong Lueng"
"11","Aceh","11.11","Kabupaten Bireuen","11.11.02","Jeunieb","11.11.02.2053","Meunasah Alue"
"11","Aceh","11.11","Kabupaten Bireuen","11.11.02","Jeunieb","11.11.02.2054","Blang Pohroh"
"11","Aceh","11.11","Kabupaten Bireuen","11.11.02","Jeunieb","11.11.02.2057","Meunasah Lueng"
"11","Aceh","11.11","Kabupaten Bireuen","11.11.02","Jeunieb","11.11.02.2058","Dayah Blang Raleu"
"11","Aceh","11.11","Kabupaten Bireuen","11.11.02","Jeunieb","11.11.02.2059","Meunasah Blang"
"11","Aceh","11.11","Kabupaten Bireuen","11.11.02","Jeunieb","11.11.02.2060","Alue Lamsaba"
"11","Aceh","11.11","Kabupaten Bireuen","11.11.02","Jeunieb","11.11.02.2061","Meunasah Kota"
"11","Aceh","11.11","Kabupaten Bireuen","11.11.02","Jeunieb","11.11.02.2062","Paya Bili"
"11","Aceh","11.11","Kabupaten Bireuen","11.11.03","Peudada","11.11.03.2001","Lawang"
"11","Aceh","11.11","Kabupaten Bireuen","11.11.03","Peudada","11.11.03.2002","Matang Reuleut"
"11","Aceh","11.11","Kabupaten Bireuen","11.11.03","Peudada","11.11.03.2003","Meunasah Krueng"
"11","Aceh","11.11","Kabupaten Bireuen","11.11.03","Peudada","11.11.03.2004","Cot Keutapang"
"11","Aceh","11.11","Kabupaten Bireuen","11.11.03","Peudada","11.11.03.2005","Meunasah Rabo"
"11","Aceh","11.11","Kabupaten Bireuen","11.11.03","Peudada","11.11.03.2006","Meunasah Tambo"
"11","Aceh","11.11","Kabupaten Bireuen","11.11.03","Peudada","11.11.03.2007","Meunasah Baroh"
"11","Aceh","11.11","Kabupaten Bireuen","11.11.03","Peudada","11.11.03.2008","Meunasah Pulo"
"11","Aceh","11.11","Kabupaten Bireuen","11.11.03","Peudada","11.11.03.2009","Matang Pasi"
"11","Aceh","11.11","Kabupaten Bireuen","11.11.03","Peudada","11.11.03.2010","Blang Kubu"
"11","Aceh","11.11","Kabupaten Bireuen","11.11.03","Peudada","11.11.03.2011","Garot"
"11","Aceh","11.11","Kabupaten Bireuen","11.11.03","Peudada","11.11.03.2012","Ara Bungong"
"11","Aceh","11.11","Kabupaten Bireuen","11.11.03","Peudada","11.11.03.2013","Jabet"
"11","Aceh","11.11","Kabupaten Bireuen","11.11.03","Peudada","11.11.03.2014","Sawang"
"11","Aceh","11.11","Kabupaten Bireuen","11.11.03","Peudada","11.11.03.2015","Blang Beururu"
"11","Aceh","11.11","Kabupaten Bireuen","11.11.03","Peudada","11.11.03.2016","Hagu"
"11","Aceh","11.11","Kabupaten Bireuen","11.11.03","Peudada","11.11.03.2017","Blang Rangkuluh"
"11","Aceh","11.11","Kabupaten Bireuen","11.11.03","Peudada","11.11.03.2018","Meunasah Bungo"
"11","Aceh","11.11","Kabupaten Bireuen","11.11.03","Peudada","11.11.03.2019","Paya Beunot"
"11","Aceh","11.11","Kabupaten Bireuen","11.11.03","Peudada","11.11.03.2020","Meunasah Tunong"
"11","Aceh","11.11","Kabupaten Bireuen","11.11.03","Peudada","11.11.03.2021","Meunasah Alue"
"11","Aceh","11.11","Kabupaten Bireuen","11.11.03","Peudada","11.11.03.2022","Meunasah Cut"
"11","Aceh","11.11","Kabupaten Bireuen","11.11.03","Peudada","11.11.03.2023","Gampong Mesjid"
"11","Aceh","11.11","Kabupaten Bireuen","11.11.03","Peudada","11.11.03.2024","Meunasah Teungoh"
"11","Aceh","11.11","Kabupaten Bireuen","11.11.03","Peudada","11.11.03.2025","Meunasah Blang"
"11","Aceh","11.11","Kabupaten Bireuen","11.11.03","Peudada","11.11.03.2026","Kukue"
"11","Aceh","11.11","Kabupaten Bireuen","11.11.03","Peudada","11.11.03.2027","Blang Matang"
"11","Aceh","11.11","Kabupaten Bireuen","11.11.03","Peudada","11.11.03.2028","Blang Glumpang"
"11","Aceh","11.11","Kabupaten Bireuen","11.11.03","Peudada","11.11.03.2029","Gampong Baro"
"11","Aceh","11.11","Kabupaten Bireuen","11.11.03","Peudada","11.11.03.2030","Gampong Paya"
"11","Aceh","11.11","Kabupaten Bireuen","11.11.03","Peudada","11.11.03.2031","Seuneubok Paya"
"11","Aceh","11.11","Kabupaten Bireuen","11.11.03","Peudada","11.11.03.2032","Pulo Lawang"
"11","Aceh","11.11","Kabupaten Bireuen","11.11.03","Peudada","11.11.03.2033","Keude Alue Rheng"
"11","Aceh","11.11","Kabupaten Bireuen","11.11.03","Peudada","11.11.03.2034","Karieng"
"11","Aceh","11.11","Kabupaten Bireuen","11.11.03","Peudada","11.11.03.2035","Pulo Ara"
"11","Aceh","11.11","Kabupaten Bireuen","11.11.03","Peudada","11.11.03.2036","Cot Laot"
"11","Aceh","11.11","Kabupaten Bireuen","11.11.03","Peudada","11.11.03.2037","Alue Sijuek"
"11","Aceh","11.11","Kabupaten Bireuen","11.11.03","Peudada","11.11.03.2038","Blang Bati"
"11","Aceh","11.11","Kabupaten Bireuen","11.11.03","Peudada","11.11.03.2039","Buket Paya"
"11","Aceh","11.11","Kabupaten Bireuen","11.11.03","Peudada","11.11.03.2040","Dayah Mon Ara"
"11","Aceh","11.11","Kabupaten Bireuen","11.11.03","Peudada","11.11.03.2041","Calok"
"11","Aceh","11.11","Kabupaten Bireuen","11.11.03","Peudada","11.11.03.2042","Cot Kruet"
"11","Aceh","11.11","Kabupaten Bireuen","11.11.03","Peudada","11.11.03.2043","Tanjong Seulamat"
"11","Aceh","11.11","Kabupaten Bireuen","11.11.03","Peudada","11.11.03.2044","Jaba"
"11","Aceh","11.11","Kabupaten Bireuen","11.11.03","Peudada","11.11.03.2045","Alue Gandai"
"11","Aceh","11.11","Kabupaten Bireuen","11.11.03","Peudada","11.11.03.2046","Neubok Naleung"
"11","Aceh","11.11","Kabupaten Bireuen","11.11.03","Peudada","11.11.03.2047","Paya Timu"
"11","Aceh","11.11","Kabupaten Bireuen","11.11.03","Peudada","11.11.03.2048","Gampong Mulia"
"11","Aceh","11.11","Kabupaten Bireuen","11.11.03","Peudada","11.11.03.2049","Pinto Rimba"
"11","Aceh","11.11","Kabupaten Bireuen","11.11.03","Peudada","11.11.03.2050","Alue Keutapang"
"11","Aceh","11.11","Kabupaten Bireuen","11.11.03","Peudada","11.11.03.2051","Tgk. Di Bathon"
"11","Aceh","11.11","Kabupaten Bireuen","11.11.03","Peudada","11.11.03.2052","Paya Barat"
"11","Aceh","11.11","Kabupaten Bireuen","11.11.04","Jeumpa","11.11.04.2032","Glumpang Payong"
"11","Aceh","11.11","Kabupaten Bireuen","11.11.04","Jeumpa","11.11.04.2033","Blang Seunong"
"11","Aceh","11.11","Kabupaten Bireuen","11.11.04","Jeumpa","11.11.04.2034","Cot Leusong"
"11","Aceh","11.11","Kabupaten Bireuen","11.11.04","Jeumpa","11.11.04.2035","Batee Timoh"
"11","Aceh","11.11","Kabupaten Bireuen","11.11.04","Jeumpa","11.11.04.2036","Lipah Rayeuk"
"11","Aceh","11.11","Kabupaten Bireuen","11.11.04","Jeumpa","11.11.04.2037","Cot Geureundong"
"11","Aceh","11.11","Kabupaten Bireuen","11.11.04","Jeumpa","11.11.04.2038","Lipah Cut"
"11","Aceh","11.11","Kabupaten Bireuen","11.11.04","Jeumpa","11.11.04.2039","Beurawang"
"11","Aceh","11.11","Kabupaten Bireuen","11.11.04","Jeumpa","11.11.04.2042","Geudong Tampu"
"11","Aceh","11.11","Kabupaten Bireuen","11.11.04","Jeumpa","11.11.04.2043","Cot Tarom Baroh"
"11","Aceh","11.11","Kabupaten Bireuen","11.11.04","Jeumpa","11.11.04.2044","Blang Cot Baroh"
"11","Aceh","11.11","Kabupaten Bireuen","11.11.04","Jeumpa","11.11.04.2045","Blang Cot Tunong"
"11","Aceh","11.11","Kabupaten Bireuen","11.11.04","Jeumpa","11.11.04.2046","Seuleumbah"
"11","Aceh","11.11","Kabupaten Bireuen","11.11.04","Jeumpa","11.11.04.2047","Cot Keutapang"
"11","Aceh","11.11","Kabupaten Bireuen","11.11.04","Jeumpa","11.11.04.2048","Cot Tarom Tunong"
"11","Aceh","11.11","Kabupaten Bireuen","11.11.04","Jeumpa","11.11.04.2049","Blang Bladeh"
"11","Aceh","11.11","Kabupaten Bireuen","11.11.04","Jeumpa","11.11.04.2050","Mon Jambee"
"11","Aceh","11.11","Kabupaten Bireuen","11.11.04","Jeumpa","11.11.04.2051","Blang Dalam"
"11","Aceh","11.11","Kabupaten Bireuen","11.11.04","Jeumpa","11.11.04.2052","Kuala Jeumpa"
"11","Aceh","11.11","Kabupaten Bireuen","11.11.04","Jeumpa","11.11.04.2053","Cot Gadong"
"11","Aceh","11.11","Kabupaten Bireuen","11.11.04","Jeumpa","11.11.04.2054","Cot Bada"
"11","Aceh","11.11","Kabupaten Bireuen","11.11.04","Jeumpa","11.11.04.2055","Teupok Baroh"
"11","Aceh","11.11","Kabupaten Bireuen","11.11.04","Jeumpa","11.11.04.2056","Teupok Tunong"
"11","Aceh","11.11","Kabupaten Bireuen","11.11.04","Jeumpa","11.11.04.2057","Pulo Lawang"
"11","Aceh","11.11","Kabupaten Bireuen","11.11.04","Jeumpa","11.11.04.2058","Abeuk Usong"
"11","Aceh","11.11","Kabupaten Bireuen","11.11.04","Jeumpa","11.11.04.2059","Paloh Seulimeng"
"11","Aceh","11.11","Kabupaten Bireuen","11.11.04","Jeumpa","11.11.04.2060","Abeuk Tingkeum"
"11","Aceh","11.11","Kabupaten Bireuen","11.11.04","Jeumpa","11.11.04.2061","Blang Mee"
"11","Aceh","11.11","Kabupaten Bireuen","11.11.04","Jeumpa","11.11.04.2062","Blang Seupeung"
"11","Aceh","11.11","Kabupaten Bireuen","11.11.04","Jeumpa","11.11.04.2063","Blang Gandai"
"11","Aceh","11.11","Kabupaten Bireuen","11.11.04","Jeumpa","11.11.04.2064","Cot Ulim"
"11","Aceh","11.11","Kabupaten Bireuen","11.11.04","Jeumpa","11.11.04.2065","Cot Iboeh"
"11","Aceh","11.11","Kabupaten Bireuen","11.11.04","Jeumpa","11.11.04.2071","Blang Rheum"
"11","Aceh","11.11","Kabupaten Bireuen","11.11.04","Jeumpa","11.11.04.2072","Paloh Panyang"
"11","Aceh","11.11","Kabupaten Bireuen","11.11.04","Jeumpa","11.11.04.2073","Seuneubok Lhong"
"11","Aceh","11.11","Kabupaten Bireuen","11.11.04","Jeumpa","11.11.04.2075","Salah Sirong Jaya"
"11","Aceh","11.11","Kabupaten Bireuen","11.11.04","Jeumpa","11.11.04.2076","Mon Mane"
"11","Aceh","11.11","Kabupaten Bireuen","11.11.04","Jeumpa","11.11.04.2077","Alue Limeng"
"11","Aceh","11.11","Kabupaten Bireuen","11.11.04","Jeumpa","11.11.04.2078","Cot Meugoe"
"11","Aceh","11.11","Kabupaten Bireuen","11.11.04","Jeumpa","11.11.04.2079","Cot Iboeh Timu"
"11","Aceh","11.11","Kabupaten Bireuen","11.11.04","Jeumpa","11.11.04.2080","Kuta Meuligoe"
"11","Aceh","11.11","Kabupaten Bireuen","11.11.04","Jeumpa","11.11.04.2081","Lhaksmana"
"11","Aceh","11.11","Kabupaten Bireuen","11.11.05","Peusangan","11.11.05.2003","Matang Glumpang Dua Mns. Timu (X)"
"11","Aceh","11.11","Kabupaten Bireuen","11.11.05","Peusangan","11.11.05.2004","Keude Matang Glumpang Dua"
"11","Aceh","11.11","Kabupaten Bireuen","11.11.05","Peusangan","11.11.05.2005","Matang Glumpang Dua Meunasah Dayah"
"11","Aceh","11.11","Kabupaten Bireuen","11.11.05","Peusangan","11.11.05.2006","Pante Gajah"
"11","Aceh","11.11","Kabupaten Bireuen","11.11.05","Peusangan","11.11.05.2007","Blang Asan"
"11","Aceh","11.11","Kabupaten Bireuen","11.11.05","Peusangan","11.11.05.2008","Paya Cut"
"11","Aceh","11.11","Kabupaten Bireuen","11.11.05","Peusangan","11.11.05.2009","Seuneubok Aceh"
"11","Aceh","11.11","Kabupaten Bireuen","11.11.05","Peusangan","11.11.05.2010","Panton Geulima"
"11","Aceh","11.11","Kabupaten Bireuen","11.11.05","Peusangan","11.11.05.2011","Neuheun"
"11","Aceh","11.11","Kabupaten Bireuen","11.11.05","Peusangan","11.11.05.2012","Matang Sagoe"
"11","Aceh","11.11","Kabupaten Bireuen","11.11.05","Peusangan","11.11.05.2013","Matang Mesjid"
"11","Aceh","11.11","Kabupaten Bireuen","11.11.05","Peusangan","11.11.05.2014","Matang Cot Paseh"
"11","Aceh","11.11","Kabupaten Bireuen","11.11.05","Peusangan","11.11.05.2015","Cot Panjoe"
"11","Aceh","11.11","Kabupaten Bireuen","11.11.05","Peusangan","11.11.05.2016","Paya Lipah"
"11","Aceh","11.11","Kabupaten Bireuen","11.11.05","Peusangan","11.11.05.2017","Paya Meuneng"
"11","Aceh","11.11","Kabupaten Bireuen","11.11.05","Peusangan","11.11.05.2018","Keude Tanjong"
"11","Aceh","11.11","Kabupaten Bireuen","11.11.05","Peusangan","11.11.05.2019","Tanjong Paya"
"11","Aceh","11.11","Kabupaten Bireuen","11.11.05","Peusangan","11.11.05.2020","Tanjong Nie"
"11","Aceh","11.11","Kabupaten Bireuen","11.11.05","Peusangan","11.11.05.2021","Tanjong Mesjid"
"11","Aceh","11.11","Kabupaten Bireuen","11.11.05","Peusangan","11.11.05.2022","Pante Cut"
"11","Aceh","11.11","Kabupaten Bireuen","11.11.05","Peusangan","11.11.05.2023","Blang Cut"
"11","Aceh","11.11","Kabupaten Bireuen","11.11.05","Peusangan","11.11.05.2024","Pulo Pisang"
"11","Aceh","11.11","Kabupaten Bireuen","11.11.05","Peusangan","11.11.05.2025","Pante Piyeu"
"11","Aceh","11.11","Kabupaten Bireuen","11.11.05","Peusangan","11.11.05.2026","Meunasah Nibong"
"11","Aceh","11.11","Kabupaten Bireuen","11.11.05","Peusangan","11.11.05.2027","Krueng Baro Babah Krueng"
"11","Aceh","11.11","Kabupaten Bireuen","11.11.05","Peusangan","11.11.05.2028","Krueng Baro Mesjid"
"11","Aceh","11.11","Kabupaten Bireuen","11.11.05","Peusangan","11.11.05.2029","Bayu"
"11","Aceh","11.11","Kabupaten Bireuen","11.11.05","Peusangan","11.11.05.2030","Gampong Putoh"
"11","Aceh","11.11","Kabupaten Bireuen","11.11.05","Peusangan","11.11.05.2031","Meunasah Meucap"
"11","Aceh","11.11","Kabupaten Bireuen","11.11.05","Peusangan","11.11.05.2032","Pante Ara"
"11","Aceh","11.11","Kabupaten Bireuen","11.11.05","Peusangan","11.11.05.2033","Gampong Raya Dagang"
"11","Aceh","11.11","Kabupaten Bireuen","11.11.05","Peusangan","11.11.05.2034","Gampong Raya Tambo"
"11","Aceh","11.11","Kabupaten Bireuen","11.11.05","Peusangan","11.11.05.2035","Kapa"
"11","Aceh","11.11","Kabupaten Bireuen","11.11.05","Peusangan","11.11.05.2036","Blang Panjoe"
"11","Aceh","11.11","Kabupaten Bireuen","11.11.05","Peusangan","11.11.05.2037","Pantee Lhong"
"11","Aceh","11.11","Kabupaten Bireuen","11.11.05","Peusangan","11.11.05.2038","Asan Bideun"
"11","Aceh","11.11","Kabupaten Bireuen","11.11.05","Peusangan","11.11.05.2040","Cot Rabo Baroh"
"11","Aceh","11.11","Kabupaten Bireuen","11.11.05","Peusangan","11.11.05.2041","Cot Rabo Tunong"
"11","Aceh","11.11","Kabupaten Bireuen","11.11.05","Peusangan","11.11.05.2042","Cot Nga"
"11","Aceh","11.11","Kabupaten Bireuen","11.11.05","Peusangan","11.11.05.2043","Pulo Naleung"
"11","Aceh","11.11","Kabupaten Bireuen","11.11.05","Peusangan","11.11.05.2044","Mata Mamplam"
"11","Aceh","11.11","Kabupaten Bireuen","11.11.05","Peusangan","11.11.05.2045","Alue Glumpang"
"11","Aceh","11.11","Kabupaten Bireuen","11.11.05","Peusangan","11.11.05.2046","Karieng"
"11","Aceh","11.11","Kabupaten Bireuen","11.11.05","Peusangan","11.11.05.2047","Krueng Dheu"
"11","Aceh","11.11","Kabupaten Bireuen","11.11.05","Peusangan","11.11.05.2048","Cot Ijue"
"11","Aceh","11.11","Kabupaten Bireuen","11.11.05","Peusangan","11.11.05.2049","Cot Buket"
"11","Aceh","11.11","Kabupaten Bireuen","11.11.05","Peusangan","11.11.05.2050","Nicah"
"11","Aceh","11.11","Kabupaten Bireuen","11.11.05","Peusangan","11.11.05.2051","Cot Keuranji"
"11","Aceh","11.11","Kabupaten Bireuen","11.11.05","Peusangan","11.11.05.2052","Paloh"
"11","Aceh","11.11","Kabupaten Bireuen","11.11.05","Peusangan","11.11.05.2054","Cot Bada Tunong"
"11","Aceh","11.11","Kabupaten Bireuen","11.11.05","Peusangan","11.11.05.2055","Cot Bada Baroh"
"11","Aceh","11.11","Kabupaten Bireuen","11.11.05","Peusangan","11.11.05.2056","Cot Girek"
"11","Aceh","11.11","Kabupaten Bireuen","11.11.05","Peusangan","11.11.05.2057","Cot Keumude"
"11","Aceh","11.11","Kabupaten Bireuen","11.11.05","Peusangan","11.11.05.2058","Sagoe"
"11","Aceh","11.11","Kabupaten Bireuen","11.11.05","Peusangan","11.11.05.2059","Pulo Ue Baroe"
"11","Aceh","11.11","Kabupaten Bireuen","11.11.05","Peusangan","11.11.05.2060","Cot Bada Barat"
"11","Aceh","11.11","Kabupaten Bireuen","11.11.05","Peusangan","11.11.05.2061","Tanoh Mirah"
"11","Aceh","11.11","Kabupaten Bireuen","11.11.05","Peusangan","11.11.05.2062","Seuneubok Rawa"
"11","Aceh","11.11","Kabupaten Bireuen","11.11.05","Peusangan","11.11.05.2063","Paya Aboe"
"11","Aceh","11.11","Kabupaten Bireuen","11.11.05","Peusangan","11.11.05.2064","Blang Rambong"
"11","Aceh","11.11","Kabupaten Bireuen","11.11.05","Peusangan","11.11.05.2065","Blang Geulanggang"
"11","Aceh","11.11","Kabupaten Bireuen","11.11.05","Peusangan","11.11.05.2066","Paya Reuhat"
"11","Aceh","11.11","Kabupaten Bireuen","11.11.05","Peusangan","11.11.05.2067","Uteun Bunta"
"11","Aceh","11.11","Kabupaten Bireuen","11.11.05","Peusangan","11.11.05.2068","Alue Udeng"
"11","Aceh","11.11","Kabupaten Bireuen","11.11.05","Peusangan","11.11.05.2069","Alue Peuno"
"11","Aceh","11.11","Kabupaten Bireuen","11.11.05","Peusangan","11.11.05.2105","Cot Puuk"
"11","Aceh","11.11","Kabupaten Bireuen","11.11.05","Peusangan","11.11.05.2106","Pante Pisang"
"11","Aceh","11.11","Kabupaten Bireuen","11.11.05","Peusangan","11.11.05.2107","Gampong Baro"
"11","Aceh","11.11","Kabupaten Bireuen","11.11.05","Peusangan","11.11.05.2108","Blang Dalam"
"11","Aceh","11.11","Kabupaten Bireuen","11.11.06","Makmur","11.11.06.2001","Leubu Me"
"11","Aceh","11.11","Kabupaten Bireuen","11.11.06","Makmur","11.11.06.2002","Paya Dua"
"11","Aceh","11.11","Kabupaten Bireuen","11.11.06","Makmur","11.11.06.2003","Leubu Cot"
"11","Aceh","11.11","Kabupaten Bireuen","11.11.06","Makmur","11.11.06.2004","Leubu Mesjid"
"11","Aceh","11.11","Kabupaten Bireuen","11.11.06","Makmur","11.11.06.2005","Kuta Barat"
"11","Aceh","11.11","Kabupaten Bireuen","11.11.06","Makmur","11.11.06.2006","Trienggadeng"
"11","Aceh","11.11","Kabupaten Bireuen","11.11.06","Makmur","11.11.06.2007","Cot Kruet"
"11","Aceh","11.11","Kabupaten Bireuen","11.11.06","Makmur","11.11.06.2008","Blang Khutang"
"11","Aceh","11.11","Kabupaten Bireuen","11.11.06","Makmur","11.11.06.2009","Buket Seulamat"
"11","Aceh","11.11","Kabupaten Bireuen","11.11.06","Makmur","11.11.06.2010","Lapehan Mesjid"
"11","Aceh","11.11","Kabupaten Bireuen","11.11.06","Makmur","11.11.06.2011","Ulee Glee"
"11","Aceh","11.11","Kabupaten Bireuen","11.11.06","Makmur","11.11.06.2012","Mona Ara"
"11","Aceh","11.11","Kabupaten Bireuen","11.11.06","Makmur","11.11.06.2013","Pandak"
"11","Aceh","11.11","Kabupaten Bireuen","11.11.06","Makmur","11.11.06.2014","Blang Dalam"
"11","Aceh","11.11","Kabupaten Bireuen","11.11.06","Makmur","11.11.06.2015","Alue Dua"
"11","Aceh","11.11","Kabupaten Bireuen","11.11.06","Makmur","11.11.06.2016","Seuneubok Baro"
"11","Aceh","11.11","Kabupaten Bireuen","11.11.06","Makmur","11.11.06.2017","Panteu Breuh"
"11","Aceh","11.11","Kabupaten Bireuen","11.11.06","Makmur","11.11.06.2018","Tanjong Mulia"
"11","Aceh","11.11","Kabupaten Bireuen","11.11.06","Makmur","11.11.06.2019","Blang Mane"
"11","Aceh","11.11","Kabupaten Bireuen","11.11.06","Makmur","11.11.06.2020","Meureubo"
"11","Aceh","11.11","Kabupaten Bireuen","11.11.06","Makmur","11.11.06.2021","Blang Perlak"
"11","Aceh","11.11","Kabupaten Bireuen","11.11.06","Makmur","11.11.06.2022","Panton Mesjid"
"11","Aceh","11.11","Kabupaten Bireuen","11.11.06","Makmur","11.11.06.2023","Sukarame"
"11","Aceh","11.11","Kabupaten Bireuen","11.11.06","Makmur","11.11.06.2024","Matang Kumbang"
"11","Aceh","11.11","Kabupaten Bireuen","11.11.06","Makmur","11.11.06.2025","Pulo Teungoh"
"11","Aceh","11.11","Kabupaten Bireuen","11.11.06","Makmur","11.11.06.2026","Batee Dabai"
"11","Aceh","11.11","Kabupaten Bireuen","11.11.06","Makmur","11.11.06.2027","Ara Lipeh"
"11","Aceh","11.11","Kabupaten Bireuen","11.11.07","Gandapura","11.11.07.2001","Keude Lapang"
"11","Aceh","11.11","Kabupaten Bireuen","11.11.07","Gandapura","11.11.07.2002","Lapang Barat"
"11","Aceh","11.11","Kabupaten Bireuen","11.11.07","Gandapura","11.11.07.2003","Lingka Kuta"
"11","Aceh","11.11","Kabupaten Bireuen","11.11.07","Gandapura","11.11.07.2004","Lapang Timu"
"11","Aceh","11.11","Kabupaten Bireuen","11.11.07","Gandapura","11.11.07.2005","Teupin Siron"
"11","Aceh","11.11","Kabupaten Bireuen","11.11.07","Gandapura","11.11.07.2006","Ie Rhop"
"11","Aceh","11.11","Kabupaten Bireuen","11.11.07","Gandapura","11.11.07.2007","Ceubo"
"11","Aceh","11.11","Kabupaten Bireuen","11.11.07","Gandapura","11.11.07.2008","Paloh Me"
"11","Aceh","11.11","Kabupaten Bireuen","11.11.07","Gandapura","11.11.07.2009","Lhok Mambang"
"11","Aceh","11.11","Kabupaten Bireuen","11.11.07","Gandapura","11.11.07.2010","Samuti Krueng"
"11","Aceh","11.11","Kabupaten Bireuen","11.11.07","Gandapura","11.11.07.2011","Cot Mane"
"11","Aceh","11.11","Kabupaten Bireuen","11.11.07","Gandapura","11.11.07.2012","Samuti Makmur"
"11","Aceh","11.11","Kabupaten Bireuen","11.11.07","Gandapura","11.11.07.2013","Samuti Rayeuk"
"11","Aceh","11.11","Kabupaten Bireuen","11.11.07","Gandapura","11.11.07.2014","Cot Puuk"
"11","Aceh","11.11","Kabupaten Bireuen","11.11.07","Gandapura","11.11.07.2015","Samuti Aman"
"11","Aceh","11.11","Kabupaten Bireuen","11.11.07","Gandapura","11.11.07.2016","Alue Mangki"
"11","Aceh","11.11","Kabupaten Bireuen","11.11.07","Gandapura","11.11.07.2017","Mon Keulayu"
"11","Aceh","11.11","Kabupaten Bireuen","11.11.07","Gandapura","11.11.07.2018","Geurugok"
"11","Aceh","11.11","Kabupaten Bireuen","11.11.07","Gandapura","11.11.07.2019","Blang Keude"
"11","Aceh","11.11","Kabupaten Bireuen","11.11.07","Gandapura","11.11.07.2020","Cot Tufah"
"11","Aceh","11.11","Kabupaten Bireuen","11.11.07","Gandapura","11.11.07.2021","Cot Tunong"
"11","Aceh","11.11","Kabupaten Bireuen","11.11.07","Gandapura","11.11.07.2022","Paya Baro"
"11","Aceh","11.11","Kabupaten Bireuen","11.11.07","Gandapura","11.11.07.2023","Paloh Kaye Kunyet"
"11","Aceh","11.11","Kabupaten Bireuen","11.11.07","Gandapura","11.11.07.2024","Cot Jabet"
"11","Aceh","11.11","Kabupaten Bireuen","11.11.07","Gandapura","11.11.07.2025","Cot Tube"
"11","Aceh","11.11","Kabupaten Bireuen","11.11.07","Gandapura","11.11.07.2026","Pante Sikumbong"
"11","Aceh","11.11","Kabupaten Bireuen","11.11.07","Gandapura","11.11.07.2027","Blang Guron"
"11","Aceh","11.11","Kabupaten Bireuen","11.11.07","Gandapura","11.11.07.2028","Dama Kawan"
"11","Aceh","11.11","Kabupaten Bireuen","11.11.07","Gandapura","11.11.07.2029","Paya Seupat"
"11","Aceh","11.11","Kabupaten Bireuen","11.11.07","Gandapura","11.11.07.2030","Cot Rambat"
"11","Aceh","11.11","Kabupaten Bireuen","11.11.07","Gandapura","11.11.07.2031","Paya Kareung"
"11","Aceh","11.11","Kabupaten Bireuen","11.11.07","Gandapura","11.11.07.2032","Mon Jeurujak"
"11","Aceh","11.11","Kabupaten Bireuen","11.11.07","Gandapura","11.11.07.2033","Tanjong Raya"
"11","Aceh","11.11","Kabupaten Bireuen","11.11.07","Gandapura","11.11.07.2034","Tanjong Mesjid"
"11","Aceh","11.11","Kabupaten Bireuen","11.11.07","Gandapura","11.11.07.2035","Blang Kubu"
"11","Aceh","11.11","Kabupaten Bireuen","11.11.07","Gandapura","11.11.07.2036","Tanjong Bungong"
"11","Aceh","11.11","Kabupaten Bireuen","11.11.07","Gandapura","11.11.07.2037","Pulo Gisa"
"11","Aceh","11.11","Kabupaten Bireuen","11.11.07","Gandapura","11.11.07.2038","Ujong Bayu"
"11","Aceh","11.11","Kabupaten Bireuen","11.11.07","Gandapura","11.11.07.2078","Mon Jambe"
"11","Aceh","11.11","Kabupaten Bireuen","11.11.07","Gandapura","11.11.07.2079","Blang Rheue"
"11","Aceh","11.11","Kabupaten Bireuen","11.11.08","Pandrah","11.11.08.2001","Lancok Ulim"
"11","Aceh","11.11","Kabupaten Bireuen","11.11.08","Pandrah","11.11.08.2002","Nase Mee"
"11","Aceh","11.11","Kabupaten Bireuen","11.11.08","Pandrah","11.11.08.2003","Pandrah Kandeh"
"11","Aceh","11.11","Kabupaten Bireuen","11.11.08","Pandrah","11.11.08.2004","Panton"
"11","Aceh","11.11","Kabupaten Bireuen","11.11.08","Pandrah","11.11.08.2005","Lhok Dagang"
"11","Aceh","11.11","Kabupaten Bireuen","11.11.08","Pandrah","11.11.08.2006","Pandrah Janeng"
"11","Aceh","11.11","Kabupaten Bireuen","11.11.08","Pandrah","11.11.08.2007","Garot"
"11","Aceh","11.11","Kabupaten Bireuen","11.11.08","Pandrah","11.11.08.2008","Gampong Blang"
"11","Aceh","11.11","Kabupaten Bireuen","11.11.08","Pandrah","11.11.08.2009","Kuta Rusep"
"11","Aceh","11.11","Kabupaten Bireuen","11.11.08","Pandrah","11.11.08.2010","Blang Sama Gadeng"
"11","Aceh","11.11","Kabupaten Bireuen","11.11.08","Pandrah","11.11.08.2011","Panton Bili"
"11","Aceh","11.11","Kabupaten Bireuen","11.11.08","Pandrah","11.11.08.2012","Alue Igeuh"
"11","Aceh","11.11","Kabupaten Bireuen","11.11.08","Pandrah","11.11.08.2013","Meunasah Reudeup"
"11","Aceh","11.11","Kabupaten Bireuen","11.11.08","Pandrah","11.11.08.2014","Meunasah Teungoh"
"11","Aceh","11.11","Kabupaten Bireuen","11.11.08","Pandrah","11.11.08.2015","Bantayan"
"11","Aceh","11.11","Kabupaten Bireuen","11.11.08","Pandrah","11.11.08.2016","Cot Leubeng"
"11","Aceh","11.11","Kabupaten Bireuen","11.11.08","Pandrah","11.11.08.2017","Seunebok Baro"
"11","Aceh","11.11","Kabupaten Bireuen","11.11.08","Pandrah","11.11.08.2018","Uteuen Kruet"
"11","Aceh","11.11","Kabupaten Bireuen","11.11.08","Pandrah","11.11.08.2019","Nase Barat"
"11","Aceh","11.11","Kabupaten Bireuen","11.11.09","Juli","11.11.09.2001","Juli Cot Mesjid"
"11","Aceh","11.11","Kabupaten Bireuen","11.11.09","Juli","11.11.09.2002","Juli Seutuy"
"11","Aceh","11.11","Kabupaten Bireuen","11.11.09","Juli","11.11.09.2003","Juli Tambo Tanjong"
"11","Aceh","11.11","Kabupaten Bireuen","11.11.09","Juli","11.11.09.2004","Juli Keude dua"
"11","Aceh","11.11","Kabupaten Bireuen","11.11.09","Juli","11.11.09.2005","Juli Tgk Dilampoh"
"11","Aceh","11.11","Kabupaten Bireuen","11.11.09","Juli","11.11.09.2006","Glumpang Meujimjim"
"11","Aceh","11.11","Kabupaten Bireuen","11.11.09","Juli","11.11.09.2007","Alue Unoe"
"11","Aceh","11.11","Kabupaten Bireuen","11.11.09","Juli","11.11.09.2008","Batee Raya"
"11","Aceh","11.11","Kabupaten Bireuen","11.11.09","Juli","11.11.09.2009","Seuneubok Peuraden"
"11","Aceh","11.11","Kabupaten Bireuen","11.11.09","Juli","11.11.09.2010","Juli Mee Teungoh"
"11","Aceh","11.11","Kabupaten Bireuen","11.11.09","Juli","11.11.09.2011","Seuneubok Gunci"
"11","Aceh","11.11","Kabupaten Bireuen","11.11.09","Juli","11.11.09.2012","Mane Meujingki"
"11","Aceh","11.11","Kabupaten Bireuen","11.11.09","Juli","11.11.09.2013","Abeuk Budi"
"11","Aceh","11.11","Kabupaten Bireuen","11.11.09","Juli","11.11.09.2014","Blang Ketumba"
"11","Aceh","11.11","Kabupaten Bireuen","11.11.09","Juli","11.11.09.2015","Pante Baro"
"11","Aceh","11.11","Kabupaten Bireuen","11.11.09","Juli","11.11.09.2016","Beunyot"
"11","Aceh","11.11","Kabupaten Bireuen","11.11.09","Juli","11.11.09.2017","Paya Cut"
"11","Aceh","11.11","Kabupaten Bireuen","11.11.09","Juli","11.11.09.2018","Teupin Mane"
"11","Aceh","11.11","Kabupaten Bireuen","11.11.09","Juli","11.11.09.2019","Simpang Jaya"
"11","Aceh","11.11","Kabupaten Bireuen","11.11.09","Juli","11.11.09.2020","Krueng Simpo"
"11","Aceh","11.11","Kabupaten Bireuen","11.11.09","Juli","11.11.09.2021","Suka Tani"
"11","Aceh","11.11","Kabupaten Bireuen","11.11.09","Juli","11.11.09.2022","Juli Seupeng"
"11","Aceh","11.11","Kabupaten Bireuen","11.11.09","Juli","11.11.09.2023","Bukit Mulia"
"11","Aceh","11.11","Kabupaten Bireuen","11.11.09","Juli","11.11.09.2024","Juli Meunasah Tambo"
"11","Aceh","11.11","Kabupaten Bireuen","11.11.09","Juli","11.11.09.2025","Alue Rambong"
"11","Aceh","11.11","Kabupaten Bireuen","11.11.09","Juli","11.11.09.2026","Juli Meunasah Teungoh"
"11","Aceh","11.11","Kabupaten Bireuen","11.11.09","Juli","11.11.09.2027","Juli Payaru"
"11","Aceh","11.11","Kabupaten Bireuen","11.11.09","Juli","11.11.09.2028","Paseh"
"11","Aceh","11.11","Kabupaten Bireuen","11.11.09","Juli","11.11.09.2029","Juli Cot Meurak"
"11","Aceh","11.11","Kabupaten Bireuen","11.11.09","Juli","11.11.09.2030","Pante Peusangan"
"11","Aceh","11.11","Kabupaten Bireuen","11.11.09","Juli","11.11.09.2031","Bale Panah"
"11","Aceh","11.11","Kabupaten Bireuen","11.11.09","Juli","11.11.09.2032","Ranto Panyang"
"11","Aceh","11.11","Kabupaten Bireuen","11.11.09","Juli","11.11.09.2033","Simpang Mulia"
"11","Aceh","11.11","Kabupaten Bireuen","11.11.09","Juli","11.11.09.2034","Seuneubok Dalam"
"11","Aceh","11.11","Kabupaten Bireuen","11.11.09","Juli","11.11.09.2035","Juli Meunasah Jok"
"11","Aceh","11.11","Kabupaten Bireuen","11.11.09","Juli","11.11.09.2036","Juli Uruek Anoe"
"11","Aceh","11.11","Kabupaten Bireuen","11.11.10","Jangka","11.11.10.2001","Jangka Mesjid"
"11","Aceh","11.11","Kabupaten Bireuen","11.11.10","Jangka","11.11.10.2002","Jangka Keutapang"
"11","Aceh","11.11","Kabupaten Bireuen","11.11.10","Jangka","11.11.10.2003","Jangka Alue U"
"11","Aceh","11.11","Kabupaten Bireuen","11.11.10","Jangka","11.11.10.2004","Jangka Alue"
"11","Aceh","11.11","Kabupaten Bireuen","11.11.10","Jangka","11.11.10.2005","Jangka Alue Bie"
"11","Aceh","11.11","Kabupaten Bireuen","11.11.10","Jangka","11.11.10.2006","Gampong Meulinteung"
"11","Aceh","11.11","Kabupaten Bireuen","11.11.10","Jangka","11.11.10.2007","Paya Bieng"
"11","Aceh","11.11","Kabupaten Bireuen","11.11.10","Jangka","11.11.10.2008","Meunasah Krueng"
"11","Aceh","11.11","Kabupaten Bireuen","11.11.10","Jangka","11.11.10.2009","Barat Lanyan"
"11","Aceh","11.11","Kabupaten Bireuen","11.11.10","Jangka","11.11.10.2010","Lamkuta"
"11","Aceh","11.11","Kabupaten Bireuen","11.11.10","Jangka","11.11.10.2011","Geundot"
"11","Aceh","11.11","Kabupaten Bireuen","11.11.10","Jangka","11.11.10.2012","Lueng"
"11","Aceh","11.11","Kabupaten Bireuen","11.11.10","Jangka","11.11.10.2013","Kambuek"
"11","Aceh","11.11","Kabupaten Bireuen","11.11.10","Jangka","11.11.10.2014","Ruseb Ara"
"11","Aceh","11.11","Kabupaten Bireuen","11.11.10","Jangka","11.11.10.2015","Ruseb Dayah"
"11","Aceh","11.11","Kabupaten Bireuen","11.11.10","Jangka","11.11.10.2016","Bada Barat"
"11","Aceh","11.11","Kabupaten Bireuen","11.11.10","Jangka","11.11.10.2017","Bada Timu"
"11","Aceh","11.11","Kabupaten Bireuen","11.11.10","Jangka","11.11.10.2018","Tanjongan"
"11","Aceh","11.11","Kabupaten Bireuen","11.11.10","Jangka","11.11.10.2019","Tanah Anoe"
"11","Aceh","11.11","Kabupaten Bireuen","11.11.10","Jangka","11.11.10.2020","Lhok Bugeng"
"11","Aceh","11.11","Kabupaten Bireuen","11.11.10","Jangka","11.11.10.2021","Lampoh Rayeuk"
"11","Aceh","11.11","Kabupaten Bireuen","11.11.10","Jangka","11.11.10.2022","Pulo Reudeup"
"11","Aceh","11.11","Kabupaten Bireuen","11.11.10","Jangka","11.11.10.2023","Pulo Seuna"
"11","Aceh","11.11","Kabupaten Bireuen","11.11.10","Jangka","11.11.10.2024","Linggong"
"11","Aceh","11.11","Kabupaten Bireuen","11.11.10","Jangka","11.11.10.2025","Pulo Blang"
"11","Aceh","11.11","Kabupaten Bireuen","11.11.10","Jangka","11.11.10.2026","Pulo Iboih"
"11","Aceh","11.11","Kabupaten Bireuen","11.11.10","Jangka","11.11.10.2027","Abeuk Jaloh"
"11","Aceh","11.11","Kabupaten Bireuen","11.11.10","Jangka","11.11.10.2028","Pulo U"
"11","Aceh","11.11","Kabupaten Bireuen","11.11.10","Jangka","11.11.10.2029","Alue Buya"
"11","Aceh","11.11","Kabupaten Bireuen","11.11.10","Jangka","11.11.10.2030","Alue Buya Pasi"
"11","Aceh","11.11","Kabupaten Bireuen","11.11.10","Jangka","11.11.10.2031","Pante Sukon"
"11","Aceh","11.11","Kabupaten Bireuen","11.11.10","Jangka","11.11.10.2032","Pante Paku"
"11","Aceh","11.11","Kabupaten Bireuen","11.11.10","Jangka","11.11.10.2033","Bugak Blang"
"11","Aceh","11.11","Kabupaten Bireuen","11.11.10","Jangka","11.11.10.2034","Bugak Mesjid"
"11","Aceh","11.11","Kabupaten Bireuen","11.11.10","Jangka","11.11.10.2035","Bugak Krueng Matee"
"11","Aceh","11.11","Kabupaten Bireuen","11.11.10","Jangka","11.11.10.2036","Bugak Krueng"
"11","Aceh","11.11","Kabupaten Bireuen","11.11.10","Jangka","11.11.10.2037","Pante Ranub"
"11","Aceh","11.11","Kabupaten Bireuen","11.11.10","Jangka","11.11.10.2038","Pulo Pineung Meunasah Dua"
"11","Aceh","11.11","Kabupaten Bireuen","11.11.10","Jangka","11.11.10.2039","Punjot"
"11","Aceh","11.11","Kabupaten Bireuen","11.11.10","Jangka","11.11.10.2040","Bugeng"
"11","Aceh","11.11","Kabupaten Bireuen","11.11.10","Jangka","11.11.10.2041","Alue Kuta"
"11","Aceh","11.11","Kabupaten Bireuen","11.11.10","Jangka","11.11.10.2042","Alue Bayeu Utang"
"11","Aceh","11.11","Kabupaten Bireuen","11.11.10","Jangka","11.11.10.2043","Ulee Ceu"
"11","Aceh","11.11","Kabupaten Bireuen","11.11.10","Jangka","11.11.10.2044","Kuala Cerape"
"11","Aceh","11.11","Kabupaten Bireuen","11.11.10","Jangka","11.11.10.2045","Pante Peusangan"
"11","Aceh","11.11","Kabupaten Bireuen","11.11.10","Jangka","11.11.10.2046","Alue Bie Pusong"
"11","Aceh","11.11","Kabupaten Bireuen","11.11.11","Simpang Mamplam","11.11.11.2001","Rheum Barat"
"11","Aceh","11.11","Kabupaten Bireuen","11.11.11","Simpang Mamplam","11.11.11.2002","Rheum Baroh"
"11","Aceh","11.11","Kabupaten Bireuen","11.11.11","Simpang Mamplam","11.11.11.2003","Rheum Timu"
"11","Aceh","11.11","Kabupaten Bireuen","11.11.11","Simpang Mamplam","11.11.11.2004","Blang Kuta Coh"
"11","Aceh","11.11","Kabupaten Bireuen","11.11.11","Simpang Mamplam","11.11.11.2005","Blang Kuta Dua Meunasah"
"11","Aceh","11.11","Kabupaten Bireuen","11.11.11","Simpang Mamplam","11.11.11.2006","Lancang"
"11","Aceh","11.11","Kabupaten Bireuen","11.11.11","Simpang Mamplam","11.11.11.2007","Blang Teumulek"
"11","Aceh","11.11","Kabupaten Bireuen","11.11.11","Simpang Mamplam","11.11.11.2008","Meunasah Mesjid"
"11","Aceh","11.11","Kabupaten Bireuen","11.11.11","Simpang Mamplam","11.11.11.2009","Jurong Binjee"
"11","Aceh","11.11","Kabupaten Bireuen","11.11.11","Simpang Mamplam","11.11.11.2010","Blang Mane Dua Meunasah"
"11","Aceh","11.11","Kabupaten Bireuen","11.11.11","Simpang Mamplam","11.11.11.2011","Blang Mane Barat"
"11","Aceh","11.11","Kabupaten Bireuen","11.11.11","Simpang Mamplam","11.11.11.2012","Balee"
"11","Aceh","11.11","Kabupaten Bireuen","11.11.11","Simpang Mamplam","11.11.11.2013","Arongan"
"11","Aceh","11.11","Kabupaten Bireuen","11.11.11","Simpang Mamplam","11.11.11.2014","Meunasah Mamplam"
"11","Aceh","11.11","Kabupaten Bireuen","11.11.11","Simpang Mamplam","11.11.11.2015","Pulo Dapong"
"11","Aceh","11.11","Kabupaten Bireuen","11.11.11","Simpang Mamplam","11.11.11.2016","Ceurucok"
"11","Aceh","11.11","Kabupaten Bireuen","11.11.11","Simpang Mamplam","11.11.11.2017","Ie Rhob Glumpang"
"11","Aceh","11.11","Kabupaten Bireuen","11.11.11","Simpang Mamplam","11.11.11.2018","Ie Rhob Barat"
"11","Aceh","11.11","Kabupaten Bireuen","11.11.11","Simpang Mamplam","11.11.11.2019","Ie Rhob Timu"
"11","Aceh","11.11","Kabupaten Bireuen","11.11.11","Simpang Mamplam","11.11.11.2020","Ie Rhob Babah Lueng"
"11","Aceh","11.11","Kabupaten Bireuen","11.11.11","Simpang Mamplam","11.11.11.2021","Glee Meudong"
"11","Aceh","11.11","Kabupaten Bireuen","11.11.11","Simpang Mamplam","11.11.11.2022","Pulo Drien"
"11","Aceh","11.11","Kabupaten Bireuen","11.11.11","Simpang Mamplam","11.11.11.2023","Meunasah Dayah"
"11","Aceh","11.11","Kabupaten Bireuen","11.11.11","Simpang Mamplam","11.11.11.2024","Cot Trieng"
"11","Aceh","11.11","Kabupaten Bireuen","11.11.11","Simpang Mamplam","11.11.11.2025","Krueng Meuseugob"
"11","Aceh","11.11","Kabupaten Bireuen","11.11.11","Simpang Mamplam","11.11.11.2026","Lhok Tanoh"
"11","Aceh","11.11","Kabupaten Bireuen","11.11.11","Simpang Mamplam","11.11.11.2027","Blang Tambue"
"11","Aceh","11.11","Kabupaten Bireuen","11.11.11","Simpang Mamplam","11.11.11.2028","Keude Tambue"
"11","Aceh","11.11","Kabupaten Bireuen","11.11.11","Simpang Mamplam","11.11.11.2029","Meunasah Asan"
"11","Aceh","11.11","Kabupaten Bireuen","11.11.11","Simpang Mamplam","11.11.11.2030","Peuneulet Tunong"
"11","Aceh","11.11","Kabupaten Bireuen","11.11.11","Simpang Mamplam","11.11.11.2031","Cure Tunong"
"11","Aceh","11.11","Kabupaten Bireuen","11.11.11","Simpang Mamplam","11.11.11.2032","Cure Baroh"
"11","Aceh","11.11","Kabupaten Bireuen","11.11.11","Simpang Mamplam","11.11.11.2033","Peuneulet Baroh"
"11","Aceh","11.11","Kabupaten Bireuen","11.11.11","Simpang Mamplam","11.11.11.2034","Ulee Kareung"
"11","Aceh","11.11","Kabupaten Bireuen","11.11.11","Simpang Mamplam","11.11.11.2035","Blang Payang"
"11","Aceh","11.11","Kabupaten Bireuen","11.11.11","Simpang Mamplam","11.11.11.2036","Calok"
"11","Aceh","11.11","Kabupaten Bireuen","11.11.11","Simpang Mamplam","11.11.11.2037","Alue Leuhop"
"11","Aceh","11.11","Kabupaten Bireuen","11.11.11","Simpang Mamplam","11.11.11.2038","Paku"
"11","Aceh","11.11","Kabupaten Bireuen","11.11.11","Simpang Mamplam","11.11.11.2039","Lhok Mane"
"11","Aceh","11.11","Kabupaten Bireuen","11.11.11","Simpang Mamplam","11.11.11.2040","Tambue Barat"
"11","Aceh","11.11","Kabupaten Bireuen","11.11.11","Simpang Mamplam","11.11.11.2041","Meunasah Barat"
"11","Aceh","11.11","Kabupaten Bireuen","11.11.12","Peulimbang","11.11.12.2001","Keude Plimbang"
"11","Aceh","11.11","Kabupaten Bireuen","11.11.12","Peulimbang","11.11.12.2002","Krueng Baro"
"11","Aceh","11.11","Kabupaten Bireuen","11.11.12","Peulimbang","11.11.12.2003","Seuneubok Nalan"
"11","Aceh","11.11","Kabupaten Bireuen","11.11.12","Peulimbang","11.11.12.2004","Rambong Payong"
"11","Aceh","11.11","Kabupaten Bireuen","11.11.12","Peulimbang","11.11.12.2005","Seuneubok Aceh"
"11","Aceh","11.11","Kabupaten Bireuen","11.11.12","Peulimbang","11.11.12.2006","Seuneubok Plimbang"
"11","Aceh","11.11","Kabupaten Bireuen","11.11.12","Peulimbang","11.11.12.2007","Seuneubok Punti"
"11","Aceh","11.11","Kabupaten Bireuen","11.11.12","Peulimbang","11.11.12.2008","Uteun Sikumbong"
"11","Aceh","11.11","Kabupaten Bireuen","11.11.12","Peulimbang","11.11.12.2009","Teupin Panah"
"11","Aceh","11.11","Kabupaten Bireuen","11.11.12","Peulimbang","11.11.12.2010","Matang Kulee"
"11","Aceh","11.11","Kabupaten Bireuen","11.11.12","Peulimbang","11.11.12.2011","Lancok Bungo"
"11","Aceh","11.11","Kabupaten Bireuen","11.11.12","Peulimbang","11.11.12.2012","Uteun Rungkom"
"11","Aceh","11.11","Kabupaten Bireuen","11.11.12","Peulimbang","11.11.12.2013","Padang Kasab"
"11","Aceh","11.11","Kabupaten Bireuen","11.11.12","Peulimbang","11.11.12.2014","Seuneubok Seumawe"
"11","Aceh","11.11","Kabupaten Bireuen","11.11.12","Peulimbang","11.11.12.2015","Jambo Dalam"
"11","Aceh","11.11","Kabupaten Bireuen","11.11.12","Peulimbang","11.11.12.2016","Cot Gleumpang"
"11","Aceh","11.11","Kabupaten Bireuen","11.11.12","Peulimbang","11.11.12.2017","Puuek"
"11","Aceh","11.11","Kabupaten Bireuen","11.11.12","Peulimbang","11.11.12.2018","Balee Daka"
"11","Aceh","11.11","Kabupaten Bireuen","11.11.12","Peulimbang","11.11.12.2019","Paloh Pupu"
"11","Aceh","11.11","Kabupaten Bireuen","11.11.12","Peulimbang","11.11.12.2020","Seunebok Teungoh"
"11","Aceh","11.11","Kabupaten Bireuen","11.11.12","Peulimbang","11.11.12.2021","Garab"
"11","Aceh","11.11","Kabupaten Bireuen","11.11.12","Peulimbang","11.11.12.2022","Kuta Trieng"
"11","Aceh","11.11","Kabupaten Bireuen","11.11.13","Kota Juang","11.11.13.2001","Bandar Bireuen"
"11","Aceh","11.11","Kabupaten Bireuen","11.11.13","Kota Juang","11.11.13.2002","Bireuen Meunasah Reulet"
"11","Aceh","11.11","Kabupaten Bireuen","11.11.13","Kota Juang","11.11.13.2003","Bireuen Meunasah Blang"
"11","Aceh","11.11","Kabupaten Bireuen","11.11.13","Kota Juang","11.11.13.2004","Bireuen Meunasah Capa"
"11","Aceh","11.11","Kabupaten Bireuen","11.11.13","Kota Juang","11.11.13.2005","Bireuen Meunasah Dayah"
"11","Aceh","11.11","Kabupaten Bireuen","11.11.13","Kota Juang","11.11.13.2006","Bireuen Meunasah Tgk Digadong"
"11","Aceh","11.11","Kabupaten Bireuen","11.11.13","Kota Juang","11.11.13.2007","Geudong-Geudong"
"11","Aceh","11.11","Kabupaten Bireuen","11.11.13","Kota Juang","11.11.13.2008","Pulo Ara Geudong Teungoh"
"11","Aceh","11.11","Kabupaten Bireuen","11.11.13","Kota Juang","11.11.13.2009","Geudong Alue"
"11","Aceh","11.11","Kabupaten Bireuen","11.11.13","Kota Juang","11.11.13.2010","Pulo Kiton"
"11","Aceh","11.11","Kabupaten Bireuen","11.11.13","Kota Juang","11.11.13.2011","Lhok Awe Teungoh"
"11","Aceh","11.11","Kabupaten Bireuen","11.11.13","Kota Juang","11.11.13.2012","Geulanggang Teungoh"
"11","Aceh","11.11","Kabupaten Bireuen","11.11.13","Kota Juang","11.11.13.2013","Cot Gapu"
"11","Aceh","11.11","Kabupaten Bireuen","11.11.13","Kota Juang","11.11.13.2014","Geulanggang Kulam"
"11","Aceh","11.11","Kabupaten Bireuen","11.11.13","Kota Juang","11.11.13.2015","Geulanggang Gampong"
"11","Aceh","11.11","Kabupaten Bireuen","11.11.13","Kota Juang","11.11.13.2016","Blang Tingkeum"
"11","Aceh","11.11","Kabupaten Bireuen","11.11.13","Kota Juang","11.11.13.2017","Buket Teukueh"
"11","Aceh","11.11","Kabupaten Bireuen","11.11.13","Kota Juang","11.11.13.2018","Blang Reuling"
"11","Aceh","11.11","Kabupaten Bireuen","11.11.13","Kota Juang","11.11.13.2019","Cot Jrat"
"11","Aceh","11.11","Kabupaten Bireuen","11.11.13","Kota Juang","11.11.13.2020","Cot Peutek"
"11","Aceh","11.11","Kabupaten Bireuen","11.11.13","Kota Juang","11.11.13.2021","Uteun Reutoh"
"11","Aceh","11.11","Kabupaten Bireuen","11.11.13","Kota Juang","11.11.13.2022","Geulanggang Baro"
"11","Aceh","11.11","Kabupaten Bireuen","11.11.13","Kota Juang","11.11.13.2023","Gampong Baro"
"11","Aceh","11.11","Kabupaten Bireuen","11.11.14","Kuala","11.11.14.2001","Cot Batee"
"11","Aceh","11.11","Kabupaten Bireuen","11.11.14","Kuala","11.11.14.2002","Cot Unoe"
"11","Aceh","11.11","Kabupaten Bireuen","11.11.14","Kuala","11.11.14.2003","Kuta Baro"
"11","Aceh","11.11","Kabupaten Bireuen","11.11.14","Kuala","11.11.14.2004","Cot Glumpang"
"11","Aceh","11.11","Kabupaten Bireuen","11.11.14","Kuala","11.11.14.2005","Cot Kuta"
"11","Aceh","11.11","Kabupaten Bireuen","11.11.14","Kuala","11.11.14.2006","Glumpang Baroh"
"11","Aceh","11.11","Kabupaten Bireuen","11.11.14","Kuala","11.11.14.2007","Krueng Juli Timu"
"11","Aceh","11.11","Kabupaten Bireuen","11.11.14","Kuala","11.11.14.2008","Krueng Juli Barat"
"11","Aceh","11.11","Kabupaten Bireuen","11.11.14","Kuala","11.11.14.2009","Cot Trieng"
"11","Aceh","11.11","Kabupaten Bireuen","11.11.14","Kuala","11.11.14.2010","Lhok Awe Awe"
"11","Aceh","11.11","Kabupaten Bireuen","11.11.14","Kuala","11.11.14.2011","Cot Laga Sawa"
"11","Aceh","11.11","Kabupaten Bireuen","11.11.14","Kuala","11.11.14.2012","Cot U Sibak"
"11","Aceh","11.11","Kabupaten Bireuen","11.11.14","Kuala","11.11.14.2013","Lancok Pante Ara"
"11","Aceh","11.11","Kabupaten Bireuen","11.11.14","Kuala","11.11.14.2014","Lancok-Lancok"
"11","Aceh","11.11","Kabupaten Bireuen","11.11.14","Kuala","11.11.14.2015","Kareung"
"11","Aceh","11.11","Kabupaten Bireuen","11.11.14","Kuala","11.11.14.2016","Balee Kuyun"
"11","Aceh","11.11","Kabupaten Bireuen","11.11.14","Kuala","11.11.14.2017","Ujong Blang"
"11","Aceh","11.11","Kabupaten Bireuen","11.11.14","Kuala","11.11.14.2018","Ujong Blang Mesjid"
"11","Aceh","11.11","Kabupaten Bireuen","11.11.14","Kuala","11.11.14.2019","Weu Jangka"
"11","Aceh","11.11","Kabupaten Bireuen","11.11.14","Kuala","11.11.14.2020","Kuala Raja"
"11","Aceh","11.11","Kabupaten Bireuen","11.11.15","Peusangan Siblah Krueng","11.11.15.2001","Lueng Daneun"
"11","Aceh","11.11","Kabupaten Bireuen","11.11.15","Peusangan Siblah Krueng","11.11.15.2002","Rambong Payong"
"11","Aceh","11.11","Kabupaten Bireuen","11.11.15","Peusangan Siblah Krueng","11.11.15.2003","Alue Kupula"
"11","Aceh","11.11","Kabupaten Bireuen","11.11.15","Peusangan Siblah Krueng","11.11.15.2004","Blang Cirih"
"11","Aceh","11.11","Kabupaten Bireuen","11.11.15","Peusangan Siblah Krueng","11.11.15.2005","Kubu"
"11","Aceh","11.11","Kabupaten Bireuen","11.11.15","Peusangan Siblah Krueng","11.11.15.2006","Teupin Raya"
"11","Aceh","11.11","Kabupaten Bireuen","11.11.15","Peusangan Siblah Krueng","11.11.15.2007","Cot Aneuk Batee"
"11","Aceh","11.11","Kabupaten Bireuen","11.11.15","Peusangan Siblah Krueng","11.11.15.2008","Kubu Raya"
"11","Aceh","11.11","Kabupaten Bireuen","11.11.15","Peusangan Siblah Krueng","11.11.15.2009","Pante Baro Gle Siblah"
"11","Aceh","11.11","Kabupaten Bireuen","11.11.15","Peusangan Siblah Krueng","11.11.15.2010","Pante Baro Kumbang"
"11","Aceh","11.11","Kabupaten Bireuen","11.11.15","Peusangan Siblah Krueng","11.11.15.2011","Pante Baro Buket Panyang"
"11","Aceh","11.11","Kabupaten Bireuen","11.11.15","Peusangan Siblah Krueng","11.11.15.2012","Alue Krueb"
"11","Aceh","11.11","Kabupaten Bireuen","11.11.15","Peusangan Siblah Krueng","11.11.15.2013","Alue Iet"
"11","Aceh","11.11","Kabupaten Bireuen","11.11.15","Peusangan Siblah Krueng","11.11.15.2014","Paloh Mampre"
"11","Aceh","11.11","Kabupaten Bireuen","11.11.15","Peusangan Siblah Krueng","11.11.15.2015","Buket Sudan"
"11","Aceh","11.11","Kabupaten Bireuen","11.11.15","Peusangan Siblah Krueng","11.11.15.2016","Awe Geutah"
"11","Aceh","11.11","Kabupaten Bireuen","11.11.15","Peusangan Siblah Krueng","11.11.15.2017","Cot Saleuet"
"11","Aceh","11.11","Kabupaten Bireuen","11.11.15","Peusangan Siblah Krueng","11.11.15.2018","Alue Glumpang"
"11","Aceh","11.11","Kabupaten Bireuen","11.11.15","Peusangan Siblah Krueng","11.11.15.2019","Pante Karya"
"11","Aceh","11.11","Kabupaten Bireuen","11.11.15","Peusangan Siblah Krueng","11.11.15.2020","Awe Geutah Paya"
"11","Aceh","11.11","Kabupaten Bireuen","11.11.15","Peusangan Siblah Krueng","11.11.15.2021","Dayah Baro"
"11","Aceh","11.11","Kabupaten Bireuen","11.11.16","Peusangan Selatan","11.11.16.2001","Darussalam"
"11","Aceh","11.11","Kabupaten Bireuen","11.11.16","Peusangan Selatan","11.11.16.2002","Blang Mane"
"11","Aceh","11.11","Kabupaten Bireuen","11.11.16","Peusangan Selatan","11.11.16.2003","Tanjong Beuridi"
"11","Aceh","11.11","Kabupaten Bireuen","11.11.16","Peusangan Selatan","11.11.16.2004","Darul Aman"
"11","Aceh","11.11","Kabupaten Bireuen","11.11.16","Peusangan Selatan","11.11.16.2005","Geulanggang Labu"
"11","Aceh","11.11","Kabupaten Bireuen","11.11.16","Peusangan Selatan","11.11.16.2006","Teupin Reudeup"
"11","Aceh","11.11","Kabupaten Bireuen","11.11.16","Peusangan Selatan","11.11.16.2007","Ulee Jalan"
"11","Aceh","11.11","Kabupaten Bireuen","11.11.16","Peusangan Selatan","11.11.16.2008","Paya Crot"
"11","Aceh","11.11","Kabupaten Bireuen","11.11.16","Peusangan Selatan","11.11.16.2009","Pulo Panyang"
"11","Aceh","11.11","Kabupaten Bireuen","11.11.16","Peusangan Selatan","11.11.16.2010","Me Rayeuk"
"11","Aceh","11.11","Kabupaten Bireuen","11.11.16","Peusangan Selatan","11.11.16.2011","Uteun Gathom"
"11","Aceh","11.11","Kabupaten Bireuen","11.11.16","Peusangan Selatan","11.11.16.2012","Lueng Kuli"
"11","Aceh","11.11","Kabupaten Bireuen","11.11.16","Peusangan Selatan","11.11.16.2013","Lueng Baro"
"11","Aceh","11.11","Kabupaten Bireuen","11.11.16","Peusangan Selatan","11.11.16.2014","Mata Ie"
"11","Aceh","11.11","Kabupaten Bireuen","11.11.16","Peusangan Selatan","11.11.16.2015","Blang Cut"
"11","Aceh","11.11","Kabupaten Bireuen","11.11.16","Peusangan Selatan","11.11.16.2016","Blang Pala"
"11","Aceh","11.11","Kabupaten Bireuen","11.11.16","Peusangan Selatan","11.11.16.2017","Krueng Beukah"
"11","Aceh","11.11","Kabupaten Bireuen","11.11.16","Peusangan Selatan","11.11.16.2018","Ceubrek"
"11","Aceh","11.11","Kabupaten Bireuen","11.11.16","Peusangan Selatan","11.11.16.2019","Uteun Raya"
"11","Aceh","11.11","Kabupaten Bireuen","11.11.16","Peusangan Selatan","11.11.16.2020","Pulo Harapan"
"11","Aceh","11.11","Kabupaten Bireuen","11.11.16","Peusangan Selatan","11.11.16.2021","Suwak"
"11","Aceh","11.11","Kabupaten Bireuen","11.11.17","Kuta Blang","11.11.17.2001","Paloh Dama"
"11","Aceh","11.11","Kabupaten Bireuen","11.11.17","Kuta Blang","11.11.17.2002","Paya Rangkuluh"
"11","Aceh","11.11","Kabupaten Bireuen","11.11.17","Kuta Blang","11.11.17.2003","Paloh Raya"
"11","Aceh","11.11","Kabupaten Bireuen","11.11.17","Kuta Blang","11.11.17.2004","Crueng Kumbang"
"11","Aceh","11.11","Kabupaten Bireuen","11.11.17","Kuta Blang","11.11.17.2005","Tanjong Siron"
"11","Aceh","11.11","Kabupaten Bireuen","11.11.17","Kuta Blang","11.11.17.2006","Balee Mee"
"11","Aceh","11.11","Kabupaten Bireuen","11.11.17","Kuta Blang","11.11.17.2007","Buket Dalam"
"11","Aceh","11.11","Kabupaten Bireuen","11.11.17","Kuta Blang","11.11.17.2008","Parang Sikureung"
"11","Aceh","11.11","Kabupaten Bireuen","11.11.17","Kuta Blang","11.11.17.2009","Cot Baroh"
"11","Aceh","11.11","Kabupaten Bireuen","11.11.17","Kuta Blang","11.11.17.2010","Paloh Peuradi"
"11","Aceh","11.11","Kabupaten Bireuen","11.11.17","Kuta Blang","11.11.17.2011","Cot Mee"
"11","Aceh","11.11","Kabupaten Bireuen","11.11.17","Kuta Blang","11.11.17.2012","Blang Mee"
"11","Aceh","11.11","Kabupaten Bireuen","11.11.17","Kuta Blang","11.11.17.2013","Glee Putoh"
"11","Aceh","11.11","Kabupaten Bireuen","11.11.17","Kuta Blang","11.11.17.2014","Tingkeum Baro"
"11","Aceh","11.11","Kabupaten Bireuen","11.11.17","Kuta Blang","11.11.17.2015","Tingkeum Manyang"
"11","Aceh","11.11","Kabupaten Bireuen","11.11.17","Kuta Blang","11.11.17.2016","Kulu"
"11","Aceh","11.11","Kabupaten Bireuen","11.11.17","Kuta Blang","11.11.17.2017","Babah Suak"
"11","Aceh","11.11","Kabupaten Bireuen","11.11.17","Kuta Blang","11.11.17.2018","Ulee Pusong"
"11","Aceh","11.11","Kabupaten Bireuen","11.11.17","Kuta Blang","11.11.17.2019","Pulo Nga"
"11","Aceh","11.11","Kabupaten Bireuen","11.11.17","Kuta Blang","11.11.17.2020","Meusee"
"11","Aceh","11.11","Kabupaten Bireuen","11.11.17","Kuta Blang","11.11.17.2021","Blang Panjo"
"11","Aceh","11.11","Kabupaten Bireuen","11.11.17","Kuta Blang","11.11.17.2022","Babah Jurong"
"11","Aceh","11.11","Kabupaten Bireuen","11.11.17","Kuta Blang","11.11.17.2023","Dayah Panjoe"
"11","Aceh","11.11","Kabupaten Bireuen","11.11.17","Kuta Blang","11.11.17.2024","Pulo Blang"
"11","Aceh","11.11","Kabupaten Bireuen","11.11.17","Kuta Blang","11.11.17.2025","Imbudee"
"11","Aceh","11.11","Kabupaten Bireuen","11.11.17","Kuta Blang","11.11.17.2026","Pulo Siren"
"11","Aceh","11.11","Kabupaten Bireuen","11.11.17","Kuta Blang","11.11.17.2027","Jarommah Me"
"11","Aceh","11.11","Kabupaten Bireuen","11.11.17","Kuta Blang","11.11.17.2028","Jaromah Baroh"
"11","Aceh","11.11","Kabupaten Bireuen","11.11.17","Kuta Blang","11.11.17.2029","Lhok Nga"
"11","Aceh","11.11","Kabupaten Bireuen","11.11.17","Kuta Blang","11.11.17.2030","Pulo Reudeup"
"11","Aceh","11.11","Kabupaten Bireuen","11.11.17","Kuta Blang","11.11.17.2031","Geulanggang Meunjee"
"11","Aceh","11.11","Kabupaten Bireuen","11.11.17","Kuta Blang","11.11.17.2032","Geulanggang Panah"
"11","Aceh","11.11","Kabupaten Bireuen","11.11.17","Kuta Blang","11.11.17.2033","Ujong Blang"
"11","Aceh","11.11","Kabupaten Bireuen","11.11.17","Kuta Blang","11.11.17.2034","Geulanggang Rayeuk"
"11","Aceh","11.11","Kabupaten Bireuen","11.11.17","Kuta Blang","11.11.17.2035","Dayah Mesjid"
"11","Aceh","11.11","Kabupaten Bireuen","11.11.17","Kuta Blang","11.11.17.2036","Keurumbok"
"11","Aceh","11.11","Kabupaten Bireuen","11.11.17","Kuta Blang","11.11.17.2037","Cot Ara"
"11","Aceh","11.11","Kabupaten Bireuen","11.11.17","Kuta Blang","11.11.17.2038","Rancong"
"11","Aceh","11.11","Kabupaten Bireuen","11.11.17","Kuta Blang","11.11.17.2039","Jambo Kajeung"
"11","Aceh","11.11","Kabupaten Bireuen","11.11.17","Kuta Blang","11.11.17.2040","Kulu Kuta"
"11","Aceh","11.11","Kabupaten Bireuen","11.11.17","Kuta Blang","11.11.17.2041","Pulo Awe"
"11","Aceh","11.12","Kabupaten Aceh Barat Daya","11.12.01","Blangpidie","11.12.01.2006","Guhang"
"11","Aceh","11.12","Kabupaten Aceh Barat Daya","11.12.01","Blangpidie","11.12.01.2007","Seunaloh"
"11","Aceh","11.12","Kabupaten Aceh Barat Daya","11.12.01","Blangpidie","11.12.01.2008","Lhung Asan"
"11","Aceh","11.12","Kabupaten Aceh Barat Daya","11.12.01","Blangpidie","11.12.01.2010","Lhung Tarok"
"11","Aceh","11.12","Kabupaten Aceh Barat Daya","11.12.01","Blangpidie","11.12.01.2014","Cot Jeurat"
"11","Aceh","11.12","Kabupaten Aceh Barat Daya","11.12.01","Blangpidie","11.12.01.2015","Meudang Ara"
"11","Aceh","11.12","Kabupaten Aceh Barat Daya","11.12.01","Blangpidie","11.12.01.2016","Keude Siblah"
"11","Aceh","11.12","Kabupaten Aceh Barat Daya","11.12.01","Blangpidie","11.12.01.2017","Kuta Bahagia"
"11","Aceh","11.12","Kabupaten Aceh Barat Daya","11.12.01","Blangpidie","11.12.01.2018","Kuta Tinggi"
"11","Aceh","11.12","Kabupaten Aceh Barat Daya","11.12.01","Blangpidie","11.12.01.2019","Mata Ie"
"11","Aceh","11.12","Kabupaten Aceh Barat Daya","11.12.01","Blangpidie","11.12.01.2020","Geulumpang Payong"
"11","Aceh","11.12","Kabupaten Aceh Barat Daya","11.12.01","Blangpidie","11.12.01.2021","Panton Raya"
"11","Aceh","11.12","Kabupaten Aceh Barat Daya","11.12.01","Blangpidie","11.12.01.2022","Alue Manggota"
"11","Aceh","11.12","Kabupaten Aceh Barat Daya","11.12.01","Blangpidie","11.12.01.2023","Lam Kuta"
"11","Aceh","11.12","Kabupaten Aceh Barat Daya","11.12.01","Blangpidie","11.12.01.2024","Baharu"
"11","Aceh","11.12","Kabupaten Aceh Barat Daya","11.12.01","Blangpidie","11.12.01.2025","Keude Paya"
"11","Aceh","11.12","Kabupaten Aceh Barat Daya","11.12.01","Blangpidie","11.12.01.2026","Pasar Blangpidie"
"11","Aceh","11.12","Kabupaten Aceh Barat Daya","11.12.01","Blangpidie","11.12.01.2028","Kuta Tuha"
"11","Aceh","11.12","Kabupaten Aceh Barat Daya","11.12.01","Blangpidie","11.12.01.2029","Gudang"
"11","Aceh","11.12","Kabupaten Aceh Barat Daya","11.12.01","Blangpidie","11.12.01.2030","Babah Lhung"
"11","Aceh","11.12","Kabupaten Aceh Barat Daya","11.12.02","Tangan-Tangan","11.12.02.2001","Adan"
"11","Aceh","11.12","Kabupaten Aceh Barat Daya","11.12.02","Tangan-Tangan","11.12.02.2002","Pante Geulumpang"
"11","Aceh","11.12","Kabupaten Aceh Barat Daya","11.12.02","Tangan-Tangan","11.12.02.2003","Mesjid"
"11","Aceh","11.12","Kabupaten Aceh Barat Daya","11.12.02","Tangan-Tangan","11.12.02.2004","Gunong Cut"
"11","Aceh","11.12","Kabupaten Aceh Barat Daya","11.12.02","Tangan-Tangan","11.12.02.2005","Padang Kawa"
"11","Aceh","11.12","Kabupaten Aceh Barat Daya","11.12.02","Tangan-Tangan","11.12.02.2006","Blang Padang"
"11","Aceh","11.12","Kabupaten Aceh Barat Daya","11.12.02","Tangan-Tangan","11.12.02.2007","Padang Bak Jeumpa"
"11","Aceh","11.12","Kabupaten Aceh Barat Daya","11.12.02","Tangan-Tangan","11.12.02.2008","Suak Labu"
"11","Aceh","11.12","Kabupaten Aceh Barat Daya","11.12.02","Tangan-Tangan","11.12.02.2014","Bineh Krueng"
"11","Aceh","11.12","Kabupaten Aceh Barat Daya","11.12.02","Tangan-Tangan","11.12.02.2015","Drien Kipah"
"11","Aceh","11.12","Kabupaten Aceh Barat Daya","11.12.02","Tangan-Tangan","11.12.02.2016","Drien Jalo"
"11","Aceh","11.12","Kabupaten Aceh Barat Daya","11.12.02","Tangan-Tangan","11.12.02.2017","Padang Bak Jok"
"11","Aceh","11.12","Kabupaten Aceh Barat Daya","11.12.02","Tangan-Tangan","11.12.02.2018","Suak Nibong"
"11","Aceh","11.12","Kabupaten Aceh Barat Daya","11.12.02","Tangan-Tangan","11.12.02.2019","Kuta Bak Drien"
"11","Aceh","11.12","Kabupaten Aceh Barat Daya","11.12.02","Tangan-Tangan","11.12.02.2020","Ie Lhob"
"11","Aceh","11.12","Kabupaten Aceh Barat Daya","11.12.03","Manggeng","11.12.03.2001","Kedai"
"11","Aceh","11.12","Kabupaten Aceh Barat Daya","11.12.03","Manggeng","11.12.03.2002","Padang"
"11","Aceh","11.12","Kabupaten Aceh Barat Daya","11.12.03","Manggeng","11.12.03.2003","Tengah"
"11","Aceh","11.12","Kabupaten Aceh Barat Daya","11.12.03","Manggeng","11.12.03.2005","Paya"
"11","Aceh","11.12","Kabupaten Aceh Barat Daya","11.12.03","Manggeng","11.12.03.2006","Seuneulop"
"11","Aceh","11.12","Kabupaten Aceh Barat Daya","11.12.03","Manggeng","11.12.03.2007","Lhok Puntoy"
"11","Aceh","11.12","Kabupaten Aceh Barat Daya","11.12.03","Manggeng","11.12.03.2009","Ladang Panah"
"11","Aceh","11.12","Kabupaten Aceh Barat Daya","11.12.03","Manggeng","11.12.03.2010","Pusu Ingin Jaya"
"11","Aceh","11.12","Kabupaten Aceh Barat Daya","11.12.03","Manggeng","11.12.03.2011","Panton Makmur"
"11","Aceh","11.12","Kabupaten Aceh Barat Daya","11.12.03","Manggeng","11.12.03.2022","Lhueng Baro"
"11","Aceh","11.12","Kabupaten Aceh Barat Daya","11.12.03","Manggeng","11.12.03.2023","Tokoh"
"11","Aceh","11.12","Kabupaten Aceh Barat Daya","11.12.03","Manggeng","11.12.03.2024","Blang Manggeng"
"11","Aceh","11.12","Kabupaten Aceh Barat Daya","11.12.03","Manggeng","11.12.03.2025","Pante Raja"
"11","Aceh","11.12","Kabupaten Aceh Barat Daya","11.12.03","Manggeng","11.12.03.2026","Sejahtera"
"11","Aceh","11.12","Kabupaten Aceh Barat Daya","11.12.03","Manggeng","11.12.03.2027","Lhok Pawoh"
"11","Aceh","11.12","Kabupaten Aceh Barat Daya","11.12.03","Manggeng","11.12.03.2029","Pante Pirak"
"11","Aceh","11.12","Kabupaten Aceh Barat Daya","11.12.03","Manggeng","11.12.03.2030","Ujung Padang"
"11","Aceh","11.12","Kabupaten Aceh Barat Daya","11.12.03","Manggeng","11.12.03.2031","Pante Cermin"
"11","Aceh","11.12","Kabupaten Aceh Barat Daya","11.12.04","Susoh","11.12.04.2001","Pantai Perak"
"11","Aceh","11.12","Kabupaten Aceh Barat Daya","11.12.04","Susoh","11.12.04.2002","Durian Rampak"
"11","Aceh","11.12","Kabupaten Aceh Barat Daya","11.12.04","Susoh","11.12.04.2003","Barat"
"11","Aceh","11.12","Kabupaten Aceh Barat Daya","11.12.04","Susoh","11.12.04.2004","Palak Hulu"
"11","Aceh","11.12","Kabupaten Aceh Barat Daya","11.12.04","Susoh","11.12.04.2005","Palak Hilir"
"11","Aceh","11.12","Kabupaten Aceh Barat Daya","11.12.04","Susoh","11.12.04.2006","Durian Jangek"
"11","Aceh","11.12","Kabupaten Aceh Barat Daya","11.12.04","Susoh","11.12.04.2007","Rumah Dua Lapis"
"11","Aceh","11.12","Kabupaten Aceh Barat Daya","11.12.04","Susoh","11.12.04.2008","Pinang"
"11","Aceh","11.12","Kabupaten Aceh Barat Daya","11.12.04","Susoh","11.12.04.2009","Rumah Panjang"
"11","Aceh","11.12","Kabupaten Aceh Barat Daya","11.12.04","Susoh","11.12.04.2010","Baharu"
"11","Aceh","11.12","Kabupaten Aceh Barat Daya","11.12.04","Susoh","11.12.04.2011","Pawoh"
"11","Aceh","11.12","Kabupaten Aceh Barat Daya","11.12.04","Susoh","11.12.04.2012","Padang Baru"
"11","Aceh","11.12","Kabupaten Aceh Barat Daya","11.12.04","Susoh","11.12.04.2013","Pulau Kayu"
"11","Aceh","11.12","Kabupaten Aceh Barat Daya","11.12.04","Susoh","11.12.04.2014","Ujung Padang"
"11","Aceh","11.12","Kabupaten Aceh Barat Daya","11.12.04","Susoh","11.12.04.2015","Kedai Susoh"
"11","Aceh","11.12","Kabupaten Aceh Barat Daya","11.12.04","Susoh","11.12.04.2016","Panjang Baru"
"11","Aceh","11.12","Kabupaten Aceh Barat Daya","11.12.04","Susoh","11.12.04.2017","Kedai Palak Kerambil"
"11","Aceh","11.12","Kabupaten Aceh Barat Daya","11.12.04","Susoh","11.12.04.2018","Ladang"
"11","Aceh","11.12","Kabupaten Aceh Barat Daya","11.12.04","Susoh","11.12.04.2019","Kepala Bandar"
"11","Aceh","11.12","Kabupaten Aceh Barat Daya","11.12.04","Susoh","11.12.04.2020","Tangah"
"11","Aceh","11.12","Kabupaten Aceh Barat Daya","11.12.04","Susoh","11.12.04.2021","Gadang"
"11","Aceh","11.12","Kabupaten Aceh Barat Daya","11.12.04","Susoh","11.12.04.2022","Padang Hilir"
"11","Aceh","11.12","Kabupaten Aceh Barat Daya","11.12.04","Susoh","11.12.04.2023","Blang Dalam"
"11","Aceh","11.12","Kabupaten Aceh Barat Daya","11.12.04","Susoh","11.12.04.2024","Meunasah"
"11","Aceh","11.12","Kabupaten Aceh Barat Daya","11.12.04","Susoh","11.12.04.2025","Lampoh Drien"
"11","Aceh","11.12","Kabupaten Aceh Barat Daya","11.12.04","Susoh","11.12.04.2026","Padang Panjang"
"11","Aceh","11.12","Kabupaten Aceh Barat Daya","11.12.04","Susoh","11.12.04.2027","Rubek Meupayong"
"11","Aceh","11.12","Kabupaten Aceh Barat Daya","11.12.04","Susoh","11.12.04.2028","Cot Mancang"
"11","Aceh","11.12","Kabupaten Aceh Barat Daya","11.12.04","Susoh","11.12.04.2029","Geulima Jaya"
"11","Aceh","11.12","Kabupaten Aceh Barat Daya","11.12.05","Kuala Batee","11.12.05.2001","Kota Bahagia"
"11","Aceh","11.12","Kabupaten Aceh Barat Daya","11.12.05","Kuala Batee","11.12.05.2002","Pasar Kota Bahagia"
"11","Aceh","11.12","Kabupaten Aceh Barat Daya","11.12.05","Kuala Batee","11.12.05.2003","Geulanggang Gajah"
"11","Aceh","11.12","Kabupaten Aceh Barat Daya","11.12.05","Kuala Batee","11.12.05.2004","Kuala Terubue"
"11","Aceh","11.12","Kabupaten Aceh Barat Daya","11.12.05","Kuala Batee","11.12.05.2005","Blang Makmur"
"11","Aceh","11.12","Kabupaten Aceh Barat Daya","11.12.05","Kuala Batee","11.12.05.2006","Panto Cut"
"11","Aceh","11.12","Kabupaten Aceh Barat Daya","11.12.05","Kuala Batee","11.12.05.2007","Alue Padee"
"11","Aceh","11.12","Kabupaten Aceh Barat Daya","11.12.05","Kuala Batee","11.12.05.2008","Muka Blang"
"11","Aceh","11.12","Kabupaten Aceh Barat Daya","11.12.05","Kuala Batee","11.12.05.2009","Lhung Geulumpang"
"11","Aceh","11.12","Kabupaten Aceh Barat Daya","11.12.05","Kuala Batee","11.12.05.2010","Padang Sikabu"
"11","Aceh","11.12","Kabupaten Aceh Barat Daya","11.12.05","Kuala Batee","11.12.05.2011","Kampung Tengah"
"11","Aceh","11.12","Kabupaten Aceh Barat Daya","11.12.05","Kuala Batee","11.12.05.2012","Blang Panyang"
"11","Aceh","11.12","Kabupaten Aceh Barat Daya","11.12.05","Kuala Batee","11.12.05.2013","Krueng Batee"
"11","Aceh","11.12","Kabupaten Aceh Barat Daya","11.12.05","Kuala Batee","11.12.05.2014","Alue Pisang"
"11","Aceh","11.12","Kabupaten Aceh Barat Daya","11.12.05","Kuala Batee","11.12.05.2015","Lhok Gajah"
"11","Aceh","11.12","Kabupaten Aceh Barat Daya","11.12.05","Kuala Batee","11.12.05.2016","Ie Mameh"
"11","Aceh","11.12","Kabupaten Aceh Barat Daya","11.12.05","Kuala Batee","11.12.05.2017","Keude Baro"
"11","Aceh","11.12","Kabupaten Aceh Barat Daya","11.12.05","Kuala Batee","11.12.05.2018","Lama Tuha"
"11","Aceh","11.12","Kabupaten Aceh Barat Daya","11.12.05","Kuala Batee","11.12.05.2019","Drien Berumbang"
"11","Aceh","11.12","Kabupaten Aceh Barat Daya","11.12.05","Kuala Batee","11.12.05.2020","Rumoh Panyang"
"11","Aceh","11.12","Kabupaten Aceh Barat Daya","11.12.05","Kuala Batee","11.12.05.2021","Krueng Panto"
"11","Aceh","11.12","Kabupaten Aceh Barat Daya","11.12.06","Babah Rot","11.12.06.2001","Pante Rakyat"
"11","Aceh","11.12","Kabupaten Aceh Barat Daya","11.12.06","Babah Rot","11.12.06.2002","Ie Mirah"
"11","Aceh","11.12","Kabupaten Aceh Barat Daya","11.12.06","Babah Rot","11.12.06.2003","Gunung Samarinda"
"11","Aceh","11.12","Kabupaten Aceh Barat Daya","11.12.06","Babah Rot","11.12.06.2004","Alue Jeurejak"
"11","Aceh","11.12","Kabupaten Aceh Barat Daya","11.12.06","Babah Rot","11.12.06.2005","Blang Dalam"
"11","Aceh","11.12","Kabupaten Aceh Barat Daya","11.12.06","Babah Rot","11.12.06.2006","Alue Peunawa"
"11","Aceh","11.12","Kabupaten Aceh Barat Daya","11.12.06","Babah Rot","11.12.06.2007","Pante Cermin"
"11","Aceh","11.12","Kabupaten Aceh Barat Daya","11.12.06","Babah Rot","11.12.06.2008","Blang Raja"
"11","Aceh","11.12","Kabupaten Aceh Barat Daya","11.12.06","Babah Rot","11.12.06.2009","Rukoen Dame"
"11","Aceh","11.12","Kabupaten Aceh Barat Daya","11.12.06","Babah Rot","11.12.06.2010","Simpang Gadeng"
"11","Aceh","11.12","Kabupaten Aceh Barat Daya","11.12.06","Babah Rot","11.12.06.2011","Teladan Jaya"
"11","Aceh","11.12","Kabupaten Aceh Barat Daya","11.12.06","Babah Rot","11.12.06.2012","Lhok Gayo"
"11","Aceh","11.12","Kabupaten Aceh Barat Daya","11.12.06","Babah Rot","11.12.06.2013","Alue Dawah"
"11","Aceh","11.12","Kabupaten Aceh Barat Daya","11.12.06","Babah Rot","11.12.06.2014","Cot Seumantok"
"11","Aceh","11.12","Kabupaten Aceh Barat Daya","11.12.07","Setia","11.12.07.2001","Lhang"
"11","Aceh","11.12","Kabupaten Aceh Barat Daya","11.12.07","Setia","11.12.07.2002","Rambong"
"11","Aceh","11.12","Kabupaten Aceh Barat Daya","11.12.07","Setia","11.12.07.2003","Pisang"
"11","Aceh","11.12","Kabupaten Aceh Barat Daya","11.12.07","Setia","11.12.07.2004","Ujung Tanah"
"11","Aceh","11.12","Kabupaten Aceh Barat Daya","11.12.07","Setia","11.12.07.2005","Alue Dama"
"11","Aceh","11.12","Kabupaten Aceh Barat Daya","11.12.07","Setia","11.12.07.2007","Tangan-Tangan Cut"
"11","Aceh","11.12","Kabupaten Aceh Barat Daya","11.12.07","Setia","11.12.07.2008","Mon Mameh"
"11","Aceh","11.12","Kabupaten Aceh Barat Daya","11.12.07","Setia","11.12.07.2009","Cinta Makmur"
"11","Aceh","11.12","Kabupaten Aceh Barat Daya","11.12.07","Setia","11.12.07.2010","Kuta Murni"
"11","Aceh","11.12","Kabupaten Aceh Barat Daya","11.12.08","Jeumpa","11.12.08.2001","Baru"
"11","Aceh","11.12","Kabupaten Aceh Barat Daya","11.12.08","Jeumpa","11.12.08.2002","Alue Rambot"
"11","Aceh","11.12","Kabupaten Aceh Barat Daya","11.12.08","Jeumpa","11.12.08.2003","Kuta Jeumpa"
"11","Aceh","11.12","Kabupaten Aceh Barat Daya","11.12.08","Jeumpa","11.12.08.2004","Alue Sungai Pinang"
"11","Aceh","11.12","Kabupaten Aceh Barat Daya","11.12.08","Jeumpa","11.12.08.2005","Cot Mane"
"11","Aceh","11.12","Kabupaten Aceh Barat Daya","11.12.08","Jeumpa","11.12.08.2006","Ladang Neubok"
"11","Aceh","11.12","Kabupaten Aceh Barat Daya","11.12.08","Jeumpa","11.12.08.2007","Asoe Nanggroe"
"11","Aceh","11.12","Kabupaten Aceh Barat Daya","11.12.08","Jeumpa","11.12.08.2008","Padang Geulumpang"
"11","Aceh","11.12","Kabupaten Aceh Barat Daya","11.12.08","Jeumpa","11.12.08.2009","Ikue Lhung"
"11","Aceh","11.12","Kabupaten Aceh Barat Daya","11.12.08","Jeumpa","11.12.08.2010","Kuta Makmur"
"11","Aceh","11.12","Kabupaten Aceh Barat Daya","11.12.08","Jeumpa","11.12.08.2011","Jeumpa Barat"
"11","Aceh","11.12","Kabupaten Aceh Barat Daya","11.12.08","Jeumpa","11.12.08.2012","Alue Seulaseh"
"11","Aceh","11.12","Kabupaten Aceh Barat Daya","11.12.09","Lembah Sabil","11.12.09.2001","Meurandeh"
"11","Aceh","11.12","Kabupaten Aceh Barat Daya","11.12.09","Lembah Sabil","11.12.09.2002","Sukadamai"
"11","Aceh","11.12","Kabupaten Aceh Barat Daya","11.12.09","Lembah Sabil","11.12.09.2003","Cot Bak-U"
"11","Aceh","11.12","Kabupaten Aceh Barat Daya","11.12.09","Lembah Sabil","11.12.09.2004","Meunasah Sukon"
"11","Aceh","11.12","Kabupaten Aceh Barat Daya","11.12.09","Lembah Sabil","11.12.09.2005","Meunasah Tengah"
"11","Aceh","11.12","Kabupaten Aceh Barat Daya","11.12.09","Lembah Sabil","11.12.09.2006","Geulanggang Batee"
"11","Aceh","11.12","Kabupaten Aceh Barat Daya","11.12.09","Lembah Sabil","11.12.09.2007","Kuta Paya"
"11","Aceh","11.12","Kabupaten Aceh Barat Daya","11.12.09","Lembah Sabil","11.12.09.2008","Ujung Tanah"
"11","Aceh","11.12","Kabupaten Aceh Barat Daya","11.12.09","Lembah Sabil","11.12.09.2009","Padang Keulele"
"11","Aceh","11.12","Kabupaten Aceh Barat Daya","11.12.09","Lembah Sabil","11.12.09.2010","Alue Rambot"
"11","Aceh","11.12","Kabupaten Aceh Barat Daya","11.12.09","Lembah Sabil","11.12.09.2011","Ladang Tuha I"
"11","Aceh","11.12","Kabupaten Aceh Barat Daya","11.12.09","Lembah Sabil","11.12.09.2012","Ladang Tuha II"
"11","Aceh","11.12","Kabupaten Aceh Barat Daya","11.12.09","Lembah Sabil","11.12.09.2013","Tokoh II"
"11","Aceh","11.12","Kabupaten Aceh Barat Daya","11.12.09","Lembah Sabil","11.12.09.2014","Kayee Aceh"
"11","Aceh","11.13","Kabupaten Gayo Lues","11.13.01","Blangkejeren","11.13.01.2001","Blangkejeren"
"11","Aceh","11.13","Kabupaten Gayo Lues","11.13.01","Blangkejeren","11.13.01.2002","Penampaan"
"11","Aceh","11.13","Kabupaten Gayo Lues","11.13.01","Blangkejeren","11.13.01.2003","Bukit"
"11","Aceh","11.13","Kabupaten Gayo Lues","11.13.01","Blangkejeren","11.13.01.2004","Bacang"
"11","Aceh","11.13","Kabupaten Gayo Lues","11.13.01","Blangkejeren","11.13.01.2005","Durin"
"11","Aceh","11.13","Kabupaten Gayo Lues","11.13.01","Blangkejeren","11.13.01.2007","Kampung Jawa"
"11","Aceh","11.13","Kabupaten Gayo Lues","11.13.01","Blangkejeren","11.13.01.2008","Porang"
"11","Aceh","11.13","Kabupaten Gayo Lues","11.13.01","Blangkejeren","11.13.01.2011","Kute Lintang"
"11","Aceh","11.13","Kabupaten Gayo Lues","11.13.01","Blangkejeren","11.13.01.2014","Leme"
"11","Aceh","11.13","Kabupaten Gayo Lues","11.13.01","Blangkejeren","11.13.01.2016","Gele"
"11","Aceh","11.13","Kabupaten Gayo Lues","11.13.01","Blangkejeren","11.13.01.2017","Sere"
"11","Aceh","11.13","Kabupaten Gayo Lues","11.13.01","Blangkejeren","11.13.01.2018","Cempa"
"11","Aceh","11.13","Kabupaten Gayo Lues","11.13.01","Blangkejeren","11.13.01.2019","Lempuh"
"11","Aceh","11.13","Kabupaten Gayo Lues","11.13.01","Blangkejeren","11.13.01.2021","Palok"
"11","Aceh","11.13","Kabupaten Gayo Lues","11.13.01","Blangkejeren","11.13.01.2022","Penggalangan"
"11","Aceh","11.13","Kabupaten Gayo Lues","11.13.01","Blangkejeren","11.13.01.2027","Agusen"
"11","Aceh","11.13","Kabupaten Gayo Lues","11.13.01","Blangkejeren","11.13.01.2031","Bustanussalam"
"11","Aceh","11.13","Kabupaten Gayo Lues","11.13.01","Blangkejeren","11.13.01.2032","Penampaan Uken"
"11","Aceh","11.13","Kabupaten Gayo Lues","11.13.01","Blangkejeren","11.13.01.2033","Raklunung"
"11","Aceh","11.13","Kabupaten Gayo Lues","11.13.01","Blangkejeren","11.13.01.2034","Sepang"
"11","Aceh","11.13","Kabupaten Gayo Lues","11.13.02","Kutapanjang","11.13.02.2002","Tampeng"
"11","Aceh","11.13","Kabupaten Gayo Lues","11.13.02","Kutapanjang","11.13.02.2004","Bener"
"11","Aceh","11.13","Kabupaten Gayo Lues","11.13.02","Kutapanjang","11.13.02.2005","Ulun Tanoh"
"11","Aceh","11.13","Kabupaten Gayo Lues","11.13.02","Kutapanjang","11.13.02.2006","Kuta Ujung"
"11","Aceh","11.13","Kabupaten Gayo Lues","11.13.02","Kutapanjang","11.13.02.2008","Beranang"
"11","Aceh","11.13","Kabupaten Gayo Lues","11.13.02","Kutapanjang","11.13.02.2010","Rikit Dekat"
"11","Aceh","11.13","Kabupaten Gayo Lues","11.13.02","Kutapanjang","11.13.02.2011","Rema"
"11","Aceh","11.13","Kabupaten Gayo Lues","11.13.02","Kutapanjang","11.13.02.2014","Rema Baru"
"11","Aceh","11.13","Kabupaten Gayo Lues","11.13.02","Kutapanjang","11.13.02.2015","Cike"
"11","Aceh","11.13","Kabupaten Gayo Lues","11.13.02","Kutapanjang","11.13.02.2016","Kerukunan Kuta Panjang"
"11","Aceh","11.13","Kabupaten Gayo Lues","11.13.02","Kutapanjang","11.13.02.2020","Tampeng Musara"
"11","Aceh","11.13","Kabupaten Gayo Lues","11.13.02","Kutapanjang","11.13.02.2021","Kong Paluh"
"11","Aceh","11.13","Kabupaten Gayo Lues","11.13.03","Rikit Gaib","11.13.03.2001","Ampa Kolak"
"11","Aceh","11.13","Kabupaten Gayo Lues","11.13.03","Rikit Gaib","11.13.03.2002","Cane Toa"
"11","Aceh","11.13","Kabupaten Gayo Lues","11.13.03","Rikit Gaib","11.13.03.2003","Padang Pasir"
"11","Aceh","11.13","Kabupaten Gayo Lues","11.13.03","Rikit Gaib","11.13.03.2005","Pinang Rugub"
"11","Aceh","11.13","Kabupaten Gayo Lues","11.13.03","Rikit Gaib","11.13.03.2006","Kuning"
"11","Aceh","11.13","Kabupaten Gayo Lues","11.13.03","Rikit Gaib","11.13.03.2008","Mangang"
"11","Aceh","11.13","Kabupaten Gayo Lues","11.13.03","Rikit Gaib","11.13.03.2011","Rempelam"
"11","Aceh","11.13","Kabupaten Gayo Lues","11.13.03","Rikit Gaib","11.13.03.2012","Cane Uken"
"11","Aceh","11.13","Kabupaten Gayo Lues","11.13.03","Rikit Gaib","11.13.03.2013","Tungel"
"11","Aceh","11.13","Kabupaten Gayo Lues","11.13.03","Rikit Gaib","11.13.03.2014","Kota Rikit Gaib"
"11","Aceh","11.13","Kabupaten Gayo Lues","11.13.03","Rikit Gaib","11.13.03.2016","Lukup Baru"
"11","Aceh","11.13","Kabupaten Gayo Lues","11.13.03","Rikit Gaib","11.13.03.2017","Penomon Jaya"
"11","Aceh","11.13","Kabupaten Gayo Lues","11.13.03","Rikit Gaib","11.13.03.2018","Tungel Baru"
"11","Aceh","11.13","Kabupaten Gayo Lues","11.13.04","Terangun","11.13.04.2001","Jabo"
"11","Aceh","11.13","Kabupaten Gayo Lues","11.13.04","Terangun","11.13.04.2002","Kutesange"
"11","Aceh","11.13","Kabupaten Gayo Lues","11.13.04","Terangun","11.13.04.2003","Padang"
"11","Aceh","11.13","Kabupaten Gayo Lues","11.13.04","Terangun","11.13.04.2006","Rumpi"
"11","Aceh","11.13","Kabupaten Gayo Lues","11.13.04","Terangun","11.13.04.2007","Bukut"
"11","Aceh","11.13","Kabupaten Gayo Lues","11.13.04","Terangun","11.13.04.2008","Terangun"
"11","Aceh","11.13","Kabupaten Gayo Lues","11.13.04","Terangun","11.13.04.2010","Rempelam Pinang"
"11","Aceh","11.13","Kabupaten Gayo Lues","11.13.04","Terangun","11.13.04.2011","Soyo"
"11","Aceh","11.13","Kabupaten Gayo Lues","11.13.04","Terangun","11.13.04.2012","Terlis"
"11","Aceh","11.13","Kabupaten Gayo Lues","11.13.04","Terangun","11.13.04.2013","Kutereje"
"11","Aceh","11.13","Kabupaten Gayo Lues","11.13.04","Terangun","11.13.04.2014","Persada Tongra"
"11","Aceh","11.13","Kabupaten Gayo Lues","11.13.04","Terangun","11.13.04.2015","Berhut"
"11","Aceh","11.13","Kabupaten Gayo Lues","11.13.04","Terangun","11.13.04.2016","Gewat"
"11","Aceh","11.13","Kabupaten Gayo Lues","11.13.04","Terangun","11.13.04.2017","Pantan Lues"
"11","Aceh","11.13","Kabupaten Gayo Lues","11.13.04","Terangun","11.13.04.2018","Makmur Jaya"
"11","Aceh","11.13","Kabupaten Gayo Lues","11.13.04","Terangun","11.13.04.2020","Blang Kuncir"
"11","Aceh","11.13","Kabupaten Gayo Lues","11.13.04","Terangun","11.13.04.2023","Reje Pudung"
"11","Aceh","11.13","Kabupaten Gayo Lues","11.13.04","Terangun","11.13.04.2024","Garut"
"11","Aceh","11.13","Kabupaten Gayo Lues","11.13.04","Terangun","11.13.04.2025","Telege Jernih"
"11","Aceh","11.13","Kabupaten Gayo Lues","11.13.04","Terangun","11.13.04.2026","Rime Raya"
"11","Aceh","11.13","Kabupaten Gayo Lues","11.13.04","Terangun","11.13.04.2027","Lestari"
"11","Aceh","11.13","Kabupaten Gayo Lues","11.13.04","Terangun","11.13.04.2028","Gawar Belangi"
"11","Aceh","11.13","Kabupaten Gayo Lues","11.13.04","Terangun","11.13.04.2029","Blang Kala"
"11","Aceh","11.13","Kabupaten Gayo Lues","11.13.05","Pining","11.13.05.2001","Pining"
"11","Aceh","11.13","Kabupaten Gayo Lues","11.13.05","Pining","11.13.05.2002","Pertik"
"11","Aceh","11.13","Kabupaten Gayo Lues","11.13.05","Pining","11.13.05.2003","Ekan"
"11","Aceh","11.13","Kabupaten Gayo Lues","11.13.05","Pining","11.13.05.2004","Uring"
"11","Aceh","11.13","Kabupaten Gayo Lues","11.13.05","Pining","11.13.05.2005","Gajah"
"11","Aceh","11.13","Kabupaten Gayo Lues","11.13.05","Pining","11.13.05.2006","Pintu Rime"
"11","Aceh","11.13","Kabupaten Gayo Lues","11.13.05","Pining","11.13.05.2007","Pepelah"
"11","Aceh","11.13","Kabupaten Gayo Lues","11.13.05","Pining","11.13.05.2008","Pasir Putih"
"11","Aceh","11.13","Kabupaten Gayo Lues","11.13.05","Pining","11.13.05.2009","Lesten"
"11","Aceh","11.13","Kabupaten Gayo Lues","11.13.06","Blangpegayon","11.13.06.2001","Gantung Geluni"
"11","Aceh","11.13","Kabupaten Gayo Lues","11.13.06","Blangpegayon","11.13.06.2002","Kutabukit"
"11","Aceh","11.13","Kabupaten Gayo Lues","11.13.06","Blangpegayon","11.13.06.2003","Bener Baru"
"11","Aceh","11.13","Kabupaten Gayo Lues","11.13.06","Blangpegayon","11.13.06.2004","Blangbengkik"
"11","Aceh","11.13","Kabupaten Gayo Lues","11.13.06","Blangpegayon","11.13.06.2005","Kong"
"11","Aceh","11.13","Kabupaten Gayo Lues","11.13.06","Blangpegayon","11.13.06.2006","Ume Lah"
"11","Aceh","11.13","Kabupaten Gayo Lues","11.13.06","Blangpegayon","11.13.06.2007","Cinta Maju"
"11","Aceh","11.13","Kabupaten Gayo Lues","11.13.06","Blangpegayon","11.13.06.2008","Porang Ayu"
"11","Aceh","11.13","Kabupaten Gayo Lues","11.13.06","Blangpegayon","11.13.06.2009","Tetingi"
"11","Aceh","11.13","Kabupaten Gayo Lues","11.13.06","Blangpegayon","11.13.06.2010","Anak Reje"
"11","Aceh","11.13","Kabupaten Gayo Lues","11.13.06","Blangpegayon","11.13.06.2011","Bemem Buntul Pegayon"
"11","Aceh","11.13","Kabupaten Gayo Lues","11.13.06","Blangpegayon","11.13.06.2012","Akang Siwah"
"11","Aceh","11.13","Kabupaten Gayo Lues","11.13.07","Puteri Betung","11.13.07.2001","Gumpang"
"11","Aceh","11.13","Kabupaten Gayo Lues","11.13.07","Puteri Betung","11.13.07.2002","Marpunge"
"11","Aceh","11.13","Kabupaten Gayo Lues","11.13.07","Puteri Betung","11.13.07.2003","Ramung Musara"
"11","Aceh","11.13","Kabupaten Gayo Lues","11.13.07","Puteri Betung","11.13.07.2004","Meloak Sepakat"
"11","Aceh","11.13","Kabupaten Gayo Lues","11.13.07","Puteri Betung","11.13.07.2005","Kutelengat Sepakat"
"11","Aceh","11.13","Kabupaten Gayo Lues","11.13.07","Puteri Betung","11.13.07.2006","Singah Mulo"
"11","Aceh","11.13","Kabupaten Gayo Lues","11.13.07","Puteri Betung","11.13.07.2007","Uning Pune"
"11","Aceh","11.13","Kabupaten Gayo Lues","11.13.07","Puteri Betung","11.13.07.2008","Gumpang Lempuh"
"11","Aceh","11.13","Kabupaten Gayo Lues","11.13.07","Puteri Betung","11.13.07.2009","Putri Betung"
"11","Aceh","11.13","Kabupaten Gayo Lues","11.13.08","Dabun Gelang","11.13.08.2001","Pangur"
"11","Aceh","11.13","Kabupaten Gayo Lues","11.13.08","Dabun Gelang","11.13.08.2002","Badak"
"11","Aceh","11.13","Kabupaten Gayo Lues","11.13.08","Dabun Gelang","11.13.08.2003","Kendawi"
"11","Aceh","11.13","Kabupaten Gayo Lues","11.13.08","Dabun Gelang","11.13.08.2004","Sangir"
"11","Aceh","11.13","Kabupaten Gayo Lues","11.13.08","Dabun Gelang","11.13.08.2005","Panglima Linting"
"11","Aceh","11.13","Kabupaten Gayo Lues","11.13.08","Dabun Gelang","11.13.08.2006","Blangtemung"
"11","Aceh","11.13","Kabupaten Gayo Lues","11.13.08","Dabun Gelang","11.13.08.2007","Rerebe"
"11","Aceh","11.13","Kabupaten Gayo Lues","11.13.08","Dabun Gelang","11.13.08.2008","Uning Gelung"
"11","Aceh","11.13","Kabupaten Gayo Lues","11.13.08","Dabun Gelang","11.13.08.2009","Uning Sepakat"
"11","Aceh","11.13","Kabupaten Gayo Lues","11.13.09","Blangjerango","11.13.09.2001","Penosan"
"11","Aceh","11.13","Kabupaten Gayo Lues","11.13.09","Blangjerango","11.13.09.2002","Sekuelen"
"11","Aceh","11.13","Kabupaten Gayo Lues","11.13.09","Blangjerango","11.13.09.2003","Akul"
"11","Aceh","11.13","Kabupaten Gayo Lues","11.13.09","Blangjerango","11.13.09.2004","Gegarang"
"11","Aceh","11.13","Kabupaten Gayo Lues","11.13.09","Blangjerango","11.13.09.2005","Peparik Gaib"
"11","Aceh","11.13","Kabupaten Gayo Lues","11.13.09","Blangjerango","11.13.09.2006","Penosan Sepakat"
"11","Aceh","11.13","Kabupaten Gayo Lues","11.13.09","Blangjerango","11.13.09.2007","Tingkem"
"11","Aceh","11.13","Kabupaten Gayo Lues","11.13.09","Blangjerango","11.13.09.2008","Ketukah"
"11","Aceh","11.13","Kabupaten Gayo Lues","11.13.09","Blangjerango","11.13.09.2009","Peparik Dekat"
"11","Aceh","11.13","Kabupaten Gayo Lues","11.13.09","Blangjerango","11.13.09.2010","Blangjerango"
"11","Aceh","11.13","Kabupaten Gayo Lues","11.13.10","Teripe Jaya","11.13.10.2001","Perlak"
"11","Aceh","11.13","Kabupaten Gayo Lues","11.13.10","Teripe Jaya","11.13.10.2002","Rerebe"
"11","Aceh","11.13","Kabupaten Gayo Lues","11.13.10","Teripe Jaya","11.13.10.2003","Pasir"
"11","Aceh","11.13","Kabupaten Gayo Lues","11.13.10","Teripe Jaya","11.13.10.2004","Setul"
"11","Aceh","11.13","Kabupaten Gayo Lues","11.13.10","Teripe Jaya","11.13.10.2005","UPT Paya Kumer"
"11","Aceh","11.13","Kabupaten Gayo Lues","11.13.10","Teripe Jaya","11.13.10.2006","UPT Pantan Kela"
"11","Aceh","11.13","Kabupaten Gayo Lues","11.13.10","Teripe Jaya","11.13.10.2007","Buntul Musara"
"11","Aceh","11.13","Kabupaten Gayo Lues","11.13.10","Teripe Jaya","11.13.10.2008","Kuala Jernih"
"11","Aceh","11.13","Kabupaten Gayo Lues","11.13.10","Teripe Jaya","11.13.10.2009","Uyem Beriring"
"11","Aceh","11.13","Kabupaten Gayo Lues","11.13.10","Teripe Jaya","11.13.10.2010","Pulo Gelime"
"11","Aceh","11.13","Kabupaten Gayo Lues","11.13.11","Pantan Cuaca","11.13.11.2001","Seneren"
"11","Aceh","11.13","Kabupaten Gayo Lues","11.13.11","Pantan Cuaca","11.13.11.2002","Remukut"
"11","Aceh","11.13","Kabupaten Gayo Lues","11.13.11","Pantan Cuaca","11.13.11.2003","Kenyaran"
"11","Aceh","11.13","Kabupaten Gayo Lues","11.13.11","Pantan Cuaca","11.13.11.2004","Tetingi"
"11","Aceh","11.13","Kabupaten Gayo Lues","11.13.11","Pantan Cuaca","11.13.11.2005","Atu Kapur"
"11","Aceh","11.13","Kabupaten Gayo Lues","11.13.11","Pantan Cuaca","11.13.11.2006","Suri Musara"
"11","Aceh","11.13","Kabupaten Gayo Lues","11.13.11","Pantan Cuaca","11.13.11.2007","UPT Aih Selah"
"11","Aceh","11.13","Kabupaten Gayo Lues","11.13.11","Pantan Cuaca","11.13.11.2008","Cane Baru"
"11","Aceh","11.13","Kabupaten Gayo Lues","11.13.11","Pantan Cuaca","11.13.11.2009","Kurnia"
"11","Aceh","11.14","Kabupaten Aceh Jaya","11.14.01","Teunom","11.14.01.2001","Keude Teunom"
"11","Aceh","11.14","Kabupaten Aceh Jaya","11.14.01","Teunom","11.14.01.2002","Alue Ambang"
"11","Aceh","11.14","Kabupaten Aceh Jaya","11.14.01","Teunom","11.14.01.2003","Padang Kleng"
"11","Aceh","11.14","Kabupaten Aceh Jaya","11.14.01","Teunom","11.14.01.2004","Panton"
"11","Aceh","11.14","Kabupaten Aceh Jaya","11.14.01","Teunom","11.14.01.2005","Pasi Tulak Bala"
"11","Aceh","11.14","Kabupaten Aceh Jaya","11.14.01","Teunom","11.14.01.2006","Gampong Baro"
"11","Aceh","11.14","Kabupaten Aceh Jaya","11.14.01","Teunom","11.14.01.2007","Rambong Payong"
"11","Aceh","11.14","Kabupaten Aceh Jaya","11.14.01","Teunom","11.14.01.2008","Pasi Pawang"
"11","Aceh","11.14","Kabupaten Aceh Jaya","11.14.01","Teunom","11.14.01.2009","Blang Baro"
"11","Aceh","11.14","Kabupaten Aceh Jaya","11.14.01","Teunom","11.14.01.2010","Tanoh Anoe"
"11","Aceh","11.14","Kabupaten Aceh Jaya","11.14.01","Teunom","11.14.01.2011","Tanoh Manyang"
"11","Aceh","11.14","Kabupaten Aceh Jaya","11.14.01","Teunom","11.14.01.2012","Batee Roo"
"11","Aceh","11.14","Kabupaten Aceh Jaya","11.14.01","Teunom","11.14.01.2013","Seuneubok Padang"
"11","Aceh","11.14","Kabupaten Aceh Jaya","11.14.01","Teunom","11.14.01.2014","Seumira"
"11","Aceh","11.14","Kabupaten Aceh Jaya","11.14.01","Teunom","11.14.01.2015","Kubu"
"11","Aceh","11.14","Kabupaten Aceh Jaya","11.14.01","Teunom","11.14.01.2016","Alue Meuraksa"
"11","Aceh","11.14","Kabupaten Aceh Jaya","11.14.01","Teunom","11.14.01.2017","Paya Baro"
"11","Aceh","11.14","Kabupaten Aceh Jaya","11.14.01","Teunom","11.14.01.2018","Teupin Ara"
"11","Aceh","11.14","Kabupaten Aceh Jaya","11.14.01","Teunom","11.14.01.2019","Cot Trap"
"11","Aceh","11.14","Kabupaten Aceh Jaya","11.14.01","Teunom","11.14.01.2020","Leung Gayo"
"11","Aceh","11.14","Kabupaten Aceh Jaya","11.14.01","Teunom","11.14.01.2021","Pasi Geulima"
"11","Aceh","11.14","Kabupaten Aceh Jaya","11.14.01","Teunom","11.14.01.2022","Pasi Timon"
"11","Aceh","11.14","Kabupaten Aceh Jaya","11.14.02","Krueng Sabee","11.14.02.2001","Bahagia"
"11","Aceh","11.14","Kabupaten Aceh Jaya","11.14.02","Krueng Sabee","11.14.02.2002","Sentosa"
"11","Aceh","11.14","Kabupaten Aceh Jaya","11.14.02","Krueng Sabee","11.14.02.2003","Dayah Baro"
"11","Aceh","11.14","Kabupaten Aceh Jaya","11.14.02","Krueng Sabee","11.14.02.2004","Gampong Blang"
"11","Aceh","11.14","Kabupaten Aceh Jaya","11.14.02","Krueng Sabee","11.14.02.2005","Keutapang"
"11","Aceh","11.14","Kabupaten Aceh Jaya","11.14.02","Krueng Sabee","11.14.02.2006","Panton Makmur"
"11","Aceh","11.14","Kabupaten Aceh Jaya","11.14.02","Krueng Sabee","11.14.02.2007","Keude Krueng Sabee"
"11","Aceh","11.14","Kabupaten Aceh Jaya","11.14.02","Krueng Sabee","11.14.02.2008","Kabong"
"11","Aceh","11.14","Kabupaten Aceh Jaya","11.14.02","Krueng Sabee","11.14.02.2009","Padang Datar"
"11","Aceh","11.14","Kabupaten Aceh Jaya","11.14.02","Krueng Sabee","11.14.02.2010","Datar Luas"
"11","Aceh","11.14","Kabupaten Aceh Jaya","11.14.02","Krueng Sabee","11.14.02.2011","Ranto Panyang"
"11","Aceh","11.14","Kabupaten Aceh Jaya","11.14.02","Krueng Sabee","11.14.02.2012","Buntha"
"11","Aceh","11.14","Kabupaten Aceh Jaya","11.14.02","Krueng Sabee","11.14.02.2013","Panggong"
"11","Aceh","11.14","Kabupaten Aceh Jaya","11.14.02","Krueng Sabee","11.14.02.2014","Curek"
"11","Aceh","11.14","Kabupaten Aceh Jaya","11.14.02","Krueng Sabee","11.14.02.2015","Alue Tho"
"11","Aceh","11.14","Kabupaten Aceh Jaya","11.14.02","Krueng Sabee","11.14.02.2016","Mon Mata"
"11","Aceh","11.14","Kabupaten Aceh Jaya","11.14.02","Krueng Sabee","11.14.02.2017","Paya Seumantok"
"11","Aceh","11.14","Kabupaten Aceh Jaya","11.14.03","Setia Bakti","11.14.03.2001","Sawang"
"11","Aceh","11.14","Kabupaten Aceh Jaya","11.14.03","Setia Bakti","11.14.03.2002","Lhok Geulumpang"
"11","Aceh","11.14","Kabupaten Aceh Jaya","11.14.03","Setia Bakti","11.14.03.2003","Padang"
"11","Aceh","11.14","Kabupaten Aceh Jaya","11.14.03","Setia Bakti","11.14.03.2004","Gunong Meunasah"
"11","Aceh","11.14","Kabupaten Aceh Jaya","11.14.03","Setia Bakti","11.14.03.2005","Sapek"
"11","Aceh","11.14","Kabupaten Aceh Jaya","11.14.03","Setia Bakti","11.14.03.2006","Pante Kuyun"
"11","Aceh","11.14","Kabupaten Aceh Jaya","11.14.03","Setia Bakti","11.14.03.2007","Glee Seubak"
"11","Aceh","11.14","Kabupaten Aceh Jaya","11.14.03","Setia Bakti","11.14.03.2008","Gampong Baroh"
"11","Aceh","11.14","Kabupaten Aceh Jaya","11.14.03","Setia Bakti","11.14.03.2009","Lhok Timon"
"11","Aceh","11.14","Kabupaten Aceh Jaya","11.14.03","Setia Bakti","11.14.03.2010","Gampong Baro"
"11","Aceh","11.14","Kabupaten Aceh Jaya","11.14.03","Setia Bakti","11.14.03.2011","Lhok Buya"
"11","Aceh","11.14","Kabupaten Aceh Jaya","11.14.03","Setia Bakti","11.14.03.2012","Lhok Bot"
"11","Aceh","11.14","Kabupaten Aceh Jaya","11.14.03","Setia Bakti","11.14.03.2013","Paya Laot"
"11","Aceh","11.14","Kabupaten Aceh Jaya","11.14.04","Sampoi Niet","11.14.04.2001","Lhok Kruet"
"11","Aceh","11.14","Kabupaten Aceh Jaya","11.14.04","Sampoi Niet","11.14.04.2002","Pulo Raya"
"11","Aceh","11.14","Kabupaten Aceh Jaya","11.14.04","Sampoi Niet","11.14.04.2003","Meunasah Kulam"
"11","Aceh","11.14","Kabupaten Aceh Jaya","11.14.04","Sampoi Niet","11.14.04.2004","Crak Mong"
"11","Aceh","11.14","Kabupaten Aceh Jaya","11.14.04","Sampoi Niet","11.14.04.2005","Alue Gro"
"11","Aceh","11.14","Kabupaten Aceh Jaya","11.14.04","Sampoi Niet","11.14.04.2006","Kuala Ligan"
"11","Aceh","11.14","Kabupaten Aceh Jaya","11.14.04","Sampoi Niet","11.14.04.2007","Babah Nipah"
"11","Aceh","11.14","Kabupaten Aceh Jaya","11.14.04","Sampoi Niet","11.14.04.2008","Jeumpheuk"
"11","Aceh","11.14","Kabupaten Aceh Jaya","11.14.04","Sampoi Niet","11.14.04.2009","Cot Langsat"
"11","Aceh","11.14","Kabupaten Aceh Jaya","11.14.04","Sampoi Niet","11.14.04.2010","Mata Ie"
"11","Aceh","11.14","Kabupaten Aceh Jaya","11.14.04","Sampoi Niet","11.14.04.2011","Blang Monlung"
"11","Aceh","11.14","Kabupaten Aceh Jaya","11.14.04","Sampoi Niet","11.14.04.2012","Krueng No"
"11","Aceh","11.14","Kabupaten Aceh Jaya","11.14.04","Sampoi Niet","11.14.04.2013","Seumantok"
"11","Aceh","11.14","Kabupaten Aceh Jaya","11.14.04","Sampoi Niet","11.14.04.2014","Ranto Sabon"
"11","Aceh","11.14","Kabupaten Aceh Jaya","11.14.04","Sampoi Niet","11.14.04.2015","Ligan"
"11","Aceh","11.14","Kabupaten Aceh Jaya","11.14.04","Sampoi Niet","11.14.04.2016","Ie Jeureungeh"
"11","Aceh","11.14","Kabupaten Aceh Jaya","11.14.04","Sampoi Niet","11.14.04.2020","Kuala Bakong"
"11","Aceh","11.14","Kabupaten Aceh Jaya","11.14.04","Sampoi Niet","11.14.04.2036","Cot Punti"
"11","Aceh","11.14","Kabupaten Aceh Jaya","11.14.04","Sampoi Niet","11.14.04.2037","Krueng Ayon"
"11","Aceh","11.14","Kabupaten Aceh Jaya","11.14.05","Jaya","11.14.05.2011","Pante Cermin"
"11","Aceh","11.14","Kabupaten Aceh Jaya","11.14.05","Jaya","11.14.05.2012","Sabet"
"11","Aceh","11.14","Kabupaten Aceh Jaya","11.14.05","Jaya","11.14.05.2013","Sango"
"11","Aceh","11.14","Kabupaten Aceh Jaya","11.14.05","Jaya","11.14.05.2014","Mareu"
"11","Aceh","11.14","Kabupaten Aceh Jaya","11.14.05","Jaya","11.14.05.2015","Lam Asan"
"11","Aceh","11.14","Kabupaten Aceh Jaya","11.14.05","Jaya","11.14.05.2016","Alue Rayeuk"
"11","Aceh","11.14","Kabupaten Aceh Jaya","11.14.05","Jaya","11.14.05.2017","Sapek"
"11","Aceh","11.14","Kabupaten Aceh Jaya","11.14.05","Jaya","11.14.05.2018","Lambaroh"
"11","Aceh","11.14","Kabupaten Aceh Jaya","11.14.05","Jaya","11.14.05.2019","Meudheun"
"11","Aceh","11.14","Kabupaten Aceh Jaya","11.14.05","Jaya","11.14.05.2020","Babah Ie"
"11","Aceh","11.14","Kabupaten Aceh Jaya","11.14.05","Jaya","11.14.05.2021","Ujong Sudheun"
"11","Aceh","11.14","Kabupaten Aceh Jaya","11.14.05","Jaya","11.14.05.2022","Krueng Tunong"
"11","Aceh","11.14","Kabupaten Aceh Jaya","11.14.05","Jaya","11.14.05.2023","Jambo Masi"
"11","Aceh","11.14","Kabupaten Aceh Jaya","11.14.05","Jaya","11.14.05.2024","Lamtui"
"11","Aceh","11.14","Kabupaten Aceh Jaya","11.14.05","Jaya","11.14.05.2025","Pasar Lamno"
"11","Aceh","11.14","Kabupaten Aceh Jaya","11.14.05","Jaya","11.14.05.2026","Meunasah Weh"
"11","Aceh","11.14","Kabupaten Aceh Jaya","11.14.05","Jaya","11.14.05.2027","Bak Paoh"
"11","Aceh","11.14","Kabupaten Aceh Jaya","11.14.05","Jaya","11.14.05.2028","Babah Krueng"
"11","Aceh","11.14","Kabupaten Aceh Jaya","11.14.05","Jaya","11.14.05.2029","Cot Dulang"
"11","Aceh","11.14","Kabupaten Aceh Jaya","11.14.05","Jaya","11.14.05.2030","Lamdurian"
"11","Aceh","11.14","Kabupaten Aceh Jaya","11.14.05","Jaya","11.14.05.2031","Putue"
"11","Aceh","11.14","Kabupaten Aceh Jaya","11.14.05","Jaya","11.14.05.2032","Gle Putoh"
"11","Aceh","11.14","Kabupaten Aceh Jaya","11.14.05","Jaya","11.14.05.2033","Pante Keutapang"
"11","Aceh","11.14","Kabupaten Aceh Jaya","11.14.05","Jaya","11.14.05.2034","Lamme"
"11","Aceh","11.14","Kabupaten Aceh Jaya","11.14.05","Jaya","11.14.05.2035","Meunasah Serba"
"11","Aceh","11.14","Kabupaten Aceh Jaya","11.14.05","Jaya","11.14.05.2036","Leupe"
"11","Aceh","11.14","Kabupaten Aceh Jaya","11.14.05","Jaya","11.14.05.2037","Meutara"
"11","Aceh","11.14","Kabupaten Aceh Jaya","11.14.05","Jaya","11.14.05.2038","Lhuet"
"11","Aceh","11.14","Kabupaten Aceh Jaya","11.14.05","Jaya","11.14.05.2039","Gle Jong"
"11","Aceh","11.14","Kabupaten Aceh Jaya","11.14.05","Jaya","11.14.05.2040","Darat"
"11","Aceh","11.14","Kabupaten Aceh Jaya","11.14.05","Jaya","11.14.05.2041","Gampong Baro"
"11","Aceh","11.14","Kabupaten Aceh Jaya","11.14.05","Jaya","11.14.05.2042","Panton Makmur"
"11","Aceh","11.14","Kabupaten Aceh Jaya","11.14.05","Jaya","11.14.05.2043","Rumpet"
"11","Aceh","11.14","Kabupaten Aceh Jaya","11.14.05","Jaya","11.14.05.2044","Nusa"
"11","Aceh","11.14","Kabupaten Aceh Jaya","11.14.06","Panga","11.14.06.2001","Keude Panga"
"11","Aceh","11.14","Kabupaten Aceh Jaya","11.14.06","Panga","11.14.06.2002","Kuta Tuha"
"11","Aceh","11.14","Kabupaten Aceh Jaya","11.14.06","Panga","11.14.06.2003","Tuwi Kareung"
"11","Aceh","11.14","Kabupaten Aceh Jaya","11.14.06","Panga","11.14.06.2004","Ladang Baro"
"11","Aceh","11.14","Kabupaten Aceh Jaya","11.14.06","Panga","11.14.06.2005","Panton Krueng"
"11","Aceh","11.14","Kabupaten Aceh Jaya","11.14.06","Panga","11.14.06.2006","Gle Putoh"
"11","Aceh","11.14","Kabupaten Aceh Jaya","11.14.06","Panga","11.14.06.2007","Alue Pande"
"11","Aceh","11.14","Kabupaten Aceh Jaya","11.14.06","Panga","11.14.06.2008","Batee Meutudong"
"11","Aceh","11.14","Kabupaten Aceh Jaya","11.14.06","Panga","11.14.06.2009","Gampong Harapan"
"11","Aceh","11.14","Kabupaten Aceh Jaya","11.14.06","Panga","11.14.06.2010","Gunong Buloh"
"11","Aceh","11.14","Kabupaten Aceh Jaya","11.14.06","Panga","11.14.06.2011","Gunong Meulinteung"
"11","Aceh","11.14","Kabupaten Aceh Jaya","11.14.06","Panga","11.14.06.2013","Alue Abed"
"11","Aceh","11.14","Kabupaten Aceh Jaya","11.14.06","Panga","11.14.06.2014","Gunong Mantok"
"11","Aceh","11.14","Kabupaten Aceh Jaya","11.14.06","Panga","11.14.06.2015","Alue Raya"
"11","Aceh","11.14","Kabupaten Aceh Jaya","11.14.06","Panga","11.14.06.2016","Alue Teungoh"
"11","Aceh","11.14","Kabupaten Aceh Jaya","11.14.06","Panga","11.14.06.2017","Babah Ceupan"
"11","Aceh","11.14","Kabupaten Aceh Jaya","11.14.06","Panga","11.14.06.2018","Tuwi Eumpeuk"
"11","Aceh","11.14","Kabupaten Aceh Jaya","11.14.06","Panga","11.14.06.2019","Panton Kabu"
"11","Aceh","11.14","Kabupaten Aceh Jaya","11.14.06","Panga","11.14.06.2020","Tuwi Kayee"
"11","Aceh","11.14","Kabupaten Aceh Jaya","11.14.06","Panga","11.14.06.2021","Alue Piet"
"11","Aceh","11.14","Kabupaten Aceh Jaya","11.14.07","Indra Jaya","11.14.07.2001","Ujong Muloh"
"11","Aceh","11.14","Kabupaten Aceh Jaya","11.14.07","Indra Jaya","11.14.07.2002","Janguet"
"11","Aceh","11.14","Kabupaten Aceh Jaya","11.14.07","Indra Jaya","11.14.07.2003","Meunasah Rayeuk"
"11","Aceh","11.14","Kabupaten Aceh Jaya","11.14.07","Indra Jaya","11.14.07.2004","Mukhan"
"11","Aceh","11.14","Kabupaten Aceh Jaya","11.14.07","Indra Jaya","11.14.07.2005","Meunasah Teungoh"
"11","Aceh","11.14","Kabupaten Aceh Jaya","11.14.07","Indra Jaya","11.14.07.2006","Meunasah Tutong"
"11","Aceh","11.14","Kabupaten Aceh Jaya","11.14.07","Indra Jaya","11.14.07.2007","Babah Dua"
"11","Aceh","11.14","Kabupaten Aceh Jaya","11.14.07","Indra Jaya","11.14.07.2008","Alue Mie"
"11","Aceh","11.14","Kabupaten Aceh Jaya","11.14.07","Indra Jaya","11.14.07.2009","Teumareum"
"11","Aceh","11.14","Kabupaten Aceh Jaya","11.14.07","Indra Jaya","11.14.07.2010","Kuala"
"11","Aceh","11.14","Kabupaten Aceh Jaya","11.14.07","Indra Jaya","11.14.07.2011","Meudhang Ghon"
"11","Aceh","11.14","Kabupaten Aceh Jaya","11.14.07","Indra Jaya","11.14.07.2012","Kareung Ateuh"
"11","Aceh","11.14","Kabupaten Aceh Jaya","11.14.07","Indra Jaya","11.14.07.2013","Keude Unga"
"11","Aceh","11.14","Kabupaten Aceh Jaya","11.14.07","Indra Jaya","11.14.07.2014","Ceunamprong"
"11","Aceh","11.14","Kabupaten Aceh Jaya","11.14.08","Darul Hikmah","11.14.08.2001","Patek"
"11","Aceh","11.14","Kabupaten Aceh Jaya","11.14.08","Darul Hikmah","11.14.08.2002","Gampong Baro Patek"
"11","Aceh","11.14","Kabupaten Aceh Jaya","11.14.08","Darul Hikmah","11.14.08.2003","Blang Dalam"
"11","Aceh","11.14","Kabupaten Aceh Jaya","11.14.08","Darul Hikmah","11.14.08.2004","Pajar"
"11","Aceh","11.14","Kabupaten Aceh Jaya","11.14.08","Darul Hikmah","11.14.08.2005","Reuntang"
"11","Aceh","11.14","Kabupaten Aceh Jaya","11.14.08","Darul Hikmah","11.14.08.2006","Cot Pange"
"11","Aceh","11.14","Kabupaten Aceh Jaya","11.14.08","Darul Hikmah","11.14.08.2007","Arongan"
"11","Aceh","11.14","Kabupaten Aceh Jaya","11.14.08","Darul Hikmah","11.14.08.2008","Paya Santeut"
"11","Aceh","11.14","Kabupaten Aceh Jaya","11.14.08","Darul Hikmah","11.14.08.2009","Krueng Tho"
"11","Aceh","11.14","Kabupaten Aceh Jaya","11.14.08","Darul Hikmah","11.14.08.2010","Panton Krueng"
"11","Aceh","11.14","Kabupaten Aceh Jaya","11.14.08","Darul Hikmah","11.14.08.2011","Alue Gajah"
"11","Aceh","11.14","Kabupaten Aceh Jaya","11.14.08","Darul Hikmah","11.14.08.2012","Sayeung"
"11","Aceh","11.14","Kabupaten Aceh Jaya","11.14.08","Darul Hikmah","11.14.08.2013","Gunong Cut"
"11","Aceh","11.14","Kabupaten Aceh Jaya","11.14.08","Darul Hikmah","11.14.08.2014","Ujong Rimba"
"11","Aceh","11.14","Kabupaten Aceh Jaya","11.14.08","Darul Hikmah","11.14.08.2015","Lamteungoh"
"11","Aceh","11.14","Kabupaten Aceh Jaya","11.14.08","Darul Hikmah","11.14.08.2016","Gampong Baro Lamteungoh"
"11","Aceh","11.14","Kabupaten Aceh Jaya","11.14.08","Darul Hikmah","11.14.08.2017","Babah Dua"
"11","Aceh","11.14","Kabupaten Aceh Jaya","11.14.08","Darul Hikmah","11.14.08.2018","Masen"
"11","Aceh","11.14","Kabupaten Aceh Jaya","11.14.08","Darul Hikmah","11.14.08.2019","Teupin Asan"
"11","Aceh","11.14","Kabupaten Aceh Jaya","11.14.09","Pasie Raya","11.14.09.2001","Pulo Tinggi"
"11","Aceh","11.14","Kabupaten Aceh Jaya","11.14.09","Pasie Raya","11.14.09.2002","Alue Krueng"
"11","Aceh","11.14","Kabupaten Aceh Jaya","11.14.09","Pasie Raya","11.14.09.2003","Pasi Teubee"
"11","Aceh","11.14","Kabupaten Aceh Jaya","11.14.09","Pasie Raya","11.14.09.2004","Timpleung"
"11","Aceh","11.14","Kabupaten Aceh Jaya","11.14.09","Pasie Raya","11.14.09.2005","Krueng Beukah"
"11","Aceh","11.14","Kabupaten Aceh Jaya","11.14.09","Pasie Raya","11.14.09.2006","Tuwi Kareung"
"11","Aceh","11.14","Kabupaten Aceh Jaya","11.14.09","Pasie Raya","11.14.09.2007","Lhok Guci"
"11","Aceh","11.14","Kabupaten Aceh Jaya","11.14.09","Pasie Raya","11.14.09.2008","Tuwi Peuriya"
"11","Aceh","11.14","Kabupaten Aceh Jaya","11.14.09","Pasie Raya","11.14.09.2009","Sarah Raya"
"11","Aceh","11.14","Kabupaten Aceh Jaya","11.14.09","Pasie Raya","11.14.09.2010","Alue Jang"
"11","Aceh","11.14","Kabupaten Aceh Jaya","11.14.09","Pasie Raya","11.14.09.2011","Ceuraceu"
"11","Aceh","11.14","Kabupaten Aceh Jaya","11.14.09","Pasie Raya","11.14.09.2012","Alue Punti"
"11","Aceh","11.14","Kabupaten Aceh Jaya","11.14.09","Pasie Raya","11.14.09.2013","Bintah"
"11","Aceh","11.14","Kabupaten Aceh Jaya","11.14.09","Pasie Raya","11.14.09.2014","Buket Keumuneng"
"11","Aceh","11.15","Kabupaten Nagan Raya","11.15.01","Kuala","11.15.01.2003","Lawa Batu"
"11","Aceh","11.15","Kabupaten Nagan Raya","11.15.01","Kuala","11.15.01.2004","Jogja"
"11","Aceh","11.15","Kabupaten Nagan Raya","11.15.01","Kuala","11.15.01.2019","Ujong Sikuneng"
"11","Aceh","11.15","Kabupaten Nagan Raya","11.15.01","Kuala","11.15.01.2020","Blang Muko"
"11","Aceh","11.15","Kabupaten Nagan Raya","11.15.01","Kuala","11.15.01.2021","Pulo Ie"
"11","Aceh","11.15","Kabupaten Nagan Raya","11.15.01","Kuala","11.15.01.2022","Purworejo"
"11","Aceh","11.15","Kabupaten Nagan Raya","11.15.01","Kuala","11.15.01.2023","Blang Baro"
"11","Aceh","11.15","Kabupaten Nagan Raya","11.15.01","Kuala","11.15.01.2024","Alue Ie Mameh"
"11","Aceh","11.15","Kabupaten Nagan Raya","11.15.01","Kuala","11.15.01.2025","Ujong Pasi"
"11","Aceh","11.15","Kabupaten Nagan Raya","11.15.01","Kuala","11.15.01.2026","Simpang Peut"
"11","Aceh","11.15","Kabupaten Nagan Raya","11.15.01","Kuala","11.15.01.2027","Blang Teungoh"
"11","Aceh","11.15","Kabupaten Nagan Raya","11.15.01","Kuala","11.15.01.2028","Ujong Padang"
"11","Aceh","11.15","Kabupaten Nagan Raya","11.15.01","Kuala","11.15.01.2029","Cot Kumbang"
"11","Aceh","11.15","Kabupaten Nagan Raya","11.15.01","Kuala","11.15.01.2030","Blang Bintang"
"11","Aceh","11.15","Kabupaten Nagan Raya","11.15.01","Kuala","11.15.01.2031","Ujong Patihah"
"11","Aceh","11.15","Kabupaten Nagan Raya","11.15.01","Kuala","11.15.01.2032","Kuta Makmue"
"11","Aceh","11.15","Kabupaten Nagan Raya","11.15.01","Kuala","11.15.01.2033","Gunong Reubo"
"11","Aceh","11.15","Kabupaten Nagan Raya","11.15.02","Seunagan","11.15.02.2001","Jeuram"
"11","Aceh","11.15","Kabupaten Nagan Raya","11.15.02","Seunagan","11.15.02.2002","Pante Ceureumen"
"11","Aceh","11.15","Kabupaten Nagan Raya","11.15.02","Seunagan","11.15.02.2003","Kuta Baro Jeuram"
"11","Aceh","11.15","Kabupaten Nagan Raya","11.15.02","Seunagan","11.15.02.2004","Parom"
"11","Aceh","11.15","Kabupaten Nagan Raya","11.15.02","Seunagan","11.15.02.2005","Peureulak"
"11","Aceh","11.15","Kabupaten Nagan Raya","11.15.02","Seunagan","11.15.02.2006","Kuta Sayeh"
"11","Aceh","11.15","Kabupaten Nagan Raya","11.15.02","Seunagan","11.15.02.2007","Blang Baro"
"11","Aceh","11.15","Kabupaten Nagan Raya","11.15.02","Seunagan","11.15.02.2008","Padang"
"11","Aceh","11.15","Kabupaten Nagan Raya","11.15.02","Seunagan","11.15.02.2009","Alue Tho"
"11","Aceh","11.15","Kabupaten Nagan Raya","11.15.02","Seunagan","11.15.02.2010","Lhok Parom"
"11","Aceh","11.15","Kabupaten Nagan Raya","11.15.02","Seunagan","11.15.02.2011","Sapek"
"11","Aceh","11.15","Kabupaten Nagan Raya","11.15.02","Seunagan","11.15.02.2012","Alue Dodok"
"11","Aceh","11.15","Kabupaten Nagan Raya","11.15.02","Seunagan","11.15.02.2013","Cot Kumbang"
"11","Aceh","11.15","Kabupaten Nagan Raya","11.15.02","Seunagan","11.15.02.2014","Kuta Kumbang"
"11","Aceh","11.15","Kabupaten Nagan Raya","11.15.02","Seunagan","11.15.02.2015","Nigan"
"11","Aceh","11.15","Kabupaten Nagan Raya","11.15.02","Seunagan","11.15.02.2016","Gampong Cot"
"11","Aceh","11.15","Kabupaten Nagan Raya","11.15.02","Seunagan","11.15.02.2017","Blang Pateuk"
"11","Aceh","11.15","Kabupaten Nagan Raya","11.15.02","Seunagan","11.15.02.2018","Blang Puuk Nigan"
"11","Aceh","11.15","Kabupaten Nagan Raya","11.15.02","Seunagan","11.15.02.2019","Krueng Ceh"
"11","Aceh","11.15","Kabupaten Nagan Raya","11.15.02","Seunagan","11.15.02.2020","Bantan"
"11","Aceh","11.15","Kabupaten Nagan Raya","11.15.02","Seunagan","11.15.02.2021","Cot Lhe-Lhe"
"11","Aceh","11.15","Kabupaten Nagan Raya","11.15.02","Seunagan","11.15.02.2022","Rambong Rayeuk"
"11","Aceh","11.15","Kabupaten Nagan Raya","11.15.02","Seunagan","11.15.02.2023","Paya Udeung"
"11","Aceh","11.15","Kabupaten Nagan Raya","11.15.02","Seunagan","11.15.02.2024","Alue Buloh"
"11","Aceh","11.15","Kabupaten Nagan Raya","11.15.02","Seunagan","11.15.02.2025","Kuta Paya"
"11","Aceh","11.15","Kabupaten Nagan Raya","11.15.02","Seunagan","11.15.02.2026","Krueng Ceuko"
"11","Aceh","11.15","Kabupaten Nagan Raya","11.15.02","Seunagan","11.15.02.2027","Lhok Padang"
"11","Aceh","11.15","Kabupaten Nagan Raya","11.15.02","Seunagan","11.15.02.2028","Kuta Aceh"
"11","Aceh","11.15","Kabupaten Nagan Raya","11.15.02","Seunagan","11.15.02.2029","Krueng Mangkom"
"11","Aceh","11.15","Kabupaten Nagan Raya","11.15.02","Seunagan","11.15.02.2030","Latong"
"11","Aceh","11.15","Kabupaten Nagan Raya","11.15.02","Seunagan","11.15.02.2031","Paya Undan"
"11","Aceh","11.15","Kabupaten Nagan Raya","11.15.02","Seunagan","11.15.02.2032","Blang Puuk Kulu"
"11","Aceh","11.15","Kabupaten Nagan Raya","11.15.02","Seunagan","11.15.02.2033","Blang Murong"
"11","Aceh","11.15","Kabupaten Nagan Raya","11.15.02","Seunagan","11.15.02.2034","Kulu"
"11","Aceh","11.15","Kabupaten Nagan Raya","11.15.02","Seunagan","11.15.02.2035","Rambong Cut"
"11","Aceh","11.15","Kabupaten Nagan Raya","11.15.03","Seunagan Timur","11.15.03.2001","Blang Panyang"
"11","Aceh","11.15","Kabupaten Nagan Raya","11.15.03","Seunagan Timur","11.15.03.2002","Meugat Meh"
"11","Aceh","11.15","Kabupaten Nagan Raya","11.15.03","Seunagan Timur","11.15.03.2003","Lhok Pange"
"11","Aceh","11.15","Kabupaten Nagan Raya","11.15.03","Seunagan Timur","11.15.03.2004","Blang Lango"
"11","Aceh","11.15","Kabupaten Nagan Raya","11.15.03","Seunagan Timur","11.15.03.2005","Tuwi Meuleusong"
"11","Aceh","11.15","Kabupaten Nagan Raya","11.15.03","Seunagan Timur","11.15.03.2006","Blang Geudong"
"11","Aceh","11.15","Kabupaten Nagan Raya","11.15.03","Seunagan Timur","11.15.03.2007","Blang Teungku"
"11","Aceh","11.15","Kabupaten Nagan Raya","11.15.03","Seunagan Timur","11.15.03.2008","Sawang Mane"
"11","Aceh","11.15","Kabupaten Nagan Raya","11.15.03","Seunagan Timur","11.15.03.2009","Keude Neulop"
"11","Aceh","11.15","Kabupaten Nagan Raya","11.15.03","Seunagan Timur","11.15.03.2010","Kila"
"11","Aceh","11.15","Kabupaten Nagan Raya","11.15.03","Seunagan Timur","11.15.03.2011","Kandeh"
"11","Aceh","11.15","Kabupaten Nagan Raya","11.15.03","Seunagan Timur","11.15.03.2012","Cot Gud"
"11","Aceh","11.15","Kabupaten Nagan Raya","11.15.03","Seunagan Timur","11.15.03.2013","Kabu Baroh"
"11","Aceh","11.15","Kabupaten Nagan Raya","11.15.03","Seunagan Timur","11.15.03.2014","Kabu Tunong"
"11","Aceh","11.15","Kabupaten Nagan Raya","11.15.03","Seunagan Timur","11.15.03.2015","Keude Linteung"
"11","Aceh","11.15","Kabupaten Nagan Raya","11.15.03","Seunagan Timur","11.15.03.2016","Meurandeh Suak"
"11","Aceh","11.15","Kabupaten Nagan Raya","11.15.03","Seunagan Timur","11.15.03.2017","Uteun Pulo"
"11","Aceh","11.15","Kabupaten Nagan Raya","11.15.03","Seunagan Timur","11.15.03.2018","Cot Manyang"
"11","Aceh","11.15","Kabupaten Nagan Raya","11.15.03","Seunagan Timur","11.15.03.2019","Pulo Teungoh"
"11","Aceh","11.15","Kabupaten Nagan Raya","11.15.03","Seunagan Timur","11.15.03.2020","Cot Dirui"
"11","Aceh","11.15","Kabupaten Nagan Raya","11.15.03","Seunagan Timur","11.15.03.2021","Cot Teuku Dek"
"11","Aceh","11.15","Kabupaten Nagan Raya","11.15.03","Seunagan Timur","11.15.03.2022","Sapeng"
"11","Aceh","11.15","Kabupaten Nagan Raya","11.15.03","Seunagan Timur","11.15.03.2023","Peuleukung"
"11","Aceh","11.15","Kabupaten Nagan Raya","11.15.03","Seunagan Timur","11.15.03.2024","Paya"
"11","Aceh","11.15","Kabupaten Nagan Raya","11.15.03","Seunagan Timur","11.15.03.2025","Blang Preh"
"11","Aceh","11.15","Kabupaten Nagan Raya","11.15.03","Seunagan Timur","11.15.03.2026","Blang Ara Keude"
"11","Aceh","11.15","Kabupaten Nagan Raya","11.15.03","Seunagan Timur","11.15.03.2027","Blang Ara Gampong"
"11","Aceh","11.15","Kabupaten Nagan Raya","11.15.03","Seunagan Timur","11.15.03.2028","Ie Beudoh"
"11","Aceh","11.15","Kabupaten Nagan Raya","11.15.03","Seunagan Timur","11.15.03.2029","Blang Bayu"
"11","Aceh","11.15","Kabupaten Nagan Raya","11.15.03","Seunagan Timur","11.15.03.2030","Mon Bateung"
"11","Aceh","11.15","Kabupaten Nagan Raya","11.15.03","Seunagan Timur","11.15.03.2031","Suak Peureubong"
"11","Aceh","11.15","Kabupaten Nagan Raya","11.15.03","Seunagan Timur","11.15.03.2032","Krueng Kulu"
"11","Aceh","11.15","Kabupaten Nagan Raya","11.15.03","Seunagan Timur","11.15.03.2033","Cot Punti"
"11","Aceh","11.15","Kabupaten Nagan Raya","11.15.03","Seunagan Timur","11.15.03.2034","Lhok Mesjid"
"11","Aceh","11.15","Kabupaten Nagan Raya","11.15.04","Beutong","11.15.04.2001","Blang Seunong"
"11","Aceh","11.15","Kabupaten Nagan Raya","11.15.04","Beutong","11.15.04.2002","Pante Ara"
"11","Aceh","11.15","Kabupaten Nagan Raya","11.15.04","Beutong","11.15.04.2003","Gunong Nagan"
"11","Aceh","11.15","Kabupaten Nagan Raya","11.15.04","Beutong","11.15.04.2004","Tuwi Bunta"
"11","Aceh","11.15","Kabupaten Nagan Raya","11.15.04","Beutong","11.15.04.2005","Blang Mesjid"
"11","Aceh","11.15","Kabupaten Nagan Raya","11.15.04","Beutong","11.15.04.2006","Blang Neuang"
"11","Aceh","11.15","Kabupaten Nagan Raya","11.15.04","Beutong","11.15.04.2007","Panton Bayam"
"11","Aceh","11.15","Kabupaten Nagan Raya","11.15.04","Beutong","11.15.04.2008","Blang Baro Pulo Raga"
"11","Aceh","11.15","Kabupaten Nagan Raya","11.15.04","Beutong","11.15.04.2009","Krueng Cut"
"11","Aceh","11.15","Kabupaten Nagan Raya","11.15.04","Beutong","11.15.04.2010","Blang Leumak"
"11","Aceh","11.15","Kabupaten Nagan Raya","11.15.04","Beutong","11.15.04.2011","Babah Krueng"
"11","Aceh","11.15","Kabupaten Nagan Raya","11.15.04","Beutong","11.15.04.2012","Blang Seumot"
"11","Aceh","11.15","Kabupaten Nagan Raya","11.15.04","Beutong","11.15.04.2013","Lhok Seumot"
"11","Aceh","11.15","Kabupaten Nagan Raya","11.15.04","Beutong","11.15.04.2014","Meunasah Pante"
"11","Aceh","11.15","Kabupaten Nagan Raya","11.15.04","Beutong","11.15.04.2015","Kuta Jeumpa"
"11","Aceh","11.15","Kabupaten Nagan Raya","11.15.04","Beutong","11.15.04.2016","Blang Dalam"
"11","Aceh","11.15","Kabupaten Nagan Raya","11.15.04","Beutong","11.15.04.2017","Keude Seumot"
"11","Aceh","11.15","Kabupaten Nagan Raya","11.15.04","Beutong","11.15.04.2018","Blang Baro Rambong"
"11","Aceh","11.15","Kabupaten Nagan Raya","11.15.04","Beutong","11.15.04.2019","Ujong Blang"
"11","Aceh","11.15","Kabupaten Nagan Raya","11.15.04","Beutong","11.15.04.2020","Meunasah Krueng"
"11","Aceh","11.15","Kabupaten Nagan Raya","11.15.04","Beutong","11.15.04.2021","Meunasah Dayah"
"11","Aceh","11.15","Kabupaten Nagan Raya","11.15.04","Beutong","11.15.04.2022","Meunasah Teungoh"
"11","Aceh","11.15","Kabupaten Nagan Raya","11.15.04","Beutong","11.15.04.2023","Kulam Jeureuneh"
"11","Aceh","11.15","Kabupaten Nagan Raya","11.15.04","Beutong","11.15.04.2028","Bumi Sari"
"11","Aceh","11.15","Kabupaten Nagan Raya","11.15.05","Darul Makmur","11.15.05.2012","Lamie"
"11","Aceh","11.15","Kabupaten Nagan Raya","11.15.05","Darul Makmur","11.15.05.2013","Kuta Trieng"
"11","Aceh","11.15","Kabupaten Nagan Raya","11.15.05","Darul Makmur","11.15.05.2014","Geulanggang Gajah"
"11","Aceh","11.15","Kabupaten Nagan Raya","11.15.05","Darul Makmur","11.15.05.2015","Kayee Unoe"
"11","Aceh","11.15","Kabupaten Nagan Raya","11.15.05","Darul Makmur","11.15.05.2016","Blang Baro"
"11","Aceh","11.15","Kabupaten Nagan Raya","11.15.05","Darul Makmur","11.15.05.2017","Alue Bilie"
"11","Aceh","11.15","Kabupaten Nagan Raya","11.15.05","Darul Makmur","11.15.05.2018","Suka Raja"
"11","Aceh","11.15","Kabupaten Nagan Raya","11.15.05","Darul Makmur","11.15.05.2019","Gunong Cut"
"11","Aceh","11.15","Kabupaten Nagan Raya","11.15.05","Darul Makmur","11.15.05.2020","Suka Jadi"
"11","Aceh","11.15","Kabupaten Nagan Raya","11.15.05","Darul Makmur","11.15.05.2021","Tuwi Buya"
"11","Aceh","11.15","Kabupaten Nagan Raya","11.15.05","Darul Makmur","11.15.05.2022","Ujong Lamie"
"11","Aceh","11.15","Kabupaten Nagan Raya","11.15.05","Darul Makmur","11.15.05.2023","Suak Palembang"
"11","Aceh","11.15","Kabupaten Nagan Raya","11.15.05","Darul Makmur","11.15.05.2024","Alue Waki"
"11","Aceh","11.15","Kabupaten Nagan Raya","11.15.05","Darul Makmur","11.15.05.2025","Alue Geutah"
"11","Aceh","11.15","Kabupaten Nagan Raya","11.15.05","Darul Makmur","11.15.05.2026","Krueng Alem"
"11","Aceh","11.15","Kabupaten Nagan Raya","11.15.05","Darul Makmur","11.15.05.2027","Alue Rambot"
"11","Aceh","11.15","Kabupaten Nagan Raya","11.15.05","Darul Makmur","11.15.05.2028","Krueng Seumayam"
"11","Aceh","11.15","Kabupaten Nagan Raya","11.15.05","Darul Makmur","11.15.05.2029","Pulo Teungoh"
"11","Aceh","11.15","Kabupaten Nagan Raya","11.15.05","Darul Makmur","11.15.05.2030","Karang Anyar"
"11","Aceh","11.15","Kabupaten Nagan Raya","11.15.05","Darul Makmur","11.15.05.2031","Kuala Seumayam"
"11","Aceh","11.15","Kabupaten Nagan Raya","11.15.05","Darul Makmur","11.15.05.2032","Pulo Ie"
"11","Aceh","11.15","Kabupaten Nagan Raya","11.15.05","Darul Makmur","11.15.05.2033","Pulo Kruet"
"11","Aceh","11.15","Kabupaten Nagan Raya","11.15.05","Darul Makmur","11.15.05.2034","Alue Kuyun"
"11","Aceh","11.15","Kabupaten Nagan Raya","11.15.05","Darul Makmur","11.15.05.2035","Alue Raya"
"11","Aceh","11.15","Kabupaten Nagan Raya","11.15.05","Darul Makmur","11.15.05.2036","Alue Jampak"
"11","Aceh","11.15","Kabupaten Nagan Raya","11.15.05","Darul Makmur","11.15.05.2037","Suka Mulia"
"11","Aceh","11.15","Kabupaten Nagan Raya","11.15.05","Darul Makmur","11.15.05.2038","Simpang Dua"
"11","Aceh","11.15","Kabupaten Nagan Raya","11.15.05","Darul Makmur","11.15.05.2039","Sidojadi"
"11","Aceh","11.15","Kabupaten Nagan Raya","11.15.05","Darul Makmur","11.15.05.2040","Serba Jadi"
"11","Aceh","11.15","Kabupaten Nagan Raya","11.15.05","Darul Makmur","11.15.05.2041","Serba Guna"
"11","Aceh","11.15","Kabupaten Nagan Raya","11.15.05","Darul Makmur","11.15.05.2042","Simpang Deli Kilang"
"11","Aceh","11.15","Kabupaten Nagan Raya","11.15.05","Darul Makmur","11.15.05.2043","Panton Bayu"
"11","Aceh","11.15","Kabupaten Nagan Raya","11.15.05","Darul Makmur","11.15.05.2044","Ujong Tanjong"
"11","Aceh","11.15","Kabupaten Nagan Raya","11.15.05","Darul Makmur","11.15.05.2045","Suka Ramai"
"11","Aceh","11.15","Kabupaten Nagan Raya","11.15.05","Darul Makmur","11.15.05.2046","Ladang Baro"
"11","Aceh","11.15","Kabupaten Nagan Raya","11.15.05","Darul Makmur","11.15.05.2047","Alue Bateung Brok"
"11","Aceh","11.15","Kabupaten Nagan Raya","11.15.05","Darul Makmur","11.15.05.2048","Simpang Deli Kampong"
"11","Aceh","11.15","Kabupaten Nagan Raya","11.15.05","Darul Makmur","11.15.05.2049","Blang Luah"
"11","Aceh","11.15","Kabupaten Nagan Raya","11.15.05","Darul Makmur","11.15.05.2050","Sumber Makmur"
"11","Aceh","11.15","Kabupaten Nagan Raya","11.15.05","Darul Makmur","11.15.05.2051","Makarti Jaya"
"11","Aceh","11.15","Kabupaten Nagan Raya","11.15.06","Suka Makmue","11.15.06.2001","Lueng Baro"
"11","Aceh","11.15","Kabupaten Nagan Raya","11.15.06","Suka Makmue","11.15.06.2002","Alue Kambuk"
"11","Aceh","11.15","Kabupaten Nagan Raya","11.15.06","Suka Makmue","11.15.06.2003","Kuta Padang"
"11","Aceh","11.15","Kabupaten Nagan Raya","11.15.06","Suka Makmue","11.15.06.2004","Suak Bilie"
"11","Aceh","11.15","Kabupaten Nagan Raya","11.15.06","Suka Makmue","11.15.06.2005","Macah"
"11","Aceh","11.15","Kabupaten Nagan Raya","11.15.06","Suka Makmue","11.15.06.2006","Seumambek"
"11","Aceh","11.15","Kabupaten Nagan Raya","11.15.06","Suka Makmue","11.15.06.2007","Cot Kuta"
"11","Aceh","11.15","Kabupaten Nagan Raya","11.15.06","Suka Makmue","11.15.06.2008","Kabu Blang Sapek"
"11","Aceh","11.15","Kabupaten Nagan Raya","11.15.06","Suka Makmue","11.15.06.2009","Cot Peuradi"
"11","Aceh","11.15","Kabupaten Nagan Raya","11.15.06","Suka Makmue","11.15.06.2010","Blang Sapek"
"11","Aceh","11.15","Kabupaten Nagan Raya","11.15.06","Suka Makmue","11.15.06.2011","Lhok Beutong"
"11","Aceh","11.15","Kabupaten Nagan Raya","11.15.06","Suka Makmue","11.15.06.2012","Gampong Teungoh"
"11","Aceh","11.15","Kabupaten Nagan Raya","11.15.06","Suka Makmue","11.15.06.2013","Lhok Rameuan"
"11","Aceh","11.15","Kabupaten Nagan Raya","11.15.06","Suka Makmue","11.15.06.2014","Blang Muling"
"11","Aceh","11.15","Kabupaten Nagan Raya","11.15.06","Suka Makmue","11.15.06.2015","Krak Tampai"
"11","Aceh","11.15","Kabupaten Nagan Raya","11.15.06","Suka Makmue","11.15.06.2016","Meureubo"
"11","Aceh","11.15","Kabupaten Nagan Raya","11.15.06","Suka Makmue","11.15.06.2017","Kuta Baro Blang Muling"
"11","Aceh","11.15","Kabupaten Nagan Raya","11.15.06","Suka Makmue","11.15.06.2018","Alue Peusaja"
"11","Aceh","11.15","Kabupaten Nagan Raya","11.15.06","Suka Makmue","11.15.06.2019","Alue Gajah"
"11","Aceh","11.15","Kabupaten Nagan Raya","11.15.07","Kuala Pesisir","11.15.07.2001","Suak Puntong"
"11","Aceh","11.15","Kabupaten Nagan Raya","11.15.07","Kuala Pesisir","11.15.07.2002","Gampong Lhok"
"11","Aceh","11.15","Kabupaten Nagan Raya","11.15.07","Kuala Pesisir","11.15.07.2003","Kuala Baro"
"11","Aceh","11.15","Kabupaten Nagan Raya","11.15.07","Kuala Pesisir","11.15.07.2004","Padang Rubek"
"11","Aceh","11.15","Kabupaten Nagan Raya","11.15.07","Kuala Pesisir","11.15.07.2005","Pulo"
"11","Aceh","11.15","Kabupaten Nagan Raya","11.15.07","Kuala Pesisir","11.15.07.2006","Langkak"
"11","Aceh","11.15","Kabupaten Nagan Raya","11.15.07","Kuala Pesisir","11.15.07.2007","Kuala Tuha"
"11","Aceh","11.15","Kabupaten Nagan Raya","11.15.07","Kuala Pesisir","11.15.07.2008","Kubang Gajah"
"11","Aceh","11.15","Kabupaten Nagan Raya","11.15.07","Kuala Pesisir","11.15.07.2009","Kuala Trang"
"11","Aceh","11.15","Kabupaten Nagan Raya","11.15.07","Kuala Pesisir","11.15.07.2010","Cot Rambong"
"11","Aceh","11.15","Kabupaten Nagan Raya","11.15.07","Kuala Pesisir","11.15.07.2011","Padang Panyang"
"11","Aceh","11.15","Kabupaten Nagan Raya","11.15.07","Kuala Pesisir","11.15.07.2012","Arongan"
"11","Aceh","11.15","Kabupaten Nagan Raya","11.15.07","Kuala Pesisir","11.15.07.2013","Jati Rejo"
"11","Aceh","11.15","Kabupaten Nagan Raya","11.15.07","Kuala Pesisir","11.15.07.2014","Purwodadi"
"11","Aceh","11.15","Kabupaten Nagan Raya","11.15.07","Kuala Pesisir","11.15.07.2015","Lueng Teuku Ben"
"11","Aceh","11.15","Kabupaten Nagan Raya","11.15.07","Kuala Pesisir","11.15.07.2016","Purwosari"
"11","Aceh","11.15","Kabupaten Nagan Raya","11.15.08","Tadu Raya","11.15.08.2001","Alue Bata"
"11","Aceh","11.15","Kabupaten Nagan Raya","11.15.08","Tadu Raya","11.15.08.2002","Gunong Sapek"
"11","Aceh","11.15","Kabupaten Nagan Raya","11.15.08","Tadu Raya","11.15.08.2003","Sarah Mantok"
"11","Aceh","11.15","Kabupaten Nagan Raya","11.15.08","Tadu Raya","11.15.08.2004","Pasie Luah"
"11","Aceh","11.15","Kabupaten Nagan Raya","11.15.08","Tadu Raya","11.15.08.2005","Gunong Geulugo"
"11","Aceh","11.15","Kabupaten Nagan Raya","11.15.08","Tadu Raya","11.15.08.2006","Gunong Kupok"
"11","Aceh","11.15","Kabupaten Nagan Raya","11.15.08","Tadu Raya","11.15.08.2007","Gunong Pungki"
"11","Aceh","11.15","Kabupaten Nagan Raya","11.15.08","Tadu Raya","11.15.08.2008","Alue Siron"
"11","Aceh","11.15","Kabupaten Nagan Raya","11.15.08","Tadu Raya","11.15.08.2009","Cot Mue"
"11","Aceh","11.15","Kabupaten Nagan Raya","11.15.08","Tadu Raya","11.15.08.2010","Babah Rot"
"11","Aceh","11.15","Kabupaten Nagan Raya","11.15.08","Tadu Raya","11.15.08.2011","Babah Dua"
"11","Aceh","11.15","Kabupaten Nagan Raya","11.15.08","Tadu Raya","11.15.08.2012","Batu Raja"
"11","Aceh","11.15","Kabupaten Nagan Raya","11.15.08","Tadu Raya","11.15.08.2013","Simpang Jaya"
"11","Aceh","11.15","Kabupaten Nagan Raya","11.15.08","Tadu Raya","11.15.08.2014","Sumber Daya"
"11","Aceh","11.15","Kabupaten Nagan Raya","11.15.08","Tadu Raya","11.15.08.2015","Rantau Selamat"
"11","Aceh","11.15","Kabupaten Nagan Raya","11.15.08","Tadu Raya","11.15.08.2016","Alue Seupeung"
"11","Aceh","11.15","Kabupaten Nagan Raya","11.15.08","Tadu Raya","11.15.08.2017","Krueng Itam"
"11","Aceh","11.15","Kabupaten Nagan Raya","11.15.08","Tadu Raya","11.15.08.2018","Alue Gajah"
"11","Aceh","11.15","Kabupaten Nagan Raya","11.15.08","Tadu Raya","11.15.08.2019","Alue Labu"
"11","Aceh","11.15","Kabupaten Nagan Raya","11.15.08","Tadu Raya","11.15.08.2020","Gapa Garu"
"11","Aceh","11.15","Kabupaten Nagan Raya","11.15.08","Tadu Raya","11.15.08.2021","Kuala Tadu"
"11","Aceh","11.15","Kabupaten Nagan Raya","11.15.08","Tadu Raya","11.15.08.2022","Cot Mee"
"11","Aceh","11.15","Kabupaten Nagan Raya","11.15.09","Tripa Makmur","11.15.09.2001","Kuala Tripa"
"11","Aceh","11.15","Kabupaten Nagan Raya","11.15.09","Tripa Makmur","11.15.09.2002","Babah Lueng"
"11","Aceh","11.15","Kabupaten Nagan Raya","11.15.09","Tripa Makmur","11.15.09.2003","Drien Tujoh"
"11","Aceh","11.15","Kabupaten Nagan Raya","11.15.09","Tripa Makmur","11.15.09.2004","Lueng Keubeu Jagat"
"11","Aceh","11.15","Kabupaten Nagan Raya","11.15.09","Tripa Makmur","11.15.09.2005","Kabu"
"11","Aceh","11.15","Kabupaten Nagan Raya","11.15.09","Tripa Makmur","11.15.09.2006","Pasie Keube Dom"
"11","Aceh","11.15","Kabupaten Nagan Raya","11.15.09","Tripa Makmur","11.15.09.2007","Neubok Yee PK"
"11","Aceh","11.15","Kabupaten Nagan Raya","11.15.09","Tripa Makmur","11.15.09.2008","Neubok Yee PP"
"11","Aceh","11.15","Kabupaten Nagan Raya","11.15.09","Tripa Makmur","11.15.09.2009","Mon Dua"
"11","Aceh","11.15","Kabupaten Nagan Raya","11.15.09","Tripa Makmur","11.15.09.2010","Ujong Krueng"
"11","Aceh","11.15","Kabupaten Nagan Raya","11.15.09","Tripa Makmur","11.15.09.2011","Panton Pange"
"11","Aceh","11.15","Kabupaten Nagan Raya","11.15.10","Beutong Ateuh Banggalang","11.15.10.2001","Blang Puuk"
"11","Aceh","11.15","Kabupaten Nagan Raya","11.15.10","Beutong Ateuh Banggalang","11.15.10.2002","Babah Suak"
"11","Aceh","11.15","Kabupaten Nagan Raya","11.15.10","Beutong Ateuh Banggalang","11.15.10.2003","Kuta Teungoh"
"11","Aceh","11.15","Kabupaten Nagan Raya","11.15.10","Beutong Ateuh Banggalang","11.15.10.2004","Blang Meurandeh"
"11","Aceh","11.16","Kabupaten Aceh Tamiang","11.16.01","Manyak Payed","11.16.01.2001","Simpang Lhee"
"11","Aceh","11.16","Kabupaten Aceh Tamiang","11.16.01","Manyak Payed","11.16.01.2002","Buket Panyang Sa"
"11","Aceh","11.16","Kabupaten Aceh Tamiang","11.16.01","Manyak Payed","11.16.01.2003","Buket Panyang Dua"
"11","Aceh","11.16","Kabupaten Aceh Tamiang","11.16.01","Manyak Payed","11.16.01.2004","Seuneubok Baru"
"11","Aceh","11.16","Kabupaten Aceh Tamiang","11.16.01","Manyak Payed","11.16.01.2005","Sampaimah"
"11","Aceh","11.16","Kabupaten Aceh Tamiang","11.16.01","Manyak Payed","11.16.01.2006","Krueng Sikajang"
"11","Aceh","11.16","Kabupaten Aceh Tamiang","11.16.01","Manyak Payed","11.16.01.2007","Seuneubok Punti"
"11","Aceh","11.16","Kabupaten Aceh Tamiang","11.16.01","Manyak Payed","11.16.01.2008","Mesjid"
"11","Aceh","11.16","Kabupaten Aceh Tamiang","11.16.01","Manyak Payed","11.16.01.2009","Paya Ketenggar"
"11","Aceh","11.16","Kabupaten Aceh Tamiang","11.16.01","Manyak Payed","11.16.01.2010","Pahlawan"
"11","Aceh","11.16","Kabupaten Aceh Tamiang","11.16.01","Manyak Payed","11.16.01.2011","Matang Ara Aceh"
"11","Aceh","11.16","Kabupaten Aceh Tamiang","11.16.01","Manyak Payed","11.16.01.2012","Ie Bintah"
"11","Aceh","11.16","Kabupaten Aceh Tamiang","11.16.01","Manyak Payed","11.16.01.2013","Geudham"
"11","Aceh","11.16","Kabupaten Aceh Tamiang","11.16.01","Manyak Payed","11.16.01.2014","Geulanggang Merak"
"11","Aceh","11.16","Kabupaten Aceh Tamiang","11.16.01","Manyak Payed","11.16.01.2015","Bukit Paya"
"11","Aceh","11.16","Kabupaten Aceh Tamiang","11.16.01","Manyak Payed","11.16.01.2016","Dagang Setia"
"11","Aceh","11.16","Kabupaten Aceh Tamiang","11.16.01","Manyak Payed","11.16.01.2017","Meunasah Paya"
"11","Aceh","11.16","Kabupaten Aceh Tamiang","11.16.01","Manyak Payed","11.16.01.2018","Benteng Anyer"
"11","Aceh","11.16","Kabupaten Aceh Tamiang","11.16.01","Manyak Payed","11.16.01.2019","Tanjung Neraca"
"11","Aceh","11.16","Kabupaten Aceh Tamiang","11.16.01","Manyak Payed","11.16.01.2020","Lueng Manyo"
"11","Aceh","11.16","Kabupaten Aceh Tamiang","11.16.01","Manyak Payed","11.16.01.2021","Tualang Baro"
"11","Aceh","11.16","Kabupaten Aceh Tamiang","11.16.01","Manyak Payed","11.16.01.2022","Lhok Medang Ara"
"11","Aceh","11.16","Kabupaten Aceh Tamiang","11.16.01","Manyak Payed","11.16.01.2023","Kaseh Sayang"
"11","Aceh","11.16","Kabupaten Aceh Tamiang","11.16.01","Manyak Payed","11.16.01.2024","Seuneubok Pidie"
"11","Aceh","11.16","Kabupaten Aceh Tamiang","11.16.01","Manyak Payed","11.16.01.2025","Matang Cincin"
"11","Aceh","11.16","Kabupaten Aceh Tamiang","11.16.01","Manyak Payed","11.16.01.2026","Matang Ara Jawa"
"11","Aceh","11.16","Kabupaten Aceh Tamiang","11.16.01","Manyak Payed","11.16.01.2027","Meurandeh"
"11","Aceh","11.16","Kabupaten Aceh Tamiang","11.16.01","Manyak Payed","11.16.01.2028","Raja Tuha"
"11","Aceh","11.16","Kabupaten Aceh Tamiang","11.16.01","Manyak Payed","11.16.01.2029","Ujung Tanjung"
"11","Aceh","11.16","Kabupaten Aceh Tamiang","11.16.01","Manyak Payed","11.16.01.2030","Alue Ie Puteh"
"11","Aceh","11.16","Kabupaten Aceh Tamiang","11.16.01","Manyak Payed","11.16.01.2031","Alue Sentang"
"11","Aceh","11.16","Kabupaten Aceh Tamiang","11.16.01","Manyak Payed","11.16.01.2032","Seuneubok Cantek"
"11","Aceh","11.16","Kabupaten Aceh Tamiang","11.16.01","Manyak Payed","11.16.01.2033","Sapta Marga"
"11","Aceh","11.16","Kabupaten Aceh Tamiang","11.16.01","Manyak Payed","11.16.01.2034","Paya Baru"
"11","Aceh","11.16","Kabupaten Aceh Tamiang","11.16.01","Manyak Payed","11.16.01.2035","Bandung Jaya"
"11","Aceh","11.16","Kabupaten Aceh Tamiang","11.16.01","Manyak Payed","11.16.01.2036","Pandan Sari"
"11","Aceh","11.16","Kabupaten Aceh Tamiang","11.16.02","Bendahara","11.16.02.2001","Mesjid Sungai Iyu"
"11","Aceh","11.16","Kabupaten Aceh Tamiang","11.16.02","Bendahara","11.16.02.2002","Alur Cantik"
"11","Aceh","11.16","Kabupaten Aceh Tamiang","11.16.02","Bendahara","11.16.02.2003","Tanjung Lipat I"
"11","Aceh","11.16","Kabupaten Aceh Tamiang","11.16.02","Bendahara","11.16.02.2004","Tanjung Lipat II"
"11","Aceh","11.16","Kabupaten Aceh Tamiang","11.16.02","Bendahara","11.16.02.2005","Seuneubok Dalam Mesjid"
"11","Aceh","11.16","Kabupaten Aceh Tamiang","11.16.02","Bendahara","11.16.02.2006","Bandar Baru"
"11","Aceh","11.16","Kabupaten Aceh Tamiang","11.16.02","Bendahara","11.16.02.2007","Cinta Raja"
"11","Aceh","11.16","Kabupaten Aceh Tamiang","11.16.02","Bendahara","11.16.02.2008","Kuala Genting"
"11","Aceh","11.16","Kabupaten Aceh Tamiang","11.16.02","Bendahara","11.16.02.2009","Bandar Khalifah"
"11","Aceh","11.16","Kabupaten Aceh Tamiang","11.16.02","Bendahara","11.16.02.2010","Suka Mulia Bendahara"
"11","Aceh","11.16","Kabupaten Aceh Tamiang","11.16.02","Bendahara","11.16.02.2011","Seuneubok Aceh"
"11","Aceh","11.16","Kabupaten Aceh Tamiang","11.16.02","Bendahara","11.16.02.2012","Tengku Tinggi"
"11","Aceh","11.16","Kabupaten Aceh Tamiang","11.16.02","Bendahara","11.16.02.2013","Perkebunan Sungai Iyu"
"11","Aceh","11.16","Kabupaten Aceh Tamiang","11.16.02","Bendahara","11.16.02.2014","Marlempang"
"11","Aceh","11.16","Kabupaten Aceh Tamiang","11.16.02","Bendahara","11.16.02.2015","Balai"
"11","Aceh","11.16","Kabupaten Aceh Tamiang","11.16.02","Bendahara","11.16.02.2016","Lubuk Batil"
"11","Aceh","11.16","Kabupaten Aceh Tamiang","11.16.02","Bendahara","11.16.02.2017","Lambung Blang"
"11","Aceh","11.16","Kabupaten Aceh Tamiang","11.16.02","Bendahara","11.16.02.2018","Tanjung Parit"
"11","Aceh","11.16","Kabupaten Aceh Tamiang","11.16.02","Bendahara","11.16.02.2019","Tanjung"
"11","Aceh","11.16","Kabupaten Aceh Tamiang","11.16.02","Bendahara","11.16.02.2020","Raja"
"11","Aceh","11.16","Kabupaten Aceh Tamiang","11.16.02","Bendahara","11.16.02.2021","Tumpok Tengoh"
"11","Aceh","11.16","Kabupaten Aceh Tamiang","11.16.02","Bendahara","11.16.02.2029","Upah"
"11","Aceh","11.16","Kabupaten Aceh Tamiang","11.16.02","Bendahara","11.16.02.2030","Perkebunan Upah"
"11","Aceh","11.16","Kabupaten Aceh Tamiang","11.16.02","Bendahara","11.16.02.2031","Matang Tepah"
"11","Aceh","11.16","Kabupaten Aceh Tamiang","11.16.02","Bendahara","11.16.02.2035","Seuneubok Dalam Upah"
"11","Aceh","11.16","Kabupaten Aceh Tamiang","11.16.02","Bendahara","11.16.02.2036","Mesjid Bendahara"
"11","Aceh","11.16","Kabupaten Aceh Tamiang","11.16.02","Bendahara","11.16.02.2037","Teluk Kemiri"
"11","Aceh","11.16","Kabupaten Aceh Tamiang","11.16.02","Bendahara","11.16.02.2038","Teluk Kepayang"
"11","Aceh","11.16","Kabupaten Aceh Tamiang","11.16.02","Bendahara","11.16.02.2039","Teluk Halban"
"11","Aceh","11.16","Kabupaten Aceh Tamiang","11.16.02","Bendahara","11.16.02.2040","Rantau Pakam"
"11","Aceh","11.16","Kabupaten Aceh Tamiang","11.16.02","Bendahara","11.16.02.2041","Tanjung Binjai"
"11","Aceh","11.16","Kabupaten Aceh Tamiang","11.16.02","Bendahara","11.16.02.2042","Tanjung Mulia"
"11","Aceh","11.16","Kabupaten Aceh Tamiang","11.16.02","Bendahara","11.16.02.2043","Kuala Penaga"
"11","Aceh","11.16","Kabupaten Aceh Tamiang","11.16.03","Karang Baru","11.16.03.2001","Kesehatan"
"11","Aceh","11.16","Kabupaten Aceh Tamiang","11.16.03","Karang Baru","11.16.03.2002","Suka Jadi"
"11","Aceh","11.16","Kabupaten Aceh Tamiang","11.16.03","Karang Baru","11.16.03.2006","Menanggini"
"11","Aceh","11.16","Kabupaten Aceh Tamiang","11.16.03","Karang Baru","11.16.03.2007","Tanjung Karang"
"11","Aceh","11.16","Kabupaten Aceh Tamiang","11.16.03","Karang Baru","11.16.03.2009","Bundar"
"11","Aceh","11.16","Kabupaten Aceh Tamiang","11.16.03","Karang Baru","11.16.03.2011","Dalam"
"11","Aceh","11.16","Kabupaten Aceh Tamiang","11.16.03","Karang Baru","11.16.03.2012","Tanah Terban"
"11","Aceh","11.16","Kabupaten Aceh Tamiang","11.16.03","Karang Baru","11.16.03.2013","Air Tenang"
"11","Aceh","11.16","Kabupaten Aceh Tamiang","11.16.03","Karang Baru","11.16.03.2014","Johar"
"11","Aceh","11.16","Kabupaten Aceh Tamiang","11.16.03","Karang Baru","11.16.03.2015","Tupah"
"11","Aceh","11.16","Kabupaten Aceh Tamiang","11.16.03","Karang Baru","11.16.03.2016","Banai"
"11","Aceh","11.16","Kabupaten Aceh Tamiang","11.16.03","Karang Baru","11.16.03.2017","Rantau Panjang"
"11","Aceh","11.16","Kabupaten Aceh Tamiang","11.16.03","Karang Baru","11.16.03.2018","Medang Ara"
"11","Aceh","11.16","Kabupaten Aceh Tamiang","11.16.03","Karang Baru","11.16.03.2019","Pahlawan"
"11","Aceh","11.16","Kabupaten Aceh Tamiang","11.16.03","Karang Baru","11.16.03.2020","Alur Selalas"
"11","Aceh","11.16","Kabupaten Aceh Tamiang","11.16.03","Karang Baru","11.16.03.2021","Paya Tampah"
"11","Aceh","11.16","Kabupaten Aceh Tamiang","11.16.03","Karang Baru","11.16.03.2022","Alur Baung"
"11","Aceh","11.16","Kabupaten Aceh Tamiang","11.16.03","Karang Baru","11.16.03.2023","Kebun Tanah Terban"
"11","Aceh","11.16","Kabupaten Aceh Tamiang","11.16.03","Karang Baru","11.16.03.2024","Kebun Medang Ara"
"11","Aceh","11.16","Kabupaten Aceh Tamiang","11.16.03","Karang Baru","11.16.03.2025","Kebun Afdeling Seleleh"
"11","Aceh","11.16","Kabupaten Aceh Tamiang","11.16.03","Karang Baru","11.16.03.2026","Paya Awe"
"11","Aceh","11.16","Kabupaten Aceh Tamiang","11.16.03","Karang Baru","11.16.03.2027","Simpang Empat"
"11","Aceh","11.16","Kabupaten Aceh Tamiang","11.16.03","Karang Baru","11.16.03.2028","Paya Kulbi"
"11","Aceh","11.16","Kabupaten Aceh Tamiang","11.16.03","Karang Baru","11.16.03.2029","Alur Bemban"
"11","Aceh","11.16","Kabupaten Aceh Tamiang","11.16.03","Karang Baru","11.16.03.2030","Paya Meta"
"11","Aceh","11.16","Kabupaten Aceh Tamiang","11.16.03","Karang Baru","11.16.03.2031","Tanjung Seumantoh"
"11","Aceh","11.16","Kabupaten Aceh Tamiang","11.16.03","Karang Baru","11.16.03.2032","Bukit Keranji"
"11","Aceh","11.16","Kabupaten Aceh Tamiang","11.16.03","Karang Baru","11.16.03.2033","Kebun Tanjung Seumantoh"
"11","Aceh","11.16","Kabupaten Aceh Tamiang","11.16.03","Karang Baru","11.16.03.2034","Bukit Panjang"
"11","Aceh","11.16","Kabupaten Aceh Tamiang","11.16.03","Karang Baru","11.16.03.2035","Alue Lhok"
"11","Aceh","11.16","Kabupaten Aceh Tamiang","11.16.03","Karang Baru","11.16.03.2036","Suka Jadi Paya Bujok"
"11","Aceh","11.16","Kabupaten Aceh Tamiang","11.16.04","Seruway","11.16.04.2002","Pekan Seruway"
"11","Aceh","11.16","Kabupaten Aceh Tamiang","11.16.04","Seruway","11.16.04.2003","Binjai"
"11","Aceh","11.16","Kabupaten Aceh Tamiang","11.16.04","Seruway","11.16.04.2004","Pantai Balai"
"11","Aceh","11.16","Kabupaten Aceh Tamiang","11.16.04","Seruway","11.16.04.2005","Padang Langgis"
"11","Aceh","11.16","Kabupaten Aceh Tamiang","11.16.04","Seruway","11.16.04.2006","Suka Ramai Satu"
"11","Aceh","11.16","Kabupaten Aceh Tamiang","11.16.04","Seruway","11.16.04.2007","Suka Ramai Dua"
"11","Aceh","11.16","Kabupaten Aceh Tamiang","11.16.04","Seruway","11.16.04.2008","Perkebunan Seruway"
"11","Aceh","11.16","Kabupaten Aceh Tamiang","11.16.04","Seruway","11.16.04.2009","Gedung Biara"
"11","Aceh","11.16","Kabupaten Aceh Tamiang","11.16.04","Seruway","11.16.04.2010","Alur Alim"
"11","Aceh","11.16","Kabupaten Aceh Tamiang","11.16.04","Seruway","11.16.04.2011","Tualang"
"11","Aceh","11.16","Kabupaten Aceh Tamiang","11.16.04","Seruway","11.16.04.2012","Matang Sentang"
"11","Aceh","11.16","Kabupaten Aceh Tamiang","11.16.04","Seruway","11.16.04.2013","Air Masin"
"11","Aceh","11.16","Kabupaten Aceh Tamiang","11.16.04","Seruway","11.16.04.2014","Sidodadi"
"11","Aceh","11.16","Kabupaten Aceh Tamiang","11.16.04","Seruway","11.16.04.2015","Perk. Gedung Biara"
"11","Aceh","11.16","Kabupaten Aceh Tamiang","11.16.04","Seruway","11.16.04.2016","Muka Sungai Kuruk"
"11","Aceh","11.16","Kabupaten Aceh Tamiang","11.16.04","Seruway","11.16.04.2017","Paya Udang"
"11","Aceh","11.16","Kabupaten Aceh Tamiang","11.16.04","Seruway","11.16.04.2018","Gelung"
"11","Aceh","11.16","Kabupaten Aceh Tamiang","11.16.04","Seruway","11.16.04.2019","Kampung Baru"
"11","Aceh","11.16","Kabupaten Aceh Tamiang","11.16.04","Seruway","11.16.04.2020","Kuala Pusung Kapal"
"11","Aceh","11.16","Kabupaten Aceh Tamiang","11.16.04","Seruway","11.16.04.2021","Sungai Kuruk I"
"11","Aceh","11.16","Kabupaten Aceh Tamiang","11.16.04","Seruway","11.16.04.2022","Sungai Kuruk II"
"11","Aceh","11.16","Kabupaten Aceh Tamiang","11.16.04","Seruway","11.16.04.2023","Sungai Kuruk III"
"11","Aceh","11.16","Kabupaten Aceh Tamiang","11.16.04","Seruway","11.16.04.2024","Tangsi Lama"
"11","Aceh","11.16","Kabupaten Aceh Tamiang","11.16.04","Seruway","11.16.04.2025","Lubuk Damar"
"11","Aceh","11.16","Kabupaten Aceh Tamiang","11.16.05","Kota Kualasinpang","11.16.05.2001","Kota Kualasimpang"
"11","Aceh","11.16","Kabupaten Aceh Tamiang","11.16.05","Kota Kualasinpang","11.16.05.2002","Perdamaian"
"11","Aceh","11.16","Kabupaten Aceh Tamiang","11.16.05","Kota Kualasinpang","11.16.05.2003","Sriwijaya"
"11","Aceh","11.16","Kabupaten Aceh Tamiang","11.16.05","Kota Kualasinpang","11.16.05.2004","Bukit Tempurung"
"11","Aceh","11.16","Kabupaten Aceh Tamiang","11.16.05","Kota Kualasinpang","11.16.05.2005","Kota Lintang"
"11","Aceh","11.16","Kabupaten Aceh Tamiang","11.16.06","Kejuruan Muda","11.16.06.2001","Bukit Rata"
"11","Aceh","11.16","Kabupaten Aceh Tamiang","11.16.06","Kejuruan Muda","11.16.06.2002","Pangkalan"
"11","Aceh","11.16","Kabupaten Aceh Tamiang","11.16.06","Kejuruan Muda","11.16.06.2003","Tanjung Mancang"
"11","Aceh","11.16","Kabupaten Aceh Tamiang","11.16.06","Kejuruan Muda","11.16.06.2004","Simpang Kanan"
"11","Aceh","11.16","Kabupaten Aceh Tamiang","11.16.06","Kejuruan Muda","11.16.06.2005","Tanjung Genteng"
"11","Aceh","11.16","Kabupaten Aceh Tamiang","11.16.06","Kejuruan Muda","11.16.06.2006","Gerenggam"
"11","Aceh","11.16","Kabupaten Aceh Tamiang","11.16.06","Kejuruan Muda","11.16.06.2007","Suka Makmur"
"11","Aceh","11.16","Kabupaten Aceh Tamiang","11.16.06","Kejuruan Muda","11.16.06.2008","Alur Selebu"
"11","Aceh","11.16","Kabupaten Aceh Tamiang","11.16.06","Kejuruan Muda","11.16.06.2010","Sungai Liput"
"11","Aceh","11.16","Kabupaten Aceh Tamiang","11.16.06","Kejuruan Muda","11.16.06.2011","Kebun Sungai Liput"
"11","Aceh","11.16","Kabupaten Aceh Tamiang","11.16.06","Kejuruan Muda","11.16.06.2012","Purwodadi"
"11","Aceh","11.16","Kabupaten Aceh Tamiang","11.16.06","Kejuruan Muda","11.16.06.2013","Jawa"
"11","Aceh","11.16","Kabupaten Aceh Tamiang","11.16.06","Kejuruan Muda","11.16.06.2014","Sidodadi"
"11","Aceh","11.16","Kabupaten Aceh Tamiang","11.16.06","Kejuruan Muda","11.16.06.2015","Karang Jadi"
"11","Aceh","11.16","Kabupaten Aceh Tamiang","11.16.06","Kejuruan Muda","11.16.06.2016","Seumadam"
"11","Aceh","11.16","Kabupaten Aceh Tamiang","11.16.06","Kejuruan Muda","11.16.06.2021","Alur Mentawak"
"11","Aceh","11.16","Kabupaten Aceh Tamiang","11.16.07","Tamiang Hulu","11.16.07.2001","Alur Tani Satu"
"11","Aceh","11.16","Kabupaten Aceh Tamiang","11.16.07","Tamiang Hulu","11.16.07.2002","Alur Tani Dua"
"11","Aceh","11.16","Kabupaten Aceh Tamiang","11.16.07","Tamiang Hulu","11.16.07.2003","Bandar Khalifah"
"11","Aceh","11.16","Kabupaten Aceh Tamiang","11.16.07","Tamiang Hulu","11.16.07.2004","Kaloy"
"11","Aceh","11.16","Kabupaten Aceh Tamiang","11.16.07","Tamiang Hulu","11.16.07.2005","Perkebunan Pulau Tiga"
"11","Aceh","11.16","Kabupaten Aceh Tamiang","11.16.07","Tamiang Hulu","11.16.07.2006","Harum Sari"
"11","Aceh","11.16","Kabupaten Aceh Tamiang","11.16.07","Tamiang Hulu","11.16.07.2007","Bandar Setia"
"11","Aceh","11.16","Kabupaten Aceh Tamiang","11.16.07","Tamiang Hulu","11.16.07.2008","Rongoh"
"11","Aceh","11.16","Kabupaten Aceh Tamiang","11.16.07","Tamiang Hulu","11.16.07.2010","Wono Sari"
"11","Aceh","11.16","Kabupaten Aceh Tamiang","11.16.08","Rantau","11.16.08.2001","Benua Raja"
"11","Aceh","11.16","Kabupaten Aceh Tamiang","11.16.08","Rantau","11.16.08.2002","Landuh"
"11","Aceh","11.16","Kabupaten Aceh Tamiang","11.16.08","Rantau","11.16.08.2003","Paya Bedi"
"11","Aceh","11.16","Kabupaten Aceh Tamiang","11.16.08","Rantau","11.16.08.2004","Ingin Jaya"
"11","Aceh","11.16","Kabupaten Aceh Tamiang","11.16.08","Rantau","11.16.08.2005","Suka Rahmat"
"11","Aceh","11.16","Kabupaten Aceh Tamiang","11.16.08","Rantau","11.16.08.2006","Suka Jadi"
"11","Aceh","11.16","Kabupaten Aceh Tamiang","11.16.08","Rantau","11.16.08.2007","Durian"
"11","Aceh","11.16","Kabupaten Aceh Tamiang","11.16.08","Rantau","11.16.08.2008","Rantau Pauh"
"11","Aceh","11.16","Kabupaten Aceh Tamiang","11.16.08","Rantau","11.16.08.2009","Alur Cucur"
"11","Aceh","11.16","Kabupaten Aceh Tamiang","11.16.08","Rantau","11.16.08.2010","Pertamina"
"11","Aceh","11.16","Kabupaten Aceh Tamiang","11.16.08","Rantau","11.16.08.2011","Kebun Rantau"
"11","Aceh","11.16","Kabupaten Aceh Tamiang","11.16.08","Rantau","11.16.08.2012","Alur Manis"
"11","Aceh","11.16","Kabupaten Aceh Tamiang","11.16.08","Rantau","11.16.08.2013","Jamur Jelatang"
"11","Aceh","11.16","Kabupaten Aceh Tamiang","11.16.08","Rantau","11.16.08.2014","Suka Rakyat"
"11","Aceh","11.16","Kabupaten Aceh Tamiang","11.16.08","Rantau","11.16.08.2015","Jamur Labu"
"11","Aceh","11.16","Kabupaten Aceh Tamiang","11.16.08","Rantau","11.16.08.2016","Suka Mulia"
"11","Aceh","11.16","Kabupaten Aceh Tamiang","11.16.08","Rantau","11.16.08.2017","Mekar Jaya"
"11","Aceh","11.16","Kabupaten Aceh Tamiang","11.16.09","Banda Mulia","11.16.09.2001","Telaga Meuku Sa"
"11","Aceh","11.16","Kabupaten Aceh Tamiang","11.16.09","Banda Mulia","11.16.09.2002","Telaga Meuku Dua"
"11","Aceh","11.16","Kabupaten Aceh Tamiang","11.16.09","Banda Mulia","11.16.09.2003","Alur Nunang"
"11","Aceh","11.16","Kabupaten Aceh Tamiang","11.16.09","Banda Mulia","11.16.09.2004","Tanjung Keramat"
"11","Aceh","11.16","Kabupaten Aceh Tamiang","11.16.09","Banda Mulia","11.16.09.2005","Matang Seping"
"11","Aceh","11.16","Kabupaten Aceh Tamiang","11.16.09","Banda Mulia","11.16.09.2006","Besar"
"11","Aceh","11.16","Kabupaten Aceh Tamiang","11.16.09","Banda Mulia","11.16.09.2007","Paya Rahat"
"11","Aceh","11.16","Kabupaten Aceh Tamiang","11.16.09","Banda Mulia","11.16.09.2008","Suka Jadi"
"11","Aceh","11.16","Kabupaten Aceh Tamiang","11.16.09","Banda Mulia","11.16.09.2009","Suka Mulia Upah"
"11","Aceh","11.16","Kabupaten Aceh Tamiang","11.16.09","Banda Mulia","11.16.09.2010","Suka Damai"
"11","Aceh","11.16","Kabupaten Aceh Tamiang","11.16.10","Bandar Pusaka","11.16.10.2001","Aras Sembilan"
"11","Aceh","11.16","Kabupaten Aceh Tamiang","11.16.10","Bandar Pusaka","11.16.10.2002","Jambo Rambong"
"11","Aceh","11.16","Kabupaten Aceh Tamiang","11.16.10","Bandar Pusaka","11.16.10.2003","Blang Kandis"
"11","Aceh","11.16","Kabupaten Aceh Tamiang","11.16.10","Bandar Pusaka","11.16.10.2004","Alur Jambu"
"11","Aceh","11.16","Kabupaten Aceh Tamiang","11.16.10","Bandar Pusaka","11.16.10.2005","Perkebunan Alur Jambu"
"11","Aceh","11.16","Kabupaten Aceh Tamiang","11.16.10","Bandar Pusaka","11.16.10.2006","Batang Ara"
"11","Aceh","11.16","Kabupaten Aceh Tamiang","11.16.10","Bandar Pusaka","11.16.10.2007","Perupuk"
"11","Aceh","11.16","Kabupaten Aceh Tamiang","11.16.10","Bandar Pusaka","11.16.10.2008","Serba"
"11","Aceh","11.16","Kabupaten Aceh Tamiang","11.16.10","Bandar Pusaka","11.16.10.2009","Sunting"
"11","Aceh","11.16","Kabupaten Aceh Tamiang","11.16.10","Bandar Pusaka","11.16.10.2010","Rantau Bintang"
"11","Aceh","11.16","Kabupaten Aceh Tamiang","11.16.10","Bandar Pusaka","11.16.10.2011","Babo"
"11","Aceh","11.16","Kabupaten Aceh Tamiang","11.16.10","Bandar Pusaka","11.16.10.2012","Pantai Cempa"
"11","Aceh","11.16","Kabupaten Aceh Tamiang","11.16.10","Bandar Pusaka","11.16.10.2013","Pengidam"
"11","Aceh","11.16","Kabupaten Aceh Tamiang","11.16.10","Bandar Pusaka","11.16.10.2014","Bengkelang"
"11","Aceh","11.16","Kabupaten Aceh Tamiang","11.16.10","Bandar Pusaka","11.16.10.2015","Batu Bedulang"
"11","Aceh","11.16","Kabupaten Aceh Tamiang","11.16.11","Tenggulun","11.16.11.2001","Tebing Tinggi"
"11","Aceh","11.16","Kabupaten Aceh Tamiang","11.16.11","Tenggulun","11.16.11.2002","Rimba Sawang"
"11","Aceh","11.16","Kabupaten Aceh Tamiang","11.16.11","Tenggulun","11.16.11.2003","Tenggulun"
"11","Aceh","11.16","Kabupaten Aceh Tamiang","11.16.11","Tenggulun","11.16.11.2004","Selamat"
"11","Aceh","11.16","Kabupaten Aceh Tamiang","11.16.11","Tenggulun","11.16.11.2005","Simpang Kiri"
"11","Aceh","11.16","Kabupaten Aceh Tamiang","11.16.11","Tenggulun","11.16.11.2006","Sumber Makmur"
"11","Aceh","11.16","Kabupaten Aceh Tamiang","11.16.12","Sekerak","11.16.12.2001","Bandar Mahligai"
"11","Aceh","11.16","Kabupaten Aceh Tamiang","11.16.12","Sekerak","11.16.12.2002","Sekerak Kiri"
"11","Aceh","11.16","Kabupaten Aceh Tamiang","11.16.12","Sekerak","11.16.12.2003","Pantai Tinjau"
"11","Aceh","11.16","Kabupaten Aceh Tamiang","11.16.12","Sekerak","11.16.12.2004","Pantai Perlak"
"11","Aceh","11.16","Kabupaten Aceh Tamiang","11.16.12","Sekerak","11.16.12.2005","Kebun Batang Ara"
"11","Aceh","11.16","Kabupaten Aceh Tamiang","11.16.12","Sekerak","11.16.12.2006","Sekerak Kanan"
"11","Aceh","11.16","Kabupaten Aceh Tamiang","11.16.12","Sekerak","11.16.12.2007","Lubuk Sidup"
"11","Aceh","11.16","Kabupaten Aceh Tamiang","11.16.12","Sekerak","11.16.12.2008","Sekumur"
"11","Aceh","11.16","Kabupaten Aceh Tamiang","11.16.12","Sekerak","11.16.12.2009","Tanjung Gelumpang"
"11","Aceh","11.16","Kabupaten Aceh Tamiang","11.16.12","Sekerak","11.16.12.2010","Pematang Durian"
"11","Aceh","11.16","Kabupaten Aceh Tamiang","11.16.12","Sekerak","11.16.12.2011","Juar"
"11","Aceh","11.16","Kabupaten Aceh Tamiang","11.16.12","Sekerak","11.16.12.2012","Sulum"
"11","Aceh","11.16","Kabupaten Aceh Tamiang","11.16.12","Sekerak","11.16.12.2013","Suka Makmur"
"11","Aceh","11.16","Kabupaten Aceh Tamiang","11.16.12","Sekerak","11.16.12.2014","Baling Karang"
"11","Aceh","11.17","Kabupaten Bener Meriah","11.17.01","Pintu Rime Gayo","11.17.01.2001","Blang Rakal"
"11","Aceh","11.17","Kabupaten Bener Meriah","11.17.01","Pintu Rime Gayo","11.17.01.2002","Negeri Antara"
"11","Aceh","11.17","Kabupaten Bener Meriah","11.17.01","Pintu Rime Gayo","11.17.01.2003","Alur Cincin"
"11","Aceh","11.17","Kabupaten Bener Meriah","11.17.01","Pintu Rime Gayo","11.17.01.2004","Pantan Sinaku"
"11","Aceh","11.17","Kabupaten Bener Meriah","11.17.01","Pintu Rime Gayo","11.17.01.2005","Bintang Berangun"
"11","Aceh","11.17","Kabupaten Bener Meriah","11.17.01","Pintu Rime Gayo","11.17.01.2006","Taman Firdaus"
"11","Aceh","11.17","Kabupaten Bener Meriah","11.17.01","Pintu Rime Gayo","11.17.01.2007","Uning Mas"
"11","Aceh","11.17","Kabupaten Bener Meriah","11.17.01","Pintu Rime Gayo","11.17.01.2008","Perdamaian"
"11","Aceh","11.17","Kabupaten Bener Meriah","11.17.01","Pintu Rime Gayo","11.17.01.2009","Ulu Naron"
"11","Aceh","11.17","Kabupaten Bener Meriah","11.17.01","Pintu Rime Gayo","11.17.01.2010","Pantan Lah"
"11","Aceh","11.17","Kabupaten Bener Meriah","11.17.01","Pintu Rime Gayo","11.17.01.2011","Pancar Jelobok"
"11","Aceh","11.17","Kabupaten Bener Meriah","11.17.01","Pintu Rime Gayo","11.17.01.2012","Alur Gading"
"11","Aceh","11.17","Kabupaten Bener Meriah","11.17.01","Pintu Rime Gayo","11.17.01.2013","Rime Raya"
"11","Aceh","11.17","Kabupaten Bener Meriah","11.17.01","Pintu Rime Gayo","11.17.01.2014","Singah Mulo"
"11","Aceh","11.17","Kabupaten Bener Meriah","11.17.01","Pintu Rime Gayo","11.17.01.2015","Simpang Lancang"
"11","Aceh","11.17","Kabupaten Bener Meriah","11.17.01","Pintu Rime Gayo","11.17.01.2016","Wih Porak"
"11","Aceh","11.17","Kabupaten Bener Meriah","11.17.01","Pintu Rime Gayo","11.17.01.2017","Bener Meriah"
"11","Aceh","11.17","Kabupaten Bener Meriah","11.17.01","Pintu Rime Gayo","11.17.01.2018","Musara 58"
"11","Aceh","11.17","Kabupaten Bener Meriah","11.17.01","Pintu Rime Gayo","11.17.01.2019","Musara Pakat"
"11","Aceh","11.17","Kabupaten Bener Meriah","11.17.01","Pintu Rime Gayo","11.17.01.2020","Rata Ara"
"11","Aceh","11.17","Kabupaten Bener Meriah","11.17.01","Pintu Rime Gayo","11.17.01.2021","Gemasih"
"11","Aceh","11.17","Kabupaten Bener Meriah","11.17.01","Pintu Rime Gayo","11.17.01.2022","Pulo Intan"
"11","Aceh","11.17","Kabupaten Bener Meriah","11.17.01","Pintu Rime Gayo","11.17.01.2023","Blang Ara"
"11","Aceh","11.17","Kabupaten Bener Meriah","11.17.02","Permata","11.17.02.2001","Bener Pepanyi"
"11","Aceh","11.17","Kabupaten Bener Meriah","11.17.02","Permata","11.17.02.2002","Bintang Bener"
"11","Aceh","11.17","Kabupaten Bener Meriah","11.17.02","Permata","11.17.02.2003","Bintang Permata"
"11","Aceh","11.17","Kabupaten Bener Meriah","11.17.02","Permata","11.17.02.2004","Buntul Peteri"
"11","Aceh","11.17","Kabupaten Bener Meriah","11.17.02","Permata","11.17.02.2005","Darul Aman"
"11","Aceh","11.17","Kabupaten Bener Meriah","11.17.02","Permata","11.17.02.2006","GLP. Wih Tenang Uken"
"11","Aceh","11.17","Kabupaten Bener Meriah","11.17.02","Permata","11.17.02.2007","Pantan Tengah Jaya"
"11","Aceh","11.17","Kabupaten Bener Meriah","11.17.02","Permata","11.17.02.2008","Penosan Jaya"
"11","Aceh","11.17","Kabupaten Bener Meriah","11.17.02","Permata","11.17.02.2009","Ramung Jaya"
"11","Aceh","11.17","Kabupaten Bener Meriah","11.17.02","Permata","11.17.02.2010","Seni Antara"
"11","Aceh","11.17","Kabupaten Bener Meriah","11.17.02","Permata","11.17.02.2011","Temas Mumanang"
"11","Aceh","11.17","Kabupaten Bener Meriah","11.17.02","Permata","11.17.02.2012","Wih Tenang Toa"
"11","Aceh","11.17","Kabupaten Bener Meriah","11.17.02","Permata","11.17.02.2013","Wih Tenang Uken"
"11","Aceh","11.17","Kabupaten Bener Meriah","11.17.02","Permata","11.17.02.2014","Ayu Ara"
"11","Aceh","11.17","Kabupaten Bener Meriah","11.17.02","Permata","11.17.02.2015","Ceding Ayu"
"11","Aceh","11.17","Kabupaten Bener Meriah","11.17.02","Permata","11.17.02.2016","Uning Sejuk"
"11","Aceh","11.17","Kabupaten Bener Meriah","11.17.02","Permata","11.17.02.2017","Suku Sara Tangke"
"11","Aceh","11.17","Kabupaten Bener Meriah","11.17.02","Permata","11.17.02.2018","Rikit Musara"
"11","Aceh","11.17","Kabupaten Bener Meriah","11.17.02","Permata","11.17.02.2019","Jungke"
"11","Aceh","11.17","Kabupaten Bener Meriah","11.17.02","Permata","11.17.02.2020","Burni Pase"
"11","Aceh","11.17","Kabupaten Bener Meriah","11.17.02","Permata","11.17.02.2021","Bale Musara"
"11","Aceh","11.17","Kabupaten Bener Meriah","11.17.02","Permata","11.17.02.2022","Pemango"
"11","Aceh","11.17","Kabupaten Bener Meriah","11.17.02","Permata","11.17.02.2023","Jelobok"
"11","Aceh","11.17","Kabupaten Bener Meriah","11.17.02","Permata","11.17.02.2024","Kepies"
"11","Aceh","11.17","Kabupaten Bener Meriah","11.17.02","Permata","11.17.02.2025","Timur Jaya"
"11","Aceh","11.17","Kabupaten Bener Meriah","11.17.02","Permata","11.17.02.2026","Bale Purnama"
"11","Aceh","11.17","Kabupaten Bener Meriah","11.17.02","Permata","11.17.02.2027","Tawar Bengi"
"11","Aceh","11.17","Kabupaten Bener Meriah","11.17.03","Syiah Utama","11.17.03.2001","Blang Panu"
"11","Aceh","11.17","Kabupaten Bener Meriah","11.17.03","Syiah Utama","11.17.03.2003","Gerpa"
"11","Aceh","11.17","Kabupaten Bener Meriah","11.17.03","Syiah Utama","11.17.03.2004","Goneng"
"11","Aceh","11.17","Kabupaten Bener Meriah","11.17.03","Syiah Utama","11.17.03.2007","Kerlang"
"11","Aceh","11.17","Kabupaten Bener Meriah","11.17.03","Syiah Utama","11.17.03.2008","Kutelah Lane"
"11","Aceh","11.17","Kabupaten Bener Meriah","11.17.03","Syiah Utama","11.17.03.2009","Pasir Putih"
"11","Aceh","11.17","Kabupaten Bener Meriah","11.17.03","Syiah Utama","11.17.03.2010","Payung"
"11","Aceh","11.17","Kabupaten Bener Meriah","11.17.03","Syiah Utama","11.17.03.2012","Rusip"
"11","Aceh","11.17","Kabupaten Bener Meriah","11.17.03","Syiah Utama","11.17.03.2014","Tembolon"
"11","Aceh","11.17","Kabupaten Bener Meriah","11.17.03","Syiah Utama","11.17.03.2015","Uning"
"11","Aceh","11.17","Kabupaten Bener Meriah","11.17.03","Syiah Utama","11.17.03.2016","Wihni Durin"
"11","Aceh","11.17","Kabupaten Bener Meriah","11.17.03","Syiah Utama","11.17.03.2017","Rata Mulie"
"11","Aceh","11.17","Kabupaten Bener Meriah","11.17.03","Syiah Utama","11.17.03.2018","Tempen Baru"
"11","Aceh","11.17","Kabupaten Bener Meriah","11.17.03","Syiah Utama","11.17.03.2019","Geruti Jaya"
"11","Aceh","11.17","Kabupaten Bener Meriah","11.17.04","Bandar","11.17.04.2001","Bahgie Bertona"
"11","Aceh","11.17","Kabupaten Bener Meriah","11.17.04","Bandar","11.17.04.2003","Bathin Baru"
"11","Aceh","11.17","Kabupaten Bener Meriah","11.17.04","Bandar","11.17.04.2004","Blang Pulo"
"11","Aceh","11.17","Kabupaten Bener Meriah","11.17.04","Bandar","11.17.04.2009","Bukit Wih Ilang"
"11","Aceh","11.17","Kabupaten Bener Meriah","11.17.04","Bandar","11.17.04.2010","Hakim Wih Ilang"
"11","Aceh","11.17","Kabupaten Bener Meriah","11.17.04","Bandar","11.17.04.2011","Janarata"
"11","Aceh","11.17","Kabupaten Bener Meriah","11.17.04","Bandar","11.17.04.2012","Keramat Jaya"
"11","Aceh","11.17","Kabupaten Bener Meriah","11.17.04","Bandar","11.17.04.2013","Lewa Jadi"
"11","Aceh","11.17","Kabupaten Bener Meriah","11.17.04","Bandar","11.17.04.2014","Muyang Kute Mangku"
"11","Aceh","11.17","Kabupaten Bener Meriah","11.17.04","Bandar","11.17.04.2016","Pakat Jeroh"
"11","Aceh","11.17","Kabupaten Bener Meriah","11.17.04","Bandar","11.17.04.2017","Paya Baning"
"11","Aceh","11.17","Kabupaten Bener Meriah","11.17.04","Bandar","11.17.04.2018","Blang Jorong"
"11","Aceh","11.17","Kabupaten Bener Meriah","11.17.04","Bandar","11.17.04.2019","Pondok Baru"
"11","Aceh","11.17","Kabupaten Bener Meriah","11.17.04","Bandar","11.17.04.2020","Pondok Gajah"
"11","Aceh","11.17","Kabupaten Bener Meriah","11.17.04","Bandar","11.17.04.2021","Pondok Ulung"
"11","Aceh","11.17","Kabupaten Bener Meriah","11.17.04","Bandar","11.17.04.2022","Puja Mulia"
"11","Aceh","11.17","Kabupaten Bener Meriah","11.17.04","Bandar","11.17.04.2023","Purwosari"
"11","Aceh","11.17","Kabupaten Bener Meriah","11.17.04","Bandar","11.17.04.2024","Selamat Rejo"
"11","Aceh","11.17","Kabupaten Bener Meriah","11.17.04","Bandar","11.17.04.2025","Sidodadi"
"11","Aceh","11.17","Kabupaten Bener Meriah","11.17.04","Bandar","11.17.04.2026","Simpang Utama"
"11","Aceh","11.17","Kabupaten Bener Meriah","11.17.04","Bandar","11.17.04.2027","Suku Wih Ilang"
"11","Aceh","11.17","Kabupaten Bener Meriah","11.17.04","Bandar","11.17.04.2028","Tanjung Pura"
"11","Aceh","11.17","Kabupaten Bener Meriah","11.17.04","Bandar","11.17.04.2029","Wonosari"
"11","Aceh","11.17","Kabupaten Bener Meriah","11.17.04","Bandar","11.17.04.2030","Mutiara"
"11","Aceh","11.17","Kabupaten Bener Meriah","11.17.04","Bandar","11.17.04.2032","Tansaran Bidin"
"11","Aceh","11.17","Kabupaten Bener Meriah","11.17.04","Bandar","11.17.04.2033","Jadi Sepakat"
"11","Aceh","11.17","Kabupaten Bener Meriah","11.17.04","Bandar","11.17.04.2034","Selisih Mara"
"11","Aceh","11.17","Kabupaten Bener Meriah","11.17.04","Bandar","11.17.04.2035","Kala Nempan"
"11","Aceh","11.17","Kabupaten Bener Meriah","11.17.04","Bandar","11.17.04.2036","Gunung Antara"
"11","Aceh","11.17","Kabupaten Bener Meriah","11.17.04","Bandar","11.17.04.2037","Gele Semayang"
"11","Aceh","11.17","Kabupaten Bener Meriah","11.17.04","Bandar","11.17.04.2042","Tawar Sedenge"
"11","Aceh","11.17","Kabupaten Bener Meriah","11.17.04","Bandar","11.17.04.2043","Beranun Teleden"
"11","Aceh","11.17","Kabupaten Bener Meriah","11.17.04","Bandar","11.17.04.2044","Remang Ketike Jaya"
"11","Aceh","11.17","Kabupaten Bener Meriah","11.17.04","Bandar","11.17.04.2045","Makmur Sentosa"
"11","Aceh","11.17","Kabupaten Bener Meriah","11.17.04","Bandar","11.17.04.2047","Sinar Jaya Paya Ringkel"
"11","Aceh","11.17","Kabupaten Bener Meriah","11.17.05","Bukit","11.17.05.2001","Bale Atu"
"11","Aceh","11.17","Kabupaten Bener Meriah","11.17.05","Bukit","11.17.05.2002","Bale Redelong"
"11","Aceh","11.17","Kabupaten Bener Meriah","11.17.05","Bukit","11.17.05.2003","Batin Wih Pongas"
"11","Aceh","11.17","Kabupaten Bener Meriah","11.17.05","Bukit","11.17.05.2004","Blang Ara"
"11","Aceh","11.17","Kabupaten Bener Meriah","11.17.05","Bukit","11.17.05.2005","Blang Sentang"
"11","Aceh","11.17","Kabupaten Bener Meriah","11.17.05","Bukit","11.17.05.2006","Blang Tampu"
"11","Aceh","11.17","Kabupaten Bener Meriah","11.17.05","Bukit","11.17.05.2007","Bujang"
"11","Aceh","11.17","Kabupaten Bener Meriah","11.17.05","Bukit","11.17.05.2009","Delung Tue"
"11","Aceh","11.17","Kabupaten Bener Meriah","11.17.05","Bukit","11.17.05.2010","Hakim Tungul Naru"
"11","Aceh","11.17","Kabupaten Bener Meriah","11.17.05","Bukit","11.17.05.2011","Isaq Busur"
"11","Aceh","11.17","Kabupaten Bener Meriah","11.17.05","Bukit","11.17.05.2012","Kenawat Redelong"
"11","Aceh","11.17","Kabupaten Bener Meriah","11.17.05","Bukit","11.17.05.2013","Kute Lintang"
"11","Aceh","11.17","Kabupaten Bener Meriah","11.17.05","Bukit","11.17.05.2014","Panji Mulia I"
"11","Aceh","11.17","Kabupaten Bener Meriah","11.17.05","Bukit","11.17.05.2015","Panji Mulia II"
"11","Aceh","11.17","Kabupaten Bener Meriah","11.17.05","Bukit","11.17.05.2016","Pasar Simpang Tiga"
"11","Aceh","11.17","Kabupaten Bener Meriah","11.17.05","Bukit","11.17.05.2017","Reje Guru"
"11","Aceh","11.17","Kabupaten Bener Meriah","11.17.05","Bukit","11.17.05.2018","Rembele"
"11","Aceh","11.17","Kabupaten Bener Meriah","11.17.05","Bukit","11.17.05.2019","Sedie Jadi"
"11","Aceh","11.17","Kabupaten Bener Meriah","11.17.05","Bukit","11.17.05.2020","Tingkem Asli"
"11","Aceh","11.17","Kabupaten Bener Meriah","11.17.05","Bukit","11.17.05.2021","Tingkem Benyer"
"11","Aceh","11.17","Kabupaten Bener Meriah","11.17.05","Bukit","11.17.05.2022","Tingkem Bersatu"
"11","Aceh","11.17","Kabupaten Bener Meriah","11.17.05","Bukit","11.17.05.2023","Ujung Gele"
"11","Aceh","11.17","Kabupaten Bener Meriah","11.17.05","Bukit","11.17.05.2024","Uning Bersah"
"11","Aceh","11.17","Kabupaten Bener Meriah","11.17.05","Bukit","11.17.05.2025","Uning Teritit"
"11","Aceh","11.17","Kabupaten Bener Meriah","11.17.05","Bukit","11.17.05.2026","Waq Pondok Sayur"
"11","Aceh","11.17","Kabupaten Bener Meriah","11.17.05","Bukit","11.17.05.2027","Babussalam"
"11","Aceh","11.17","Kabupaten Bener Meriah","11.17.05","Bukit","11.17.05.2028","Paya Gajah"
"11","Aceh","11.17","Kabupaten Bener Meriah","11.17.05","Bukit","11.17.05.2029","Kute Tanyung"
"11","Aceh","11.17","Kabupaten Bener Meriah","11.17.05","Bukit","11.17.05.2030","Meluem"
"11","Aceh","11.17","Kabupaten Bener Meriah","11.17.05","Bukit","11.17.05.2031","Delung Asli"
"11","Aceh","11.17","Kabupaten Bener Meriah","11.17.05","Bukit","11.17.05.2032","Pilar Jaya"
"11","Aceh","11.17","Kabupaten Bener Meriah","11.17.05","Bukit","11.17.05.2033","Serule Kayu"
"11","Aceh","11.17","Kabupaten Bener Meriah","11.17.05","Bukit","11.17.05.2034","Uring"
"11","Aceh","11.17","Kabupaten Bener Meriah","11.17.05","Bukit","11.17.05.2035","Mupakat Jadi"
"11","Aceh","11.17","Kabupaten Bener Meriah","11.17.05","Bukit","11.17.05.2036","Kute Kering"
"11","Aceh","11.17","Kabupaten Bener Meriah","11.17.05","Bukit","11.17.05.2037","Blang Panas"
"11","Aceh","11.17","Kabupaten Bener Meriah","11.17.05","Bukit","11.17.05.2038","Mutiara Baru"
"11","Aceh","11.17","Kabupaten Bener Meriah","11.17.05","Bukit","11.17.05.2039","Bukit Bersatu"
"11","Aceh","11.17","Kabupaten Bener Meriah","11.17.05","Bukit","11.17.05.2040","Godang"
"11","Aceh","11.17","Kabupaten Bener Meriah","11.17.05","Bukit","11.17.05.2041","Karang Rejo"
"11","Aceh","11.17","Kabupaten Bener Meriah","11.17.06","Wih Pesam","11.17.06.2001","Blang Paku"
"11","Aceh","11.17","Kabupaten Bener Meriah","11.17.06","Wih Pesam","11.17.06.2004","Pante Raya"
"11","Aceh","11.17","Kabupaten Bener Meriah","11.17.06","Wih Pesam","11.17.06.2005","Simpang Balek"
"11","Aceh","11.17","Kabupaten Bener Meriah","11.17.06","Wih Pesam","11.17.06.2006","Simpang Teritit"
"11","Aceh","11.17","Kabupaten Bener Meriah","11.17.06","Wih Pesam","11.17.06.2007","Suka Jadi"
"11","Aceh","11.17","Kabupaten Bener Meriah","11.17.06","Wih Pesam","11.17.06.2008","Suka Makmur"
"11","Aceh","11.17","Kabupaten Bener Meriah","11.17.06","Wih Pesam","11.17.06.2009","Suka Ramai Atas"
"11","Aceh","11.17","Kabupaten Bener Meriah","11.17.06","Wih Pesam","11.17.06.2010","Suka Ramai Bawah"
"11","Aceh","11.17","Kabupaten Bener Meriah","11.17.06","Wih Pesam","11.17.06.2011","Syura Jadi"
"11","Aceh","11.17","Kabupaten Bener Meriah","11.17.06","Wih Pesam","11.17.06.2012","Jamur Uluh"
"11","Aceh","11.17","Kabupaten Bener Meriah","11.17.06","Wih Pesam","11.17.06.2013","Gegerung"
"11","Aceh","11.17","Kabupaten Bener Meriah","11.17.06","Wih Pesam","11.17.06.2014","Merie Satu"
"11","Aceh","11.17","Kabupaten Bener Meriah","11.17.06","Wih Pesam","11.17.06.2015","Blang Benara"
"11","Aceh","11.17","Kabupaten Bener Meriah","11.17.06","Wih Pesam","11.17.06.2016","Bukit Pepanyi"
"11","Aceh","11.17","Kabupaten Bener Meriah","11.17.06","Wih Pesam","11.17.06.2017","Wih Pesam"
"11","Aceh","11.17","Kabupaten Bener Meriah","11.17.06","Wih Pesam","11.17.06.2018","Cinta Damai"
"11","Aceh","11.17","Kabupaten Bener Meriah","11.17.06","Wih Pesam","11.17.06.2019","Bener Ayu"
"11","Aceh","11.17","Kabupaten Bener Meriah","11.17.06","Wih Pesam","11.17.06.2020","Bener Mulie"
"11","Aceh","11.17","Kabupaten Bener Meriah","11.17.06","Wih Pesam","11.17.06.2021","Blang Kucak"
"11","Aceh","11.17","Kabupaten Bener Meriah","11.17.06","Wih Pesam","11.17.06.2022","Wonosobo"
"11","Aceh","11.17","Kabupaten Bener Meriah","11.17.06","Wih Pesam","11.17.06.2023","Lut Kucak"
"11","Aceh","11.17","Kabupaten Bener Meriah","11.17.06","Wih Pesam","11.17.06.2024","Kebun Baru"
"11","Aceh","11.17","Kabupaten Bener Meriah","11.17.06","Wih Pesam","11.17.06.2025","Simpang Antara"
"11","Aceh","11.17","Kabupaten Bener Meriah","11.17.06","Wih Pesam","11.17.06.2026","Jamur Ujung"
"11","Aceh","11.17","Kabupaten Bener Meriah","11.17.06","Wih Pesam","11.17.06.2027","Suka Makmur Timur"
"11","Aceh","11.17","Kabupaten Bener Meriah","11.17.06","Wih Pesam","11.17.06.2028","Burni Telong"
"11","Aceh","11.17","Kabupaten Bener Meriah","11.17.07","Timang gajah","11.17.07.2001","Bandar Lampahan"
"11","Aceh","11.17","Kabupaten Bener Meriah","11.17.07","Timang gajah","11.17.07.2002","Blang Rongka"
"11","Aceh","11.17","Kabupaten Bener Meriah","11.17.07","Timang gajah","11.17.07.2003","Cekal Baru"
"11","Aceh","11.17","Kabupaten Bener Meriah","11.17.07","Timang gajah","11.17.07.2004","Gegur Sepakat"
"11","Aceh","11.17","Kabupaten Bener Meriah","11.17.07","Timang gajah","11.17.07.2005","Karang Jadi"
"11","Aceh","11.17","Kabupaten Bener Meriah","11.17.07","Timang gajah","11.17.07.2006","Lampahan"
"11","Aceh","11.17","Kabupaten Bener Meriah","11.17.07","Timang gajah","11.17.07.2010","Setie"
"11","Aceh","11.17","Kabupaten Bener Meriah","11.17.07","Timang gajah","11.17.07.2011","Simpang Layang"
"11","Aceh","11.17","Kabupaten Bener Meriah","11.17.07","Timang gajah","11.17.07.2012","Suka Damai"
"11","Aceh","11.17","Kabupaten Bener Meriah","11.17.07","Timang gajah","11.17.07.2014","Tunyang"
"11","Aceh","11.17","Kabupaten Bener Meriah","11.17.07","Timang gajah","11.17.07.2016","Datu Beru"
"11","Aceh","11.17","Kabupaten Bener Meriah","11.17.07","Timang gajah","11.17.07.2017","Kenine"
"11","Aceh","11.17","Kabupaten Bener Meriah","11.17.07","Timang gajah","11.17.07.2018","Rembune"
"11","Aceh","11.17","Kabupaten Bener Meriah","11.17.07","Timang gajah","11.17.07.2019","Damaran Baru"
"11","Aceh","11.17","Kabupaten Bener Meriah","11.17.07","Timang gajah","11.17.07.2020","Fajar Harapan"
"11","Aceh","11.17","Kabupaten Bener Meriah","11.17.07","Timang gajah","11.17.07.2021","Mude Benara"
"11","Aceh","11.17","Kabupaten Bener Meriah","11.17.07","Timang gajah","11.17.07.2022","Kampung Baru 76"
"11","Aceh","11.17","Kabupaten Bener Meriah","11.17.07","Timang gajah","11.17.07.2023","Pantan Pediangan"
"11","Aceh","11.17","Kabupaten Bener Meriah","11.17.07","Timang gajah","11.17.07.2024","Bumi Ayu"
"11","Aceh","11.17","Kabupaten Bener Meriah","11.17.07","Timang gajah","11.17.07.2025","Kulem Para Kanis"
"11","Aceh","11.17","Kabupaten Bener Meriah","11.17.07","Timang gajah","11.17.07.2026","Mekar Ayu"
"11","Aceh","11.17","Kabupaten Bener Meriah","11.17.07","Timang gajah","11.17.07.2027","Lampahan Barat"
"11","Aceh","11.17","Kabupaten Bener Meriah","11.17.07","Timang gajah","11.17.07.2028","Lampahan Timur"
"11","Aceh","11.17","Kabupaten Bener Meriah","11.17.07","Timang gajah","11.17.07.2029","Timang Rasa"
"11","Aceh","11.17","Kabupaten Bener Meriah","11.17.07","Timang gajah","11.17.07.2030","Gunung Tunyang"
"11","Aceh","11.17","Kabupaten Bener Meriah","11.17.07","Timang gajah","11.17.07.2031","Bukit Tunyang"
"11","Aceh","11.17","Kabupaten Bener Meriah","11.17.07","Timang gajah","11.17.07.2032","Linung Bale"
"11","Aceh","11.17","Kabupaten Bener Meriah","11.17.07","Timang gajah","11.17.07.2033","Pantan Kemuning"
"11","Aceh","11.17","Kabupaten Bener Meriah","11.17.07","Timang gajah","11.17.07.2034","Sumber Jaya"
"11","Aceh","11.17","Kabupaten Bener Meriah","11.17.07","Timang gajah","11.17.07.2035","Bukit Mulie"
"11","Aceh","11.17","Kabupaten Bener Meriah","11.17.08","Bener Kelipah","11.17.08.2001","Bandar Jaya"
"11","Aceh","11.17","Kabupaten Bener Meriah","11.17.08","Bener Kelipah","11.17.08.2002","Jongok Meluem"
"11","Aceh","11.17","Kabupaten Bener Meriah","11.17.08","Bener Kelipah","11.17.08.2003","Suku Bener"
"11","Aceh","11.17","Kabupaten Bener Meriah","11.17.08","Bener Kelipah","11.17.08.2004","Bener Lukup II"
"11","Aceh","11.17","Kabupaten Bener Meriah","11.17.08","Bener Kelipah","11.17.08.2005","Gunung Musara"
"11","Aceh","11.17","Kabupaten Bener Meriah","11.17.08","Bener Kelipah","11.17.08.2006","Bener Kelipah Selatan"
"11","Aceh","11.17","Kabupaten Bener Meriah","11.17.08","Bener Kelipah","11.17.08.2007","Bintang Musara"
"11","Aceh","11.17","Kabupaten Bener Meriah","11.17.08","Bener Kelipah","11.17.08.2008","Kala Tenang"
"11","Aceh","11.17","Kabupaten Bener Meriah","11.17.08","Bener Kelipah","11.17.08.2009","Bener Kelipah Utara"
"11","Aceh","11.17","Kabupaten Bener Meriah","11.17.08","Bener Kelipah","11.17.08.2010","Lot Bener Kelipah"
"11","Aceh","11.17","Kabupaten Bener Meriah","11.17.08","Bener Kelipah","11.17.08.2011","Nosar Tawar Jaya"
"11","Aceh","11.17","Kabupaten Bener Meriah","11.17.08","Bener Kelipah","11.17.08.2012","Nosar Baru"
"11","Aceh","11.17","Kabupaten Bener Meriah","11.17.09","Mesidah","11.17.09.2001","Cemparam Lama"
"11","Aceh","11.17","Kabupaten Bener Meriah","11.17.09","Mesidah","11.17.09.2002","Cemparam Pakat Jeroh"
"11","Aceh","11.17","Kabupaten Bener Meriah","11.17.09","Mesidah","11.17.09.2003","Cemparam Jaya"
"11","Aceh","11.17","Kabupaten Bener Meriah","11.17.09","Mesidah","11.17.09.2004","Pantan Kuli"
"11","Aceh","11.17","Kabupaten Bener Meriah","11.17.09","Mesidah","11.17.09.2005","Simpang Renggali"
"11","Aceh","11.17","Kabupaten Bener Meriah","11.17.09","Mesidah","11.17.09.2006","Jamur Atu Jaya"
"11","Aceh","11.17","Kabupaten Bener Meriah","11.17.09","Mesidah","11.17.09.2007","Sosial"
"11","Aceh","11.17","Kabupaten Bener Meriah","11.17.09","Mesidah","11.17.09.2008","Gunung Sayang"
"11","Aceh","11.17","Kabupaten Bener Meriah","11.17.09","Mesidah","11.17.09.2009","Amor"
"11","Aceh","11.17","Kabupaten Bener Meriah","11.17.09","Mesidah","11.17.09.2010","Buntul Gayo"
"11","Aceh","11.17","Kabupaten Bener Meriah","11.17.09","Mesidah","11.17.09.2011","Wih Resap"
"11","Aceh","11.17","Kabupaten Bener Meriah","11.17.09","Mesidah","11.17.09.2012","Wer Tingkem"
"11","Aceh","11.17","Kabupaten Bener Meriah","11.17.09","Mesidah","11.17.09.2013","Perumpaken Benjadi"
"11","Aceh","11.17","Kabupaten Bener Meriah","11.17.09","Mesidah","11.17.09.2014","Hakim Peteri Pintu"
"11","Aceh","11.17","Kabupaten Bener Meriah","11.17.09","Mesidah","11.17.09.2015","Simpur"
"11","Aceh","11.17","Kabupaten Bener Meriah","11.17.10","Gajah Putih","11.17.10.2001","Simpang Rahmat"
"11","Aceh","11.17","Kabupaten Bener Meriah","11.17.10","Gajah Putih","11.17.10.2002","Gajah Putih"
"11","Aceh","11.17","Kabupaten Bener Meriah","11.17.10","Gajah Putih","11.17.10.2003","Gayo Setie"
"11","Aceh","11.17","Kabupaten Bener Meriah","11.17.10","Gajah Putih","11.17.10.2004","Umah Besi"
"11","Aceh","11.17","Kabupaten Bener Meriah","11.17.10","Gajah Putih","11.17.10.2005","Pante Karya"
"11","Aceh","11.17","Kabupaten Bener Meriah","11.17.10","Gajah Putih","11.17.10.2006","Meriah Jaya"
"11","Aceh","11.17","Kabupaten Bener Meriah","11.17.10","Gajah Putih","11.17.10.2007","Timang Gajah"
"11","Aceh","11.17","Kabupaten Bener Meriah","11.17.10","Gajah Putih","11.17.10.2008","Pantan Lues"
"11","Aceh","11.17","Kabupaten Bener Meriah","11.17.10","Gajah Putih","11.17.10.2009","Alam Jaya"
"11","Aceh","11.17","Kabupaten Bener Meriah","11.17.10","Gajah Putih","11.17.10.2010","Reronga"
"11","Aceh","11.18","Kabupaten Pidie Jaya","11.18.01","Meureudu","11.18.01.2001","Meunasah Balek"
"11","Aceh","11.18","Kabupaten Pidie Jaya","11.18.01","Meureudu","11.18.01.2002","Kota Meureudu"
"11","Aceh","11.18","Kabupaten Pidie Jaya","11.18.01","Meureudu","11.18.01.2003","Mesjid Tuha"
"11","Aceh","11.18","Kabupaten Pidie Jaya","11.18.01","Meureudu","11.18.01.2004","Rungkom"
"11","Aceh","11.18","Kabupaten Pidie Jaya","11.18.01","Meureudu","11.18.01.2005","Blang Awe"
"11","Aceh","11.18","Kabupaten Pidie Jaya","11.18.01","Meureudu","11.18.01.2006","Manyang Lancok"
"11","Aceh","11.18","Kabupaten Pidie Jaya","11.18.01","Meureudu","11.18.01.2007","Manyang Cut"
"11","Aceh","11.18","Kabupaten Pidie Jaya","11.18.01","Meureudu","11.18.01.2008","Beurawang"
"11","Aceh","11.18","Kabupaten Pidie Jaya","11.18.01","Meureudu","11.18.01.2009","Rhieng Blang"
"11","Aceh","11.18","Kabupaten Pidie Jaya","11.18.01","Meureudu","11.18.01.2010","Rhieng Krueng"
"11","Aceh","11.18","Kabupaten Pidie Jaya","11.18.01","Meureudu","11.18.01.2011","Rhieng Mancang"
"11","Aceh","11.18","Kabupaten Pidie Jaya","11.18.01","Meureudu","11.18.01.2012","Meunasah Lhok"
"11","Aceh","11.18","Kabupaten Pidie Jaya","11.18.01","Meureudu","11.18.01.2013","Meuraksa"
"11","Aceh","11.18","Kabupaten Pidie Jaya","11.18.01","Meureudu","11.18.01.2014","Pulo U"
"11","Aceh","11.18","Kabupaten Pidie Jaya","11.18.01","Meureudu","11.18.01.2015","Geuleudah"
"11","Aceh","11.18","Kabupaten Pidie Jaya","11.18.01","Meureudu","11.18.01.2016","Dayah Timu"
"11","Aceh","11.18","Kabupaten Pidie Jaya","11.18.01","Meureudu","11.18.01.2017","Bunot"
"11","Aceh","11.18","Kabupaten Pidie Jaya","11.18.01","Meureudu","11.18.01.2018","Glumpang Tutong"
"11","Aceh","11.18","Kabupaten Pidie Jaya","11.18.01","Meureudu","11.18.01.2019","Meunasah Hagu"
"11","Aceh","11.18","Kabupaten Pidie Jaya","11.18.01","Meureudu","11.18.01.2020","Pohroh"
"11","Aceh","11.18","Kabupaten Pidie Jaya","11.18.01","Meureudu","11.18.01.2021","Kudrang"
"11","Aceh","11.18","Kabupaten Pidie Jaya","11.18.01","Meureudu","11.18.01.2022","Lampoh Lada"
"11","Aceh","11.18","Kabupaten Pidie Jaya","11.18.01","Meureudu","11.18.01.2023","Mulieng"
"11","Aceh","11.18","Kabupaten Pidie Jaya","11.18.01","Meureudu","11.18.01.2024","Dayah Tuha"
"11","Aceh","11.18","Kabupaten Pidie Jaya","11.18.01","Meureudu","11.18.01.2025","Rumpuen"
"11","Aceh","11.18","Kabupaten Pidie Jaya","11.18.01","Meureudu","11.18.01.2026","Rambong"
"11","Aceh","11.18","Kabupaten Pidie Jaya","11.18.01","Meureudu","11.18.01.2027","Meunasah Kulam"
"11","Aceh","11.18","Kabupaten Pidie Jaya","11.18.01","Meureudu","11.18.01.2028","Grong-Grong"
"11","Aceh","11.18","Kabupaten Pidie Jaya","11.18.01","Meureudu","11.18.01.2029","Kuta Trieng"
"11","Aceh","11.18","Kabupaten Pidie Jaya","11.18.01","Meureudu","11.18.01.2030","Teupin Peuraho"
"11","Aceh","11.18","Kabupaten Pidie Jaya","11.18.02","Ulim","11.18.02.2001","Dayah Baroh"
"11","Aceh","11.18","Kabupaten Pidie Jaya","11.18.02","Ulim","11.18.02.2002","Reuleut"
"11","Aceh","11.18","Kabupaten Pidie Jaya","11.18.02","Ulim","11.18.02.2003","Sambongan Baro"
"11","Aceh","11.18","Kabupaten Pidie Jaya","11.18.02","Ulim","11.18.02.2004","Tijien Husen"
"11","Aceh","11.18","Kabupaten Pidie Jaya","11.18.02","Ulim","11.18.02.2005","Meunasah Krueng"
"11","Aceh","11.18","Kabupaten Pidie Jaya","11.18.02","Ulim","11.18.02.2006","Geulanggang"
"11","Aceh","11.18","Kabupaten Pidie Jaya","11.18.02","Ulim","11.18.02.2007","Mesjid Ulim Baroh"
"11","Aceh","11.18","Kabupaten Pidie Jaya","11.18.02","Ulim","11.18.02.2008","Pulo Lhok"
"11","Aceh","11.18","Kabupaten Pidie Jaya","11.18.02","Ulim","11.18.02.2009","Dayah Leubue"
"11","Aceh","11.18","Kabupaten Pidie Jaya","11.18.02","Ulim","11.18.02.2010","Tijien Daboh"
"11","Aceh","11.18","Kabupaten Pidie Jaya","11.18.02","Ulim","11.18.02.2011","Keude Ulim"
"11","Aceh","11.18","Kabupaten Pidie Jaya","11.18.02","Ulim","11.18.02.2012","Meunasah Bueng"
"11","Aceh","11.18","Kabupaten Pidie Jaya","11.18.02","Ulim","11.18.02.2013","Balee Ulim"
"11","Aceh","11.18","Kabupaten Pidie Jaya","11.18.02","Ulim","11.18.02.2014","Grong Grong Capa"
"11","Aceh","11.18","Kabupaten Pidie Jaya","11.18.02","Ulim","11.18.02.2015","Meunasah Kumbang"
"11","Aceh","11.18","Kabupaten Pidie Jaya","11.18.02","Ulim","11.18.02.2016","Tanjong Ulim"
"11","Aceh","11.18","Kabupaten Pidie Jaya","11.18.02","Ulim","11.18.02.2017","Mesjid Ulim Tunong"
"11","Aceh","11.18","Kabupaten Pidie Jaya","11.18.02","Ulim","11.18.02.2018","Pulo Ulim"
"11","Aceh","11.18","Kabupaten Pidie Jaya","11.18.02","Ulim","11.18.02.2019","Siblah Coh"
"11","Aceh","11.18","Kabupaten Pidie Jaya","11.18.02","Ulim","11.18.02.2020","Bidok"
"11","Aceh","11.18","Kabupaten Pidie Jaya","11.18.02","Ulim","11.18.02.2021","Pantang Cot Baloi"
"11","Aceh","11.18","Kabupaten Pidie Jaya","11.18.02","Ulim","11.18.02.2022","Meunasah Pupu"
"11","Aceh","11.18","Kabupaten Pidie Jaya","11.18.02","Ulim","11.18.02.2023","Nangrhoe Barat"
"11","Aceh","11.18","Kabupaten Pidie Jaya","11.18.02","Ulim","11.18.02.2024","Nangrhoe Timu"
"11","Aceh","11.18","Kabupaten Pidie Jaya","11.18.02","Ulim","11.18.02.2025","Meunasah Mesjid"
"11","Aceh","11.18","Kabupaten Pidie Jaya","11.18.02","Ulim","11.18.02.2026","Blang Rheue"
"11","Aceh","11.18","Kabupaten Pidie Jaya","11.18.02","Ulim","11.18.02.2027","Cot Seutui"
"11","Aceh","11.18","Kabupaten Pidie Jaya","11.18.02","Ulim","11.18.02.2028","Lhok Gajah"
"11","Aceh","11.18","Kabupaten Pidie Jaya","11.18.02","Ulim","11.18.02.2029","Alue Keumiki"
"11","Aceh","11.18","Kabupaten Pidie Jaya","11.18.02","Ulim","11.18.02.2030","Blang Cari"
"11","Aceh","11.18","Kabupaten Pidie Jaya","11.18.03","Jangka Buya","11.18.03.2001","Meuko Jurong"
"11","Aceh","11.18","Kabupaten Pidie Jaya","11.18.03","Jangka Buya","11.18.03.2002","Kuta Baroh"
"11","Aceh","11.18","Kabupaten Pidie Jaya","11.18.03","Jangka Buya","11.18.03.2003","Meuko Meugit"
"11","Aceh","11.18","Kabupaten Pidie Jaya","11.18.03","Jangka Buya","11.18.03.2004","Kiran Dayah"
"11","Aceh","11.18","Kabupaten Pidie Jaya","11.18.03","Jangka Buya","11.18.03.2005","Kiran Baroh"
"11","Aceh","11.18","Kabupaten Pidie Jaya","11.18.03","Jangka Buya","11.18.03.2006","Keurisi Meunasah Raya"
"11","Aceh","11.18","Kabupaten Pidie Jaya","11.18.03","Jangka Buya","11.18.03.2007","Keurisi Meunasah Lueng"
"11","Aceh","11.18","Kabupaten Pidie Jaya","11.18.03","Jangka Buya","11.18.03.2008","Keurisi Meunasah Beurembang"
"11","Aceh","11.18","Kabupaten Pidie Jaya","11.18.03","Jangka Buya","11.18.03.2009","Meunasah Mee"
"11","Aceh","11.18","Kabupaten Pidie Jaya","11.18.03","Jangka Buya","11.18.03.2010","Meunasah Kumbang"
"11","Aceh","11.18","Kabupaten Pidie Jaya","11.18.03","Jangka Buya","11.18.03.2011","Kiran Krueng"
"11","Aceh","11.18","Kabupaten Pidie Jaya","11.18.03","Jangka Buya","11.18.03.2012","Buket Teungoh"
"11","Aceh","11.18","Kabupaten Pidie Jaya","11.18.03","Jangka Buya","11.18.03.2013","Reului Mangat"
"11","Aceh","11.18","Kabupaten Pidie Jaya","11.18.03","Jangka Buya","11.18.03.2014","Gampong Cot"
"11","Aceh","11.18","Kabupaten Pidie Jaya","11.18.03","Jangka Buya","11.18.03.2015","Jurong Binje"
"11","Aceh","11.18","Kabupaten Pidie Jaya","11.18.03","Jangka Buya","11.18.03.2016","Jurong Teungoh"
"11","Aceh","11.18","Kabupaten Pidie Jaya","11.18.03","Jangka Buya","11.18.03.2017","Jurong Ara"
"11","Aceh","11.18","Kabupaten Pidie Jaya","11.18.03","Jangka Buya","11.18.03.2018","Keude Jangka Buya"
"11","Aceh","11.18","Kabupaten Pidie Jaya","11.18.04","Bandar Dua","11.18.04.2001","Keude Ulee Gle"
"11","Aceh","11.18","Kabupaten Pidie Jaya","11.18.04","Bandar Dua","11.18.04.2002","Ulee Gle"
"11","Aceh","11.18","Kabupaten Pidie Jaya","11.18.04","Bandar Dua","11.18.04.2003","Blang Dalam"
"11","Aceh","11.18","Kabupaten Pidie Jaya","11.18.04","Bandar Dua","11.18.04.2004","Pulo"
"11","Aceh","11.18","Kabupaten Pidie Jaya","11.18.04","Bandar Dua","11.18.04.2005","Baro"
"11","Aceh","11.18","Kabupaten Pidie Jaya","11.18.04","Bandar Dua","11.18.04.2006","Meuko Kuthang"
"11","Aceh","11.18","Kabupaten Pidie Jaya","11.18.04","Bandar Dua","11.18.04.2007","Uteun Bayu"
"11","Aceh","11.18","Kabupaten Pidie Jaya","11.18.04","Bandar Dua","11.18.04.2008","Alue Ketapang"
"11","Aceh","11.18","Kabupaten Pidie Jaya","11.18.04","Bandar Dua","11.18.04.2009","Jaulanga Barat"
"11","Aceh","11.18","Kabupaten Pidie Jaya","11.18.04","Bandar Dua","11.18.04.2010","Kumba"
"11","Aceh","11.18","Kabupaten Pidie Jaya","11.18.04","Bandar Dua","11.18.04.2011","Babah Krueng"
"11","Aceh","11.18","Kabupaten Pidie Jaya","11.18.04","Bandar Dua","11.18.04.2012","Pohroh"
"11","Aceh","11.18","Kabupaten Pidie Jaya","11.18.04","Bandar Dua","11.18.04.2013","Seunong"
"11","Aceh","11.18","Kabupaten Pidie Jaya","11.18.04","Bandar Dua","11.18.04.2014","Alue Mee"
"11","Aceh","11.18","Kabupaten Pidie Jaya","11.18.04","Bandar Dua","11.18.04.2015","Blang Kuta"
"11","Aceh","11.18","Kabupaten Pidie Jaya","11.18.04","Bandar Dua","11.18.04.2016","Drien Tujoh"
"11","Aceh","11.18","Kabupaten Pidie Jaya","11.18.04","Bandar Dua","11.18.04.2017","Alue Sane"
"11","Aceh","11.18","Kabupaten Pidie Jaya","11.18.04","Bandar Dua","11.18.04.2018","Gahru"
"11","Aceh","11.18","Kabupaten Pidie Jaya","11.18.04","Bandar Dua","11.18.04.2019","Lhok Pusong"
"11","Aceh","11.18","Kabupaten Pidie Jaya","11.18.04","Bandar Dua","11.18.04.2020","Paya Pisang Klat"
"11","Aceh","11.18","Kabupaten Pidie Jaya","11.18.04","Bandar Dua","11.18.04.2021","Cot Geurefai"
"11","Aceh","11.18","Kabupaten Pidie Jaya","11.18.04","Bandar Dua","11.18.04.2022","Muko Dayah"
"11","Aceh","11.18","Kabupaten Pidie Jaya","11.18.04","Bandar Dua","11.18.04.2023","Meuko Buloh"
"11","Aceh","11.18","Kabupaten Pidie Jaya","11.18.04","Bandar Dua","11.18.04.2024","Peulakan Tunong"
"11","Aceh","11.18","Kabupaten Pidie Jaya","11.18.04","Bandar Dua","11.18.04.2025","Adan"
"11","Aceh","11.18","Kabupaten Pidie Jaya","11.18.04","Bandar Dua","11.18.04.2026","Meugit Kayee Panyang"
"11","Aceh","11.18","Kabupaten Pidie Jaya","11.18.04","Bandar Dua","11.18.04.2027","Meugit Sagoe"
"11","Aceh","11.18","Kabupaten Pidie Jaya","11.18.04","Bandar Dua","11.18.04.2028","Meurandeh Alue"
"11","Aceh","11.18","Kabupaten Pidie Jaya","11.18.04","Bandar Dua","11.18.04.2029","Reudeup Melayu"
"11","Aceh","11.18","Kabupaten Pidie Jaya","11.18.04","Bandar Dua","11.18.04.2030","Meunasah Paku"
"11","Aceh","11.18","Kabupaten Pidie Jaya","11.18.04","Bandar Dua","11.18.04.2031","Jeulanga Mata Ie"
"11","Aceh","11.18","Kabupaten Pidie Jaya","11.18.04","Bandar Dua","11.18.04.2032","Jeulanga Mesjid"
"11","Aceh","11.18","Kabupaten Pidie Jaya","11.18.04","Bandar Dua","11.18.04.2033","Pulo Gapu"
"11","Aceh","11.18","Kabupaten Pidie Jaya","11.18.04","Bandar Dua","11.18.04.2034","Blang Miroe"
"11","Aceh","11.18","Kabupaten Pidie Jaya","11.18.04","Bandar Dua","11.18.04.2035","Beurasan"
"11","Aceh","11.18","Kabupaten Pidie Jaya","11.18.04","Bandar Dua","11.18.04.2036","Cot Keng"
"11","Aceh","11.18","Kabupaten Pidie Jaya","11.18.04","Bandar Dua","11.18.04.2037","Krueng Kiran"
"11","Aceh","11.18","Kabupaten Pidie Jaya","11.18.04","Bandar Dua","11.18.04.2038","Asan Kumbang"
"11","Aceh","11.18","Kabupaten Pidie Jaya","11.18.04","Bandar Dua","11.18.04.2039","Drien Bungong"
"11","Aceh","11.18","Kabupaten Pidie Jaya","11.18.04","Bandar Dua","11.18.04.2040","Peulakan Cibrek"
"11","Aceh","11.18","Kabupaten Pidie Jaya","11.18.04","Bandar Dua","11.18.04.2041","Paya Tunong"
"11","Aceh","11.18","Kabupaten Pidie Jaya","11.18.04","Bandar Dua","11.18.04.2042","Peulakan Tambo"
"11","Aceh","11.18","Kabupaten Pidie Jaya","11.18.04","Bandar Dua","11.18.04.2043","Paya Baroh"
"11","Aceh","11.18","Kabupaten Pidie Jaya","11.18.04","Bandar Dua","11.18.04.2044","Meuko Baroh"
"11","Aceh","11.18","Kabupaten Pidie Jaya","11.18.04","Bandar Dua","11.18.04.2045","Kuta Krueng"
"11","Aceh","11.18","Kabupaten Pidie Jaya","11.18.05","Meurah Dua","11.18.05.2001","Lhok Sandeng"
"11","Aceh","11.18","Kabupaten Pidie Jaya","11.18.05","Meurah Dua","11.18.05.2002","Sarah Mane"
"11","Aceh","11.18","Kabupaten Pidie Jaya","11.18.05","Meurah Dua","11.18.05.2003","Seunong"
"11","Aceh","11.18","Kabupaten Pidie Jaya","11.18.05","Meurah Dua","11.18.05.2004","Lancok"
"11","Aceh","11.18","Kabupaten Pidie Jaya","11.18.05","Meurah Dua","11.18.05.2005","Meunasah Kulam"
"11","Aceh","11.18","Kabupaten Pidie Jaya","11.18.05","Meurah Dua","11.18.05.2006","Meunasah Teungoh"
"11","Aceh","11.18","Kabupaten Pidie Jaya","11.18.05","Meurah Dua","11.18.05.2007","Meunasah Bie"
"11","Aceh","11.18","Kabupaten Pidie Jaya","11.18.05","Meurah Dua","11.18.05.2008","Meunasah Raya"
"11","Aceh","11.18","Kabupaten Pidie Jaya","11.18.05","Meurah Dua","11.18.05.2009","Geunteng"
"11","Aceh","11.18","Kabupaten Pidie Jaya","11.18.05","Meurah Dua","11.18.05.2010","Gampong Blang"
"11","Aceh","11.18","Kabupaten Pidie Jaya","11.18.05","Meurah Dua","11.18.05.2011","Blang Cut"
"11","Aceh","11.18","Kabupaten Pidie Jaya","11.18.05","Meurah Dua","11.18.05.2012","Dayah Kruet"
"11","Aceh","11.18","Kabupaten Pidie Jaya","11.18.05","Meurah Dua","11.18.05.2013","Meunasah Mancang"
"11","Aceh","11.18","Kabupaten Pidie Jaya","11.18.05","Meurah Dua","11.18.05.2014","Dayah Usen"
"11","Aceh","11.18","Kabupaten Pidie Jaya","11.18.05","Meurah Dua","11.18.05.2015","Lueng Bimba"
"11","Aceh","11.18","Kabupaten Pidie Jaya","11.18.05","Meurah Dua","11.18.05.2016","Beuringen"
"11","Aceh","11.18","Kabupaten Pidie Jaya","11.18.05","Meurah Dua","11.18.05.2017","Buangan"
"11","Aceh","11.18","Kabupaten Pidie Jaya","11.18.05","Meurah Dua","11.18.05.2018","Meunasah Jurong"
"11","Aceh","11.18","Kabupaten Pidie Jaya","11.18.05","Meurah Dua","11.18.05.2019","Pante Beureune"
"11","Aceh","11.18","Kabupaten Pidie Jaya","11.18.06","Bandar Baru","11.18.06.2001","Cut Nyong"
"11","Aceh","11.18","Kabupaten Pidie Jaya","11.18.06","Bandar Baru","11.18.06.2002","Meunasah Gampong"
"11","Aceh","11.18","Kabupaten Pidie Jaya","11.18.06","Bandar Baru","11.18.06.2003","Baro"
"11","Aceh","11.18","Kabupaten Pidie Jaya","11.18.06","Bandar Baru","11.18.06.2004","Pulo Rheng"
"11","Aceh","11.18","Kabupaten Pidie Jaya","11.18.06","Bandar Baru","11.18.06.2005","Dayah Nyong"
"11","Aceh","11.18","Kabupaten Pidie Jaya","11.18.06","Bandar Baru","11.18.06.2006","Daboih"
"11","Aceh","11.18","Kabupaten Pidie Jaya","11.18.06","Bandar Baru","11.18.06.2007","Beurandeh"
"11","Aceh","11.18","Kabupaten Pidie Jaya","11.18.06","Bandar Baru","11.18.06.2008","Kaye Raya"
"11","Aceh","11.18","Kabupaten Pidie Jaya","11.18.06","Bandar Baru","11.18.06.2009","Blang Glong"
"11","Aceh","11.18","Kabupaten Pidie Jaya","11.18.06","Bandar Baru","11.18.06.2010","Tutong"
"11","Aceh","11.18","Kabupaten Pidie Jaya","11.18.06","Bandar Baru","11.18.06.2011","Siren"
"11","Aceh","11.18","Kabupaten Pidie Jaya","11.18.06","Bandar Baru","11.18.06.2012","Keude Lueng Putu"
"11","Aceh","11.18","Kabupaten Pidie Jaya","11.18.06","Bandar Baru","11.18.06.2013","Peub Lueng Nibong"
"11","Aceh","11.18","Kabupaten Pidie Jaya","11.18.06","Bandar Baru","11.18.06.2014","Baroh Musa"
"11","Aceh","11.18","Kabupaten Pidie Jaya","11.18.06","Bandar Baru","11.18.06.2015","Teungoh Musa"
"11","Aceh","11.18","Kabupaten Pidie Jaya","11.18.06","Bandar Baru","11.18.06.2016","Balee"
"11","Aceh","11.18","Kabupaten Pidie Jaya","11.18.06","Bandar Baru","11.18.06.2017","Udeung"
"11","Aceh","11.18","Kabupaten Pidie Jaya","11.18.06","Bandar Baru","11.18.06.2018","Ara"
"11","Aceh","11.18","Kabupaten Pidie Jaya","11.18.06","Bandar Baru","11.18.06.2019","Baroh Lancok"
"11","Aceh","11.18","Kabupaten Pidie Jaya","11.18.06","Bandar Baru","11.18.06.2020","Manyang"
"11","Aceh","11.18","Kabupaten Pidie Jaya","11.18.06","Bandar Baru","11.18.06.2021","Mesjid"
"11","Aceh","11.18","Kabupaten Pidie Jaya","11.18.06","Bandar Baru","11.18.06.2022","Pulo Pueb"
"11","Aceh","11.18","Kabupaten Pidie Jaya","11.18.06","Bandar Baru","11.18.06.2023","Sawang"
"11","Aceh","11.18","Kabupaten Pidie Jaya","11.18.06","Bandar Baru","11.18.06.2024","Tualada"
"11","Aceh","11.18","Kabupaten Pidie Jaya","11.18.06","Bandar Baru","11.18.06.2025","Cut Langien"
"11","Aceh","11.18","Kabupaten Pidie Jaya","11.18.06","Bandar Baru","11.18.06.2026","Sagoe"
"11","Aceh","11.18","Kabupaten Pidie Jaya","11.18.06","Bandar Baru","11.18.06.2027","Dayah Langien"
"11","Aceh","11.18","Kabupaten Pidie Jaya","11.18.06","Bandar Baru","11.18.06.2028","Baroh Cot"
"11","Aceh","11.18","Kabupaten Pidie Jaya","11.18.06","Bandar Baru","11.18.06.2029","Meunasah Blang Iboih"
"11","Aceh","11.18","Kabupaten Pidie Jaya","11.18.06","Bandar Baru","11.18.06.2030","Blang Sukon"
"11","Aceh","11.18","Kabupaten Pidie Jaya","11.18.06","Bandar Baru","11.18.06.2031","Kayee Jatoe"
"11","Aceh","11.18","Kabupaten Pidie Jaya","11.18.06","Bandar Baru","11.18.06.2032","Blang Baro"
"11","Aceh","11.18","Kabupaten Pidie Jaya","11.18.06","Bandar Baru","11.18.06.2033","Lancang"
"11","Aceh","11.18","Kabupaten Pidie Jaya","11.18.06","Bandar Baru","11.18.06.2034","Paru Keude"
"11","Aceh","11.18","Kabupaten Pidie Jaya","11.18.06","Bandar Baru","11.18.06.2035","Blang Krueng"
"11","Aceh","11.18","Kabupaten Pidie Jaya","11.18.06","Bandar Baru","11.18.06.2036","Jijiem"
"11","Aceh","11.18","Kabupaten Pidie Jaya","11.18.06","Bandar Baru","11.18.06.2037","Sarah Panyang"
"11","Aceh","11.18","Kabupaten Pidie Jaya","11.18.06","Bandar Baru","11.18.06.2038","Abah Lueng"
"11","Aceh","11.18","Kabupaten Pidie Jaya","11.18.06","Bandar Baru","11.18.06.2039","Aki Neungoh"
"11","Aceh","11.18","Kabupaten Pidie Jaya","11.18.06","Bandar Baru","11.18.06.2040","Ujong Leubat"
"11","Aceh","11.18","Kabupaten Pidie Jaya","11.18.06","Bandar Baru","11.18.06.2041","Alue"
"11","Aceh","11.18","Kabupaten Pidie Jaya","11.18.06","Bandar Baru","11.18.06.2042","Tanoh Mirah"
"11","Aceh","11.18","Kabupaten Pidie Jaya","11.18.06","Bandar Baru","11.18.06.2043","Paru Cot"
"11","Aceh","11.18","Kabupaten Pidie Jaya","11.18.07","Panteraja","11.18.07.2001","Keude Panteraja"
"11","Aceh","11.18","Kabupaten Pidie Jaya","11.18.07","Panteraja","11.18.07.2002","Tu"
"11","Aceh","11.18","Kabupaten Pidie Jaya","11.18.07","Panteraja","11.18.07.2003","Hagu"
"11","Aceh","11.18","Kabupaten Pidie Jaya","11.18.07","Panteraja","11.18.07.2004","Muka Blang"
"11","Aceh","11.18","Kabupaten Pidie Jaya","11.18.07","Panteraja","11.18.07.2005","Lhok Puuk"
"11","Aceh","11.18","Kabupaten Pidie Jaya","11.18.07","Panteraja","11.18.07.2006","Mesjid"
"11","Aceh","11.18","Kabupaten Pidie Jaya","11.18.07","Panteraja","11.18.07.2007","Teungoh"
"11","Aceh","11.18","Kabupaten Pidie Jaya","11.18.07","Panteraja","11.18.07.2008","Tunong"
"11","Aceh","11.18","Kabupaten Pidie Jaya","11.18.07","Panteraja","11.18.07.2009","Peurade"
"11","Aceh","11.18","Kabupaten Pidie Jaya","11.18.07","Panteraja","11.18.07.2010","Reudeup"
"11","Aceh","11.18","Kabupaten Pidie Jaya","11.18.08","Trienggadeng","11.18.08.2001","Sagoe"
"11","Aceh","11.18","Kabupaten Pidie Jaya","11.18.08","Trienggadeng","11.18.08.2002","Mee Peuduek"
"11","Aceh","11.18","Kabupaten Pidie Jaya","11.18.08","Trienggadeng","11.18.08.2003","Mesjid Peuduek"
"11","Aceh","11.18","Kabupaten Pidie Jaya","11.18.08","Trienggadeng","11.18.08.2004","Tuha"
"11","Aceh","11.18","Kabupaten Pidie Jaya","11.18.08","Trienggadeng","11.18.08.2005","Reuseb"
"11","Aceh","11.18","Kabupaten Pidie Jaya","11.18.08","Trienggadeng","11.18.08.2006","Dee"
"11","Aceh","11.18","Kabupaten Pidie Jaya","11.18.08","Trienggadeng","11.18.08.2007","Panton Raya"
"11","Aceh","11.18","Kabupaten Pidie Jaya","11.18.08","Trienggadeng","11.18.08.2008","Deah Teumanah"
"11","Aceh","11.18","Kabupaten Pidie Jaya","11.18.08","Trienggadeng","11.18.08.2009","Tampui"
"11","Aceh","11.18","Kabupaten Pidie Jaya","11.18.08","Trienggadeng","11.18.08.2010","Keude Trienggadeng"
"11","Aceh","11.18","Kabupaten Pidie Jaya","11.18.08","Trienggadeng","11.18.08.2011","Raya"
"11","Aceh","11.18","Kabupaten Pidie Jaya","11.18.08","Trienggadeng","11.18.08.2012","Paya"
"11","Aceh","11.18","Kabupaten Pidie Jaya","11.18.08","Trienggadeng","11.18.08.2013","Meue"
"11","Aceh","11.18","Kabupaten Pidie Jaya","11.18.08","Trienggadeng","11.18.08.2014","Mesjid Trienggadeng"
"11","Aceh","11.18","Kabupaten Pidie Jaya","11.18.08","Trienggadeng","11.18.08.2015","Teungkluet"
"11","Aceh","11.18","Kabupaten Pidie Jaya","11.18.08","Trienggadeng","11.18.08.2016","Matang"
"11","Aceh","11.18","Kabupaten Pidie Jaya","11.18.08","Trienggadeng","11.18.08.2017","Deah Ujong Baroh"
"11","Aceh","11.18","Kabupaten Pidie Jaya","11.18.08","Trienggadeng","11.18.08.2018","Peulandok Teungoh"
"11","Aceh","11.18","Kabupaten Pidie Jaya","11.18.08","Trienggadeng","11.18.08.2019","Peulandok Tunong"
"11","Aceh","11.18","Kabupaten Pidie Jaya","11.18.08","Trienggadeng","11.18.08.2020","Deah Pangwa"
"11","Aceh","11.18","Kabupaten Pidie Jaya","11.18.08","Trienggadeng","11.18.08.2021","Meucat"
"11","Aceh","11.18","Kabupaten Pidie Jaya","11.18.08","Trienggadeng","11.18.08.2022","Cot Makaso"
"11","Aceh","11.18","Kabupaten Pidie Jaya","11.18.08","Trienggadeng","11.18.08.2023","Buloh"
"11","Aceh","11.18","Kabupaten Pidie Jaya","11.18.08","Trienggadeng","11.18.08.2024","Mee Pangwa"
"11","Aceh","11.18","Kabupaten Pidie Jaya","11.18.08","Trienggadeng","11.18.08.2025","Kuta Pangwa"
"11","Aceh","11.18","Kabupaten Pidie Jaya","11.18.08","Trienggadeng","11.18.08.2026","Cot Lheue Rheng"
"11","Aceh","11.18","Kabupaten Pidie Jaya","11.18.08","Trienggadeng","11.18.08.2027","Rawasari"
"11","Aceh","11.71","Kota Banda Aceh","11.71.01","Baiturrahman","11.71.01.2001","Kampung Baru"
"11","Aceh","11.71","Kota Banda Aceh","11.71.01","Baiturrahman","11.71.01.2002","Neusu Jaya"
"11","Aceh","11.71","Kota Banda Aceh","11.71.01","Baiturrahman","11.71.01.2003","Sukaramai"
"11","Aceh","11.71","Kota Banda Aceh","11.71.01","Baiturrahman","11.71.01.2004","Seutui"
"11","Aceh","11.71","Kota Banda Aceh","11.71.01","Baiturrahman","11.71.01.2005","Peuniti"
"11","Aceh","11.71","Kota Banda Aceh","11.71.01","Baiturrahman","11.71.01.2006","Neusu Aceh"
"11","Aceh","11.71","Kota Banda Aceh","11.71.01","Baiturrahman","11.71.01.2007","Ateuk Pahlawan"
"11","Aceh","11.71","Kota Banda Aceh","11.71.01","Baiturrahman","11.71.01.2008","Ateuk Jawo"
"11","Aceh","11.71","Kota Banda Aceh","11.71.01","Baiturrahman","11.71.01.2009","Ateuk Deah Tanoh"
"11","Aceh","11.71","Kota Banda Aceh","11.71.01","Baiturrahman","11.71.01.2010","Ateuk Munjeng"
"11","Aceh","11.71","Kota Banda Aceh","11.71.02","Kuta Alam","11.71.02.2001","Mulia"
"11","Aceh","11.71","Kota Banda Aceh","11.71.02","Kuta Alam","11.71.02.2002","Peunayong"
"11","Aceh","11.71","Kota Banda Aceh","11.71.02","Kuta Alam","11.71.02.2003","Laksana"
"11","Aceh","11.71","Kota Banda Aceh","11.71.02","Kuta Alam","11.71.02.2004","Keuramat"
"11","Aceh","11.71","Kota Banda Aceh","11.71.02","Kuta Alam","11.71.02.2005","Kota Baru"
"11","Aceh","11.71","Kota Banda Aceh","11.71.02","Kuta Alam","11.71.02.2006","Beurawe"
"11","Aceh","11.71","Kota Banda Aceh","11.71.02","Kuta Alam","11.71.02.2007","Kuta Alam"
"11","Aceh","11.71","Kota Banda Aceh","11.71.02","Kuta Alam","11.71.02.2008","Bandar Baru"
"11","Aceh","11.71","Kota Banda Aceh","11.71.02","Kuta Alam","11.71.02.2009","Lamdingin"
"11","Aceh","11.71","Kota Banda Aceh","11.71.02","Kuta Alam","11.71.02.2010","Lampulo"
"11","Aceh","11.71","Kota Banda Aceh","11.71.02","Kuta Alam","11.71.02.2011","Lambaro Skep"
"11","Aceh","11.71","Kota Banda Aceh","11.71.03","Meuraxa","11.71.03.2001","Punge Jurong"
"11","Aceh","11.71","Kota Banda Aceh","11.71.03","Meuraxa","11.71.03.2002","Ulee Lheue"
"11","Aceh","11.71","Kota Banda Aceh","11.71.03","Meuraxa","11.71.03.2003","Lambung"
"11","Aceh","11.71","Kota Banda Aceh","11.71.03","Meuraxa","11.71.03.2004","Deah Glumpang"
"11","Aceh","11.71","Kota Banda Aceh","11.71.03","Meuraxa","11.71.03.2005","Deah Baro"
"11","Aceh","11.71","Kota Banda Aceh","11.71.03","Meuraxa","11.71.03.2006","Alue Deah Teungoh"
"11","Aceh","11.71","Kota Banda Aceh","11.71.03","Meuraxa","11.71.03.2007","Lampaseh Aceh"
"11","Aceh","11.71","Kota Banda Aceh","11.71.03","Meuraxa","11.71.03.2008","Blang Oi"
"11","Aceh","11.71","Kota Banda Aceh","11.71.03","Meuraxa","11.71.03.2009","Asoe Nanggroe"
"11","Aceh","11.71","Kota Banda Aceh","11.71.03","Meuraxa","11.71.03.2010","Gampong Blang"
"11","Aceh","11.71","Kota Banda Aceh","11.71.03","Meuraxa","11.71.03.2011","Gampong Pie"
"11","Aceh","11.71","Kota Banda Aceh","11.71.03","Meuraxa","11.71.03.2012","Lamjabat"
"11","Aceh","11.71","Kota Banda Aceh","11.71.03","Meuraxa","11.71.03.2013","Cot Lamkuweuh"
"11","Aceh","11.71","Kota Banda Aceh","11.71.03","Meuraxa","11.71.03.2014","Surien"
"11","Aceh","11.71","Kota Banda Aceh","11.71.03","Meuraxa","11.71.03.2015","Gampong Baro"
"11","Aceh","11.71","Kota Banda Aceh","11.71.03","Meuraxa","11.71.03.2016","Punge Ujong"
"11","Aceh","11.71","Kota Banda Aceh","11.71.04","Syiah Kuala","11.71.04.2001","Jeulingke"
"11","Aceh","11.71","Kota Banda Aceh","11.71.04","Syiah Kuala","11.71.04.2002","Tibang"
"11","Aceh","11.71","Kota Banda Aceh","11.71.04","Syiah Kuala","11.71.04.2003","Deah Raya"
"11","Aceh","11.71","Kota Banda Aceh","11.71.04","Syiah Kuala","11.71.04.2004","Alue Naga"
"11","Aceh","11.71","Kota Banda Aceh","11.71.04","Syiah Kuala","11.71.04.2005","Ie Masen Kayee Adang"
"11","Aceh","11.71","Kota Banda Aceh","11.71.04","Syiah Kuala","11.71.04.2006","Pineung"
"11","Aceh","11.71","Kota Banda Aceh","11.71.04","Syiah Kuala","11.71.04.2007","Lamgugob"
"11","Aceh","11.71","Kota Banda Aceh","11.71.04","Syiah Kuala","11.71.04.2008","Kopelma Darussalam"
"11","Aceh","11.71","Kota Banda Aceh","11.71.04","Syiah Kuala","11.71.04.2009","Rukoh"
"11","Aceh","11.71","Kota Banda Aceh","11.71.04","Syiah Kuala","11.71.04.2010","Peurada"
"11","Aceh","11.71","Kota Banda Aceh","11.71.05","Lueng Bata","11.71.05.2001","Lueng Bata"
"11","Aceh","11.71","Kota Banda Aceh","11.71.05","Lueng Bata","11.71.05.2002","Cot Mesjid"
"11","Aceh","11.71","Kota Banda Aceh","11.71.05","Lueng Bata","11.71.05.2003","Panteriek"
"11","Aceh","11.71","Kota Banda Aceh","11.71.05","Lueng Bata","11.71.05.2004","Blang Cut"
"11","Aceh","11.71","Kota Banda Aceh","11.71.05","Lueng Bata","11.71.05.2005","Lamseupeung"
"11","Aceh","11.71","Kota Banda Aceh","11.71.05","Lueng Bata","11.71.05.2006","Batoh"
"11","Aceh","11.71","Kota Banda Aceh","11.71.05","Lueng Bata","11.71.05.2007","Suka Damai"
"11","Aceh","11.71","Kota Banda Aceh","11.71.05","Lueng Bata","11.71.05.2008","Lamdom"
"11","Aceh","11.71","Kota Banda Aceh","11.71.05","Lueng Bata","11.71.05.2009","Lampaloh"
"11","Aceh","11.71","Kota Banda Aceh","11.71.06","Kuta Raja","11.71.06.2001","Keudah"
"11","Aceh","11.71","Kota Banda Aceh","11.71.06","Kuta Raja","11.71.06.2002","Peulanggahan"
"11","Aceh","11.71","Kota Banda Aceh","11.71.06","Kuta Raja","11.71.06.2003","Merduati"
"11","Aceh","11.71","Kota Banda Aceh","11.71.06","Kuta Raja","11.71.06.2004","Lampaseh Kota"
"11","Aceh","11.71","Kota Banda Aceh","11.71.06","Kuta Raja","11.71.06.2005","Gampong Pande"
"11","Aceh","11.71","Kota Banda Aceh","11.71.06","Kuta Raja","11.71.06.2006","Gampong Jawa"
"11","Aceh","11.71","Kota Banda Aceh","11.71.07","Banda Raya","11.71.07.2001","Geuceu Komplek"
"11","Aceh","11.71","Kota Banda Aceh","11.71.07","Banda Raya","11.71.07.2002","Lamlagang"
"11","Aceh","11.71","Kota Banda Aceh","11.71.07","Banda Raya","11.71.07.2003","Geuceu Iniem"
"11","Aceh","11.71","Kota Banda Aceh","11.71.07","Banda Raya","11.71.07.2004","Geuceu Kayee Jato"
"11","Aceh","11.71","Kota Banda Aceh","11.71.07","Banda Raya","11.71.07.2005","Lam Ara"
"11","Aceh","11.71","Kota Banda Aceh","11.71.07","Banda Raya","11.71.07.2006","Lhong Raya"
"11","Aceh","11.71","Kota Banda Aceh","11.71.07","Banda Raya","11.71.07.2007","Mibo"
"11","Aceh","11.71","Kota Banda Aceh","11.71.07","Banda Raya","11.71.07.2008","Peunyerat"
"11","Aceh","11.71","Kota Banda Aceh","11.71.07","Banda Raya","11.71.07.2009","Lhong Cut"
"11","Aceh","11.71","Kota Banda Aceh","11.71.07","Banda Raya","11.71.07.2010","Lampeuot"
"11","Aceh","11.71","Kota Banda Aceh","11.71.08","Jaya Baru","11.71.08.2001","Punge Blang Cut"
"11","Aceh","11.71","Kota Banda Aceh","11.71.08","Jaya Baru","11.71.08.2002","Bitai"
"11","Aceh","11.71","Kota Banda Aceh","11.71.08","Jaya Baru","11.71.08.2003","Lamjamee"
"11","Aceh","11.71","Kota Banda Aceh","11.71.08","Jaya Baru","11.71.08.2004","Ulee Pata"
"11","Aceh","11.71","Kota Banda Aceh","11.71.08","Jaya Baru","11.71.08.2005","Lampoh Daya"
"11","Aceh","11.71","Kota Banda Aceh","11.71.08","Jaya Baru","11.71.08.2006","Emperom"
"11","Aceh","11.71","Kota Banda Aceh","11.71.08","Jaya Baru","11.71.08.2007","Geuceu Meunara"
"11","Aceh","11.71","Kota Banda Aceh","11.71.08","Jaya Baru","11.71.08.2008","Lamteumen Timur"
"11","Aceh","11.71","Kota Banda Aceh","11.71.08","Jaya Baru","11.71.08.2009","Lamteumen Barat"
"11","Aceh","11.71","Kota Banda Aceh","11.71.09","Ulee Kareng","11.71.09.2001","Lambhuk"
"11","Aceh","11.71","Kota Banda Aceh","11.71.09","Ulee Kareng","11.71.09.2002","Lamteh"
"11","Aceh","11.71","Kota Banda Aceh","11.71.09","Ulee Kareng","11.71.09.2003","Ilie"
"11","Aceh","11.71","Kota Banda Aceh","11.71.09","Ulee Kareng","11.71.09.2004","Pango Raya"
"11","Aceh","11.71","Kota Banda Aceh","11.71.09","Ulee Kareng","11.71.09.2005","Pango Deah"
"11","Aceh","11.71","Kota Banda Aceh","11.71.09","Ulee Kareng","11.71.09.2006","Ceurih"
"11","Aceh","11.71","Kota Banda Aceh","11.71.09","Ulee Kareng","11.71.09.2007","Doy"
"11","Aceh","11.71","Kota Banda Aceh","11.71.09","Ulee Kareng","11.71.09.2008","Lamglumpang"
"11","Aceh","11.71","Kota Banda Aceh","11.71.09","Ulee Kareng","11.71.09.2009","Ie Masen Ulee Kareng"
"11","Aceh","11.72","Kota Sabang","11.72.01","Sukakarya","11.72.01.2004","Krueng Raya"
"11","Aceh","11.72","Kota Sabang","11.72.01","Sukakarya","11.72.01.2005","Aneuk Laot"
"11","Aceh","11.72","Kota Sabang","11.72.01","Sukakarya","11.72.01.2006","Kuta Timu"
"11","Aceh","11.72","Kota Sabang","11.72.01","Sukakarya","11.72.01.2007","Kuta Barat"
"11","Aceh","11.72","Kota Sabang","11.72.01","Sukakarya","11.72.01.2008","Kuta Ateuh"
"11","Aceh","11.72","Kota Sabang","11.72.02","Sukajaya","11.72.02.2004","Jaboi"
"11","Aceh","11.72","Kota Sabang","11.72.02","Sukajaya","11.72.02.2005","Balohan"
"11","Aceh","11.72","Kota Sabang","11.72.02","Sukajaya","11.72.02.2006","Cot Abeuk"
"11","Aceh","11.72","Kota Sabang","11.72.02","Sukajaya","11.72.02.2007","Cot Ba U"
"11","Aceh","11.72","Kota Sabang","11.72.02","Sukajaya","11.72.02.2008","Ie Meulee"
"11","Aceh","11.72","Kota Sabang","11.72.02","Sukajaya","11.72.02.2009","Ujoeng Kareung"
"11","Aceh","11.72","Kota Sabang","11.72.02","Sukajaya","11.72.02.2010","Anoe Itam"
"11","Aceh","11.72","Kota Sabang","11.72.03","Sukamakmue","11.72.03.2001","Iboih"
"11","Aceh","11.72","Kota Sabang","11.72.03","Sukamakmue","11.72.03.2002","Batee Shok"
"11","Aceh","11.72","Kota Sabang","11.72.03","Sukamakmue","11.72.03.2003","Paya Seunara"
"11","Aceh","11.72","Kota Sabang","11.72.03","Sukamakmue","11.72.03.2004","Paya"
"11","Aceh","11.72","Kota Sabang","11.72.03","Sukamakmue","11.72.03.2005","Keunekai"
"11","Aceh","11.72","Kota Sabang","11.72.03","Sukamakmue","11.72.03.2006","Beurawang"
"11","Aceh","11.73","Kota Lhokseumawe","11.73.01","Muara Dua","11.73.01.2002","Alue Awe"
"11","Aceh","11.73","Kota Lhokseumawe","11.73.01","Muara Dua","11.73.01.2003","Blang Crum"
"11","Aceh","11.73","Kota Lhokseumawe","11.73.01","Muara Dua","11.73.01.2004","Cut Mamplam"
"11","Aceh","11.73","Kota Lhokseumawe","11.73.01","Muara Dua","11.73.01.2005","Meunasah Mee"
"11","Aceh","11.73","Kota Lhokseumawe","11.73.01","Muara Dua","11.73.01.2006","Cot Girek Kandang"
"11","Aceh","11.73","Kota Lhokseumawe","11.73.01","Muara Dua","11.73.01.2007","Keude Cunda"
"11","Aceh","11.73","Kota Lhokseumawe","11.73.01","Muara Dua","11.73.01.2008","Uteunkot"
"11","Aceh","11.73","Kota Lhokseumawe","11.73.01","Muara Dua","11.73.01.2009","Lhok Mon Puteh"
"11","Aceh","11.73","Kota Lhokseumawe","11.73.01","Muara Dua","11.73.01.2010","Meunasah Mesjid"
"11","Aceh","11.73","Kota Lhokseumawe","11.73.01","Muara Dua","11.73.01.2011","Mns. Panggoi"
"11","Aceh","11.73","Kota Lhokseumawe","11.73.01","Muara Dua","11.73.01.2013","Paya Bili"
"11","Aceh","11.73","Kota Lhokseumawe","11.73.01","Muara Dua","11.73.01.2014","Meunasah Alue"
"11","Aceh","11.73","Kota Lhokseumawe","11.73.01","Muara Dua","11.73.01.2015","Paya Punteuet"
"11","Aceh","11.73","Kota Lhokseumawe","11.73.01","Muara Dua","11.73.01.2016","Blang Poroh"
"11","Aceh","11.73","Kota Lhokseumawe","11.73.01","Muara Dua","11.73.01.2024","Meunasah Manyang"
"11","Aceh","11.73","Kota Lhokseumawe","11.73.01","Muara Dua","11.73.01.2025","Meunasah Blang"
"11","Aceh","11.73","Kota Lhokseumawe","11.73.01","Muara Dua","11.73.01.2026","Paloh Batee"
"11","Aceh","11.73","Kota Lhokseumawe","11.73.02","Banda Sakti","11.73.02.2001","Kuta Blang"
"11","Aceh","11.73","Kota Lhokseumawe","11.73.02","Banda Sakti","11.73.02.2002","Tumpok Teungoh"
"11","Aceh","11.73","Kota Lhokseumawe","11.73.02","Banda Sakti","11.73.02.2003","Simpang Empat"
"11","Aceh","11.73","Kota Lhokseumawe","11.73.02","Banda Sakti","11.73.02.2004","Kampung Jawa Lhokseumawe"
"11","Aceh","11.73","Kota Lhokseumawe","11.73.02","Banda Sakti","11.73.02.2005","Kota Lhokseumawe"
"11","Aceh","11.73","Kota Lhokseumawe","11.73.02","Banda Sakti","11.73.02.2006","Mon Geudong"
"11","Aceh","11.73","Kota Lhokseumawe","11.73.02","Banda Sakti","11.73.02.2007","Keude Aceh"
"11","Aceh","11.73","Kota Lhokseumawe","11.73.02","Banda Sakti","11.73.02.2008","Pusong Lhokseumawe"
"11","Aceh","11.73","Kota Lhokseumawe","11.73.02","Banda Sakti","11.73.02.2009","Hagu Teungoh"
"11","Aceh","11.73","Kota Lhokseumawe","11.73.02","Banda Sakti","11.73.02.2010","Uteun Bayi"
"11","Aceh","11.73","Kota Lhokseumawe","11.73.02","Banda Sakti","11.73.02.2011","Ujong Blang"
"11","Aceh","11.73","Kota Lhokseumawe","11.73.02","Banda Sakti","11.73.02.2012","Hagu Selatan"
"11","Aceh","11.73","Kota Lhokseumawe","11.73.02","Banda Sakti","11.73.02.2013","Pusong Baru"
"11","Aceh","11.73","Kota Lhokseumawe","11.73.02","Banda Sakti","11.73.02.2014","Ulee Jalan"
"11","Aceh","11.73","Kota Lhokseumawe","11.73.02","Banda Sakti","11.73.02.2015","Banda Masen"
"11","Aceh","11.73","Kota Lhokseumawe","11.73.02","Banda Sakti","11.73.02.2016","Lancang Garam"
"11","Aceh","11.73","Kota Lhokseumawe","11.73.02","Banda Sakti","11.73.02.2017","Jawa Baroe"
"11","Aceh","11.73","Kota Lhokseumawe","11.73.02","Banda Sakti","11.73.02.2018","Hagu Barat Laut"
"11","Aceh","11.73","Kota Lhokseumawe","11.73.03","Blang Mangat","11.73.03.2001","Kuala"
"11","Aceh","11.73","Kota Lhokseumawe","11.73.03","Blang Mangat","11.73.03.2002","Blang Cut"
"11","Aceh","11.73","Kota Lhokseumawe","11.73.03","Blang Mangat","11.73.03.2003","Jambo Mesjid"
"11","Aceh","11.73","Kota Lhokseumawe","11.73.03","Blang Mangat","11.73.03.2004","Jambo Timu"
"11","Aceh","11.73","Kota Lhokseumawe","11.73.03","Blang Mangat","11.73.03.2005","Tunong"
"11","Aceh","11.73","Kota Lhokseumawe","11.73.03","Blang Mangat","11.73.03.2006","Blang Teue"
"11","Aceh","11.73","Kota Lhokseumawe","11.73.03","Blang Mangat","11.73.03.2007","Teungoh"
"11","Aceh","11.73","Kota Lhokseumawe","11.73.03","Blang Mangat","11.73.03.2008","Baloi"
"11","Aceh","11.73","Kota Lhokseumawe","11.73.03","Blang Mangat","11.73.03.2009","Mane Kareung"
"11","Aceh","11.73","Kota Lhokseumawe","11.73.03","Blang Mangat","11.73.03.2010","Asan Kareung"
"11","Aceh","11.73","Kota Lhokseumawe","11.73.03","Blang Mangat","11.73.03.2011","Rayeuk Kareung"
"11","Aceh","11.73","Kota Lhokseumawe","11.73.03","Blang Mangat","11.73.03.2012","Blang Punteuet"
"11","Aceh","11.73","Kota Lhokseumawe","11.73.03","Blang Mangat","11.73.03.2013","Kumbang Punteuet"
"11","Aceh","11.73","Kota Lhokseumawe","11.73.03","Blang Mangat","11.73.03.2014","Mesjid Punteuet"
"11","Aceh","11.73","Kota Lhokseumawe","11.73.03","Blang Mangat","11.73.03.2015","Ulee Blang Mane"
"11","Aceh","11.73","Kota Lhokseumawe","11.73.03","Blang Mangat","11.73.03.2016","Keude Punteuet"
"11","Aceh","11.73","Kota Lhokseumawe","11.73.03","Blang Mangat","11.73.03.2017","Alue Lim"
"11","Aceh","11.73","Kota Lhokseumawe","11.73.03","Blang Mangat","11.73.03.2018","Blang Buloh"
"11","Aceh","11.73","Kota Lhokseumawe","11.73.03","Blang Mangat","11.73.03.2019","Blang Weu Panjoe"
"11","Aceh","11.73","Kota Lhokseumawe","11.73.03","Blang Mangat","11.73.03.2020","Jeulikat"
"11","Aceh","11.73","Kota Lhokseumawe","11.73.03","Blang Mangat","11.73.03.2021","Blang Weu Baroh"
"11","Aceh","11.73","Kota Lhokseumawe","11.73.03","Blang Mangat","11.73.03.2022","Seuneubok"
"11","Aceh","11.73","Kota Lhokseumawe","11.73.04","Muara Satu","11.73.04.2001","Batuphat Barat"
"11","Aceh","11.73","Kota Lhokseumawe","11.73.04","Muara Satu","11.73.04.2002","Blang Panyang"
"11","Aceh","11.73","Kota Lhokseumawe","11.73.04","Muara Satu","11.73.04.2003","Meunasah Dayah"
"11","Aceh","11.73","Kota Lhokseumawe","11.73.04","Muara Satu","11.73.04.2004","Paloh Punti"
"11","Aceh","11.73","Kota Lhokseumawe","11.73.04","Muara Satu","11.73.04.2005","Blang Pulo"
"11","Aceh","11.73","Kota Lhokseumawe","11.73.04","Muara Satu","11.73.04.2006","Batuphat Timur"
"11","Aceh","11.73","Kota Lhokseumawe","11.73.04","Muara Satu","11.73.04.2007","Blang Naleung Mameh"
"11","Aceh","11.73","Kota Lhokseumawe","11.73.04","Muara Satu","11.73.04.2008","Cot Trieng"
"11","Aceh","11.73","Kota Lhokseumawe","11.73.04","Muara Satu","11.73.04.2009","Padang Sakti"
"11","Aceh","11.73","Kota Lhokseumawe","11.73.04","Muara Satu","11.73.04.2010","Meuria Paloh"
"11","Aceh","11.73","Kota Lhokseumawe","11.73.04","Muara Satu","11.73.04.2011","Ujong Pacu"
"11","Aceh","11.74","Kota Langsa","11.74.01","Langsa Timur","11.74.01.2007","Buket Medang Ara"
"11","Aceh","11.74","Kota Langsa","11.74.01","Langsa Timur","11.74.01.2009","Matang Seutui"
"11","Aceh","11.74","Kota Langsa","11.74.01","Langsa Timur","11.74.01.2010","Buket Pulo"
"11","Aceh","11.74","Kota Langsa","11.74.01","Langsa Timur","11.74.01.2011","Matang Panyang"
"11","Aceh","11.74","Kota Langsa","11.74.01","Langsa Timur","11.74.01.2012","Simpang Wie"
"11","Aceh","11.74","Kota Langsa","11.74.01","Langsa Timur","11.74.01.2013","Buket Rata"
"11","Aceh","11.74","Kota Langsa","11.74.01","Langsa Timur","11.74.01.2014","Buket Meutuah"
"11","Aceh","11.74","Kota Langsa","11.74.01","Langsa Timur","11.74.01.2015","Alue Merbau"
"11","Aceh","11.74","Kota Langsa","11.74.01","Langsa Timur","11.74.01.2016","Matang Cengai"
"11","Aceh","11.74","Kota Langsa","11.74.01","Langsa Timur","11.74.01.2017","Seunubok Antara"
"11","Aceh","11.74","Kota Langsa","11.74.01","Langsa Timur","11.74.01.2018","Alue Pineung"
"11","Aceh","11.74","Kota Langsa","11.74.01","Langsa Timur","11.74.01.2019","Sukarejo"
"11","Aceh","11.74","Kota Langsa","11.74.01","Langsa Timur","11.74.01.2020","Cinta Raja"
"11","Aceh","11.74","Kota Langsa","11.74.01","Langsa Timur","11.74.01.2021","Sungai Lueng"
"11","Aceh","11.74","Kota Langsa","11.74.01","Langsa Timur","11.74.01.2025","Alue Pineung Timue"
"11","Aceh","11.74","Kota Langsa","11.74.01","Langsa Timur","11.74.01.2026","Kapa"
"11","Aceh","11.74","Kota Langsa","11.74.02","Langsa Barat","11.74.02.2005","Lhok Banie"
"11","Aceh","11.74","Kota Langsa","11.74.02","Langsa Barat","11.74.02.2006","PB. Teungoh"
"11","Aceh","11.74","Kota Langsa","11.74.02","Langsa Barat","11.74.02.2007","PB. Beuramo"
"11","Aceh","11.74","Kota Langsa","11.74.02","Langsa Barat","11.74.02.2008","Simpang Lhee"
"11","Aceh","11.74","Kota Langsa","11.74.02","Langsa Barat","11.74.02.2009","Seuriget"
"11","Aceh","11.74","Kota Langsa","11.74.02","Langsa Barat","11.74.02.2015","Matang Seulimeng"
"11","Aceh","11.74","Kota Langsa","11.74.02","Langsa Barat","11.74.02.2016","Sungai Pauh"
"11","Aceh","11.74","Kota Langsa","11.74.02","Langsa Barat","11.74.02.2017","Kuala Langsa"
"11","Aceh","11.74","Kota Langsa","11.74.02","Langsa Barat","11.74.02.2018","Teulaga Tujuh"
"11","Aceh","11.74","Kota Langsa","11.74.02","Langsa Barat","11.74.02.2019","Serambi Indah"
"11","Aceh","11.74","Kota Langsa","11.74.02","Langsa Barat","11.74.02.2020","Sungai Pauh Pusaka"
"11","Aceh","11.74","Kota Langsa","11.74.02","Langsa Barat","11.74.02.2021","Sungai Pauh Tanjong"
"11","Aceh","11.74","Kota Langsa","11.74.02","Langsa Barat","11.74.02.2022","Sungai Pauh Firdaus"
"11","Aceh","11.74","Kota Langsa","11.74.03","Langsa Kota","11.74.03.2001","Teungoh"
"11","Aceh","11.74","Kota Langsa","11.74.03","Langsa Kota","11.74.03.2002","Peukan Langsa"
"11","Aceh","11.74","Kota Langsa","11.74.03","Langsa Kota","11.74.03.2004","Jawa"
"11","Aceh","11.74","Kota Langsa","11.74.03","Langsa Kota","11.74.03.2005","Paya Bujok Blang Pase"
"11","Aceh","11.74","Kota Langsa","11.74.03","Langsa Kota","11.74.03.2006","Blang"
"11","Aceh","11.74","Kota Langsa","11.74.03","Langsa Kota","11.74.03.2007","Alue Beurawe"
"11","Aceh","11.74","Kota Langsa","11.74.03","Langsa Kota","11.74.03.2009","Daulat"
"11","Aceh","11.74","Kota Langsa","11.74.03","Langsa Kota","11.74.03.2010","Meutia"
"11","Aceh","11.74","Kota Langsa","11.74.03","Langsa Kota","11.74.03.2011","Blang Seunibong"
"11","Aceh","11.74","Kota Langsa","11.74.03","Langsa Kota","11.74.03.2013","Tualang Teungoh"
"11","Aceh","11.74","Kota Langsa","11.74.04","Langsa Lama","11.74.04.2001","Pondok Kemuning"
"11","Aceh","11.74","Kota Langsa","11.74.04","Langsa Lama","11.74.04.2002","Seulalah"
"11","Aceh","11.74","Kota Langsa","11.74.04","Langsa Lama","11.74.04.2003","Pondok Pabrik"
"11","Aceh","11.74","Kota Langsa","11.74.04","Langsa Lama","11.74.04.2004","Sidodadi"
"11","Aceh","11.74","Kota Langsa","11.74.04","Langsa Lama","11.74.04.2005","Sidorejo"
"11","Aceh","11.74","Kota Langsa","11.74.04","Langsa Lama","11.74.04.2006","Baro"
"11","Aceh","11.74","Kota Langsa","11.74.04","Langsa Lama","11.74.04.2007","Meurandeh"
"11","Aceh","11.74","Kota Langsa","11.74.04","Langsa Lama","11.74.04.2008","Asam Peutik"
"11","Aceh","11.74","Kota Langsa","11.74.04","Langsa Lama","11.74.04.2009","Baroh Langsa Lama"
"11","Aceh","11.74","Kota Langsa","11.74.04","Langsa Lama","11.74.04.2010","Seulalah Baru"
"11","Aceh","11.74","Kota Langsa","11.74.04","Langsa Lama","11.74.04.2011","Sukajadi Kebun Ireng"
"11","Aceh","11.74","Kota Langsa","11.74.04","Langsa Lama","11.74.04.2012","Meurandeh Tengah"
"11","Aceh","11.74","Kota Langsa","11.74.04","Langsa Lama","11.74.04.2013","Meurandeh Dayah"
"11","Aceh","11.74","Kota Langsa","11.74.04","Langsa Lama","11.74.04.2014","Meurandeh Aceh"
"11","Aceh","11.74","Kota Langsa","11.74.04","Langsa Lama","11.74.04.2015","Batee Puteh"
"11","Aceh","11.74","Kota Langsa","11.74.05","Langsa Baro","11.74.05.2001","Timbang Langsa"
"11","Aceh","11.74","Kota Langsa","11.74.05","Langsa Baro","11.74.05.2002","Alue Dua"
"11","Aceh","11.74","Kota Langsa","11.74.05","Langsa Baro","11.74.05.2003","Birem Puntong"
"11","Aceh","11.74","Kota Langsa","11.74.05","Langsa Baro","11.74.05.2004","Paya Bujok Seuleumak"
"11","Aceh","11.74","Kota Langsa","11.74.05","Langsa Baro","11.74.05.2005","Pondok Kelapa"
"11","Aceh","11.74","Kota Langsa","11.74.05","Langsa Baro","11.74.05.2006","Karang Anyar"
"11","Aceh","11.74","Kota Langsa","11.74.05","Langsa Baro","11.74.05.2007","Paya Bujok Tunong"
"11","Aceh","11.74","Kota Langsa","11.74.05","Langsa Baro","11.74.05.2008","Geudubang Jawa"
"11","Aceh","11.74","Kota Langsa","11.74.05","Langsa Baro","11.74.05.2009","Geudubang Aceh"
"11","Aceh","11.74","Kota Langsa","11.74.05","Langsa Baro","11.74.05.2010","Alue Dua Bakaran Batee"
"11","Aceh","11.74","Kota Langsa","11.74.05","Langsa Baro","11.74.05.2011","Lengkong"
"11","Aceh","11.74","Kota Langsa","11.74.05","Langsa Baro","11.74.05.2012","Sukajadi Makmur"
"11","Aceh","11.75","Kota Subulussalam","11.75.01","Simpang Kiri","11.75.01.2001","Subulussalam"
"11","Aceh","11.75","Kota Subulussalam","11.75.01","Simpang Kiri","11.75.01.2002","Pegayo"
"11","Aceh","11.75","Kota Subulussalam","11.75.01","Simpang Kiri","11.75.01.2003","Sikalondang"
"11","Aceh","11.75","Kota Subulussalam","11.75.01","Simpang Kiri","11.75.01.2004","Buluh Dori"
"11","Aceh","11.75","Kota Subulussalam","11.75.01","Simpang Kiri","11.75.01.2005","Subulussalam Utara"
"11","Aceh","11.75","Kota Subulussalam","11.75.01","Simpang Kiri","11.75.01.2006","Subulussalam Selatan"
"11","Aceh","11.75","Kota Subulussalam","11.75.01","Simpang Kiri","11.75.01.2007","Subulussalam Barat"
"11","Aceh","11.75","Kota Subulussalam","11.75.01","Simpang Kiri","11.75.01.2008","Suka Makmur"
"11","Aceh","11.75","Kota Subulussalam","11.75.01","Simpang Kiri","11.75.01.2009","Tangga Besi"
"11","Aceh","11.75","Kota Subulussalam","11.75.01","Simpang Kiri","11.75.01.2010","Kuta Cepu"
"11","Aceh","11.75","Kota Subulussalam","11.75.01","Simpang Kiri","11.75.01.2011","Pasar Panjang"
"11","Aceh","11.75","Kota Subulussalam","11.75.01","Simpang Kiri","11.75.01.2012","Mukti Makmur"
"11","Aceh","11.75","Kota Subulussalam","11.75.01","Simpang Kiri","11.75.01.2013","Lae Oram"
"11","Aceh","11.75","Kota Subulussalam","11.75.01","Simpang Kiri","11.75.01.2014","Makmur Jaya"
"11","Aceh","11.75","Kota Subulussalam","11.75.01","Simpang Kiri","11.75.01.2015","Belegen Mulia"
"11","Aceh","11.75","Kota Subulussalam","11.75.01","Simpang Kiri","11.75.01.2016","Danau Tras"
"11","Aceh","11.75","Kota Subulussalam","11.75.01","Simpang Kiri","11.75.01.2017","Subulussalam Timur"
"11","Aceh","11.75","Kota Subulussalam","11.75.02","Penanggalan","11.75.02.2001","Penanggalan"
"11","Aceh","11.75","Kota Subulussalam","11.75.02","Penanggalan","11.75.02.2002","Cepu"
"11","Aceh","11.75","Kota Subulussalam","11.75.02","Penanggalan","11.75.02.2003","Kuta Tengah"
"11","Aceh","11.75","Kota Subulussalam","11.75.02","Penanggalan","11.75.02.2004","Kampung Baru"
"11","Aceh","11.75","Kota Subulussalam","11.75.02","Penanggalan","11.75.02.2005","Sikelang"
"11","Aceh","11.75","Kota Subulussalam","11.75.02","Penanggalan","11.75.02.2006","Penuntungan"
"11","Aceh","11.75","Kota Subulussalam","11.75.02","Penanggalan","11.75.02.2007","Jontor"
"11","Aceh","11.75","Kota Subulussalam","11.75.02","Penanggalan","11.75.02.2008","Lae Motong"
"11","Aceh","11.75","Kota Subulussalam","11.75.02","Penanggalan","11.75.02.2009","Lae Ikan"
"11","Aceh","11.75","Kota Subulussalam","11.75.02","Penanggalan","11.75.02.2010","Lae Bersih"
"11","Aceh","11.75","Kota Subulussalam","11.75.02","Penanggalan","11.75.02.2011","Dasan Raja"
"11","Aceh","11.75","Kota Subulussalam","11.75.02","Penanggalan","11.75.02.2012","Penanggalan Timur"
"11","Aceh","11.75","Kota Subulussalam","11.75.02","Penanggalan","11.75.02.2013","Penanggalan Barat"
"11","Aceh","11.75","Kota Subulussalam","11.75.03","Rundeng","11.75.03.2001","Pasar Rundeng"
"11","Aceh","11.75","Kota Subulussalam","11.75.03","Rundeng","11.75.03.2002","Dah"
"11","Aceh","11.75","Kota Subulussalam","11.75.03","Rundeng","11.75.03.2003","Oboh"
"11","Aceh","11.75","Kota Subulussalam","11.75.03","Rundeng","11.75.03.2004","Sepadan"
"11","Aceh","11.75","Kota Subulussalam","11.75.03","Rundeng","11.75.03.2005","Sibuasan"
"11","Aceh","11.75","Kota Subulussalam","11.75.03","Rundeng","11.75.03.2006","Binanga"
"11","Aceh","11.75","Kota Subulussalam","11.75.03","Rundeng","11.75.03.2007","Kuta Beringin"
"11","Aceh","11.75","Kota Subulussalam","11.75.03","Rundeng","11.75.03.2008","Muara Batu-batu"
"11","Aceh","11.75","Kota Subulussalam","11.75.03","Rundeng","11.75.03.2009","Siperkas"
"11","Aceh","11.75","Kota Subulussalam","11.75.03","Rundeng","11.75.03.2010","Lae Mate"
"11","Aceh","11.75","Kota Subulussalam","11.75.03","Rundeng","11.75.03.2011","Sibungke"
"11","Aceh","11.75","Kota Subulussalam","11.75.03","Rundeng","11.75.03.2012","Harapan Baru"
"11","Aceh","11.75","Kota Subulussalam","11.75.03","Rundeng","11.75.03.2013","Teladan Baru"
"11","Aceh","11.75","Kota Subulussalam","11.75.03","Rundeng","11.75.03.2014","Bulukur Makmur"
"11","Aceh","11.75","Kota Subulussalam","11.75.03","Rundeng","11.75.03.2015","Badar"
"11","Aceh","11.75","Kota Subulussalam","11.75.03","Rundeng","11.75.03.2016","Lae Pemulaan"
"11","Aceh","11.75","Kota Subulussalam","11.75.03","Rundeng","11.75.03.2017","Panglima Saman"
"11","Aceh","11.75","Kota Subulussalam","11.75.03","Rundeng","11.75.03.2018","Suak Jampak"
"11","Aceh","11.75","Kota Subulussalam","11.75.03","Rundeng","11.75.03.2019","Geruguh"
"11","Aceh","11.75","Kota Subulussalam","11.75.03","Rundeng","11.75.03.2020","Mandilam"
"11","Aceh","11.75","Kota Subulussalam","11.75.03","Rundeng","11.75.03.2021","Tualang"
"11","Aceh","11.75","Kota Subulussalam","11.75.03","Rundeng","11.75.03.2022","Kuala Kepeng"
"11","Aceh","11.75","Kota Subulussalam","11.75.03","Rundeng","11.75.03.2023","Tanah Tumbuh"
"11","Aceh","11.75","Kota Subulussalam","11.75.04","Sultan Daulat","11.75.04.2001","Pasir Belo"
"11","Aceh","11.75","Kota Subulussalam","11.75.04","Sultan Daulat","11.75.04.2002","Bawan"
"11","Aceh","11.75","Kota Subulussalam","11.75.04","Sultan Daulat","11.75.04.2003","Sigrun"
"11","Aceh","11.75","Kota Subulussalam","11.75.04","Sultan Daulat","11.75.04.2004","Jabi-jabi"
"11","Aceh","11.75","Kota Subulussalam","11.75.04","Sultan Daulat","11.75.04.2005","Lae Simolap"
"11","Aceh","11.75","Kota Subulussalam","11.75.04","Sultan Daulat","11.75.04.2006","Lae Langge"
"11","Aceh","11.75","Kota Subulussalam","11.75.04","Sultan Daulat","11.75.04.2007","Suka Maju"
"11","Aceh","11.75","Kota Subulussalam","11.75.04","Sultan Daulat","11.75.04.2008","Gunung Bakti"
"11","Aceh","11.75","Kota Subulussalam","11.75.04","Sultan Daulat","11.75.04.2009","Jambi Baru"
"11","Aceh","11.75","Kota Subulussalam","11.75.04","Sultan Daulat","11.75.04.2010","Pulo Kedep"
"11","Aceh","11.75","Kota Subulussalam","11.75.04","Sultan Daulat","11.75.04.2011","Pulo Belen"
"11","Aceh","11.75","Kota Subulussalam","11.75.04","Sultan Daulat","11.75.04.2012","Singgersing"
"11","Aceh","11.75","Kota Subulussalam","11.75.04","Sultan Daulat","11.75.04.2013","Namo Buaya"
"11","Aceh","11.75","Kota Subulussalam","11.75.04","Sultan Daulat","11.75.04.2014","Cipare Pare"
"11","Aceh","11.75","Kota Subulussalam","11.75.04","Sultan Daulat","11.75.04.2015","Bunga Tanjung"
"11","Aceh","11.75","Kota Subulussalam","11.75.04","Sultan Daulat","11.75.04.2016","Cipar-Pari Timur"
"11","Aceh","11.75","Kota Subulussalam","11.75.04","Sultan Daulat","11.75.04.2018","Darul Makmur"
"11","Aceh","11.75","Kota Subulussalam","11.75.04","Sultan Daulat","11.75.04.2019","Jabi-Jabi Barat"
"11","Aceh","11.75","Kota Subulussalam","11.75.04","Sultan Daulat","11.75.04.2020","Batu Napal"
"11","Aceh","11.75","Kota Subulussalam","11.75.05","Longkib","11.75.05.2001","Longkib"
"11","Aceh","11.75","Kota Subulussalam","11.75.05","Longkib","11.75.05.2002","Sepang"
"11","Aceh","11.75","Kota Subulussalam","11.75.05","Longkib","11.75.05.2003","Panji"
"11","Aceh","11.75","Kota Subulussalam","11.75.05","Longkib","11.75.05.2004","Lae Saga"
"11","Aceh","11.75","Kota Subulussalam","11.75.05","Longkib","11.75.05.2005","Sikerabang"
"11","Aceh","11.75","Kota Subulussalam","11.75.05","Longkib","11.75.05.2006","Rantau Panjang"
"11","Aceh","11.75","Kota Subulussalam","11.75.05","Longkib","11.75.05.2007","Bukit Alim"
"11","Aceh","11.75","Kota Subulussalam","11.75.05","Longkib","11.75.05.2008","Darul Aman"
"11","Aceh","11.75","Kota Subulussalam","11.75.05","Longkib","11.75.05.2009","Bangun Sari"
"11","Aceh","11.75","Kota Subulussalam","11.75.05","Longkib","11.75.05.2010","Darussalam"
