province_code,province_name,regency_code,regency_name,district_code,district_name,village_code,village_name
"12","Sumatera Utara","12.01","Kabupaten Tapanuli Tengah","12.01.01","Barus","12.01.01.1001","Pasar Batu Gerigis"
"12","Sumatera Utara","12.01","Kabupaten Tapanuli Tengah","12.01.01","Barus","12.01.01.1002","Padang Masiang"
"12","Sumatera Utara","12.01","Kabupaten Tapanuli Tengah","12.01.01","Barus","12.01.01.2003","Kampung Solok"
"12","Sumatera Utara","12.01","Kabupaten Tapanuli Tengah","12.01.01","Barus","12.01.01.2004","Pasar Terandam"
"12","Sumatera Utara","12.01","Kabupaten Tapanuli Tengah","12.01.01","Barus","12.01.01.2005","Sigambo Gambo"
"12","Sumatera Utara","12.01","Kabupaten Tapanuli Tengah","12.01.01","Barus","12.01.01.2006","Ujung Batu"
"12","Sumatera Utara","12.01","Kabupaten Tapanuli Tengah","12.01.01","Barus","12.01.01.2007","Kinali"
"12","Sumatera Utara","12.01","Kabupaten Tapanuli Tengah","12.01.01","Barus","12.01.01.2008","Kampung Mudik"
"12","Sumatera Utara","12.01","Kabupaten Tapanuli Tengah","12.01.01","Barus","12.01.01.2009","Aek Dakka"
"12","Sumatera Utara","12.01","Kabupaten Tapanuli Tengah","12.01.01","Barus","12.01.01.2010","Patupangan"
"12","Sumatera Utara","12.01","Kabupaten Tapanuli Tengah","12.01.01","Barus","12.01.01.2011","Gabungan Hasang"
"12","Sumatera Utara","12.01","Kabupaten Tapanuli Tengah","12.01.01","Barus","12.01.01.2017","Bungo Tanjung"
"12","Sumatera Utara","12.01","Kabupaten Tapanuli Tengah","12.01.01","Barus","12.01.01.2018","Kedai Gedang"
"12","Sumatera Utara","12.01","Kabupaten Tapanuli Tengah","12.01.02","Sorkam","12.01.02.1001","Sorkam"
"12","Sumatera Utara","12.01","Kabupaten Tapanuli Tengah","12.01.02","Sorkam","12.01.02.1002","Pargarutan"
"12","Sumatera Utara","12.01","Kabupaten Tapanuli Tengah","12.01.02","Sorkam","12.01.02.1004","Tarutung Bolak"
"12","Sumatera Utara","12.01","Kabupaten Tapanuli Tengah","12.01.02","Sorkam","12.01.02.1009","Naipospos Barat"
"12","Sumatera Utara","12.01","Kabupaten Tapanuli Tengah","12.01.02","Sorkam","12.01.02.2003","Teluk Roban"
"12","Sumatera Utara","12.01","Kabupaten Tapanuli Tengah","12.01.02","Sorkam","12.01.02.2005","Fajar"
"12","Sumatera Utara","12.01","Kabupaten Tapanuli Tengah","12.01.02","Sorkam","12.01.02.2006","Pardamean"
"12","Sumatera Utara","12.01","Kabupaten Tapanuli Tengah","12.01.02","Sorkam","12.01.02.2007","Pelita"
"12","Sumatera Utara","12.01","Kabupaten Tapanuli Tengah","12.01.02","Sorkam","12.01.02.2008","Rianiate"
"12","Sumatera Utara","12.01","Kabupaten Tapanuli Tengah","12.01.02","Sorkam","12.01.02.2010","Gonting Mahe"
"12","Sumatera Utara","12.01","Kabupaten Tapanuli Tengah","12.01.02","Sorkam","12.01.02.2011","Dolok Pantis"
"12","Sumatera Utara","12.01","Kabupaten Tapanuli Tengah","12.01.02","Sorkam","12.01.02.2014","Pea Raja"
"12","Sumatera Utara","12.01","Kabupaten Tapanuli Tengah","12.01.02","Sorkam","12.01.02.2015","Bottot"
"12","Sumatera Utara","12.01","Kabupaten Tapanuli Tengah","12.01.02","Sorkam","12.01.02.2016","Sorkam Tengah"
"12","Sumatera Utara","12.01","Kabupaten Tapanuli Tengah","12.01.02","Sorkam","12.01.02.2017","Sorkam Kiri"
"12","Sumatera Utara","12.01","Kabupaten Tapanuli Tengah","12.01.02","Sorkam","12.01.02.2018","Pananggahan"
"12","Sumatera Utara","12.01","Kabupaten Tapanuli Tengah","12.01.02","Sorkam","12.01.02.2019","Pagaran Julu"
"12","Sumatera Utara","12.01","Kabupaten Tapanuli Tengah","12.01.02","Sorkam","12.01.02.2020","Hite Urat"
"12","Sumatera Utara","12.01","Kabupaten Tapanuli Tengah","12.01.02","Sorkam","12.01.02.2021","Sihapas"
"12","Sumatera Utara","12.01","Kabupaten Tapanuli Tengah","12.01.02","Sorkam","12.01.02.2022","Nauli"
"12","Sumatera Utara","12.01","Kabupaten Tapanuli Tengah","12.01.02","Sorkam","12.01.02.2023","Muara Nauli"
"12","Sumatera Utara","12.01","Kabupaten Tapanuli Tengah","12.01.03","Pandan","12.01.03.1001","Pandan"
"12","Sumatera Utara","12.01","Kabupaten Tapanuli Tengah","12.01.03","Pandan","12.01.03.1002","Hajoran"
"12","Sumatera Utara","12.01","Kabupaten Tapanuli Tengah","12.01.03","Pandan","12.01.03.1003","Aek Tolang"
"12","Sumatera Utara","12.01","Kabupaten Tapanuli Tengah","12.01.03","Pandan","12.01.03.1004","Lubuk Tukko"
"12","Sumatera Utara","12.01","Kabupaten Tapanuli Tengah","12.01.03","Pandan","12.01.03.1005","Sibuluan Indah"
"12","Sumatera Utara","12.01","Kabupaten Tapanuli Tengah","12.01.03","Pandan","12.01.03.1006","Sibuluan Nauli"
"12","Sumatera Utara","12.01","Kabupaten Tapanuli Tengah","12.01.03","Pandan","12.01.03.1011","Aek Sitio-tio"
"12","Sumatera Utara","12.01","Kabupaten Tapanuli Tengah","12.01.03","Pandan","12.01.03.1012","Sibuluan Raya"
"12","Sumatera Utara","12.01","Kabupaten Tapanuli Tengah","12.01.03","Pandan","12.01.03.1013","Kalangan"
"12","Sumatera Utara","12.01","Kabupaten Tapanuli Tengah","12.01.03","Pandan","12.01.03.1016","Pandan Wangi"
"12","Sumatera Utara","12.01","Kabupaten Tapanuli Tengah","12.01.03","Pandan","12.01.03.1017","Lubuk Tukko Baru"
"12","Sumatera Utara","12.01","Kabupaten Tapanuli Tengah","12.01.03","Pandan","12.01.03.1018","Sibuluan Baru"
"12","Sumatera Utara","12.01","Kabupaten Tapanuli Tengah","12.01.03","Pandan","12.01.03.1019","Sibuluan Terpadu"
"12","Sumatera Utara","12.01","Kabupaten Tapanuli Tengah","12.01.03","Pandan","12.01.03.1020","Sihaporas Nauli"
"12","Sumatera Utara","12.01","Kabupaten Tapanuli Tengah","12.01.03","Pandan","12.01.03.1021","Pasar Baru"
"12","Sumatera Utara","12.01","Kabupaten Tapanuli Tengah","12.01.03","Pandan","12.01.03.1022","Budi Luhur"
"12","Sumatera Utara","12.01","Kabupaten Tapanuli Tengah","12.01.03","Pandan","12.01.03.1023","Kalangan Indah"
"12","Sumatera Utara","12.01","Kabupaten Tapanuli Tengah","12.01.03","Pandan","12.01.03.1024","Mangga Dua"
"12","Sumatera Utara","12.01","Kabupaten Tapanuli Tengah","12.01.03","Pandan","12.01.03.1025","Muara Nibung"
"12","Sumatera Utara","12.01","Kabupaten Tapanuli Tengah","12.01.03","Pandan","12.01.03.1026","Hajoran Indah"
"12","Sumatera Utara","12.01","Kabupaten Tapanuli Tengah","12.01.03","Pandan","12.01.03.2014","Aek Garut"
"12","Sumatera Utara","12.01","Kabupaten Tapanuli Tengah","12.01.03","Pandan","12.01.03.2015","Sitio-Tio Hilir"
"12","Sumatera Utara","12.01","Kabupaten Tapanuli Tengah","12.01.04","Pinangsori","12.01.04.1001","Pinangsori"
"12","Sumatera Utara","12.01","Kabupaten Tapanuli Tengah","12.01.04","Pinangsori","12.01.04.1004","Sitonong Bangun"
"12","Sumatera Utara","12.01","Kabupaten Tapanuli Tengah","12.01.04","Pinangsori","12.01.04.1007","Pinangbaru"
"12","Sumatera Utara","12.01","Kabupaten Tapanuli Tengah","12.01.04","Pinangsori","12.01.04.1009","Albion Prancis"
"12","Sumatera Utara","12.01","Kabupaten Tapanuli Tengah","12.01.04","Pinangsori","12.01.04.1010","Sori Nauli"
"12","Sumatera Utara","12.01","Kabupaten Tapanuli Tengah","12.01.04","Pinangsori","12.01.04.2002","Gunung Marijo"
"12","Sumatera Utara","12.01","Kabupaten Tapanuli Tengah","12.01.04","Pinangsori","12.01.04.2003","Sihaporas"
"12","Sumatera Utara","12.01","Kabupaten Tapanuli Tengah","12.01.04","Pinangsori","12.01.04.2005","Toga Basir"
"12","Sumatera Utara","12.01","Kabupaten Tapanuli Tengah","12.01.04","Pinangsori","12.01.04.2006","Parjalihotan Baru"
"12","Sumatera Utara","12.01","Kabupaten Tapanuli Tengah","12.01.04","Pinangsori","12.01.04.2008","Danau Pandan"
"12","Sumatera Utara","12.01","Kabupaten Tapanuli Tengah","12.01.05","Manduamas","12.01.05.1001","P.O. Manduamas"
"12","Sumatera Utara","12.01","Kabupaten Tapanuli Tengah","12.01.05","Manduamas","12.01.05.1003","Binjohara"
"12","Sumatera Utara","12.01","Kabupaten Tapanuli Tengah","12.01.05","Manduamas","12.01.05.1020","Perluasan"
"12","Sumatera Utara","12.01","Kabupaten Tapanuli Tengah","12.01.05","Manduamas","12.01.05.2002","Saragih"
"12","Sumatera Utara","12.01","Kabupaten Tapanuli Tengah","12.01.05","Manduamas","12.01.05.2004","Pagaran Nauli"
"12","Sumatera Utara","12.01","Kabupaten Tapanuli Tengah","12.01.05","Manduamas","12.01.05.2005","Sarma Nauli"
"12","Sumatera Utara","12.01","Kabupaten Tapanuli Tengah","12.01.05","Manduamas","12.01.05.2006","Manduamas Lama"
"12","Sumatera Utara","12.01","Kabupaten Tapanuli Tengah","12.01.05","Manduamas","12.01.05.2007","Tumba"
"12","Sumatera Utara","12.01","Kabupaten Tapanuli Tengah","12.01.05","Manduamas","12.01.05.2008","Tumba Jae"
"12","Sumatera Utara","12.01","Kabupaten Tapanuli Tengah","12.01.05","Manduamas","12.01.05.2009","Lae Monong"
"12","Sumatera Utara","12.01","Kabupaten Tapanuli Tengah","12.01.05","Manduamas","12.01.05.2010","Saragih Barat"
"12","Sumatera Utara","12.01","Kabupaten Tapanuli Tengah","12.01.05","Manduamas","12.01.05.2011","Saragih Timur"
"12","Sumatera Utara","12.01","Kabupaten Tapanuli Tengah","12.01.05","Manduamas","12.01.05.2012","Binjohara Uruk"
"12","Sumatera Utara","12.01","Kabupaten Tapanuli Tengah","12.01.05","Manduamas","12.01.05.2013","Binjohara Baru"
"12","Sumatera Utara","12.01","Kabupaten Tapanuli Tengah","12.01.05","Manduamas","12.01.05.2014","Tumba Nauli"
"12","Sumatera Utara","12.01","Kabupaten Tapanuli Tengah","12.01.05","Manduamas","12.01.05.2015","Manduamas Baru"
"12","Sumatera Utara","12.01","Kabupaten Tapanuli Tengah","12.01.05","Manduamas","12.01.05.2016","Muara Tapus"
"12","Sumatera Utara","12.01","Kabupaten Tapanuli Tengah","12.01.05","Manduamas","12.01.05.2017","Pagaran Baru"
"12","Sumatera Utara","12.01","Kabupaten Tapanuli Tengah","12.01.05","Manduamas","12.01.05.2018","Parsihotangan"
"12","Sumatera Utara","12.01","Kabupaten Tapanuli Tengah","12.01.05","Manduamas","12.01.05.2019","Tambahan Nanjur"
"12","Sumatera Utara","12.01","Kabupaten Tapanuli Tengah","12.01.06","Kolang","12.01.06.1006","P.O. Hurlang"
"12","Sumatera Utara","12.01","Kabupaten Tapanuli Tengah","12.01.06","Kolang","12.01.06.1007","Kolang Nauli"
"12","Sumatera Utara","12.01","Kabupaten Tapanuli Tengah","12.01.06","Kolang","12.01.06.2001","Unte Mungkur IV"
"12","Sumatera Utara","12.01","Kabupaten Tapanuli Tengah","12.01.06","Kolang","12.01.06.2002","Unte Mungkur III"
"12","Sumatera Utara","12.01","Kabupaten Tapanuli Tengah","12.01.06","Kolang","12.01.06.2003","Unte Mungkur II"
"12","Sumatera Utara","12.01","Kabupaten Tapanuli Tengah","12.01.06","Kolang","12.01.06.2004","Unte Mungkur I"
"12","Sumatera Utara","12.01","Kabupaten Tapanuli Tengah","12.01.06","Kolang","12.01.06.2005","Satahi Nauli"
"12","Sumatera Utara","12.01","Kabupaten Tapanuli Tengah","12.01.06","Kolang","12.01.06.2008","Hurlang Muara Nauli"
"12","Sumatera Utara","12.01","Kabupaten Tapanuli Tengah","12.01.06","Kolang","12.01.06.2009","Sipakpahi Aek Lobu"
"12","Sumatera Utara","12.01","Kabupaten Tapanuli Tengah","12.01.06","Kolang","12.01.06.2010","Hodopa Nauli"
"12","Sumatera Utara","12.01","Kabupaten Tapanuli Tengah","12.01.06","Kolang","12.01.06.2011","Makarti Nauli"
"12","Sumatera Utara","12.01","Kabupaten Tapanuli Tengah","12.01.06","Kolang","12.01.06.2012","Rawa Makmur"
"12","Sumatera Utara","12.01","Kabupaten Tapanuli Tengah","12.01.06","Kolang","12.01.06.2013","Simarpinggang"
"12","Sumatera Utara","12.01","Kabupaten Tapanuli Tengah","12.01.06","Kolang","12.01.06.2014","Pargaringan"
"12","Sumatera Utara","12.01","Kabupaten Tapanuli Tengah","12.01.07","Tapian Nauli","12.01.07.1001","Tapian Nauli II"
"12","Sumatera Utara","12.01","Kabupaten Tapanuli Tengah","12.01.07","Tapian Nauli","12.01.07.2002","Tapian Nauli I"
"12","Sumatera Utara","12.01","Kabupaten Tapanuli Tengah","12.01.07","Tapian Nauli","12.01.07.2003","Tapian Nauli III"
"12","Sumatera Utara","12.01","Kabupaten Tapanuli Tengah","12.01.07","Tapian Nauli","12.01.07.2004","Tapian Nauli IV"
"12","Sumatera Utara","12.01","Kabupaten Tapanuli Tengah","12.01.07","Tapian Nauli","12.01.07.2005","Aloban Bair"
"12","Sumatera Utara","12.01","Kabupaten Tapanuli Tengah","12.01.07","Tapian Nauli","12.01.07.2006","Mela Dolok"
"12","Sumatera Utara","12.01","Kabupaten Tapanuli Tengah","12.01.07","Tapian Nauli","12.01.07.2007","Mela I"
"12","Sumatera Utara","12.01","Kabupaten Tapanuli Tengah","12.01.07","Tapian Nauli","12.01.07.2008","Mela II"
"12","Sumatera Utara","12.01","Kabupaten Tapanuli Tengah","12.01.07","Tapian Nauli","12.01.07.2009","Bair"
"12","Sumatera Utara","12.01","Kabupaten Tapanuli Tengah","12.01.08","Sibabangun","12.01.08.1002","Sibabangun"
"12","Sumatera Utara","12.01","Kabupaten Tapanuli Tengah","12.01.08","Sibabangun","12.01.08.2005","Mombang Boru"
"12","Sumatera Utara","12.01","Kabupaten Tapanuli Tengah","12.01.08","Sibabangun","12.01.08.2006","Anggoli"
"12","Sumatera Utara","12.01","Kabupaten Tapanuli Tengah","12.01.08","Sibabangun","12.01.08.2007","Muara Sibuntuon"
"12","Sumatera Utara","12.01","Kabupaten Tapanuli Tengah","12.01.08","Sibabangun","12.01.08.2008","Sibio bio"
"12","Sumatera Utara","12.01","Kabupaten Tapanuli Tengah","12.01.08","Sibabangun","12.01.08.2010","Simanosor"
"12","Sumatera Utara","12.01","Kabupaten Tapanuli Tengah","12.01.08","Sibabangun","12.01.08.2011","Hutagur-gur"
"12","Sumatera Utara","12.01","Kabupaten Tapanuli Tengah","12.01.09","Sosorgadong","12.01.09.1001","Sosor Gadong"
"12","Sumatera Utara","12.01","Kabupaten Tapanuli Tengah","12.01.09","Sosorgadong","12.01.09.2002","Unte Boang"
"12","Sumatera Utara","12.01","Kabupaten Tapanuli Tengah","12.01.09","Sosorgadong","12.01.09.2003","Sibintang"
"12","Sumatera Utara","12.01","Kabupaten Tapanuli Tengah","12.01.09","Sosorgadong","12.01.09.2004","Barambang"
"12","Sumatera Utara","12.01","Kabupaten Tapanuli Tengah","12.01.09","Sosorgadong","12.01.09.2005","Siantar Ca"
"12","Sumatera Utara","12.01","Kabupaten Tapanuli Tengah","12.01.09","Sosorgadong","12.01.09.2006","Muara Bolak"
"12","Sumatera Utara","12.01","Kabupaten Tapanuli Tengah","12.01.09","Sosorgadong","12.01.09.2007","Huta Tombak"
"12","Sumatera Utara","12.01","Kabupaten Tapanuli Tengah","12.01.09","Sosorgadong","12.01.09.2008","Siantar Dolok"
"12","Sumatera Utara","12.01","Kabupaten Tapanuli Tengah","12.01.09","Sosorgadong","12.01.09.2009","Baringin"
"12","Sumatera Utara","12.01","Kabupaten Tapanuli Tengah","12.01.10","Sorkam Barat","12.01.10.1001","Sorkam Kanan"
"12","Sumatera Utara","12.01","Kabupaten Tapanuli Tengah","12.01.10","Sorkam Barat","12.01.10.1019","Binasi"
"12","Sumatera Utara","12.01","Kabupaten Tapanuli Tengah","12.01.10","Sorkam Barat","12.01.10.2002","Sipea Pea"
"12","Sumatera Utara","12.01","Kabupaten Tapanuli Tengah","12.01.10","Sorkam Barat","12.01.10.2003","Pahieme I"
"12","Sumatera Utara","12.01","Kabupaten Tapanuli Tengah","12.01.10","Sorkam Barat","12.01.10.2004","Pasar Sorkam"
"12","Sumatera Utara","12.01","Kabupaten Tapanuli Tengah","12.01.10","Sorkam Barat","12.01.10.2005","Aek Raso"
"12","Sumatera Utara","12.01","Kabupaten Tapanuli Tengah","12.01.10","Sorkam Barat","12.01.10.2006","Pasaribu Tobing Jae"
"12","Sumatera Utara","12.01","Kabupaten Tapanuli Tengah","12.01.10","Sorkam Barat","12.01.10.2014","Maduma"
"12","Sumatera Utara","12.01","Kabupaten Tapanuli Tengah","12.01.10","Sorkam Barat","12.01.10.2016","Sidikalang"
"12","Sumatera Utara","12.01","Kabupaten Tapanuli Tengah","12.01.10","Sorkam Barat","12.01.10.2017","Pahieme II"
"12","Sumatera Utara","12.01","Kabupaten Tapanuli Tengah","12.01.10","Sorkam Barat","12.01.10.2018","Sorkam Kanan"
"12","Sumatera Utara","12.01","Kabupaten Tapanuli Tengah","12.01.10","Sorkam Barat","12.01.10.2020","Madani"
"12","Sumatera Utara","12.01","Kabupaten Tapanuli Tengah","12.01.11","Sirandorung","12.01.11.1001","Bajamas"
"12","Sumatera Utara","12.01","Kabupaten Tapanuli Tengah","12.01.11","Sirandorung","12.01.11.2002","Sampang Maruhur"
"12","Sumatera Utara","12.01","Kabupaten Tapanuli Tengah","12.01.11","Sirandorung","12.01.11.2003","Siordang"
"12","Sumatera Utara","12.01","Kabupaten Tapanuli Tengah","12.01.11","Sirandorung","12.01.11.2004","Pardomuan"
"12","Sumatera Utara","12.01","Kabupaten Tapanuli Tengah","12.01.11","Sirandorung","12.01.11.2005","Simpang III Lae Bingke"
"12","Sumatera Utara","12.01","Kabupaten Tapanuli Tengah","12.01.11","Sirandorung","12.01.11.2006","Sigodung"
"12","Sumatera Utara","12.01","Kabupaten Tapanuli Tengah","12.01.11","Sirandorung","12.01.11.2007","Masnauli"
"12","Sumatera Utara","12.01","Kabupaten Tapanuli Tengah","12.01.11","Sirandorung","12.01.11.2008","Muara Ode"
"12","Sumatera Utara","12.01","Kabupaten Tapanuli Tengah","12.01.12","Andam Dewi","12.01.12.1007","Rina Bolak"
"12","Sumatera Utara","12.01","Kabupaten Tapanuli Tengah","12.01.12","Andam Dewi","12.01.12.2001","Sijungkang"
"12","Sumatera Utara","12.01","Kabupaten Tapanuli Tengah","12.01.12","Andam Dewi","12.01.12.2002","Pangaribuan"
"12","Sumatera Utara","12.01","Kabupaten Tapanuli Tengah","12.01.12","Andam Dewi","12.01.12.2003","Sogar"
"12","Sumatera Utara","12.01","Kabupaten Tapanuli Tengah","12.01.12","Andam Dewi","12.01.12.2004","Sirami Ramian"
"12","Sumatera Utara","12.01","Kabupaten Tapanuli Tengah","12.01.12","Andam Dewi","12.01.12.2005","Sigolang"
"12","Sumatera Utara","12.01","Kabupaten Tapanuli Tengah","12.01.12","Andam Dewi","12.01.12.2006","Sosor Gonting"
"12","Sumatera Utara","12.01","Kabupaten Tapanuli Tengah","12.01.12","Andam Dewi","12.01.12.2008","Bondar Sihudon I"
"12","Sumatera Utara","12.01","Kabupaten Tapanuli Tengah","12.01.12","Andam Dewi","12.01.12.2009","Uratan"
"12","Sumatera Utara","12.01","Kabupaten Tapanuli Tengah","12.01.12","Andam Dewi","12.01.12.2010","Ladang Tengah"
"12","Sumatera Utara","12.01","Kabupaten Tapanuli Tengah","12.01.12","Andam Dewi","12.01.12.2011","Lobu Tua"
"12","Sumatera Utara","12.01","Kabupaten Tapanuli Tengah","12.01.12","Andam Dewi","12.01.12.2012","Bondar Sihudon II"
"12","Sumatera Utara","12.01","Kabupaten Tapanuli Tengah","12.01.12","Andam Dewi","12.01.12.2013","Sitiris-Tiris"
"12","Sumatera Utara","12.01","Kabupaten Tapanuli Tengah","12.01.12","Andam Dewi","12.01.12.2014","Sawah Lamo"
"12","Sumatera Utara","12.01","Kabupaten Tapanuli Tengah","12.01.13","Sitahuis","12.01.13.1003","Nauli"
"12","Sumatera Utara","12.01","Kabupaten Tapanuli Tengah","12.01.13","Sitahuis","12.01.13.2001","Bonandolok"
"12","Sumatera Utara","12.01","Kabupaten Tapanuli Tengah","12.01.13","Sitahuis","12.01.13.2002","Rampa"
"12","Sumatera Utara","12.01","Kabupaten Tapanuli Tengah","12.01.13","Sitahuis","12.01.13.2004","Mardame"
"12","Sumatera Utara","12.01","Kabupaten Tapanuli Tengah","12.01.13","Sitahuis","12.01.13.2005","Naga Timbul"
"12","Sumatera Utara","12.01","Kabupaten Tapanuli Tengah","12.01.13","Sitahuis","12.01.13.2006","Simaninggir"
"12","Sumatera Utara","12.01","Kabupaten Tapanuli Tengah","12.01.14","Tukka","12.01.14.1001","Tukka"
"12","Sumatera Utara","12.01","Kabupaten Tapanuli Tengah","12.01.14","Tukka","12.01.14.1002","Bona Lumban"
"12","Sumatera Utara","12.01","Kabupaten Tapanuli Tengah","12.01.14","Tukka","12.01.14.1003","Huta Nabolon"
"12","Sumatera Utara","12.01","Kabupaten Tapanuli Tengah","12.01.14","Tukka","12.01.14.1007","Sipange"
"12","Sumatera Utara","12.01","Kabupaten Tapanuli Tengah","12.01.14","Tukka","12.01.14.1009","Aek Tolang Induk"
"12","Sumatera Utara","12.01","Kabupaten Tapanuli Tengah","12.01.14","Tukka","12.01.14.2004","Sigiring Giring"
"12","Sumatera Utara","12.01","Kabupaten Tapanuli Tengah","12.01.14","Tukka","12.01.14.2005","Tapian Nauli/ Saurmanggita"
"12","Sumatera Utara","12.01","Kabupaten Tapanuli Tengah","12.01.14","Tukka","12.01.14.2006","Sait Kalangan II"
"12","Sumatera Utara","12.01","Kabupaten Tapanuli Tengah","12.01.14","Tukka","12.01.14.2008","Aek Bottar"
"12","Sumatera Utara","12.01","Kabupaten Tapanuli Tengah","12.01.15","Badiri","12.01.15.1001","Hutabalang"
"12","Sumatera Utara","12.01","Kabupaten Tapanuli Tengah","12.01.15","Badiri","12.01.15.1002","Lopian"
"12","Sumatera Utara","12.01","Kabupaten Tapanuli Tengah","12.01.15","Badiri","12.01.15.2003","Jago Jago"
"12","Sumatera Utara","12.01","Kabupaten Tapanuli Tengah","12.01.15","Badiri","12.01.15.2004","Aek Horsik"
"12","Sumatera Utara","12.01","Kabupaten Tapanuli Tengah","12.01.15","Badiri","12.01.15.2005","Gunung Kelambu"
"12","Sumatera Utara","12.01","Kabupaten Tapanuli Tengah","12.01.15","Badiri","12.01.15.2006","Kebun Pisang"
"12","Sumatera Utara","12.01","Kabupaten Tapanuli Tengah","12.01.15","Badiri","12.01.15.2007","Lubuk Ampolu"
"12","Sumatera Utara","12.01","Kabupaten Tapanuli Tengah","12.01.15","Badiri","12.01.15.2008","Pagaran Honas"
"12","Sumatera Utara","12.01","Kabupaten Tapanuli Tengah","12.01.15","Badiri","12.01.15.2009","Sitardas"
"12","Sumatera Utara","12.01","Kabupaten Tapanuli Tengah","12.01.16","Pasaribu Tobing","12.01.16.2001","Suga Suga Hutagodang"
"12","Sumatera Utara","12.01","Kabupaten Tapanuli Tengah","12.01.16","Pasaribu Tobing","12.01.16.2002","Suka Maju"
"12","Sumatera Utara","12.01","Kabupaten Tapanuli Tengah","12.01.16","Pasaribu Tobing","12.01.16.2003","Makmur"
"12","Sumatera Utara","12.01","Kabupaten Tapanuli Tengah","12.01.16","Pasaribu Tobing","12.01.16.2004","Pasaribu Tobing"
"12","Sumatera Utara","12.01","Kabupaten Tapanuli Tengah","12.01.16","Pasaribu Tobing","12.01.16.2005","Aek Nadua"
"12","Sumatera Utara","12.01","Kabupaten Tapanuli Tengah","12.01.16","Pasaribu Tobing","12.01.16.2006","Simargarap"
"12","Sumatera Utara","12.01","Kabupaten Tapanuli Tengah","12.01.16","Pasaribu Tobing","12.01.16.2007","Sidaling"
"12","Sumatera Utara","12.01","Kabupaten Tapanuli Tengah","12.01.16","Pasaribu Tobing","12.01.16.2008","Sipakpahi"
"12","Sumatera Utara","12.01","Kabupaten Tapanuli Tengah","12.01.16","Pasaribu Tobing","12.01.16.2009","PO Simargarap"
"12","Sumatera Utara","12.01","Kabupaten Tapanuli Tengah","12.01.17","Barus Utara","12.01.17.2001","Hutaginjang"
"12","Sumatera Utara","12.01","Kabupaten Tapanuli Tengah","12.01.17","Barus Utara","12.01.17.2002","Sihorbo"
"12","Sumatera Utara","12.01","Kabupaten Tapanuli Tengah","12.01.17","Barus Utara","12.01.17.2003","Parik Sinomba"
"12","Sumatera Utara","12.01","Kabupaten Tapanuli Tengah","12.01.17","Barus Utara","12.01.17.2004","Purba Tua"
"12","Sumatera Utara","12.01","Kabupaten Tapanuli Tengah","12.01.17","Barus Utara","12.01.17.2005","Pananggahan"
"12","Sumatera Utara","12.01","Kabupaten Tapanuli Tengah","12.01.17","Barus Utara","12.01.17.2006","Siharbangan"
"12","Sumatera Utara","12.01","Kabupaten Tapanuli Tengah","12.01.18","Suka Bangun","12.01.18.2001","Pulo Pakkat"
"12","Sumatera Utara","12.01","Kabupaten Tapanuli Tengah","12.01.18","Suka Bangun","12.01.18.2002","Tebing Tinggi"
"12","Sumatera Utara","12.01","Kabupaten Tapanuli Tengah","12.01.18","Suka Bangun","12.01.18.2003","Pulo Pakkat II"
"12","Sumatera Utara","12.01","Kabupaten Tapanuli Tengah","12.01.18","Suka Bangun","12.01.18.2004","Janji Maria"
"12","Sumatera Utara","12.01","Kabupaten Tapanuli Tengah","12.01.18","Suka Bangun","12.01.18.2005","Sihadatuon"
"12","Sumatera Utara","12.01","Kabupaten Tapanuli Tengah","12.01.18","Suka Bangun","12.01.18.2006","Sihapas"
"12","Sumatera Utara","12.01","Kabupaten Tapanuli Tengah","12.01.19","Lumut","12.01.19.1001","Lumut"
"12","Sumatera Utara","12.01","Kabupaten Tapanuli Tengah","12.01.19","Lumut","12.01.19.2002","Aek Gambir"
"12","Sumatera Utara","12.01","Kabupaten Tapanuli Tengah","12.01.19","Lumut","12.01.19.2003","Masundung"
"12","Sumatera Utara","12.01","Kabupaten Tapanuli Tengah","12.01.19","Lumut","12.01.19.2005","Lumut Nauli"
"12","Sumatera Utara","12.01","Kabupaten Tapanuli Tengah","12.01.19","Lumut","12.01.19.2006","Lumut Maju"
"12","Sumatera Utara","12.01","Kabupaten Tapanuli Tengah","12.01.19","Lumut","12.01.19.2007","Sialogo"
"12","Sumatera Utara","12.01","Kabupaten Tapanuli Tengah","12.01.20","Sarudik","12.01.20.1001","Sibuluan Nalambok"
"12","Sumatera Utara","12.01","Kabupaten Tapanuli Tengah","12.01.20","Sarudik","12.01.20.1002","Sarudik"
"12","Sumatera Utara","12.01","Kabupaten Tapanuli Tengah","12.01.20","Sarudik","12.01.20.1004","Pasir Bidang"
"12","Sumatera Utara","12.01","Kabupaten Tapanuli Tengah","12.01.20","Sarudik","12.01.20.1005","Pondok Batu"
"12","Sumatera Utara","12.01","Kabupaten Tapanuli Tengah","12.01.20","Sarudik","12.01.20.2003","Sipan"
"12","Sumatera Utara","12.02","Kabupaten Tapanuli Utara","12.02.01","Tarutung","12.02.01.1001","Partoli Toruan"
"12","Sumatera Utara","12.02","Kabupaten Tapanuli Utara","12.02.01","Tarutung","12.02.01.1002","Hutatoruan V"
"12","Sumatera Utara","12.02","Kabupaten Tapanuli Utara","12.02.01","Tarutung","12.02.01.1003","Hutatoruan VI"
"12","Sumatera Utara","12.02","Kabupaten Tapanuli Utara","12.02.01","Tarutung","12.02.01.1004","Hutatoruan VII"
"12","Sumatera Utara","12.02","Kabupaten Tapanuli Utara","12.02.01","Tarutung","12.02.01.1005","Hutatoruan IX"
"12","Sumatera Utara","12.02","Kabupaten Tapanuli Utara","12.02.01","Tarutung","12.02.01.1006","Hutatoruan X"
"12","Sumatera Utara","12.02","Kabupaten Tapanuli Utara","12.02.01","Tarutung","12.02.01.1007","Hutatoruan XI"
"12","Sumatera Utara","12.02","Kabupaten Tapanuli Utara","12.02.01","Tarutung","12.02.01.2008","Parbubu I"
"12","Sumatera Utara","12.02","Kabupaten Tapanuli Utara","12.02.01","Tarutung","12.02.01.2009","Parbubu II"
"12","Sumatera Utara","12.02","Kabupaten Tapanuli Utara","12.02.01","Tarutung","12.02.01.2010","Hutapea Banuarea"
"12","Sumatera Utara","12.02","Kabupaten Tapanuli Utara","12.02.01","Tarutung","12.02.01.2011","Siandor-andor"
"12","Sumatera Utara","12.02","Kabupaten Tapanuli Utara","12.02.01","Tarutung","12.02.01.2012","Hutauruk"
"12","Sumatera Utara","12.02","Kabupaten Tapanuli Utara","12.02.01","Tarutung","12.02.01.2013","Hapoltahan"
"12","Sumatera Utara","12.02","Kabupaten Tapanuli Utara","12.02.01","Tarutung","12.02.01.2014","Parbubu Dolok"
"12","Sumatera Utara","12.02","Kabupaten Tapanuli Utara","12.02.01","Tarutung","12.02.01.2015","Aek Siansimun"
"12","Sumatera Utara","12.02","Kabupaten Tapanuli Utara","12.02.01","Tarutung","12.02.01.2016","Htgalung Siwaluompo"
"12","Sumatera Utara","12.02","Kabupaten Tapanuli Utara","12.02.01","Tarutung","12.02.01.2017","Parbubu Pea"
"12","Sumatera Utara","12.02","Kabupaten Tapanuli Utara","12.02.01","Tarutung","12.02.01.2018","Hutatoruan IV"
"12","Sumatera Utara","12.02","Kabupaten Tapanuli Utara","12.02.01","Tarutung","12.02.01.2019","Sosunggulon"
"12","Sumatera Utara","12.02","Kabupaten Tapanuli Utara","12.02.01","Tarutung","12.02.01.2020","Hutatoruan VIII"
"12","Sumatera Utara","12.02","Kabupaten Tapanuli Utara","12.02.01","Tarutung","12.02.01.2021","Simamora"
"12","Sumatera Utara","12.02","Kabupaten Tapanuli Utara","12.02.01","Tarutung","12.02.01.2022","Parbaju Toruan"
"12","Sumatera Utara","12.02","Kabupaten Tapanuli Utara","12.02.01","Tarutung","12.02.01.2023","Parbaju Julu"
"12","Sumatera Utara","12.02","Kabupaten Tapanuli Utara","12.02.01","Tarutung","12.02.01.2024","Parbaju Tonga"
"12","Sumatera Utara","12.02","Kabupaten Tapanuli Utara","12.02.01","Tarutung","12.02.01.2025","Sitampurung"
"12","Sumatera Utara","12.02","Kabupaten Tapanuli Utara","12.02.01","Tarutung","12.02.01.2026","Siraja Oloan"
"12","Sumatera Utara","12.02","Kabupaten Tapanuli Utara","12.02.01","Tarutung","12.02.01.2027","Jambur Nauli"
"12","Sumatera Utara","12.02","Kabupaten Tapanuli Utara","12.02.01","Tarutung","12.02.01.2028","Sihujur"
"12","Sumatera Utara","12.02","Kabupaten Tapanuli Utara","12.02.01","Tarutung","12.02.01.2029","Partali Julu"
"12","Sumatera Utara","12.02","Kabupaten Tapanuli Utara","12.02.01","Tarutung","12.02.01.2030","Hutatoruan I"
"12","Sumatera Utara","12.02","Kabupaten Tapanuli Utara","12.02.01","Tarutung","12.02.01.2031","Hutatoruan III"
"12","Sumatera Utara","12.02","Kabupaten Tapanuli Utara","12.02.02","Siatas Barita","12.02.02.2001","Siraja Hutagalung"
"12","Sumatera Utara","12.02","Kabupaten Tapanuli Utara","12.02.02","Siatas Barita","12.02.02.2002","Pansur Napitu"
"12","Sumatera Utara","12.02","Kabupaten Tapanuli Utara","12.02.02","Siatas Barita","12.02.02.2003","Simanampang"
"12","Sumatera Utara","12.02","Kabupaten Tapanuli Utara","12.02.02","Siatas Barita","12.02.02.2004","Sidagal"
"12","Sumatera Utara","12.02","Kabupaten Tapanuli Utara","12.02.02","Siatas Barita","12.02.02.2005","Simarakir Julu"
"12","Sumatera Utara","12.02","Kabupaten Tapanuli Utara","12.02.02","Siatas Barita","12.02.02.2006","Enda Portibi"
"12","Sumatera Utara","12.02","Kabupaten Tapanuli Utara","12.02.02","Siatas Barita","12.02.02.2007","Simorangkir Habinsaran"
"12","Sumatera Utara","12.02","Kabupaten Tapanuli Utara","12.02.02","Siatas Barita","12.02.02.2008","Sangkaran"
"12","Sumatera Utara","12.02","Kabupaten Tapanuli Utara","12.02.02","Siatas Barita","12.02.02.2009","Lumban Siagian Jae"
"12","Sumatera Utara","12.02","Kabupaten Tapanuli Utara","12.02.02","Siatas Barita","12.02.02.2010","Lumban Siagian Julu"
"12","Sumatera Utara","12.02","Kabupaten Tapanuli Utara","12.02.02","Siatas Barita","12.02.02.2011","Sitompul"
"12","Sumatera Utara","12.02","Kabupaten Tapanuli Utara","12.02.02","Siatas Barita","12.02.02.2012","Lobu Hole"
"12","Sumatera Utara","12.02","Kabupaten Tapanuli Utara","12.02.03","Adiankoting","12.02.03.2001","Dolok Nauli"
"12","Sumatera Utara","12.02","Kabupaten Tapanuli Utara","12.02.03","Adiankoting","12.02.03.2002","Pansurbatu"
"12","Sumatera Utara","12.02","Kabupaten Tapanuli Utara","12.02.03","Adiankoting","12.02.03.2003","Pardomuan Nauli"
"12","Sumatera Utara","12.02","Kabupaten Tapanuli Utara","12.02.03","Adiankoting","12.02.03.2004","Siantar Naipospos"
"12","Sumatera Utara","12.02","Kabupaten Tapanuli Utara","12.02.03","Adiankoting","12.02.03.2005","Sibalanga"
"12","Sumatera Utara","12.02","Kabupaten Tapanuli Utara","12.02.03","Adiankoting","12.02.03.2006","Pagaran Lambung III"
"12","Sumatera Utara","12.02","Kabupaten Tapanuli Utara","12.02.03","Adiankoting","12.02.03.2007","Pagaran Lambung IV"
"12","Sumatera Utara","12.02","Kabupaten Tapanuli Utara","12.02.03","Adiankoting","12.02.03.2008","Adian Koting"
"12","Sumatera Utara","12.02","Kabupaten Tapanuli Utara","12.02.03","Adiankoting","12.02.03.2009","Pangaran Pisang"
"12","Sumatera Utara","12.02","Kabupaten Tapanuli Utara","12.02.03","Adiankoting","12.02.03.2010","Banuaji IV"
"12","Sumatera Utara","12.02","Kabupaten Tapanuli Utara","12.02.03","Adiankoting","12.02.03.2011","Banuaji I"
"12","Sumatera Utara","12.02","Kabupaten Tapanuli Utara","12.02.03","Adiankoting","12.02.03.2012","Banuaji II"
"12","Sumatera Utara","12.02","Kabupaten Tapanuli Utara","12.02.03","Adiankoting","12.02.03.2013","Pangaran Lambung I"
"12","Sumatera Utara","12.02","Kabupaten Tapanuli Utara","12.02.03","Adiankoting","12.02.03.2014","Pangaran Lambung II"
"12","Sumatera Utara","12.02","Kabupaten Tapanuli Utara","12.02.03","Adiankoting","12.02.03.2015","Pansurbatu I"
"12","Sumatera Utara","12.02","Kabupaten Tapanuli Utara","12.02.03","Adiankoting","12.02.03.2016","Pansurbatu II"
"12","Sumatera Utara","12.02","Kabupaten Tapanuli Utara","12.02.04","Sipoholon","12.02.04.1001","Situmeang Habinsaran"
"12","Sumatera Utara","12.02","Kabupaten Tapanuli Utara","12.02.04","Sipoholon","12.02.04.2002","Hutauruk"
"12","Sumatera Utara","12.02","Kabupaten Tapanuli Utara","12.02.04","Sipoholon","12.02.04.2003","Simanungkalit"
"12","Sumatera Utara","12.02","Kabupaten Tapanuli Utara","12.02.04","Sipoholon","12.02.04.2004","Situmeang Hasundutan"
"12","Sumatera Utara","12.02","Kabupaten Tapanuli Utara","12.02.04","Sipoholon","12.02.04.2005","Sipahutar"
"12","Sumatera Utara","12.02","Kabupaten Tapanuli Utara","12.02.04","Sipoholon","12.02.04.2007","Tapian Nauli"
"12","Sumatera Utara","12.02","Kabupaten Tapanuli Utara","12.02.04","Sipoholon","12.02.04.2008","Huta Raja"
"12","Sumatera Utara","12.02","Kabupaten Tapanuli Utara","12.02.04","Sipoholon","12.02.04.2009","Lobu Singkam"
"12","Sumatera Utara","12.02","Kabupaten Tapanuli Utara","12.02.04","Sipoholon","12.02.04.2010","Rura Julu Dolok"
"12","Sumatera Utara","12.02","Kabupaten Tapanuli Utara","12.02.04","Sipoholon","12.02.04.2011","Rura Julu Toruan"
"12","Sumatera Utara","12.02","Kabupaten Tapanuli Utara","12.02.04","Sipoholon","12.02.04.2012","Hutaraja Hasundutan"
"12","Sumatera Utara","12.02","Kabupaten Tapanuli Utara","12.02.04","Sipoholon","12.02.04.2013","Pagarbatu"
"12","Sumatera Utara","12.02","Kabupaten Tapanuli Utara","12.02.04","Sipoholon","12.02.04.2014","Hutaraja Simanungkalit"
"12","Sumatera Utara","12.02","Kabupaten Tapanuli Utara","12.02.04","Sipoholon","12.02.04.2015","Hutauruk Hasundutan"
"12","Sumatera Utara","12.02","Kabupaten Tapanuli Utara","12.02.05","Pahae Julu","12.02.05.1001","Onan Hasang"
"12","Sumatera Utara","12.02","Kabupaten Tapanuli Utara","12.02.05","Pahae Julu","12.02.05.2002","Simasom"
"12","Sumatera Utara","12.02","Kabupaten Tapanuli Utara","12.02.05","Pahae Julu","12.02.05.2003","Janji Natogu"
"12","Sumatera Utara","12.02","Kabupaten Tapanuli Utara","12.02.05","Pahae Julu","12.02.05.2004","Pagur Dotan"
"12","Sumatera Utara","12.02","Kabupaten Tapanuli Utara","12.02.05","Pahae Julu","12.02.05.2005","Sibaganding"
"12","Sumatera Utara","12.02","Kabupaten Tapanuli Utara","12.02.05","Pahae Julu","12.02.05.2006","Lumban Garaga"
"12","Sumatera Utara","12.02","Kabupaten Tapanuli Utara","12.02.05","Pahae Julu","12.02.05.2007","Sitolu Ama"
"12","Sumatera Utara","12.02","Kabupaten Tapanuli Utara","12.02.05","Pahae Julu","12.02.05.2008","Lumban Tonga"
"12","Sumatera Utara","12.02","Kabupaten Tapanuli Utara","12.02.05","Pahae Julu","12.02.05.2009","Lumban Dolok"
"12","Sumatera Utara","12.02","Kabupaten Tapanuli Utara","12.02.05","Pahae Julu","12.02.05.2010","Simataniari"
"12","Sumatera Utara","12.02","Kabupaten Tapanuli Utara","12.02.05","Pahae Julu","12.02.05.2011","Lumban Jaean"
"12","Sumatera Utara","12.02","Kabupaten Tapanuli Utara","12.02.05","Pahae Julu","12.02.05.2012","Huta Barat"
"12","Sumatera Utara","12.02","Kabupaten Tapanuli Utara","12.02.05","Pahae Julu","12.02.05.2013","Lontung Dolok"
"12","Sumatera Utara","12.02","Kabupaten Tapanuli Utara","12.02.05","Pahae Julu","12.02.05.2014","Simanampang"
"12","Sumatera Utara","12.02","Kabupaten Tapanuli Utara","12.02.05","Pahae Julu","12.02.05.2015","Lobu Pining"
"12","Sumatera Utara","12.02","Kabupaten Tapanuli Utara","12.02.05","Pahae Julu","12.02.05.2016","Pantis"
"12","Sumatera Utara","12.02","Kabupaten Tapanuli Utara","12.02.05","Pahae Julu","12.02.05.2017","Lumban Gaol"
"12","Sumatera Utara","12.02","Kabupaten Tapanuli Utara","12.02.05","Pahae Julu","12.02.05.2018","Simardangiang"
"12","Sumatera Utara","12.02","Kabupaten Tapanuli Utara","12.02.05","Pahae Julu","12.02.05.2019","Simasom Toruan"
"12","Sumatera Utara","12.02","Kabupaten Tapanuli Utara","12.02.06","Pahae Jae","12.02.06.1001","Sarulla"
"12","Sumatera Utara","12.02","Kabupaten Tapanuli Utara","12.02.06","Pahae Jae","12.02.06.2002","Tordolok Nauli"
"12","Sumatera Utara","12.02","Kabupaten Tapanuli Utara","12.02.06","Pahae Jae","12.02.06.2003","Sigurung-gurung"
"12","Sumatera Utara","12.02","Kabupaten Tapanuli Utara","12.02.06","Pahae Jae","12.02.06.2004","Silangkitang"
"12","Sumatera Utara","12.02","Kabupaten Tapanuli Utara","12.02.06","Pahae Jae","12.02.06.2005","Sitoluompu"
"12","Sumatera Utara","12.02","Kabupaten Tapanuli Utara","12.02.06","Pahae Jae","12.02.06.2006","Siopat Bahal"
"12","Sumatera Utara","12.02","Kabupaten Tapanuli Utara","12.02.06","Pahae Jae","12.02.06.2007","Pardomuan Nainggolan"
"12","Sumatera Utara","12.02","Kabupaten Tapanuli Utara","12.02.06","Pahae Jae","12.02.06.2008","Nahornop Marsada"
"12","Sumatera Utara","12.02","Kabupaten Tapanuli Utara","12.02.06","Pahae Jae","12.02.06.2009","Parsaoran Samosir"
"12","Sumatera Utara","12.02","Kabupaten Tapanuli Utara","12.02.06","Pahae Jae","12.02.06.2010","Suka Maju"
"12","Sumatera Utara","12.02","Kabupaten Tapanuli Utara","12.02.06","Pahae Jae","12.02.06.2011","Setia"
"12","Sumatera Utara","12.02","Kabupaten Tapanuli Utara","12.02.06","Pahae Jae","12.02.06.2012","Parsaoran Nainggolan"
"12","Sumatera Utara","12.02","Kabupaten Tapanuli Utara","12.02.06","Pahae Jae","12.02.06.2013","Pardamean Nainggolan"
"12","Sumatera Utara","12.02","Kabupaten Tapanuli Utara","12.02.07","Simangumban","12.02.07.2001","Silosung"
"12","Sumatera Utara","12.02","Kabupaten Tapanuli Utara","12.02.07","Simangumban","12.02.07.2002","Dolok Sanggul"
"12","Sumatera Utara","12.02","Kabupaten Tapanuli Utara","12.02.07","Simangumban","12.02.07.2003","Simangumban Jae"
"12","Sumatera Utara","12.02","Kabupaten Tapanuli Utara","12.02.07","Simangumban","12.02.07.2004","Aek Nabara"
"12","Sumatera Utara","12.02","Kabupaten Tapanuli Utara","12.02.07","Simangumban","12.02.07.2005","Dolok Saut"
"12","Sumatera Utara","12.02","Kabupaten Tapanuli Utara","12.02.07","Simangumban","12.02.07.2006","Simangumban Julu"
"12","Sumatera Utara","12.02","Kabupaten Tapanuli Utara","12.02.07","Simangumban","12.02.07.2007","Lobu Sihim"
"12","Sumatera Utara","12.02","Kabupaten Tapanuli Utara","12.02.07","Simangumban","12.02.07.2008","Pardomuan"
"12","Sumatera Utara","12.02","Kabupaten Tapanuli Utara","12.02.08","Purbatua","12.02.08.2001","Sidua Bahal"
"12","Sumatera Utara","12.02","Kabupaten Tapanuli Utara","12.02.08","Purbatua","12.02.08.2002","Sibulan Bulan"
"12","Sumatera Utara","12.02","Kabupaten Tapanuli Utara","12.02.08","Purbatua","12.02.08.2003","Bonani Dolok"
"12","Sumatera Utara","12.02","Kabupaten Tapanuli Utara","12.02.08","Purbatua","12.02.08.2004","Pardomuan J.Angkola"
"12","Sumatera Utara","12.02","Kabupaten Tapanuli Utara","12.02.08","Purbatua","12.02.08.2005","Hutanagodang"
"12","Sumatera Utara","12.02","Kabupaten Tapanuli Utara","12.02.08","Purbatua","12.02.08.2006","Robean"
"12","Sumatera Utara","12.02","Kabupaten Tapanuli Utara","12.02.08","Purbatua","12.02.08.2007","Janji Nauli"
"12","Sumatera Utara","12.02","Kabupaten Tapanuli Utara","12.02.08","Purbatua","12.02.08.2008","Selamat"
"12","Sumatera Utara","12.02","Kabupaten Tapanuli Utara","12.02.08","Purbatua","12.02.08.2009","Purba Tua"
"12","Sumatera Utara","12.02","Kabupaten Tapanuli Utara","12.02.08","Purbatua","12.02.08.2010","Sitolu Bahal"
"12","Sumatera Utara","12.02","Kabupaten Tapanuli Utara","12.02.08","Purbatua","12.02.08.2011","Parsaoran J. Angkola"
"12","Sumatera Utara","12.02","Kabupaten Tapanuli Utara","12.02.09","Siborongborong","12.02.09.1001","Psr Siborong Borong"
"12","Sumatera Utara","12.02","Kabupaten Tapanuli Utara","12.02.09","Siborongborong","12.02.09.2002","Siborong Borong I"
"12","Sumatera Utara","12.02","Kabupaten Tapanuli Utara","12.02.09","Siborongborong","12.02.09.2003","Siborong Borong II"
"12","Sumatera Utara","12.02","Kabupaten Tapanuli Utara","12.02.09","Siborongborong","12.02.09.2004","Sitampurung"
"12","Sumatera Utara","12.02","Kabupaten Tapanuli Utara","12.02.09","Siborongborong","12.02.09.2005","Sitabotabo"
"12","Sumatera Utara","12.02","Kabupaten Tapanuli Utara","12.02.09","Siborongborong","12.02.09.2006","Bahal Batu I"
"12","Sumatera Utara","12.02","Kabupaten Tapanuli Utara","12.02.09","Siborongborong","12.02.09.2007","Bahal Batu II"
"12","Sumatera Utara","12.02","Kabupaten Tapanuli Utara","12.02.09","Siborongborong","12.02.09.2008","Bahal Batu III"
"12","Sumatera Utara","12.02","Kabupaten Tapanuli Utara","12.02.09","Siborongborong","12.02.09.2009","Lobu Siregar I"
"12","Sumatera Utara","12.02","Kabupaten Tapanuli Utara","12.02.09","Siborongborong","12.02.09.2010","Lobu Siregar II"
"12","Sumatera Utara","12.02","Kabupaten Tapanuli Utara","12.02.09","Siborongborong","12.02.09.2011","Pohan Julu"
"12","Sumatera Utara","12.02","Kabupaten Tapanuli Utara","12.02.09","Siborongborong","12.02.09.2012","Pohan Tonga"
"12","Sumatera Utara","12.02","Kabupaten Tapanuli Utara","12.02.09","Siborongborong","12.02.09.2013","Pohan Jae"
"12","Sumatera Utara","12.02","Kabupaten Tapanuli Utara","12.02.09","Siborongborong","12.02.09.2014","Paniaran"
"12","Sumatera Utara","12.02","Kabupaten Tapanuli Utara","12.02.09","Siborongborong","12.02.09.2015","Parik Sabungan"
"12","Sumatera Utara","12.02","Kabupaten Tapanuli Utara","12.02.09","Siborongborong","12.02.09.2016","Hutabulu"
"12","Sumatera Utara","12.02","Kabupaten Tapanuli Utara","12.02.09","Siborongborong","12.02.09.2017","Lumban Tonga Tonga"
"12","Sumatera Utara","12.02","Kabupaten Tapanuli Utara","12.02.09","Siborongborong","12.02.09.2018","Sigumbang"
"12","Sumatera Utara","12.02","Kabupaten Tapanuli Utara","12.02.09","Siborongborong","12.02.09.2019","Siaro"
"12","Sumatera Utara","12.02","Kabupaten Tapanuli Utara","12.02.09","Siborongborong","12.02.09.2020","Silait-Lait"
"12","Sumatera Utara","12.02","Kabupaten Tapanuli Utara","12.02.09","Siborongborong","12.02.09.2021","Sitabotabo Toruan"
"12","Sumatera Utara","12.02","Kabupaten Tapanuli Utara","12.02.10","Pagaran","12.02.10.2001","Simamora Hasibuan"
"12","Sumatera Utara","12.02","Kabupaten Tapanuli Utara","12.02.10","Pagaran","12.02.10.2002","Lumban Julu"
"12","Sumatera Utara","12.02","Kabupaten Tapanuli Utara","12.02.10","Pagaran","12.02.10.2003","Pagaran"
"12","Sumatera Utara","12.02","Kabupaten Tapanuli Utara","12.02.10","Pagaran","12.02.10.2004","Sibaragas"
"12","Sumatera Utara","12.02","Kabupaten Tapanuli Utara","12.02.10","Pagaran","12.02.10.2005","Sipultak"
"12","Sumatera Utara","12.02","Kabupaten Tapanuli Utara","12.02.10","Pagaran","12.02.10.2006","Lubis"
"12","Sumatera Utara","12.02","Kabupaten Tapanuli Utara","12.02.10","Pagaran","12.02.10.2007","Banualuhu"
"12","Sumatera Utara","12.02","Kabupaten Tapanuli Utara","12.02.10","Pagaran","12.02.10.2008","Parhorboan"
"12","Sumatera Utara","12.02","Kabupaten Tapanuli Utara","12.02.10","Pagaran","12.02.10.2009","Lumban Motung"
"12","Sumatera Utara","12.02","Kabupaten Tapanuli Utara","12.02.10","Pagaran","12.02.10.2010","Lumban Ina Ina"
"12","Sumatera Utara","12.02","Kabupaten Tapanuli Utara","12.02.10","Pagaran","12.02.10.2011","Doloksaribu"
"12","Sumatera Utara","12.02","Kabupaten Tapanuli Utara","12.02.10","Pagaran","12.02.10.2012","Lumban Silintong"
"12","Sumatera Utara","12.02","Kabupaten Tapanuli Utara","12.02.10","Pagaran","12.02.10.2013","Sipultak Dolok"
"12","Sumatera Utara","12.02","Kabupaten Tapanuli Utara","12.02.10","Pagaran","12.02.10.2014","Hasibuan"
"12","Sumatera Utara","12.02","Kabupaten Tapanuli Utara","12.02.11","Parmonangan","12.02.11.2001","Manalu"
"12","Sumatera Utara","12.02","Kabupaten Tapanuli Utara","12.02.11","Parmonangan","12.02.11.2002","Manalu Purba"
"12","Sumatera Utara","12.02","Kabupaten Tapanuli Utara","12.02.11","Parmonangan","12.02.11.2003","Manalu Dolok"
"12","Sumatera Utara","12.02","Kabupaten Tapanuli Utara","12.02.11","Parmonangan","12.02.11.2004","Hutajulu"
"12","Sumatera Utara","12.02","Kabupaten Tapanuli Utara","12.02.11","Parmonangan","12.02.11.2005","Aek Raja"
"12","Sumatera Utara","12.02","Kabupaten Tapanuli Utara","12.02.11","Parmonangan","12.02.11.2006","Hutatinggi"
"12","Sumatera Utara","12.02","Kabupaten Tapanuli Utara","12.02.11","Parmonangan","12.02.11.2007","Lobusunut"
"12","Sumatera Utara","12.02","Kabupaten Tapanuli Utara","12.02.11","Parmonangan","12.02.11.2008","Sisordak"
"12","Sumatera Utara","12.02","Kabupaten Tapanuli Utara","12.02.11","Parmonangan","12.02.11.2009","Pertengahan"
"12","Sumatera Utara","12.02","Kabupaten Tapanuli Utara","12.02.11","Parmonangan","12.02.11.2010","Hutatua"
"12","Sumatera Utara","12.02","Kabupaten Tapanuli Utara","12.02.11","Parmonangan","12.02.11.2011","Hutajulu Parbalik"
"12","Sumatera Utara","12.02","Kabupaten Tapanuli Utara","12.02.11","Parmonangan","12.02.11.2012","Horisan Ranggitgit"
"12","Sumatera Utara","12.02","Kabupaten Tapanuli Utara","12.02.11","Parmonangan","12.02.11.2013","Purba Dolok"
"12","Sumatera Utara","12.02","Kabupaten Tapanuli Utara","12.02.11","Parmonangan","12.02.11.2014","Batuarimo"
"12","Sumatera Utara","12.02","Kabupaten Tapanuli Utara","12.02.12","Sipahutar","12.02.12.2001","Sabungannihuta IV"
"12","Sumatera Utara","12.02","Kabupaten Tapanuli Utara","12.02.12","Sipahutar","12.02.12.2002","Sabungannihuta I"
"12","Sumatera Utara","12.02","Kabupaten Tapanuli Utara","12.02.12","Sipahutar","12.02.12.2003","Sipahutar I"
"12","Sumatera Utara","12.02","Kabupaten Tapanuli Utara","12.02.12","Sipahutar","12.02.12.2004","Sipahutar II"
"12","Sumatera Utara","12.02","Kabupaten Tapanuli Utara","12.02.12","Sipahutar","12.02.12.2005","Sipahutar III"
"12","Sumatera Utara","12.02","Kabupaten Tapanuli Utara","12.02.12","Sipahutar","12.02.12.2006","Onan Runggu I"
"12","Sumatera Utara","12.02","Kabupaten Tapanuli Utara","12.02.12","Sipahutar","12.02.12.2007","Tapian Nauli III"
"12","Sumatera Utara","12.02","Kabupaten Tapanuli Utara","12.02.12","Sipahutar","12.02.12.2008","Onan Runggu III"
"12","Sumatera Utara","12.02","Kabupaten Tapanuli Utara","12.02.12","Sipahutar","12.02.12.2009","Siabal-abal III"
"12","Sumatera Utara","12.02","Kabupaten Tapanuli Utara","12.02.12","Sipahutar","12.02.12.2010","Siabal-abal I"
"12","Sumatera Utara","12.02","Kabupaten Tapanuli Utara","12.02.12","Sipahutar","12.02.12.2011","Aek Nauli II"
"12","Sumatera Utara","12.02","Kabupaten Tapanuli Utara","12.02.12","Sipahutar","12.02.12.2012","Tapian Nauli II"
"12","Sumatera Utara","12.02","Kabupaten Tapanuli Utara","12.02.12","Sipahutar","12.02.12.2013","Sabungannihuta III"
"12","Sumatera Utara","12.02","Kabupaten Tapanuli Utara","12.02.12","Sipahutar","12.02.12.2014","Onan Runggu IV"
"12","Sumatera Utara","12.02","Kabupaten Tapanuli Utara","12.02.12","Sipahutar","12.02.12.2015","Siabal-abal II"
"12","Sumatera Utara","12.02","Kabupaten Tapanuli Utara","12.02.12","Sipahutar","12.02.12.2016","Aek Nauli I"
"12","Sumatera Utara","12.02","Kabupaten Tapanuli Utara","12.02.12","Sipahutar","12.02.12.2017","Aek Nauli III"
"12","Sumatera Utara","12.02","Kabupaten Tapanuli Utara","12.02.12","Sipahutar","12.02.12.2018","Onan Runggu II"
"12","Sumatera Utara","12.02","Kabupaten Tapanuli Utara","12.02.12","Sipahutar","12.02.12.2019","Tapian Nauli I"
"12","Sumatera Utara","12.02","Kabupaten Tapanuli Utara","12.02.12","Sipahutar","12.02.12.2020","Sabungannihuta II"
"12","Sumatera Utara","12.02","Kabupaten Tapanuli Utara","12.02.12","Sipahutar","12.02.12.2021","Sabungannihuta V"
"12","Sumatera Utara","12.02","Kabupaten Tapanuli Utara","12.02.12","Sipahutar","12.02.12.2022","Siabal-abal IV"
"12","Sumatera Utara","12.02","Kabupaten Tapanuli Utara","12.02.12","Sipahutar","12.02.12.2023","Aek Nauli IV"
"12","Sumatera Utara","12.02","Kabupaten Tapanuli Utara","12.02.12","Sipahutar","12.02.12.2024","Siabal-abal V"
"12","Sumatera Utara","12.02","Kabupaten Tapanuli Utara","12.02.12","Sipahutar","12.02.12.2025","Siabal-abal VI"
"12","Sumatera Utara","12.02","Kabupaten Tapanuli Utara","12.02.13","Pangaribuan","12.02.13.2001","Pakpahan"
"12","Sumatera Utara","12.02","Kabupaten Tapanuli Utara","12.02.13","Pangaribuan","12.02.13.2002","Sampagul"
"12","Sumatera Utara","12.02","Kabupaten Tapanuli Utara","12.02.13","Pangaribuan","12.02.13.2003","Godung Borotan"
"12","Sumatera Utara","12.02","Kabupaten Tapanuli Utara","12.02.13","Pangaribuan","12.02.13.2004","Parratusan"
"12","Sumatera Utara","12.02","Kabupaten Tapanuli Utara","12.02.13","Pangaribuan","12.02.13.2005","Lumban Siregar"
"12","Sumatera Utara","12.02","Kabupaten Tapanuli Utara","12.02.13","Pangaribuan","12.02.13.2006","Sigotom Julu"
"12","Sumatera Utara","12.02","Kabupaten Tapanuli Utara","12.02.13","Pangaribuan","12.02.13.2007","Rahut Bosi"
"12","Sumatera Utara","12.02","Kabupaten Tapanuli Utara","12.02.13","Pangaribuan","12.02.13.2008","Batu Nadua"
"12","Sumatera Utara","12.02","Kabupaten Tapanuli Utara","12.02.13","Pangaribuan","12.02.13.2009","Silantom Tonga"
"12","Sumatera Utara","12.02","Kabupaten Tapanuli Utara","12.02.13","Pangaribuan","12.02.13.2010","Silantom Julu"
"12","Sumatera Utara","12.02","Kabupaten Tapanuli Utara","12.02.13","Pangaribuan","12.02.13.2011","Pansurnatolu"
"12","Sumatera Utara","12.02","Kabupaten Tapanuli Utara","12.02.13","Pangaribuan","12.02.13.2012","Parlombuan"
"12","Sumatera Utara","12.02","Kabupaten Tapanuli Utara","12.02.13","Pangaribuan","12.02.13.2013","Purbatua"
"12","Sumatera Utara","12.02","Kabupaten Tapanuli Utara","12.02.13","Pangaribuan","12.02.13.2014","Lumban Sinaga Simatupang"
"12","Sumatera Utara","12.02","Kabupaten Tapanuli Utara","12.02.13","Pangaribuan","12.02.13.2015","Batumanumpak"
"12","Sumatera Utara","12.02","Kabupaten Tapanuli Utara","12.02.13","Pangaribuan","12.02.13.2016","Sibingke"
"12","Sumatera Utara","12.02","Kabupaten Tapanuli Utara","12.02.13","Pangaribuan","12.02.13.2017","Najumambe"
"12","Sumatera Utara","12.02","Kabupaten Tapanuli Utara","12.02.13","Pangaribuan","12.02.13.2018","Parsibarungan"
"12","Sumatera Utara","12.02","Kabupaten Tapanuli Utara","12.02.13","Pangaribuan","12.02.13.2019","Harianja"
"12","Sumatera Utara","12.02","Kabupaten Tapanuli Utara","12.02.13","Pangaribuan","12.02.13.2020","Silantom Jae"
"12","Sumatera Utara","12.02","Kabupaten Tapanuli Utara","12.02.13","Pangaribuan","12.02.13.2021","Padang Parsadaan"
"12","Sumatera Utara","12.02","Kabupaten Tapanuli Utara","12.02.13","Pangaribuan","12.02.13.2022","Parsorminan I"
"12","Sumatera Utara","12.02","Kabupaten Tapanuli Utara","12.02.13","Pangaribuan","12.02.13.2023","Hutaraja"
"12","Sumatera Utara","12.02","Kabupaten Tapanuli Utara","12.02.13","Pangaribuan","12.02.13.2024","Rahut Bosi Onan"
"12","Sumatera Utara","12.02","Kabupaten Tapanuli Utara","12.02.13","Pangaribuan","12.02.13.2025","Sigotom Timur"
"12","Sumatera Utara","12.02","Kabupaten Tapanuli Utara","12.02.13","Pangaribuan","12.02.13.2026","Sigotom Dolok Nauli"
"12","Sumatera Utara","12.02","Kabupaten Tapanuli Utara","12.02.14","Garoga","12.02.14.2001","Garoga Sibargot"
"12","Sumatera Utara","12.02","Kabupaten Tapanuli Utara","12.02.14","Garoga","12.02.14.2002","Lontung Jae I"
"12","Sumatera Utara","12.02","Kabupaten Tapanuli Utara","12.02.14","Garoga","12.02.14.2003","Parsosoran"
"12","Sumatera Utara","12.02","Kabupaten Tapanuli Utara","12.02.14","Garoga","12.02.14.2004","Padang Siandomang"
"12","Sumatera Utara","12.02","Kabupaten Tapanuli Utara","12.02.14","Garoga","12.02.14.2005","Sibaganding"
"12","Sumatera Utara","12.02","Kabupaten Tapanuli Utara","12.02.14","Garoga","12.02.14.2006","Sirmpang Bolon"
"12","Sumatera Utara","12.02","Kabupaten Tapanuli Utara","12.02.14","Garoga","12.02.14.2007","Gonting Garoga"
"12","Sumatera Utara","12.02","Kabupaten Tapanuli Utara","12.02.14","Garoga","12.02.14.2008","Lontung Jae II"
"12","Sumatera Utara","12.02","Kabupaten Tapanuli Utara","12.02.14","Garoga","12.02.14.2009","Gonting Salak"
"12","Sumatera Utara","12.02","Kabupaten Tapanuli Utara","12.02.14","Garoga","12.02.14.2010","Sibalanga"
"12","Sumatera Utara","12.02","Kabupaten Tapanuli Utara","12.02.14","Garoga","12.02.14.2011","Aek Tangga"
"12","Sumatera Utara","12.02","Kabupaten Tapanuli Utara","12.02.14","Garoga","12.02.14.2012","Parinsoran"
"12","Sumatera Utara","12.02","Kabupaten Tapanuli Utara","12.02.14","Garoga","12.02.14.2013","Parmanuhan"
"12","Sumatera Utara","12.02","Kabupaten Tapanuli Utara","12.02.15","Muara","12.02.15.2001","Hutanagodang"
"12","Sumatera Utara","12.02","Kabupaten Tapanuli Utara","12.02.15","Muara","12.02.15.2002","Unte Mungkur"
"12","Sumatera Utara","12.02","Kabupaten Tapanuli Utara","12.02.15","Muara","12.02.15.2003","Hutalontung"
"12","Sumatera Utara","12.02","Kabupaten Tapanuli Utara","12.02.15","Muara","12.02.15.2004","Hutaginjang"
"12","Sumatera Utara","12.02","Kabupaten Tapanuli Utara","12.02.15","Muara","12.02.15.2005","Dolok Matumbur"
"12","Sumatera Utara","12.02","Kabupaten Tapanuli Utara","12.02.15","Muara","12.02.15.2006","Mariba Ni Aek"
"12","Sumatera Utara","12.02","Kabupaten Tapanuli Utara","12.02.15","Muara","12.02.15.2007","Sampuran"
"12","Sumatera Utara","12.02","Kabupaten Tapanuli Utara","12.02.15","Muara","12.02.15.2008","Silando"
"12","Sumatera Utara","12.02","Kabupaten Tapanuli Utara","12.02.15","Muara","12.02.15.2009","Sibandang"
"12","Sumatera Utara","12.02","Kabupaten Tapanuli Utara","12.02.15","Muara","12.02.15.2010","Simatupang"
"12","Sumatera Utara","12.02","Kabupaten Tapanuli Utara","12.02.15","Muara","12.02.15.2011","Silali Toruan"
"12","Sumatera Utara","12.02","Kabupaten Tapanuli Utara","12.02.15","Muara","12.02.15.2012","Batubinumbun"
"12","Sumatera Utara","12.02","Kabupaten Tapanuli Utara","12.02.15","Muara","12.02.15.2013","Sitanggor"
"12","Sumatera Utara","12.02","Kabupaten Tapanuli Utara","12.02.15","Muara","12.02.15.2014","Papande"
"12","Sumatera Utara","12.02","Kabupaten Tapanuli Utara","12.02.15","Muara","12.02.15.2015","Aritonang"
"12","Sumatera Utara","12.03","Kabupaten Tapanuli Selatan","12.03.01","Angkola Barat","12.03.01.1001","Sitinjak"
"12","Sumatera Utara","12.03","Kabupaten Tapanuli Selatan","12.03.01","Angkola Barat","12.03.01.1003","Simatorkis Sisoma"
"12","Sumatera Utara","12.03","Kabupaten Tapanuli Selatan","12.03.01","Angkola Barat","12.03.01.2002","Panobasan"
"12","Sumatera Utara","12.03","Kabupaten Tapanuli Selatan","12.03.01","Angkola Barat","12.03.01.2004","Siuhom"
"12","Sumatera Utara","12.03","Kabupaten Tapanuli Selatan","12.03.01","Angkola Barat","12.03.01.2005","Sigumuru"
"12","Sumatera Utara","12.03","Kabupaten Tapanuli Selatan","12.03.01","Angkola Barat","12.03.01.2006","Sibangkua"
"12","Sumatera Utara","12.03","Kabupaten Tapanuli Selatan","12.03.01","Angkola Barat","12.03.01.2007","Sisundung"
"12","Sumatera Utara","12.03","Kabupaten Tapanuli Selatan","12.03.01","Angkola Barat","12.03.01.2008","Aek Nabara"
"12","Sumatera Utara","12.03","Kabupaten Tapanuli Selatan","12.03.01","Angkola Barat","12.03.01.2011","Parsalakan"
"12","Sumatera Utara","12.03","Kabupaten Tapanuli Selatan","12.03.01","Angkola Barat","12.03.01.2015","Sitaratoit"
"12","Sumatera Utara","12.03","Kabupaten Tapanuli Selatan","12.03.01","Angkola Barat","12.03.01.2016","Sialogo"
"12","Sumatera Utara","12.03","Kabupaten Tapanuli Selatan","12.03.01","Angkola Barat","12.03.01.2024","Lembah Lubuk Raya"
"12","Sumatera Utara","12.03","Kabupaten Tapanuli Selatan","12.03.01","Angkola Barat","12.03.01.2031","Lobu Layan Sigordang"
"12","Sumatera Utara","12.03","Kabupaten Tapanuli Selatan","12.03.01","Angkola Barat","12.03.01.2035","Panobasan Lombang"
"12","Sumatera Utara","12.03","Kabupaten Tapanuli Selatan","12.03.02","Batang Toru","12.03.02.1001","Wek I"
"12","Sumatera Utara","12.03","Kabupaten Tapanuli Selatan","12.03.02","Batang Toru","12.03.02.1002","Wek II"
"12","Sumatera Utara","12.03","Kabupaten Tapanuli Selatan","12.03.02","Batang Toru","12.03.02.1011","Perkebunan Batang Toru"
"12","Sumatera Utara","12.03","Kabupaten Tapanuli Selatan","12.03.02","Batang Toru","12.03.02.1030","Padang Lancat"
"12","Sumatera Utara","12.03","Kabupaten Tapanuli Selatan","12.03.02","Batang Toru","12.03.02.1032","Aek Pining"
"12","Sumatera Utara","12.03","Kabupaten Tapanuli Selatan","12.03.02","Batang Toru","12.03.02.2003","Garoga"
"12","Sumatera Utara","12.03","Kabupaten Tapanuli Selatan","12.03.02","Batang Toru","12.03.02.2004","Huta Godang"
"12","Sumatera Utara","12.03","Kabupaten Tapanuli Selatan","12.03.02","Batang Toru","12.03.02.2005","Batu Horing"
"12","Sumatera Utara","12.03","Kabupaten Tapanuli Selatan","12.03.02","Batang Toru","12.03.02.2008","Batu Hula"
"12","Sumatera Utara","12.03","Kabupaten Tapanuli Selatan","12.03.02","Batang Toru","12.03.02.2009","Sumuran"
"12","Sumatera Utara","12.03","Kabupaten Tapanuli Selatan","12.03.02","Batang Toru","12.03.02.2015","Napa"
"12","Sumatera Utara","12.03","Kabupaten Tapanuli Selatan","12.03.02","Batang Toru","12.03.02.2016","Wek IV"
"12","Sumatera Utara","12.03","Kabupaten Tapanuli Selatan","12.03.02","Batang Toru","12.03.02.2017","Hapesong Baru"
"12","Sumatera Utara","12.03","Kabupaten Tapanuli Selatan","12.03.02","Batang Toru","12.03.02.2018","Telo"
"12","Sumatera Utara","12.03","Kabupaten Tapanuli Selatan","12.03.02","Batang Toru","12.03.02.2019","Wek III"
"12","Sumatera Utara","12.03","Kabupaten Tapanuli Selatan","12.03.02","Batang Toru","12.03.02.2020","Perkebunan Sigala-Gala"
"12","Sumatera Utara","12.03","Kabupaten Tapanuli Selatan","12.03.02","Batang Toru","12.03.02.2021","Perkebunan Hapesong"
"12","Sumatera Utara","12.03","Kabupaten Tapanuli Selatan","12.03.02","Batang Toru","12.03.02.2022","Hapesong Lama"
"12","Sumatera Utara","12.03","Kabupaten Tapanuli Selatan","12.03.02","Batang Toru","12.03.02.2023","Sipenggeng"
"12","Sumatera Utara","12.03","Kabupaten Tapanuli Selatan","12.03.02","Batang Toru","12.03.02.2025","Sianggunan"
"12","Sumatera Utara","12.03","Kabupaten Tapanuli Selatan","12.03.02","Batang Toru","12.03.02.2026","Huta Baru"
"12","Sumatera Utara","12.03","Kabupaten Tapanuli Selatan","12.03.02","Batang Toru","12.03.02.2036","Aek Ngadol Sitinjak"
"12","Sumatera Utara","12.03","Kabupaten Tapanuli Selatan","12.03.02","Batang Toru","12.03.02.2037","Sisipa"
"12","Sumatera Utara","12.03","Kabupaten Tapanuli Selatan","12.03.03","Angkola Timur","12.03.03.1098","Pasar Pargarutan"
"12","Sumatera Utara","12.03","Kabupaten Tapanuli Selatan","12.03.03","Angkola Timur","12.03.03.1099","Batang Tura Sirumambe"
"12","Sumatera Utara","12.03","Kabupaten Tapanuli Selatan","12.03.03","Angkola Timur","12.03.03.2003","Panompuan Jae"
"12","Sumatera Utara","12.03","Kabupaten Tapanuli Selatan","12.03.03","Angkola Timur","12.03.03.2004","Pargarutan Tonga"
"12","Sumatera Utara","12.03","Kabupaten Tapanuli Selatan","12.03.03","Angkola Timur","12.03.03.2008","Huraba"
"12","Sumatera Utara","12.03","Kabupaten Tapanuli Selatan","12.03.03","Angkola Timur","12.03.03.2012","Marisi"
"12","Sumatera Utara","12.03","Kabupaten Tapanuli Selatan","12.03.03","Angkola Timur","12.03.03.2013","Pargarutan Julu"
"12","Sumatera Utara","12.03","Kabupaten Tapanuli Selatan","12.03.03","Angkola Timur","12.03.03.2014","Huta Ginjang"
"12","Sumatera Utara","12.03","Kabupaten Tapanuli Selatan","12.03.03","Angkola Timur","12.03.03.2069","Lantosan Rogas"
"12","Sumatera Utara","12.03","Kabupaten Tapanuli Selatan","12.03.03","Angkola Timur","12.03.03.2079","Sijungkang"
"12","Sumatera Utara","12.03","Kabupaten Tapanuli Selatan","12.03.03","Angkola Timur","12.03.03.2083","Pargarutan Jae"
"12","Sumatera Utara","12.03","Kabupaten Tapanuli Selatan","12.03.03","Angkola Timur","12.03.03.2094","Panompuan"
"12","Sumatera Utara","12.03","Kabupaten Tapanuli Selatan","12.03.03","Angkola Timur","12.03.03.2095","Pargarutan Dolok"
"12","Sumatera Utara","12.03","Kabupaten Tapanuli Selatan","12.03.03","Angkola Timur","12.03.03.2096","Sanggapati"
"12","Sumatera Utara","12.03","Kabupaten Tapanuli Selatan","12.03.03","Angkola Timur","12.03.03.2097","Pall XI"
"12","Sumatera Utara","12.03","Kabupaten Tapanuli Selatan","12.03.04","Sipirok","12.03.04.1001","Pasar Sipirok"
"12","Sumatera Utara","12.03","Kabupaten Tapanuli Selatan","12.03.04","Sipirok","12.03.04.1003","Hutasuhut"
"12","Sumatera Utara","12.03","Kabupaten Tapanuli Selatan","12.03.04","Sipirok","12.03.04.1004","Baringin"
"12","Sumatera Utara","12.03","Kabupaten Tapanuli Selatan","12.03.04","Sipirok","12.03.04.1005","Bunga Bondar"
"12","Sumatera Utara","12.03","Kabupaten Tapanuli Selatan","12.03.04","Sipirok","12.03.04.1061","Parau Sorat"
"12","Sumatera Utara","12.03","Kabupaten Tapanuli Selatan","12.03.04","Sipirok","12.03.04.1114","Sipirok Godang"
"12","Sumatera Utara","12.03","Kabupaten Tapanuli Selatan","12.03.04","Sipirok","12.03.04.2010","Bagas Lombang"
"12","Sumatera Utara","12.03","Kabupaten Tapanuli Selatan","12.03.04","Sipirok","12.03.04.2017","Batu Satail"
"12","Sumatera Utara","12.03","Kabupaten Tapanuli Selatan","12.03.04","Sipirok","12.03.04.2025","Hasang Marsada"
"12","Sumatera Utara","12.03","Kabupaten Tapanuli Selatan","12.03.04","Sipirok","12.03.04.2034","Janji Mauli"
"12","Sumatera Utara","12.03","Kabupaten Tapanuli Selatan","12.03.04","Sipirok","12.03.04.2048","Paran Julu"
"12","Sumatera Utara","12.03","Kabupaten Tapanuli Selatan","12.03.04","Sipirok","12.03.04.2051","Pangaribuan"
"12","Sumatera Utara","12.03","Kabupaten Tapanuli Selatan","12.03.04","Sipirok","12.03.04.2052","Pargarutan"
"12","Sumatera Utara","12.03","Kabupaten Tapanuli Selatan","12.03.04","Sipirok","12.03.04.2054","Panaungan"
"12","Sumatera Utara","12.03","Kabupaten Tapanuli Selatan","12.03.04","Sipirok","12.03.04.2059","Padang Bujur"
"12","Sumatera Utara","12.03","Kabupaten Tapanuli Selatan","12.03.04","Sipirok","12.03.04.2060","Paran Padang"
"12","Sumatera Utara","12.03","Kabupaten Tapanuli Selatan","12.03.04","Sipirok","12.03.04.2064","Pangurabaan"
"12","Sumatera Utara","12.03","Kabupaten Tapanuli Selatan","12.03.04","Sipirok","12.03.04.2068","Ramba Sihasur"
"12","Sumatera Utara","12.03","Kabupaten Tapanuli Selatan","12.03.04","Sipirok","12.03.04.2069","Tolang"
"12","Sumatera Utara","12.03","Kabupaten Tapanuli Selatan","12.03.04","Sipirok","12.03.04.2072","Sampean"
"12","Sumatera Utara","12.03","Kabupaten Tapanuli Selatan","12.03.04","Sipirok","12.03.04.2075","Simaninggir"
"12","Sumatera Utara","12.03","Kabupaten Tapanuli Selatan","12.03.04","Sipirok","12.03.04.2076","Sibadoar"
"12","Sumatera Utara","12.03","Kabupaten Tapanuli Selatan","12.03.04","Sipirok","12.03.04.2085","Sialagundi"
"12","Sumatera Utara","12.03","Kabupaten Tapanuli Selatan","12.03.04","Sipirok","12.03.04.2096","Bulu Mario"
"12","Sumatera Utara","12.03","Kabupaten Tapanuli Selatan","12.03.04","Sipirok","12.03.04.2097","Barnang Koling"
"12","Sumatera Utara","12.03","Kabupaten Tapanuli Selatan","12.03.04","Sipirok","12.03.04.2101","Dolok Sordang Julu"
"12","Sumatera Utara","12.03","Kabupaten Tapanuli Selatan","12.03.04","Sipirok","12.03.04.2102","Situmba Julu"
"12","Sumatera Utara","12.03","Kabupaten Tapanuli Selatan","12.03.04","Sipirok","12.03.04.2103","Situmba"
"12","Sumatera Utara","12.03","Kabupaten Tapanuli Selatan","12.03.04","Sipirok","12.03.04.2104","Kilang Papan"
"12","Sumatera Utara","12.03","Kabupaten Tapanuli Selatan","12.03.04","Sipirok","12.03.04.2105","Sialaman"
"12","Sumatera Utara","12.03","Kabupaten Tapanuli Selatan","12.03.04","Sipirok","12.03.04.2106","Paran Dolok Mardomu"
"12","Sumatera Utara","12.03","Kabupaten Tapanuli Selatan","12.03.04","Sipirok","12.03.04.2107","Batang Tura Julu"
"12","Sumatera Utara","12.03","Kabupaten Tapanuli Selatan","12.03.04","Sipirok","12.03.04.2108","Batang Tura"
"12","Sumatera Utara","12.03","Kabupaten Tapanuli Selatan","12.03.04","Sipirok","12.03.04.2109","Dolok Sordang"
"12","Sumatera Utara","12.03","Kabupaten Tapanuli Selatan","12.03.04","Sipirok","12.03.04.2110","Pahae Aek Sagala"
"12","Sumatera Utara","12.03","Kabupaten Tapanuli Selatan","12.03.04","Sipirok","12.03.04.2111","Marsada"
"12","Sumatera Utara","12.03","Kabupaten Tapanuli Selatan","12.03.04","Sipirok","12.03.04.2112","Luat Lombang"
"12","Sumatera Utara","12.03","Kabupaten Tapanuli Selatan","12.03.04","Sipirok","12.03.04.2113","Aek Batang Paya"
"12","Sumatera Utara","12.03","Kabupaten Tapanuli Selatan","12.03.04","Sipirok","12.03.04.2115","Saba Batang Miha"
"12","Sumatera Utara","12.03","Kabupaten Tapanuli Selatan","12.03.04","Sipirok","12.03.04.2116","Sarogodung"
"12","Sumatera Utara","12.03","Kabupaten Tapanuli Selatan","12.03.05","Saipar Dolok Hole","12.03.05.1001","Pasar Sipagimbar"
"12","Sumatera Utara","12.03","Kabupaten Tapanuli Selatan","12.03.05","Saipar Dolok Hole","12.03.05.1080","Aek Simotung"
"12","Sumatera Utara","12.03","Kabupaten Tapanuli Selatan","12.03.05","Saipar Dolok Hole","12.03.05.2018","Simangambat"
"12","Sumatera Utara","12.03","Kabupaten Tapanuli Selatan","12.03.05","Saipar Dolok Hole","12.03.05.2069","Sidapdap Simanosor"
"12","Sumatera Utara","12.03","Kabupaten Tapanuli Selatan","12.03.05","Saipar Dolok Hole","12.03.05.2070","Saut Banua Simanosor"
"12","Sumatera Utara","12.03","Kabupaten Tapanuli Selatan","12.03.05","Saipar Dolok Hole","12.03.05.2071","Damparan Haunatas"
"12","Sumatera Utara","12.03","Kabupaten Tapanuli Selatan","12.03.05","Saipar Dolok Hole","12.03.05.2072","Somba Debata Purba"
"12","Sumatera Utara","12.03","Kabupaten Tapanuli Selatan","12.03.05","Saipar Dolok Hole","12.03.05.2073","Padang Mandailing Garugur"
"12","Sumatera Utara","12.03","Kabupaten Tapanuli Selatan","12.03.05","Saipar Dolok Hole","12.03.05.2074","Ulu Mamis Situnggaling"
"12","Sumatera Utara","12.03","Kabupaten Tapanuli Selatan","12.03.05","Saipar Dolok Hole","12.03.05.2075","Parau Sorat Sitabo-tabo"
"12","Sumatera Utara","12.03","Kabupaten Tapanuli Selatan","12.03.05","Saipar Dolok Hole","12.03.05.2076","Pintu Padang Mandalasena"
"12","Sumatera Utara","12.03","Kabupaten Tapanuli Selatan","12.03.05","Saipar Dolok Hole","12.03.05.2077","Sunge Sigiring-giring"
"12","Sumatera Utara","12.03","Kabupaten Tapanuli Selatan","12.03.05","Saipar Dolok Hole","12.03.05.2078","Silangkitang Tambiski"
"12","Sumatera Utara","12.03","Kabupaten Tapanuli Selatan","12.03.05","Saipar Dolok Hole","12.03.05.2079","Batang Parsuluman"
"12","Sumatera Utara","12.03","Kabupaten Tapanuli Selatan","12.03.06","Angkola Selatan","12.03.06.1001","Simarpinggan"
"12","Sumatera Utara","12.03","Kabupaten Tapanuli Selatan","12.03.06","Angkola Selatan","12.03.06.1007","Napa"
"12","Sumatera Utara","12.03","Kabupaten Tapanuli Selatan","12.03.06","Angkola Selatan","12.03.06.1014","Tapian Nauli"
"12","Sumatera Utara","12.03","Kabupaten Tapanuli Selatan","12.03.06","Angkola Selatan","12.03.06.1019","Pardomuan"
"12","Sumatera Utara","12.03","Kabupaten Tapanuli Selatan","12.03.06","Angkola Selatan","12.03.06.2004","Situmbaga"
"12","Sumatera Utara","12.03","Kabupaten Tapanuli Selatan","12.03.06","Angkola Selatan","12.03.06.2005","Sinyior"
"12","Sumatera Utara","12.03","Kabupaten Tapanuli Selatan","12.03.06","Angkola Selatan","12.03.06.2006","Pintu Padang"
"12","Sumatera Utara","12.03","Kabupaten Tapanuli Selatan","12.03.06","Angkola Selatan","12.03.06.2008","Sibong-bong"
"12","Sumatera Utara","12.03","Kabupaten Tapanuli Selatan","12.03.06","Angkola Selatan","12.03.06.2009","Siamporik Dolok"
"12","Sumatera Utara","12.03","Kabupaten Tapanuli Selatan","12.03.06","Angkola Selatan","12.03.06.2010","Siamporik Lombang"
"12","Sumatera Utara","12.03","Kabupaten Tapanuli Selatan","12.03.06","Angkola Selatan","12.03.06.2011","Sihopur"
"12","Sumatera Utara","12.03","Kabupaten Tapanuli Selatan","12.03.06","Angkola Selatan","12.03.06.2012","Tandihat"
"12","Sumatera Utara","12.03","Kabupaten Tapanuli Selatan","12.03.06","Angkola Selatan","12.03.06.2013","Perkebunan Marpinggan"
"12","Sumatera Utara","12.03","Kabupaten Tapanuli Selatan","12.03.06","Angkola Selatan","12.03.06.2015","Aek Natas"
"12","Sumatera Utara","12.03","Kabupaten Tapanuli Selatan","12.03.06","Angkola Selatan","12.03.06.2016","Dolok Godang"
"12","Sumatera Utara","12.03","Kabupaten Tapanuli Selatan","12.03.06","Angkola Selatan","12.03.06.2017","Sihuik-huik"
"12","Sumatera Utara","12.03","Kabupaten Tapanuli Selatan","12.03.06","Angkola Selatan","12.03.06.2018","Gunung Baringin"
"12","Sumatera Utara","12.03","Kabupaten Tapanuli Selatan","12.03.07","Batang Angkola","12.03.07.1001","Sigalangan"
"12","Sumatera Utara","12.03","Kabupaten Tapanuli Selatan","12.03.07","Batang Angkola","12.03.07.1060","Pintu Padang I"
"12","Sumatera Utara","12.03","Kabupaten Tapanuli Selatan","12.03.07","Batang Angkola","12.03.07.1061","Pintu Padang II"
"12","Sumatera Utara","12.03","Kabupaten Tapanuli Selatan","12.03.07","Batang Angkola","12.03.07.1068","Bangun Purba"
"12","Sumatera Utara","12.03","Kabupaten Tapanuli Selatan","12.03.07","Batang Angkola","12.03.07.2005","Aek Nauli"
"12","Sumatera Utara","12.03","Kabupaten Tapanuli Selatan","12.03.07","Batang Angkola","12.03.07.2016","Sidadi I"
"12","Sumatera Utara","12.03","Kabupaten Tapanuli Selatan","12.03.07","Batang Angkola","12.03.07.2018","Janji Manaon"
"12","Sumatera Utara","12.03","Kabupaten Tapanuli Selatan","12.03.07","Batang Angkola","12.03.07.2020","Sitampa Simatoras"
"12","Sumatera Utara","12.03","Kabupaten Tapanuli Selatan","12.03.07","Batang Angkola","12.03.07.2021","Pasar Lama"
"12","Sumatera Utara","12.03","Kabupaten Tapanuli Selatan","12.03.07","Batang Angkola","12.03.07.2027","Benteng Huraba"
"12","Sumatera Utara","12.03","Kabupaten Tapanuli Selatan","12.03.07","Batang Angkola","12.03.07.2029","Padang Kahombu"
"12","Sumatera Utara","12.03","Kabupaten Tapanuli Selatan","12.03.07","Batang Angkola","12.03.07.2030","Sorik"
"12","Sumatera Utara","12.03","Kabupaten Tapanuli Selatan","12.03.07","Batang Angkola","12.03.07.2045","Sibulele Muara"
"12","Sumatera Utara","12.03","Kabupaten Tapanuli Selatan","12.03.07","Batang Angkola","12.03.07.2047","Bargot Topong"
"12","Sumatera Utara","12.03","Kabupaten Tapanuli Selatan","12.03.07","Batang Angkola","12.03.07.2053","Sigulang Losung"
"12","Sumatera Utara","12.03","Kabupaten Tapanuli Selatan","12.03.07","Batang Angkola","12.03.07.2055","Hurase"
"12","Sumatera Utara","12.03","Kabupaten Tapanuli Selatan","12.03.07","Batang Angkola","12.03.07.2057","Sorimadingin PP"
"12","Sumatera Utara","12.03","Kabupaten Tapanuli Selatan","12.03.07","Batang Angkola","12.03.07.2058","Huta Padang"
"12","Sumatera Utara","12.03","Kabupaten Tapanuli Selatan","12.03.07","Batang Angkola","12.03.07.2062","Tahalak Ujung Gading"
"12","Sumatera Utara","12.03","Kabupaten Tapanuli Selatan","12.03.07","Batang Angkola","12.03.07.2063","Sidadi II"
"12","Sumatera Utara","12.03","Kabupaten Tapanuli Selatan","12.03.07","Batang Angkola","12.03.07.2067","Aek Gunung"
"12","Sumatera Utara","12.03","Kabupaten Tapanuli Selatan","12.03.14","Arse","12.03.14.1039","Arse"
"12","Sumatera Utara","12.03","Kabupaten Tapanuli Selatan","12.03.14","Arse","12.03.14.1040","Lancat"
"12","Sumatera Utara","12.03","Kabupaten Tapanuli Selatan","12.03.14","Arse","12.03.14.2028","Sipogu"
"12","Sumatera Utara","12.03","Kabupaten Tapanuli Selatan","12.03.14","Arse","12.03.14.2032","Pinagar"
"12","Sumatera Utara","12.03","Kabupaten Tapanuli Selatan","12.03.14","Arse","12.03.14.2033","Pardomuan"
"12","Sumatera Utara","12.03","Kabupaten Tapanuli Selatan","12.03.14","Arse","12.03.14.2034","Aek Haminjon"
"12","Sumatera Utara","12.03","Kabupaten Tapanuli Selatan","12.03.14","Arse","12.03.14.2035","Nanggar Jati Huta Padang"
"12","Sumatera Utara","12.03","Kabupaten Tapanuli Selatan","12.03.14","Arse","12.03.14.2036","Nanggar Jati"
"12","Sumatera Utara","12.03","Kabupaten Tapanuli Selatan","12.03.14","Arse","12.03.14.2037","Natambang Roncitan"
"12","Sumatera Utara","12.03","Kabupaten Tapanuli Selatan","12.03.14","Arse","12.03.14.2038","Dalihan Natolu"
"12","Sumatera Utara","12.03","Kabupaten Tapanuli Selatan","12.03.20","Marancar","12.03.20.1004","Pasar Sempurna"
"12","Sumatera Utara","12.03","Kabupaten Tapanuli Selatan","12.03.20","Marancar","12.03.20.2002","Huraba"
"12","Sumatera Utara","12.03","Kabupaten Tapanuli Selatan","12.03.20","Marancar","12.03.20.2014","Gunung Binanga"
"12","Sumatera Utara","12.03","Kabupaten Tapanuli Selatan","12.03.20","Marancar","12.03.20.2015","Marancar Godang"
"12","Sumatera Utara","12.03","Kabupaten Tapanuli Selatan","12.03.20","Marancar","12.03.20.2016","Simaninggir"
"12","Sumatera Utara","12.03","Kabupaten Tapanuli Selatan","12.03.20","Marancar","12.03.20.2023","Sugi"
"12","Sumatera Utara","12.03","Kabupaten Tapanuli Selatan","12.03.20","Marancar","12.03.20.2028","Haunatas"
"12","Sumatera Utara","12.03","Kabupaten Tapanuli Selatan","12.03.20","Marancar","12.03.20.2032","Aek Nabara"
"12","Sumatera Utara","12.03","Kabupaten Tapanuli Selatan","12.03.20","Marancar","12.03.20.2033","Gapuk Tua"
"12","Sumatera Utara","12.03","Kabupaten Tapanuli Selatan","12.03.20","Marancar","12.03.20.2034","Marancar Julu"
"12","Sumatera Utara","12.03","Kabupaten Tapanuli Selatan","12.03.20","Marancar","12.03.20.2035","Aek Sabaon"
"12","Sumatera Utara","12.03","Kabupaten Tapanuli Selatan","12.03.20","Marancar","12.03.20.2036","Tanjung Dolok"
"12","Sumatera Utara","12.03","Kabupaten Tapanuli Selatan","12.03.21","Sayur Matinggi","12.03.21.1063","Sayur Matinggi"
"12","Sumatera Utara","12.03","Kabupaten Tapanuli Selatan","12.03.21","Sayur Matinggi","12.03.21.2003","Janji Mauli Baringin"
"12","Sumatera Utara","12.03","Kabupaten Tapanuli Selatan","12.03.21","Sayur Matinggi","12.03.21.2004","Mondang"
"12","Sumatera Utara","12.03","Kabupaten Tapanuli Selatan","12.03.21","Sayur Matinggi","12.03.21.2005","Sialang"
"12","Sumatera Utara","12.03","Kabupaten Tapanuli Selatan","12.03.21","Sayur Matinggi","12.03.21.2006","Sipange Julu"
"12","Sumatera Utara","12.03","Kabupaten Tapanuli Selatan","12.03.21","Sayur Matinggi","12.03.21.2007","Sipange Godang"
"12","Sumatera Utara","12.03","Kabupaten Tapanuli Selatan","12.03.21","Sayur Matinggi","12.03.21.2008","Tolang Julu"
"12","Sumatera Utara","12.03","Kabupaten Tapanuli Selatan","12.03.21","Sayur Matinggi","12.03.21.2009","Tolang Jae"
"12","Sumatera Utara","12.03","Kabupaten Tapanuli Selatan","12.03.21","Sayur Matinggi","12.03.21.2012","Bange"
"12","Sumatera Utara","12.03","Kabupaten Tapanuli Selatan","12.03.21","Sayur Matinggi","12.03.21.2013","Bulu Gading"
"12","Sumatera Utara","12.03","Kabupaten Tapanuli Selatan","12.03.21","Sayur Matinggi","12.03.21.2018","Aek Libung"
"12","Sumatera Utara","12.03","Kabupaten Tapanuli Selatan","12.03.21","Sayur Matinggi","12.03.21.2023","Aek Badak Jae"
"12","Sumatera Utara","12.03","Kabupaten Tapanuli Selatan","12.03.21","Sayur Matinggi","12.03.21.2024","Aek Badak Julu"
"12","Sumatera Utara","12.03","Kabupaten Tapanuli Selatan","12.03.21","Sayur Matinggi","12.03.21.2026","Huta Pardomuan"
"12","Sumatera Utara","12.03","Kabupaten Tapanuli Selatan","12.03.21","Sayur Matinggi","12.03.21.2056","Sipange Siunjam"
"12","Sumatera Utara","12.03","Kabupaten Tapanuli Selatan","12.03.21","Sayur Matinggi","12.03.21.2057","Silaiya"
"12","Sumatera Utara","12.03","Kabupaten Tapanuli Selatan","12.03.21","Sayur Matinggi","12.03.21.2058","Somanggal Parmonangan"
"12","Sumatera Utara","12.03","Kabupaten Tapanuli Selatan","12.03.21","Sayur Matinggi","12.03.21.2059","Lumban Huayan"
"12","Sumatera Utara","12.03","Kabupaten Tapanuli Selatan","12.03.21","Sayur Matinggi","12.03.21.2062","Silaiya Tanjung Leuk"
"12","Sumatera Utara","12.03","Kabupaten Tapanuli Selatan","12.03.22","Aek Bilah","12.03.22.2003","Sigolang"
"12","Sumatera Utara","12.03","Kabupaten Tapanuli Selatan","12.03.22","Aek Bilah","12.03.22.2005","Biru"
"12","Sumatera Utara","12.03","Kabupaten Tapanuli Selatan","12.03.22","Aek Bilah","12.03.22.2008","Tapus Godang"
"12","Sumatera Utara","12.03","Kabupaten Tapanuli Selatan","12.03.22","Aek Bilah","12.03.22.2017","Lobu Tayas"
"12","Sumatera Utara","12.03","Kabupaten Tapanuli Selatan","12.03.22","Aek Bilah","12.03.22.2020","Silangkitang"
"12","Sumatera Utara","12.03","Kabupaten Tapanuli Selatan","12.03.22","Aek Bilah","12.03.22.2033","Sihulambu"
"12","Sumatera Utara","12.03","Kabupaten Tapanuli Selatan","12.03.22","Aek Bilah","12.03.22.2043","Tolang"
"12","Sumatera Utara","12.03","Kabupaten Tapanuli Selatan","12.03.22","Aek Bilah","12.03.22.2044","Tapus Sipagabu"
"12","Sumatera Utara","12.03","Kabupaten Tapanuli Selatan","12.03.22","Aek Bilah","12.03.22.2045","Huta baru"
"12","Sumatera Utara","12.03","Kabupaten Tapanuli Selatan","12.03.22","Aek Bilah","12.03.22.2046","Aek Latong"
"12","Sumatera Utara","12.03","Kabupaten Tapanuli Selatan","12.03.22","Aek Bilah","12.03.22.2047","Aek Urat"
"12","Sumatera Utara","12.03","Kabupaten Tapanuli Selatan","12.03.22","Aek Bilah","12.03.22.2048","Gorahut"
"12","Sumatera Utara","12.03","Kabupaten Tapanuli Selatan","12.03.29","Muara Batang Toru","12.03.29.1002","Hutaraja"
"12","Sumatera Utara","12.03","Kabupaten Tapanuli Selatan","12.03.29","Muara Batang Toru","12.03.29.1008","Muara Manompas"
"12","Sumatera Utara","12.03","Kabupaten Tapanuli Selatan","12.03.29","Muara Batang Toru","12.03.29.1009","Muara Ampolu"
"12","Sumatera Utara","12.03","Kabupaten Tapanuli Selatan","12.03.29","Muara Batang Toru","12.03.29.2001","Bandar Hapinis"
"12","Sumatera Utara","12.03","Kabupaten Tapanuli Selatan","12.03.29","Muara Batang Toru","12.03.29.2003","Pardamean"
"12","Sumatera Utara","12.03","Kabupaten Tapanuli Selatan","12.03.29","Muara Batang Toru","12.03.29.2004","Tarapung Raya"
"12","Sumatera Utara","12.03","Kabupaten Tapanuli Selatan","12.03.29","Muara Batang Toru","12.03.29.2007","Muara Opu"
"12","Sumatera Utara","12.03","Kabupaten Tapanuli Selatan","12.03.29","Muara Batang Toru","12.03.29.2010","Simarlelan"
"12","Sumatera Utara","12.03","Kabupaten Tapanuli Selatan","12.03.29","Muara Batang Toru","12.03.29.2011","Muara Huta Raja"
"12","Sumatera Utara","12.03","Kabupaten Tapanuli Selatan","12.03.30","Tano Tombangan Angkola","12.03.30.1001","Panabari Hutatonga"
"12","Sumatera Utara","12.03","Kabupaten Tapanuli Selatan","12.03.30","Tano Tombangan Angkola","12.03.30.2002","Aek Uncim"
"12","Sumatera Utara","12.03","Kabupaten Tapanuli Selatan","12.03.30","Tano Tombangan Angkola","12.03.30.2003","Panindoan"
"12","Sumatera Utara","12.03","Kabupaten Tapanuli Selatan","12.03.30","Tano Tombangan Angkola","12.03.30.2004","Aek Kahombu"
"12","Sumatera Utara","12.03","Kabupaten Tapanuli Selatan","12.03.30","Tano Tombangan Angkola","12.03.30.2005","Batu Horpak"
"12","Sumatera Utara","12.03","Kabupaten Tapanuli Selatan","12.03.30","Tano Tombangan Angkola","12.03.30.2006","Situmba"
"12","Sumatera Utara","12.03","Kabupaten Tapanuli Selatan","12.03.30","Tano Tombangan Angkola","12.03.30.2007","Purba Tua"
"12","Sumatera Utara","12.03","Kabupaten Tapanuli Selatan","12.03.30","Tano Tombangan Angkola","12.03.30.2008","Lumban Jabi-jabi"
"12","Sumatera Utara","12.03","Kabupaten Tapanuli Selatan","12.03.30","Tano Tombangan Angkola","12.03.30.2009","Ingul Jae"
"12","Sumatera Utara","12.03","Kabupaten Tapanuli Selatan","12.03.30","Tano Tombangan Angkola","12.03.30.2010","Sisoma"
"12","Sumatera Utara","12.03","Kabupaten Tapanuli Selatan","12.03.30","Tano Tombangan Angkola","12.03.30.2011","Lumban Ratus"
"12","Sumatera Utara","12.03","Kabupaten Tapanuli Selatan","12.03.30","Tano Tombangan Angkola","12.03.30.2012","Kota Tua"
"12","Sumatera Utara","12.03","Kabupaten Tapanuli Selatan","12.03.30","Tano Tombangan Angkola","12.03.30.2013","Simaninggir Tano Tombangan"
"12","Sumatera Utara","12.03","Kabupaten Tapanuli Selatan","12.03.30","Tano Tombangan Angkola","12.03.30.2014","Huta Raja"
"12","Sumatera Utara","12.03","Kabupaten Tapanuli Selatan","12.03.30","Tano Tombangan Angkola","12.03.30.2015","Harean"
"12","Sumatera Utara","12.03","Kabupaten Tapanuli Selatan","12.03.30","Tano Tombangan Angkola","12.03.30.2016","Aek Parupuk"
"12","Sumatera Utara","12.03","Kabupaten Tapanuli Selatan","12.03.30","Tano Tombangan Angkola","12.03.30.2017","Tanjung Medan"
"12","Sumatera Utara","12.03","Kabupaten Tapanuli Selatan","12.03.31","Angkola Sangkunur","12.03.31.1001","Sangkunur"
"12","Sumatera Utara","12.03","Kabupaten Tapanuli Selatan","12.03.31","Angkola Sangkunur","12.03.31.1002","Rianiate"
"12","Sumatera Utara","12.03","Kabupaten Tapanuli Selatan","12.03.31","Angkola Sangkunur","12.03.31.2003","Simatohir"
"12","Sumatera Utara","12.03","Kabupaten Tapanuli Selatan","12.03.31","Angkola Sangkunur","12.03.31.2004","Perkebunan"
"12","Sumatera Utara","12.03","Kabupaten Tapanuli Selatan","12.03.31","Angkola Sangkunur","12.03.31.2005","Bandar Tarutung"
"12","Sumatera Utara","12.03","Kabupaten Tapanuli Selatan","12.03.31","Angkola Sangkunur","12.03.31.2006","Aek Pardomuan"
"12","Sumatera Utara","12.03","Kabupaten Tapanuli Selatan","12.03.31","Angkola Sangkunur","12.03.31.2007","Tindoan Laut"
"12","Sumatera Utara","12.03","Kabupaten Tapanuli Selatan","12.03.31","Angkola Sangkunur","12.03.31.2008","Simataniari"
"12","Sumatera Utara","12.03","Kabupaten Tapanuli Selatan","12.03.31","Angkola Sangkunur","12.03.31.2009","Batu Godang"
"12","Sumatera Utara","12.03","Kabupaten Tapanuli Selatan","12.03.31","Angkola Sangkunur","12.03.31.2010","Malombu"
"12","Sumatera Utara","12.03","Kabupaten Tapanuli Selatan","12.03.32","Angkola Muara Tais","12.03.32.1001","Bintuju"
"12","Sumatera Utara","12.03","Kabupaten Tapanuli Selatan","12.03.32","Angkola Muara Tais","12.03.32.1002","Huta Tonga"
"12","Sumatera Utara","12.03","Kabupaten Tapanuli Selatan","12.03.32","Angkola Muara Tais","12.03.32.2003","Basilam Baru"
"12","Sumatera Utara","12.03","Kabupaten Tapanuli Selatan","12.03.32","Angkola Muara Tais","12.03.32.2004","Sipangko"
"12","Sumatera Utara","12.03","Kabupaten Tapanuli Selatan","12.03.32","Angkola Muara Tais","12.03.32.2005","Huta Holbung"
"12","Sumatera Utara","12.03","Kabupaten Tapanuli Selatan","12.03.32","Angkola Muara Tais","12.03.32.2006","Muara Tais I"
"12","Sumatera Utara","12.03","Kabupaten Tapanuli Selatan","12.03.32","Angkola Muara Tais","12.03.32.2007","Muara Tais II"
"12","Sumatera Utara","12.03","Kabupaten Tapanuli Selatan","12.03.32","Angkola Muara Tais","12.03.32.2008","Muara Tais III"
"12","Sumatera Utara","12.03","Kabupaten Tapanuli Selatan","12.03.32","Angkola Muara Tais","12.03.32.2009","Janji Mauli MT"
"12","Sumatera Utara","12.03","Kabupaten Tapanuli Selatan","12.03.32","Angkola Muara Tais","12.03.32.2010","Pargumbangan"
"12","Sumatera Utara","12.03","Kabupaten Tapanuli Selatan","12.03.32","Angkola Muara Tais","12.03.32.2011","Pangaribuan"
"12","Sumatera Utara","12.03","Kabupaten Tapanuli Selatan","12.03.32","Angkola Muara Tais","12.03.32.2012","Pasir Matogu"
"12","Sumatera Utara","12.03","Kabupaten Tapanuli Selatan","12.03.32","Angkola Muara Tais","12.03.32.2013","Sori Manaon"
"12","Sumatera Utara","12.03","Kabupaten Tapanuli Selatan","12.03.32","Angkola Muara Tais","12.03.32.2014","Muara Purba Nauli"
"12","Sumatera Utara","12.03","Kabupaten Tapanuli Selatan","12.03.32","Angkola Muara Tais","12.03.32.2015","Tatengger"
"12","Sumatera Utara","12.04","Kabupaten Nias","12.04.05","Hiliduho","12.04.05.2001","Ononamolo I Bot"
"12","Sumatera Utara","12.04","Kabupaten Nias","12.04.05","Hiliduho","12.04.05.2021","Dima"
"12","Sumatera Utara","12.04","Kabupaten Nias","12.04.05","Hiliduho","12.04.05.2022","Sinarikhi"
"12","Sumatera Utara","12.04","Kabupaten Nias","12.04.05","Hiliduho","12.04.05.2023","Ombolata Salo'o"
"12","Sumatera Utara","12.04","Kabupaten Nias","12.04.05","Hiliduho","12.04.05.2024","Sisobalauru"
"12","Sumatera Utara","12.04","Kabupaten Nias","12.04.05","Hiliduho","12.04.05.2025","Tuhegafoa II"
"12","Sumatera Utara","12.04","Kabupaten Nias","12.04.05","Hiliduho","12.04.05.2027","Fadoro Lauru"
"12","Sumatera Utara","12.04","Kabupaten Nias","12.04.05","Hiliduho","12.04.05.2028","Lasara Tanose'o"
"12","Sumatera Utara","12.04","Kabupaten Nias","12.04.05","Hiliduho","12.04.05.2030","Hiliduho"
"12","Sumatera Utara","12.04","Kabupaten Nias","12.04.05","Hiliduho","12.04.05.2031","Hiligodu Tanose'o"
"12","Sumatera Utara","12.04","Kabupaten Nias","12.04.05","Hiliduho","12.04.05.2032","Sisobahili I Tanose'o"
"12","Sumatera Utara","12.04","Kabupaten Nias","12.04.05","Hiliduho","12.04.05.2033","Onozitolidulu"
"12","Sumatera Utara","12.04","Kabupaten Nias","12.04.05","Hiliduho","12.04.05.2034","Mazingo Tanose'o"
"12","Sumatera Utara","12.04","Kabupaten Nias","12.04.05","Hiliduho","12.04.05.2040","Onowaembo Hiligara"
"12","Sumatera Utara","12.04","Kabupaten Nias","12.04.05","Hiliduho","12.04.05.2041","Silimabanua"
"12","Sumatera Utara","12.04","Kabupaten Nias","12.04.05","Hiliduho","12.04.05.2042","Ombolata Sisarahili"
"12","Sumatera Utara","12.04","Kabupaten Nias","12.04.06","Gido","12.04.06.2006","Hiliotalua"
"12","Sumatera Utara","12.04","Kabupaten Nias","12.04.06","Gido","12.04.06.2008","Akhelauwe"
"12","Sumatera Utara","12.04","Kabupaten Nias","12.04.06","Gido","12.04.06.2016","Hilisebua"
"12","Sumatera Utara","12.04","Kabupaten Nias","12.04.06","Gido","12.04.06.2017","Somi"
"12","Sumatera Utara","12.04","Kabupaten Nias","12.04.06","Gido","12.04.06.2018","Sirete"
"12","Sumatera Utara","12.04","Kabupaten Nias","12.04.06","Gido","12.04.06.2019","Hiliweto Gido"
"12","Sumatera Utara","12.04","Kabupaten Nias","12.04.06","Gido","12.04.06.2020","Loloana'a Gido"
"12","Sumatera Utara","12.04","Kabupaten Nias","12.04.06","Gido","12.04.06.2022","Sisobahili"
"12","Sumatera Utara","12.04","Kabupaten Nias","12.04.06","Gido","12.04.06.2023","Lahemo"
"12","Sumatera Utara","12.04","Kabupaten Nias","12.04.06","Gido","12.04.06.2024","Ladea"
"12","Sumatera Utara","12.04","Kabupaten Nias","12.04.06","Gido","12.04.06.2027","Umbu"
"12","Sumatera Utara","12.04","Kabupaten Nias","12.04.06","Gido","12.04.06.2028","Soewe"
"12","Sumatera Utara","12.04","Kabupaten Nias","12.04.06","Gido","12.04.06.2029","Lolozasai"
"12","Sumatera Utara","12.04","Kabupaten Nias","12.04.06","Gido","12.04.06.2030","Lasara Idanoi"
"12","Sumatera Utara","12.04","Kabupaten Nias","12.04.06","Gido","12.04.06.2050","Lasela"
"12","Sumatera Utara","12.04","Kabupaten Nias","12.04.06","Gido","12.04.06.2051","Ladea Orahua"
"12","Sumatera Utara","12.04","Kabupaten Nias","12.04.06","Gido","12.04.06.2052","Tulumbaho Salo'o"
"12","Sumatera Utara","12.04","Kabupaten Nias","12.04.06","Gido","12.04.06.2053","Nifalo'olauru"
"12","Sumatera Utara","12.04","Kabupaten Nias","12.04.06","Gido","12.04.06.2054","Hilizoi"
"12","Sumatera Utara","12.04","Kabupaten Nias","12.04.06","Gido","12.04.06.2055","Somi Botogo'o"
"12","Sumatera Utara","12.04","Kabupaten Nias","12.04.06","Gido","12.04.06.2056","Olindrawa Sisarahili"
"12","Sumatera Utara","12.04","Kabupaten Nias","12.04.10","Idanogawo","12.04.10.2005","Hilimoasio"
"12","Sumatera Utara","12.04","Kabupaten Nias","12.04.10","Idanogawo","12.04.10.2006","Tetegeona'ai"
"12","Sumatera Utara","12.04","Kabupaten Nias","12.04.10","Idanogawo","12.04.10.2007","Laowo Hilimbaruzo"
"12","Sumatera Utara","12.04","Kabupaten Nias","12.04.10","Idanogawo","12.04.10.2008","Hililawa'e"
"12","Sumatera Utara","12.04","Kabupaten Nias","12.04.10","Idanogawo","12.04.10.2009","Tuhewaebu"
"12","Sumatera Utara","12.04","Kabupaten Nias","12.04.10","Idanogawo","12.04.10.2014","Sisobahili Iraonohura"
"12","Sumatera Utara","12.04","Kabupaten Nias","12.04.10","Idanogawo","12.04.10.2015","Bozihona"
"12","Sumatera Utara","12.04","Kabupaten Nias","12.04.10","Idanogawo","12.04.10.2016","Oladano"
"12","Sumatera Utara","12.04","Kabupaten Nias","12.04.10","Idanogawo","12.04.10.2017","Ahedano"
"12","Sumatera Utara","12.04","Kabupaten Nias","12.04.10","Idanogawo","12.04.10.2018","Hilina'a Tafuo"
"12","Sumatera Utara","12.04","Kabupaten Nias","12.04.10","Idanogawo","12.04.10.2019","Hilionozega"
"12","Sumatera Utara","12.04","Kabupaten Nias","12.04.10","Idanogawo","12.04.10.2020","Mondrali"
"12","Sumatera Utara","12.04","Kabupaten Nias","12.04.10","Idanogawo","12.04.10.2022","Tetehosi"
"12","Sumatera Utara","12.04","Kabupaten Nias","12.04.10","Idanogawo","12.04.10.2023","Saiwahili Hiliadulo"
"12","Sumatera Utara","12.04","Kabupaten Nias","12.04.10","Idanogawo","12.04.10.2024","Maliwa'a"
"12","Sumatera Utara","12.04","Kabupaten Nias","12.04.10","Idanogawo","12.04.10.2025","Biouti"
"12","Sumatera Utara","12.04","Kabupaten Nias","12.04.10","Idanogawo","12.04.10.2026","Awoni Lauso"
"12","Sumatera Utara","12.04","Kabupaten Nias","12.04.10","Idanogawo","12.04.10.2027","Bobozioli Loloana'a"
"12","Sumatera Utara","12.04","Kabupaten Nias","12.04.10","Idanogawo","12.04.10.2028","Sandruta"
"12","Sumatera Utara","12.04","Kabupaten Nias","12.04.10","Idanogawo","12.04.10.2029","Laira"
"12","Sumatera Utara","12.04","Kabupaten Nias","12.04.10","Idanogawo","12.04.10.2030","Otalua"
"12","Sumatera Utara","12.04","Kabupaten Nias","12.04.10","Idanogawo","12.04.10.2031","Baruzo"
"12","Sumatera Utara","12.04","Kabupaten Nias","12.04.10","Idanogawo","12.04.10.2032","Orahili Zuzundrao"
"12","Sumatera Utara","12.04","Kabupaten Nias","12.04.10","Idanogawo","12.04.10.2033","Tiga Serangkai Maliwa'a"
"12","Sumatera Utara","12.04","Kabupaten Nias","12.04.10","Idanogawo","12.04.10.2034","Hiligogowaya Maliwa'a"
"12","Sumatera Utara","12.04","Kabupaten Nias","12.04.10","Idanogawo","12.04.10.2035","Hili'adulo"
"12","Sumatera Utara","12.04","Kabupaten Nias","12.04.10","Idanogawo","12.04.10.2036","Hilimoasio Dua"
"12","Sumatera Utara","12.04","Kabupaten Nias","12.04.10","Idanogawo","12.04.10.2037","Biouti Timur"
"12","Sumatera Utara","12.04","Kabupaten Nias","12.04.11","Bawolato","12.04.11.2002","Sisarahili Bawolato"
"12","Sumatera Utara","12.04","Kabupaten Nias","12.04.11","Bawolato","12.04.11.2003","Hiliganoita"
"12","Sumatera Utara","12.04","Kabupaten Nias","12.04.11","Bawolato","12.04.11.2004","Gazamanu"
"12","Sumatera Utara","12.04","Kabupaten Nias","12.04.11","Bawolato","12.04.11.2005","Hilihoru"
"12","Sumatera Utara","12.04","Kabupaten Nias","12.04.11","Bawolato","12.04.11.2006","Hilialawa"
"12","Sumatera Utara","12.04","Kabupaten Nias","12.04.11","Bawolato","12.04.11.2007","Hilifaosi"
"12","Sumatera Utara","12.04","Kabupaten Nias","12.04.11","Bawolato","12.04.11.2008","Hiliwarokha"
"12","Sumatera Utara","12.04","Kabupaten Nias","12.04.11","Bawolato","12.04.11.2009","Sitolubanua"
"12","Sumatera Utara","12.04","Kabupaten Nias","12.04.11","Bawolato","12.04.11.2010","Siofaewali"
"12","Sumatera Utara","12.04","Kabupaten Nias","12.04.11","Bawolato","12.04.11.2011","Sohoya"
"12","Sumatera Utara","12.04","Kabupaten Nias","12.04.11","Bawolato","12.04.11.2012","Botohaenga"
"12","Sumatera Utara","12.04","Kabupaten Nias","12.04.11","Bawolato","12.04.11.2013","Orahili"
"12","Sumatera Utara","12.04","Kabupaten Nias","12.04.11","Bawolato","12.04.11.2014","Tagaule"
"12","Sumatera Utara","12.04","Kabupaten Nias","12.04.11","Bawolato","12.04.11.2015","Siofabanua"
"12","Sumatera Utara","12.04","Kabupaten Nias","12.04.11","Bawolato","12.04.11.2016","Sifaoro'asi Uluhou"
"12","Sumatera Utara","12.04","Kabupaten Nias","12.04.11","Bawolato","12.04.11.2017","Dahana"
"12","Sumatera Utara","12.04","Kabupaten Nias","12.04.11","Bawolato","12.04.11.2018","Orahua"
"12","Sumatera Utara","12.04","Kabupaten Nias","12.04.11","Bawolato","12.04.11.2019","Banua Sibohou Silima Ewali"
"12","Sumatera Utara","12.04","Kabupaten Nias","12.04.11","Bawolato","12.04.11.2020","Si'ofaewali Selatan"
"12","Sumatera Utara","12.04","Kabupaten Nias","12.04.11","Bawolato","12.04.11.2021","Lagasimahe"
"12","Sumatera Utara","12.04","Kabupaten Nias","12.04.11","Bawolato","12.04.11.2022","Hilihao Cugala"
"12","Sumatera Utara","12.04","Kabupaten Nias","12.04.11","Bawolato","12.04.11.2023","Orahua Faondrato"
"12","Sumatera Utara","12.04","Kabupaten Nias","12.04.11","Bawolato","12.04.11.2024","Hou"
"12","Sumatera Utara","12.04","Kabupaten Nias","12.04.11","Bawolato","12.04.11.2025","Sindrondro"
"12","Sumatera Utara","12.04","Kabupaten Nias","12.04.11","Bawolato","12.04.11.2026","Balale Toba'a"
"12","Sumatera Utara","12.04","Kabupaten Nias","12.04.20","Hiliserangkai","12.04.20.2001","Fadoro Hunogoa"
"12","Sumatera Utara","12.04","Kabupaten Nias","12.04.20","Hiliserangkai","12.04.20.2002","Lolofaoso Lalai"
"12","Sumatera Utara","12.04","Kabupaten Nias","12.04.20","Hiliserangkai","12.04.20.2003","Fulolo Lalai"
"12","Sumatera Utara","12.04","Kabupaten Nias","12.04.20","Hiliserangkai","12.04.20.2004","Lawa-Lawa"
"12","Sumatera Utara","12.04","Kabupaten Nias","12.04.20","Hiliserangkai","12.04.20.2005","Lalai I/II"
"12","Sumatera Utara","12.04","Kabupaten Nias","12.04.20","Hiliserangkai","12.04.20.2006","Lolowua"
"12","Sumatera Utara","12.04","Kabupaten Nias","12.04.20","Hiliserangkai","12.04.20.2007","Dahadano Botombawo"
"12","Sumatera Utara","12.04","Kabupaten Nias","12.04.20","Hiliserangkai","12.04.20.2008","Fadoro Lalai"
"12","Sumatera Utara","12.04","Kabupaten Nias","12.04.20","Hiliserangkai","12.04.20.2009","Lolowua Hiliwarasi"
"12","Sumatera Utara","12.04","Kabupaten Nias","12.04.20","Hiliserangkai","12.04.20.2010","Hilizia Lauru"
"12","Sumatera Utara","12.04","Kabupaten Nias","12.04.20","Hiliserangkai","12.04.20.2011","Ehosakhozi"
"12","Sumatera Utara","12.04","Kabupaten Nias","12.04.20","Hiliserangkai","12.04.20.2012","Awela"
"12","Sumatera Utara","12.04","Kabupaten Nias","12.04.20","Hiliserangkai","12.04.20.2013","Onombongi"
"12","Sumatera Utara","12.04","Kabupaten Nias","12.04.20","Hiliserangkai","12.04.20.2014","Orahili Idanoi"
"12","Sumatera Utara","12.04","Kabupaten Nias","12.04.20","Hiliserangkai","12.04.20.2015","Lolofaoso"
"12","Sumatera Utara","12.04","Kabupaten Nias","12.04.21","Botomuzoi","12.04.21.2001","Hiligodu Botomuzoi"
"12","Sumatera Utara","12.04","Kabupaten Nias","12.04.21","Botomuzoi","12.04.21.2002","Lasara Botomuzoi"
"12","Sumatera Utara","12.04","Kabupaten Nias","12.04.21","Botomuzoi","12.04.21.2003","Hiliwa'ele I"
"12","Sumatera Utara","12.04","Kabupaten Nias","12.04.21","Botomuzoi","12.04.21.2004","Hilimbowo Botomuzoi"
"12","Sumatera Utara","12.04","Kabupaten Nias","12.04.21","Botomuzoi","12.04.21.2005","Simanaere Botomuzoi"
"12","Sumatera Utara","12.04","Kabupaten Nias","12.04.21","Botomuzoi","12.04.21.2006","Hiliwa'ele II"
"12","Sumatera Utara","12.04","Kabupaten Nias","12.04.21","Botomuzoi","12.04.21.2007","Tuhegafoa I"
"12","Sumatera Utara","12.04","Kabupaten Nias","12.04.21","Botomuzoi","12.04.21.2008","Balohili Botomuzoi"
"12","Sumatera Utara","12.04","Kabupaten Nias","12.04.21","Botomuzoi","12.04.21.2009","Hilihambawa Botomuzoi"
"12","Sumatera Utara","12.04","Kabupaten Nias","12.04.21","Botomuzoi","12.04.21.2010","Fulolo Botomuzoi"
"12","Sumatera Utara","12.04","Kabupaten Nias","12.04.21","Botomuzoi","12.04.21.2011","Loloana'a"
"12","Sumatera Utara","12.04","Kabupaten Nias","12.04.21","Botomuzoi","12.04.21.2012","Ononamolo Talafu"
"12","Sumatera Utara","12.04","Kabupaten Nias","12.04.21","Botomuzoi","12.04.21.2013","Sisobahili Dola"
"12","Sumatera Utara","12.04","Kabupaten Nias","12.04.21","Botomuzoi","12.04.21.2014","Banua Sibohou Botomuzoi"
"12","Sumatera Utara","12.04","Kabupaten Nias","12.04.21","Botomuzoi","12.04.21.2015","Mohili Berua Botomuzoi"
"12","Sumatera Utara","12.04","Kabupaten Nias","12.04.21","Botomuzoi","12.04.21.2016","Tetehosi Botomuzoi"
"12","Sumatera Utara","12.04","Kabupaten Nias","12.04.21","Botomuzoi","12.04.21.2017","Talafu"
"12","Sumatera Utara","12.04","Kabupaten Nias","12.04.21","Botomuzoi","12.04.21.2018","Ola Nori"
"12","Sumatera Utara","12.04","Kabupaten Nias","12.04.27","Ulugawo","12.04.27.2001","Orahili"
"12","Sumatera Utara","12.04","Kabupaten Nias","12.04.27","Ulugawo","12.04.27.2002","Hiliweto Gela"
"12","Sumatera Utara","12.04","Kabupaten Nias","12.04.27","Ulugawo","12.04.27.2003","Lawa-lawa Luo"
"12","Sumatera Utara","12.04","Kabupaten Nias","12.04.27","Ulugawo","12.04.27.2004","Hilimbowo"
"12","Sumatera Utara","12.04","Kabupaten Nias","12.04.27","Ulugawo","12.04.27.2005","Hilibadalu"
"12","Sumatera Utara","12.04","Kabupaten Nias","12.04.27","Ulugawo","12.04.27.2006","Fatodano"
"12","Sumatera Utara","12.04","Kabupaten Nias","12.04.27","Ulugawo","12.04.27.2007","Fahandrona"
"12","Sumatera Utara","12.04","Kabupaten Nias","12.04.27","Ulugawo","12.04.27.2008","Onodalinga"
"12","Sumatera Utara","12.04","Kabupaten Nias","12.04.27","Ulugawo","12.04.27.2009","Holi"
"12","Sumatera Utara","12.04","Kabupaten Nias","12.04.27","Ulugawo","12.04.27.2010","Sisobahili Ulugawo"
"12","Sumatera Utara","12.04","Kabupaten Nias","12.04.27","Ulugawo","12.04.27.2011","Sifaoroasi Ulugawo"
"12","Sumatera Utara","12.04","Kabupaten Nias","12.04.27","Ulugawo","12.04.27.2012","Mohili"
"12","Sumatera Utara","12.04","Kabupaten Nias","12.04.27","Ulugawo","12.04.27.2013","Hiligafoa"
"12","Sumatera Utara","12.04","Kabupaten Nias","12.04.27","Ulugawo","12.04.27.2014","Sisarahili Soroma'asi"
"12","Sumatera Utara","12.04","Kabupaten Nias","12.04.28","Ma'u","12.04.28.2001","Balodano"
"12","Sumatera Utara","12.04","Kabupaten Nias","12.04.28","Ma'u","12.04.28.2002","Lewuoguru II"
"12","Sumatera Utara","12.04","Kabupaten Nias","12.04.28","Ma'u","12.04.28.2003","Sihare'o III"
"12","Sumatera Utara","12.04","Kabupaten Nias","12.04.28","Ma'u","12.04.28.2004","Sisarahili Ma'u"
"12","Sumatera Utara","12.04","Kabupaten Nias","12.04.28","Ma'u","12.04.28.2005","Lasara Siwalubanua"
"12","Sumatera Utara","12.04","Kabupaten Nias","12.04.28","Ma'u","12.04.28.2006","Tuhemberua"
"12","Sumatera Utara","12.04","Kabupaten Nias","12.04.28","Ma'u","12.04.28.2007","Atualuo"
"12","Sumatera Utara","12.04","Kabupaten Nias","12.04.28","Ma'u","12.04.28.2008","Lewa-lewa"
"12","Sumatera Utara","12.04","Kabupaten Nias","12.04.28","Ma'u","12.04.28.2009","Dekha"
"12","Sumatera Utara","12.04","Kabupaten Nias","12.04.28","Ma'u","12.04.28.2010","Sihare'o III Bawosalo'o Berua"
"12","Sumatera Utara","12.04","Kabupaten Nias","12.04.28","Ma'u","12.04.28.2011","Sihare'o III Hilibadalu"
"12","Sumatera Utara","12.04","Kabupaten Nias","12.04.29","Somolo-molo","12.04.29.2001","Sisobawino I"
"12","Sumatera Utara","12.04","Kabupaten Nias","12.04.29","Somolo-molo","12.04.29.2002","I'odano"
"12","Sumatera Utara","12.04","Kabupaten Nias","12.04.29","Somolo-molo","12.04.29.2003","Huno"
"12","Sumatera Utara","12.04","Kabupaten Nias","12.04.29","Somolo-molo","12.04.29.2004","Sisaratandrawa"
"12","Sumatera Utara","12.04","Kabupaten Nias","12.04.29","Somolo-molo","12.04.29.2005","Somolo-molo"
"12","Sumatera Utara","12.04","Kabupaten Nias","12.04.29","Somolo-molo","12.04.29.2006","Lewuoguru I"
"12","Sumatera Utara","12.04","Kabupaten Nias","12.04.29","Somolo-molo","12.04.29.2007","Sifaoroasi"
"12","Sumatera Utara","12.04","Kabupaten Nias","12.04.29","Somolo-molo","12.04.29.2008","Lewuombanua"
"12","Sumatera Utara","12.04","Kabupaten Nias","12.04.29","Somolo-molo","12.04.29.2009","Hiligodu Somolo-Molo"
"12","Sumatera Utara","12.04","Kabupaten Nias","12.04.29","Somolo-molo","12.04.29.2010","Hilimborodano"
"12","Sumatera Utara","12.04","Kabupaten Nias","12.04.29","Somolo-molo","12.04.29.2011","So'ewali"
"12","Sumatera Utara","12.04","Kabupaten Nias","12.04.35","Sogae'adu","12.04.35.2001","Tuhembuasi"
"12","Sumatera Utara","12.04","Kabupaten Nias","12.04.35","Sogae'adu","12.04.35.2002","Hilibadalu"
"12","Sumatera Utara","12.04","Kabupaten Nias","12.04.35","Sogae'adu","12.04.35.2003","La'uri"
"12","Sumatera Utara","12.04","Kabupaten Nias","12.04.35","Sogae'adu","12.04.35.2004","Hilimbana"
"12","Sumatera Utara","12.04","Kabupaten Nias","12.04.35","Sogae'adu","12.04.35.2005","Saitagaramba"
"12","Sumatera Utara","12.04","Kabupaten Nias","12.04.35","Sogae'adu","12.04.35.2006","Sogae'adu"
"12","Sumatera Utara","12.04","Kabupaten Nias","12.04.35","Sogae'adu","12.04.35.2007","Baruzo"
"12","Sumatera Utara","12.04","Kabupaten Nias","12.04.35","Sogae'adu","12.04.35.2008","Tulumbaho"
"12","Sumatera Utara","12.04","Kabupaten Nias","12.04.35","Sogae'adu","12.04.35.2009","Sisarahili Sogae'adu"
"12","Sumatera Utara","12.04","Kabupaten Nias","12.04.35","Sogae'adu","12.04.35.2010","We'a-we'a"
"12","Sumatera Utara","12.04","Kabupaten Nias","12.04.35","Sogae'adu","12.04.35.2011","Sihare'o Sogae'adu"
"12","Sumatera Utara","12.05","Kabupaten Langkat","12.05.01","Bahorok","12.05.01.1001","Pekan Bahorok"
"12","Sumatera Utara","12.05","Kabupaten Langkat","12.05.01","Bahorok","12.05.01.2002","Lau Damak"
"12","Sumatera Utara","12.05","Kabupaten Langkat","12.05.01","Bahorok","12.05.01.2003","Timbang Lawan"
"12","Sumatera Utara","12.05","Kabupaten Langkat","12.05.01","Bahorok","12.05.01.2004","Sampe Raya"
"12","Sumatera Utara","12.05","Kabupaten Langkat","12.05.01","Bahorok","12.05.01.2005","Tanjung Lenggang"
"12","Sumatera Utara","12.05","Kabupaten Langkat","12.05.01","Bahorok","12.05.01.2006","Suka Rakyat"
"12","Sumatera Utara","12.05","Kabupaten Langkat","12.05.01","Bahorok","12.05.01.2007","Perkebunan Turangi"
"12","Sumatera Utara","12.05","Kabupaten Langkat","12.05.01","Bahorok","12.05.01.2008","Perkebunan Bungara"
"12","Sumatera Utara","12.05","Kabupaten Langkat","12.05.01","Bahorok","12.05.01.2009","Perkebunan B. Lawang"
"12","Sumatera Utara","12.05","Kabupaten Langkat","12.05.01","Bahorok","12.05.01.2011","Empus"
"12","Sumatera Utara","12.05","Kabupaten Langkat","12.05.01","Bahorok","12.05.01.2012","Simpang Pulo Rambung"
"12","Sumatera Utara","12.05","Kabupaten Langkat","12.05.01","Bahorok","12.05.01.2013","Perkebunan Sei Musam"
"12","Sumatera Utara","12.05","Kabupaten Langkat","12.05.01","Bahorok","12.05.01.2014","Batu Jong-Jong"
"12","Sumatera Utara","12.05","Kabupaten Langkat","12.05.01","Bahorok","12.05.01.2015","Sematar"
"12","Sumatera Utara","12.05","Kabupaten Langkat","12.05.01","Bahorok","12.05.01.2016","Perkebunan Pulo Rambung"
"12","Sumatera Utara","12.05","Kabupaten Langkat","12.05.01","Bahorok","12.05.01.2017","Sei Musam Kendit"
"12","Sumatera Utara","12.05","Kabupaten Langkat","12.05.01","Bahorok","12.05.01.2020","Timbang Jaya"
"12","Sumatera Utara","12.05","Kabupaten Langkat","12.05.01","Bahorok","12.05.01.2021","Musam Pembangunan"
"12","Sumatera Utara","12.05","Kabupaten Langkat","12.05.01","Bahorok","12.05.01.2022","Ujung Bandar"
"12","Sumatera Utara","12.05","Kabupaten Langkat","12.05.02","Salapian","12.05.02.1007","Tanjung Langkat"
"12","Sumatera Utara","12.05","Kabupaten Langkat","12.05.02","Salapian","12.05.02.2002","Perkebunan Tanjung Keliling"
"12","Sumatera Utara","12.05","Kabupaten Langkat","12.05.02","Salapian","12.05.02.2004","Perkebunan Gelugur Langkat"
"12","Sumatera Utara","12.05","Kabupaten Langkat","12.05.02","Salapian","12.05.02.2005","Perkebunan Tambunan"
"12","Sumatera Utara","12.05","Kabupaten Langkat","12.05.02","Salapian","12.05.02.2006","Perkebunan Bandar Telu"
"12","Sumatera Utara","12.05","Kabupaten Langkat","12.05.02","Salapian","12.05.02.2008","Naman Jahe"
"12","Sumatera Utara","12.05","Kabupaten Langkat","12.05.02","Salapian","12.05.02.2009","Turangi"
"12","Sumatera Utara","12.05","Kabupaten Langkat","12.05.02","Salapian","12.05.02.2010","Ujung Teran"
"12","Sumatera Utara","12.05","Kabupaten Langkat","12.05.02","Salapian","12.05.02.2011","Pamah Tambunan"
"12","Sumatera Utara","12.05","Kabupaten Langkat","12.05.02","Salapian","12.05.02.2014","Minta Kasih"
"12","Sumatera Utara","12.05","Kabupaten Langkat","12.05.02","Salapian","12.05.02.2019","Ujung Bandar"
"12","Sumatera Utara","12.05","Kabupaten Langkat","12.05.02","Salapian","12.05.02.2020","Lau Tepu"
"12","Sumatera Utara","12.05","Kabupaten Langkat","12.05.02","Salapian","12.05.02.2021","Parangguam"
"12","Sumatera Utara","12.05","Kabupaten Langkat","12.05.02","Salapian","12.05.02.2023","Ponco Warno"
"12","Sumatera Utara","12.05","Kabupaten Langkat","12.05.02","Salapian","12.05.02.2024","Adin Tengah"
"12","Sumatera Utara","12.05","Kabupaten Langkat","12.05.02","Salapian","12.05.02.2025","Lau Lugur"
"12","Sumatera Utara","12.05","Kabupaten Langkat","12.05.02","Salapian","12.05.02.2026","Pancur Ido"
"12","Sumatera Utara","12.05","Kabupaten Langkat","12.05.03","Kuala","12.05.03.1001","Pekan Kuala"
"12","Sumatera Utara","12.05","Kabupaten Langkat","12.05.03","Kuala","12.05.03.1019","Bela Rakyat"
"12","Sumatera Utara","12.05","Kabupaten Langkat","12.05.03","Kuala","12.05.03.2002","Dalan Naman"
"12","Sumatera Utara","12.05","Kabupaten Langkat","12.05.03","Kuala","12.05.03.2003","Balai Kasih"
"12","Sumatera Utara","12.05","Kabupaten Langkat","12.05.03","Kuala","12.05.03.2004","Bekiung"
"12","Sumatera Utara","12.05","Kabupaten Langkat","12.05.03","Kuala","12.05.03.2005","Blankahan"
"12","Sumatera Utara","12.05","Kabupaten Langkat","12.05.03","Kuala","12.05.03.2006","Besadi"
"12","Sumatera Utara","12.05","Kabupaten Langkat","12.05.03","Kuala","12.05.03.2007","Beruam"
"12","Sumatera Utara","12.05","Kabupaten Langkat","12.05.03","Kuala","12.05.03.2009","Raja Tengah"
"12","Sumatera Utara","12.05","Kabupaten Langkat","12.05.03","Kuala","12.05.03.2011","Namo Mbelin"
"12","Sumatera Utara","12.05","Kabupaten Langkat","12.05.03","Kuala","12.05.03.2012","Parit Bindu"
"12","Sumatera Utara","12.05","Kabupaten Langkat","12.05.03","Kuala","12.05.03.2013","Sei Penjara"
"12","Sumatera Utara","12.05","Kabupaten Langkat","12.05.03","Kuala","12.05.03.2015","Perkebunan Bekiun"
"12","Sumatera Utara","12.05","Kabupaten Langkat","12.05.03","Kuala","12.05.03.2016","Garunggang"
"12","Sumatera Utara","12.05","Kabupaten Langkat","12.05.03","Kuala","12.05.03.2017","Suka Damai"
"12","Sumatera Utara","12.05","Kabupaten Langkat","12.05.03","Kuala","12.05.03.2018","Sido Makmur"
"12","Sumatera Utara","12.05","Kabupaten Langkat","12.05.04","Sei Bingai","12.05.04.1005","Namu Ukur Selatan"
"12","Sumatera Utara","12.05","Kabupaten Langkat","12.05.04","Sei Bingai","12.05.04.2001","Telagah"
"12","Sumatera Utara","12.05","Kabupaten Langkat","12.05.04","Sei Bingai","12.05.04.2002","Rumah Galuh"
"12","Sumatera Utara","12.05","Kabupaten Langkat","12.05.04","Sei Bingai","12.05.04.2003","Simpang Kuta Buluh"
"12","Sumatera Utara","12.05","Kabupaten Langkat","12.05.04","Sei Bingai","12.05.04.2004","Gunung Ambat"
"12","Sumatera Utara","12.05","Kabupaten Langkat","12.05.04","Sei Bingai","12.05.04.2006","Belinteng"
"12","Sumatera Utara","12.05","Kabupaten Langkat","12.05.04","Sei Bingai","12.05.04.2007","Namu Ukur Utara"
"12","Sumatera Utara","12.05","Kabupaten Langkat","12.05.04","Sei Bingai","12.05.04.2008","Pasar VI Kwala Mencirim"
"12","Sumatera Utara","12.05","Kabupaten Langkat","12.05.04","Sei Bingai","12.05.04.2009","Emplasmen Kwala Mencirim"
"12","Sumatera Utara","12.05","Kabupaten Langkat","12.05.04","Sei Bingai","12.05.04.2010","Purwobinangun"
"12","Sumatera Utara","12.05","Kabupaten Langkat","12.05.04","Sei Bingai","12.05.04.2011","Pasar IV.Namo Terasi"
"12","Sumatera Utara","12.05","Kabupaten Langkat","12.05.04","Sei Bingai","12.05.04.2012","Pasar VIII.Namo Terasi"
"12","Sumatera Utara","12.05","Kabupaten Langkat","12.05.04","Sei Bingai","12.05.04.2013","Durian Lingga"
"12","Sumatera Utara","12.05","Kabupaten Langkat","12.05.04","Sei Bingai","12.05.04.2014","Pekan Sawah"
"12","Sumatera Utara","12.05","Kabupaten Langkat","12.05.04","Sei Bingai","12.05.04.2015","Tanjung Gunung"
"12","Sumatera Utara","12.05","Kabupaten Langkat","12.05.04","Sei Bingai","12.05.04.2016","Mekar Jaya"
"12","Sumatera Utara","12.05","Kabupaten Langkat","12.05.05","Binjai","12.05.05.1001","Kwala Begumit"
"12","Sumatera Utara","12.05","Kabupaten Langkat","12.05.05","Binjai","12.05.05.2002","Sambi Rejo"
"12","Sumatera Utara","12.05","Kabupaten Langkat","12.05.05","Binjai","12.05.05.2003","Sendang Rejo"
"12","Sumatera Utara","12.05","Kabupaten Langkat","12.05.05","Binjai","12.05.05.2004","Tanjung Jati"
"12","Sumatera Utara","12.05","Kabupaten Langkat","12.05.05","Binjai","12.05.05.2005","Sidomulyo"
"12","Sumatera Utara","12.05","Kabupaten Langkat","12.05.05","Binjai","12.05.05.2006","Perdamaian"
"12","Sumatera Utara","12.05","Kabupaten Langkat","12.05.05","Binjai","12.05.05.2007","Suka Makmur"
"12","Sumatera Utara","12.05","Kabupaten Langkat","12.05.06","Selesai","12.05.06.1001","Pekan Selesai"
"12","Sumatera Utara","12.05","Kabupaten Langkat","12.05.06","Selesai","12.05.06.2002","Sei Limbat"
"12","Sumatera Utara","12.05","Kabupaten Langkat","12.05.06","Selesai","12.05.06.2003","Padang Brahrang"
"12","Sumatera Utara","12.05","Kabupaten Langkat","12.05.06","Selesai","12.05.06.2004","Tanjung Merahe"
"12","Sumatera Utara","12.05","Kabupaten Langkat","12.05.06","Selesai","12.05.06.2005","Nambiki"
"12","Sumatera Utara","12.05","Kabupaten Langkat","12.05.06","Selesai","12.05.06.2006","Lau Mulgap"
"12","Sumatera Utara","12.05","Kabupaten Langkat","12.05.06","Selesai","12.05.06.2007","Kuta Parit"
"12","Sumatera Utara","12.05","Kabupaten Langkat","12.05.06","Selesai","12.05.06.2008","Bekulap"
"12","Sumatera Utara","12.05","Kabupaten Langkat","12.05.06","Selesai","12.05.06.2009","Perhiasan"
"12","Sumatera Utara","12.05","Kabupaten Langkat","12.05.06","Selesai","12.05.06.2010","Selayang"
"12","Sumatera Utara","12.05","Kabupaten Langkat","12.05.06","Selesai","12.05.06.2011","Mancang"
"12","Sumatera Utara","12.05","Kabupaten Langkat","12.05.06","Selesai","12.05.06.2012","Kwala Air Hitam"
"12","Sumatera Utara","12.05","Kabupaten Langkat","12.05.06","Selesai","12.05.06.2013","Padang Cermin"
"12","Sumatera Utara","12.05","Kabupaten Langkat","12.05.06","Selesai","12.05.06.2014","Selayang Baru"
"12","Sumatera Utara","12.05","Kabupaten Langkat","12.05.07","Stabat","12.05.07.1004","Perdamaian"
"12","Sumatera Utara","12.05","Kabupaten Langkat","12.05.07","Stabat","12.05.07.1005","Kwala Bingai"
"12","Sumatera Utara","12.05","Kabupaten Langkat","12.05.07","Stabat","12.05.07.1006","Sidomulyo"
"12","Sumatera Utara","12.05","Kabupaten Langkat","12.05.07","Stabat","12.05.07.1010","Stabat Baru"
"12","Sumatera Utara","12.05","Kabupaten Langkat","12.05.07","Stabat","12.05.07.1011","Dendang"
"12","Sumatera Utara","12.05","Kabupaten Langkat","12.05.07","Stabat","12.05.07.1012","Paya Mabar"
"12","Sumatera Utara","12.05","Kabupaten Langkat","12.05.07","Stabat","12.05.07.2001","Karang Rejo"
"12","Sumatera Utara","12.05","Kabupaten Langkat","12.05.07","Stabat","12.05.07.2002","Kwala Begumit"
"12","Sumatera Utara","12.05","Kabupaten Langkat","12.05.07","Stabat","12.05.07.2003","Mangga"
"12","Sumatera Utara","12.05","Kabupaten Langkat","12.05.07","Stabat","12.05.07.2007","Banyumas"
"12","Sumatera Utara","12.05","Kabupaten Langkat","12.05.07","Stabat","12.05.07.2008","Pantai Gemi"
"12","Sumatera Utara","12.05","Kabupaten Langkat","12.05.07","Stabat","12.05.07.2009","Ara Condong"
"12","Sumatera Utara","12.05","Kabupaten Langkat","12.05.08","Wampu","12.05.08.1001","Bingai"
"12","Sumatera Utara","12.05","Kabupaten Langkat","12.05.08","Wampu","12.05.08.2002","Gohor Lama"
"12","Sumatera Utara","12.05","Kabupaten Langkat","12.05.08","Wampu","12.05.08.2003","Stabat Lama"
"12","Sumatera Utara","12.05","Kabupaten Langkat","12.05.08","Wampu","12.05.08.2004","Besilam Bukit Lembasa"
"12","Sumatera Utara","12.05","Kabupaten Langkat","12.05.08","Wampu","12.05.08.2005","Kebun Balok"
"12","Sumatera Utara","12.05","Kabupaten Langkat","12.05.08","Wampu","12.05.08.2006","Bukit Melintang"
"12","Sumatera Utara","12.05","Kabupaten Langkat","12.05.08","Wampu","12.05.08.2007","Gergas"
"12","Sumatera Utara","12.05","Kabupaten Langkat","12.05.08","Wampu","12.05.08.2008","Stabat Lama Barat"
"12","Sumatera Utara","12.05","Kabupaten Langkat","12.05.08","Wampu","12.05.08.2009","Sumber Mulyo"
"12","Sumatera Utara","12.05","Kabupaten Langkat","12.05.08","Wampu","12.05.08.2010","Pertumbukan"
"12","Sumatera Utara","12.05","Kabupaten Langkat","12.05.08","Wampu","12.05.08.2011","Paya Tusam"
"12","Sumatera Utara","12.05","Kabupaten Langkat","12.05.08","Wampu","12.05.08.2012","Mekar Jaya"
"12","Sumatera Utara","12.05","Kabupaten Langkat","12.05.08","Wampu","12.05.08.2013","Jentera Stabat"
"12","Sumatera Utara","12.05","Kabupaten Langkat","12.05.08","Wampu","12.05.08.2014","Stungkit"
"12","Sumatera Utara","12.05","Kabupaten Langkat","12.05.09","Secanggang","12.05.09.1004","Hinai Kiri"
"12","Sumatera Utara","12.05","Kabupaten Langkat","12.05.09","Secanggang","12.05.09.2001","Kepala Sungai"
"12","Sumatera Utara","12.05","Kabupaten Langkat","12.05.09","Secanggang","12.05.09.2002","Teluk"
"12","Sumatera Utara","12.05","Kabupaten Langkat","12.05.09","Secanggang","12.05.09.2003","Cinta Raja"
"12","Sumatera Utara","12.05","Kabupaten Langkat","12.05.09","Secanggang","12.05.09.2005","Kebun Kelapa"
"12","Sumatera Utara","12.05","Kabupaten Langkat","12.05.09","Secanggang","12.05.09.2006","Sungai Ular"
"12","Sumatera Utara","12.05","Kabupaten Langkat","12.05.09","Secanggang","12.05.09.2007","Tanjung Ibus"
"12","Sumatera Utara","12.05","Kabupaten Langkat","12.05.09","Secanggang","12.05.09.2008","Secanggang"
"12","Sumatera Utara","12.05","Kabupaten Langkat","12.05.09","Secanggang","12.05.09.2009","Selotong"
"12","Sumatera Utara","12.05","Kabupaten Langkat","12.05.09","Secanggang","12.05.09.2010","Karang Gading"
"12","Sumatera Utara","12.05","Kabupaten Langkat","12.05.09","Secanggang","12.05.09.2011","Jaring Halus"
"12","Sumatera Utara","12.05","Kabupaten Langkat","12.05.09","Secanggang","12.05.09.2012","Telaga Jernih"
"12","Sumatera Utara","12.05","Kabupaten Langkat","12.05.09","Secanggang","12.05.09.2013","Perkotaan"
"12","Sumatera Utara","12.05","Kabupaten Langkat","12.05.09","Secanggang","12.05.09.2014","Kwala Besar"
"12","Sumatera Utara","12.05","Kabupaten Langkat","12.05.09","Secanggang","12.05.09.2015","Karang Anyar"
"12","Sumatera Utara","12.05","Kabupaten Langkat","12.05.09","Secanggang","12.05.09.2016","Pantai Gading"
"12","Sumatera Utara","12.05","Kabupaten Langkat","12.05.09","Secanggang","12.05.09.2017","Suka Mulia"
"12","Sumatera Utara","12.05","Kabupaten Langkat","12.05.10","Hinai","12.05.10.1008","Kebun Lada"
"12","Sumatera Utara","12.05","Kabupaten Langkat","12.05.10","Hinai","12.05.10.2001","Cempa"
"12","Sumatera Utara","12.05","Kabupaten Langkat","12.05.10","Hinai","12.05.10.2002","Batu Malenggang"
"12","Sumatera Utara","12.05","Kabupaten Langkat","12.05.10","Hinai","12.05.10.2003","Tamaran"
"12","Sumatera Utara","12.05","Kabupaten Langkat","12.05.10","Hinai","12.05.10.2004","Tanjung Mulia"
"12","Sumatera Utara","12.05","Kabupaten Langkat","12.05.10","Hinai","12.05.10.2005","Muka Paya"
"12","Sumatera Utara","12.05","Kabupaten Langkat","12.05.10","Hinai","12.05.10.2006","Hinai Kanan"
"12","Sumatera Utara","12.05","Kabupaten Langkat","12.05.10","Hinai","12.05.10.2007","Suka Damai"
"12","Sumatera Utara","12.05","Kabupaten Langkat","12.05.10","Hinai","12.05.10.2009","Baru Pasar VIII"
"12","Sumatera Utara","12.05","Kabupaten Langkat","12.05.10","Hinai","12.05.10.2010","Perkebunan Tanjung Beringin"
"12","Sumatera Utara","12.05","Kabupaten Langkat","12.05.10","Hinai","12.05.10.2011","Suka Jadi"
"12","Sumatera Utara","12.05","Kabupaten Langkat","12.05.10","Hinai","12.05.10.2012","Paya Rengas"
"12","Sumatera Utara","12.05","Kabupaten Langkat","12.05.10","Hinai","12.05.10.2013","Suka Damai Timur"
"12","Sumatera Utara","12.05","Kabupaten Langkat","12.05.11","Tanjung Pura","12.05.11.1005","Pekan Tanjung Pura"
"12","Sumatera Utara","12.05","Kabupaten Langkat","12.05.11","Tanjung Pura","12.05.11.2001","Serapuh Asli"
"12","Sumatera Utara","12.05","Kabupaten Langkat","12.05.11","Tanjung Pura","12.05.11.2002","Pematang Tengah"
"12","Sumatera Utara","12.05","Kabupaten Langkat","12.05.11","Tanjung Pura","12.05.11.2003","Paya Perupuk"
"12","Sumatera Utara","12.05","Kabupaten Langkat","12.05.11","Tanjung Pura","12.05.11.2004","Lalang"
"12","Sumatera Utara","12.05","Kabupaten Langkat","12.05.11","Tanjung Pura","12.05.11.2006","Pekubuan"
"12","Sumatera Utara","12.05","Kabupaten Langkat","12.05.11","Tanjung Pura","12.05.11.2007","Teluk Bakung"
"12","Sumatera Utara","12.05","Kabupaten Langkat","12.05.11","Tanjung Pura","12.05.11.2008","Pantai Cermin"
"12","Sumatera Utara","12.05","Kabupaten Langkat","12.05.11","Tanjung Pura","12.05.11.2009","Pematang Serai"
"12","Sumatera Utara","12.05","Kabupaten Langkat","12.05.11","Tanjung Pura","12.05.11.2010","Baja Kuning"
"12","Sumatera Utara","12.05","Kabupaten Langkat","12.05.11","Tanjung Pura","12.05.11.2011","Pulau Banyak"
"12","Sumatera Utara","12.05","Kabupaten Langkat","12.05.11","Tanjung Pura","12.05.11.2012","Pematang Cengal"
"12","Sumatera Utara","12.05","Kabupaten Langkat","12.05.11","Tanjung Pura","12.05.11.2013","Kwala Serapuh"
"12","Sumatera Utara","12.05","Kabupaten Langkat","12.05.11","Tanjung Pura","12.05.11.2014","Kwala Langkat"
"12","Sumatera Utara","12.05","Kabupaten Langkat","12.05.11","Tanjung Pura","12.05.11.2015","Bubun"
"12","Sumatera Utara","12.05","Kabupaten Langkat","12.05.11","Tanjung Pura","12.05.11.2016","Tapak Kuda"
"12","Sumatera Utara","12.05","Kabupaten Langkat","12.05.11","Tanjung Pura","12.05.11.2017","Suka Maju"
"12","Sumatera Utara","12.05","Kabupaten Langkat","12.05.11","Tanjung Pura","12.05.11.2018","Karya Maju"
"12","Sumatera Utara","12.05","Kabupaten Langkat","12.05.11","Tanjung Pura","12.05.11.2019","Pematang Cengal Barat"
"12","Sumatera Utara","12.05","Kabupaten Langkat","12.05.12","Padang Tualang","12.05.12.1006","Tanjung Selamat"
"12","Sumatera Utara","12.05","Kabupaten Langkat","12.05.12","Padang Tualang","12.05.12.2001","Serapuh ABC"
"12","Sumatera Utara","12.05","Kabupaten Langkat","12.05.12","Padang Tualang","12.05.12.2002","Padang Tualang"
"12","Sumatera Utara","12.05","Kabupaten Langkat","12.05.12","Padang Tualang","12.05.12.2003","Kwala Besilam"
"12","Sumatera Utara","12.05","Kabupaten Langkat","12.05.12","Padang Tualang","12.05.12.2004","Buluh Telang"
"12","Sumatera Utara","12.05","Kabupaten Langkat","12.05.12","Padang Tualang","12.05.12.2005","Besilam"
"12","Sumatera Utara","12.05","Kabupaten Langkat","12.05.12","Padang Tualang","12.05.12.2007","Tebing Tanjung Selamat"
"12","Sumatera Utara","12.05","Kabupaten Langkat","12.05.12","Padang Tualang","12.05.12.2008","Tanjung Putus"
"12","Sumatera Utara","12.05","Kabupaten Langkat","12.05.12","Padang Tualang","12.05.12.2009","Suka Ramai"
"12","Sumatera Utara","12.05","Kabupaten Langkat","12.05.12","Padang Tualang","12.05.12.2010","Jati Sari"
"12","Sumatera Utara","12.05","Kabupaten Langkat","12.05.12","Padang Tualang","12.05.12.2011","Banjaran Raya"
"12","Sumatera Utara","12.05","Kabupaten Langkat","12.05.12","Padang Tualang","12.05.12.2012","Bukit Sari"
"12","Sumatera Utara","12.05","Kabupaten Langkat","12.05.13","Gebang","12.05.13.1001","Pekan Gebang"
"12","Sumatera Utara","12.05","Kabupaten Langkat","12.05.13","Gebang","12.05.13.2002","Paluh Manis"
"12","Sumatera Utara","12.05","Kabupaten Langkat","12.05.13","Gebang","12.05.13.2003","Pasar Rawa"
"12","Sumatera Utara","12.05","Kabupaten Langkat","12.05.13","Gebang","12.05.13.2004","Padang Langkat"
"12","Sumatera Utara","12.05","Kabupaten Langkat","12.05.13","Gebang","12.05.13.2005","Air Hitam"
"12","Sumatera Utara","12.05","Kabupaten Langkat","12.05.13","Gebang","12.05.13.2006","Paya Bengkuang"
"12","Sumatera Utara","12.05","Kabupaten Langkat","12.05.13","Gebang","12.05.13.2007","Dogang"
"12","Sumatera Utara","12.05","Kabupaten Langkat","12.05.13","Gebang","12.05.13.2008","Sangga Lima"
"12","Sumatera Utara","12.05","Kabupaten Langkat","12.05.13","Gebang","12.05.13.2009","Kwala Gebang"
"12","Sumatera Utara","12.05","Kabupaten Langkat","12.05.13","Gebang","12.05.13.2010","Bukit Mengkirai"
"12","Sumatera Utara","12.05","Kabupaten Langkat","12.05.13","Gebang","12.05.13.2011","Pasiran"
"12","Sumatera Utara","12.05","Kabupaten Langkat","12.05.14","Babalan","12.05.14.1001","Pelawi Utara"
"12","Sumatera Utara","12.05","Kabupaten Langkat","12.05.14","Babalan","12.05.14.1006","Berandan Barat"
"12","Sumatera Utara","12.05","Kabupaten Langkat","12.05.14","Babalan","12.05.14.1007","Berandan Timur Baru"
"12","Sumatera Utara","12.05","Kabupaten Langkat","12.05.14","Babalan","12.05.14.1008","Berandan Timur"
"12","Sumatera Utara","12.05","Kabupaten Langkat","12.05.14","Babalan","12.05.14.2002","Securai Utara"
"12","Sumatera Utara","12.05","Kabupaten Langkat","12.05.14","Babalan","12.05.14.2003","Teluk Meku"
"12","Sumatera Utara","12.05","Kabupaten Langkat","12.05.14","Babalan","12.05.14.2004","Pelawi Selatan"
"12","Sumatera Utara","12.05","Kabupaten Langkat","12.05.14","Babalan","12.05.14.2005","Securai Selatan"
"12","Sumatera Utara","12.05","Kabupaten Langkat","12.05.15","Pangkalan Susu","12.05.15.1009","Beras Basah"
"12","Sumatera Utara","12.05","Kabupaten Langkat","12.05.15","Pangkalan Susu","12.05.15.1010","Bukit Jengkol"
"12","Sumatera Utara","12.05","Kabupaten Langkat","12.05.15","Pangkalan Susu","12.05.15.2001","Alur Cempedak"
"12","Sumatera Utara","12.05","Kabupaten Langkat","12.05.15","Pangkalan Susu","12.05.15.2002","Sei Siur"
"12","Sumatera Utara","12.05","Kabupaten Langkat","12.05.15","Pangkalan Susu","12.05.15.2003","Tanjung Pasir"
"12","Sumatera Utara","12.05","Kabupaten Langkat","12.05.15","Pangkalan Susu","12.05.15.2004","Paya Tampak"
"12","Sumatera Utara","12.05","Kabupaten Langkat","12.05.15","Pangkalan Susu","12.05.15.2005","Pintu Air"
"12","Sumatera Utara","12.05","Kabupaten Langkat","12.05.15","Pangkalan Susu","12.05.15.2006","Sei Meran"
"12","Sumatera Utara","12.05","Kabupaten Langkat","12.05.15","Pangkalan Susu","12.05.15.2007","Pulau Sembilan"
"12","Sumatera Utara","12.05","Kabupaten Langkat","12.05.15","Pangkalan Susu","12.05.15.2008","Pulau Kampai"
"12","Sumatera Utara","12.05","Kabupaten Langkat","12.05.15","Pangkalan Susu","12.05.15.2011","Pangkalan Siata"
"12","Sumatera Utara","12.05","Kabupaten Langkat","12.05.16","Besitang","12.05.16.1009","Pekan Besitang"
"12","Sumatera Utara","12.05","Kabupaten Langkat","12.05.16","Besitang","12.05.16.1010","Bukit Kubu"
"12","Sumatera Utara","12.05","Kabupaten Langkat","12.05.16","Besitang","12.05.16.1011","Kampung Lama"
"12","Sumatera Utara","12.05","Kabupaten Langkat","12.05.16","Besitang","12.05.16.2001","Halaban"
"12","Sumatera Utara","12.05","Kabupaten Langkat","12.05.16","Besitang","12.05.16.2002","Bukit Mas"
"12","Sumatera Utara","12.05","Kabupaten Langkat","12.05.16","Besitang","12.05.16.2005","Pir Adb Besitang"
"12","Sumatera Utara","12.05","Kabupaten Langkat","12.05.16","Besitang","12.05.16.2006","Sekoci"
"12","Sumatera Utara","12.05","Kabupaten Langkat","12.05.16","Besitang","12.05.16.2007","Suka Jaya"
"12","Sumatera Utara","12.05","Kabupaten Langkat","12.05.16","Besitang","12.05.16.2008","Bukit Selamat"
"12","Sumatera Utara","12.05","Kabupaten Langkat","12.05.17","Sei Lepan","12.05.17.1001","Sei Bilah"
"12","Sumatera Utara","12.05","Kabupaten Langkat","12.05.17","Sei Lepan","12.05.17.1002","Alur Dua"
"12","Sumatera Utara","12.05","Kabupaten Langkat","12.05.17","Sei Lepan","12.05.17.1008","Alur Dua Baru"
"12","Sumatera Utara","12.05","Kabupaten Langkat","12.05.17","Sei Lepan","12.05.17.1009","Harapan Jaya"
"12","Sumatera Utara","12.05","Kabupaten Langkat","12.05.17","Sei Lepan","12.05.17.1010","Sei Bilah Timur"
"12","Sumatera Utara","12.05","Kabupaten Langkat","12.05.17","Sei Lepan","12.05.17.2003","Puraka I"
"12","Sumatera Utara","12.05","Kabupaten Langkat","12.05.17","Sei Lepan","12.05.17.2004","Puraka II"
"12","Sumatera Utara","12.05","Kabupaten Langkat","12.05.17","Sei Lepan","12.05.17.2005","Lama"
"12","Sumatera Utara","12.05","Kabupaten Langkat","12.05.17","Sei Lepan","12.05.17.2006","Telaga Said"
"12","Sumatera Utara","12.05","Kabupaten Langkat","12.05.17","Sei Lepan","12.05.17.2007","Lama Baru"
"12","Sumatera Utara","12.05","Kabupaten Langkat","12.05.17","Sei Lepan","12.05.17.2011","Mekar Makmur"
"12","Sumatera Utara","12.05","Kabupaten Langkat","12.05.17","Sei Lepan","12.05.17.2012","Harapan Baru"
"12","Sumatera Utara","12.05","Kabupaten Langkat","12.05.17","Sei Lepan","12.05.17.2013","Harapan Maju"
"12","Sumatera Utara","12.05","Kabupaten Langkat","12.05.17","Sei Lepan","12.05.17.2014","Harapan Makmur"
"12","Sumatera Utara","12.05","Kabupaten Langkat","12.05.18","Berandan Barat","12.05.18.1001","Tangkahan Durian"
"12","Sumatera Utara","12.05","Kabupaten Langkat","12.05.18","Berandan Barat","12.05.18.1004","Pangkalan Batu"
"12","Sumatera Utara","12.05","Kabupaten Langkat","12.05.18","Berandan Barat","12.05.18.2002","Sei Tualang"
"12","Sumatera Utara","12.05","Kabupaten Langkat","12.05.18","Berandan Barat","12.05.18.2003","Lubuk Kasih"
"12","Sumatera Utara","12.05","Kabupaten Langkat","12.05.18","Berandan Barat","12.05.18.2005","Lubuk Kertang"
"12","Sumatera Utara","12.05","Kabupaten Langkat","12.05.18","Berandan Barat","12.05.18.2006","Perlis"
"12","Sumatera Utara","12.05","Kabupaten Langkat","12.05.18","Berandan Barat","12.05.18.2007","Kelantan"
"12","Sumatera Utara","12.05","Kabupaten Langkat","12.05.19","Batang Serangan","12.05.19.1001","Batang Serangan"
"12","Sumatera Utara","12.05","Kabupaten Langkat","12.05.19","Batang Serangan","12.05.19.2002","Sei Bamban"
"12","Sumatera Utara","12.05","Kabupaten Langkat","12.05.19","Batang Serangan","12.05.19.2003","Sei Musam"
"12","Sumatera Utara","12.05","Kabupaten Langkat","12.05.19","Batang Serangan","12.05.19.2004","Sei Serdang"
"12","Sumatera Utara","12.05","Kabupaten Langkat","12.05.19","Batang Serangan","12.05.19.2005","Namo Sialang"
"12","Sumatera Utara","12.05","Kabupaten Langkat","12.05.19","Batang Serangan","12.05.19.2006","Kwala Musam"
"12","Sumatera Utara","12.05","Kabupaten Langkat","12.05.19","Batang Serangan","12.05.19.2007","Karya Jadi"
"12","Sumatera Utara","12.05","Kabupaten Langkat","12.05.19","Batang Serangan","12.05.19.2008","Paluh Pakeh Babussalam"
"12","Sumatera Utara","12.05","Kabupaten Langkat","12.05.20","Sawit Seberang","12.05.20.1001","Sawit Seberang"
"12","Sumatera Utara","12.05","Kabupaten Langkat","12.05.20","Sawit Seberang","12.05.20.2002","Alur Gadung"
"12","Sumatera Utara","12.05","Kabupaten Langkat","12.05.20","Sawit Seberang","12.05.20.2003","Simpang Tiga"
"12","Sumatera Utara","12.05","Kabupaten Langkat","12.05.20","Sawit Seberang","12.05.20.2004","Sei Litur Tasik"
"12","Sumatera Utara","12.05","Kabupaten Langkat","12.05.20","Sawit Seberang","12.05.20.2005","Sawit Hulu"
"12","Sumatera Utara","12.05","Kabupaten Langkat","12.05.20","Sawit Seberang","12.05.20.2006","Mekar Sawit"
"12","Sumatera Utara","12.05","Kabupaten Langkat","12.05.20","Sawit Seberang","12.05.20.2007","Alur Melati"
"12","Sumatera Utara","12.05","Kabupaten Langkat","12.05.21","Sirapit","12.05.21.2001","Serapit"
"12","Sumatera Utara","12.05","Kabupaten Langkat","12.05.21","Sirapit","12.05.21.2002","Gunung Tinggi"
"12","Sumatera Utara","12.05","Kabupaten Langkat","12.05.21","Sirapit","12.05.21.2003","Sidorejo"
"12","Sumatera Utara","12.05","Kabupaten Langkat","12.05.21","Sirapit","12.05.21.2004","Suka Pulung"
"12","Sumatera Utara","12.05","Kabupaten Langkat","12.05.21","Sirapit","12.05.21.2005","Aman Damai"
"12","Sumatera Utara","12.05","Kabupaten Langkat","12.05.21","Sirapit","12.05.21.2006","Tanjung Kariahan"
"12","Sumatera Utara","12.05","Kabupaten Langkat","12.05.21","Sirapit","12.05.21.2007","Sebertung"
"12","Sumatera Utara","12.05","Kabupaten Langkat","12.05.21","Sirapit","12.05.21.2008","Pulau Semikat"
"12","Sumatera Utara","12.05","Kabupaten Langkat","12.05.21","Sirapit","12.05.21.2009","Sumber Jaya"
"12","Sumatera Utara","12.05","Kabupaten Langkat","12.05.21","Sirapit","12.05.21.2010","Perkebunan Amal Tani"
"12","Sumatera Utara","12.05","Kabupaten Langkat","12.05.22","Kutambaru","12.05.22.2001","Namotogan"
"12","Sumatera Utara","12.05","Kabupaten Langkat","12.05.22","Kutambaru","12.05.22.2002","Kuta Gajah"
"12","Sumatera Utara","12.05","Kabupaten Langkat","12.05.22","Kutambaru","12.05.22.2003","Perkebunan Marike"
"12","Sumatera Utara","12.05","Kabupaten Langkat","12.05.22","Kutambaru","12.05.22.2004","Kaperas"
"12","Sumatera Utara","12.05","Kabupaten Langkat","12.05.22","Kutambaru","12.05.22.2005","Namoteras"
"12","Sumatera Utara","12.05","Kabupaten Langkat","12.05.22","Kutambaru","12.05.22.2006","Rampah"
"12","Sumatera Utara","12.05","Kabupaten Langkat","12.05.22","Kutambaru","12.05.22.2007","Sulkam"
"12","Sumatera Utara","12.05","Kabupaten Langkat","12.05.22","Kutambaru","12.05.22.2008","Kutambaru"
"12","Sumatera Utara","12.05","Kabupaten Langkat","12.05.23","Pematang Jaya","12.05.23.2001","Pematang Tengah"
"12","Sumatera Utara","12.05","Kabupaten Langkat","12.05.23","Pematang Jaya","12.05.23.2002","Damar Condong"
"12","Sumatera Utara","12.05","Kabupaten Langkat","12.05.23","Pematang Jaya","12.05.23.2003","Perkebunan Damar Condong"
"12","Sumatera Utara","12.05","Kabupaten Langkat","12.05.23","Pematang Jaya","12.05.23.2004","Perkebunan Perapen"
"12","Sumatera Utara","12.05","Kabupaten Langkat","12.05.23","Pematang Jaya","12.05.23.2005","Limau Mungkur"
"12","Sumatera Utara","12.05","Kabupaten Langkat","12.05.23","Pematang Jaya","12.05.23.2006","Serang Jaya Hilir"
"12","Sumatera Utara","12.05","Kabupaten Langkat","12.05.23","Pematang Jaya","12.05.23.2007","Serang Jaya"
"12","Sumatera Utara","12.05","Kabupaten Langkat","12.05.23","Pematang Jaya","12.05.23.2008","Sala Haji"
"12","Sumatera Utara","12.06","Kabupaten Karo","12.06.01","Kabanjahe","12.06.01.1009","Padang Mas"
"12","Sumatera Utara","12.06","Kabupaten Karo","12.06.01","Kabanjahe","12.06.01.1010","Lau Cimba"
"12","Sumatera Utara","12.06","Kabupaten Karo","12.06.01","Kabanjahe","12.06.01.1011","Gung Leto"
"12","Sumatera Utara","12.06","Kabupaten Karo","12.06.01","Kabanjahe","12.06.01.1012","Gung Negeri"
"12","Sumatera Utara","12.06","Kabupaten Karo","12.06.01","Kabanjahe","12.06.01.1013","Kampung Dalam"
"12","Sumatera Utara","12.06","Kabupaten Karo","12.06.01","Kabanjahe","12.06.01.2001","Rumah Kabanjahe"
"12","Sumatera Utara","12.06","Kabupaten Karo","12.06.01","Kabanjahe","12.06.01.2002","Kaban"
"12","Sumatera Utara","12.06","Kabupaten Karo","12.06.01","Kabanjahe","12.06.01.2003","Ketaren"
"12","Sumatera Utara","12.06","Kabupaten Karo","12.06.01","Kabanjahe","12.06.01.2004","Samura"
"12","Sumatera Utara","12.06","Kabupaten Karo","12.06.01","Kabanjahe","12.06.01.2005","Lau Simomo"
"12","Sumatera Utara","12.06","Kabupaten Karo","12.06.01","Kabanjahe","12.06.01.2006","Sumber Mufakat"
"12","Sumatera Utara","12.06","Kabupaten Karo","12.06.01","Kabanjahe","12.06.01.2007","Kandibata"
"12","Sumatera Utara","12.06","Kabupaten Karo","12.06.01","Kabanjahe","12.06.01.2008","Kacaribu"
"12","Sumatera Utara","12.06","Kabupaten Karo","12.06.02","Berastagi","12.06.02.1006","Tambak Lau Mulgab I"
"12","Sumatera Utara","12.06","Kabupaten Karo","12.06.02","Berastagi","12.06.02.1007","Tambak Lau Mulgab II"
"12","Sumatera Utara","12.06","Kabupaten Karo","12.06.02","Berastagi","12.06.02.1008","Gundaling I"
"12","Sumatera Utara","12.06","Kabupaten Karo","12.06.02","Berastagi","12.06.02.1009","Gundaling II"
"12","Sumatera Utara","12.06","Kabupaten Karo","12.06.02","Berastagi","12.06.02.2001","Daulu"
"12","Sumatera Utara","12.06","Kabupaten Karo","12.06.02","Berastagi","12.06.02.2002","Gurusinga"
"12","Sumatera Utara","12.06","Kabupaten Karo","12.06.02","Berastagi","12.06.02.2003","Raya"
"12","Sumatera Utara","12.06","Kabupaten Karo","12.06.02","Berastagi","12.06.02.2004","Rumah Berastagi"
"12","Sumatera Utara","12.06","Kabupaten Karo","12.06.02","Berastagi","12.06.02.2005","Sempajaya"
"12","Sumatera Utara","12.06","Kabupaten Karo","12.06.02","Berastagi","12.06.02.2010","Lau Gumba"
"12","Sumatera Utara","12.06","Kabupaten Karo","12.06.03","Barusjahe","12.06.03.2001","Paribun"
"12","Sumatera Utara","12.06","Kabupaten Karo","12.06.03","Barusjahe","12.06.03.2002","Rumamis"
"12","Sumatera Utara","12.06","Kabupaten Karo","12.06.03","Barusjahe","12.06.03.2003","Sinaman"
"12","Sumatera Utara","12.06","Kabupaten Karo","12.06.03","Barusjahe","12.06.03.2004","Sukanalu"
"12","Sumatera Utara","12.06","Kabupaten Karo","12.06.03","Barusjahe","12.06.03.2005","Barusjulu"
"12","Sumatera Utara","12.06","Kabupaten Karo","12.06.03","Barusjahe","12.06.03.2006","Tangkidik"
"12","Sumatera Utara","12.06","Kabupaten Karo","12.06.03","Barusjahe","12.06.03.2007","Sukajulu"
"12","Sumatera Utara","12.06","Kabupaten Karo","12.06.03","Barusjahe","12.06.03.2008","Barusjahe"
"12","Sumatera Utara","12.06","Kabupaten Karo","12.06.03","Barusjahe","12.06.03.2009","Bulanjahe"
"12","Sumatera Utara","12.06","Kabupaten Karo","12.06.03","Barusjahe","12.06.03.2010","Pertumbuken"
"12","Sumatera Utara","12.06","Kabupaten Karo","12.06.03","Barusjahe","12.06.03.2011","Talimbaru"
"12","Sumatera Utara","12.06","Kabupaten Karo","12.06.03","Barusjahe","12.06.03.2012","Sikab"
"12","Sumatera Utara","12.06","Kabupaten Karo","12.06.03","Barusjahe","12.06.03.2013","Persadanta"
"12","Sumatera Utara","12.06","Kabupaten Karo","12.06.03","Barusjahe","12.06.03.2014","Bulanjulu"
"12","Sumatera Utara","12.06","Kabupaten Karo","12.06.03","Barusjahe","12.06.03.2015","Semangat"
"12","Sumatera Utara","12.06","Kabupaten Karo","12.06.03","Barusjahe","12.06.03.2016","Serdang"
"12","Sumatera Utara","12.06","Kabupaten Karo","12.06.03","Barusjahe","12.06.03.2017","Tanjung Barus"
"12","Sumatera Utara","12.06","Kabupaten Karo","12.06.03","Barusjahe","12.06.03.2018","Sarimanis"
"12","Sumatera Utara","12.06","Kabupaten Karo","12.06.03","Barusjahe","12.06.03.2019","Penampen"
"12","Sumatera Utara","12.06","Kabupaten Karo","12.06.04","Tigapanah","12.06.04.2001","Kutakepar"
"12","Sumatera Utara","12.06","Kabupaten Karo","12.06.04","Tigapanah","12.06.04.2002","Ajijulu"
"12","Sumatera Utara","12.06","Kabupaten Karo","12.06.04","Tigapanah","12.06.04.2004","Singa"
"12","Sumatera Utara","12.06","Kabupaten Karo","12.06.04","Tigapanah","12.06.04.2007","Ajijahe"
"12","Sumatera Utara","12.06","Kabupaten Karo","12.06.04","Tigapanah","12.06.04.2008","Bunuraya"
"12","Sumatera Utara","12.06","Kabupaten Karo","12.06.04","Tigapanah","12.06.04.2010","Kubusimbelang"
"12","Sumatera Utara","12.06","Kabupaten Karo","12.06.04","Tigapanah","12.06.04.2011","Tigapanah"
"12","Sumatera Utara","12.06","Kabupaten Karo","12.06.04","Tigapanah","12.06.04.2012","Suka"
"12","Sumatera Utara","12.06","Kabupaten Karo","12.06.04","Tigapanah","12.06.04.2014","Kacinambun"
"12","Sumatera Utara","12.06","Kabupaten Karo","12.06.04","Tigapanah","12.06.04.2015","Kutajulu"
"12","Sumatera Utara","12.06","Kabupaten Karo","12.06.04","Tigapanah","12.06.04.2016","Bertah"
"12","Sumatera Utara","12.06","Kabupaten Karo","12.06.04","Tigapanah","12.06.04.2017","Manukmulia"
"12","Sumatera Utara","12.06","Kabupaten Karo","12.06.04","Tigapanah","12.06.04.2018","Lauriman"
"12","Sumatera Utara","12.06","Kabupaten Karo","12.06.04","Tigapanah","12.06.04.2019","Sukadame"
"12","Sumatera Utara","12.06","Kabupaten Karo","12.06.04","Tigapanah","12.06.04.2020","Mulawari"
"12","Sumatera Utara","12.06","Kabupaten Karo","12.06.04","Tigapanah","12.06.04.2023","Sukamaju"
"12","Sumatera Utara","12.06","Kabupaten Karo","12.06.04","Tigapanah","12.06.04.2024","Kutambelin"
"12","Sumatera Utara","12.06","Kabupaten Karo","12.06.04","Tigapanah","12.06.04.2025","Kutabale"
"12","Sumatera Utara","12.06","Kabupaten Karo","12.06.04","Tigapanah","12.06.04.2026","Leparsamura"
"12","Sumatera Utara","12.06","Kabupaten Karo","12.06.04","Tigapanah","12.06.04.2027","Seberaya"
"12","Sumatera Utara","12.06","Kabupaten Karo","12.06.04","Tigapanah","12.06.04.2028","Ajimbelang"
"12","Sumatera Utara","12.06","Kabupaten Karo","12.06.04","Tigapanah","12.06.04.2029","Ajibuhara"
"12","Sumatera Utara","12.06","Kabupaten Karo","12.06.04","Tigapanah","12.06.04.2030","Lambar"
"12","Sumatera Utara","12.06","Kabupaten Karo","12.06.04","Tigapanah","12.06.04.2031","Salit"
"12","Sumatera Utara","12.06","Kabupaten Karo","12.06.04","Tigapanah","12.06.04.2032","Suka Mbayak"
"12","Sumatera Utara","12.06","Kabupaten Karo","12.06.04","Tigapanah","12.06.04.2033","Suka Sipilihen"
"12","Sumatera Utara","12.06","Kabupaten Karo","12.06.04","Tigapanah","12.06.04.2034","Sukameriah"
"12","Sumatera Utara","12.06","Kabupaten Karo","12.06.04","Tigapanah","12.06.04.2035","Bekerah"
"12","Sumatera Utara","12.06","Kabupaten Karo","12.06.04","Tigapanah","12.06.04.2036","Simacem"
"12","Sumatera Utara","12.06","Kabupaten Karo","12.06.05","Merek","12.06.05.2001","Partibi Tembe"
"12","Sumatera Utara","12.06","Kabupaten Karo","12.06.05","Merek","12.06.05.2002","Negeri Tongging"
"12","Sumatera Utara","12.06","Kabupaten Karo","12.06.05","Merek","12.06.05.2003","Kodon-Kodon"
"12","Sumatera Utara","12.06","Kabupaten Karo","12.06.05","Merek","12.06.05.2004","Dokan"
"12","Sumatera Utara","12.06","Kabupaten Karo","12.06.05","Merek","12.06.05.2005","Nagara"
"12","Sumatera Utara","12.06","Kabupaten Karo","12.06.05","Merek","12.06.05.2006","Sibolangit"
"12","Sumatera Utara","12.06","Kabupaten Karo","12.06.05","Merek","12.06.05.2007","Sukamandi"
"12","Sumatera Utara","12.06","Kabupaten Karo","12.06.05","Merek","12.06.05.2008","Nagalingga"
"12","Sumatera Utara","12.06","Kabupaten Karo","12.06.05","Merek","12.06.05.2009","Pangambatan"
"12","Sumatera Utara","12.06","Kabupaten Karo","12.06.05","Merek","12.06.05.2010","Tongging"
"12","Sumatera Utara","12.06","Kabupaten Karo","12.06.05","Merek","12.06.05.2011","Partibi Lama"
"12","Sumatera Utara","12.06","Kabupaten Karo","12.06.05","Merek","12.06.05.2012","Regaji"
"12","Sumatera Utara","12.06","Kabupaten Karo","12.06.05","Merek","12.06.05.2013","Ajinembah"
"12","Sumatera Utara","12.06","Kabupaten Karo","12.06.05","Merek","12.06.05.2014","Situnggaling"
"12","Sumatera Utara","12.06","Kabupaten Karo","12.06.05","Merek","12.06.05.2015","Garingging"
"12","Sumatera Utara","12.06","Kabupaten Karo","12.06.05","Merek","12.06.05.2016","Mulia Rayat"
"12","Sumatera Utara","12.06","Kabupaten Karo","12.06.05","Merek","12.06.05.2017","Bandar Tongging"
"12","Sumatera Utara","12.06","Kabupaten Karo","12.06.05","Merek","12.06.05.2018","Pancur Batu"
"12","Sumatera Utara","12.06","Kabupaten Karo","12.06.05","Merek","12.06.05.2019","Merek"
"12","Sumatera Utara","12.06","Kabupaten Karo","12.06.06","Munte","12.06.06.2001","Nageri"
"12","Sumatera Utara","12.06","Kabupaten Karo","12.06.06","Munte","12.06.06.2002","Munte"
"12","Sumatera Utara","12.06","Kabupaten Karo","12.06.06","Munte","12.06.06.2003","Kineppen"
"12","Sumatera Utara","12.06","Kabupaten Karo","12.06.06","Munte","12.06.06.2004","Bandar Meriah"
"12","Sumatera Utara","12.06","Kabupaten Karo","12.06.06","Munte","12.06.06.2005","Barung Kersap"
"12","Sumatera Utara","12.06","Kabupaten Karo","12.06.06","Munte","12.06.06.2006","Kutambaru"
"12","Sumatera Utara","12.06","Kabupaten Karo","12.06.06","Munte","12.06.06.2007","Buluhnaman"
"12","Sumatera Utara","12.06","Kabupaten Karo","12.06.06","Munte","12.06.06.2008","Singgamanik"
"12","Sumatera Utara","12.06","Kabupaten Karo","12.06.06","Munte","12.06.06.2009","Kuta Gerat"
"12","Sumatera Utara","12.06","Kabupaten Karo","12.06.06","Munte","12.06.06.2010","Pertumbungen"
"12","Sumatera Utara","12.06","Kabupaten Karo","12.06.06","Munte","12.06.06.2011","Sarimunte"
"12","Sumatera Utara","12.06","Kabupaten Karo","12.06.06","Munte","12.06.06.2012","Kaban Tua"
"12","Sumatera Utara","12.06","Kabupaten Karo","12.06.06","Munte","12.06.06.2013","Gunung Manumpak"
"12","Sumatera Utara","12.06","Kabupaten Karo","12.06.06","Munte","12.06.06.2014","Tanjung Beringin"
"12","Sumatera Utara","12.06","Kabupaten Karo","12.06.06","Munte","12.06.06.2015","Kuta Suah"
"12","Sumatera Utara","12.06","Kabupaten Karo","12.06.06","Munte","12.06.06.2016","Sarinembah"
"12","Sumatera Utara","12.06","Kabupaten Karo","12.06.06","Munte","12.06.06.2017","Selakkar"
"12","Sumatera Utara","12.06","Kabupaten Karo","12.06.06","Munte","12.06.06.2018","Parimbalang"
"12","Sumatera Utara","12.06","Kabupaten Karo","12.06.06","Munte","12.06.06.2019","Gunung Saribu"
"12","Sumatera Utara","12.06","Kabupaten Karo","12.06.06","Munte","12.06.06.2020","Sukarame"
"12","Sumatera Utara","12.06","Kabupaten Karo","12.06.06","Munte","12.06.06.2021","Gurubenua"
"12","Sumatera Utara","12.06","Kabupaten Karo","12.06.06","Munte","12.06.06.2022","Biaknampe"
"12","Sumatera Utara","12.06","Kabupaten Karo","12.06.07","Juhar","12.06.07.2001","Juhar Perangin-angin"
"12","Sumatera Utara","12.06","Kabupaten Karo","12.06.07","Juhar","12.06.07.2002","Lau Lingga"
"12","Sumatera Utara","12.06","Kabupaten Karo","12.06.07","Juhar","12.06.07.2003","Kidupen"
"12","Sumatera Utara","12.06","Kabupaten Karo","12.06.07","Juhar","12.06.07.2004","Namosuro"
"12","Sumatera Utara","12.06","Kabupaten Karo","12.06.07","Juhar","12.06.07.2005","Bekilang"
"12","Sumatera Utara","12.06","Kabupaten Karo","12.06.07","Juhar","12.06.07.2006","Sugihen"
"12","Sumatera Utara","12.06","Kabupaten Karo","12.06.07","Juhar","12.06.07.2007","Pernantin"
"12","Sumatera Utara","12.06","Kabupaten Karo","12.06.07","Juhar","12.06.07.2008","Nageri"
"12","Sumatera Utara","12.06","Kabupaten Karo","12.06.07","Juhar","12.06.07.2009","Juhar Ginting"
"12","Sumatera Utara","12.06","Kabupaten Karo","12.06.07","Juhar","12.06.07.2010","Juhar Tarigan"
"12","Sumatera Utara","12.06","Kabupaten Karo","12.06.07","Juhar","12.06.07.2011","Pasar Baru"
"12","Sumatera Utara","12.06","Kabupaten Karo","12.06.07","Juhar","12.06.07.2012","Batu Mamak"
"12","Sumatera Utara","12.06","Kabupaten Karo","12.06.07","Juhar","12.06.07.2013","Naga"
"12","Sumatera Utara","12.06","Kabupaten Karo","12.06.07","Juhar","12.06.07.2014","Kutambelin"
"12","Sumatera Utara","12.06","Kabupaten Karo","12.06.07","Juhar","12.06.07.2015","Mbetong"
"12","Sumatera Utara","12.06","Kabupaten Karo","12.06.07","Juhar","12.06.07.2016","Keriahen"
"12","Sumatera Utara","12.06","Kabupaten Karo","12.06.07","Juhar","12.06.07.2017","Gunung Juhar"
"12","Sumatera Utara","12.06","Kabupaten Karo","12.06.07","Juhar","12.06.07.2018","Ketawaren"
"12","Sumatera Utara","12.06","Kabupaten Karo","12.06.07","Juhar","12.06.07.2019","Jandi"
"12","Sumatera Utara","12.06","Kabupaten Karo","12.06.07","Juhar","12.06.07.2020","Buluh Pancur"
"12","Sumatera Utara","12.06","Kabupaten Karo","12.06.07","Juhar","12.06.07.2021","Kutagugung"
"12","Sumatera Utara","12.06","Kabupaten Karo","12.06.07","Juhar","12.06.07.2022","Sukababo"
"12","Sumatera Utara","12.06","Kabupaten Karo","12.06.07","Juhar","12.06.07.2023","Lau Kidupen"
"12","Sumatera Utara","12.06","Kabupaten Karo","12.06.07","Juhar","12.06.07.2024","Sigenderang"
"12","Sumatera Utara","12.06","Kabupaten Karo","12.06.07","Juhar","12.06.07.2025","Juhar Ginting Sadanioga"
"12","Sumatera Utara","12.06","Kabupaten Karo","12.06.08","Tigabinanga","12.06.08.1019","Tiga Binanga"
"12","Sumatera Utara","12.06","Kabupaten Karo","12.06.08","Tigabinanga","12.06.08.2001","Gunung"
"12","Sumatera Utara","12.06","Kabupaten Karo","12.06.08","Tigabinanga","12.06.08.2002","Kem Kem"
"12","Sumatera Utara","12.06","Kabupaten Karo","12.06.08","Tigabinanga","12.06.08.2003","Pertumbuken"
"12","Sumatera Utara","12.06","Kabupaten Karo","12.06.08","Tigabinanga","12.06.08.2004","Kuala"
"12","Sumatera Utara","12.06","Kabupaten Karo","12.06.08","Tigabinanga","12.06.08.2005","Limang"
"12","Sumatera Utara","12.06","Kabupaten Karo","12.06.08","Tigabinanga","12.06.08.2006","Perbesi"
"12","Sumatera Utara","12.06","Kabupaten Karo","12.06.08","Tigabinanga","12.06.08.2007","Lau Kapur"
"12","Sumatera Utara","12.06","Kabupaten Karo","12.06.08","Tigabinanga","12.06.08.2008","Kuta Bangun"
"12","Sumatera Utara","12.06","Kabupaten Karo","12.06.08","Tigabinanga","12.06.08.2009","Kuta Raya"
"12","Sumatera Utara","12.06","Kabupaten Karo","12.06.08","Tigabinanga","12.06.08.2010","Pergendangen"
"12","Sumatera Utara","12.06","Kabupaten Karo","12.06.08","Tigabinanga","12.06.08.2011","Simolap"
"12","Sumatera Utara","12.06","Kabupaten Karo","12.06.08","Tigabinanga","12.06.08.2012","Simpang Pergendangen"
"12","Sumatera Utara","12.06","Kabupaten Karo","12.06.08","Tigabinanga","12.06.08.2013","Kuta Gerat"
"12","Sumatera Utara","12.06","Kabupaten Karo","12.06.08","Tigabinanga","12.06.08.2014","Suka Julu"
"12","Sumatera Utara","12.06","Kabupaten Karo","12.06.08","Tigabinanga","12.06.08.2015","Kuta Galoh"
"12","Sumatera Utara","12.06","Kabupaten Karo","12.06.08","Tigabinanga","12.06.08.2016","Bunga Baru"
"12","Sumatera Utara","12.06","Kabupaten Karo","12.06.08","Tigabinanga","12.06.08.2017","Kutambaru Punti"
"12","Sumatera Utara","12.06","Kabupaten Karo","12.06.08","Tigabinanga","12.06.08.2018","Kuta Buara"
"12","Sumatera Utara","12.06","Kabupaten Karo","12.06.08","Tigabinanga","12.06.08.2020","Batumamak"
"12","Sumatera Utara","12.06","Kabupaten Karo","12.06.09","Laubaleng","12.06.09.2001","Martelu"
"12","Sumatera Utara","12.06","Kabupaten Karo","12.06.09","Laubaleng","12.06.09.2002","Mbal-Mbal Petarum"
"12","Sumatera Utara","12.06","Kabupaten Karo","12.06.09","Laubaleng","12.06.09.2003","Lau Peranggunen"
"12","Sumatera Utara","12.06","Kabupaten Karo","12.06.09","Laubaleng","12.06.09.2004","Tanjung Gunung"
"12","Sumatera Utara","12.06","Kabupaten Karo","12.06.09","Laubaleng","12.06.09.2005","Lau Baleng"
"12","Sumatera Utara","12.06","Kabupaten Karo","12.06.09","Laubaleng","12.06.09.2006","Durin Rugun"
"12","Sumatera Utara","12.06","Kabupaten Karo","12.06.09","Laubaleng","12.06.09.2007","Perbulan"
"12","Sumatera Utara","12.06","Kabupaten Karo","12.06.09","Laubaleng","12.06.09.2008","Kutambelin"
"12","Sumatera Utara","12.06","Kabupaten Karo","12.06.09","Laubaleng","12.06.09.2009","Lingga Muda"
"12","Sumatera Utara","12.06","Kabupaten Karo","12.06.09","Laubaleng","12.06.09.2010","Kinangkong"
"12","Sumatera Utara","12.06","Kabupaten Karo","12.06.09","Laubaleng","12.06.09.2011","Rambah Tampu"
"12","Sumatera Utara","12.06","Kabupaten Karo","12.06.09","Laubaleng","12.06.09.2012","Lau Peradep"
"12","Sumatera Utara","12.06","Kabupaten Karo","12.06.09","Laubaleng","12.06.09.2013","Buluh Pancur"
"12","Sumatera Utara","12.06","Kabupaten Karo","12.06.09","Laubaleng","12.06.09.2014","Batu Rongkam"
"12","Sumatera Utara","12.06","Kabupaten Karo","12.06.09","Laubaleng","12.06.09.2015","Pintu Angin"
"12","Sumatera Utara","12.06","Kabupaten Karo","12.06.10","Mardingding","12.06.10.2001","Lau Pengulu"
"12","Sumatera Utara","12.06","Kabupaten Karo","12.06.10","Mardingding","12.06.10.2002","Lau Mulgap"
"12","Sumatera Utara","12.06","Kabupaten Karo","12.06.10","Mardingding","12.06.10.2003","Lau Kesumpat"
"12","Sumatera Utara","12.06","Kabupaten Karo","12.06.10","Mardingding","12.06.10.2004","Rimo Bunga"
"12","Sumatera Utara","12.06","Kabupaten Karo","12.06.10","Mardingding","12.06.10.2005","Tanjung Pamah"
"12","Sumatera Utara","12.06","Kabupaten Karo","12.06.10","Mardingding","12.06.10.2006","Kuta Pengkih"
"12","Sumatera Utara","12.06","Kabupaten Karo","12.06.10","Mardingding","12.06.10.2007","Bandar Purba"
"12","Sumatera Utara","12.06","Kabupaten Karo","12.06.10","Mardingding","12.06.10.2008","Mardingding"
"12","Sumatera Utara","12.06","Kabupaten Karo","12.06.10","Mardingding","12.06.10.2009","Lau Pakam"
"12","Sumatera Utara","12.06","Kabupaten Karo","12.06.10","Mardingding","12.06.10.2010","Lau Solu"
"12","Sumatera Utara","12.06","Kabupaten Karo","12.06.10","Mardingding","12.06.10.2011","Lau Garut"
"12","Sumatera Utara","12.06","Kabupaten Karo","12.06.10","Mardingding","12.06.10.2012","Bukit Makmur"
"12","Sumatera Utara","12.06","Kabupaten Karo","12.06.11","Payung","12.06.11.2001","Payung"
"12","Sumatera Utara","12.06","Kabupaten Karo","12.06.11","Payung","12.06.11.2004","Rimo Kayu"
"12","Sumatera Utara","12.06","Kabupaten Karo","12.06.11","Payung","12.06.11.2007","Selandi"
"12","Sumatera Utara","12.06","Kabupaten Karo","12.06.11","Payung","12.06.11.2012","Batukarang"
"12","Sumatera Utara","12.06","Kabupaten Karo","12.06.11","Payung","12.06.11.2015","Gurukinayan"
"12","Sumatera Utara","12.06","Kabupaten Karo","12.06.11","Payung","12.06.11.2017","Cimbang"
"12","Sumatera Utara","12.06","Kabupaten Karo","12.06.11","Payung","12.06.11.2025","Ujung Payung"
"12","Sumatera Utara","12.06","Kabupaten Karo","12.06.12","Simpang Empat","12.06.12.2005","Kutatengah"
"12","Sumatera Utara","12.06","Kabupaten Karo","12.06.12","Simpang Empat","12.06.12.2006","Tigapancur"
"12","Sumatera Utara","12.06","Kabupaten Karo","12.06.12","Simpang Empat","12.06.12.2007","Pintu Besi"
"12","Sumatera Utara","12.06","Kabupaten Karo","12.06.12","Simpang Empat","12.06.12.2009","Gamber"
"12","Sumatera Utara","12.06","Kabupaten Karo","12.06.12","Simpang Empat","12.06.12.2012","Sirumbia"
"12","Sumatera Utara","12.06","Kabupaten Karo","12.06.12","Simpang Empat","12.06.12.2014","Ndokumsiroga"
"12","Sumatera Utara","12.06","Kabupaten Karo","12.06.12","Simpang Empat","12.06.12.2016","Linggajulu"
"12","Sumatera Utara","12.06","Kabupaten Karo","12.06.12","Simpang Empat","12.06.12.2017","Gajah"
"12","Sumatera Utara","12.06","Kabupaten Karo","12.06.12","Simpang Empat","12.06.12.2018","Lingga"
"12","Sumatera Utara","12.06","Kabupaten Karo","12.06.12","Simpang Empat","12.06.12.2019","Nangbelawan"
"12","Sumatera Utara","12.06","Kabupaten Karo","12.06.12","Simpang Empat","12.06.12.2022","Beganding"
"12","Sumatera Utara","12.06","Kabupaten Karo","12.06.12","Simpang Empat","12.06.12.2024","Torong"
"12","Sumatera Utara","12.06","Kabupaten Karo","12.06.12","Simpang Empat","12.06.12.2025","Berastepu"
"12","Sumatera Utara","12.06","Kabupaten Karo","12.06.12","Simpang Empat","12.06.12.2026","Surbakti"
"12","Sumatera Utara","12.06","Kabupaten Karo","12.06.12","Simpang Empat","12.06.12.2028","Jeraya"
"12","Sumatera Utara","12.06","Kabupaten Karo","12.06.12","Simpang Empat","12.06.12.2030","Perteguhen"
"12","Sumatera Utara","12.06","Kabupaten Karo","12.06.12","Simpang Empat","12.06.12.2035","Bulanbaru"
"12","Sumatera Utara","12.06","Kabupaten Karo","12.06.13","Kutabuluh","12.06.13.2001","Negeri Jahe"
"12","Sumatera Utara","12.06","Kabupaten Karo","12.06.13","Kutabuluh","12.06.13.2002","Kutabuluh Gugung"
"12","Sumatera Utara","12.06","Kabupaten Karo","12.06.13","Kutabuluh","12.06.13.2003","Siabang-abang"
"12","Sumatera Utara","12.06","Kabupaten Karo","12.06.13","Kutabuluh","12.06.13.2004","Lau Buluh"
"12","Sumatera Utara","12.06","Kabupaten Karo","12.06.13","Kutabuluh","12.06.13.2005","Bintang Meriah"
"12","Sumatera Utara","12.06","Kabupaten Karo","12.06.13","Kutabuluh","12.06.13.2006","Jinabun"
"12","Sumatera Utara","12.06","Kabupaten Karo","12.06.13","Kutabuluh","12.06.13.2007","Kuta Male"
"12","Sumatera Utara","12.06","Kabupaten Karo","12.06.13","Kutabuluh","12.06.13.2008","Ujung Deleng"
"12","Sumatera Utara","12.06","Kabupaten Karo","12.06.13","Kutabuluh","12.06.13.2009","Gunung Meriah"
"12","Sumatera Utara","12.06","Kabupaten Karo","12.06.13","Kutabuluh","12.06.13.2010","Buah Raya"
"12","Sumatera Utara","12.06","Kabupaten Karo","12.06.13","Kutabuluh","12.06.13.2011","Tanjung Merahe"
"12","Sumatera Utara","12.06","Kabupaten Karo","12.06.13","Kutabuluh","12.06.13.2012","Rih Tengah"
"12","Sumatera Utara","12.06","Kabupaten Karo","12.06.13","Kutabuluh","12.06.13.2013","Kutabuluh"
"12","Sumatera Utara","12.06","Kabupaten Karo","12.06.13","Kutabuluh","12.06.13.2014","Liang Merdeka"
"12","Sumatera Utara","12.06","Kabupaten Karo","12.06.13","Kutabuluh","12.06.13.2015","Pola Tebu"
"12","Sumatera Utara","12.06","Kabupaten Karo","12.06.13","Kutabuluh","12.06.13.2016","Mburidi"
"12","Sumatera Utara","12.06","Kabupaten Karo","12.06.14","Dolat Rayat","12.06.14.2001","Kubu Colia"
"12","Sumatera Utara","12.06","Kabupaten Karo","12.06.14","Dolat Rayat","12.06.14.2002","Ujung Sampun"
"12","Sumatera Utara","12.06","Kabupaten Karo","12.06.14","Dolat Rayat","12.06.14.2003","Bukit"
"12","Sumatera Utara","12.06","Kabupaten Karo","12.06.14","Dolat Rayat","12.06.14.2004","Melas"
"12","Sumatera Utara","12.06","Kabupaten Karo","12.06.14","Dolat Rayat","12.06.14.2005","Sampun"
"12","Sumatera Utara","12.06","Kabupaten Karo","12.06.14","Dolat Rayat","12.06.14.2006","Sugihen"
"12","Sumatera Utara","12.06","Kabupaten Karo","12.06.14","Dolat Rayat","12.06.14.2007","Dolat Rayat"
"12","Sumatera Utara","12.06","Kabupaten Karo","12.06.15","Merdeka","12.06.15.2001","Cinta Rakyat"
"12","Sumatera Utara","12.06","Kabupaten Karo","12.06.15","Merdeka","12.06.15.2002","Semangat"
"12","Sumatera Utara","12.06","Kabupaten Karo","12.06.15","Merdeka","12.06.15.2003","Ujung Teran"
"12","Sumatera Utara","12.06","Kabupaten Karo","12.06.15","Merdeka","12.06.15.2004","Gongsol"
"12","Sumatera Utara","12.06","Kabupaten Karo","12.06.15","Merdeka","12.06.15.2005","Jaranguda"
"12","Sumatera Utara","12.06","Kabupaten Karo","12.06.15","Merdeka","12.06.15.2006","Semangat Gunung"
"12","Sumatera Utara","12.06","Kabupaten Karo","12.06.15","Merdeka","12.06.15.2007","Deram"
"12","Sumatera Utara","12.06","Kabupaten Karo","12.06.15","Merdeka","12.06.15.2008","Merdeka"
"12","Sumatera Utara","12.06","Kabupaten Karo","12.06.15","Merdeka","12.06.15.2009","Sada Perarih"
"12","Sumatera Utara","12.06","Kabupaten Karo","12.06.16","Naman Teran","12.06.16.2002","Kutagugung"
"12","Sumatera Utara","12.06","Kabupaten Karo","12.06.16","Naman Teran","12.06.16.2003","Kuta Tonggal"
"12","Sumatera Utara","12.06","Kabupaten Karo","12.06.16","Naman Teran","12.06.16.2004","Naman"
"12","Sumatera Utara","12.06","Kabupaten Karo","12.06.16","Naman Teran","12.06.16.2005","Sukanalu"
"12","Sumatera Utara","12.06","Kabupaten Karo","12.06.16","Naman Teran","12.06.16.2006","Kebayaken"
"12","Sumatera Utara","12.06","Kabupaten Karo","12.06.16","Naman Teran","12.06.16.2007","Kutarayat"
"12","Sumatera Utara","12.06","Kabupaten Karo","12.06.16","Naman Teran","12.06.16.2009","Sukandebi"
"12","Sumatera Utara","12.06","Kabupaten Karo","12.06.16","Naman Teran","12.06.16.2010","Gung Pinto"
"12","Sumatera Utara","12.06","Kabupaten Karo","12.06.16","Naman Teran","12.06.16.2011","Kutambelin"
"12","Sumatera Utara","12.06","Kabupaten Karo","12.06.16","Naman Teran","12.06.16.2012","Ndeskati"
"12","Sumatera Utara","12.06","Kabupaten Karo","12.06.16","Naman Teran","12.06.16.2013","Sukatepu"
"12","Sumatera Utara","12.06","Kabupaten Karo","12.06.16","Naman Teran","12.06.16.2014","Sigarang-garang"
"12","Sumatera Utara","12.06","Kabupaten Karo","12.06.17","Tiganderket","12.06.17.2001","Sukatendel"
"12","Sumatera Utara","12.06","Kabupaten Karo","12.06.17","Tiganderket","12.06.17.2002","Mardingding"
"12","Sumatera Utara","12.06","Kabupaten Karo","12.06.17","Tiganderket","12.06.17.2003","Kutagaluh"
"12","Sumatera Utara","12.06","Kabupaten Karo","12.06.17","Tiganderket","12.06.17.2004","Kutambaru"
"12","Sumatera Utara","12.06","Kabupaten Karo","12.06.17","Tiganderket","12.06.17.2005","Jandimeriah"
"12","Sumatera Utara","12.06","Kabupaten Karo","12.06.17","Tiganderket","12.06.17.2006","Tiganderket"
"12","Sumatera Utara","12.06","Kabupaten Karo","12.06.17","Tiganderket","12.06.17.2007","Tanjung Pulo"
"12","Sumatera Utara","12.06","Kabupaten Karo","12.06.17","Tiganderket","12.06.17.2008","Tanjung Merawa"
"12","Sumatera Utara","12.06","Kabupaten Karo","12.06.17","Tiganderket","12.06.17.2009","Perbaji"
"12","Sumatera Utara","12.06","Kabupaten Karo","12.06.17","Tiganderket","12.06.17.2010","Temburun"
"12","Sumatera Utara","12.06","Kabupaten Karo","12.06.17","Tiganderket","12.06.17.2011","Kutakepar"
"12","Sumatera Utara","12.06","Kabupaten Karo","12.06.17","Tiganderket","12.06.17.2012","Penampen"
"12","Sumatera Utara","12.06","Kabupaten Karo","12.06.17","Tiganderket","12.06.17.2013","Tanjung Mbelang"
"12","Sumatera Utara","12.06","Kabupaten Karo","12.06.17","Tiganderket","12.06.17.2014","Narigunung I"
"12","Sumatera Utara","12.06","Kabupaten Karo","12.06.17","Tiganderket","12.06.17.2015","Narigunung II"
"12","Sumatera Utara","12.06","Kabupaten Karo","12.06.17","Tiganderket","12.06.17.2016","Gunung Merlawan"
"12","Sumatera Utara","12.06","Kabupaten Karo","12.06.17","Tiganderket","12.06.17.2017","Susuk"
"12","Sumatera Utara","12.07","Kabupaten Deli Serdang","12.07.01","Gunung Meriah","12.07.01.2001","Kuta Bayu"
"12","Sumatera Utara","12.07","Kabupaten Deli Serdang","12.07.01","Gunung Meriah","12.07.01.2002","Gunung Paribuan"
"12","Sumatera Utara","12.07","Kabupaten Deli Serdang","12.07.01","Gunung Meriah","12.07.01.2003","Simempar"
"12","Sumatera Utara","12.07","Kabupaten Deli Serdang","12.07.01","Gunung Meriah","12.07.01.2004","Gunung Seribu"
"12","Sumatera Utara","12.07","Kabupaten Deli Serdang","12.07.01","Gunung Meriah","12.07.01.2005","Gunung Sinembah"
"12","Sumatera Utara","12.07","Kabupaten Deli Serdang","12.07.01","Gunung Meriah","12.07.01.2006","Bintang Meriah"
"12","Sumatera Utara","12.07","Kabupaten Deli Serdang","12.07.01","Gunung Meriah","12.07.01.2007","Kuta Tengah"
"12","Sumatera Utara","12.07","Kabupaten Deli Serdang","12.07.01","Gunung Meriah","12.07.01.2008","Pekan Gunung Mariah"
"12","Sumatera Utara","12.07","Kabupaten Deli Serdang","12.07.01","Gunung Meriah","12.07.01.2009","Gunung Meriah"
"12","Sumatera Utara","12.07","Kabupaten Deli Serdang","12.07.01","Gunung Meriah","12.07.01.2010","Ujung Meriah"
"12","Sumatera Utara","12.07","Kabupaten Deli Serdang","12.07.01","Gunung Meriah","12.07.01.2011","Marjandi Pematang"
"12","Sumatera Utara","12.07","Kabupaten Deli Serdang","12.07.01","Gunung Meriah","12.07.01.2012","Marjandi Tongah"
"12","Sumatera Utara","12.07","Kabupaten Deli Serdang","12.07.02","Tanjung Morawa","12.07.02.1026","Pekan Tanjung Morawa"
"12","Sumatera Utara","12.07","Kabupaten Deli Serdang","12.07.02","Tanjung Morawa","12.07.02.2001","Medan Senembah"
"12","Sumatera Utara","12.07","Kabupaten Deli Serdang","12.07.02","Tanjung Morawa","12.07.02.2002","Ujung Serdang"
"12","Sumatera Utara","12.07","Kabupaten Deli Serdang","12.07.02","Tanjung Morawa","12.07.02.2003","Limau Manis"
"12","Sumatera Utara","12.07","Kabupaten Deli Serdang","12.07.02","Tanjung Morawa","12.07.02.2004","Bandar Labuhan"
"12","Sumatera Utara","12.07","Kabupaten Deli Serdang","12.07.02","Tanjung Morawa","12.07.02.2005","Bangun Rejo"
"12","Sumatera Utara","12.07","Kabupaten Deli Serdang","12.07.02","Tanjung Morawa","12.07.02.2006","Aek Pancur"
"12","Sumatera Utara","12.07","Kabupaten Deli Serdang","12.07.02","Tanjung Morawa","12.07.02.2007","Sei Merah"
"12","Sumatera Utara","12.07","Kabupaten Deli Serdang","12.07.02","Tanjung Morawa","12.07.02.2008","Naga Timbul"
"12","Sumatera Utara","12.07","Kabupaten Deli Serdang","12.07.02","Tanjung Morawa","12.07.02.2009","Lengau Seprang"
"12","Sumatera Utara","12.07","Kabupaten Deli Serdang","12.07.02","Tanjung Morawa","12.07.02.2010","Tanjung Mulia"
"12","Sumatera Utara","12.07","Kabupaten Deli Serdang","12.07.02","Tanjung Morawa","12.07.02.2011","Punden Rejo"
"12","Sumatera Utara","12.07","Kabupaten Deli Serdang","12.07.02","Tanjung Morawa","12.07.02.2012","Tanjung Morawa-B"
"12","Sumatera Utara","12.07","Kabupaten Deli Serdang","12.07.02","Tanjung Morawa","12.07.02.2013","Dagang Kerawan"
"12","Sumatera Utara","12.07","Kabupaten Deli Serdang","12.07.02","Tanjung Morawa","12.07.02.2014","Tanjung Morawa-A"
"12","Sumatera Utara","12.07","Kabupaten Deli Serdang","12.07.02","Tanjung Morawa","12.07.02.2015","Buntu Bedimbar"
"12","Sumatera Utara","12.07","Kabupaten Deli Serdang","12.07.02","Tanjung Morawa","12.07.02.2016","Bangun Sari"
"12","Sumatera Utara","12.07","Kabupaten Deli Serdang","12.07.02","Tanjung Morawa","12.07.02.2017","Dagang Kelambir"
"12","Sumatera Utara","12.07","Kabupaten Deli Serdang","12.07.02","Tanjung Morawa","12.07.02.2018","Dalu Sepuluh-A"
"12","Sumatera Utara","12.07","Kabupaten Deli Serdang","12.07.02","Tanjung Morawa","12.07.02.2019","Dalu Sepuluh-B"
"12","Sumatera Utara","12.07","Kabupaten Deli Serdang","12.07.02","Tanjung Morawa","12.07.02.2020","Wonosari"
"12","Sumatera Utara","12.07","Kabupaten Deli Serdang","12.07.02","Tanjung Morawa","12.07.02.2021","Perdamean"
"12","Sumatera Utara","12.07","Kabupaten Deli Serdang","12.07.02","Tanjung Morawa","12.07.02.2022","Penara Kebun"
"12","Sumatera Utara","12.07","Kabupaten Deli Serdang","12.07.02","Tanjung Morawa","12.07.02.2023","Bangun Sari Baru"
"12","Sumatera Utara","12.07","Kabupaten Deli Serdang","12.07.02","Tanjung Morawa","12.07.02.2024","Telaga Sari"
"12","Sumatera Utara","12.07","Kabupaten Deli Serdang","12.07.02","Tanjung Morawa","12.07.02.2025","Tanjung Baru"
"12","Sumatera Utara","12.07","Kabupaten Deli Serdang","12.07.03","Sibolangit","12.07.03.2001","Bandar Baru"
"12","Sumatera Utara","12.07","Kabupaten Deli Serdang","12.07.03","Sibolangit","12.07.03.2002","Batu Layang"
"12","Sumatera Utara","12.07","Kabupaten Deli Serdang","12.07.03","Sibolangit","12.07.03.2003","Batu Mbelin"
"12","Sumatera Utara","12.07","Kabupaten Deli Serdang","12.07.03","Sibolangit","12.07.03.2004","Betimus Mbaru"
"12","Sumatera Utara","12.07","Kabupaten Deli Serdang","12.07.03","Sibolangit","12.07.03.2005","Bengkurung"
"12","Sumatera Utara","12.07","Kabupaten Deli Serdang","12.07.03","Sibolangit","12.07.03.2006","Bingkawan"
"12","Sumatera Utara","12.07","Kabupaten Deli Serdang","12.07.03","Sibolangit","12.07.03.2007","Buah Nabar"
"12","Sumatera Utara","12.07","Kabupaten Deli Serdang","12.07.03","Sibolangit","12.07.03.2008","Bukum"
"12","Sumatera Utara","12.07","Kabupaten Deli Serdang","12.07.03","Sibolangit","12.07.03.2009","Buluh Awar"
"12","Sumatera Utara","12.07","Kabupaten Deli Serdang","12.07.03","Sibolangit","12.07.03.2010","Cinta Rakyat"
"12","Sumatera Utara","12.07","Kabupaten Deli Serdang","12.07.03","Sibolangit","12.07.03.2011","Durin Serugun"
"12","Sumatera Utara","12.07","Kabupaten Deli Serdang","12.07.03","Sibolangit","12.07.03.2012","Ketangkuhen"
"12","Sumatera Utara","12.07","Kabupaten Deli Serdang","12.07.03","Sibolangit","12.07.03.2013","Kuala"
"12","Sumatera Utara","12.07","Kabupaten Deli Serdang","12.07.03","Sibolangit","12.07.03.2014","Martelu"
"12","Sumatera Utara","12.07","Kabupaten Deli Serdang","12.07.03","Sibolangit","12.07.03.2015","Negeri Gugung"
"12","Sumatera Utara","12.07","Kabupaten Deli Serdang","12.07.03","Sibolangit","12.07.03.2016","Puangaja"
"12","Sumatera Utara","12.07","Kabupaten Deli Serdang","12.07.03","Sibolangit","12.07.03.2017","Rumah Kinangkung SP"
"12","Sumatera Utara","12.07","Kabupaten Deli Serdang","12.07.03","Sibolangit","12.07.03.2018","Rambung Baru"
"12","Sumatera Utara","12.07","Kabupaten Deli Serdang","12.07.03","Sibolangit","12.07.03.2019","Rumah Pil Pil"
"12","Sumatera Utara","12.07","Kabupaten Deli Serdang","12.07.03","Sibolangit","12.07.03.2020","Rumah Sumbul"
"12","Sumatera Utara","12.07","Kabupaten Deli Serdang","12.07.03","Sibolangit","12.07.03.2021","Sala Bulan"
"12","Sumatera Utara","12.07","Kabupaten Deli Serdang","12.07.03","Sibolangit","12.07.03.2022","Sayum Sabah"
"12","Sumatera Utara","12.07","Kabupaten Deli Serdang","12.07.03","Sibolangit","12.07.03.2023","Sembahe"
"12","Sumatera Utara","12.07","Kabupaten Deli Serdang","12.07.03","Sibolangit","12.07.03.2024","Sibolangit"
"12","Sumatera Utara","12.07","Kabupaten Deli Serdang","12.07.03","Sibolangit","12.07.03.2025","Sikeben"
"12","Sumatera Utara","12.07","Kabupaten Deli Serdang","12.07.03","Sibolangit","12.07.03.2026","Suka Maju"
"12","Sumatera Utara","12.07","Kabupaten Deli Serdang","12.07.03","Sibolangit","12.07.03.2027","Suka Makmur"
"12","Sumatera Utara","12.07","Kabupaten Deli Serdang","12.07.03","Sibolangit","12.07.03.2028","Tambunen"
"12","Sumatera Utara","12.07","Kabupaten Deli Serdang","12.07.03","Sibolangit","12.07.03.2029","Tanjung Beringin"
"12","Sumatera Utara","12.07","Kabupaten Deli Serdang","12.07.03","Sibolangit","12.07.03.2030","Ujung Deleng"
"12","Sumatera Utara","12.07","Kabupaten Deli Serdang","12.07.04","Kutalimbaru","12.07.04.2001","Suka Makmur"
"12","Sumatera Utara","12.07","Kabupaten Deli Serdang","12.07.04","Kutalimbaru","12.07.04.2002","Namo Mirik"
"12","Sumatera Utara","12.07","Kabupaten Deli Serdang","12.07.04","Kutalimbaru","12.07.04.2003","Suka Dame"
"12","Sumatera Utara","12.07","Kabupaten Deli Serdang","12.07.04","Kutalimbaru","12.07.04.2004","Pasar X"
"12","Sumatera Utara","12.07","Kabupaten Deli Serdang","12.07.04","Kutalimbaru","12.07.04.2005","Perpanden"
"12","Sumatera Utara","12.07","Kabupaten Deli Serdang","12.07.04","Kutalimbaru","12.07.04.2006","Kutalimbaru"
"12","Sumatera Utara","12.07","Kabupaten Deli Serdang","12.07.04","Kutalimbaru","12.07.04.2007","Sampe Cita"
"12","Sumatera Utara","12.07","Kabupaten Deli Serdang","12.07.04","Kutalimbaru","12.07.04.2008","Suka Rende"
"12","Sumatera Utara","12.07","Kabupaten Deli Serdang","12.07.04","Kutalimbaru","12.07.04.2009","Kwala Lau Bicik"
"12","Sumatera Utara","12.07","Kabupaten Deli Serdang","12.07.04","Kutalimbaru","12.07.04.2010","Lau Bekeri"
"12","Sumatera Utara","12.07","Kabupaten Deli Serdang","12.07.04","Kutalimbaru","12.07.04.2011","Silebo-Lebo"
"12","Sumatera Utara","12.07","Kabupaten Deli Serdang","12.07.04","Kutalimbaru","12.07.04.2012","Sawit Rejo"
"12","Sumatera Utara","12.07","Kabupaten Deli Serdang","12.07.04","Kutalimbaru","12.07.04.2013","Namo Rube Julu"
"12","Sumatera Utara","12.07","Kabupaten Deli Serdang","12.07.04","Kutalimbaru","12.07.04.2014","Sei Mencirim"
"12","Sumatera Utara","12.07","Kabupaten Deli Serdang","12.07.05","Pancur Batu","12.07.05.2001","Bintang Meriah"
"12","Sumatera Utara","12.07","Kabupaten Deli Serdang","12.07.05","Pancur Batu","12.07.05.2002","Sugau"
"12","Sumatera Utara","12.07","Kabupaten Deli Serdang","12.07.05","Pancur Batu","12.07.05.2003","Tiang Layar"
"12","Sumatera Utara","12.07","Kabupaten Deli Serdang","12.07.05","Pancur Batu","12.07.05.2004","Durin Simbelang"
"12","Sumatera Utara","12.07","Kabupaten Deli Serdang","12.07.05","Pancur Batu","12.07.05.2005","Namo Riam"
"12","Sumatera Utara","12.07","Kabupaten Deli Serdang","12.07.05","Pancur Batu","12.07.05.2006","Durin Tonggal"
"12","Sumatera Utara","12.07","Kabupaten Deli Serdang","12.07.05","Pancur Batu","12.07.05.2007","Hulu"
"12","Sumatera Utara","12.07","Kabupaten Deli Serdang","12.07.05","Pancur Batu","12.07.05.2008","Pertampilen"
"12","Sumatera Utara","12.07","Kabupaten Deli Serdang","12.07.05","Pancur Batu","12.07.05.2009","Salam Tani"
"12","Sumatera Utara","12.07","Kabupaten Deli Serdang","12.07.05","Pancur Batu","12.07.05.2010","Tengah"
"12","Sumatera Utara","12.07","Kabupaten Deli Serdang","12.07.05","Pancur Batu","12.07.05.2011","Namo Simpur"
"12","Sumatera Utara","12.07","Kabupaten Deli Serdang","12.07.05","Pancur Batu","12.07.05.2012","Simalingkar A"
"12","Sumatera Utara","12.07","Kabupaten Deli Serdang","12.07.05","Pancur Batu","12.07.05.2013","Namo Bintang"
"12","Sumatera Utara","12.07","Kabupaten Deli Serdang","12.07.05","Pancur Batu","12.07.05.2014","Lama"
"12","Sumatera Utara","12.07","Kabupaten Deli Serdang","12.07.05","Pancur Batu","12.07.05.2015","Namo Rih"
"12","Sumatera Utara","12.07","Kabupaten Deli Serdang","12.07.05","Pancur Batu","12.07.05.2016","Tuntungan I"
"12","Sumatera Utara","12.07","Kabupaten Deli Serdang","12.07.05","Pancur Batu","12.07.05.2017","Gunung Tinggi"
"12","Sumatera Utara","12.07","Kabupaten Deli Serdang","12.07.05","Pancur Batu","12.07.05.2018","Tuntungan II"
"12","Sumatera Utara","12.07","Kabupaten Deli Serdang","12.07.05","Pancur Batu","12.07.05.2019","Durin Jangak"
"12","Sumatera Utara","12.07","Kabupaten Deli Serdang","12.07.05","Pancur Batu","12.07.05.2020","Sembahe Baru"
"12","Sumatera Utara","12.07","Kabupaten Deli Serdang","12.07.05","Pancur Batu","12.07.05.2021","Tanjung Anom"
"12","Sumatera Utara","12.07","Kabupaten Deli Serdang","12.07.05","Pancur Batu","12.07.05.2022","Sei Glugur"
"12","Sumatera Utara","12.07","Kabupaten Deli Serdang","12.07.05","Pancur Batu","12.07.05.2023","Suka Raya"
"12","Sumatera Utara","12.07","Kabupaten Deli Serdang","12.07.05","Pancur Batu","12.07.05.2024","Baru"
"12","Sumatera Utara","12.07","Kabupaten Deli Serdang","12.07.05","Pancur Batu","12.07.05.2025","Perumnas Simalingkar"
"12","Sumatera Utara","12.07","Kabupaten Deli Serdang","12.07.06","Namo Rambe","12.07.06.2001","Deli Tua"
"12","Sumatera Utara","12.07","Kabupaten Deli Serdang","12.07.06","Namo Rambe","12.07.06.2002","Jati Kesuma"
"12","Sumatera Utara","12.07","Kabupaten Deli Serdang","12.07.06","Namo Rambe","12.07.06.2003","Namo Rambe"
"12","Sumatera Utara","12.07","Kabupaten Deli Serdang","12.07.06","Namo Rambe","12.07.06.2004","Gunung Kelawas"
"12","Sumatera Utara","12.07","Kabupaten Deli Serdang","12.07.06","Namo Rambe","12.07.06.2005","Ujung Labuhan"
"12","Sumatera Utara","12.07","Kabupaten Deli Serdang","12.07.06","Namo Rambe","12.07.06.2006","Lubang Ido"
"12","Sumatera Utara","12.07","Kabupaten Deli Serdang","12.07.06","Namo Rambe","12.07.06.2007","Silue-lue"
"12","Sumatera Utara","12.07","Kabupaten Deli Serdang","12.07.06","Namo Rambe","12.07.06.2008","Timbang Lawan"
"12","Sumatera Utara","12.07","Kabupaten Deli Serdang","12.07.06","Namo Rambe","12.07.06.2009","Batu Mbelin"
"12","Sumatera Utara","12.07","Kabupaten Deli Serdang","12.07.06","Namo Rambe","12.07.06.2010","Namo Batang"
"12","Sumatera Utara","12.07","Kabupaten Deli Serdang","12.07.06","Namo Rambe","12.07.06.2011","Tanjung Selamat"
"12","Sumatera Utara","12.07","Kabupaten Deli Serdang","12.07.06","Namo Rambe","12.07.06.2012","Bekukul"
"12","Sumatera Utara","12.07","Kabupaten Deli Serdang","12.07.06","Namo Rambe","12.07.06.2013","Namo Pakam"
"12","Sumatera Utara","12.07","Kabupaten Deli Serdang","12.07.06","Namo Rambe","12.07.06.2014","Suka Mulia Hilir"
"12","Sumatera Utara","12.07","Kabupaten Deli Serdang","12.07.06","Namo Rambe","12.07.06.2015","Suka Mulia Hulu"
"12","Sumatera Utara","12.07","Kabupaten Deli Serdang","12.07.06","Namo Rambe","12.07.06.2016","Rumah Mbacang"
"12","Sumatera Utara","12.07","Kabupaten Deli Serdang","12.07.06","Namo Rambe","12.07.06.2017","Cinta Rakyat"
"12","Sumatera Utara","12.07","Kabupaten Deli Serdang","12.07.06","Namo Rambe","12.07.06.2018","Batu Penjemuran"
"12","Sumatera Utara","12.07","Kabupaten Deli Serdang","12.07.06","Namo Rambe","12.07.06.2019","Kuta Tengah"
"12","Sumatera Utara","12.07","Kabupaten Deli Serdang","12.07.06","Namo Rambe","12.07.06.2020","Namo Landur"
"12","Sumatera Utara","12.07","Kabupaten Deli Serdang","12.07.06","Namo Rambe","12.07.06.2021","Gunung Berita"
"12","Sumatera Utara","12.07","Kabupaten Deli Serdang","12.07.06","Namo Rambe","12.07.06.2022","Tangkahan"
"12","Sumatera Utara","12.07","Kabupaten Deli Serdang","12.07.06","Namo Rambe","12.07.06.2023","Uruk Gedang"
"12","Sumatera Utara","12.07","Kabupaten Deli Serdang","12.07.06","Namo Rambe","12.07.06.2024","Rumah Keben"
"12","Sumatera Utara","12.07","Kabupaten Deli Serdang","12.07.06","Namo Rambe","12.07.06.2025","Namo Pinang"
"12","Sumatera Utara","12.07","Kabupaten Deli Serdang","12.07.06","Namo Rambe","12.07.06.2026","Sudi Rejo"
"12","Sumatera Utara","12.07","Kabupaten Deli Serdang","12.07.06","Namo Rambe","12.07.06.2027","Jaba"
"12","Sumatera Utara","12.07","Kabupaten Deli Serdang","12.07.06","Namo Rambe","12.07.06.2028","Kuta Tualah"
"12","Sumatera Utara","12.07","Kabupaten Deli Serdang","12.07.06","Namo Rambe","12.07.06.2029","Kwala Simeme"
"12","Sumatera Utara","12.07","Kabupaten Deli Serdang","12.07.06","Namo Rambe","12.07.06.2030","Batu Gemuk"
"12","Sumatera Utara","12.07","Kabupaten Deli Serdang","12.07.06","Namo Rambe","12.07.06.2031","Lau Mulgap"
"12","Sumatera Utara","12.07","Kabupaten Deli Serdang","12.07.06","Namo Rambe","12.07.06.2032","Batu Rejo"
"12","Sumatera Utara","12.07","Kabupaten Deli Serdang","12.07.06","Namo Rambe","12.07.06.2033","Salang Tungir"
"12","Sumatera Utara","12.07","Kabupaten Deli Serdang","12.07.06","Namo Rambe","12.07.06.2034","Namo Mbaru"
"12","Sumatera Utara","12.07","Kabupaten Deli Serdang","12.07.06","Namo Rambe","12.07.06.2035","Rimo Mungkur"
"12","Sumatera Utara","12.07","Kabupaten Deli Serdang","12.07.06","Namo Rambe","12.07.06.2036","Namo Mbelin"
"12","Sumatera Utara","12.07","Kabupaten Deli Serdang","12.07.07","Biru-Biru","12.07.07.2001","Aji Baho"
"12","Sumatera Utara","12.07","Kabupaten Deli Serdang","12.07.07","Biru-Biru","12.07.07.2002","Biru-biru"
"12","Sumatera Utara","12.07","Kabupaten Deli Serdang","12.07.07","Biru-Biru","12.07.07.2003","Candi Rejo"
"12","Sumatera Utara","12.07","Kabupaten Deli Serdang","12.07.07","Biru-Biru","12.07.07.2004","Kutomulyo"
"12","Sumatera Utara","12.07","Kabupaten Deli Serdang","12.07.07","Biru-Biru","12.07.07.2005","Kuala Dekah"
"12","Sumatera Utara","12.07","Kabupaten Deli Serdang","12.07.07","Biru-Biru","12.07.07.2006","Mbaruai"
"12","Sumatera Utara","12.07","Kabupaten Deli Serdang","12.07.07","Biru-Biru","12.07.07.2007","Mardinding Julu"
"12","Sumatera Utara","12.07","Kabupaten Deli Serdang","12.07.07","Biru-Biru","12.07.07.2008","Namo Suro Baru"
"12","Sumatera Utara","12.07","Kabupaten Deli Serdang","12.07.07","Biru-Biru","12.07.07.2009","Peria-ria"
"12","Sumatera Utara","12.07","Kabupaten Deli Serdang","12.07.07","Biru-Biru","12.07.07.2010","Penen"
"12","Sumatera Utara","12.07","Kabupaten Deli Serdang","12.07.07","Biru-Biru","12.07.07.2011","Rumah Gerat"
"12","Sumatera Utara","12.07","Kabupaten Deli Serdang","12.07.07","Biru-Biru","12.07.07.2012","Sidodadi"
"12","Sumatera Utara","12.07","Kabupaten Deli Serdang","12.07.07","Biru-Biru","12.07.07.2013","Sidomulyo"
"12","Sumatera Utara","12.07","Kabupaten Deli Serdang","12.07.07","Biru-Biru","12.07.07.2014","Selamat"
"12","Sumatera Utara","12.07","Kabupaten Deli Serdang","12.07.07","Biru-Biru","12.07.07.2015","Sarilaba Jahe"
"12","Sumatera Utara","12.07","Kabupaten Deli Serdang","12.07.07","Biru-Biru","12.07.07.2016","Tanjung Sena"
"12","Sumatera Utara","12.07","Kabupaten Deli Serdang","12.07.07","Biru-Biru","12.07.07.2017","Namo Tualang"
"12","Sumatera Utara","12.07","Kabupaten Deli Serdang","12.07.08","Sinembah Tanjung Muda Hilir","12.07.08.2001","Talun Kenas"
"12","Sumatera Utara","12.07","Kabupaten Deli Serdang","12.07.08","Sinembah Tanjung Muda Hilir","12.07.08.2002","Gunung Rintih"
"12","Sumatera Utara","12.07","Kabupaten Deli Serdang","12.07.08","Sinembah Tanjung Muda Hilir","12.07.08.2003","Sumbul"
"12","Sumatera Utara","12.07","Kabupaten Deli Serdang","12.07.08","Sinembah Tanjung Muda Hilir","12.07.08.2004","Tadukan Raga"
"12","Sumatera Utara","12.07","Kabupaten Deli Serdang","12.07.08","Sinembah Tanjung Muda Hilir","12.07.08.2005","Limau Mungkur"
"12","Sumatera Utara","12.07","Kabupaten Deli Serdang","12.07.08","Sinembah Tanjung Muda Hilir","12.07.08.2006","Negara Beringin"
"12","Sumatera Utara","12.07","Kabupaten Deli Serdang","12.07.08","Sinembah Tanjung Muda Hilir","12.07.08.2007","Lau Barus Baru"
"12","Sumatera Utara","12.07","Kabupaten Deli Serdang","12.07.08","Sinembah Tanjung Muda Hilir","12.07.08.2008","Juma Tombak"
"12","Sumatera Utara","12.07","Kabupaten Deli Serdang","12.07.08","Sinembah Tanjung Muda Hilir","12.07.08.2009","Siguci"
"12","Sumatera Utara","12.07","Kabupaten Deli Serdang","12.07.08","Sinembah Tanjung Muda Hilir","12.07.08.2010","Kuta Jurung"
"12","Sumatera Utara","12.07","Kabupaten Deli Serdang","12.07.08","Sinembah Tanjung Muda Hilir","12.07.08.2011","Tala Peta"
"12","Sumatera Utara","12.07","Kabupaten Deli Serdang","12.07.08","Sinembah Tanjung Muda Hilir","12.07.08.2012","Lau Rakit"
"12","Sumatera Utara","12.07","Kabupaten Deli Serdang","12.07.08","Sinembah Tanjung Muda Hilir","12.07.08.2013","Penungkiren"
"12","Sumatera Utara","12.07","Kabupaten Deli Serdang","12.07.08","Sinembah Tanjung Muda Hilir","12.07.08.2014","Rambai"
"12","Sumatera Utara","12.07","Kabupaten Deli Serdang","12.07.08","Sinembah Tanjung Muda Hilir","12.07.08.2015","Lau Rempak"
"12","Sumatera Utara","12.07","Kabupaten Deli Serdang","12.07.09","Bangun Purba","12.07.09.2001","Bah Perak"
"12","Sumatera Utara","12.07","Kabupaten Deli Serdang","12.07.09","Bangun Purba","12.07.09.2002","Bandar Kwala"
"12","Sumatera Utara","12.07","Kabupaten Deli Serdang","12.07.09","Bangun Purba","12.07.09.2003","Bah Balua"
"12","Sumatera Utara","12.07","Kabupaten Deli Serdang","12.07.09","Bangun Purba","12.07.09.2005","Bandar Gugung"
"12","Sumatera Utara","12.07","Kabupaten Deli Serdang","12.07.09","Bangun Purba","12.07.09.2006","Bandar Meriah"
"12","Sumatera Utara","12.07","Kabupaten Deli Serdang","12.07.09","Bangun Purba","12.07.09.2007","Batu Gingging"
"12","Sumatera Utara","12.07","Kabupaten Deli Serdang","12.07.09","Bangun Purba","12.07.09.2008","Bangun Purba"
"12","Sumatera Utara","12.07","Kabupaten Deli Serdang","12.07.09","Bangun Purba","12.07.09.2009","Bangun Purba Tengah"
"12","Sumatera Utara","12.07","Kabupaten Deli Serdang","12.07.09","Bangun Purba","12.07.09.2010","Begerpang"
"12","Sumatera Utara","12.07","Kabupaten Deli Serdang","12.07.09","Bangun Purba","12.07.09.2011","Batu Rata"
"12","Sumatera Utara","12.07","Kabupaten Deli Serdang","12.07.09","Bangun Purba","12.07.09.2012","Cimahi"
"12","Sumatera Utara","12.07","Kabupaten Deli Serdang","12.07.09","Bangun Purba","12.07.09.2014","Damak Maliho"
"12","Sumatera Utara","12.07","Kabupaten Deli Serdang","12.07.09","Bangun Purba","12.07.09.2015","Greahan"
"12","Sumatera Utara","12.07","Kabupaten Deli Serdang","12.07.09","Bangun Purba","12.07.09.2017","Marombun Ujung Jawi"
"12","Sumatera Utara","12.07","Kabupaten Deli Serdang","12.07.09","Bangun Purba","12.07.09.2018","Marombun Barat"
"12","Sumatera Utara","12.07","Kabupaten Deli Serdang","12.07.09","Bangun Purba","12.07.09.2019","Mabar"
"12","Sumatera Utara","12.07","Kabupaten Deli Serdang","12.07.09","Bangun Purba","12.07.09.2020","Perguroan"
"12","Sumatera Utara","12.07","Kabupaten Deli Serdang","12.07.09","Bangun Purba","12.07.09.2023","Rumah Deleng"
"12","Sumatera Utara","12.07","Kabupaten Deli Serdang","12.07.09","Bangun Purba","12.07.09.2024","Sibaganding"
"12","Sumatera Utara","12.07","Kabupaten Deli Serdang","12.07.09","Bangun Purba","12.07.09.2025","Sialang"
"12","Sumatera Utara","12.07","Kabupaten Deli Serdang","12.07.09","Bangun Purba","12.07.09.2027","Sukaluwei"
"12","Sumatera Utara","12.07","Kabupaten Deli Serdang","12.07.09","Bangun Purba","12.07.09.2030","Tanjung Purba"
"12","Sumatera Utara","12.07","Kabupaten Deli Serdang","12.07.09","Bangun Purba","12.07.09.2032","Urung Ganjang"
"12","Sumatera Utara","12.07","Kabupaten Deli Serdang","12.07.09","Bangun Purba","12.07.09.2033","Ujung Rambe"
"12","Sumatera Utara","12.07","Kabupaten Deli Serdang","12.07.19","Galang","12.07.19.1038","Galang Kota"
"12","Sumatera Utara","12.07","Kabupaten Deli Serdang","12.07.19","Galang","12.07.19.2001","Tanjung Gusti"
"12","Sumatera Utara","12.07","Kabupaten Deli Serdang","12.07.19","Galang","12.07.19.2002","Baru Titi Besi"
"12","Sumatera Utara","12.07","Kabupaten Deli Serdang","12.07.19","Galang","12.07.19.2003","Bandar Kuala"
"12","Sumatera Utara","12.07","Kabupaten Deli Serdang","12.07.19","Galang","12.07.19.2004","Batu Lokong"
"12","Sumatera Utara","12.07","Kabupaten Deli Serdang","12.07.19","Galang","12.07.19.2005","Galang Suka"
"12","Sumatera Utara","12.07","Kabupaten Deli Serdang","12.07.19","Galang","12.07.19.2006","Galang Barat"
"12","Sumatera Utara","12.07","Kabupaten Deli Serdang","12.07.19","Galang","12.07.19.2007","Jaharun A"
"12","Sumatera Utara","12.07","Kabupaten Deli Serdang","12.07.19","Galang","12.07.19.2008","Jaharun B"
"12","Sumatera Utara","12.07","Kabupaten Deli Serdang","12.07.19","Galang","12.07.19.2009","Juhar Baru"
"12","Sumatera Utara","12.07","Kabupaten Deli Serdang","12.07.19","Galang","12.07.19.2012","Kramat Gajah"
"12","Sumatera Utara","12.07","Kabupaten Deli Serdang","12.07.19","Galang","12.07.19.2013","Kotasan"
"12","Sumatera Utara","12.07","Kabupaten Deli Serdang","12.07.19","Galang","12.07.19.2015","Kotangan"
"12","Sumatera Utara","12.07","Kabupaten Deli Serdang","12.07.19","Galang","12.07.19.2016","Kelapa Satu"
"12","Sumatera Utara","12.07","Kabupaten Deli Serdang","12.07.19","Galang","12.07.19.2019","Nogorejo"
"12","Sumatera Utara","12.07","Kabupaten Deli Serdang","12.07.19","Galang","12.07.19.2022","Paku"
"12","Sumatera Utara","12.07","Kabupaten Deli Serdang","12.07.19","Galang","12.07.19.2023","Petumbukan"
"12","Sumatera Utara","12.07","Kabupaten Deli Serdang","12.07.19","Galang","12.07.19.2024","Petangguhan"
"12","Sumatera Utara","12.07","Kabupaten Deli Serdang","12.07.19","Galang","12.07.19.2025","Pisang Pala"
"12","Sumatera Utara","12.07","Kabupaten Deli Serdang","12.07.19","Galang","12.07.19.2026","Paya Itik"
"12","Sumatera Utara","12.07","Kabupaten Deli Serdang","12.07.19","Galang","12.07.19.2027","Pulo Tagor Baru"
"12","Sumatera Utara","12.07","Kabupaten Deli Serdang","12.07.19","Galang","12.07.19.2028","Paya Kuda"
"12","Sumatera Utara","12.07","Kabupaten Deli Serdang","12.07.19","Galang","12.07.19.2029","Paya Sampir"
"12","Sumatera Utara","12.07","Kabupaten Deli Serdang","12.07.19","Galang","12.07.19.2030","Sei Putih"
"12","Sumatera Utara","12.07","Kabupaten Deli Serdang","12.07.19","Galang","12.07.19.2031","Sei Karang"
"12","Sumatera Utara","12.07","Kabupaten Deli Serdang","12.07.19","Galang","12.07.19.2034","Tanah Abang"
"12","Sumatera Utara","12.07","Kabupaten Deli Serdang","12.07.19","Galang","12.07.19.2035","Timbang Deli"
"12","Sumatera Utara","12.07","Kabupaten Deli Serdang","12.07.19","Galang","12.07.19.2036","Tanah Merah"
"12","Sumatera Utara","12.07","Kabupaten Deli Serdang","12.07.19","Galang","12.07.19.2037","Tanjung Siporkis"
"12","Sumatera Utara","12.07","Kabupaten Deli Serdang","12.07.20","Sinembah Tanjung Muda Hulu","12.07.20.2001","Tiga Juhar"
"12","Sumatera Utara","12.07","Kabupaten Deli Serdang","12.07.20","Sinembah Tanjung Muda Hulu","12.07.20.2002","Tanjung Bampu"
"12","Sumatera Utara","12.07","Kabupaten Deli Serdang","12.07.20","Sinembah Tanjung Muda Hulu","12.07.20.2003","Rumah Rih"
"12","Sumatera Utara","12.07","Kabupaten Deli Serdang","12.07.20","Sinembah Tanjung Muda Hulu","12.07.20.2004","Liang Muda"
"12","Sumatera Utara","12.07","Kabupaten Deli Serdang","12.07.20","Sinembah Tanjung Muda Hulu","12.07.20.2005","Durian IV Mbelang"
"12","Sumatera Utara","12.07","Kabupaten Deli Serdang","12.07.20","Sinembah Tanjung Muda Hulu","12.07.20.2006","Tanah Gara Hulu"
"12","Sumatera Utara","12.07","Kabupaten Deli Serdang","12.07.20","Sinembah Tanjung Muda Hulu","12.07.20.2007","Gunung Manumpak A"
"12","Sumatera Utara","12.07","Kabupaten Deli Serdang","12.07.20","Sinembah Tanjung Muda Hulu","12.07.20.2008","Bah Bah Buntu"
"12","Sumatera Utara","12.07","Kabupaten Deli Serdang","12.07.20","Sinembah Tanjung Muda Hulu","12.07.20.2009","Tanjung Muda"
"12","Sumatera Utara","12.07","Kabupaten Deli Serdang","12.07.20","Sinembah Tanjung Muda Hulu","12.07.20.2010","Tanjung Raja"
"12","Sumatera Utara","12.07","Kabupaten Deli Serdang","12.07.20","Sinembah Tanjung Muda Hulu","12.07.20.2011","Kuta Mbelin"
"12","Sumatera Utara","12.07","Kabupaten Deli Serdang","12.07.20","Sinembah Tanjung Muda Hulu","12.07.20.2012","Rumah Sumbul"
"12","Sumatera Utara","12.07","Kabupaten Deli Serdang","12.07.20","Sinembah Tanjung Muda Hulu","12.07.20.2013","Ranggit-git"
"12","Sumatera Utara","12.07","Kabupaten Deli Serdang","12.07.20","Sinembah Tanjung Muda Hulu","12.07.20.2014","Liang Pematang"
"12","Sumatera Utara","12.07","Kabupaten Deli Serdang","12.07.20","Sinembah Tanjung Muda Hulu","12.07.20.2015","Gunung Manumpak B"
"12","Sumatera Utara","12.07","Kabupaten Deli Serdang","12.07.20","Sinembah Tanjung Muda Hulu","12.07.20.2016","Rumah Lengo"
"12","Sumatera Utara","12.07","Kabupaten Deli Serdang","12.07.20","Sinembah Tanjung Muda Hulu","12.07.20.2017","Sipinggan"
"12","Sumatera Utara","12.07","Kabupaten Deli Serdang","12.07.20","Sinembah Tanjung Muda Hulu","12.07.20.2018","Tanjung Timur"
"12","Sumatera Utara","12.07","Kabupaten Deli Serdang","12.07.20","Sinembah Tanjung Muda Hulu","12.07.20.2019","Durian Tinggung"
"12","Sumatera Utara","12.07","Kabupaten Deli Serdang","12.07.20","Sinembah Tanjung Muda Hulu","12.07.20.2020","Sibunga Bunga Hilir"
"12","Sumatera Utara","12.07","Kabupaten Deli Serdang","12.07.21","Patumbak","12.07.21.2001","Lantasan Baru"
"12","Sumatera Utara","12.07","Kabupaten Deli Serdang","12.07.21","Patumbak","12.07.21.2002","Patumbak I"
"12","Sumatera Utara","12.07","Kabupaten Deli Serdang","12.07.21","Patumbak","12.07.21.2003","Patumbak II"
"12","Sumatera Utara","12.07","Kabupaten Deli Serdang","12.07.21","Patumbak","12.07.21.2004","Lantasan Lama"
"12","Sumatera Utara","12.07","Kabupaten Deli Serdang","12.07.21","Patumbak","12.07.21.2005","Sigara-gara"
"12","Sumatera Utara","12.07","Kabupaten Deli Serdang","12.07.21","Patumbak","12.07.21.2006","Marindal I"
"12","Sumatera Utara","12.07","Kabupaten Deli Serdang","12.07.21","Patumbak","12.07.21.2007","Marindal II"
"12","Sumatera Utara","12.07","Kabupaten Deli Serdang","12.07.21","Patumbak","12.07.21.2008","Patumbak Kampung"
"12","Sumatera Utara","12.07","Kabupaten Deli Serdang","12.07.22","Deli Tua","12.07.22.1004","Deli Tua"
"12","Sumatera Utara","12.07","Kabupaten Deli Serdang","12.07.22","Deli Tua","12.07.22.1005","Deli Tua Timur"
"12","Sumatera Utara","12.07","Kabupaten Deli Serdang","12.07.22","Deli Tua","12.07.22.1006","Deli Tua Barat"
"12","Sumatera Utara","12.07","Kabupaten Deli Serdang","12.07.22","Deli Tua","12.07.22.2001","Kedai Durian"
"12","Sumatera Utara","12.07","Kabupaten Deli Serdang","12.07.22","Deli Tua","12.07.22.2002","Suka Makmur"
"12","Sumatera Utara","12.07","Kabupaten Deli Serdang","12.07.22","Deli Tua","12.07.22.2003","Mekar Sari"
"12","Sumatera Utara","12.07","Kabupaten Deli Serdang","12.07.23","Sunggal","12.07.23.2001","Sei Semayang"
"12","Sumatera Utara","12.07","Kabupaten Deli Serdang","12.07.23","Sunggal","12.07.23.2002","Lalang"
"12","Sumatera Utara","12.07","Kabupaten Deli Serdang","12.07.23","Sunggal","12.07.23.2003","Puji Mulyo"
"12","Sumatera Utara","12.07","Kabupaten Deli Serdang","12.07.23","Sunggal","12.07.23.2004","Paya Geli"
"12","Sumatera Utara","12.07","Kabupaten Deli Serdang","12.07.23","Sunggal","12.07.23.2005","Mulio Rejo"
"12","Sumatera Utara","12.07","Kabupaten Deli Serdang","12.07.23","Sunggal","12.07.23.2006","Purwodadi"
"12","Sumatera Utara","12.07","Kabupaten Deli Serdang","12.07.23","Sunggal","12.07.23.2007","Sumber Melati Diski"
"12","Sumatera Utara","12.07","Kabupaten Deli Serdang","12.07.23","Sunggal","12.07.23.2008","Tanjung Gusta"
"12","Sumatera Utara","12.07","Kabupaten Deli Serdang","12.07.23","Sunggal","12.07.23.2009","Helvetia"
"12","Sumatera Utara","12.07","Kabupaten Deli Serdang","12.07.23","Sunggal","12.07.23.2010","Medan Krio"
"12","Sumatera Utara","12.07","Kabupaten Deli Serdang","12.07.23","Sunggal","12.07.23.2011","Sei Mencirim"
"12","Sumatera Utara","12.07","Kabupaten Deli Serdang","12.07.23","Sunggal","12.07.23.2012","Sukamaju"
"12","Sumatera Utara","12.07","Kabupaten Deli Serdang","12.07.23","Sunggal","12.07.23.2013","Sunggal Kanan"
"12","Sumatera Utara","12.07","Kabupaten Deli Serdang","12.07.23","Sunggal","12.07.23.2014","Serbajadi"
"12","Sumatera Utara","12.07","Kabupaten Deli Serdang","12.07.23","Sunggal","12.07.23.2015","Telaga Sari"
"12","Sumatera Utara","12.07","Kabupaten Deli Serdang","12.07.23","Sunggal","12.07.23.2016","Tanjung Selamat"
"12","Sumatera Utara","12.07","Kabupaten Deli Serdang","12.07.23","Sunggal","12.07.23.2017","Sei Beras Sekata"
"12","Sumatera Utara","12.07","Kabupaten Deli Serdang","12.07.24","Hamparan Perak","12.07.24.2001","Hamparan Perak"
"12","Sumatera Utara","12.07","Kabupaten Deli Serdang","12.07.24","Hamparan Perak","12.07.24.2002","Sei Baharu"
"12","Sumatera Utara","12.07","Kabupaten Deli Serdang","12.07.24","Hamparan Perak","12.07.24.2003","Klumpang Kebun"
"12","Sumatera Utara","12.07","Kabupaten Deli Serdang","12.07.24","Hamparan Perak","12.07.24.2004","Klumpang Kampung"
"12","Sumatera Utara","12.07","Kabupaten Deli Serdang","12.07.24","Hamparan Perak","12.07.24.2005","Klambir Lima Kampung"
"12","Sumatera Utara","12.07","Kabupaten Deli Serdang","12.07.24","Hamparan Perak","12.07.24.2006","Tandam Hulu II"
"12","Sumatera Utara","12.07","Kabupaten Deli Serdang","12.07.24","Hamparan Perak","12.07.24.2007","Klambir"
"12","Sumatera Utara","12.07","Kabupaten Deli Serdang","12.07.24","Hamparan Perak","12.07.24.2008","Selemak"
"12","Sumatera Utara","12.07","Kabupaten Deli Serdang","12.07.24","Hamparan Perak","12.07.24.2009","Klambir Lima Kebun"
"12","Sumatera Utara","12.07","Kabupaten Deli Serdang","12.07.24","Hamparan Perak","12.07.24.2010","Sialang Muda"
"12","Sumatera Utara","12.07","Kabupaten Deli Serdang","12.07.24","Hamparan Perak","12.07.24.2011","Paya Bakung"
"12","Sumatera Utara","12.07","Kabupaten Deli Serdang","12.07.24","Hamparan Perak","12.07.24.2012","Tandem Hulu I"
"12","Sumatera Utara","12.07","Kabupaten Deli Serdang","12.07.24","Hamparan Perak","12.07.24.2013","Tandem Hilir I"
"12","Sumatera Utara","12.07","Kabupaten Deli Serdang","12.07.24","Hamparan Perak","12.07.24.2014","Tandam Hilir II"
"12","Sumatera Utara","12.07","Kabupaten Deli Serdang","12.07.24","Hamparan Perak","12.07.24.2015","Kota Datar"
"12","Sumatera Utara","12.07","Kabupaten Deli Serdang","12.07.24","Hamparan Perak","12.07.24.2016","Bulu Cina"
"12","Sumatera Utara","12.07","Kabupaten Deli Serdang","12.07.24","Hamparan Perak","12.07.24.2017","Kota Rantang"
"12","Sumatera Utara","12.07","Kabupaten Deli Serdang","12.07.24","Hamparan Perak","12.07.24.2018","Paluh Manan"
"12","Sumatera Utara","12.07","Kabupaten Deli Serdang","12.07.24","Hamparan Perak","12.07.24.2019","Lama"
"12","Sumatera Utara","12.07","Kabupaten Deli Serdang","12.07.24","Hamparan Perak","12.07.24.2020","Paluh Kurau"
"12","Sumatera Utara","12.07","Kabupaten Deli Serdang","12.07.25","Labuhan Deli","12.07.25.2001","Helvetia"
"12","Sumatera Utara","12.07","Kabupaten Deli Serdang","12.07.25","Labuhan Deli","12.07.25.2002","Manunggal"
"12","Sumatera Utara","12.07","Kabupaten Deli Serdang","12.07.25","Labuhan Deli","12.07.25.2003","Pematang Johar"
"12","Sumatera Utara","12.07","Kabupaten Deli Serdang","12.07.25","Labuhan Deli","12.07.25.2004","Karang Gading"
"12","Sumatera Utara","12.07","Kabupaten Deli Serdang","12.07.25","Labuhan Deli","12.07.25.2005","Telaga Tujuh"
"12","Sumatera Utara","12.07","Kabupaten Deli Serdang","12.07.26","Percut Sei Tuan","12.07.26.1019","Kenangan"
"12","Sumatera Utara","12.07","Kabupaten Deli Serdang","12.07.26","Percut Sei Tuan","12.07.26.1020","Kenangan Baru"
"12","Sumatera Utara","12.07","Kabupaten Deli Serdang","12.07.26","Percut Sei Tuan","12.07.26.2001","Pematang Lalang"
"12","Sumatera Utara","12.07","Kabupaten Deli Serdang","12.07.26","Percut Sei Tuan","12.07.26.2002","Sambirejo Timur"
"12","Sumatera Utara","12.07","Kabupaten Deli Serdang","12.07.26","Percut Sei Tuan","12.07.26.2003","Kolam"
"12","Sumatera Utara","12.07","Kabupaten Deli Serdang","12.07.26","Percut Sei Tuan","12.07.26.2004","Percut"
"12","Sumatera Utara","12.07","Kabupaten Deli Serdang","12.07.26","Percut Sei Tuan","12.07.26.2005","Laut Dendang"
"12","Sumatera Utara","12.07","Kabupaten Deli Serdang","12.07.26","Percut Sei Tuan","12.07.26.2006","Tembung"
"12","Sumatera Utara","12.07","Kabupaten Deli Serdang","12.07.26","Percut Sei Tuan","12.07.26.2007","Cinta Rakyat"
"12","Sumatera Utara","12.07","Kabupaten Deli Serdang","12.07.26","Percut Sei Tuan","12.07.26.2008","Amplas"
"12","Sumatera Utara","12.07","Kabupaten Deli Serdang","12.07.26","Percut Sei Tuan","12.07.26.2009","Saentis"
"12","Sumatera Utara","12.07","Kabupaten Deli Serdang","12.07.26","Percut Sei Tuan","12.07.26.2010","Sampali"
"12","Sumatera Utara","12.07","Kabupaten Deli Serdang","12.07.26","Percut Sei Tuan","12.07.26.2011","Bandar Khalipah"
"12","Sumatera Utara","12.07","Kabupaten Deli Serdang","12.07.26","Percut Sei Tuan","12.07.26.2012","Bandar Klippa"
"12","Sumatera Utara","12.07","Kabupaten Deli Serdang","12.07.26","Percut Sei Tuan","12.07.26.2013","Tanjung Selamat"
"12","Sumatera Utara","12.07","Kabupaten Deli Serdang","12.07.26","Percut Sei Tuan","12.07.26.2014","Tanjung Rejo"
"12","Sumatera Utara","12.07","Kabupaten Deli Serdang","12.07.26","Percut Sei Tuan","12.07.26.2015","Medan Estate"
"12","Sumatera Utara","12.07","Kabupaten Deli Serdang","12.07.26","Percut Sei Tuan","12.07.26.2016","Cinta Damai"
"12","Sumatera Utara","12.07","Kabupaten Deli Serdang","12.07.26","Percut Sei Tuan","12.07.26.2017","Bandar Setia"
"12","Sumatera Utara","12.07","Kabupaten Deli Serdang","12.07.26","Percut Sei Tuan","12.07.26.2018","Sei Rotan"
"12","Sumatera Utara","12.07","Kabupaten Deli Serdang","12.07.27","Batang Kuis","12.07.27.2001","Sena"
"12","Sumatera Utara","12.07","Kabupaten Deli Serdang","12.07.27","Batang Kuis","12.07.27.2002","Tumpatan Nibung"
"12","Sumatera Utara","12.07","Kabupaten Deli Serdang","12.07.27","Batang Kuis","12.07.27.2003","Tanjung Sari"
"12","Sumatera Utara","12.07","Kabupaten Deli Serdang","12.07.27","Batang Kuis","12.07.27.2004","Baru"
"12","Sumatera Utara","12.07","Kabupaten Deli Serdang","12.07.27","Batang Kuis","12.07.27.2005","Batangkuis Pekan"
"12","Sumatera Utara","12.07","Kabupaten Deli Serdang","12.07.27","Batang Kuis","12.07.27.2006","Sidodadi"
"12","Sumatera Utara","12.07","Kabupaten Deli Serdang","12.07.27","Batang Kuis","12.07.27.2007","Bintang Meriah"
"12","Sumatera Utara","12.07","Kabupaten Deli Serdang","12.07.27","Batang Kuis","12.07.27.2008","Bakaran Batu"
"12","Sumatera Utara","12.07","Kabupaten Deli Serdang","12.07.27","Batang Kuis","12.07.27.2009","Paya Gambar"
"12","Sumatera Utara","12.07","Kabupaten Deli Serdang","12.07.27","Batang Kuis","12.07.27.2010","Mesjid"
"12","Sumatera Utara","12.07","Kabupaten Deli Serdang","12.07.27","Batang Kuis","12.07.27.2011","Sugiharjo"
"12","Sumatera Utara","12.07","Kabupaten Deli Serdang","12.07.28","Lubuk Pakam","12.07.28.1007","Lubuk Pakam I,II"
"12","Sumatera Utara","12.07","Kabupaten Deli Serdang","12.07.28","Lubuk Pakam","12.07.28.1008","Lubuk Pakam III"
"12","Sumatera Utara","12.07","Kabupaten Deli Serdang","12.07.28","Lubuk Pakam","12.07.28.1009","Paluh Kemiri"
"12","Sumatera Utara","12.07","Kabupaten Deli Serdang","12.07.28","Lubuk Pakam","12.07.28.1010","Cemara"
"12","Sumatera Utara","12.07","Kabupaten Deli Serdang","12.07.28","Lubuk Pakam","12.07.28.1011","Syahmad"
"12","Sumatera Utara","12.07","Kabupaten Deli Serdang","12.07.28","Lubuk Pakam","12.07.28.1012","Petapahan"
"12","Sumatera Utara","12.07","Kabupaten Deli Serdang","12.07.28","Lubuk Pakam","12.07.28.1013","Lubuk Pakam Pekan"
"12","Sumatera Utara","12.07","Kabupaten Deli Serdang","12.07.28","Lubuk Pakam","12.07.28.2001","Sekip"
"12","Sumatera Utara","12.07","Kabupaten Deli Serdang","12.07.28","Lubuk Pakam","12.07.28.2002","Pagar Jati"
"12","Sumatera Utara","12.07","Kabupaten Deli Serdang","12.07.28","Lubuk Pakam","12.07.28.2003","Tanjung Garbus I"
"12","Sumatera Utara","12.07","Kabupaten Deli Serdang","12.07.28","Lubuk Pakam","12.07.28.2004","Pasar Melintang"
"12","Sumatera Utara","12.07","Kabupaten Deli Serdang","12.07.28","Lubuk Pakam","12.07.28.2005","Pagar Merbau III"
"12","Sumatera Utara","12.07","Kabupaten Deli Serdang","12.07.28","Lubuk Pakam","12.07.28.2006","Bakaran Batu"
"12","Sumatera Utara","12.07","Kabupaten Deli Serdang","12.07.31","Pagar Merbau","12.07.31.2001","Tanjung Mulia"
"12","Sumatera Utara","12.07","Kabupaten Deli Serdang","12.07.31","Pagar Merbau","12.07.31.2002","Purwodadi"
"12","Sumatera Utara","12.07","Kabupaten Deli Serdang","12.07.31","Pagar Merbau","12.07.31.2003","Sidodadi Batu 8"
"12","Sumatera Utara","12.07","Kabupaten Deli Serdang","12.07.31","Pagar Merbau","12.07.31.2004","Suka Mulia"
"12","Sumatera Utara","12.07","Kabupaten Deli Serdang","12.07.31","Pagar Merbau","12.07.31.2005","Jati Rejo"
"12","Sumatera Utara","12.07","Kabupaten Deli Serdang","12.07.31","Pagar Merbau","12.07.31.2006","Pagar Merbau I"
"12","Sumatera Utara","12.07","Kabupaten Deli Serdang","12.07.31","Pagar Merbau","12.07.31.2007","Pagar Merbau II"
"12","Sumatera Utara","12.07","Kabupaten Deli Serdang","12.07.31","Pagar Merbau","12.07.31.2008","Sidoharjo-I Pasar Miring"
"12","Sumatera Utara","12.07","Kabupaten Deli Serdang","12.07.31","Pagar Merbau","12.07.31.2009","Sidoharjo-I Jati Baru"
"12","Sumatera Utara","12.07","Kabupaten Deli Serdang","12.07.31","Pagar Merbau","12.07.31.2010","Bandar Dolok"
"12","Sumatera Utara","12.07","Kabupaten Deli Serdang","12.07.31","Pagar Merbau","12.07.31.2011","Tanjung Garbus II"
"12","Sumatera Utara","12.07","Kabupaten Deli Serdang","12.07.31","Pagar Merbau","12.07.31.2012","Tanjung Garbus Kampung"
"12","Sumatera Utara","12.07","Kabupaten Deli Serdang","12.07.31","Pagar Merbau","12.07.31.2013","Perbarakan"
"12","Sumatera Utara","12.07","Kabupaten Deli Serdang","12.07.31","Pagar Merbau","12.07.31.2014","Sukamandi Hilir"
"12","Sumatera Utara","12.07","Kabupaten Deli Serdang","12.07.31","Pagar Merbau","12.07.31.2015","Sukamandi Hulu"
"12","Sumatera Utara","12.07","Kabupaten Deli Serdang","12.07.31","Pagar Merbau","12.07.31.2016","Sumberejo"
"12","Sumatera Utara","12.07","Kabupaten Deli Serdang","12.07.32","Pantai Labu","12.07.32.2001","Sei Tuan"
"12","Sumatera Utara","12.07","Kabupaten Deli Serdang","12.07.32","Pantai Labu","12.07.32.2002","Tengah"
"12","Sumatera Utara","12.07","Kabupaten Deli Serdang","12.07.32","Pantai Labu","12.07.32.2003","Bagan Serdang"
"12","Sumatera Utara","12.07","Kabupaten Deli Serdang","12.07.32","Pantai Labu","12.07.32.2004","Rantau Panjang"
"12","Sumatera Utara","12.07","Kabupaten Deli Serdang","12.07.32","Pantai Labu","12.07.32.2005","Rugemuk"
"12","Sumatera Utara","12.07","Kabupaten Deli Serdang","12.07.32","Pantai Labu","12.07.32.2006","Kubah Sentang"
"12","Sumatera Utara","12.07","Kabupaten Deli Serdang","12.07.32","Pantai Labu","12.07.32.2007","Pantai Labu Pekan"
"12","Sumatera Utara","12.07","Kabupaten Deli Serdang","12.07.32","Pantai Labu","12.07.32.2008","Pantai Labu Baru"
"12","Sumatera Utara","12.07","Kabupaten Deli Serdang","12.07.32","Pantai Labu","12.07.32.2009","Ramunia 1"
"12","Sumatera Utara","12.07","Kabupaten Deli Serdang","12.07.32","Pantai Labu","12.07.32.2010","Ramunia 2"
"12","Sumatera Utara","12.07","Kabupaten Deli Serdang","12.07.32","Pantai Labu","12.07.32.2011","Perkebunan Ramunia"
"12","Sumatera Utara","12.07","Kabupaten Deli Serdang","12.07.32","Pantai Labu","12.07.32.2012","Denai Lama"
"12","Sumatera Utara","12.07","Kabupaten Deli Serdang","12.07.32","Pantai Labu","12.07.32.2013","Denai Kuala"
"12","Sumatera Utara","12.07","Kabupaten Deli Serdang","12.07.32","Pantai Labu","12.07.32.2014","Denai Sarang Burung"
"12","Sumatera Utara","12.07","Kabupaten Deli Serdang","12.07.32","Pantai Labu","12.07.32.2015","Binjai Bakung"
"12","Sumatera Utara","12.07","Kabupaten Deli Serdang","12.07.32","Pantai Labu","12.07.32.2016","Paluh Sibaji"
"12","Sumatera Utara","12.07","Kabupaten Deli Serdang","12.07.32","Pantai Labu","12.07.32.2017","Kelambir"
"12","Sumatera Utara","12.07","Kabupaten Deli Serdang","12.07.32","Pantai Labu","12.07.32.2018","Durian"
"12","Sumatera Utara","12.07","Kabupaten Deli Serdang","12.07.32","Pantai Labu","12.07.32.2019","Pematang Biara"
"12","Sumatera Utara","12.07","Kabupaten Deli Serdang","12.07.33","Beringin","12.07.33.2001","Serdang"
"12","Sumatera Utara","12.07","Kabupaten Deli Serdang","12.07.33","Beringin","12.07.33.2002","Sidourip"
"12","Sumatera Utara","12.07","Kabupaten Deli Serdang","12.07.33","Beringin","12.07.33.2003","Aras Kabu"
"12","Sumatera Utara","12.07","Kabupaten Deli Serdang","12.07.33","Beringin","12.07.33.2004","Pasar VI Kuala Namu"
"12","Sumatera Utara","12.07","Kabupaten Deli Serdang","12.07.33","Beringin","12.07.33.2005","Emplasmen Kuala Namu"
"12","Sumatera Utara","12.07","Kabupaten Deli Serdang","12.07.33","Beringin","12.07.33.2006","Pasar V Kebun Kelapa"
"12","Sumatera Utara","12.07","Kabupaten Deli Serdang","12.07.33","Beringin","12.07.33.2007","Beringin"
"12","Sumatera Utara","12.07","Kabupaten Deli Serdang","12.07.33","Beringin","12.07.33.2008","Sidoarjo II Ramunia"
"12","Sumatera Utara","12.07","Kabupaten Deli Serdang","12.07.33","Beringin","12.07.33.2009","Karang Anyar"
"12","Sumatera Utara","12.07","Kabupaten Deli Serdang","12.07.33","Beringin","12.07.33.2010","Sidodadi Ramunia"
"12","Sumatera Utara","12.07","Kabupaten Deli Serdang","12.07.33","Beringin","12.07.33.2011","Tumpatan"
"12","Sumatera Utara","12.08","Kabupaten Simalungun","12.08.01","Siantar","12.08.01.2001","Silampuyang"
"12","Sumatera Utara","12.08","Kabupaten Simalungun","12.08.01","Siantar","12.08.01.2002","Marihat Baris"
"12","Sumatera Utara","12.08","Kabupaten Simalungun","12.08.01","Siantar","12.08.01.2003","Dolok Marlawan"
"12","Sumatera Utara","12.08","Kabupaten Simalungun","12.08.01","Siantar","12.08.01.2004","Rambung Merah"
"12","Sumatera Utara","12.08","Kabupaten Simalungun","12.08.01","Siantar","12.08.01.2005","Silou Manik"
"12","Sumatera Utara","12.08","Kabupaten Simalungun","12.08.01","Siantar","12.08.01.2006","Sejahtera"
"12","Sumatera Utara","12.08","Kabupaten Simalungun","12.08.01","Siantar","12.08.01.2007","Siantar Estate"
"12","Sumatera Utara","12.08","Kabupaten Simalungun","12.08.01","Siantar","12.08.01.2008","Karang Bangun"
"12","Sumatera Utara","12.08","Kabupaten Simalungun","12.08.01","Siantar","12.08.01.2009","Nusa Harapan"
"12","Sumatera Utara","12.08","Kabupaten Simalungun","12.08.01","Siantar","12.08.01.2010","Sitalasari"
"12","Sumatera Utara","12.08","Kabupaten Simalungun","12.08.01","Siantar","12.08.01.2011","Lestari Indah"
"12","Sumatera Utara","12.08","Kabupaten Simalungun","12.08.01","Siantar","12.08.01.2012","Laras Dua"
"12","Sumatera Utara","12.08","Kabupaten Simalungun","12.08.01","Siantar","12.08.01.2013","Dolok Hataran"
"12","Sumatera Utara","12.08","Kabupaten Simalungun","12.08.01","Siantar","12.08.01.2014","Pantoan Maju"
"12","Sumatera Utara","12.08","Kabupaten Simalungun","12.08.01","Siantar","12.08.01.2015","Pamatang Simalungun"
"12","Sumatera Utara","12.08","Kabupaten Simalungun","12.08.01","Siantar","12.08.01.2016","Silau Malaha"
"12","Sumatera Utara","12.08","Kabupaten Simalungun","12.08.01","Siantar","12.08.01.2017","Pamatang Silampuyang"
"12","Sumatera Utara","12.08","Kabupaten Simalungun","12.08.02","Gunung Malela","12.08.02.2001","Dolog Malela"
"12","Sumatera Utara","12.08","Kabupaten Simalungun","12.08.02","Gunung Malela","12.08.02.2002","Senio"
"12","Sumatera Utara","12.08","Kabupaten Simalungun","12.08.02","Gunung Malela","12.08.02.2003","Pamatang Asilom"
"12","Sumatera Utara","12.08","Kabupaten Simalungun","12.08.02","Gunung Malela","12.08.02.2004","Serapuh"
"12","Sumatera Utara","12.08","Kabupaten Simalungun","12.08.02","Gunung Malela","12.08.02.2005","Margo Mulyo"
"12","Sumatera Utara","12.08","Kabupaten Simalungun","12.08.02","Gunung Malela","12.08.02.2006","Silulu"
"12","Sumatera Utara","12.08","Kabupaten Simalungun","12.08.02","Gunung Malela","12.08.02.2007","Silou Malela"
"12","Sumatera Utara","12.08","Kabupaten Simalungun","12.08.02","Gunung Malela","12.08.02.2008","Bandar Siantar"
"12","Sumatera Utara","12.08","Kabupaten Simalungun","12.08.02","Gunung Malela","12.08.02.2009","Pamatang Gajing"
"12","Sumatera Utara","12.08","Kabupaten Simalungun","12.08.02","Gunung Malela","12.08.02.2010","Bangun"
"12","Sumatera Utara","12.08","Kabupaten Simalungun","12.08.02","Gunung Malela","12.08.02.2011","Malela"
"12","Sumatera Utara","12.08","Kabupaten Simalungun","12.08.02","Gunung Malela","12.08.02.2012","Bukit Maraja"
"12","Sumatera Utara","12.08","Kabupaten Simalungun","12.08.02","Gunung Malela","12.08.02.2013","Pamatang Sahkuda"
"12","Sumatera Utara","12.08","Kabupaten Simalungun","12.08.02","Gunung Malela","12.08.02.2014","Marihat Bukit"
"12","Sumatera Utara","12.08","Kabupaten Simalungun","12.08.02","Gunung Malela","12.08.02.2015","Sahkuda Bayu"
"12","Sumatera Utara","12.08","Kabupaten Simalungun","12.08.02","Gunung Malela","12.08.02.2016","Lingga"
"12","Sumatera Utara","12.08","Kabupaten Simalungun","12.08.03","Gunung Maligas","12.08.03.2001","Silou Bayu"
"12","Sumatera Utara","12.08","Kabupaten Simalungun","12.08.03","Gunung Maligas","12.08.03.2002","Karang Anyer"
"12","Sumatera Utara","12.08","Kabupaten Simalungun","12.08.03","Gunung Maligas","12.08.03.2003","Karang Rejo"
"12","Sumatera Utara","12.08","Kabupaten Simalungun","12.08.03","Gunung Maligas","12.08.03.2004","Karang Sari"
"12","Sumatera Utara","12.08","Kabupaten Simalungun","12.08.03","Gunung Maligas","12.08.03.2005","Tumorang"
"12","Sumatera Utara","12.08","Kabupaten Simalungun","12.08.03","Gunung Maligas","12.08.03.2006","Rabuhit"
"12","Sumatera Utara","12.08","Kabupaten Simalungun","12.08.03","Gunung Maligas","12.08.03.2007","Huta Dipar"
"12","Sumatera Utara","12.08","Kabupaten Simalungun","12.08.03","Gunung Maligas","12.08.03.2008","Ganjing"
"12","Sumatera Utara","12.08","Kabupaten Simalungun","12.08.03","Gunung Maligas","12.08.03.2009","Bandar Malela"
"12","Sumatera Utara","12.08","Kabupaten Simalungun","12.08.04","Panei","12.08.04.1011","Panei Tongah"
"12","Sumatera Utara","12.08","Kabupaten Simalungun","12.08.04","Panei","12.08.04.2001","Janggir Leto"
"12","Sumatera Utara","12.08","Kabupaten Simalungun","12.08.04","Panei","12.08.04.2002","Simpang Pane Raya"
"12","Sumatera Utara","12.08","Kabupaten Simalungun","12.08.04","Panei","12.08.04.2003","Siborna"
"12","Sumatera Utara","12.08","Kabupaten Simalungun","12.08.04","Panei","12.08.04.2004","Sipoldas"
"12","Sumatera Utara","12.08","Kabupaten Simalungun","12.08.04","Panei","12.08.04.2005","Bangun Rakyat"
"12","Sumatera Utara","12.08","Kabupaten Simalungun","12.08.04","Panei","12.08.04.2006","Sigodang"
"12","Sumatera Utara","12.08","Kabupaten Simalungun","12.08.04","Panei","12.08.04.2007","Sigodang Barat"
"12","Sumatera Utara","12.08","Kabupaten Simalungun","12.08.04","Panei","12.08.04.2008","Bah Bolon Tongah"
"12","Sumatera Utara","12.08","Kabupaten Simalungun","12.08.04","Panei","12.08.04.2009","Mekar Sari Raya"
"12","Sumatera Utara","12.08","Kabupaten Simalungun","12.08.04","Panei","12.08.04.2010","Simantin Pane Dame"
"12","Sumatera Utara","12.08","Kabupaten Simalungun","12.08.04","Panei","12.08.04.2012","Simpang Raya Dasma"
"12","Sumatera Utara","12.08","Kabupaten Simalungun","12.08.04","Panei","12.08.04.2013","Bangun Das Mariah"
"12","Sumatera Utara","12.08","Kabupaten Simalungun","12.08.04","Panei","12.08.04.2014","Bangun Sitolu Bah"
"12","Sumatera Utara","12.08","Kabupaten Simalungun","12.08.04","Panei","12.08.04.2015","Bah Liran Siborna"
"12","Sumatera Utara","12.08","Kabupaten Simalungun","12.08.04","Panei","12.08.04.2016","Nauli Baru"
"12","Sumatera Utara","12.08","Kabupaten Simalungun","12.08.04","Panei","12.08.04.2017","Rawang Pardomuan Nauli"
"12","Sumatera Utara","12.08","Kabupaten Simalungun","12.08.05","Panombeian Panei","12.08.05.2001","Panombeian"
"12","Sumatera Utara","12.08","Kabupaten Simalungun","12.08.05","Panombeian Panei","12.08.05.2002","Pamatang Panombeian"
"12","Sumatera Utara","12.08","Kabupaten Simalungun","12.08.05","Panombeian Panei","12.08.05.2003","Nagori Bosar"
"12","Sumatera Utara","12.08","Kabupaten Simalungun","12.08.05","Panombeian Panei","12.08.05.2004","Marjandi"
"12","Sumatera Utara","12.08","Kabupaten Simalungun","12.08.05","Panombeian Panei","12.08.05.2005","Simpang Panei"
"12","Sumatera Utara","12.08","Kabupaten Simalungun","12.08.05","Panombeian Panei","12.08.05.2006","Talun Kondot"
"12","Sumatera Utara","12.08","Kabupaten Simalungun","12.08.05","Panombeian Panei","12.08.05.2007","Simbolon Tengkoh"
"12","Sumatera Utara","12.08","Kabupaten Simalungun","12.08.05","Panombeian Panei","12.08.05.2008","Pamatang Panei"
"12","Sumatera Utara","12.08","Kabupaten Simalungun","12.08.05","Panombeian Panei","12.08.05.2009","Marjandi Pisang"
"12","Sumatera Utara","12.08","Kabupaten Simalungun","12.08.05","Panombeian Panei","12.08.05.2010","Banuh Raya"
"12","Sumatera Utara","12.08","Kabupaten Simalungun","12.08.05","Panombeian Panei","12.08.05.2011","Rukun Mulyo"
"12","Sumatera Utara","12.08","Kabupaten Simalungun","12.08.06","Jorlang Hataran","12.08.06.1008","Tiga Balata"
"12","Sumatera Utara","12.08","Kabupaten Simalungun","12.08.06","Jorlang Hataran","12.08.06.2001","Kasindir"
"12","Sumatera Utara","12.08","Kabupaten Simalungun","12.08.06","Jorlang Hataran","12.08.06.2002","Sibunga Bunga"
"12","Sumatera Utara","12.08","Kabupaten Simalungun","12.08.06","Jorlang Hataran","12.08.06.2003","Jorlang Hataran"
"12","Sumatera Utara","12.08","Kabupaten Simalungun","12.08.06","Jorlang Hataran","12.08.06.2004","Bah Sampuran"
"12","Sumatera Utara","12.08","Kabupaten Simalungun","12.08.06","Jorlang Hataran","12.08.06.2005","Bah Birong Ulu"
"12","Sumatera Utara","12.08","Kabupaten Simalungun","12.08.06","Jorlang Hataran","12.08.06.2006","Pinang Ratus"
"12","Sumatera Utara","12.08","Kabupaten Simalungun","12.08.06","Jorlang Hataran","12.08.06.2007","Dolok Marlawan"
"12","Sumatera Utara","12.08","Kabupaten Simalungun","12.08.06","Jorlang Hataran","12.08.06.2009","Panombean Hutaurung"
"12","Sumatera Utara","12.08","Kabupaten Simalungun","12.08.06","Jorlang Hataran","12.08.06.2010","Dipar Hataran"
"12","Sumatera Utara","12.08","Kabupaten Simalungun","12.08.06","Jorlang Hataran","12.08.06.2011","Pagar Pinang"
"12","Sumatera Utara","12.08","Kabupaten Simalungun","12.08.06","Jorlang Hataran","12.08.06.2012","Dolok Parriasan"
"12","Sumatera Utara","12.08","Kabupaten Simalungun","12.08.06","Jorlang Hataran","12.08.06.2013","Parmonangan"
"12","Sumatera Utara","12.08","Kabupaten Simalungun","12.08.07","Raya Kahean","12.08.07.1008","Sindar Raya"
"12","Sumatera Utara","12.08","Kabupaten Simalungun","12.08.07","Raya Kahean","12.08.07.2001","Sambosar Raya"
"12","Sumatera Utara","12.08","Kabupaten Simalungun","12.08.07","Raya Kahean","12.08.07.2002","Panduman"
"12","Sumatera Utara","12.08","Kabupaten Simalungun","12.08.07","Raya Kahean","12.08.07.2003","Ambarokan Panei Raya"
"12","Sumatera Utara","12.08","Kabupaten Simalungun","12.08.07","Raya Kahean","12.08.07.2004","Bah Tonang"
"12","Sumatera Utara","12.08","Kabupaten Simalungun","12.08.07","Raya Kahean","12.08.07.2005","Bah Bulian"
"12","Sumatera Utara","12.08","Kabupaten Simalungun","12.08.07","Raya Kahean","12.08.07.2006","Bangun Raya"
"12","Sumatera Utara","12.08","Kabupaten Simalungun","12.08.07","Raya Kahean","12.08.07.2007","Durian Banggal"
"12","Sumatera Utara","12.08","Kabupaten Simalungun","12.08.07","Raya Kahean","12.08.07.2008","Sorba Dolog"
"12","Sumatera Utara","12.08","Kabupaten Simalungun","12.08.07","Raya Kahean","12.08.07.2009","Gunung Datas"
"12","Sumatera Utara","12.08","Kabupaten Simalungun","12.08.07","Raya Kahean","12.08.07.2010","Puli Buah"
"12","Sumatera Utara","12.08","Kabupaten Simalungun","12.08.07","Raya Kahean","12.08.07.2011","Banu Raya"
"12","Sumatera Utara","12.08","Kabupaten Simalungun","12.08.07","Raya Kahean","12.08.07.2012","Marubun Siboras"
"12","Sumatera Utara","12.08","Kabupaten Simalungun","12.08.07","Raya Kahean","12.08.07.2013","Banjaran"
"12","Sumatera Utara","12.08","Kabupaten Simalungun","12.08.08","Bosar Maligas","12.08.08.1013","Bosar Maligas"
"12","Sumatera Utara","12.08","Kabupaten Simalungun","12.08.08","Bosar Maligas","12.08.08.2001","Parbutaran"
"12","Sumatera Utara","12.08","Kabupaten Simalungun","12.08.08","Bosar Maligas","12.08.08.2002","Mayang"
"12","Sumatera Utara","12.08","Kabupaten Simalungun","12.08.08","Bosar Maligas","12.08.08.2003","Boluk"
"12","Sumatera Utara","12.08","Kabupaten Simalungun","12.08.08","Bosar Maligas","12.08.08.2004","Sei Mangkei"
"12","Sumatera Utara","12.08","Kabupaten Simalungun","12.08.08","Bosar Maligas","12.08.08.2005","Gunung Bayu"
"12","Sumatera Utara","12.08","Kabupaten Simalungun","12.08.08","Bosar Maligas","12.08.08.2006","Talun Saragih"
"12","Sumatera Utara","12.08","Kabupaten Simalungun","12.08.08","Bosar Maligas","12.08.08.2007","Dusun Pengkolan"
"12","Sumatera Utara","12.08","Kabupaten Simalungun","12.08.08","Bosar Maligas","12.08.08.2008","Sei Torop"
"12","Sumatera Utara","12.08","Kabupaten Simalungun","12.08.08","Bosar Maligas","12.08.08.2009","Marihat Tanjung"
"12","Sumatera Utara","12.08","Kabupaten Simalungun","12.08.08","Bosar Maligas","12.08.08.2010","Marihat Butar"
"12","Sumatera Utara","12.08","Kabupaten Simalungun","12.08.08","Bosar Maligas","12.08.08.2011","Teladan"
"12","Sumatera Utara","12.08","Kabupaten Simalungun","12.08.08","Bosar Maligas","12.08.08.2012","Adil Makmur"
"12","Sumatera Utara","12.08","Kabupaten Simalungun","12.08.08","Bosar Maligas","12.08.08.2014","Tempel Jaya"
"12","Sumatera Utara","12.08","Kabupaten Simalungun","12.08.08","Bosar Maligas","12.08.08.2015","Sidomulyo"
"12","Sumatera Utara","12.08","Kabupaten Simalungun","12.08.08","Bosar Maligas","12.08.08.2016","Mekar Rejo"
"12","Sumatera Utara","12.08","Kabupaten Simalungun","12.08.08","Bosar Maligas","12.08.08.2017","Nanggar Bayu"
"12","Sumatera Utara","12.08","Kabupaten Simalungun","12.08.09","Sidamanik","12.08.09.1013","Sarimatondang"
"12","Sumatera Utara","12.08","Kabupaten Simalungun","12.08.09","Sidamanik","12.08.09.2001","Bah Butong I"
"12","Sumatera Utara","12.08","Kabupaten Simalungun","12.08.09","Sidamanik","12.08.09.2002","Sidamanik"
"12","Sumatera Utara","12.08","Kabupaten Simalungun","12.08.09","Sidamanik","12.08.09.2003","Ambarisan"
"12","Sumatera Utara","12.08","Kabupaten Simalungun","12.08.09","Sidamanik","12.08.09.2004","Tiga Bolon"
"12","Sumatera Utara","12.08","Kabupaten Simalungun","12.08.09","Sidamanik","12.08.09.2005","Bah Butong II"
"12","Sumatera Utara","12.08","Kabupaten Simalungun","12.08.09","Sidamanik","12.08.09.2006","Bahal Gajah"
"12","Sumatera Utara","12.08","Kabupaten Simalungun","12.08.09","Sidamanik","12.08.09.2007","Manik Hataran"
"12","Sumatera Utara","12.08","Kabupaten Simalungun","12.08.09","Sidamanik","12.08.09.2008","Mekar Sidamanik"
"12","Sumatera Utara","12.08","Kabupaten Simalungun","12.08.09","Sidamanik","12.08.09.2009","Manik Maraja"
"12","Sumatera Utara","12.08","Kabupaten Simalungun","12.08.09","Sidamanik","12.08.09.2010","Bah Biak"
"12","Sumatera Utara","12.08","Kabupaten Simalungun","12.08.09","Sidamanik","12.08.09.2011","Birong Ulu Manriah"
"12","Sumatera Utara","12.08","Kabupaten Simalungun","12.08.09","Sidamanik","12.08.09.2012","Kebun Sayur Bah Butong"
"12","Sumatera Utara","12.08","Kabupaten Simalungun","12.08.09","Sidamanik","12.08.09.2014","Manik Rambung"
"12","Sumatera Utara","12.08","Kabupaten Simalungun","12.08.09","Sidamanik","12.08.09.2015","Bukit Rejo"
"12","Sumatera Utara","12.08","Kabupaten Simalungun","12.08.10","Pamatang Sidamanik","12.08.10.1009","Sipolha Horisan"
"12","Sumatera Utara","12.08","Kabupaten Simalungun","12.08.10","Pamatang Sidamanik","12.08.10.2001","Sait Buttu Saribu"
"12","Sumatera Utara","12.08","Kabupaten Simalungun","12.08.10","Pamatang Sidamanik","12.08.10.2002","Pamatang Sidamanik"
"12","Sumatera Utara","12.08","Kabupaten Simalungun","12.08.10","Pamatang Sidamanik","12.08.10.2003","Sarimattin"
"12","Sumatera Utara","12.08","Kabupaten Simalungun","12.08.10","Pamatang Sidamanik","12.08.10.2004","Bandar Manik"
"12","Sumatera Utara","12.08","Kabupaten Simalungun","12.08.10","Pamatang Sidamanik","12.08.10.2005","Jorlang Huluan"
"12","Sumatera Utara","12.08","Kabupaten Simalungun","12.08.10","Pamatang Sidamanik","12.08.10.2006","Sihaporas"
"12","Sumatera Utara","12.08","Kabupaten Simalungun","12.08.10","Pamatang Sidamanik","12.08.10.2007","Pematang Tambun Raya"
"12","Sumatera Utara","12.08","Kabupaten Simalungun","12.08.10","Pamatang Sidamanik","12.08.10.2008","Simantin"
"12","Sumatera Utara","12.08","Kabupaten Simalungun","12.08.10","Pamatang Sidamanik","12.08.10.2010","Gorak"
"12","Sumatera Utara","12.08","Kabupaten Simalungun","12.08.11","Tanah Jawa","12.08.11.1018","Pematang Tanah Jawa"
"12","Sumatera Utara","12.08","Kabupaten Simalungun","12.08.11","Tanah Jawa","12.08.11.2001","Tanjung Pasir"
"12","Sumatera Utara","12.08","Kabupaten Simalungun","12.08.11","Tanah Jawa","12.08.11.2002","Totap Majawa"
"12","Sumatera Utara","12.08","Kabupaten Simalungun","12.08.11","Tanah Jawa","12.08.11.2003","Balimbingan"
"12","Sumatera Utara","12.08","Kabupaten Simalungun","12.08.11","Tanah Jawa","12.08.11.2004","Baja Dolok"
"12","Sumatera Utara","12.08","Kabupaten Simalungun","12.08.11","Tanah Jawa","12.08.11.2005","Bosar Galugur"
"12","Sumatera Utara","12.08","Kabupaten Simalungun","12.08.11","Tanah Jawa","12.08.11.2006","Bah Jambi II"
"12","Sumatera Utara","12.08","Kabupaten Simalungun","12.08.11","Tanah Jawa","12.08.11.2007","Bah Kisat"
"12","Sumatera Utara","12.08","Kabupaten Simalungun","12.08.11","Tanah Jawa","12.08.11.2008","Panombeian Marjanji"
"12","Sumatera Utara","12.08","Kabupaten Simalungun","12.08.11","Tanah Jawa","12.08.11.2009","Muara Mulia"
"12","Sumatera Utara","12.08","Kabupaten Simalungun","12.08.11","Tanah Jawa","12.08.11.2010","Pardamean Asih"
"12","Sumatera Utara","12.08","Kabupaten Simalungun","12.08.11","Tanah Jawa","12.08.11.2011","Mekar Mulia"
"12","Sumatera Utara","12.08","Kabupaten Simalungun","12.08.11","Tanah Jawa","12.08.11.2012","Maligas Tongah"
"12","Sumatera Utara","12.08","Kabupaten Simalungun","12.08.11","Tanah Jawa","12.08.11.2013","Marubun Jaya"
"12","Sumatera Utara","12.08","Kabupaten Simalungun","12.08.11","Tanah Jawa","12.08.11.2014","Pagar Jambi"
"12","Sumatera Utara","12.08","Kabupaten Simalungun","12.08.11","Tanah Jawa","12.08.11.2015","Baliju"
"12","Sumatera Utara","12.08","Kabupaten Simalungun","12.08.11","Tanah Jawa","12.08.11.2016","Bayu Bagasan"
"12","Sumatera Utara","12.08","Kabupaten Simalungun","12.08.11","Tanah Jawa","12.08.11.2017","Bah Jambi III"
"12","Sumatera Utara","12.08","Kabupaten Simalungun","12.08.11","Tanah Jawa","12.08.11.2019","Parbalogan"
"12","Sumatera Utara","12.08","Kabupaten Simalungun","12.08.11","Tanah Jawa","12.08.11.2020","Marubun Bayu"
"12","Sumatera Utara","12.08","Kabupaten Simalungun","12.08.12","Hatonduhan","12.08.12.2001","Buntu Bayu"
"12","Sumatera Utara","12.08","Kabupaten Simalungun","12.08.12","Hatonduhan","12.08.12.2002","Bosar Nauli"
"12","Sumatera Utara","12.08","Kabupaten Simalungun","12.08.12","Hatonduhan","12.08.12.2003","Tangga Batu"
"12","Sumatera Utara","12.08","Kabupaten Simalungun","12.08.12","Hatonduhan","12.08.12.2004","Buntu Turunan"
"12","Sumatera Utara","12.08","Kabupaten Simalungun","12.08.12","Hatonduhan","12.08.12.2005","Saribu Asih"
"12","Sumatera Utara","12.08","Kabupaten Simalungun","12.08.12","Hatonduhan","12.08.12.2006","Jawa Tongah"
"12","Sumatera Utara","12.08","Kabupaten Simalungun","12.08.12","Hatonduhan","12.08.12.2007","Tonduhan"
"12","Sumatera Utara","12.08","Kabupaten Simalungun","12.08.12","Hatonduhan","12.08.12.2008","Parhundalian Jawa Dipar"
"12","Sumatera Utara","12.08","Kabupaten Simalungun","12.08.12","Hatonduhan","12.08.12.2009","Jawa Tongah II"
"12","Sumatera Utara","12.08","Kabupaten Simalungun","12.08.13","Dolok Panribuan","12.08.13.2001","Negeri Dolok"
"12","Sumatera Utara","12.08","Kabupaten Simalungun","12.08.13","Dolok Panribuan","12.08.13.2002","Dolok Parmonangan"
"12","Sumatera Utara","12.08","Kabupaten Simalungun","12.08.13","Dolok Panribuan","12.08.13.2003","Dolok Tomuan"
"12","Sumatera Utara","12.08","Kabupaten Simalungun","12.08.13","Dolok Panribuan","12.08.13.2004","Marihat Dolok"
"12","Sumatera Utara","12.08","Kabupaten Simalungun","12.08.13","Dolok Panribuan","12.08.13.2005","Tiga Dolok"
"12","Sumatera Utara","12.08","Kabupaten Simalungun","12.08.13","Dolok Panribuan","12.08.13.2006","Ujung Bondar"
"12","Sumatera Utara","12.08","Kabupaten Simalungun","12.08.13","Dolok Panribuan","12.08.13.2007","Marihat Raja"
"12","Sumatera Utara","12.08","Kabupaten Simalungun","12.08.13","Dolok Panribuan","12.08.13.2008","Bandar Dolok"
"12","Sumatera Utara","12.08","Kabupaten Simalungun","12.08.13","Dolok Panribuan","12.08.13.2009","Gunung Mariah"
"12","Sumatera Utara","12.08","Kabupaten Simalungun","12.08.13","Dolok Panribuan","12.08.13.2010","Siatasan"
"12","Sumatera Utara","12.08","Kabupaten Simalungun","12.08.13","Dolok Panribuan","12.08.13.2011","Marihat Marsada"
"12","Sumatera Utara","12.08","Kabupaten Simalungun","12.08.13","Dolok Panribuan","12.08.13.2012","Pondok Buluh"
"12","Sumatera Utara","12.08","Kabupaten Simalungun","12.08.13","Dolok Panribuan","12.08.13.2013","Marihat Pondok"
"12","Sumatera Utara","12.08","Kabupaten Simalungun","12.08.13","Dolok Panribuan","12.08.13.2014","Lumban Gorat"
"12","Sumatera Utara","12.08","Kabupaten Simalungun","12.08.13","Dolok Panribuan","12.08.13.2015","Palia Naopat"
"12","Sumatera Utara","12.08","Kabupaten Simalungun","12.08.14","Purba","12.08.14.1008","Tiga Runggu"
"12","Sumatera Utara","12.08","Kabupaten Simalungun","12.08.14","Purba","12.08.14.2001","Purba Tongah"
"12","Sumatera Utara","12.08","Kabupaten Simalungun","12.08.14","Purba","12.08.14.2002","Pematang Purba"
"12","Sumatera Utara","12.08","Kabupaten Simalungun","12.08.14","Purba","12.08.14.2003","Urung Purba"
"12","Sumatera Utara","12.08","Kabupaten Simalungun","12.08.14","Purba","12.08.14.2004","Purba Sipinggan"
"12","Sumatera Utara","12.08","Kabupaten Simalungun","12.08.14","Purba","12.08.14.2005","Hinalang"
"12","Sumatera Utara","12.08","Kabupaten Simalungun","12.08.14","Purba","12.08.14.2006","Purba Dolok"
"12","Sumatera Utara","12.08","Kabupaten Simalungun","12.08.14","Purba","12.08.14.2007","Tano Tinggir"
"12","Sumatera Utara","12.08","Kabupaten Simalungun","12.08.14","Purba","12.08.14.2009","Saribu Jandi"
"12","Sumatera Utara","12.08","Kabupaten Simalungun","12.08.14","Purba","12.08.14.2010","Huta Raja"
"12","Sumatera Utara","12.08","Kabupaten Simalungun","12.08.14","Purba","12.08.14.2011","Bandar Sauhur"
"12","Sumatera Utara","12.08","Kabupaten Simalungun","12.08.14","Purba","12.08.14.2012","Bunga Sampang"
"12","Sumatera Utara","12.08","Kabupaten Simalungun","12.08.14","Purba","12.08.14.2013","Nagori Tongah"
"12","Sumatera Utara","12.08","Kabupaten Simalungun","12.08.14","Purba","12.08.14.2014","Urung Pane"
"12","Sumatera Utara","12.08","Kabupaten Simalungun","12.08.15","Haranggaol Horisan","12.08.15.1005","Haranggaol"
"12","Sumatera Utara","12.08","Kabupaten Simalungun","12.08.15","Haranggaol Horisan","12.08.15.2001","Nagori Purba"
"12","Sumatera Utara","12.08","Kabupaten Simalungun","12.08.15","Haranggaol Horisan","12.08.15.2002","Nagori Sihalpe"
"12","Sumatera Utara","12.08","Kabupaten Simalungun","12.08.15","Haranggaol Horisan","12.08.15.2003","Purba Horisan"
"12","Sumatera Utara","12.08","Kabupaten Simalungun","12.08.15","Haranggaol Horisan","12.08.15.2004","Purba Pasir"
"12","Sumatera Utara","12.08","Kabupaten Simalungun","12.08.16","Girsang Sipangan Bolon","12.08.16.1003","Girsang"
"12","Sumatera Utara","12.08","Kabupaten Simalungun","12.08.16","Girsang Sipangan Bolon","12.08.16.1004","Parapat"
"12","Sumatera Utara","12.08","Kabupaten Simalungun","12.08.16","Girsang Sipangan Bolon","12.08.16.1005","Tiga Raja"
"12","Sumatera Utara","12.08","Kabupaten Simalungun","12.08.16","Girsang Sipangan Bolon","12.08.16.2001","Sipangan Bolon"
"12","Sumatera Utara","12.08","Kabupaten Simalungun","12.08.16","Girsang Sipangan Bolon","12.08.16.2002","Sibaganding"
"12","Sumatera Utara","12.08","Kabupaten Simalungun","12.08.16","Girsang Sipangan Bolon","12.08.16.2006","Sipangan Bolon Mekar"
"12","Sumatera Utara","12.08","Kabupaten Simalungun","12.08.17","Dolok Batu Nanggar","12.08.17.1015","Serbelawan"
"12","Sumatera Utara","12.08","Kabupaten Simalungun","12.08.17","Dolok Batu Nanggar","12.08.17.1016","Aman Sari"
"12","Sumatera Utara","12.08","Kabupaten Simalungun","12.08.17","Dolok Batu Nanggar","12.08.17.2001","Silenduk"
"12","Sumatera Utara","12.08","Kabupaten Simalungun","12.08.17","Dolok Batu Nanggar","12.08.17.2002","Bah Tobu"
"12","Sumatera Utara","12.08","Kabupaten Simalungun","12.08.17","Dolok Batu Nanggar","12.08.17.2003","Bandar Selamat"
"12","Sumatera Utara","12.08","Kabupaten Simalungun","12.08.17","Dolok Batu Nanggar","12.08.17.2004","Dolok Ilir I"
"12","Sumatera Utara","12.08","Kabupaten Simalungun","12.08.17","Dolok Batu Nanggar","12.08.17.2005","Dolok Ilir II"
"12","Sumatera Utara","12.08","Kabupaten Simalungun","12.08.17","Dolok Batu Nanggar","12.08.17.2006","Bahung Kahean"
"12","Sumatera Utara","12.08","Kabupaten Simalungun","12.08.17","Dolok Batu Nanggar","12.08.17.2007","Dolok Mainu"
"12","Sumatera Utara","12.08","Kabupaten Simalungun","12.08.17","Dolok Batu Nanggar","12.08.17.2008","Dolok Merangir I"
"12","Sumatera Utara","12.08","Kabupaten Simalungun","12.08.17","Dolok Batu Nanggar","12.08.17.2009","Dolok Merangir II"
"12","Sumatera Utara","12.08","Kabupaten Simalungun","12.08.17","Dolok Batu Nanggar","12.08.17.2010","Kahean"
"12","Sumatera Utara","12.08","Kabupaten Simalungun","12.08.17","Dolok Batu Nanggar","12.08.17.2011","Dolok Tenera"
"12","Sumatera Utara","12.08","Kabupaten Simalungun","12.08.17","Dolok Batu Nanggar","12.08.17.2012","Dolok Kataran"
"12","Sumatera Utara","12.08","Kabupaten Simalungun","12.08.17","Dolok Batu Nanggar","12.08.17.2013","Padang Mainu"
"12","Sumatera Utara","12.08","Kabupaten Simalungun","12.08.17","Dolok Batu Nanggar","12.08.17.2014","Bahung Huluan"
"12","Sumatera Utara","12.08","Kabupaten Simalungun","12.08.18","Hutabayu Raja","12.08.18.1013","Huta Bayu"
"12","Sumatera Utara","12.08","Kabupaten Simalungun","12.08.18","Hutabayu Raja","12.08.18.2001","Mariah Hombang"
"12","Sumatera Utara","12.08","Kabupaten Simalungun","12.08.18","Hutabayu Raja","12.08.18.2002","Pulo Bayu"
"12","Sumatera Utara","12.08","Kabupaten Simalungun","12.08.18","Hutabayu Raja","12.08.18.2003","Silakkidir"
"12","Sumatera Utara","12.08","Kabupaten Simalungun","12.08.18","Hutabayu Raja","12.08.18.2004","Raja Maligas"
"12","Sumatera Utara","12.08","Kabupaten Simalungun","12.08.18","Hutabayu Raja","12.08.18.2005","Dolok Sinumbah"
"12","Sumatera Utara","12.08","Kabupaten Simalungun","12.08.18","Hutabayu Raja","12.08.18.2006","Maligas Bayu"
"12","Sumatera Utara","12.08","Kabupaten Simalungun","12.08.18","Hutabayu Raja","12.08.18.2007","Jawa Baru"
"12","Sumatera Utara","12.08","Kabupaten Simalungun","12.08.18","Hutabayu Raja","12.08.18.2008","Mancuk"
"12","Sumatera Utara","12.08","Kabupaten Simalungun","12.08.18","Hutabayu Raja","12.08.18.2009","Marihat Mayang"
"12","Sumatera Utara","12.08","Kabupaten Simalungun","12.08.18","Hutabayu Raja","12.08.18.2010","Bosar Bayu"
"12","Sumatera Utara","12.08","Kabupaten Simalungun","12.08.18","Hutabayu Raja","12.08.18.2011","Raja Maligas I"
"12","Sumatera Utara","12.08","Kabupaten Simalungun","12.08.18","Hutabayu Raja","12.08.18.2012","Bahal Batu"
"12","Sumatera Utara","12.08","Kabupaten Simalungun","12.08.18","Hutabayu Raja","12.08.18.2014","Pokan Baru"
"12","Sumatera Utara","12.08","Kabupaten Simalungun","12.08.18","Hutabayu Raja","12.08.18.2015","Manrayap Bayu"
"12","Sumatera Utara","12.08","Kabupaten Simalungun","12.08.18","Hutabayu Raja","12.08.18.2016","Talang Bayu"
"12","Sumatera Utara","12.08","Kabupaten Simalungun","12.08.19","Jawa Maraja Bah Jambi","12.08.19.2001","Jawa Maraja"
"12","Sumatera Utara","12.08","Kabupaten Simalungun","12.08.19","Jawa Maraja Bah Jambi","12.08.19.2002","Moho"
"12","Sumatera Utara","12.08","Kabupaten Simalungun","12.08.19","Jawa Maraja Bah Jambi","12.08.19.2003","Bahalat Bayu"
"12","Sumatera Utara","12.08","Kabupaten Simalungun","12.08.19","Jawa Maraja Bah Jambi","12.08.19.2004","Mekar Bahalat"
"12","Sumatera Utara","12.08","Kabupaten Simalungun","12.08.19","Jawa Maraja Bah Jambi","12.08.19.2005","Tanjung Maraja"
"12","Sumatera Utara","12.08","Kabupaten Simalungun","12.08.19","Jawa Maraja Bah Jambi","12.08.19.2006","Mariah Jambi"
"12","Sumatera Utara","12.08","Kabupaten Simalungun","12.08.19","Jawa Maraja Bah Jambi","12.08.19.2007","Bah Joga"
"12","Sumatera Utara","12.08","Kabupaten Simalungun","12.08.19","Jawa Maraja Bah Jambi","12.08.19.2008","Bah Jambi"
"12","Sumatera Utara","12.08","Kabupaten Simalungun","12.08.20","Dolok Pardamean","12.08.20.2001","Tigaras"
"12","Sumatera Utara","12.08","Kabupaten Simalungun","12.08.20","Dolok Pardamean","12.08.20.2002","Parik Sabungan"
"12","Sumatera Utara","12.08","Kabupaten Simalungun","12.08.20","Dolok Pardamean","12.08.20.2003","Sibuntuon"
"12","Sumatera Utara","12.08","Kabupaten Simalungun","12.08.20","Dolok Pardamean","12.08.20.2004","Dolok Saribu"
"12","Sumatera Utara","12.08","Kabupaten Simalungun","12.08.20","Dolok Pardamean","12.08.20.2007","Buntu Bayu Panei Raja"
"12","Sumatera Utara","12.08","Kabupaten Simalungun","12.08.20","Dolok Pardamean","12.08.20.2009","Silabah Jaya"
"12","Sumatera Utara","12.08","Kabupaten Simalungun","12.08.20","Dolok Pardamean","12.08.20.2010","Togu Domu Nauli"
"12","Sumatera Utara","12.08","Kabupaten Simalungun","12.08.20","Dolok Pardamean","12.08.20.2011","Sirube-rube Gunung Purba"
"12","Sumatera Utara","12.08","Kabupaten Simalungun","12.08.20","Dolok Pardamean","12.08.20.2014","Tanjung Saribu"
"12","Sumatera Utara","12.08","Kabupaten Simalungun","12.08.20","Dolok Pardamean","12.08.20.2015","Sihemun Baru"
"12","Sumatera Utara","12.08","Kabupaten Simalungun","12.08.20","Dolok Pardamean","12.08.20.2016","Nagori Bayu"
"12","Sumatera Utara","12.08","Kabupaten Simalungun","12.08.21","Pematang Bandar","12.08.21.1009","Kerasaan I"
"12","Sumatera Utara","12.08","Kabupaten Simalungun","12.08.21","Pematang Bandar","12.08.21.1010","Pematang Bandar"
"12","Sumatera Utara","12.08","Kabupaten Simalungun","12.08.21","Pematang Bandar","12.08.21.2001","Purwosari"
"12","Sumatera Utara","12.08","Kabupaten Simalungun","12.08.21","Pematang Bandar","12.08.21.2002","Talun Madear"
"12","Sumatera Utara","12.08","Kabupaten Simalungun","12.08.21","Pematang Bandar","12.08.21.2003","Mariah Bandar"
"12","Sumatera Utara","12.08","Kabupaten Simalungun","12.08.21","Pematang Bandar","12.08.21.2004","Kandangan"
"12","Sumatera Utara","12.08","Kabupaten Simalungun","12.08.21","Pematang Bandar","12.08.21.2005","Pardomuan Nauli"
"12","Sumatera Utara","12.08","Kabupaten Simalungun","12.08.21","Pematang Bandar","12.08.21.2006","Purba Ganda"
"12","Sumatera Utara","12.08","Kabupaten Simalungun","12.08.21","Pematang Bandar","12.08.21.2007","Kerasaan II"
"12","Sumatera Utara","12.08","Kabupaten Simalungun","12.08.21","Pematang Bandar","12.08.21.2008","Bandar Manis"
"12","Sumatera Utara","12.08","Kabupaten Simalungun","12.08.21","Pematang Bandar","12.08.21.2011","Wonorejo"
"12","Sumatera Utara","12.08","Kabupaten Simalungun","12.08.21","Pematang Bandar","12.08.21.2012","Talun Rejo"
"12","Sumatera Utara","12.08","Kabupaten Simalungun","12.08.21","Pematang Bandar","12.08.21.2013","Purwodadi"
"12","Sumatera Utara","12.08","Kabupaten Simalungun","12.08.22","Bandar Huluan","12.08.22.2001","Naga Jaya I"
"12","Sumatera Utara","12.08","Kabupaten Simalungun","12.08.22","Bandar Huluan","12.08.22.2002","Bah Gunung"
"12","Sumatera Utara","12.08","Kabupaten Simalungun","12.08.22","Bandar Huluan","12.08.22.2003","Bandar Tongah"
"12","Sumatera Utara","12.08","Kabupaten Simalungun","12.08.22","Bandar Huluan","12.08.22.2004","Dolog Parmonangan"
"12","Sumatera Utara","12.08","Kabupaten Simalungun","12.08.22","Bandar Huluan","12.08.22.2005","Laras"
"12","Sumatera Utara","12.08","Kabupaten Simalungun","12.08.22","Bandar Huluan","12.08.22.2006","Naga Jaya II"
"12","Sumatera Utara","12.08","Kabupaten Simalungun","12.08.22","Bandar Huluan","12.08.22.2007","Tanjung Hataran"
"12","Sumatera Utara","12.08","Kabupaten Simalungun","12.08.22","Bandar Huluan","12.08.22.2008","Bandar Betsy I"
"12","Sumatera Utara","12.08","Kabupaten Simalungun","12.08.22","Bandar Huluan","12.08.22.2009","Bandar Betsy II"
"12","Sumatera Utara","12.08","Kabupaten Simalungun","12.08.22","Bandar Huluan","12.08.22.2010","Naga Soppa"
"12","Sumatera Utara","12.08","Kabupaten Simalungun","12.08.23","Bandar","12.08.23.1014","Perdagangan I"
"12","Sumatera Utara","12.08","Kabupaten Simalungun","12.08.23","Bandar","12.08.23.1015","Perdagangan III"
"12","Sumatera Utara","12.08","Kabupaten Simalungun","12.08.23","Bandar","12.08.23.2001","Pematang Kerasaan"
"12","Sumatera Utara","12.08","Kabupaten Simalungun","12.08.23","Bandar","12.08.23.2002","Marihat Bandar"
"12","Sumatera Utara","12.08","Kabupaten Simalungun","12.08.23","Bandar","12.08.23.2003","Nagori Bandar"
"12","Sumatera Utara","12.08","Kabupaten Simalungun","12.08.23","Bandar","12.08.23.2004","Bandar Rakyat"
"12","Sumatera Utara","12.08","Kabupaten Simalungun","12.08.23","Bandar","12.08.23.2005","Bandar Pulo"
"12","Sumatera Utara","12.08","Kabupaten Simalungun","12.08.23","Bandar","12.08.23.2006","Bah Lias"
"12","Sumatera Utara","12.08","Kabupaten Simalungun","12.08.23","Bandar","12.08.23.2007","Perdagangan II"
"12","Sumatera Utara","12.08","Kabupaten Simalungun","12.08.23","Bandar","12.08.23.2008","Perlanaan"
"12","Sumatera Utara","12.08","Kabupaten Simalungun","12.08.23","Bandar","12.08.23.2009","Sugarang Bayu"
"12","Sumatera Utara","12.08","Kabupaten Simalungun","12.08.23","Bandar","12.08.23.2010","Pem Kerasaan Rejo"
"12","Sumatera Utara","12.08","Kabupaten Simalungun","12.08.23","Bandar","12.08.23.2011","Timbaan"
"12","Sumatera Utara","12.08","Kabupaten Simalungun","12.08.23","Bandar","12.08.23.2012","Bandar Jawa"
"12","Sumatera Utara","12.08","Kabupaten Simalungun","12.08.23","Bandar","12.08.23.2013","Sidotani"
"12","Sumatera Utara","12.08","Kabupaten Simalungun","12.08.23","Bandar","12.08.23.2016","Landbouw"
"12","Sumatera Utara","12.08","Kabupaten Simalungun","12.08.24","Bandar Masilam","12.08.24.2001","Bandar Masilam"
"12","Sumatera Utara","12.08","Kabupaten Simalungun","12.08.24","Bandar Masilam","12.08.24.2002","Lias Baru"
"12","Sumatera Utara","12.08","Kabupaten Simalungun","12.08.24","Bandar Masilam","12.08.24.2003","Bandar Silou"
"12","Sumatera Utara","12.08","Kabupaten Simalungun","12.08.24","Bandar Masilam","12.08.24.2004","Panombeian Baru"
"12","Sumatera Utara","12.08","Kabupaten Simalungun","12.08.24","Bandar Masilam","12.08.24.2005","Gunung Serawan"
"12","Sumatera Utara","12.08","Kabupaten Simalungun","12.08.24","Bandar Masilam","12.08.24.2006","Bandar Masilam II"
"12","Sumatera Utara","12.08","Kabupaten Simalungun","12.08.24","Bandar Masilam","12.08.24.2007","Partimbalan"
"12","Sumatera Utara","12.08","Kabupaten Simalungun","12.08.24","Bandar Masilam","12.08.24.2008","Bandar Tinggi"
"12","Sumatera Utara","12.08","Kabupaten Simalungun","12.08.24","Bandar Masilam","12.08.24.2009","Bandar Rejo"
"12","Sumatera Utara","12.08","Kabupaten Simalungun","12.08.24","Bandar Masilam","12.08.24.2010","Bandar Gunung"
"12","Sumatera Utara","12.08","Kabupaten Simalungun","12.08.25","Silimakuta","12.08.25.1012","Saribu Dolok"
"12","Sumatera Utara","12.08","Kabupaten Simalungun","12.08.25","Silimakuta","12.08.25.2003","Bangun Mariah"
"12","Sumatera Utara","12.08","Kabupaten Simalungun","12.08.25","Silimakuta","12.08.25.2004","Purba Sinombah"
"12","Sumatera Utara","12.08","Kabupaten Simalungun","12.08.25","Silimakuta","12.08.25.2006","Purba Tua"
"12","Sumatera Utara","12.08","Kabupaten Simalungun","12.08.25","Silimakuta","12.08.25.2009","Purba Tua Baru"
"12","Sumatera Utara","12.08","Kabupaten Simalungun","12.08.25","Silimakuta","12.08.25.2014","Sinar Baru"
"12","Sumatera Utara","12.08","Kabupaten Simalungun","12.08.25","Silimakuta","12.08.25.2016","Purba Tua Etek"
"12","Sumatera Utara","12.08","Kabupaten Simalungun","12.08.26","Dolok Silao","12.08.26.2001","Cingkes"
"12","Sumatera Utara","12.08","Kabupaten Simalungun","12.08.26","Dolok Silao","12.08.26.2002","Panribuan"
"12","Sumatera Utara","12.08","Kabupaten Simalungun","12.08.26","Dolok Silao","12.08.26.2003","Saran Padang"
"12","Sumatera Utara","12.08","Kabupaten Simalungun","12.08.26","Dolok Silao","12.08.26.2004","Mariah Dolok"
"12","Sumatera Utara","12.08","Kabupaten Simalungun","12.08.26","Dolok Silao","12.08.26.2005","Marubun Lokkung"
"12","Sumatera Utara","12.08","Kabupaten Simalungun","12.08.26","Dolok Silao","12.08.26.2006","Dolok Mariah"
"12","Sumatera Utara","12.08","Kabupaten Simalungun","12.08.26","Dolok Silao","12.08.26.2007","Bawang"
"12","Sumatera Utara","12.08","Kabupaten Simalungun","12.08.26","Dolok Silao","12.08.26.2008","Huta Saing"
"12","Sumatera Utara","12.08","Kabupaten Simalungun","12.08.26","Dolok Silao","12.08.26.2009","Togur"
"12","Sumatera Utara","12.08","Kabupaten Simalungun","12.08.26","Dolok Silao","12.08.26.2010","Perasmian"
"12","Sumatera Utara","12.08","Kabupaten Simalungun","12.08.26","Dolok Silao","12.08.26.2011","Tanjung Purba"
"12","Sumatera Utara","12.08","Kabupaten Simalungun","12.08.26","Dolok Silao","12.08.26.2012","Silau Marawan"
"12","Sumatera Utara","12.08","Kabupaten Simalungun","12.08.26","Dolok Silao","12.08.26.2013","Bosi Sinombah"
"12","Sumatera Utara","12.08","Kabupaten Simalungun","12.08.26","Dolok Silao","12.08.26.2014","Ujung Bawang"
"12","Sumatera Utara","12.08","Kabupaten Simalungun","12.08.27","Silou Kahean","12.08.27.2001","Simanabun"
"12","Sumatera Utara","12.08","Kabupaten Simalungun","12.08.27","Silou Kahean","12.08.27.2002","Pardomuan Tongah"
"12","Sumatera Utara","12.08","Kabupaten Simalungun","12.08.27","Silou Kahean","12.08.27.2003","Nagori Dolok"
"12","Sumatera Utara","12.08","Kabupaten Simalungun","12.08.27","Silou Kahean","12.08.27.2004","Bandar Maruhur"
"12","Sumatera Utara","12.08","Kabupaten Simalungun","12.08.27","Silou Kahean","12.08.27.2005","Silou Dunia"
"12","Sumatera Utara","12.08","Kabupaten Simalungun","12.08.27","Silou Kahean","12.08.27.2006","Dolok Marawa"
"12","Sumatera Utara","12.08","Kabupaten Simalungun","12.08.27","Silou Kahean","12.08.27.2007","Mariah Buttu"
"12","Sumatera Utara","12.08","Kabupaten Simalungun","12.08.27","Silou Kahean","12.08.27.2008","Dolok Saribu Bangun"
"12","Sumatera Utara","12.08","Kabupaten Simalungun","12.08.27","Silou Kahean","12.08.27.2009","Bandar Nagori"
"12","Sumatera Utara","12.08","Kabupaten Simalungun","12.08.27","Silou Kahean","12.08.27.2010","Silou Paribuan"
"12","Sumatera Utara","12.08","Kabupaten Simalungun","12.08.27","Silou Kahean","12.08.27.2011","Buttu Bayu"
"12","Sumatera Utara","12.08","Kabupaten Simalungun","12.08.27","Silou Kahean","12.08.27.2012","Nagori Tani"
"12","Sumatera Utara","12.08","Kabupaten Simalungun","12.08.27","Silou Kahean","12.08.27.2013","Bah Sarimah"
"12","Sumatera Utara","12.08","Kabupaten Simalungun","12.08.27","Silou Kahean","12.08.27.2014","Damaritang"
"12","Sumatera Utara","12.08","Kabupaten Simalungun","12.08.27","Silou Kahean","12.08.27.2015","Sinasih"
"12","Sumatera Utara","12.08","Kabupaten Simalungun","12.08.27","Silou Kahean","12.08.27.2016","Pardomuan Bandar"
"12","Sumatera Utara","12.08","Kabupaten Simalungun","12.08.28","Tapian Dolok","12.08.28.1009","Sinaksak"
"12","Sumatera Utara","12.08","Kabupaten Simalungun","12.08.28","Tapian Dolok","12.08.28.2001","Batu Silangit"
"12","Sumatera Utara","12.08","Kabupaten Simalungun","12.08.28","Tapian Dolok","12.08.28.2002","Dolok Maraja"
"12","Sumatera Utara","12.08","Kabupaten Simalungun","12.08.28","Tapian Dolok","12.08.28.2003","Dolok Ulu"
"12","Sumatera Utara","12.08","Kabupaten Simalungun","12.08.28","Tapian Dolok","12.08.28.2004","Nagur Usang"
"12","Sumatera Utara","12.08","Kabupaten Simalungun","12.08.28","Tapian Dolok","12.08.28.2005","Dolok Kahean"
"12","Sumatera Utara","12.08","Kabupaten Simalungun","12.08.28","Tapian Dolok","12.08.28.2006","Naga Dolok"
"12","Sumatera Utara","12.08","Kabupaten Simalungun","12.08.28","Tapian Dolok","12.08.28.2007","Purbasari"
"12","Sumatera Utara","12.08","Kabupaten Simalungun","12.08.28","Tapian Dolok","12.08.28.2008","Pematang Dolok Kahean"
"12","Sumatera Utara","12.08","Kabupaten Simalungun","12.08.28","Tapian Dolok","12.08.28.2010","Negeri Bayu Muslimin"
"12","Sumatera Utara","12.08","Kabupaten Simalungun","12.08.28","Tapian Dolok","12.08.28.2011","Dolok Simbolon"
"12","Sumatera Utara","12.08","Kabupaten Simalungun","12.08.29","Raya","12.08.29.1001","Merek Raya"
"12","Sumatera Utara","12.08","Kabupaten Simalungun","12.08.29","Raya","12.08.29.1002","Dalig Raya"
"12","Sumatera Utara","12.08","Kabupaten Simalungun","12.08.29","Raya","12.08.29.1005","Sondi Raya"
"12","Sumatera Utara","12.08","Kabupaten Simalungun","12.08.29","Raya","12.08.29.1011","Pamatang Raya"
"12","Sumatera Utara","12.08","Kabupaten Simalungun","12.08.29","Raya","12.08.29.1018","Baringin Raya"
"12","Sumatera Utara","12.08","Kabupaten Simalungun","12.08.29","Raya","12.08.29.2004","Raya Bayu"
"12","Sumatera Utara","12.08","Kabupaten Simalungun","12.08.29","Raya","12.08.29.2007","Bahapal Raya"
"12","Sumatera Utara","12.08","Kabupaten Simalungun","12.08.29","Raya","12.08.29.2010","Siporkas"
"12","Sumatera Utara","12.08","Kabupaten Simalungun","12.08.29","Raya","12.08.29.2012","Sihubu Raya"
"12","Sumatera Utara","12.08","Kabupaten Simalungun","12.08.29","Raya","12.08.29.2013","Raya Bosi"
"12","Sumatera Utara","12.08","Kabupaten Simalungun","12.08.29","Raya","12.08.29.2014","Silou Huluan"
"12","Sumatera Utara","12.08","Kabupaten Simalungun","12.08.29","Raya","12.08.29.2015","Silou Buttu"
"12","Sumatera Utara","12.08","Kabupaten Simalungun","12.08.29","Raya","12.08.29.2016","Bongguron Kariahan"
"12","Sumatera Utara","12.08","Kabupaten Simalungun","12.08.29","Raya","12.08.29.2017","Simbou Baru"
"12","Sumatera Utara","12.08","Kabupaten Simalungun","12.08.29","Raya","12.08.29.2020","Dame Raya"
"12","Sumatera Utara","12.08","Kabupaten Simalungun","12.08.29","Raya","12.08.29.2021","Limag Raya"
"12","Sumatera Utara","12.08","Kabupaten Simalungun","12.08.29","Raya","12.08.29.2022","Lokkung Raya"
"12","Sumatera Utara","12.08","Kabupaten Simalungun","12.08.30","Ujung Padang","12.08.30.1001","Ujung Padang"
"12","Sumatera Utara","12.08","Kabupaten Simalungun","12.08.30","Ujung Padang","12.08.30.2002","Huta Parik"
"12","Sumatera Utara","12.08","Kabupaten Simalungun","12.08.30","Ujung Padang","12.08.30.2003","Dusun Ulu"
"12","Sumatera Utara","12.08","Kabupaten Simalungun","12.08.30","Ujung Padang","12.08.30.2004","Tinjowan"
"12","Sumatera Utara","12.08","Kabupaten Simalungun","12.08.30","Ujung Padang","12.08.30.2005","Sayur Matinggi"
"12","Sumatera Utara","12.08","Kabupaten Simalungun","12.08.30","Ujung Padang","12.08.30.2006","Taratak Nagodang"
"12","Sumatera Utara","12.08","Kabupaten Simalungun","12.08.30","Ujung Padang","12.08.30.2007","Sordang Bolon"
"12","Sumatera Utara","12.08","Kabupaten Simalungun","12.08.30","Ujung Padang","12.08.30.2008","Teluk Lapian"
"12","Sumatera Utara","12.08","Kabupaten Simalungun","12.08.30","Ujung Padang","12.08.30.2009","Tanjung Rapuan"
"12","Sumatera Utara","12.08","Kabupaten Simalungun","12.08.30","Ujung Padang","12.08.30.2010","Pagar Bosi"
"12","Sumatera Utara","12.08","Kabupaten Simalungun","12.08.30","Ujung Padang","12.08.30.2011","Bangun Sordang"
"12","Sumatera Utara","12.08","Kabupaten Simalungun","12.08.30","Ujung Padang","12.08.30.2012","Aek Gerger Sidodadi"
"12","Sumatera Utara","12.08","Kabupaten Simalungun","12.08.30","Ujung Padang","12.08.30.2013","Pulo Pitu Marihat"
"12","Sumatera Utara","12.08","Kabupaten Simalungun","12.08.30","Ujung Padang","12.08.30.2014","Siringan Ringan"
"12","Sumatera Utara","12.08","Kabupaten Simalungun","12.08.30","Ujung Padang","12.08.30.2015","Riah Na Poso"
"12","Sumatera Utara","12.08","Kabupaten Simalungun","12.08.30","Ujung Padang","12.08.30.2016","Sei Merbau"
"12","Sumatera Utara","12.08","Kabupaten Simalungun","12.08.30","Ujung Padang","12.08.30.2017","Kampung Lalang"
"12","Sumatera Utara","12.08","Kabupaten Simalungun","12.08.30","Ujung Padang","12.08.30.2018","Sordang Baru"
"12","Sumatera Utara","12.08","Kabupaten Simalungun","12.08.30","Ujung Padang","12.08.30.2019","Banjar Hulu"
"12","Sumatera Utara","12.08","Kabupaten Simalungun","12.08.30","Ujung Padang","12.08.30.2020","Rawa Masin"
"12","Sumatera Utara","12.08","Kabupaten Simalungun","12.08.31","Pamatang Silima Huta","12.08.31.2001","Ujung Saribu"
"12","Sumatera Utara","12.08","Kabupaten Simalungun","12.08.31","Pamatang Silima Huta","12.08.31.2002","Silimakuta Barat"
"12","Sumatera Utara","12.08","Kabupaten Simalungun","12.08.31","Pamatang Silima Huta","12.08.31.2003","Siboras"
"12","Sumatera Utara","12.08","Kabupaten Simalungun","12.08.31","Pamatang Silima Huta","12.08.31.2004","Mardingding"
"12","Sumatera Utara","12.08","Kabupaten Simalungun","12.08.31","Pamatang Silima Huta","12.08.31.2005","Naga Saribu"
"12","Sumatera Utara","12.08","Kabupaten Simalungun","12.08.31","Pamatang Silima Huta","12.08.31.2007","Saribu Jandi"
"12","Sumatera Utara","12.08","Kabupaten Simalungun","12.08.31","Pamatang Silima Huta","12.08.31.2008","Sinar Naga Mariah"
"12","Sumatera Utara","12.08","Kabupaten Simalungun","12.08.31","Pamatang Silima Huta","12.08.31.2009","Ujung Mariah"
"12","Sumatera Utara","12.08","Kabupaten Simalungun","12.08.31","Pamatang Silima Huta","12.08.31.2010","Bandar Saribu"
"12","Sumatera Utara","12.08","Kabupaten Simalungun","12.08.31","Pamatang Silima Huta","12.08.31.2011","Naga Bosar"
"12","Sumatera Utara","12.08","Kabupaten Simalungun","12.08.32","Dolog Masagal","12.08.32.2001","Raya Huluan"
"12","Sumatera Utara","12.08","Kabupaten Simalungun","12.08.32","Dolog Masagal","12.08.32.2002","Dolog Huluan"
"12","Sumatera Utara","12.08","Kabupaten Simalungun","12.08.32","Dolog Masagal","12.08.32.2003","Bintang Mariah"
"12","Sumatera Utara","12.08","Kabupaten Simalungun","12.08.32","Dolog Masagal","12.08.32.2004","Bah Bolon"
"12","Sumatera Utara","12.08","Kabupaten Simalungun","12.08.32","Dolog Masagal","12.08.32.2005","Raya Usang"
"12","Sumatera Utara","12.08","Kabupaten Simalungun","12.08.32","Dolog Masagal","12.08.32.2006","Bangun Pane"
"12","Sumatera Utara","12.08","Kabupaten Simalungun","12.08.32","Dolog Masagal","12.08.32.2007","Parjalangan"
"12","Sumatera Utara","12.08","Kabupaten Simalungun","12.08.32","Dolog Masagal","12.08.32.2008","Partuahan"
"12","Sumatera Utara","12.08","Kabupaten Simalungun","12.08.32","Dolog Masagal","12.08.32.2009","Sinaman Labah"
"12","Sumatera Utara","12.08","Kabupaten Simalungun","12.08.32","Dolog Masagal","12.08.32.2010","Pamatang Sinaman"
"12","Sumatera Utara","12.09","Kabupaten Asahan","12.09.08","Meranti","12.09.08.2002","Meranti"
"12","Sumatera Utara","12.09","Kabupaten Asahan","12.09.08","Meranti","12.09.08.2004","Perkebunan Sei Balai"
"12","Sumatera Utara","12.09","Kabupaten Asahan","12.09.08","Meranti","12.09.08.2011","Sei Beluru"
"12","Sumatera Utara","12.09","Kabupaten Asahan","12.09.08","Meranti","12.09.08.2012","Serdang"
"12","Sumatera Utara","12.09","Kabupaten Asahan","12.09.08","Meranti","12.09.08.2019","Gajah"
"12","Sumatera Utara","12.09","Kabupaten Asahan","12.09.08","Meranti","12.09.08.2021","Air Putih"
"12","Sumatera Utara","12.09","Kabupaten Asahan","12.09.08","Meranti","12.09.08.2022","Sukajadi"
"12","Sumatera Utara","12.09","Kabupaten Asahan","12.09.09","Air Joman","12.09.09.1001","Binjai Serbangan"
"12","Sumatera Utara","12.09","Kabupaten Asahan","12.09.09","Air Joman","12.09.09.2002","Air Joman"
"12","Sumatera Utara","12.09","Kabupaten Asahan","12.09.09","Air Joman","12.09.09.2003","Air Joman Baru"
"12","Sumatera Utara","12.09","Kabupaten Asahan","12.09.09","Air Joman","12.09.09.2005","Banjar"
"12","Sumatera Utara","12.09","Kabupaten Asahan","12.09.09","Air Joman","12.09.09.2007","Pasar Lembu"
"12","Sumatera Utara","12.09","Kabupaten Asahan","12.09.09","Air Joman","12.09.09.2008","Punggulan"
"12","Sumatera Utara","12.09","Kabupaten Asahan","12.09.09","Air Joman","12.09.09.2012","Subur"
"12","Sumatera Utara","12.09","Kabupaten Asahan","12.09.10","Tanjung Balai","12.09.10.2001","Asahan Mati"
"12","Sumatera Utara","12.09","Kabupaten Asahan","12.09.10","Tanjung Balai","12.09.10.2002","Bagan Asahan"
"12","Sumatera Utara","12.09","Kabupaten Asahan","12.09.10","Tanjung Balai","12.09.10.2003","Bagan Asahan Baru"
"12","Sumatera Utara","12.09","Kabupaten Asahan","12.09.10","Tanjung Balai","12.09.10.2004","Bagan Asahan Pekan"
"12","Sumatera Utara","12.09","Kabupaten Asahan","12.09.10","Tanjung Balai","12.09.10.2005","Kapias Batu VIII"
"12","Sumatera Utara","12.09","Kabupaten Asahan","12.09.10","Tanjung Balai","12.09.10.2006","Pematang Sei Baru"
"12","Sumatera Utara","12.09","Kabupaten Asahan","12.09.10","Tanjung Balai","12.09.10.2007","Sei Apung"
"12","Sumatera Utara","12.09","Kabupaten Asahan","12.09.10","Tanjung Balai","12.09.10.2008","Sei Apung Jaya"
"12","Sumatera Utara","12.09","Kabupaten Asahan","12.09.11","Sei Kepayang","12.09.11.2008","Sei Kepayang Tengah"
"12","Sumatera Utara","12.09","Kabupaten Asahan","12.09.11","Sei Kepayang","12.09.11.2010","Sei Kepayang Kanan"
"12","Sumatera Utara","12.09","Kabupaten Asahan","12.09.11","Sei Kepayang","12.09.11.2011","Sei Paham"
"12","Sumatera Utara","12.09","Kabupaten Asahan","12.09.11","Sei Kepayang","12.09.11.2014","Pertahanan"
"12","Sumatera Utara","12.09","Kabupaten Asahan","12.09.11","Sei Kepayang","12.09.11.2015","Perbangunan"
"12","Sumatera Utara","12.09","Kabupaten Asahan","12.09.11","Sei Kepayang","12.09.11.2016","Bangun Baru"
"12","Sumatera Utara","12.09","Kabupaten Asahan","12.09.12","Simpang Empat","12.09.12.2002","Perkebunan Suka Raja"
"12","Sumatera Utara","12.09","Kabupaten Asahan","12.09.12","Simpang Empat","12.09.12.2004","Perkebunan Hessa"
"12","Sumatera Utara","12.09","Kabupaten Asahan","12.09.12","Simpang Empat","12.09.12.2006","Sei Dua Hulu"
"12","Sumatera Utara","12.09","Kabupaten Asahan","12.09.12","Simpang Empat","12.09.12.2007","Sei Lama"
"12","Sumatera Utara","12.09","Kabupaten Asahan","12.09.12","Simpang Empat","12.09.12.2008","Silomlom"
"12","Sumatera Utara","12.09","Kabupaten Asahan","12.09.12","Simpang Empat","12.09.12.2009","Simpang Empat"
"12","Sumatera Utara","12.09","Kabupaten Asahan","12.09.12","Simpang Empat","12.09.12.2012","Sipaku Area"
"12","Sumatera Utara","12.09","Kabupaten Asahan","12.09.12","Simpang Empat","12.09.12.2013","Anjung Ganjang"
"12","Sumatera Utara","12.09","Kabupaten Asahan","12.09.13","Air Batu","12.09.13.2001","Sei Alim Ulu"
"12","Sumatera Utara","12.09","Kabupaten Asahan","12.09.13","Air Batu","12.09.13.2003","Pinanggiripan"
"12","Sumatera Utara","12.09","Kabupaten Asahan","12.09.13","Air Batu","12.09.13.2006","Perkebunan Pulahan"
"12","Sumatera Utara","12.09","Kabupaten Asahan","12.09.13","Air Batu","12.09.13.2007","Hessa Perlompongan"
"12","Sumatera Utara","12.09","Kabupaten Asahan","12.09.13","Air Batu","12.09.13.2008","Perkebunan Air Batu I/II"
"12","Sumatera Utara","12.09","Kabupaten Asahan","12.09.13","Air Batu","12.09.13.2009","Perkebunan Air Batu III/IX"
"12","Sumatera Utara","12.09","Kabupaten Asahan","12.09.13","Air Batu","12.09.13.2010","Danau Sijabut"
"12","Sumatera Utara","12.09","Kabupaten Asahan","12.09.13","Air Batu","12.09.13.2012","Air Teluk Hessa"
"12","Sumatera Utara","12.09","Kabupaten Asahan","12.09.13","Air Batu","12.09.13.2013","Air Genting"
"12","Sumatera Utara","12.09","Kabupaten Asahan","12.09.13","Air Batu","12.09.13.2014","Hessa Air Genting"
"12","Sumatera Utara","12.09","Kabupaten Asahan","12.09.13","Air Batu","12.09.13.2018","Sijabut Teratai"
"12","Sumatera Utara","12.09","Kabupaten Asahan","12.09.13","Air Batu","12.09.13.2019","Pulau Pule"
"12","Sumatera Utara","12.09","Kabupaten Asahan","12.09.14","Pulau Rakyat","12.09.14.2001","Sei Piring"
"12","Sumatera Utara","12.09","Kabupaten Asahan","12.09.14","Pulau Rakyat","12.09.14.2002","Pulau Rakyat Tua"
"12","Sumatera Utara","12.09","Kabupaten Asahan","12.09.14","Pulau Rakyat","12.09.14.2003","Pulau Rakyat Pekan"
"12","Sumatera Utara","12.09","Kabupaten Asahan","12.09.14","Pulau Rakyat","12.09.14.2004","Orika"
"12","Sumatera Utara","12.09","Kabupaten Asahan","12.09.14","Pulau Rakyat","12.09.14.2005","Manis"
"12","Sumatera Utara","12.09","Kabupaten Asahan","12.09.14","Pulau Rakyat","12.09.14.2006","Tunggul 45"
"12","Sumatera Utara","12.09","Kabupaten Asahan","12.09.14","Pulau Rakyat","12.09.14.2007","Bangun"
"12","Sumatera Utara","12.09","Kabupaten Asahan","12.09.14","Pulau Rakyat","12.09.14.2008","Persatuan"
"12","Sumatera Utara","12.09","Kabupaten Asahan","12.09.14","Pulau Rakyat","12.09.14.2009","Padang Mahondang"
"12","Sumatera Utara","12.09","Kabupaten Asahan","12.09.14","Pulau Rakyat","12.09.14.2010","Ofa Padang Mahondang"
"12","Sumatera Utara","12.09","Kabupaten Asahan","12.09.14","Pulau Rakyat","12.09.14.2011","Baru"
"12","Sumatera Utara","12.09","Kabupaten Asahan","12.09.14","Pulau Rakyat","12.09.14.2012","Mekar Sari"
"12","Sumatera Utara","12.09","Kabupaten Asahan","12.09.15","Bandar Pulau","12.09.15.2003","Bandar Pulau Pekan"
"12","Sumatera Utara","12.09","Kabupaten Asahan","12.09.15","Bandar Pulau","12.09.15.2005","Buntu Maraja"
"12","Sumatera Utara","12.09","Kabupaten Asahan","12.09.15","Bandar Pulau","12.09.15.2006","Gonting Malaha"
"12","Sumatera Utara","12.09","Kabupaten Asahan","12.09.15","Bandar Pulau","12.09.15.2010","Padang Pulau"
"12","Sumatera Utara","12.09","Kabupaten Asahan","12.09.15","Bandar Pulau","12.09.15.2012","Perkebunan Aek Tarum"
"12","Sumatera Utara","12.09","Kabupaten Asahan","12.09.15","Bandar Pulau","12.09.15.2016","Perkebunan Padang Pulau"
"12","Sumatera Utara","12.09","Kabupaten Asahan","12.09.15","Bandar Pulau","12.09.15.2019","Huta Rao"
"12","Sumatera Utara","12.09","Kabupaten Asahan","12.09.15","Bandar Pulau","12.09.15.2020","Aek Nagali"
"12","Sumatera Utara","12.09","Kabupaten Asahan","12.09.15","Bandar Pulau","12.09.15.2021","Gajah Sakti"
"12","Sumatera Utara","12.09","Kabupaten Asahan","12.09.15","Bandar Pulau","12.09.15.2022","Gunung Berkat"
"12","Sumatera Utara","12.09","Kabupaten Asahan","12.09.16","Buntu Pane","12.09.16.2001","Ambalutu"
"12","Sumatera Utara","12.09","Kabupaten Asahan","12.09.16","Buntu Pane","12.09.16.2002","Buntu Pane"
"12","Sumatera Utara","12.09","Kabupaten Asahan","12.09.16","Buntu Pane","12.09.16.2003","Lestari"
"12","Sumatera Utara","12.09","Kabupaten Asahan","12.09.16","Buntu Pane","12.09.16.2005","Prapat Janji"
"12","Sumatera Utara","12.09","Kabupaten Asahan","12.09.16","Buntu Pane","12.09.16.2007","Sei Silau Timur"
"12","Sumatera Utara","12.09","Kabupaten Asahan","12.09.16","Buntu Pane","12.09.16.2016","Sionggang"
"12","Sumatera Utara","12.09","Kabupaten Asahan","12.09.16","Buntu Pane","12.09.16.2017","Mekar Sari"
"12","Sumatera Utara","12.09","Kabupaten Asahan","12.09.16","Buntu Pane","12.09.16.2018","Perkebunan Sei Silau"
"12","Sumatera Utara","12.09","Kabupaten Asahan","12.09.16","Buntu Pane","12.09.16.2019","Karya Ambalutu"
"12","Sumatera Utara","12.09","Kabupaten Asahan","12.09.17","Bandar Pasir Mandoge","12.09.17.2001","Bandar Pasir Mandoge"
"12","Sumatera Utara","12.09","Kabupaten Asahan","12.09.17","Bandar Pasir Mandoge","12.09.17.2002","Huta Bagasan"
"12","Sumatera Utara","12.09","Kabupaten Asahan","12.09.17","Bandar Pasir Mandoge","12.09.17.2003","Sei Nadoras"
"12","Sumatera Utara","12.09","Kabupaten Asahan","12.09.17","Bandar Pasir Mandoge","12.09.17.2004","Silau Jawa"
"12","Sumatera Utara","12.09","Kabupaten Asahan","12.09.17","Bandar Pasir Mandoge","12.09.17.2005","Suka Makmur"
"12","Sumatera Utara","12.09","Kabupaten Asahan","12.09.17","Bandar Pasir Mandoge","12.09.17.2006","Sei Kopas"
"12","Sumatera Utara","12.09","Kabupaten Asahan","12.09.17","Bandar Pasir Mandoge","12.09.17.2007","Huta Padang"
"12","Sumatera Utara","12.09","Kabupaten Asahan","12.09.17","Bandar Pasir Mandoge","12.09.17.2008","Tomuan Holbung"
"12","Sumatera Utara","12.09","Kabupaten Asahan","12.09.17","Bandar Pasir Mandoge","12.09.17.2009","Gotting Sidodadi"
"12","Sumatera Utara","12.09","Kabupaten Asahan","12.09.18","Aek Kuasan","12.09.18.1001","Aek Loba Pekan"
"12","Sumatera Utara","12.09","Kabupaten Asahan","12.09.18","Aek Kuasan","12.09.18.2002","Aek Loba Afd I"
"12","Sumatera Utara","12.09","Kabupaten Asahan","12.09.18","Aek Kuasan","12.09.18.2003","Alang Bonbon"
"12","Sumatera Utara","12.09","Kabupaten Asahan","12.09.18","Aek Kuasan","12.09.18.2009","Sengon Sari"
"12","Sumatera Utara","12.09","Kabupaten Asahan","12.09.18","Aek Kuasan","12.09.18.2010","Lobu Jiur"
"12","Sumatera Utara","12.09","Kabupaten Asahan","12.09.18","Aek Kuasan","12.09.18.2011","Rawa Sari"
"12","Sumatera Utara","12.09","Kabupaten Asahan","12.09.18","Aek Kuasan","12.09.18.2013","Aek Loba"
"12","Sumatera Utara","12.09","Kabupaten Asahan","12.09.19","Kota Kisaran Barat","12.09.19.1001","Bunut"
"12","Sumatera Utara","12.09","Kabupaten Asahan","12.09.19","Kota Kisaran Barat","12.09.19.1002","Bunut Barat"
"12","Sumatera Utara","12.09","Kabupaten Asahan","12.09.19","Kota Kisaran Barat","12.09.19.1003","Dadimulyo"
"12","Sumatera Utara","12.09","Kabupaten Asahan","12.09.19","Kota Kisaran Barat","12.09.19.1004","Kisaran Barat"
"12","Sumatera Utara","12.09","Kabupaten Asahan","12.09.19","Kota Kisaran Barat","12.09.19.1005","Kisaran Baru"
"12","Sumatera Utara","12.09","Kabupaten Asahan","12.09.19","Kota Kisaran Barat","12.09.19.1006","Kisaran Kota"
"12","Sumatera Utara","12.09","Kabupaten Asahan","12.09.19","Kota Kisaran Barat","12.09.19.1007","Mekar Baru"
"12","Sumatera Utara","12.09","Kabupaten Asahan","12.09.19","Kota Kisaran Barat","12.09.19.1008","Sei Renggas"
"12","Sumatera Utara","12.09","Kabupaten Asahan","12.09.19","Kota Kisaran Barat","12.09.19.1009","Sendang Sari"
"12","Sumatera Utara","12.09","Kabupaten Asahan","12.09.19","Kota Kisaran Barat","12.09.19.1010","Sidodadi"
"12","Sumatera Utara","12.09","Kabupaten Asahan","12.09.19","Kota Kisaran Barat","12.09.19.1011","Sidomukti"
"12","Sumatera Utara","12.09","Kabupaten Asahan","12.09.19","Kota Kisaran Barat","12.09.19.1012","Tebing Kisaran"
"12","Sumatera Utara","12.09","Kabupaten Asahan","12.09.19","Kota Kisaran Barat","12.09.19.1013","Tegal Sari"
"12","Sumatera Utara","12.09","Kabupaten Asahan","12.09.20","Kota Kisaran Timur","12.09.20.1001","Teladan"
"12","Sumatera Utara","12.09","Kabupaten Asahan","12.09.20","Kota Kisaran Timur","12.09.20.1002","Siumbut Umbut"
"12","Sumatera Utara","12.09","Kabupaten Asahan","12.09.20","Kota Kisaran Timur","12.09.20.1003","Siumbut Baru"
"12","Sumatera Utara","12.09","Kabupaten Asahan","12.09.20","Kota Kisaran Timur","12.09.20.1004","Sentang"
"12","Sumatera Utara","12.09","Kabupaten Asahan","12.09.20","Kota Kisaran Timur","12.09.20.1005","Selawan"
"12","Sumatera Utara","12.09","Kabupaten Asahan","12.09.20","Kota Kisaran Timur","12.09.20.1006","Mutiara"
"12","Sumatera Utara","12.09","Kabupaten Asahan","12.09.20","Kota Kisaran Timur","12.09.20.1007","Lestari"
"12","Sumatera Utara","12.09","Kabupaten Asahan","12.09.20","Kota Kisaran Timur","12.09.20.1008","Kisaran Timur"
"12","Sumatera Utara","12.09","Kabupaten Asahan","12.09.20","Kota Kisaran Timur","12.09.20.1009","Kisaran Naga"
"12","Sumatera Utara","12.09","Kabupaten Asahan","12.09.20","Kota Kisaran Timur","12.09.20.1010","Kedai Ledang"
"12","Sumatera Utara","12.09","Kabupaten Asahan","12.09.20","Kota Kisaran Timur","12.09.20.1011","Karang Anyer"
"12","Sumatera Utara","12.09","Kabupaten Asahan","12.09.20","Kota Kisaran Timur","12.09.20.1012","Gambir Baru"
"12","Sumatera Utara","12.09","Kabupaten Asahan","12.09.21","Aek Songsongan","12.09.21.2001","Aek Songsongan"
"12","Sumatera Utara","12.09","Kabupaten Asahan","12.09.21","Aek Songsongan","12.09.21.2002","Perkebunan Bandar Selamat"
"12","Sumatera Utara","12.09","Kabupaten Asahan","12.09.21","Aek Songsongan","12.09.21.2003","Perkebunan Bandar Pulau"
"12","Sumatera Utara","12.09","Kabupaten Asahan","12.09.21","Aek Songsongan","12.09.21.2004","Aek Bamban"
"12","Sumatera Utara","12.09","Kabupaten Asahan","12.09.21","Aek Songsongan","12.09.21.2005","Marjanji Aceh"
"12","Sumatera Utara","12.09","Kabupaten Asahan","12.09.21","Aek Songsongan","12.09.21.2006","Lobu Rappa"
"12","Sumatera Utara","12.09","Kabupaten Asahan","12.09.21","Aek Songsongan","12.09.21.2007","Tangga"
"12","Sumatera Utara","12.09","Kabupaten Asahan","12.09.21","Aek Songsongan","12.09.21.2008","Situnjak"
"12","Sumatera Utara","12.09","Kabupaten Asahan","12.09.21","Aek Songsongan","12.09.21.2009","Mekar Marjanji"
"12","Sumatera Utara","12.09","Kabupaten Asahan","12.09.22","Rahuning","12.09.22.2001","Rahuning"
"12","Sumatera Utara","12.09","Kabupaten Asahan","12.09.22","Rahuning","12.09.22.2002","Perkebunan Gunung Melayu"
"12","Sumatera Utara","12.09","Kabupaten Asahan","12.09.22","Rahuning","12.09.22.2003","Gunung Melayu"
"12","Sumatera Utara","12.09","Kabupaten Asahan","12.09.22","Rahuning","12.09.22.2004","Batu Anam"
"12","Sumatera Utara","12.09","Kabupaten Asahan","12.09.22","Rahuning","12.09.22.2005","Perkebunan Aek Nagaga"
"12","Sumatera Utara","12.09","Kabupaten Asahan","12.09.22","Rahuning","12.09.22.2006","Rahuning I"
"12","Sumatera Utara","12.09","Kabupaten Asahan","12.09.22","Rahuning","12.09.22.2007","Rahuning II"
"12","Sumatera Utara","12.09","Kabupaten Asahan","12.09.23","Sei Dadap","12.09.23.2001","Tanjung Alam"
"12","Sumatera Utara","12.09","Kabupaten Asahan","12.09.23","Sei Dadap","12.09.23.2002","Perkebunan Sei Dadap I/II"
"12","Sumatera Utara","12.09","Kabupaten Asahan","12.09.23","Sei Dadap","12.09.23.2003","Perkebunan Sei Dadap III/IV"
"12","Sumatera Utara","12.09","Kabupaten Asahan","12.09.23","Sei Dadap","12.09.23.2004","Sei Kamah I"
"12","Sumatera Utara","12.09","Kabupaten Asahan","12.09.23","Sei Dadap","12.09.23.2005","Sei Kamah II"
"12","Sumatera Utara","12.09","Kabupaten Asahan","12.09.23","Sei Dadap","12.09.23.2006","Bahung Sibatu-batu"
"12","Sumatera Utara","12.09","Kabupaten Asahan","12.09.23","Sei Dadap","12.09.23.2007","Sei Alim Hasak"
"12","Sumatera Utara","12.09","Kabupaten Asahan","12.09.23","Sei Dadap","12.09.23.2008","Tanjung Asri"
"12","Sumatera Utara","12.09","Kabupaten Asahan","12.09.23","Sei Dadap","12.09.23.2009","Sei Kamah Baru"
"12","Sumatera Utara","12.09","Kabupaten Asahan","12.09.23","Sei Dadap","12.09.23.2010","Pasiran"
"12","Sumatera Utara","12.09","Kabupaten Asahan","12.09.24","Sei Kepayang Barat","12.09.24.2001","Sei Nangka"
"12","Sumatera Utara","12.09","Kabupaten Asahan","12.09.24","Sei Kepayang Barat","12.09.24.2002","Sei Jawi-Jawi"
"12","Sumatera Utara","12.09","Kabupaten Asahan","12.09.24","Sei Kepayang Barat","12.09.24.2003","Sei Serindan"
"12","Sumatera Utara","12.09","Kabupaten Asahan","12.09.24","Sei Kepayang Barat","12.09.24.2004","Sei Tualang Pandau"
"12","Sumatera Utara","12.09","Kabupaten Asahan","12.09.24","Sei Kepayang Barat","12.09.24.2005","Sei Lendir"
"12","Sumatera Utara","12.09","Kabupaten Asahan","12.09.24","Sei Kepayang Barat","12.09.24.2006","Sei Kepayang Kiri"
"12","Sumatera Utara","12.09","Kabupaten Asahan","12.09.25","Sei Kepayang Timur","12.09.25.2001","Sei Lunang"
"12","Sumatera Utara","12.09","Kabupaten Asahan","12.09.25","Sei Kepayang Timur","12.09.25.2002","Sei Pasir"
"12","Sumatera Utara","12.09","Kabupaten Asahan","12.09.25","Sei Kepayang Timur","12.09.25.2003","Sei Tempurung"
"12","Sumatera Utara","12.09","Kabupaten Asahan","12.09.25","Sei Kepayang Timur","12.09.25.2004","Sarang Helang"
"12","Sumatera Utara","12.09","Kabupaten Asahan","12.09.25","Sei Kepayang Timur","12.09.25.2005","Sei Sembilang"
"12","Sumatera Utara","12.09","Kabupaten Asahan","12.09.26","Tinggi Raja","12.09.26.2001","Tinggi Raja"
"12","Sumatera Utara","12.09","Kabupaten Asahan","12.09.26","Tinggi Raja","12.09.26.2002","Sumber Harapan"
"12","Sumatera Utara","12.09","Kabupaten Asahan","12.09.26","Tinggi Raja","12.09.26.2003","Terusan Tengah"
"12","Sumatera Utara","12.09","Kabupaten Asahan","12.09.26","Tinggi Raja","12.09.26.2004","Piasa Ulu"
"12","Sumatera Utara","12.09","Kabupaten Asahan","12.09.26","Tinggi Raja","12.09.26.2005","Sidomulyo"
"12","Sumatera Utara","12.09","Kabupaten Asahan","12.09.26","Tinggi Raja","12.09.26.2006","Teladan"
"12","Sumatera Utara","12.09","Kabupaten Asahan","12.09.26","Tinggi Raja","12.09.26.2007","Padang Sari"
"12","Sumatera Utara","12.09","Kabupaten Asahan","12.09.27","Setia Janji","12.09.27.2001","Urung Pane"
"12","Sumatera Utara","12.09","Kabupaten Asahan","12.09.27","Setia Janji","12.09.27.2002","Sei Silau Tua"
"12","Sumatera Utara","12.09","Kabupaten Asahan","12.09.27","Setia Janji","12.09.27.2003","Sei Silau Barat"
"12","Sumatera Utara","12.09","Kabupaten Asahan","12.09.27","Setia Janji","12.09.27.2004","Silau Maraja"
"12","Sumatera Utara","12.09","Kabupaten Asahan","12.09.27","Setia Janji","12.09.27.2005","Bangun Sari"
"12","Sumatera Utara","12.09","Kabupaten Asahan","12.09.28","Silau Laut","12.09.28.2001","Silo Baru"
"12","Sumatera Utara","12.09","Kabupaten Asahan","12.09.28","Silau Laut","12.09.28.2002","Silo Lama"
"12","Sumatera Utara","12.09","Kabupaten Asahan","12.09.28","Silau Laut","12.09.28.2003","Silo Bonto"
"12","Sumatera Utara","12.09","Kabupaten Asahan","12.09.28","Silau Laut","12.09.28.2004","Lubuk Palas"
"12","Sumatera Utara","12.09","Kabupaten Asahan","12.09.28","Silau Laut","12.09.28.2005","Bangun Sari"
"12","Sumatera Utara","12.09","Kabupaten Asahan","12.09.29","Rawang Panca Arga","12.09.29.2001","Rawang Lama"
"12","Sumatera Utara","12.09","Kabupaten Asahan","12.09.29","Rawang Panca Arga","12.09.29.2002","Rawang Baru"
"12","Sumatera Utara","12.09","Kabupaten Asahan","12.09.29","Rawang Panca Arga","12.09.29.2003","Rawang Pasar IV"
"12","Sumatera Utara","12.09","Kabupaten Asahan","12.09.29","Rawang Panca Arga","12.09.29.2004","Rawang Pasar V"
"12","Sumatera Utara","12.09","Kabupaten Asahan","12.09.29","Rawang Panca Arga","12.09.29.2005","Pondok Bungur"
"12","Sumatera Utara","12.09","Kabupaten Asahan","12.09.29","Rawang Panca Arga","12.09.29.2006","Panca Arga"
"12","Sumatera Utara","12.09","Kabupaten Asahan","12.09.29","Rawang Panca Arga","12.09.29.2007","Rawang Pasar VI"
"12","Sumatera Utara","12.09","Kabupaten Asahan","12.09.30","Pulo Bandring","12.09.30.2001","Suka Damai"
"12","Sumatera Utara","12.09","Kabupaten Asahan","12.09.30","Pulo Bandring","12.09.30.2002","Perhutaan Silau"
"12","Sumatera Utara","12.09","Kabupaten Asahan","12.09.30","Pulo Bandring","12.09.30.2003","Tanah Rakyat"
"12","Sumatera Utara","12.09","Kabupaten Asahan","12.09.30","Pulo Bandring","12.09.30.2004","Taman Sari"
"12","Sumatera Utara","12.09","Kabupaten Asahan","12.09.30","Pulo Bandring","12.09.30.2005","Gedangan"
"12","Sumatera Utara","12.09","Kabupaten Asahan","12.09.30","Pulo Bandring","12.09.30.2006","Suka Makmur"
"12","Sumatera Utara","12.09","Kabupaten Asahan","12.09.30","Pulo Bandring","12.09.30.2007","Pulo Bandring"
"12","Sumatera Utara","12.09","Kabupaten Asahan","12.09.30","Pulo Bandring","12.09.30.2008","Sidomulyo"
"12","Sumatera Utara","12.09","Kabupaten Asahan","12.09.30","Pulo Bandring","12.09.30.2009","Suka Damai Barat"
"12","Sumatera Utara","12.09","Kabupaten Asahan","12.09.30","Pulo Bandring","12.09.30.2010","Bunut Seberang"
"12","Sumatera Utara","12.09","Kabupaten Asahan","12.09.31","Teluk Dalam","12.09.31.2001","Air Teluk Kiri"
"12","Sumatera Utara","12.09","Kabupaten Asahan","12.09.31","Teluk Dalam","12.09.31.2002","Teluk Dalam"
"12","Sumatera Utara","12.09","Kabupaten Asahan","12.09.31","Teluk Dalam","12.09.31.2003","Perkebunan Teluk Dalam"
"12","Sumatera Utara","12.09","Kabupaten Asahan","12.09.31","Teluk Dalam","12.09.31.2004","Pulau Maria"
"12","Sumatera Utara","12.09","Kabupaten Asahan","12.09.31","Teluk Dalam","12.09.31.2005","Pulau Tanjung"
"12","Sumatera Utara","12.09","Kabupaten Asahan","12.09.31","Teluk Dalam","12.09.31.2006","Mekar Tanjung"
"12","Sumatera Utara","12.09","Kabupaten Asahan","12.09.32","Aek Ledong","12.09.32.2001","Aek Bange"
"12","Sumatera Utara","12.09","Kabupaten Asahan","12.09.32","Aek Ledong","12.09.32.2002","Aek Korsik"
"12","Sumatera Utara","12.09","Kabupaten Asahan","12.09.32","Aek Ledong","12.09.32.2003","Aek Ledong"
"12","Sumatera Utara","12.09","Kabupaten Asahan","12.09.32","Aek Ledong","12.09.32.2004","Ledong Barat"
"12","Sumatera Utara","12.09","Kabupaten Asahan","12.09.32","Aek Ledong","12.09.32.2005","Aek Nabuntu"
"12","Sumatera Utara","12.09","Kabupaten Asahan","12.09.32","Aek Ledong","12.09.32.2006","Ledong Timur"
"12","Sumatera Utara","12.09","Kabupaten Asahan","12.09.32","Aek Ledong","12.09.32.2007","Padang Sipirok"
"12","Sumatera Utara","12.10","Kabupaten Labuhanbatu","12.10.01","Rantau Utara","12.10.01.1001","Padang Matinggi"
"12","Sumatera Utara","12.10","Kabupaten Labuhanbatu","12.10.01","Rantau Utara","12.10.01.1002","Siringo-Ringo"
"12","Sumatera Utara","12.10","Kabupaten Labuhanbatu","12.10.01","Rantau Utara","12.10.01.1003","Sirandorung"
"12","Sumatera Utara","12.10","Kabupaten Labuhanbatu","12.10.01","Rantau Utara","12.10.01.1004","Rantauprapat"
"12","Sumatera Utara","12.10","Kabupaten Labuhanbatu","12.10.01","Rantau Utara","12.10.01.1005","Kartini"
"12","Sumatera Utara","12.10","Kabupaten Labuhanbatu","12.10.01","Rantau Utara","12.10.01.1006","Cendana"
"12","Sumatera Utara","12.10","Kabupaten Labuhanbatu","12.10.01","Rantau Utara","12.10.01.1007","Binaraga"
"12","Sumatera Utara","12.10","Kabupaten Labuhanbatu","12.10.01","Rantau Utara","12.10.01.1008","Pulo Padang"
"12","Sumatera Utara","12.10","Kabupaten Labuhanbatu","12.10.01","Rantau Utara","12.10.01.1009","Padang Bulan"
"12","Sumatera Utara","12.10","Kabupaten Labuhanbatu","12.10.01","Rantau Utara","12.10.01.1010","Aek Paing"
"12","Sumatera Utara","12.10","Kabupaten Labuhanbatu","12.10.02","Rantau Selatan","12.10.02.1001","Bakaran Batu"
"12","Sumatera Utara","12.10","Kabupaten Labuhanbatu","12.10.02","Rantau Selatan","12.10.02.1002","Sioldengan"
"12","Sumatera Utara","12.10","Kabupaten Labuhanbatu","12.10.02","Rantau Selatan","12.10.02.1003","Urung Kompas"
"12","Sumatera Utara","12.10","Kabupaten Labuhanbatu","12.10.02","Rantau Selatan","12.10.02.1004","Ujung Bandar"
"12","Sumatera Utara","12.10","Kabupaten Labuhanbatu","12.10.02","Rantau Selatan","12.10.02.1005","Sigambal"
"12","Sumatera Utara","12.10","Kabupaten Labuhanbatu","12.10.02","Rantau Selatan","12.10.02.1006","Lobusona"
"12","Sumatera Utara","12.10","Kabupaten Labuhanbatu","12.10.02","Rantau Selatan","12.10.02.1007","Pardamean"
"12","Sumatera Utara","12.10","Kabupaten Labuhanbatu","12.10.02","Rantau Selatan","12.10.02.1008","Danau Bale"
"12","Sumatera Utara","12.10","Kabupaten Labuhanbatu","12.10.02","Rantau Selatan","12.10.02.1009","Sidorejo"
"12","Sumatera Utara","12.10","Kabupaten Labuhanbatu","12.10.07","Bilah Barat","12.10.07.2001","Sibargot"
"12","Sumatera Utara","12.10","Kabupaten Labuhanbatu","12.10.07","Bilah Barat","12.10.07.2002","Bandar Kumbul"
"12","Sumatera Utara","12.10","Kabupaten Labuhanbatu","12.10.07","Bilah Barat","12.10.07.2003","Tanjung Medan"
"12","Sumatera Utara","12.10","Kabupaten Labuhanbatu","12.10.07","Bilah Barat","12.10.07.2004","Janji"
"12","Sumatera Utara","12.10","Kabupaten Labuhanbatu","12.10.07","Bilah Barat","12.10.07.2005","Tebing Linggahara"
"12","Sumatera Utara","12.10","Kabupaten Labuhanbatu","12.10.07","Bilah Barat","12.10.07.2006","AFD.I Rantauprapat"
"12","Sumatera Utara","12.10","Kabupaten Labuhanbatu","12.10.07","Bilah Barat","12.10.07.2007","AFD.II Rantauprapat"
"12","Sumatera Utara","12.10","Kabupaten Labuhanbatu","12.10.07","Bilah Barat","12.10.07.2008","Aek Buru Selatan"
"12","Sumatera Utara","12.10","Kabupaten Labuhanbatu","12.10.07","Bilah Barat","12.10.07.2009","Kampung Baru"
"12","Sumatera Utara","12.10","Kabupaten Labuhanbatu","12.10.07","Bilah Barat","12.10.07.2010","Tebing Linggahara Baru"
"12","Sumatera Utara","12.10","Kabupaten Labuhanbatu","12.10.08","Bilah Hilir","12.10.08.1001","Negeri Lama"
"12","Sumatera Utara","12.10","Kabupaten Labuhanbatu","12.10.08","Bilah Hilir","12.10.08.1002","Negeri Baru"
"12","Sumatera Utara","12.10","Kabupaten Labuhanbatu","12.10.08","Bilah Hilir","12.10.08.2003","Perkebunan Sennah"
"12","Sumatera Utara","12.10","Kabupaten Labuhanbatu","12.10.08","Bilah Hilir","12.10.08.2004","Perkebunan Negeri Lama"
"12","Sumatera Utara","12.10","Kabupaten Labuhanbatu","12.10.08","Bilah Hilir","12.10.08.2005","Perkebunan Bilah"
"12","Sumatera Utara","12.10","Kabupaten Labuhanbatu","12.10.08","Bilah Hilir","12.10.08.2006","Kampung Bilah"
"12","Sumatera Utara","12.10","Kabupaten Labuhanbatu","12.10.08","Bilah Hilir","12.10.08.2007","Negeri Lama Seberang"
"12","Sumatera Utara","12.10","Kabupaten Labuhanbatu","12.10.08","Bilah Hilir","12.10.08.2008","Sei Tampang"
"12","Sumatera Utara","12.10","Kabupaten Labuhanbatu","12.10.08","Bilah Hilir","12.10.08.2009","Selat Besar"
"12","Sumatera Utara","12.10","Kabupaten Labuhanbatu","12.10.08","Bilah Hilir","12.10.08.2010","Tanjung Haloban"
"12","Sumatera Utara","12.10","Kabupaten Labuhanbatu","12.10.08","Bilah Hilir","12.10.08.2011","Sidomulyo"
"12","Sumatera Utara","12.10","Kabupaten Labuhanbatu","12.10.08","Bilah Hilir","12.10.08.2012","Sei Tarolat"
"12","Sumatera Utara","12.10","Kabupaten Labuhanbatu","12.10.08","Bilah Hilir","12.10.08.2013","Sei Kasih"
"12","Sumatera Utara","12.10","Kabupaten Labuhanbatu","12.10.09","Bilah Hulu","12.10.09.2001","Lingga Tiga"
"12","Sumatera Utara","12.10","Kabupaten Labuhanbatu","12.10.09","Bilah Hulu","12.10.09.2002","Tanjung Siram"
"12","Sumatera Utara","12.10","Kabupaten Labuhanbatu","12.10.09","Bilah Hulu","12.10.09.2003","Pematang Seleng"
"12","Sumatera Utara","12.10","Kabupaten Labuhanbatu","12.10.09","Bilah Hulu","12.10.09.2004","Perbaungan"
"12","Sumatera Utara","12.10","Kabupaten Labuhanbatu","12.10.09","Bilah Hulu","12.10.09.2005","Gunung Selamat"
"12","Sumatera Utara","12.10","Kabupaten Labuhanbatu","12.10.09","Bilah Hulu","12.10.09.2006","Emplasemen Aek Nabara"
"12","Sumatera Utara","12.10","Kabupaten Labuhanbatu","12.10.09","Bilah Hulu","12.10.09.2007","Bandar Tinggi"
"12","Sumatera Utara","12.10","Kabupaten Labuhanbatu","12.10.09","Bilah Hulu","12.10.09.2008","Kampung Dalam"
"12","Sumatera Utara","12.10","Kabupaten Labuhanbatu","12.10.09","Bilah Hulu","12.10.09.2009","Pondok Batu"
"12","Sumatera Utara","12.10","Kabupaten Labuhanbatu","12.10.09","Bilah Hulu","12.10.09.2010","Meranti"
"12","Sumatera Utara","12.10","Kabupaten Labuhanbatu","12.10.09","Bilah Hulu","12.10.09.2011","N-1 Aek Nabara"
"12","Sumatera Utara","12.10","Kabupaten Labuhanbatu","12.10.09","Bilah Hulu","12.10.09.2012","N-2 Aek Nabara"
"12","Sumatera Utara","12.10","Kabupaten Labuhanbatu","12.10.09","Bilah Hulu","12.10.09.2013","N-3 Aek Nabara"
"12","Sumatera Utara","12.10","Kabupaten Labuhanbatu","12.10.09","Bilah Hulu","12.10.09.2014","N-4 Aek Nabara"
"12","Sumatera Utara","12.10","Kabupaten Labuhanbatu","12.10.09","Bilah Hulu","12.10.09.2015","N-5 Aek Nabara"
"12","Sumatera Utara","12.10","Kabupaten Labuhanbatu","12.10.09","Bilah Hulu","12.10.09.2016","N-6 Aek Nabara"
"12","Sumatera Utara","12.10","Kabupaten Labuhanbatu","12.10.09","Bilah Hulu","12.10.09.2017","N-7 Aek Nabara"
"12","Sumatera Utara","12.10","Kabupaten Labuhanbatu","12.10.09","Bilah Hulu","12.10.09.2018","N-8 Aek Nabara"
"12","Sumatera Utara","12.10","Kabupaten Labuhanbatu","12.10.09","Bilah Hulu","12.10.09.2019","S-1 Aek Nabara"
"12","Sumatera Utara","12.10","Kabupaten Labuhanbatu","12.10.09","Bilah Hulu","12.10.09.2020","S-2 Aek Nabara"
"12","Sumatera Utara","12.10","Kabupaten Labuhanbatu","12.10.09","Bilah Hulu","12.10.09.2021","S-3 Aek Nabara"
"12","Sumatera Utara","12.10","Kabupaten Labuhanbatu","12.10.09","Bilah Hulu","12.10.09.2022","S-4 Aek Nabara"
"12","Sumatera Utara","12.10","Kabupaten Labuhanbatu","12.10.09","Bilah Hulu","12.10.09.2023","S-5 Aek Nabara"
"12","Sumatera Utara","12.10","Kabupaten Labuhanbatu","12.10.09","Bilah Hulu","12.10.09.2024","S-6 Aek Nabara"
"12","Sumatera Utara","12.10","Kabupaten Labuhanbatu","12.10.14","Pangkatan","12.10.14.2001","Sidorukun"
"12","Sumatera Utara","12.10","Kabupaten Labuhanbatu","12.10.14","Pangkatan","12.10.14.2002","Tebing Tinggi Pangkatan"
"12","Sumatera Utara","12.10","Kabupaten Labuhanbatu","12.10.14","Pangkatan","12.10.14.2003","Perkebunan Pangkatan"
"12","Sumatera Utara","12.10","Kabupaten Labuhanbatu","12.10.14","Pangkatan","12.10.14.2004","Kampung Padang"
"12","Sumatera Utara","12.10","Kabupaten Labuhanbatu","12.10.14","Pangkatan","12.10.14.2005","Pangkatan"
"12","Sumatera Utara","12.10","Kabupaten Labuhanbatu","12.10.14","Pangkatan","12.10.14.2006","Sennah"
"12","Sumatera Utara","12.10","Kabupaten Labuhanbatu","12.10.14","Pangkatan","12.10.14.2007","Tanjung Harapan"
"12","Sumatera Utara","12.10","Kabupaten Labuhanbatu","12.10.18","Panai Tengah","12.10.18.1001","Labuhan Bilik"
"12","Sumatera Utara","12.10","Kabupaten Labuhanbatu","12.10.18","Panai Tengah","12.10.18.2002","Sei Pelancang"
"12","Sumatera Utara","12.10","Kabupaten Labuhanbatu","12.10.18","Panai Tengah","12.10.18.2003","Sei Siarti"
"12","Sumatera Utara","12.10","Kabupaten Labuhanbatu","12.10.18","Panai Tengah","12.10.18.2004","Sei Nahodaris"
"12","Sumatera Utara","12.10","Kabupaten Labuhanbatu","12.10.18","Panai Tengah","12.10.18.2005","Sei Merdeka"
"12","Sumatera Utara","12.10","Kabupaten Labuhanbatu","12.10.18","Panai Tengah","12.10.18.2006","Sei Rakyat"
"12","Sumatera Utara","12.10","Kabupaten Labuhanbatu","12.10.18","Panai Tengah","12.10.18.2007","Selat Beting"
"12","Sumatera Utara","12.10","Kabupaten Labuhanbatu","12.10.18","Panai Tengah","12.10.18.2008","Bagan Bilah"
"12","Sumatera Utara","12.10","Kabupaten Labuhanbatu","12.10.18","Panai Tengah","12.10.18.2009","Telaga Suka"
"12","Sumatera Utara","12.10","Kabupaten Labuhanbatu","12.10.18","Panai Tengah","12.10.18.2010","Pasar Tiga"
"12","Sumatera Utara","12.10","Kabupaten Labuhanbatu","12.10.19","Panai Hilir","12.10.19.1001","Sei Berombang"
"12","Sumatera Utara","12.10","Kabupaten Labuhanbatu","12.10.19","Panai Hilir","12.10.19.2002","Sei Penggantungan"
"12","Sumatera Utara","12.10","Kabupaten Labuhanbatu","12.10.19","Panai Hilir","12.10.19.2003","Sei Lumut"
"12","Sumatera Utara","12.10","Kabupaten Labuhanbatu","12.10.19","Panai Hilir","12.10.19.2004","Sei Tawar"
"12","Sumatera Utara","12.10","Kabupaten Labuhanbatu","12.10.19","Panai Hilir","12.10.19.2005","Sei Sanggul"
"12","Sumatera Utara","12.10","Kabupaten Labuhanbatu","12.10.19","Panai Hilir","12.10.19.2006","Sei Sakat"
"12","Sumatera Utara","12.10","Kabupaten Labuhanbatu","12.10.19","Panai Hilir","12.10.19.2007","Sei Baru"
"12","Sumatera Utara","12.10","Kabupaten Labuhanbatu","12.10.19","Panai Hilir","12.10.19.2008","Wonosari"
"12","Sumatera Utara","12.10","Kabupaten Labuhanbatu","12.10.20","Panai Hulu","12.10.20.2001","Tanjung Sarang Elang"
"12","Sumatera Utara","12.10","Kabupaten Labuhanbatu","12.10.20","Panai Hulu","12.10.20.2002","Perkebunan Ajamu"
"12","Sumatera Utara","12.10","Kabupaten Labuhanbatu","12.10.20","Panai Hulu","12.10.20.2003","Teluk Sentosa"
"12","Sumatera Utara","12.10","Kabupaten Labuhanbatu","12.10.20","Panai Hulu","12.10.20.2004","Cinta Makmur"
"12","Sumatera Utara","12.10","Kabupaten Labuhanbatu","12.10.20","Panai Hulu","12.10.20.2005","Sei Sentosa"
"12","Sumatera Utara","12.10","Kabupaten Labuhanbatu","12.10.20","Panai Hulu","12.10.20.2006","Meranti Paham"
"12","Sumatera Utara","12.10","Kabupaten Labuhanbatu","12.10.20","Panai Hulu","12.10.20.2007","Sei Jawi-Jawi"
"12","Sumatera Utara","12.11","Kabupaten Dairi","12.11.01","Sidikalang","12.11.01.1005","Kuta Gambir"
"12","Sumatera Utara","12.11","Kabupaten Dairi","12.11.01","Sidikalang","12.11.01.1007","Sidiangkat"
"12","Sumatera Utara","12.11","Kabupaten Dairi","12.11.01","Sidikalang","12.11.01.1009","Batang Beruh"
"12","Sumatera Utara","12.11","Kabupaten Dairi","12.11.01","Sidikalang","12.11.01.1010","Sidikalang"
"12","Sumatera Utara","12.11","Kabupaten Dairi","12.11.01","Sidikalang","12.11.01.1015","Bintang Hulu"
"12","Sumatera Utara","12.11","Kabupaten Dairi","12.11.01","Sidikalang","12.11.01.2008","Belang Malum"
"12","Sumatera Utara","12.11","Kabupaten Dairi","12.11.01","Sidikalang","12.11.01.2011","Huta Rakyat"
"12","Sumatera Utara","12.11","Kabupaten Dairi","12.11.01","Sidikalang","12.11.01.2012","Kalang"
"12","Sumatera Utara","12.11","Kabupaten Dairi","12.11.01","Sidikalang","12.11.01.2013","Bintang"
"12","Sumatera Utara","12.11","Kabupaten Dairi","12.11.01","Sidikalang","12.11.01.2014","Kalang Simbara"
"12","Sumatera Utara","12.11","Kabupaten Dairi","12.11.01","Sidikalang","12.11.01.2017","Bintang Mersada"
"12","Sumatera Utara","12.11","Kabupaten Dairi","12.11.02","Sumbul","12.11.02.1007","Pegagan Julu I"
"12","Sumatera Utara","12.11","Kabupaten Dairi","12.11.02","Sumbul","12.11.02.2001","Pegagan Julu X"
"12","Sumatera Utara","12.11","Kabupaten Dairi","12.11.02","Sumbul","12.11.02.2002","Pegagan Julu IX"
"12","Sumatera Utara","12.11","Kabupaten Dairi","12.11.02","Sumbul","12.11.02.2003","Pegagan Julu VIII"
"12","Sumatera Utara","12.11","Kabupaten Dairi","12.11.02","Sumbul","12.11.02.2004","Pegagan Julu VII"
"12","Sumatera Utara","12.11","Kabupaten Dairi","12.11.02","Sumbul","12.11.02.2005","Pegagan Julu VI"
"12","Sumatera Utara","12.11","Kabupaten Dairi","12.11.02","Sumbul","12.11.02.2006","Pegagan Julu V"
"12","Sumatera Utara","12.11","Kabupaten Dairi","12.11.02","Sumbul","12.11.02.2008","Pegagan Julu IV"
"12","Sumatera Utara","12.11","Kabupaten Dairi","12.11.02","Sumbul","12.11.02.2009","Pegagan Julu III"
"12","Sumatera Utara","12.11","Kabupaten Dairi","12.11.02","Sumbul","12.11.02.2010","Pegagan Julu II"
"12","Sumatera Utara","12.11","Kabupaten Dairi","12.11.02","Sumbul","12.11.02.2014","Tanjung Beringin"
"12","Sumatera Utara","12.11","Kabupaten Dairi","12.11.02","Sumbul","12.11.02.2015","Dolok Tolong"
"12","Sumatera Utara","12.11","Kabupaten Dairi","12.11.02","Sumbul","12.11.02.2017","Pargambiran"
"12","Sumatera Utara","12.11","Kabupaten Dairi","12.11.02","Sumbul","12.11.02.2018","Perjuangan"
"12","Sumatera Utara","12.11","Kabupaten Dairi","12.11.02","Sumbul","12.11.02.2020","Kuta Gugung"
"12","Sumatera Utara","12.11","Kabupaten Dairi","12.11.02","Sumbul","12.11.02.2024","Sileuh-leuh Parsaoran"
"12","Sumatera Utara","12.11","Kabupaten Dairi","12.11.02","Sumbul","12.11.02.2025","Barisan Nauli"
"12","Sumatera Utara","12.11","Kabupaten Dairi","12.11.02","Sumbul","12.11.02.2026","Pangguruan"
"12","Sumatera Utara","12.11","Kabupaten Dairi","12.11.02","Sumbul","12.11.02.2027","Tanjung Beringin I"
"12","Sumatera Utara","12.11","Kabupaten Dairi","12.11.03","Tigalingga","12.11.03.2001","Sumbul Tengah"
"12","Sumatera Utara","12.11","Kabupaten Dairi","12.11.03","Tigalingga","12.11.03.2002","Ujung Teran"
"12","Sumatera Utara","12.11","Kabupaten Dairi","12.11.03","Tigalingga","12.11.03.2003","Juma Gerat"
"12","Sumatera Utara","12.11","Kabupaten Dairi","12.11.03","Tigalingga","12.11.03.2004","Sarintonu"
"12","Sumatera Utara","12.11","Kabupaten Dairi","12.11.03","Tigalingga","12.11.03.2005","Tigalingga"
"12","Sumatera Utara","12.11","Kabupaten Dairi","12.11.03","Tigalingga","12.11.03.2006","Palding"
"12","Sumatera Utara","12.11","Kabupaten Dairi","12.11.03","Tigalingga","12.11.03.2007","Lau Bagot"
"12","Sumatera Utara","12.11","Kabupaten Dairi","12.11.03","Tigalingga","12.11.03.2008","Bertungen Julu"
"12","Sumatera Utara","12.11","Kabupaten Dairi","12.11.03","Tigalingga","12.11.03.2009","Lau Molgap"
"12","Sumatera Utara","12.11","Kabupaten Dairi","12.11.03","Tigalingga","12.11.03.2010","Lau Pak-Pak"
"12","Sumatera Utara","12.11","Kabupaten Dairi","12.11.03","Tigalingga","12.11.03.2012","Sukandebi"
"12","Sumatera Utara","12.11","Kabupaten Dairi","12.11.03","Tigalingga","12.11.03.2013","Lau Mil"
"12","Sumatera Utara","12.11","Kabupaten Dairi","12.11.03","Tigalingga","12.11.03.2014","Lau Sireme"
"12","Sumatera Utara","12.11","Kabupaten Dairi","12.11.03","Tigalingga","12.11.03.2019","Palding Jaya Sumbul"
"12","Sumatera Utara","12.11","Kabupaten Dairi","12.11.04","Siempat Nempu","12.11.04.2001","Sinampang"
"12","Sumatera Utara","12.11","Kabupaten Dairi","12.11.04","Siempat Nempu","12.11.04.2002","Sihorbo"
"12","Sumatera Utara","12.11","Kabupaten Dairi","12.11.04","Siempat Nempu","12.11.04.2003","Soban"
"12","Sumatera Utara","12.11","Kabupaten Dairi","12.11.04","Siempat Nempu","12.11.04.2004","Adian Nangka"
"12","Sumatera Utara","12.11","Kabupaten Dairi","12.11.04","Siempat Nempu","12.11.04.2005","Bunturaja"
"12","Sumatera Utara","12.11","Kabupaten Dairi","12.11.04","Siempat Nempu","12.11.04.2006","Juma Siulok"
"12","Sumatera Utara","12.11","Kabupaten Dairi","12.11.04","Siempat Nempu","12.11.04.2007","Juma Teguh"
"12","Sumatera Utara","12.11","Kabupaten Dairi","12.11.04","Siempat Nempu","12.11.04.2008","Sosor Lontung"
"12","Sumatera Utara","12.11","Kabupaten Dairi","12.11.04","Siempat Nempu","12.11.04.2009","Huta Imbaru"
"12","Sumatera Utara","12.11","Kabupaten Dairi","12.11.04","Siempat Nempu","12.11.04.2010","Jumantuang"
"12","Sumatera Utara","12.11","Kabupaten Dairi","12.11.04","Siempat Nempu","12.11.04.2011","Gomit"
"12","Sumatera Utara","12.11","Kabupaten Dairi","12.11.04","Siempat Nempu","12.11.04.2012","Adian Gupa"
"12","Sumatera Utara","12.11","Kabupaten Dairi","12.11.04","Siempat Nempu","12.11.04.2013","Maju"
"12","Sumatera Utara","12.11","Kabupaten Dairi","12.11.05","Silima Pungga Pungga","12.11.05.1014","Parongil"
"12","Sumatera Utara","12.11","Kabupaten Dairi","12.11.05","Silima Pungga Pungga","12.11.05.2008","Palipi"
"12","Sumatera Utara","12.11","Kabupaten Dairi","12.11.05","Silima Pungga Pungga","12.11.05.2010","Longkotan"
"12","Sumatera Utara","12.11","Kabupaten Dairi","12.11.05","Silima Pungga Pungga","12.11.05.2011","Bongkaras"
"12","Sumatera Utara","12.11","Kabupaten Dairi","12.11.05","Silima Pungga Pungga","12.11.05.2012","Tungtung Batu"
"12","Sumatera Utara","12.11","Kabupaten Dairi","12.11.05","Silima Pungga Pungga","12.11.05.2013","Polling Anak-Anak"
"12","Sumatera Utara","12.11","Kabupaten Dairi","12.11.05","Silima Pungga Pungga","12.11.05.2015","Siratah"
"12","Sumatera Utara","12.11","Kabupaten Dairi","12.11.05","Silima Pungga Pungga","12.11.05.2016","Uruk Mblin"
"12","Sumatera Utara","12.11","Kabupaten Dairi","12.11.05","Silima Pungga Pungga","12.11.05.2017","Siboras"
"12","Sumatera Utara","12.11","Kabupaten Dairi","12.11.05","Silima Pungga Pungga","12.11.05.2018","Bonian"
"12","Sumatera Utara","12.11","Kabupaten Dairi","12.11.05","Silima Pungga Pungga","12.11.05.2019","Sumbari"
"12","Sumatera Utara","12.11","Kabupaten Dairi","12.11.05","Silima Pungga Pungga","12.11.05.2020","Bakal Gajah"
"12","Sumatera Utara","12.11","Kabupaten Dairi","12.11.05","Silima Pungga Pungga","12.11.05.2021","Lae Panginuman"
"12","Sumatera Utara","12.11","Kabupaten Dairi","12.11.05","Silima Pungga Pungga","12.11.05.2022","Lae Ambat"
"12","Sumatera Utara","12.11","Kabupaten Dairi","12.11.05","Silima Pungga Pungga","12.11.05.2023","Lae Rambong"
"12","Sumatera Utara","12.11","Kabupaten Dairi","12.11.05","Silima Pungga Pungga","12.11.05.2024","Lae Pangaroan"
"12","Sumatera Utara","12.11","Kabupaten Dairi","12.11.06","Tanah Pinem","12.11.06.2001","Sukadame"
"12","Sumatera Utara","12.11","Kabupaten Dairi","12.11.06","Tanah Pinem","12.11.06.2002","Gunung Tua"
"12","Sumatera Utara","12.11","Kabupaten Dairi","12.11.06","Tanah Pinem","12.11.06.2003","Harapan"
"12","Sumatera Utara","12.11","Kabupaten Dairi","12.11.06","Tanah Pinem","12.11.06.2004","Lau Primbon"
"12","Sumatera Utara","12.11","Kabupaten Dairi","12.11.06","Tanah Pinem","12.11.06.2005","Kuta Gamber"
"12","Sumatera Utara","12.11","Kabupaten Dairi","12.11.06","Tanah Pinem","12.11.06.2006","Kempawa"
"12","Sumatera Utara","12.11","Kabupaten Dairi","12.11.06","Tanah Pinem","12.11.06.2007","Tanah Pinem"
"12","Sumatera Utara","12.11","Kabupaten Dairi","12.11.06","Tanah Pinem","12.11.06.2008","Pamah"
"12","Sumatera Utara","12.11","Kabupaten Dairi","12.11.06","Tanah Pinem","12.11.06.2009","Kuta Buluh"
"12","Sumatera Utara","12.11","Kabupaten Dairi","12.11.06","Tanah Pinem","12.11.06.2010","Pasir Tengah"
"12","Sumatera Utara","12.11","Kabupaten Dairi","12.11.06","Tanah Pinem","12.11.06.2011","Renun"
"12","Sumatera Utara","12.11","Kabupaten Dairi","12.11.06","Tanah Pinem","12.11.06.2012","Lau Tawar"
"12","Sumatera Utara","12.11","Kabupaten Dairi","12.11.06","Tanah Pinem","12.11.06.2013","Balandua"
"12","Sumatera Utara","12.11","Kabupaten Dairi","12.11.06","Tanah Pinem","12.11.06.2014","Mangan Molih"
"12","Sumatera Utara","12.11","Kabupaten Dairi","12.11.06","Tanah Pinem","12.11.06.2015","Liang Jering"
"12","Sumatera Utara","12.11","Kabupaten Dairi","12.11.06","Tanah Pinem","12.11.06.2016","Alur Subur"
"12","Sumatera Utara","12.11","Kabupaten Dairi","12.11.06","Tanah Pinem","12.11.06.2017","Lau Njuhar I"
"12","Sumatera Utara","12.11","Kabupaten Dairi","12.11.06","Tanah Pinem","12.11.06.2018","Pasir Mbelang"
"12","Sumatera Utara","12.11","Kabupaten Dairi","12.11.06","Tanah Pinem","12.11.06.2019","Sinar Pagi"
"12","Sumatera Utara","12.11","Kabupaten Dairi","12.11.07","Siempat Nempu Hulu","12.11.07.2001","Tambahan"
"12","Sumatera Utara","12.11","Kabupaten Dairi","12.11.07","Siempat Nempu Hulu","12.11.07.2002","Kuta Tengah"
"12","Sumatera Utara","12.11","Kabupaten Dairi","12.11.07","Siempat Nempu Hulu","12.11.07.2003","Lae Nuaha"
"12","Sumatera Utara","12.11","Kabupaten Dairi","12.11.07","Siempat Nempu Hulu","12.11.07.2004","Sungai Raya"
"12","Sumatera Utara","12.11","Kabupaten Dairi","12.11.07","Siempat Nempu Hulu","12.11.07.2005","Gunung Meriah"
"12","Sumatera Utara","12.11","Kabupaten Dairi","12.11.07","Siempat Nempu Hulu","12.11.07.2006","Silumboyah"
"12","Sumatera Utara","12.11","Kabupaten Dairi","12.11.07","Siempat Nempu Hulu","12.11.07.2007","Pandan"
"12","Sumatera Utara","12.11","Kabupaten Dairi","12.11.07","Siempat Nempu Hulu","12.11.07.2008","Tualang"
"12","Sumatera Utara","12.11","Kabupaten Dairi","12.11.07","Siempat Nempu Hulu","12.11.07.2009","Pangaribuan"
"12","Sumatera Utara","12.11","Kabupaten Dairi","12.11.07","Siempat Nempu Hulu","12.11.07.2010","Sigambir-gambir"
"12","Sumatera Utara","12.11","Kabupaten Dairi","12.11.07","Siempat Nempu Hulu","12.11.07.2011","Bakal Julu"
"12","Sumatera Utara","12.11","Kabupaten Dairi","12.11.07","Siempat Nempu Hulu","12.11.07.2012","Sipoltong"
"12","Sumatera Utara","12.11","Kabupaten Dairi","12.11.08","Siempat Nempu Hilir","12.11.08.2001","Lae Itam"
"12","Sumatera Utara","12.11","Kabupaten Dairi","12.11.08","Siempat Nempu Hilir","12.11.08.2002","Lae Luhung"
"12","Sumatera Utara","12.11","Kabupaten Dairi","12.11.08","Siempat Nempu Hilir","12.11.08.2003","Pardomuan"
"12","Sumatera Utara","12.11","Kabupaten Dairi","12.11.08","Siempat Nempu Hilir","12.11.08.2004","Lae Markelang"
"12","Sumatera Utara","12.11","Kabupaten Dairi","12.11.08","Siempat Nempu Hilir","12.11.08.2005","Jambur Indonesia"
"12","Sumatera Utara","12.11","Kabupaten Dairi","12.11.08","Siempat Nempu Hilir","12.11.08.2006","Simungun"
"12","Sumatera Utara","12.11","Kabupaten Dairi","12.11.08","Siempat Nempu Hilir","12.11.08.2007","Janji"
"12","Sumatera Utara","12.11","Kabupaten Dairi","12.11.08","Siempat Nempu Hilir","12.11.08.2008","Sopo Butar"
"12","Sumatera Utara","12.11","Kabupaten Dairi","12.11.08","Siempat Nempu Hilir","12.11.08.2009","Lae Sering"
"12","Sumatera Utara","12.11","Kabupaten Dairi","12.11.08","Siempat Nempu Hilir","12.11.08.2010","Lae Haporas"
"12","Sumatera Utara","12.11","Kabupaten Dairi","12.11.09","Pegagan Hilir","12.11.09.2001","Simanduma"
"12","Sumatera Utara","12.11","Kabupaten Dairi","12.11.09","Pegagan Hilir","12.11.09.2002","Bandar Huta Usang"
"12","Sumatera Utara","12.11","Kabupaten Dairi","12.11.09","Pegagan Hilir","12.11.09.2003","Onan Lama"
"12","Sumatera Utara","12.11","Kabupaten Dairi","12.11.09","Pegagan Hilir","12.11.09.2004","Lingga Raja"
"12","Sumatera Utara","12.11","Kabupaten Dairi","12.11.09","Pegagan Hilir","12.11.09.2005","Laksa"
"12","Sumatera Utara","12.11","Kabupaten Dairi","12.11.09","Pegagan Hilir","12.11.09.2006","Tanjung Saluksuk"
"12","Sumatera Utara","12.11","Kabupaten Dairi","12.11.09","Pegagan Hilir","12.11.09.2007","Bukit Tinggi"
"12","Sumatera Utara","12.11","Kabupaten Dairi","12.11.09","Pegagan Hilir","12.11.09.2008","Simartugan"
"12","Sumatera Utara","12.11","Kabupaten Dairi","12.11.09","Pegagan Hilir","12.11.09.2009","Kuta Usang"
"12","Sumatera Utara","12.11","Kabupaten Dairi","12.11.09","Pegagan Hilir","12.11.09.2010","Lingga Raja II"
"12","Sumatera Utara","12.11","Kabupaten Dairi","12.11.09","Pegagan Hilir","12.11.09.2011","Mbinanga"
"12","Sumatera Utara","12.11","Kabupaten Dairi","12.11.09","Pegagan Hilir","12.11.09.2012","Bukit Baru"
"12","Sumatera Utara","12.11","Kabupaten Dairi","12.11.09","Pegagan Hilir","12.11.09.2013","Perrik Mbue"
"12","Sumatera Utara","12.11","Kabupaten Dairi","12.11.10","Parbuluan","12.11.10.2001","Bangun"
"12","Sumatera Utara","12.11","Kabupaten Dairi","12.11.10","Parbuluan","12.11.10.2002","Lae Hole"
"12","Sumatera Utara","12.11","Kabupaten Dairi","12.11.10","Parbuluan","12.11.10.2003","Parbuluan IV"
"12","Sumatera Utara","12.11","Kabupaten Dairi","12.11.10","Parbuluan","12.11.10.2004","Parbuluan III"
"12","Sumatera Utara","12.11","Kabupaten Dairi","12.11.10","Parbuluan","12.11.10.2005","Parbuluan II"
"12","Sumatera Utara","12.11","Kabupaten Dairi","12.11.10","Parbuluan","12.11.10.2006","Parbuluan I"
"12","Sumatera Utara","12.11","Kabupaten Dairi","12.11.10","Parbuluan","12.11.10.2007","Parbuluan V"
"12","Sumatera Utara","12.11","Kabupaten Dairi","12.11.10","Parbuluan","12.11.10.2008","Parbuluan VI"
"12","Sumatera Utara","12.11","Kabupaten Dairi","12.11.10","Parbuluan","12.11.10.2009","Lae Hole I"
"12","Sumatera Utara","12.11","Kabupaten Dairi","12.11.10","Parbuluan","12.11.10.2010","Lae Hole II"
"12","Sumatera Utara","12.11","Kabupaten Dairi","12.11.10","Parbuluan","12.11.10.2011","Bangun I"
"12","Sumatera Utara","12.11","Kabupaten Dairi","12.11.11","Lae Parira","12.11.11.2001","Sumbul"
"12","Sumatera Utara","12.11","Kabupaten Dairi","12.11.11","Lae Parira","12.11.11.2002","Kentara"
"12","Sumatera Utara","12.11","Kabupaten Dairi","12.11.11","Lae Parira","12.11.11.2003","Lae Parira"
"12","Sumatera Utara","12.11","Kabupaten Dairi","12.11.11","Lae Parira","12.11.11.2004","Buluduri"
"12","Sumatera Utara","12.11","Kabupaten Dairi","12.11.11","Lae Parira","12.11.11.2005","Sempung Polling"
"12","Sumatera Utara","12.11","Kabupaten Dairi","12.11.11","Lae Parira","12.11.11.2006","Lumban Sihite"
"12","Sumatera Utara","12.11","Kabupaten Dairi","12.11.11","Lae Parira","12.11.11.2007","Lumban Toruan"
"12","Sumatera Utara","12.11","Kabupaten Dairi","12.11.11","Lae Parira","12.11.11.2008","Pandiangan"
"12","Sumatera Utara","12.11","Kabupaten Dairi","12.11.11","Lae Parira","12.11.11.2009","Kaban Julu"
"12","Sumatera Utara","12.11","Kabupaten Dairi","12.11.12","Gunung Sitember","12.11.12.2001","Bukit Lau Kersik"
"12","Sumatera Utara","12.11","Kabupaten Dairi","12.11.12","Gunung Sitember","12.11.12.2002","Gunung Sitember"
"12","Sumatera Utara","12.11","Kabupaten Dairi","12.11.12","Gunung Sitember","12.11.12.2003","Batu Gun Gun"
"12","Sumatera Utara","12.11","Kabupaten Dairi","12.11.12","Gunung Sitember","12.11.12.2004","Rante Besi"
"12","Sumatera Utara","12.11","Kabupaten Dairi","12.11.12","Gunung Sitember","12.11.12.2005","Gundaling"
"12","Sumatera Utara","12.11","Kabupaten Dairi","12.11.12","Gunung Sitember","12.11.12.2006","Kendit Liang"
"12","Sumatera Utara","12.11","Kabupaten Dairi","12.11.12","Gunung Sitember","12.11.12.2007","Lau Lebah"
"12","Sumatera Utara","12.11","Kabupaten Dairi","12.11.12","Gunung Sitember","12.11.12.2008","Tupak Raja"
"12","Sumatera Utara","12.11","Kabupaten Dairi","12.11.13","Berampu","12.11.13.2001","Sambaliang"
"12","Sumatera Utara","12.11","Kabupaten Dairi","12.11.13","Berampu","12.11.13.2002","Pasi"
"12","Sumatera Utara","12.11","Kabupaten Dairi","12.11.13","Berampu","12.11.13.2003","Banjar Toba"
"12","Sumatera Utara","12.11","Kabupaten Dairi","12.11.13","Berampu","12.11.13.2004","Berampu"
"12","Sumatera Utara","12.11","Kabupaten Dairi","12.11.13","Berampu","12.11.13.2005","Karing"
"12","Sumatera Utara","12.11","Kabupaten Dairi","12.11.14","Silahisabungan","12.11.14.2001","Silalahi II"
"12","Sumatera Utara","12.11","Kabupaten Dairi","12.11.14","Silahisabungan","12.11.14.2002","Silalahi I"
"12","Sumatera Utara","12.11","Kabupaten Dairi","12.11.14","Silahisabungan","12.11.14.2003","Paropo"
"12","Sumatera Utara","12.11","Kabupaten Dairi","12.11.14","Silahisabungan","12.11.14.2004","Silalahi III"
"12","Sumatera Utara","12.11","Kabupaten Dairi","12.11.14","Silahisabungan","12.11.14.2005","Paropo I"
"12","Sumatera Utara","12.11","Kabupaten Dairi","12.11.15","Sitinjo","12.11.15.1004","Panji Dabutar"
"12","Sumatera Utara","12.11","Kabupaten Dairi","12.11.15","Sitinjo","12.11.15.2001","Sitinjo"
"12","Sumatera Utara","12.11","Kabupaten Dairi","12.11.15","Sitinjo","12.11.15.2002","Sitinjo I"
"12","Sumatera Utara","12.11","Kabupaten Dairi","12.11.15","Sitinjo","12.11.15.2003","Sitinjo II"
"12","Sumatera Utara","12.12","Kabupaten Toba","12.12.01","Balige","12.12.01.1034","Balige I"
"12","Sumatera Utara","12.12","Kabupaten Toba","12.12.01","Balige","12.12.01.1035","Balige III"
"12","Sumatera Utara","12.12","Kabupaten Toba","12.12.01","Balige","12.12.01.1036","Pardede Onan"
"12","Sumatera Utara","12.12","Kabupaten Toba","12.12.01","Balige","12.12.01.1037","Sangkar Nihuta"
"12","Sumatera Utara","12.12","Kabupaten Toba","12.12.01","Balige","12.12.01.1038","Lumban Dolok Hauma Bange"
"12","Sumatera Utara","12.12","Kabupaten Toba","12.12.01","Balige","12.12.01.1039","Napitupulu Bagasan"
"12","Sumatera Utara","12.12","Kabupaten Toba","12.12.01","Balige","12.12.01.2003","Hutanamora"
"12","Sumatera Utara","12.12","Kabupaten Toba","12.12.01","Balige","12.12.01.2004","Hutagaol Peatalun"
"12","Sumatera Utara","12.12","Kabupaten Toba","12.12.01","Balige","12.12.01.2005","Hinalang Bagasan"
"12","Sumatera Utara","12.12","Kabupaten Toba","12.12.01","Balige","12.12.01.2006","Matio"
"12","Sumatera Utara","12.12","Kabupaten Toba","12.12.01","Balige","12.12.01.2007","Lumban Pea"
"12","Sumatera Utara","12.12","Kabupaten Toba","12.12.01","Balige","12.12.01.2008","Hutabulu Mejan"
"12","Sumatera Utara","12.12","Kabupaten Toba","12.12.01","Balige","12.12.01.2010","Lumban Gaol"
"12","Sumatera Utara","12.12","Kabupaten Toba","12.12.01","Balige","12.12.01.2011","Parsuratan"
"12","Sumatera Utara","12.12","Kabupaten Toba","12.12.01","Balige","12.12.01.2012","Baruara"
"12","Sumatera Utara","12.12","Kabupaten Toba","12.12.01","Balige","12.12.01.2013","Aek Bolon Julu"
"12","Sumatera Utara","12.12","Kabupaten Toba","12.12.01","Balige","12.12.01.2014","Sibolahotang SAS"
"12","Sumatera Utara","12.12","Kabupaten Toba","12.12.01","Balige","12.12.01.2015","Lumban Bulbul"
"12","Sumatera Utara","12.12","Kabupaten Toba","12.12.01","Balige","12.12.01.2016","Sianipar Sihailhail"
"12","Sumatera Utara","12.12","Kabupaten Toba","12.12.01","Balige","12.12.01.2017","Silalahi Pagar Batu"
"12","Sumatera Utara","12.12","Kabupaten Toba","12.12.01","Balige","12.12.01.2018","Lumban Silintong"
"12","Sumatera Utara","12.12","Kabupaten Toba","12.12.01","Balige","12.12.01.2019","Saribu Raja Janji Maria"
"12","Sumatera Utara","12.12","Kabupaten Toba","12.12.01","Balige","12.12.01.2022","Longat"
"12","Sumatera Utara","12.12","Kabupaten Toba","12.12.01","Balige","12.12.01.2023","Balige II"
"12","Sumatera Utara","12.12","Kabupaten Toba","12.12.01","Balige","12.12.01.2024","Aek Bolon Jae"
"12","Sumatera Utara","12.12","Kabupaten Toba","12.12.01","Balige","12.12.01.2025","Lumban Gorat"
"12","Sumatera Utara","12.12","Kabupaten Toba","12.12.01","Balige","12.12.01.2026","Sibuntuon"
"12","Sumatera Utara","12.12","Kabupaten Toba","12.12.01","Balige","12.12.01.2027","Siboruon"
"12","Sumatera Utara","12.12","Kabupaten Toba","12.12.01","Balige","12.12.01.2028","Paindoan"
"12","Sumatera Utara","12.12","Kabupaten Toba","12.12.01","Balige","12.12.01.2029","Bonan Dolok I"
"12","Sumatera Utara","12.12","Kabupaten Toba","12.12.01","Balige","12.12.01.2030","Bonan Dolok II"
"12","Sumatera Utara","12.12","Kabupaten Toba","12.12.01","Balige","12.12.01.2031","Bonan Dolok III"
"12","Sumatera Utara","12.12","Kabupaten Toba","12.12.01","Balige","12.12.01.2032","Huta Dame"
"12","Sumatera Utara","12.12","Kabupaten Toba","12.12.01","Balige","12.12.01.2040","Lumban Pea Timur"
"12","Sumatera Utara","12.12","Kabupaten Toba","12.12.01","Balige","12.12.01.2041","Tambunan Sunge"
"12","Sumatera Utara","12.12","Kabupaten Toba","12.12.02","Laguboti","12.12.02.1001","Pasar Laguboti"
"12","Sumatera Utara","12.12","Kabupaten Toba","12.12.02","Laguboti","12.12.02.2002","Sibuea"
"12","Sumatera Utara","12.12","Kabupaten Toba","12.12.02","Laguboti","12.12.02.2003","Sintong Marnipi"
"12","Sumatera Utara","12.12","Kabupaten Toba","12.12.02","Laguboti","12.12.02.2004","Sibarani Nasampulu/Namungkup"
"12","Sumatera Utara","12.12","Kabupaten Toba","12.12.02","Laguboti","12.12.02.2005","Aruan"
"12","Sumatera Utara","12.12","Kabupaten Toba","12.12.02","Laguboti","12.12.02.2006","Sidulang"
"12","Sumatera Utara","12.12","Kabupaten Toba","12.12.02","Laguboti","12.12.02.2007","Ujung Tanduk"
"12","Sumatera Utara","12.12","Kabupaten Toba","12.12.02","Laguboti","12.12.02.2008","Haunatas II"
"12","Sumatera Utara","12.12","Kabupaten Toba","12.12.02","Laguboti","12.12.02.2009","Pardomuan Nauli"
"12","Sumatera Utara","12.12","Kabupaten Toba","12.12.02","Laguboti","12.12.02.2010","Sitangkola"
"12","Sumatera Utara","12.12","Kabupaten Toba","12.12.02","Laguboti","12.12.02.2011","Tinggir Nipasir"
"12","Sumatera Utara","12.12","Kabupaten Toba","12.12.02","Laguboti","12.12.02.2012","Haunatas I"
"12","Sumatera Utara","12.12","Kabupaten Toba","12.12.02","Laguboti","12.12.02.2013","Pintu Bosi"
"12","Sumatera Utara","12.12","Kabupaten Toba","12.12.02","Laguboti","12.12.02.2014","Simatibung"
"12","Sumatera Utara","12.12","Kabupaten Toba","12.12.02","Laguboti","12.12.02.2015","Lumban Binanga"
"12","Sumatera Utara","12.12","Kabupaten Toba","12.12.02","Laguboti","12.12.02.2016","Ompu Raja Hutapea"
"12","Sumatera Utara","12.12","Kabupaten Toba","12.12.02","Laguboti","12.12.02.2017","Gasaribu"
"12","Sumatera Utara","12.12","Kabupaten Toba","12.12.02","Laguboti","12.12.02.2018","Pardinggaran"
"12","Sumatera Utara","12.12","Kabupaten Toba","12.12.02","Laguboti","12.12.02.2019","Sitoluama"
"12","Sumatera Utara","12.12","Kabupaten Toba","12.12.02","Laguboti","12.12.02.2020","Lumban Bagasan"
"12","Sumatera Utara","12.12","Kabupaten Toba","12.12.02","Laguboti","12.12.02.2021","Siraja Gorat"
"12","Sumatera Utara","12.12","Kabupaten Toba","12.12.02","Laguboti","12.12.02.2022","Ompu Raja Hutapea Timur"
"12","Sumatera Utara","12.12","Kabupaten Toba","12.12.02","Laguboti","12.12.02.2023","Ompu Raja Hatulian"
"12","Sumatera Utara","12.12","Kabupaten Toba","12.12.03","Silaen","12.12.03.2001","Pintu Batu"
"12","Sumatera Utara","12.12","Kabupaten Toba","12.12.03","Silaen","12.12.03.2002","Sitorang"
"12","Sumatera Utara","12.12","Kabupaten Toba","12.12.03","Silaen","12.12.03.2003","Parsambilan"
"12","Sumatera Utara","12.12","Kabupaten Toba","12.12.03","Silaen","12.12.03.2004","Huta Gur- Gur II"
"12","Sumatera Utara","12.12","Kabupaten Toba","12.12.03","Silaen","12.12.03.2005","Silaen"
"12","Sumatera Utara","12.12","Kabupaten Toba","12.12.03","Silaen","12.12.03.2006","Ombur"
"12","Sumatera Utara","12.12","Kabupaten Toba","12.12.03","Silaen","12.12.03.2008","Natolutali"
"12","Sumatera Utara","12.12","Kabupaten Toba","12.12.03","Silaen","12.12.03.2009","Dalihan Natolu"
"12","Sumatera Utara","12.12","Kabupaten Toba","12.12.03","Silaen","12.12.03.2010","Sigodang Tua"
"12","Sumatera Utara","12.12","Kabupaten Toba","12.12.03","Silaen","12.12.03.2014","Sinta Dame"
"12","Sumatera Utara","12.12","Kabupaten Toba","12.12.03","Silaen","12.12.03.2015","Hutanamora"
"12","Sumatera Utara","12.12","Kabupaten Toba","12.12.03","Silaen","12.12.03.2017","Pardomuan"
"12","Sumatera Utara","12.12","Kabupaten Toba","12.12.03","Silaen","12.12.03.2018","Huta Gur-Gur I"
"12","Sumatera Utara","12.12","Kabupaten Toba","12.12.03","Silaen","12.12.03.2022","Lumban Dolok"
"12","Sumatera Utara","12.12","Kabupaten Toba","12.12.03","Silaen","12.12.03.2023","Napitupulu"
"12","Sumatera Utara","12.12","Kabupaten Toba","12.12.03","Silaen","12.12.03.2024","Hutagaol Sihujur"
"12","Sumatera Utara","12.12","Kabupaten Toba","12.12.03","Silaen","12.12.03.2025","Meranti Barat"
"12","Sumatera Utara","12.12","Kabupaten Toba","12.12.03","Silaen","12.12.03.2026","Sibide Barat"
"12","Sumatera Utara","12.12","Kabupaten Toba","12.12.03","Silaen","12.12.03.2027","Sibide"
"12","Sumatera Utara","12.12","Kabupaten Toba","12.12.03","Silaen","12.12.03.2028","Simanobak"
"12","Sumatera Utara","12.12","Kabupaten Toba","12.12.03","Silaen","12.12.03.2029","Panindi"
"12","Sumatera Utara","12.12","Kabupaten Toba","12.12.03","Silaen","12.12.03.2030","Siringkiron"
"12","Sumatera Utara","12.12","Kabupaten Toba","12.12.03","Silaen","12.12.03.2031","Marbulang"
"12","Sumatera Utara","12.12","Kabupaten Toba","12.12.04","Habinsaran","12.12.04.1009","Parsoburan Tengah"
"12","Sumatera Utara","12.12","Kabupaten Toba","12.12.04","Habinsaran","12.12.04.2002","Lumban Rau Selatan"
"12","Sumatera Utara","12.12","Kabupaten Toba","12.12.04","Habinsaran","12.12.04.2004","Lumban Rau Barat"
"12","Sumatera Utara","12.12","Kabupaten Toba","12.12.04","Habinsaran","12.12.04.2006","Lumban Balik"
"12","Sumatera Utara","12.12","Kabupaten Toba","12.12.04","Habinsaran","12.12.04.2007","Panamparan"
"12","Sumatera Utara","12.12","Kabupaten Toba","12.12.04","Habinsaran","12.12.04.2008","Lumban Pinasa"
"12","Sumatera Utara","12.12","Kabupaten Toba","12.12.04","Habinsaran","12.12.04.2010","Parsoburan Barat"
"12","Sumatera Utara","12.12","Kabupaten Toba","12.12.04","Habinsaran","12.12.04.2011","Lumban Ruhap"
"12","Sumatera Utara","12.12","Kabupaten Toba","12.12.04","Habinsaran","12.12.04.2012","Lumban Pea"
"12","Sumatera Utara","12.12","Kabupaten Toba","12.12.04","Habinsaran","12.12.04.2014","Hitetano"
"12","Sumatera Utara","12.12","Kabupaten Toba","12.12.04","Habinsaran","12.12.04.2017","Lobu Hole"
"12","Sumatera Utara","12.12","Kabupaten Toba","12.12.04","Habinsaran","12.12.04.2018","Batu Nabolon"
"12","Sumatera Utara","12.12","Kabupaten Toba","12.12.04","Habinsaran","12.12.04.2019","Lumban Gaol"
"12","Sumatera Utara","12.12","Kabupaten Toba","12.12.04","Habinsaran","12.12.04.2020","Tornagodang"
"12","Sumatera Utara","12.12","Kabupaten Toba","12.12.04","Habinsaran","12.12.04.2021","Taon Marisi"
"12","Sumatera Utara","12.12","Kabupaten Toba","12.12.04","Habinsaran","12.12.04.2022","Pagar Batu"
"12","Sumatera Utara","12.12","Kabupaten Toba","12.12.04","Habinsaran","12.12.04.2023","Sibuntuon"
"12","Sumatera Utara","12.12","Kabupaten Toba","12.12.04","Habinsaran","12.12.04.2024","Pararungan"
"12","Sumatera Utara","12.12","Kabupaten Toba","12.12.04","Habinsaran","12.12.04.2025","Lumban Lintong"
"12","Sumatera Utara","12.12","Kabupaten Toba","12.12.04","Habinsaran","12.12.04.2026","Pangunjungan"
"12","Sumatera Utara","12.12","Kabupaten Toba","12.12.04","Habinsaran","12.12.04.2027","Lumban Pinasa Saroha"
"12","Sumatera Utara","12.12","Kabupaten Toba","12.12.04","Habinsaran","12.12.04.2028","Aek Ulok"
"12","Sumatera Utara","12.12","Kabupaten Toba","12.12.05","Pintu Pohan Meranti","12.12.05.2001","Meranti Utara"
"12","Sumatera Utara","12.12","Kabupaten Toba","12.12.05","Pintu Pohan Meranti","12.12.05.2002","Meranti Timur"
"12","Sumatera Utara","12.12","Kabupaten Toba","12.12.05","Pintu Pohan Meranti","12.12.05.2003","Meranti Tengah"
"12","Sumatera Utara","12.12","Kabupaten Toba","12.12.05","Pintu Pohan Meranti","12.12.05.2007","Pintu Pohan"
"12","Sumatera Utara","12.12","Kabupaten Toba","12.12.05","Pintu Pohan Meranti","12.12.05.2008","Ambar Halim"
"12","Sumatera Utara","12.12","Kabupaten Toba","12.12.05","Pintu Pohan Meranti","12.12.05.2009","Pintu Pohan Dolok"
"12","Sumatera Utara","12.12","Kabupaten Toba","12.12.05","Pintu Pohan Meranti","12.12.05.2010","Halado"
"12","Sumatera Utara","12.12","Kabupaten Toba","12.12.06","Borbor","12.12.06.2001","Natumingka"
"12","Sumatera Utara","12.12","Kabupaten Toba","12.12.06","Borbor","12.12.06.2002","Pangururan"
"12","Sumatera Utara","12.12","Kabupaten Toba","12.12.06","Borbor","12.12.06.2003","Pardomuan Nauli"
"12","Sumatera Utara","12.12","Kabupaten Toba","12.12.06","Borbor","12.12.06.2004","Lintong"
"12","Sumatera Utara","12.12","Kabupaten Toba","12.12.06","Borbor","12.12.06.2005","Rianiate"
"12","Sumatera Utara","12.12","Kabupaten Toba","12.12.06","Borbor","12.12.06.2006","Aek Unsim"
"12","Sumatera Utara","12.12","Kabupaten Toba","12.12.06","Borbor","12.12.06.2007","Purba Tua"
"12","Sumatera Utara","12.12","Kabupaten Toba","12.12.06","Borbor","12.12.06.2008","Janji Maria"
"12","Sumatera Utara","12.12","Kabupaten Toba","12.12.06","Borbor","12.12.06.2009","Pangururan II"
"12","Sumatera Utara","12.12","Kabupaten Toba","12.12.06","Borbor","12.12.06.2010","Pangururan III"
"12","Sumatera Utara","12.12","Kabupaten Toba","12.12.06","Borbor","12.12.06.2011","Hutagurgur"
"12","Sumatera Utara","12.12","Kabupaten Toba","12.12.06","Borbor","12.12.06.2012","Simare"
"12","Sumatera Utara","12.12","Kabupaten Toba","12.12.06","Borbor","12.12.06.2013","Lumban Sewa"
"12","Sumatera Utara","12.12","Kabupaten Toba","12.12.06","Borbor","12.12.06.2014","Riganjang"
"12","Sumatera Utara","12.12","Kabupaten Toba","12.12.06","Borbor","12.12.06.2015","Pasar Borbor"
"12","Sumatera Utara","12.12","Kabupaten Toba","12.12.07","Porsea","12.12.07.1037","Pasar Porsea"
"12","Sumatera Utara","12.12","Kabupaten Toba","12.12.07","Porsea","12.12.07.1038","Patane III"
"12","Sumatera Utara","12.12","Kabupaten Toba","12.12.07","Porsea","12.12.07.1039","Parparean III"
"12","Sumatera Utara","12.12","Kabupaten Toba","12.12.07","Porsea","12.12.07.2001","Patane IV"
"12","Sumatera Utara","12.12","Kabupaten Toba","12.12.07","Porsea","12.12.07.2003","Lumban Gurning"
"12","Sumatera Utara","12.12","Kabupaten Toba","12.12.07","Porsea","12.12.07.2004","Amborgang"
"12","Sumatera Utara","12.12","Kabupaten Toba","12.12.07","Porsea","12.12.07.2005","Nalela"
"12","Sumatera Utara","12.12","Kabupaten Toba","12.12.07","Porsea","12.12.07.2007","Patane II"
"12","Sumatera Utara","12.12","Kabupaten Toba","12.12.07","Porsea","12.12.07.2022","Gala Gala Pangkailan"
"12","Sumatera Utara","12.12","Kabupaten Toba","12.12.07","Porsea","12.12.07.2023","Silamosik I"
"12","Sumatera Utara","12.12","Kabupaten Toba","12.12.07","Porsea","12.12.07.2030","Parparean IV"
"12","Sumatera Utara","12.12","Kabupaten Toba","12.12.07","Porsea","12.12.07.2031","Parparean I"
"12","Sumatera Utara","12.12","Kabupaten Toba","12.12.07","Porsea","12.12.07.2033","Parparean II"
"12","Sumatera Utara","12.12","Kabupaten Toba","12.12.07","Porsea","12.12.07.2036","Patane I"
"12","Sumatera Utara","12.12","Kabupaten Toba","12.12.07","Porsea","12.12.07.2040","Patane V"
"12","Sumatera Utara","12.12","Kabupaten Toba","12.12.07","Porsea","12.12.07.2041","Simpang Sigura-Gura"
"12","Sumatera Utara","12.12","Kabupaten Toba","12.12.07","Porsea","12.12.07.2042","Raut Bosi"
"12","Sumatera Utara","12.12","Kabupaten Toba","12.12.08","Ajibata","12.12.08.1009","Parsaoran Ajibata"
"12","Sumatera Utara","12.12","Kabupaten Toba","12.12.08","Ajibata","12.12.08.2001","Sigapiton"
"12","Sumatera Utara","12.12","Kabupaten Toba","12.12.08","Ajibata","12.12.08.2002","Pardomuan Ajibata"
"12","Sumatera Utara","12.12","Kabupaten Toba","12.12.08","Ajibata","12.12.08.2003","Pardamean Ajibata"
"12","Sumatera Utara","12.12","Kabupaten Toba","12.12.08","Ajibata","12.12.08.2004","Motung"
"12","Sumatera Utara","12.12","Kabupaten Toba","12.12.08","Ajibata","12.12.08.2005","Horsik"
"12","Sumatera Utara","12.12","Kabupaten Toba","12.12.08","Ajibata","12.12.08.2006","Sirungkungon"
"12","Sumatera Utara","12.12","Kabupaten Toba","12.12.08","Ajibata","12.12.08.2007","Parsaoran Sibisa"
"12","Sumatera Utara","12.12","Kabupaten Toba","12.12.08","Ajibata","12.12.08.2008","Pardamean Sibisa"
"12","Sumatera Utara","12.12","Kabupaten Toba","12.12.08","Ajibata","12.12.08.2010","Pardomuan Motung"
"12","Sumatera Utara","12.12","Kabupaten Toba","12.12.09","Lumban Julu","12.12.09.2002","Lintong Julu"
"12","Sumatera Utara","12.12","Kabupaten Toba","12.12.09","Lumban Julu","12.12.09.2003","Hatinggian"
"12","Sumatera Utara","12.12","Kabupaten Toba","12.12.09","Lumban Julu","12.12.09.2004","Sibaruang"
"12","Sumatera Utara","12.12","Kabupaten Toba","12.12.09","Lumban Julu","12.12.09.2005","Jangga Toruan"
"12","Sumatera Utara","12.12","Kabupaten Toba","12.12.09","Lumban Julu","12.12.09.2006","Sionggang Selatan"
"12","Sumatera Utara","12.12","Kabupaten Toba","12.12.09","Lumban Julu","12.12.09.2007","Pasar Lumban Julu"
"12","Sumatera Utara","12.12","Kabupaten Toba","12.12.09","Lumban Julu","12.12.09.2008","Sionggang Utara"
"12","Sumatera Utara","12.12","Kabupaten Toba","12.12.09","Lumban Julu","12.12.09.2014","Sionggang Tengah"
"12","Sumatera Utara","12.12","Kabupaten Toba","12.12.09","Lumban Julu","12.12.09.2015","Jangga Dolok"
"12","Sumatera Utara","12.12","Kabupaten Toba","12.12.09","Lumban Julu","12.12.09.2016","Hutanamora"
"12","Sumatera Utara","12.12","Kabupaten Toba","12.12.09","Lumban Julu","12.12.09.2017","Jonggi Nihuta"
"12","Sumatera Utara","12.12","Kabupaten Toba","12.12.09","Lumban Julu","12.12.09.2018","Aek Natolu Jaya"
"12","Sumatera Utara","12.12","Kabupaten Toba","12.12.10","Uluan","12.12.10.2001","Dolok Saribu Janji Matogu"
"12","Sumatera Utara","12.12","Kabupaten Toba","12.12.10","Uluan","12.12.10.2002","Dolok Nagodang"
"12","Sumatera Utara","12.12","Kabupaten Toba","12.12.10","Uluan","12.12.10.2003","Lumban Binanga"
"12","Sumatera Utara","12.12","Kabupaten Toba","12.12.10","Uluan","12.12.10.2004","Partor Janji Matogu"
"12","Sumatera Utara","12.12","Kabupaten Toba","12.12.10","Uluan","12.12.10.2005","Parhabinsaran Janji Matogu"
"12","Sumatera Utara","12.12","Kabupaten Toba","12.12.10","Uluan","12.12.10.2006","Parik"
"12","Sumatera Utara","12.12","Kabupaten Toba","12.12.10","Uluan","12.12.10.2007","Sibuntuon"
"12","Sumatera Utara","12.12","Kabupaten Toba","12.12.10","Uluan","12.12.10.2008","Sigaol Barat"
"12","Sumatera Utara","12.12","Kabupaten Toba","12.12.10","Uluan","12.12.10.2009","Marom"
"12","Sumatera Utara","12.12","Kabupaten Toba","12.12.10","Uluan","12.12.10.2010","Sigaol Timur"
"12","Sumatera Utara","12.12","Kabupaten Toba","12.12.10","Uluan","12.12.10.2012","Siregar Aek Nalas"
"12","Sumatera Utara","12.12","Kabupaten Toba","12.12.10","Uluan","12.12.10.2014","Lumban Holbung"
"12","Sumatera Utara","12.12","Kabupaten Toba","12.12.10","Uluan","12.12.10.2015","Parbagasan Janji Matogu"
"12","Sumatera Utara","12.12","Kabupaten Toba","12.12.10","Uluan","12.12.10.2016","Partoruan Janji Matogu"
"12","Sumatera Utara","12.12","Kabupaten Toba","12.12.10","Uluan","12.12.10.2017","Lumban Nabolon"
"12","Sumatera Utara","12.12","Kabupaten Toba","12.12.10","Uluan","12.12.10.2018","Sampuara"
"12","Sumatera Utara","12.12","Kabupaten Toba","12.12.10","Uluan","12.12.10.2019","Dolok Saribu Lumban Nabolon"
"12","Sumatera Utara","12.12","Kabupaten Toba","12.12.19","Sigumpar","12.12.19.1007","Sigumpar Dangsina"
"12","Sumatera Utara","12.12","Kabupaten Toba","12.12.19","Sigumpar","12.12.19.2001","Marsangap"
"12","Sumatera Utara","12.12","Kabupaten Toba","12.12.19","Sigumpar","12.12.19.2002","Nauli"
"12","Sumatera Utara","12.12","Kabupaten Toba","12.12.19","Sigumpar","12.12.19.2003","Situa-tua"
"12","Sumatera Utara","12.12","Kabupaten Toba","12.12.19","Sigumpar","12.12.19.2004","Sigumpar"
"12","Sumatera Utara","12.12","Kabupaten Toba","12.12.19","Sigumpar","12.12.19.2005","Maju"
"12","Sumatera Utara","12.12","Kabupaten Toba","12.12.19","Sigumpar","12.12.19.2006","Dolok Jior"
"12","Sumatera Utara","12.12","Kabupaten Toba","12.12.19","Sigumpar","12.12.19.2008","Sigumpar Julu"
"12","Sumatera Utara","12.12","Kabupaten Toba","12.12.19","Sigumpar","12.12.19.2009","Sigumpar Barat"
"12","Sumatera Utara","12.12","Kabupaten Toba","12.12.19","Sigumpar","12.12.19.2010","Banua Huta"
"12","Sumatera Utara","12.12","Kabupaten Toba","12.12.20","Siantar Narumonda","12.12.20.2001","Narumonda I"
"12","Sumatera Utara","12.12","Kabupaten Toba","12.12.20","Siantar Narumonda","12.12.20.2002","Narumonda II"
"12","Sumatera Utara","12.12","Kabupaten Toba","12.12.20","Siantar Narumonda","12.12.20.2003","Narumonda III"
"12","Sumatera Utara","12.12","Kabupaten Toba","12.12.20","Siantar Narumonda","12.12.20.2004","Narumonda IV"
"12","Sumatera Utara","12.12","Kabupaten Toba","12.12.20","Siantar Narumonda","12.12.20.2005","Narumonda V"
"12","Sumatera Utara","12.12","Kabupaten Toba","12.12.20","Siantar Narumonda","12.12.20.2006","Narumonda VI"
"12","Sumatera Utara","12.12","Kabupaten Toba","12.12.20","Siantar Narumonda","12.12.20.2007","Narumonda VII"
"12","Sumatera Utara","12.12","Kabupaten Toba","12.12.20","Siantar Narumonda","12.12.20.2008","Narumonda VIII"
"12","Sumatera Utara","12.12","Kabupaten Toba","12.12.20","Siantar Narumonda","12.12.20.2009","Siantar Sitio Tio"
"12","Sumatera Utara","12.12","Kabupaten Toba","12.12.20","Siantar Narumonda","12.12.20.2010","Siantar Dangsina"
"12","Sumatera Utara","12.12","Kabupaten Toba","12.12.20","Siantar Narumonda","12.12.20.2011","Siantar Tonga-tonga I"
"12","Sumatera Utara","12.12","Kabupaten Toba","12.12.20","Siantar Narumonda","12.12.20.2012","Siantar Tonga-Tonga II"
"12","Sumatera Utara","12.12","Kabupaten Toba","12.12.20","Siantar Narumonda","12.12.20.2013","Siantar Sigordang"
"12","Sumatera Utara","12.12","Kabupaten Toba","12.12.20","Siantar Narumonda","12.12.20.2014","Siantar Tonga-Tonga III"
"12","Sumatera Utara","12.12","Kabupaten Toba","12.12.21","Nassau","12.12.21.2001","Lumban Rau Tengah"
"12","Sumatera Utara","12.12","Kabupaten Toba","12.12.21","Nassau","12.12.21.2002","Lumban Rau Timur"
"12","Sumatera Utara","12.12","Kabupaten Toba","12.12.21","Nassau","12.12.21.2003","Lumban Rau Utara"
"12","Sumatera Utara","12.12","Kabupaten Toba","12.12.21","Nassau","12.12.21.2004","Sipagabu"
"12","Sumatera Utara","12.12","Kabupaten Toba","12.12.21","Nassau","12.12.21.2005","Napajoring"
"12","Sumatera Utara","12.12","Kabupaten Toba","12.12.21","Nassau","12.12.21.2006","Liat Tondung"
"12","Sumatera Utara","12.12","Kabupaten Toba","12.12.21","Nassau","12.12.21.2007","Batu Manumpak"
"12","Sumatera Utara","12.12","Kabupaten Toba","12.12.21","Nassau","12.12.21.2008","Lumban Rau Tenggara"
"12","Sumatera Utara","12.12","Kabupaten Toba","12.12.21","Nassau","12.12.21.2009","Cinta Damai"
"12","Sumatera Utara","12.12","Kabupaten Toba","12.12.21","Nassau","12.12.21.2010","Siantarasa"
"12","Sumatera Utara","12.12","Kabupaten Toba","12.12.22","Tampahan","12.12.22.2001","Lintong Nihuta"
"12","Sumatera Utara","12.12","Kabupaten Toba","12.12.22","Tampahan","12.12.22.2002","Tarabunga"
"12","Sumatera Utara","12.12","Kabupaten Toba","12.12.22","Tampahan","12.12.22.2003","Meat"
"12","Sumatera Utara","12.12","Kabupaten Toba","12.12.22","Tampahan","12.12.22.2004","Gurgur Aek Raja"
"12","Sumatera Utara","12.12","Kabupaten Toba","12.12.22","Tampahan","12.12.22.2005","Tangga Batu Barat"
"12","Sumatera Utara","12.12","Kabupaten Toba","12.12.22","Tampahan","12.12.22.2006","Tangga Batu Timur"
"12","Sumatera Utara","12.12","Kabupaten Toba","12.12.23","Bonatua Lunasi","12.12.23.2001","Sihiong"
"12","Sumatera Utara","12.12","Kabupaten Toba","12.12.23","Bonatua Lunasi","12.12.23.2002","Sinar Sabungan"
"12","Sumatera Utara","12.12","Kabupaten Toba","12.12.23","Bonatua Lunasi","12.12.23.2003","Lumban Lobu"
"12","Sumatera Utara","12.12","Kabupaten Toba","12.12.23","Bonatua Lunasi","12.12.23.2004","Harungguan"
"12","Sumatera Utara","12.12","Kabupaten Toba","12.12.23","Bonatua Lunasi","12.12.23.2005","Naga Timbul"
"12","Sumatera Utara","12.12","Kabupaten Toba","12.12.23","Bonatua Lunasi","12.12.23.2006","Sibadihon"
"12","Sumatera Utara","12.12","Kabupaten Toba","12.12.23","Bonatua Lunasi","12.12.23.2007","Silamosik II"
"12","Sumatera Utara","12.12","Kabupaten Toba","12.12.23","Bonatua Lunasi","12.12.23.2011","Partoruan Lumban Lobu"
"12","Sumatera Utara","12.12","Kabupaten Toba","12.12.23","Bonatua Lunasi","12.12.23.2012","Pardolok Lumban Lobu"
"12","Sumatera Utara","12.12","Kabupaten Toba","12.12.23","Bonatua Lunasi","12.12.23.2013","Silombu"
"12","Sumatera Utara","12.12","Kabupaten Toba","12.12.23","Bonatua Lunasi","12.12.23.2014","Lumban Sangkalan"
"12","Sumatera Utara","12.12","Kabupaten Toba","12.12.23","Bonatua Lunasi","12.12.23.2015","Nagatimbul Timur"
"12","Sumatera Utara","12.12","Kabupaten Toba","12.12.24","Parmaksian","12.12.24.2001","Siantar Utara"
"12","Sumatera Utara","12.12","Kabupaten Toba","12.12.24","Parmaksian","12.12.24.2002","Lumban Sitorus"
"12","Sumatera Utara","12.12","Kabupaten Toba","12.12.24","Parmaksian","12.12.24.2003","Banjar Ganjang"
"12","Sumatera Utara","12.12","Kabupaten Toba","12.12.24","Parmaksian","12.12.24.2004","Tangga Batu I"
"12","Sumatera Utara","12.12","Kabupaten Toba","12.12.24","Parmaksian","12.12.24.2005","Tangga Batu II"
"12","Sumatera Utara","12.12","Kabupaten Toba","12.12.24","Parmaksian","12.12.24.2006","Pangombusan"
"12","Sumatera Utara","12.12","Kabupaten Toba","12.12.24","Parmaksian","12.12.24.2007","Jonggi Manulus"
"12","Sumatera Utara","12.12","Kabupaten Toba","12.12.24","Parmaksian","12.12.24.2008","Lumban Huala"
"12","Sumatera Utara","12.12","Kabupaten Toba","12.12.24","Parmaksian","12.12.24.2009","Dolok Nauli"
"12","Sumatera Utara","12.12","Kabupaten Toba","12.12.24","Parmaksian","12.12.24.2010","Lumban Sirait Gu"
"12","Sumatera Utara","12.12","Kabupaten Toba","12.12.24","Parmaksian","12.12.24.2011","Lumban Manurung"
"12","Sumatera Utara","12.13","Kabupaten Mandailing Natal","12.13.01","Panyabungan","12.13.01.1011","Kota Siantar"
"12","Sumatera Utara","12.13","Kabupaten Mandailing Natal","12.13.01","Panyabungan","12.13.01.1014","Kayu Jati"
"12","Sumatera Utara","12.13","Kabupaten Mandailing Natal","12.13.01","Panyabungan","12.13.01.1022","Pasar Hilir"
"12","Sumatera Utara","12.13","Kabupaten Mandailing Natal","12.13.01","Panyabungan","12.13.01.1023","Pidoli Dolok"
"12","Sumatera Utara","12.13","Kabupaten Mandailing Natal","12.13.01","Panyabungan","12.13.01.1031","Panyabungan II"
"12","Sumatera Utara","12.13","Kabupaten Mandailing Natal","12.13.01","Panyabungan","12.13.01.1032","Panyabungan III"
"12","Sumatera Utara","12.13","Kabupaten Mandailing Natal","12.13.01","Panyabungan","12.13.01.1033","Panyabungan I"
"12","Sumatera Utara","12.13","Kabupaten Mandailing Natal","12.13.01","Panyabungan","12.13.01.1035","Sipolu-Polu"
"12","Sumatera Utara","12.13","Kabupaten Mandailing Natal","12.13.01","Panyabungan","12.13.01.1036","Dalan Lidang"
"12","Sumatera Utara","12.13","Kabupaten Mandailing Natal","12.13.01","Panyabungan","12.13.01.2001","Adian Jior"
"12","Sumatera Utara","12.13","Kabupaten Mandailing Natal","12.13.01","Panyabungan","12.13.01.2002","Aek Banir"
"12","Sumatera Utara","12.13","Kabupaten Mandailing Natal","12.13.01","Panyabungan","12.13.01.2003","Aek Mata"
"12","Sumatera Utara","12.13","Kabupaten Mandailing Natal","12.13.01","Panyabungan","12.13.01.2004","Darussalam"
"12","Sumatera Utara","12.13","Kabupaten Mandailing Natal","12.13.01","Panyabungan","12.13.01.2005","Gunung Barani"
"12","Sumatera Utara","12.13","Kabupaten Mandailing Natal","12.13.01","Panyabungan","12.13.01.2006","Gunung Manaon"
"12","Sumatera Utara","12.13","Kabupaten Mandailing Natal","12.13.01","Panyabungan","12.13.01.2007","Gunung Tua Jae"
"12","Sumatera Utara","12.13","Kabupaten Mandailing Natal","12.13.01","Panyabungan","12.13.01.2008","Gunung Tua Julu"
"12","Sumatera Utara","12.13","Kabupaten Mandailing Natal","12.13.01","Panyabungan","12.13.01.2009","Gunung Tua Tonga"
"12","Sumatera Utara","12.13","Kabupaten Mandailing Natal","12.13.01","Panyabungan","12.13.01.2010","Huta Lombang Lubis"
"12","Sumatera Utara","12.13","Kabupaten Mandailing Natal","12.13.01","Panyabungan","12.13.01.2012","Ipar Bondar"
"12","Sumatera Utara","12.13","Kabupaten Mandailing Natal","12.13.01","Panyabungan","12.13.01.2013","Kampung Padang"
"12","Sumatera Utara","12.13","Kabupaten Mandailing Natal","12.13.01","Panyabungan","12.13.01.2015","Lumban Pasir"
"12","Sumatera Utara","12.13","Kabupaten Mandailing Natal","12.13.01","Panyabungan","12.13.01.2016","Manyabar"
"12","Sumatera Utara","12.13","Kabupaten Mandailing Natal","12.13.01","Panyabungan","12.13.01.2017","Pagaran Tonga"
"12","Sumatera Utara","12.13","Kabupaten Mandailing Natal","12.13.01","Panyabungan","12.13.01.2018","Panyabungan Jae"
"12","Sumatera Utara","12.13","Kabupaten Mandailing Natal","12.13.01","Panyabungan","12.13.01.2019","Panyabungan Julu"
"12","Sumatera Utara","12.13","Kabupaten Mandailing Natal","12.13.01","Panyabungan","12.13.01.2020","Panyabungan Tonga"
"12","Sumatera Utara","12.13","Kabupaten Mandailing Natal","12.13.01","Panyabungan","12.13.01.2021","Perbangunan"
"12","Sumatera Utara","12.13","Kabupaten Mandailing Natal","12.13.01","Panyabungan","12.13.01.2024","Pidoli Lombang"
"12","Sumatera Utara","12.13","Kabupaten Mandailing Natal","12.13.01","Panyabungan","12.13.01.2025","Salam Bue"
"12","Sumatera Utara","12.13","Kabupaten Mandailing Natal","12.13.01","Panyabungan","12.13.01.2026","Sarak Matua"
"12","Sumatera Utara","12.13","Kabupaten Mandailing Natal","12.13.01","Panyabungan","12.13.01.2027","Sigalapang Julu"
"12","Sumatera Utara","12.13","Kabupaten Mandailing Natal","12.13.01","Panyabungan","12.13.01.2028","Siobon Julu"
"12","Sumatera Utara","12.13","Kabupaten Mandailing Natal","12.13.01","Panyabungan","12.13.01.2029","Sipapaga"
"12","Sumatera Utara","12.13","Kabupaten Mandailing Natal","12.13.01","Panyabungan","12.13.01.2030","Sopobatu"
"12","Sumatera Utara","12.13","Kabupaten Mandailing Natal","12.13.01","Panyabungan","12.13.01.2037","Siobon Jae"
"12","Sumatera Utara","12.13","Kabupaten Mandailing Natal","12.13.01","Panyabungan","12.13.01.2038","Panggorengan"
"12","Sumatera Utara","12.13","Kabupaten Mandailing Natal","12.13.01","Panyabungan","12.13.01.2039","Saba Jambu"
"12","Sumatera Utara","12.13","Kabupaten Mandailing Natal","12.13.01","Panyabungan","12.13.01.2040","Manyabar Jae"
"12","Sumatera Utara","12.13","Kabupaten Mandailing Natal","12.13.02","Panyabungan Utara","12.13.02.1012","Mompang Jae"
"12","Sumatera Utara","12.13","Kabupaten Mandailing Natal","12.13.02","Panyabungan Utara","12.13.02.2002","Beringin Jaya"
"12","Sumatera Utara","12.13","Kabupaten Mandailing Natal","12.13.02","Panyabungan Utara","12.13.02.2007","Huta damai"
"12","Sumatera Utara","12.13","Kabupaten Mandailing Natal","12.13.02","Panyabungan Utara","12.13.02.2008","Jambur Padang Matinggi"
"12","Sumatera Utara","12.13","Kabupaten Mandailing Natal","12.13.02","Panyabungan Utara","12.13.02.2009","Kampung Baru"
"12","Sumatera Utara","12.13","Kabupaten Mandailing Natal","12.13.02","Panyabungan Utara","12.13.02.2010","Mompang Julu"
"12","Sumatera Utara","12.13","Kabupaten Mandailing Natal","12.13.02","Panyabungan Utara","12.13.02.2014","Rumbio"
"12","Sumatera Utara","12.13","Kabupaten Mandailing Natal","12.13.02","Panyabungan Utara","12.13.02.2015","Suka Ramai"
"12","Sumatera Utara","12.13","Kabupaten Mandailing Natal","12.13.02","Panyabungan Utara","12.13.02.2017","Sopo Sorik"
"12","Sumatera Utara","12.13","Kabupaten Mandailing Natal","12.13.02","Panyabungan Utara","12.13.02.2018","Simanondong"
"12","Sumatera Utara","12.13","Kabupaten Mandailing Natal","12.13.02","Panyabungan Utara","12.13.02.2019","Torbanua Raja"
"12","Sumatera Utara","12.13","Kabupaten Mandailing Natal","12.13.02","Panyabungan Utara","12.13.02.2020","Tanjung Mompang"
"12","Sumatera Utara","12.13","Kabupaten Mandailing Natal","12.13.03","Panyabungan Timur","12.13.03.1002","Gunung Baringin"
"12","Sumatera Utara","12.13","Kabupaten Mandailing Natal","12.13.03","Panyabungan Timur","12.13.03.2001","Aek Nabara"
"12","Sumatera Utara","12.13","Kabupaten Mandailing Natal","12.13.03","Panyabungan Timur","12.13.03.2003","Hutaimbaru"
"12","Sumatera Utara","12.13","Kabupaten Mandailing Natal","12.13.03","Panyabungan Timur","12.13.03.2004","Huta Bangun"
"12","Sumatera Utara","12.13","Kabupaten Mandailing Natal","12.13.03","Panyabungan Timur","12.13.03.2005","Huta Tinggi"
"12","Sumatera Utara","12.13","Kabupaten Mandailing Natal","12.13.03","Panyabungan Timur","12.13.03.2006","Pagur"
"12","Sumatera Utara","12.13","Kabupaten Mandailing Natal","12.13.03","Panyabungan Timur","12.13.03.2007","Pardomuan"
"12","Sumatera Utara","12.13","Kabupaten Mandailing Natal","12.13.03","Panyabungan Timur","12.13.03.2008","Parmompang"
"12","Sumatera Utara","12.13","Kabupaten Mandailing Natal","12.13.03","Panyabungan Timur","12.13.03.2009","Ranto Natas"
"12","Sumatera Utara","12.13","Kabupaten Mandailing Natal","12.13.03","Panyabungan Timur","12.13.03.2010","Sirangkap"
"12","Sumatera Utara","12.13","Kabupaten Mandailing Natal","12.13.03","Panyabungan Timur","12.13.03.2011","Tanjung"
"12","Sumatera Utara","12.13","Kabupaten Mandailing Natal","12.13.03","Panyabungan Timur","12.13.03.2012","Tebing Tinggi"
"12","Sumatera Utara","12.13","Kabupaten Mandailing Natal","12.13.03","Panyabungan Timur","12.13.03.2013","Tanjung Julu"
"12","Sumatera Utara","12.13","Kabupaten Mandailing Natal","12.13.03","Panyabungan Timur","12.13.03.2014","Banjar Lancat"
"12","Sumatera Utara","12.13","Kabupaten Mandailing Natal","12.13.03","Panyabungan Timur","12.13.03.2015","Padang Laru"
"12","Sumatera Utara","12.13","Kabupaten Mandailing Natal","12.13.04","Panyabungan Selatan","12.13.04.1009","Tano Bato"
"12","Sumatera Utara","12.13","Kabupaten Mandailing Natal","12.13.04","Panyabungan Selatan","12.13.04.2001","Aek Ngali"
"12","Sumatera Utara","12.13","Kabupaten Mandailing Natal","12.13.04","Panyabungan Selatan","12.13.04.2002","Hutarimbaru"
"12","Sumatera Utara","12.13","Kabupaten Mandailing Natal","12.13.04","Panyabungan Selatan","12.13.04.2003","Hayuraja"
"12","Sumatera Utara","12.13","Kabupaten Mandailing Natal","12.13.04","Panyabungan Selatan","12.13.04.2004","Huta Julu"
"12","Sumatera Utara","12.13","Kabupaten Mandailing Natal","12.13.04","Panyabungan Selatan","12.13.04.2005","Kayu Laut"
"12","Sumatera Utara","12.13","Kabupaten Mandailing Natal","12.13.04","Panyabungan Selatan","12.13.04.2006","Lumban Dolok"
"12","Sumatera Utara","12.13","Kabupaten Mandailing Natal","12.13.04","Panyabungan Selatan","12.13.04.2007","Roburan Dolok"
"12","Sumatera Utara","12.13","Kabupaten Mandailing Natal","12.13.04","Panyabungan Selatan","12.13.04.2008","Roburan Lombang"
"12","Sumatera Utara","12.13","Kabupaten Mandailing Natal","12.13.04","Panyabungan Selatan","12.13.04.2010","Huta Raja"
"12","Sumatera Utara","12.13","Kabupaten Mandailing Natal","12.13.04","Panyabungan Selatan","12.13.04.2011","Pagaran Gala-Gala"
"12","Sumatera Utara","12.13","Kabupaten Mandailing Natal","12.13.05","Panyabungan Barat","12.13.05.1006","Longat"
"12","Sumatera Utara","12.13","Kabupaten Mandailing Natal","12.13.05","Panyabungan Barat","12.13.05.2001","Barbaran"
"12","Sumatera Utara","12.13","Kabupaten Mandailing Natal","12.13.05","Panyabungan Barat","12.13.05.2002","Barbaran Jae"
"12","Sumatera Utara","12.13","Kabupaten Mandailing Natal","12.13.05","Panyabungan Barat","12.13.05.2003","Batang Gadis"
"12","Sumatera Utara","12.13","Kabupaten Mandailing Natal","12.13.05","Panyabungan Barat","12.13.05.2004","Huta Baringin"
"12","Sumatera Utara","12.13","Kabupaten Mandailing Natal","12.13.05","Panyabungan Barat","12.13.05.2005","Huta Tonga BB"
"12","Sumatera Utara","12.13","Kabupaten Mandailing Natal","12.13.05","Panyabungan Barat","12.13.05.2007","Runding"
"12","Sumatera Utara","12.13","Kabupaten Mandailing Natal","12.13.05","Panyabungan Barat","12.13.05.2008","Sirambas"
"12","Sumatera Utara","12.13","Kabupaten Mandailing Natal","12.13.05","Panyabungan Barat","12.13.05.2009","Saba Jior"
"12","Sumatera Utara","12.13","Kabupaten Mandailing Natal","12.13.05","Panyabungan Barat","12.13.05.2010","Batang Gadis Jae"
"12","Sumatera Utara","12.13","Kabupaten Mandailing Natal","12.13.06","Siabu","12.13.06.1014","Siabu"
"12","Sumatera Utara","12.13","Kabupaten Mandailing Natal","12.13.06","Siabu","12.13.06.1023","Simangambat"
"12","Sumatera Utara","12.13","Kabupaten Mandailing Natal","12.13.06","Siabu","12.13.06.2001","Aek Mual"
"12","Sumatera Utara","12.13","Kabupaten Mandailing Natal","12.13.06","Siabu","12.13.06.2002","Bonan Dolok"
"12","Sumatera Utara","12.13","Kabupaten Mandailing Natal","12.13.06","Siabu","12.13.06.2003","Huta Raja"
"12","Sumatera Utara","12.13","Kabupaten Mandailing Natal","12.13.06","Siabu","12.13.06.2004","Huta Puli"
"12","Sumatera Utara","12.13","Kabupaten Mandailing Natal","12.13.06","Siabu","12.13.06.2005","Huta Baringin"
"12","Sumatera Utara","12.13","Kabupaten Mandailing Natal","12.13.06","Siabu","12.13.06.2006","Huta Godang Muda"
"12","Sumatera Utara","12.13","Kabupaten Mandailing Natal","12.13.06","Siabu","12.13.06.2007","Huraba I"
"12","Sumatera Utara","12.13","Kabupaten Mandailing Natal","12.13.06","Siabu","12.13.06.2008","Huraba II"
"12","Sumatera Utara","12.13","Kabupaten Mandailing Natal","12.13.06","Siabu","12.13.06.2009","Lumban Pinasa"
"12","Sumatera Utara","12.13","Kabupaten Mandailing Natal","12.13.06","Siabu","12.13.06.2010","Lumban Dolok"
"12","Sumatera Utara","12.13","Kabupaten Mandailing Natal","12.13.06","Siabu","12.13.06.2011","Muara Btg. Angkola"
"12","Sumatera Utara","12.13","Kabupaten Mandailing Natal","12.13.06","Siabu","12.13.06.2012","Pintu Padang Jae"
"12","Sumatera Utara","12.13","Kabupaten Mandailing Natal","12.13.06","Siabu","12.13.06.2013","Pintu Padang Julu"
"12","Sumatera Utara","12.13","Kabupaten Mandailing Natal","12.13.06","Siabu","12.13.06.2015","Sibaruang"
"12","Sumatera Utara","12.13","Kabupaten Mandailing Natal","12.13.06","Siabu","12.13.06.2016","Sihepeng"
"12","Sumatera Utara","12.13","Kabupaten Mandailing Natal","12.13.06","Siabu","12.13.06.2017","Simaninggir"
"12","Sumatera Utara","12.13","Kabupaten Mandailing Natal","12.13.06","Siabu","12.13.06.2018","Sinonoan"
"12","Sumatera Utara","12.13","Kabupaten Mandailing Natal","12.13.06","Siabu","12.13.06.2019","Tangga Bosi II"
"12","Sumatera Utara","12.13","Kabupaten Mandailing Natal","12.13.06","Siabu","12.13.06.2020","Tanjung Sialang"
"12","Sumatera Utara","12.13","Kabupaten Mandailing Natal","12.13.06","Siabu","12.13.06.2021","Tangga Bosi I"
"12","Sumatera Utara","12.13","Kabupaten Mandailing Natal","12.13.06","Siabu","12.13.06.2022","Tangga Bosi III"
"12","Sumatera Utara","12.13","Kabupaten Mandailing Natal","12.13.06","Siabu","12.13.06.2024","Sihepeng Sada"
"12","Sumatera Utara","12.13","Kabupaten Mandailing Natal","12.13.06","Siabu","12.13.06.2025","Sihepeng Dua"
"12","Sumatera Utara","12.13","Kabupaten Mandailing Natal","12.13.06","Siabu","12.13.06.2026","Sihepeng Tolu"
"12","Sumatera Utara","12.13","Kabupaten Mandailing Natal","12.13.06","Siabu","12.13.06.2027","Sihepeng Opat"
"12","Sumatera Utara","12.13","Kabupaten Mandailing Natal","12.13.06","Siabu","12.13.06.2028","Sihepeng Lima"
"12","Sumatera Utara","12.13","Kabupaten Mandailing Natal","12.13.07","Bukit Malintang","12.13.07.2001","Bange"
"12","Sumatera Utara","12.13","Kabupaten Mandailing Natal","12.13.07","Bukit Malintang","12.13.07.2003","Huta Bangun"
"12","Sumatera Utara","12.13","Kabupaten Mandailing Natal","12.13.07","Bukit Malintang","12.13.07.2005","Janji Matogu"
"12","Sumatera Utara","12.13","Kabupaten Mandailing Natal","12.13.07","Bukit Malintang","12.13.07.2006","Malintang Jae"
"12","Sumatera Utara","12.13","Kabupaten Mandailing Natal","12.13.07","Bukit Malintang","12.13.07.2007","Malintang Julu"
"12","Sumatera Utara","12.13","Kabupaten Mandailing Natal","12.13.07","Bukit Malintang","12.13.07.2008","Pasar Baru Malintang"
"12","Sumatera Utara","12.13","Kabupaten Mandailing Natal","12.13.07","Bukit Malintang","12.13.07.2010","Sidojadi"
"12","Sumatera Utara","12.13","Kabupaten Mandailing Natal","12.13.07","Bukit Malintang","12.13.07.2013","Lambou Darul Ihsan"
"12","Sumatera Utara","12.13","Kabupaten Mandailing Natal","12.13.07","Bukit Malintang","12.13.07.2014","Huta Bangun Jae"
"12","Sumatera Utara","12.13","Kabupaten Mandailing Natal","12.13.07","Bukit Malintang","12.13.07.2015","Bange Nauli"
"12","Sumatera Utara","12.13","Kabupaten Mandailing Natal","12.13.07","Bukit Malintang","12.13.07.2016","Malintang"
"12","Sumatera Utara","12.13","Kabupaten Mandailing Natal","12.13.08","Kotanopan","12.13.08.1032","Tamiang"
"12","Sumatera Utara","12.13","Kabupaten Mandailing Natal","12.13.08","Kotanopan","12.13.08.1036","Pasar Kotanopan"
"12","Sumatera Utara","12.13","Kabupaten Mandailing Natal","12.13.08","Kotanopan","12.13.08.2001","Batahan"
"12","Sumatera Utara","12.13","Kabupaten Mandailing Natal","12.13.08","Kotanopan","12.13.08.2002","Botung"
"12","Sumatera Utara","12.13","Kabupaten Mandailing Natal","12.13.08","Kotanopan","12.13.08.2003","Gading Bain"
"12","Sumatera Utara","12.13","Kabupaten Mandailing Natal","12.13.08","Kotanopan","12.13.08.2004","Gunung Tua MS"
"12","Sumatera Utara","12.13","Kabupaten Mandailing Natal","12.13.08","Kotanopan","12.13.08.2005","Gunung Tua SM"
"12","Sumatera Utara","12.13","Kabupaten Mandailing Natal","12.13.08","Kotanopan","12.13.08.2006","Hutapuli"
"12","Sumatera Utara","12.13","Kabupaten Mandailing Natal","12.13.08","Kotanopan","12.13.08.2007","Huta Padang MS"
"12","Sumatera Utara","12.13","Kabupaten Mandailing Natal","12.13.08","Kotanopan","12.13.08.2008","Hutarimbaru SM"
"12","Sumatera Utara","12.13","Kabupaten Mandailing Natal","12.13.08","Kotanopan","12.13.08.2009","Huta Baringin TB"
"12","Sumatera Utara","12.13","Kabupaten Mandailing Natal","12.13.08","Kotanopan","12.13.08.2010","Huta Pungkut Jae"
"12","Sumatera Utara","12.13","Kabupaten Mandailing Natal","12.13.08","Kotanopan","12.13.08.2011","Huta Pungkut Tonga"
"12","Sumatera Utara","12.13","Kabupaten Mandailing Natal","12.13.08","Kotanopan","12.13.08.2012","Huta Pungkut Julu"
"12","Sumatera Utara","12.13","Kabupaten Mandailing Natal","12.13.08","Kotanopan","12.13.08.2013","Huta Dangka"
"12","Sumatera Utara","12.13","Kabupaten Mandailing Natal","12.13.08","Kotanopan","12.13.08.2014","Muara Potan"
"12","Sumatera Utara","12.13","Kabupaten Mandailing Natal","12.13.08","Kotanopan","12.13.08.2015","Muara Siambak"
"12","Sumatera Utara","12.13","Kabupaten Mandailing Natal","12.13.08","Kotanopan","12.13.08.2016","Manambin"
"12","Sumatera Utara","12.13","Kabupaten Mandailing Natal","12.13.08","Kotanopan","12.13.08.2017","Muara Pungkut"
"12","Sumatera Utara","12.13","Kabupaten Mandailing Natal","12.13.08","Kotanopan","12.13.08.2018","Muara Botung"
"12","Sumatera Utara","12.13","Kabupaten Mandailing Natal","12.13.08","Kotanopan","12.13.08.2019","Pagar Gunung"
"12","Sumatera Utara","12.13","Kabupaten Mandailing Natal","12.13.08","Kotanopan","12.13.08.2020","Padang Bulan"
"12","Sumatera Utara","12.13","Kabupaten Mandailing Natal","12.13.08","Kotanopan","12.13.08.2021","Patialo"
"12","Sumatera Utara","12.13","Kabupaten Mandailing Natal","12.13.08","Kotanopan","12.13.08.2022","Saba Dolok"
"12","Sumatera Utara","12.13","Kabupaten Mandailing Natal","12.13.08","Kotanopan","12.13.08.2023","Singengu Jae"
"12","Sumatera Utara","12.13","Kabupaten Mandailing Natal","12.13.08","Kotanopan","12.13.08.2024","Singengu Julu"
"12","Sumatera Utara","12.13","Kabupaten Mandailing Natal","12.13.08","Kotanopan","12.13.08.2025","Sayur Maincat"
"12","Sumatera Utara","12.13","Kabupaten Mandailing Natal","12.13.08","Kotanopan","12.13.08.2026","Simpang Tolang Jae"
"12","Sumatera Utara","12.13","Kabupaten Mandailing Natal","12.13.08","Kotanopan","12.13.08.2027","Simpang Tolang Julu"
"12","Sumatera Utara","12.13","Kabupaten Mandailing Natal","12.13.08","Kotanopan","12.13.08.2028","Sibio Bio"
"12","Sumatera Utara","12.13","Kabupaten Mandailing Natal","12.13.08","Kotanopan","12.13.08.2029","Sopo Sorik"
"12","Sumatera Utara","12.13","Kabupaten Mandailing Natal","12.13.08","Kotanopan","12.13.08.2030","Simandolam"
"12","Sumatera Utara","12.13","Kabupaten Mandailing Natal","12.13.08","Kotanopan","12.13.08.2031","Tombang Bustak"
"12","Sumatera Utara","12.13","Kabupaten Mandailing Natal","12.13.08","Kotanopan","12.13.08.2033","Tobang"
"12","Sumatera Utara","12.13","Kabupaten Mandailing Natal","12.13.08","Kotanopan","12.13.08.2034","Ujung Marisi"
"12","Sumatera Utara","12.13","Kabupaten Mandailing Natal","12.13.08","Kotanopan","12.13.08.2035","Usor Tolang"
"12","Sumatera Utara","12.13","Kabupaten Mandailing Natal","12.13.09","Lembah Sorik Marapi","12.13.09.1008","Pasar Maga"
"12","Sumatera Utara","12.13","Kabupaten Mandailing Natal","12.13.09","Lembah Sorik Marapi","12.13.09.2001","Aek Marian MG"
"12","Sumatera Utara","12.13","Kabupaten Mandailing Natal","12.13.09","Lembah Sorik Marapi","12.13.09.2002","Bangun Purba"
"12","Sumatera Utara","12.13","Kabupaten Mandailing Natal","12.13.09","Lembah Sorik Marapi","12.13.09.2003","Maga Lombang"
"12","Sumatera Utara","12.13","Kabupaten Mandailing Natal","12.13.09","Lembah Sorik Marapi","12.13.09.2004","Maga Dolok"
"12","Sumatera Utara","12.13","Kabupaten Mandailing Natal","12.13.09","Lembah Sorik Marapi","12.13.09.2005","Purba Baru"
"12","Sumatera Utara","12.13","Kabupaten Mandailing Natal","12.13.09","Lembah Sorik Marapi","12.13.09.2006","Purba Lamo"
"12","Sumatera Utara","12.13","Kabupaten Mandailing Natal","12.13.09","Lembah Sorik Marapi","12.13.09.2007","Pangkat"
"12","Sumatera Utara","12.13","Kabupaten Mandailing Natal","12.13.09","Lembah Sorik Marapi","12.13.09.2009","Siantona"
"12","Sumatera Utara","12.13","Kabupaten Mandailing Natal","12.13.10","Tambangan","12.13.10.1010","Laru Lombang"
"12","Sumatera Utara","12.13","Kabupaten Mandailing Natal","12.13.10","Tambangan","12.13.10.2001","Angin Barat"
"12","Sumatera Utara","12.13","Kabupaten Mandailing Natal","12.13.10","Tambangan","12.13.10.2006","Huta Tonga AB"
"12","Sumatera Utara","12.13","Kabupaten Mandailing Natal","12.13.10","Tambangan","12.13.10.2007","Laru Baringin"
"12","Sumatera Utara","12.13","Kabupaten Mandailing Natal","12.13.10","Tambangan","12.13.10.2008","Laru Bolak"
"12","Sumatera Utara","12.13","Kabupaten Mandailing Natal","12.13.10","Tambangan","12.13.10.2009","Laru Dolok"
"12","Sumatera Utara","12.13","Kabupaten Mandailing Natal","12.13.10","Tambangan","12.13.10.2011","Lumban Pasir"
"12","Sumatera Utara","12.13","Kabupaten Mandailing Natal","12.13.10","Tambangan","12.13.10.2012","Muara Mais"
"12","Sumatera Utara","12.13","Kabupaten Mandailing Natal","12.13.10","Tambangan","12.13.10.2013","Muara Mais Jambur"
"12","Sumatera Utara","12.13","Kabupaten Mandailing Natal","12.13.10","Tambangan","12.13.10.2014","Padang Sanggar"
"12","Sumatera Utara","12.13","Kabupaten Mandailing Natal","12.13.10","Tambangan","12.13.10.2015","Panjaringan"
"12","Sumatera Utara","12.13","Kabupaten Mandailing Natal","12.13.10","Tambangan","12.13.10.2016","Pasar Laru"
"12","Sumatera Utara","12.13","Kabupaten Mandailing Natal","12.13.10","Tambangan","12.13.10.2017","Pastap"
"12","Sumatera Utara","12.13","Kabupaten Mandailing Natal","12.13.10","Tambangan","12.13.10.2018","Pastap Julu"
"12","Sumatera Utara","12.13","Kabupaten Mandailing Natal","12.13.10","Tambangan","12.13.10.2020","Rao Rao Dolok"
"12","Sumatera Utara","12.13","Kabupaten Mandailing Natal","12.13.10","Tambangan","12.13.10.2021","Rao Rao Lombang"
"12","Sumatera Utara","12.13","Kabupaten Mandailing Natal","12.13.10","Tambangan","12.13.10.2025","Simangambat TB"
"12","Sumatera Utara","12.13","Kabupaten Mandailing Natal","12.13.10","Tambangan","12.13.10.2026","Tambangan Jae"
"12","Sumatera Utara","12.13","Kabupaten Mandailing Natal","12.13.10","Tambangan","12.13.10.2027","Tambangan Pasoman"
"12","Sumatera Utara","12.13","Kabupaten Mandailing Natal","12.13.10","Tambangan","12.13.10.2028","Tambangan Tonga"
"12","Sumatera Utara","12.13","Kabupaten Mandailing Natal","12.13.11","Ulu Pungkut","12.13.11.1003","Huta Godang"
"12","Sumatera Utara","12.13","Kabupaten Mandailing Natal","12.13.11","Ulu Pungkut","12.13.11.2001","Alahan Kae"
"12","Sumatera Utara","12.13","Kabupaten Mandailing Natal","12.13.11","Ulu Pungkut","12.13.11.2002","Habincaran"
"12","Sumatera Utara","12.13","Kabupaten Mandailing Natal","12.13.11","Ulu Pungkut","12.13.11.2004","Huta Padang UP"
"12","Sumatera Utara","12.13","Kabupaten Mandailing Natal","12.13.11","Ulu Pungkut","12.13.11.2005","Hutaimbaru UP"
"12","Sumatera Utara","12.13","Kabupaten Mandailing Natal","12.13.11","Ulu Pungkut","12.13.11.2006","Muara Saladi"
"12","Sumatera Utara","12.13","Kabupaten Mandailing Natal","12.13.11","Ulu Pungkut","12.13.11.2007","Patahajang"
"12","Sumatera Utara","12.13","Kabupaten Mandailing Natal","12.13.11","Ulu Pungkut","12.13.11.2008","Simpang Banyak Jae"
"12","Sumatera Utara","12.13","Kabupaten Mandailing Natal","12.13.11","Ulu Pungkut","12.13.11.2009","Simpang Banyak Julu"
"12","Sumatera Utara","12.13","Kabupaten Mandailing Natal","12.13.11","Ulu Pungkut","12.13.11.2010","Simpang Duhu Dolok"
"12","Sumatera Utara","12.13","Kabupaten Mandailing Natal","12.13.11","Ulu Pungkut","12.13.11.2011","Simpang Duhu Lombang"
"12","Sumatera Utara","12.13","Kabupaten Mandailing Natal","12.13.11","Ulu Pungkut","12.13.11.2012","Simpang Pining"
"12","Sumatera Utara","12.13","Kabupaten Mandailing Natal","12.13.11","Ulu Pungkut","12.13.11.2013","Tolang"
"12","Sumatera Utara","12.13","Kabupaten Mandailing Natal","12.13.12","Muara Sipongi","12.13.12.1019","Pasar Muara Sipongi"
"12","Sumatera Utara","12.13","Kabupaten Mandailing Natal","12.13.12","Muara Sipongi","12.13.12.2001","Bandar Panjang"
"12","Sumatera Utara","12.13","Kabupaten Mandailing Natal","12.13.12","Muara Sipongi","12.13.12.2002","Bandar Panjang Tuo"
"12","Sumatera Utara","12.13","Kabupaten Mandailing Natal","12.13.12","Muara Sipongi","12.13.12.2007","Kampung Pinang"
"12","Sumatera Utara","12.13","Kabupaten Mandailing Natal","12.13.12","Muara Sipongi","12.13.12.2008","Koto Baringin"
"12","Sumatera Utara","12.13","Kabupaten Mandailing Natal","12.13.12","Muara Sipongi","12.13.12.2009","Limau Manis"
"12","Sumatera Utara","12.13","Kabupaten Mandailing Natal","12.13.12","Muara Sipongi","12.13.12.2012","Ranjo Batu"
"12","Sumatera Utara","12.13","Kabupaten Mandailing Natal","12.13.12","Muara Sipongi","12.13.12.2013","Sibinail"
"12","Sumatera Utara","12.13","Kabupaten Mandailing Natal","12.13.12","Muara Sipongi","12.13.12.2015","Simpang Mandepo"
"12","Sumatera Utara","12.13","Kabupaten Mandailing Natal","12.13.12","Muara Sipongi","12.13.12.2016","Tamiang Mudo"
"12","Sumatera Utara","12.13","Kabupaten Mandailing Natal","12.13.12","Muara Sipongi","12.13.12.2017","Tanjung Alai"
"12","Sumatera Utara","12.13","Kabupaten Mandailing Natal","12.13.12","Muara Sipongi","12.13.12.2020","Tanjung Medan"
"12","Sumatera Utara","12.13","Kabupaten Mandailing Natal","12.13.12","Muara Sipongi","12.13.12.2021","Muara Kumpulan"
"12","Sumatera Utara","12.13","Kabupaten Mandailing Natal","12.13.12","Muara Sipongi","12.13.12.2022","Aek Botung"
"12","Sumatera Utara","12.13","Kabupaten Mandailing Natal","12.13.12","Muara Sipongi","12.13.12.2023","Koto Boru"
"12","Sumatera Utara","12.13","Kabupaten Mandailing Natal","12.13.12","Muara Sipongi","12.13.12.2024","Tanjung Larangan"
"12","Sumatera Utara","12.13","Kabupaten Mandailing Natal","12.13.13","Batang Natal","12.13.13.1017","Muara Soma"
"12","Sumatera Utara","12.13","Kabupaten Mandailing Natal","12.13.13","Batang Natal","12.13.13.2001","Aek Guo"
"12","Sumatera Utara","12.13","Kabupaten Mandailing Natal","12.13.13","Batang Natal","12.13.13.2002","Aek Holbung"
"12","Sumatera Utara","12.13","Kabupaten Mandailing Natal","12.13.13","Batang Natal","12.13.13.2003","Aek Manggis"
"12","Sumatera Utara","12.13","Kabupaten Mandailing Natal","12.13.13","Batang Natal","12.13.13.2004","Aek Nabara"
"12","Sumatera Utara","12.13","Kabupaten Mandailing Natal","12.13.13","Batang Natal","12.13.13.2005","Aek Nangali"
"12","Sumatera Utara","12.13","Kabupaten Mandailing Natal","12.13.13","Batang Natal","12.13.13.2006","Ampung Julu"
"12","Sumatera Utara","12.13","Kabupaten Mandailing Natal","12.13.13","Batang Natal","12.13.13.2007","Ampung Padang"
"12","Sumatera Utara","12.13","Kabupaten Mandailing Natal","12.13.13","Batang Natal","12.13.13.2008","Ampung Siala"
"12","Sumatera Utara","12.13","Kabupaten Mandailing Natal","12.13.13","Batang Natal","12.13.13.2009","Bangkelang"
"12","Sumatera Utara","12.13","Kabupaten Mandailing Natal","12.13.13","Batang Natal","12.13.13.2010","Banjar Malayu"
"12","Sumatera Utara","12.13","Kabupaten Mandailing Natal","12.13.13","Batang Natal","12.13.13.2011","Batu Madinding"
"12","Sumatera Utara","12.13","Kabupaten Mandailing Natal","12.13.13","Batang Natal","12.13.13.2012","Bulu Soma"
"12","Sumatera Utara","12.13","Kabupaten Mandailing Natal","12.13.13","Batang Natal","12.13.13.2013","Guo Batu"
"12","Sumatera Utara","12.13","Kabupaten Mandailing Natal","12.13.13","Batang Natal","12.13.13.2014","Hadangkahan"
"12","Sumatera Utara","12.13","Kabupaten Mandailing Natal","12.13.13","Batang Natal","12.13.13.2015","Hatupangan"
"12","Sumatera Utara","12.13","Kabupaten Mandailing Natal","12.13.13","Batang Natal","12.13.13.2016","Muara Parlampungan"
"12","Sumatera Utara","12.13","Kabupaten Mandailing Natal","12.13.13","Batang Natal","12.13.13.2018","Rantobi"
"12","Sumatera Utara","12.13","Kabupaten Mandailing Natal","12.13.13","Batang Natal","12.13.13.2019","Rao Rao"
"12","Sumatera Utara","12.13","Kabupaten Mandailing Natal","12.13.13","Batang Natal","12.13.13.2020","Simanguntong"
"12","Sumatera Utara","12.13","Kabupaten Mandailing Natal","12.13.13","Batang Natal","12.13.13.2021","Sipogu"
"12","Sumatera Utara","12.13","Kabupaten Mandailing Natal","12.13.13","Batang Natal","12.13.13.2022","Sopo Tinjak"
"12","Sumatera Utara","12.13","Kabupaten Mandailing Natal","12.13.13","Batang Natal","12.13.13.2023","Tarlola"
"12","Sumatera Utara","12.13","Kabupaten Mandailing Natal","12.13.13","Batang Natal","12.13.13.2024","Tombang Kaluang"
"12","Sumatera Utara","12.13","Kabupaten Mandailing Natal","12.13.13","Batang Natal","12.13.13.2025","Huta Lobu"
"12","Sumatera Utara","12.13","Kabupaten Mandailing Natal","12.13.13","Batang Natal","12.13.13.2026","Lubuk Samboa"
"12","Sumatera Utara","12.13","Kabupaten Mandailing Natal","12.13.13","Batang Natal","12.13.13.2027","Jambur Baru"
"12","Sumatera Utara","12.13","Kabupaten Mandailing Natal","12.13.13","Batang Natal","12.13.13.2028","Aek Baru Jae"
"12","Sumatera Utara","12.13","Kabupaten Mandailing Natal","12.13.13","Batang Natal","12.13.13.2029","Aek Baru Julu"
"12","Sumatera Utara","12.13","Kabupaten Mandailing Natal","12.13.13","Batang Natal","12.13.13.2030","Lubuk Bondar Panjang"
"12","Sumatera Utara","12.13","Kabupaten Mandailing Natal","12.13.13","Batang Natal","12.13.13.2031","Tor Naincat"
"12","Sumatera Utara","12.13","Kabupaten Mandailing Natal","12.13.14","Lingga Bayu","12.13.14.1024","Simpang Gambir"
"12","Sumatera Utara","12.13","Kabupaten Mandailing Natal","12.13.14","Lingga Bayu","12.13.14.1028","Tapus"
"12","Sumatera Utara","12.13","Kabupaten Mandailing Natal","12.13.14","Lingga Bayu","12.13.14.2001","Aek Garingging"
"12","Sumatera Utara","12.13","Kabupaten Mandailing Natal","12.13.14","Lingga Bayu","12.13.14.2002","Aek Manyuruk"
"12","Sumatera Utara","12.13","Kabupaten Mandailing Natal","12.13.14","Lingga Bayu","12.13.14.2003","Bandar Limabung"
"12","Sumatera Utara","12.13","Kabupaten Mandailing Natal","12.13.14","Lingga Bayu","12.13.14.2006","Lancat"
"12","Sumatera Utara","12.13","Kabupaten Mandailing Natal","12.13.14","Lingga Bayu","12.13.14.2010","Kampung Baru"
"12","Sumatera Utara","12.13","Kabupaten Mandailing Natal","12.13.14","Lingga Bayu","12.13.14.2011","Lobung"
"12","Sumatera Utara","12.13","Kabupaten Mandailing Natal","12.13.14","Lingga Bayu","12.13.14.2014","Pangkalan"
"12","Sumatera Utara","12.13","Kabupaten Mandailing Natal","12.13.14","Lingga Bayu","12.13.14.2015","Perk. Simpang Gambir"
"12","Sumatera Utara","12.13","Kabupaten Mandailing Natal","12.13.14","Lingga Bayu","12.13.14.2019","Sikumbu"
"12","Sumatera Utara","12.13","Kabupaten Mandailing Natal","12.13.14","Lingga Bayu","12.13.14.2021","Simpang Bajole"
"12","Sumatera Utara","12.13","Kabupaten Mandailing Natal","12.13.14","Lingga Bayu","12.13.14.2022","Simpang Duku"
"12","Sumatera Utara","12.13","Kabupaten Mandailing Natal","12.13.14","Lingga Bayu","12.13.14.2023","Simpang Durian"
"12","Sumatera Utara","12.13","Kabupaten Mandailing Natal","12.13.14","Lingga Bayu","12.13.14.2025","Simpang Koje"
"12","Sumatera Utara","12.13","Kabupaten Mandailing Natal","12.13.14","Lingga Bayu","12.13.14.2029","Dalan Lidang"
"12","Sumatera Utara","12.13","Kabupaten Mandailing Natal","12.13.14","Lingga Bayu","12.13.14.2031","Bonca Bayuon"
"12","Sumatera Utara","12.13","Kabupaten Mandailing Natal","12.13.14","Lingga Bayu","12.13.14.2034","Perbatasan"
"12","Sumatera Utara","12.13","Kabupaten Mandailing Natal","12.13.14","Lingga Bayu","12.13.14.2035","Tangsi Atas"
"12","Sumatera Utara","12.13","Kabupaten Mandailing Natal","12.13.15","Batahan","12.13.15.1011","Pasar Baru Batahan"
"12","Sumatera Utara","12.13","Kabupaten Mandailing Natal","12.13.15","Batahan","12.13.15.2001","Banjar Aur"
"12","Sumatera Utara","12.13","Kabupaten Mandailing Natal","12.13.15","Batahan","12.13.15.2003","Batahan I"
"12","Sumatera Utara","12.13","Kabupaten Mandailing Natal","12.13.15","Batahan","12.13.15.2004","Batu Sondat"
"12","Sumatera Utara","12.13","Kabupaten Mandailing Natal","12.13.15","Batahan","12.13.15.2005","Bintungan Bejangkar"
"12","Sumatera Utara","12.13","Kabupaten Mandailing Natal","12.13.15","Batahan","12.13.15.2007","Kampung Kapas"
"12","Sumatera Utara","12.13","Kabupaten Mandailing Natal","12.13.15","Batahan","12.13.15.2008","Kuala Batahan"
"12","Sumatera Utara","12.13","Kabupaten Mandailing Natal","12.13.15","Batahan","12.13.15.2009","Kubangan Tompek"
"12","Sumatera Utara","12.13","Kabupaten Mandailing Natal","12.13.15","Batahan","12.13.15.2010","Muara Pertemuan"
"12","Sumatera Utara","12.13","Kabupaten Mandailing Natal","12.13.15","Batahan","12.13.15.2012","Pasar Batahan"
"12","Sumatera Utara","12.13","Kabupaten Mandailing Natal","12.13.15","Batahan","12.13.15.2013","Pulau Tamang"
"12","Sumatera Utara","12.13","Kabupaten Mandailing Natal","12.13.15","Batahan","12.13.15.2014","Sari Kenanga Batahan"
"12","Sumatera Utara","12.13","Kabupaten Mandailing Natal","12.13.15","Batahan","12.13.15.2019","Batahan II"
"12","Sumatera Utara","12.13","Kabupaten Mandailing Natal","12.13.15","Batahan","12.13.15.2020","Batahan III"
"12","Sumatera Utara","12.13","Kabupaten Mandailing Natal","12.13.15","Batahan","12.13.15.2021","Batahan IV"
"12","Sumatera Utara","12.13","Kabupaten Mandailing Natal","12.13.15","Batahan","12.13.15.2022","Sinunukan VI"
"12","Sumatera Utara","12.13","Kabupaten Mandailing Natal","12.13.15","Batahan","12.13.15.2023","Kampung Kapas I"
"12","Sumatera Utara","12.13","Kabupaten Mandailing Natal","12.13.15","Batahan","12.13.15.2024","Kubangan Pandan Sari"
"12","Sumatera Utara","12.13","Kabupaten Mandailing Natal","12.13.16","Natal","12.13.16.1008","Pasar II Natal"
"12","Sumatera Utara","12.13","Kabupaten Mandailing Natal","12.13.16","Natal","12.13.16.1025","Pasar I Natal"
"12","Sumatera Utara","12.13","Kabupaten Mandailing Natal","12.13.16","Natal","12.13.16.2001","Balimbing"
"12","Sumatera Utara","12.13","Kabupaten Mandailing Natal","12.13.16","Natal","12.13.16.2002","Bintuas"
"12","Sumatera Utara","12.13","Kabupaten Mandailing Natal","12.13.16","Natal","12.13.16.2003","Bonda Kase"
"12","Sumatera Utara","12.13","Kabupaten Mandailing Natal","12.13.16","Natal","12.13.16.2004","Buburan"
"12","Sumatera Utara","12.13","Kabupaten Mandailing Natal","12.13.16","Natal","12.13.16.2005","Kampung Sawah"
"12","Sumatera Utara","12.13","Kabupaten Mandailing Natal","12.13.16","Natal","12.13.16.2006","Panggautan"
"12","Sumatera Utara","12.13","Kabupaten Mandailing Natal","12.13.16","Natal","12.13.16.2007","Pardamean Baru"
"12","Sumatera Utara","12.13","Kabupaten Mandailing Natal","12.13.16","Natal","12.13.16.2009","Pasar III Natal"
"12","Sumatera Utara","12.13","Kabupaten Mandailing Natal","12.13.16","Natal","12.13.16.2010","Pasar V Natal"
"12","Sumatera Utara","12.13","Kabupaten Mandailing Natal","12.13.16","Natal","12.13.16.2011","Patiluban Hilir"
"12","Sumatera Utara","12.13","Kabupaten Mandailing Natal","12.13.16","Natal","12.13.16.2012","Patiluban Mudik"
"12","Sumatera Utara","12.13","Kabupaten Mandailing Natal","12.13.16","Natal","12.13.16.2013","Perkebunan Patiluban"
"12","Sumatera Utara","12.13","Kabupaten Mandailing Natal","12.13.16","Natal","12.13.16.2014","Rukun Jaya"
"12","Sumatera Utara","12.13","Kabupaten Mandailing Natal","12.13.16","Natal","12.13.16.2015","Setia Karya"
"12","Sumatera Utara","12.13","Kabupaten Mandailing Natal","12.13.16","Natal","12.13.16.2016","Sikara Kara"
"12","Sumatera Utara","12.13","Kabupaten Mandailing Natal","12.13.16","Natal","12.13.16.2017","Sikara Kara I"
"12","Sumatera Utara","12.13","Kabupaten Mandailing Natal","12.13.16","Natal","12.13.16.2018","Sikara Kara II"
"12","Sumatera Utara","12.13","Kabupaten Mandailing Natal","12.13.16","Natal","12.13.16.2019","Sikara Kara III"
"12","Sumatera Utara","12.13","Kabupaten Mandailing Natal","12.13.16","Natal","12.13.16.2020","Sikara Kara IV"
"12","Sumatera Utara","12.13","Kabupaten Mandailing Natal","12.13.16","Natal","12.13.16.2021","Sundutan Tigo"
"12","Sumatera Utara","12.13","Kabupaten Mandailing Natal","12.13.16","Natal","12.13.16.2022","Taluk"
"12","Sumatera Utara","12.13","Kabupaten Mandailing Natal","12.13.16","Natal","12.13.16.2023","Tegal Sari"
"12","Sumatera Utara","12.13","Kabupaten Mandailing Natal","12.13.16","Natal","12.13.16.2024","Tunas Karya"
"12","Sumatera Utara","12.13","Kabupaten Mandailing Natal","12.13.16","Natal","12.13.16.2026","Pasar VI Natal"
"12","Sumatera Utara","12.13","Kabupaten Mandailing Natal","12.13.16","Natal","12.13.16.2027","Sinunukan V"
"12","Sumatera Utara","12.13","Kabupaten Mandailing Natal","12.13.16","Natal","12.13.16.2028","Suka Maju"
"12","Sumatera Utara","12.13","Kabupaten Mandailing Natal","12.13.16","Natal","12.13.16.2029","Sasaran"
"12","Sumatera Utara","12.13","Kabupaten Mandailing Natal","12.13.16","Natal","12.13.16.2030","Kun-Kun"
"12","Sumatera Utara","12.13","Kabupaten Mandailing Natal","12.13.17","Muara Batang Gadis","12.13.17.2001","Batu Mundom"
"12","Sumatera Utara","12.13","Kabupaten Mandailing Natal","12.13.17","Muara Batang Gadis","12.13.17.2002","Hutaimbaru"
"12","Sumatera Utara","12.13","Kabupaten Mandailing Natal","12.13.17","Muara Batang Gadis","12.13.17.2003","Lubuk Kapundung"
"12","Sumatera Utara","12.13","Kabupaten Mandailing Natal","12.13.17","Muara Batang Gadis","12.13.17.2004","Manuncang"
"12","Sumatera Utara","12.13","Kabupaten Mandailing Natal","12.13.17","Muara Batang Gadis","12.13.17.2005","Panunggulan"
"12","Sumatera Utara","12.13","Kabupaten Mandailing Natal","12.13.17","Muara Batang Gadis","12.13.17.2006","Pasar Singkuang I"
"12","Sumatera Utara","12.13","Kabupaten Mandailing Natal","12.13.17","Muara Batang Gadis","12.13.17.2007","Pasar Singkuang II"
"12","Sumatera Utara","12.13","Kabupaten Mandailing Natal","12.13.17","Muara Batang Gadis","12.13.17.2008","Rantau Panjang"
"12","Sumatera Utara","12.13","Kabupaten Mandailing Natal","12.13.17","Muara Batang Gadis","12.13.17.2009","Sikapas"
"12","Sumatera Utara","12.13","Kabupaten Mandailing Natal","12.13.17","Muara Batang Gadis","12.13.17.2010","Tabuyung"
"12","Sumatera Utara","12.13","Kabupaten Mandailing Natal","12.13.17","Muara Batang Gadis","12.13.17.2011","Tagilang Julu"
"12","Sumatera Utara","12.13","Kabupaten Mandailing Natal","12.13.17","Muara Batang Gadis","12.13.17.2012","Sali Baru"
"12","Sumatera Utara","12.13","Kabupaten Mandailing Natal","12.13.17","Muara Batang Gadis","12.13.17.2013","Lubuk Kapundung II"
"12","Sumatera Utara","12.13","Kabupaten Mandailing Natal","12.13.17","Muara Batang Gadis","12.13.17.2014","Suka Makmur"
"12","Sumatera Utara","12.13","Kabupaten Mandailing Natal","12.13.18","Ranto Baek","12.13.18.2001","Manisak"
"12","Sumatera Utara","12.13","Kabupaten Mandailing Natal","12.13.18","Ranto Baek","12.13.18.2002","Simpang Talap"
"12","Sumatera Utara","12.13","Kabupaten Mandailing Natal","12.13.18","Ranto Baek","12.13.18.2003","Sampuran"
"12","Sumatera Utara","12.13","Kabupaten Mandailing Natal","12.13.18","Ranto Baek","12.13.18.2004","Tandikek"
"12","Sumatera Utara","12.13","Kabupaten Mandailing Natal","12.13.18","Ranto Baek","12.13.18.2005","Gonting"
"12","Sumatera Utara","12.13","Kabupaten Mandailing Natal","12.13.18","Ranto Baek","12.13.18.2006","Bangun Saroha"
"12","Sumatera Utara","12.13","Kabupaten Mandailing Natal","12.13.18","Ranto Baek","12.13.18.2007","Huta Baringin"
"12","Sumatera Utara","12.13","Kabupaten Mandailing Natal","12.13.18","Ranto Baek","12.13.18.2008","Muara Bangko"
"12","Sumatera Utara","12.13","Kabupaten Mandailing Natal","12.13.18","Ranto Baek","12.13.18.2009","Ranto Nalinjang"
"12","Sumatera Utara","12.13","Kabupaten Mandailing Natal","12.13.18","Ranto Baek","12.13.18.2010","Banjar Maga"
"12","Sumatera Utara","12.13","Kabupaten Mandailing Natal","12.13.18","Ranto Baek","12.13.18.2011","Huta Raja"
"12","Sumatera Utara","12.13","Kabupaten Mandailing Natal","12.13.18","Ranto Baek","12.13.18.2012","Simaninggir"
"12","Sumatera Utara","12.13","Kabupaten Mandailing Natal","12.13.18","Ranto Baek","12.13.18.2013","Ranto Panjang"
"12","Sumatera Utara","12.13","Kabupaten Mandailing Natal","12.13.18","Ranto Baek","12.13.18.2014","Huta Nauli"
"12","Sumatera Utara","12.13","Kabupaten Mandailing Natal","12.13.18","Ranto Baek","12.13.18.2015","Lubuk Kancah"
"12","Sumatera Utara","12.13","Kabupaten Mandailing Natal","12.13.18","Ranto Baek","12.13.18.2016","Dua Sepakat"
"12","Sumatera Utara","12.13","Kabupaten Mandailing Natal","12.13.18","Ranto Baek","12.13.18.2017","Gunung Godang"
"12","Sumatera Utara","12.13","Kabupaten Mandailing Natal","12.13.18","Ranto Baek","12.13.18.2018","Padang Silojongan"
"12","Sumatera Utara","12.13","Kabupaten Mandailing Natal","12.13.19","Huta Bargot","12.13.19.2001","Bangun Sejati"
"12","Sumatera Utara","12.13","Kabupaten Mandailing Natal","12.13.19","Huta Bargot","12.13.19.2002","Hutarimbaru"
"12","Sumatera Utara","12.13","Kabupaten Mandailing Natal","12.13.19","Huta Bargot","12.13.19.2003","Pasar Huta Bargot"
"12","Sumatera Utara","12.13","Kabupaten Mandailing Natal","12.13.19","Huta Bargot","12.13.19.2004","Huta Bargot Lombang"
"12","Sumatera Utara","12.13","Kabupaten Mandailing Natal","12.13.19","Huta Bargot","12.13.19.2005","Huta Bargot Dolok"
"12","Sumatera Utara","12.13","Kabupaten Mandailing Natal","12.13.19","Huta Bargot","12.13.19.2006","Huta Bargot Setia"
"12","Sumatera Utara","12.13","Kabupaten Mandailing Natal","12.13.19","Huta Bargot","12.13.19.2007","Huta Bargot Nauli"
"12","Sumatera Utara","12.13","Kabupaten Mandailing Natal","12.13.19","Huta Bargot","12.13.19.2008","Mondan"
"12","Sumatera Utara","12.13","Kabupaten Mandailing Natal","12.13.19","Huta Bargot","12.13.19.2009","Sayur Maincat"
"12","Sumatera Utara","12.13","Kabupaten Mandailing Natal","12.13.19","Huta Bargot","12.13.19.2010","Kumpulan Setia"
"12","Sumatera Utara","12.13","Kabupaten Mandailing Natal","12.13.19","Huta Bargot","12.13.19.2011","Simalagi"
"12","Sumatera Utara","12.13","Kabupaten Mandailing Natal","12.13.19","Huta Bargot","12.13.19.2012","Saba Padang"
"12","Sumatera Utara","12.13","Kabupaten Mandailing Natal","12.13.19","Huta Bargot","12.13.19.2013","Binanga"
"12","Sumatera Utara","12.13","Kabupaten Mandailing Natal","12.13.19","Huta Bargot","12.13.19.2014","Huta Naingkan"
"12","Sumatera Utara","12.13","Kabupaten Mandailing Natal","12.13.20","Puncak Sorik Marapi","12.13.20.2001","Huta Lombang"
"12","Sumatera Utara","12.13","Kabupaten Mandailing Natal","12.13.20","Puncak Sorik Marapi","12.13.20.2002","Huta Baru"
"12","Sumatera Utara","12.13","Kabupaten Mandailing Natal","12.13.20","Puncak Sorik Marapi","12.13.20.2003","Handel"
"12","Sumatera Utara","12.13","Kabupaten Mandailing Natal","12.13.20","Puncak Sorik Marapi","12.13.20.2004","Hutatinggi"
"12","Sumatera Utara","12.13","Kabupaten Mandailing Natal","12.13.20","Puncak Sorik Marapi","12.13.20.2005","Hutanamale"
"12","Sumatera Utara","12.13","Kabupaten Mandailing Natal","12.13.20","Puncak Sorik Marapi","12.13.20.2006","Hutabaringin Julu"
"12","Sumatera Utara","12.13","Kabupaten Mandailing Natal","12.13.20","Puncak Sorik Marapi","12.13.20.2007","Sibanggor Jae"
"12","Sumatera Utara","12.13","Kabupaten Mandailing Natal","12.13.20","Puncak Sorik Marapi","12.13.20.2008","Sibanggor Tonga"
"12","Sumatera Utara","12.13","Kabupaten Mandailing Natal","12.13.20","Puncak Sorik Marapi","12.13.20.2009","Sibanggor Julu"
"12","Sumatera Utara","12.13","Kabupaten Mandailing Natal","12.13.20","Puncak Sorik Marapi","12.13.20.2010","Purba Julu"
"12","Sumatera Utara","12.13","Kabupaten Mandailing Natal","12.13.20","Puncak Sorik Marapi","12.13.20.2011","Huta Baringin"
"12","Sumatera Utara","12.13","Kabupaten Mandailing Natal","12.13.21","Pakantan","12.13.21.2001","Pakantan Dolok"
"12","Sumatera Utara","12.13","Kabupaten Mandailing Natal","12.13.21","Pakantan","12.13.21.2002","Pakantan Lombang"
"12","Sumatera Utara","12.13","Kabupaten Mandailing Natal","12.13.21","Pakantan","12.13.21.2003","Huta Gambir"
"12","Sumatera Utara","12.13","Kabupaten Mandailing Natal","12.13.21","Pakantan","12.13.21.2004","Huta Lancat"
"12","Sumatera Utara","12.13","Kabupaten Mandailing Natal","12.13.21","Pakantan","12.13.21.2005","Huta Julu"
"12","Sumatera Utara","12.13","Kabupaten Mandailing Natal","12.13.21","Pakantan","12.13.21.2006","Huta Toras"
"12","Sumatera Utara","12.13","Kabupaten Mandailing Natal","12.13.21","Pakantan","12.13.21.2007","Huta Padang"
"12","Sumatera Utara","12.13","Kabupaten Mandailing Natal","12.13.21","Pakantan","12.13.21.2008","Silogun"
"12","Sumatera Utara","12.13","Kabupaten Mandailing Natal","12.13.22","Sinunukan","12.13.22.2001","Sinunukan I"
"12","Sumatera Utara","12.13","Kabupaten Mandailing Natal","12.13.22","Sinunukan","12.13.22.2002","Sinunukan II"
"12","Sumatera Utara","12.13","Kabupaten Mandailing Natal","12.13.22","Sinunukan","12.13.22.2003","Sinunukan III"
"12","Sumatera Utara","12.13","Kabupaten Mandailing Natal","12.13.22","Sinunukan","12.13.22.2004","Sinunukan IV"
"12","Sumatera Utara","12.13","Kabupaten Mandailing Natal","12.13.22","Sinunukan","12.13.22.2005","Bintungan Bejangkar Baru"
"12","Sumatera Utara","12.13","Kabupaten Mandailing Natal","12.13.22","Sinunukan","12.13.22.2006","Banjar Aur Utara"
"12","Sumatera Utara","12.13","Kabupaten Mandailing Natal","12.13.22","Sinunukan","12.13.22.2007","Kampung Kapas II"
"12","Sumatera Utara","12.13","Kabupaten Mandailing Natal","12.13.22","Sinunukan","12.13.22.2008","Airapa"
"12","Sumatera Utara","12.13","Kabupaten Mandailing Natal","12.13.22","Sinunukan","12.13.22.2009","Sido Makmur"
"12","Sumatera Utara","12.13","Kabupaten Mandailing Natal","12.13.22","Sinunukan","12.13.22.2010","Wido Daren"
"12","Sumatera Utara","12.13","Kabupaten Mandailing Natal","12.13.22","Sinunukan","12.13.22.2011","Wono Sari"
"12","Sumatera Utara","12.13","Kabupaten Mandailing Natal","12.13.22","Sinunukan","12.13.22.2012","Suka Damai"
"12","Sumatera Utara","12.13","Kabupaten Mandailing Natal","12.13.22","Sinunukan","12.13.22.2013","Pasir Putih"
"12","Sumatera Utara","12.13","Kabupaten Mandailing Natal","12.13.22","Sinunukan","12.13.22.2014","Sinunukan I Central"
"12","Sumatera Utara","12.13","Kabupaten Mandailing Natal","12.13.23","Naga Juang","12.13.23.2001","Tambiski"
"12","Sumatera Utara","12.13","Kabupaten Mandailing Natal","12.13.23","Naga Juang","12.13.23.2002","Tarutung Panjang"
"12","Sumatera Utara","12.13","Kabupaten Mandailing Natal","12.13.23","Naga Juang","12.13.23.2003","Humbang I"
"12","Sumatera Utara","12.13","Kabupaten Mandailing Natal","12.13.23","Naga Juang","12.13.23.2004","Banua Rakyat"
"12","Sumatera Utara","12.13","Kabupaten Mandailing Natal","12.13.23","Naga Juang","12.13.23.2005","Sayur Matua"
"12","Sumatera Utara","12.13","Kabupaten Mandailing Natal","12.13.23","Naga Juang","12.13.23.2006","Banua Simanosor"
"12","Sumatera Utara","12.13","Kabupaten Mandailing Natal","12.13.23","Naga Juang","12.13.23.2007","Tambiski Nauli"
"12","Sumatera Utara","12.14","Kabupaten Nias Selatan","12.14.01","Lolomatua","12.14.01.2002","Hilisangowola"
"12","Sumatera Utara","12.14","Kabupaten Nias Selatan","12.14.01","Lolomatua","12.14.01.2005","Hiliotalua"
"12","Sumatera Utara","12.14","Kabupaten Nias Selatan","12.14.01","Lolomatua","12.14.01.2006","Koendrafo"
"12","Sumatera Utara","12.14","Kabupaten Nias Selatan","12.14.01","Lolomatua","12.14.01.2008","Lawa-lawa Luo"
"12","Sumatera Utara","12.14","Kabupaten Nias Selatan","12.14.01","Lolomatua","12.14.01.2016","Tuhemberua"
"12","Sumatera Utara","12.14","Kabupaten Nias Selatan","12.14.01","Lolomatua","12.14.01.2017","Tesikhori"
"12","Sumatera Utara","12.14","Kabupaten Nias Selatan","12.14.01","Lolomatua","12.14.01.2021","Tumari"
"12","Sumatera Utara","12.14","Kabupaten Nias Selatan","12.14.01","Lolomatua","12.14.01.2023","Ewo"
"12","Sumatera Utara","12.14","Kabupaten Nias Selatan","12.14.01","Lolomatua","12.14.01.2024","Ko'olotano"
"12","Sumatera Utara","12.14","Kabupaten Nias Selatan","12.14.01","Lolomatua","12.14.01.2026","Botohilindruria"
"12","Sumatera Utara","12.14","Kabupaten Nias Selatan","12.14.01","Lolomatua","12.14.01.2027","Caritas Sogawunasi"
"12","Sumatera Utara","12.14","Kabupaten Nias Selatan","12.14.01","Lolomatua","12.14.01.2028","Orudua Lawa-lawa Luo"
"12","Sumatera Utara","12.14","Kabupaten Nias Selatan","12.14.01","Lolomatua","12.14.01.2029","Hilifaondrato"
"12","Sumatera Utara","12.14","Kabupaten Nias Selatan","12.14.02","Gomo","12.14.02.2005","Doli-doli Idanotae"
"12","Sumatera Utara","12.14","Kabupaten Nias Selatan","12.14.02","Gomo","12.14.02.2007","Hiliana'a Gomo"
"12","Sumatera Utara","12.14","Kabupaten Nias Selatan","12.14.02","Gomo","12.14.02.2015","Lawa-lawa Luo Gomo"
"12","Sumatera Utara","12.14","Kabupaten Nias Selatan","12.14.02","Gomo","12.14.02.2017","Lolosoni"
"12","Sumatera Utara","12.14","Kabupaten Nias Selatan","12.14.02","Gomo","12.14.02.2023","Orahili Gomo"
"12","Sumatera Utara","12.14","Kabupaten Nias Selatan","12.14.02","Gomo","12.14.02.2024","Sifaoro'asi Gomo"
"12","Sumatera Utara","12.14","Kabupaten Nias Selatan","12.14.02","Gomo","12.14.02.2035","Tanoniko'o"
"12","Sumatera Utara","12.14","Kabupaten Nias Selatan","12.14.02","Gomo","12.14.02.2040","Suka Maju Mohili"
"12","Sumatera Utara","12.14","Kabupaten Nias Selatan","12.14.02","Gomo","12.14.02.2041","Orahili Sibohou"
"12","Sumatera Utara","12.14","Kabupaten Nias Selatan","12.14.02","Gomo","12.14.02.2042","Gunung Gabungan"
"12","Sumatera Utara","12.14","Kabupaten Nias Selatan","12.14.02","Gomo","12.14.02.2043","Umbu Orahua"
"12","Sumatera Utara","12.14","Kabupaten Nias Selatan","12.14.03","Lahusa","12.14.03.2001","Bawolato"
"12","Sumatera Utara","12.14","Kabupaten Nias Selatan","12.14.03","Lahusa","12.14.03.2002","Bawozihono"
"12","Sumatera Utara","12.14","Kabupaten Nias Selatan","12.14.03","Lahusa","12.14.03.2003","Bawo'otalua"
"12","Sumatera Utara","12.14","Kabupaten Nias Selatan","12.14.03","Lahusa","12.14.03.2004","Golambanua I"
"12","Sumatera Utara","12.14","Kabupaten Nias Selatan","12.14.03","Lahusa","12.14.03.2007","Hilisimaetano Balaekha"
"12","Sumatera Utara","12.14","Kabupaten Nias Selatan","12.14.03","Lahusa","12.14.03.2009","Lahusa"
"12","Sumatera Utara","12.14","Kabupaten Nias Selatan","12.14.03","Lahusa","12.14.03.2014","Tetezou"
"12","Sumatera Utara","12.14","Kabupaten Nias Selatan","12.14.03","Lahusa","12.14.03.2016","Orahili Balaekha"
"12","Sumatera Utara","12.14","Kabupaten Nias Selatan","12.14.03","Lahusa","12.14.03.2017","Harenoro"
"12","Sumatera Utara","12.14","Kabupaten Nias Selatan","12.14.03","Lahusa","12.14.03.2018","Sarahililaza"
"12","Sumatera Utara","12.14","Kabupaten Nias Selatan","12.14.03","Lahusa","12.14.03.2024","Hiliabolata"
"12","Sumatera Utara","12.14","Kabupaten Nias Selatan","12.14.03","Lahusa","12.14.03.2025","Hiligambukha"
"12","Sumatera Utara","12.14","Kabupaten Nias Selatan","12.14.03","Lahusa","12.14.03.2026","Sinar Baru Darodaro"
"12","Sumatera Utara","12.14","Kabupaten Nias Selatan","12.14.03","Lahusa","12.14.03.2027","Hiliorudua"
"12","Sumatera Utara","12.14","Kabupaten Nias Selatan","12.14.03","Lahusa","12.14.03.2032","Hilizomboi"
"12","Sumatera Utara","12.14","Kabupaten Nias Selatan","12.14.03","Lahusa","12.14.03.2036","Oikhoda Balaekha"
"12","Sumatera Utara","12.14","Kabupaten Nias Selatan","12.14.03","Lahusa","12.14.03.2037","Angorudua Balaekha"
"12","Sumatera Utara","12.14","Kabupaten Nias Selatan","12.14.03","Lahusa","12.14.03.2038","Hilinawalo Balaekha"
"12","Sumatera Utara","12.14","Kabupaten Nias Selatan","12.14.03","Lahusa","12.14.03.2039","Sobawagoli"
"12","Sumatera Utara","12.14","Kabupaten Nias Selatan","12.14.03","Lahusa","12.14.03.2040","Lahusa I"
"12","Sumatera Utara","12.14","Kabupaten Nias Selatan","12.14.03","Lahusa","12.14.03.2041","Hiliwatema"
"12","Sumatera Utara","12.14","Kabupaten Nias Selatan","12.14.03","Lahusa","12.14.03.2042","Mogae"
"12","Sumatera Utara","12.14","Kabupaten Nias Selatan","12.14.03","Lahusa","12.14.03.2043","Sinar Baho"
"12","Sumatera Utara","12.14","Kabupaten Nias Selatan","12.14.04","Hibala","12.14.04.2001","Duru"
"12","Sumatera Utara","12.14","Kabupaten Nias Selatan","12.14.04","Hibala","12.14.04.2002","Tuwaso"
"12","Sumatera Utara","12.14","Kabupaten Nias Selatan","12.14.04","Hibala","12.14.04.2003","Hilioromao"
"12","Sumatera Utara","12.14","Kabupaten Nias Selatan","12.14.04","Hibala","12.14.04.2004","Eho"
"12","Sumatera Utara","12.14","Kabupaten Nias Selatan","12.14.04","Hibala","12.14.04.2005","Sialema"
"12","Sumatera Utara","12.14","Kabupaten Nias Selatan","12.14.04","Hibala","12.14.04.2006","Bowonifaoso"
"12","Sumatera Utara","12.14","Kabupaten Nias Selatan","12.14.04","Hibala","12.14.04.2007","Hilianombasela"
"12","Sumatera Utara","12.14","Kabupaten Nias Selatan","12.14.04","Hibala","12.14.04.2008","Lumbui Melayu"
"12","Sumatera Utara","12.14","Kabupaten Nias Selatan","12.14.04","Hibala","12.14.04.2009","Hiliorodua Tebolo"
"12","Sumatera Utara","12.14","Kabupaten Nias Selatan","12.14.04","Hibala","12.14.04.2010","Tebolo Melayu"
"12","Sumatera Utara","12.14","Kabupaten Nias Selatan","12.14.04","Hibala","12.14.04.2021","Lumbui Nias"
"12","Sumatera Utara","12.14","Kabupaten Nias Selatan","12.14.04","Hibala","12.14.04.2022","Baruyu Sibohou"
"12","Sumatera Utara","12.14","Kabupaten Nias Selatan","12.14.04","Hibala","12.14.04.2023","Sepakat"
"12","Sumatera Utara","12.14","Kabupaten Nias Selatan","12.14.04","Hibala","12.14.04.2024","Tano Mokinu"
"12","Sumatera Utara","12.14","Kabupaten Nias Selatan","12.14.04","Hibala","12.14.04.2025","Hilikana"
"12","Sumatera Utara","12.14","Kabupaten Nias Selatan","12.14.04","Hibala","12.14.04.2026","Hilinifaese"
"12","Sumatera Utara","12.14","Kabupaten Nias Selatan","12.14.04","Hibala","12.14.04.2027","Omega"
"12","Sumatera Utara","12.14","Kabupaten Nias Selatan","12.14.05","Pulau-Pulau Batu","12.14.05.1046","Pasar Pulau Tello"
"12","Sumatera Utara","12.14","Kabupaten Nias Selatan","12.14.05","Pulau-Pulau Batu","12.14.05.2001","Hiliotalua"
"12","Sumatera Utara","12.14","Kabupaten Nias Selatan","12.14.05","Pulau-Pulau Batu","12.14.05.2002","Bawodobara"
"12","Sumatera Utara","12.14","Kabupaten Nias Selatan","12.14.05","Pulau-Pulau Batu","12.14.05.2003","Bawo'amahelato"
"12","Sumatera Utara","12.14","Kabupaten Nias Selatan","12.14.05","Pulau-Pulau Batu","12.14.05.2004","Bawo'omasio"
"12","Sumatera Utara","12.14","Kabupaten Nias Selatan","12.14.05","Pulau-Pulau Batu","12.14.05.2005","Loboi"
"12","Sumatera Utara","12.14","Kabupaten Nias Selatan","12.14.05","Pulau-Pulau Batu","12.14.05.2006","Hiliamaodula"
"12","Sumatera Utara","12.14","Kabupaten Nias Selatan","12.14.05","Pulau-Pulau Batu","12.14.05.2007","Baruyu Lasara"
"12","Sumatera Utara","12.14","Kabupaten Nias Selatan","12.14.05","Pulau-Pulau Batu","12.14.05.2008","Sifitu Ewali"
"12","Sumatera Utara","12.14","Kabupaten Nias Selatan","12.14.05","Pulau-Pulau Batu","12.14.05.2009","Rapa-rapa Melayu"
"12","Sumatera Utara","12.14","Kabupaten Nias Selatan","12.14.05","Pulau-Pulau Batu","12.14.05.2010","Sinauru"
"12","Sumatera Utara","12.14","Kabupaten Nias Selatan","12.14.05","Pulau-Pulau Batu","12.14.05.2011","Siofa Ewali"
"12","Sumatera Utara","12.14","Kabupaten Nias Selatan","12.14.05","Pulau-Pulau Batu","12.14.05.2012","Simaluaya"
"12","Sumatera Utara","12.14","Kabupaten Nias Selatan","12.14.05","Pulau-Pulau Batu","12.14.05.2013","Silima Ewali"
"12","Sumatera Utara","12.14","Kabupaten Nias Selatan","12.14.05","Pulau-Pulau Batu","12.14.05.2014","Sidua Ewali"
"12","Sumatera Utara","12.14","Kabupaten Nias Selatan","12.14.05","Pulau-Pulau Batu","12.14.05.2027","Balogia"
"12","Sumatera Utara","12.14","Kabupaten Nias Selatan","12.14.05","Pulau-Pulau Batu","12.14.05.2029","Lasonde"
"12","Sumatera Utara","12.14","Kabupaten Nias Selatan","12.14.05","Pulau-Pulau Batu","12.14.05.2041","Koto"
"12","Sumatera Utara","12.14","Kabupaten Nias Selatan","12.14.05","Pulau-Pulau Batu","12.14.05.2048","Onaya"
"12","Sumatera Utara","12.14","Kabupaten Nias Selatan","12.14.05","Pulau-Pulau Batu","12.14.05.2049","Sisarahili"
"12","Sumatera Utara","12.14","Kabupaten Nias Selatan","12.14.05","Pulau-Pulau Batu","12.14.05.2051","Sebuasi"
"12","Sumatera Utara","12.14","Kabupaten Nias Selatan","12.14.05","Pulau-Pulau Batu","12.14.05.2054","Orahili"
"12","Sumatera Utara","12.14","Kabupaten Nias Selatan","12.14.06","Teluk Dalam","12.14.06.1008","Pasar Teluk Dalam"
"12","Sumatera Utara","12.14","Kabupaten Nias Selatan","12.14.06","Teluk Dalam","12.14.06.2006","Hiligeho"
"12","Sumatera Utara","12.14","Kabupaten Nias Selatan","12.14.06","Teluk Dalam","12.14.06.2007","Hilitobara"
"12","Sumatera Utara","12.14","Kabupaten Nias Selatan","12.14.06","Teluk Dalam","12.14.06.2009","Bawonifaoso"
"12","Sumatera Utara","12.14","Kabupaten Nias Selatan","12.14.06","Teluk Dalam","12.14.06.2010","Bawozaua"
"12","Sumatera Utara","12.14","Kabupaten Nias Selatan","12.14.06","Teluk Dalam","12.14.06.2011","Hiliganowo"
"12","Sumatera Utara","12.14","Kabupaten Nias Selatan","12.14.06","Teluk Dalam","12.14.06.2023","Bawodobara"
"12","Sumatera Utara","12.14","Kabupaten Nias Selatan","12.14.06","Teluk Dalam","12.14.06.2024","Bawolowalani"
"12","Sumatera Utara","12.14","Kabupaten Nias Selatan","12.14.06","Teluk Dalam","12.14.06.2025","Hilisao'otoniha"
"12","Sumatera Utara","12.14","Kabupaten Nias Selatan","12.14.06","Teluk Dalam","12.14.06.2026","Hilisondrekha"
"12","Sumatera Utara","12.14","Kabupaten Nias Selatan","12.14.06","Teluk Dalam","12.14.06.2040","Hiliamuri"
"12","Sumatera Utara","12.14","Kabupaten Nias Selatan","12.14.06","Teluk Dalam","12.14.06.2042","Hiliana'a"
"12","Sumatera Utara","12.14","Kabupaten Nias Selatan","12.14.06","Teluk Dalam","12.14.06.2043","Hiliganowo Salo'o"
"12","Sumatera Utara","12.14","Kabupaten Nias Selatan","12.14.06","Teluk Dalam","12.14.06.2044","Ganowo Saua"
"12","Sumatera Utara","12.14","Kabupaten Nias Selatan","12.14.06","Teluk Dalam","12.14.06.2045","Nanowa"
"12","Sumatera Utara","12.14","Kabupaten Nias Selatan","12.14.06","Teluk Dalam","12.14.06.2046","Hililaza"
"12","Sumatera Utara","12.14","Kabupaten Nias Selatan","12.14.07","Amandraya","12.14.07.2004","Sifaoroasi"
"12","Sumatera Utara","12.14","Kabupaten Nias Selatan","12.14.07","Amandraya","12.14.07.2005","Hilihoru"
"12","Sumatera Utara","12.14","Kabupaten Nias Selatan","12.14.07","Amandraya","12.14.07.2006","Hilimbulawa"
"12","Sumatera Utara","12.14","Kabupaten Nias Selatan","12.14.07","Amandraya","12.14.07.2008","Tuindrao"
"12","Sumatera Utara","12.14","Kabupaten Nias Selatan","12.14.07","Amandraya","12.14.07.2009","Hilimbowo"
"12","Sumatera Utara","12.14","Kabupaten Nias Selatan","12.14.07","Amandraya","12.14.07.2011","Mohili"
"12","Sumatera Utara","12.14","Kabupaten Nias Selatan","12.14.07","Amandraya","12.14.07.2012","Lolozaria"
"12","Sumatera Utara","12.14","Kabupaten Nias Selatan","12.14.07","Amandraya","12.14.07.2013","Lolomoyo"
"12","Sumatera Utara","12.14","Kabupaten Nias Selatan","12.14.07","Amandraya","12.14.07.2014","Hilifadolo"
"12","Sumatera Utara","12.14","Kabupaten Nias Selatan","12.14.07","Amandraya","12.14.07.2015","Orahili Eho"
"12","Sumatera Utara","12.14","Kabupaten Nias Selatan","12.14.07","Amandraya","12.14.07.2016","Sisobahili"
"12","Sumatera Utara","12.14","Kabupaten Nias Selatan","12.14.07","Amandraya","12.14.07.2023","Loloabolo"
"12","Sumatera Utara","12.14","Kabupaten Nias Selatan","12.14.07","Amandraya","12.14.07.2024","Hilisalo'o"
"12","Sumatera Utara","12.14","Kabupaten Nias Selatan","12.14.07","Amandraya","12.14.07.2026","Sirofi"
"12","Sumatera Utara","12.14","Kabupaten Nias Selatan","12.14.07","Amandraya","12.14.07.2027","Hilindraso"
"12","Sumatera Utara","12.14","Kabupaten Nias Selatan","12.14.07","Amandraya","12.14.07.2028","Hilimaera"
"12","Sumatera Utara","12.14","Kabupaten Nias Selatan","12.14.07","Amandraya","12.14.07.2029","Boholu"
"12","Sumatera Utara","12.14","Kabupaten Nias Selatan","12.14.07","Amandraya","12.14.07.2030","Amandraya"
"12","Sumatera Utara","12.14","Kabupaten Nias Selatan","12.14.07","Amandraya","12.14.07.2031","Sinar Ino'o"
"12","Sumatera Utara","12.14","Kabupaten Nias Selatan","12.14.07","Amandraya","12.14.07.2032","Tuindrao I"
"12","Sumatera Utara","12.14","Kabupaten Nias Selatan","12.14.07","Amandraya","12.14.07.2033","Tuhemberua Amandraya"
"12","Sumatera Utara","12.14","Kabupaten Nias Selatan","12.14.08","Lolowau","12.14.08.2001","Amuri"
"12","Sumatera Utara","12.14","Kabupaten Nias Selatan","12.14.08","Lolowau","12.14.08.2004","Bawosalo'o Siwalawa"
"12","Sumatera Utara","12.14","Kabupaten Nias Selatan","12.14.08","Lolowau","12.14.08.2009","Hilifadolo"
"12","Sumatera Utara","12.14","Kabupaten Nias Selatan","12.14.08","Lolowau","12.14.08.2014","Lolofaoso"
"12","Sumatera Utara","12.14","Kabupaten Nias Selatan","12.14.08","Lolowau","12.14.08.2015","Lolomoyo"
"12","Sumatera Utara","12.14","Kabupaten Nias Selatan","12.14.08","Lolowau","12.14.08.2016","Lolowau"
"12","Sumatera Utara","12.14","Kabupaten Nias Selatan","12.14.08","Lolowau","12.14.08.2017","Lolohowa"
"12","Sumatera Utara","12.14","Kabupaten Nias Selatan","12.14.08","Lolowau","12.14.08.2022","Sisarahili Ekholo"
"12","Sumatera Utara","12.14","Kabupaten Nias Selatan","12.14.08","Lolowau","12.14.08.2030","Tuhegafoa"
"12","Sumatera Utara","12.14","Kabupaten Nias Selatan","12.14.08","Lolowau","12.14.08.2033","Botohili"
"12","Sumatera Utara","12.14","Kabupaten Nias Selatan","12.14.08","Lolowau","12.14.08.2035","Hilikara"
"12","Sumatera Utara","12.14","Kabupaten Nias Selatan","12.14.08","Lolowau","12.14.08.2044","Samiri"
"12","Sumatera Utara","12.14","Kabupaten Nias Selatan","12.14.08","Lolowau","12.14.08.2047","Hilimbowo Siwalawa"
"12","Sumatera Utara","12.14","Kabupaten Nias Selatan","12.14.08","Lolowau","12.14.08.2048","Nituwu Boho"
"12","Sumatera Utara","12.14","Kabupaten Nias Selatan","12.14.09","Susua","12.14.09.2001","Sifalago Susua"
"12","Sumatera Utara","12.14","Kabupaten Nias Selatan","12.14.09","Susua","12.14.09.2002","Orahili Susua"
"12","Sumatera Utara","12.14","Kabupaten Nias Selatan","12.14.09","Susua","12.14.09.2003","Hiliana'a Susua"
"12","Sumatera Utara","12.14","Kabupaten Nias Selatan","12.14.09","Susua","12.14.09.2004","Hiliorahua"
"12","Sumatera Utara","12.14","Kabupaten Nias Selatan","12.14.09","Susua","12.14.09.2005","Hilimboe"
"12","Sumatera Utara","12.14","Kabupaten Nias Selatan","12.14.09","Susua","12.14.09.2006","Hilimboho"
"12","Sumatera Utara","12.14","Kabupaten Nias Selatan","12.14.09","Susua","12.14.09.2008","Hiliwaebu"
"12","Sumatera Utara","12.14","Kabupaten Nias Selatan","12.14.09","Susua","12.14.09.2009","Hilidanayao"
"12","Sumatera Utara","12.14","Kabupaten Nias Selatan","12.14.09","Susua","12.14.09.2010","Hilizamurugo"
"12","Sumatera Utara","12.14","Kabupaten Nias Selatan","12.14.09","Susua","12.14.09.2011","Sisobahili"
"12","Sumatera Utara","12.14","Kabupaten Nias Selatan","12.14.09","Susua","12.14.09.2012","Dao-dao Zanuwo"
"12","Sumatera Utara","12.14","Kabupaten Nias Selatan","12.14.09","Susua","12.14.09.2013","Hiliorudua"
"12","Sumatera Utara","12.14","Kabupaten Nias Selatan","12.14.09","Susua","12.14.09.2014","Bintang Baru"
"12","Sumatera Utara","12.14","Kabupaten Nias Selatan","12.14.09","Susua","12.14.09.2015","Hilitobara Susua"
"12","Sumatera Utara","12.14","Kabupaten Nias Selatan","12.14.09","Susua","12.14.09.2016","Orahua Uluzoi"
"12","Sumatera Utara","12.14","Kabupaten Nias Selatan","12.14.09","Susua","12.14.09.2017","Hilisibohou"
"12","Sumatera Utara","12.14","Kabupaten Nias Selatan","12.14.09","Susua","12.14.09.2018","Hiliadulosoi"
"12","Sumatera Utara","12.14","Kabupaten Nias Selatan","12.14.09","Susua","12.14.09.2019","Orahili Bo'e"
"12","Sumatera Utara","12.14","Kabupaten Nias Selatan","12.14.10","Maniamolo","12.14.10.2001","Hilisimaetano"
"12","Sumatera Utara","12.14","Kabupaten Nias Selatan","12.14.10","Maniamolo","12.14.10.2002","Bawogosali"
"12","Sumatera Utara","12.14","Kabupaten Nias Selatan","12.14.10","Maniamolo","12.14.10.2003","Hilifalawu"
"12","Sumatera Utara","12.14","Kabupaten Nias Selatan","12.14.10","Maniamolo","12.14.10.2005","Samadaya Hilisimaetano"
"12","Sumatera Utara","12.14","Kabupaten Nias Selatan","12.14.10","Maniamolo","12.14.10.2006","Idala Jaya Hilisimaetano"
"12","Sumatera Utara","12.14","Kabupaten Nias Selatan","12.14.10","Maniamolo","12.14.10.2007","Pekan Hilisimaetano"
"12","Sumatera Utara","12.14","Kabupaten Nias Selatan","12.14.10","Maniamolo","12.14.10.2008","Bonia Hilisimaetano"
"12","Sumatera Utara","12.14","Kabupaten Nias Selatan","12.14.10","Maniamolo","12.14.10.2009","Ndraso Hilisimaetano"
"12","Sumatera Utara","12.14","Kabupaten Nias Selatan","12.14.10","Maniamolo","12.14.10.2010","Faomasi Hilisimaetano"
"12","Sumatera Utara","12.14","Kabupaten Nias Selatan","12.14.10","Maniamolo","12.14.10.2011","Eho Hilisimaetano"
"12","Sumatera Utara","12.14","Kabupaten Nias Selatan","12.14.10","Maniamolo","12.14.10.2012","Soto'o Hilisimaetano"
"12","Sumatera Utara","12.14","Kabupaten Nias Selatan","12.14.10","Maniamolo","12.14.10.2013","Hiliaurifa Hilisimaetano"
"12","Sumatera Utara","12.14","Kabupaten Nias Selatan","12.14.10","Maniamolo","12.14.10.2015","Bawohosi Maniamolo"
"12","Sumatera Utara","12.14","Kabupaten Nias Selatan","12.14.10","Maniamolo","12.14.10.2016","Bawosaodano"
"12","Sumatera Utara","12.14","Kabupaten Nias Selatan","12.14.11","Hilimegai","12.14.11.2001","Togizita"
"12","Sumatera Utara","12.14","Kabupaten Nias Selatan","12.14.11","Hilimegai","12.14.11.2002","Soledua"
"12","Sumatera Utara","12.14","Kabupaten Nias Selatan","12.14.11","Hilimegai","12.14.11.2003","Bawosalo'o Dao-dao"
"12","Sumatera Utara","12.14","Kabupaten Nias Selatan","12.14.11","Hilimegai","12.14.11.2004","Tuho'owo"
"12","Sumatera Utara","12.14","Kabupaten Nias Selatan","12.14.11","Hilimegai","12.14.11.2005","Togizita I"
"12","Sumatera Utara","12.14","Kabupaten Nias Selatan","12.14.11","Hilimegai","12.14.11.2007","Hilitoese"
"12","Sumatera Utara","12.14","Kabupaten Nias Selatan","12.14.11","Hilimegai","12.14.11.2008","Dao-dao Sowo"
"12","Sumatera Utara","12.14","Kabupaten Nias Selatan","12.14.11","Hilimegai","12.14.11.2009","Hiliadulo"
"12","Sumatera Utara","12.14","Kabupaten Nias Selatan","12.14.11","Hilimegai","12.14.11.2010","Soledua I"
"12","Sumatera Utara","12.14","Kabupaten Nias Selatan","12.14.11","Hilimegai","12.14.11.2011","Soledua II"
"12","Sumatera Utara","12.14","Kabupaten Nias Selatan","12.14.12","Toma","12.14.12.2001","Hilisataro"
"12","Sumatera Utara","12.14","Kabupaten Nias Selatan","12.14.12","Toma","12.14.12.2002","Hilinamoniha"
"12","Sumatera Utara","12.14","Kabupaten Nias Selatan","12.14.12","Toma","12.14.12.2003","Hiliamaetaluo"
"12","Sumatera Utara","12.14","Kabupaten Nias Selatan","12.14.12","Toma","12.14.12.2004","Bawoganowo"
"12","Sumatera Utara","12.14","Kabupaten Nias Selatan","12.14.12","Toma","12.14.12.2005","Hili'alawa"
"12","Sumatera Utara","12.14","Kabupaten Nias Selatan","12.14.12","Toma","12.14.12.2006","Hilindrasoniha"
"12","Sumatera Utara","12.14","Kabupaten Nias Selatan","12.14.12","Toma","12.14.12.2007","Hilimagari"
"12","Sumatera Utara","12.14","Kabupaten Nias Selatan","12.14.12","Toma","12.14.12.2008","Hilisataro Raya"
"12","Sumatera Utara","12.14","Kabupaten Nias Selatan","12.14.12","Toma","12.14.12.2009","Hilisataro Gewa"
"12","Sumatera Utara","12.14","Kabupaten Nias Selatan","12.14.12","Toma","12.14.12.2010","Hilisoromi"
"12","Sumatera Utara","12.14","Kabupaten Nias Selatan","12.14.12","Toma","12.14.12.2011","Hiliasi"
"12","Sumatera Utara","12.14","Kabupaten Nias Selatan","12.14.12","Toma","12.14.12.2012","Hilindraso Raya"
"12","Sumatera Utara","12.14","Kabupaten Nias Selatan","12.14.12","Toma","12.14.12.2013","Hilisataro Nandisa"
"12","Sumatera Utara","12.14","Kabupaten Nias Selatan","12.14.12","Toma","12.14.12.2014","Hilisataro Eho Sofayo"
"12","Sumatera Utara","12.14","Kabupaten Nias Selatan","12.14.13","Mazino","12.14.13.2001","Hilizalo'otano"
"12","Sumatera Utara","12.14","Kabupaten Nias Selatan","12.14.13","Mazino","12.14.13.2002","Hilinawalo Mazino"
"12","Sumatera Utara","12.14","Kabupaten Nias Selatan","12.14.13","Mazino","12.14.13.2003","Lawindra"
"12","Sumatera Utara","12.14","Kabupaten Nias Selatan","12.14.13","Mazino","12.14.13.2004","Bawolahusa"
"12","Sumatera Utara","12.14","Kabupaten Nias Selatan","12.14.13","Mazino","12.14.13.2005","Hilizoroi Lawa"
"12","Sumatera Utara","12.14","Kabupaten Nias Selatan","12.14.13","Mazino","12.14.13.2006","Hilizalo'otano Laowo"
"12","Sumatera Utara","12.14","Kabupaten Nias Selatan","12.14.13","Mazino","12.14.13.2007","Hilizalo'otano Larono"
"12","Sumatera Utara","12.14","Kabupaten Nias Selatan","12.14.13","Mazino","12.14.13.2008","Hililaza Hilinawalo Mazino"
"12","Sumatera Utara","12.14","Kabupaten Nias Selatan","12.14.13","Mazino","12.14.13.2009","Hilifondege Hilizoroilawa"
"12","Sumatera Utara","12.14","Kabupaten Nias Selatan","12.14.13","Mazino","12.14.13.2010","Lolomboli"
"12","Sumatera Utara","12.14","Kabupaten Nias Selatan","12.14.13","Mazino","12.14.13.2011","Bawolahusa Doli-doli"
"12","Sumatera Utara","12.14","Kabupaten Nias Selatan","12.14.14","Umbunasi","12.14.14.2001","Lawindra"
"12","Sumatera Utara","12.14","Kabupaten Nias Selatan","12.14.14","Umbunasi","12.14.14.2003","Sifaoro'asi Mola"
"12","Sumatera Utara","12.14","Kabupaten Nias Selatan","12.14.14","Umbunasi","12.14.14.2004","Hiliuso"
"12","Sumatera Utara","12.14","Kabupaten Nias Selatan","12.14.14","Umbunasi","12.14.14.2005","Balohili Mola"
"12","Sumatera Utara","12.14","Kabupaten Nias Selatan","12.14.14","Umbunasi","12.14.14.2006","Ambukha"
"12","Sumatera Utara","12.14","Kabupaten Nias Selatan","12.14.14","Umbunasi","12.14.14.2007","Tobualo"
"12","Sumatera Utara","12.14","Kabupaten Nias Selatan","12.14.14","Umbunasi","12.14.14.2008","Hilibadalu"
"12","Sumatera Utara","12.14","Kabupaten Nias Selatan","12.14.14","Umbunasi","12.14.14.2009","Foikhugaga"
"12","Sumatera Utara","12.14","Kabupaten Nias Selatan","12.14.14","Umbunasi","12.14.14.2010","Orlin"
"12","Sumatera Utara","12.14","Kabupaten Nias Selatan","12.14.14","Umbunasi","12.14.14.2011","Orahili Mola"
"12","Sumatera Utara","12.14","Kabupaten Nias Selatan","12.14.14","Umbunasi","12.14.14.2012","Umbunasi"
"12","Sumatera Utara","12.14","Kabupaten Nias Selatan","12.14.15","Aramo","12.14.15.2001","Hilitotao"
"12","Sumatera Utara","12.14","Kabupaten Nias Selatan","12.14.15","Aramo","12.14.15.2002","Hiliorudua"
"12","Sumatera Utara","12.14","Kabupaten Nias Selatan","12.14.15","Aramo","12.14.15.2003","Sisobambowo"
"12","Sumatera Utara","12.14","Kabupaten Nias Selatan","12.14.15","Aramo","12.14.15.2004","Hiliamauzula"
"12","Sumatera Utara","12.14","Kabupaten Nias Selatan","12.14.15","Aramo","12.14.15.2005","Aramo"
"12","Sumatera Utara","12.14","Kabupaten Nias Selatan","12.14.15","Aramo","12.14.15.2006","Sikhorilafau"
"12","Sumatera Utara","12.14","Kabupaten Nias Selatan","12.14.15","Aramo","12.14.15.2007","Hilifadolo"
"12","Sumatera Utara","12.14","Kabupaten Nias Selatan","12.14.15","Aramo","12.14.15.2008","Hume"
"12","Sumatera Utara","12.14","Kabupaten Nias Selatan","12.14.15","Aramo","12.14.15.2009","Dao-dao"
"12","Sumatera Utara","12.14","Kabupaten Nias Selatan","12.14.15","Aramo","12.14.15.2010","Hilimagiao"
"12","Sumatera Utara","12.14","Kabupaten Nias Selatan","12.14.15","Aramo","12.14.15.2011","Hilisawato"
"12","Sumatera Utara","12.14","Kabupaten Nias Selatan","12.14.15","Aramo","12.14.15.2012","Balohao"
"12","Sumatera Utara","12.14","Kabupaten Nias Selatan","12.14.15","Aramo","12.14.15.2013","Hiligafoa"
"12","Sumatera Utara","12.14","Kabupaten Nias Selatan","12.14.15","Aramo","12.14.15.2014","Hilimbowo"
"12","Sumatera Utara","12.14","Kabupaten Nias Selatan","12.14.15","Aramo","12.14.15.2015","Hilimezaya"
"12","Sumatera Utara","12.14","Kabupaten Nias Selatan","12.14.15","Aramo","12.14.15.2016","Hiliadolowa"
"12","Sumatera Utara","12.14","Kabupaten Nias Selatan","12.14.15","Aramo","12.14.15.2017","Hiligumbu"
"12","Sumatera Utara","12.14","Kabupaten Nias Selatan","12.14.15","Aramo","12.14.15.2018","Bagoa"
"12","Sumatera Utara","12.14","Kabupaten Nias Selatan","12.14.16","Pulau-Pulau Batu Timur","12.14.16.2001","Labuhan Hiu"
"12","Sumatera Utara","12.14","Kabupaten Nias Selatan","12.14.16","Pulau-Pulau Batu Timur","12.14.16.2002","Labuhan Bazau"
"12","Sumatera Utara","12.14","Kabupaten Nias Selatan","12.14.16","Pulau-Pulau Batu Timur","12.14.16.2003","Labuan Rima"
"12","Sumatera Utara","12.14","Kabupaten Nias Selatan","12.14.16","Pulau-Pulau Batu Timur","12.14.16.2004","Lambak"
"12","Sumatera Utara","12.14","Kabupaten Nias Selatan","12.14.16","Pulau-Pulau Batu Timur","12.14.16.2005","Bais"
"12","Sumatera Utara","12.14","Kabupaten Nias Selatan","12.14.16","Pulau-Pulau Batu Timur","12.14.16.2006","Mahang Labara"
"12","Sumatera Utara","12.14","Kabupaten Nias Selatan","12.14.16","Pulau-Pulau Batu Timur","12.14.16.2007","Adam"
"12","Sumatera Utara","12.14","Kabupaten Nias Selatan","12.14.16","Pulau-Pulau Batu Timur","12.14.16.2008","Labara"
"12","Sumatera Utara","12.14","Kabupaten Nias Selatan","12.14.16","Pulau-Pulau Batu Timur","12.14.16.2009","Bais Baru"
"12","Sumatera Utara","12.14","Kabupaten Nias Selatan","12.14.16","Pulau-Pulau Batu Timur","12.14.16.2010","Labuan Rima Baru"
"12","Sumatera Utara","12.14","Kabupaten Nias Selatan","12.14.17","Mazo","12.14.17.2001","Tetegawa'ai"
"12","Sumatera Utara","12.14","Kabupaten Nias Selatan","12.14.17","Mazo","12.14.17.2002","Hilimbaruzo"
"12","Sumatera Utara","12.14","Kabupaten Nias Selatan","12.14.17","Mazo","12.14.17.2003","Luahandroito"
"12","Sumatera Utara","12.14","Kabupaten Nias Selatan","12.14.17","Mazo","12.14.17.2005","Orahuahili"
"12","Sumatera Utara","12.14","Kabupaten Nias Selatan","12.14.17","Mazo","12.14.17.2006","Ulu Mazo"
"12","Sumatera Utara","12.14","Kabupaten Nias Selatan","12.14.17","Mazo","12.14.17.2007","Guigui"
"12","Sumatera Utara","12.14","Kabupaten Nias Selatan","12.14.17","Mazo","12.14.17.2009","Hilimaufa"
"12","Sumatera Utara","12.14","Kabupaten Nias Selatan","12.14.17","Mazo","12.14.17.2010","Siofabanua"
"12","Sumatera Utara","12.14","Kabupaten Nias Selatan","12.14.17","Mazo","12.14.17.2011","Tetegawa'ai Ehomo"
"12","Sumatera Utara","12.14","Kabupaten Nias Selatan","12.14.17","Mazo","12.14.17.2013","Tafulu"
"12","Sumatera Utara","12.14","Kabupaten Nias Selatan","12.14.18","Fanayama","12.14.18.2001","Bawomataluo"
"12","Sumatera Utara","12.14","Kabupaten Nias Selatan","12.14.18","Fanayama","12.14.18.2002","Orahili Fau"
"12","Sumatera Utara","12.14","Kabupaten Nias Selatan","12.14.18","Fanayama","12.14.18.2003","Bawonahono"
"12","Sumatera Utara","12.14","Kabupaten Nias Selatan","12.14.18","Fanayama","12.14.18.2005","Siwalawa"
"12","Sumatera Utara","12.14","Kabupaten Nias Selatan","12.14.18","Fanayama","12.14.18.2006","Onohondro"
"12","Sumatera Utara","12.14","Kabupaten Nias Selatan","12.14.18","Fanayama","12.14.18.2007","Hilinawalo Fau"
"12","Sumatera Utara","12.14","Kabupaten Nias Selatan","12.14.18","Fanayama","12.14.18.2008","Lahusa Fau"
"12","Sumatera Utara","12.14","Kabupaten Nias Selatan","12.14.18","Fanayama","12.14.18.2011","Hilizihono"
"12","Sumatera Utara","12.14","Kabupaten Nias Selatan","12.14.18","Fanayama","12.14.18.2012","Hiliofonaluo"
"12","Sumatera Utara","12.14","Kabupaten Nias Selatan","12.14.18","Fanayama","12.14.18.2015","Bawofanayama"
"12","Sumatera Utara","12.14","Kabupaten Nias Selatan","12.14.18","Fanayama","12.14.18.2017","Hilikara Maha"
"12","Sumatera Utara","12.14","Kabupaten Nias Selatan","12.14.18","Fanayama","12.14.18.2018","Hilisalawa"
"12","Sumatera Utara","12.14","Kabupaten Nias Selatan","12.14.18","Fanayama","12.14.18.2019","Hiligito"
"12","Sumatera Utara","12.14","Kabupaten Nias Selatan","12.14.18","Fanayama","12.14.18.2020","Siliwulawa"
"12","Sumatera Utara","12.14","Kabupaten Nias Selatan","12.14.18","Fanayama","12.14.18.2021","Hilifarokha Lawa"
"12","Sumatera Utara","12.14","Kabupaten Nias Selatan","12.14.18","Fanayama","12.14.18.2022","Eho Orahili"
"12","Sumatera Utara","12.14","Kabupaten Nias Selatan","12.14.18","Fanayama","12.14.18.2023","Ete Batu"
"12","Sumatera Utara","12.14","Kabupaten Nias Selatan","12.14.19","Ulunoyo","12.14.19.2001","Sambulu"
"12","Sumatera Utara","12.14","Kabupaten Nias Selatan","12.14.19","Ulunoyo","12.14.19.2002","Orahili Ulunoyo"
"12","Sumatera Utara","12.14","Kabupaten Nias Selatan","12.14.19","Ulunoyo","12.14.19.2003","Hiliwaebu"
"12","Sumatera Utara","12.14","Kabupaten Nias Selatan","12.14.19","Ulunoyo","12.14.19.2004","Amorosa"
"12","Sumatera Utara","12.14","Kabupaten Nias Selatan","12.14.19","Ulunoyo","12.14.19.2005","Marao"
"12","Sumatera Utara","12.14","Kabupaten Nias Selatan","12.14.19","Ulunoyo","12.14.19.2006","Borowosi"
"12","Sumatera Utara","12.14","Kabupaten Nias Selatan","12.14.19","Ulunoyo","12.14.19.2007","Hilimaera"
"12","Sumatera Utara","12.14","Kabupaten Nias Selatan","12.14.19","Ulunoyo","12.14.19.2008","Suka Maju"
"12","Sumatera Utara","12.14","Kabupaten Nias Selatan","12.14.19","Ulunoyo","12.14.19.2009","Loloana'a"
"12","Sumatera Utara","12.14","Kabupaten Nias Selatan","12.14.19","Ulunoyo","12.14.19.2010","Hilifakhe"
"12","Sumatera Utara","12.14","Kabupaten Nias Selatan","12.14.19","Ulunoyo","12.14.19.2011","Bawo Lolomatua"
"12","Sumatera Utara","12.14","Kabupaten Nias Selatan","12.14.19","Ulunoyo","12.14.19.2012","Ambukha I"
"12","Sumatera Utara","12.14","Kabupaten Nias Selatan","12.14.19","Ulunoyo","12.14.19.2013","Puncak Lolomatua"
"12","Sumatera Utara","12.14","Kabupaten Nias Selatan","12.14.20","Huruna","12.14.20.2001","Ehosakhozi"
"12","Sumatera Utara","12.14","Kabupaten Nias Selatan","12.14.20","Huruna","12.14.20.2002","Bawohosi"
"12","Sumatera Utara","12.14","Kabupaten Nias Selatan","12.14.20","Huruna","12.14.20.2003","Hilizoliga"
"12","Sumatera Utara","12.14","Kabupaten Nias Selatan","12.14.20","Huruna","12.14.20.2004","Olayama"
"12","Sumatera Utara","12.14","Kabupaten Nias Selatan","12.14.20","Huruna","12.14.20.2005","Sifaoroasi"
"12","Sumatera Utara","12.14","Kabupaten Nias Selatan","12.14.20","Huruna","12.14.20.2006","Sifalago"
"12","Sumatera Utara","12.14","Kabupaten Nias Selatan","12.14.20","Huruna","12.14.20.2007","Lalimanawa"
"12","Sumatera Utara","12.14","Kabupaten Nias Selatan","12.14.20","Huruna","12.14.20.2008","Tundrumbaho"
"12","Sumatera Utara","12.14","Kabupaten Nias Selatan","12.14.20","Huruna","12.14.20.2009","Hiliuso"
"12","Sumatera Utara","12.14","Kabupaten Nias Selatan","12.14.20","Huruna","12.14.20.2010","Sisarahili Huruna"
"12","Sumatera Utara","12.14","Kabupaten Nias Selatan","12.14.20","Huruna","12.14.20.2011","Tarewe"
"12","Sumatera Utara","12.14","Kabupaten Nias Selatan","12.14.20","Huruna","12.14.20.2012","Fadoro Tuhemberua"
"12","Sumatera Utara","12.14","Kabupaten Nias Selatan","12.14.20","Huruna","12.14.20.2013","Hilifalawu"
"12","Sumatera Utara","12.14","Kabupaten Nias Selatan","12.14.20","Huruna","12.14.20.2014","Luahamofakhe"
"12","Sumatera Utara","12.14","Kabupaten Nias Selatan","12.14.20","Huruna","12.14.20.2015","Sifaoroasi Huruna"
"12","Sumatera Utara","12.14","Kabupaten Nias Selatan","12.14.20","Huruna","12.14.20.2016","Hilimanawa"
"12","Sumatera Utara","12.14","Kabupaten Nias Selatan","12.14.20","Huruna","12.14.20.2017","Mombawa Oladano"
"12","Sumatera Utara","12.14","Kabupaten Nias Selatan","12.14.21","O'o'u","12.14.21.2001","Hilinamazihono"
"12","Sumatera Utara","12.14","Kabupaten Nias Selatan","12.14.21","O'o'u","12.14.21.2002","Hilimbowo"
"12","Sumatera Utara","12.14","Kabupaten Nias Selatan","12.14.21","O'o'u","12.14.21.2003","Simandraolo"
"12","Sumatera Utara","12.14","Kabupaten Nias Selatan","12.14.21","O'o'u","12.14.21.2004","Bawosalo'o Bawoluo"
"12","Sumatera Utara","12.14","Kabupaten Nias Selatan","12.14.21","O'o'u","12.14.21.2005","Hilimbuasi"
"12","Sumatera Utara","12.14","Kabupaten Nias Selatan","12.14.21","O'o'u","12.14.21.2006","Simandraolo O'o'u"
"12","Sumatera Utara","12.14","Kabupaten Nias Selatan","12.14.21","O'o'u","12.14.21.2007","Lolomaya"
"12","Sumatera Utara","12.14","Kabupaten Nias Selatan","12.14.21","O'o'u","12.14.21.2008","Suka Maju"
"12","Sumatera Utara","12.14","Kabupaten Nias Selatan","12.14.21","O'o'u","12.14.21.2009","Hiliorudua"
"12","Sumatera Utara","12.14","Kabupaten Nias Selatan","12.14.21","O'o'u","12.14.21.2010","Hilinamazihono Moale"
"12","Sumatera Utara","12.14","Kabupaten Nias Selatan","12.14.21","O'o'u","12.14.21.2011","Balohili O'o'u"
"12","Sumatera Utara","12.14","Kabupaten Nias Selatan","12.14.22","Onohazumba","12.14.22.2001","Fadoro Ewo"
"12","Sumatera Utara","12.14","Kabupaten Nias Selatan","12.14.22","Onohazumba","12.14.22.2002","Soroma'asi"
"12","Sumatera Utara","12.14","Kabupaten Nias Selatan","12.14.22","Onohazumba","12.14.22.2003","Lauso"
"12","Sumatera Utara","12.14","Kabupaten Nias Selatan","12.14.22","Onohazumba","12.14.22.2004","Sisarahili Oyo"
"12","Sumatera Utara","12.14","Kabupaten Nias Selatan","12.14.22","Onohazumba","12.14.22.2005","Sisobahili Huruna"
"12","Sumatera Utara","12.14","Kabupaten Nias Selatan","12.14.22","Onohazumba","12.14.22.2006","Onohazumba"
"12","Sumatera Utara","12.14","Kabupaten Nias Selatan","12.14.22","Onohazumba","12.14.22.2007","Hiliweto"
"12","Sumatera Utara","12.14","Kabupaten Nias Selatan","12.14.22","Onohazumba","12.14.22.2008","Orahili Huruna"
"12","Sumatera Utara","12.14","Kabupaten Nias Selatan","12.14.22","Onohazumba","12.14.22.2009","Tetehosi"
"12","Sumatera Utara","12.14","Kabupaten Nias Selatan","12.14.22","Onohazumba","12.14.22.2010","Helefanikha"
"12","Sumatera Utara","12.14","Kabupaten Nias Selatan","12.14.23","Hilisalawa'ahe","12.14.23.2001","Maluo"
"12","Sumatera Utara","12.14","Kabupaten Nias Selatan","12.14.23","Hilisalawa'ahe","12.14.23.2002","Hiliadulo"
"12","Sumatera Utara","12.14","Kabupaten Nias Selatan","12.14.23","Hilisalawa'ahe","12.14.23.2003","Umbuasi"
"12","Sumatera Utara","12.14","Kabupaten Nias Selatan","12.14.23","Hilisalawa'ahe","12.14.23.2004","Sisobahili Siwalawa"
"12","Sumatera Utara","12.14","Kabupaten Nias Selatan","12.14.23","Hilisalawa'ahe","12.14.23.2005","Manawadano"
"12","Sumatera Utara","12.14","Kabupaten Nias Selatan","12.14.23","Hilisalawa'ahe","12.14.23.2006","Talio"
"12","Sumatera Utara","12.14","Kabupaten Nias Selatan","12.14.23","Hilisalawa'ahe","12.14.23.2007","Anaoma"
"12","Sumatera Utara","12.14","Kabupaten Nias Selatan","12.14.23","Hilisalawa'ahe","12.14.23.2008","Berua Siwalawa"
"12","Sumatera Utara","12.14","Kabupaten Nias Selatan","12.14.23","Hilisalawa'ahe","12.14.23.2009","Umbuasi Barat"
"12","Sumatera Utara","12.14","Kabupaten Nias Selatan","12.14.23","Hilisalawa'ahe","12.14.23.2010","Hiligodu"
"12","Sumatera Utara","12.14","Kabupaten Nias Selatan","12.14.23","Hilisalawa'ahe","12.14.23.2011","Bukit Burasi"
"12","Sumatera Utara","12.14","Kabupaten Nias Selatan","12.14.24","Ulususua","12.14.24.2001","Fondrakoraya"
"12","Sumatera Utara","12.14","Kabupaten Nias Selatan","12.14.24","Ulususua","12.14.24.2002","Orudua Sibohou"
"12","Sumatera Utara","12.14","Kabupaten Nias Selatan","12.14.24","Ulususua","12.14.24.2003","Sisarahili Susua"
"12","Sumatera Utara","12.14","Kabupaten Nias Selatan","12.14.24","Ulususua","12.14.24.2004","Susua"
"12","Sumatera Utara","12.14","Kabupaten Nias Selatan","12.14.24","Ulususua","12.14.24.2005","Lahusa Susua"
"12","Sumatera Utara","12.14","Kabupaten Nias Selatan","12.14.24","Ulususua","12.14.24.2006","Ramba-ramba"
"12","Sumatera Utara","12.14","Kabupaten Nias Selatan","12.14.24","Ulususua","12.14.24.2007","Hilinifaoso"
"12","Sumatera Utara","12.14","Kabupaten Nias Selatan","12.14.24","Ulususua","12.14.24.2008","Sifaoroasi"
"12","Sumatera Utara","12.14","Kabupaten Nias Selatan","12.14.24","Ulususua","12.14.24.2009","Amandraya"
"12","Sumatera Utara","12.14","Kabupaten Nias Selatan","12.14.24","Ulususua","12.14.24.2010","Foikhu Fondrako"
"12","Sumatera Utara","12.14","Kabupaten Nias Selatan","12.14.24","Ulususua","12.14.24.2011","Hiliwosi"
"12","Sumatera Utara","12.14","Kabupaten Nias Selatan","12.14.24","Ulususua","12.14.24.2012","Orahili Fondrako"
"12","Sumatera Utara","12.14","Kabupaten Nias Selatan","12.14.25","Sidua'ori","12.14.25.2001","Mondrowe"
"12","Sumatera Utara","12.14","Kabupaten Nias Selatan","12.14.25","Sidua'ori","12.14.25.2002","Hilidohona"
"12","Sumatera Utara","12.14","Kabupaten Nias Selatan","12.14.25","Sidua'ori","12.14.25.2003","Hililaora"
"12","Sumatera Utara","12.14","Kabupaten Nias Selatan","12.14.25","Sidua'ori","12.14.25.2004","Uluidanoduo"
"12","Sumatera Utara","12.14","Kabupaten Nias Selatan","12.14.25","Sidua'ori","12.14.25.2005","Umbu Sohahau"
"12","Sumatera Utara","12.14","Kabupaten Nias Selatan","12.14.25","Sidua'ori","12.14.25.2006","Hilisao'oto"
"12","Sumatera Utara","12.14","Kabupaten Nias Selatan","12.14.25","Sidua'ori","12.14.25.2007","Taluzusua"
"12","Sumatera Utara","12.14","Kabupaten Nias Selatan","12.14.25","Sidua'ori","12.14.25.2008","Hilizanuwo"
"12","Sumatera Utara","12.14","Kabupaten Nias Selatan","12.14.25","Sidua'ori","12.14.25.2009","Hoya"
"12","Sumatera Utara","12.14","Kabupaten Nias Selatan","12.14.25","Sidua'ori","12.14.25.2010","Na'ai"
"12","Sumatera Utara","12.14","Kabupaten Nias Selatan","12.14.25","Sidua'ori","12.14.25.2011","Olanori"
"12","Sumatera Utara","12.14","Kabupaten Nias Selatan","12.14.26","Somambawa","12.14.26.2001","Sifitubanua"
"12","Sumatera Utara","12.14","Kabupaten Nias Selatan","12.14.26","Somambawa","12.14.26.2002","Siwalu Banua"
"12","Sumatera Utara","12.14","Kabupaten Nias Selatan","12.14.26","Somambawa","12.14.26.2003","Sitolu Banua"
"12","Sumatera Utara","12.14","Kabupaten Nias Selatan","12.14.26","Somambawa","12.14.26.2004","Silima Banua"
"12","Sumatera Utara","12.14","Kabupaten Nias Selatan","12.14.26","Somambawa","12.14.26.2005","Mehaga"
"12","Sumatera Utara","12.14","Kabupaten Nias Selatan","12.14.26","Somambawa","12.14.26.2006","Sihare'o"
"12","Sumatera Utara","12.14","Kabupaten Nias Selatan","12.14.26","Somambawa","12.14.26.2007","Golambanua II"
"12","Sumatera Utara","12.14","Kabupaten Nias Selatan","12.14.26","Somambawa","12.14.26.2008","Oladano"
"12","Sumatera Utara","12.14","Kabupaten Nias Selatan","12.14.26","Somambawa","12.14.26.2009","Fanedanu"
"12","Sumatera Utara","12.14","Kabupaten Nias Selatan","12.14.26","Somambawa","12.14.26.2010","Hiliorahua Tasua"
"12","Sumatera Utara","12.14","Kabupaten Nias Selatan","12.14.26","Somambawa","12.14.26.2011","Somambawa"
"12","Sumatera Utara","12.14","Kabupaten Nias Selatan","12.14.26","Somambawa","12.14.26.2012","Gabungan Tasua"
"12","Sumatera Utara","12.14","Kabupaten Nias Selatan","12.14.26","Somambawa","12.14.26.2013","Hilialawa"
"12","Sumatera Utara","12.14","Kabupaten Nias Selatan","12.14.26","Somambawa","12.14.26.2014","Sinar Susua"
"12","Sumatera Utara","12.14","Kabupaten Nias Selatan","12.14.27","Boronadu","12.14.27.2001","Sifalago Gomo"
"12","Sumatera Utara","12.14","Kabupaten Nias Selatan","12.14.27","Boronadu","12.14.27.2002","Balohili Gomo"
"12","Sumatera Utara","12.14","Kabupaten Nias Selatan","12.14.27","Boronadu","12.14.27.2003","Bohalu"
"12","Sumatera Utara","12.14","Kabupaten Nias Selatan","12.14.27","Boronadu","12.14.27.2004","Orsedes"
"12","Sumatera Utara","12.14","Kabupaten Nias Selatan","12.14.27","Boronadu","12.14.27.2005","Sinar Helaowo"
"12","Sumatera Utara","12.14","Kabupaten Nias Selatan","12.14.27","Boronadu","12.14.27.2006","Siholi"
"12","Sumatera Utara","12.14","Kabupaten Nias Selatan","12.14.27","Boronadu","12.14.27.2007","Tuhegafoa"
"12","Sumatera Utara","12.14","Kabupaten Nias Selatan","12.14.27","Boronadu","12.14.27.2008","Perjuangan"
"12","Sumatera Utara","12.14","Kabupaten Nias Selatan","12.14.27","Boronadu","12.14.27.2009","Lewa-lewa"
"12","Sumatera Utara","12.14","Kabupaten Nias Selatan","12.14.27","Boronadu","12.14.27.2010","Siraha"
"12","Sumatera Utara","12.14","Kabupaten Nias Selatan","12.14.28","Simuk","12.14.28.2001","Gobo"
"12","Sumatera Utara","12.14","Kabupaten Nias Selatan","12.14.28","Simuk","12.14.28.2002","Silina"
"12","Sumatera Utara","12.14","Kabupaten Nias Selatan","12.14.28","Simuk","12.14.28.2003","Maufa"
"12","Sumatera Utara","12.14","Kabupaten Nias Selatan","12.14.28","Simuk","12.14.28.2004","Gondia"
"12","Sumatera Utara","12.14","Kabupaten Nias Selatan","12.14.28","Simuk","12.14.28.2005","Gobo Baru"
"12","Sumatera Utara","12.14","Kabupaten Nias Selatan","12.14.28","Simuk","12.14.28.2006","Silina Baru"
"12","Sumatera Utara","12.14","Kabupaten Nias Selatan","12.14.29","Pulau-Pulau Batu Barat","12.14.29.2001","Fuge"
"12","Sumatera Utara","12.14","Kabupaten Nias Selatan","12.14.29","Pulau-Pulau Batu Barat","12.14.29.2002","Luaha Idano Pono"
"12","Sumatera Utara","12.14","Kabupaten Nias Selatan","12.14.29","Pulau-Pulau Batu Barat","12.14.29.2003","Sigese"
"12","Sumatera Utara","12.14","Kabupaten Nias Selatan","12.14.29","Pulau-Pulau Batu Barat","12.14.29.2004","Bawositora"
"12","Sumatera Utara","12.14","Kabupaten Nias Selatan","12.14.29","Pulau-Pulau Batu Barat","12.14.29.2005","Bintuang"
"12","Sumatera Utara","12.14","Kabupaten Nias Selatan","12.14.29","Pulau-Pulau Batu Barat","12.14.29.2006","Sibaranun"
"12","Sumatera Utara","12.14","Kabupaten Nias Selatan","12.14.29","Pulau-Pulau Batu Barat","12.14.29.2007","Bawolawindra"
"12","Sumatera Utara","12.14","Kabupaten Nias Selatan","12.14.29","Pulau-Pulau Batu Barat","12.14.29.2008","Hayo"
"12","Sumatera Utara","12.14","Kabupaten Nias Selatan","12.14.29","Pulau-Pulau Batu Barat","12.14.29.2009","Hilizamorogotano"
"12","Sumatera Utara","12.14","Kabupaten Nias Selatan","12.14.30","Pulau-Pulau Batu Utara","12.14.30.2001","Siofa Banua Lorang"
"12","Sumatera Utara","12.14","Kabupaten Nias Selatan","12.14.30","Pulau-Pulau Batu Utara","12.14.30.2002","Silima Banua Marit"
"12","Sumatera Utara","12.14","Kabupaten Nias Selatan","12.14.30","Pulau-Pulau Batu Utara","12.14.30.2003","Zia Biang"
"12","Sumatera Utara","12.14","Kabupaten Nias Selatan","12.14.30","Pulau-Pulau Batu Utara","12.14.30.2004","Limo Biang"
"12","Sumatera Utara","12.14","Kabupaten Nias Selatan","12.14.30","Pulau-Pulau Batu Utara","12.14.30.2005","Memong"
"12","Sumatera Utara","12.14","Kabupaten Nias Selatan","12.14.30","Pulau-Pulau Batu Utara","12.14.30.2006","Bale-bale"
"12","Sumatera Utara","12.14","Kabupaten Nias Selatan","12.14.30","Pulau-Pulau Batu Utara","12.14.30.2007","Teluk Limo"
"12","Sumatera Utara","12.14","Kabupaten Nias Selatan","12.14.30","Pulau-Pulau Batu Utara","12.14.30.2008","Wawa"
"12","Sumatera Utara","12.14","Kabupaten Nias Selatan","12.14.30","Pulau-Pulau Batu Utara","12.14.30.2009","Marit Baru"
"12","Sumatera Utara","12.14","Kabupaten Nias Selatan","12.14.30","Pulau-Pulau Batu Utara","12.14.30.2010","Majino Lorang"
"12","Sumatera Utara","12.14","Kabupaten Nias Selatan","12.14.30","Pulau-Pulau Batu Utara","12.14.30.2011","Afore Gobo"
"12","Sumatera Utara","12.14","Kabupaten Nias Selatan","12.14.30","Pulau-Pulau Batu Utara","12.14.30.2012","Bale-bale Sibohou"
"12","Sumatera Utara","12.14","Kabupaten Nias Selatan","12.14.31","Tanah Masa","12.14.31.2001","Baluta"
"12","Sumatera Utara","12.14","Kabupaten Nias Selatan","12.14.31","Tanah Masa","12.14.31.2002","Eho Baluta"
"12","Sumatera Utara","12.14","Kabupaten Nias Selatan","12.14.31","Tanah Masa","12.14.31.2003","Bawo Ofuloa"
"12","Sumatera Utara","12.14","Kabupaten Nias Selatan","12.14.31","Tanah Masa","12.14.31.2004","Hale Baluta"
"12","Sumatera Utara","12.14","Kabupaten Nias Selatan","12.14.31","Tanah Masa","12.14.31.2005","Bawo Orudua"
"12","Sumatera Utara","12.14","Kabupaten Nias Selatan","12.14.31","Tanah Masa","12.14.31.2006","Jeke"
"12","Sumatera Utara","12.14","Kabupaten Nias Selatan","12.14.31","Tanah Masa","12.14.31.2007","Makole"
"12","Sumatera Utara","12.14","Kabupaten Nias Selatan","12.14.31","Tanah Masa","12.14.31.2008","Sifauruasi"
"12","Sumatera Utara","12.14","Kabupaten Nias Selatan","12.14.31","Tanah Masa","12.14.31.2009","Bawo Analita Saeru"
"12","Sumatera Utara","12.14","Kabupaten Nias Selatan","12.14.31","Tanah Masa","12.14.31.2010","Saeru Melayu"
"12","Sumatera Utara","12.14","Kabupaten Nias Selatan","12.14.31","Tanah Masa","12.14.31.2011","Hiligeho Sogawu"
"12","Sumatera Utara","12.14","Kabupaten Nias Selatan","12.14.31","Tanah Masa","12.14.31.2012","Hiliomasio"
"12","Sumatera Utara","12.14","Kabupaten Nias Selatan","12.14.32","Luahagundre Maniamolo","12.14.32.2001","Botohilitano"
"12","Sumatera Utara","12.14","Kabupaten Nias Selatan","12.14.32","Luahagundre Maniamolo","12.14.32.2002","Botohilisalo'o"
"12","Sumatera Utara","12.14","Kabupaten Nias Selatan","12.14.32","Luahagundre Maniamolo","12.14.32.2003","Lagundri"
"12","Sumatera Utara","12.14","Kabupaten Nias Selatan","12.14.32","Luahagundre Maniamolo","12.14.32.2004","Orahili Faomasi"
"12","Sumatera Utara","12.14","Kabupaten Nias Selatan","12.14.32","Luahagundre Maniamolo","12.14.32.2005","Hiliamaetaniha"
"12","Sumatera Utara","12.14","Kabupaten Nias Selatan","12.14.32","Luahagundre Maniamolo","12.14.32.2006","Sondregeasi"
"12","Sumatera Utara","12.14","Kabupaten Nias Selatan","12.14.32","Luahagundre Maniamolo","12.14.32.2007","Botohili Silambo"
"12","Sumatera Utara","12.14","Kabupaten Nias Selatan","12.14.32","Luahagundre Maniamolo","12.14.32.2008","Botohili Sorake"
"12","Sumatera Utara","12.14","Kabupaten Nias Selatan","12.14.32","Luahagundre Maniamolo","12.14.32.2009","Hilimaenamolo"
"12","Sumatera Utara","12.14","Kabupaten Nias Selatan","12.14.32","Luahagundre Maniamolo","12.14.32.2010","Bawomaenamolo"
"12","Sumatera Utara","12.14","Kabupaten Nias Selatan","12.14.33","Onolalu","12.14.33.2001","Hilifalago"
"12","Sumatera Utara","12.14","Kabupaten Nias Selatan","12.14.33","Onolalu","12.14.33.2002","Hilimondregeraya"
"12","Sumatera Utara","12.14","Kabupaten Nias Selatan","12.14.33","Onolalu","12.14.33.2003","Hilinamozaua"
"12","Sumatera Utara","12.14","Kabupaten Nias Selatan","12.14.33","Onolalu","12.14.33.2004","Hilifarono"
"12","Sumatera Utara","12.14","Kabupaten Nias Selatan","12.14.33","Onolalu","12.14.33.2005","Hilionaha"
"12","Sumatera Utara","12.14","Kabupaten Nias Selatan","12.14.33","Onolalu","12.14.33.2006","Hilikara"
"12","Sumatera Utara","12.14","Kabupaten Nias Selatan","12.14.33","Onolalu","12.14.33.2007","Hilialito Saua"
"12","Sumatera Utara","12.14","Kabupaten Nias Selatan","12.14.33","Onolalu","12.14.33.2008","Hilinamozaua Raya"
"12","Sumatera Utara","12.14","Kabupaten Nias Selatan","12.14.33","Onolalu","12.14.33.2009","Hilifalago Raya"
"12","Sumatera Utara","12.14","Kabupaten Nias Selatan","12.14.33","Onolalu","12.14.33.2010","Hilisanekhehosi"
"12","Sumatera Utara","12.14","Kabupaten Nias Selatan","12.14.34","Ulu Idanotae","12.14.34.2001","Fanedanu"
"12","Sumatera Utara","12.14","Kabupaten Nias Selatan","12.14.34","Ulu Idanotae","12.14.34.2002","Fanedanu Sibohou"
"12","Sumatera Utara","12.14","Kabupaten Nias Selatan","12.14.34","Ulu Idanotae","12.14.34.2003","Lawa-lawa Luo Idanotae"
"12","Sumatera Utara","12.14","Kabupaten Nias Selatan","12.14.34","Ulu Idanotae","12.14.34.2004","Dao-dao Zanuwo Idano Tae"
"12","Sumatera Utara","12.14","Kabupaten Nias Selatan","12.14.34","Ulu Idanotae","12.14.34.2005","Sisiwa Ewali"
"12","Sumatera Utara","12.14","Kabupaten Nias Selatan","12.14.34","Ulu Idanotae","12.14.34.2006","Sisarahili Ewo"
"12","Sumatera Utara","12.14","Kabupaten Nias Selatan","12.14.34","Ulu Idanotae","12.14.34.2007","Hilialo'oa"
"12","Sumatera Utara","12.14","Kabupaten Nias Selatan","12.14.34","Ulu Idanotae","12.14.34.2008","Damai"
"12","Sumatera Utara","12.14","Kabupaten Nias Selatan","12.14.34","Ulu Idanotae","12.14.34.2009","Lolozukhu"
"12","Sumatera Utara","12.14","Kabupaten Nias Selatan","12.14.34","Ulu Idanotae","12.14.34.2010","Silima Banua Umbunasi"
"12","Sumatera Utara","12.14","Kabupaten Nias Selatan","12.14.34","Ulu Idanotae","12.14.34.2011","Sindrolo"
"12","Sumatera Utara","12.14","Kabupaten Nias Selatan","12.14.35","Idanotae","12.14.35.2001","Lahusa Idanotae"
"12","Sumatera Utara","12.14","Kabupaten Nias Selatan","12.14.35","Idanotae","12.14.35.2002","Hiliserangkai"
"12","Sumatera Utara","12.14","Kabupaten Nias Selatan","12.14.35","Idanotae","12.14.35.2003","Orahua"
"12","Sumatera Utara","12.14","Kabupaten Nias Selatan","12.14.35","Idanotae","12.14.35.2004","Hilimbowo Idanotae"
"12","Sumatera Utara","12.14","Kabupaten Nias Selatan","12.14.35","Idanotae","12.14.35.2005","Sirahia"
"12","Sumatera Utara","12.14","Kabupaten Nias Selatan","12.14.35","Idanotae","12.14.35.2006","Umbu Idanotae"
"12","Sumatera Utara","12.14","Kabupaten Nias Selatan","12.14.35","Idanotae","12.14.35.2007","Awoni"
"12","Sumatera Utara","12.14","Kabupaten Nias Selatan","12.14.35","Idanotae","12.14.35.2008","Hilisalo'o"
"12","Sumatera Utara","12.14","Kabupaten Nias Selatan","12.14.35","Idanotae","12.14.35.2009","Balombaruzo Orahua"
"12","Sumatera Utara","12.14","Kabupaten Nias Selatan","12.14.35","Idanotae","12.14.35.2010","Harefa Orahua"
"12","Sumatera Utara","12.14","Kabupaten Nias Selatan","12.14.35","Idanotae","12.14.35.2011","Hiligabungan"
"12","Sumatera Utara","12.14","Kabupaten Nias Selatan","12.14.35","Idanotae","12.14.35.2012","Buhawa"
"12","Sumatera Utara","12.15","Kabupaten Pakpak Bharat","12.15.01","Sitelu Tali Urang Jehe","12.15.01.2001","Tanjung Meriah"
"12","Sumatera Utara","12.15","Kabupaten Pakpak Bharat","12.15.01","Sitelu Tali Urang Jehe","12.15.01.2002","Tanjung Mulia"
"12","Sumatera Utara","12.15","Kabupaten Pakpak Bharat","12.15.01","Sitelu Tali Urang Jehe","12.15.01.2003","Kaban Tengah"
"12","Sumatera Utara","12.15","Kabupaten Pakpak Bharat","12.15.01","Sitelu Tali Urang Jehe","12.15.01.2004","Bandar Baru"
"12","Sumatera Utara","12.15","Kabupaten Pakpak Bharat","12.15.01","Sitelu Tali Urang Jehe","12.15.01.2005","Simberruna"
"12","Sumatera Utara","12.15","Kabupaten Pakpak Bharat","12.15.01","Sitelu Tali Urang Jehe","12.15.01.2006","Perolihen"
"12","Sumatera Utara","12.15","Kabupaten Pakpak Bharat","12.15.01","Sitelu Tali Urang Jehe","12.15.01.2007","Maholida"
"12","Sumatera Utara","12.15","Kabupaten Pakpak Bharat","12.15.01","Sitelu Tali Urang Jehe","12.15.01.2008","Perjaga"
"12","Sumatera Utara","12.15","Kabupaten Pakpak Bharat","12.15.01","Sitelu Tali Urang Jehe","12.15.01.2009","Malum"
"12","Sumatera Utara","12.15","Kabupaten Pakpak Bharat","12.15.01","Sitelu Tali Urang Jehe","12.15.01.2010","Mbinalun"
"12","Sumatera Utara","12.15","Kabupaten Pakpak Bharat","12.15.02","Kerajaan","12.15.02.2001","Sukaramai"
"12","Sumatera Utara","12.15","Kabupaten Pakpak Bharat","12.15.02","Kerajaan","12.15.02.2002","Kuta Saga"
"12","Sumatera Utara","12.15","Kabupaten Pakpak Bharat","12.15.02","Kerajaan","12.15.02.2003","Kuta Meriah"
"12","Sumatera Utara","12.15","Kabupaten Pakpak Bharat","12.15.02","Kerajaan","12.15.02.2004","Kuta Dame"
"12","Sumatera Utara","12.15","Kabupaten Pakpak Bharat","12.15.02","Kerajaan","12.15.02.2005","Perpulungen"
"12","Sumatera Utara","12.15","Kabupaten Pakpak Bharat","12.15.02","Kerajaan","12.15.02.2006","Pardomuan"
"12","Sumatera Utara","12.15","Kabupaten Pakpak Bharat","12.15.02","Kerajaan","12.15.02.2014","Majanggut I"
"12","Sumatera Utara","12.15","Kabupaten Pakpak Bharat","12.15.02","Kerajaan","12.15.02.2015","Majanggut II"
"12","Sumatera Utara","12.15","Kabupaten Pakpak Bharat","12.15.02","Kerajaan","12.15.02.2016","Surung Mersada"
"12","Sumatera Utara","12.15","Kabupaten Pakpak Bharat","12.15.02","Kerajaan","12.15.02.2021","Perduhapen"
"12","Sumatera Utara","12.15","Kabupaten Pakpak Bharat","12.15.03","Salak","12.15.03.2001","Salak I"
"12","Sumatera Utara","12.15","Kabupaten Pakpak Bharat","12.15.03","Salak","12.15.03.2002","Salak II"
"12","Sumatera Utara","12.15","Kabupaten Pakpak Bharat","12.15.03","Salak","12.15.03.2003","Boangmanalu"
"12","Sumatera Utara","12.15","Kabupaten Pakpak Bharat","12.15.03","Salak","12.15.03.2009","Sibongkaras"
"12","Sumatera Utara","12.15","Kabupaten Pakpak Bharat","12.15.03","Salak","12.15.03.2013","Kuta Tinggi"
"12","Sumatera Utara","12.15","Kabupaten Pakpak Bharat","12.15.03","Salak","12.15.03.2014","Penanggalan Binanga Boang"
"12","Sumatera Utara","12.15","Kabupaten Pakpak Bharat","12.15.04","Sitelu Tali Urang Julu","12.15.04.2001","Ulumerah"
"12","Sumatera Utara","12.15","Kabupaten Pakpak Bharat","12.15.04","Sitelu Tali Urang Julu","12.15.04.2002","Pardomuan"
"12","Sumatera Utara","12.15","Kabupaten Pakpak Bharat","12.15.04","Sitelu Tali Urang Julu","12.15.04.2003","Silima Kuta"
"12","Sumatera Utara","12.15","Kabupaten Pakpak Bharat","12.15.04","Sitelu Tali Urang Julu","12.15.04.2004","Lae Langge Namuseng"
"12","Sumatera Utara","12.15","Kabupaten Pakpak Bharat","12.15.04","Sitelu Tali Urang Julu","12.15.04.2005","Cikaok"
"12","Sumatera Utara","12.15","Kabupaten Pakpak Bharat","12.15.05","Pergetteng Getteng Sengkut","12.15.05.2001","Kecupak I"
"12","Sumatera Utara","12.15","Kabupaten Pakpak Bharat","12.15.05","Pergetteng Getteng Sengkut","12.15.05.2002","Kecupak II"
"12","Sumatera Utara","12.15","Kabupaten Pakpak Bharat","12.15.05","Pergetteng Getteng Sengkut","12.15.05.2003","Aornakan I"
"12","Sumatera Utara","12.15","Kabupaten Pakpak Bharat","12.15.05","Pergetteng Getteng Sengkut","12.15.05.2004","Simerpara"
"12","Sumatera Utara","12.15","Kabupaten Pakpak Bharat","12.15.05","Pergetteng Getteng Sengkut","12.15.05.2005","Aornakan II"
"12","Sumatera Utara","12.15","Kabupaten Pakpak Bharat","12.15.06","Pagindar","12.15.06.2001","Sibagindar"
"12","Sumatera Utara","12.15","Kabupaten Pakpak Bharat","12.15.06","Pagindar","12.15.06.2002","Napatalun Perlambuken"
"12","Sumatera Utara","12.15","Kabupaten Pakpak Bharat","12.15.06","Pagindar","12.15.06.2003","Lae Mbentar"
"12","Sumatera Utara","12.15","Kabupaten Pakpak Bharat","12.15.06","Pagindar","12.15.06.2004","Pagindar"
"12","Sumatera Utara","12.15","Kabupaten Pakpak Bharat","12.15.07","Tinada","12.15.07.2001","Kuta Babo"
"12","Sumatera Utara","12.15","Kabupaten Pakpak Bharat","12.15.07","Tinada","12.15.07.2002","Tinada"
"12","Sumatera Utara","12.15","Kabupaten Pakpak Bharat","12.15.07","Tinada","12.15.07.2003","Silima Kuta"
"12","Sumatera Utara","12.15","Kabupaten Pakpak Bharat","12.15.07","Tinada","12.15.07.2004","Mahala"
"12","Sumatera Utara","12.15","Kabupaten Pakpak Bharat","12.15.07","Tinada","12.15.07.2005","Prongil"
"12","Sumatera Utara","12.15","Kabupaten Pakpak Bharat","12.15.07","Tinada","12.15.07.2006","Buluh Tellang"
"12","Sumatera Utara","12.15","Kabupaten Pakpak Bharat","12.15.08","Siempat Rube","12.15.08.2001","Siempat Rube II"
"12","Sumatera Utara","12.15","Kabupaten Pakpak Bharat","12.15.08","Siempat Rube","12.15.08.2002","Siempat Rube I"
"12","Sumatera Utara","12.15","Kabupaten Pakpak Bharat","12.15.08","Siempat Rube","12.15.08.2003","Mungkur"
"12","Sumatera Utara","12.15","Kabupaten Pakpak Bharat","12.15.08","Siempat Rube","12.15.08.2004","Siempat Rube IV"
"12","Sumatera Utara","12.15","Kabupaten Pakpak Bharat","12.15.08","Siempat Rube","12.15.08.2005","Kuta Jungak"
"12","Sumatera Utara","12.15","Kabupaten Pakpak Bharat","12.15.08","Siempat Rube","12.15.08.2006","Traju"
"12","Sumatera Utara","12.16","Kabupaten Humbang Hasundutan","12.16.01","Parlilitan","12.16.01.2002","Pusuk II Simaninggir"
"12","Sumatera Utara","12.16","Kabupaten Humbang Hasundutan","12.16.01","Parlilitan","12.16.01.2003","Sionom Hudon VII"
"12","Sumatera Utara","12.16","Kabupaten Humbang Hasundutan","12.16.01","Parlilitan","12.16.01.2004","Baringin"
"12","Sumatera Utara","12.16","Kabupaten Humbang Hasundutan","12.16.01","Parlilitan","12.16.01.2005","Sionom Hudon Julu"
"12","Sumatera Utara","12.16","Kabupaten Humbang Hasundutan","12.16.01","Parlilitan","12.16.01.2006","Sionom Hudon Tonga"
"12","Sumatera Utara","12.16","Kabupaten Humbang Hasundutan","12.16.01","Parlilitan","12.16.01.2007","Sionom Hudon Utara"
"12","Sumatera Utara","12.16","Kabupaten Humbang Hasundutan","12.16.01","Parlilitan","12.16.01.2008","Sionom Hudon Selatan"
"12","Sumatera Utara","12.16","Kabupaten Humbang Hasundutan","12.16.01","Parlilitan","12.16.01.2009","Sionom Hudon Timur"
"12","Sumatera Utara","12.16","Kabupaten Humbang Hasundutan","12.16.01","Parlilitan","12.16.01.2010","Sihotang Hasugian Tonga"
"12","Sumatera Utara","12.16","Kabupaten Humbang Hasundutan","12.16.01","Parlilitan","12.16.01.2011","Pusuk I"
"12","Sumatera Utara","12.16","Kabupaten Humbang Hasundutan","12.16.01","Parlilitan","12.16.01.2012","Sionom Hudon Toruan"
"12","Sumatera Utara","12.16","Kabupaten Humbang Hasundutan","12.16.01","Parlilitan","12.16.01.2013","Simataniari"
"12","Sumatera Utara","12.16","Kabupaten Humbang Hasundutan","12.16.01","Parlilitan","12.16.01.2014","Sionom Hudon Timur II"
"12","Sumatera Utara","12.16","Kabupaten Humbang Hasundutan","12.16.01","Parlilitan","12.16.01.2015","Sihotang Hasugian Dolok II"
"12","Sumatera Utara","12.16","Kabupaten Humbang Hasundutan","12.16.01","Parlilitan","12.16.01.2016","Sihotang Hasugian Habinsaran"
"12","Sumatera Utara","12.16","Kabupaten Humbang Hasundutan","12.16.01","Parlilitan","12.16.01.2017","Sionom Hudon Sibulbulon"
"12","Sumatera Utara","12.16","Kabupaten Humbang Hasundutan","12.16.01","Parlilitan","12.16.01.2018","Sionom Hudon Runggu"
"12","Sumatera Utara","12.16","Kabupaten Humbang Hasundutan","12.16.01","Parlilitan","12.16.01.2019","Janji Hutanapa"
"12","Sumatera Utara","12.16","Kabupaten Humbang Hasundutan","12.16.01","Parlilitan","12.16.01.2020","Baringin Natam"
"12","Sumatera Utara","12.16","Kabupaten Humbang Hasundutan","12.16.01","Parlilitan","12.16.01.2021","Sihotang Hasugian Dolok I"
"12","Sumatera Utara","12.16","Kabupaten Humbang Hasundutan","12.16.02","Pollung","12.16.02.2001","Parsingguran I"
"12","Sumatera Utara","12.16","Kabupaten Humbang Hasundutan","12.16.02","Pollung","12.16.02.2002","Hutapaung"
"12","Sumatera Utara","12.16","Kabupaten Humbang Hasundutan","12.16.02","Pollung","12.16.02.2003","Pollung"
"12","Sumatera Utara","12.16","Kabupaten Humbang Hasundutan","12.16.02","Pollung","12.16.02.2004","Hutajulu"
"12","Sumatera Utara","12.16","Kabupaten Humbang Hasundutan","12.16.02","Pollung","12.16.02.2005","Ria Ria"
"12","Sumatera Utara","12.16","Kabupaten Humbang Hasundutan","12.16.02","Pollung","12.16.02.2006","Parsingguran II"
"12","Sumatera Utara","12.16","Kabupaten Humbang Hasundutan","12.16.02","Pollung","12.16.02.2007","Pansurbatu"
"12","Sumatera Utara","12.16","Kabupaten Humbang Hasundutan","12.16.02","Pollung","12.16.02.2008","Aek Nauli I"
"12","Sumatera Utara","12.16","Kabupaten Humbang Hasundutan","12.16.02","Pollung","12.16.02.2009","Aek Nauli II"
"12","Sumatera Utara","12.16","Kabupaten Humbang Hasundutan","12.16.02","Pollung","12.16.02.2010","Pandumaan"
"12","Sumatera Utara","12.16","Kabupaten Humbang Hasundutan","12.16.02","Pollung","12.16.02.2011","Sipituhuta"
"12","Sumatera Utara","12.16","Kabupaten Humbang Hasundutan","12.16.02","Pollung","12.16.02.2012","Pardomuan"
"12","Sumatera Utara","12.16","Kabupaten Humbang Hasundutan","12.16.02","Pollung","12.16.02.2013","Hutapaung Utara"
"12","Sumatera Utara","12.16","Kabupaten Humbang Hasundutan","12.16.03","Baktiraja","12.16.03.2001","Marbun Toruan"
"12","Sumatera Utara","12.16","Kabupaten Humbang Hasundutan","12.16.03","Baktiraja","12.16.03.2002","Simamora"
"12","Sumatera Utara","12.16","Kabupaten Humbang Hasundutan","12.16.03","Baktiraja","12.16.03.2003","Tipang"
"12","Sumatera Utara","12.16","Kabupaten Humbang Hasundutan","12.16.03","Baktiraja","12.16.03.2004","Sinambela"
"12","Sumatera Utara","12.16","Kabupaten Humbang Hasundutan","12.16.03","Baktiraja","12.16.03.2005","Simangulampe"
"12","Sumatera Utara","12.16","Kabupaten Humbang Hasundutan","12.16.03","Baktiraja","12.16.03.2006","Siunong Unong Julu"
"12","Sumatera Utara","12.16","Kabupaten Humbang Hasundutan","12.16.03","Baktiraja","12.16.03.2007","Marbun Tonga Marbun Dolok"
"12","Sumatera Utara","12.16","Kabupaten Humbang Hasundutan","12.16.04","Paranginan","12.16.04.2001","Sihonongan"
"12","Sumatera Utara","12.16","Kabupaten Humbang Hasundutan","12.16.04","Paranginan","12.16.04.2002","Paranginan Selatan"
"12","Sumatera Utara","12.16","Kabupaten Humbang Hasundutan","12.16.04","Paranginan","12.16.04.2003","Paranginan Utara"
"12","Sumatera Utara","12.16","Kabupaten Humbang Hasundutan","12.16.04","Paranginan","12.16.04.2004","Lumban Sialaman"
"12","Sumatera Utara","12.16","Kabupaten Humbang Hasundutan","12.16.04","Paranginan","12.16.04.2005","Pearung"
"12","Sumatera Utara","12.16","Kabupaten Humbang Hasundutan","12.16.04","Paranginan","12.16.04.2006","Lobutolong"
"12","Sumatera Utara","12.16","Kabupaten Humbang Hasundutan","12.16.04","Paranginan","12.16.04.2007","Lumban Barat"
"12","Sumatera Utara","12.16","Kabupaten Humbang Hasundutan","12.16.04","Paranginan","12.16.04.2008","Siboru Torop"
"12","Sumatera Utara","12.16","Kabupaten Humbang Hasundutan","12.16.04","Paranginan","12.16.04.2009","Pearung Silali"
"12","Sumatera Utara","12.16","Kabupaten Humbang Hasundutan","12.16.04","Paranginan","12.16.04.2010","Lumban Sianturi"
"12","Sumatera Utara","12.16","Kabupaten Humbang Hasundutan","12.16.04","Paranginan","12.16.04.2011","Lobutolong Habinsaran"
"12","Sumatera Utara","12.16","Kabupaten Humbang Hasundutan","12.16.05","Lintong Nihuta","12.16.05.2001","Sibuntuon Partur"
"12","Sumatera Utara","12.16","Kabupaten Humbang Hasundutan","12.16.05","Lintong Nihuta","12.16.05.2002","Siharjulu"
"12","Sumatera Utara","12.16","Kabupaten Humbang Hasundutan","12.16.05","Lintong Nihuta","12.16.05.2003","Sitolu Bahal"
"12","Sumatera Utara","12.16","Kabupaten Humbang Hasundutan","12.16.05","Lintong Nihuta","12.16.05.2004","Tapian Nauli"
"12","Sumatera Utara","12.16","Kabupaten Humbang Hasundutan","12.16.05","Lintong Nihuta","12.16.05.2005","Pargaulan"
"12","Sumatera Utara","12.16","Kabupaten Humbang Hasundutan","12.16.05","Lintong Nihuta","12.16.05.2006","Lobutua"
"12","Sumatera Utara","12.16","Kabupaten Humbang Hasundutan","12.16.05","Lintong Nihuta","12.16.05.2007","Dolok Margu"
"12","Sumatera Utara","12.16","Kabupaten Humbang Hasundutan","12.16.05","Lintong Nihuta","12.16.05.2008","Hutasoit I"
"12","Sumatera Utara","12.16","Kabupaten Humbang Hasundutan","12.16.05","Lintong Nihuta","12.16.05.2009","Nagasaribu I"
"12","Sumatera Utara","12.16","Kabupaten Humbang Hasundutan","12.16.05","Lintong Nihuta","12.16.05.2010","Nagasaribu II"
"12","Sumatera Utara","12.16","Kabupaten Humbang Hasundutan","12.16.05","Lintong Nihuta","12.16.05.2011","Sibuntoan Parpea"
"12","Sumatera Utara","12.16","Kabupaten Humbang Hasundutan","12.16.05","Lintong Nihuta","12.16.05.2012","Siponjot"
"12","Sumatera Utara","12.16","Kabupaten Humbang Hasundutan","12.16.05","Lintong Nihuta","12.16.05.2013","Habeahan"
"12","Sumatera Utara","12.16","Kabupaten Humbang Hasundutan","12.16.05","Lintong Nihuta","12.16.05.2014","Sigompul"
"12","Sumatera Utara","12.16","Kabupaten Humbang Hasundutan","12.16.05","Lintong Nihuta","12.16.05.2015","Bonan Dolok"
"12","Sumatera Utara","12.16","Kabupaten Humbang Hasundutan","12.16.05","Lintong Nihuta","12.16.05.2016","Sigumpar"
"12","Sumatera Utara","12.16","Kabupaten Humbang Hasundutan","12.16.05","Lintong Nihuta","12.16.05.2017","Parulohan"
"12","Sumatera Utara","12.16","Kabupaten Humbang Hasundutan","12.16.05","Lintong Nihuta","12.16.05.2018","Sitio II"
"12","Sumatera Utara","12.16","Kabupaten Humbang Hasundutan","12.16.05","Lintong Nihuta","12.16.05.2019","Hutasoit II"
"12","Sumatera Utara","12.16","Kabupaten Humbang Hasundutan","12.16.05","Lintong Nihuta","12.16.05.2020","Nagasaribu III"
"12","Sumatera Utara","12.16","Kabupaten Humbang Hasundutan","12.16.05","Lintong Nihuta","12.16.05.2021","Nagasaribu IV"
"12","Sumatera Utara","12.16","Kabupaten Humbang Hasundutan","12.16.05","Lintong Nihuta","12.16.05.2022","Nagasaribu V"
"12","Sumatera Utara","12.16","Kabupaten Humbang Hasundutan","12.16.06","Dolok Sanggul","12.16.06.1001","Pasar Dolok Sanggul"
"12","Sumatera Utara","12.16","Kabupaten Humbang Hasundutan","12.16.06","Dolok Sanggul","12.16.06.2002","Sileang"
"12","Sumatera Utara","12.16","Kabupaten Humbang Hasundutan","12.16.06","Dolok Sanggul","12.16.06.2003","Purba Manalu"
"12","Sumatera Utara","12.16","Kabupaten Humbang Hasundutan","12.16.06","Dolok Sanggul","12.16.06.2004","Pasaribu"
"12","Sumatera Utara","12.16","Kabupaten Humbang Hasundutan","12.16.06","Dolok Sanggul","12.16.06.2005","Simarigung"
"12","Sumatera Utara","12.16","Kabupaten Humbang Hasundutan","12.16.06","Dolok Sanggul","12.16.06.2006","Sampean"
"12","Sumatera Utara","12.16","Kabupaten Humbang Hasundutan","12.16.06","Dolok Sanggul","12.16.06.2007","Silaga Laga"
"12","Sumatera Utara","12.16","Kabupaten Humbang Hasundutan","12.16.06","Dolok Sanggul","12.16.06.2008","Sosor Gonting"
"12","Sumatera Utara","12.16","Kabupaten Humbang Hasundutan","12.16.06","Dolok Sanggul","12.16.06.2009","Sosor Tambok"
"12","Sumatera Utara","12.16","Kabupaten Humbang Hasundutan","12.16.06","Dolok Sanggul","12.16.06.2010","Purba Dolok"
"12","Sumatera Utara","12.16","Kabupaten Humbang Hasundutan","12.16.06","Dolok Sanggul","12.16.06.2011","Sihite I"
"12","Sumatera Utara","12.16","Kabupaten Humbang Hasundutan","12.16.06","Dolok Sanggul","12.16.06.2012","Lumban Tobing"
"12","Sumatera Utara","12.16","Kabupaten Humbang Hasundutan","12.16.06","Dolok Sanggul","12.16.06.2013","Hutabagasan"
"12","Sumatera Utara","12.16","Kabupaten Humbang Hasundutan","12.16.06","Dolok Sanggul","12.16.06.2014","Matiti II"
"12","Sumatera Utara","12.16","Kabupaten Humbang Hasundutan","12.16.06","Dolok Sanggul","12.16.06.2015","Saitnihuta"
"12","Sumatera Utara","12.16","Kabupaten Humbang Hasundutan","12.16.06","Dolok Sanggul","12.16.06.2016","Hutaraja"
"12","Sumatera Utara","12.16","Kabupaten Humbang Hasundutan","12.16.06","Dolok Sanggul","12.16.06.2017","Lumban Purba"
"12","Sumatera Utara","12.16","Kabupaten Humbang Hasundutan","12.16.06","Dolok Sanggul","12.16.06.2018","Bonanionan"
"12","Sumatera Utara","12.16","Kabupaten Humbang Hasundutan","12.16.06","Dolok Sanggul","12.16.06.2019","Parik Sinomba"
"12","Sumatera Utara","12.16","Kabupaten Humbang Hasundutan","12.16.06","Dolok Sanggul","12.16.06.2020","Sihite II"
"12","Sumatera Utara","12.16","Kabupaten Humbang Hasundutan","12.16.06","Dolok Sanggul","12.16.06.2021","Janji"
"12","Sumatera Utara","12.16","Kabupaten Humbang Hasundutan","12.16.06","Dolok Sanggul","12.16.06.2022","Pakkat"
"12","Sumatera Utara","12.16","Kabupaten Humbang Hasundutan","12.16.06","Dolok Sanggul","12.16.06.2023","Sirisirisi"
"12","Sumatera Utara","12.16","Kabupaten Humbang Hasundutan","12.16.06","Dolok Sanggul","12.16.06.2024","Hutagurgur"
"12","Sumatera Utara","12.16","Kabupaten Humbang Hasundutan","12.16.06","Dolok Sanggul","12.16.06.2025","Matiti"
"12","Sumatera Utara","12.16","Kabupaten Humbang Hasundutan","12.16.06","Dolok Sanggul","12.16.06.2026","Aek Lung"
"12","Sumatera Utara","12.16","Kabupaten Humbang Hasundutan","12.16.06","Dolok Sanggul","12.16.06.2027","Simangaronsang"
"12","Sumatera Utara","12.16","Kabupaten Humbang Hasundutan","12.16.06","Dolok Sanggul","12.16.06.2028","Sosortolong Sihite III"
"12","Sumatera Utara","12.16","Kabupaten Humbang Hasundutan","12.16.07","Sijamapolang","12.16.07.2001","Batunajagar"
"12","Sumatera Utara","12.16","Kabupaten Humbang Hasundutan","12.16.07","Sijamapolang","12.16.07.2002","Sanggaran I"
"12","Sumatera Utara","12.16","Kabupaten Humbang Hasundutan","12.16.07","Sijamapolang","12.16.07.2003","Sitapongan"
"12","Sumatera Utara","12.16","Kabupaten Humbang Hasundutan","12.16.07","Sijamapolang","12.16.07.2004","Sigulok"
"12","Sumatera Utara","12.16","Kabupaten Humbang Hasundutan","12.16.07","Sijamapolang","12.16.07.2005","Hutaginjang"
"12","Sumatera Utara","12.16","Kabupaten Humbang Hasundutan","12.16.07","Sijamapolang","12.16.07.2006","Siborboron"
"12","Sumatera Utara","12.16","Kabupaten Humbang Hasundutan","12.16.07","Sijamapolang","12.16.07.2007","Bonan Dolok I"
"12","Sumatera Utara","12.16","Kabupaten Humbang Hasundutan","12.16.07","Sijamapolang","12.16.07.2008","Bonan Dolok II"
"12","Sumatera Utara","12.16","Kabupaten Humbang Hasundutan","12.16.07","Sijamapolang","12.16.07.2009","Sibuntuon"
"12","Sumatera Utara","12.16","Kabupaten Humbang Hasundutan","12.16.07","Sijamapolang","12.16.07.2010","Nagurguran"
"12","Sumatera Utara","12.16","Kabupaten Humbang Hasundutan","12.16.08","Onan Ganjang","12.16.08.2001","Batu Nagodang Siatas"
"12","Sumatera Utara","12.16","Kabupaten Humbang Hasundutan","12.16.08","Onan Ganjang","12.16.08.2002","Onan Ganjang"
"12","Sumatera Utara","12.16","Kabupaten Humbang Hasundutan","12.16.08","Onan Ganjang","12.16.08.2003","Parbotihan"
"12","Sumatera Utara","12.16","Kabupaten Humbang Hasundutan","12.16.08","Onan Ganjang","12.16.08.2004","Sihikit"
"12","Sumatera Utara","12.16","Kabupaten Humbang Hasundutan","12.16.08","Onan Ganjang","12.16.08.2005","Parnapa"
"12","Sumatera Utara","12.16","Kabupaten Humbang Hasundutan","12.16.08","Onan Ganjang","12.16.08.2006","Janji Nagodang"
"12","Sumatera Utara","12.16","Kabupaten Humbang Hasundutan","12.16.08","Onan Ganjang","12.16.08.2007","Sampe Tua"
"12","Sumatera Utara","12.16","Kabupaten Humbang Hasundutan","12.16.08","Onan Ganjang","12.16.08.2008","Hutajulu"
"12","Sumatera Utara","12.16","Kabupaten Humbang Hasundutan","12.16.08","Onan Ganjang","12.16.08.2009","Sibuluan"
"12","Sumatera Utara","12.16","Kabupaten Humbang Hasundutan","12.16.08","Onan Ganjang","12.16.08.2010","Sigalogo"
"12","Sumatera Utara","12.16","Kabupaten Humbang Hasundutan","12.16.08","Onan Ganjang","12.16.08.2011","Aek Godang Arbaan"
"12","Sumatera Utara","12.16","Kabupaten Humbang Hasundutan","12.16.08","Onan Ganjang","12.16.08.2012","Sanggaran II"
"12","Sumatera Utara","12.16","Kabupaten Humbang Hasundutan","12.16.09","Pakkat","12.16.09.2001","Purba Bersatu"
"12","Sumatera Utara","12.16","Kabupaten Humbang Hasundutan","12.16.09","Pakkat","12.16.09.2002","Purba Baringin"
"12","Sumatera Utara","12.16","Kabupaten Humbang Hasundutan","12.16.09","Pakkat","12.16.09.2003","Karya"
"12","Sumatera Utara","12.16","Kabupaten Humbang Hasundutan","12.16.09","Pakkat","12.16.09.2004","Manalu"
"12","Sumatera Utara","12.16","Kabupaten Humbang Hasundutan","12.16.09","Pakkat","12.16.09.2005","Sijarango"
"12","Sumatera Utara","12.16","Kabupaten Humbang Hasundutan","12.16.09","Pakkat","12.16.09.2006","Tukka Dolok"
"12","Sumatera Utara","12.16","Kabupaten Humbang Hasundutan","12.16.09","Pakkat","12.16.09.2007","Siambaton"
"12","Sumatera Utara","12.16","Kabupaten Humbang Hasundutan","12.16.09","Pakkat","12.16.09.2008","Parmonangan"
"12","Sumatera Utara","12.16","Kabupaten Humbang Hasundutan","12.16.09","Pakkat","12.16.09.2009","Sipagabu"
"12","Sumatera Utara","12.16","Kabupaten Humbang Hasundutan","12.16.09","Pakkat","12.16.09.2010","Banuarea"
"12","Sumatera Utara","12.16","Kabupaten Humbang Hasundutan","12.16.09","Pakkat","12.16.09.2011","Rura Tanjung"
"12","Sumatera Utara","12.16","Kabupaten Humbang Hasundutan","12.16.09","Pakkat","12.16.09.2012","Rura Aek Sopang"
"12","Sumatera Utara","12.16","Kabupaten Humbang Hasundutan","12.16.09","Pakkat","12.16.09.2013","Lumban Tonga-Tonga"
"12","Sumatera Utara","12.16","Kabupaten Humbang Hasundutan","12.16.09","Pakkat","12.16.09.2014","Pulo Godang"
"12","Sumatera Utara","12.16","Kabupaten Humbang Hasundutan","12.16.09","Pakkat","12.16.09.2015","Pakkat Hauagong"
"12","Sumatera Utara","12.16","Kabupaten Humbang Hasundutan","12.16.09","Pakkat","12.16.09.2016","Peadungdung"
"12","Sumatera Utara","12.16","Kabupaten Humbang Hasundutan","12.16.09","Pakkat","12.16.09.2017","Sijarango I"
"12","Sumatera Utara","12.16","Kabupaten Humbang Hasundutan","12.16.09","Pakkat","12.16.09.2018","Ambobi Paranginan"
"12","Sumatera Utara","12.16","Kabupaten Humbang Hasundutan","12.16.09","Pakkat","12.16.09.2019","Purba Sianjur"
"12","Sumatera Utara","12.16","Kabupaten Humbang Hasundutan","12.16.09","Pakkat","12.16.09.2020","Siambaton Pahae"
"12","Sumatera Utara","12.16","Kabupaten Humbang Hasundutan","12.16.09","Pakkat","12.16.09.2021","Panggugunan"
"12","Sumatera Utara","12.16","Kabupaten Humbang Hasundutan","12.16.09","Pakkat","12.16.09.2022","Hauagong"
"12","Sumatera Utara","12.16","Kabupaten Humbang Hasundutan","12.16.10","Tarabintang","12.16.10.2001","Tarabintang"
"12","Sumatera Utara","12.16","Kabupaten Humbang Hasundutan","12.16.10","Tarabintang","12.16.10.2002","Sihotang Hasugian Toruan"
"12","Sumatera Utara","12.16","Kabupaten Humbang Hasundutan","12.16.10","Tarabintang","12.16.10.2003","Sibongkare"
"12","Sumatera Utara","12.16","Kabupaten Humbang Hasundutan","12.16.10","Tarabintang","12.16.10.2004","Sitanduk"
"12","Sumatera Utara","12.16","Kabupaten Humbang Hasundutan","12.16.10","Tarabintang","12.16.10.2005","Sihombu"
"12","Sumatera Utara","12.16","Kabupaten Humbang Hasundutan","12.16.10","Tarabintang","12.16.10.2006","Simbara"
"12","Sumatera Utara","12.16","Kabupaten Humbang Hasundutan","12.16.10","Tarabintang","12.16.10.2007","Marpadan"
"12","Sumatera Utara","12.16","Kabupaten Humbang Hasundutan","12.16.10","Tarabintang","12.16.10.2008","Mungkur"
"12","Sumatera Utara","12.16","Kabupaten Humbang Hasundutan","12.16.10","Tarabintang","12.16.10.2009","Sibongkare Sianju"
"12","Sumatera Utara","12.17","Kabupaten Samosir","12.17.01","Simanindo","12.17.01.1016","Tuktuk Siadong"
"12","Sumatera Utara","12.17","Kabupaten Samosir","12.17.01","Simanindo","12.17.01.2001","Tomok"
"12","Sumatera Utara","12.17","Kabupaten Samosir","12.17.01","Simanindo","12.17.01.2002","Sihusapi"
"12","Sumatera Utara","12.17","Kabupaten Samosir","12.17.01","Simanindo","12.17.01.2003","Maduma"
"12","Sumatera Utara","12.17","Kabupaten Samosir","12.17.01","Simanindo","12.17.01.2004","Dosroha"
"12","Sumatera Utara","12.17","Kabupaten Samosir","12.17.01","Simanindo","12.17.01.2005","Ambarita"
"12","Sumatera Utara","12.17","Kabupaten Samosir","12.17.01","Simanindo","12.17.01.2006","Martoba"
"12","Sumatera Utara","12.17","Kabupaten Samosir","12.17.01","Simanindo","12.17.01.2007","Garoga"
"12","Sumatera Utara","12.17","Kabupaten Samosir","12.17.01","Simanindo","12.17.01.2008","Simanindo Sangkal"
"12","Sumatera Utara","12.17","Kabupaten Samosir","12.17.01","Simanindo","12.17.01.2009","Cinta Dame"
"12","Sumatera Utara","12.17","Kabupaten Samosir","12.17.01","Simanindo","12.17.01.2010","Huta Ginjang"
"12","Sumatera Utara","12.17","Kabupaten Samosir","12.17.01","Simanindo","12.17.01.2011","Pardomuan"
"12","Sumatera Utara","12.17","Kabupaten Samosir","12.17.01","Simanindo","12.17.01.2012","Parmonangan"
"12","Sumatera Utara","12.17","Kabupaten Samosir","12.17.01","Simanindo","12.17.01.2013","Parbalohan"
"12","Sumatera Utara","12.17","Kabupaten Samosir","12.17.01","Simanindo","12.17.01.2014","Tanjungan"
"12","Sumatera Utara","12.17","Kabupaten Samosir","12.17.01","Simanindo","12.17.01.2015","Simarmata"
"12","Sumatera Utara","12.17","Kabupaten Samosir","12.17.01","Simanindo","12.17.01.2017","Tomok Parsaoran"
"12","Sumatera Utara","12.17","Kabupaten Samosir","12.17.01","Simanindo","12.17.01.2018","Marlumba"
"12","Sumatera Utara","12.17","Kabupaten Samosir","12.17.01","Simanindo","12.17.01.2019","Simanindo"
"12","Sumatera Utara","12.17","Kabupaten Samosir","12.17.01","Simanindo","12.17.01.2020","Unjur"
"12","Sumatera Utara","12.17","Kabupaten Samosir","12.17.01","Simanindo","12.17.01.2021","Siallagan Pindaraya"
"12","Sumatera Utara","12.17","Kabupaten Samosir","12.17.02","Onan Runggu","12.17.02.2001","Pakpahan"
"12","Sumatera Utara","12.17","Kabupaten Samosir","12.17.02","Onan Runggu","12.17.02.2002","Huta Hotang"
"12","Sumatera Utara","12.17","Kabupaten Samosir","12.17.02","Onan Runggu","12.17.02.2003","Sitinjak"
"12","Sumatera Utara","12.17","Kabupaten Samosir","12.17.02","Onan Runggu","12.17.02.2004","Pardomuan"
"12","Sumatera Utara","12.17","Kabupaten Samosir","12.17.02","Onan Runggu","12.17.02.2005","Tambun Sungkean"
"12","Sumatera Utara","12.17","Kabupaten Samosir","12.17.02","Onan Runggu","12.17.02.2006","Rina Bolak"
"12","Sumatera Utara","12.17","Kabupaten Samosir","12.17.02","Onan Runggu","12.17.02.2007","Onan Runggu"
"12","Sumatera Utara","12.17","Kabupaten Samosir","12.17.02","Onan Runggu","12.17.02.2008","Sitamiang"
"12","Sumatera Utara","12.17","Kabupaten Samosir","12.17.02","Onan Runggu","12.17.02.2009","Janji Matogu"
"12","Sumatera Utara","12.17","Kabupaten Samosir","12.17.02","Onan Runggu","12.17.02.2010","Silima Lombu"
"12","Sumatera Utara","12.17","Kabupaten Samosir","12.17.02","Onan Runggu","12.17.02.2011","Sipira"
"12","Sumatera Utara","12.17","Kabupaten Samosir","12.17.02","Onan Runggu","12.17.02.2012","Harian"
"12","Sumatera Utara","12.17","Kabupaten Samosir","12.17.03","Nainggolan","12.17.03.1011","Parhusip III"
"12","Sumatera Utara","12.17","Kabupaten Samosir","12.17.03","Nainggolan","12.17.03.1012","Sirumahombar"
"12","Sumatera Utara","12.17","Kabupaten Samosir","12.17.03","Nainggolan","12.17.03.2001","Pangaloan"
"12","Sumatera Utara","12.17","Kabupaten Samosir","12.17.03","Nainggolan","12.17.03.2002","Hutarihit"
"12","Sumatera Utara","12.17","Kabupaten Samosir","12.17.03","Nainggolan","12.17.03.2003","Sinaga Uruk Pandiangan"
"12","Sumatera Utara","12.17","Kabupaten Samosir","12.17.03","Nainggolan","12.17.03.2004","Toguan Galung"
"12","Sumatera Utara","12.17","Kabupaten Samosir","12.17.03","Nainggolan","12.17.03.2005","Pananggangan"
"12","Sumatera Utara","12.17","Kabupaten Samosir","12.17.03","Nainggolan","12.17.03.2006","Pasaran Parsaoran"
"12","Sumatera Utara","12.17","Kabupaten Samosir","12.17.03","Nainggolan","12.17.03.2007","Sipinggan Lumban Siantar"
"12","Sumatera Utara","12.17","Kabupaten Samosir","12.17.03","Nainggolan","12.17.03.2008","Sibonor Ompu Ratus"
"12","Sumatera Utara","12.17","Kabupaten Samosir","12.17.03","Nainggolan","12.17.03.2009","Nainggolan"
"12","Sumatera Utara","12.17","Kabupaten Samosir","12.17.03","Nainggolan","12.17.03.2010","Pasaran I"
"12","Sumatera Utara","12.17","Kabupaten Samosir","12.17.03","Nainggolan","12.17.03.2013","Pananggangan II"
"12","Sumatera Utara","12.17","Kabupaten Samosir","12.17.03","Nainggolan","12.17.03.2014","Sipinggan"
"12","Sumatera Utara","12.17","Kabupaten Samosir","12.17.03","Nainggolan","12.17.03.2015","Janji Marapot"
"12","Sumatera Utara","12.17","Kabupaten Samosir","12.17.04","Palipi","12.17.04.2001","Suhutnihuta Pardomuan"
"12","Sumatera Utara","12.17","Kabupaten Samosir","12.17.04","Palipi","12.17.04.2002","Gorat Pallombuan"
"12","Sumatera Utara","12.17","Kabupaten Samosir","12.17.04","Palipi","12.17.04.2003","Urat II"
"12","Sumatera Utara","12.17","Kabupaten Samosir","12.17.04","Palipi","12.17.04.2004","Palipi"
"12","Sumatera Utara","12.17","Kabupaten Samosir","12.17.04","Palipi","12.17.04.2005","Pardomuan Nauli"
"12","Sumatera Utara","12.17","Kabupaten Samosir","12.17.04","Palipi","12.17.04.2006","Hatoguan"
"12","Sumatera Utara","12.17","Kabupaten Samosir","12.17.04","Palipi","12.17.04.2007","Simbolon Purba"
"12","Sumatera Utara","12.17","Kabupaten Samosir","12.17.04","Palipi","12.17.04.2008","Sigaol Simbolon"
"12","Sumatera Utara","12.17","Kabupaten Samosir","12.17.04","Palipi","12.17.04.2009","Urat Timur"
"12","Sumatera Utara","12.17","Kabupaten Samosir","12.17.04","Palipi","12.17.04.2010","Saor Nauli Hatoguan"
"12","Sumatera Utara","12.17","Kabupaten Samosir","12.17.04","Palipi","12.17.04.2011","Parsaoran Urat"
"12","Sumatera Utara","12.17","Kabupaten Samosir","12.17.04","Palipi","12.17.04.2012","Hutaginjang"
"12","Sumatera Utara","12.17","Kabupaten Samosir","12.17.04","Palipi","12.17.04.2014","Sigaol Marbun"
"12","Sumatera Utara","12.17","Kabupaten Samosir","12.17.04","Palipi","12.17.04.2018","Hutadame"
"12","Sumatera Utara","12.17","Kabupaten Samosir","12.17.04","Palipi","12.17.04.2019","Pallombuan"
"12","Sumatera Utara","12.17","Kabupaten Samosir","12.17.04","Palipi","12.17.04.2020","Pamutaran"
"12","Sumatera Utara","12.17","Kabupaten Samosir","12.17.04","Palipi","12.17.04.2021","Sideak"
"12","Sumatera Utara","12.17","Kabupaten Samosir","12.17.05","Harian","12.17.05.2001","Sosor Dolok"
"12","Sumatera Utara","12.17","Kabupaten Samosir","12.17.05","Harian","12.17.05.2002","Partungkonaginjang"
"12","Sumatera Utara","12.17","Kabupaten Samosir","12.17.05","Harian","12.17.05.2003","Hariara Pohan"
"12","Sumatera Utara","12.17","Kabupaten Samosir","12.17.05","Harian","12.17.05.2004","Dolok Raja"
"12","Sumatera Utara","12.17","Kabupaten Samosir","12.17.05","Harian","12.17.05.2006","Sampur Toba"
"12","Sumatera Utara","12.17","Kabupaten Samosir","12.17.05","Harian","12.17.05.2007","Siparmahan"
"12","Sumatera Utara","12.17","Kabupaten Samosir","12.17.05","Harian","12.17.05.2008","Turpuk Limbong"
"12","Sumatera Utara","12.17","Kabupaten Samosir","12.17.05","Harian","12.17.05.2009","Turpuk Sagala"
"12","Sumatera Utara","12.17","Kabupaten Samosir","12.17.05","Harian","12.17.05.2010","Turpuk Malau"
"12","Sumatera Utara","12.17","Kabupaten Samosir","12.17.05","Harian","12.17.05.2011","Turpuk Sihotang"
"12","Sumatera Utara","12.17","Kabupaten Samosir","12.17.05","Harian","12.17.05.2012","Janji Martahan"
"12","Sumatera Utara","12.17","Kabupaten Samosir","12.17.05","Harian","12.17.05.2014","Hutagalung"
"12","Sumatera Utara","12.17","Kabupaten Samosir","12.17.05","Harian","12.17.05.2015","Hariara Pintu"
"12","Sumatera Utara","12.17","Kabupaten Samosir","12.17.06","Sianjar Mula Mula","12.17.06.2001","Huta Ginjang"
"12","Sumatera Utara","12.17","Kabupaten Samosir","12.17.06","Sianjar Mula Mula","12.17.06.2002","Singkam"
"12","Sumatera Utara","12.17","Kabupaten Samosir","12.17.06","Sianjar Mula Mula","12.17.06.2003","Hasinggaan"
"12","Sumatera Utara","12.17","Kabupaten Samosir","12.17.06","Sianjar Mula Mula","12.17.06.2004","Aek Sipitudai"
"12","Sumatera Utara","12.17","Kabupaten Samosir","12.17.06","Sianjar Mula Mula","12.17.06.2005","Huta Gurgur"
"12","Sumatera Utara","12.17","Kabupaten Samosir","12.17.06","Sianjar Mula Mula","12.17.06.2006","Sianjur Mula Mula"
"12","Sumatera Utara","12.17","Kabupaten Samosir","12.17.06","Sianjar Mula Mula","12.17.06.2007","Boho"
"12","Sumatera Utara","12.17","Kabupaten Samosir","12.17.06","Sianjar Mula Mula","12.17.06.2008","Siboro"
"12","Sumatera Utara","12.17","Kabupaten Samosir","12.17.06","Sianjar Mula Mula","12.17.06.2009","Simarihit"
"12","Sumatera Utara","12.17","Kabupaten Samosir","12.17.06","Sianjar Mula Mula","12.17.06.2010","Ginolat"
"12","Sumatera Utara","12.17","Kabupaten Samosir","12.17.06","Sianjar Mula Mula","12.17.06.2011","Bonan Dolok"
"12","Sumatera Utara","12.17","Kabupaten Samosir","12.17.06","Sianjar Mula Mula","12.17.06.2012","Habeahan Naburahan"
"12","Sumatera Utara","12.17","Kabupaten Samosir","12.17.07","Ronggur Nihuta","12.17.07.2001","Salaon Toba"
"12","Sumatera Utara","12.17","Kabupaten Samosir","12.17.07","Ronggur Nihuta","12.17.07.2002","Lintong Nihuta"
"12","Sumatera Utara","12.17","Kabupaten Samosir","12.17.07","Ronggur Nihuta","12.17.07.2003","Salaon Tonga Tonga"
"12","Sumatera Utara","12.17","Kabupaten Samosir","12.17.07","Ronggur Nihuta","12.17.07.2004","Salaon Dolok"
"12","Sumatera Utara","12.17","Kabupaten Samosir","12.17.07","Ronggur Nihuta","12.17.07.2005","Ronggur Nihuta"
"12","Sumatera Utara","12.17","Kabupaten Samosir","12.17.07","Ronggur Nihuta","12.17.07.2006","Sabungan Nihuta"
"12","Sumatera Utara","12.17","Kabupaten Samosir","12.17.07","Ronggur Nihuta","12.17.07.2007","Paraduan"
"12","Sumatera Utara","12.17","Kabupaten Samosir","12.17.07","Ronggur Nihuta","12.17.07.2008","Sijambur"
"12","Sumatera Utara","12.17","Kabupaten Samosir","12.17.08","Pangururan","12.17.08.1026","Pasar Pangururan"
"12","Sumatera Utara","12.17","Kabupaten Samosir","12.17.08","Pangururan","12.17.08.1027","Pintu Sona"
"12","Sumatera Utara","12.17","Kabupaten Samosir","12.17.08","Pangururan","12.17.08.1028","Siogung-Ogung"
"12","Sumatera Utara","12.17","Kabupaten Samosir","12.17.08","Pangururan","12.17.08.2001","Lumban SS Dolok"
"12","Sumatera Utara","12.17","Kabupaten Samosir","12.17.08","Pangururan","12.17.08.2002","Lumban SS Torua"
"12","Sumatera Utara","12.17","Kabupaten Samosir","12.17.08","Pangururan","12.17.08.2003","Parbaba Dolok"
"12","Sumatera Utara","12.17","Kabupaten Samosir","12.17.08","Pangururan","12.17.08.2004","Huta Tinggi"
"12","Sumatera Utara","12.17","Kabupaten Samosir","12.17.08","Pangururan","12.17.08.2005","Parhorasan"
"12","Sumatera Utara","12.17","Kabupaten Samosir","12.17.08","Pangururan","12.17.08.2006","Pardomuan Nauli"
"12","Sumatera Utara","12.17","Kabupaten Samosir","12.17.08","Pangururan","12.17.08.2007","Parsaoran I"
"12","Sumatera Utara","12.17","Kabupaten Samosir","12.17.08","Pangururan","12.17.08.2008","Rianiate"
"12","Sumatera Utara","12.17","Kabupaten Samosir","12.17.08","Pangururan","12.17.08.2009","Huta Bolon"
"12","Sumatera Utara","12.17","Kabupaten Samosir","12.17.08","Pangururan","12.17.08.2010","Panampangan"
"12","Sumatera Utara","12.17","Kabupaten Samosir","12.17.08","Pangururan","12.17.08.2011","Pardugul"
"12","Sumatera Utara","12.17","Kabupaten Samosir","12.17.08","Pangururan","12.17.08.2012","Huta Namora"
"12","Sumatera Utara","12.17","Kabupaten Samosir","12.17.08","Pangururan","12.17.08.2013","Parlondut"
"12","Sumatera Utara","12.17","Kabupaten Samosir","12.17.08","Pangururan","12.17.08.2014","Tanjung Bunga"
"12","Sumatera Utara","12.17","Kabupaten Samosir","12.17.08","Pangururan","12.17.08.2015","Parmonangan"
"12","Sumatera Utara","12.17","Kabupaten Samosir","12.17.08","Pangururan","12.17.08.2016","Sait Nihuta"
"12","Sumatera Utara","12.17","Kabupaten Samosir","12.17.08","Pangururan","12.17.08.2017","Situngkir"
"12","Sumatera Utara","12.17","Kabupaten Samosir","12.17.08","Pangururan","12.17.08.2018","Sianting-Anting"
"12","Sumatera Utara","12.17","Kabupaten Samosir","12.17.08","Pangururan","12.17.08.2019","Sialanguan"
"12","Sumatera Utara","12.17","Kabupaten Samosir","12.17.08","Pangururan","12.17.08.2020","Lumban Pinggol"
"12","Sumatera Utara","12.17","Kabupaten Samosir","12.17.08","Pangururan","12.17.08.2021","Pardomuan I"
"12","Sumatera Utara","12.17","Kabupaten Samosir","12.17.08","Pangururan","12.17.08.2022","Sitolu Huta"
"12","Sumatera Utara","12.17","Kabupaten Samosir","12.17.08","Pangururan","12.17.08.2023","Sinabulan"
"12","Sumatera Utara","12.17","Kabupaten Samosir","12.17.08","Pangururan","12.17.08.2024","Aek Nauli"
"12","Sumatera Utara","12.17","Kabupaten Samosir","12.17.08","Pangururan","12.17.08.2025","Siopat Sosor"
"12","Sumatera Utara","12.17","Kabupaten Samosir","12.17.09","Sitio-tio","12.17.09.2001","Holbung"
"12","Sumatera Utara","12.17","Kabupaten Samosir","12.17.09","Sitio-tio","12.17.09.2002","Janji Raja"
"12","Sumatera Utara","12.17","Kabupaten Samosir","12.17.09","Sitio-tio","12.17.09.2003","Sabulan"
"12","Sumatera Utara","12.17","Kabupaten Samosir","12.17.09","Sitio-tio","12.17.09.2004","Buntu Mauli"
"12","Sumatera Utara","12.17","Kabupaten Samosir","12.17.09","Sitio-tio","12.17.09.2005","Tamba Dolok"
"12","Sumatera Utara","12.17","Kabupaten Samosir","12.17.09","Sitio-tio","12.17.09.2006","Cinta Maju"
"12","Sumatera Utara","12.17","Kabupaten Samosir","12.17.09","Sitio-tio","12.17.09.2007","Parsaoran"
"12","Sumatera Utara","12.17","Kabupaten Samosir","12.17.09","Sitio-tio","12.17.09.2008","Janji Maria"
"12","Sumatera Utara","12.18","Kabupaten Serdang Bedagai","12.18.01","Pantai Cermin","12.18.01.2001","Pantai Cermin Kanan"
"12","Sumatera Utara","12.18","Kabupaten Serdang Bedagai","12.18.01","Pantai Cermin","12.18.01.2002","Pantai Cermin Kiri"
"12","Sumatera Utara","12.18","Kabupaten Serdang Bedagai","12.18.01","Pantai Cermin","12.18.01.2003","Kota Pari"
"12","Sumatera Utara","12.18","Kabupaten Serdang Bedagai","12.18.01","Pantai Cermin","12.18.01.2004","Celawan"
"12","Sumatera Utara","12.18","Kabupaten Serdang Bedagai","12.18.01","Pantai Cermin","12.18.01.2005","Ujung Rambung"
"12","Sumatera Utara","12.18","Kabupaten Serdang Bedagai","12.18.01","Pantai Cermin","12.18.01.2006","Kuala Lama"
"12","Sumatera Utara","12.18","Kabupaten Serdang Bedagai","12.18.01","Pantai Cermin","12.18.01.2007","Besar II Terjun"
"12","Sumatera Utara","12.18","Kabupaten Serdang Bedagai","12.18.01","Pantai Cermin","12.18.01.2008","Sementara"
"12","Sumatera Utara","12.18","Kabupaten Serdang Bedagai","12.18.01","Pantai Cermin","12.18.01.2009","Ara Payung"
"12","Sumatera Utara","12.18","Kabupaten Serdang Bedagai","12.18.01","Pantai Cermin","12.18.01.2010","Pematang Kasih"
"12","Sumatera Utara","12.18","Kabupaten Serdang Bedagai","12.18.01","Pantai Cermin","12.18.01.2011","Lubuk Saban"
"12","Sumatera Utara","12.18","Kabupaten Serdang Bedagai","12.18.01","Pantai Cermin","12.18.01.2012","Naga Kisar"
"12","Sumatera Utara","12.18","Kabupaten Serdang Bedagai","12.18.02","Perbaungan","12.18.02.1038","Melati I"
"12","Sumatera Utara","12.18","Kabupaten Serdang Bedagai","12.18.02","Perbaungan","12.18.02.1039","Simpang Tiga Pekan"
"12","Sumatera Utara","12.18","Kabupaten Serdang Bedagai","12.18.02","Perbaungan","12.18.02.1040","Batang Terap"
"12","Sumatera Utara","12.18","Kabupaten Serdang Bedagai","12.18.02","Perbaungan","12.18.02.1041","Tualang"
"12","Sumatera Utara","12.18","Kabupaten Serdang Bedagai","12.18.02","Perbaungan","12.18.02.2001","Adolina"
"12","Sumatera Utara","12.18","Kabupaten Serdang Bedagai","12.18.02","Perbaungan","12.18.02.2003","Bengkel"
"12","Sumatera Utara","12.18","Kabupaten Serdang Bedagai","12.18.02","Perbaungan","12.18.02.2005","Cinta Air"
"12","Sumatera Utara","12.18","Kabupaten Serdang Bedagai","12.18.02","Perbaungan","12.18.02.2006","Citaman Jernih"
"12","Sumatera Utara","12.18","Kabupaten Serdang Bedagai","12.18.02","Perbaungan","12.18.02.2007","Deli Muda Hulu"
"12","Sumatera Utara","12.18","Kabupaten Serdang Bedagai","12.18.02","Perbaungan","12.18.02.2008","Deli Muda Hilir"
"12","Sumatera Utara","12.18","Kabupaten Serdang Bedagai","12.18.02","Perbaungan","12.18.02.2009","Jambur Pulau"
"12","Sumatera Utara","12.18","Kabupaten Serdang Bedagai","12.18.02","Perbaungan","12.18.02.2012","Kesatuan"
"12","Sumatera Utara","12.18","Kabupaten Serdang Bedagai","12.18.02","Perbaungan","12.18.02.2013","Kota Galuh"
"12","Sumatera Utara","12.18","Kabupaten Serdang Bedagai","12.18.02","Perbaungan","12.18.02.2015","Lidah Tanah"
"12","Sumatera Utara","12.18","Kabupaten Serdang Bedagai","12.18.02","Perbaungan","12.18.02.2016","Lubuk Bayas"
"12","Sumatera Utara","12.18","Kabupaten Serdang Bedagai","12.18.02","Perbaungan","12.18.02.2017","Lubuk Cemara"
"12","Sumatera Utara","12.18","Kabupaten Serdang Bedagai","12.18.02","Perbaungan","12.18.02.2018","Lubuk Dendang"
"12","Sumatera Utara","12.18","Kabupaten Serdang Bedagai","12.18.02","Perbaungan","12.18.02.2019","Lubuk Rotan"
"12","Sumatera Utara","12.18","Kabupaten Serdang Bedagai","12.18.02","Perbaungan","12.18.02.2020","Melati II"
"12","Sumatera Utara","12.18","Kabupaten Serdang Bedagai","12.18.02","Perbaungan","12.18.02.2024","Pematang Sijonam"
"12","Sumatera Utara","12.18","Kabupaten Serdang Bedagai","12.18.02","Perbaungan","12.18.02.2025","Pematang Tatal"
"12","Sumatera Utara","12.18","Kabupaten Serdang Bedagai","12.18.02","Perbaungan","12.18.02.2028","Suka Beras"
"12","Sumatera Utara","12.18","Kabupaten Serdang Bedagai","12.18.02","Perbaungan","12.18.02.2029","Sukajadi"
"12","Sumatera Utara","12.18","Kabupaten Serdang Bedagai","12.18.02","Perbaungan","12.18.02.2031","Sei Buluh"
"12","Sumatera Utara","12.18","Kabupaten Serdang Bedagai","12.18.02","Perbaungan","12.18.02.2032","Sei Nagalawan"
"12","Sumatera Utara","12.18","Kabupaten Serdang Bedagai","12.18.02","Perbaungan","12.18.02.2033","Sei Sijenggi"
"12","Sumatera Utara","12.18","Kabupaten Serdang Bedagai","12.18.02","Perbaungan","12.18.02.2034","Tanah Merah"
"12","Sumatera Utara","12.18","Kabupaten Serdang Bedagai","12.18.02","Perbaungan","12.18.02.2035","Tanjung Buluh"
"12","Sumatera Utara","12.18","Kabupaten Serdang Bedagai","12.18.03","Teluk Mengkudu","12.18.03.2001","Sei Buluh"
"12","Sumatera Utara","12.18","Kabupaten Serdang Bedagai","12.18.03","Teluk Mengkudu","12.18.03.2002","Liberia"
"12","Sumatera Utara","12.18","Kabupaten Serdang Bedagai","12.18.03","Teluk Mengkudu","12.18.03.2003","Mata Pao"
"12","Sumatera Utara","12.18","Kabupaten Serdang Bedagai","12.18.03","Teluk Mengkudu","12.18.03.2004","Pematang Setrak"
"12","Sumatera Utara","12.18","Kabupaten Serdang Bedagai","12.18.03","Teluk Mengkudu","12.18.03.2005","Makmur"
"12","Sumatera Utara","12.18","Kabupaten Serdang Bedagai","12.18.03","Teluk Mengkudu","12.18.03.2006","Pasar Baru"
"12","Sumatera Utara","12.18","Kabupaten Serdang Bedagai","12.18.03","Teluk Mengkudu","12.18.03.2007","Pekan Sialang Buah"
"12","Sumatera Utara","12.18","Kabupaten Serdang Bedagai","12.18.03","Teluk Mengkudu","12.18.03.2008","Pematang Guntung"
"12","Sumatera Utara","12.18","Kabupaten Serdang Bedagai","12.18.03","Teluk Mengkudu","12.18.03.2009","Sialang Buah"
"12","Sumatera Utara","12.18","Kabupaten Serdang Bedagai","12.18.03","Teluk Mengkudu","12.18.03.2010","Sentang"
"12","Sumatera Utara","12.18","Kabupaten Serdang Bedagai","12.18.03","Teluk Mengkudu","12.18.03.2011","Bogak Besar"
"12","Sumatera Utara","12.18","Kabupaten Serdang Bedagai","12.18.03","Teluk Mengkudu","12.18.03.2012","Pematang Kuala"
"12","Sumatera Utara","12.18","Kabupaten Serdang Bedagai","12.18.04","Sei Rampah","12.18.04.2001","Cempedak Lobang"
"12","Sumatera Utara","12.18","Kabupaten Serdang Bedagai","12.18.04","Sei Rampah","12.18.04.2002","Firdaus"
"12","Sumatera Utara","12.18","Kabupaten Serdang Bedagai","12.18.04","Sei Rampah","12.18.04.2004","Pergulaan"
"12","Sumatera Utara","12.18","Kabupaten Serdang Bedagai","12.18.04","Sei Rampah","12.18.04.2006","Sei Rampah"
"12","Sumatera Utara","12.18","Kabupaten Serdang Bedagai","12.18.04","Sei Rampah","12.18.04.2008","Sei Rejo"
"12","Sumatera Utara","12.18","Kabupaten Serdang Bedagai","12.18.04","Sei Rampah","12.18.04.2009","Sei Parit"
"12","Sumatera Utara","12.18","Kabupaten Serdang Bedagai","12.18.04","Sei Rampah","12.18.04.2010","Silau Rakyat"
"12","Sumatera Utara","12.18","Kabupaten Serdang Bedagai","12.18.04","Sei Rampah","12.18.04.2012","Firdaus Estate"
"12","Sumatera Utara","12.18","Kabupaten Serdang Bedagai","12.18.04","Sei Rampah","12.18.04.2014","Pematang Ganjang"
"12","Sumatera Utara","12.18","Kabupaten Serdang Bedagai","12.18.04","Sei Rampah","12.18.04.2015","Pematang Pelintahan"
"12","Sumatera Utara","12.18","Kabupaten Serdang Bedagai","12.18.04","Sei Rampah","12.18.04.2016","Rambung Estate"
"12","Sumatera Utara","12.18","Kabupaten Serdang Bedagai","12.18.04","Sei Rampah","12.18.04.2017","Rambung Sialang Hulu"
"12","Sumatera Utara","12.18","Kabupaten Serdang Bedagai","12.18.04","Sei Rampah","12.18.04.2018","Rambung Sialang Tengah"
"12","Sumatera Utara","12.18","Kabupaten Serdang Bedagai","12.18.04","Sei Rampah","12.18.04.2019","Rambung Sialang Hilir"
"12","Sumatera Utara","12.18","Kabupaten Serdang Bedagai","12.18.04","Sei Rampah","12.18.04.2024","Simpang Empat"
"12","Sumatera Utara","12.18","Kabupaten Serdang Bedagai","12.18.04","Sei Rampah","12.18.04.2026","Sinah Kasih"
"12","Sumatera Utara","12.18","Kabupaten Serdang Bedagai","12.18.04","Sei Rampah","12.18.04.2027","Tanah Raja"
"12","Sumatera Utara","12.18","Kabupaten Serdang Bedagai","12.18.05","Tanjung Beringin","12.18.05.2001","Pekan Tanjung Beringin"
"12","Sumatera Utara","12.18","Kabupaten Serdang Bedagai","12.18.05","Tanjung Beringin","12.18.05.2002","Nagur"
"12","Sumatera Utara","12.18","Kabupaten Serdang Bedagai","12.18.05","Tanjung Beringin","12.18.05.2003","Mangga Dua"
"12","Sumatera Utara","12.18","Kabupaten Serdang Bedagai","12.18.05","Tanjung Beringin","12.18.05.2004","Sukajadi"
"12","Sumatera Utara","12.18","Kabupaten Serdang Bedagai","12.18.05","Tanjung Beringin","12.18.05.2005","Tebing Tinggi"
"12","Sumatera Utara","12.18","Kabupaten Serdang Bedagai","12.18.05","Tanjung Beringin","12.18.05.2006","Pematang Cermai"
"12","Sumatera Utara","12.18","Kabupaten Serdang Bedagai","12.18.05","Tanjung Beringin","12.18.05.2007","Pematang Terang"
"12","Sumatera Utara","12.18","Kabupaten Serdang Bedagai","12.18.05","Tanjung Beringin","12.18.05.2008","Bagan Kuala"
"12","Sumatera Utara","12.18","Kabupaten Serdang Bedagai","12.18.06","Bandar Khalipah","12.18.06.2001","Bandar Tengah"
"12","Sumatera Utara","12.18","Kabupaten Serdang Bedagai","12.18.06","Bandar Khalipah","12.18.06.2002","Juhar"
"12","Sumatera Utara","12.18","Kabupaten Serdang Bedagai","12.18.06","Bandar Khalipah","12.18.06.2003","Gelam Sei Serimah"
"12","Sumatera Utara","12.18","Kabupaten Serdang Bedagai","12.18.06","Bandar Khalipah","12.18.06.2004","Pekan Bandar Khalipah"
"12","Sumatera Utara","12.18","Kabupaten Serdang Bedagai","12.18.06","Bandar Khalipah","12.18.06.2005","Kayu Besar"
"12","Sumatera Utara","12.18","Kabupaten Serdang Bedagai","12.18.07","Dolok Merawan","12.18.07.2001","Nagaraja I"
"12","Sumatera Utara","12.18","Kabupaten Serdang Bedagai","12.18.07","Dolok Merawan","12.18.07.2002","Panglong"
"12","Sumatera Utara","12.18","Kabupaten Serdang Bedagai","12.18.07","Dolok Merawan","12.18.07.2003","Bandarawan"
"12","Sumatera Utara","12.18","Kabupaten Serdang Bedagai","12.18.07","Dolok Merawan","12.18.07.2004","Gunung Para II"
"12","Sumatera Utara","12.18","Kabupaten Serdang Bedagai","12.18.07","Dolok Merawan","12.18.07.2005","Limbong"
"12","Sumatera Utara","12.18","Kabupaten Serdang Bedagai","12.18.07","Dolok Merawan","12.18.07.2006","Dolok Merawan"
"12","Sumatera Utara","12.18","Kabupaten Serdang Bedagai","12.18.07","Dolok Merawan","12.18.07.2007","Paritokan"
"12","Sumatera Utara","12.18","Kabupaten Serdang Bedagai","12.18.07","Dolok Merawan","12.18.07.2008","Kalembak"
"12","Sumatera Utara","12.18","Kabupaten Serdang Bedagai","12.18.07","Dolok Merawan","12.18.07.2009","Afd. VI Dolok Ilir"
"12","Sumatera Utara","12.18","Kabupaten Serdang Bedagai","12.18.07","Dolok Merawan","12.18.07.2010","Pabatu I"
"12","Sumatera Utara","12.18","Kabupaten Serdang Bedagai","12.18.07","Dolok Merawan","12.18.07.2011","Afd. VII Dolok Ilir"
"12","Sumatera Utara","12.18","Kabupaten Serdang Bedagai","12.18.07","Dolok Merawan","12.18.07.2012","Pabatu II"
"12","Sumatera Utara","12.18","Kabupaten Serdang Bedagai","12.18.07","Dolok Merawan","12.18.07.2013","Mainu Tengah"
"12","Sumatera Utara","12.18","Kabupaten Serdang Bedagai","12.18.07","Dolok Merawan","12.18.07.2014","Bahdamar"
"12","Sumatera Utara","12.18","Kabupaten Serdang Bedagai","12.18.07","Dolok Merawan","12.18.07.2015","Pabatu III"
"12","Sumatera Utara","12.18","Kabupaten Serdang Bedagai","12.18.07","Dolok Merawan","12.18.07.2016","Pabatu VI"
"12","Sumatera Utara","12.18","Kabupaten Serdang Bedagai","12.18.07","Dolok Merawan","12.18.07.2017","Korajim"
"12","Sumatera Utara","12.18","Kabupaten Serdang Bedagai","12.18.08","Sipispis","12.18.08.2001","Sipispis"
"12","Sumatera Utara","12.18","Kabupaten Serdang Bedagai","12.18.08","Sipispis","12.18.08.2002","Serbananti"
"12","Sumatera Utara","12.18","Kabupaten Serdang Bedagai","12.18.08","Sipispis","12.18.08.2003","Bartong"
"12","Sumatera Utara","12.18","Kabupaten Serdang Bedagai","12.18.08","Sipispis","12.18.08.2004","Marubun"
"12","Sumatera Utara","12.18","Kabupaten Serdang Bedagai","12.18.08","Sipispis","12.18.08.2005","Pispis"
"12","Sumatera Utara","12.18","Kabupaten Serdang Bedagai","12.18.08","Sipispis","12.18.08.2006","Baja Dolok"
"12","Sumatera Utara","12.18","Kabupaten Serdang Bedagai","12.18.08","Sipispis","12.18.08.2007","Tinokkah"
"12","Sumatera Utara","12.18","Kabupaten Serdang Bedagai","12.18.08","Sipispis","12.18.08.2008","Nagur Pane"
"12","Sumatera Utara","12.18","Kabupaten Serdang Bedagai","12.18.08","Sipispis","12.18.08.2009","Parlambean"
"12","Sumatera Utara","12.18","Kabupaten Serdang Bedagai","12.18.08","Sipispis","12.18.08.2010","Naga Raja"
"12","Sumatera Utara","12.18","Kabupaten Serdang Bedagai","12.18.08","Sipispis","12.18.08.2011","Mariah Nagur"
"12","Sumatera Utara","12.18","Kabupaten Serdang Bedagai","12.18.08","Sipispis","12.18.08.2012","Rimbun"
"12","Sumatera Utara","12.18","Kabupaten Serdang Bedagai","12.18.08","Sipispis","12.18.08.2013","Marjanji"
"12","Sumatera Utara","12.18","Kabupaten Serdang Bedagai","12.18.08","Sipispis","12.18.08.2014","Silau Padang"
"12","Sumatera Utara","12.18","Kabupaten Serdang Bedagai","12.18.08","Sipispis","12.18.08.2015","Buluh Duri"
"12","Sumatera Utara","12.18","Kabupaten Serdang Bedagai","12.18.08","Sipispis","12.18.08.2016","Gunung Monako"
"12","Sumatera Utara","12.18","Kabupaten Serdang Bedagai","12.18.08","Sipispis","12.18.08.2017","Damak Urat"
"12","Sumatera Utara","12.18","Kabupaten Serdang Bedagai","12.18.08","Sipispis","12.18.08.2018","Simalas"
"12","Sumatera Utara","12.18","Kabupaten Serdang Bedagai","12.18.08","Sipispis","12.18.08.2019","Gunung Pane"
"12","Sumatera Utara","12.18","Kabupaten Serdang Bedagai","12.18.08","Sipispis","12.18.08.2020","Sibarau"
"12","Sumatera Utara","12.18","Kabupaten Serdang Bedagai","12.18.09","Dolok Masihul","12.18.09.1029","Pekan Dolok Masihul"
"12","Sumatera Utara","12.18","Kabupaten Serdang Bedagai","12.18.09","Dolok Masihul","12.18.09.2001","Dame"
"12","Sumatera Utara","12.18","Kabupaten Serdang Bedagai","12.18.09","Dolok Masihul","12.18.09.2002","Blok 10"
"12","Sumatera Utara","12.18","Kabupaten Serdang Bedagai","12.18.09","Dolok Masihul","12.18.09.2003","Kota Tengah"
"12","Sumatera Utara","12.18","Kabupaten Serdang Bedagai","12.18.09","Dolok Masihul","12.18.09.2004","Silau Merawan"
"12","Sumatera Utara","12.18","Kabupaten Serdang Bedagai","12.18.09","Dolok Masihul","12.18.09.2005","Pekan Kamis"
"12","Sumatera Utara","12.18","Kabupaten Serdang Bedagai","12.18.09","Dolok Masihul","12.18.09.2006","Batu 12"
"12","Sumatera Utara","12.18","Kabupaten Serdang Bedagai","12.18.09","Dolok Masihul","12.18.09.2007","Batu 13"
"12","Sumatera Utara","12.18","Kabupaten Serdang Bedagai","12.18.09","Dolok Masihul","12.18.09.2008","Baja Ronggi"
"12","Sumatera Utara","12.18","Kabupaten Serdang Bedagai","12.18.09","Dolok Masihul","12.18.09.2009","Dolok Sagala"
"12","Sumatera Utara","12.18","Kabupaten Serdang Bedagai","12.18.09","Dolok Masihul","12.18.09.2010","Dolok Manampang"
"12","Sumatera Utara","12.18","Kabupaten Serdang Bedagai","12.18.09","Dolok Masihul","12.18.09.2011","Pardomuan"
"12","Sumatera Utara","12.18","Kabupaten Serdang Bedagai","12.18.09","Dolok Masihul","12.18.09.2012","Tegal Sari"
"12","Sumatera Utara","12.18","Kabupaten Serdang Bedagai","12.18.09","Dolok Masihul","12.18.09.2013","Pertambatan"
"12","Sumatera Utara","12.18","Kabupaten Serdang Bedagai","12.18.09","Dolok Masihul","12.18.09.2015","Huta Nauli"
"12","Sumatera Utara","12.18","Kabupaten Serdang Bedagai","12.18.09","Dolok Masihul","12.18.09.2016","Bantan"
"12","Sumatera Utara","12.18","Kabupaten Serdang Bedagai","12.18.09","Dolok Masihul","12.18.09.2017","Bukit Cermin Hilir"
"12","Sumatera Utara","12.18","Kabupaten Serdang Bedagai","12.18.09","Dolok Masihul","12.18.09.2018","Malasori"
"12","Sumatera Utara","12.18","Kabupaten Serdang Bedagai","12.18.09","Dolok Masihul","12.18.09.2019","Sarang Giting"
"12","Sumatera Utara","12.18","Kabupaten Serdang Bedagai","12.18.09","Dolok Masihul","12.18.09.2020","Durian Puloan"
"12","Sumatera Utara","12.18","Kabupaten Serdang Bedagai","12.18.09","Dolok Masihul","12.18.09.2021","Sarang Torop"
"12","Sumatera Utara","12.18","Kabupaten Serdang Bedagai","12.18.09","Dolok Masihul","12.18.09.2022","Havea"
"12","Sumatera Utara","12.18","Kabupaten Serdang Bedagai","12.18.09","Dolok Masihul","12.18.09.2023","Aras Panjang"
"12","Sumatera Utara","12.18","Kabupaten Serdang Bedagai","12.18.09","Dolok Masihul","12.18.09.2024","Martebing"
"12","Sumatera Utara","12.18","Kabupaten Serdang Bedagai","12.18.09","Dolok Masihul","12.18.09.2025","Kerapuh"
"12","Sumatera Utara","12.18","Kabupaten Serdang Bedagai","12.18.09","Dolok Masihul","12.18.09.2026","Tanjung Maria"
"12","Sumatera Utara","12.18","Kabupaten Serdang Bedagai","12.18.09","Dolok Masihul","12.18.09.2027","Bah Kerapuh"
"12","Sumatera Utara","12.18","Kabupaten Serdang Bedagai","12.18.09","Dolok Masihul","12.18.09.2028","Ujung Silau"
"12","Sumatera Utara","12.18","Kabupaten Serdang Bedagai","12.18.10","Kotarih","12.18.10.2001","Kotarih Pekan"
"12","Sumatera Utara","12.18","Kabupaten Serdang Bedagai","12.18.10","Kotarih","12.18.10.2002","Kotarih Baru"
"12","Sumatera Utara","12.18","Kabupaten Serdang Bedagai","12.18.10","Kotarih","12.18.10.2003","Banjaran Godang"
"12","Sumatera Utara","12.18","Kabupaten Serdang Bedagai","12.18.10","Kotarih","12.18.10.2004","Si Ujan Ujan"
"12","Sumatera Utara","12.18","Kabupaten Serdang Bedagai","12.18.10","Kotarih","12.18.10.2010","Sei Kari"
"12","Sumatera Utara","12.18","Kabupaten Serdang Bedagai","12.18.10","Kotarih","12.18.10.2013","Bandar Bayu"
"12","Sumatera Utara","12.18","Kabupaten Serdang Bedagai","12.18.10","Kotarih","12.18.10.2014","Durian Kondot"
"12","Sumatera Utara","12.18","Kabupaten Serdang Bedagai","12.18.10","Kotarih","12.18.10.2015","Perbahingan"
"12","Sumatera Utara","12.18","Kabupaten Serdang Bedagai","12.18.10","Kotarih","12.18.10.2022","Sialtong"
"12","Sumatera Utara","12.18","Kabupaten Serdang Bedagai","12.18.10","Kotarih","12.18.10.2023","Huta Galuh"
"12","Sumatera Utara","12.18","Kabupaten Serdang Bedagai","12.18.10","Kotarih","12.18.10.2024","Rubun Dunia"
"12","Sumatera Utara","12.18","Kabupaten Serdang Bedagai","12.18.11","Silinda","12.18.11.2004","Batu Masagi"
"12","Sumatera Utara","12.18","Kabupaten Serdang Bedagai","12.18.11","Silinda","12.18.11.2013","Damak Gelugur"
"12","Sumatera Utara","12.18","Kabupaten Serdang Bedagai","12.18.11","Silinda","12.18.11.2016","Kulasar"
"12","Sumatera Utara","12.18","Kabupaten Serdang Bedagai","12.18.11","Silinda","12.18.11.2021","Pagar Manik"
"12","Sumatera Utara","12.18","Kabupaten Serdang Bedagai","12.18.11","Silinda","12.18.11.2022","Pamah"
"12","Sumatera Utara","12.18","Kabupaten Serdang Bedagai","12.18.11","Silinda","12.18.11.2026","Silinda"
"12","Sumatera Utara","12.18","Kabupaten Serdang Bedagai","12.18.11","Silinda","12.18.11.2028","Sungai Buaya"
"12","Sumatera Utara","12.18","Kabupaten Serdang Bedagai","12.18.11","Silinda","12.18.11.2029","Tarean"
"12","Sumatera Utara","12.18","Kabupaten Serdang Bedagai","12.18.11","Silinda","12.18.11.2031","Tapak Meriah"
"12","Sumatera Utara","12.18","Kabupaten Serdang Bedagai","12.18.12","Serba Jadi","12.18.12.2010","Tanjung Harap"
"12","Sumatera Utara","12.18","Kabupaten Serdang Bedagai","12.18.12","Serba Jadi","12.18.12.2011","Kuala Bali"
"12","Sumatera Utara","12.18","Kabupaten Serdang Bedagai","12.18.12","Serba Jadi","12.18.12.2014","Karang Tengah"
"12","Sumatera Utara","12.18","Kabupaten Serdang Bedagai","12.18.12","Serba Jadi","12.18.12.2015","Kelapa Bajohom"
"12","Sumatera Utara","12.18","Kabupaten Serdang Bedagai","12.18.12","Serba Jadi","12.18.12.2018","Manggis"
"12","Sumatera Utara","12.18","Kabupaten Serdang Bedagai","12.18.12","Serba Jadi","12.18.12.2020","Pulau Gambar"
"12","Sumatera Utara","12.18","Kabupaten Serdang Bedagai","12.18.12","Serba Jadi","12.18.12.2021","Pulau Tagor"
"12","Sumatera Utara","12.18","Kabupaten Serdang Bedagai","12.18.12","Serba Jadi","12.18.12.2032","Serba Jadi"
"12","Sumatera Utara","12.18","Kabupaten Serdang Bedagai","12.18.12","Serba Jadi","12.18.12.2033","Tambak Cekur"
"12","Sumatera Utara","12.18","Kabupaten Serdang Bedagai","12.18.12","Serba Jadi","12.18.12.2038","Bah Sidua-dua"
"12","Sumatera Utara","12.18","Kabupaten Serdang Bedagai","12.18.13","Tebing Tinggi","12.18.13.2001","Bah Sumbu"
"12","Sumatera Utara","12.18","Kabupaten Serdang Bedagai","12.18.13","Tebing Tinggi","12.18.13.2002","Naga Kesiangan"
"12","Sumatera Utara","12.18","Kabupaten Serdang Bedagai","12.18.13","Tebing Tinggi","12.18.13.2003","Jambu"
"12","Sumatera Utara","12.18","Kabupaten Serdang Bedagai","12.18.13","Tebing Tinggi","12.18.13.2004","Mariah Padang"
"12","Sumatera Utara","12.18","Kabupaten Serdang Bedagai","12.18.13","Tebing Tinggi","12.18.13.2005","Pertapaan"
"12","Sumatera Utara","12.18","Kabupaten Serdang Bedagai","12.18.13","Tebing Tinggi","12.18.13.2006","Paya Lombang"
"12","Sumatera Utara","12.18","Kabupaten Serdang Bedagai","12.18.13","Tebing Tinggi","12.18.13.2007","Sei Serimah"
"12","Sumatera Utara","12.18","Kabupaten Serdang Bedagai","12.18.13","Tebing Tinggi","12.18.13.2008","Paya Bagas"
"12","Sumatera Utara","12.18","Kabupaten Serdang Bedagai","12.18.13","Tebing Tinggi","12.18.13.2009","Paya Mabar"
"12","Sumatera Utara","12.18","Kabupaten Serdang Bedagai","12.18.13","Tebing Tinggi","12.18.13.2010","Sei. Priok"
"12","Sumatera Utara","12.18","Kabupaten Serdang Bedagai","12.18.13","Tebing Tinggi","12.18.13.2011","Kuta Baru"
"12","Sumatera Utara","12.18","Kabupaten Serdang Bedagai","12.18.13","Tebing Tinggi","12.18.13.2018","Kedai Damar"
"12","Sumatera Utara","12.18","Kabupaten Serdang Bedagai","12.18.13","Tebing Tinggi","12.18.13.2019","Penonggol"
"12","Sumatera Utara","12.18","Kabupaten Serdang Bedagai","12.18.13","Tebing Tinggi","12.18.13.2020","Gunung Kataran"
"12","Sumatera Utara","12.18","Kabupaten Serdang Bedagai","12.18.14","Pegajahan","12.18.14.1012","Melati Kebun"
"12","Sumatera Utara","12.18","Kabupaten Serdang Bedagai","12.18.14","Pegajahan","12.18.14.2001","Bengabing"
"12","Sumatera Utara","12.18","Kabupaten Serdang Bedagai","12.18.14","Pegajahan","12.18.14.2002","Bingkat"
"12","Sumatera Utara","12.18","Kabupaten Serdang Bedagai","12.18.14","Pegajahan","12.18.14.2003","Jati Mulyo"
"12","Sumatera Utara","12.18","Kabupaten Serdang Bedagai","12.18.14","Pegajahan","12.18.14.2004","Karang Anyar"
"12","Sumatera Utara","12.18","Kabupaten Serdang Bedagai","12.18.14","Pegajahan","12.18.14.2005","Lestari Dadi"
"12","Sumatera Utara","12.18","Kabupaten Serdang Bedagai","12.18.14","Pegajahan","12.18.14.2006","Pegajahan"
"12","Sumatera Utara","12.18","Kabupaten Serdang Bedagai","12.18.14","Pegajahan","12.18.14.2007","Petuaran Hulu"
"12","Sumatera Utara","12.18","Kabupaten Serdang Bedagai","12.18.14","Pegajahan","12.18.14.2008","Petuaran Hilir"
"12","Sumatera Utara","12.18","Kabupaten Serdang Bedagai","12.18.14","Pegajahan","12.18.14.2009","Pondok Tengah"
"12","Sumatera Utara","12.18","Kabupaten Serdang Bedagai","12.18.14","Pegajahan","12.18.14.2010","Sukasari"
"12","Sumatera Utara","12.18","Kabupaten Serdang Bedagai","12.18.14","Pegajahan","12.18.14.2011","Tanjung Putus"
"12","Sumatera Utara","12.18","Kabupaten Serdang Bedagai","12.18.14","Pegajahan","12.18.14.2013","Sennah"
"12","Sumatera Utara","12.18","Kabupaten Serdang Bedagai","12.18.15","Sei Bamban","12.18.15.2001","Pon"
"12","Sumatera Utara","12.18","Kabupaten Serdang Bedagai","12.18.15","Sei Bamban","12.18.15.2002","Sei Bamban"
"12","Sumatera Utara","12.18","Kabupaten Serdang Bedagai","12.18.15","Sei Bamban","12.18.15.2003","Bakaran Batu"
"12","Sumatera Utara","12.18","Kabupaten Serdang Bedagai","12.18.15","Sei Bamban","12.18.15.2004","Gempolan"
"12","Sumatera Utara","12.18","Kabupaten Serdang Bedagai","12.18.15","Sei Bamban","12.18.15.2005","Rampah Estate"
"12","Sumatera Utara","12.18","Kabupaten Serdang Bedagai","12.18.15","Sei Bamban","12.18.15.2006","Suka Damai"
"12","Sumatera Utara","12.18","Kabupaten Serdang Bedagai","12.18.15","Sei Bamban","12.18.15.2007","Sei Bamban Estate"
"12","Sumatera Utara","12.18","Kabupaten Serdang Bedagai","12.18.15","Sei Bamban","12.18.15.2008","Sei Belutu"
"12","Sumatera Utara","12.18","Kabupaten Serdang Bedagai","12.18.15","Sei Bamban","12.18.15.2009","Sei Buluh"
"12","Sumatera Utara","12.18","Kabupaten Serdang Bedagai","12.18.15","Sei Bamban","12.18.15.2010","Penggalangan"
"12","Sumatera Utara","12.18","Kabupaten Serdang Bedagai","12.18.16","Tebing Syahbandar","12.18.16.2001","Penggalian"
"12","Sumatera Utara","12.18","Kabupaten Serdang Bedagai","12.18.16","Tebing Syahbandar","12.18.16.2002","Laut Tador"
"12","Sumatera Utara","12.18","Kabupaten Serdang Bedagai","12.18.16","Tebing Syahbandar","12.18.16.2003","Tanah Besih"
"12","Sumatera Utara","12.18","Kabupaten Serdang Bedagai","12.18.16","Tebing Syahbandar","12.18.16.2004","Binjai"
"12","Sumatera Utara","12.18","Kabupaten Serdang Bedagai","12.18.16","Tebing Syahbandar","12.18.16.2005","Paya Pasir"
"12","Sumatera Utara","12.18","Kabupaten Serdang Bedagai","12.18.16","Tebing Syahbandar","12.18.16.2006","Bahilang"
"12","Sumatera Utara","12.18","Kabupaten Serdang Bedagai","12.18.16","Tebing Syahbandar","12.18.16.2007","Penggalangan"
"12","Sumatera Utara","12.18","Kabupaten Serdang Bedagai","12.18.16","Tebing Syahbandar","12.18.16.2008","Paya Pinang"
"12","Sumatera Utara","12.18","Kabupaten Serdang Bedagai","12.18.16","Tebing Syahbandar","12.18.16.2009","Kuta Pinang"
"12","Sumatera Utara","12.18","Kabupaten Serdang Bedagai","12.18.16","Tebing Syahbandar","12.18.16.2010","Sibulan"
"12","Sumatera Utara","12.18","Kabupaten Serdang Bedagai","12.18.17","Bintang Bayu","12.18.17.2001","Gudang Garam"
"12","Sumatera Utara","12.18","Kabupaten Serdang Bedagai","12.18.17","Bintang Bayu","12.18.17.2002","Dolok Masango"
"12","Sumatera Utara","12.18","Kabupaten Serdang Bedagai","12.18.17","Bintang Bayu","12.18.17.2003","Panombean"
"12","Sumatera Utara","12.18","Kabupaten Serdang Bedagai","12.18.17","Bintang Bayu","12.18.17.2004","Bandar Negeri"
"12","Sumatera Utara","12.18","Kabupaten Serdang Bedagai","12.18.17","Bintang Bayu","12.18.17.2005","Ujung Negeri Kahan"
"12","Sumatera Utara","12.18","Kabupaten Serdang Bedagai","12.18.17","Bintang Bayu","12.18.17.2006","Bandar Magodang"
"12","Sumatera Utara","12.18","Kabupaten Serdang Bedagai","12.18.17","Bintang Bayu","12.18.17.2007","Ujung Negeri Hulu"
"12","Sumatera Utara","12.18","Kabupaten Serdang Bedagai","12.18.17","Bintang Bayu","12.18.17.2008","Pegajahan Hulu"
"12","Sumatera Utara","12.18","Kabupaten Serdang Bedagai","12.18.17","Bintang Bayu","12.18.17.2009","Marihat Dolok"
"12","Sumatera Utara","12.18","Kabupaten Serdang Bedagai","12.18.17","Bintang Bayu","12.18.17.2010","Bintang Bayu"
"12","Sumatera Utara","12.18","Kabupaten Serdang Bedagai","12.18.17","Bintang Bayu","12.18.17.2011","Bandar Pinang Kebun"
"12","Sumatera Utara","12.18","Kabupaten Serdang Bedagai","12.18.17","Bintang Bayu","12.18.17.2012","Damak Tolong Buho"
"12","Sumatera Utara","12.18","Kabupaten Serdang Bedagai","12.18.17","Bintang Bayu","12.18.17.2013","Bandar Pinang Rambe"
"12","Sumatera Utara","12.18","Kabupaten Serdang Bedagai","12.18.17","Bintang Bayu","12.18.17.2014","Pegajahan Kahan"
"12","Sumatera Utara","12.18","Kabupaten Serdang Bedagai","12.18.17","Bintang Bayu","12.18.17.2015","Huta Durian"
"12","Sumatera Utara","12.18","Kabupaten Serdang Bedagai","12.18.17","Bintang Bayu","12.18.17.2016","Kampung Kristen"
"12","Sumatera Utara","12.18","Kabupaten Serdang Bedagai","12.18.17","Bintang Bayu","12.18.17.2017","Sarang Ginting Kahan"
"12","Sumatera Utara","12.18","Kabupaten Serdang Bedagai","12.18.17","Bintang Bayu","12.18.17.2018","Sarang Ginting Hulu"
"12","Sumatera Utara","12.18","Kabupaten Serdang Bedagai","12.18.17","Bintang Bayu","12.18.17.2019","Siahap"
"12","Sumatera Utara","12.19","Kabupaten Batu Bara","12.19.01","Medang Deras","12.19.01.1001","Pangkalan Dodek"
"12","Sumatera Utara","12.19","Kabupaten Batu Bara","12.19.01","Medang Deras","12.19.01.1002","Pangkalan Dodek Baru"
"12","Sumatera Utara","12.19","Kabupaten Batu Bara","12.19.01","Medang Deras","12.19.01.1021","Pagurawan"
"12","Sumatera Utara","12.19","Kabupaten Batu Bara","12.19.01","Medang Deras","12.19.01.2003","Aek Nauli"
"12","Sumatera Utara","12.19","Kabupaten Batu Bara","12.19.01","Medang Deras","12.19.01.2004","Durian"
"12","Sumatera Utara","12.19","Kabupaten Batu Bara","12.19.01","Medang Deras","12.19.01.2005","Lalang"
"12","Sumatera Utara","12.19","Kabupaten Batu Bara","12.19.01","Medang Deras","12.19.01.2006","Medang"
"12","Sumatera Utara","12.19","Kabupaten Batu Bara","12.19.01","Medang Deras","12.19.01.2007","Pakam"
"12","Sumatera Utara","12.19","Kabupaten Batu Bara","12.19.01","Medang Deras","12.19.01.2008","Pakam Raya"
"12","Sumatera Utara","12.19","Kabupaten Batu Bara","12.19.01","Medang Deras","12.19.01.2009","Pematang Cengkering"
"12","Sumatera Utara","12.19","Kabupaten Batu Bara","12.19.01","Medang Deras","12.19.01.2010","Sei Buah Keras"
"12","Sumatera Utara","12.19","Kabupaten Batu Bara","12.19.01","Medang Deras","12.19.01.2011","Sei Rakyat"
"12","Sumatera Utara","12.19","Kabupaten Batu Bara","12.19.01","Medang Deras","12.19.01.2012","Sidomulyo"
"12","Sumatera Utara","12.19","Kabupaten Batu Bara","12.19.01","Medang Deras","12.19.01.2013","Tanjung Sigoni"
"12","Sumatera Utara","12.19","Kabupaten Batu Bara","12.19.01","Medang Deras","12.19.01.2014","Nenas Siam"
"12","Sumatera Utara","12.19","Kabupaten Batu Bara","12.19.01","Medang Deras","12.19.01.2015","Pakam Raya Selatan"
"12","Sumatera Utara","12.19","Kabupaten Batu Bara","12.19.01","Medang Deras","12.19.01.2016","Mandarsah"
"12","Sumatera Utara","12.19","Kabupaten Batu Bara","12.19.01","Medang Deras","12.19.01.2017","Medang Baru"
"12","Sumatera Utara","12.19","Kabupaten Batu Bara","12.19.01","Medang Deras","12.19.01.2018","Pematang Nibung"
"12","Sumatera Utara","12.19","Kabupaten Batu Bara","12.19.01","Medang Deras","12.19.01.2019","Cengkering Pekan"
"12","Sumatera Utara","12.19","Kabupaten Batu Bara","12.19.01","Medang Deras","12.19.01.2020","Sei Raja"
"12","Sumatera Utara","12.19","Kabupaten Batu Bara","12.19.02","Sei Suka","12.19.02.1001","Perkebunan Sipare pare"
"12","Sumatera Utara","12.19","Kabupaten Batu Bara","12.19.02","Sei Suka","12.19.02.2007","Sei Suka Deras"
"12","Sumatera Utara","12.19","Kabupaten Batu Bara","12.19.02","Sei Suka","12.19.02.2008","Simodong"
"12","Sumatera Utara","12.19","Kabupaten Batu Bara","12.19.02","Sei Suka","12.19.02.2009","Pematang Jering"
"12","Sumatera Utara","12.19","Kabupaten Batu Bara","12.19.02","Sei Suka","12.19.02.2010","Pematang Kuning"
"12","Sumatera Utara","12.19","Kabupaten Batu Bara","12.19.02","Sei Suka","12.19.02.2011","Kuala Indah"
"12","Sumatera Utara","12.19","Kabupaten Batu Bara","12.19.02","Sei Suka","12.19.02.2012","Kuala Tanjung"
"12","Sumatera Utara","12.19","Kabupaten Batu Bara","12.19.02","Sei Suka","12.19.02.2018","Tanjung Gading"
"12","Sumatera Utara","12.19","Kabupaten Batu Bara","12.19.02","Sei Suka","12.19.02.2019","Simpang Kopi"
"12","Sumatera Utara","12.19","Kabupaten Batu Bara","12.19.02","Sei Suka","12.19.02.2020","Brohol"
"12","Sumatera Utara","12.19","Kabupaten Batu Bara","12.19.03","Air Putih","12.19.03.1001","Indrapura"
"12","Sumatera Utara","12.19","Kabupaten Batu Bara","12.19.03","Air Putih","12.19.03.1019","Indrasakti"
"12","Sumatera Utara","12.19","Kabupaten Batu Bara","12.19.03","Air Putih","12.19.03.2002","Limau Sundai"
"12","Sumatera Utara","12.19","Kabupaten Batu Bara","12.19.03","Air Putih","12.19.03.2003","Pematang Panjang"
"12","Sumatera Utara","12.19","Kabupaten Batu Bara","12.19.03","Air Putih","12.19.03.2004","Sukaraja"
"12","Sumatera Utara","12.19","Kabupaten Batu Bara","12.19.03","Air Putih","12.19.03.2005","Tanah Tinggi"
"12","Sumatera Utara","12.19","Kabupaten Batu Bara","12.19.03","Air Putih","12.19.03.2006","Tanjungmuda"
"12","Sumatera Utara","12.19","Kabupaten Batu Bara","12.19.03","Air Putih","12.19.03.2007","Tanah Merah"
"12","Sumatera Utara","12.19","Kabupaten Batu Bara","12.19.03","Air Putih","12.19.03.2008","Aras"
"12","Sumatera Utara","12.19","Kabupaten Batu Bara","12.19.03","Air Putih","12.19.03.2009","Pasar Lapan"
"12","Sumatera Utara","12.19","Kabupaten Batu Bara","12.19.03","Air Putih","12.19.03.2010","Sipare-pare"
"12","Sumatera Utara","12.19","Kabupaten Batu Bara","12.19.03","Air Putih","12.19.03.2011","Tanjungkubah"
"12","Sumatera Utara","12.19","Kabupaten Batu Bara","12.19.03","Air Putih","12.19.03.2012","Tanjungharapan"
"12","Sumatera Utara","12.19","Kabupaten Batu Bara","12.19.03","Air Putih","12.19.03.2013","Suka Ramai"
"12","Sumatera Utara","12.19","Kabupaten Batu Bara","12.19.03","Air Putih","12.19.03.2014","Tanah Rendah"
"12","Sumatera Utara","12.19","Kabupaten Batu Bara","12.19.03","Air Putih","12.19.03.2015","Tanjungmulya"
"12","Sumatera Utara","12.19","Kabupaten Batu Bara","12.19.03","Air Putih","12.19.03.2016","Titi Payung"
"12","Sumatera Utara","12.19","Kabupaten Batu Bara","12.19.03","Air Putih","12.19.03.2017","Perkotaan"
"12","Sumatera Utara","12.19","Kabupaten Batu Bara","12.19.03","Air Putih","12.19.03.2018","Kampung Kelapa"
"12","Sumatera Utara","12.19","Kabupaten Batu Bara","12.19.04","Lima Puluh","12.19.04.1001","Lima Puluh Kota"
"12","Sumatera Utara","12.19","Kabupaten Batu Bara","12.19.04","Lima Puluh","12.19.04.2011","Mangkai Baru"
"12","Sumatera Utara","12.19","Kabupaten Batu Bara","12.19.04","Lima Puluh","12.19.04.2012","Mangkai Lama"
"12","Sumatera Utara","12.19","Kabupaten Batu Bara","12.19.04","Lima Puluh","12.19.04.2014","Perkebunan Dolok"
"12","Sumatera Utara","12.19","Kabupaten Batu Bara","12.19.04","Lima Puluh","12.19.04.2015","Perkebunan Kwala Gunung"
"12","Sumatera Utara","12.19","Kabupaten Batu Bara","12.19.04","Lima Puluh","12.19.04.2016","Antara"
"12","Sumatera Utara","12.19","Kabupaten Batu Bara","12.19.04","Lima Puluh","12.19.04.2017","Perkebunan Lima Puluh"
"12","Sumatera Utara","12.19","Kabupaten Batu Bara","12.19.04","Lima Puluh","12.19.04.2018","Perkebunan Limau Manis"
"12","Sumatera Utara","12.19","Kabupaten Batu Bara","12.19.04","Lima Puluh","12.19.04.2019","Perkebunan Tanah Gambus"
"12","Sumatera Utara","12.19","Kabupaten Batu Bara","12.19.04","Lima Puluh","12.19.04.2025","Simpang Gambus"
"12","Sumatera Utara","12.19","Kabupaten Batu Bara","12.19.04","Lima Puluh","12.19.04.2026","Sumber Makmur"
"12","Sumatera Utara","12.19","Kabupaten Batu Bara","12.19.04","Lima Puluh","12.19.04.2027","Sumber Padi"
"12","Sumatera Utara","12.19","Kabupaten Batu Bara","12.19.05","Talawi","12.19.05.1001","Labuhan Ruku"
"12","Sumatera Utara","12.19","Kabupaten Batu Bara","12.19.05","Talawi","12.19.05.2004","Dahari Selebar"
"12","Sumatera Utara","12.19","Kabupaten Batu Bara","12.19.05","Talawi","12.19.05.2006","Mesjid Lama"
"12","Sumatera Utara","12.19","Kabupaten Batu Bara","12.19.05","Talawi","12.19.05.2007","Padang Genting"
"12","Sumatera Utara","12.19","Kabupaten Batu Bara","12.19.05","Talawi","12.19.05.2008","Pahang"
"12","Sumatera Utara","12.19","Kabupaten Batu Bara","12.19.05","Talawi","12.19.05.2009","Panjang"
"12","Sumatera Utara","12.19","Kabupaten Batu Bara","12.19.05","Talawi","12.19.05.2014","Gunung Rante"
"12","Sumatera Utara","12.19","Kabupaten Batu Bara","12.19.05","Talawi","12.19.05.2015","Dahari Indah"
"12","Sumatera Utara","12.19","Kabupaten Batu Bara","12.19.05","Talawi","12.19.05.2016","Indra Yaman"
"12","Sumatera Utara","12.19","Kabupaten Batu Bara","12.19.05","Talawi","12.19.05.2017","Benteng"
"12","Sumatera Utara","12.19","Kabupaten Batu Bara","12.19.06","Tanjung Tiram","12.19.06.1001","Tanjung Tiram"
"12","Sumatera Utara","12.19","Kabupaten Batu Bara","12.19.06","Tanjung Tiram","12.19.06.1022","Bagan Arya"
"12","Sumatera Utara","12.19","Kabupaten Batu Bara","12.19.06","Tanjung Tiram","12.19.06.2002","Guntung"
"12","Sumatera Utara","12.19","Kabupaten Batu Bara","12.19.06","Tanjung Tiram","12.19.06.2004","Bagan Dalam"
"12","Sumatera Utara","12.19","Kabupaten Batu Bara","12.19.06","Tanjung Tiram","12.19.06.2005","Bogak"
"12","Sumatera Utara","12.19","Kabupaten Batu Bara","12.19.06","Tanjung Tiram","12.19.06.2006","Suka Maju"
"12","Sumatera Utara","12.19","Kabupaten Batu Bara","12.19.06","Tanjung Tiram","12.19.06.2016","Suka Jaya"
"12","Sumatera Utara","12.19","Kabupaten Batu Bara","12.19.06","Tanjung Tiram","12.19.06.2017","Pahlawan"
"12","Sumatera Utara","12.19","Kabupaten Batu Bara","12.19.06","Tanjung Tiram","12.19.06.2018","Bandar Rahmat"
"12","Sumatera Utara","12.19","Kabupaten Batu Bara","12.19.06","Tanjung Tiram","12.19.06.2019","Kampung Lalang"
"12","Sumatera Utara","12.19","Kabupaten Batu Bara","12.19.07","Sei Balai","12.19.07.2001","Kwala Sikasim"
"12","Sumatera Utara","12.19","Kabupaten Batu Bara","12.19.07","Sei Balai","12.19.07.2002","Sei Balai"
"12","Sumatera Utara","12.19","Kabupaten Batu Bara","12.19.07","Sei Balai","12.19.07.2004","Durian"
"12","Sumatera Utara","12.19","Kabupaten Batu Bara","12.19.07","Sei Balai","12.19.07.2005","Perkebunan Sei Balai"
"12","Sumatera Utara","12.19","Kabupaten Batu Bara","12.19.07","Sei Balai","12.19.07.2007","Suka Ramai"
"12","Sumatera Utara","12.19","Kabupaten Batu Bara","12.19.07","Sei Balai","12.19.07.2008","Sei Bejangkar"
"12","Sumatera Utara","12.19","Kabupaten Batu Bara","12.19.07","Sei Balai","12.19.07.2009","Mekar Mulio"
"12","Sumatera Utara","12.19","Kabupaten Batu Bara","12.19.07","Sei Balai","12.19.07.2010","Perkebunan Sei Bejangkar"
"12","Sumatera Utara","12.19","Kabupaten Batu Bara","12.19.07","Sei Balai","12.19.07.2012","Benteng Jaya"
"12","Sumatera Utara","12.19","Kabupaten Batu Bara","12.19.07","Sei Balai","12.19.07.2013","Tanah Timbul"
"12","Sumatera Utara","12.19","Kabupaten Batu Bara","12.19.07","Sei Balai","12.19.07.2014","Perjuangan"
"12","Sumatera Utara","12.19","Kabupaten Batu Bara","12.19.07","Sei Balai","12.19.07.2015","Sidomulio"
"12","Sumatera Utara","12.19","Kabupaten Batu Bara","12.19.07","Sei Balai","12.19.07.2016","Mekar Baru"
"12","Sumatera Utara","12.19","Kabupaten Batu Bara","12.19.07","Sei Balai","12.19.07.2017","Suko Rejo"
"12","Sumatera Utara","12.19","Kabupaten Batu Bara","12.19.08","Laut Tador","12.19.08.2001","Tanjung Prapat"
"12","Sumatera Utara","12.19","Kabupaten Batu Bara","12.19.08","Laut Tador","12.19.08.2002","Laut Tador"
"12","Sumatera Utara","12.19","Kabupaten Batu Bara","12.19.08","Laut Tador","12.19.08.2003","Pelanggiran Laut Tador"
"12","Sumatera Utara","12.19","Kabupaten Batu Bara","12.19.08","Laut Tador","12.19.08.2004","Perkebunan Tanjung Kasau"
"12","Sumatera Utara","12.19","Kabupaten Batu Bara","12.19.08","Laut Tador","12.19.08.2005","Dewi Sri"
"12","Sumatera Utara","12.19","Kabupaten Batu Bara","12.19.08","Laut Tador","12.19.08.2006","Tanjung Kasau"
"12","Sumatera Utara","12.19","Kabupaten Batu Bara","12.19.08","Laut Tador","12.19.08.2007","Tanjung Seri"
"12","Sumatera Utara","12.19","Kabupaten Batu Bara","12.19.08","Laut Tador","12.19.08.2008","Mekar Sari"
"12","Sumatera Utara","12.19","Kabupaten Batu Bara","12.19.08","Laut Tador","12.19.08.2009","Sei Simujur"
"12","Sumatera Utara","12.19","Kabupaten Batu Bara","12.19.08","Laut Tador","12.19.08.2010","Kandangan"
"12","Sumatera Utara","12.19","Kabupaten Batu Bara","12.19.09","Lima Puluh Pesisir","12.19.09.2001","Gambus Laut"
"12","Sumatera Utara","12.19","Kabupaten Batu Bara","12.19.09","Lima Puluh Pesisir","12.19.09.2002","Perupuk"
"12","Sumatera Utara","12.19","Kabupaten Batu Bara","12.19.09","Lima Puluh Pesisir","12.19.09.2003","Guntung"
"12","Sumatera Utara","12.19","Kabupaten Batu Bara","12.19.09","Lima Puluh Pesisir","12.19.09.2004","Barung-Barung"
"12","Sumatera Utara","12.19","Kabupaten Batu Bara","12.19.09","Lima Puluh Pesisir","12.19.09.2005","Titi Putih"
"12","Sumatera Utara","12.19","Kabupaten Batu Bara","12.19.09","Lima Puluh Pesisir","12.19.09.2006","Pasir Permit"
"12","Sumatera Utara","12.19","Kabupaten Batu Bara","12.19.09","Lima Puluh Pesisir","12.19.09.2007","Titi Merah"
"12","Sumatera Utara","12.19","Kabupaten Batu Bara","12.19.09","Lima Puluh Pesisir","12.19.09.2008","Pematang Panjang"
"12","Sumatera Utara","12.19","Kabupaten Batu Bara","12.19.09","Lima Puluh Pesisir","12.19.09.2009","Bulan-Bulan"
"12","Sumatera Utara","12.19","Kabupaten Batu Bara","12.19.09","Lima Puluh Pesisir","12.19.09.2010","Gunung Bandung"
"12","Sumatera Utara","12.19","Kabupaten Batu Bara","12.19.09","Lima Puluh Pesisir","12.19.09.2011","Lubuk Cuik"
"12","Sumatera Utara","12.19","Kabupaten Batu Bara","12.19.09","Lima Puluh Pesisir","12.19.09.2012","Tanah Itam Ilir"
"12","Sumatera Utara","12.19","Kabupaten Batu Bara","12.19.09","Lima Puluh Pesisir","12.19.09.2013","Pematang Tengah"
"12","Sumatera Utara","12.19","Kabupaten Batu Bara","12.19.10","Datuk Lima Puluh","12.19.10.2001","Perkebunan Tanah Itam Ulu"
"12","Sumatera Utara","12.19","Kabupaten Batu Bara","12.19.10","Datuk Lima Puluh","12.19.10.2002","Empat Negeri"
"12","Sumatera Utara","12.19","Kabupaten Batu Bara","12.19.10","Datuk Lima Puluh","12.19.10.2003","Sumber Rejo"
"12","Sumatera Utara","12.19","Kabupaten Batu Bara","12.19.10","Datuk Lima Puluh","12.19.10.2004","Lubuk Hulu"
"12","Sumatera Utara","12.19","Kabupaten Batu Bara","12.19.10","Datuk Lima Puluh","12.19.10.2005","Lubuk Besar"
"12","Sumatera Utara","12.19","Kabupaten Batu Bara","12.19.10","Datuk Lima Puluh","12.19.10.2006","Pulau Sejuk"
"12","Sumatera Utara","12.19","Kabupaten Batu Bara","12.19.10","Datuk Lima Puluh","12.19.10.2007","Simpang Dolok"
"12","Sumatera Utara","12.19","Kabupaten Batu Bara","12.19.10","Datuk Lima Puluh","12.19.10.2008","Air Hitam"
"12","Sumatera Utara","12.19","Kabupaten Batu Bara","12.19.10","Datuk Lima Puluh","12.19.10.2009","Kwala Gunung"
"12","Sumatera Utara","12.19","Kabupaten Batu Bara","12.19.10","Datuk Lima Puluh","12.19.10.2010","Cahaya Pardomuan"
"12","Sumatera Utara","12.19","Kabupaten Batu Bara","12.19.11","Datuk Tanah Datar","12.19.11.2001","Sumber Tani"
"12","Sumatera Utara","12.19","Kabupaten Batu Bara","12.19.11","Datuk Tanah Datar","12.19.11.2002","Sei Muka"
"12","Sumatera Utara","12.19","Kabupaten Batu Bara","12.19.11","Datuk Tanah Datar","12.19.11.2003","Perkebunan Tanah Datar"
"12","Sumatera Utara","12.19","Kabupaten Batu Bara","12.19.11","Datuk Tanah Datar","12.19.11.2004","Binjai Baru"
"12","Sumatera Utara","12.19","Kabupaten Batu Bara","12.19.11","Datuk Tanah Datar","12.19.11.2005","Bangun Sari"
"12","Sumatera Utara","12.19","Kabupaten Batu Bara","12.19.11","Datuk Tanah Datar","12.19.11.2006","Karang Baru"
"12","Sumatera Utara","12.19","Kabupaten Batu Bara","12.19.11","Datuk Tanah Datar","12.19.11.2007","Perkebunan Petatal"
"12","Sumatera Utara","12.19","Kabupaten Batu Bara","12.19.11","Datuk Tanah Datar","12.19.11.2008","Mekar Baru"
"12","Sumatera Utara","12.19","Kabupaten Batu Bara","12.19.11","Datuk Tanah Datar","12.19.11.2009","Petatal"
"12","Sumatera Utara","12.19","Kabupaten Batu Bara","12.19.11","Datuk Tanah Datar","12.19.11.2010","Glugur Makmur"
"12","Sumatera Utara","12.19","Kabupaten Batu Bara","12.19.12","Nibung Hangus","12.19.12.2001","Sentang"
"12","Sumatera Utara","12.19","Kabupaten Batu Bara","12.19.12","Nibung Hangus","12.19.12.2002","Tanjung Mulia"
"12","Sumatera Utara","12.19","Kabupaten Batu Bara","12.19.12","Nibung Hangus","12.19.12.2003","Jati Mulia"
"12","Sumatera Utara","12.19","Kabupaten Batu Bara","12.19.12","Nibung Hangus","12.19.12.2004","Lima Laras"
"12","Sumatera Utara","12.19","Kabupaten Batu Bara","12.19.12","Nibung Hangus","12.19.12.2005","Mekar Laras"
"12","Sumatera Utara","12.19","Kabupaten Batu Bara","12.19.12","Nibung Hangus","12.19.12.2006","Bandar Sono"
"12","Sumatera Utara","12.19","Kabupaten Batu Bara","12.19.12","Nibung Hangus","12.19.12.2007","Ujung Kubu"
"12","Sumatera Utara","12.19","Kabupaten Batu Bara","12.19.12","Nibung Hangus","12.19.12.2008","Sei Mentaram"
"12","Sumatera Utara","12.19","Kabupaten Batu Bara","12.19.12","Nibung Hangus","12.19.12.2009","Pematang Rambai"
"12","Sumatera Utara","12.19","Kabupaten Batu Bara","12.19.12","Nibung Hangus","12.19.12.2010","Tali Air Permai"
"12","Sumatera Utara","12.19","Kabupaten Batu Bara","12.19.12","Nibung Hangus","12.19.12.2011","Bagan Baru"
"12","Sumatera Utara","12.19","Kabupaten Batu Bara","12.19.12","Nibung Hangus","12.19.12.2012","Kapal Merah"
"12","Sumatera Utara","12.20","Kabupaten Padang Lawas Utara","12.20.01","Dolok Sigompulon","12.20.01.2001","Janji Manahan GNT"
"12","Sumatera Utara","12.20","Kabupaten Padang Lawas Utara","12.20.01","Dolok Sigompulon","12.20.01.2002","Pasang Lela"
"12","Sumatera Utara","12.20","Kabupaten Padang Lawas Utara","12.20.01","Dolok Sigompulon","12.20.01.2003","Aek Jabut"
"12","Sumatera Utara","12.20","Kabupaten Padang Lawas Utara","12.20.01","Dolok Sigompulon","12.20.01.2004","Nabundong"
"12","Sumatera Utara","12.20","Kabupaten Padang Lawas Utara","12.20.01","Dolok Sigompulon","12.20.01.2005","Gunung Sormin"
"12","Sumatera Utara","12.20","Kabupaten Padang Lawas Utara","12.20.01","Dolok Sigompulon","12.20.01.2006","Sihalo Halo"
"12","Sumatera Utara","12.20","Kabupaten Padang Lawas Utara","12.20.01","Dolok Sigompulon","12.20.01.2007","Kuala Simpang"
"12","Sumatera Utara","12.20","Kabupaten Padang Lawas Utara","12.20.01","Dolok Sigompulon","12.20.01.2008","Simundol"
"12","Sumatera Utara","12.20","Kabupaten Padang Lawas Utara","12.20.01","Dolok Sigompulon","12.20.01.2009","Nahula Julu"
"12","Sumatera Utara","12.20","Kabupaten Padang Lawas Utara","12.20.01","Dolok Sigompulon","12.20.01.2010","Simaninggir Simundol"
"12","Sumatera Utara","12.20","Kabupaten Padang Lawas Utara","12.20.01","Dolok Sigompulon","12.20.01.2011","Simangambat"
"12","Sumatera Utara","12.20","Kabupaten Padang Lawas Utara","12.20.01","Dolok Sigompulon","12.20.01.2012","Saba Bangun"
"12","Sumatera Utara","12.20","Kabupaten Padang Lawas Utara","12.20.01","Dolok Sigompulon","12.20.01.2013","Malino"
"12","Sumatera Utara","12.20","Kabupaten Padang Lawas Utara","12.20.01","Dolok Sigompulon","12.20.01.2014","Gonting Bange"
"12","Sumatera Utara","12.20","Kabupaten Padang Lawas Utara","12.20.01","Dolok Sigompulon","12.20.01.2015","Hutaimbaru Simundol"
"12","Sumatera Utara","12.20","Kabupaten Padang Lawas Utara","12.20.01","Dolok Sigompulon","12.20.01.2016","Padang Matinggi Simundol"
"12","Sumatera Utara","12.20","Kabupaten Padang Lawas Utara","12.20.01","Dolok Sigompulon","12.20.01.2017","Sunut"
"12","Sumatera Utara","12.20","Kabupaten Padang Lawas Utara","12.20.01","Dolok Sigompulon","12.20.01.2018","Batu Hibul"
"12","Sumatera Utara","12.20","Kabupaten Padang Lawas Utara","12.20.01","Dolok Sigompulon","12.20.01.2019","Sigordang"
"12","Sumatera Utara","12.20","Kabupaten Padang Lawas Utara","12.20.01","Dolok Sigompulon","12.20.01.2020","Pamarai"
"12","Sumatera Utara","12.20","Kabupaten Padang Lawas Utara","12.20.01","Dolok Sigompulon","12.20.01.2021","Padang Matinggi GNT"
"12","Sumatera Utara","12.20","Kabupaten Padang Lawas Utara","12.20.01","Dolok Sigompulon","12.20.01.2022","Gadung Holbung"
"12","Sumatera Utara","12.20","Kabupaten Padang Lawas Utara","12.20.01","Dolok Sigompulon","12.20.01.2023","Salusuhan"
"12","Sumatera Utara","12.20","Kabupaten Padang Lawas Utara","12.20.01","Dolok Sigompulon","12.20.01.2024","Panyabungan"
"12","Sumatera Utara","12.20","Kabupaten Padang Lawas Utara","12.20.01","Dolok Sigompulon","12.20.01.2025","Sayur Matinggi"
"12","Sumatera Utara","12.20","Kabupaten Padang Lawas Utara","12.20.01","Dolok Sigompulon","12.20.01.2026","Hasahatan"
"12","Sumatera Utara","12.20","Kabupaten Padang Lawas Utara","12.20.01","Dolok Sigompulon","12.20.01.2027","Pinarik"
"12","Sumatera Utara","12.20","Kabupaten Padang Lawas Utara","12.20.01","Dolok Sigompulon","12.20.01.2028","Unte Manis"
"12","Sumatera Utara","12.20","Kabupaten Padang Lawas Utara","12.20.01","Dolok Sigompulon","12.20.01.2029","Sipogas"
"12","Sumatera Utara","12.20","Kabupaten Padang Lawas Utara","12.20.01","Dolok Sigompulon","12.20.01.2030","Sipogas A"
"12","Sumatera Utara","12.20","Kabupaten Padang Lawas Utara","12.20.01","Dolok Sigompulon","12.20.01.2031","Padang Malakka"
"12","Sumatera Utara","12.20","Kabupaten Padang Lawas Utara","12.20.01","Dolok Sigompulon","12.20.01.2032","Aek Simanap"
"12","Sumatera Utara","12.20","Kabupaten Padang Lawas Utara","12.20.01","Dolok Sigompulon","12.20.01.2033","Pulo Liman"
"12","Sumatera Utara","12.20","Kabupaten Padang Lawas Utara","12.20.01","Dolok Sigompulon","12.20.01.2034","Aek Kundur"
"12","Sumatera Utara","12.20","Kabupaten Padang Lawas Utara","12.20.01","Dolok Sigompulon","12.20.01.2035","Hatiran"
"12","Sumatera Utara","12.20","Kabupaten Padang Lawas Utara","12.20.01","Dolok Sigompulon","12.20.01.2036","Karang Anyar"
"12","Sumatera Utara","12.20","Kabupaten Padang Lawas Utara","12.20.01","Dolok Sigompulon","12.20.01.2037","Aek Kanan"
"12","Sumatera Utara","12.20","Kabupaten Padang Lawas Utara","12.20.01","Dolok Sigompulon","12.20.01.2038","Nahula Jae"
"12","Sumatera Utara","12.20","Kabupaten Padang Lawas Utara","12.20.01","Dolok Sigompulon","12.20.01.2039","Simadihon"
"12","Sumatera Utara","12.20","Kabupaten Padang Lawas Utara","12.20.01","Dolok Sigompulon","12.20.01.2040","Pasar Sayur Matinggi"
"12","Sumatera Utara","12.20","Kabupaten Padang Lawas Utara","12.20.01","Dolok Sigompulon","12.20.01.2041","Tj. Baru Silaiya"
"12","Sumatera Utara","12.20","Kabupaten Padang Lawas Utara","12.20.01","Dolok Sigompulon","12.20.01.2042","Sitonun"
"12","Sumatera Utara","12.20","Kabupaten Padang Lawas Utara","12.20.01","Dolok Sigompulon","12.20.01.2043","Pasar Simundol"
"12","Sumatera Utara","12.20","Kabupaten Padang Lawas Utara","12.20.01","Dolok Sigompulon","12.20.01.2044","Pamonoran"
"12","Sumatera Utara","12.20","Kabupaten Padang Lawas Utara","12.20.02","Dolok","12.20.02.2001","Siguga"
"12","Sumatera Utara","12.20","Kabupaten Padang Lawas Utara","12.20.02","Dolok","12.20.02.2002","Singanyal"
"12","Sumatera Utara","12.20","Kabupaten Padang Lawas Utara","12.20.02","Dolok","12.20.02.2003","Binanga Panasahan"
"12","Sumatera Utara","12.20","Kabupaten Padang Lawas Utara","12.20.02","Dolok","12.20.02.2004","Aek Haruaya"
"12","Sumatera Utara","12.20","Kabupaten Padang Lawas Utara","12.20.02","Dolok","12.20.02.2005","Tanjung Baru B"
"12","Sumatera Utara","12.20","Kabupaten Padang Lawas Utara","12.20.02","Dolok","12.20.02.2006","Pasar Sipiongot"
"12","Sumatera Utara","12.20","Kabupaten Padang Lawas Utara","12.20.02","Dolok","12.20.02.2007","Bintais Julu"
"12","Sumatera Utara","12.20","Kabupaten Padang Lawas Utara","12.20.02","Dolok","12.20.02.2008","Bunut"
"12","Sumatera Utara","12.20","Kabupaten Padang Lawas Utara","12.20.02","Dolok","12.20.02.2009","Paya Ombik"
"12","Sumatera Utara","12.20","Kabupaten Padang Lawas Utara","12.20.02","Dolok","12.20.02.2010","Aek Suhat Jae"
"12","Sumatera Utara","12.20","Kabupaten Padang Lawas Utara","12.20.02","Dolok","12.20.02.2011","Huta Baru Sil"
"12","Sumatera Utara","12.20","Kabupaten Padang Lawas Utara","12.20.02","Dolok","12.20.02.2012","Sijorang"
"12","Sumatera Utara","12.20","Kabupaten Padang Lawas Utara","12.20.02","Dolok","12.20.02.2013","Simaninggir Sip"
"12","Sumatera Utara","12.20","Kabupaten Padang Lawas Utara","12.20.02","Dolok","12.20.02.2014","Pangaran Julu I"
"12","Sumatera Utara","12.20","Kabupaten Padang Lawas Utara","12.20.02","Dolok","12.20.02.2015","Mompang Lombang"
"12","Sumatera Utara","12.20","Kabupaten Padang Lawas Utara","12.20.02","Dolok","12.20.02.2016","Janji Manahan Sil"
"12","Sumatera Utara","12.20","Kabupaten Padang Lawas Utara","12.20.02","Dolok","12.20.02.2017","Baringin Sip"
"12","Sumatera Utara","12.20","Kabupaten Padang Lawas Utara","12.20.02","Dolok","12.20.02.2018","Gunung Maria"
"12","Sumatera Utara","12.20","Kabupaten Padang Lawas Utara","12.20.02","Dolok","12.20.02.2019","Mompang Dolok"
"12","Sumatera Utara","12.20","Kabupaten Padang Lawas Utara","12.20.02","Dolok","12.20.02.2020","Aek Rao TN"
"12","Sumatera Utara","12.20","Kabupaten Padang Lawas Utara","12.20.02","Dolok","12.20.02.2021","Sijantung Julu"
"12","Sumatera Utara","12.20","Kabupaten Padang Lawas Utara","12.20.02","Dolok","12.20.02.2022","Batu Runding"
"12","Sumatera Utara","12.20","Kabupaten Padang Lawas Utara","12.20.02","Dolok","12.20.02.2023","Lubuk Godang"
"12","Sumatera Utara","12.20","Kabupaten Padang Lawas Utara","12.20.02","Dolok","12.20.02.2024","Bahap"
"12","Sumatera Utara","12.20","Kabupaten Padang Lawas Utara","12.20.02","Dolok","12.20.02.2025","Aek Ilung"
"12","Sumatera Utara","12.20","Kabupaten Padang Lawas Utara","12.20.02","Dolok","12.20.02.2026","Tarutung Bolak"
"12","Sumatera Utara","12.20","Kabupaten Padang Lawas Utara","12.20.02","Dolok","12.20.02.2027","Sungai Pining"
"12","Sumatera Utara","12.20","Kabupaten Padang Lawas Utara","12.20.02","Dolok","12.20.02.2028","Siloung"
"12","Sumatera Utara","12.20","Kabupaten Padang Lawas Utara","12.20.02","Dolok","12.20.02.2029","Hutaimbaru Gul"
"12","Sumatera Utara","12.20","Kabupaten Padang Lawas Utara","12.20.02","Dolok","12.20.02.2030","Sipiongot"
"12","Sumatera Utara","12.20","Kabupaten Padang Lawas Utara","12.20.02","Dolok","12.20.02.2031","Gumbot"
"12","Sumatera Utara","12.20","Kabupaten Padang Lawas Utara","12.20.02","Dolok","12.20.02.2032","Gunung Selamat"
"12","Sumatera Utara","12.20","Kabupaten Padang Lawas Utara","12.20.02","Dolok","12.20.02.2033","Silogo Logo"
"12","Sumatera Utara","12.20","Kabupaten Padang Lawas Utara","12.20.02","Dolok","12.20.02.2034","Lubuk Kundur"
"12","Sumatera Utara","12.20","Kabupaten Padang Lawas Utara","12.20.02","Dolok","12.20.02.2035","Jambur Batu"
"12","Sumatera Utara","12.20","Kabupaten Padang Lawas Utara","12.20.02","Dolok","12.20.02.2036","Simatorkis"
"12","Sumatera Utara","12.20","Kabupaten Padang Lawas Utara","12.20.02","Dolok","12.20.02.2037","Rancaran"
"12","Sumatera Utara","12.20","Kabupaten Padang Lawas Utara","12.20.02","Dolok","12.20.02.2038","Naga Saribu"
"12","Sumatera Utara","12.20","Kabupaten Padang Lawas Utara","12.20.02","Dolok","12.20.02.2039","Simataniari Jae"
"12","Sumatera Utara","12.20","Kabupaten Padang Lawas Utara","12.20.02","Dolok","12.20.02.2040","Janji Manahan Gul"
"12","Sumatera Utara","12.20","Kabupaten Padang Lawas Utara","12.20.02","Dolok","12.20.02.2041","Simataniari"
"12","Sumatera Utara","12.20","Kabupaten Padang Lawas Utara","12.20.02","Dolok","12.20.02.2042","Parmeraan"
"12","Sumatera Utara","12.20","Kabupaten Padang Lawas Utara","12.20.02","Dolok","12.20.02.2043","Panca"
"12","Sumatera Utara","12.20","Kabupaten Padang Lawas Utara","12.20.02","Dolok","12.20.02.2044","Dalihan Natolu"
"12","Sumatera Utara","12.20","Kabupaten Padang Lawas Utara","12.20.02","Dolok","12.20.02.2045","Sungai Datar"
"12","Sumatera Utara","12.20","Kabupaten Padang Lawas Utara","12.20.02","Dolok","12.20.02.2046","Lubuk Lanjang"
"12","Sumatera Utara","12.20","Kabupaten Padang Lawas Utara","12.20.02","Dolok","12.20.02.2047","Arse"
"12","Sumatera Utara","12.20","Kabupaten Padang Lawas Utara","12.20.02","Dolok","12.20.02.2048","Simangambat Tua"
"12","Sumatera Utara","12.20","Kabupaten Padang Lawas Utara","12.20.02","Dolok","12.20.02.2049","Sigala Gala"
"12","Sumatera Utara","12.20","Kabupaten Padang Lawas Utara","12.20.02","Dolok","12.20.02.2050","Sibayo Jae"
"12","Sumatera Utara","12.20","Kabupaten Padang Lawas Utara","12.20.02","Dolok","12.20.02.2051","Dolok Sanggul"
"12","Sumatera Utara","12.20","Kabupaten Padang Lawas Utara","12.20.02","Dolok","12.20.02.2052","Silangge"
"12","Sumatera Utara","12.20","Kabupaten Padang Lawas Utara","12.20.02","Dolok","12.20.02.2053","Pijor Koling"
"12","Sumatera Utara","12.20","Kabupaten Padang Lawas Utara","12.20.02","Dolok","12.20.02.2054","Pagaran Julu II"
"12","Sumatera Utara","12.20","Kabupaten Padang Lawas Utara","12.20.02","Dolok","12.20.02.2055","Siala Gundi"
"12","Sumatera Utara","12.20","Kabupaten Padang Lawas Utara","12.20.02","Dolok","12.20.02.2056","Siraga HP"
"12","Sumatera Utara","12.20","Kabupaten Padang Lawas Utara","12.20.02","Dolok","12.20.02.2057","Aek Sundur"
"12","Sumatera Utara","12.20","Kabupaten Padang Lawas Utara","12.20.02","Dolok","12.20.02.2058","Baringin Sil"
"12","Sumatera Utara","12.20","Kabupaten Padang Lawas Utara","12.20.02","Dolok","12.20.02.2059","Hula Baringin"
"12","Sumatera Utara","12.20","Kabupaten Padang Lawas Utara","12.20.02","Dolok","12.20.02.2060","Nabonggal"
"12","Sumatera Utara","12.20","Kabupaten Padang Lawas Utara","12.20.02","Dolok","12.20.02.2061","Purba Tua"
"12","Sumatera Utara","12.20","Kabupaten Padang Lawas Utara","12.20.02","Dolok","12.20.02.2062","Tanjung Longat"
"12","Sumatera Utara","12.20","Kabupaten Padang Lawas Utara","12.20.02","Dolok","12.20.02.2063","Sibio Bio"
"12","Sumatera Utara","12.20","Kabupaten Padang Lawas Utara","12.20.02","Dolok","12.20.02.2064","Situmbaga"
"12","Sumatera Utara","12.20","Kabupaten Padang Lawas Utara","12.20.02","Dolok","12.20.02.2065","Sijara Jara"
"12","Sumatera Utara","12.20","Kabupaten Padang Lawas Utara","12.20.02","Dolok","12.20.02.2066","Huta Baru Sip"
"12","Sumatera Utara","12.20","Kabupaten Padang Lawas Utara","12.20.02","Dolok","12.20.02.2067","Pagaran Siregar"
"12","Sumatera Utara","12.20","Kabupaten Padang Lawas Utara","12.20.02","Dolok","12.20.02.2068","Parigi"
"12","Sumatera Utara","12.20","Kabupaten Padang Lawas Utara","12.20.02","Dolok","12.20.02.2069","Napasundali"
"12","Sumatera Utara","12.20","Kabupaten Padang Lawas Utara","12.20.02","Dolok","12.20.02.2070","Aek Suhat TR"
"12","Sumatera Utara","12.20","Kabupaten Padang Lawas Utara","12.20.02","Dolok","12.20.02.2071","Gumaruntar"
"12","Sumatera Utara","12.20","Kabupaten Padang Lawas Utara","12.20.02","Dolok","12.20.02.2072","Sijantung Jae"
"12","Sumatera Utara","12.20","Kabupaten Padang Lawas Utara","12.20.02","Dolok","12.20.02.2073","Janji Matogu"
"12","Sumatera Utara","12.20","Kabupaten Padang Lawas Utara","12.20.02","Dolok","12.20.02.2074","Sialang Dolok"
"12","Sumatera Utara","12.20","Kabupaten Padang Lawas Utara","12.20.02","Dolok","12.20.02.2075","Binanga Gumbot"
"12","Sumatera Utara","12.20","Kabupaten Padang Lawas Utara","12.20.02","Dolok","12.20.02.2076","Simanosor"
"12","Sumatera Utara","12.20","Kabupaten Padang Lawas Utara","12.20.02","Dolok","12.20.02.2077","Bukit Tinggi"
"12","Sumatera Utara","12.20","Kabupaten Padang Lawas Utara","12.20.02","Dolok","12.20.02.2078","Simambal"
"12","Sumatera Utara","12.20","Kabupaten Padang Lawas Utara","12.20.02","Dolok","12.20.02.2079","Bandar Nauli"
"12","Sumatera Utara","12.20","Kabupaten Padang Lawas Utara","12.20.02","Dolok","12.20.02.2080","Sibayo"
"12","Sumatera Utara","12.20","Kabupaten Padang Lawas Utara","12.20.02","Dolok","12.20.02.2081","Sinabongan"
"12","Sumatera Utara","12.20","Kabupaten Padang Lawas Utara","12.20.02","Dolok","12.20.02.2082","Siranap"
"12","Sumatera Utara","12.20","Kabupaten Padang Lawas Utara","12.20.02","Dolok","12.20.02.2083","Aek Tangga"
"12","Sumatera Utara","12.20","Kabupaten Padang Lawas Utara","12.20.02","Dolok","12.20.02.2084","Rongkare"
"12","Sumatera Utara","12.20","Kabupaten Padang Lawas Utara","12.20.02","Dolok","12.20.02.2085","Siburbur"
"12","Sumatera Utara","12.20","Kabupaten Padang Lawas Utara","12.20.02","Dolok","12.20.02.2086","Pintu Padang Merdeka"
"12","Sumatera Utara","12.20","Kabupaten Padang Lawas Utara","12.20.03","Halongonan","12.20.03.2001","Hutaimbaru"
"12","Sumatera Utara","12.20","Kabupaten Padang Lawas Utara","12.20.03","Halongonan","12.20.03.2002","Hambulo"
"12","Sumatera Utara","12.20","Kabupaten Padang Lawas Utara","12.20.03","Halongonan","12.20.03.2003","Paolan"
"12","Sumatera Utara","12.20","Kabupaten Padang Lawas Utara","12.20.03","Halongonan","12.20.03.2004","Pangirkiran"
"12","Sumatera Utara","12.20","Kabupaten Padang Lawas Utara","12.20.03","Halongonan","12.20.03.2005","Balimbing"
"12","Sumatera Utara","12.20","Kabupaten Padang Lawas Utara","12.20.03","Halongonan","12.20.03.2006","Rondaman Siburegar"
"12","Sumatera Utara","12.20","Kabupaten Padang Lawas Utara","12.20.03","Halongonan","12.20.03.2007","Sipaho"
"12","Sumatera Utara","12.20","Kabupaten Padang Lawas Utara","12.20.03","Halongonan","12.20.03.2008","Silantoyung"
"12","Sumatera Utara","12.20","Kabupaten Padang Lawas Utara","12.20.03","Halongonan","12.20.03.2009","Hiteurat"
"12","Sumatera Utara","12.20","Kabupaten Padang Lawas Utara","12.20.03","Halongonan","12.20.03.2010","Siboru Angin"
"12","Sumatera Utara","12.20","Kabupaten Padang Lawas Utara","12.20.03","Halongonan","12.20.03.2011","Sandean Jae"
"12","Sumatera Utara","12.20","Kabupaten Padang Lawas Utara","12.20.03","Halongonan","12.20.03.2012","Sandean Tonga"
"12","Sumatera Utara","12.20","Kabupaten Padang Lawas Utara","12.20.03","Halongonan","12.20.03.2013","Sandean Julu"
"12","Sumatera Utara","12.20","Kabupaten Padang Lawas Utara","12.20.03","Halongonan","12.20.03.2014","Hasahatan"
"12","Sumatera Utara","12.20","Kabupaten Padang Lawas Utara","12.20.03","Halongonan","12.20.03.2015","Pagar Gunung"
"12","Sumatera Utara","12.20","Kabupaten Padang Lawas Utara","12.20.03","Halongonan","12.20.03.2016","Pangarambangan"
"12","Sumatera Utara","12.20","Kabupaten Padang Lawas Utara","12.20.03","Halongonan","12.20.03.2017","Napa Lancat"
"12","Sumatera Utara","12.20","Kabupaten Padang Lawas Utara","12.20.03","Halongonan","12.20.03.2018","Halongonan"
"12","Sumatera Utara","12.20","Kabupaten Padang Lawas Utara","12.20.03","Halongonan","12.20.03.2019","Bargot Topong Julu"
"12","Sumatera Utara","12.20","Kabupaten Padang Lawas Utara","12.20.03","Halongonan","12.20.03.2020","Bargot Topong Jae"
"12","Sumatera Utara","12.20","Kabupaten Padang Lawas Utara","12.20.03","Halongonan","12.20.03.2021","Siringki Jae"
"12","Sumatera Utara","12.20","Kabupaten Padang Lawas Utara","12.20.03","Halongonan","12.20.03.2022","Ujung Padang"
"12","Sumatera Utara","12.20","Kabupaten Padang Lawas Utara","12.20.03","Halongonan","12.20.03.2023","Sigala Gala"
"12","Sumatera Utara","12.20","Kabupaten Padang Lawas Utara","12.20.03","Halongonan","12.20.03.2032","Hutanopan"
"12","Sumatera Utara","12.20","Kabupaten Padang Lawas Utara","12.20.03","Halongonan","12.20.03.2036","Sipenggeng"
"12","Sumatera Utara","12.20","Kabupaten Padang Lawas Utara","12.20.03","Halongonan","12.20.03.2037","Saba"
"12","Sumatera Utara","12.20","Kabupaten Padang Lawas Utara","12.20.03","Halongonan","12.20.03.2038","Sitabola"
"12","Sumatera Utara","12.20","Kabupaten Padang Lawas Utara","12.20.03","Halongonan","12.20.03.2039","Sitonun"
"12","Sumatera Utara","12.20","Kabupaten Padang Lawas Utara","12.20.03","Halongonan","12.20.03.2040","Tapus Jae"
"12","Sumatera Utara","12.20","Kabupaten Padang Lawas Utara","12.20.03","Halongonan","12.20.03.2041","Japinulik"
"12","Sumatera Utara","12.20","Kabupaten Padang Lawas Utara","12.20.03","Halongonan","12.20.03.2042","Paran Honas"
"12","Sumatera Utara","12.20","Kabupaten Padang Lawas Utara","12.20.03","Halongonan","12.20.03.2043","Siringki Julu"
"12","Sumatera Utara","12.20","Kabupaten Padang Lawas Utara","12.20.03","Halongonan","12.20.03.2044","Batu Tunggal"
"12","Sumatera Utara","12.20","Kabupaten Padang Lawas Utara","12.20.04","Padang Bolak","12.20.04.1001","Pasar Gunung Tua"
"12","Sumatera Utara","12.20","Kabupaten Padang Lawas Utara","12.20.04","Padang Bolak","12.20.04.2008","Lubuk Torop"
"12","Sumatera Utara","12.20","Kabupaten Padang Lawas Utara","12.20.04","Padang Bolak","12.20.04.2012","Tanjung Marulak"
"12","Sumatera Utara","12.20","Kabupaten Padang Lawas Utara","12.20.04","Padang Bolak","12.20.04.2013","Ambasang Natigor"
"12","Sumatera Utara","12.20","Kabupaten Padang Lawas Utara","12.20.04","Padang Bolak","12.20.04.2014","Napagadung Laut"
"12","Sumatera Utara","12.20","Kabupaten Padang Lawas Utara","12.20.04","Padang Bolak","12.20.04.2015","Rampa Jae"
"12","Sumatera Utara","12.20","Kabupaten Padang Lawas Utara","12.20.04","Padang Bolak","12.20.04.2016","Rampa Julu"
"12","Sumatera Utara","12.20","Kabupaten Padang Lawas Utara","12.20.04","Padang Bolak","12.20.04.2017","Mananti"
"12","Sumatera Utara","12.20","Kabupaten Padang Lawas Utara","12.20.04","Padang Bolak","12.20.04.2018","Paran Padang"
"12","Sumatera Utara","12.20","Kabupaten Padang Lawas Utara","12.20.04","Padang Bolak","12.20.04.2019","Rahuning Jae"
"12","Sumatera Utara","12.20","Kabupaten Padang Lawas Utara","12.20.04","Padang Bolak","12.20.04.2020","Botung"
"12","Sumatera Utara","12.20","Kabupaten Padang Lawas Utara","12.20.04","Padang Bolak","12.20.04.2021","Sigimbal"
"12","Sumatera Utara","12.20","Kabupaten Padang Lawas Utara","12.20.04","Padang Bolak","12.20.04.2022","Dolok Sae"
"12","Sumatera Utara","12.20","Kabupaten Padang Lawas Utara","12.20.04","Padang Bolak","12.20.04.2023","Simasi"
"12","Sumatera Utara","12.20","Kabupaten Padang Lawas Utara","12.20.04","Padang Bolak","12.20.04.2024","Sihapas Hapas"
"12","Sumatera Utara","12.20","Kabupaten Padang Lawas Utara","12.20.04","Padang Bolak","12.20.04.2025","Sungai Tolang"
"12","Sumatera Utara","12.20","Kabupaten Padang Lawas Utara","12.20.04","Padang Bolak","12.20.04.2026","Losung Batu"
"12","Sumatera Utara","12.20","Kabupaten Padang Lawas Utara","12.20.04","Padang Bolak","12.20.04.2027","Batu Mamak"
"12","Sumatera Utara","12.20","Kabupaten Padang Lawas Utara","12.20.04","Padang Bolak","12.20.04.2028","Sampuran"
"12","Sumatera Utara","12.20","Kabupaten Padang Lawas Utara","12.20.04","Padang Bolak","12.20.04.2029","Gunung Tua Baru"
"12","Sumatera Utara","12.20","Kabupaten Padang Lawas Utara","12.20.04","Padang Bolak","12.20.04.2030","Sibatang Kayu"
"12","Sumatera Utara","12.20","Kabupaten Padang Lawas Utara","12.20.04","Padang Bolak","12.20.04.2031","Aek Suhat"
"12","Sumatera Utara","12.20","Kabupaten Padang Lawas Utara","12.20.04","Padang Bolak","12.20.04.2038","Gunung Tua Tonga"
"12","Sumatera Utara","12.20","Kabupaten Padang Lawas Utara","12.20.04","Padang Bolak","12.20.04.2039","Gunung Tua Jae"
"12","Sumatera Utara","12.20","Kabupaten Padang Lawas Utara","12.20.04","Padang Bolak","12.20.04.2040","Gunung Tua Julu"
"12","Sumatera Utara","12.20","Kabupaten Padang Lawas Utara","12.20.04","Padang Bolak","12.20.04.2041","Hutalombang"
"12","Sumatera Utara","12.20","Kabupaten Padang Lawas Utara","12.20.04","Padang Bolak","12.20.04.2042","Batang Baruhar Julu"
"12","Sumatera Utara","12.20","Kabupaten Padang Lawas Utara","12.20.04","Padang Bolak","12.20.04.2043","Batang Baruhar Jae"
"12","Sumatera Utara","12.20","Kabupaten Padang Lawas Utara","12.20.04","Padang Bolak","12.20.04.2044","Purba Sinomba"
"12","Sumatera Utara","12.20","Kabupaten Padang Lawas Utara","12.20.04","Padang Bolak","12.20.04.2045","Hambiri"
"12","Sumatera Utara","12.20","Kabupaten Padang Lawas Utara","12.20.04","Padang Bolak","12.20.04.2046","Sosopan"
"12","Sumatera Utara","12.20","Kabupaten Padang Lawas Utara","12.20.04","Padang Bolak","12.20.04.2047","Pagaran Singkam"
"12","Sumatera Utara","12.20","Kabupaten Padang Lawas Utara","12.20.04","Padang Bolak","12.20.04.2048","Pagaran Tonga"
"12","Sumatera Utara","12.20","Kabupaten Padang Lawas Utara","12.20.04","Padang Bolak","12.20.04.2049","Sibagasi"
"12","Sumatera Utara","12.20","Kabupaten Padang Lawas Utara","12.20.04","Padang Bolak","12.20.04.2050","Batu Tambun"
"12","Sumatera Utara","12.20","Kabupaten Padang Lawas Utara","12.20.04","Padang Bolak","12.20.04.2051","Tanjung Tiram"
"12","Sumatera Utara","12.20","Kabupaten Padang Lawas Utara","12.20.04","Padang Bolak","12.20.04.2052","Garoga"
"12","Sumatera Utara","12.20","Kabupaten Padang Lawas Utara","12.20.04","Padang Bolak","12.20.04.2053","Hajoran"
"12","Sumatera Utara","12.20","Kabupaten Padang Lawas Utara","12.20.04","Padang Bolak","12.20.04.2054","Batu Sundung"
"12","Sumatera Utara","12.20","Kabupaten Padang Lawas Utara","12.20.04","Padang Bolak","12.20.04.2055","Garonggang"
"12","Sumatera Utara","12.20","Kabupaten Padang Lawas Utara","12.20.04","Padang Bolak","12.20.04.2056","Nabonggal"
"12","Sumatera Utara","12.20","Kabupaten Padang Lawas Utara","12.20.04","Padang Bolak","12.20.04.2057","Liang Hasona"
"12","Sumatera Utara","12.20","Kabupaten Padang Lawas Utara","12.20.04","Padang Bolak","12.20.04.2058","Simandiangin Dolok"
"12","Sumatera Utara","12.20","Kabupaten Padang Lawas Utara","12.20.04","Padang Bolak","12.20.04.2059","Simandiangin Lombang"
"12","Sumatera Utara","12.20","Kabupaten Padang Lawas Utara","12.20.04","Padang Bolak","12.20.04.2060","Padang Garugur"
"12","Sumatera Utara","12.20","Kabupaten Padang Lawas Utara","12.20.04","Padang Bolak","12.20.04.2061","Simanosor"
"12","Sumatera Utara","12.20","Kabupaten Padang Lawas Utara","12.20.04","Padang Bolak","12.20.04.2062","Sigama"
"12","Sumatera Utara","12.20","Kabupaten Padang Lawas Utara","12.20.04","Padang Bolak","12.20.04.2063","Sigama Ujung Gading"
"12","Sumatera Utara","12.20","Kabupaten Padang Lawas Utara","12.20.04","Padang Bolak","12.20.04.2064","Parlimbatan"
"12","Sumatera Utara","12.20","Kabupaten Padang Lawas Utara","12.20.04","Padang Bolak","12.20.04.2065","Saba Sitahul tahul"
"12","Sumatera Utara","12.20","Kabupaten Padang Lawas Utara","12.20.04","Padang Bolak","12.20.04.2066","Saba Bangunan"
"12","Sumatera Utara","12.20","Kabupaten Padang Lawas Utara","12.20.04","Padang Bolak","12.20.04.2067","Sidingkat"
"12","Sumatera Utara","12.20","Kabupaten Padang Lawas Utara","12.20.04","Padang Bolak","12.20.04.2069","Gunung Manaon II"
"12","Sumatera Utara","12.20","Kabupaten Padang Lawas Utara","12.20.04","Padang Bolak","12.20.04.2070","Purba Tua"
"12","Sumatera Utara","12.20","Kabupaten Padang Lawas Utara","12.20.04","Padang Bolak","12.20.04.2071","Sungai Durian"
"12","Sumatera Utara","12.20","Kabupaten Padang Lawas Utara","12.20.04","Padang Bolak","12.20.04.2072","Sungai Orosan"
"12","Sumatera Utara","12.20","Kabupaten Padang Lawas Utara","12.20.04","Padang Bolak","12.20.04.2073","Hutaimbaru II"
"12","Sumatera Utara","12.20","Kabupaten Padang Lawas Utara","12.20.04","Padang Bolak","12.20.04.2074","Siombob"
"12","Sumatera Utara","12.20","Kabupaten Padang Lawas Utara","12.20.04","Padang Bolak","12.20.04.2075","Aek Gambir"
"12","Sumatera Utara","12.20","Kabupaten Padang Lawas Utara","12.20.04","Padang Bolak","12.20.04.2076","Bukit Raya Sordang"
"12","Sumatera Utara","12.20","Kabupaten Padang Lawas Utara","12.20.04","Padang Bolak","12.20.04.2077","Aek Jangkang"
"12","Sumatera Utara","12.20","Kabupaten Padang Lawas Utara","12.20.04","Padang Bolak","12.20.04.2078","Simbolon"
"12","Sumatera Utara","12.20","Kabupaten Padang Lawas Utara","12.20.05","Padang Bolak Julu","12.20.05.2001","Pancur Pangko"
"12","Sumatera Utara","12.20","Kabupaten Padang Lawas Utara","12.20.05","Padang Bolak Julu","12.20.05.2002","Hasambi"
"12","Sumatera Utara","12.20","Kabupaten Padang Lawas Utara","12.20.05","Padang Bolak Julu","12.20.05.2003","Paran Nangka"
"12","Sumatera Utara","12.20","Kabupaten Padang Lawas Utara","12.20.05","Padang Bolak Julu","12.20.05.2004","Batu Rancang"
"12","Sumatera Utara","12.20","Kabupaten Padang Lawas Utara","12.20.05","Padang Bolak Julu","12.20.05.2005","Sitanggoru"
"12","Sumatera Utara","12.20","Kabupaten Padang Lawas Utara","12.20.05","Padang Bolak Julu","12.20.05.2006","Siunggam Dolok"
"12","Sumatera Utara","12.20","Kabupaten Padang Lawas Utara","12.20.05","Padang Bolak Julu","12.20.05.2007","Balimbing Jae"
"12","Sumatera Utara","12.20","Kabupaten Padang Lawas Utara","12.20.05","Padang Bolak Julu","12.20.05.2008","Sipupus Lombang"
"12","Sumatera Utara","12.20","Kabupaten Padang Lawas Utara","12.20.05","Padang Bolak Julu","12.20.05.2009","Balimbing Julu"
"12","Sumatera Utara","12.20","Kabupaten Padang Lawas Utara","12.20.05","Padang Bolak Julu","12.20.05.2010","Sobar"
"12","Sumatera Utara","12.20","Kabupaten Padang Lawas Utara","12.20.05","Padang Bolak Julu","12.20.05.2011","Pamuntaran"
"12","Sumatera Utara","12.20","Kabupaten Padang Lawas Utara","12.20.05","Padang Bolak Julu","12.20.05.2012","Paran Gadung"
"12","Sumatera Utara","12.20","Kabupaten Padang Lawas Utara","12.20.05","Padang Bolak Julu","12.20.05.2013","Padang Bujur"
"12","Sumatera Utara","12.20","Kabupaten Padang Lawas Utara","12.20.05","Padang Bolak Julu","12.20.05.2014","Ubar"
"12","Sumatera Utara","12.20","Kabupaten Padang Lawas Utara","12.20.05","Padang Bolak Julu","12.20.05.2015","Lantosan II"
"12","Sumatera Utara","12.20","Kabupaten Padang Lawas Utara","12.20.05","Padang Bolak Julu","12.20.05.2016","Batu Gana"
"12","Sumatera Utara","12.20","Kabupaten Padang Lawas Utara","12.20.05","Padang Bolak Julu","12.20.05.2017","Padang Baruas"
"12","Sumatera Utara","12.20","Kabupaten Padang Lawas Utara","12.20.05","Padang Bolak Julu","12.20.05.2018","Aek Bargot"
"12","Sumatera Utara","12.20","Kabupaten Padang Lawas Utara","12.20.05","Padang Bolak Julu","12.20.05.2019","Gariang"
"12","Sumatera Utara","12.20","Kabupaten Padang Lawas Utara","12.20.05","Padang Bolak Julu","12.20.05.2020","Balakka"
"12","Sumatera Utara","12.20","Kabupaten Padang Lawas Utara","12.20.05","Padang Bolak Julu","12.20.05.2021","Parupuk Jae"
"12","Sumatera Utara","12.20","Kabupaten Padang Lawas Utara","12.20.05","Padang Bolak Julu","12.20.05.2022","Parupuk Julu"
"12","Sumatera Utara","12.20","Kabupaten Padang Lawas Utara","12.20.05","Padang Bolak Julu","12.20.05.2023","Sialang"
"12","Sumatera Utara","12.20","Kabupaten Padang Lawas Utara","12.20.06","Portibi","12.20.06.2002","Sitopayan"
"12","Sumatera Utara","12.20","Kabupaten Padang Lawas Utara","12.20.06","Portibi","12.20.06.2003","Lantosan I"
"12","Sumatera Utara","12.20","Kabupaten Padang Lawas Utara","12.20.06","Portibi","12.20.06.2004","Aek Haruaya"
"12","Sumatera Utara","12.20","Kabupaten Padang Lawas Utara","12.20.06","Portibi","12.20.06.2005","Gunung Baringin"
"12","Sumatera Utara","12.20","Kabupaten Padang Lawas Utara","12.20.06","Portibi","12.20.06.2006","Hadungdung"
"12","Sumatera Utara","12.20","Kabupaten Padang Lawas Utara","12.20.06","Portibi","12.20.06.2007","Rondaman Dolok"
"12","Sumatera Utara","12.20","Kabupaten Padang Lawas Utara","12.20.06","Portibi","12.20.06.2008","Sipirok"
"12","Sumatera Utara","12.20","Kabupaten Padang Lawas Utara","12.20.06","Portibi","12.20.06.2009","Tanjung Salamat"
"12","Sumatera Utara","12.20","Kabupaten Padang Lawas Utara","12.20.06","Portibi","12.20.06.2010","Rondaman Lombang"
"12","Sumatera Utara","12.20","Kabupaten Padang Lawas Utara","12.20.06","Portibi","12.20.06.2011","Parsarmaan"
"12","Sumatera Utara","12.20","Kabupaten Padang Lawas Utara","12.20.06","Portibi","12.20.06.2012","Aloban"
"12","Sumatera Utara","12.20","Kabupaten Padang Lawas Utara","12.20.06","Portibi","12.20.06.2013","Portibi Julu"
"12","Sumatera Utara","12.20","Kabupaten Padang Lawas Utara","12.20.06","Portibi","12.20.06.2014","Portibi Jae"
"12","Sumatera Utara","12.20","Kabupaten Padang Lawas Utara","12.20.06","Portibi","12.20.06.2015","Gunung Manaon I"
"12","Sumatera Utara","12.20","Kabupaten Padang Lawas Utara","12.20.06","Portibi","12.20.06.2016","Pasir Pinang"
"12","Sumatera Utara","12.20","Kabupaten Padang Lawas Utara","12.20.06","Portibi","12.20.06.2017","Bahal"
"12","Sumatera Utara","12.20","Kabupaten Padang Lawas Utara","12.20.06","Portibi","12.20.06.2018","Bara"
"12","Sumatera Utara","12.20","Kabupaten Padang Lawas Utara","12.20.06","Portibi","12.20.06.2019","Simandiangin"
"12","Sumatera Utara","12.20","Kabupaten Padang Lawas Utara","12.20.06","Portibi","12.20.06.2020","Hotang Sasa"
"12","Sumatera Utara","12.20","Kabupaten Padang Lawas Utara","12.20.06","Portibi","12.20.06.2021","Aek Siala"
"12","Sumatera Utara","12.20","Kabupaten Padang Lawas Utara","12.20.06","Portibi","12.20.06.2022","Gumarupu Baru"
"12","Sumatera Utara","12.20","Kabupaten Padang Lawas Utara","12.20.06","Portibi","12.20.06.2023","Padang Manjoir"
"12","Sumatera Utara","12.20","Kabupaten Padang Lawas Utara","12.20.06","Portibi","12.20.06.2024","Gumarupu Lama"
"12","Sumatera Utara","12.20","Kabupaten Padang Lawas Utara","12.20.06","Portibi","12.20.06.2025","Gunung Martua"
"12","Sumatera Utara","12.20","Kabupaten Padang Lawas Utara","12.20.06","Portibi","12.20.06.2026","Sihambeng"
"12","Sumatera Utara","12.20","Kabupaten Padang Lawas Utara","12.20.06","Portibi","12.20.06.2027","Aek Torop"
"12","Sumatera Utara","12.20","Kabupaten Padang Lawas Utara","12.20.06","Portibi","12.20.06.2028","Napa Lombang"
"12","Sumatera Utara","12.20","Kabupaten Padang Lawas Utara","12.20.06","Portibi","12.20.06.2029","Mangaledang Lama"
"12","Sumatera Utara","12.20","Kabupaten Padang Lawas Utara","12.20.06","Portibi","12.20.06.2030","Mangaledang"
"12","Sumatera Utara","12.20","Kabupaten Padang Lawas Utara","12.20.06","Portibi","12.20.06.2031","Bangkudu"
"12","Sumatera Utara","12.20","Kabupaten Padang Lawas Utara","12.20.06","Portibi","12.20.06.2032","Balakka Torop"
"12","Sumatera Utara","12.20","Kabupaten Padang Lawas Utara","12.20.06","Portibi","12.20.06.2033","Janji Matogu"
"12","Sumatera Utara","12.20","Kabupaten Padang Lawas Utara","12.20.06","Portibi","12.20.06.2034","Muara Sigama"
"12","Sumatera Utara","12.20","Kabupaten Padang Lawas Utara","12.20.06","Portibi","12.20.06.2035","Napahalas"
"12","Sumatera Utara","12.20","Kabupaten Padang Lawas Utara","12.20.06","Portibi","12.20.06.2036","Sigama Napahalas"
"12","Sumatera Utara","12.20","Kabupaten Padang Lawas Utara","12.20.06","Portibi","12.20.06.2039","Torluk Muara Dolok"
"12","Sumatera Utara","12.20","Kabupaten Padang Lawas Utara","12.20.07","Batang Onang","12.20.07.1001","Sayur Matinggi"
"12","Sumatera Utara","12.20","Kabupaten Padang Lawas Utara","12.20.07","Batang Onang","12.20.07.2002","Pangkal Dolok Lama"
"12","Sumatera Utara","12.20","Kabupaten Padang Lawas Utara","12.20.07","Batang Onang","12.20.07.2003","Pangkal Dolok Julu"
"12","Sumatera Utara","12.20","Kabupaten Padang Lawas Utara","12.20.07","Batang Onang","12.20.07.2004","Pintu Padang"
"12","Sumatera Utara","12.20","Kabupaten Padang Lawas Utara","12.20.07","Batang Onang","12.20.07.2005","Batang Onang Lama"
"12","Sumatera Utara","12.20","Kabupaten Padang Lawas Utara","12.20.07","Batang Onang","12.20.07.2006","Bonan Dolok"
"12","Sumatera Utara","12.20","Kabupaten Padang Lawas Utara","12.20.07","Batang Onang","12.20.07.2007","Simardona"
"12","Sumatera Utara","12.20","Kabupaten Padang Lawas Utara","12.20.07","Batang Onang","12.20.07.2008","Batang Onang Baru"
"12","Sumatera Utara","12.20","Kabupaten Padang Lawas Utara","12.20.07","Batang Onang","12.20.07.2009","Parau Sorat"
"12","Sumatera Utara","12.20","Kabupaten Padang Lawas Utara","12.20.07","Batang Onang","12.20.07.2010","Pasar Matanggor"
"12","Sumatera Utara","12.20","Kabupaten Padang Lawas Utara","12.20.07","Batang Onang","12.20.07.2011","Batu Pulut"
"12","Sumatera Utara","12.20","Kabupaten Padang Lawas Utara","12.20.07","Batang Onang","12.20.07.2012","Huta Lambung"
"12","Sumatera Utara","12.20","Kabupaten Padang Lawas Utara","12.20.07","Batang Onang","12.20.07.2013","Galanggang"
"12","Sumatera Utara","12.20","Kabupaten Padang Lawas Utara","12.20.07","Batang Onang","12.20.07.2014","Gunungtua Tumbu Jati"
"12","Sumatera Utara","12.20","Kabupaten Padang Lawas Utara","12.20.07","Batang Onang","12.20.07.2015","Gunungtua Batang Onang"
"12","Sumatera Utara","12.20","Kabupaten Padang Lawas Utara","12.20.07","Batang Onang","12.20.07.2016","Simanapang"
"12","Sumatera Utara","12.20","Kabupaten Padang Lawas Utara","12.20.07","Batang Onang","12.20.07.2017","Simaninggir"
"12","Sumatera Utara","12.20","Kabupaten Padang Lawas Utara","12.20.07","Batang Onang","12.20.07.2018","Batu Mamak"
"12","Sumatera Utara","12.20","Kabupaten Padang Lawas Utara","12.20.07","Batang Onang","12.20.07.2019","Padang Garugur"
"12","Sumatera Utara","12.20","Kabupaten Padang Lawas Utara","12.20.07","Batang Onang","12.20.07.2020","Padang Matinggi"
"12","Sumatera Utara","12.20","Kabupaten Padang Lawas Utara","12.20.07","Batang Onang","12.20.07.2021","Purba Tua"
"12","Sumatera Utara","12.20","Kabupaten Padang Lawas Utara","12.20.07","Batang Onang","12.20.07.2022","Janji Mauli"
"12","Sumatera Utara","12.20","Kabupaten Padang Lawas Utara","12.20.07","Batang Onang","12.20.07.2023","Sayur Matinggi Julu"
"12","Sumatera Utara","12.20","Kabupaten Padang Lawas Utara","12.20.07","Batang Onang","12.20.07.2024","Gunung Tua Julu"
"12","Sumatera Utara","12.20","Kabupaten Padang Lawas Utara","12.20.07","Batang Onang","12.20.07.2025","Pasir Ampolu Hopong"
"12","Sumatera Utara","12.20","Kabupaten Padang Lawas Utara","12.20.07","Batang Onang","12.20.07.2026","Pagaran Batu"
"12","Sumatera Utara","12.20","Kabupaten Padang Lawas Utara","12.20.07","Batang Onang","12.20.07.2027","Tamosu"
"12","Sumatera Utara","12.20","Kabupaten Padang Lawas Utara","12.20.07","Batang Onang","12.20.07.2028","Simangambat Dolok"
"12","Sumatera Utara","12.20","Kabupaten Padang Lawas Utara","12.20.07","Batang Onang","12.20.07.2029","Janji Manahan"
"12","Sumatera Utara","12.20","Kabupaten Padang Lawas Utara","12.20.07","Batang Onang","12.20.07.2030","Padang Bujur Baru"
"12","Sumatera Utara","12.20","Kabupaten Padang Lawas Utara","12.20.07","Batang Onang","12.20.07.2031","Batu Nanggar"
"12","Sumatera Utara","12.20","Kabupaten Padang Lawas Utara","12.20.07","Batang Onang","12.20.07.2032","Morang"
"12","Sumatera Utara","12.20","Kabupaten Padang Lawas Utara","12.20.08","Simangambat","12.20.08.2014","Ulak Tano"
"12","Sumatera Utara","12.20","Kabupaten Padang Lawas Utara","12.20.08","Simangambat","12.20.08.2015","Aekraru"
"12","Sumatera Utara","12.20","Kabupaten Padang Lawas Utara","12.20.08","Simangambat","12.20.08.2016","Tanjung Maria"
"12","Sumatera Utara","12.20","Kabupaten Padang Lawas Utara","12.20.08","Simangambat","12.20.08.2017","Mandasip"
"12","Sumatera Utara","12.20","Kabupaten Padang Lawas Utara","12.20.08","Simangambat","12.20.08.2018","Huta Baru"
"12","Sumatera Utara","12.20","Kabupaten Padang Lawas Utara","12.20.08","Simangambat","12.20.08.2019","Janji Matogu"
"12","Sumatera Utara","12.20","Kabupaten Padang Lawas Utara","12.20.08","Simangambat","12.20.08.2020","Paran Padang"
"12","Sumatera Utara","12.20","Kabupaten Padang Lawas Utara","12.20.08","Simangambat","12.20.08.2021","Tanjung Botung"
"12","Sumatera Utara","12.20","Kabupaten Padang Lawas Utara","12.20.08","Simangambat","12.20.08.2022","Huta Pasir"
"12","Sumatera Utara","12.20","Kabupaten Padang Lawas Utara","12.20.08","Simangambat","12.20.08.2023","Langkimat"
"12","Sumatera Utara","12.20","Kabupaten Padang Lawas Utara","12.20.08","Simangambat","12.20.08.2024","Jabi Jabi"
"12","Sumatera Utara","12.20","Kabupaten Padang Lawas Utara","12.20.08","Simangambat","12.20.08.2025","Simangambat Jae"
"12","Sumatera Utara","12.20","Kabupaten Padang Lawas Utara","12.20.08","Simangambat","12.20.08.2026","Ujung Gading Jae"
"12","Sumatera Utara","12.20","Kabupaten Padang Lawas Utara","12.20.08","Simangambat","12.20.08.2027","Huta Baringin"
"12","Sumatera Utara","12.20","Kabupaten Padang Lawas Utara","12.20.08","Simangambat","12.20.08.2028","Gunung Manaon Sim"
"12","Sumatera Utara","12.20","Kabupaten Padang Lawas Utara","12.20.08","Simangambat","12.20.08.2029","Sionggoton"
"12","Sumatera Utara","12.20","Kabupaten Padang Lawas Utara","12.20.08","Simangambat","12.20.08.2030","Paran Tonga Sim"
"12","Sumatera Utara","12.20","Kabupaten Padang Lawas Utara","12.20.08","Simangambat","12.20.08.2031","Ujung Gading Julu"
"12","Sumatera Utara","12.20","Kabupaten Padang Lawas Utara","12.20.08","Simangambat","12.20.08.2032","Simangambat Julu"
"12","Sumatera Utara","12.20","Kabupaten Padang Lawas Utara","12.20.08","Simangambat","12.20.08.2033","Sigagan"
"12","Sumatera Utara","12.20","Kabupaten Padang Lawas Utara","12.20.08","Simangambat","12.20.08.2034","Kosik Putih"
"12","Sumatera Utara","12.20","Kabupaten Padang Lawas Utara","12.20.09","Hulu Sihapas","12.20.09.2001","Aek Godang"
"12","Sumatera Utara","12.20","Kabupaten Padang Lawas Utara","12.20.09","Hulu Sihapas","12.20.09.2002","Aek Nauli"
"12","Sumatera Utara","12.20","Kabupaten Padang Lawas Utara","12.20.09","Hulu Sihapas","12.20.09.2003","Sampuran Simarloting"
"12","Sumatera Utara","12.20","Kabupaten Padang Lawas Utara","12.20.09","Hulu Sihapas","12.20.09.2004","Pangirkiran"
"12","Sumatera Utara","12.20","Kabupaten Padang Lawas Utara","12.20.09","Hulu Sihapas","12.20.09.2005","Simaninggir"
"12","Sumatera Utara","12.20","Kabupaten Padang Lawas Utara","12.20.09","Hulu Sihapas","12.20.09.2006","Suka Dame"
"12","Sumatera Utara","12.20","Kabupaten Padang Lawas Utara","12.20.09","Hulu Sihapas","12.20.09.2007","Pintu Bosi"
"12","Sumatera Utara","12.20","Kabupaten Padang Lawas Utara","12.20.09","Hulu Sihapas","12.20.09.2008","Sidong-dong"
"12","Sumatera Utara","12.20","Kabupaten Padang Lawas Utara","12.20.09","Hulu Sihapas","12.20.09.2009","Sitabar"
"12","Sumatera Utara","12.20","Kabupaten Padang Lawas Utara","12.20.09","Hulu Sihapas","12.20.09.2010","Parmeraan"
"12","Sumatera Utara","12.20","Kabupaten Padang Lawas Utara","12.20.10","Padang Bolak Tenggara","12.20.10.2001","Siunggam Julu"
"12","Sumatera Utara","12.20","Kabupaten Padang Lawas Utara","12.20.10","Padang Bolak Tenggara","12.20.10.2002","Siunggam Tonga"
"12","Sumatera Utara","12.20","Kabupaten Padang Lawas Utara","12.20.10","Padang Bolak Tenggara","12.20.10.2003","Siunggam Jae"
"12","Sumatera Utara","12.20","Kabupaten Padang Lawas Utara","12.20.10","Padang Bolak Tenggara","12.20.10.2004","Aek Bayur"
"12","Sumatera Utara","12.20","Kabupaten Padang Lawas Utara","12.20.10","Padang Bolak Tenggara","12.20.10.2005","Aek Tolong"
"12","Sumatera Utara","12.20","Kabupaten Padang Lawas Utara","12.20.10","Padang Bolak Tenggara","12.20.10.2006","Tangga-Tangga Hambeng"
"12","Sumatera Utara","12.20","Kabupaten Padang Lawas Utara","12.20.10","Padang Bolak Tenggara","12.20.10.2007","Simaninggir"
"12","Sumatera Utara","12.20","Kabupaten Padang Lawas Utara","12.20.10","Padang Bolak Tenggara","12.20.10.2008","Bangun Purba"
"12","Sumatera Utara","12.20","Kabupaten Padang Lawas Utara","12.20.10","Padang Bolak Tenggara","12.20.10.2009","Naga Saribu"
"12","Sumatera Utara","12.20","Kabupaten Padang Lawas Utara","12.20.10","Padang Bolak Tenggara","12.20.10.2010","Sihoda-Hoda"
"12","Sumatera Utara","12.20","Kabupaten Padang Lawas Utara","12.20.10","Padang Bolak Tenggara","12.20.10.2011","Mompang II"
"12","Sumatera Utara","12.20","Kabupaten Padang Lawas Utara","12.20.10","Padang Bolak Tenggara","12.20.10.2012","Gulangan"
"12","Sumatera Utara","12.20","Kabupaten Padang Lawas Utara","12.20.10","Padang Bolak Tenggara","12.20.10.2013","Pijor Koling"
"12","Sumatera Utara","12.20","Kabupaten Padang Lawas Utara","12.20.10","Padang Bolak Tenggara","12.20.10.2014","Purba Tua Dolok"
"12","Sumatera Utara","12.20","Kabupaten Padang Lawas Utara","12.20.11","Halongonan Timur","12.20.11.2001","Siancimun"
"12","Sumatera Utara","12.20","Kabupaten Padang Lawas Utara","12.20.11","Halongonan Timur","12.20.11.2002","Bolatan"
"12","Sumatera Utara","12.20","Kabupaten Padang Lawas Utara","12.20.11","Halongonan Timur","12.20.11.2003","Pasir Bara"
"12","Sumatera Utara","12.20","Kabupaten Padang Lawas Utara","12.20.11","Halongonan Timur","12.20.11.2004","Gunung Intan"
"12","Sumatera Utara","12.20","Kabupaten Padang Lawas Utara","12.20.11","Halongonan Timur","12.20.11.2005","Mompang I"
"12","Sumatera Utara","12.20","Kabupaten Padang Lawas Utara","12.20.11","Halongonan Timur","12.20.11.2006","Gunung Manaon III"
"12","Sumatera Utara","12.20","Kabupaten Padang Lawas Utara","12.20.11","Halongonan Timur","12.20.11.2007","Sihopuk Baru"
"12","Sumatera Utara","12.20","Kabupaten Padang Lawas Utara","12.20.11","Halongonan Timur","12.20.11.2008","Sihopuk Lama"
"12","Sumatera Utara","12.20","Kabupaten Padang Lawas Utara","12.20.11","Halongonan Timur","12.20.11.2009","Rondaman"
"12","Sumatera Utara","12.20","Kabupaten Padang Lawas Utara","12.20.11","Halongonan Timur","12.20.11.2010","Hutabaru Nangka"
"12","Sumatera Utara","12.20","Kabupaten Padang Lawas Utara","12.20.11","Halongonan Timur","12.20.11.2011","Situmbaga"
"12","Sumatera Utara","12.20","Kabupaten Padang Lawas Utara","12.20.11","Halongonan Timur","12.20.11.2012","Batang Pane I"
"12","Sumatera Utara","12.20","Kabupaten Padang Lawas Utara","12.20.11","Halongonan Timur","12.20.11.2013","Batang Pane II"
"12","Sumatera Utara","12.20","Kabupaten Padang Lawas Utara","12.20.11","Halongonan Timur","12.20.11.2014","Batang Pane III"
"12","Sumatera Utara","12.20","Kabupaten Padang Lawas Utara","12.20.12","Ujung Batu","12.20.12.2001","Huta Raja"
"12","Sumatera Utara","12.20","Kabupaten Padang Lawas Utara","12.20.12","Ujung Batu","12.20.12.2002","Ujung Batu Julu"
"12","Sumatera Utara","12.20","Kabupaten Padang Lawas Utara","12.20.12","Ujung Batu","12.20.12.2003","Gunung Manaon UB"
"12","Sumatera Utara","12.20","Kabupaten Padang Lawas Utara","12.20.12","Ujung Batu","12.20.12.2004","Labuhan Jurung"
"12","Sumatera Utara","12.20","Kabupaten Padang Lawas Utara","12.20.12","Ujung Batu","12.20.12.2005","Martujuan"
"12","Sumatera Utara","12.20","Kabupaten Padang Lawas Utara","12.20.12","Ujung Batu","12.20.12.2006","Paya Bahung UB"
"12","Sumatera Utara","12.20","Kabupaten Padang Lawas Utara","12.20.12","Ujung Batu","12.20.12.2007","Tobing Tinggi UB"
"12","Sumatera Utara","12.20","Kabupaten Padang Lawas Utara","12.20.12","Ujung Batu","12.20.12.2008","Ujung Batu Jae"
"12","Sumatera Utara","12.20","Kabupaten Padang Lawas Utara","12.20.12","Ujung Batu","12.20.12.2009","Marlaung"
"12","Sumatera Utara","12.20","Kabupaten Padang Lawas Utara","12.20.12","Ujung Batu","12.20.12.2010","Mananti"
"12","Sumatera Utara","12.20","Kabupaten Padang Lawas Utara","12.20.12","Ujung Batu","12.20.12.2011","Jambu Tonang"
"12","Sumatera Utara","12.20","Kabupaten Padang Lawas Utara","12.20.12","Ujung Batu","12.20.12.2012","Manare Tua"
"12","Sumatera Utara","12.20","Kabupaten Padang Lawas Utara","12.20.12","Ujung Batu","12.20.12.2013","Pasir Lancat UB"
"12","Sumatera Utara","12.21","Kabupaten Padang Lawas","12.21.01","Sosopan","12.21.01.2001","Pagaranbira Jae"
"12","Sumatera Utara","12.21","Kabupaten Padang Lawas","12.21.01","Sosopan","12.21.01.2002","Pagaran Bira Julu"
"12","Sumatera Utara","12.21","Kabupaten Padang Lawas","12.21.01","Sosopan","12.21.01.2003","Huta Bargot"
"12","Sumatera Utara","12.21","Kabupaten Padang Lawas","12.21.01","Sosopan","12.21.01.2004","Siundol Jae"
"12","Sumatera Utara","12.21","Kabupaten Padang Lawas","12.21.01","Sosopan","12.21.01.2005","Siundol Julu"
"12","Sumatera Utara","12.21","Kabupaten Padang Lawas","12.21.01","Sosopan","12.21.01.2006","Siundol Dolok"
"12","Sumatera Utara","12.21","Kabupaten Padang Lawas","12.21.01","Sosopan","12.21.01.2007","Hutabaru Siundol"
"12","Sumatera Utara","12.21","Kabupaten Padang Lawas","12.21.01","Sosopan","12.21.01.2008","Binanga Tolu"
"12","Sumatera Utara","12.21","Kabupaten Padang Lawas","12.21.01","Sosopan","12.21.01.2009","Aek Bargot"
"12","Sumatera Utara","12.21","Kabupaten Padang Lawas","12.21.01","Sosopan","12.21.01.2010","Ulu Aer"
"12","Sumatera Utara","12.21","Kabupaten Padang Lawas","12.21.01","Sosopan","12.21.01.2011","Hulim"
"12","Sumatera Utara","12.21","Kabupaten Padang Lawas","12.21.01","Sosopan","12.21.01.2012","Sianggunan"
"12","Sumatera Utara","12.21","Kabupaten Padang Lawas","12.21.01","Sosopan","12.21.01.2013","Simaninggir Sosopan"
"12","Sumatera Utara","12.21","Kabupaten Padang Lawas","12.21.01","Sosopan","12.21.01.2014","Sibualbuali"
"12","Sumatera Utara","12.21","Kabupaten Padang Lawas","12.21.01","Sosopan","12.21.01.2015","Sosopan"
"12","Sumatera Utara","12.21","Kabupaten Padang Lawas","12.21.01","Sosopan","12.21.01.2016","Sigala-Gala"
"12","Sumatera Utara","12.21","Kabupaten Padang Lawas","12.21.01","Sosopan","12.21.01.2017","Sihaporas"
"12","Sumatera Utara","12.21","Kabupaten Padang Lawas","12.21.01","Sosopan","12.21.01.2018","Banua Tonga"
"12","Sumatera Utara","12.21","Kabupaten Padang Lawas","12.21.01","Sosopan","12.21.01.2019","Sosopan Julu"
"12","Sumatera Utara","12.21","Kabupaten Padang Lawas","12.21.01","Sosopan","12.21.01.2020","Huta Bara"
"12","Sumatera Utara","12.21","Kabupaten Padang Lawas","12.21.01","Sosopan","12.21.01.2021","Hutabaru Sosopan"
"12","Sumatera Utara","12.21","Kabupaten Padang Lawas","12.21.01","Sosopan","12.21.01.2022","Simartolu"
"12","Sumatera Utara","12.21","Kabupaten Padang Lawas","12.21.02","Barumun Tengah","12.21.02.2001","Gunung Baringin"
"12","Sumatera Utara","12.21","Kabupaten Padang Lawas","12.21.02","Barumun Tengah","12.21.02.2002","Pasar Binanga"
"12","Sumatera Utara","12.21","Kabupaten Padang Lawas","12.21.02","Barumun Tengah","12.21.02.2003","Sihaborgoan Dalan"
"12","Sumatera Utara","12.21","Kabupaten Padang Lawas","12.21.02","Barumun Tengah","12.21.02.2004","Aek Tanduk"
"12","Sumatera Utara","12.21","Kabupaten Padang Lawas","12.21.02","Barumun Tengah","12.21.02.2005","PP. Makmur"
"12","Sumatera Utara","12.21","Kabupaten Padang Lawas","12.21.02","Barumun Tengah","12.21.02.2006","Siboris Bahal"
"12","Sumatera Utara","12.21","Kabupaten Padang Lawas","12.21.02","Barumun Tengah","12.21.02.2007","Bangkudu"
"12","Sumatera Utara","12.21","Kabupaten Padang Lawas","12.21.02","Barumun Tengah","12.21.02.2008","Siolip"
"12","Sumatera Utara","12.21","Kabupaten Padang Lawas","12.21.02","Barumun Tengah","12.21.02.2009","Aek Tunjang"
"12","Sumatera Utara","12.21","Kabupaten Padang Lawas","12.21.02","Barumun Tengah","12.21.02.2010","Binanga"
"12","Sumatera Utara","12.21","Kabupaten Padang Lawas","12.21.02","Barumun Tengah","12.21.02.2011","Manombo"
"12","Sumatera Utara","12.21","Kabupaten Padang Lawas","12.21.02","Barumun Tengah","12.21.02.2012","Janji Raja"
"12","Sumatera Utara","12.21","Kabupaten Padang Lawas","12.21.02","Barumun Tengah","12.21.02.2013","Pangirkiran Dolok"
"12","Sumatera Utara","12.21","Kabupaten Padang Lawas","12.21.02","Barumun Tengah","12.21.02.2014","Sihaborgoan Barumun"
"12","Sumatera Utara","12.21","Kabupaten Padang Lawas","12.21.02","Barumun Tengah","12.21.02.2015","Siboris Dolok"
"12","Sumatera Utara","12.21","Kabupaten Padang Lawas","12.21.02","Barumun Tengah","12.21.02.2016","Padang Matinggi"
"12","Sumatera Utara","12.21","Kabupaten Padang Lawas","12.21.02","Barumun Tengah","12.21.02.2017","Tandihat"
"12","Sumatera Utara","12.21","Kabupaten Padang Lawas","12.21.02","Barumun Tengah","12.21.02.2018","Bara Batu"
"12","Sumatera Utara","12.21","Kabupaten Padang Lawas","12.21.02","Barumun Tengah","12.21.02.2019","Bahal Batu"
"12","Sumatera Utara","12.21","Kabupaten Padang Lawas","12.21.02","Barumun Tengah","12.21.02.2020","Ginduang Batu"
"12","Sumatera Utara","12.21","Kabupaten Padang Lawas","12.21.02","Barumun Tengah","12.21.02.2021","Padang Garugur"
"12","Sumatera Utara","12.21","Kabupaten Padang Lawas","12.21.02","Barumun Tengah","12.21.02.2022","Gunung Manaon"
"12","Sumatera Utara","12.21","Kabupaten Padang Lawas","12.21.02","Barumun Tengah","12.21.02.2023","Siboris Lombang"
"12","Sumatera Utara","12.21","Kabupaten Padang Lawas","12.21.02","Barumun Tengah","12.21.02.2024","Janji Matogu"
"12","Sumatera Utara","12.21","Kabupaten Padang Lawas","12.21.02","Barumun Tengah","12.21.02.2025","Gunung Malintang"
"12","Sumatera Utara","12.21","Kabupaten Padang Lawas","12.21.02","Barumun Tengah","12.21.02.2026","Sibatu Loting"
"12","Sumatera Utara","12.21","Kabupaten Padang Lawas","12.21.02","Barumun Tengah","12.21.02.2028","Janji Manahan"
"12","Sumatera Utara","12.21","Kabupaten Padang Lawas","12.21.02","Barumun Tengah","12.21.02.2029","Siparau"
"12","Sumatera Utara","12.21","Kabupaten Padang Lawas","12.21.02","Barumun Tengah","12.21.02.2030","Unterudang"
"12","Sumatera Utara","12.21","Kabupaten Padang Lawas","12.21.03","Huristak","12.21.03.2001","Binanga Tolu"
"12","Sumatera Utara","12.21","Kabupaten Padang Lawas","12.21.03","Huristak","12.21.03.2002","Tanjung Baringin"
"12","Sumatera Utara","12.21","Kabupaten Padang Lawas","12.21.03","Huristak","12.21.03.2003","Huristak"
"12","Sumatera Utara","12.21","Kabupaten Padang Lawas","12.21.03","Huristak","12.21.03.2004","Paran Tonga"
"12","Sumatera Utara","12.21","Kabupaten Padang Lawas","12.21.03","Huristak","12.21.03.2005","Gonting Julu"
"12","Sumatera Utara","12.21","Kabupaten Padang Lawas","12.21.03","Huristak","12.21.03.2006","Bulu Cina"
"12","Sumatera Utara","12.21","Kabupaten Padang Lawas","12.21.03","Huristak","12.21.03.2007","Sigading"
"12","Sumatera Utara","12.21","Kabupaten Padang Lawas","12.21.03","Huristak","12.21.03.2008","Pasir Lancat Lama"
"12","Sumatera Utara","12.21","Kabupaten Padang Lawas","12.21.03","Huristak","12.21.03.2009","Siala Gundi"
"12","Sumatera Utara","12.21","Kabupaten Padang Lawas","12.21.03","Huristak","12.21.03.2010","Tobing Julu"
"12","Sumatera Utara","12.21","Kabupaten Padang Lawas","12.21.03","Huristak","12.21.03.2011","Tar Sihoda-Hoda"
"12","Sumatera Utara","12.21","Kabupaten Padang Lawas","12.21.03","Huristak","12.21.03.2012","Huta Pasir Ulak Tano"
"12","Sumatera Utara","12.21","Kabupaten Padang Lawas","12.21.03","Huristak","12.21.03.2013","Tobing Jae"
"12","Sumatera Utara","12.21","Kabupaten Padang Lawas","12.21.03","Huristak","12.21.03.2014","Pasar Huristak"
"12","Sumatera Utara","12.21","Kabupaten Padang Lawas","12.21.03","Huristak","12.21.03.2015","Sipirok Baru"
"12","Sumatera Utara","12.21","Kabupaten Padang Lawas","12.21.03","Huristak","12.21.03.2016","Pasir Lancat Baru"
"12","Sumatera Utara","12.21","Kabupaten Padang Lawas","12.21.03","Huristak","12.21.03.2017","Tobing Tinggi"
"12","Sumatera Utara","12.21","Kabupaten Padang Lawas","12.21.03","Huristak","12.21.03.2018","Ganal"
"12","Sumatera Utara","12.21","Kabupaten Padang Lawas","12.21.03","Huristak","12.21.03.2019","Paya Bujing"
"12","Sumatera Utara","12.21","Kabupaten Padang Lawas","12.21.03","Huristak","12.21.03.2020","Pulo Bariang"
"12","Sumatera Utara","12.21","Kabupaten Padang Lawas","12.21.03","Huristak","12.21.03.2021","Ramba"
"12","Sumatera Utara","12.21","Kabupaten Padang Lawas","12.21.03","Huristak","12.21.03.2022","Gonting Jae"
"12","Sumatera Utara","12.21","Kabupaten Padang Lawas","12.21.03","Huristak","12.21.03.2023","Gala Bonang"
"12","Sumatera Utara","12.21","Kabupaten Padang Lawas","12.21.03","Huristak","12.21.03.2024","Tanjung Morang"
"12","Sumatera Utara","12.21","Kabupaten Padang Lawas","12.21.03","Huristak","12.21.03.2025","Gunung Manaon"
"12","Sumatera Utara","12.21","Kabupaten Padang Lawas","12.21.03","Huristak","12.21.03.2026","Gunung Matinggi"
"12","Sumatera Utara","12.21","Kabupaten Padang Lawas","12.21.03","Huristak","12.21.03.2027","Pasir Pinang"
"12","Sumatera Utara","12.21","Kabupaten Padang Lawas","12.21.04","Lubuk Barumun","12.21.04.2001","Janji Matogu"
"12","Sumatera Utara","12.21","Kabupaten Padang Lawas","12.21.04","Lubuk Barumun","12.21.04.2002","Pagaran Silindung"
"12","Sumatera Utara","12.21","Kabupaten Padang Lawas","12.21.04","Lubuk Barumun","12.21.04.2003","Tangga Bosi"
"12","Sumatera Utara","12.21","Kabupaten Padang Lawas","12.21.04","Lubuk Barumun","12.21.04.2004","Hutaibus"
"12","Sumatera Utara","12.21","Kabupaten Padang Lawas","12.21.04","Lubuk Barumun","12.21.04.2005","Pagaran Jalu-Jalu"
"12","Sumatera Utara","12.21","Kabupaten Padang Lawas","12.21.04","Lubuk Barumun","12.21.04.2006","Hutanopan"
"12","Sumatera Utara","12.21","Kabupaten Padang Lawas","12.21.04","Lubuk Barumun","12.21.04.2007","Pasar Latong"
"12","Sumatera Utara","12.21","Kabupaten Padang Lawas","12.21.04","Lubuk Barumun","12.21.04.2008","Pagaran Jae Batu"
"12","Sumatera Utara","12.21","Kabupaten Padang Lawas","12.21.04","Lubuk Barumun","12.21.04.2009","Aek Lancat"
"12","Sumatera Utara","12.21","Kabupaten Padang Lawas","12.21.04","Lubuk Barumun","12.21.04.2010","Batang Tanggal Baru"
"12","Sumatera Utara","12.21","Kabupaten Padang Lawas","12.21.04","Lubuk Barumun","12.21.04.2011","Bonal"
"12","Sumatera Utara","12.21","Kabupaten Padang Lawas","12.21.04","Lubuk Barumun","12.21.04.2012","Pagaran Malaka"
"12","Sumatera Utara","12.21","Kabupaten Padang Lawas","12.21.04","Lubuk Barumun","12.21.04.2013","Huta Dolok"
"12","Sumatera Utara","12.21","Kabupaten Padang Lawas","12.21.04","Lubuk Barumun","12.21.04.2014","Gunung Manobot"
"12","Sumatera Utara","12.21","Kabupaten Padang Lawas","12.21.04","Lubuk Barumun","12.21.04.2015","Batang Bulu Jae"
"12","Sumatera Utara","12.21","Kabupaten Padang Lawas","12.21.04","Lubuk Barumun","12.21.04.2016","Suro Dingin"
"12","Sumatera Utara","12.21","Kabupaten Padang Lawas","12.21.04","Lubuk Barumun","12.21.04.2017","Janji Lobi Lima"
"12","Sumatera Utara","12.21","Kabupaten Padang Lawas","12.21.04","Lubuk Barumun","12.21.04.2018","Sangkilon"
"12","Sumatera Utara","12.21","Kabupaten Padang Lawas","12.21.04","Lubuk Barumun","12.21.04.2019","Siali-Ali"
"12","Sumatera Utara","12.21","Kabupaten Padang Lawas","12.21.04","Lubuk Barumun","12.21.04.2020","Huta Lombang"
"12","Sumatera Utara","12.21","Kabupaten Padang Lawas","12.21.04","Lubuk Barumun","12.21.04.2021","Pagaran Mompang"
"12","Sumatera Utara","12.21","Kabupaten Padang Lawas","12.21.04","Lubuk Barumun","12.21.04.2022","Parsombaan"
"12","Sumatera Utara","12.21","Kabupaten Padang Lawas","12.21.04","Lubuk Barumun","12.21.04.2023","Sihiuk"
"12","Sumatera Utara","12.21","Kabupaten Padang Lawas","12.21.04","Lubuk Barumun","12.21.04.2024","Batang Bulu Tanggal"
"12","Sumatera Utara","12.21","Kabupaten Padang Lawas","12.21.05","Hutaraja Tinggi","12.21.05.2004","Lubuk Bunut"
"12","Sumatera Utara","12.21","Kabupaten Padang Lawas","12.21.05","Hutaraja Tinggi","12.21.05.2005","Ujung Padang"
"12","Sumatera Utara","12.21","Kabupaten Padang Lawas","12.21.05","Hutaraja Tinggi","12.21.05.2006","Tanjung Baringin"
"12","Sumatera Utara","12.21","Kabupaten Padang Lawas","12.21.05","Hutaraja Tinggi","12.21.05.2007","Sibodak Sosa Jae"
"12","Sumatera Utara","12.21","Kabupaten Padang Lawas","12.21.05","Hutaraja Tinggi","12.21.05.2008","Parmainan"
"12","Sumatera Utara","12.21","Kabupaten Padang Lawas","12.21.05","Hutaraja Tinggi","12.21.05.2009","Pagaran Dolok Sosa Jae"
"12","Sumatera Utara","12.21","Kabupaten Padang Lawas","12.21.05","Hutaraja Tinggi","12.21.05.2010","Aliaga"
"12","Sumatera Utara","12.21","Kabupaten Padang Lawas","12.21.05","Hutaraja Tinggi","12.21.05.2011","Mananti Sosa Jae"
"12","Sumatera Utara","12.21","Kabupaten Padang Lawas","12.21.05","Hutaraja Tinggi","12.21.05.2012","Panyabungan"
"12","Sumatera Utara","12.21","Kabupaten Padang Lawas","12.21.05","Hutaraja Tinggi","12.21.05.2013","Pasar Panyabungan"
"12","Sumatera Utara","12.21","Kabupaten Padang Lawas","12.21.05","Hutaraja Tinggi","12.21.05.2014","Sigalapung"
"12","Sumatera Utara","12.21","Kabupaten Padang Lawas","12.21.05","Hutaraja Tinggi","12.21.05.2015","Siabu"
"12","Sumatera Utara","12.21","Kabupaten Padang Lawas","12.21.05","Hutaraja Tinggi","12.21.05.2016","Paya Ombur"
"12","Sumatera Utara","12.21","Kabupaten Padang Lawas","12.21.05","Hutaraja Tinggi","12.21.05.2017","Hutaraja Tinggi"
"12","Sumatera Utara","12.21","Kabupaten Padang Lawas","12.21.05","Hutaraja Tinggi","12.21.05.2018","Sungai Korang"
"12","Sumatera Utara","12.21","Kabupaten Padang Lawas","12.21.05","Hutaraja Tinggi","12.21.05.2019","Ujung Batu I"
"12","Sumatera Utara","12.21","Kabupaten Padang Lawas","12.21.05","Hutaraja Tinggi","12.21.05.2020","Ujung Batu II"
"12","Sumatera Utara","12.21","Kabupaten Padang Lawas","12.21.05","Hutaraja Tinggi","12.21.05.2021","Ujung Batu III"
"12","Sumatera Utara","12.21","Kabupaten Padang Lawas","12.21.05","Hutaraja Tinggi","12.21.05.2022","Ujung Batu IV"
"12","Sumatera Utara","12.21","Kabupaten Padang Lawas","12.21.05","Hutaraja Tinggi","12.21.05.2023","Ujung Batu V"
"12","Sumatera Utara","12.21","Kabupaten Padang Lawas","12.21.05","Hutaraja Tinggi","12.21.05.2026","Pir Trans Sosa III A"
"12","Sumatera Utara","12.21","Kabupaten Padang Lawas","12.21.05","Hutaraja Tinggi","12.21.05.2027","Pir Trans Sosa III B"
"12","Sumatera Utara","12.21","Kabupaten Padang Lawas","12.21.05","Hutaraja Tinggi","12.21.05.2028","Pir Trans Sosa II"
"12","Sumatera Utara","12.21","Kabupaten Padang Lawas","12.21.05","Hutaraja Tinggi","12.21.05.2029","Pir Trans Sosa IV"
"12","Sumatera Utara","12.21","Kabupaten Padang Lawas","12.21.05","Hutaraja Tinggi","12.21.05.2030","Pir Trans Sosa V"
"12","Sumatera Utara","12.21","Kabupaten Padang Lawas","12.21.05","Hutaraja Tinggi","12.21.05.2031","Pir Trans Sosa VI"
"12","Sumatera Utara","12.21","Kabupaten Padang Lawas","12.21.06","Ulu Barumun","12.21.06.2001","Simanuldang Jae"
"12","Sumatera Utara","12.21","Kabupaten Padang Lawas","12.21.06","Ulu Barumun","12.21.06.2002","Simanuldang Julu"
"12","Sumatera Utara","12.21","Kabupaten Padang Lawas","12.21.06","Ulu Barumun","12.21.06.2003","Tapian Nauli"
"12","Sumatera Utara","12.21","Kabupaten Padang Lawas","12.21.06","Ulu Barumun","12.21.06.2004","Handang Kopo"
"12","Sumatera Utara","12.21","Kabupaten Padang Lawas","12.21.06","Ulu Barumun","12.21.06.2005","Subulussalam"
"12","Sumatera Utara","12.21","Kabupaten Padang Lawas","12.21.06","Ulu Barumun","12.21.06.2006","Pintu Padang"
"12","Sumatera Utara","12.21","Kabupaten Padang Lawas","12.21.06","Ulu Barumun","12.21.06.2007","Matondang"
"12","Sumatera Utara","12.21","Kabupaten Padang Lawas","12.21.06","Ulu Barumun","12.21.06.2008","Pasar Ipuh"
"12","Sumatera Utara","12.21","Kabupaten Padang Lawas","12.21.06","Ulu Barumun","12.21.06.2009","Paringgonan"
"12","Sumatera Utara","12.21","Kabupaten Padang Lawas","12.21.06","Ulu Barumun","12.21.06.2010","Paringgonan Julu"
"12","Sumatera Utara","12.21","Kabupaten Padang Lawas","12.21.06","Ulu Barumun","12.21.06.2011","Paran Batu"
"12","Sumatera Utara","12.21","Kabupaten Padang Lawas","12.21.06","Ulu Barumun","12.21.06.2012","Sibual Buali"
"12","Sumatera Utara","12.21","Kabupaten Padang Lawas","12.21.06","Ulu Barumun","12.21.06.2013","Tanjung"
"12","Sumatera Utara","12.21","Kabupaten Padang Lawas","12.21.06","Ulu Barumun","12.21.06.2014","Siraisan"
"12","Sumatera Utara","12.21","Kabupaten Padang Lawas","12.21.06","Ulu Barumun","12.21.06.2015","Aek Haruaya"
"12","Sumatera Utara","12.21","Kabupaten Padang Lawas","12.21.07","Barumun","12.21.07.1001","Pasar Sibuhuan"
"12","Sumatera Utara","12.21","Kabupaten Padang Lawas","12.21.07","Barumun","12.21.07.2002","Sibuhuan Julu"
"12","Sumatera Utara","12.21","Kabupaten Padang Lawas","12.21.07","Barumun","12.21.07.2003","Bangun Raya"
"12","Sumatera Utara","12.21","Kabupaten Padang Lawas","12.21.07","Barumun","12.21.07.2004","Purba Tua"
"12","Sumatera Utara","12.21","Kabupaten Padang Lawas","12.21.07","Barumun","12.21.07.2005","Handis Julu"
"12","Sumatera Utara","12.21","Kabupaten Padang Lawas","12.21.07","Barumun","12.21.07.2006","Sialambue"
"12","Sumatera Utara","12.21","Kabupaten Padang Lawas","12.21.07","Barumun","12.21.07.2007","Sibuhuan Jae"
"12","Sumatera Utara","12.21","Kabupaten Padang Lawas","12.21.07","Barumun","12.21.07.2008","Janjilobi"
"12","Sumatera Utara","12.21","Kabupaten Padang Lawas","12.21.07","Barumun","12.21.07.2021","Tanjung Durian"
"12","Sumatera Utara","12.21","Kabupaten Padang Lawas","12.21.07","Barumun","12.21.07.2022","Tanjung Botung"
"12","Sumatera Utara","12.21","Kabupaten Padang Lawas","12.21.07","Barumun","12.21.07.2023","Tanobato"
"12","Sumatera Utara","12.21","Kabupaten Padang Lawas","12.21.07","Barumun","12.21.07.2024","Hutarimbaru"
"12","Sumatera Utara","12.21","Kabupaten Padang Lawas","12.21.07","Barumun","12.21.07.2025","Sayur Matua"
"12","Sumatera Utara","12.21","Kabupaten Padang Lawas","12.21.07","Barumun","12.21.07.2037","Bulusonik"
"12","Sumatera Utara","12.21","Kabupaten Padang Lawas","12.21.07","Barumun","12.21.07.2038","Arsesimatorkis"
"12","Sumatera Utara","12.21","Kabupaten Padang Lawas","12.21.07","Barumun","12.21.07.2039","Pancaukan"
"12","Sumatera Utara","12.21","Kabupaten Padang Lawas","12.21.07","Barumun","12.21.07.2040","Pagaran Baringin"
"12","Sumatera Utara","12.21","Kabupaten Padang Lawas","12.21.08","Sosa","12.21.08.2006","Pasar Ujung Batu"
"12","Sumatera Utara","12.21","Kabupaten Padang Lawas","12.21.08","Sosa","12.21.08.2008","Plasma Mondang"
"12","Sumatera Utara","12.21","Kabupaten Padang Lawas","12.21.08","Sosa","12.21.08.2011","Hutaimbaru"
"12","Sumatera Utara","12.21","Kabupaten Padang Lawas","12.21.08","Sosa","12.21.08.2012","Mondang"
"12","Sumatera Utara","12.21","Kabupaten Padang Lawas","12.21.08","Sosa","12.21.08.2013","Sisoma"
"12","Sumatera Utara","12.21","Kabupaten Padang Lawas","12.21.08","Sosa","12.21.08.2014","Aek Tinga"
"12","Sumatera Utara","12.21","Kabupaten Padang Lawas","12.21.08","Sosa","12.21.08.2015","Gunung Baringin"
"12","Sumatera Utara","12.21","Kabupaten Padang Lawas","12.21.08","Sosa","12.21.08.2016","Simarancar"
"12","Sumatera Utara","12.21","Kabupaten Padang Lawas","12.21.08","Sosa","12.21.08.2017","Huta Raja Lamo"
"12","Sumatera Utara","12.21","Kabupaten Padang Lawas","12.21.08","Sosa","12.21.08.2018","Tanjung Botung Sosa Jae"
"12","Sumatera Utara","12.21","Kabupaten Padang Lawas","12.21.08","Sosa","12.21.08.2019","Ujung Batu"
"12","Sumatera Utara","12.21","Kabupaten Padang Lawas","12.21.08","Sosa","12.21.08.2020","Janjiraja"
"12","Sumatera Utara","12.21","Kabupaten Padang Lawas","12.21.08","Sosa","12.21.08.2021","Rao-Rao Dolok"
"12","Sumatera Utara","12.21","Kabupaten Padang Lawas","12.21.08","Sosa","12.21.08.2022","Parau Sorat"
"12","Sumatera Utara","12.21","Kabupaten Padang Lawas","12.21.08","Sosa","12.21.08.2023","Aer Bale"
"12","Sumatera Utara","12.21","Kabupaten Padang Lawas","12.21.08","Sosa","12.21.08.2024","Tanjung Bale"
"12","Sumatera Utara","12.21","Kabupaten Padang Lawas","12.21.09","Batang Lubu Sutam","12.21.09.2001","Tanjung Baru"
"12","Sumatera Utara","12.21","Kabupaten Padang Lawas","12.21.09","Batang Lubu Sutam","12.21.09.2002","Tamiang"
"12","Sumatera Utara","12.21","Kabupaten Padang Lawas","12.21.09","Batang Lubu Sutam","12.21.09.2003","Tanjung Barani"
"12","Sumatera Utara","12.21","Kabupaten Padang Lawas","12.21.09","Batang Lubu Sutam","12.21.09.2004","Manggis"
"12","Sumatera Utara","12.21","Kabupaten Padang Lawas","12.21.09","Batang Lubu Sutam","12.21.09.2005","Pagaran Tayas"
"12","Sumatera Utara","12.21","Kabupaten Padang Lawas","12.21.09","Batang Lubu Sutam","12.21.09.2006","Hatongga"
"12","Sumatera Utara","12.21","Kabupaten Padang Lawas","12.21.09","Batang Lubu Sutam","12.21.09.2007","Botung"
"12","Sumatera Utara","12.21","Kabupaten Padang Lawas","12.21.09","Batang Lubu Sutam","12.21.09.2008","Siadam"
"12","Sumatera Utara","12.21","Kabupaten Padang Lawas","12.21.09","Batang Lubu Sutam","12.21.09.2009","Siojo"
"12","Sumatera Utara","12.21","Kabupaten Padang Lawas","12.21.09","Batang Lubu Sutam","12.21.09.2010","Pagaran Manggis"
"12","Sumatera Utara","12.21","Kabupaten Padang Lawas","12.21.09","Batang Lubu Sutam","12.21.09.2011","Muara Malinto Lama"
"12","Sumatera Utara","12.21","Kabupaten Padang Lawas","12.21.09","Batang Lubu Sutam","12.21.09.2012","Hutabaru"
"12","Sumatera Utara","12.21","Kabupaten Padang Lawas","12.21.09","Batang Lubu Sutam","12.21.09.2013","Huta Nopan"
"12","Sumatera Utara","12.21","Kabupaten Padang Lawas","12.21.09","Batang Lubu Sutam","12.21.09.2014","Tandolan"
"12","Sumatera Utara","12.21","Kabupaten Padang Lawas","12.21.09","Batang Lubu Sutam","12.21.09.2015","Tangga Batu"
"12","Sumatera Utara","12.21","Kabupaten Padang Lawas","12.21.09","Batang Lubu Sutam","12.21.09.2016","Pagaran Dolok Pinarik"
"12","Sumatera Utara","12.21","Kabupaten Padang Lawas","12.21.09","Batang Lubu Sutam","12.21.09.2017","Muara Malinto Baru"
"12","Sumatera Utara","12.21","Kabupaten Padang Lawas","12.21.09","Batang Lubu Sutam","12.21.09.2018","Aek Sorik"
"12","Sumatera Utara","12.21","Kabupaten Padang Lawas","12.21.09","Batang Lubu Sutam","12.21.09.2019","Tanjung Botung Pinarik"
"12","Sumatera Utara","12.21","Kabupaten Padang Lawas","12.21.09","Batang Lubu Sutam","12.21.09.2020","Pinarik"
"12","Sumatera Utara","12.21","Kabupaten Padang Lawas","12.21.10","Barumun Selatan","12.21.10.2001","Batang Bulu Lama"
"12","Sumatera Utara","12.21","Kabupaten Padang Lawas","12.21.10","Barumun Selatan","12.21.10.2002","Pagur Satio"
"12","Sumatera Utara","12.21","Kabupaten Padang Lawas","12.21.10","Barumun Selatan","12.21.10.2003","Batang Bulu Baru"
"12","Sumatera Utara","12.21","Kabupaten Padang Lawas","12.21.10","Barumun Selatan","12.21.10.2004","Gunung Intan"
"12","Sumatera Utara","12.21","Kabupaten Padang Lawas","12.21.10","Barumun Selatan","12.21.10.2005","Tanjung Purba Tua"
"12","Sumatera Utara","12.21","Kabupaten Padang Lawas","12.21.10","Barumun Selatan","12.21.10.2006","Banua Tonga"
"12","Sumatera Utara","12.21","Kabupaten Padang Lawas","12.21.10","Barumun Selatan","12.21.10.2007","Gunung Barani"
"12","Sumatera Utara","12.21","Kabupaten Padang Lawas","12.21.10","Barumun Selatan","12.21.10.2008","Tanjung Baringin Simarulak"
"12","Sumatera Utara","12.21","Kabupaten Padang Lawas","12.21.10","Barumun Selatan","12.21.10.2009","Sayur Mahincat"
"12","Sumatera Utara","12.21","Kabupaten Padang Lawas","12.21.10","Barumun Selatan","12.21.10.2010","Sidomulio"
"12","Sumatera Utara","12.21","Kabupaten Padang Lawas","12.21.10","Barumun Selatan","12.21.10.2011","Panarian"
"12","Sumatera Utara","12.21","Kabupaten Padang Lawas","12.21.11","Aek Nabara Barumun","12.21.11.2001","Aek Nabara Tonga"
"12","Sumatera Utara","12.21","Kabupaten Padang Lawas","12.21.11","Aek Nabara Barumun","12.21.11.2002","Aek Nabara Jae"
"12","Sumatera Utara","12.21","Kabupaten Padang Lawas","12.21.11","Aek Nabara Barumun","12.21.11.2003","Padang Garugur Jae"
"12","Sumatera Utara","12.21","Kabupaten Padang Lawas","12.21.11","Aek Nabara Barumun","12.21.11.2004","Huta Bargot"
"12","Sumatera Utara","12.21","Kabupaten Padang Lawas","12.21.11","Aek Nabara Barumun","12.21.11.2005","Janji Maria"
"12","Sumatera Utara","12.21","Kabupaten Padang Lawas","12.21.11","Aek Nabara Barumun","12.21.11.2006","Padang Garugur Julu"
"12","Sumatera Utara","12.21","Kabupaten Padang Lawas","12.21.11","Aek Nabara Barumun","12.21.11.2007","Sidokan"
"12","Sumatera Utara","12.21","Kabupaten Padang Lawas","12.21.11","Aek Nabara Barumun","12.21.11.2008","Tobing"
"12","Sumatera Utara","12.21","Kabupaten Padang Lawas","12.21.11","Aek Nabara Barumun","12.21.11.2009","Hadungdung Aek Rampah"
"12","Sumatera Utara","12.21","Kabupaten Padang Lawas","12.21.11","Aek Nabara Barumun","12.21.11.2010","Tobing Tinggi"
"12","Sumatera Utara","12.21","Kabupaten Padang Lawas","12.21.11","Aek Nabara Barumun","12.21.11.2011","Sipagabu"
"12","Sumatera Utara","12.21","Kabupaten Padang Lawas","12.21.11","Aek Nabara Barumun","12.21.11.2012","Tanjung"
"12","Sumatera Utara","12.21","Kabupaten Padang Lawas","12.21.11","Aek Nabara Barumun","12.21.11.2013","Paran Tonga"
"12","Sumatera Utara","12.21","Kabupaten Padang Lawas","12.21.11","Aek Nabara Barumun","12.21.11.2014","Paran Julu"
"12","Sumatera Utara","12.21","Kabupaten Padang Lawas","12.21.11","Aek Nabara Barumun","12.21.11.2015","Hadungdung Pintu Padang"
"12","Sumatera Utara","12.21","Kabupaten Padang Lawas","12.21.11","Aek Nabara Barumun","12.21.11.2016","Tanjung Rokan"
"12","Sumatera Utara","12.21","Kabupaten Padang Lawas","12.21.11","Aek Nabara Barumun","12.21.11.2017","Aek Bonban"
"12","Sumatera Utara","12.21","Kabupaten Padang Lawas","12.21.11","Aek Nabara Barumun","12.21.11.2018","Marenu"
"12","Sumatera Utara","12.21","Kabupaten Padang Lawas","12.21.11","Aek Nabara Barumun","12.21.11.2019","Aek Nabara Julu"
"12","Sumatera Utara","12.21","Kabupaten Padang Lawas","12.21.11","Aek Nabara Barumun","12.21.11.2020","Padang Garugur Tonga"
"12","Sumatera Utara","12.21","Kabupaten Padang Lawas","12.21.11","Aek Nabara Barumun","12.21.11.2021","Bangkuang"
"12","Sumatera Utara","12.21","Kabupaten Padang Lawas","12.21.11","Aek Nabara Barumun","12.21.11.2022","Paya bahung"
"12","Sumatera Utara","12.21","Kabupaten Padang Lawas","12.21.11","Aek Nabara Barumun","12.21.11.2023","Aek Buaton"
"12","Sumatera Utara","12.21","Kabupaten Padang Lawas","12.21.11","Aek Nabara Barumun","12.21.11.2024","Sayur Matua"
"12","Sumatera Utara","12.21","Kabupaten Padang Lawas","12.21.11","Aek Nabara Barumun","12.21.11.2025","Sayur Mahincat"
"12","Sumatera Utara","12.21","Kabupaten Padang Lawas","12.21.12","Sihapas Barumun","12.21.12.2001","Lubuk Gonting"
"12","Sumatera Utara","12.21","Kabupaten Padang Lawas","12.21.12","Sihapas Barumun","12.21.12.2002","Padang Hasior Dolok"
"12","Sumatera Utara","12.21","Kabupaten Padang Lawas","12.21.12","Sihapas Barumun","12.21.12.2003","Padang Hasior Lombang"
"12","Sumatera Utara","12.21","Kabupaten Padang Lawas","12.21.12","Sihapas Barumun","12.21.12.2004","Sitada-Tada"
"12","Sumatera Utara","12.21","Kabupaten Padang Lawas","12.21.12","Sihapas Barumun","12.21.12.2005","Paran Dolok"
"12","Sumatera Utara","12.21","Kabupaten Padang Lawas","12.21.12","Sihapas Barumun","12.21.12.2006","Ujung Gading"
"12","Sumatera Utara","12.21","Kabupaten Padang Lawas","12.21.12","Sihapas Barumun","12.21.12.2007","Simaninggir"
"12","Sumatera Utara","12.21","Kabupaten Padang Lawas","12.21.12","Sihapas Barumun","12.21.12.2008","Tanjung Morang"
"12","Sumatera Utara","12.21","Kabupaten Padang Lawas","12.21.12","Sihapas Barumun","12.21.12.2009","Silenjeng"
"12","Sumatera Utara","12.21","Kabupaten Padang Lawas","12.21.12","Sihapas Barumun","12.21.12.2010","Aek Goti"
"12","Sumatera Utara","12.21","Kabupaten Padang Lawas","12.21.12","Sihapas Barumun","12.21.12.2011","Gulangan"
"12","Sumatera Utara","12.21","Kabupaten Padang Lawas","12.21.12","Sihapas Barumun","12.21.12.2012","Ujung Padang"
"12","Sumatera Utara","12.21","Kabupaten Padang Lawas","12.21.12","Sihapas Barumun","12.21.12.2013","Balangka"
"12","Sumatera Utara","12.21","Kabupaten Padang Lawas","12.21.13","Barumun Baru","12.21.13.2001","Hasahatan Julu"
"12","Sumatera Utara","12.21","Kabupaten Padang Lawas","12.21.13","Barumun Baru","12.21.13.2002","Hasahatan Jae"
"12","Sumatera Utara","12.21","Kabupaten Padang Lawas","12.21.13","Barumun Baru","12.21.13.2003","Sabahotang"
"12","Sumatera Utara","12.21","Kabupaten Padang Lawas","12.21.13","Barumun Baru","12.21.13.2004","Sigorbus Julu"
"12","Sumatera Utara","12.21","Kabupaten Padang Lawas","12.21.13","Barumun Baru","12.21.13.2005","Sigorbus Jae"
"12","Sumatera Utara","12.21","Kabupaten Padang Lawas","12.21.13","Barumun Baru","12.21.13.2006","Mompang"
"12","Sumatera Utara","12.21","Kabupaten Padang Lawas","12.21.13","Barumun Baru","12.21.13.2007","Sitarolo Julu"
"12","Sumatera Utara","12.21","Kabupaten Padang Lawas","12.21.13","Barumun Baru","12.21.13.2008","Siolip"
"12","Sumatera Utara","12.21","Kabupaten Padang Lawas","12.21.13","Barumun Baru","12.21.13.2009","Saba Rimba"
"12","Sumatera Utara","12.21","Kabupaten Padang Lawas","12.21.13","Barumun Baru","12.21.13.2010","Limbong"
"12","Sumatera Utara","12.21","Kabupaten Padang Lawas","12.21.13","Barumun Baru","12.21.13.2011","Simaninggir"
"12","Sumatera Utara","12.21","Kabupaten Padang Lawas","12.21.13","Barumun Baru","12.21.13.2012","Binabo Julu"
"12","Sumatera Utara","12.21","Kabupaten Padang Lawas","12.21.13","Barumun Baru","12.21.13.2013","Binabo Jae"
"12","Sumatera Utara","12.21","Kabupaten Padang Lawas","12.21.14","Ulu Sosa","12.21.14.2001","Hapung"
"12","Sumatera Utara","12.21","Kabupaten Padang Lawas","12.21.14","Ulu Sosa","12.21.14.2002","Batu Gajah"
"12","Sumatera Utara","12.21","Kabupaten Padang Lawas","12.21.14","Ulu Sosa","12.21.14.2003","Hapung Torop"
"12","Sumatera Utara","12.21","Kabupaten Padang Lawas","12.21.14","Ulu Sosa","12.21.14.2004","Harang Jae"
"12","Sumatera Utara","12.21","Kabupaten Padang Lawas","12.21.14","Ulu Sosa","12.21.14.2005","Harang Julu"
"12","Sumatera Utara","12.21","Kabupaten Padang Lawas","12.21.14","Ulu Sosa","12.21.14.2006","Handio"
"12","Sumatera Utara","12.21","Kabupaten Padang Lawas","12.21.14","Ulu Sosa","12.21.14.2007","Gunung Tua"
"12","Sumatera Utara","12.21","Kabupaten Padang Lawas","12.21.14","Ulu Sosa","12.21.14.2008","Mandian"
"12","Sumatera Utara","12.21","Kabupaten Padang Lawas","12.21.14","Ulu Sosa","12.21.14.2009","Parapat"
"12","Sumatera Utara","12.21","Kabupaten Padang Lawas","12.21.14","Ulu Sosa","12.21.14.2010","Horuon"
"12","Sumatera Utara","12.21","Kabupaten Padang Lawas","12.21.14","Ulu Sosa","12.21.14.2011","Bonan Dolok"
"12","Sumatera Utara","12.21","Kabupaten Padang Lawas","12.21.15","Sosa Julu","12.21.15.2001","Pasir Julu"
"12","Sumatera Utara","12.21","Kabupaten Padang Lawas","12.21.15","Sosa Julu","12.21.15.2002","Lumban Huayan"
"12","Sumatera Utara","12.21","Kabupaten Padang Lawas","12.21.15","Sosa Julu","12.21.15.2003","Siborna Bunut"
"12","Sumatera Utara","12.21","Kabupaten Padang Lawas","12.21.15","Sosa Julu","12.21.15.2004","Mananti Sosa Julu"
"12","Sumatera Utara","12.21","Kabupaten Padang Lawas","12.21.15","Sosa Julu","12.21.15.2005","Ampolu"
"12","Sumatera Utara","12.21","Kabupaten Padang Lawas","12.21.15","Sosa Julu","12.21.15.2006","Siginduang"
"12","Sumatera Utara","12.21","Kabupaten Padang Lawas","12.21.15","Sosa Julu","12.21.15.2007","Ramba"
"12","Sumatera Utara","12.21","Kabupaten Padang Lawas","12.21.15","Sosa Julu","12.21.15.2008","Roburan"
"12","Sumatera Utara","12.21","Kabupaten Padang Lawas","12.21.15","Sosa Julu","12.21.15.2009","Tanjung"
"12","Sumatera Utara","12.21","Kabupaten Padang Lawas","12.21.15","Sosa Julu","12.21.15.2010","Hurung Jilok"
"12","Sumatera Utara","12.21","Kabupaten Padang Lawas","12.21.15","Sosa Julu","12.21.15.2011","Pasir Jae"
"12","Sumatera Utara","12.21","Kabupaten Padang Lawas","12.21.15","Sosa Julu","12.21.15.2012","Sungai Jior"
"12","Sumatera Utara","12.21","Kabupaten Padang Lawas","12.21.16","Barumun Barat","12.21.16.2001","Gading"
"12","Sumatera Utara","12.21","Kabupaten Padang Lawas","12.21.16","Barumun Barat","12.21.16.2002","Huta Ruhom"
"12","Sumatera Utara","12.21","Kabupaten Padang Lawas","12.21.16","Barumun Barat","12.21.16.2003","Aek Siala"
"12","Sumatera Utara","12.21","Kabupaten Padang Lawas","12.21.16","Barumun Barat","12.21.16.2004","Bire"
"12","Sumatera Utara","12.21","Kabupaten Padang Lawas","12.21.16","Barumun Barat","12.21.16.2005","Sibontar"
"12","Sumatera Utara","12.21","Kabupaten Padang Lawas","12.21.16","Barumun Barat","12.21.16.2006","Para Napa Jae"
"12","Sumatera Utara","12.21","Kabupaten Padang Lawas","12.21.16","Barumun Barat","12.21.16.2007","Para Napa Dolok"
"12","Sumatera Utara","12.21","Kabupaten Padang Lawas","12.21.16","Barumun Barat","12.21.16.2008","Batusundung"
"12","Sumatera Utara","12.21","Kabupaten Padang Lawas","12.21.16","Barumun Barat","12.21.16.2009","Sidongdong"
"12","Sumatera Utara","12.21","Kabupaten Padang Lawas","12.21.16","Barumun Barat","12.21.16.2010","Sisalean"
"12","Sumatera Utara","12.21","Kabupaten Padang Lawas","12.21.17","Sosa Timur","12.21.17.2001","Tanjung Ale"
"12","Sumatera Utara","12.21","Kabupaten Padang Lawas","12.21.17","Sosa Timur","12.21.17.2002","Sigala-Gala"
"12","Sumatera Utara","12.21","Kabupaten Padang Lawas","12.21.17","Sosa Timur","12.21.17.2003","Simangambat"
"12","Sumatera Utara","12.21","Kabupaten Padang Lawas","12.21.17","Sosa Timur","12.21.17.2004","Pir Trans Sosa I B"
"12","Sumatera Utara","12.21","Kabupaten Padang Lawas","12.21.17","Sosa Timur","12.21.17.2005","Pir Trans Sosa I A"
"12","Sumatera Utara","12.21","Kabupaten Padang Lawas","12.21.17","Sosa Timur","12.21.17.2006","Gunung Manaon"
"12","Sumatera Utara","12.21","Kabupaten Padang Lawas","12.21.17","Sosa Timur","12.21.17.2007","Muara Tige"
"12","Sumatera Utara","12.21","Kabupaten Padang Lawas","12.21.17","Sosa Timur","12.21.17.2008","Sibodak Papaso"
"12","Sumatera Utara","12.21","Kabupaten Padang Lawas","12.21.17","Sosa Timur","12.21.17.2009","Gunung Inten"
"12","Sumatera Utara","12.21","Kabupaten Padang Lawas","12.21.17","Sosa Timur","12.21.17.2010","Pagaran Baringin"
"12","Sumatera Utara","12.21","Kabupaten Padang Lawas","12.21.17","Sosa Timur","12.21.17.2011","Salambue"
"12","Sumatera Utara","12.21","Kabupaten Padang Lawas","12.21.17","Sosa Timur","12.21.17.2012","Papaso"
"12","Sumatera Utara","12.21","Kabupaten Padang Lawas","12.21.17","Sosa Timur","12.21.17.2013","Rombayan"
"12","Sumatera Utara","12.22","Kabupaten Labuhanbatu Selatan","12.22.01","Kotapinang","12.22.01.1001","Kotapinang"
"12","Sumatera Utara","12.22","Kabupaten Labuhanbatu Selatan","12.22.01","Kotapinang","12.22.01.2002","Simatahari"
"12","Sumatera Utara","12.22","Kabupaten Labuhanbatu Selatan","12.22.01","Kotapinang","12.22.01.2003","Mampang"
"12","Sumatera Utara","12.22","Kabupaten Labuhanbatu Selatan","12.22.01","Kotapinang","12.22.01.2004","Pasir Tuntung"
"12","Sumatera Utara","12.22","Kabupaten Labuhanbatu Selatan","12.22.01","Kotapinang","12.22.01.2005","Sisumut"
"12","Sumatera Utara","12.22","Kabupaten Labuhanbatu Selatan","12.22.01","Kotapinang","12.22.01.2006","Hadundung"
"12","Sumatera Utara","12.22","Kabupaten Labuhanbatu Selatan","12.22.01","Kotapinang","12.22.01.2007","Sosopan"
"12","Sumatera Utara","12.22","Kabupaten Labuhanbatu Selatan","12.22.01","Kotapinang","12.22.01.2008","Perkebunan Nomark"
"12","Sumatera Utara","12.22","Kabupaten Labuhanbatu Selatan","12.22.01","Kotapinang","12.22.01.2009","Perkebunan Nagodang"
"12","Sumatera Utara","12.22","Kabupaten Labuhanbatu Selatan","12.22.01","Kotapinang","12.22.01.2010","Perk. Sei Rumbia"
"12","Sumatera Utara","12.22","Kabupaten Labuhanbatu Selatan","12.22.02","Kampung Rakyat","12.22.02.2001","Perk. Perlabian"
"12","Sumatera Utara","12.22","Kabupaten Labuhanbatu Selatan","12.22.02","Kampung Rakyat","12.22.02.2002","Perk. Teluk Panji"
"12","Sumatera Utara","12.22","Kabupaten Labuhanbatu Selatan","12.22.02","Kampung Rakyat","12.22.02.2003","Perk. Tolan I/II"
"12","Sumatera Utara","12.22","Kabupaten Labuhanbatu Selatan","12.22.02","Kampung Rakyat","12.22.02.2004","Perk. Batang Saponggol"
"12","Sumatera Utara","12.22","Kabupaten Labuhanbatu Selatan","12.22.02","Kampung Rakyat","12.22.02.2005","Perk. Tolan"
"12","Sumatera Utara","12.22","Kabupaten Labuhanbatu Selatan","12.22.02","Kampung Rakyat","12.22.02.2006","Air Merah"
"12","Sumatera Utara","12.22","Kabupaten Labuhanbatu Selatan","12.22.02","Kampung Rakyat","12.22.02.2007","Teluk Panji"
"12","Sumatera Utara","12.22","Kabupaten Labuhanbatu Selatan","12.22.02","Kampung Rakyat","12.22.02.2008","Tanjung Medan"
"12","Sumatera Utara","12.22","Kabupaten Labuhanbatu Selatan","12.22.02","Kampung Rakyat","12.22.02.2009","Kampung Perlabian"
"12","Sumatera Utara","12.22","Kabupaten Labuhanbatu Selatan","12.22.02","Kampung Rakyat","12.22.02.2010","Tanjung Selamat"
"12","Sumatera Utara","12.22","Kabupaten Labuhanbatu Selatan","12.22.02","Kampung Rakyat","12.22.02.2011","Tanjung Mulia"
"12","Sumatera Utara","12.22","Kabupaten Labuhanbatu Selatan","12.22.02","Kampung Rakyat","12.22.02.2012","Teluk Panji I"
"12","Sumatera Utara","12.22","Kabupaten Labuhanbatu Selatan","12.22.02","Kampung Rakyat","12.22.02.2013","Teluk Panji II"
"12","Sumatera Utara","12.22","Kabupaten Labuhanbatu Selatan","12.22.02","Kampung Rakyat","12.22.02.2014","Teluk Panji III"
"12","Sumatera Utara","12.22","Kabupaten Labuhanbatu Selatan","12.22.02","Kampung Rakyat","12.22.02.2015","Teluk Panji IV"
"12","Sumatera Utara","12.22","Kabupaten Labuhanbatu Selatan","12.22.03","Torgamba","12.22.03.2001","Bangai"
"12","Sumatera Utara","12.22","Kabupaten Labuhanbatu Selatan","12.22.03","Torgamba","12.22.03.2002","Rasau"
"12","Sumatera Utara","12.22","Kabupaten Labuhanbatu Selatan","12.22.03","Torgamba","12.22.03.2003","Teluk Rampah"
"12","Sumatera Utara","12.22","Kabupaten Labuhanbatu Selatan","12.22.03","Torgamba","12.22.03.2004","Pangarungan"
"12","Sumatera Utara","12.22","Kabupaten Labuhanbatu Selatan","12.22.03","Torgamba","12.22.03.2005","Bunut"
"12","Sumatera Utara","12.22","Kabupaten Labuhanbatu Selatan","12.22.03","Torgamba","12.22.03.2006","Aek Batu"
"12","Sumatera Utara","12.22","Kabupaten Labuhanbatu Selatan","12.22.03","Torgamba","12.22.03.2007","Pinang Damai"
"12","Sumatera Utara","12.22","Kabupaten Labuhanbatu Selatan","12.22.03","Torgamba","12.22.03.2008","Aek Raso"
"12","Sumatera Utara","12.22","Kabupaten Labuhanbatu Selatan","12.22.03","Torgamba","12.22.03.2009","Torgamba"
"12","Sumatera Utara","12.22","Kabupaten Labuhanbatu Selatan","12.22.03","Torgamba","12.22.03.2010","Asam Jawa"
"12","Sumatera Utara","12.22","Kabupaten Labuhanbatu Selatan","12.22.03","Torgamba","12.22.03.2011","Torganda"
"12","Sumatera Utara","12.22","Kabupaten Labuhanbatu Selatan","12.22.03","Torgamba","12.22.03.2012","Beringin Jaya"
"12","Sumatera Utara","12.22","Kabupaten Labuhanbatu Selatan","12.22.03","Torgamba","12.22.03.2013","Bukit Tujuh"
"12","Sumatera Utara","12.22","Kabupaten Labuhanbatu Selatan","12.22.03","Torgamba","12.22.03.2014","Sei Meranti"
"12","Sumatera Utara","12.22","Kabupaten Labuhanbatu Selatan","12.22.04","Sungai Kanan","12.22.04.1001","Langga Payung"
"12","Sumatera Utara","12.22","Kabupaten Labuhanbatu Selatan","12.22.04","Sungai Kanan","12.22.04.2002","Batang Nadenggan"
"12","Sumatera Utara","12.22","Kabupaten Labuhanbatu Selatan","12.22.04","Sungai Kanan","12.22.04.2003","Sabungan"
"12","Sumatera Utara","12.22","Kabupaten Labuhanbatu Selatan","12.22.04","Sungai Kanan","12.22.04.2004","Hajoran"
"12","Sumatera Utara","12.22","Kabupaten Labuhanbatu Selatan","12.22.04","Sungai Kanan","12.22.04.2005","Ujung Gading"
"12","Sumatera Utara","12.22","Kabupaten Labuhanbatu Selatan","12.22.04","Sungai Kanan","12.22.04.2006","Huta Godang"
"12","Sumatera Utara","12.22","Kabupaten Labuhanbatu Selatan","12.22.04","Sungai Kanan","12.22.04.2007","Parimburan"
"12","Sumatera Utara","12.22","Kabupaten Labuhanbatu Selatan","12.22.04","Sungai Kanan","12.22.04.2008","Sampean"
"12","Sumatera Utara","12.22","Kabupaten Labuhanbatu Selatan","12.22.04","Sungai Kanan","12.22.04.2009","Marsonja"
"12","Sumatera Utara","12.22","Kabupaten Labuhanbatu Selatan","12.22.05","Silangkitang","12.22.05.2001","Mandalasena"
"12","Sumatera Utara","12.22","Kabupaten Labuhanbatu Selatan","12.22.05","Silangkitang","12.22.05.2002","Binangadua"
"12","Sumatera Utara","12.22","Kabupaten Labuhanbatu Selatan","12.22.05","Silangkitang","12.22.05.2003","Aek Goti"
"12","Sumatera Utara","12.22","Kabupaten Labuhanbatu Selatan","12.22.05","Silangkitang","12.22.05.2004","Ulu Mahuam"
"12","Sumatera Utara","12.22","Kabupaten Labuhanbatu Selatan","12.22.05","Silangkitang","12.22.05.2005","Rintis"
"12","Sumatera Utara","12.22","Kabupaten Labuhanbatu Selatan","12.22.05","Silangkitang","12.22.05.2006","Sukadame"
"12","Sumatera Utara","12.23","Kabupaten Labuhanbatu Utara","12.23.01","Kualuh Hulu","12.23.01.1001","Aek Kanopan"
"12","Sumatera Utara","12.23","Kabupaten Labuhanbatu Utara","12.23.01","Kualuh Hulu","12.23.01.1002","Aek Kanopan Timur"
"12","Sumatera Utara","12.23","Kabupaten Labuhanbatu Utara","12.23.01","Kualuh Hulu","12.23.01.2003","Kuala Beringin"
"12","Sumatera Utara","12.23","Kabupaten Labuhanbatu Utara","12.23.01","Kualuh Hulu","12.23.01.2004","Parpaudangan"
"12","Sumatera Utara","12.23","Kabupaten Labuhanbatu Utara","12.23.01","Kualuh Hulu","12.23.01.2005","Pulo Dogom"
"12","Sumatera Utara","12.23","Kabupaten Labuhanbatu Utara","12.23.01","Kualuh Hulu","12.23.01.2006","Londut"
"12","Sumatera Utara","12.23","Kabupaten Labuhanbatu Utara","12.23.01","Kualuh Hulu","12.23.01.2007","Perkebunan Kanopan Ulu"
"12","Sumatera Utara","12.23","Kabupaten Labuhanbatu Utara","12.23.01","Kualuh Hulu","12.23.01.2008","Perkebunan Membang Muda"
"12","Sumatera Utara","12.23","Kabupaten Labuhanbatu Utara","12.23.01","Kualuh Hulu","12.23.01.2009","Perkebunan Labuhan Haji"
"12","Sumatera Utara","12.23","Kabupaten Labuhanbatu Utara","12.23.01","Kualuh Hulu","12.23.01.2010","Perkebunan Hanna"
"12","Sumatera Utara","12.23","Kabupaten Labuhanbatu Utara","12.23.01","Kualuh Hulu","12.23.01.2011","Sonomartani"
"12","Sumatera Utara","12.23","Kabupaten Labuhanbatu Utara","12.23.01","Kualuh Hulu","12.23.01.2012","Sukarame"
"12","Sumatera Utara","12.23","Kabupaten Labuhanbatu Utara","12.23.01","Kualuh Hulu","12.23.01.2013","Sukarame Baru"
"12","Sumatera Utara","12.23","Kabupaten Labuhanbatu Utara","12.23.02","Kualuh Leidong","12.23.02.1001","Tanjung Leidong"
"12","Sumatera Utara","12.23","Kabupaten Labuhanbatu Utara","12.23.02","Kualuh Leidong","12.23.02.2002","Teluk Pulai Dalam"
"12","Sumatera Utara","12.23","Kabupaten Labuhanbatu Utara","12.23.02","Kualuh Leidong","12.23.02.2003","Teluk Pulai Luar"
"12","Sumatera Utara","12.23","Kabupaten Labuhanbatu Utara","12.23.02","Kualuh Leidong","12.23.02.2004","Kelapa Sebatang"
"12","Sumatera Utara","12.23","Kabupaten Labuhanbatu Utara","12.23.02","Kualuh Leidong","12.23.02.2005","Simandulang"
"12","Sumatera Utara","12.23","Kabupaten Labuhanbatu Utara","12.23.02","Kualuh Leidong","12.23.02.2006","Air Hitam"
"12","Sumatera Utara","12.23","Kabupaten Labuhanbatu Utara","12.23.02","Kualuh Leidong","12.23.02.2007","Pangkalan Lunang"
"12","Sumatera Utara","12.23","Kabupaten Labuhanbatu Utara","12.23.03","Kualuh Hilir","12.23.03.1001","Kampung Mesjid"
"12","Sumatera Utara","12.23","Kabupaten Labuhanbatu Utara","12.23.03","Kualuh Hilir","12.23.03.2002","Kuala Bangka"
"12","Sumatera Utara","12.23","Kabupaten Labuhanbatu Utara","12.23.03","Kualuh Hilir","12.23.03.2003","Sei Sentang"
"12","Sumatera Utara","12.23","Kabupaten Labuhanbatu Utara","12.23.03","Kualuh Hilir","12.23.03.2004","Teluk Piai"
"12","Sumatera Utara","12.23","Kabupaten Labuhanbatu Utara","12.23.03","Kualuh Hilir","12.23.03.2005","Tanjung Mangedar"
"12","Sumatera Utara","12.23","Kabupaten Labuhanbatu Utara","12.23.03","Kualuh Hilir","12.23.03.2006","Teluk Binjai"
"12","Sumatera Utara","12.23","Kabupaten Labuhanbatu Utara","12.23.03","Kualuh Hilir","12.23.03.2007","Sei Apung"
"12","Sumatera Utara","12.23","Kabupaten Labuhanbatu Utara","12.23.04","Aek Kuo","12.23.04.2001","Aek Korsik"
"12","Sumatera Utara","12.23","Kabupaten Labuhanbatu Utara","12.23.04","Aek Kuo","12.23.04.2002","Bandar Selamat"
"12","Sumatera Utara","12.23","Kabupaten Labuhanbatu Utara","12.23.04","Aek Kuo","12.23.04.2003","Perk. Padang Halaban"
"12","Sumatera Utara","12.23","Kabupaten Labuhanbatu Utara","12.23.04","Aek Kuo","12.23.04.2004","Perkebunan Panigoran"
"12","Sumatera Utara","12.23","Kabupaten Labuhanbatu Utara","12.23.04","Aek Kuo","12.23.04.2005","Sidomulyo"
"12","Sumatera Utara","12.23","Kabupaten Labuhanbatu Utara","12.23.04","Aek Kuo","12.23.04.2006","Karang Anyar"
"12","Sumatera Utara","12.23","Kabupaten Labuhanbatu Utara","12.23.04","Aek Kuo","12.23.04.2007","Padang Maninjau"
"12","Sumatera Utara","12.23","Kabupaten Labuhanbatu Utara","12.23.04","Aek Kuo","12.23.04.2008","Purworejo"
"12","Sumatera Utara","12.23","Kabupaten Labuhanbatu Utara","12.23.05","Marbau","12.23.05.1001","Marbau"
"12","Sumatera Utara","12.23","Kabupaten Labuhanbatu Utara","12.23.05","Marbau","12.23.05.2002","Perkebunan Pernantian"
"12","Sumatera Utara","12.23","Kabupaten Labuhanbatu Utara","12.23.05","Marbau","12.23.05.2003","Perk. Marbau Selatan"
"12","Sumatera Utara","12.23","Kabupaten Labuhanbatu Utara","12.23.05","Marbau","12.23.05.2004","Perkebunan Milano"
"12","Sumatera Utara","12.23","Kabupaten Labuhanbatu Utara","12.23.05","Marbau","12.23.05.2005","Perkebunan Brussel"
"12","Sumatera Utara","12.23","Kabupaten Labuhanbatu Utara","12.23.05","Marbau","12.23.05.2006","Pulo Bargot"
"12","Sumatera Utara","12.23","Kabupaten Labuhanbatu Utara","12.23.05","Marbau","12.23.05.2007","Sipare Pare Tengah"
"12","Sumatera Utara","12.23","Kabupaten Labuhanbatu Utara","12.23.05","Marbau","12.23.05.2008","Sipare Pare Hilir"
"12","Sumatera Utara","12.23","Kabupaten Labuhanbatu Utara","12.23.05","Marbau","12.23.05.2009","Tubiran"
"12","Sumatera Utara","12.23","Kabupaten Labuhanbatu Utara","12.23.05","Marbau","12.23.05.2010","Belongkut"
"12","Sumatera Utara","12.23","Kabupaten Labuhanbatu Utara","12.23.05","Marbau","12.23.05.2011","Simpang Empat"
"12","Sumatera Utara","12.23","Kabupaten Labuhanbatu Utara","12.23.05","Marbau","12.23.05.2012","Babussalam"
"12","Sumatera Utara","12.23","Kabupaten Labuhanbatu Utara","12.23.05","Marbau","12.23.05.2013","Marbau Selatan"
"12","Sumatera Utara","12.23","Kabupaten Labuhanbatu Utara","12.23.05","Marbau","12.23.05.2014","Aek Tapa"
"12","Sumatera Utara","12.23","Kabupaten Labuhanbatu Utara","12.23.05","Marbau","12.23.05.2015","Lobu Rampah"
"12","Sumatera Utara","12.23","Kabupaten Labuhanbatu Utara","12.23.05","Marbau","12.23.05.2016","Bulungihit"
"12","Sumatera Utara","12.23","Kabupaten Labuhanbatu Utara","12.23.05","Marbau","12.23.05.2017","Aek Hitetoras"
"12","Sumatera Utara","12.23","Kabupaten Labuhanbatu Utara","12.23.05","Marbau","12.23.05.2018","Sumber Mulyo"
"12","Sumatera Utara","12.23","Kabupaten Labuhanbatu Utara","12.23.06","Na IX-X","12.23.06.1001","Aek Kota Batu"
"12","Sumatera Utara","12.23","Kabupaten Labuhanbatu Utara","12.23.06","Na IX-X","12.23.06.2002","Pematang"
"12","Sumatera Utara","12.23","Kabupaten Labuhanbatu Utara","12.23.06","Na IX-X","12.23.06.2003","Batu Tunggal"
"12","Sumatera Utara","12.23","Kabupaten Labuhanbatu Utara","12.23.06","Na IX-X","12.23.06.2004","Sungai Raja"
"12","Sumatera Utara","12.23","Kabupaten Labuhanbatu Utara","12.23.06","Na IX-X","12.23.06.2005","Perkebunan Berangir"
"12","Sumatera Utara","12.23","Kabupaten Labuhanbatu Utara","12.23.06","Na IX-X","12.23.06.2006","Silumajang"
"12","Sumatera Utara","12.23","Kabupaten Labuhanbatu Utara","12.23.06","Na IX-X","12.23.06.2007","Pulo Jantan"
"12","Sumatera Utara","12.23","Kabupaten Labuhanbatu Utara","12.23.06","Na IX-X","12.23.06.2008","Kampung Pajak"
"12","Sumatera Utara","12.23","Kabupaten Labuhanbatu Utara","12.23.06","Na IX-X","12.23.06.2009","Meranti Omas"
"12","Sumatera Utara","12.23","Kabupaten Labuhanbatu Utara","12.23.06","Na IX-X","12.23.06.2010","Hatapang"
"12","Sumatera Utara","12.23","Kabupaten Labuhanbatu Utara","12.23.06","Na IX-X","12.23.06.2011","Pasang Lela"
"12","Sumatera Utara","12.23","Kabupaten Labuhanbatu Utara","12.23.06","Na IX-X","12.23.06.2012","Simpang Marbau"
"12","Sumatera Utara","12.23","Kabupaten Labuhanbatu Utara","12.23.06","Na IX-X","12.23.06.2013","Bangun Rejo"
"12","Sumatera Utara","12.23","Kabupaten Labuhanbatu Utara","12.23.07","Aek Natas","12.23.07.1001","Bandar Durian"
"12","Sumatera Utara","12.23","Kabupaten Labuhanbatu Utara","12.23.07","Aek Natas","12.23.07.2002","Poldung"
"12","Sumatera Utara","12.23","Kabupaten Labuhanbatu Utara","12.23.07","Aek Natas","12.23.07.2003","Rombisan"
"12","Sumatera Utara","12.23","Kabupaten Labuhanbatu Utara","12.23.07","Aek Natas","12.23.07.2004","Sibito"
"12","Sumatera Utara","12.23","Kabupaten Labuhanbatu Utara","12.23.07","Aek Natas","12.23.07.2005","Simonis"
"12","Sumatera Utara","12.23","Kabupaten Labuhanbatu Utara","12.23.07","Aek Natas","12.23.07.2006","Perk. Aek Pamienke"
"12","Sumatera Utara","12.23","Kabupaten Labuhanbatu Utara","12.23.07","Aek Natas","12.23.07.2007","Pangkalan"
"12","Sumatera Utara","12.23","Kabupaten Labuhanbatu Utara","12.23.07","Aek Natas","12.23.07.2008","Adian Torop"
"12","Sumatera Utara","12.23","Kabupaten Labuhanbatu Utara","12.23.07","Aek Natas","12.23.07.2009","Ujung Padang"
"12","Sumatera Utara","12.23","Kabupaten Labuhanbatu Utara","12.23.07","Aek Natas","12.23.07.2010","Kampung Yaman"
"12","Sumatera Utara","12.23","Kabupaten Labuhanbatu Utara","12.23.07","Aek Natas","12.23.07.2011","Terang Bulan"
"12","Sumatera Utara","12.23","Kabupaten Labuhanbatu Utara","12.23.07","Aek Natas","12.23.07.2012","Perkebunan Halimbe"
"12","Sumatera Utara","12.23","Kabupaten Labuhanbatu Utara","12.23.08","Kualuh Selatan","12.23.08.1001","Gunting Saga"
"12","Sumatera Utara","12.23","Kabupaten Labuhanbatu Utara","12.23.08","Kualuh Selatan","12.23.08.2002","Damuli Pekan"
"12","Sumatera Utara","12.23","Kabupaten Labuhanbatu Utara","12.23.08","Kualuh Selatan","12.23.08.2003","Siamporik"
"12","Sumatera Utara","12.23","Kabupaten Labuhanbatu Utara","12.23.08","Kualuh Selatan","12.23.08.2004","Lobu Huala"
"12","Sumatera Utara","12.23","Kabupaten Labuhanbatu Utara","12.23.08","Kualuh Selatan","12.23.08.2005","Gunung Melayu"
"12","Sumatera Utara","12.23","Kabupaten Labuhanbatu Utara","12.23.08","Kualuh Selatan","12.23.08.2006","Damuli Kebun"
"12","Sumatera Utara","12.23","Kabupaten Labuhanbatu Utara","12.23.08","Kualuh Selatan","12.23.08.2007","Hasang"
"12","Sumatera Utara","12.23","Kabupaten Labuhanbatu Utara","12.23.08","Kualuh Selatan","12.23.08.2008","Bandar Lama"
"12","Sumatera Utara","12.23","Kabupaten Labuhanbatu Utara","12.23.08","Kualuh Selatan","12.23.08.2009","Sidua Dua"
"12","Sumatera Utara","12.23","Kabupaten Labuhanbatu Utara","12.23.08","Kualuh Selatan","12.23.08.2010","Simangalam"
"12","Sumatera Utara","12.23","Kabupaten Labuhanbatu Utara","12.23.08","Kualuh Selatan","12.23.08.2011","Tanjung Pasir"
"12","Sumatera Utara","12.23","Kabupaten Labuhanbatu Utara","12.23.08","Kualuh Selatan","12.23.08.2012","Sialang Taji"
"12","Sumatera Utara","12.24","Kabupaten Nias Utara","12.24.01","Lotu","12.24.01.2001","Hilidundra"
"12","Sumatera Utara","12.24","Kabupaten Nias Utara","12.24.01","Lotu","12.24.01.2002","Lawira Satua"
"12","Sumatera Utara","12.24","Kabupaten Nias Utara","12.24.01","Lotu","12.24.01.2003","Fadoro Fulolo"
"12","Sumatera Utara","12.24","Kabupaten Nias Utara","12.24.01","Lotu","12.24.01.2004","Lawira I"
"12","Sumatera Utara","12.24","Kabupaten Nias Utara","12.24.01","Lotu","12.24.01.2005","Hiligodu"
"12","Sumatera Utara","12.24","Kabupaten Nias Utara","12.24.01","Lotu","12.24.01.2006","Lombuza'ua"
"12","Sumatera Utara","12.24","Kabupaten Nias Utara","12.24.01","Lotu","12.24.01.2007","Maziaya"
"12","Sumatera Utara","12.24","Kabupaten Nias Utara","12.24.01","Lotu","12.24.01.2008","Baho"
"12","Sumatera Utara","12.24","Kabupaten Nias Utara","12.24.01","Lotu","12.24.01.2009","Lolofaoso"
"12","Sumatera Utara","12.24","Kabupaten Nias Utara","12.24.01","Lotu","12.24.01.2010","Lawira II"
"12","Sumatera Utara","12.24","Kabupaten Nias Utara","12.24.01","Lotu","12.24.01.2011","Dahadano"
"12","Sumatera Utara","12.24","Kabupaten Nias Utara","12.24.01","Lotu","12.24.01.2012","Lolomboli"
"12","Sumatera Utara","12.24","Kabupaten Nias Utara","12.24.01","Lotu","12.24.01.2013","Hiligeo Afia"
"12","Sumatera Utara","12.24","Kabupaten Nias Utara","12.24.02","Sawo","12.24.02.2001","Seriwa'u"
"12","Sumatera Utara","12.24","Kabupaten Nias Utara","12.24.02","Sawo","12.24.02.2002","Ombolata Sawo"
"12","Sumatera Utara","12.24","Kabupaten Nias Utara","12.24.02","Sawo","12.24.02.2003","Sanawuyu"
"12","Sumatera Utara","12.24","Kabupaten Nias Utara","12.24.02","Sawo","12.24.02.2004","Onozitoli Sawo"
"12","Sumatera Utara","12.24","Kabupaten Nias Utara","12.24.02","Sawo","12.24.02.2005","Sifahandro"
"12","Sumatera Utara","12.24","Kabupaten Nias Utara","12.24.02","Sawo","12.24.02.2006","Sisarahili Teluk Siabang"
"12","Sumatera Utara","12.24","Kabupaten Nias Utara","12.24.02","Sawo","12.24.02.2007","Lasara Sawo"
"12","Sumatera Utara","12.24","Kabupaten Nias Utara","12.24.02","Sawo","12.24.02.2008","Sawo"
"12","Sumatera Utara","12.24","Kabupaten Nias Utara","12.24.02","Sawo","12.24.02.2009","Hiliduruwa"
"12","Sumatera Utara","12.24","Kabupaten Nias Utara","12.24.02","Sawo","12.24.02.2010","Teluk Bengkuang"
"12","Sumatera Utara","12.24","Kabupaten Nias Utara","12.24.03","Tuhemberua","12.24.03.2001","Botolakha"
"12","Sumatera Utara","12.24","Kabupaten Nias Utara","12.24.03","Tuhemberua","12.24.03.2002","Siofa Banua"
"12","Sumatera Utara","12.24","Kabupaten Nias Utara","12.24.03","Tuhemberua","12.24.03.2003","La'aya"
"12","Sumatera Utara","12.24","Kabupaten Nias Utara","12.24.03","Tuhemberua","12.24.03.2004","Alo'oa"
"12","Sumatera Utara","12.24","Kabupaten Nias Utara","12.24.03","Tuhemberua","12.24.03.2005","Ladara"
"12","Sumatera Utara","12.24","Kabupaten Nias Utara","12.24.03","Tuhemberua","12.24.03.2006","Banua Gea"
"12","Sumatera Utara","12.24","Kabupaten Nias Utara","12.24.03","Tuhemberua","12.24.03.2007","Silima Banua"
"12","Sumatera Utara","12.24","Kabupaten Nias Utara","12.24.03","Tuhemberua","12.24.03.2008","Fino"
"12","Sumatera Utara","12.24","Kabupaten Nias Utara","12.24.04","Sitolu Ori","12.24.04.2001","Tetehosi Maziaya"
"12","Sumatera Utara","12.24","Kabupaten Nias Utara","12.24.04","Sitolu Ori","12.24.04.2002","Umbubalodano"
"12","Sumatera Utara","12.24","Kabupaten Nias Utara","12.24.04","Sitolu Ori","12.24.04.2003","Hilimbosi"
"12","Sumatera Utara","12.24","Kabupaten Nias Utara","12.24.04","Sitolu Ori","12.24.04.2004","Hilisalo'o"
"12","Sumatera Utara","12.24","Kabupaten Nias Utara","12.24.04","Sitolu Ori","12.24.04.2005","Fulolo Salo'o"
"12","Sumatera Utara","12.24","Kabupaten Nias Utara","12.24.04","Sitolu Ori","12.24.04.2006","Botombawo"
"12","Sumatera Utara","12.24","Kabupaten Nias Utara","12.24.05","Namohalu Esiwa","12.24.05.2001","Berua"
"12","Sumatera Utara","12.24","Kabupaten Nias Utara","12.24.05","Namohalu Esiwa","12.24.05.2002","Esiwa"
"12","Sumatera Utara","12.24","Kabupaten Nias Utara","12.24.05","Namohalu Esiwa","12.24.05.2003","Dahana Hiligodu"
"12","Sumatera Utara","12.24","Kabupaten Nias Utara","12.24.05","Namohalu Esiwa","12.24.05.2004","Hilibanua"
"12","Sumatera Utara","12.24","Kabupaten Nias Utara","12.24.05","Namohalu Esiwa","12.24.05.2005","Sisarahili"
"12","Sumatera Utara","12.24","Kabupaten Nias Utara","12.24.05","Namohalu Esiwa","12.24.05.2006","Sisobahili"
"12","Sumatera Utara","12.24","Kabupaten Nias Utara","12.24.05","Namohalu Esiwa","12.24.05.2007","Lasara"
"12","Sumatera Utara","12.24","Kabupaten Nias Utara","12.24.05","Namohalu Esiwa","12.24.05.2008","Namohalu"
"12","Sumatera Utara","12.24","Kabupaten Nias Utara","12.24.05","Namohalu Esiwa","12.24.05.2009","Tuhenakhe I"
"12","Sumatera Utara","12.24","Kabupaten Nias Utara","12.24.05","Namohalu Esiwa","12.24.05.2010","Orahili"
"12","Sumatera Utara","12.24","Kabupaten Nias Utara","12.24.05","Namohalu Esiwa","12.24.05.2011","Banua Sibohou"
"12","Sumatera Utara","12.24","Kabupaten Nias Utara","12.24.06","Alasa Talumuzoi","12.24.06.2001","Banua Sibohou III"
"12","Sumatera Utara","12.24","Kabupaten Nias Utara","12.24.06","Alasa Talumuzoi","12.24.06.2002","Harefanaese"
"12","Sumatera Utara","12.24","Kabupaten Nias Utara","12.24.06","Alasa Talumuzoi","12.24.06.2003","Hilimbowo Kare"
"12","Sumatera Utara","12.24","Kabupaten Nias Utara","12.24.06","Alasa Talumuzoi","12.24.06.2004","Laehuwa"
"12","Sumatera Utara","12.24","Kabupaten Nias Utara","12.24.06","Alasa Talumuzoi","12.24.06.2005","Mazingo"
"12","Sumatera Utara","12.24","Kabupaten Nias Utara","12.24.06","Alasa Talumuzoi","12.24.06.2006","Hilina'a"
"12","Sumatera Utara","12.24","Kabupaten Nias Utara","12.24.07","Alasa","12.24.07.2001","Bitaya"
"12","Sumatera Utara","12.24","Kabupaten Nias Utara","12.24.07","Alasa","12.24.07.2002","Lahemboho"
"12","Sumatera Utara","12.24","Kabupaten Nias Utara","12.24.07","Alasa","12.24.07.2003","Anaoma"
"12","Sumatera Utara","12.24","Kabupaten Nias Utara","12.24.07","Alasa","12.24.07.2004","Dahana Tugala Oyo"
"12","Sumatera Utara","12.24","Kabupaten Nias Utara","12.24.07","Alasa","12.24.07.2005","Fulolo"
"12","Sumatera Utara","12.24","Kabupaten Nias Utara","12.24.07","Alasa","12.24.07.2006","Hiligawoni"
"12","Sumatera Utara","12.24","Kabupaten Nias Utara","12.24.07","Alasa","12.24.07.2007","Ononamolo Tumula"
"12","Sumatera Utara","12.24","Kabupaten Nias Utara","12.24.07","Alasa","12.24.07.2008","Banua Sibohou I"
"12","Sumatera Utara","12.24","Kabupaten Nias Utara","12.24.07","Alasa","12.24.07.2009","Ombolata"
"12","Sumatera Utara","12.24","Kabupaten Nias Utara","12.24.07","Alasa","12.24.07.2010","Banua Sibohou II"
"12","Sumatera Utara","12.24","Kabupaten Nias Utara","12.24.07","Alasa","12.24.07.2011","Dahana Alasa"
"12","Sumatera Utara","12.24","Kabupaten Nias Utara","12.24.07","Alasa","12.24.07.2012","Ononamolo Alasa"
"12","Sumatera Utara","12.24","Kabupaten Nias Utara","12.24.07","Alasa","12.24.07.2013","Loloana'a"
"12","Sumatera Utara","12.24","Kabupaten Nias Utara","12.24.07","Alasa","12.24.07.2014","Hilisebua Siwalubanua"
"12","Sumatera Utara","12.24","Kabupaten Nias Utara","12.24.08","Tugala Oyo","12.24.08.2001","Te'olo"
"12","Sumatera Utara","12.24","Kabupaten Nias Utara","12.24.08","Tugala Oyo","12.24.08.2002","Siwawo"
"12","Sumatera Utara","12.24","Kabupaten Nias Utara","12.24.08","Tugala Oyo","12.24.08.2003","Fabaliwa Oyo"
"12","Sumatera Utara","12.24","Kabupaten Nias Utara","12.24.08","Tugala Oyo","12.24.08.2004","Ononazara"
"12","Sumatera Utara","12.24","Kabupaten Nias Utara","12.24.08","Tugala Oyo","12.24.08.2005","Humene Siheneasi"
"12","Sumatera Utara","12.24","Kabupaten Nias Utara","12.24.08","Tugala Oyo","12.24.08.2006","Gunung Tua"
"12","Sumatera Utara","12.24","Kabupaten Nias Utara","12.24.08","Tugala Oyo","12.24.08.2007","Botona'ai"
"12","Sumatera Utara","12.24","Kabupaten Nias Utara","12.24.08","Tugala Oyo","12.24.08.2008","Harefa"
"12","Sumatera Utara","12.24","Kabupaten Nias Utara","12.24.09","Afulu","12.24.09.2001","Afulu"
"12","Sumatera Utara","12.24","Kabupaten Nias Utara","12.24.09","Afulu","12.24.09.2002","Lauru Fadoro"
"12","Sumatera Utara","12.24","Kabupaten Nias Utara","12.24.09","Afulu","12.24.09.2003","Lauru I"
"12","Sumatera Utara","12.24","Kabupaten Nias Utara","12.24.09","Afulu","12.24.09.2004","Ombolata Afulu"
"12","Sumatera Utara","12.24","Kabupaten Nias Utara","12.24.09","Afulu","12.24.09.2005","Harewakhe"
"12","Sumatera Utara","12.24","Kabupaten Nias Utara","12.24.09","Afulu","12.24.09.2006","Sisobahili"
"12","Sumatera Utara","12.24","Kabupaten Nias Utara","12.24.09","Afulu","12.24.09.2007","Lauru Lahewa"
"12","Sumatera Utara","12.24","Kabupaten Nias Utara","12.24.09","Afulu","12.24.09.2008","Sifaoro'asi"
"12","Sumatera Utara","12.24","Kabupaten Nias Utara","12.24.09","Afulu","12.24.09.2009","Faekhuna'a"
"12","Sumatera Utara","12.24","Kabupaten Nias Utara","12.24.10","Lahewa","12.24.10.1001","Pasar Lahewa"
"12","Sumatera Utara","12.24","Kabupaten Nias Utara","12.24.10","Lahewa","12.24.10.2002","Iraono Lase"
"12","Sumatera Utara","12.24","Kabupaten Nias Utara","12.24.10","Lahewa","12.24.10.2003","Holi"
"12","Sumatera Utara","12.24","Kabupaten Nias Utara","12.24.10","Lahewa","12.24.10.2004","Sifaoro'asi"
"12","Sumatera Utara","12.24","Kabupaten Nias Utara","12.24.10","Lahewa","12.24.10.2005","Hilizukhu"
"12","Sumatera Utara","12.24","Kabupaten Nias Utara","12.24.10","Lahewa","12.24.10.2006","Onozalukhu"
"12","Sumatera Utara","12.24","Kabupaten Nias Utara","12.24.10","Lahewa","12.24.10.2007","Hilina'a"
"12","Sumatera Utara","12.24","Kabupaten Nias Utara","12.24.10","Lahewa","12.24.10.2008","Hiligodu Hoya"
"12","Sumatera Utara","12.24","Kabupaten Nias Utara","12.24.10","Lahewa","12.24.10.2009","Sitolubanua"
"12","Sumatera Utara","12.24","Kabupaten Nias Utara","12.24.10","Lahewa","12.24.10.2010","Hilihati"
"12","Sumatera Utara","12.24","Kabupaten Nias Utara","12.24.10","Lahewa","12.24.10.2011","Fadoro Sitolu Hili"
"12","Sumatera Utara","12.24","Kabupaten Nias Utara","12.24.10","Lahewa","12.24.10.2012","Marafala"
"12","Sumatera Utara","12.24","Kabupaten Nias Utara","12.24.10","Lahewa","12.24.10.2013","Hiligawolo"
"12","Sumatera Utara","12.24","Kabupaten Nias Utara","12.24.10","Lahewa","12.24.10.2014","Balefadoro Tuho"
"12","Sumatera Utara","12.24","Kabupaten Nias Utara","12.24.10","Lahewa","12.24.10.2015","Ombolata"
"12","Sumatera Utara","12.24","Kabupaten Nias Utara","12.24.10","Lahewa","12.24.10.2016","Afia"
"12","Sumatera Utara","12.24","Kabupaten Nias Utara","12.24.10","Lahewa","12.24.10.2017","Moawo"
"12","Sumatera Utara","12.24","Kabupaten Nias Utara","12.24.10","Lahewa","12.24.10.2018","Lasara"
"12","Sumatera Utara","12.24","Kabupaten Nias Utara","12.24.10","Lahewa","12.24.10.2019","Sihene'asi"
"12","Sumatera Utara","12.24","Kabupaten Nias Utara","12.24.10","Lahewa","12.24.10.2020","Fadoro Hilimbowo"
"12","Sumatera Utara","12.24","Kabupaten Nias Utara","12.24.10","Lahewa","12.24.10.2021","Fadoro Hilihambawa"
"12","Sumatera Utara","12.24","Kabupaten Nias Utara","12.24.11","Lahewa Timur","12.24.11.2001","Laowowaga"
"12","Sumatera Utara","12.24","Kabupaten Nias Utara","12.24.11","Lahewa Timur","12.24.11.2002","Lukhu Lase"
"12","Sumatera Utara","12.24","Kabupaten Nias Utara","12.24.11","Lahewa Timur","12.24.11.2003","Tetehosi Sorowi"
"12","Sumatera Utara","12.24","Kabupaten Nias Utara","12.24.11","Lahewa Timur","12.24.11.2004","Tefa'o"
"12","Sumatera Utara","12.24","Kabupaten Nias Utara","12.24.11","Lahewa Timur","12.24.11.2005","Tugala Lauru"
"12","Sumatera Utara","12.24","Kabupaten Nias Utara","12.24.11","Lahewa Timur","12.24.11.2006","Muzoi"
"12","Sumatera Utara","12.24","Kabupaten Nias Utara","12.24.11","Lahewa Timur","12.24.11.2007","Meafu"
"12","Sumatera Utara","12.25","Kabupaten Nias Barat","12.25.01","Lahomi","12.25.01.2001","Sisobaoho"
"12","Sumatera Utara","12.25","Kabupaten Nias Barat","12.25.01","Lahomi","12.25.01.2002","Bawozamaiwo"
"12","Sumatera Utara","12.25","Kabupaten Nias Barat","12.25.01","Lahomi","12.25.01.2003","Sitolubanua"
"12","Sumatera Utara","12.25","Kabupaten Nias Barat","12.25.01","Lahomi","12.25.01.2004","Lologundre"
"12","Sumatera Utara","12.25","Kabupaten Nias Barat","12.25.01","Lahomi","12.25.01.2005","Iraonogaila"
"12","Sumatera Utara","12.25","Kabupaten Nias Barat","12.25.01","Lahomi","12.25.01.2006","Tigaserangkai"
"12","Sumatera Utara","12.25","Kabupaten Nias Barat","12.25.01","Lahomi","12.25.01.2007","Onowaembo"
"12","Sumatera Utara","12.25","Kabupaten Nias Barat","12.25.01","Lahomi","12.25.01.2008","Onolimbu"
"12","Sumatera Utara","12.25","Kabupaten Nias Barat","12.25.01","Lahomi","12.25.01.2009","Haliadulo"
"12","Sumatera Utara","12.25","Kabupaten Nias Barat","12.25.01","Lahomi","12.25.01.2010","Sisobambowo"
"12","Sumatera Utara","12.25","Kabupaten Nias Barat","12.25.01","Lahomi","12.25.01.2011","Lolowau"
"12","Sumatera Utara","12.25","Kabupaten Nias Barat","12.25.02","Sirombu","12.25.02.2001","Bawosaloo"
"12","Sumatera Utara","12.25","Kabupaten Nias Barat","12.25.02","Sirombu","12.25.02.2002","Imana"
"12","Sumatera Utara","12.25","Kabupaten Nias Barat","12.25.02","Sirombu","12.25.02.2003","Tuwa Tuwa"
"12","Sumatera Utara","12.25","Kabupaten Nias Barat","12.25.02","Sirombu","12.25.02.2004","Kafo Kafo"
"12","Sumatera Utara","12.25","Kabupaten Nias Barat","12.25.02","Sirombu","12.25.02.2005","Bawasawa"
"12","Sumatera Utara","12.25","Kabupaten Nias Barat","12.25.02","Sirombu","12.25.02.2006","Pulau Bogi"
"12","Sumatera Utara","12.25","Kabupaten Nias Barat","12.25.02","Sirombu","12.25.02.2007","Halamona"
"12","Sumatera Utara","12.25","Kabupaten Nias Barat","12.25.02","Sirombu","12.25.02.2008","Hanofa"
"12","Sumatera Utara","12.25","Kabupaten Nias Barat","12.25.02","Sirombu","12.25.02.2009","Lahawa"
"12","Sumatera Utara","12.25","Kabupaten Nias Barat","12.25.02","Sirombu","12.25.02.2010","Hinako"
"12","Sumatera Utara","12.25","Kabupaten Nias Barat","12.25.02","Sirombu","12.25.02.2011","Sineneeto"
"12","Sumatera Utara","12.25","Kabupaten Nias Barat","12.25.02","Sirombu","12.25.02.2012","Balowondrate"
"12","Sumatera Utara","12.25","Kabupaten Nias Barat","12.25.02","Sirombu","12.25.02.2013","Hilimberuanaa"
"12","Sumatera Utara","12.25","Kabupaten Nias Barat","12.25.02","Sirombu","12.25.02.2014","Lahusa"
"12","Sumatera Utara","12.25","Kabupaten Nias Barat","12.25.02","Sirombu","12.25.02.2015","Ombolata"
"12","Sumatera Utara","12.25","Kabupaten Nias Barat","12.25.02","Sirombu","12.25.02.2016","Tetehosi"
"12","Sumatera Utara","12.25","Kabupaten Nias Barat","12.25.02","Sirombu","12.25.02.2017","Togimbogi"
"12","Sumatera Utara","12.25","Kabupaten Nias Barat","12.25.02","Sirombu","12.25.02.2018","Sisobandrao"
"12","Sumatera Utara","12.25","Kabupaten Nias Barat","12.25.02","Sirombu","12.25.02.2019","Fadoro"
"12","Sumatera Utara","12.25","Kabupaten Nias Barat","12.25.02","Sirombu","12.25.02.2020","Tugala Gawu"
"12","Sumatera Utara","12.25","Kabupaten Nias Barat","12.25.02","Sirombu","12.25.02.2021","Sirombu"
"12","Sumatera Utara","12.25","Kabupaten Nias Barat","12.25.02","Sirombu","12.25.02.2022","Togideu"
"12","Sumatera Utara","12.25","Kabupaten Nias Barat","12.25.02","Sirombu","12.25.02.2023","Tugala"
"12","Sumatera Utara","12.25","Kabupaten Nias Barat","12.25.02","Sirombu","12.25.02.2024","Orahili"
"12","Sumatera Utara","12.25","Kabupaten Nias Barat","12.25.02","Sirombu","12.25.02.2025","Gunungcahaya"
"12","Sumatera Utara","12.25","Kabupaten Nias Barat","12.25.03","Mandrehe Barat","12.25.03.2001","Onolimbu Raya"
"12","Sumatera Utara","12.25","Kabupaten Nias Barat","12.25.03","Mandrehe Barat","12.25.03.2002","Ononamolo III"
"12","Sumatera Utara","12.25","Kabupaten Nias Barat","12.25.03","Mandrehe Barat","12.25.03.2003","Sisobaoho"
"12","Sumatera Utara","12.25","Kabupaten Nias Barat","12.25.03","Mandrehe Barat","12.25.03.2004","Iraonogeba"
"12","Sumatera Utara","12.25","Kabupaten Nias Barat","12.25.03","Mandrehe Barat","12.25.03.2005","Lolohia"
"12","Sumatera Utara","12.25","Kabupaten Nias Barat","12.25.03","Mandrehe Barat","12.25.03.2006","Fadorosifulubanua"
"12","Sumatera Utara","12.25","Kabupaten Nias Barat","12.25.03","Mandrehe Barat","12.25.03.2007","Hillidaura"
"12","Sumatera Utara","12.25","Kabupaten Nias Barat","12.25.03","Mandrehe Barat","12.25.03.2008","Sisarahili II"
"12","Sumatera Utara","12.25","Kabupaten Nias Barat","12.25.03","Mandrehe Barat","12.25.03.2009","Lasara Bagawu"
"12","Sumatera Utara","12.25","Kabupaten Nias Barat","12.25.03","Mandrehe Barat","12.25.03.2010","Sisobandrao"
"12","Sumatera Utara","12.25","Kabupaten Nias Barat","12.25.03","Mandrehe Barat","12.25.03.2011","Mazingo"
"12","Sumatera Utara","12.25","Kabupaten Nias Barat","12.25.03","Mandrehe Barat","12.25.03.2012","Onolimbu You"
"12","Sumatera Utara","12.25","Kabupaten Nias Barat","12.25.03","Mandrehe Barat","12.25.03.2013","Lasarafaga"
"12","Sumatera Utara","12.25","Kabupaten Nias Barat","12.25.03","Mandrehe Barat","12.25.03.2014","Orahili Badalu"
"12","Sumatera Utara","12.25","Kabupaten Nias Barat","12.25.04","Moro'o","12.25.04.2001","Hiliwaloo II"
"12","Sumatera Utara","12.25","Kabupaten Nias Barat","12.25.04","Moro'o","12.25.04.2002","Gunungbaru"
"12","Sumatera Utara","12.25","Kabupaten Nias Barat","12.25.04","Moro'o","12.25.04.2003","Hilisoromi"
"12","Sumatera Utara","12.25","Kabupaten Nias Barat","12.25.04","Moro'o","12.25.04.2004","Siduahili"
"12","Sumatera Utara","12.25","Kabupaten Nias Barat","12.25.04","Moro'o","12.25.04.2005","Sitolubanua Fadoro"
"12","Sumatera Utara","12.25","Kabupaten Nias Barat","12.25.04","Moro'o","12.25.04.2006","Halifadolo"
"12","Sumatera Utara","12.25","Kabupaten Nias Barat","12.25.04","Moro'o","12.25.04.2007","Lasara Bahili"
"12","Sumatera Utara","12.25","Kabupaten Nias Barat","12.25.04","Moro'o","12.25.04.2008","Hiliwaele"
"12","Sumatera Utara","12.25","Kabupaten Nias Barat","12.25.04","Moro'o","12.25.04.2009","Sitoluewali"
"12","Sumatera Utara","12.25","Kabupaten Nias Barat","12.25.04","Moro'o","12.25.04.2010","Onozalukhu You"
"12","Sumatera Utara","12.25","Kabupaten Nias Barat","12.25.05","Mandrehe","12.25.05.2001","Simaeasi"
"12","Sumatera Utara","12.25","Kabupaten Nias Barat","12.25.05","Mandrehe","12.25.05.2002","Lologolu"
"12","Sumatera Utara","12.25","Kabupaten Nias Barat","12.25.05","Mandrehe","12.25.05.2003","Tuwuna"
"12","Sumatera Utara","12.25","Kabupaten Nias Barat","12.25.05","Mandrehe","12.25.05.2004","Tuhemberua"
"12","Sumatera Utara","12.25","Kabupaten Nias Barat","12.25.05","Mandrehe","12.25.05.2005","Lolozirugi"
"12","Sumatera Utara","12.25","Kabupaten Nias Barat","12.25.05","Mandrehe","12.25.05.2006","Lakhene"
"12","Sumatera Utara","12.25","Kabupaten Nias Barat","12.25.05","Mandrehe","12.25.05.2007","Hiliwaloo I"
"12","Sumatera Utara","12.25","Kabupaten Nias Barat","12.25.05","Mandrehe","12.25.05.2008","Sianaa"
"12","Sumatera Utara","12.25","Kabupaten Nias Barat","12.25.05","Mandrehe","12.25.05.2009","Fadoro"
"12","Sumatera Utara","12.25","Kabupaten Nias Barat","12.25.05","Mandrehe","12.25.05.2010","Iraonogambo"
"12","Sumatera Utara","12.25","Kabupaten Nias Barat","12.25.05","Mandrehe","12.25.05.2011","Tuhoowo"
"12","Sumatera Utara","12.25","Kabupaten Nias Barat","12.25.05","Mandrehe","12.25.05.2012","Fadoro Bahili"
"12","Sumatera Utara","12.25","Kabupaten Nias Barat","12.25.05","Mandrehe","12.25.05.2013","Tumori"
"12","Sumatera Utara","12.25","Kabupaten Nias Barat","12.25.05","Mandrehe","12.25.05.2014","Lasara Baene"
"12","Sumatera Utara","12.25","Kabupaten Nias Barat","12.25.05","Mandrehe","12.25.05.2015","Tetehosi"
"12","Sumatera Utara","12.25","Kabupaten Nias Barat","12.25.05","Mandrehe","12.25.05.2016","Sisarahili I"
"12","Sumatera Utara","12.25","Kabupaten Nias Barat","12.25.05","Mandrehe","12.25.05.2017","Doli-Doli"
"12","Sumatera Utara","12.25","Kabupaten Nias Barat","12.25.05","Mandrehe","12.25.05.2018","Hayo"
"12","Sumatera Utara","12.25","Kabupaten Nias Barat","12.25.05","Mandrehe","12.25.05.2019","Zuzundrao"
"12","Sumatera Utara","12.25","Kabupaten Nias Barat","12.25.05","Mandrehe","12.25.05.2020","Sisobambowo"
"12","Sumatera Utara","12.25","Kabupaten Nias Barat","12.25.06","Mandrehe Utara","12.25.06.2001","Balodano"
"12","Sumatera Utara","12.25","Kabupaten Nias Barat","12.25.06","Mandrehe Utara","12.25.06.2002","Hiambanua"
"12","Sumatera Utara","12.25","Kabupaten Nias Barat","12.25.06","Mandrehe Utara","12.25.06.2003","Hilimayo"
"12","Sumatera Utara","12.25","Kabupaten Nias Barat","12.25.06","Mandrehe Utara","12.25.06.2004","Sihareo"
"12","Sumatera Utara","12.25","Kabupaten Nias Barat","12.25.06","Mandrehe Utara","12.25.06.2005","Lolomboli"
"12","Sumatera Utara","12.25","Kabupaten Nias Barat","12.25.06","Mandrehe Utara","12.25.06.2006","Ononamolo I"
"12","Sumatera Utara","12.25","Kabupaten Nias Barat","12.25.06","Mandrehe Utara","12.25.06.2007","Hilimbaruzo"
"12","Sumatera Utara","12.25","Kabupaten Nias Barat","12.25.06","Mandrehe Utara","12.25.06.2008","Tarahoso"
"12","Sumatera Utara","12.25","Kabupaten Nias Barat","12.25.06","Mandrehe Utara","12.25.06.2009","Ononamolo II"
"12","Sumatera Utara","12.25","Kabupaten Nias Barat","12.25.06","Mandrehe Utara","12.25.06.2010","Taraha"
"12","Sumatera Utara","12.25","Kabupaten Nias Barat","12.25.06","Mandrehe Utara","12.25.06.2011","Lahagu"
"12","Sumatera Utara","12.25","Kabupaten Nias Barat","12.25.06","Mandrehe Utara","12.25.06.2012","Hilimbowo"
"12","Sumatera Utara","12.25","Kabupaten Nias Barat","12.25.07","Lolofitu Moi","12.25.07.2001","Sisobawino II"
"12","Sumatera Utara","12.25","Kabupaten Nias Barat","12.25.07","Lolofitu Moi","12.25.07.2002","Duria"
"12","Sumatera Utara","12.25","Kabupaten Nias Barat","12.25.07","Lolofitu Moi","12.25.07.2003","Ambukha"
"12","Sumatera Utara","12.25","Kabupaten Nias Barat","12.25.07","Lolofitu Moi","12.25.07.2004","Hilimbowo Mau"
"12","Sumatera Utara","12.25","Kabupaten Nias Barat","12.25.07","Lolofitu Moi","12.25.07.2005","Hilimbuasi"
"12","Sumatera Utara","12.25","Kabupaten Nias Barat","12.25.07","Lolofitu Moi","12.25.07.2006","Lolofitu"
"12","Sumatera Utara","12.25","Kabupaten Nias Barat","12.25.07","Lolofitu Moi","12.25.07.2007","Hiliuso"
"12","Sumatera Utara","12.25","Kabupaten Nias Barat","12.25.07","Lolofitu Moi","12.25.07.2008","Wango"
"12","Sumatera Utara","12.25","Kabupaten Nias Barat","12.25.08","Ulu Moro'o","12.25.08.2001","Bukit Tinggi"
"12","Sumatera Utara","12.25","Kabupaten Nias Barat","12.25.08","Ulu Moro'o","12.25.08.2002","Lawelu"
"12","Sumatera Utara","12.25","Kabupaten Nias Barat","12.25.08","Ulu Moro'o","12.25.08.2003","Saloo"
"12","Sumatera Utara","12.25","Kabupaten Nias Barat","12.25.08","Ulu Moro'o","12.25.08.2004","Hilisangawola"
"12","Sumatera Utara","12.25","Kabupaten Nias Barat","12.25.08","Ulu Moro'o","12.25.08.2005","Hilibadalu"
"12","Sumatera Utara","12.71","Kota Medan","12.71.01","Medan Kota","12.71.01.1001","Pasar Baru"
"12","Sumatera Utara","12.71","Kota Medan","12.71.01","Medan Kota","12.71.01.1002","Pusat Pasar"
"12","Sumatera Utara","12.71","Kota Medan","12.71.01","Medan Kota","12.71.01.1003","Sei Rengas I"
"12","Sumatera Utara","12.71","Kota Medan","12.71.01","Medan Kota","12.71.01.1004","Mesjid"
"12","Sumatera Utara","12.71","Kota Medan","12.71.01","Medan Kota","12.71.01.1005","Pandau Hulu I"
"12","Sumatera Utara","12.71","Kota Medan","12.71.01","Medan Kota","12.71.01.1006","Kotamatsum III"
"12","Sumatera Utara","12.71","Kota Medan","12.71.01","Medan Kota","12.71.01.1007","Pasar Merah Barat"
"12","Sumatera Utara","12.71","Kota Medan","12.71.01","Medan Kota","12.71.01.1008","Teladan Timur"
"12","Sumatera Utara","12.71","Kota Medan","12.71.01","Medan Kota","12.71.01.1009","Teladan Barat"
"12","Sumatera Utara","12.71","Kota Medan","12.71.01","Medan Kota","12.71.01.1010","Sudirejo 1"
"12","Sumatera Utara","12.71","Kota Medan","12.71.01","Medan Kota","12.71.01.1011","Sudirejo II"
"12","Sumatera Utara","12.71","Kota Medan","12.71.01","Medan Kota","12.71.01.1012","Sitirejo I"
"12","Sumatera Utara","12.71","Kota Medan","12.71.02","Medan Sunggal","12.71.02.1001","Lalang"
"12","Sumatera Utara","12.71","Kota Medan","12.71.02","Medan Sunggal","12.71.02.1002","Sei Sikambing B"
"12","Sumatera Utara","12.71","Kota Medan","12.71.02","Medan Sunggal","12.71.02.1003","Sunggal"
"12","Sumatera Utara","12.71","Kota Medan","12.71.02","Medan Sunggal","12.71.02.1004","Babura Sunggal"
"12","Sumatera Utara","12.71","Kota Medan","12.71.02","Medan Sunggal","12.71.02.1005","Tanjung Rejo"
"12","Sumatera Utara","12.71","Kota Medan","12.71.02","Medan Sunggal","12.71.02.1006","Simpang Tanjung"
"12","Sumatera Utara","12.71","Kota Medan","12.71.03","Medan Helvetia","12.71.03.1001","Helvetia"
"12","Sumatera Utara","12.71","Kota Medan","12.71.03","Medan Helvetia","12.71.03.1002","Helvetia Tengah"
"12","Sumatera Utara","12.71","Kota Medan","12.71.03","Medan Helvetia","12.71.03.1003","Helvetia Timur"
"12","Sumatera Utara","12.71","Kota Medan","12.71.03","Medan Helvetia","12.71.03.1004","Tanjung Gusta"
"12","Sumatera Utara","12.71","Kota Medan","12.71.03","Medan Helvetia","12.71.03.1005","Cinta Damai"
"12","Sumatera Utara","12.71","Kota Medan","12.71.03","Medan Helvetia","12.71.03.1006","Dwi Kora"
"12","Sumatera Utara","12.71","Kota Medan","12.71.03","Medan Helvetia","12.71.03.1007","Sei Sikambing C II"
"12","Sumatera Utara","12.71","Kota Medan","12.71.04","Medan Denai","12.71.04.1001","Tegal S Mandala I"
"12","Sumatera Utara","12.71","Kota Medan","12.71.04","Medan Denai","12.71.04.1002","Tegal S Mandala II"
"12","Sumatera Utara","12.71","Kota Medan","12.71.04","Medan Denai","12.71.04.1003","Tegal S Mandala III"
"12","Sumatera Utara","12.71","Kota Medan","12.71.04","Medan Denai","12.71.04.1004","Denai"
"12","Sumatera Utara","12.71","Kota Medan","12.71.04","Medan Denai","12.71.04.1005","Binjai"
"12","Sumatera Utara","12.71","Kota Medan","12.71.04","Medan Denai","12.71.04.1006","Medan Tenggara"
"12","Sumatera Utara","12.71","Kota Medan","12.71.05","Medan Barat","12.71.05.1001","Kesawan"
"12","Sumatera Utara","12.71","Kota Medan","12.71.05","Medan Barat","12.71.05.1002","Silalas"
"12","Sumatera Utara","12.71","Kota Medan","12.71.05","Medan Barat","12.71.05.1003","Glugur Kota"
"12","Sumatera Utara","12.71","Kota Medan","12.71.05","Medan Barat","12.71.05.1004","Pulo Berayan Kota"
"12","Sumatera Utara","12.71","Kota Medan","12.71.05","Medan Barat","12.71.05.1005","Sei Agul"
"12","Sumatera Utara","12.71","Kota Medan","12.71.05","Medan Barat","12.71.05.1006","Karang Berombak"
"12","Sumatera Utara","12.71","Kota Medan","12.71.06","Medan Deli","12.71.06.1001","Titipapan"
"12","Sumatera Utara","12.71","Kota Medan","12.71.06","Medan Deli","12.71.06.1002","Tanjung Mulia Hilir"
"12","Sumatera Utara","12.71","Kota Medan","12.71.06","Medan Deli","12.71.06.1003","Tanjung Mulya"
"12","Sumatera Utara","12.71","Kota Medan","12.71.06","Medan Deli","12.71.06.1004","Kota Bangun"
"12","Sumatera Utara","12.71","Kota Medan","12.71.06","Medan Deli","12.71.06.1005","Mabar"
"12","Sumatera Utara","12.71","Kota Medan","12.71.06","Medan Deli","12.71.06.1006","Mabar Hilir"
"12","Sumatera Utara","12.71","Kota Medan","12.71.07","Medan Tuntungan","12.71.07.1001","Tanjung Selamat"
"12","Sumatera Utara","12.71","Kota Medan","12.71.07","Medan Tuntungan","12.71.07.1002","Simpang Selayang"
"12","Sumatera Utara","12.71","Kota Medan","12.71.07","Medan Tuntungan","12.71.07.1003","Namo Gajah"
"12","Sumatera Utara","12.71","Kota Medan","12.71.07","Medan Tuntungan","12.71.07.1004","Kemenangan Tani"
"12","Sumatera Utara","12.71","Kota Medan","12.71.07","Medan Tuntungan","12.71.07.1005","Laucih"
"12","Sumatera Utara","12.71","Kota Medan","12.71.07","Medan Tuntungan","12.71.07.1006","Sidomulyo"
"12","Sumatera Utara","12.71","Kota Medan","12.71.07","Medan Tuntungan","12.71.07.1007","Ladang Bambu"
"12","Sumatera Utara","12.71","Kota Medan","12.71.07","Medan Tuntungan","12.71.07.1008","Simalingkar B"
"12","Sumatera Utara","12.71","Kota Medan","12.71.07","Medan Tuntungan","12.71.07.1009","Mangga"
"12","Sumatera Utara","12.71","Kota Medan","12.71.08","Medan Belawan","12.71.08.1001","Belawan I"
"12","Sumatera Utara","12.71","Kota Medan","12.71.08","Medan Belawan","12.71.08.1002","Belawan II"
"12","Sumatera Utara","12.71","Kota Medan","12.71.08","Medan Belawan","12.71.08.1003","Belawan Bahagia"
"12","Sumatera Utara","12.71","Kota Medan","12.71.08","Medan Belawan","12.71.08.1004","Belawan Bahari"
"12","Sumatera Utara","12.71","Kota Medan","12.71.08","Medan Belawan","12.71.08.1005","Belawan Sicanang"
"12","Sumatera Utara","12.71","Kota Medan","12.71.08","Medan Belawan","12.71.08.1006","Bagan Deli"
"12","Sumatera Utara","12.71","Kota Medan","12.71.09","Medan Amplas","12.71.09.1001","Amplas"
"12","Sumatera Utara","12.71","Kota Medan","12.71.09","Medan Amplas","12.71.09.1002","Sitirejo II"
"12","Sumatera Utara","12.71","Kota Medan","12.71.09","Medan Amplas","12.71.09.1003","Sitirejo III"
"12","Sumatera Utara","12.71","Kota Medan","12.71.09","Medan Amplas","12.71.09.1004","Harjosari I"
"12","Sumatera Utara","12.71","Kota Medan","12.71.09","Medan Amplas","12.71.09.1005","Harjosari II"
"12","Sumatera Utara","12.71","Kota Medan","12.71.09","Medan Amplas","12.71.09.1006","Timbang Deli"
"12","Sumatera Utara","12.71","Kota Medan","12.71.09","Medan Amplas","12.71.09.1007","Bangun Mulia"
"12","Sumatera Utara","12.71","Kota Medan","12.71.10","Medan Area","12.71.10.1001","Sukaramai I"
"12","Sumatera Utara","12.71","Kota Medan","12.71.10","Medan Area","12.71.10.1002","Sukaramai II"
"12","Sumatera Utara","12.71","Kota Medan","12.71.10","Medan Area","12.71.10.1003","Sei Rengas II"
"12","Sumatera Utara","12.71","Kota Medan","12.71.10","Medan Area","12.71.10.1004","S. Rengas Permata"
"12","Sumatera Utara","12.71","Kota Medan","12.71.10","Medan Area","12.71.10.1005","Pandau Hulu II"
"12","Sumatera Utara","12.71","Kota Medan","12.71.10","Medan Area","12.71.10.1006","Kota Matsum I"
"12","Sumatera Utara","12.71","Kota Medan","12.71.10","Medan Area","12.71.10.1007","Kota Matsum II"
"12","Sumatera Utara","12.71","Kota Medan","12.71.10","Medan Area","12.71.10.1008","Kota Matsum IV"
"12","Sumatera Utara","12.71","Kota Medan","12.71.10","Medan Area","12.71.10.1009","Pasar Merah Timur"
"12","Sumatera Utara","12.71","Kota Medan","12.71.10","Medan Area","12.71.10.1010","Tegal Sari I"
"12","Sumatera Utara","12.71","Kota Medan","12.71.10","Medan Area","12.71.10.1011","Tegal Sari II"
"12","Sumatera Utara","12.71","Kota Medan","12.71.10","Medan Area","12.71.10.1012","Tegal Sari III"
"12","Sumatera Utara","12.71","Kota Medan","12.71.11","Medan Johor","12.71.11.1001","Suka Maju"
"12","Sumatera Utara","12.71","Kota Medan","12.71.11","Medan Johor","12.71.11.1002","Titi Kuning"
"12","Sumatera Utara","12.71","Kota Medan","12.71.11","Medan Johor","12.71.11.1003","Kedai Durian"
"12","Sumatera Utara","12.71","Kota Medan","12.71.11","Medan Johor","12.71.11.1004","Pangkalan Mansur"
"12","Sumatera Utara","12.71","Kota Medan","12.71.11","Medan Johor","12.71.11.1005","Gedung Johor"
"12","Sumatera Utara","12.71","Kota Medan","12.71.11","Medan Johor","12.71.11.1006","Kwala Bekala"
"12","Sumatera Utara","12.71","Kota Medan","12.71.12","Medan Marelan","12.71.12.1001","Labuhan Deli"
"12","Sumatera Utara","12.71","Kota Medan","12.71.12","Medan Marelan","12.71.12.1002","Rengas Pulau"
"12","Sumatera Utara","12.71","Kota Medan","12.71.12","Medan Marelan","12.71.12.1003","Terjun"
"12","Sumatera Utara","12.71","Kota Medan","12.71.12","Medan Marelan","12.71.12.1004","Tanah Enam Ratus"
"12","Sumatera Utara","12.71","Kota Medan","12.71.12","Medan Marelan","12.71.12.1005","Paya Pasir"
"12","Sumatera Utara","12.71","Kota Medan","12.71.13","Medan Labuhan","12.71.13.1001","Pekan Labuhan"
"12","Sumatera Utara","12.71","Kota Medan","12.71.13","Medan Labuhan","12.71.13.1002","Sei Mati"
"12","Sumatera Utara","12.71","Kota Medan","12.71.13","Medan Labuhan","12.71.13.1003","Besar"
"12","Sumatera Utara","12.71","Kota Medan","12.71.13","Medan Labuhan","12.71.13.1004","Martubung"
"12","Sumatera Utara","12.71","Kota Medan","12.71.13","Medan Labuhan","12.71.13.1005","Nelayan Indah"
"12","Sumatera Utara","12.71","Kota Medan","12.71.13","Medan Labuhan","12.71.13.1006","Tangkahan"
"12","Sumatera Utara","12.71","Kota Medan","12.71.14","Medan Tembung","12.71.14.1001","Indra Kasih"
"12","Sumatera Utara","12.71","Kota Medan","12.71.14","Medan Tembung","12.71.14.1002","Sidorejo Hilir"
"12","Sumatera Utara","12.71","Kota Medan","12.71.14","Medan Tembung","12.71.14.1003","Sidorejo"
"12","Sumatera Utara","12.71","Kota Medan","12.71.14","Medan Tembung","12.71.14.1004","Bantan"
"12","Sumatera Utara","12.71","Kota Medan","12.71.14","Medan Tembung","12.71.14.1005","Tembung"
"12","Sumatera Utara","12.71","Kota Medan","12.71.14","Medan Tembung","12.71.14.1006","Bandar Selamat"
"12","Sumatera Utara","12.71","Kota Medan","12.71.14","Medan Tembung","12.71.14.1007","Bantan Timur"
"12","Sumatera Utara","12.71","Kota Medan","12.71.15","Medan Maimun","12.71.15.1001","Aur"
"12","Sumatera Utara","12.71","Kota Medan","12.71.15","Medan Maimun","12.71.15.1002","Hamdan"
"12","Sumatera Utara","12.71","Kota Medan","12.71.15","Medan Maimun","12.71.15.1003","Jati"
"12","Sumatera Utara","12.71","Kota Medan","12.71.15","Medan Maimun","12.71.15.1004","Sukaraja"
"12","Sumatera Utara","12.71","Kota Medan","12.71.15","Medan Maimun","12.71.15.1005","Sei Mati"
"12","Sumatera Utara","12.71","Kota Medan","12.71.15","Medan Maimun","12.71.15.1006","Kampung Baru"
"12","Sumatera Utara","12.71","Kota Medan","12.71.16","Medan Polonia","12.71.16.1001","Madras Hulu"
"12","Sumatera Utara","12.71","Kota Medan","12.71.16","Medan Polonia","12.71.16.1002","Polonia"
"12","Sumatera Utara","12.71","Kota Medan","12.71.16","Medan Polonia","12.71.16.1003","Sari Rejo"
"12","Sumatera Utara","12.71","Kota Medan","12.71.16","Medan Polonia","12.71.16.1004","Suka Damai"
"12","Sumatera Utara","12.71","Kota Medan","12.71.16","Medan Polonia","12.71.16.1005","Anggrung"
"12","Sumatera Utara","12.71","Kota Medan","12.71.17","Medan Baru","12.71.17.1001","Petisah Hulu"
"12","Sumatera Utara","12.71","Kota Medan","12.71.17","Medan Baru","12.71.17.1002","Babura"
"12","Sumatera Utara","12.71","Kota Medan","12.71.17","Medan Baru","12.71.17.1003","Merdeka"
"12","Sumatera Utara","12.71","Kota Medan","12.71.17","Medan Baru","12.71.17.1004","Darat"
"12","Sumatera Utara","12.71","Kota Medan","12.71.17","Medan Baru","12.71.17.1005","Padang Bulan"
"12","Sumatera Utara","12.71","Kota Medan","12.71.17","Medan Baru","12.71.17.1006","Titi Rante"
"12","Sumatera Utara","12.71","Kota Medan","12.71.18","Medan Perjuangan","12.71.18.1001","Pandau Hilir"
"12","Sumatera Utara","12.71","Kota Medan","12.71.18","Medan Perjuangan","12.71.18.1002","Pahlawan"
"12","Sumatera Utara","12.71","Kota Medan","12.71.18","Medan Perjuangan","12.71.18.1003","Sei Kera Hilir I"
"12","Sumatera Utara","12.71","Kota Medan","12.71.18","Medan Perjuangan","12.71.18.1004","Sei Kera Hilir II"
"12","Sumatera Utara","12.71","Kota Medan","12.71.18","Medan Perjuangan","12.71.18.1005","Sei Kera Hulu"
"12","Sumatera Utara","12.71","Kota Medan","12.71.18","Medan Perjuangan","12.71.18.1006","Sidorame Timur"
"12","Sumatera Utara","12.71","Kota Medan","12.71.18","Medan Perjuangan","12.71.18.1007","Sidorame Barat I"
"12","Sumatera Utara","12.71","Kota Medan","12.71.18","Medan Perjuangan","12.71.18.1008","Sidorame Barat II"
"12","Sumatera Utara","12.71","Kota Medan","12.71.18","Medan Perjuangan","12.71.18.1009","Tegalrejo"
"12","Sumatera Utara","12.71","Kota Medan","12.71.19","Medan Petisah","12.71.19.1001","Petisah Tengah"
"12","Sumatera Utara","12.71","Kota Medan","12.71.19","Medan Petisah","12.71.19.1002","Sekip"
"12","Sumatera Utara","12.71","Kota Medan","12.71.19","Medan Petisah","12.71.19.1003","Sei Sikambing D"
"12","Sumatera Utara","12.71","Kota Medan","12.71.19","Medan Petisah","12.71.19.1004","Sei Putih Barat"
"12","Sumatera Utara","12.71","Kota Medan","12.71.19","Medan Petisah","12.71.19.1005","Sei Putih Tengah"
"12","Sumatera Utara","12.71","Kota Medan","12.71.19","Medan Petisah","12.71.19.1006","Sei Putih Timur I"
"12","Sumatera Utara","12.71","Kota Medan","12.71.19","Medan Petisah","12.71.19.1007","Sei Putih Timur II"
"12","Sumatera Utara","12.71","Kota Medan","12.71.20","Medan Timur","12.71.20.1001","Gang Buntu"
"12","Sumatera Utara","12.71","Kota Medan","12.71.20","Medan Timur","12.71.20.1002","Sidodadi"
"12","Sumatera Utara","12.71","Kota Medan","12.71.20","Medan Timur","12.71.20.1003","Durian"
"12","Sumatera Utara","12.71","Kota Medan","12.71.20","Medan Timur","12.71.20.1004","Glugur Darat I"
"12","Sumatera Utara","12.71","Kota Medan","12.71.20","Medan Timur","12.71.20.1005","Glugur Darat II"
"12","Sumatera Utara","12.71","Kota Medan","12.71.20","Medan Timur","12.71.20.1006","P Berayan Darat I"
"12","Sumatera Utara","12.71","Kota Medan","12.71.20","Medan Timur","12.71.20.1007","P Berayan Darat II"
"12","Sumatera Utara","12.71","Kota Medan","12.71.20","Medan Timur","12.71.20.1008","P Berayan Bengkel"
"12","Sumatera Utara","12.71","Kota Medan","12.71.20","Medan Timur","12.71.20.1009","PB Bengkel Baru"
"12","Sumatera Utara","12.71","Kota Medan","12.71.20","Medan Timur","12.71.20.1010","Perintis"
"12","Sumatera Utara","12.71","Kota Medan","12.71.20","Medan Timur","12.71.20.1011","Gaharu"
"12","Sumatera Utara","12.71","Kota Medan","12.71.21","Medan Selayang","12.71.21.1001","Asam Kumbang"
"12","Sumatera Utara","12.71","Kota Medan","12.71.21","Medan Selayang","12.71.21.1002","Tanjungsari"
"12","Sumatera Utara","12.71","Kota Medan","12.71.21","Medan Selayang","12.71.21.1003","P Bulan Selayang II"
"12","Sumatera Utara","12.71","Kota Medan","12.71.21","Medan Selayang","12.71.21.1004","Beringin"
"12","Sumatera Utara","12.71","Kota Medan","12.71.21","Medan Selayang","12.71.21.1005","P Bulan Selayang I"
"12","Sumatera Utara","12.71","Kota Medan","12.71.21","Medan Selayang","12.71.21.1006","Sempakata"
"12","Sumatera Utara","12.72","Kota Pematangsiantar","12.72.01","Siantar Timur","12.72.01.1001","Kebun Sayur"
"12","Sumatera Utara","12.72","Kota Pematangsiantar","12.72.01","Siantar Timur","12.72.01.1002","Tomuan"
"12","Sumatera Utara","12.72","Kota Pematangsiantar","12.72.01","Siantar Timur","12.72.01.1003","Pahlawan"
"12","Sumatera Utara","12.72","Kota Pematangsiantar","12.72.01","Siantar Timur","12.72.01.1004","Asuhan"
"12","Sumatera Utara","12.72","Kota Pematangsiantar","12.72.01","Siantar Timur","12.72.01.1005","Merdeka"
"12","Sumatera Utara","12.72","Kota Pematangsiantar","12.72.01","Siantar Timur","12.72.01.1006","Pardomuan"
"12","Sumatera Utara","12.72","Kota Pematangsiantar","12.72.01","Siantar Timur","12.72.01.1007","Siopat Suhu"
"12","Sumatera Utara","12.72","Kota Pematangsiantar","12.72.02","Siantar Barat","12.72.02.1001","Dwikora"
"12","Sumatera Utara","12.72","Kota Pematangsiantar","12.72.02","Siantar Barat","12.72.02.1002","Proklamasi"
"12","Sumatera Utara","12.72","Kota Pematangsiantar","12.72.02","Siantar Barat","12.72.02.1003","Bantan"
"12","Sumatera Utara","12.72","Kota Pematangsiantar","12.72.02","Siantar Barat","12.72.02.1004","Timbang Galung"
"12","Sumatera Utara","12.72","Kota Pematangsiantar","12.72.02","Siantar Barat","12.72.02.1005","Simarito"
"12","Sumatera Utara","12.72","Kota Pematangsiantar","12.72.02","Siantar Barat","12.72.02.1006","Sipinggolpinggol"
"12","Sumatera Utara","12.72","Kota Pematangsiantar","12.72.02","Siantar Barat","12.72.02.1007","Banjar"
"12","Sumatera Utara","12.72","Kota Pematangsiantar","12.72.02","Siantar Barat","12.72.02.1008","Teladan"
"12","Sumatera Utara","12.72","Kota Pematangsiantar","12.72.03","Siantar Utara","12.72.03.1001","Melayu"
"12","Sumatera Utara","12.72","Kota Pematangsiantar","12.72.03","Siantar Utara","12.72.03.1002","Martoba"
"12","Sumatera Utara","12.72","Kota Pematangsiantar","12.72.03","Siantar Utara","12.72.03.1003","Baru"
"12","Sumatera Utara","12.72","Kota Pematangsiantar","12.72.03","Siantar Utara","12.72.03.1004","Sukadame"
"12","Sumatera Utara","12.72","Kota Pematangsiantar","12.72.03","Siantar Utara","12.72.03.1005","Kahean"
"12","Sumatera Utara","12.72","Kota Pematangsiantar","12.72.03","Siantar Utara","12.72.03.1006","Sigulanggulang"
"12","Sumatera Utara","12.72","Kota Pematangsiantar","12.72.03","Siantar Utara","12.72.03.1007","Bane"
"12","Sumatera Utara","12.72","Kota Pematangsiantar","12.72.04","Siantar Selatan","12.72.04.1001","Toba"
"12","Sumatera Utara","12.72","Kota Pematangsiantar","12.72.04","Siantar Selatan","12.72.04.1002","Karo"
"12","Sumatera Utara","12.72","Kota Pematangsiantar","12.72.04","Siantar Selatan","12.72.04.1003","Simalungun"
"12","Sumatera Utara","12.72","Kota Pematangsiantar","12.72.04","Siantar Selatan","12.72.04.1004","Martimbang"
"12","Sumatera Utara","12.72","Kota Pematangsiantar","12.72.04","Siantar Selatan","12.72.04.1005","Kristen"
"12","Sumatera Utara","12.72","Kota Pematangsiantar","12.72.04","Siantar Selatan","12.72.04.1006","Aek Nauli"
"12","Sumatera Utara","12.72","Kota Pematangsiantar","12.72.05","Siantar Marihat","12.72.05.1002","Sukaraja"
"12","Sumatera Utara","12.72","Kota Pematangsiantar","12.72.05","Siantar Marihat","12.72.05.1005","Baringin Pancur Nauli"
"12","Sumatera Utara","12.72","Kota Pematangsiantar","12.72.05","Siantar Marihat","12.72.05.1006","Pardamean"
"12","Sumatera Utara","12.72","Kota Pematangsiantar","12.72.05","Siantar Marihat","12.72.05.1007","Sukamaju"
"12","Sumatera Utara","12.72","Kota Pematangsiantar","12.72.05","Siantar Marihat","12.72.05.1008","Parhorasan Nauli"
"12","Sumatera Utara","12.72","Kota Pematangsiantar","12.72.05","Siantar Marihat","12.72.05.1009","Sukamakmur"
"12","Sumatera Utara","12.72","Kota Pematangsiantar","12.72.05","Siantar Marihat","12.72.05.1010","Mekar Nauli"
"12","Sumatera Utara","12.72","Kota Pematangsiantar","12.72.06","Siantar Martoba","12.72.06.1001","Sumber Jaya"
"12","Sumatera Utara","12.72","Kota Pematangsiantar","12.72.06","Siantar Martoba","12.72.06.1003","Tambun Nabolon"
"12","Sumatera Utara","12.72","Kota Pematangsiantar","12.72.06","Siantar Martoba","12.72.06.1007","Naga Pita"
"12","Sumatera Utara","12.72","Kota Pematangsiantar","12.72.06","Siantar Martoba","12.72.06.1008","Pondok Sayur"
"12","Sumatera Utara","12.72","Kota Pematangsiantar","12.72.06","Siantar Martoba","12.72.06.1009","Tanjung Tongah"
"12","Sumatera Utara","12.72","Kota Pematangsiantar","12.72.06","Siantar Martoba","12.72.06.1010","Naga Pitu"
"12","Sumatera Utara","12.72","Kota Pematangsiantar","12.72.06","Siantar Martoba","12.72.06.1011","Tanjung Pinggir"
"12","Sumatera Utara","12.72","Kota Pematangsiantar","12.72.07","Siantar Sitalasari","12.72.07.1001","Gurilla"
"12","Sumatera Utara","12.72","Kota Pematangsiantar","12.72.07","Siantar Sitalasari","12.72.07.1002","Bah Kapul"
"12","Sumatera Utara","12.72","Kota Pematangsiantar","12.72.07","Siantar Sitalasari","12.72.07.1003","Setia Negara"
"12","Sumatera Utara","12.72","Kota Pematangsiantar","12.72.07","Siantar Sitalasari","12.72.07.1004","Bukit Sofa"
"12","Sumatera Utara","12.72","Kota Pematangsiantar","12.72.07","Siantar Sitalasari","12.72.07.1005","Bah Sorma"
"12","Sumatera Utara","12.72","Kota Pematangsiantar","12.72.08","Siantar Marimbun","12.72.08.1001","Simarimbun"
"12","Sumatera Utara","12.72","Kota Pematangsiantar","12.72.08","Siantar Marimbun","12.72.08.1002","Tong Marimbun"
"12","Sumatera Utara","12.72","Kota Pematangsiantar","12.72.08","Siantar Marimbun","12.72.08.1003","Naga Huta"
"12","Sumatera Utara","12.72","Kota Pematangsiantar","12.72.08","Siantar Marimbun","12.72.08.1004","Naga Huta Timur"
"12","Sumatera Utara","12.72","Kota Pematangsiantar","12.72.08","Siantar Marimbun","12.72.08.1005","Pematang Marihat"
"12","Sumatera Utara","12.72","Kota Pematangsiantar","12.72.08","Siantar Marimbun","12.72.08.1006","Marihat Jaya"
"12","Sumatera Utara","12.73","Kota Sibolga","12.73.01","Sibolga Utara","12.73.01.1001","Huta Barangan"
"12","Sumatera Utara","12.73","Kota Sibolga","12.73.01","Sibolga Utara","12.73.01.1002","Angin Nauli"
"12","Sumatera Utara","12.73","Kota Sibolga","12.73.01","Sibolga Utara","12.73.01.1003","Huta Tonga-tonga"
"12","Sumatera Utara","12.73","Kota Sibolga","12.73.01","Sibolga Utara","12.73.01.1004","Sibolga Ilir"
"12","Sumatera Utara","12.73","Kota Sibolga","12.73.01","Sibolga Utara","12.73.01.1005","Simare-Mare"
"12","Sumatera Utara","12.73","Kota Sibolga","12.73.02","Sibolga Kota","12.73.02.1001","Kota Baringin"
"12","Sumatera Utara","12.73","Kota Sibolga","12.73.02","Sibolga Kota","12.73.02.1002","Pasar Baru"
"12","Sumatera Utara","12.73","Kota Sibolga","12.73.02","Sibolga Kota","12.73.02.1003","Pasar Belakang"
"12","Sumatera Utara","12.73","Kota Sibolga","12.73.02","Sibolga Kota","12.73.02.1004","Pancuran Gerobak"
"12","Sumatera Utara","12.73","Kota Sibolga","12.73.03","Sibolga Selatan","12.73.03.1001","Aek Habil"
"12","Sumatera Utara","12.73","Kota Sibolga","12.73.03","Sibolga Selatan","12.73.03.1002","Aek Manis"
"12","Sumatera Utara","12.73","Kota Sibolga","12.73.03","Sibolga Selatan","12.73.03.1003","Aek Muara Pinang"
"12","Sumatera Utara","12.73","Kota Sibolga","12.73.03","Sibolga Selatan","12.73.03.1004","Aek Parombunan"
"12","Sumatera Utara","12.73","Kota Sibolga","12.73.04","Sibolga Sambas","12.73.04.1001","Pancuran Kerambil"
"12","Sumatera Utara","12.73","Kota Sibolga","12.73.04","Sibolga Sambas","12.73.04.1002","Pancuran Dewa"
"12","Sumatera Utara","12.73","Kota Sibolga","12.73.04","Sibolga Sambas","12.73.04.1003","Pancuran Pinang"
"12","Sumatera Utara","12.73","Kota Sibolga","12.73.04","Sibolga Sambas","12.73.04.1004","Pancuran Bambu"
"12","Sumatera Utara","12.74","Kota Tanjungbalai","12.74.01","Tanjungbalai Selatan","12.74.01.1001","Tanjungbalai Kota I"
"12","Sumatera Utara","12.74","Kota Tanjungbalai","12.74.01","Tanjungbalai Selatan","12.74.01.1002","Tanjungbalai Kota II"
"12","Sumatera Utara","12.74","Kota Tanjungbalai","12.74.01","Tanjungbalai Selatan","12.74.01.1003","Perwira"
"12","Sumatera Utara","12.74","Kota Tanjungbalai","12.74.01","Tanjungbalai Selatan","12.74.01.1004","Karya"
"12","Sumatera Utara","12.74","Kota Tanjungbalai","12.74.01","Tanjungbalai Selatan","12.74.01.1005","Pantai Burung"
"12","Sumatera Utara","12.74","Kota Tanjungbalai","12.74.01","Tanjungbalai Selatan","12.74.01.1006","Indra Sakti"
"12","Sumatera Utara","12.74","Kota Tanjungbalai","12.74.02","Tanjungbalai Utara","12.74.02.1001","Tanjungbalai Kota III"
"12","Sumatera Utara","12.74","Kota Tanjungbalai","12.74.02","Tanjungbalai Utara","12.74.02.1002","Tanjungbalai Kota IV"
"12","Sumatera Utara","12.74","Kota Tanjungbalai","12.74.02","Tanjungbalai Utara","12.74.02.1003","Sejahtera"
"12","Sumatera Utara","12.74","Kota Tanjungbalai","12.74.02","Tanjungbalai Utara","12.74.02.1004","Kuala Silo Bestari"
"12","Sumatera Utara","12.74","Kota Tanjungbalai","12.74.02","Tanjungbalai Utara","12.74.02.1005","Matahalasan"
"12","Sumatera Utara","12.74","Kota Tanjungbalai","12.74.03","Sei Tualang Raso","12.74.03.1001","Keramat Kubah"
"12","Sumatera Utara","12.74","Kota Tanjungbalai","12.74.03","Sei Tualang Raso","12.74.03.1002","Sumber Sari"
"12","Sumatera Utara","12.74","Kota Tanjungbalai","12.74.03","Sei Tualang Raso","12.74.03.1003","Muara Sentosa"
"12","Sumatera Utara","12.74","Kota Tanjungbalai","12.74.03","Sei Tualang Raso","12.74.03.1004","Pasar Baru"
"12","Sumatera Utara","12.74","Kota Tanjungbalai","12.74.03","Sei Tualang Raso","12.74.03.1005","Sei Raja"
"12","Sumatera Utara","12.74","Kota Tanjungbalai","12.74.04","Teluk Nibung","12.74.04.1001","Sei Merbau"
"12","Sumatera Utara","12.74","Kota Tanjungbalai","12.74.04","Teluk Nibung","12.74.04.1002","Pematang Pasir"
"12","Sumatera Utara","12.74","Kota Tanjungbalai","12.74.04","Teluk Nibung","12.74.04.1003","Perjuangan"
"12","Sumatera Utara","12.74","Kota Tanjungbalai","12.74.04","Teluk Nibung","12.74.04.1004","Kapias Pulau Buaya"
"12","Sumatera Utara","12.74","Kota Tanjungbalai","12.74.04","Teluk Nibung","12.74.04.1005","Beting Kuala Kapias"
"12","Sumatera Utara","12.74","Kota Tanjungbalai","12.74.05","Datuk Bandar","12.74.05.1003","Gading"
"12","Sumatera Utara","12.74","Kota Tanjungbalai","12.74.05","Datuk Bandar","12.74.05.1004","Sirantau"
"12","Sumatera Utara","12.74","Kota Tanjungbalai","12.74.05","Datuk Bandar","12.74.05.1005","Sijambi"
"12","Sumatera Utara","12.74","Kota Tanjungbalai","12.74.05","Datuk Bandar","12.74.05.1006","Pahang"
"12","Sumatera Utara","12.74","Kota Tanjungbalai","12.74.05","Datuk Bandar","12.74.05.1010","Pantai Johor"
"12","Sumatera Utara","12.74","Kota Tanjungbalai","12.74.06","Datuk Bandar Timur","12.74.06.1001","Pulau Simardan"
"12","Sumatera Utara","12.74","Kota Tanjungbalai","12.74.06","Datuk Bandar Timur","12.74.06.1002","Semula Jadi"
"12","Sumatera Utara","12.74","Kota Tanjungbalai","12.74.06","Datuk Bandar Timur","12.74.06.1003","Selat Lancang"
"12","Sumatera Utara","12.74","Kota Tanjungbalai","12.74.06","Datuk Bandar Timur","12.74.06.1004","Bunga Tanjung"
"12","Sumatera Utara","12.74","Kota Tanjungbalai","12.74.06","Datuk Bandar Timur","12.74.06.1005","Selat Tanjung Medan"
"12","Sumatera Utara","12.75","Kota Binjai","12.75.01","Binjai Utara","12.75.01.1001","Pahlawan"
"12","Sumatera Utara","12.75","Kota Binjai","12.75.01","Binjai Utara","12.75.01.1002","Jati Negara"
"12","Sumatera Utara","12.75","Kota Binjai","12.75.01","Binjai Utara","12.75.01.1003","Nangka"
"12","Sumatera Utara","12.75","Kota Binjai","12.75.01","Binjai Utara","12.75.01.1004","Damai"
"12","Sumatera Utara","12.75","Kota Binjai","12.75.01","Binjai Utara","12.75.01.1005","Kebun Lada"
"12","Sumatera Utara","12.75","Kota Binjai","12.75.01","Binjai Utara","12.75.01.1006","Cengkeh Turi"
"12","Sumatera Utara","12.75","Kota Binjai","12.75.01","Binjai Utara","12.75.01.1007","Jati Utomo"
"12","Sumatera Utara","12.75","Kota Binjai","12.75.01","Binjai Utara","12.75.01.1008","Jati Makmur"
"12","Sumatera Utara","12.75","Kota Binjai","12.75.01","Binjai Utara","12.75.01.1009","Jati Karya"
"12","Sumatera Utara","12.75","Kota Binjai","12.75.02","Binjai Kota","12.75.02.1001","Berngam"
"12","Sumatera Utara","12.75","Kota Binjai","12.75.02","Binjai Kota","12.75.02.1002","Satria"
"12","Sumatera Utara","12.75","Kota Binjai","12.75.02","Binjai Kota","12.75.02.1003","Setia"
"12","Sumatera Utara","12.75","Kota Binjai","12.75.02","Binjai Kota","12.75.02.1004","Kartini"
"12","Sumatera Utara","12.75","Kota Binjai","12.75.02","Binjai Kota","12.75.02.1005","Tangsi"
"12","Sumatera Utara","12.75","Kota Binjai","12.75.02","Binjai Kota","12.75.02.1006","Binjai"
"12","Sumatera Utara","12.75","Kota Binjai","12.75.02","Binjai Kota","12.75.02.1007","Pekan Binjai"
"12","Sumatera Utara","12.75","Kota Binjai","12.75.03","Binjai Barat","12.75.03.1001","Bandar Senembah"
"12","Sumatera Utara","12.75","Kota Binjai","12.75.03","Binjai Barat","12.75.03.1002","Limau Mungkur"
"12","Sumatera Utara","12.75","Kota Binjai","12.75.03","Binjai Barat","12.75.03.1003","Limau Sundai"
"12","Sumatera Utara","12.75","Kota Binjai","12.75.03","Binjai Barat","12.75.03.1004","Paya Roba"
"12","Sumatera Utara","12.75","Kota Binjai","12.75.03","Binjai Barat","12.75.03.1005","Suka Maju"
"12","Sumatera Utara","12.75","Kota Binjai","12.75.03","Binjai Barat","12.75.03.1006","Sukaramai"
"12","Sumatera Utara","12.75","Kota Binjai","12.75.04","Binjai Timur","12.75.04.1001","Tanah Tinggi"
"12","Sumatera Utara","12.75","Kota Binjai","12.75.04","Binjai Timur","12.75.04.1002","Dataran Tinggi"
"12","Sumatera Utara","12.75","Kota Binjai","12.75.04","Binjai Timur","12.75.04.1003","Timbang Langkat"
"12","Sumatera Utara","12.75","Kota Binjai","12.75.04","Binjai Timur","12.75.04.1004","Mencirim"
"12","Sumatera Utara","12.75","Kota Binjai","12.75.04","Binjai Timur","12.75.04.1005","Tunggurono"
"12","Sumatera Utara","12.75","Kota Binjai","12.75.04","Binjai Timur","12.75.04.1006","Sumber Mulyorejo"
"12","Sumatera Utara","12.75","Kota Binjai","12.75.04","Binjai Timur","12.75.04.1007","Sumber Karya"
"12","Sumatera Utara","12.75","Kota Binjai","12.75.05","Binjai Selatan","12.75.05.1001","Tanah Merah"
"12","Sumatera Utara","12.75","Kota Binjai","12.75.05","Binjai Selatan","12.75.05.1002","Binjai Estate"
"12","Sumatera Utara","12.75","Kota Binjai","12.75.05","Binjai Selatan","12.75.05.1003","Bhakti Karya"
"12","Sumatera Utara","12.75","Kota Binjai","12.75.05","Binjai Selatan","12.75.05.1004","Rambung Dalam"
"12","Sumatera Utara","12.75","Kota Binjai","12.75.05","Binjai Selatan","12.75.05.1005","Pujidadi"
"12","Sumatera Utara","12.75","Kota Binjai","12.75.05","Binjai Selatan","12.75.05.1006","Tanah Seribu"
"12","Sumatera Utara","12.75","Kota Binjai","12.75.05","Binjai Selatan","12.75.05.1007","Rambung Barat"
"12","Sumatera Utara","12.75","Kota Binjai","12.75.05","Binjai Selatan","12.75.05.1008","Rambung Timur"
"12","Sumatera Utara","12.76","Kota Tebing Tinggi","12.76.01","Padang Hulu","12.76.01.1001","Pabatu"
"12","Sumatera Utara","12.76","Kota Tebing Tinggi","12.76.01","Padang Hulu","12.76.01.1002","Lubuk Baru"
"12","Sumatera Utara","12.76","Kota Tebing Tinggi","12.76.01","Padang Hulu","12.76.01.1006","Persiakan"
"12","Sumatera Utara","12.76","Kota Tebing Tinggi","12.76.01","Padang Hulu","12.76.01.1007","Bandar Sono"
"12","Sumatera Utara","12.76","Kota Tebing Tinggi","12.76.01","Padang Hulu","12.76.01.1010","Tualang"
"12","Sumatera Utara","12.76","Kota Tebing Tinggi","12.76.01","Padang Hulu","12.76.01.1011","Padang Merbau"
"12","Sumatera Utara","12.76","Kota Tebing Tinggi","12.76.01","Padang Hulu","12.76.01.1012","Lubuk Raya"
"12","Sumatera Utara","12.76","Kota Tebing Tinggi","12.76.02","Rambutan","12.76.02.1004","Rantau Laban"
"12","Sumatera Utara","12.76","Kota Tebing Tinggi","12.76.02","Rambutan","12.76.02.1007","Karya Jaya"
"12","Sumatera Utara","12.76","Kota Tebing Tinggi","12.76.02","Rambutan","12.76.02.1009","Lalang"
"12","Sumatera Utara","12.76","Kota Tebing Tinggi","12.76.02","Rambutan","12.76.02.1010","Tanjung Marulak"
"12","Sumatera Utara","12.76","Kota Tebing Tinggi","12.76.02","Rambutan","12.76.02.1011","Sri Padang"
"12","Sumatera Utara","12.76","Kota Tebing Tinggi","12.76.02","Rambutan","12.76.02.1012","Tanjung Marulak Hilir"
"12","Sumatera Utara","12.76","Kota Tebing Tinggi","12.76.02","Rambutan","12.76.02.1013","Mekar Sentosa"
"12","Sumatera Utara","12.76","Kota Tebing Tinggi","12.76.03","Padang Hilir","12.76.03.1001","Bagelen"
"12","Sumatera Utara","12.76","Kota Tebing Tinggi","12.76.03","Padang Hilir","12.76.03.1002","Tambangan"
"12","Sumatera Utara","12.76","Kota Tebing Tinggi","12.76.03","Padang Hilir","12.76.03.1004","Tebing Tinggi"
"12","Sumatera Utara","12.76","Kota Tebing Tinggi","12.76.03","Padang Hilir","12.76.03.1006","Satria"
"12","Sumatera Utara","12.76","Kota Tebing Tinggi","12.76.03","Padang Hilir","12.76.03.1007","Damar Sari"
"12","Sumatera Utara","12.76","Kota Tebing Tinggi","12.76.03","Padang Hilir","12.76.03.1008","Tambangan Hulu"
"12","Sumatera Utara","12.76","Kota Tebing Tinggi","12.76.03","Padang Hilir","12.76.03.1009","Deblod Sundoro"
"12","Sumatera Utara","12.76","Kota Tebing Tinggi","12.76.04","Bajenis","12.76.04.1001","Durian"
"12","Sumatera Utara","12.76","Kota Tebing Tinggi","12.76.04","Bajenis","12.76.04.1002","Pelita"
"12","Sumatera Utara","12.76","Kota Tebing Tinggi","12.76.04","Bajenis","12.76.04.1003","Bulian"
"12","Sumatera Utara","12.76","Kota Tebing Tinggi","12.76.04","Bajenis","12.76.04.1004","Berohol"
"12","Sumatera Utara","12.76","Kota Tebing Tinggi","12.76.04","Bajenis","12.76.04.1005","Bandar Sakti"
"12","Sumatera Utara","12.76","Kota Tebing Tinggi","12.76.04","Bajenis","12.76.04.1006","Pinang Mancung"
"12","Sumatera Utara","12.76","Kota Tebing Tinggi","12.76.04","Bajenis","12.76.04.1007","Teluk Karang"
"12","Sumatera Utara","12.76","Kota Tebing Tinggi","12.76.05","Tebing Tinggi Kota","12.76.05.1001","Mandailing"
"12","Sumatera Utara","12.76","Kota Tebing Tinggi","12.76.05","Tebing Tinggi Kota","12.76.05.1002","Pasar Baru"
"12","Sumatera Utara","12.76","Kota Tebing Tinggi","12.76.05","Tebing Tinggi Kota","12.76.05.1003","Pasar Gambir"
"12","Sumatera Utara","12.76","Kota Tebing Tinggi","12.76.05","Tebing Tinggi Kota","12.76.05.1004","Badak Bejuang"
"12","Sumatera Utara","12.76","Kota Tebing Tinggi","12.76.05","Tebing Tinggi Kota","12.76.05.1005","Bandar Utama"
"12","Sumatera Utara","12.76","Kota Tebing Tinggi","12.76.05","Tebing Tinggi Kota","12.76.05.1006","Rambung"
"12","Sumatera Utara","12.76","Kota Tebing Tinggi","12.76.05","Tebing Tinggi Kota","12.76.05.1007","Tebing Tinggi Lama"
"12","Sumatera Utara","12.77","Kota Padangsidimpuan","12.77.01","Padangsidimpuan Utara","12.77.01.1001","Wek I"
"12","Sumatera Utara","12.77","Kota Padangsidimpuan","12.77.01","Padangsidimpuan Utara","12.77.01.1002","Wek II"
"12","Sumatera Utara","12.77","Kota Padangsidimpuan","12.77.01","Padangsidimpuan Utara","12.77.01.1003","Wek III"
"12","Sumatera Utara","12.77","Kota Padangsidimpuan","12.77.01","Padangsidimpuan Utara","12.77.01.1004","Wek IV"
"12","Sumatera Utara","12.77","Kota Padangsidimpuan","12.77.01","Padangsidimpuan Utara","12.77.01.1005","Tanobato"
"12","Sumatera Utara","12.77","Kota Padangsidimpuan","12.77.01","Padangsidimpuan Utara","12.77.01.1006","Tobat"
"12","Sumatera Utara","12.77","Kota Padangsidimpuan","12.77.01","Padangsidimpuan Utara","12.77.01.1007","Batang Ayumi Jae"
"12","Sumatera Utara","12.77","Kota Padangsidimpuan","12.77.01","Padangsidimpuan Utara","12.77.01.1008","Batang Ayumi Julu"
"12","Sumatera Utara","12.77","Kota Padangsidimpuan","12.77.01","Padangsidimpuan Utara","12.77.01.1009","Sadabuan"
"12","Sumatera Utara","12.77","Kota Padangsidimpuan","12.77.01","Padangsidimpuan Utara","12.77.01.1010","Panyanggar"
"12","Sumatera Utara","12.77","Kota Padangsidimpuan","12.77.01","Padangsidimpuan Utara","12.77.01.1011","Bonan Dolok"
"12","Sumatera Utara","12.77","Kota Padangsidimpuan","12.77.01","Padangsidimpuan Utara","12.77.01.1012","Losung Batu"
"12","Sumatera Utara","12.77","Kota Padangsidimpuan","12.77.01","Padangsidimpuan Utara","12.77.01.1013","Timbangan"
"12","Sumatera Utara","12.77","Kota Padangsidimpuan","12.77.01","Padangsidimpuan Utara","12.77.01.1014","Bincar"
"12","Sumatera Utara","12.77","Kota Padangsidimpuan","12.77.01","Padangsidimpuan Utara","12.77.01.1015","Kantin"
"12","Sumatera Utara","12.77","Kota Padangsidimpuan","12.77.01","Padangsidimpuan Utara","12.77.01.1016","Kayu Ombun"
"12","Sumatera Utara","12.77","Kota Padangsidimpuan","12.77.02","Padangsidimpuan Selatan","12.77.02.1001","Wek V"
"12","Sumatera Utara","12.77","Kota Padangsidimpuan","12.77.02","Padangsidimpuan Selatan","12.77.02.1002","Wek VI"
"12","Sumatera Utara","12.77","Kota Padangsidimpuan","12.77.02","Padangsidimpuan Selatan","12.77.02.1003","Losung"
"12","Sumatera Utara","12.77","Kota Padangsidimpuan","12.77.02","Padangsidimpuan Selatan","12.77.02.1004","Sitamiang"
"12","Sumatera Utara","12.77","Kota Padangsidimpuan","12.77.02","Padangsidimpuan Selatan","12.77.02.1005","Ujung Padang"
"12","Sumatera Utara","12.77","Kota Padangsidimpuan","12.77.02","Padangsidimpuan Selatan","12.77.02.1006","Aek Tampang"
"12","Sumatera Utara","12.77","Kota Padangsidimpuan","12.77.02","Padangsidimpuan Selatan","12.77.02.1007","Padang Matinggi"
"12","Sumatera Utara","12.77","Kota Padangsidimpuan","12.77.02","Padangsidimpuan Selatan","12.77.02.1008","Silandit"
"12","Sumatera Utara","12.77","Kota Padangsidimpuan","12.77.02","Padangsidimpuan Selatan","12.77.02.1009","Sidangkal"
"12","Sumatera Utara","12.77","Kota Padangsidimpuan","12.77.02","Padangsidimpuan Selatan","12.77.02.1010","Hanopan"
"12","Sumatera Utara","12.77","Kota Padangsidimpuan","12.77.02","Padangsidimpuan Selatan","12.77.02.1011","Padang Matinggi Lestari"
"12","Sumatera Utara","12.77","Kota Padangsidimpuan","12.77.02","Padangsidimpuan Selatan","12.77.02.1012","Sitamiang Baru"
"12","Sumatera Utara","12.77","Kota Padangsidimpuan","12.77.03","Padangsidimpuan Batunadua","12.77.03.1001","Batunadua Jae"
"12","Sumatera Utara","12.77","Kota Padangsidimpuan","12.77.03","Padangsidimpuan Batunadua","12.77.03.1002","Batunadua Julu"
"12","Sumatera Utara","12.77","Kota Padangsidimpuan","12.77.03","Padangsidimpuan Batunadua","12.77.03.2003","Purwodadi"
"12","Sumatera Utara","12.77","Kota Padangsidimpuan","12.77.03","Padangsidimpuan Batunadua","12.77.03.2004","Gunung Hasahatan"
"12","Sumatera Utara","12.77","Kota Padangsidimpuan","12.77.03","Padangsidimpuan Batunadua","12.77.03.2005","Ujunggurap"
"12","Sumatera Utara","12.77","Kota Padangsidimpuan","12.77.03","Padangsidimpuan Batunadua","12.77.03.2006","Aek Tuhul"
"12","Sumatera Utara","12.77","Kota Padangsidimpuan","12.77.03","Padangsidimpuan Batunadua","12.77.03.2007","Baruas"
"12","Sumatera Utara","12.77","Kota Padangsidimpuan","12.77.03","Padangsidimpuan Batunadua","12.77.03.2008","Siloting"
"12","Sumatera Utara","12.77","Kota Padangsidimpuan","12.77.03","Padangsidimpuan Batunadua","12.77.03.2009","Aek Bayur"
"12","Sumatera Utara","12.77","Kota Padangsidimpuan","12.77.03","Padangsidimpuan Batunadua","12.77.03.2010","Pudun Jae"
"12","Sumatera Utara","12.77","Kota Padangsidimpuan","12.77.03","Padangsidimpuan Batunadua","12.77.03.2011","Pudun Julu"
"12","Sumatera Utara","12.77","Kota Padangsidimpuan","12.77.03","Padangsidimpuan Batunadua","12.77.03.2012","Batang Bahal"
"12","Sumatera Utara","12.77","Kota Padangsidimpuan","12.77.03","Padangsidimpuan Batunadua","12.77.03.2013","Aek Najaji"
"12","Sumatera Utara","12.77","Kota Padangsidimpuan","12.77.03","Padangsidimpuan Batunadua","12.77.03.2014","Simirik"
"12","Sumatera Utara","12.77","Kota Padangsidimpuan","12.77.03","Padangsidimpuan Batunadua","12.77.03.2015","Bargottopong"
"12","Sumatera Utara","12.77","Kota Padangsidimpuan","12.77.04","Padangsidimpuan Hutaimbaru","12.77.04.1001","Hutaimbaru"
"12","Sumatera Utara","12.77","Kota Padangsidimpuan","12.77.04","Padangsidimpuan Hutaimbaru","12.77.04.1002","Lubuk Raya"
"12","Sumatera Utara","12.77","Kota Padangsidimpuan","12.77.04","Padangsidimpuan Hutaimbaru","12.77.04.1003","Sabungan Jae"
"12","Sumatera Utara","12.77","Kota Padangsidimpuan","12.77.04","Padangsidimpuan Hutaimbaru","12.77.04.1004","Lembah Lubuk Manik"
"12","Sumatera Utara","12.77","Kota Padangsidimpuan","12.77.04","Padangsidimpuan Hutaimbaru","12.77.04.1005","Palopat Maria"
"12","Sumatera Utara","12.77","Kota Padangsidimpuan","12.77.04","Padangsidimpuan Hutaimbaru","12.77.04.2006","Sabungan Sipabangun"
"12","Sumatera Utara","12.77","Kota Padangsidimpuan","12.77.04","Padangsidimpuan Hutaimbaru","12.77.04.2007","Singali"
"12","Sumatera Utara","12.77","Kota Padangsidimpuan","12.77.04","Padangsidimpuan Hutaimbaru","12.77.04.2008","Huta Padang"
"12","Sumatera Utara","12.77","Kota Padangsidimpuan","12.77.04","Padangsidimpuan Hutaimbaru","12.77.04.2009","Partihaman Saroha"
"12","Sumatera Utara","12.77","Kota Padangsidimpuan","12.77.04","Padangsidimpuan Hutaimbaru","12.77.04.2010","Tinjoman Lama"
"12","Sumatera Utara","12.77","Kota Padangsidimpuan","12.77.05","Padangsidimpuan Tenggara","12.77.05.1001","Sihitang"
"12","Sumatera Utara","12.77","Kota Padangsidimpuan","12.77.05","Padangsidimpuan Tenggara","12.77.05.1002","Pijor Koling"
"12","Sumatera Utara","12.77","Kota Padangsidimpuan","12.77.05","Padangsidimpuan Tenggara","12.77.05.2003","Palopat Pijor Koling"
"12","Sumatera Utara","12.77","Kota Padangsidimpuan","12.77.05","Padangsidimpuan Tenggara","12.77.05.2004","Salambue"
"12","Sumatera Utara","12.77","Kota Padangsidimpuan","12.77.05","Padangsidimpuan Tenggara","12.77.05.2005","Purbatua Pijor Koling"
"12","Sumatera Utara","12.77","Kota Padangsidimpuan","12.77.05","Padangsidimpuan Tenggara","12.77.05.2006","Sigulang"
"12","Sumatera Utara","12.77","Kota Padangsidimpuan","12.77.05","Padangsidimpuan Tenggara","12.77.05.2007","Manunggang Julu"
"12","Sumatera Utara","12.77","Kota Padangsidimpuan","12.77.05","Padangsidimpuan Tenggara","12.77.05.2008","Goti"
"12","Sumatera Utara","12.77","Kota Padangsidimpuan","12.77.05","Padangsidimpuan Tenggara","12.77.05.2009","Manegen"
"12","Sumatera Utara","12.77","Kota Padangsidimpuan","12.77.05","Padangsidimpuan Tenggara","12.77.05.2010","Huta Koje"
"12","Sumatera Utara","12.77","Kota Padangsidimpuan","12.77.05","Padangsidimpuan Tenggara","12.77.05.2011","Hutalimbong"
"12","Sumatera Utara","12.77","Kota Padangsidimpuan","12.77.05","Padangsidimpuan Tenggara","12.77.05.2012","Huta Padang"
"12","Sumatera Utara","12.77","Kota Padangsidimpuan","12.77.05","Padangsidimpuan Tenggara","12.77.05.2013","Perkebunan Pijor Koling"
"12","Sumatera Utara","12.77","Kota Padangsidimpuan","12.77.05","Padangsidimpuan Tenggara","12.77.05.2014","Labuhan Labo"
"12","Sumatera Utara","12.77","Kota Padangsidimpuan","12.77.05","Padangsidimpuan Tenggara","12.77.05.2015","Huta Lombang"
"12","Sumatera Utara","12.77","Kota Padangsidimpuan","12.77.05","Padangsidimpuan Tenggara","12.77.05.2016","Manunggang Jae"
"12","Sumatera Utara","12.77","Kota Padangsidimpuan","12.77.05","Padangsidimpuan Tenggara","12.77.05.2017","Labuhan Rasoki"
"12","Sumatera Utara","12.77","Kota Padangsidimpuan","12.77.05","Padangsidimpuan Tenggara","12.77.05.2018","Tarutung Baru"
"12","Sumatera Utara","12.77","Kota Padangsidimpuan","12.77.06","Padangsidimpuan Angkola Julu","12.77.06.2001","Joring Lombang"
"12","Sumatera Utara","12.77","Kota Padangsidimpuan","12.77.06","Padangsidimpuan Angkola Julu","12.77.06.2002","Batu Layan"
"12","Sumatera Utara","12.77","Kota Padangsidimpuan","12.77.06","Padangsidimpuan Angkola Julu","12.77.06.2003","Simasom"
"12","Sumatera Utara","12.77","Kota Padangsidimpuan","12.77.06","Padangsidimpuan Angkola Julu","12.77.06.2004","Pintu Langit Jae"
"12","Sumatera Utara","12.77","Kota Padangsidimpuan","12.77.06","Padangsidimpuan Angkola Julu","12.77.06.2005","Mompang"
"12","Sumatera Utara","12.77","Kota Padangsidimpuan","12.77.06","Padangsidimpuan Angkola Julu","12.77.06.2006","Rimba Soping"
"12","Sumatera Utara","12.77","Kota Padangsidimpuan","12.77.06","Padangsidimpuan Angkola Julu","12.77.06.2007","Simatohir"
"12","Sumatera Utara","12.77","Kota Padangsidimpuan","12.77.06","Padangsidimpuan Angkola Julu","12.77.06.2008","Joring Natobang"
"12","Sumatera Utara","12.78","Kota Gunungsitoli","12.78.01","Gunungsitoli","12.78.01.1030","Pasar Gunungsitoli"
"12","Sumatera Utara","12.78","Kota Gunungsitoli","12.78.01","Gunungsitoli","12.78.01.1031","Saombo"
"12","Sumatera Utara","12.78","Kota Gunungsitoli","12.78.01","Gunungsitoli","12.78.01.1032","Ilir"
"12","Sumatera Utara","12.78","Kota Gunungsitoli","12.78.01","Gunungsitoli","12.78.01.2001","Bawodesolo"
"12","Sumatera Utara","12.78","Kota Gunungsitoli","12.78.01","Gunungsitoli","12.78.01.2002","Boyo"
"12","Sumatera Utara","12.78","Kota Gunungsitoli","12.78.01","Gunungsitoli","12.78.01.2003","Dahadano Gawu-Gawu"
"12","Sumatera Utara","12.78","Kota Gunungsitoli","12.78.01","Gunungsitoli","12.78.01.2004","Dahana Tabaloho"
"12","Sumatera Utara","12.78","Kota Gunungsitoli","12.78.01","Gunungsitoli","12.78.01.2005","Fadoro Lasara"
"12","Sumatera Utara","12.78","Kota Gunungsitoli","12.78.01","Gunungsitoli","12.78.01.2006","Hilihao"
"12","Sumatera Utara","12.78","Kota Gunungsitoli","12.78.01","Gunungsitoli","12.78.01.2007","Hilimbaruzo"
"12","Sumatera Utara","12.78","Kota Gunungsitoli","12.78.01","Gunungsitoli","12.78.01.2008","Hilina'a"
"12","Sumatera Utara","12.78","Kota Gunungsitoli","12.78.01","Gunungsitoli","12.78.01.2009","Iraonogeba"
"12","Sumatera Utara","12.78","Kota Gunungsitoli","12.78.01","Gunungsitoli","12.78.01.2010","Lasara Bahili"
"12","Sumatera Utara","12.78","Kota Gunungsitoli","12.78.01","Gunungsitoli","12.78.01.2011","Lolowonu Niko'otano"
"12","Sumatera Utara","12.78","Kota Gunungsitoli","12.78.01","Gunungsitoli","12.78.01.2012","Madula"
"12","Sumatera Utara","12.78","Kota Gunungsitoli","12.78.01","Gunungsitoli","12.78.01.2013","Madolaoli"
"12","Sumatera Utara","12.78","Kota Gunungsitoli","12.78.01","Gunungsitoli","12.78.01.2014","Mudik"
"12","Sumatera Utara","12.78","Kota Gunungsitoli","12.78.01","Gunungsitoli","12.78.01.2015","Miga"
"12","Sumatera Utara","12.78","Kota Gunungsitoli","12.78.01","Gunungsitoli","12.78.01.2016","Mo'awo"
"12","Sumatera Utara","12.78","Kota Gunungsitoli","12.78.01","Gunungsitoli","12.78.01.2017","Ombolata Ulu"
"12","Sumatera Utara","12.78","Kota Gunungsitoli","12.78.01","Gunungsitoli","12.78.01.2018","Onowaembo"
"12","Sumatera Utara","12.78","Kota Gunungsitoli","12.78.01","Gunungsitoli","12.78.01.2019","Onozitoli Olora"
"12","Sumatera Utara","12.78","Kota Gunungsitoli","12.78.01","Gunungsitoli","12.78.01.2020","Onozitoli Sifaoroasi"
"12","Sumatera Utara","12.78","Kota Gunungsitoli","12.78.01","Gunungsitoli","12.78.01.2021","Saewe"
"12","Sumatera Utara","12.78","Kota Gunungsitoli","12.78.01","Gunungsitoli","12.78.01.2022","Sifalaete Tabaloho"
"12","Sumatera Utara","12.78","Kota Gunungsitoli","12.78.01","Gunungsitoli","12.78.01.2023","Sifalaete Ulu"
"12","Sumatera Utara","12.78","Kota Gunungsitoli","12.78.01","Gunungsitoli","12.78.01.2024","Sihare'o II Tabaloho"
"12","Sumatera Utara","12.78","Kota Gunungsitoli","12.78.01","Gunungsitoli","12.78.01.2025","Simandraolo"
"12","Sumatera Utara","12.78","Kota Gunungsitoli","12.78.01","Gunungsitoli","12.78.01.2026","Sisarahiligamo"
"12","Sumatera Utara","12.78","Kota Gunungsitoli","12.78.01","Gunungsitoli","12.78.01.2027","Sisarahili Sisambualahe"
"12","Sumatera Utara","12.78","Kota Gunungsitoli","12.78.01","Gunungsitoli","12.78.01.2028","Sisobahili Tabaloho"
"12","Sumatera Utara","12.78","Kota Gunungsitoli","12.78.01","Gunungsitoli","12.78.01.2029","Tuhemberua Ulu"
"12","Sumatera Utara","12.78","Kota Gunungsitoli","12.78.02","Gunungsitoli Selatan","12.78.02.2001","Ononamolo I Lot"
"12","Sumatera Utara","12.78","Kota Gunungsitoli","12.78.02","Gunungsitoli Selatan","12.78.02.2002","Fodo"
"12","Sumatera Utara","12.78","Kota Gunungsitoli","12.78.02","Gunungsitoli Selatan","12.78.02.2003","Faekhu"
"12","Sumatera Utara","12.78","Kota Gunungsitoli","12.78.02","Gunungsitoli Selatan","12.78.02.2004","Lolofaoso Tabaloho"
"12","Sumatera Utara","12.78","Kota Gunungsitoli","12.78.02","Gunungsitoli Selatan","12.78.02.2005","Lolomboli"
"12","Sumatera Utara","12.78","Kota Gunungsitoli","12.78.02","Gunungsitoli Selatan","12.78.02.2006","Mazingo Tabaloho"
"12","Sumatera Utara","12.78","Kota Gunungsitoli","12.78.02","Gunungsitoli Selatan","12.78.02.2007","Onozitoli Tabaloho"
"12","Sumatera Utara","12.78","Kota Gunungsitoli","12.78.02","Gunungsitoli Selatan","12.78.02.2008","Lololakha"
"12","Sumatera Utara","12.78","Kota Gunungsitoli","12.78.02","Gunungsitoli Selatan","12.78.02.2009","Sihare'o I Tabaloho"
"12","Sumatera Utara","12.78","Kota Gunungsitoli","12.78.02","Gunungsitoli Selatan","12.78.02.2010","Ombolata Simenari"
"12","Sumatera Utara","12.78","Kota Gunungsitoli","12.78.02","Gunungsitoli Selatan","12.78.02.2011","Hiligara"
"12","Sumatera Utara","12.78","Kota Gunungsitoli","12.78.02","Gunungsitoli Selatan","12.78.02.2012","Luahalaraga"
"12","Sumatera Utara","12.78","Kota Gunungsitoli","12.78.02","Gunungsitoli Selatan","12.78.02.2013","Sisobahili II Tanose'o"
"12","Sumatera Utara","12.78","Kota Gunungsitoli","12.78.02","Gunungsitoli Selatan","12.78.02.2014","Hiligodu Ombolata"
"12","Sumatera Utara","12.78","Kota Gunungsitoli","12.78.02","Gunungsitoli Selatan","12.78.02.2015","Tetehosi Ombolata"
"12","Sumatera Utara","12.78","Kota Gunungsitoli","12.78.03","Gunungsitoli Utara","12.78.03.2001","Afia"
"12","Sumatera Utara","12.78","Kota Gunungsitoli","12.78.03","Gunungsitoli Utara","12.78.03.2002","Lolo'ana'a Lolomoyo"
"12","Sumatera Utara","12.78","Kota Gunungsitoli","12.78.03","Gunungsitoli Utara","12.78.03.2003","Lasara Sowu"
"12","Sumatera Utara","12.78","Kota Gunungsitoli","12.78.03","Gunungsitoli Utara","12.78.03.2004","Telukbelukar"
"12","Sumatera Utara","12.78","Kota Gunungsitoli","12.78.03","Gunungsitoli Utara","12.78.03.2005","Tetehosi Afia"
"12","Sumatera Utara","12.78","Kota Gunungsitoli","12.78.03","Gunungsitoli Utara","12.78.03.2006","Hambawa"
"12","Sumatera Utara","12.78","Kota Gunungsitoli","12.78.03","Gunungsitoli Utara","12.78.03.2007","Gawu-Gawu Bo'uso"
"12","Sumatera Utara","12.78","Kota Gunungsitoli","12.78.03","Gunungsitoli Utara","12.78.03.2008","Olora"
"12","Sumatera Utara","12.78","Kota Gunungsitoli","12.78.03","Gunungsitoli Utara","12.78.03.2009","Hilimbowo Olora"
"12","Sumatera Utara","12.78","Kota Gunungsitoli","12.78.03","Gunungsitoli Utara","12.78.03.2010","Hiligodu Ulu"
"12","Sumatera Utara","12.78","Kota Gunungsitoli","12.78.04","Gunungsitoli Idanoi","12.78.04.2001","Sifalaete"
"12","Sumatera Utara","12.78","Kota Gunungsitoli","12.78.04","Gunungsitoli Idanoi","12.78.04.2002","Hilimbawodesolo"
"12","Sumatera Utara","12.78","Kota Gunungsitoli","12.78.04","Gunungsitoli Idanoi","12.78.04.2003","Dahana"
"12","Sumatera Utara","12.78","Kota Gunungsitoli","12.78.04","Gunungsitoli Idanoi","12.78.04.2004","Bawodesolo"
"12","Sumatera Utara","12.78","Kota Gunungsitoli","12.78.04","Gunungsitoli Idanoi","12.78.04.2005","Tuhegeo I"
"12","Sumatera Utara","12.78","Kota Gunungsitoli","12.78.04","Gunungsitoli Idanoi","12.78.04.2006","Simanaere"
"12","Sumatera Utara","12.78","Kota Gunungsitoli","12.78.04","Gunungsitoli Idanoi","12.78.04.2007","Humene"
"12","Sumatera Utara","12.78","Kota Gunungsitoli","12.78.04","Gunungsitoli Idanoi","12.78.04.2008","Siwalubanua II"
"12","Sumatera Utara","12.78","Kota Gunungsitoli","12.78.04","Gunungsitoli Idanoi","12.78.04.2009","Helefanikha"
"12","Sumatera Utara","12.78","Kota Gunungsitoli","12.78.04","Gunungsitoli Idanoi","12.78.04.2010","Tetehosi I"
"12","Sumatera Utara","12.78","Kota Gunungsitoli","12.78.04","Gunungsitoli Idanoi","12.78.04.2011","Fowa"
"12","Sumatera Utara","12.78","Kota Gunungsitoli","12.78.04","Gunungsitoli Idanoi","12.78.04.2012","Binaka"
"12","Sumatera Utara","12.78","Kota Gunungsitoli","12.78.04","Gunungsitoli Idanoi","12.78.04.2013","Idanotae"
"12","Sumatera Utara","12.78","Kota Gunungsitoli","12.78.04","Gunungsitoli Idanoi","12.78.04.2014","Tetehosi II"
"12","Sumatera Utara","12.78","Kota Gunungsitoli","12.78.04","Gunungsitoli Idanoi","12.78.04.2015","Lolo'ana'a Idanoi"
"12","Sumatera Utara","12.78","Kota Gunungsitoli","12.78.04","Gunungsitoli Idanoi","12.78.04.2016","Siwalubanua I"
"12","Sumatera Utara","12.78","Kota Gunungsitoli","12.78.04","Gunungsitoli Idanoi","12.78.04.2017","Hilihambawa"
"12","Sumatera Utara","12.78","Kota Gunungsitoli","12.78.04","Gunungsitoli Idanoi","12.78.04.2018","Awa'ai"
"12","Sumatera Utara","12.78","Kota Gunungsitoli","12.78.04","Gunungsitoli Idanoi","12.78.04.2019","Lewuoguru Idanoi"
"12","Sumatera Utara","12.78","Kota Gunungsitoli","12.78.04","Gunungsitoli Idanoi","12.78.04.2020","Fadoro"
"12","Sumatera Utara","12.78","Kota Gunungsitoli","12.78.04","Gunungsitoli Idanoi","12.78.04.2021","Hiliweto Idanoi"
"12","Sumatera Utara","12.78","Kota Gunungsitoli","12.78.04","Gunungsitoli Idanoi","12.78.04.2022","Hilimbowo Idanoi"
"12","Sumatera Utara","12.78","Kota Gunungsitoli","12.78.04","Gunungsitoli Idanoi","12.78.04.2023","Onowaembo"
"12","Sumatera Utara","12.78","Kota Gunungsitoli","12.78.04","Gunungsitoli Idanoi","12.78.04.2024","Ombolata"
"12","Sumatera Utara","12.78","Kota Gunungsitoli","12.78.04","Gunungsitoli Idanoi","12.78.04.2025","Samasi"
"12","Sumatera Utara","12.78","Kota Gunungsitoli","12.78.04","Gunungsitoli Idanoi","12.78.04.2026","Tuhegeo II"
"12","Sumatera Utara","12.78","Kota Gunungsitoli","12.78.05","Gunungsitoli Alo'oa","12.78.05.2001","Nazalou Alo'oa"
"12","Sumatera Utara","12.78","Kota Gunungsitoli","12.78.05","Gunungsitoli Alo'oa","12.78.05.2002","Niko'otano Dao"
"12","Sumatera Utara","12.78","Kota Gunungsitoli","12.78.05","Gunungsitoli Alo'oa","12.78.05.2003","Iraonolase"
"12","Sumatera Utara","12.78","Kota Gunungsitoli","12.78.05","Gunungsitoli Alo'oa","12.78.05.2004","Orahili Tanose'o"
"12","Sumatera Utara","12.78","Kota Gunungsitoli","12.78.05","Gunungsitoli Alo'oa","12.78.05.2005","Tarakhaini"
"12","Sumatera Utara","12.78","Kota Gunungsitoli","12.78.05","Gunungsitoli Alo'oa","12.78.05.2006","Fadoro Hilimbowo"
"12","Sumatera Utara","12.78","Kota Gunungsitoli","12.78.05","Gunungsitoli Alo'oa","12.78.05.2007","Fadoro You"
"12","Sumatera Utara","12.78","Kota Gunungsitoli","12.78.05","Gunungsitoli Alo'oa","12.78.05.2008","Lololawa"
"12","Sumatera Utara","12.78","Kota Gunungsitoli","12.78.05","Gunungsitoli Alo'oa","12.78.05.2009","Nazalou Lolowua"
"12","Sumatera Utara","12.78","Kota Gunungsitoli","12.78.06","Gunungsitoli Barat","12.78.06.2001","Tumori"
"12","Sumatera Utara","12.78","Kota Gunungsitoli","12.78.06","Gunungsitoli Barat","12.78.06.2002","Tumori Balohili"
"12","Sumatera Utara","12.78","Kota Gunungsitoli","12.78.06","Gunungsitoli Barat","12.78.06.2003","Orahili Tumori"
"12","Sumatera Utara","12.78","Kota Gunungsitoli","12.78.06","Gunungsitoli Barat","12.78.06.2004","Gada"
"12","Sumatera Utara","12.78","Kota Gunungsitoli","12.78.06","Gunungsitoli Barat","12.78.06.2005","Lolomoyo Tuhemberua"
"12","Sumatera Utara","12.78","Kota Gunungsitoli","12.78.06","Gunungsitoli Barat","12.78.06.2006","Sihare'o Siwahili"
"12","Sumatera Utara","12.78","Kota Gunungsitoli","12.78.06","Gunungsitoli Barat","12.78.06.2007","Hilinakhe"
"12","Sumatera Utara","12.78","Kota Gunungsitoli","12.78.06","Gunungsitoli Barat","12.78.06.2008","Onozikho"
"12","Sumatera Utara","12.78","Kota Gunungsitoli","12.78.06","Gunungsitoli Barat","12.78.06.2009","Ononamolo II Lot"
