province_code,province_name,regency_code,regency_name,district_code,district_name,village_code,village_name
"14","Riau","14.01","Kabupaten Kampar","14.01.01","Bangkinang Kota","14.01.01.1011","Bangkinang"
"14","Riau","14.01","Kabupaten Kampar","14.01.01","Bangkinang Kota","14.01.01.1013","Langgini"
"14","Riau","14.01","Kabupaten Kampar","14.01.01","Bangkinang Kota","14.01.01.2009","Kumantan"
"14","Riau","14.01","Kabupaten Kampar","14.01.01","Bangkinang Kota","14.01.01.2010","Ridan Permai"
"14","Riau","14.01","Kabupaten Kampar","14.01.02","Kampar","14.01.02.1027","Air Tiris"
"14","Riau","14.01","Kabupaten Kampar","14.01.02","Kampar","14.01.02.2001","Batu Belah"
"14","Riau","14.01","Kabupaten Kampar","14.01.02","Kampar","14.01.02.2003","Tanjung Berulak"
"14","Riau","14.01","Kabupaten Kampar","14.01.02","Kampar","14.01.02.2006","Ranah"
"14","Riau","14.01","Kabupaten Kampar","14.01.02","Kampar","14.01.02.2007","Penyasawan"
"14","Riau","14.01","Kabupaten Kampar","14.01.02","Kampar","14.01.02.2008","Rumbio"
"14","Riau","14.01","Kabupaten Kampar","14.01.02","Kampar","14.01.02.2013","Padang Mutung"
"14","Riau","14.01","Kabupaten Kampar","14.01.02","Kampar","14.01.02.2023","Pulau Jambu"
"14","Riau","14.01","Kabupaten Kampar","14.01.02","Kampar","14.01.02.2024","Tanjung Rambutan"
"14","Riau","14.01","Kabupaten Kampar","14.01.02","Kampar","14.01.02.2025","Simpang Kubu"
"14","Riau","14.01","Kabupaten Kampar","14.01.02","Kampar","14.01.02.2028","Limau Manis"
"14","Riau","14.01","Kabupaten Kampar","14.01.02","Kampar","14.01.02.2030","Naumbai"
"14","Riau","14.01","Kabupaten Kampar","14.01.02","Kampar","14.01.02.2031","Pulau Tinggi"
"14","Riau","14.01","Kabupaten Kampar","14.01.02","Kampar","14.01.02.2032","Ranah Baru"
"14","Riau","14.01","Kabupaten Kampar","14.01.02","Kampar","14.01.02.2033","Bukit Ranah"
"14","Riau","14.01","Kabupaten Kampar","14.01.02","Kampar","14.01.02.2034","Pulau Sarak"
"14","Riau","14.01","Kabupaten Kampar","14.01.02","Kampar","14.01.02.2035","Koto Tibun"
"14","Riau","14.01","Kabupaten Kampar","14.01.02","Kampar","14.01.02.2036","Ranah Singkuang"
"14","Riau","14.01","Kabupaten Kampar","14.01.03","Tambang","14.01.03.2001","Tambang"
"14","Riau","14.01","Kabupaten Kampar","14.01.03","Tambang","14.01.03.2002","Kuapan"
"14","Riau","14.01","Kabupaten Kampar","14.01.03","Tambang","14.01.03.2003","Gobah"
"14","Riau","14.01","Kabupaten Kampar","14.01.03","Tambang","14.01.03.2004","Teluk Kenidai"
"14","Riau","14.01","Kabupaten Kampar","14.01.03","Tambang","14.01.03.2005","Aursati"
"14","Riau","14.01","Kabupaten Kampar","14.01.03","Tambang","14.01.03.2006","Padang Luas"
"14","Riau","14.01","Kabupaten Kampar","14.01.03","Tambang","14.01.03.2007","Terantang"
"14","Riau","14.01","Kabupaten Kampar","14.01.03","Tambang","14.01.03.2008","Kualu"
"14","Riau","14.01","Kabupaten Kampar","14.01.03","Tambang","14.01.03.2009","Rimbo Panjang"
"14","Riau","14.01","Kabupaten Kampar","14.01.03","Tambang","14.01.03.2010","Parit Baru"
"14","Riau","14.01","Kabupaten Kampar","14.01.03","Tambang","14.01.03.2011","Kemang Indah"
"14","Riau","14.01","Kabupaten Kampar","14.01.03","Tambang","14.01.03.2012","Kualu Nenas"
"14","Riau","14.01","Kabupaten Kampar","14.01.03","Tambang","14.01.03.2013","Tarai Bangun"
"14","Riau","14.01","Kabupaten Kampar","14.01.03","Tambang","14.01.03.2014","Sungai Pinang"
"14","Riau","14.01","Kabupaten Kampar","14.01.03","Tambang","14.01.03.2015","Balam Jaya"
"14","Riau","14.01","Kabupaten Kampar","14.01.03","Tambang","14.01.03.2016","Pulau Permai"
"14","Riau","14.01","Kabupaten Kampar","14.01.03","Tambang","14.01.03.2017","Palung Raya"
"14","Riau","14.01","Kabupaten Kampar","14.01.04","XIII Koto Kampar","14.01.04.1018","Batu Bersurat"
"14","Riau","14.01","Kabupaten Kampar","14.01.04","XIII Koto Kampar","14.01.04.2004","Gunung Bungsu"
"14","Riau","14.01","Kabupaten Kampar","14.01.04","XIII Koto Kampar","14.01.04.2005","Koto Tuo"
"14","Riau","14.01","Kabupaten Kampar","14.01.04","XIII Koto Kampar","14.01.04.2006","Balung"
"14","Riau","14.01","Kabupaten Kampar","14.01.04","XIII Koto Kampar","14.01.04.2007","Muara Takus"
"14","Riau","14.01","Kabupaten Kampar","14.01.04","XIII Koto Kampar","14.01.04.2010","Pulau Gadang"
"14","Riau","14.01","Kabupaten Kampar","14.01.04","XIII Koto Kampar","14.01.04.2011","Tanjung Alai"
"14","Riau","14.01","Kabupaten Kampar","14.01.04","XIII Koto Kampar","14.01.04.2012","Ranah Sungkai"
"14","Riau","14.01","Kabupaten Kampar","14.01.04","XIII Koto Kampar","14.01.04.2013","Lubuk Agung"
"14","Riau","14.01","Kabupaten Kampar","14.01.04","XIII Koto Kampar","14.01.04.2014","Koto Mesjid"
"14","Riau","14.01","Kabupaten Kampar","14.01.04","XIII Koto Kampar","14.01.04.2016","Pongkai Istiqomah"
"14","Riau","14.01","Kabupaten Kampar","14.01.04","XIII Koto Kampar","14.01.04.2017","Binamang"
"14","Riau","14.01","Kabupaten Kampar","14.01.04","XIII Koto Kampar","14.01.04.2019","Koto Tuo Barat"
"14","Riau","14.01","Kabupaten Kampar","14.01.05","Kuok","14.01.05.2001","Kuok"
"14","Riau","14.01","Kabupaten Kampar","14.01.05","Kuok","14.01.05.2005","Merangin"
"14","Riau","14.01","Kabupaten Kampar","14.01.05","Kuok","14.01.05.2006","Empat Balai"
"14","Riau","14.01","Kabupaten Kampar","14.01.05","Kuok","14.01.05.2007","Pulau Jambu"
"14","Riau","14.01","Kabupaten Kampar","14.01.05","Kuok","14.01.05.2008","Silam"
"14","Riau","14.01","Kabupaten Kampar","14.01.05","Kuok","14.01.05.2010","Bukit Melintang"
"14","Riau","14.01","Kabupaten Kampar","14.01.05","Kuok","14.01.05.2011","Pulau Terap"
"14","Riau","14.01","Kabupaten Kampar","14.01.05","Kuok","14.01.05.2012","Lereng"
"14","Riau","14.01","Kabupaten Kampar","14.01.05","Kuok","14.01.05.2013","Batu Langka Kecil"
"14","Riau","14.01","Kabupaten Kampar","14.01.06","Siak Hulu","14.01.06.2001","Pangkalan Baru"
"14","Riau","14.01","Kabupaten Kampar","14.01.06","Siak Hulu","14.01.06.2002","Desa Baru"
"14","Riau","14.01","Kabupaten Kampar","14.01.06","Siak Hulu","14.01.06.2003","Teratak Buluh"
"14","Riau","14.01","Kabupaten Kampar","14.01.06","Siak Hulu","14.01.06.2005","Lubuk Siam"
"14","Riau","14.01","Kabupaten Kampar","14.01.06","Siak Hulu","14.01.06.2006","Buluh Cina"
"14","Riau","14.01","Kabupaten Kampar","14.01.06","Siak Hulu","14.01.06.2007","Buluh Nipis"
"14","Riau","14.01","Kabupaten Kampar","14.01.06","Siak Hulu","14.01.06.2011","Tanah Merah"
"14","Riau","14.01","Kabupaten Kampar","14.01.06","Siak Hulu","14.01.06.2012","Pandau Jaya"
"14","Riau","14.01","Kabupaten Kampar","14.01.06","Siak Hulu","14.01.06.2013","Tanjung Balam"
"14","Riau","14.01","Kabupaten Kampar","14.01.06","Siak Hulu","14.01.06.2014","Kepau Jaya"
"14","Riau","14.01","Kabupaten Kampar","14.01.06","Siak Hulu","14.01.06.2015","Pangkalan Serik"
"14","Riau","14.01","Kabupaten Kampar","14.01.06","Siak Hulu","14.01.06.2016","Kubang Jaya"
"14","Riau","14.01","Kabupaten Kampar","14.01.07","Kampar Kiri","14.01.07.1027","Lipat Kain"
"14","Riau","14.01","Kabupaten Kampar","14.01.07","Kampar Kiri","14.01.07.2003","Kuntu"
"14","Riau","14.01","Kabupaten Kampar","14.01.07","Kampar Kiri","14.01.07.2004","Padang Sawah"
"14","Riau","14.01","Kabupaten Kampar","14.01.07","Kampar Kiri","14.01.07.2005","Domo"
"14","Riau","14.01","Kabupaten Kampar","14.01.07","Kampar Kiri","14.01.07.2006","IV Koto Setingkai"
"14","Riau","14.01","Kabupaten Kampar","14.01.07","Kampar Kiri","14.01.07.2008","Teluk Paman"
"14","Riau","14.01","Kabupaten Kampar","14.01.07","Kampar Kiri","14.01.07.2013","Sungai Geringging"
"14","Riau","14.01","Kabupaten Kampar","14.01.07","Kampar Kiri","14.01.07.2016","Sungai Paku"
"14","Riau","14.01","Kabupaten Kampar","14.01.07","Kampar Kiri","14.01.07.2019","Muara Selayah"
"14","Riau","14.01","Kabupaten Kampar","14.01.07","Kampar Kiri","14.01.07.2020","Sungai Rambai"
"14","Riau","14.01","Kabupaten Kampar","14.01.07","Kampar Kiri","14.01.07.2021","Tanjung Harapan"
"14","Riau","14.01","Kabupaten Kampar","14.01.07","Kampar Kiri","14.01.07.2023","Sungai Raja"
"14","Riau","14.01","Kabupaten Kampar","14.01.07","Kampar Kiri","14.01.07.2026","Sungai Sarik"
"14","Riau","14.01","Kabupaten Kampar","14.01.07","Kampar Kiri","14.01.07.2028","Lipat Kain Utara"
"14","Riau","14.01","Kabupaten Kampar","14.01.07","Kampar Kiri","14.01.07.2029","Lipat Kain Selatan"
"14","Riau","14.01","Kabupaten Kampar","14.01.07","Kampar Kiri","14.01.07.2030","Kuntu Darussalam"
"14","Riau","14.01","Kabupaten Kampar","14.01.07","Kampar Kiri","14.01.07.2031","Tanjung Mas"
"14","Riau","14.01","Kabupaten Kampar","14.01.07","Kampar Kiri","14.01.07.2032","Sungai Harapan"
"14","Riau","14.01","Kabupaten Kampar","14.01.07","Kampar Kiri","14.01.07.2033","Sungai Liti"
"14","Riau","14.01","Kabupaten Kampar","14.01.07","Kampar Kiri","14.01.07.2034","Teluk Paman Timur"
"14","Riau","14.01","Kabupaten Kampar","14.01.08","Kampar Kiri Hilir","14.01.08.1001","Sungai Pagar"
"14","Riau","14.01","Kabupaten Kampar","14.01.08","Kampar Kiri Hilir","14.01.08.2002","Mentulik"
"14","Riau","14.01","Kabupaten Kampar","14.01.08","Kampar Kiri Hilir","14.01.08.2003","Sungai Simpang Dua"
"14","Riau","14.01","Kabupaten Kampar","14.01.08","Kampar Kiri Hilir","14.01.08.2004","Sungai Bungo"
"14","Riau","14.01","Kabupaten Kampar","14.01.08","Kampar Kiri Hilir","14.01.08.2005","Rantau Kasih"
"14","Riau","14.01","Kabupaten Kampar","14.01.08","Kampar Kiri Hilir","14.01.08.2006","Sungai Petai"
"14","Riau","14.01","Kabupaten Kampar","14.01.08","Kampar Kiri Hilir","14.01.08.2007","Gading Permai"
"14","Riau","14.01","Kabupaten Kampar","14.01.08","Kampar Kiri Hilir","14.01.08.2008","Bangun Sari"
"14","Riau","14.01","Kabupaten Kampar","14.01.09","Kampar Kiri Hulu","14.01.09.2001","Gema"
"14","Riau","14.01","Kabupaten Kampar","14.01.09","Kampar Kiri Hulu","14.01.09.2002","Tanjung Belit"
"14","Riau","14.01","Kabupaten Kampar","14.01.09","Kampar Kiri Hulu","14.01.09.2003","Tanjung Belit Selatan"
"14","Riau","14.01","Kabupaten Kampar","14.01.09","Kampar Kiri Hulu","14.01.09.2004","Koto Lama"
"14","Riau","14.01","Kabupaten Kampar","14.01.09","Kampar Kiri Hulu","14.01.09.2005","Batu Sanggan"
"14","Riau","14.01","Kabupaten Kampar","14.01.09","Kampar Kiri Hulu","14.01.09.2006","Aur Kuning"
"14","Riau","14.01","Kabupaten Kampar","14.01.09","Kampar Kiri Hulu","14.01.09.2007","Ludai"
"14","Riau","14.01","Kabupaten Kampar","14.01.09","Kampar Kiri Hulu","14.01.09.2008","Tanjung Karang"
"14","Riau","14.01","Kabupaten Kampar","14.01.09","Kampar Kiri Hulu","14.01.09.2009","Batu Sasak"
"14","Riau","14.01","Kabupaten Kampar","14.01.09","Kampar Kiri Hulu","14.01.09.2010","Pangkalan Kapas"
"14","Riau","14.01","Kabupaten Kampar","14.01.09","Kampar Kiri Hulu","14.01.09.2011","Kebun Tinggi"
"14","Riau","14.01","Kabupaten Kampar","14.01.09","Kampar Kiri Hulu","14.01.09.2012","Tanjung Beringin"
"14","Riau","14.01","Kabupaten Kampar","14.01.09","Kampar Kiri Hulu","14.01.09.2013","Gajah Bertalut"
"14","Riau","14.01","Kabupaten Kampar","14.01.09","Kampar Kiri Hulu","14.01.09.2014","Danau Sontul"
"14","Riau","14.01","Kabupaten Kampar","14.01.09","Kampar Kiri Hulu","14.01.09.2015","Pangkalan Serai"
"14","Riau","14.01","Kabupaten Kampar","14.01.09","Kampar Kiri Hulu","14.01.09.2016","Dua Sepakat"
"14","Riau","14.01","Kabupaten Kampar","14.01.09","Kampar Kiri Hulu","14.01.09.2017","Terusan"
"14","Riau","14.01","Kabupaten Kampar","14.01.09","Kampar Kiri Hulu","14.01.09.2018","Deras Tajak"
"14","Riau","14.01","Kabupaten Kampar","14.01.09","Kampar Kiri Hulu","14.01.09.2019","Sungai Santi"
"14","Riau","14.01","Kabupaten Kampar","14.01.09","Kampar Kiri Hulu","14.01.09.2020","Subayang Jaya"
"14","Riau","14.01","Kabupaten Kampar","14.01.09","Kampar Kiri Hulu","14.01.09.2021","Tanjung Permai"
"14","Riau","14.01","Kabupaten Kampar","14.01.09","Kampar Kiri Hulu","14.01.09.2022","Bukit Betung"
"14","Riau","14.01","Kabupaten Kampar","14.01.09","Kampar Kiri Hulu","14.01.09.2023","Muaro Bio"
"14","Riau","14.01","Kabupaten Kampar","14.01.09","Kampar Kiri Hulu","14.01.09.2024","Lubuk Bigau"
"14","Riau","14.01","Kabupaten Kampar","14.01.10","Tapung","14.01.10.2001","Petapahan"
"14","Riau","14.01","Kabupaten Kampar","14.01.10","Tapung","14.01.10.2002","Pantai Cermin"
"14","Riau","14.01","Kabupaten Kampar","14.01.10","Tapung","14.01.10.2003","Petapahan Jaya"
"14","Riau","14.01","Kabupaten Kampar","14.01.10","Tapung","14.01.10.2004","Mukti Sari"
"14","Riau","14.01","Kabupaten Kampar","14.01.10","Tapung","14.01.10.2005","Sungai Putih"
"14","Riau","14.01","Kabupaten Kampar","14.01.10","Tapung","14.01.10.2006","Indra Sakti"
"14","Riau","14.01","Kabupaten Kampar","14.01.10","Tapung","14.01.10.2007","Gading Sari"
"14","Riau","14.01","Kabupaten Kampar","14.01.10","Tapung","14.01.10.2008","Sumber Makmur"
"14","Riau","14.01","Kabupaten Kampar","14.01.10","Tapung","14.01.10.2009","Pancuran Gading"
"14","Riau","14.01","Kabupaten Kampar","14.01.10","Tapung","14.01.10.2010","Sari Galuh"
"14","Riau","14.01","Kabupaten Kampar","14.01.10","Tapung","14.01.10.2011","Tri Manunggal"
"14","Riau","14.01","Kabupaten Kampar","14.01.10","Tapung","14.01.10.2012","Air Terbit"
"14","Riau","14.01","Kabupaten Kampar","14.01.10","Tapung","14.01.10.2013","Tanjung Sawit"
"14","Riau","14.01","Kabupaten Kampar","14.01.10","Tapung","14.01.10.2014","Pagaruyung"
"14","Riau","14.01","Kabupaten Kampar","14.01.10","Tapung","14.01.10.2015","Sibuak"
"14","Riau","14.01","Kabupaten Kampar","14.01.10","Tapung","14.01.10.2016","Pelambaian"
"14","Riau","14.01","Kabupaten Kampar","14.01.10","Tapung","14.01.10.2017","Kenantan"
"14","Riau","14.01","Kabupaten Kampar","14.01.10","Tapung","14.01.10.2018","Indrapuri"
"14","Riau","14.01","Kabupaten Kampar","14.01.10","Tapung","14.01.10.2019","Sungai Lambu Makmur"
"14","Riau","14.01","Kabupaten Kampar","14.01.10","Tapung","14.01.10.2020","Muara Mahat Baru"
"14","Riau","14.01","Kabupaten Kampar","14.01.10","Tapung","14.01.10.2021","Karya Indah"
"14","Riau","14.01","Kabupaten Kampar","14.01.10","Tapung","14.01.10.2022","Kijang Rejo"
"14","Riau","14.01","Kabupaten Kampar","14.01.10","Tapung","14.01.10.2023","Sungai Agung"
"14","Riau","14.01","Kabupaten Kampar","14.01.10","Tapung","14.01.10.2024","Bencah Kelubi"
"14","Riau","14.01","Kabupaten Kampar","14.01.10","Tapung","14.01.10.2025","Batu Gajah"
"14","Riau","14.01","Kabupaten Kampar","14.01.11","Tapung Hilir","14.01.11.2001","Koto Garo"
"14","Riau","14.01","Kabupaten Kampar","14.01.11","Tapung Hilir","14.01.11.2002","Sekijang"
"14","Riau","14.01","Kabupaten Kampar","14.01.11","Tapung Hilir","14.01.11.2003","Beringin Lestari"
"14","Riau","14.01","Kabupaten Kampar","14.01.11","Tapung Hilir","14.01.11.2004","Kota Bangun"
"14","Riau","14.01","Kabupaten Kampar","14.01.11","Tapung Hilir","14.01.11.2005","Cinta Damai"
"14","Riau","14.01","Kabupaten Kampar","14.01.11","Tapung Hilir","14.01.11.2006","Suka Maju"
"14","Riau","14.01","Kabupaten Kampar","14.01.11","Tapung Hilir","14.01.11.2007","Kota Baru"
"14","Riau","14.01","Kabupaten Kampar","14.01.11","Tapung Hilir","14.01.11.2008","Tebing Lestari"
"14","Riau","14.01","Kabupaten Kampar","14.01.11","Tapung Hilir","14.01.11.2009","Tanah Tinggi"
"14","Riau","14.01","Kabupaten Kampar","14.01.11","Tapung Hilir","14.01.11.2010","Koto Aman"
"14","Riau","14.01","Kabupaten Kampar","14.01.11","Tapung Hilir","14.01.11.2011","Tapung Lestari"
"14","Riau","14.01","Kabupaten Kampar","14.01.11","Tapung Hilir","14.01.11.2012","Tapung Makmur"
"14","Riau","14.01","Kabupaten Kampar","14.01.11","Tapung Hilir","14.01.11.2013","Tandan Sari"
"14","Riau","14.01","Kabupaten Kampar","14.01.11","Tapung Hilir","14.01.11.2014","Gerbang Sari"
"14","Riau","14.01","Kabupaten Kampar","14.01.11","Tapung Hilir","14.01.11.2015","Kijang Jaya"
"14","Riau","14.01","Kabupaten Kampar","14.01.11","Tapung Hilir","14.01.11.2016","Kijang Makmur"
"14","Riau","14.01","Kabupaten Kampar","14.01.12","Tapung Hulu","14.01.12.2001","Senama Nenek"
"14","Riau","14.01","Kabupaten Kampar","14.01.12","Tapung Hulu","14.01.12.2002","Kasikan"
"14","Riau","14.01","Kabupaten Kampar","14.01.12","Tapung Hulu","14.01.12.2003","Bukit Kemuning"
"14","Riau","14.01","Kabupaten Kampar","14.01.12","Tapung Hulu","14.01.12.2004","Danau Lancang"
"14","Riau","14.01","Kabupaten Kampar","14.01.12","Tapung Hulu","14.01.12.2005","Muara Intan"
"14","Riau","14.01","Kabupaten Kampar","14.01.12","Tapung Hulu","14.01.12.2006","Intan Jaya"
"14","Riau","14.01","Kabupaten Kampar","14.01.12","Tapung Hulu","14.01.12.2007","Tanah Datar"
"14","Riau","14.01","Kabupaten Kampar","14.01.12","Tapung Hulu","14.01.12.2008","Rimba Jaya"
"14","Riau","14.01","Kabupaten Kampar","14.01.12","Tapung Hulu","14.01.12.2009","Rimba Makmur"
"14","Riau","14.01","Kabupaten Kampar","14.01.12","Tapung Hulu","14.01.12.2010","Rimba Beringin"
"14","Riau","14.01","Kabupaten Kampar","14.01.12","Tapung Hulu","14.01.12.2011","Sukaramai"
"14","Riau","14.01","Kabupaten Kampar","14.01.12","Tapung Hulu","14.01.12.2012","Sumber Sari"
"14","Riau","14.01","Kabupaten Kampar","14.01.12","Tapung Hulu","14.01.12.2013","Kusau Makmur"
"14","Riau","14.01","Kabupaten Kampar","14.01.12","Tapung Hulu","14.01.12.2014","Talang Danto"
"14","Riau","14.01","Kabupaten Kampar","14.01.13","Salo","14.01.13.2001","Salo"
"14","Riau","14.01","Kabupaten Kampar","14.01.13","Salo","14.01.13.2002","Siabu"
"14","Riau","14.01","Kabupaten Kampar","14.01.13","Salo","14.01.13.2003","Salo Timur"
"14","Riau","14.01","Kabupaten Kampar","14.01.13","Salo","14.01.13.2004","Sipungguk"
"14","Riau","14.01","Kabupaten Kampar","14.01.13","Salo","14.01.13.2005","Ganting Damai"
"14","Riau","14.01","Kabupaten Kampar","14.01.13","Salo","14.01.13.2006","Ganting"
"14","Riau","14.01","Kabupaten Kampar","14.01.14","Rumbio Jaya","14.01.14.2001","Pulau Payung"
"14","Riau","14.01","Kabupaten Kampar","14.01.14","Rumbio Jaya","14.01.14.2002","Teratak"
"14","Riau","14.01","Kabupaten Kampar","14.01.14","Rumbio Jaya","14.01.14.2003","Alam Panjang"
"14","Riau","14.01","Kabupaten Kampar","14.01.14","Rumbio Jaya","14.01.14.2004","Bukit Kratai"
"14","Riau","14.01","Kabupaten Kampar","14.01.14","Rumbio Jaya","14.01.14.2005","Batang Batindih"
"14","Riau","14.01","Kabupaten Kampar","14.01.14","Rumbio Jaya","14.01.14.2006","Tambusai"
"14","Riau","14.01","Kabupaten Kampar","14.01.14","Rumbio Jaya","14.01.14.2007","Simpang Petai"
"14","Riau","14.01","Kabupaten Kampar","14.01.15","Bangkinang","14.01.15.1007","Pulau"
"14","Riau","14.01","Kabupaten Kampar","14.01.15","Bangkinang","14.01.15.1008","Pasir Sialang"
"14","Riau","14.01","Kabupaten Kampar","14.01.15","Bangkinang","14.01.15.2001","Pulau Lawas"
"14","Riau","14.01","Kabupaten Kampar","14.01.15","Bangkinang","14.01.15.2002","Muara Uwai"
"14","Riau","14.01","Kabupaten Kampar","14.01.15","Bangkinang","14.01.15.2003","Laboy Jaya"
"14","Riau","14.01","Kabupaten Kampar","14.01.15","Bangkinang","14.01.15.2004","Bukit Payung"
"14","Riau","14.01","Kabupaten Kampar","14.01.15","Bangkinang","14.01.15.2005","Suka Mulya"
"14","Riau","14.01","Kabupaten Kampar","14.01.15","Bangkinang","14.01.15.2006","Bukit Sembilan"
"14","Riau","14.01","Kabupaten Kampar","14.01.15","Bangkinang","14.01.15.2009","Binuang"
"14","Riau","14.01","Kabupaten Kampar","14.01.16","Perhentian Raja","14.01.16.2001","Kampung Pinang"
"14","Riau","14.01","Kabupaten Kampar","14.01.16","Perhentian Raja","14.01.16.2002","Pantai Raja"
"14","Riau","14.01","Kabupaten Kampar","14.01.16","Perhentian Raja","14.01.16.2003","Hangtuah"
"14","Riau","14.01","Kabupaten Kampar","14.01.16","Perhentian Raja","14.01.16.2004","Sialang Kubang"
"14","Riau","14.01","Kabupaten Kampar","14.01.16","Perhentian Raja","14.01.16.2005","Lubuk Sakat"
"14","Riau","14.01","Kabupaten Kampar","14.01.17","Kampa","14.01.17.2001","Pulau Birandang"
"14","Riau","14.01","Kabupaten Kampar","14.01.17","Kampa","14.01.17.2002","Pulau Rambai"
"14","Riau","14.01","Kabupaten Kampar","14.01.17","Kampa","14.01.17.2003","Kampar"
"14","Riau","14.01","Kabupaten Kampar","14.01.17","Kampa","14.01.17.2004","Koto Perambahan"
"14","Riau","14.01","Kabupaten Kampar","14.01.17","Kampa","14.01.17.2005","Sungai Putih"
"14","Riau","14.01","Kabupaten Kampar","14.01.17","Kampa","14.01.17.2006","Deli Makmur"
"14","Riau","14.01","Kabupaten Kampar","14.01.17","Kampa","14.01.17.2007","Sungai Tarap"
"14","Riau","14.01","Kabupaten Kampar","14.01.17","Kampa","14.01.17.2008","Tanjung Bungo"
"14","Riau","14.01","Kabupaten Kampar","14.01.17","Kampa","14.01.17.2009","Sawah Baru"
"14","Riau","14.01","Kabupaten Kampar","14.01.18","Kampar Utara","14.01.18.2001","Muara Jalai"
"14","Riau","14.01","Kabupaten Kampar","14.01.18","Kampar Utara","14.01.18.2002","Sawah"
"14","Riau","14.01","Kabupaten Kampar","14.01.18","Kampar Utara","14.01.18.2003","Kampung Panjang"
"14","Riau","14.01","Kabupaten Kampar","14.01.18","Kampar Utara","14.01.18.2004","Kayu Aro"
"14","Riau","14.01","Kabupaten Kampar","14.01.18","Kampar Utara","14.01.18.2005","Sungai Tonang"
"14","Riau","14.01","Kabupaten Kampar","14.01.18","Kampar Utara","14.01.18.2006","Sungai Jalau"
"14","Riau","14.01","Kabupaten Kampar","14.01.18","Kampar Utara","14.01.18.2007","Sendayan"
"14","Riau","14.01","Kabupaten Kampar","14.01.18","Kampar Utara","14.01.18.2008","Naga Beralih"
"14","Riau","14.01","Kabupaten Kampar","14.01.19","Kampar Kiri Tengah","14.01.19.2001","Simalinyang"
"14","Riau","14.01","Kabupaten Kampar","14.01.19","Kampar Kiri Tengah","14.01.19.2002","Bina Baru"
"14","Riau","14.01","Kabupaten Kampar","14.01.19","Kampar Kiri Tengah","14.01.19.2003","Hidup Baru"
"14","Riau","14.01","Kabupaten Kampar","14.01.19","Kampar Kiri Tengah","14.01.19.2004","Karya Bakti"
"14","Riau","14.01","Kabupaten Kampar","14.01.19","Kampar Kiri Tengah","14.01.19.2005","Lubuk Sakai"
"14","Riau","14.01","Kabupaten Kampar","14.01.19","Kampar Kiri Tengah","14.01.19.2006","Penghidupan"
"14","Riau","14.01","Kabupaten Kampar","14.01.19","Kampar Kiri Tengah","14.01.19.2007","Mayang Pongkai"
"14","Riau","14.01","Kabupaten Kampar","14.01.19","Kampar Kiri Tengah","14.01.19.2008","Koto Damai"
"14","Riau","14.01","Kabupaten Kampar","14.01.19","Kampar Kiri Tengah","14.01.19.2009","Utama Karya"
"14","Riau","14.01","Kabupaten Kampar","14.01.19","Kampar Kiri Tengah","14.01.19.2010","Bukit Sakai"
"14","Riau","14.01","Kabupaten Kampar","14.01.19","Kampar Kiri Tengah","14.01.19.2011","Mekar Jaya"
"14","Riau","14.01","Kabupaten Kampar","14.01.20","Gunung Sahilan","14.01.20.2001","Kebun Durian"
"14","Riau","14.01","Kabupaten Kampar","14.01.20","Gunung Sahilan","14.01.20.2002","Gunung Sahilan"
"14","Riau","14.01","Kabupaten Kampar","14.01.20","Gunung Sahilan","14.01.20.2003","Gunung Sari"
"14","Riau","14.01","Kabupaten Kampar","14.01.20","Gunung Sahilan","14.01.20.2004","Suka Makmur"
"14","Riau","14.01","Kabupaten Kampar","14.01.20","Gunung Sahilan","14.01.20.2005","Subarak"
"14","Riau","14.01","Kabupaten Kampar","14.01.20","Gunung Sahilan","14.01.20.2006","Sungai Lipai"
"14","Riau","14.01","Kabupaten Kampar","14.01.20","Gunung Sahilan","14.01.20.2007","Sahilan Darussalam"
"14","Riau","14.01","Kabupaten Kampar","14.01.20","Gunung Sahilan","14.01.20.2008","Gunung Mulya"
"14","Riau","14.01","Kabupaten Kampar","14.01.20","Gunung Sahilan","14.01.20.2009","Makmur Sejahtera"
"14","Riau","14.01","Kabupaten Kampar","14.01.21","Koto Kampar Hulu","14.01.21.2001","Siberuang"
"14","Riau","14.01","Kabupaten Kampar","14.01.21","Koto Kampar Hulu","14.01.21.2002","Bandur Picak"
"14","Riau","14.01","Kabupaten Kampar","14.01.21","Koto Kampar Hulu","14.01.21.2003","Gunung Malelo"
"14","Riau","14.01","Kabupaten Kampar","14.01.21","Koto Kampar Hulu","14.01.21.2004","Tabing"
"14","Riau","14.01","Kabupaten Kampar","14.01.21","Koto Kampar Hulu","14.01.21.2005","Pongkai"
"14","Riau","14.01","Kabupaten Kampar","14.01.21","Koto Kampar Hulu","14.01.21.2006","Tanjung"
"14","Riau","14.02","Kabupaten Indragiri Hulu","14.02.01","Rengat","14.02.01.1004","Kampung Dagang"
"14","Riau","14.02","Kabupaten Indragiri Hulu","14.02.01","Rengat","14.02.01.1006","Pasar Kota"
"14","Riau","14.02","Kabupaten Indragiri Hulu","14.02.01","Rengat","14.02.01.1007","Kampung Besar Kota"
"14","Riau","14.02","Kabupaten Indragiri Hulu","14.02.01","Rengat","14.02.01.1008","Sekip Hulu"
"14","Riau","14.02","Kabupaten Indragiri Hulu","14.02.01","Rengat","14.02.01.1011","Kampung Besar Seberang"
"14","Riau","14.02","Kabupaten Indragiri Hulu","14.02.01","Rengat","14.02.01.1018","Sekip Hilir"
"14","Riau","14.02","Kabupaten Indragiri Hulu","14.02.01","Rengat","14.02.01.2001","Sungai Guntung Tengah"
"14","Riau","14.02","Kabupaten Indragiri Hulu","14.02.01","Rengat","14.02.01.2002","Sungai Guntung Hilir"
"14","Riau","14.02","Kabupaten Indragiri Hulu","14.02.01","Rengat","14.02.01.2003","Kuantan Babu"
"14","Riau","14.02","Kabupaten Indragiri Hulu","14.02.01","Rengat","14.02.01.2005","Kampung Pulau"
"14","Riau","14.02","Kabupaten Indragiri Hulu","14.02.01","Rengat","14.02.01.2009","Sungai Beringin"
"14","Riau","14.02","Kabupaten Indragiri Hulu","14.02.01","Rengat","14.02.01.2010","Pasir Kemilu"
"14","Riau","14.02","Kabupaten Indragiri Hulu","14.02.01","Rengat","14.02.01.2012","Rantau Mapesai"
"14","Riau","14.02","Kabupaten Indragiri Hulu","14.02.01","Rengat","14.02.01.2013","Pulau Gajah"
"14","Riau","14.02","Kabupaten Indragiri Hulu","14.02.01","Rengat","14.02.01.2014","Sungai Raya"
"14","Riau","14.02","Kabupaten Indragiri Hulu","14.02.01","Rengat","14.02.01.2023","Rawa Bangun"
"14","Riau","14.02","Kabupaten Indragiri Hulu","14.02.02","Rengat Barat","14.02.02.1009","Pematang Reba"
"14","Riau","14.02","Kabupaten Indragiri Hulu","14.02.02","Rengat Barat","14.02.02.2001","Barangan"
"14","Riau","14.02","Kabupaten Indragiri Hulu","14.02.02","Rengat Barat","14.02.02.2002","Alang Kepayang"
"14","Riau","14.02","Kabupaten Indragiri Hulu","14.02.02","Rengat Barat","14.02.02.2003","Kota Lama"
"14","Riau","14.02","Kabupaten Indragiri Hulu","14.02.02","Rengat Barat","14.02.02.2004","Redang"
"14","Riau","14.02","Kabupaten Indragiri Hulu","14.02.02","Rengat Barat","14.02.02.2005","Pekan Heran"
"14","Riau","14.02","Kabupaten Indragiri Hulu","14.02.02","Rengat Barat","14.02.02.2006","Rantau Bakung"
"14","Riau","14.02","Kabupaten Indragiri Hulu","14.02.02","Rengat Barat","14.02.02.2007","Talang Jerinjing"
"14","Riau","14.02","Kabupaten Indragiri Hulu","14.02.02","Rengat Barat","14.02.02.2008","Sialang Dua Dahan"
"14","Riau","14.02","Kabupaten Indragiri Hulu","14.02.02","Rengat Barat","14.02.02.2010","Sungai Dawu"
"14","Riau","14.02","Kabupaten Indragiri Hulu","14.02.02","Rengat Barat","14.02.02.2011","Bukit Petaling"
"14","Riau","14.02","Kabupaten Indragiri Hulu","14.02.02","Rengat Barat","14.02.02.2012","Pematang Jaya"
"14","Riau","14.02","Kabupaten Indragiri Hulu","14.02.02","Rengat Barat","14.02.02.2013","Danau Baru"
"14","Riau","14.02","Kabupaten Indragiri Hulu","14.02.02","Rengat Barat","14.02.02.2014","Tanah Datar"
"14","Riau","14.02","Kabupaten Indragiri Hulu","14.02.02","Rengat Barat","14.02.02.2015","Tani Makmur"
"14","Riau","14.02","Kabupaten Indragiri Hulu","14.02.02","Rengat Barat","14.02.02.2016","Sungai Baung"
"14","Riau","14.02","Kabupaten Indragiri Hulu","14.02.02","Rengat Barat","14.02.02.2017","Danau Tiga"
"14","Riau","14.02","Kabupaten Indragiri Hulu","14.02.02","Rengat Barat","14.02.02.2018","Air Jernih"
"14","Riau","14.02","Kabupaten Indragiri Hulu","14.02.03","Kelayang","14.02.03.1019","Simpang Kelayang"
"14","Riau","14.02","Kabupaten Indragiri Hulu","14.02.03","Kelayang","14.02.03.2007","Pulau Sengkilo"
"14","Riau","14.02","Kabupaten Indragiri Hulu","14.02.03","Kelayang","14.02.03.2008","Kota Medan"
"14","Riau","14.02","Kabupaten Indragiri Hulu","14.02.03","Kelayang","14.02.03.2009","Simpang Kota Medan"
"14","Riau","14.02","Kabupaten Indragiri Hulu","14.02.03","Kelayang","14.02.03.2010","Polak Pisang"
"14","Riau","14.02","Kabupaten Indragiri Hulu","14.02.03","Kelayang","14.02.03.2018","Pelangko"
"14","Riau","14.02","Kabupaten Indragiri Hulu","14.02.03","Kelayang","14.02.03.2020","Teluk Sejuah"
"14","Riau","14.02","Kabupaten Indragiri Hulu","14.02.03","Kelayang","14.02.03.2021","Bongkal Malang"
"14","Riau","14.02","Kabupaten Indragiri Hulu","14.02.03","Kelayang","14.02.03.2022","Dusun Tua"
"14","Riau","14.02","Kabupaten Indragiri Hulu","14.02.03","Kelayang","14.02.03.2024","Sungai Banyak Ikan"
"14","Riau","14.02","Kabupaten Indragiri Hulu","14.02.03","Kelayang","14.02.03.2025","Tanjung Beludu"
"14","Riau","14.02","Kabupaten Indragiri Hulu","14.02.03","Kelayang","14.02.03.2026","Sungai Pasir Putih"
"14","Riau","14.02","Kabupaten Indragiri Hulu","14.02.03","Kelayang","14.02.03.2027","Sungai Golang"
"14","Riau","14.02","Kabupaten Indragiri Hulu","14.02.03","Kelayang","14.02.03.2028","Pasir Beringin"
"14","Riau","14.02","Kabupaten Indragiri Hulu","14.02.03","Kelayang","14.02.03.2029","Sungai Kuning Benio"
"14","Riau","14.02","Kabupaten Indragiri Hulu","14.02.03","Kelayang","14.02.03.2030","Bukit Selanjut"
"14","Riau","14.02","Kabupaten Indragiri Hulu","14.02.03","Kelayang","14.02.03.2031","Dusun Tua Pelang"
"14","Riau","14.02","Kabupaten Indragiri Hulu","14.02.04","Pasir Penyu","14.02.04.1007","Air Molek I"
"14","Riau","14.02","Kabupaten Indragiri Hulu","14.02.04","Pasir Penyu","14.02.04.1020","Kembang Harum"
"14","Riau","14.02","Kabupaten Indragiri Hulu","14.02.04","Pasir Penyu","14.02.04.1031","Tanjung Gading"
"14","Riau","14.02","Kabupaten Indragiri Hulu","14.02.04","Pasir Penyu","14.02.04.1032","Sekar Mawar"
"14","Riau","14.02","Kabupaten Indragiri Hulu","14.02.04","Pasir Penyu","14.02.04.1033","Tanah Merah"
"14","Riau","14.02","Kabupaten Indragiri Hulu","14.02.04","Pasir Penyu","14.02.04.2006","Petalongan"
"14","Riau","14.02","Kabupaten Indragiri Hulu","14.02.04","Pasir Penyu","14.02.04.2008","Air Molek II"
"14","Riau","14.02","Kabupaten Indragiri Hulu","14.02.04","Pasir Penyu","14.02.04.2009","Pasir Keranji"
"14","Riau","14.02","Kabupaten Indragiri Hulu","14.02.04","Pasir Penyu","14.02.04.2016","Jati Rejo"
"14","Riau","14.02","Kabupaten Indragiri Hulu","14.02.04","Pasir Penyu","14.02.04.2017","Batu Gajah"
"14","Riau","14.02","Kabupaten Indragiri Hulu","14.02.04","Pasir Penyu","14.02.04.2018","Candi Rejo"
"14","Riau","14.02","Kabupaten Indragiri Hulu","14.02.04","Pasir Penyu","14.02.04.2019","Lembah Dusun Gading"
"14","Riau","14.02","Kabupaten Indragiri Hulu","14.02.04","Pasir Penyu","14.02.04.2030","Serumpun Jaya"
"14","Riau","14.02","Kabupaten Indragiri Hulu","14.02.05","Peranap","14.02.05.1005","Peranap"
"14","Riau","14.02","Kabupaten Indragiri Hulu","14.02.05","Peranap","14.02.05.1008","Batu Rijal Hilir"
"14","Riau","14.02","Kabupaten Indragiri Hulu","14.02.05","Peranap","14.02.05.2003","Semelinang Tebing"
"14","Riau","14.02","Kabupaten Indragiri Hulu","14.02.05","Peranap","14.02.05.2004","Gumanti"
"14","Riau","14.02","Kabupaten Indragiri Hulu","14.02.05","Peranap","14.02.05.2007","Batu Rijal Hulu"
"14","Riau","14.02","Kabupaten Indragiri Hulu","14.02.05","Peranap","14.02.05.2009","Semelinang Darat"
"14","Riau","14.02","Kabupaten Indragiri Hulu","14.02.05","Peranap","14.02.05.2010","Pauh Ranap"
"14","Riau","14.02","Kabupaten Indragiri Hulu","14.02.05","Peranap","14.02.05.2012","Serai Wangi"
"14","Riau","14.02","Kabupaten Indragiri Hulu","14.02.05","Peranap","14.02.05.2013","Pandan Wangi"
"14","Riau","14.02","Kabupaten Indragiri Hulu","14.02.05","Peranap","14.02.05.2017","Katipo Pura"
"14","Riau","14.02","Kabupaten Indragiri Hulu","14.02.05","Peranap","14.02.05.2019","Batu Rijal Barat"
"14","Riau","14.02","Kabupaten Indragiri Hulu","14.02.05","Peranap","14.02.05.2020","Setako Raya"
"14","Riau","14.02","Kabupaten Indragiri Hulu","14.02.06","Seberida","14.02.06.1001","Pangkalan Kasai"
"14","Riau","14.02","Kabupaten Indragiri Hulu","14.02.06","Seberida","14.02.06.2002","Kelesa"
"14","Riau","14.02","Kabupaten Indragiri Hulu","14.02.06","Seberida","14.02.06.2003","Beligan"
"14","Riau","14.02","Kabupaten Indragiri Hulu","14.02.06","Seberida","14.02.06.2004","Seresam"
"14","Riau","14.02","Kabupaten Indragiri Hulu","14.02.06","Seberida","14.02.06.2005","Paya Rumbai"
"14","Riau","14.02","Kabupaten Indragiri Hulu","14.02.06","Seberida","14.02.06.2006","Bukit Meranti"
"14","Riau","14.02","Kabupaten Indragiri Hulu","14.02.06","Seberida","14.02.06.2007","Buluh Rampai"
"14","Riau","14.02","Kabupaten Indragiri Hulu","14.02.06","Seberida","14.02.06.2008","Titian Resak"
"14","Riau","14.02","Kabupaten Indragiri Hulu","14.02.06","Seberida","14.02.06.2009","Petala Bumi"
"14","Riau","14.02","Kabupaten Indragiri Hulu","14.02.06","Seberida","14.02.06.2010","Sibabat"
"14","Riau","14.02","Kabupaten Indragiri Hulu","14.02.06","Seberida","14.02.06.2011","Bandar Padang"
"14","Riau","14.02","Kabupaten Indragiri Hulu","14.02.07","Batang Cenaku","14.02.07.2002","Anak Talang"
"14","Riau","14.02","Kabupaten Indragiri Hulu","14.02.07","Batang Cenaku","14.02.07.2004","Bukit Lingkar"
"14","Riau","14.02","Kabupaten Indragiri Hulu","14.02.07","Batang Cenaku","14.02.07.2005","Bukit Lipai"
"14","Riau","14.02","Kabupaten Indragiri Hulu","14.02.07","Batang Cenaku","14.02.07.2006","Kuala Gading"
"14","Riau","14.02","Kabupaten Indragiri Hulu","14.02.07","Batang Cenaku","14.02.07.2007","Kuala Kilan"
"14","Riau","14.02","Kabupaten Indragiri Hulu","14.02.07","Batang Cenaku","14.02.07.2008","Kerubung Jaya"
"14","Riau","14.02","Kabupaten Indragiri Hulu","14.02.07","Batang Cenaku","14.02.07.2009","Pejangki"
"14","Riau","14.02","Kabupaten Indragiri Hulu","14.02.07","Batang Cenaku","14.02.07.2010","Pematang Manggis"
"14","Riau","14.02","Kabupaten Indragiri Hulu","14.02.07","Batang Cenaku","14.02.07.2011","Sipang"
"14","Riau","14.02","Kabupaten Indragiri Hulu","14.02.07","Batang Cenaku","14.02.07.2012","Talang Bersemi"
"14","Riau","14.02","Kabupaten Indragiri Hulu","14.02.07","Batang Cenaku","14.02.07.2013","Talang Mulya"
"14","Riau","14.02","Kabupaten Indragiri Hulu","14.02.07","Batang Cenaku","14.02.07.2014","Punti Anai"
"14","Riau","14.02","Kabupaten Indragiri Hulu","14.02.07","Batang Cenaku","14.02.07.2015","Petaling Jaya"
"14","Riau","14.02","Kabupaten Indragiri Hulu","14.02.07","Batang Cenaku","14.02.07.2017","Cenaku Kecil"
"14","Riau","14.02","Kabupaten Indragiri Hulu","14.02.07","Batang Cenaku","14.02.07.2018","Alim"
"14","Riau","14.02","Kabupaten Indragiri Hulu","14.02.07","Batang Cenaku","14.02.07.2019","Aur Cina"
"14","Riau","14.02","Kabupaten Indragiri Hulu","14.02.07","Batang Cenaku","14.02.07.2020","Lahai Kemuning"
"14","Riau","14.02","Kabupaten Indragiri Hulu","14.02.07","Batang Cenaku","14.02.07.2021","Kepayang Sari"
"14","Riau","14.02","Kabupaten Indragiri Hulu","14.02.07","Batang Cenaku","14.02.07.2022","Batu Papan"
"14","Riau","14.02","Kabupaten Indragiri Hulu","14.02.07","Batang Cenaku","14.02.07.2023","Sanglap"
"14","Riau","14.02","Kabupaten Indragiri Hulu","14.02.08","Batang Gansal","14.02.08.2001","Siambul"
"14","Riau","14.02","Kabupaten Indragiri Hulu","14.02.08","Batang Gansal","14.02.08.2002","Rantau Langsat"
"14","Riau","14.02","Kabupaten Indragiri Hulu","14.02.08","Batang Gansal","14.02.08.2003","Sungai Akar"
"14","Riau","14.02","Kabupaten Indragiri Hulu","14.02.08","Batang Gansal","14.02.08.2004","Usul"
"14","Riau","14.02","Kabupaten Indragiri Hulu","14.02.08","Batang Gansal","14.02.08.2005","Seberida"
"14","Riau","14.02","Kabupaten Indragiri Hulu","14.02.08","Batang Gansal","14.02.08.2006","Talang Lakat"
"14","Riau","14.02","Kabupaten Indragiri Hulu","14.02.08","Batang Gansal","14.02.08.2007","Belimbing"
"14","Riau","14.02","Kabupaten Indragiri Hulu","14.02.08","Batang Gansal","14.02.08.2008","Ringin"
"14","Riau","14.02","Kabupaten Indragiri Hulu","14.02.08","Batang Gansal","14.02.08.2010","Penyaguan"
"14","Riau","14.02","Kabupaten Indragiri Hulu","14.02.08","Batang Gansal","14.02.08.2011","Danau Rambai"
"14","Riau","14.02","Kabupaten Indragiri Hulu","14.02.09","Lirik","14.02.09.2001","Japura"
"14","Riau","14.02","Kabupaten Indragiri Hulu","14.02.09","Lirik","14.02.09.2002","Sidomulyo"
"14","Riau","14.02","Kabupaten Indragiri Hulu","14.02.09","Lirik","14.02.09.2003","Pasir Ringgit"
"14","Riau","14.02","Kabupaten Indragiri Hulu","14.02.09","Lirik","14.02.09.2004","Gudang Batu"
"14","Riau","14.02","Kabupaten Indragiri Hulu","14.02.09","Lirik","14.02.09.2005","Sungai Sagu"
"14","Riau","14.02","Kabupaten Indragiri Hulu","14.02.09","Lirik","14.02.09.2006","Lirik Area"
"14","Riau","14.02","Kabupaten Indragiri Hulu","14.02.09","Lirik","14.02.09.2007","Rejosari"
"14","Riau","14.02","Kabupaten Indragiri Hulu","14.02.09","Lirik","14.02.09.2008","Lambang Sari V"
"14","Riau","14.02","Kabupaten Indragiri Hulu","14.02.09","Lirik","14.02.09.2009","Lambang Sari IV"
"14","Riau","14.02","Kabupaten Indragiri Hulu","14.02.09","Lirik","14.02.09.2010","Lambang Sari I, II, III"
"14","Riau","14.02","Kabupaten Indragiri Hulu","14.02.09","Lirik","14.02.09.2011","Wonosari"
"14","Riau","14.02","Kabupaten Indragiri Hulu","14.02.09","Lirik","14.02.09.2012","Seko Lubuk Tigo"
"14","Riau","14.02","Kabupaten Indragiri Hulu","14.02.09","Lirik","14.02.09.2013","Banjar Balam"
"14","Riau","14.02","Kabupaten Indragiri Hulu","14.02.09","Lirik","14.02.09.2014","Redang Seko"
"14","Riau","14.02","Kabupaten Indragiri Hulu","14.02.09","Lirik","14.02.09.2015","Sukajadi"
"14","Riau","14.02","Kabupaten Indragiri Hulu","14.02.09","Lirik","14.02.09.2016","Mekar Sari"
"14","Riau","14.02","Kabupaten Indragiri Hulu","14.02.09","Lirik","14.02.09.2017","Pasir Sialang Jaya"
"14","Riau","14.02","Kabupaten Indragiri Hulu","14.02.10","Kuala Cenaku","14.02.10.2001","Tambak"
"14","Riau","14.02","Kabupaten Indragiri Hulu","14.02.10","Kuala Cenaku","14.02.10.2002","Kuala Cenaku"
"14","Riau","14.02","Kabupaten Indragiri Hulu","14.02.10","Kuala Cenaku","14.02.10.2003","Pulau Gelang"
"14","Riau","14.02","Kabupaten Indragiri Hulu","14.02.10","Kuala Cenaku","14.02.10.2004","Kuala Mulya"
"14","Riau","14.02","Kabupaten Indragiri Hulu","14.02.10","Kuala Cenaku","14.02.10.2005","Tanjung Sari"
"14","Riau","14.02","Kabupaten Indragiri Hulu","14.02.10","Kuala Cenaku","14.02.10.2006","Rawa Sekip"
"14","Riau","14.02","Kabupaten Indragiri Hulu","14.02.10","Kuala Cenaku","14.02.10.2007","Rawa Asri"
"14","Riau","14.02","Kabupaten Indragiri Hulu","14.02.10","Kuala Cenaku","14.02.10.2008","Suka Jadi"
"14","Riau","14.02","Kabupaten Indragiri Hulu","14.02.10","Kuala Cenaku","14.02.10.2009","Teluk Sungkai"
"14","Riau","14.02","Kabupaten Indragiri Hulu","14.02.10","Kuala Cenaku","14.02.10.2010","Pulau Jum'at"
"14","Riau","14.02","Kabupaten Indragiri Hulu","14.02.11","Sungai Lala","14.02.11.2001","Morong"
"14","Riau","14.02","Kabupaten Indragiri Hulu","14.02.11","Sungai Lala","14.02.11.2002","Pasir Bongkal"
"14","Riau","14.02","Kabupaten Indragiri Hulu","14.02.11","Sungai Lala","14.02.11.2003","Pasir Selabau"
"14","Riau","14.02","Kabupaten Indragiri Hulu","14.02.11","Sungai Lala","14.02.11.2004","Pasir Batu Mandi"
"14","Riau","14.02","Kabupaten Indragiri Hulu","14.02.11","Sungai Lala","14.02.11.2005","Pasir Kelampaian"
"14","Riau","14.02","Kabupaten Indragiri Hulu","14.02.11","Sungai Lala","14.02.11.2006","Kuala Lala"
"14","Riau","14.02","Kabupaten Indragiri Hulu","14.02.11","Sungai Lala","14.02.11.2007","Sungai Lala"
"14","Riau","14.02","Kabupaten Indragiri Hulu","14.02.11","Sungai Lala","14.02.11.2008","Kelawat"
"14","Riau","14.02","Kabupaten Indragiri Hulu","14.02.11","Sungai Lala","14.02.11.2009","Perkebunan Sungai Parit"
"14","Riau","14.02","Kabupaten Indragiri Hulu","14.02.11","Sungai Lala","14.02.11.2010","Perkebunan Sungai Lala"
"14","Riau","14.02","Kabupaten Indragiri Hulu","14.02.11","Sungai Lala","14.02.11.2011","Tanjung Danau"
"14","Riau","14.02","Kabupaten Indragiri Hulu","14.02.11","Sungai Lala","14.02.11.2012","Sungai Air Putih"
"14","Riau","14.02","Kabupaten Indragiri Hulu","14.02.12","Lubuk Batu Jaya","14.02.12.2001","Rimpian"
"14","Riau","14.02","Kabupaten Indragiri Hulu","14.02.12","Lubuk Batu Jaya","14.02.12.2002","Pondok Gelugur"
"14","Riau","14.02","Kabupaten Indragiri Hulu","14.02.12","Lubuk Batu Jaya","14.02.12.2003","Lubuk Batu Tinggal"
"14","Riau","14.02","Kabupaten Indragiri Hulu","14.02.12","Lubuk Batu Jaya","14.02.12.2004","Sungai Beras Hilir"
"14","Riau","14.02","Kabupaten Indragiri Hulu","14.02.12","Lubuk Batu Jaya","14.02.12.2005","Kulim Jaya"
"14","Riau","14.02","Kabupaten Indragiri Hulu","14.02.12","Lubuk Batu Jaya","14.02.12.2006","Sungai Beras Beras"
"14","Riau","14.02","Kabupaten Indragiri Hulu","14.02.12","Lubuk Batu Jaya","14.02.12.2007","Tasik Juang"
"14","Riau","14.02","Kabupaten Indragiri Hulu","14.02.12","Lubuk Batu Jaya","14.02.12.2008","Pontian Mekar"
"14","Riau","14.02","Kabupaten Indragiri Hulu","14.02.12","Lubuk Batu Jaya","14.02.12.2009","Air Putih"
"14","Riau","14.02","Kabupaten Indragiri Hulu","14.02.13","Rakit Kulim","14.02.13.2001","Talang Tujuh Buah Tangga"
"14","Riau","14.02","Kabupaten Indragiri Hulu","14.02.13","Rakit Kulim","14.02.13.2002","Talang Durian Cacar"
"14","Riau","14.02","Kabupaten Indragiri Hulu","14.02.13","Rakit Kulim","14.02.13.2003","Talang Selantai"
"14","Riau","14.02","Kabupaten Indragiri Hulu","14.02.13","Rakit Kulim","14.02.13.2004","Talang Perigi"
"14","Riau","14.02","Kabupaten Indragiri Hulu","14.02.13","Rakit Kulim","14.02.13.2005","Kuantan Tenang"
"14","Riau","14.02","Kabupaten Indragiri Hulu","14.02.13","Rakit Kulim","14.02.13.2006","Kota Baru"
"14","Riau","14.02","Kabupaten Indragiri Hulu","14.02.13","Rakit Kulim","14.02.13.2007","Rimba Seminai"
"14","Riau","14.02","Kabupaten Indragiri Hulu","14.02.13","Rakit Kulim","14.02.13.2008","Kelayang"
"14","Riau","14.02","Kabupaten Indragiri Hulu","14.02.13","Rakit Kulim","14.02.13.2009","Talang Gedabu"
"14","Riau","14.02","Kabupaten Indragiri Hulu","14.02.13","Rakit Kulim","14.02.13.2010","Talang Sungai Limau"
"14","Riau","14.02","Kabupaten Indragiri Hulu","14.02.13","Rakit Kulim","14.02.13.2011","Talang Sungai Parit"
"14","Riau","14.02","Kabupaten Indragiri Hulu","14.02.13","Rakit Kulim","14.02.13.2012","Batu Sawar"
"14","Riau","14.02","Kabupaten Indragiri Hulu","14.02.13","Rakit Kulim","14.02.13.2013","Petonggan"
"14","Riau","14.02","Kabupaten Indragiri Hulu","14.02.13","Rakit Kulim","14.02.13.2014","Lubuk Sitarak"
"14","Riau","14.02","Kabupaten Indragiri Hulu","14.02.13","Rakit Kulim","14.02.13.2015","Bukit Indah"
"14","Riau","14.02","Kabupaten Indragiri Hulu","14.02.13","Rakit Kulim","14.02.13.2016","Sungai Ekok"
"14","Riau","14.02","Kabupaten Indragiri Hulu","14.02.13","Rakit Kulim","14.02.13.2017","Talang Suka Maju"
"14","Riau","14.02","Kabupaten Indragiri Hulu","14.02.13","Rakit Kulim","14.02.13.2018","Kampung Bunga"
"14","Riau","14.02","Kabupaten Indragiri Hulu","14.02.13","Rakit Kulim","14.02.13.2019","Talang Pring Jaya"
"14","Riau","14.02","Kabupaten Indragiri Hulu","14.02.14","Batang Peranap","14.02.14.2001","Pesajian"
"14","Riau","14.02","Kabupaten Indragiri Hulu","14.02.14","Batang Peranap","14.02.14.2002","Punti Kayu"
"14","Riau","14.02","Kabupaten Indragiri Hulu","14.02.14","Batang Peranap","14.02.14.2003","Pematang"
"14","Riau","14.02","Kabupaten Indragiri Hulu","14.02.14","Batang Peranap","14.02.14.2004","Selunak"
"14","Riau","14.02","Kabupaten Indragiri Hulu","14.02.14","Batang Peranap","14.02.14.2005","Suka Maju"
"14","Riau","14.02","Kabupaten Indragiri Hulu","14.02.14","Batang Peranap","14.02.14.2006","Pematang Benteng"
"14","Riau","14.02","Kabupaten Indragiri Hulu","14.02.14","Batang Peranap","14.02.14.2007","Sencano Jaya"
"14","Riau","14.02","Kabupaten Indragiri Hulu","14.02.14","Batang Peranap","14.02.14.2008","Sungai Aur"
"14","Riau","14.02","Kabupaten Indragiri Hulu","14.02.14","Batang Peranap","14.02.14.2009","Peladangan"
"14","Riau","14.02","Kabupaten Indragiri Hulu","14.02.14","Batang Peranap","14.02.14.2010","Koto Tuo"
"14","Riau","14.03","Kabupaten Bengkalis","14.03.01","Bengkalis","14.03.01.1001","Bengkalis Kota"
"14","Riau","14.03","Kabupaten Bengkalis","14.03.01","Bengkalis","14.03.01.1002","Damon"
"14","Riau","14.03","Kabupaten Bengkalis","14.03.01","Bengkalis","14.03.01.1003","Rimba Sekampung"
"14","Riau","14.03","Kabupaten Bengkalis","14.03.01","Bengkalis","14.03.01.2004","Kelapapati"
"14","Riau","14.03","Kabupaten Bengkalis","14.03.01","Bengkalis","14.03.01.2005","Pedekik"
"14","Riau","14.03","Kabupaten Bengkalis","14.03.01","Bengkalis","14.03.01.2006","Pangkalan Batang"
"14","Riau","14.03","Kabupaten Bengkalis","14.03.01","Bengkalis","14.03.01.2007","Sebauk"
"14","Riau","14.03","Kabupaten Bengkalis","14.03.01","Bengkalis","14.03.01.2008","Teluk Latak"
"14","Riau","14.03","Kabupaten Bengkalis","14.03.01","Bengkalis","14.03.01.2009","Meskom"
"14","Riau","14.03","Kabupaten Bengkalis","14.03.01","Bengkalis","14.03.01.2010","Senggoro"
"14","Riau","14.03","Kabupaten Bengkalis","14.03.01","Bengkalis","14.03.01.2011","Air Putih"
"14","Riau","14.03","Kabupaten Bengkalis","14.03.01","Bengkalis","14.03.01.2012","Sungai Alam"
"14","Riau","14.03","Kabupaten Bengkalis","14.03.01","Bengkalis","14.03.01.2013","Penampi"
"14","Riau","14.03","Kabupaten Bengkalis","14.03.01","Bengkalis","14.03.01.2014","Temeran"
"14","Riau","14.03","Kabupaten Bengkalis","14.03.01","Bengkalis","14.03.01.2015","Penebal"
"14","Riau","14.03","Kabupaten Bengkalis","14.03.01","Bengkalis","14.03.01.2016","Pematang Duku"
"14","Riau","14.03","Kabupaten Bengkalis","14.03.01","Bengkalis","14.03.01.2017","Ketam Putih"
"14","Riau","14.03","Kabupaten Bengkalis","14.03.01","Bengkalis","14.03.01.2018","Kelemantan"
"14","Riau","14.03","Kabupaten Bengkalis","14.03.01","Bengkalis","14.03.01.2019","Sekodi"
"14","Riau","14.03","Kabupaten Bengkalis","14.03.01","Bengkalis","14.03.01.2020","Wonosari"
"14","Riau","14.03","Kabupaten Bengkalis","14.03.01","Bengkalis","14.03.01.2021","Kuala Alam"
"14","Riau","14.03","Kabupaten Bengkalis","14.03.01","Bengkalis","14.03.01.2022","Kelebuk"
"14","Riau","14.03","Kabupaten Bengkalis","14.03.01","Bengkalis","14.03.01.2023","Palkun"
"14","Riau","14.03","Kabupaten Bengkalis","14.03.01","Bengkalis","14.03.01.2024","Sungai Batang"
"14","Riau","14.03","Kabupaten Bengkalis","14.03.01","Bengkalis","14.03.01.2025","Prapat Tunggal"
"14","Riau","14.03","Kabupaten Bengkalis","14.03.01","Bengkalis","14.03.01.2026","Simpang Ayam"
"14","Riau","14.03","Kabupaten Bengkalis","14.03.01","Bengkalis","14.03.01.2027","Senderak"
"14","Riau","14.03","Kabupaten Bengkalis","14.03.01","Bengkalis","14.03.01.2028","Kelemantan Barat"
"14","Riau","14.03","Kabupaten Bengkalis","14.03.01","Bengkalis","14.03.01.2029","Damai"
"14","Riau","14.03","Kabupaten Bengkalis","14.03.01","Bengkalis","14.03.01.2030","Pangkalan Batang Barat"
"14","Riau","14.03","Kabupaten Bengkalis","14.03.01","Bengkalis","14.03.01.2031","Pematang Duku Timur"
"14","Riau","14.03","Kabupaten Bengkalis","14.03.02","Bantan","14.03.02.2001","Bantan Tengah"
"14","Riau","14.03","Kabupaten Bengkalis","14.03.02","Bantan","14.03.02.2002","Bantan Air"
"14","Riau","14.03","Kabupaten Bengkalis","14.03.02","Bantan","14.03.02.2003","Bantan Tua"
"14","Riau","14.03","Kabupaten Bengkalis","14.03.02","Bantan","14.03.02.2004","Teluk Pambang"
"14","Riau","14.03","Kabupaten Bengkalis","14.03.02","Bantan","14.03.02.2005","Selat Baru"
"14","Riau","14.03","Kabupaten Bengkalis","14.03.02","Bantan","14.03.02.2006","Teluk Lancar"
"14","Riau","14.03","Kabupaten Bengkalis","14.03.02","Bantan","14.03.02.2007","Kembung Luar"
"14","Riau","14.03","Kabupaten Bengkalis","14.03.02","Bantan","14.03.02.2008","Jangkang"
"14","Riau","14.03","Kabupaten Bengkalis","14.03.02","Bantan","14.03.02.2009","Muntai"
"14","Riau","14.03","Kabupaten Bengkalis","14.03.02","Bantan","14.03.02.2010","Resam Lapis"
"14","Riau","14.03","Kabupaten Bengkalis","14.03.02","Bantan","14.03.02.2011","Berancah"
"14","Riau","14.03","Kabupaten Bengkalis","14.03.02","Bantan","14.03.02.2012","Ulu Pulau"
"14","Riau","14.03","Kabupaten Bengkalis","14.03.02","Bantan","14.03.02.2013","Mentayan"
"14","Riau","14.03","Kabupaten Bengkalis","14.03.02","Bantan","14.03.02.2014","Pambang Pesisir"
"14","Riau","14.03","Kabupaten Bengkalis","14.03.02","Bantan","14.03.02.2015","Sukamaju"
"14","Riau","14.03","Kabupaten Bengkalis","14.03.02","Bantan","14.03.02.2016","Pambang Baru"
"14","Riau","14.03","Kabupaten Bengkalis","14.03.02","Bantan","14.03.02.2017","Kembung Baru"
"14","Riau","14.03","Kabupaten Bengkalis","14.03.02","Bantan","14.03.02.2018","Pasiran"
"14","Riau","14.03","Kabupaten Bengkalis","14.03.02","Bantan","14.03.02.2019","Bantan Sari"
"14","Riau","14.03","Kabupaten Bengkalis","14.03.02","Bantan","14.03.02.2020","Bantan Timur"
"14","Riau","14.03","Kabupaten Bengkalis","14.03.02","Bantan","14.03.02.2021","Teluk Papal"
"14","Riau","14.03","Kabupaten Bengkalis","14.03.02","Bantan","14.03.02.2022","Muntai Barat"
"14","Riau","14.03","Kabupaten Bengkalis","14.03.02","Bantan","14.03.02.2023","Deluk"
"14","Riau","14.03","Kabupaten Bengkalis","14.03.03","Bukit Batu","14.03.03.1010","Sungai Pakning"
"14","Riau","14.03","Kabupaten Bengkalis","14.03.03","Bukit Batu","14.03.03.2001","Sejangat"
"14","Riau","14.03","Kabupaten Bengkalis","14.03.03","Bukit Batu","14.03.03.2002","Dompas"
"14","Riau","14.03","Kabupaten Bengkalis","14.03.03","Bukit Batu","14.03.03.2003","Pangkalan Jambi"
"14","Riau","14.03","Kabupaten Bengkalis","14.03.03","Bukit Batu","14.03.03.2004","Sungai Selari"
"14","Riau","14.03","Kabupaten Bengkalis","14.03.03","Bukit Batu","14.03.03.2005","Buruk Bakul"
"14","Riau","14.03","Kabupaten Bengkalis","14.03.03","Bukit Batu","14.03.03.2006","Bukit Batu"
"14","Riau","14.03","Kabupaten Bengkalis","14.03.03","Bukit Batu","14.03.03.2007","Sukajadi"
"14","Riau","14.03","Kabupaten Bengkalis","14.03.03","Bukit Batu","14.03.03.2016","Batang Duku"
"14","Riau","14.03","Kabupaten Bengkalis","14.03.03","Bukit Batu","14.03.03.2017","Pakning Asal"
"14","Riau","14.03","Kabupaten Bengkalis","14.03.09","Mandau","14.03.09.1001","Air Jamban"
"14","Riau","14.03","Kabupaten Bengkalis","14.03.09","Mandau","14.03.09.1002","Babussalam"
"14","Riau","14.03","Kabupaten Bengkalis","14.03.09","Mandau","14.03.09.1003","Batang Serosa"
"14","Riau","14.03","Kabupaten Bengkalis","14.03.09","Mandau","14.03.09.1004","Balik Alam"
"14","Riau","14.03","Kabupaten Bengkalis","14.03.09","Mandau","14.03.09.1006","Duri Barat"
"14","Riau","14.03","Kabupaten Bengkalis","14.03.09","Mandau","14.03.09.1007","Duri Timur"
"14","Riau","14.03","Kabupaten Bengkalis","14.03.09","Mandau","14.03.09.1008","Gajah Sakti"
"14","Riau","14.03","Kabupaten Bengkalis","14.03.09","Mandau","14.03.09.1009","Talang Mandi"
"14","Riau","14.03","Kabupaten Bengkalis","14.03.09","Mandau","14.03.09.1010","Pematang Pudu"
"14","Riau","14.03","Kabupaten Bengkalis","14.03.09","Mandau","14.03.09.2011","Harapan Baru"
"14","Riau","14.03","Kabupaten Bengkalis","14.03.09","Mandau","14.03.09.2021","Bathin Betuah"
"14","Riau","14.03","Kabupaten Bengkalis","14.03.10","Rupat","14.03.10.1001","Batu Panjang"
"14","Riau","14.03","Kabupaten Bengkalis","14.03.10","Rupat","14.03.10.1002","Pergam"
"14","Riau","14.03","Kabupaten Bengkalis","14.03.10","Rupat","14.03.10.1003","Terkul"
"14","Riau","14.03","Kabupaten Bengkalis","14.03.10","Rupat","14.03.10.1004","Tanjung Kapal"
"14","Riau","14.03","Kabupaten Bengkalis","14.03.10","Rupat","14.03.10.2005","Sungai Cingam"
"14","Riau","14.03","Kabupaten Bengkalis","14.03.10","Rupat","14.03.10.2006","Teluk Lecah"
"14","Riau","14.03","Kabupaten Bengkalis","14.03.10","Rupat","14.03.10.2007","Makeruh"
"14","Riau","14.03","Kabupaten Bengkalis","14.03.10","Rupat","14.03.10.2008","Hutan Panjang"
"14","Riau","14.03","Kabupaten Bengkalis","14.03.10","Rupat","14.03.10.2009","Pangkalan Nyirih"
"14","Riau","14.03","Kabupaten Bengkalis","14.03.10","Rupat","14.03.10.2010","Sukarjo Mesim"
"14","Riau","14.03","Kabupaten Bengkalis","14.03.10","Rupat","14.03.10.2011","Darul Aman"
"14","Riau","14.03","Kabupaten Bengkalis","14.03.10","Rupat","14.03.10.2012","Parit Kebumen"
"14","Riau","14.03","Kabupaten Bengkalis","14.03.10","Rupat","14.03.10.2013","Sri Tanjung"
"14","Riau","14.03","Kabupaten Bengkalis","14.03.10","Rupat","14.03.10.2014","Pancur Jaya"
"14","Riau","14.03","Kabupaten Bengkalis","14.03.10","Rupat","14.03.10.2015","Pangkalan Pinang"
"14","Riau","14.03","Kabupaten Bengkalis","14.03.10","Rupat","14.03.10.2016","Dungun Baru"
"14","Riau","14.03","Kabupaten Bengkalis","14.03.11","Rupat Utara","14.03.11.2001","Tanjung Medang"
"14","Riau","14.03","Kabupaten Bengkalis","14.03.11","Rupat Utara","14.03.11.2002","Teluk Rhu"
"14","Riau","14.03","Kabupaten Bengkalis","14.03.11","Rupat Utara","14.03.11.2003","Tanjung Punak"
"14","Riau","14.03","Kabupaten Bengkalis","14.03.11","Rupat Utara","14.03.11.2004","Kadur"
"14","Riau","14.03","Kabupaten Bengkalis","14.03.11","Rupat Utara","14.03.11.2005","Titi Akar"
"14","Riau","14.03","Kabupaten Bengkalis","14.03.11","Rupat Utara","14.03.11.2006","Hutan Ayu"
"14","Riau","14.03","Kabupaten Bengkalis","14.03.11","Rupat Utara","14.03.11.2007","Suka Damai"
"14","Riau","14.03","Kabupaten Bengkalis","14.03.11","Rupat Utara","14.03.11.2008","Puteri Sembilan"
"14","Riau","14.03","Kabupaten Bengkalis","14.03.12","Siak Kecil","14.03.12.2001","Lubuk Muda"
"14","Riau","14.03","Kabupaten Bengkalis","14.03.12","Siak Kecil","14.03.12.2002","Tanjung Belit"
"14","Riau","14.03","Kabupaten Bengkalis","14.03.12","Siak Kecil","14.03.12.2003","Sungai Siput"
"14","Riau","14.03","Kabupaten Bengkalis","14.03.12","Siak Kecil","14.03.12.2004","Sepotong"
"14","Riau","14.03","Kabupaten Bengkalis","14.03.12","Siak Kecil","14.03.12.2005","Lubuk Gaung"
"14","Riau","14.03","Kabupaten Bengkalis","14.03.12","Siak Kecil","14.03.12.2006","Langkat"
"14","Riau","14.03","Kabupaten Bengkalis","14.03.12","Siak Kecil","14.03.12.2007","Sadar Jaya"
"14","Riau","14.03","Kabupaten Bengkalis","14.03.12","Siak Kecil","14.03.12.2008","Sungai Linau"
"14","Riau","14.03","Kabupaten Bengkalis","14.03.12","Siak Kecil","14.03.12.2009","Bandar Jaya"
"14","Riau","14.03","Kabupaten Bengkalis","14.03.12","Siak Kecil","14.03.12.2010","Muara Dua"
"14","Riau","14.03","Kabupaten Bengkalis","14.03.12","Siak Kecil","14.03.12.2011","Tanjung Damai"
"14","Riau","14.03","Kabupaten Bengkalis","14.03.12","Siak Kecil","14.03.12.2012","Sumber Jaya"
"14","Riau","14.03","Kabupaten Bengkalis","14.03.12","Siak Kecil","14.03.12.2013","Lubuk Garam"
"14","Riau","14.03","Kabupaten Bengkalis","14.03.12","Siak Kecil","14.03.12.2014","Liang Banir"
"14","Riau","14.03","Kabupaten Bengkalis","14.03.12","Siak Kecil","14.03.12.2015","Tanjung Datuk"
"14","Riau","14.03","Kabupaten Bengkalis","14.03.12","Siak Kecil","14.03.12.2016","Koto Raja"
"14","Riau","14.03","Kabupaten Bengkalis","14.03.12","Siak Kecil","14.03.12.2017","Sungai Nibung"
"14","Riau","14.03","Kabupaten Bengkalis","14.03.13","Pinggir","14.03.13.1001","Titian Antui"
"14","Riau","14.03","Kabupaten Bengkalis","14.03.13","Pinggir","14.03.13.1012","Balai Raja"
"14","Riau","14.03","Kabupaten Bengkalis","14.03.13","Pinggir","14.03.13.2003","Balai Pungut"
"14","Riau","14.03","Kabupaten Bengkalis","14.03.13","Pinggir","14.03.13.2005","Muara Basung"
"14","Riau","14.03","Kabupaten Bengkalis","14.03.13","Pinggir","14.03.13.2007","Pinggir"
"14","Riau","14.03","Kabupaten Bengkalis","14.03.13","Pinggir","14.03.13.2008","Semunai"
"14","Riau","14.03","Kabupaten Bengkalis","14.03.13","Pinggir","14.03.13.2011","Tengganau"
"14","Riau","14.03","Kabupaten Bengkalis","14.03.13","Pinggir","14.03.13.2014","Sungai Meranti"
"14","Riau","14.03","Kabupaten Bengkalis","14.03.13","Pinggir","14.03.13.2015","Pangkalan Libut"
"14","Riau","14.03","Kabupaten Bengkalis","14.03.13","Pinggir","14.03.13.2016","Buluh Apo"
"14","Riau","14.03","Kabupaten Bengkalis","14.03.14","Bandar Laksamana","14.03.14.2001","Parit I Api-Api"
"14","Riau","14.03","Kabupaten Bengkalis","14.03.14","Bandar Laksamana","14.03.14.2002","Temiang"
"14","Riau","14.03","Kabupaten Bengkalis","14.03.14","Bandar Laksamana","14.03.14.2003","Api-Api"
"14","Riau","14.03","Kabupaten Bengkalis","14.03.14","Bandar Laksamana","14.03.14.2004","Tenggayun"
"14","Riau","14.03","Kabupaten Bengkalis","14.03.14","Bandar Laksamana","14.03.14.2005","Sepahat"
"14","Riau","14.03","Kabupaten Bengkalis","14.03.14","Bandar Laksamana","14.03.14.2006","Bukit Kerikil"
"14","Riau","14.03","Kabupaten Bengkalis","14.03.14","Bandar Laksamana","14.03.14.2007","Tanjung Leban"
"14","Riau","14.03","Kabupaten Bengkalis","14.03.15","Talang Muandau","14.03.15.2001","Tasik Serai"
"14","Riau","14.03","Kabupaten Bengkalis","14.03.15","Talang Muandau","14.03.15.2002","Tasik Serai Barat"
"14","Riau","14.03","Kabupaten Bengkalis","14.03.15","Talang Muandau","14.03.15.2003","Kualo Penaso"
"14","Riau","14.03","Kabupaten Bengkalis","14.03.15","Talang Muandau","14.03.15.2004","Beringin"
"14","Riau","14.03","Kabupaten Bengkalis","14.03.15","Talang Muandau","14.03.15.2005","Koto Pait Beringin"
"14","Riau","14.03","Kabupaten Bengkalis","14.03.15","Talang Muandau","14.03.15.2006","Melibur"
"14","Riau","14.03","Kabupaten Bengkalis","14.03.15","Talang Muandau","14.03.15.2007","Tasik Serai Timur"
"14","Riau","14.03","Kabupaten Bengkalis","14.03.15","Talang Muandau","14.03.15.2008","Tasik Tebing Serai"
"14","Riau","14.03","Kabupaten Bengkalis","14.03.15","Talang Muandau","14.03.15.2009","Serai Wangi"
"14","Riau","14.03","Kabupaten Bengkalis","14.03.16","Bathin Solapan","14.03.16.2001","Petani"
"14","Riau","14.03","Kabupaten Bengkalis","14.03.16","Bathin Solapan","14.03.16.2002","Air Kulim"
"14","Riau","14.03","Kabupaten Bengkalis","14.03.16","Bathin Solapan","14.03.16.2003","Buluh Manis"
"14","Riau","14.03","Kabupaten Bengkalis","14.03.16","Bathin Solapan","14.03.16.2004","Bumbung"
"14","Riau","14.03","Kabupaten Bengkalis","14.03.16","Bathin Solapan","14.03.16.2005","Pamesi"
"14","Riau","14.03","Kabupaten Bengkalis","14.03.16","Bathin Solapan","14.03.16.2006","Kesumbo Ampai"
"14","Riau","14.03","Kabupaten Bengkalis","14.03.16","Bathin Solapan","14.03.16.2007","Bathin Sobanga"
"14","Riau","14.03","Kabupaten Bengkalis","14.03.16","Bathin Solapan","14.03.16.2008","Sebangar"
"14","Riau","14.03","Kabupaten Bengkalis","14.03.16","Bathin Solapan","14.03.16.2009","Boncah Mahang"
"14","Riau","14.03","Kabupaten Bengkalis","14.03.16","Bathin Solapan","14.03.16.2010","Balai Makam"
"14","Riau","14.03","Kabupaten Bengkalis","14.03.16","Bathin Solapan","14.03.16.2011","Tambusai Batang Dui"
"14","Riau","14.03","Kabupaten Bengkalis","14.03.16","Bathin Solapan","14.03.16.2012","Simpang Padang"
"14","Riau","14.03","Kabupaten Bengkalis","14.03.16","Bathin Solapan","14.03.16.2013","Pematang Obo"
"14","Riau","14.04","Kabupaten Indragiri Hilir","14.04.01","Reteh","14.04.01.1001","Pulaukijang"
"14","Riau","14.04","Kabupaten Indragiri Hilir","14.04.01","Reteh","14.04.01.1017","Metro"
"14","Riau","14.04","Kabupaten Indragiri Hilir","14.04.01","Reteh","14.04.01.1018","Madani"
"14","Riau","14.04","Kabupaten Indragiri Hilir","14.04.01","Reteh","14.04.01.2002","Sanglar"
"14","Riau","14.04","Kabupaten Indragiri Hilir","14.04.01","Reteh","14.04.01.2003","Pulaukecil"
"14","Riau","14.04","Kabupaten Indragiri Hilir","14.04.01","Reteh","14.04.01.2004","Sungaiterap"
"14","Riau","14.04","Kabupaten Indragiri Hilir","14.04.01","Reteh","14.04.01.2009","Sungaiundan"
"14","Riau","14.04","Kabupaten Indragiri Hilir","14.04.01","Reteh","14.04.01.2010","Seberang Sanglar"
"14","Riau","14.04","Kabupaten Indragiri Hilir","14.04.01","Reteh","14.04.01.2011","Mekar Sari"
"14","Riau","14.04","Kabupaten Indragiri Hilir","14.04.01","Reteh","14.04.01.2012","Seberang Pulau Kijang"
"14","Riau","14.04","Kabupaten Indragiri Hilir","14.04.01","Reteh","14.04.01.2013","Sungaiasam"
"14","Riau","14.04","Kabupaten Indragiri Hilir","14.04.01","Reteh","14.04.01.2014","Pulauruku"
"14","Riau","14.04","Kabupaten Indragiri Hilir","14.04.01","Reteh","14.04.01.2019","Tanjunglabuh"
"14","Riau","14.04","Kabupaten Indragiri Hilir","14.04.01","Reteh","14.04.01.2020","Sungaimahang"
"14","Riau","14.04","Kabupaten Indragiri Hilir","14.04.02","Enok","14.04.02.1001","Enok"
"14","Riau","14.04","Kabupaten Indragiri Hilir","14.04.02","Enok","14.04.02.1002","Pusaran"
"14","Riau","14.04","Kabupaten Indragiri Hilir","14.04.02","Enok","14.04.02.1003","Telukmedan"
"14","Riau","14.04","Kabupaten Indragiri Hilir","14.04.02","Enok","14.04.02.1013","Pantaiseberang Makmur"
"14","Riau","14.04","Kabupaten Indragiri Hilir","14.04.02","Enok","14.04.02.2004","Pengalihan"
"14","Riau","14.04","Kabupaten Indragiri Hilir","14.04.02","Enok","14.04.02.2005","Sungaiambat"
"14","Riau","14.04","Kabupaten Indragiri Hilir","14.04.02","Enok","14.04.02.2006","Simpang Tiga"
"14","Riau","14.04","Kabupaten Indragiri Hilir","14.04.02","Enok","14.04.02.2007","Rantau Panjang"
"14","Riau","14.04","Kabupaten Indragiri Hilir","14.04.02","Enok","14.04.02.2008","Sungairukam"
"14","Riau","14.04","Kabupaten Indragiri Hilir","14.04.02","Enok","14.04.02.2009","Bagan Jaya"
"14","Riau","14.04","Kabupaten Indragiri Hilir","14.04.02","Enok","14.04.02.2010","Suhada"
"14","Riau","14.04","Kabupaten Indragiri Hilir","14.04.02","Enok","14.04.02.2011","Jaya Bhakti"
"14","Riau","14.04","Kabupaten Indragiri Hilir","14.04.02","Enok","14.04.02.2012","Sungailokan"
"14","Riau","14.04","Kabupaten Indragiri Hilir","14.04.02","Enok","14.04.02.2014","Simpang Tiga Daratan"
"14","Riau","14.04","Kabupaten Indragiri Hilir","14.04.03","Kuala Indragiri","14.04.03.1007","Sapat"
"14","Riau","14.04","Kabupaten Indragiri Hilir","14.04.03","Kuala Indragiri","14.04.03.2001","Sungaibuluh"
"14","Riau","14.04","Kabupaten Indragiri Hilir","14.04.03","Kuala Indragiri","14.04.03.2002","Tanjunglajau"
"14","Riau","14.04","Kabupaten Indragiri Hilir","14.04.03","Kuala Indragiri","14.04.03.2003","Sungaibela"
"14","Riau","14.04","Kabupaten Indragiri Hilir","14.04.03","Kuala Indragiri","14.04.03.2006","Telukdalam"
"14","Riau","14.04","Kabupaten Indragiri Hilir","14.04.03","Kuala Indragiri","14.04.03.2008","Sungaipiyai"
"14","Riau","14.04","Kabupaten Indragiri Hilir","14.04.03","Kuala Indragiri","14.04.03.2009","Perigi Raja"
"14","Riau","14.04","Kabupaten Indragiri Hilir","14.04.03","Kuala Indragiri","14.04.03.2010","Tanjungmelayu"
"14","Riau","14.04","Kabupaten Indragiri Hilir","14.04.04","Tembilahan","14.04.04.1001","Tembilahan Kota"
"14","Riau","14.04","Kabupaten Indragiri Hilir","14.04.04","Tembilahan","14.04.04.1002","Tembilahan Hilir"
"14","Riau","14.04","Kabupaten Indragiri Hilir","14.04.04","Tembilahan","14.04.04.1003","Seberang Tembilahan"
"14","Riau","14.04","Kabupaten Indragiri Hilir","14.04.04","Tembilahan","14.04.04.1004","Sungaiperak"
"14","Riau","14.04","Kabupaten Indragiri Hilir","14.04.04","Tembilahan","14.04.04.1005","Sungaiberingin"
"14","Riau","14.04","Kabupaten Indragiri Hilir","14.04.04","Tembilahan","14.04.04.1006","Pekan Arba"
"14","Riau","14.04","Kabupaten Indragiri Hilir","14.04.04","Tembilahan","14.04.04.1007","Seberang Tembilahan Barat"
"14","Riau","14.04","Kabupaten Indragiri Hilir","14.04.04","Tembilahan","14.04.04.1008","Seberang Tembilahan Selatan"
"14","Riau","14.04","Kabupaten Indragiri Hilir","14.04.05","Tempuling","14.04.05.1004","Sungaisalak"
"14","Riau","14.04","Kabupaten Indragiri Hilir","14.04.05","Tempuling","14.04.05.1005","Tempuling"
"14","Riau","14.04","Kabupaten Indragiri Hilir","14.04.05","Tempuling","14.04.05.1016","Tanjungpidada"
"14","Riau","14.04","Kabupaten Indragiri Hilir","14.04.05","Tempuling","14.04.05.1017","Pangkalan Tujuh"
"14","Riau","14.04","Kabupaten Indragiri Hilir","14.04.05","Tempuling","14.04.05.2002","Telukkiambang"
"14","Riau","14.04","Kabupaten Indragiri Hilir","14.04.05","Tempuling","14.04.05.2003","Mumpa"
"14","Riau","14.04","Kabupaten Indragiri Hilir","14.04.05","Tempuling","14.04.05.2007","Telukjira"
"14","Riau","14.04","Kabupaten Indragiri Hilir","14.04.05","Tempuling","14.04.05.2009","Karya Tunas Jaya"
"14","Riau","14.04","Kabupaten Indragiri Hilir","14.04.05","Tempuling","14.04.05.2011","Harapan Jaya"
"14","Riau","14.04","Kabupaten Indragiri Hilir","14.04.06","Gaung Anak Serka","14.04.06.1004","Sungaiempat"
"14","Riau","14.04","Kabupaten Indragiri Hilir","14.04.06","Gaung Anak Serka","14.04.06.1005","Telukpinang"
"14","Riau","14.04","Kabupaten Indragiri Hilir","14.04.06","Gaung Anak Serka","14.04.06.1009","Tanjungharapan"
"14","Riau","14.04","Kabupaten Indragiri Hilir","14.04.06","Gaung Anak Serka","14.04.06.2001","Kuala Gaung"
"14","Riau","14.04","Kabupaten Indragiri Hilir","14.04.06","Gaung Anak Serka","14.04.06.2002","Telukpantaian"
"14","Riau","14.04","Kabupaten Indragiri Hilir","14.04.06","Gaung Anak Serka","14.04.06.2003","Teluksungka"
"14","Riau","14.04","Kabupaten Indragiri Hilir","14.04.06","Gaung Anak Serka","14.04.06.2006","Sungaiiliran"
"14","Riau","14.04","Kabupaten Indragiri Hilir","14.04.06","Gaung Anak Serka","14.04.06.2007","Teluktuasan"
"14","Riau","14.04","Kabupaten Indragiri Hilir","14.04.06","Gaung Anak Serka","14.04.06.2008","Rambaian"
"14","Riau","14.04","Kabupaten Indragiri Hilir","14.04.06","Gaung Anak Serka","14.04.06.2010","Harapan Makmur"
"14","Riau","14.04","Kabupaten Indragiri Hilir","14.04.06","Gaung Anak Serka","14.04.06.2011","Kelumpang"
"14","Riau","14.04","Kabupaten Indragiri Hilir","14.04.06","Gaung Anak Serka","14.04.06.2012","Idaman"
"14","Riau","14.04","Kabupaten Indragiri Hilir","14.04.07","Mandah","14.04.07.1004","Khairiah Mandah"
"14","Riau","14.04","Kabupaten Indragiri Hilir","14.04.07","Mandah","14.04.07.2001","Pulaucawan"
"14","Riau","14.04","Kabupaten Indragiri Hilir","14.04.07","Mandah","14.04.07.2002","Belaras"
"14","Riau","14.04","Kabupaten Indragiri Hilir","14.04.07","Mandah","14.04.07.2003","Bente"
"14","Riau","14.04","Kabupaten Indragiri Hilir","14.04.07","Mandah","14.04.07.2005","Igal"
"14","Riau","14.04","Kabupaten Indragiri Hilir","14.04.07","Mandah","14.04.07.2006","Pelanduk"
"14","Riau","14.04","Kabupaten Indragiri Hilir","14.04.07","Mandah","14.04.07.2007","Bakau Aceh"
"14","Riau","14.04","Kabupaten Indragiri Hilir","14.04.07","Mandah","14.04.07.2008","Batang Tumu"
"14","Riau","14.04","Kabupaten Indragiri Hilir","14.04.07","Mandah","14.04.07.2009","Bekawan"
"14","Riau","14.04","Kabupaten Indragiri Hilir","14.04.07","Mandah","14.04.07.2010","Bantayan"
"14","Riau","14.04","Kabupaten Indragiri Hilir","14.04.07","Mandah","14.04.07.2011","Batang Sari"
"14","Riau","14.04","Kabupaten Indragiri Hilir","14.04.07","Mandah","14.04.07.2012","Bolak Raya"
"14","Riau","14.04","Kabupaten Indragiri Hilir","14.04.07","Mandah","14.04.07.2013","Cahaya Baru"
"14","Riau","14.04","Kabupaten Indragiri Hilir","14.04.07","Mandah","14.04.07.2014","Belaras Barat"
"14","Riau","14.04","Kabupaten Indragiri Hilir","14.04.07","Mandah","14.04.07.2015","Sepakat Jaya"
"14","Riau","14.04","Kabupaten Indragiri Hilir","14.04.07","Mandah","14.04.07.2016","Suraya Mandiri"
"14","Riau","14.04","Kabupaten Indragiri Hilir","14.04.07","Mandah","14.04.07.2017","Bidari Tanjung Datuk"
"14","Riau","14.04","Kabupaten Indragiri Hilir","14.04.08","Kateman","14.04.08.1001","Tegaraja"
"14","Riau","14.04","Kabupaten Indragiri Hilir","14.04.08","Kateman","14.04.08.1009","Amal Bakti"
"14","Riau","14.04","Kabupaten Indragiri Hilir","14.04.08","Kateman","14.04.08.1010","Bandar Sri Gemilang"
"14","Riau","14.04","Kabupaten Indragiri Hilir","14.04.08","Kateman","14.04.08.2002","Kuala Selat"
"14","Riau","14.04","Kabupaten Indragiri Hilir","14.04.08","Kateman","14.04.08.2003","Sungaisimbar"
"14","Riau","14.04","Kabupaten Indragiri Hilir","14.04.08","Kateman","14.04.08.2004","Penjuru"
"14","Riau","14.04","Kabupaten Indragiri Hilir","14.04.08","Kateman","14.04.08.2005","Sari Mulia"
"14","Riau","14.04","Kabupaten Indragiri Hilir","14.04.08","Kateman","14.04.08.2006","Air Tawar"
"14","Riau","14.04","Kabupaten Indragiri Hilir","14.04.08","Kateman","14.04.08.2007","Tanjungraja"
"14","Riau","14.04","Kabupaten Indragiri Hilir","14.04.08","Kateman","14.04.08.2008","Sungaiteritip"
"14","Riau","14.04","Kabupaten Indragiri Hilir","14.04.08","Kateman","14.04.08.2011","Makmur Jaya"
"14","Riau","14.04","Kabupaten Indragiri Hilir","14.04.09","Keritang","14.04.09.1003","Kota Baru Reteh"
"14","Riau","14.04","Kabupaten Indragiri Hilir","14.04.09","Keritang","14.04.09.2001","Pebenaan"
"14","Riau","14.04","Kabupaten Indragiri Hilir","14.04.09","Keritang","14.04.09.2002","Seberang Pebenaan"
"14","Riau","14.04","Kabupaten Indragiri Hilir","14.04.09","Keritang","14.04.09.2004","Nusantara Jaya"
"14","Riau","14.04","Kabupaten Indragiri Hilir","14.04.09","Keritang","14.04.09.2005","Kota Baru Seberida"
"14","Riau","14.04","Kabupaten Indragiri Hilir","14.04.09","Keritang","14.04.09.2006","Kembang Mekarsari"
"14","Riau","14.04","Kabupaten Indragiri Hilir","14.04.09","Keritang","14.04.09.2007","Pasar Kembang"
"14","Riau","14.04","Kabupaten Indragiri Hilir","14.04.09","Keritang","14.04.09.2008","Kuala Keritang"
"14","Riau","14.04","Kabupaten Indragiri Hilir","14.04.09","Keritang","14.04.09.2009","Kuala Lemang"
"14","Riau","14.04","Kabupaten Indragiri Hilir","14.04.09","Keritang","14.04.09.2010","Telukkelasa"
"14","Riau","14.04","Kabupaten Indragiri Hilir","14.04.09","Keritang","14.04.09.2011","Pengalihan"
"14","Riau","14.04","Kabupaten Indragiri Hilir","14.04.09","Keritang","14.04.09.2012","Pancur"
"14","Riau","14.04","Kabupaten Indragiri Hilir","14.04.09","Keritang","14.04.09.2013","Sencalang"
"14","Riau","14.04","Kabupaten Indragiri Hilir","14.04.09","Keritang","14.04.09.2014","Petalongan"
"14","Riau","14.04","Kabupaten Indragiri Hilir","14.04.09","Keritang","14.04.09.2015","Nyiur Permai"
"14","Riau","14.04","Kabupaten Indragiri Hilir","14.04.09","Keritang","14.04.09.2016","Lintas Utara"
"14","Riau","14.04","Kabupaten Indragiri Hilir","14.04.09","Keritang","14.04.09.2017","Kayu Raja"
"14","Riau","14.04","Kabupaten Indragiri Hilir","14.04.10","Tanah Merah","14.04.10.1001","Kuala Enok"
"14","Riau","14.04","Kabupaten Indragiri Hilir","14.04.10","Tanah Merah","14.04.10.2002","Selatnama"
"14","Riau","14.04","Kabupaten Indragiri Hilir","14.04.10","Tanah Merah","14.04.10.2003","Sungainyiur"
"14","Riau","14.04","Kabupaten Indragiri Hilir","14.04.10","Tanah Merah","14.04.10.2004","Tanjungbaru"
"14","Riau","14.04","Kabupaten Indragiri Hilir","14.04.10","Tanah Merah","14.04.10.2005","Tekulai Hilir"
"14","Riau","14.04","Kabupaten Indragiri Hilir","14.04.10","Tanah Merah","14.04.10.2006","Tekulai Hulu"
"14","Riau","14.04","Kabupaten Indragiri Hilir","14.04.10","Tanah Merah","14.04.10.2007","Tekulai Bugis"
"14","Riau","14.04","Kabupaten Indragiri Hilir","14.04.10","Tanah Merah","14.04.10.2008","Tanjungpasir"
"14","Riau","14.04","Kabupaten Indragiri Hilir","14.04.10","Tanah Merah","14.04.10.2009","Tanah Merah"
"14","Riau","14.04","Kabupaten Indragiri Hilir","14.04.10","Tanah Merah","14.04.10.2010","Sungailaut"
"14","Riau","14.04","Kabupaten Indragiri Hilir","14.04.11","Batang Tuaka","14.04.11.1001","Sungaipiring"
"14","Riau","14.04","Kabupaten Indragiri Hilir","14.04.11","Batang Tuaka","14.04.11.2002","Sungailuar"
"14","Riau","14.04","Kabupaten Indragiri Hilir","14.04.11","Batang Tuaka","14.04.11.2003","Sungaidusun"
"14","Riau","14.04","Kabupaten Indragiri Hilir","14.04.11","Batang Tuaka","14.04.11.2004","Sungaijunjangan"
"14","Riau","14.04","Kabupaten Indragiri Hilir","14.04.11","Batang Tuaka","14.04.11.2005","Sungairaya"
"14","Riau","14.04","Kabupaten Indragiri Hilir","14.04.11","Batang Tuaka","14.04.11.2006","Kuala Sebatu"
"14","Riau","14.04","Kabupaten Indragiri Hilir","14.04.11","Batang Tuaka","14.04.11.2007","Tanjungsiantar"
"14","Riau","14.04","Kabupaten Indragiri Hilir","14.04.11","Batang Tuaka","14.04.11.2008","Sungairawa"
"14","Riau","14.04","Kabupaten Indragiri Hilir","14.04.11","Batang Tuaka","14.04.11.2009","Sialang Jaya"
"14","Riau","14.04","Kabupaten Indragiri Hilir","14.04.11","Batang Tuaka","14.04.11.2010","Gemilang Jaya"
"14","Riau","14.04","Kabupaten Indragiri Hilir","14.04.11","Batang Tuaka","14.04.11.2011","Tasik Raya"
"14","Riau","14.04","Kabupaten Indragiri Hilir","14.04.11","Batang Tuaka","14.04.11.2012","Pasir Emas"
"14","Riau","14.04","Kabupaten Indragiri Hilir","14.04.11","Batang Tuaka","14.04.11.2013","Simpang Jaya"
"14","Riau","14.04","Kabupaten Indragiri Hilir","14.04.12","Gaung","14.04.12.1006","Kuala Lahang"
"14","Riau","14.04","Kabupaten Indragiri Hilir","14.04.12","Gaung","14.04.12.2001","Terusan Kempas"
"14","Riau","14.04","Kabupaten Indragiri Hilir","14.04.12","Gaung","14.04.12.2002","Lahang Baru"
"14","Riau","14.04","Kabupaten Indragiri Hilir","14.04.12","Gaung","14.04.12.2003","Simpang Gaung"
"14","Riau","14.04","Kabupaten Indragiri Hilir","14.04.12","Gaung","14.04.12.2004","Belantaraya"
"14","Riau","14.04","Kabupaten Indragiri Hilir","14.04.12","Gaung","14.04.12.2005","Sungaibaru"
"14","Riau","14.04","Kabupaten Indragiri Hilir","14.04.12","Gaung","14.04.12.2007","Lahang Tengah"
"14","Riau","14.04","Kabupaten Indragiri Hilir","14.04.12","Gaung","14.04.12.2008","Lahang Hulu"
"14","Riau","14.04","Kabupaten Indragiri Hilir","14.04.12","Gaung","14.04.12.2009","Pungkat"
"14","Riau","14.04","Kabupaten Indragiri Hilir","14.04.12","Gaung","14.04.12.2010","Jerambang"
"14","Riau","14.04","Kabupaten Indragiri Hilir","14.04.12","Gaung","14.04.12.2011","Telukkabung"
"14","Riau","14.04","Kabupaten Indragiri Hilir","14.04.12","Gaung","14.04.12.2012","Gembira"
"14","Riau","14.04","Kabupaten Indragiri Hilir","14.04.12","Gaung","14.04.12.2013","Semambu Kuning"
"14","Riau","14.04","Kabupaten Indragiri Hilir","14.04.12","Gaung","14.04.12.2014","Telukmerbau"
"14","Riau","14.04","Kabupaten Indragiri Hilir","14.04.12","Gaung","14.04.12.2015","Soren"
"14","Riau","14.04","Kabupaten Indragiri Hilir","14.04.12","Gaung","14.04.12.2016","Pintasan"
"14","Riau","14.04","Kabupaten Indragiri Hilir","14.04.13","Tembilahan Hulu","14.04.13.1001","Tembilahan Hulu"
"14","Riau","14.04","Kabupaten Indragiri Hilir","14.04.13","Tembilahan Hulu","14.04.13.1005","Tembilahan Barat"
"14","Riau","14.04","Kabupaten Indragiri Hilir","14.04.13","Tembilahan Hulu","14.04.13.2002","Pekan Kamis"
"14","Riau","14.04","Kabupaten Indragiri Hilir","14.04.13","Tembilahan Hulu","14.04.13.2003","Pulaupalas"
"14","Riau","14.04","Kabupaten Indragiri Hilir","14.04.13","Tembilahan Hulu","14.04.13.2004","Sialang Panjang"
"14","Riau","14.04","Kabupaten Indragiri Hilir","14.04.13","Tembilahan Hulu","14.04.13.2006","Sungaiintan"
"14","Riau","14.04","Kabupaten Indragiri Hilir","14.04.14","Kemuning","14.04.14.1001","Selensen"
"14","Riau","14.04","Kabupaten Indragiri Hilir","14.04.14","Kemuning","14.04.14.2002","Batu Ampar"
"14","Riau","14.04","Kabupaten Indragiri Hilir","14.04.14","Kemuning","14.04.14.2003","Keritang"
"14","Riau","14.04","Kabupaten Indragiri Hilir","14.04.14","Kemuning","14.04.14.2004","Air Balui"
"14","Riau","14.04","Kabupaten Indragiri Hilir","14.04.14","Kemuning","14.04.14.2005","Tuk Jimun"
"14","Riau","14.04","Kabupaten Indragiri Hilir","14.04.14","Kemuning","14.04.14.2006","Kemuning Tua"
"14","Riau","14.04","Kabupaten Indragiri Hilir","14.04.14","Kemuning","14.04.14.2007","Kemuning Muda"
"14","Riau","14.04","Kabupaten Indragiri Hilir","14.04.14","Kemuning","14.04.14.2008","Limau Manis"
"14","Riau","14.04","Kabupaten Indragiri Hilir","14.04.14","Kemuning","14.04.14.2009","Lubuk Besar"
"14","Riau","14.04","Kabupaten Indragiri Hilir","14.04.14","Kemuning","14.04.14.2010","Sekara"
"14","Riau","14.04","Kabupaten Indragiri Hilir","14.04.14","Kemuning","14.04.14.2011","Talang Jangkang"
"14","Riau","14.04","Kabupaten Indragiri Hilir","14.04.14","Kemuning","14.04.14.2012","Sekayan"
"14","Riau","14.04","Kabupaten Indragiri Hilir","14.04.15","Pelangiran","14.04.15.1002","Pelangiran"
"14","Riau","14.04","Kabupaten Indragiri Hilir","14.04.15","Pelangiran","14.04.15.2001","Rotan Semelur"
"14","Riau","14.04","Kabupaten Indragiri Hilir","14.04.15","Pelangiran","14.04.15.2003","Simpang Kateman"
"14","Riau","14.04","Kabupaten Indragiri Hilir","14.04.15","Pelangiran","14.04.15.2004","Tanjungsimpang"
"14","Riau","14.04","Kabupaten Indragiri Hilir","14.04.15","Pelangiran","14.04.15.2005","Baung Rejo Jaya"
"14","Riau","14.04","Kabupaten Indragiri Hilir","14.04.15","Pelangiran","14.04.15.2006","Tagagiri Tama Jaya"
"14","Riau","14.04","Kabupaten Indragiri Hilir","14.04.15","Pelangiran","14.04.15.2007","Pinang Jaya"
"14","Riau","14.04","Kabupaten Indragiri Hilir","14.04.15","Pelangiran","14.04.15.2008","Wonosari"
"14","Riau","14.04","Kabupaten Indragiri Hilir","14.04.15","Pelangiran","14.04.15.2009","Tegal Rejo"
"14","Riau","14.04","Kabupaten Indragiri Hilir","14.04.15","Pelangiran","14.04.15.2010","Intan Mulia Jaya"
"14","Riau","14.04","Kabupaten Indragiri Hilir","14.04.15","Pelangiran","14.04.15.2011","Saka Palas Jaya"
"14","Riau","14.04","Kabupaten Indragiri Hilir","14.04.15","Pelangiran","14.04.15.2012","Catur Karya"
"14","Riau","14.04","Kabupaten Indragiri Hilir","14.04.15","Pelangiran","14.04.15.2013","Bagan Jaya"
"14","Riau","14.04","Kabupaten Indragiri Hilir","14.04.15","Pelangiran","14.04.15.2014","Telukbunian"
"14","Riau","14.04","Kabupaten Indragiri Hilir","14.04.15","Pelangiran","14.04.15.2015","Terusan Beringin Jaya"
"14","Riau","14.04","Kabupaten Indragiri Hilir","14.04.15","Pelangiran","14.04.15.2016","Hidayah"
"14","Riau","14.04","Kabupaten Indragiri Hilir","14.04.16","Teluk Belengkong","14.04.16.2001","Hibrida Mulia"
"14","Riau","14.04","Kabupaten Indragiri Hilir","14.04.16","Teluk Belengkong","14.04.16.2002","Indra Sari Jaya"
"14","Riau","14.04","Kabupaten Indragiri Hilir","14.04.16","Teluk Belengkong","14.04.16.2003","Tunggal Rahayu Jaya"
"14","Riau","14.04","Kabupaten Indragiri Hilir","14.04.16","Teluk Belengkong","14.04.16.2004","Griya Mukti Jaya"
"14","Riau","14.04","Kabupaten Indragiri Hilir","14.04.16","Teluk Belengkong","14.04.16.2005","Beringin Mulia"
"14","Riau","14.04","Kabupaten Indragiri Hilir","14.04.16","Teluk Belengkong","14.04.16.2006","Hibrida Jaya"
"14","Riau","14.04","Kabupaten Indragiri Hilir","14.04.16","Teluk Belengkong","14.04.16.2007","Sumber Jaya"
"14","Riau","14.04","Kabupaten Indragiri Hilir","14.04.16","Teluk Belengkong","14.04.16.2008","Sumber Makmur Jaya"
"14","Riau","14.04","Kabupaten Indragiri Hilir","14.04.16","Teluk Belengkong","14.04.16.2009","Sumber Sari Jaya"
"14","Riau","14.04","Kabupaten Indragiri Hilir","14.04.16","Teluk Belengkong","14.04.16.2010","Kelapa Patih Jaya"
"14","Riau","14.04","Kabupaten Indragiri Hilir","14.04.16","Teluk Belengkong","14.04.16.2011","Sapta Mulia Jaya"
"14","Riau","14.04","Kabupaten Indragiri Hilir","14.04.16","Teluk Belengkong","14.04.16.2012","Saka Rotan"
"14","Riau","14.04","Kabupaten Indragiri Hilir","14.04.16","Teluk Belengkong","14.04.16.2013","Gembaran"
"14","Riau","14.04","Kabupaten Indragiri Hilir","14.04.17","Pulau Burung","14.04.17.2001","Pulauburung"
"14","Riau","14.04","Kabupaten Indragiri Hilir","14.04.17","Pulau Burung","14.04.17.2002","Teluknibung"
"14","Riau","14.04","Kabupaten Indragiri Hilir","14.04.17","Pulau Burung","14.04.17.2003","Sungaidanai"
"14","Riau","14.04","Kabupaten Indragiri Hilir","14.04.17","Pulau Burung","14.04.17.2004","Mayang Sari Jaya"
"14","Riau","14.04","Kabupaten Indragiri Hilir","14.04.17","Pulau Burung","14.04.17.2005","Bukit Sari Intan Jaya"
"14","Riau","14.04","Kabupaten Indragiri Hilir","14.04.17","Pulau Burung","14.04.17.2006","Manunggal Jaya"
"14","Riau","14.04","Kabupaten Indragiri Hilir","14.04.17","Pulau Burung","14.04.17.2007","Bangun Harjo Jaya"
"14","Riau","14.04","Kabupaten Indragiri Hilir","14.04.17","Pulau Burung","14.04.17.2008","Ringin Jaya"
"14","Riau","14.04","Kabupaten Indragiri Hilir","14.04.17","Pulau Burung","14.04.17.2009","Sri Damai"
"14","Riau","14.04","Kabupaten Indragiri Hilir","14.04.17","Pulau Burung","14.04.17.2010","Sapta Jaya"
"14","Riau","14.04","Kabupaten Indragiri Hilir","14.04.17","Pulau Burung","14.04.17.2011","Keramat Jaya"
"14","Riau","14.04","Kabupaten Indragiri Hilir","14.04.17","Pulau Burung","14.04.17.2012","Binagun Jaya"
"14","Riau","14.04","Kabupaten Indragiri Hilir","14.04.17","Pulau Burung","14.04.17.2013","Suka Jaya"
"14","Riau","14.04","Kabupaten Indragiri Hilir","14.04.17","Pulau Burung","14.04.17.2014","Sukaharjo Jaya"
"14","Riau","14.04","Kabupaten Indragiri Hilir","14.04.18","Concong","14.04.18.1001","Concong Luar"
"14","Riau","14.04","Kabupaten Indragiri Hilir","14.04.18","Concong","14.04.18.2002","Concong Dalam"
"14","Riau","14.04","Kabupaten Indragiri Hilir","14.04.18","Concong","14.04.18.2003","Concong Tengah"
"14","Riau","14.04","Kabupaten Indragiri Hilir","14.04.18","Concong","14.04.18.2004","Kampung Baru"
"14","Riau","14.04","Kabupaten Indragiri Hilir","14.04.18","Concong","14.04.18.2005","Panglima Raja"
"14","Riau","14.04","Kabupaten Indragiri Hilir","14.04.18","Concong","14.04.18.2006","Sungaiberapit"
"14","Riau","14.04","Kabupaten Indragiri Hilir","14.04.19","Kempas","14.04.19.1002","Kempas Jaya"
"14","Riau","14.04","Kabupaten Indragiri Hilir","14.04.19","Kempas","14.04.19.1007","Harapan Tani"
"14","Riau","14.04","Kabupaten Indragiri Hilir","14.04.19","Kempas","14.04.19.2001","Pekan Tua"
"14","Riau","14.04","Kabupaten Indragiri Hilir","14.04.19","Kempas","14.04.19.2003","Rumbai Jaya"
"14","Riau","14.04","Kabupaten Indragiri Hilir","14.04.19","Kempas","14.04.19.2004","Bayas Jaya"
"14","Riau","14.04","Kabupaten Indragiri Hilir","14.04.19","Kempas","14.04.19.2005","Sungaiara"
"14","Riau","14.04","Kabupaten Indragiri Hilir","14.04.19","Kempas","14.04.19.2006","Sungaigantang"
"14","Riau","14.04","Kabupaten Indragiri Hilir","14.04.19","Kempas","14.04.19.2008","Karya Tani"
"14","Riau","14.04","Kabupaten Indragiri Hilir","14.04.19","Kempas","14.04.19.2009","Kerta Jaya"
"14","Riau","14.04","Kabupaten Indragiri Hilir","14.04.19","Kempas","14.04.19.2010","Kulim Jaya"
"14","Riau","14.04","Kabupaten Indragiri Hilir","14.04.19","Kempas","14.04.19.2011","Danaupulai Indah"
"14","Riau","14.04","Kabupaten Indragiri Hilir","14.04.19","Kempas","14.04.19.2012","Sungairabit"
"14","Riau","14.04","Kabupaten Indragiri Hilir","14.04.20","Sungai Batang","14.04.20.1001","Benteng"
"14","Riau","14.04","Kabupaten Indragiri Hilir","14.04.20","Sungai Batang","14.04.20.2002","Benteng Utara"
"14","Riau","14.04","Kabupaten Indragiri Hilir","14.04.20","Sungai Batang","14.04.20.2003","Pasenggerahan"
"14","Riau","14.04","Kabupaten Indragiri Hilir","14.04.20","Sungai Batang","14.04.20.2004","Kuala Sungai Batang"
"14","Riau","14.04","Kabupaten Indragiri Hilir","14.04.20","Sungai Batang","14.04.20.2005","Kuala Patah Parang"
"14","Riau","14.04","Kabupaten Indragiri Hilir","14.04.20","Sungai Batang","14.04.20.2006","Benteng Barat"
"14","Riau","14.04","Kabupaten Indragiri Hilir","14.04.20","Sungai Batang","14.04.20.2007","Pandan Sari"
"14","Riau","14.04","Kabupaten Indragiri Hilir","14.04.20","Sungai Batang","14.04.20.2008","Mugo Mulyo"
"14","Riau","14.05","Kabupaten Pelalawan","14.05.01","Ukui","14.05.01.1010","Ukui I"
"14","Riau","14.05","Kabupaten Pelalawan","14.05.01","Ukui","14.05.01.2001","Air Hitam"
"14","Riau","14.05","Kabupaten Pelalawan","14.05.01","Ukui","14.05.01.2002","Air Emas"
"14","Riau","14.05","Kabupaten Pelalawan","14.05.01","Ukui","14.05.01.2003","Bukit Gajah"
"14","Riau","14.05","Kabupaten Pelalawan","14.05.01","Ukui","14.05.01.2004","Bukit Jaya"
"14","Riau","14.05","Kabupaten Pelalawan","14.05.01","Ukui","14.05.01.2005","Kampung Baru"
"14","Riau","14.05","Kabupaten Pelalawan","14.05.01","Ukui","14.05.01.2006","Lubuk Kembang Bunga"
"14","Riau","14.05","Kabupaten Pelalawan","14.05.01","Ukui","14.05.01.2007","Lubuk Kembang Sari"
"14","Riau","14.05","Kabupaten Pelalawan","14.05.01","Ukui","14.05.01.2008","Silikuan Hulu"
"14","Riau","14.05","Kabupaten Pelalawan","14.05.01","Ukui","14.05.01.2009","Tri Mulya Jaya"
"14","Riau","14.05","Kabupaten Pelalawan","14.05.01","Ukui","14.05.01.2011","Ukui Dua"
"14","Riau","14.05","Kabupaten Pelalawan","14.05.01","Ukui","14.05.01.2012","Bagan Limau"
"14","Riau","14.05","Kabupaten Pelalawan","14.05.02","Pangkalan Kerinci","14.05.02.1007","Pangkalan Kerinci Barat"
"14","Riau","14.05","Kabupaten Pelalawan","14.05.02","Pangkalan Kerinci","14.05.02.1008","Pangkalan Kerinci Kota"
"14","Riau","14.05","Kabupaten Pelalawan","14.05.02","Pangkalan Kerinci","14.05.02.1009","Pangkalan Kerinci Timur"
"14","Riau","14.05","Kabupaten Pelalawan","14.05.02","Pangkalan Kerinci","14.05.02.2001","Mekar Jaya"
"14","Riau","14.05","Kabupaten Pelalawan","14.05.02","Pangkalan Kerinci","14.05.02.2002","Kuala Terusan"
"14","Riau","14.05","Kabupaten Pelalawan","14.05.02","Pangkalan Kerinci","14.05.02.2003","Makmur"
"14","Riau","14.05","Kabupaten Pelalawan","14.05.02","Pangkalan Kerinci","14.05.02.2005","Rantau Baru"
"14","Riau","14.05","Kabupaten Pelalawan","14.05.03","Pangkalan Kuras","14.05.03.1001","Sorek I"
"14","Riau","14.05","Kabupaten Pelalawan","14.05.03","Pangkalan Kuras","14.05.03.2002","Sorek II"
"14","Riau","14.05","Kabupaten Pelalawan","14.05.03","Pangkalan Kuras","14.05.03.2003","Dundangan"
"14","Riau","14.05","Kabupaten Pelalawan","14.05.03","Pangkalan Kuras","14.05.03.2004","Palas"
"14","Riau","14.05","Kabupaten Pelalawan","14.05.03","Pangkalan Kuras","14.05.03.2005","Terantang Manuk"
"14","Riau","14.05","Kabupaten Pelalawan","14.05.03","Pangkalan Kuras","14.05.03.2006","Kemang"
"14","Riau","14.05","Kabupaten Pelalawan","14.05.03","Pangkalan Kuras","14.05.03.2007","Talau"
"14","Riau","14.05","Kabupaten Pelalawan","14.05.03","Pangkalan Kuras","14.05.03.2008","Tanjung Beringin"
"14","Riau","14.05","Kabupaten Pelalawan","14.05.03","Pangkalan Kuras","14.05.03.2009","Betung"
"14","Riau","14.05","Kabupaten Pelalawan","14.05.03","Pangkalan Kuras","14.05.03.2010","Kesuma"
"14","Riau","14.05","Kabupaten Pelalawan","14.05.03","Pangkalan Kuras","14.05.03.2011","Surya Indah"
"14","Riau","14.05","Kabupaten Pelalawan","14.05.03","Pangkalan Kuras","14.05.03.2012","Sialang Indah"
"14","Riau","14.05","Kabupaten Pelalawan","14.05.03","Pangkalan Kuras","14.05.03.2013","Beringin Indah"
"14","Riau","14.05","Kabupaten Pelalawan","14.05.03","Pangkalan Kuras","14.05.03.2014","Meranti"
"14","Riau","14.05","Kabupaten Pelalawan","14.05.03","Pangkalan Kuras","14.05.03.2015","Harapan Jaya"
"14","Riau","14.05","Kabupaten Pelalawan","14.05.03","Pangkalan Kuras","14.05.03.2016","Batang Kulim"
"14","Riau","14.05","Kabupaten Pelalawan","14.05.03","Pangkalan Kuras","14.05.03.2017","Sidomukti"
"14","Riau","14.05","Kabupaten Pelalawan","14.05.04","Pangkalan Lesung","14.05.04.1001","Pangkalan Lesung"
"14","Riau","14.05","Kabupaten Pelalawan","14.05.04","Pangkalan Lesung","14.05.04.2002","Dusun Tua"
"14","Riau","14.05","Kabupaten Pelalawan","14.05.04","Pangkalan Lesung","14.05.04.2003","Genduang"
"14","Riau","14.05","Kabupaten Pelalawan","14.05.04","Pangkalan Lesung","14.05.04.2004","Mayang Sari"
"14","Riau","14.05","Kabupaten Pelalawan","14.05.04","Pangkalan Lesung","14.05.04.2005","Rawang Sari"
"14","Riau","14.05","Kabupaten Pelalawan","14.05.04","Pangkalan Lesung","14.05.04.2006","Mulya Subur"
"14","Riau","14.05","Kabupaten Pelalawan","14.05.04","Pangkalan Lesung","14.05.04.2007","Sari Mulya"
"14","Riau","14.05","Kabupaten Pelalawan","14.05.04","Pangkalan Lesung","14.05.04.2008","Sari Makmur"
"14","Riau","14.05","Kabupaten Pelalawan","14.05.04","Pangkalan Lesung","14.05.04.2009","Tanjung Kuyo"
"14","Riau","14.05","Kabupaten Pelalawan","14.05.04","Pangkalan Lesung","14.05.04.2010","Pesaguan"
"14","Riau","14.05","Kabupaten Pelalawan","14.05.05","Langgam","14.05.05.1001","Langgam"
"14","Riau","14.05","Kabupaten Pelalawan","14.05.05","Langgam","14.05.05.2002","Tambak"
"14","Riau","14.05","Kabupaten Pelalawan","14.05.05","Langgam","14.05.05.2003","Penarikan"
"14","Riau","14.05","Kabupaten Pelalawan","14.05.05","Langgam","14.05.05.2004","Segati"
"14","Riau","14.05","Kabupaten Pelalawan","14.05.05","Langgam","14.05.05.2005","Sotol"
"14","Riau","14.05","Kabupaten Pelalawan","14.05.05","Langgam","14.05.05.2006","Pangkalan Gondai"
"14","Riau","14.05","Kabupaten Pelalawan","14.05.05","Langgam","14.05.05.2007","Langkan"
"14","Riau","14.05","Kabupaten Pelalawan","14.05.05","Langgam","14.05.05.2008","Padang Luas"
"14","Riau","14.05","Kabupaten Pelalawan","14.05.06","Pelalawan","14.05.06.1001","Pelalawan"
"14","Riau","14.05","Kabupaten Pelalawan","14.05.06","Pelalawan","14.05.06.2002","Sungai Ara"
"14","Riau","14.05","Kabupaten Pelalawan","14.05.06","Pelalawan","14.05.06.2003","Ransang"
"14","Riau","14.05","Kabupaten Pelalawan","14.05.06","Pelalawan","14.05.06.2004","Kuala Tolam"
"14","Riau","14.05","Kabupaten Pelalawan","14.05.06","Pelalawan","14.05.06.2005","Sering"
"14","Riau","14.05","Kabupaten Pelalawan","14.05.06","Pelalawan","14.05.06.2006","Telayap"
"14","Riau","14.05","Kabupaten Pelalawan","14.05.06","Pelalawan","14.05.06.2007","Batang Nilo Kecil"
"14","Riau","14.05","Kabupaten Pelalawan","14.05.06","Pelalawan","14.05.06.2008","Delik"
"14","Riau","14.05","Kabupaten Pelalawan","14.05.06","Pelalawan","14.05.06.2010","Lalang Kabung"
"14","Riau","14.05","Kabupaten Pelalawan","14.05.07","Kerumutan","14.05.07.1001","Kerumutan"
"14","Riau","14.05","Kabupaten Pelalawan","14.05.07","Kerumutan","14.05.07.2002","Pangkalan Panduk"
"14","Riau","14.05","Kabupaten Pelalawan","14.05.07","Kerumutan","14.05.07.2003","Pangkalan Tampui"
"14","Riau","14.05","Kabupaten Pelalawan","14.05.07","Kerumutan","14.05.07.2004","Bukit Lembah Subur"
"14","Riau","14.05","Kabupaten Pelalawan","14.05.07","Kerumutan","14.05.07.2005","Banjar Panjang"
"14","Riau","14.05","Kabupaten Pelalawan","14.05.07","Kerumutan","14.05.07.2006","Beringin Makmur"
"14","Riau","14.05","Kabupaten Pelalawan","14.05.07","Kerumutan","14.05.07.2007","Pematang Tinggi"
"14","Riau","14.05","Kabupaten Pelalawan","14.05.07","Kerumutan","14.05.07.2008","Tanjung Air Hitam"
"14","Riau","14.05","Kabupaten Pelalawan","14.05.07","Kerumutan","14.05.07.2009","Mak Teduh"
"14","Riau","14.05","Kabupaten Pelalawan","14.05.07","Kerumutan","14.05.07.2010","Lipai Bulan"
"14","Riau","14.05","Kabupaten Pelalawan","14.05.08","Bunut","14.05.08.1011","Pangkalan Bunut"
"14","Riau","14.05","Kabupaten Pelalawan","14.05.08","Bunut","14.05.08.2001","Petani"
"14","Riau","14.05","Kabupaten Pelalawan","14.05.08","Bunut","14.05.08.2002","Merbau"
"14","Riau","14.05","Kabupaten Pelalawan","14.05.08","Bunut","14.05.08.2003","Sungai Buluh"
"14","Riau","14.05","Kabupaten Pelalawan","14.05.08","Bunut","14.05.08.2008","Lubuk Mas"
"14","Riau","14.05","Kabupaten Pelalawan","14.05.08","Bunut","14.05.08.2009","Balam Merah"
"14","Riau","14.05","Kabupaten Pelalawan","14.05.08","Bunut","14.05.08.2010","Bagan Laguh"
"14","Riau","14.05","Kabupaten Pelalawan","14.05.08","Bunut","14.05.08.2013","Lubuk Mandian Gajah"
"14","Riau","14.05","Kabupaten Pelalawan","14.05.08","Bunut","14.05.08.2017","Keriung"
"14","Riau","14.05","Kabupaten Pelalawan","14.05.08","Bunut","14.05.08.2018","Sialang Kayu Batu"
"14","Riau","14.05","Kabupaten Pelalawan","14.05.09","Teluk Meranti","14.05.09.1001","Teluk Meranti"
"14","Riau","14.05","Kabupaten Pelalawan","14.05.09","Teluk Meranti","14.05.09.2002","Kuala Panduk"
"14","Riau","14.05","Kabupaten Pelalawan","14.05.09","Teluk Meranti","14.05.09.2003","Petodaan"
"14","Riau","14.05","Kabupaten Pelalawan","14.05.09","Teluk Meranti","14.05.09.2004","Teluk Binjai"
"14","Riau","14.05","Kabupaten Pelalawan","14.05.09","Teluk Meranti","14.05.09.2005","Pulau Muda"
"14","Riau","14.05","Kabupaten Pelalawan","14.05.09","Teluk Meranti","14.05.09.2006","Gambut Mutiara"
"14","Riau","14.05","Kabupaten Pelalawan","14.05.09","Teluk Meranti","14.05.09.2007","Labuhan Bilik"
"14","Riau","14.05","Kabupaten Pelalawan","14.05.09","Teluk Meranti","14.05.09.2008","Pangkalan Terap"
"14","Riau","14.05","Kabupaten Pelalawan","14.05.09","Teluk Meranti","14.05.09.2009","Segamai"
"14","Riau","14.05","Kabupaten Pelalawan","14.05.10","Kuala Kampar","14.05.10.1001","Teluk Dalam"
"14","Riau","14.05","Kabupaten Pelalawan","14.05.10","Kuala Kampar","14.05.10.2002","Tanjung Sum"
"14","Riau","14.05","Kabupaten Pelalawan","14.05.10","Kuala Kampar","14.05.10.2003","Sungai Solok"
"14","Riau","14.05","Kabupaten Pelalawan","14.05.10","Kuala Kampar","14.05.10.2004","Sungai Upih"
"14","Riau","14.05","Kabupaten Pelalawan","14.05.10","Kuala Kampar","14.05.10.2005","Teluk"
"14","Riau","14.05","Kabupaten Pelalawan","14.05.10","Kuala Kampar","14.05.10.2006","Serapung"
"14","Riau","14.05","Kabupaten Pelalawan","14.05.10","Kuala Kampar","14.05.10.2007","Teluk Beringin"
"14","Riau","14.05","Kabupaten Pelalawan","14.05.10","Kuala Kampar","14.05.10.2008","Sokoi"
"14","Riau","14.05","Kabupaten Pelalawan","14.05.10","Kuala Kampar","14.05.10.2009","Sungai Mas"
"14","Riau","14.05","Kabupaten Pelalawan","14.05.10","Kuala Kampar","14.05.10.2010","Teluk Bakau"
"14","Riau","14.05","Kabupaten Pelalawan","14.05.11","Bandar Sei Kijang","14.05.11.1001","Sei Kijang"
"14","Riau","14.05","Kabupaten Pelalawan","14.05.11","Bandar Sei Kijang","14.05.11.2002","Lubuk Ogung"
"14","Riau","14.05","Kabupaten Pelalawan","14.05.11","Bandar Sei Kijang","14.05.11.2003","Simpang Beringin"
"14","Riau","14.05","Kabupaten Pelalawan","14.05.11","Bandar Sei Kijang","14.05.11.2004","Muda Setia"
"14","Riau","14.05","Kabupaten Pelalawan","14.05.11","Bandar Sei Kijang","14.05.11.2005","Kiab Jaya"
"14","Riau","14.05","Kabupaten Pelalawan","14.05.12","Bandar Petalangan","14.05.12.1002","Rawang Empat"
"14","Riau","14.05","Kabupaten Pelalawan","14.05.12","Bandar Petalangan","14.05.12.2001","Kuala Semundam"
"14","Riau","14.05","Kabupaten Pelalawan","14.05.12","Bandar Petalangan","14.05.12.2003","Tambun"
"14","Riau","14.05","Kabupaten Pelalawan","14.05.12","Bandar Petalangan","14.05.12.2004","Terbangiang"
"14","Riau","14.05","Kabupaten Pelalawan","14.05.12","Bandar Petalangan","14.05.12.2005","Lubuk Terap"
"14","Riau","14.05","Kabupaten Pelalawan","14.05.12","Bandar Petalangan","14.05.12.2006","Angkasa"
"14","Riau","14.05","Kabupaten Pelalawan","14.05.12","Bandar Petalangan","14.05.12.2007","Sialang Godang"
"14","Riau","14.05","Kabupaten Pelalawan","14.05.12","Bandar Petalangan","14.05.12.2008","Lubuk Raja"
"14","Riau","14.05","Kabupaten Pelalawan","14.05.12","Bandar Petalangan","14.05.12.2009","Lubuk Keranji Timur"
"14","Riau","14.05","Kabupaten Pelalawan","14.05.12","Bandar Petalangan","14.05.12.2010","Airterjun"
"14","Riau","14.05","Kabupaten Pelalawan","14.05.12","Bandar Petalangan","14.05.12.2011","Sialang Bungkuk"
"14","Riau","14.06","Kabupaten Rokan Hulu","14.06.01","Ujung Batu","14.06.01.1001","Ujung Batu"
"14","Riau","14.06","Kabupaten Rokan Hulu","14.06.01","Ujung Batu","14.06.01.2002","Suka Damai"
"14","Riau","14.06","Kabupaten Rokan Hulu","14.06.01","Ujung Batu","14.06.01.2003","Ngaso"
"14","Riau","14.06","Kabupaten Rokan Hulu","14.06.01","Ujung Batu","14.06.01.2004","Ujung Batu Timur"
"14","Riau","14.06","Kabupaten Rokan Hulu","14.06.01","Ujung Batu","14.06.01.2005","Pematang Tebih"
"14","Riau","14.06","Kabupaten Rokan Hulu","14.06.02","Rokan IV Koto","14.06.02.1001","Rokan"
"14","Riau","14.06","Kabupaten Rokan Hulu","14.06.02","Rokan IV Koto","14.06.02.2002","Cipang Kanan"
"14","Riau","14.06","Kabupaten Rokan Hulu","14.06.02","Rokan IV Koto","14.06.02.2003","Cipang Kiri Hulu"
"14","Riau","14.06","Kabupaten Rokan Hulu","14.06.02","Rokan IV Koto","14.06.02.2004","Cipang Kiri Hilir"
"14","Riau","14.06","Kabupaten Rokan Hulu","14.06.02","Rokan IV Koto","14.06.02.2006","Tanjung Medan"
"14","Riau","14.06","Kabupaten Rokan Hulu","14.06.02","Rokan IV Koto","14.06.02.2007","Lubuk Bendahara Timur"
"14","Riau","14.06","Kabupaten Rokan Hulu","14.06.02","Rokan IV Koto","14.06.02.2008","Lubuk Bendahara"
"14","Riau","14.06","Kabupaten Rokan Hulu","14.06.02","Rokan IV Koto","14.06.02.2010","Sikebau Jaya"
"14","Riau","14.06","Kabupaten Rokan Hulu","14.06.02","Rokan IV Koto","14.06.02.2013","Rokan Koto Ruang"
"14","Riau","14.06","Kabupaten Rokan Hulu","14.06.02","Rokan IV Koto","14.06.02.2014","Rokan Timur"
"14","Riau","14.06","Kabupaten Rokan Hulu","14.06.02","Rokan IV Koto","14.06.02.2016","Lubuk Betung"
"14","Riau","14.06","Kabupaten Rokan Hulu","14.06.02","Rokan IV Koto","14.06.02.2017","Pemandang"
"14","Riau","14.06","Kabupaten Rokan Hulu","14.06.02","Rokan IV Koto","14.06.02.2018","Alahan"
"14","Riau","14.06","Kabupaten Rokan Hulu","14.06.02","Rokan IV Koto","14.06.02.2019","Tibawan"
"14","Riau","14.06","Kabupaten Rokan Hulu","14.06.03","Rambah","14.06.03.1001","Pasir Pengarayan"
"14","Riau","14.06","Kabupaten Rokan Hulu","14.06.03","Rambah","14.06.03.2002","Rambah Tengah Utara"
"14","Riau","14.06","Kabupaten Rokan Hulu","14.06.03","Rambah","14.06.03.2003","Rambah Tengah Hilir"
"14","Riau","14.06","Kabupaten Rokan Hulu","14.06.03","Rambah","14.06.03.2004","Rambah Tengah Hulu"
"14","Riau","14.06","Kabupaten Rokan Hulu","14.06.03","Rambah","14.06.03.2005","Rambah Tengah Barat"
"14","Riau","14.06","Kabupaten Rokan Hulu","14.06.03","Rambah","14.06.03.2006","Menaming"
"14","Riau","14.06","Kabupaten Rokan Hulu","14.06.03","Rambah","14.06.03.2007","Pasir Baru"
"14","Riau","14.06","Kabupaten Rokan Hulu","14.06.03","Rambah","14.06.03.2008","Sialang Jaya"
"14","Riau","14.06","Kabupaten Rokan Hulu","14.06.03","Rambah","14.06.03.2009","Tanjung Belit"
"14","Riau","14.06","Kabupaten Rokan Hulu","14.06.03","Rambah","14.06.03.2010","Koto Tinggi"
"14","Riau","14.06","Kabupaten Rokan Hulu","14.06.03","Rambah","14.06.03.2011","Suka Maju"
"14","Riau","14.06","Kabupaten Rokan Hulu","14.06.03","Rambah","14.06.03.2012","Pematang Berangan"
"14","Riau","14.06","Kabupaten Rokan Hulu","14.06.03","Rambah","14.06.03.2013","Babussalam"
"14","Riau","14.06","Kabupaten Rokan Hulu","14.06.03","Rambah","14.06.03.2014","Pasir Maju"
"14","Riau","14.06","Kabupaten Rokan Hulu","14.06.04","Tambusai","14.06.04.1001","Tambusai Tengah"
"14","Riau","14.06","Kabupaten Rokan Hulu","14.06.04","Tambusai","14.06.04.2002","Tambusai Barat"
"14","Riau","14.06","Kabupaten Rokan Hulu","14.06.04","Tambusai","14.06.04.2003","Tambusai Timur"
"14","Riau","14.06","Kabupaten Rokan Hulu","14.06.04","Tambusai","14.06.04.2004","Batas"
"14","Riau","14.06","Kabupaten Rokan Hulu","14.06.04","Tambusai","14.06.04.2005","Talikumain"
"14","Riau","14.06","Kabupaten Rokan Hulu","14.06.04","Tambusai","14.06.04.2006","Rantau Panjang"
"14","Riau","14.06","Kabupaten Rokan Hulu","14.06.04","Tambusai","14.06.04.2007","Sungai Kumango"
"14","Riau","14.06","Kabupaten Rokan Hulu","14.06.04","Tambusai","14.06.04.2008","Batang Kumu"
"14","Riau","14.06","Kabupaten Rokan Hulu","14.06.04","Tambusai","14.06.04.2009","Sialang Rindang"
"14","Riau","14.06","Kabupaten Rokan Hulu","14.06.04","Tambusai","14.06.04.2010","Suka Maju"
"14","Riau","14.06","Kabupaten Rokan Hulu","14.06.04","Tambusai","14.06.04.2011","Lubuk Soting"
"14","Riau","14.06","Kabupaten Rokan Hulu","14.06.04","Tambusai","14.06.04.2012","Tingkok"
"14","Riau","14.06","Kabupaten Rokan Hulu","14.06.05","Kepenuhan","14.06.05.1001","KepenuhanTengah"
"14","Riau","14.06","Kabupaten Rokan Hulu","14.06.05","Kepenuhan","14.06.05.2003","Kepenuhan Barat"
"14","Riau","14.06","Kabupaten Rokan Hulu","14.06.05","Kepenuhan","14.06.05.2004","Kepenuhan Hilir"
"14","Riau","14.06","Kabupaten Rokan Hulu","14.06.05","Kepenuhan","14.06.05.2005","Kepenuhan Timur"
"14","Riau","14.06","Kabupaten Rokan Hulu","14.06.05","Kepenuhan","14.06.05.2006","Kepenuhan Barat Sei Rokan Jaya"
"14","Riau","14.06","Kabupaten Rokan Hulu","14.06.05","Kepenuhan","14.06.05.2007","Kepenuhan Raya"
"14","Riau","14.06","Kabupaten Rokan Hulu","14.06.05","Kepenuhan","14.06.05.2008","Kepenuhan Baru"
"14","Riau","14.06","Kabupaten Rokan Hulu","14.06.05","Kepenuhan","14.06.05.2009","Kepenuhan Barat Mulya"
"14","Riau","14.06","Kabupaten Rokan Hulu","14.06.05","Kepenuhan","14.06.05.2010","Ulak Patian"
"14","Riau","14.06","Kabupaten Rokan Hulu","14.06.05","Kepenuhan","14.06.05.2012","Rantau Binuang Sakti"
"14","Riau","14.06","Kabupaten Rokan Hulu","14.06.06","Kunto Darussalam","14.06.06.1001","Kota Lama"
"14","Riau","14.06","Kabupaten Rokan Hulu","14.06.06","Kunto Darussalam","14.06.06.2003","Kota Intan"
"14","Riau","14.06","Kabupaten Rokan Hulu","14.06.06","Kunto Darussalam","14.06.06.2004","Muara Dilam"
"14","Riau","14.06","Kabupaten Rokan Hulu","14.06.06","Kunto Darussalam","14.06.06.2008","Kota Raya"
"14","Riau","14.06","Kabupaten Rokan Hulu","14.06.06","Kunto Darussalam","14.06.06.2009","Kota Baru"
"14","Riau","14.06","Kabupaten Rokan Hulu","14.06.06","Kunto Darussalam","14.06.06.2010","Sungai Kuti"
"14","Riau","14.06","Kabupaten Rokan Hulu","14.06.06","Kunto Darussalam","14.06.06.2011","Pasir Indah"
"14","Riau","14.06","Kabupaten Rokan Hulu","14.06.06","Kunto Darussalam","14.06.06.2012","Pasir Luhur"
"14","Riau","14.06","Kabupaten Rokan Hulu","14.06.06","Kunto Darussalam","14.06.06.2017","Bukit Intan Makmur"
"14","Riau","14.06","Kabupaten Rokan Hulu","14.06.06","Kunto Darussalam","14.06.06.2018","Bagan Tujuh"
"14","Riau","14.06","Kabupaten Rokan Hulu","14.06.07","Rambah Samo","14.06.07.2001","Rambah Samo"
"14","Riau","14.06","Kabupaten Rokan Hulu","14.06.07","Rambah Samo","14.06.07.2002","Rambah Samo Barat"
"14","Riau","14.06","Kabupaten Rokan Hulu","14.06.07","Rambah Samo","14.06.07.2003","Rambah Baru"
"14","Riau","14.06","Kabupaten Rokan Hulu","14.06.07","Rambah Samo","14.06.07.2004","Rambah Utama"
"14","Riau","14.06","Kabupaten Rokan Hulu","14.06.07","Rambah Samo","14.06.07.2005","Pasir Makmur"
"14","Riau","14.06","Kabupaten Rokan Hulu","14.06.07","Rambah Samo","14.06.07.2006","Karya Mulya"
"14","Riau","14.06","Kabupaten Rokan Hulu","14.06.07","Rambah Samo","14.06.07.2007","Marga Mulya"
"14","Riau","14.06","Kabupaten Rokan Hulu","14.06.07","Rambah Samo","14.06.07.2008","Langkitin"
"14","Riau","14.06","Kabupaten Rokan Hulu","14.06.07","Rambah Samo","14.06.07.2009","Masda Makmur"
"14","Riau","14.06","Kabupaten Rokan Hulu","14.06.07","Rambah Samo","14.06.07.2010","Lubuk Napal"
"14","Riau","14.06","Kabupaten Rokan Hulu","14.06.07","Rambah Samo","14.06.07.2011","Teluk Aur"
"14","Riau","14.06","Kabupaten Rokan Hulu","14.06.07","Rambah Samo","14.06.07.2012","Sei Salak"
"14","Riau","14.06","Kabupaten Rokan Hulu","14.06.07","Rambah Samo","14.06.07.2013","Sei Kuning"
"14","Riau","14.06","Kabupaten Rokan Hulu","14.06.07","Rambah Samo","14.06.07.2014","Lubuk Bilang"
"14","Riau","14.06","Kabupaten Rokan Hulu","14.06.08","Rambah Hilir","14.06.08.2001","Rambah Hilir"
"14","Riau","14.06","Kabupaten Rokan Hulu","14.06.08","Rambah Hilir","14.06.08.2002","Rambah Hilir Tengah"
"14","Riau","14.06","Kabupaten Rokan Hulu","14.06.08","Rambah Hilir","14.06.08.2003","Rambah Hilir Timur"
"14","Riau","14.06","Kabupaten Rokan Hulu","14.06.08","Rambah Hilir","14.06.08.2004","Pasir Utama"
"14","Riau","14.06","Kabupaten Rokan Hulu","14.06.08","Rambah Hilir","14.06.08.2005","Pasir Jaya"
"14","Riau","14.06","Kabupaten Rokan Hulu","14.06.08","Rambah Hilir","14.06.08.2006","Rambah Muda"
"14","Riau","14.06","Kabupaten Rokan Hulu","14.06.08","Rambah Hilir","14.06.08.2007","Sungai Sitolang"
"14","Riau","14.06","Kabupaten Rokan Hulu","14.06.08","Rambah Hilir","14.06.08.2008","Lubuk Kerapat"
"14","Riau","14.06","Kabupaten Rokan Hulu","14.06.08","Rambah Hilir","14.06.08.2009","Rambah"
"14","Riau","14.06","Kabupaten Rokan Hulu","14.06.08","Rambah Hilir","14.06.08.2010","Serombou Indah"
"14","Riau","14.06","Kabupaten Rokan Hulu","14.06.08","Rambah Hilir","14.06.08.2011","Sungai Dua Indah"
"14","Riau","14.06","Kabupaten Rokan Hulu","14.06.08","Rambah Hilir","14.06.08.2012","Muara Musu"
"14","Riau","14.06","Kabupaten Rokan Hulu","14.06.08","Rambah Hilir","14.06.08.2013","Sejati"
"14","Riau","14.06","Kabupaten Rokan Hulu","14.06.09","Tambusai Utara","14.06.09.2001","Tambusai Utara"
"14","Riau","14.06","Kabupaten Rokan Hulu","14.06.09","Tambusai Utara","14.06.09.2002","Mahato"
"14","Riau","14.06","Kabupaten Rokan Hulu","14.06.09","Tambusai Utara","14.06.09.2003","Bangun Jaya"
"14","Riau","14.06","Kabupaten Rokan Hulu","14.06.09","Tambusai Utara","14.06.09.2004","Simpang Harapan"
"14","Riau","14.06","Kabupaten Rokan Hulu","14.06.09","Tambusai Utara","14.06.09.2005","Pagar Mayang"
"14","Riau","14.06","Kabupaten Rokan Hulu","14.06.09","Tambusai Utara","14.06.09.2006","Payung Sekaki"
"14","Riau","14.06","Kabupaten Rokan Hulu","14.06.09","Tambusai Utara","14.06.09.2007","Mekar Jaya"
"14","Riau","14.06","Kabupaten Rokan Hulu","14.06.09","Tambusai Utara","14.06.09.2008","Tanjung Medan"
"14","Riau","14.06","Kabupaten Rokan Hulu","14.06.09","Tambusai Utara","14.06.09.2009","Suka Damai"
"14","Riau","14.06","Kabupaten Rokan Hulu","14.06.09","Tambusai Utara","14.06.09.2010","Rantau Sakti"
"14","Riau","14.06","Kabupaten Rokan Hulu","14.06.09","Tambusai Utara","14.06.09.2011","Mahato Sakti"
"14","Riau","14.06","Kabupaten Rokan Hulu","14.06.10","Bangun Purba","14.06.10.2001","Pasir Agung"
"14","Riau","14.06","Kabupaten Rokan Hulu","14.06.10","Bangun Purba","14.06.10.2002","Pasir Intan"
"14","Riau","14.06","Kabupaten Rokan Hulu","14.06.10","Bangun Purba","14.06.10.2003","Rambah Jaya"
"14","Riau","14.06","Kabupaten Rokan Hulu","14.06.10","Bangun Purba","14.06.10.2004","Bangun Purba"
"14","Riau","14.06","Kabupaten Rokan Hulu","14.06.10","Bangun Purba","14.06.10.2005","Bangun Purba Timur Jaya"
"14","Riau","14.06","Kabupaten Rokan Hulu","14.06.10","Bangun Purba","14.06.10.2006","Bangun Purba Barat"
"14","Riau","14.06","Kabupaten Rokan Hulu","14.06.10","Bangun Purba","14.06.10.2007","Tangun"
"14","Riau","14.06","Kabupaten Rokan Hulu","14.06.11","Tandun","14.06.11.2001","Tandun"
"14","Riau","14.06","Kabupaten Rokan Hulu","14.06.11","Tandun","14.06.11.2002","Kumain"
"14","Riau","14.06","Kabupaten Rokan Hulu","14.06.11","Tandun","14.06.11.2003","Bono Tapung"
"14","Riau","14.06","Kabupaten Rokan Hulu","14.06.11","Tandun","14.06.11.2004","Dayo"
"14","Riau","14.06","Kabupaten Rokan Hulu","14.06.11","Tandun","14.06.11.2005","Tapung Jaya"
"14","Riau","14.06","Kabupaten Rokan Hulu","14.06.11","Tandun","14.06.11.2006","Puo Raya"
"14","Riau","14.06","Kabupaten Rokan Hulu","14.06.11","Tandun","14.06.11.2007","Sei Kuning"
"14","Riau","14.06","Kabupaten Rokan Hulu","14.06.11","Tandun","14.06.11.2008","Koto Tandun"
"14","Riau","14.06","Kabupaten Rokan Hulu","14.06.11","Tandun","14.06.11.2009","Tandun Barat"
"14","Riau","14.06","Kabupaten Rokan Hulu","14.06.12","Kabun","14.06.12.2001","Kabun"
"14","Riau","14.06","Kabupaten Rokan Hulu","14.06.12","Kabun","14.06.12.2002","Aliantan"
"14","Riau","14.06","Kabupaten Rokan Hulu","14.06.12","Kabun","14.06.12.2003","Koto Ranah"
"14","Riau","14.06","Kabupaten Rokan Hulu","14.06.12","Kabun","14.06.12.2004","Boncah Kesuma"
"14","Riau","14.06","Kabupaten Rokan Hulu","14.06.12","Kabun","14.06.12.2005","Batu Langkah Besar"
"14","Riau","14.06","Kabupaten Rokan Hulu","14.06.12","Kabun","14.06.12.2006","Giti"
"14","Riau","14.06","Kabupaten Rokan Hulu","14.06.13","Bonai Darussalam","14.06.13.2001","Teluk Sono"
"14","Riau","14.06","Kabupaten Rokan Hulu","14.06.13","Bonai Darussalam","14.06.13.2002","Sontang"
"14","Riau","14.06","Kabupaten Rokan Hulu","14.06.13","Bonai Darussalam","14.06.13.2003","Bonai"
"14","Riau","14.06","Kabupaten Rokan Hulu","14.06.13","Bonai Darussalam","14.06.13.2004","Rawa Makmur"
"14","Riau","14.06","Kabupaten Rokan Hulu","14.06.13","Bonai Darussalam","14.06.13.2005","Pauh"
"14","Riau","14.06","Kabupaten Rokan Hulu","14.06.13","Bonai Darussalam","14.06.13.2006","Kasang Padang"
"14","Riau","14.06","Kabupaten Rokan Hulu","14.06.13","Bonai Darussalam","14.06.13.2007","Kasang Mungkal"
"14","Riau","14.06","Kabupaten Rokan Hulu","14.06.14","Pagaran Tapah Darussalam","14.06.14.2001","Pagaran Tapah"
"14","Riau","14.06","Kabupaten Rokan Hulu","14.06.14","Pagaran Tapah Darussalam","14.06.14.2002","Kembang Damai"
"14","Riau","14.06","Kabupaten Rokan Hulu","14.06.14","Pagaran Tapah Darussalam","14.06.14.2005","Sangkir Indah"
"14","Riau","14.06","Kabupaten Rokan Hulu","14.06.15","Kepenuhan Hulu","14.06.15.2001","Kepenuhan Hulu"
"14","Riau","14.06","Kabupaten Rokan Hulu","14.06.15","Kepenuhan Hulu","14.06.15.2002","Pekan Tebih"
"14","Riau","14.06","Kabupaten Rokan Hulu","14.06.15","Kepenuhan Hulu","14.06.15.2003","Kepayang"
"14","Riau","14.06","Kabupaten Rokan Hulu","14.06.15","Kepenuhan Hulu","14.06.15.2004","Muara Jaya"
"14","Riau","14.06","Kabupaten Rokan Hulu","14.06.15","Kepenuhan Hulu","14.06.15.2005","Kepenuhan Jaya"
"14","Riau","14.06","Kabupaten Rokan Hulu","14.06.16","Pendalian IV Koto","14.06.16.2001","Pendalian"
"14","Riau","14.06","Kabupaten Rokan Hulu","14.06.16","Pendalian IV Koto","14.06.16.2002","Bengkolan Salak"
"14","Riau","14.06","Kabupaten Rokan Hulu","14.06.16","Pendalian IV Koto","14.06.16.2003","Suligi"
"14","Riau","14.06","Kabupaten Rokan Hulu","14.06.16","Pendalian IV Koto","14.06.16.2004","Air Panas"
"14","Riau","14.06","Kabupaten Rokan Hulu","14.06.16","Pendalian IV Koto","14.06.16.2005","Sei Kandis"
"14","Riau","14.07","Kabupaten Rokan Hilir","14.07.01","Kubu","14.07.01.1010","Telukmerbau"
"14","Riau","14.07","Kabupaten Rokan Hilir","14.07.01","Kubu","14.07.01.2002","Tanjungleban"
"14","Riau","14.07","Kabupaten Rokan Hilir","14.07.01","Kubu","14.07.01.2003","Sungaikubu"
"14","Riau","14.07","Kabupaten Rokan Hilir","14.07.01","Kubu","14.07.01.2004","Rantau Panjang Kanan"
"14","Riau","14.07","Kabupaten Rokan Hilir","14.07.01","Kubu","14.07.01.2012","Telukpiyai"
"14","Riau","14.07","Kabupaten Rokan Hilir","14.07.01","Kubu","14.07.01.2013","Sungaisegajah"
"14","Riau","14.07","Kabupaten Rokan Hilir","14.07.01","Kubu","14.07.01.2015","Sei Segajah Makmur"
"14","Riau","14.07","Kabupaten Rokan Hilir","14.07.01","Kubu","14.07.01.2020","Telukpiyai Pesisir"
"14","Riau","14.07","Kabupaten Rokan Hilir","14.07.01","Kubu","14.07.01.2021","Sungaikubu Hulu"
"14","Riau","14.07","Kabupaten Rokan Hilir","14.07.01","Kubu","14.07.01.2022","Sungai Segajah Jaya"
"14","Riau","14.07","Kabupaten Rokan Hilir","14.07.02","Bangko","14.07.02.1011","Bagan Punak"
"14","Riau","14.07","Kabupaten Rokan Hilir","14.07.02","Bangko","14.07.02.1012","Bagan Kota"
"14","Riau","14.07","Kabupaten Rokan Hilir","14.07.02","Bangko","14.07.02.1015","Bagan Hulu"
"14","Riau","14.07","Kabupaten Rokan Hilir","14.07.02","Bangko","14.07.02.1016","Bagan Barat"
"14","Riau","14.07","Kabupaten Rokan Hilir","14.07.02","Bangko","14.07.02.1017","Bagan Timur"
"14","Riau","14.07","Kabupaten Rokan Hilir","14.07.02","Bangko","14.07.02.2009","Labuhan Tangga Kecil"
"14","Riau","14.07","Kabupaten Rokan Hilir","14.07.02","Bangko","14.07.02.2010","Labuhan Tangga Besar"
"14","Riau","14.07","Kabupaten Rokan Hilir","14.07.02","Bangko","14.07.02.2013","Bagan Jawa"
"14","Riau","14.07","Kabupaten Rokan Hilir","14.07.02","Bangko","14.07.02.2014","Parit Aman"
"14","Riau","14.07","Kabupaten Rokan Hilir","14.07.02","Bangko","14.07.02.2019","Labuhan Tangga Baru"
"14","Riau","14.07","Kabupaten Rokan Hilir","14.07.02","Bangko","14.07.02.2021","Bagan Jawa Pesisir"
"14","Riau","14.07","Kabupaten Rokan Hilir","14.07.02","Bangko","14.07.02.2022","Serusa"
"14","Riau","14.07","Kabupaten Rokan Hilir","14.07.02","Bangko","14.07.02.2023","Labuhan Tangga Hilir"
"14","Riau","14.07","Kabupaten Rokan Hilir","14.07.02","Bangko","14.07.02.2024","Bagan Punak Meranti"
"14","Riau","14.07","Kabupaten Rokan Hilir","14.07.02","Bangko","14.07.02.2025","Bagan Punak Pesisir"
"14","Riau","14.07","Kabupaten Rokan Hilir","14.07.03","Tanah Putih","14.07.03.1007","Sedinginan"
"14","Riau","14.07","Kabupaten Rokan Hilir","14.07.03","Tanah Putih","14.07.03.1010","Banjar XII"
"14","Riau","14.07","Kabupaten Rokan Hilir","14.07.03","Tanah Putih","14.07.03.1019","Cempedak Rahuk"
"14","Riau","14.07","Kabupaten Rokan Hilir","14.07.03","Tanah Putih","14.07.03.2001","Ujung Tanjung"
"14","Riau","14.07","Kabupaten Rokan Hilir","14.07.03","Tanah Putih","14.07.03.2002","Rantau Bais"
"14","Riau","14.07","Kabupaten Rokan Hilir","14.07.03","Tanah Putih","14.07.03.2005","Sekeladi"
"14","Riau","14.07","Kabupaten Rokan Hilir","14.07.03","Tanah Putih","14.07.03.2006","Teluk Mega"
"14","Riau","14.07","Kabupaten Rokan Hilir","14.07.03","Tanah Putih","14.07.03.2008","Putat"
"14","Riau","14.07","Kabupaten Rokan Hilir","14.07.03","Tanah Putih","14.07.03.2009","Sintong"
"14","Riau","14.07","Kabupaten Rokan Hilir","14.07.03","Tanah Putih","14.07.03.2011","Mumugo"
"14","Riau","14.07","Kabupaten Rokan Hilir","14.07.03","Tanah Putih","14.07.03.2012","Teluk Berembun"
"14","Riau","14.07","Kabupaten Rokan Hilir","14.07.03","Tanah Putih","14.07.03.2013","Menggala Sakti"
"14","Riau","14.07","Kabupaten Rokan Hilir","14.07.03","Tanah Putih","14.07.03.2014","Sekeladi Hilir"
"14","Riau","14.07","Kabupaten Rokan Hilir","14.07.03","Tanah Putih","14.07.03.2015","Menggala Sempurna"
"14","Riau","14.07","Kabupaten Rokan Hilir","14.07.03","Tanah Putih","14.07.03.2016","Sintong Pusaka"
"14","Riau","14.07","Kabupaten Rokan Hilir","14.07.03","Tanah Putih","14.07.03.2017","Sintong Bakti"
"14","Riau","14.07","Kabupaten Rokan Hilir","14.07.03","Tanah Putih","14.07.03.2018","Sintong Makmur"
"14","Riau","14.07","Kabupaten Rokan Hilir","14.07.04","Rimba Melintang","14.07.04.1001","Rimba Melintang"
"14","Riau","14.07","Kabupaten Rokan Hilir","14.07.04","Rimba Melintang","14.07.04.2002","Jumrah"
"14","Riau","14.07","Kabupaten Rokan Hilir","14.07.04","Rimba Melintang","14.07.04.2003","Telukpulau Hilir"
"14","Riau","14.07","Kabupaten Rokan Hilir","14.07.04","Rimba Melintang","14.07.04.2004","Telukpulau Hulu"
"14","Riau","14.07","Kabupaten Rokan Hilir","14.07.04","Rimba Melintang","14.07.04.2005","Langgadai Hulu"
"14","Riau","14.07","Kabupaten Rokan Hilir","14.07.04","Rimba Melintang","14.07.04.2006","Lenggadai Hilir"
"14","Riau","14.07","Kabupaten Rokan Hilir","14.07.04","Rimba Melintang","14.07.04.2007","Mukti Jaya"
"14","Riau","14.07","Kabupaten Rokan Hilir","14.07.04","Rimba Melintang","14.07.04.2008","Karya Mukti"
"14","Riau","14.07","Kabupaten Rokan Hilir","14.07.04","Rimba Melintang","14.07.04.2009","Harapan Jaya"
"14","Riau","14.07","Kabupaten Rokan Hilir","14.07.04","Rimba Melintang","14.07.04.2010","Seremban Jaya"
"14","Riau","14.07","Kabupaten Rokan Hilir","14.07.04","Rimba Melintang","14.07.04.2011","Pematang Botam"
"14","Riau","14.07","Kabupaten Rokan Hilir","14.07.04","Rimba Melintang","14.07.04.2012","Pematang Sikek"
"14","Riau","14.07","Kabupaten Rokan Hilir","14.07.05","Bagansinembah","14.07.05.1018","Bagan Batu Kota"
"14","Riau","14.07","Kabupaten Rokan Hilir","14.07.05","Bagansinembah","14.07.05.1019","Bahtera Makmur Kota"
"14","Riau","14.07","Kabupaten Rokan Hilir","14.07.05","Bagansinembah","14.07.05.2002","Bagan Batu"
"14","Riau","14.07","Kabupaten Rokan Hilir","14.07.05","Bagansinembah","14.07.05.2003","Bahtera Makmur"
"14","Riau","14.07","Kabupaten Rokan Hilir","14.07.05","Bagansinembah","14.07.05.2007","Pelita"
"14","Riau","14.07","Kabupaten Rokan Hilir","14.07.05","Bagansinembah","14.07.05.2008","Gelora"
"14","Riau","14.07","Kabupaten Rokan Hilir","14.07.05","Bagansinembah","14.07.05.2015","Suka Maju"
"14","Riau","14.07","Kabupaten Rokan Hilir","14.07.05","Bagansinembah","14.07.05.2016","Bagan Manunggal"
"14","Riau","14.07","Kabupaten Rokan Hilir","14.07.05","Bagansinembah","14.07.05.2017","Bagan Sapta Permai"
"14","Riau","14.07","Kabupaten Rokan Hilir","14.07.05","Bagansinembah","14.07.05.2025","Bakti Makmur"
"14","Riau","14.07","Kabupaten Rokan Hilir","14.07.05","Bagansinembah","14.07.05.2028","Jaya Agung"
"14","Riau","14.07","Kabupaten Rokan Hilir","14.07.05","Bagansinembah","14.07.05.2030","Meranti Makmur"
"14","Riau","14.07","Kabupaten Rokan Hilir","14.07.05","Bagansinembah","14.07.05.2031","Bhayangkara Jaya"
"14","Riau","14.07","Kabupaten Rokan Hilir","14.07.06","Pasir Limau Kapas","14.07.06.1007","Panipahan"
"14","Riau","14.07","Kabupaten Rokan Hilir","14.07.06","Pasir Limau Kapas","14.07.06.2001","Panipahan"
"14","Riau","14.07","Kabupaten Rokan Hilir","14.07.06","Pasir Limau Kapas","14.07.06.2002","Telukpulai"
"14","Riau","14.07","Kabupaten Rokan Hilir","14.07.06","Pasir Limau Kapas","14.07.06.2003","Pasir Limau Kapas"
"14","Riau","14.07","Kabupaten Rokan Hilir","14.07.06","Pasir Limau Kapas","14.07.06.2004","Sungai Daun"
"14","Riau","14.07","Kabupaten Rokan Hilir","14.07.06","Pasir Limau Kapas","14.07.06.2005","Panipahan Darat"
"14","Riau","14.07","Kabupaten Rokan Hilir","14.07.06","Pasir Limau Kapas","14.07.06.2006","Panipahan Laut"
"14","Riau","14.07","Kabupaten Rokan Hilir","14.07.06","Pasir Limau Kapas","14.07.06.2008","Pulaujemur"
"14","Riau","14.07","Kabupaten Rokan Hilir","14.07.07","Sinaboi","14.07.07.1005","Sinaboi Kota"
"14","Riau","14.07","Kabupaten Rokan Hilir","14.07.07","Sinaboi","14.07.07.2001","Sinaboi"
"14","Riau","14.07","Kabupaten Rokan Hilir","14.07.07","Sinaboi","14.07.07.2002","Sei Bakau"
"14","Riau","14.07","Kabupaten Rokan Hilir","14.07.07","Sinaboi","14.07.07.2003","Raja Bejamu"
"14","Riau","14.07","Kabupaten Rokan Hilir","14.07.07","Sinaboi","14.07.07.2004","Sungai Nyamuk"
"14","Riau","14.07","Kabupaten Rokan Hilir","14.07.07","Sinaboi","14.07.07.2006","Darussalam"
"14","Riau","14.07","Kabupaten Rokan Hilir","14.07.08","Pujud","14.07.08.1010","Pujud Selatan"
"14","Riau","14.07","Kabupaten Rokan Hilir","14.07.08","Pujud","14.07.08.2001","Teluk Nayang"
"14","Riau","14.07","Kabupaten Rokan Hilir","14.07.08","Pujud","14.07.08.2002","Pujud"
"14","Riau","14.07","Kabupaten Rokan Hilir","14.07.08","Pujud","14.07.08.2003","Air Hitam"
"14","Riau","14.07","Kabupaten Rokan Hilir","14.07.08","Pujud","14.07.08.2004","Kasang Bangsawan"
"14","Riau","14.07","Kabupaten Rokan Hilir","14.07.08","Pujud","14.07.08.2005","Sungaipinang"
"14","Riau","14.07","Kabupaten Rokan Hilir","14.07.08","Pujud","14.07.08.2008","Siarang-arang"
"14","Riau","14.07","Kabupaten Rokan Hilir","14.07.08","Pujud","14.07.08.2011","Suka Jadi"
"14","Riau","14.07","Kabupaten Rokan Hilir","14.07.08","Pujud","14.07.08.2015","Pujud Utara"
"14","Riau","14.07","Kabupaten Rokan Hilir","14.07.08","Pujud","14.07.08.2016","Babussalam Rokan"
"14","Riau","14.07","Kabupaten Rokan Hilir","14.07.08","Pujud","14.07.08.2017","Perkebunan Siarang-arang"
"14","Riau","14.07","Kabupaten Rokan Hilir","14.07.09","Tanah Putih Tanjung Melawan","14.07.09.1005","Melayu Besar Kota"
"14","Riau","14.07","Kabupaten Rokan Hilir","14.07.09","Tanah Putih Tanjung Melawan","14.07.09.2001","Melayu Besar"
"14","Riau","14.07","Kabupaten Rokan Hilir","14.07.09","Tanah Putih Tanjung Melawan","14.07.09.2002","Melayu Tengah"
"14","Riau","14.07","Kabupaten Rokan Hilir","14.07.09","Tanah Putih Tanjung Melawan","14.07.09.2003","Batu Hampar"
"14","Riau","14.07","Kabupaten Rokan Hilir","14.07.09","Tanah Putih Tanjung Melawan","14.07.09.2004","Mesah"
"14","Riau","14.07","Kabupaten Rokan Hilir","14.07.09","Tanah Putih Tanjung Melawan","14.07.09.2006","Labuhan Papan"
"14","Riau","14.07","Kabupaten Rokan Hilir","14.07.10","Bangko Pusako","14.07.10.1001","Bangko Kanan"
"14","Riau","14.07","Kabupaten Rokan Hilir","14.07.10","Bangko Pusako","14.07.10.1006","Bangko Kiri"
"14","Riau","14.07","Kabupaten Rokan Hilir","14.07.10","Bangko Pusako","14.07.10.2002","Bangko Jaya"
"14","Riau","14.07","Kabupaten Rokan Hilir","14.07.10","Bangko Pusako","14.07.10.2003","Bangko Sempurna"
"14","Riau","14.07","Kabupaten Rokan Hilir","14.07.10","Bangko Pusako","14.07.10.2004","Bangko Bakti"
"14","Riau","14.07","Kabupaten Rokan Hilir","14.07.10","Bangko Pusako","14.07.10.2005","Bangko Pusako"
"14","Riau","14.07","Kabupaten Rokan Hilir","14.07.10","Bangko Pusako","14.07.10.2007","Sei Manasib"
"14","Riau","14.07","Kabupaten Rokan Hilir","14.07.10","Bangko Pusako","14.07.10.2008","Teluk Bano I"
"14","Riau","14.07","Kabupaten Rokan Hilir","14.07.10","Bangko Pusako","14.07.10.2009","Bangko Makmur"
"14","Riau","14.07","Kabupaten Rokan Hilir","14.07.10","Bangko Pusako","14.07.10.2010","Pematang Damar"
"14","Riau","14.07","Kabupaten Rokan Hilir","14.07.10","Bangko Pusako","14.07.10.2011","Pematang Ibul"
"14","Riau","14.07","Kabupaten Rokan Hilir","14.07.10","Bangko Pusako","14.07.10.2012","Bangko Permata"
"14","Riau","14.07","Kabupaten Rokan Hilir","14.07.10","Bangko Pusako","14.07.10.2013","Bangko Mukti"
"14","Riau","14.07","Kabupaten Rokan Hilir","14.07.10","Bangko Pusako","14.07.10.2014","Bangko Lestari"
"14","Riau","14.07","Kabupaten Rokan Hilir","14.07.10","Bangko Pusako","14.07.10.2015","Bangko Balam"
"14","Riau","14.07","Kabupaten Rokan Hilir","14.07.10","Bangko Pusako","14.07.10.2016","Bangko Mas Raya"
"14","Riau","14.07","Kabupaten Rokan Hilir","14.07.11","Simpang Kanan","14.07.11.1001","Simpang Kanan"
"14","Riau","14.07","Kabupaten Rokan Hilir","14.07.11","Simpang Kanan","14.07.11.2002","Kota Parit"
"14","Riau","14.07","Kabupaten Rokan Hilir","14.07.11","Simpang Kanan","14.07.11.2003","Bagan Nibung"
"14","Riau","14.07","Kabupaten Rokan Hilir","14.07.11","Simpang Kanan","14.07.11.2004","Bukit Damar"
"14","Riau","14.07","Kabupaten Rokan Hilir","14.07.11","Simpang Kanan","14.07.11.2005","Bukit Mas"
"14","Riau","14.07","Kabupaten Rokan Hilir","14.07.11","Simpang Kanan","14.07.11.2006","Bukit Selamat"
"14","Riau","14.07","Kabupaten Rokan Hilir","14.07.12","Batu Hampar","14.07.12.1004","Bantayan Hilir"
"14","Riau","14.07","Kabupaten Rokan Hilir","14.07.12","Batu Hampar","14.07.12.2001","Bantaian"
"14","Riau","14.07","Kabupaten Rokan Hilir","14.07.12","Batu Hampar","14.07.12.2002","Sungaisialang"
"14","Riau","14.07","Kabupaten Rokan Hilir","14.07.12","Batu Hampar","14.07.12.2003","Bantayan Baru"
"14","Riau","14.07","Kabupaten Rokan Hilir","14.07.12","Batu Hampar","14.07.12.2005","Sungaisialang Hulu"
"14","Riau","14.07","Kabupaten Rokan Hilir","14.07.13","Rantau Kopar","14.07.13.1002","Rantau Kopar"
"14","Riau","14.07","Kabupaten Rokan Hilir","14.07.13","Rantau Kopar","14.07.13.1003","Sungai Rangau"
"14","Riau","14.07","Kabupaten Rokan Hilir","14.07.13","Rantau Kopar","14.07.13.2001","Sekapas"
"14","Riau","14.07","Kabupaten Rokan Hilir","14.07.13","Rantau Kopar","14.07.13.2004","Bagan Cempedak"
"14","Riau","14.07","Kabupaten Rokan Hilir","14.07.14","Pekaitan","14.07.14.2001","Pedamaran"
"14","Riau","14.07","Kabupaten Rokan Hilir","14.07.14","Pekaitan","14.07.14.2002","Rokan Baru"
"14","Riau","14.07","Kabupaten Rokan Hilir","14.07.14","Pekaitan","14.07.14.2003","Sei Besar"
"14","Riau","14.07","Kabupaten Rokan Hilir","14.07.14","Pekaitan","14.07.14.2004","Suak Temenggung"
"14","Riau","14.07","Kabupaten Rokan Hilir","14.07.14","Pekaitan","14.07.14.2005","Teluk Bano II"
"14","Riau","14.07","Kabupaten Rokan Hilir","14.07.14","Pekaitan","14.07.14.2006","Pekaitan"
"14","Riau","14.07","Kabupaten Rokan Hilir","14.07.14","Pekaitan","14.07.14.2007","Suak Air Hitam"
"14","Riau","14.07","Kabupaten Rokan Hilir","14.07.14","Pekaitan","14.07.14.2008","Kubu I"
"14","Riau","14.07","Kabupaten Rokan Hilir","14.07.14","Pekaitan","14.07.14.2009","Karyo Mulyo Sari"
"14","Riau","14.07","Kabupaten Rokan Hilir","14.07.14","Pekaitan","14.07.14.2010","Rokan Baru Pesisir"
"14","Riau","14.07","Kabupaten Rokan Hilir","14.07.15","Kubu Babussalam","14.07.15.2001","Rantau Panjang Kiri"
"14","Riau","14.07","Kabupaten Rokan Hilir","14.07.15","Kubu Babussalam","14.07.15.2002","Teluknilap"
"14","Riau","14.07","Kabupaten Rokan Hilir","14.07.15","Kubu Babussalam","14.07.15.2003","Sungaimajo"
"14","Riau","14.07","Kabupaten Rokan Hilir","14.07.15","Kubu Babussalam","14.07.15.2004","Sungaipinang"
"14","Riau","14.07","Kabupaten Rokan Hilir","14.07.15","Kubu Babussalam","14.07.15.2005","Sungaipanji-panji"
"14","Riau","14.07","Kabupaten Rokan Hilir","14.07.15","Kubu Babussalam","14.07.15.2006","Jojol"
"14","Riau","14.07","Kabupaten Rokan Hilir","14.07.15","Kubu Babussalam","14.07.15.2007","Pulauhalang Muka"
"14","Riau","14.07","Kabupaten Rokan Hilir","14.07.15","Kubu Babussalam","14.07.15.2008","Pulauhalang Belakang"
"14","Riau","14.07","Kabupaten Rokan Hilir","14.07.15","Kubu Babussalam","14.07.15.2009","Rantau Panjang Kiri Hilir"
"14","Riau","14.07","Kabupaten Rokan Hilir","14.07.15","Kubu Babussalam","14.07.15.2010","Teluknilap Jaya"
"14","Riau","14.07","Kabupaten Rokan Hilir","14.07.15","Kubu Babussalam","14.07.15.2011","Sungaimajo Pusako"
"14","Riau","14.07","Kabupaten Rokan Hilir","14.07.15","Kubu Babussalam","14.07.15.2012","Pulauhalang Hulu"
"14","Riau","14.07","Kabupaten Rokan Hilir","14.07.16","Tanjung Medan","14.07.16.2001","Tanjung Medan"
"14","Riau","14.07","Kabupaten Rokan Hilir","14.07.16","Tanjung Medan","14.07.16.2002","Tanjung Medan Utara"
"14","Riau","14.07","Kabupaten Rokan Hilir","14.07.16","Tanjung Medan","14.07.16.2003","Tanjung Medan Barat"
"14","Riau","14.07","Kabupaten Rokan Hilir","14.07.16","Tanjung Medan","14.07.16.2004","Sei Meranti"
"14","Riau","14.07","Kabupaten Rokan Hilir","14.07.16","Tanjung Medan","14.07.16.2005","Sei Meranti Darussalam"
"14","Riau","14.07","Kabupaten Rokan Hilir","14.07.16","Tanjung Medan","14.07.16.2006","Akar Belingkar"
"14","Riau","14.07","Kabupaten Rokan Hilir","14.07.16","Tanjung Medan","14.07.16.2007","Tangga Batu"
"14","Riau","14.07","Kabupaten Rokan Hilir","14.07.16","Tanjung Medan","14.07.16.2008","Perkebunan Tanjung Medan"
"14","Riau","14.07","Kabupaten Rokan Hilir","14.07.16","Tanjung Medan","14.07.16.2009","Sri Kayangan"
"14","Riau","14.07","Kabupaten Rokan Hilir","14.07.16","Tanjung Medan","14.07.16.2010","Pondok Kresek"
"14","Riau","14.07","Kabupaten Rokan Hilir","14.07.16","Tanjung Medan","14.07.16.2011","Sungai Tapah"
"14","Riau","14.07","Kabupaten Rokan Hilir","14.07.16","Tanjung Medan","14.07.16.2012","Tanjung Sari"
"14","Riau","14.07","Kabupaten Rokan Hilir","14.07.17","Bagan Sinembah Raya","14.07.17.1001","Bagan Sinembah Kota"
"14","Riau","14.07","Kabupaten Rokan Hilir","14.07.17","Bagan Sinembah Raya","14.07.17.2002","Bagan Sinembah"
"14","Riau","14.07","Kabupaten Rokan Hilir","14.07.17","Bagan Sinembah Raya","14.07.17.2003","Harapan Makmur Selatan"
"14","Riau","14.07","Kabupaten Rokan Hilir","14.07.17","Bagan Sinembah Raya","14.07.17.2004","Harapan Makmur"
"14","Riau","14.07","Kabupaten Rokan Hilir","14.07.17","Bagan Sinembah Raya","14.07.17.2005","Makmur Jaya"
"14","Riau","14.07","Kabupaten Rokan Hilir","14.07.17","Bagan Sinembah Raya","14.07.17.2006","Salak"
"14","Riau","14.07","Kabupaten Rokan Hilir","14.07.17","Bagan Sinembah Raya","14.07.17.2007","Panca Mukti"
"14","Riau","14.07","Kabupaten Rokan Hilir","14.07.17","Bagan Sinembah Raya","14.07.17.2008","Bagansinembah Timur"
"14","Riau","14.07","Kabupaten Rokan Hilir","14.07.17","Bagan Sinembah Raya","14.07.17.2009","Bagansinembah Utara"
"14","Riau","14.07","Kabupaten Rokan Hilir","14.07.17","Bagan Sinembah Raya","14.07.17.2010","Bagansinembah Barat"
"14","Riau","14.07","Kabupaten Rokan Hilir","14.07.18","Balai Jaya","14.07.18.1001","Balai Jaya Kota"
"14","Riau","14.07","Kabupaten Rokan Hilir","14.07.18","Balai Jaya","14.07.18.1002","Balam Sempurna Kota"
"14","Riau","14.07","Kabupaten Rokan Hilir","14.07.18","Balai Jaya","14.07.18.2003","Balam Jaya"
"14","Riau","14.07","Kabupaten Rokan Hilir","14.07.18","Balai Jaya","14.07.18.2004","Balai Jaya"
"14","Riau","14.07","Kabupaten Rokan Hilir","14.07.18","Balai Jaya","14.07.18.2005","Balam Sempurna"
"14","Riau","14.07","Kabupaten Rokan Hilir","14.07.18","Balai Jaya","14.07.18.2006","Bagan Bhakti"
"14","Riau","14.07","Kabupaten Rokan Hilir","14.07.18","Balai Jaya","14.07.18.2007","Kencana"
"14","Riau","14.07","Kabupaten Rokan Hilir","14.07.18","Balai Jaya","14.07.18.2008","Pasir Putih"
"14","Riau","14.07","Kabupaten Rokan Hilir","14.07.18","Balai Jaya","14.07.18.2009","Pasir Putih Utara"
"14","Riau","14.07","Kabupaten Rokan Hilir","14.07.18","Balai Jaya","14.07.18.2010","Pasir Putih Barat"
"14","Riau","14.07","Kabupaten Rokan Hilir","14.07.18","Balai Jaya","14.07.18.2011","Lubuk Jawi"
"14","Riau","14.08","Kabupaten Siak","14.08.01","Siak","14.08.01.1001","Kampung Dalam"
"14","Riau","14.08","Kabupaten Siak","14.08.01","Siak","14.08.01.1002","Kampung Rempak"
"14","Riau","14.08","Kabupaten Siak","14.08.01","Siak","14.08.01.2003","Langkai"
"14","Riau","14.08","Kabupaten Siak","14.08.01","Siak","14.08.01.2011","Tumang"
"14","Riau","14.08","Kabupaten Siak","14.08.01","Siak","14.08.01.2012","Merempan Hulu"
"14","Riau","14.08","Kabupaten Siak","14.08.01","Siak","14.08.01.2013","Rawang Air Putih"
"14","Riau","14.08","Kabupaten Siak","14.08.01","Siak","14.08.01.2014","Suak Lanjut"
"14","Riau","14.08","Kabupaten Siak","14.08.01","Siak","14.08.01.2015","Buantan Besar"
"14","Riau","14.08","Kabupaten Siak","14.08.02","Sungai Apit","14.08.02.1001","Sungai Apit"
"14","Riau","14.08","Kabupaten Siak","14.08.02","Sungai Apit","14.08.02.2002","Teluk Lanus"
"14","Riau","14.08","Kabupaten Siak","14.08.02","Sungai Apit","14.08.02.2003","Tanjung Kuras"
"14","Riau","14.08","Kabupaten Siak","14.08.02","Sungai Apit","14.08.02.2004","Parit I/II"
"14","Riau","14.08","Kabupaten Siak","14.08.02","Sungai Apit","14.08.02.2005","Teluk Mesjid"
"14","Riau","14.08","Kabupaten Siak","14.08.02","Sungai Apit","14.08.02.2008","Sungai Kayu Ara"
"14","Riau","14.08","Kabupaten Siak","14.08.02","Sungai Apit","14.08.02.2009","Lalang"
"14","Riau","14.08","Kabupaten Siak","14.08.02","Sungai Apit","14.08.02.2010","Mengkapan"
"14","Riau","14.08","Kabupaten Siak","14.08.02","Sungai Apit","14.08.02.2011","Sungai Rawa"
"14","Riau","14.08","Kabupaten Siak","14.08.02","Sungai Apit","14.08.02.2012","Penyengat"
"14","Riau","14.08","Kabupaten Siak","14.08.02","Sungai Apit","14.08.02.2014","Teluk Batil"
"14","Riau","14.08","Kabupaten Siak","14.08.02","Sungai Apit","14.08.02.2016","Bunsur"
"14","Riau","14.08","Kabupaten Siak","14.08.02","Sungai Apit","14.08.02.2017","Harapan"
"14","Riau","14.08","Kabupaten Siak","14.08.02","Sungai Apit","14.08.02.2019","Kayu Ara Permai"
"14","Riau","14.08","Kabupaten Siak","14.08.02","Sungai Apit","14.08.02.2020","Rawa Mekar Jaya"
"14","Riau","14.08","Kabupaten Siak","14.08.03","Minas","14.08.03.1001","Minas Jaya"
"14","Riau","14.08","Kabupaten Siak","14.08.03","Minas","14.08.03.2002","Minas Timur"
"14","Riau","14.08","Kabupaten Siak","14.08.03","Minas","14.08.03.2003","Minas Barat"
"14","Riau","14.08","Kabupaten Siak","14.08.03","Minas","14.08.03.2004","Mandi Angin"
"14","Riau","14.08","Kabupaten Siak","14.08.03","Minas","14.08.03.2005","Rantau Bertuah"
"14","Riau","14.08","Kabupaten Siak","14.08.04","Tualang","14.08.04.1001","Perawang"
"14","Riau","14.08","Kabupaten Siak","14.08.04","Tualang","14.08.04.2002","Tualang"
"14","Riau","14.08","Kabupaten Siak","14.08.04","Tualang","14.08.04.2003","Pinang Sebatang"
"14","Riau","14.08","Kabupaten Siak","14.08.04","Tualang","14.08.04.2004","Meredan"
"14","Riau","14.08","Kabupaten Siak","14.08.04","Tualang","14.08.04.2005","Pinang Sebatang Timur"
"14","Riau","14.08","Kabupaten Siak","14.08.04","Tualang","14.08.04.2006","Pinang Sebatang Barat"
"14","Riau","14.08","Kabupaten Siak","14.08.04","Tualang","14.08.04.2007","Meredan Barat"
"14","Riau","14.08","Kabupaten Siak","14.08.04","Tualang","14.08.04.2008","Perawang Barat"
"14","Riau","14.08","Kabupaten Siak","14.08.04","Tualang","14.08.04.2009","Tualang Timur"
"14","Riau","14.08","Kabupaten Siak","14.08.05","Sungai Mandau","14.08.05.2001","Muara Kelantan"
"14","Riau","14.08","Kabupaten Siak","14.08.05","Sungai Mandau","14.08.05.2002","Teluk Lancang"
"14","Riau","14.08","Kabupaten Siak","14.08.05","Sungai Mandau","14.08.05.2003","Sungai Selodang"
"14","Riau","14.08","Kabupaten Siak","14.08.05","Sungai Mandau","14.08.05.2004","Olak"
"14","Riau","14.08","Kabupaten Siak","14.08.05","Sungai Mandau","14.08.05.2005","Lubuk Jering"
"14","Riau","14.08","Kabupaten Siak","14.08.05","Sungai Mandau","14.08.05.2006","Muara Bungkal"
"14","Riau","14.08","Kabupaten Siak","14.08.05","Sungai Mandau","14.08.05.2007","Lubuk Umbut"
"14","Riau","14.08","Kabupaten Siak","14.08.05","Sungai Mandau","14.08.05.2008","Bencah Umbai"
"14","Riau","14.08","Kabupaten Siak","14.08.05","Sungai Mandau","14.08.05.2009","Tasik Betung"
"14","Riau","14.08","Kabupaten Siak","14.08.06","Dayun","14.08.06.2001","Dayun"
"14","Riau","14.08","Kabupaten Siak","14.08.06","Dayun","14.08.06.2002","Banjar Seminai"
"14","Riau","14.08","Kabupaten Siak","14.08.06","Dayun","14.08.06.2003","Teluk Merbau"
"14","Riau","14.08","Kabupaten Siak","14.08.06","Dayun","14.08.06.2004","Merangkai"
"14","Riau","14.08","Kabupaten Siak","14.08.06","Dayun","14.08.06.2005","Lubuk Tilan"
"14","Riau","14.08","Kabupaten Siak","14.08.06","Dayun","14.08.06.2006","Berumbung Baru"
"14","Riau","14.08","Kabupaten Siak","14.08.06","Dayun","14.08.06.2007","Pangkalan Makmur"
"14","Riau","14.08","Kabupaten Siak","14.08.06","Dayun","14.08.06.2008","Buana Makmur"
"14","Riau","14.08","Kabupaten Siak","14.08.06","Dayun","14.08.06.2009","Suka Mulya"
"14","Riau","14.08","Kabupaten Siak","14.08.06","Dayun","14.08.06.2010","Sawit Permai"
"14","Riau","14.08","Kabupaten Siak","14.08.06","Dayun","14.08.06.2011","Sialang Sakti"
"14","Riau","14.08","Kabupaten Siak","14.08.07","Kerinci Kanan","14.08.07.2001","Kerinci Kanan"
"14","Riau","14.08","Kabupaten Siak","14.08.07","Kerinci Kanan","14.08.07.2002","Kerinci Kiri"
"14","Riau","14.08","Kabupaten Siak","14.08.07","Kerinci Kanan","14.08.07.2003","Buana Bakti"
"14","Riau","14.08","Kabupaten Siak","14.08.07","Kerinci Kanan","14.08.07.2004","Bukit Harapan"
"14","Riau","14.08","Kabupaten Siak","14.08.07","Kerinci Kanan","14.08.07.2005","Kumbara Utama"
"14","Riau","14.08","Kabupaten Siak","14.08.07","Kerinci Kanan","14.08.07.2006","Bukit Agung"
"14","Riau","14.08","Kabupaten Siak","14.08.07","Kerinci Kanan","14.08.07.2008","Simpang Perak Jaya"
"14","Riau","14.08","Kabupaten Siak","14.08.07","Kerinci Kanan","14.08.07.2009","Buatan Baru"
"14","Riau","14.08","Kabupaten Siak","14.08.07","Kerinci Kanan","14.08.07.2010","Gabung Makmur"
"14","Riau","14.08","Kabupaten Siak","14.08.07","Kerinci Kanan","14.08.07.2011","Jati Mulya"
"14","Riau","14.08","Kabupaten Siak","14.08.07","Kerinci Kanan","14.08.07.2012","Seminai"
"14","Riau","14.08","Kabupaten Siak","14.08.07","Kerinci Kanan","14.08.07.2013","Delima Jaya"
"14","Riau","14.08","Kabupaten Siak","14.08.08","Bunga Raya","14.08.08.2001","Bunga Raya"
"14","Riau","14.08","Kabupaten Siak","14.08.08","Bunga Raya","14.08.08.2002","Jati Baru"
"14","Riau","14.08","Kabupaten Siak","14.08.08","Bunga Raya","14.08.08.2003","Jayapura"
"14","Riau","14.08","Kabupaten Siak","14.08.08","Bunga Raya","14.08.08.2011","Kemuning Muda"
"14","Riau","14.08","Kabupaten Siak","14.08.08","Bunga Raya","14.08.08.2012","Buatan Lestari"
"14","Riau","14.08","Kabupaten Siak","14.08.08","Bunga Raya","14.08.08.2013","Tuah Indrapura"
"14","Riau","14.08","Kabupaten Siak","14.08.08","Bunga Raya","14.08.08.2014","Langsat Permai"
"14","Riau","14.08","Kabupaten Siak","14.08.08","Bunga Raya","14.08.08.2015","Temusai"
"14","Riau","14.08","Kabupaten Siak","14.08.08","Bunga Raya","14.08.08.2016","Dayang Suri"
"14","Riau","14.08","Kabupaten Siak","14.08.08","Bunga Raya","14.08.08.2017","Suak Merambai"
"14","Riau","14.08","Kabupaten Siak","14.08.09","Koto Gasib","14.08.09.2001","Pangkalan Pisang"
"14","Riau","14.08","Kabupaten Siak","14.08.09","Koto Gasib","14.08.09.2002","Kuala Gasib"
"14","Riau","14.08","Kabupaten Siak","14.08.09","Koto Gasib","14.08.09.2003","Teluk Rimba"
"14","Riau","14.08","Kabupaten Siak","14.08.09","Koto Gasib","14.08.09.2004","Buatan I"
"14","Riau","14.08","Kabupaten Siak","14.08.09","Koto Gasib","14.08.09.2005","Buatan II"
"14","Riau","14.08","Kabupaten Siak","14.08.09","Koto Gasib","14.08.09.2006","Sengkemang"
"14","Riau","14.08","Kabupaten Siak","14.08.09","Koto Gasib","14.08.09.2007","Rantau Panjang"
"14","Riau","14.08","Kabupaten Siak","14.08.09","Koto Gasib","14.08.09.2008","Empang Pandan"
"14","Riau","14.08","Kabupaten Siak","14.08.09","Koto Gasib","14.08.09.2009","Keranji Guguh"
"14","Riau","14.08","Kabupaten Siak","14.08.09","Koto Gasib","14.08.09.2010","Sri Gemilang"
"14","Riau","14.08","Kabupaten Siak","14.08.09","Koto Gasib","14.08.09.2011","Tasik Seminai"
"14","Riau","14.08","Kabupaten Siak","14.08.10","Kandis","14.08.10.1001","Simpang Belutu"
"14","Riau","14.08","Kabupaten Siak","14.08.10","Kandis","14.08.10.1002","Telaga Sam-sam"
"14","Riau","14.08","Kabupaten Siak","14.08.10","Kandis","14.08.10.1003","Kandis Kota"
"14","Riau","14.08","Kabupaten Siak","14.08.10","Kandis","14.08.10.2004","Belutu"
"14","Riau","14.08","Kabupaten Siak","14.08.10","Kandis","14.08.10.2005","Kandis"
"14","Riau","14.08","Kabupaten Siak","14.08.10","Kandis","14.08.10.2006","Sam-Sam"
"14","Riau","14.08","Kabupaten Siak","14.08.10","Kandis","14.08.10.2007","Bekalar"
"14","Riau","14.08","Kabupaten Siak","14.08.10","Kandis","14.08.10.2008","Jambai Makmur"
"14","Riau","14.08","Kabupaten Siak","14.08.10","Kandis","14.08.10.2009","Sungai Gondang"
"14","Riau","14.08","Kabupaten Siak","14.08.10","Kandis","14.08.10.2010","Pencing Bekulo"
"14","Riau","14.08","Kabupaten Siak","14.08.10","Kandis","14.08.10.2011","Libo Jaya"
"14","Riau","14.08","Kabupaten Siak","14.08.11","Lubuk Dalam","14.08.11.2001","Lubuk Dalam"
"14","Riau","14.08","Kabupaten Siak","14.08.11","Lubuk Dalam","14.08.11.2002","Rawang Kao"
"14","Riau","14.08","Kabupaten Siak","14.08.11","Lubuk Dalam","14.08.11.2003","Sri Gading"
"14","Riau","14.08","Kabupaten Siak","14.08.11","Lubuk Dalam","14.08.11.2004","Sialang Baru"
"14","Riau","14.08","Kabupaten Siak","14.08.11","Lubuk Dalam","14.08.11.2005","Sialang Palas"
"14","Riau","14.08","Kabupaten Siak","14.08.11","Lubuk Dalam","14.08.11.2006","Empang Baru"
"14","Riau","14.08","Kabupaten Siak","14.08.11","Lubuk Dalam","14.08.11.2007","Rawang Kao Barat"
"14","Riau","14.08","Kabupaten Siak","14.08.12","Sabak Auh","14.08.12.2001","Bandar Sungai"
"14","Riau","14.08","Kabupaten Siak","14.08.12","Sabak Auh","14.08.12.2002","Rempak"
"14","Riau","14.08","Kabupaten Siak","14.08.12","Sabak Auh","14.08.12.2003","Belading"
"14","Riau","14.08","Kabupaten Siak","14.08.12","Sabak Auh","14.08.12.2004","Sungai Tengah"
"14","Riau","14.08","Kabupaten Siak","14.08.12","Sabak Auh","14.08.12.2005","Laksamana"
"14","Riau","14.08","Kabupaten Siak","14.08.12","Sabak Auh","14.08.12.2006","Sabak Permai"
"14","Riau","14.08","Kabupaten Siak","14.08.12","Sabak Auh","14.08.12.2007","Bandar Pedada"
"14","Riau","14.08","Kabupaten Siak","14.08.12","Sabak Auh","14.08.12.2008","Selat Guntung"
"14","Riau","14.08","Kabupaten Siak","14.08.13","Mempura","14.08.13.1006","Sungaimempura"
"14","Riau","14.08","Kabupaten Siak","14.08.13","Mempura","14.08.13.2001","Kota Ringin"
"14","Riau","14.08","Kabupaten Siak","14.08.13","Mempura","14.08.13.2002","Paluh"
"14","Riau","14.08","Kabupaten Siak","14.08.13","Mempura","14.08.13.2003","Benteng Hilir"
"14","Riau","14.08","Kabupaten Siak","14.08.13","Mempura","14.08.13.2004","Benteng Hulu"
"14","Riau","14.08","Kabupaten Siak","14.08.13","Mempura","14.08.13.2005","Kampung Tengah"
"14","Riau","14.08","Kabupaten Siak","14.08.13","Mempura","14.08.13.2007","Merempan Hilir"
"14","Riau","14.08","Kabupaten Siak","14.08.13","Mempura","14.08.13.2008","Telukmerempan"
"14","Riau","14.08","Kabupaten Siak","14.08.14","Pusako","14.08.14.2001","Sungai Berbari"
"14","Riau","14.08","Kabupaten Siak","14.08.14","Pusako","14.08.14.2002","Sungai Limau"
"14","Riau","14.08","Kabupaten Siak","14.08.14","Pusako","14.08.14.2003","Dosan"
"14","Riau","14.08","Kabupaten Siak","14.08.14","Pusako","14.08.14.2004","Benayah"
"14","Riau","14.08","Kabupaten Siak","14.08.14","Pusako","14.08.14.2005","Pebadaran"
"14","Riau","14.08","Kabupaten Siak","14.08.14","Pusako","14.08.14.2006","Dusun Pusaka"
"14","Riau","14.08","Kabupaten Siak","14.08.14","Pusako","14.08.14.2007","Perincit"
"14","Riau","14.09","Kabupaten Kuantan Singingi","14.09.01","Kuantan Mudik","14.09.01.1012","Pasar Lubuk Jambi"
"14","Riau","14.09","Kabupaten Kuantan Singingi","14.09.01","Kuantan Mudik","14.09.01.2004","Air Buluh"
"14","Riau","14.09","Kabupaten Kuantan Singingi","14.09.01","Kuantan Mudik","14.09.01.2005","Pantai"
"14","Riau","14.09","Kabupaten Kuantan Singingi","14.09.01","Kuantan Mudik","14.09.01.2007","Lubuk Ramo"
"14","Riau","14.09","Kabupaten Kuantan Singingi","14.09.01","Kuantan Mudik","14.09.01.2008","Seberang Cengar"
"14","Riau","14.09","Kabupaten Kuantan Singingi","14.09.01","Kuantan Mudik","14.09.01.2009","Koto Cengar"
"14","Riau","14.09","Kabupaten Kuantan Singingi","14.09.01","Kuantan Mudik","14.09.01.2010","Sangau"
"14","Riau","14.09","Kabupaten Kuantan Singingi","14.09.01","Kuantan Mudik","14.09.01.2011","Banjar Padang"
"14","Riau","14.09","Kabupaten Kuantan Singingi","14.09.01","Kuantan Mudik","14.09.01.2013","Kasang"
"14","Riau","14.09","Kabupaten Kuantan Singingi","14.09.01","Kuantan Mudik","14.09.01.2014","Koto Lubuk Jambi"
"14","Riau","14.09","Kabupaten Kuantan Singingi","14.09.01","Kuantan Mudik","14.09.01.2015","Pulaubinjai"
"14","Riau","14.09","Kabupaten Kuantan Singingi","14.09.01","Kuantan Mudik","14.09.01.2016","Seberang Pantai"
"14","Riau","14.09","Kabupaten Kuantan Singingi","14.09.01","Kuantan Mudik","14.09.01.2017","Rantau Sialang"
"14","Riau","14.09","Kabupaten Kuantan Singingi","14.09.01","Kuantan Mudik","14.09.01.2018","Luai"
"14","Riau","14.09","Kabupaten Kuantan Singingi","14.09.01","Kuantan Mudik","14.09.01.2019","Banjar Guntung"
"14","Riau","14.09","Kabupaten Kuantan Singingi","14.09.01","Kuantan Mudik","14.09.01.2020","Bukitpedusunan"
"14","Riau","14.09","Kabupaten Kuantan Singingi","14.09.01","Kuantan Mudik","14.09.01.2021","Saik"
"14","Riau","14.09","Kabupaten Kuantan Singingi","14.09.01","Kuantan Mudik","14.09.01.2022","Pebaun Hulu"
"14","Riau","14.09","Kabupaten Kuantan Singingi","14.09.01","Kuantan Mudik","14.09.01.2023","Pebaun Hilir"
"14","Riau","14.09","Kabupaten Kuantan Singingi","14.09.01","Kuantan Mudik","14.09.01.2024","Kinali"
"14","Riau","14.09","Kabupaten Kuantan Singingi","14.09.01","Kuantan Mudik","14.09.01.2025","Bukit Kauman"
"14","Riau","14.09","Kabupaten Kuantan Singingi","14.09.01","Kuantan Mudik","14.09.01.2026","Aur Duri"
"14","Riau","14.09","Kabupaten Kuantan Singingi","14.09.01","Kuantan Mudik","14.09.01.2027","Sungaimanau"
"14","Riau","14.09","Kabupaten Kuantan Singingi","14.09.01","Kuantan Mudik","14.09.01.2030","Muaro Tombang"
"14","Riau","14.09","Kabupaten Kuantan Singingi","14.09.02","Kuantan Tengah","14.09.02.1016","Pasar Teluk"
"14","Riau","14.09","Kabupaten Kuantan Singingi","14.09.02","Kuantan Tengah","14.09.02.1018","Simpang Tiga"
"14","Riau","14.09","Kabupaten Kuantan Singingi","14.09.02","Kuantan Tengah","14.09.02.1025","Sungaijering"
"14","Riau","14.09","Kabupaten Kuantan Singingi","14.09.02","Kuantan Tengah","14.09.02.2001","Bandar Alai"
"14","Riau","14.09","Kabupaten Kuantan Singingi","14.09.02","Kuantan Tengah","14.09.02.2002","Pulaukedundung"
"14","Riau","14.09","Kabupaten Kuantan Singingi","14.09.02","Kuantan Tengah","14.09.02.2003","Pulauaro"
"14","Riau","14.09","Kabupaten Kuantan Singingi","14.09.02","Kuantan Tengah","14.09.02.2004","Seberang Taluk"
"14","Riau","14.09","Kabupaten Kuantan Singingi","14.09.02","Kuantan Tengah","14.09.02.2005","Pulau Baru"
"14","Riau","14.09","Kabupaten Kuantan Singingi","14.09.02","Kuantan Tengah","14.09.02.2006","Koto Tuo"
"14","Riau","14.09","Kabupaten Kuantan Singingi","14.09.02","Kuantan Tengah","14.09.02.2007","Kopah"
"14","Riau","14.09","Kabupaten Kuantan Singingi","14.09.02","Kuantan Tengah","14.09.02.2008","Munsalo"
"14","Riau","14.09","Kabupaten Kuantan Singingi","14.09.02","Kuantan Tengah","14.09.02.2014","Sawah"
"14","Riau","14.09","Kabupaten Kuantan Singingi","14.09.02","Kuantan Tengah","14.09.02.2015","Koto Taluk"
"14","Riau","14.09","Kabupaten Kuantan Singingi","14.09.02","Kuantan Tengah","14.09.02.2017","Koto Kari"
"14","Riau","14.09","Kabupaten Kuantan Singingi","14.09.02","Kuantan Tengah","14.09.02.2019","Pintu Gobang"
"14","Riau","14.09","Kabupaten Kuantan Singingi","14.09.02","Kuantan Tengah","14.09.02.2020","Jake"
"14","Riau","14.09","Kabupaten Kuantan Singingi","14.09.02","Kuantan Tengah","14.09.02.2021","Pulau Godang Kari"
"14","Riau","14.09","Kabupaten Kuantan Singingi","14.09.02","Kuantan Tengah","14.09.02.2022","Jaya"
"14","Riau","14.09","Kabupaten Kuantan Singingi","14.09.02","Kuantan Tengah","14.09.02.2023","Beringin Taluk"
"14","Riau","14.09","Kabupaten Kuantan Singingi","14.09.02","Kuantan Tengah","14.09.02.2024","Sitorajo"
"14","Riau","14.09","Kabupaten Kuantan Singingi","14.09.02","Kuantan Tengah","14.09.02.2026","Seberang Taluk Hilir"
"14","Riau","14.09","Kabupaten Kuantan Singingi","14.09.02","Kuantan Tengah","14.09.02.2027","Titian Modang Kopah"
"14","Riau","14.09","Kabupaten Kuantan Singingi","14.09.02","Kuantan Tengah","14.09.02.2028","Pulaubanjar Kari"
"14","Riau","14.09","Kabupaten Kuantan Singingi","14.09.03","Singingi","14.09.03.1003","Muara Lembu"
"14","Riau","14.09","Kabupaten Kuantan Singingi","14.09.03","Singingi","14.09.03.2001","Pangkalan Indarung"
"14","Riau","14.09","Kabupaten Kuantan Singingi","14.09.03","Singingi","14.09.03.2002","Pulaupadang"
"14","Riau","14.09","Kabupaten Kuantan Singingi","14.09.03","Singingi","14.09.03.2004","Logas"
"14","Riau","14.09","Kabupaten Kuantan Singingi","14.09.03","Singingi","14.09.03.2005","Kebun Lado"
"14","Riau","14.09","Kabupaten Kuantan Singingi","14.09.03","Singingi","14.09.03.2006","Sungaikuning"
"14","Riau","14.09","Kabupaten Kuantan Singingi","14.09.03","Singingi","14.09.03.2007","Sungaisirih"
"14","Riau","14.09","Kabupaten Kuantan Singingi","14.09.03","Singingi","14.09.03.2008","Sungaibawang"
"14","Riau","14.09","Kabupaten Kuantan Singingi","14.09.03","Singingi","14.09.03.2009","Air Emas"
"14","Riau","14.09","Kabupaten Kuantan Singingi","14.09.03","Singingi","14.09.03.2010","Pasir Emas"
"14","Riau","14.09","Kabupaten Kuantan Singingi","14.09.03","Singingi","14.09.03.2011","Petai Baru"
"14","Riau","14.09","Kabupaten Kuantan Singingi","14.09.03","Singingi","14.09.03.2012","Sungaikeranji"
"14","Riau","14.09","Kabupaten Kuantan Singingi","14.09.03","Singingi","14.09.03.2013","Sumber Datar"
"14","Riau","14.09","Kabupaten Kuantan Singingi","14.09.03","Singingi","14.09.03.2014","Logas Hilir"
"14","Riau","14.09","Kabupaten Kuantan Singingi","14.09.04","Kuantan Hilir","14.09.04.1001","Pasar Usang"
"14","Riau","14.09","Kabupaten Kuantan Singingi","14.09.04","Kuantan Hilir","14.09.04.1002","Pasar Baru"
"14","Riau","14.09","Kabupaten Kuantan Singingi","14.09.04","Kuantan Hilir","14.09.04.2003","Simpang Tanah Lapang"
"14","Riau","14.09","Kabupaten Kuantan Singingi","14.09.04","Kuantan Hilir","14.09.04.2004","Rawang Bonto"
"14","Riau","14.09","Kabupaten Kuantan Singingi","14.09.04","Kuantan Hilir","14.09.04.2005","Koto Tuo"
"14","Riau","14.09","Kabupaten Kuantan Singingi","14.09.04","Kuantan Hilir","14.09.04.2006","Banuaran"
"14","Riau","14.09","Kabupaten Kuantan Singingi","14.09.04","Kuantan Hilir","14.09.04.2007","Kampung Madura"
"14","Riau","14.09","Kabupaten Kuantan Singingi","14.09.04","Kuantan Hilir","14.09.04.2009","Pulau Kijang"
"14","Riau","14.09","Kabupaten Kuantan Singingi","14.09.04","Kuantan Hilir","14.09.04.2015","Pulaumadinah"
"14","Riau","14.09","Kabupaten Kuantan Singingi","14.09.04","Kuantan Hilir","14.09.04.2016","Kampung Tengah"
"14","Riau","14.09","Kabupaten Kuantan Singingi","14.09.04","Kuantan Hilir","14.09.04.2017","Kampung Medan"
"14","Riau","14.09","Kabupaten Kuantan Singingi","14.09.04","Kuantan Hilir","14.09.04.2018","Kepala Pulau"
"14","Riau","14.09","Kabupaten Kuantan Singingi","14.09.04","Kuantan Hilir","14.09.04.2019","Teratak Baru"
"14","Riau","14.09","Kabupaten Kuantan Singingi","14.09.04","Kuantan Hilir","14.09.04.2020","Dusun Tuo"
"14","Riau","14.09","Kabupaten Kuantan Singingi","14.09.04","Kuantan Hilir","14.09.04.2028","Gunungmelintang"
"14","Riau","14.09","Kabupaten Kuantan Singingi","14.09.04","Kuantan Hilir","14.09.04.2030","Simpang Pulauberalo"
"14","Riau","14.09","Kabupaten Kuantan Singingi","14.09.05","Cerenti","14.09.05.1001","Pasar Cerenti"
"14","Riau","14.09","Kabupaten Kuantan Singingi","14.09.05","Cerenti","14.09.05.1002","Koto Peraku"
"14","Riau","14.09","Kabupaten Kuantan Singingi","14.09.05","Cerenti","14.09.05.2003","Kompe Berangin"
"14","Riau","14.09","Kabupaten Kuantan Singingi","14.09.05","Cerenti","14.09.05.2004","Sikakak"
"14","Riau","14.09","Kabupaten Kuantan Singingi","14.09.05","Cerenti","14.09.05.2005","Kampung Baru"
"14","Riau","14.09","Kabupaten Kuantan Singingi","14.09.05","Cerenti","14.09.05.2006","Pulaujambu"
"14","Riau","14.09","Kabupaten Kuantan Singingi","14.09.05","Cerenti","14.09.05.2007","Koto Cerenti"
"14","Riau","14.09","Kabupaten Kuantan Singingi","14.09.05","Cerenti","14.09.05.2008","Pulaubayur"
"14","Riau","14.09","Kabupaten Kuantan Singingi","14.09.05","Cerenti","14.09.05.2009","Pulau Panjang Cerenti"
"14","Riau","14.09","Kabupaten Kuantan Singingi","14.09.05","Cerenti","14.09.05.2010","Pesikaian"
"14","Riau","14.09","Kabupaten Kuantan Singingi","14.09.05","Cerenti","14.09.05.2011","Telukpauh"
"14","Riau","14.09","Kabupaten Kuantan Singingi","14.09.05","Cerenti","14.09.05.2012","Tanjungmedan"
"14","Riau","14.09","Kabupaten Kuantan Singingi","14.09.05","Cerenti","14.09.05.2013","Kampung Baru Timur"
"14","Riau","14.09","Kabupaten Kuantan Singingi","14.09.06","Benai","14.09.06.1001","Benai"
"14","Riau","14.09","Kabupaten Kuantan Singingi","14.09.06","Benai","14.09.06.2003","Banjar Benai"
"14","Riau","14.09","Kabupaten Kuantan Singingi","14.09.06","Benai","14.09.06.2004","Talontom"
"14","Riau","14.09","Kabupaten Kuantan Singingi","14.09.06","Benai","14.09.06.2005","Gunungkesiangan"
"14","Riau","14.09","Kabupaten Kuantan Singingi","14.09.06","Benai","14.09.06.2006","Pulaukalimanting"
"14","Riau","14.09","Kabupaten Kuantan Singingi","14.09.06","Benai","14.09.06.2007","Banjar Lopak"
"14","Riau","14.09","Kabupaten Kuantan Singingi","14.09.06","Benai","14.09.06.2008","Tanjungsimandolak"
"14","Riau","14.09","Kabupaten Kuantan Singingi","14.09.06","Benai","14.09.06.2009","Siberakun"
"14","Riau","14.09","Kabupaten Kuantan Singingi","14.09.06","Benai","14.09.06.2010","Pulautongah"
"14","Riau","14.09","Kabupaten Kuantan Singingi","14.09.06","Benai","14.09.06.2011","Ujung Tanjung"
"14","Riau","14.09","Kabupaten Kuantan Singingi","14.09.06","Benai","14.09.06.2012","Pulauingu"
"14","Riau","14.09","Kabupaten Kuantan Singingi","14.09.06","Benai","14.09.06.2013","Simandolak"
"14","Riau","14.09","Kabupaten Kuantan Singingi","14.09.06","Benai","14.09.06.2014","Tebing Tinggi"
"14","Riau","14.09","Kabupaten Kuantan Singingi","14.09.06","Benai","14.09.06.2015","Pulaulancang"
"14","Riau","14.09","Kabupaten Kuantan Singingi","14.09.06","Benai","14.09.06.2016","Benai Kecil"
"14","Riau","14.09","Kabupaten Kuantan Singingi","14.09.06","Benai","14.09.06.2021","Koto Benai"
"14","Riau","14.09","Kabupaten Kuantan Singingi","14.09.07","Gunungtoar","14.09.07.2001","Pulaumungkur"
"14","Riau","14.09","Kabupaten Kuantan Singingi","14.09.07","Gunungtoar","14.09.07.2002","Telukberingin"
"14","Riau","14.09","Kabupaten Kuantan Singingi","14.09.07","Gunungtoar","14.09.07.2003","Pulaurumput"
"14","Riau","14.09","Kabupaten Kuantan Singingi","14.09.07","Gunungtoar","14.09.07.2004","Seberang Gunung"
"14","Riau","14.09","Kabupaten Kuantan Singingi","14.09.07","Gunungtoar","14.09.07.2005","Teberau Panjang"
"14","Riau","14.09","Kabupaten Kuantan Singingi","14.09.07","Gunungtoar","14.09.07.2006","Koto Gunung"
"14","Riau","14.09","Kabupaten Kuantan Singingi","14.09.07","Gunungtoar","14.09.07.2007","Gunung"
"14","Riau","14.09","Kabupaten Kuantan Singingi","14.09.07","Gunungtoar","14.09.07.2008","Toar"
"14","Riau","14.09","Kabupaten Kuantan Singingi","14.09.07","Gunungtoar","14.09.07.2009","Petapahan"
"14","Riau","14.09","Kabupaten Kuantan Singingi","14.09.07","Gunungtoar","14.09.07.2010","Kampung Baru"
"14","Riau","14.09","Kabupaten Kuantan Singingi","14.09.07","Gunungtoar","14.09.07.2011","Pisang Berebus"
"14","Riau","14.09","Kabupaten Kuantan Singingi","14.09.07","Gunungtoar","14.09.07.2012","Lubuk Terentang"
"14","Riau","14.09","Kabupaten Kuantan Singingi","14.09.07","Gunungtoar","14.09.07.2013","Siberobah"
"14","Riau","14.09","Kabupaten Kuantan Singingi","14.09.07","Gunungtoar","14.09.07.2014","Seberang Sungai"
"14","Riau","14.09","Kabupaten Kuantan Singingi","14.09.08","Singingi Hilir","14.09.08.2001","Koto Baru"
"14","Riau","14.09","Kabupaten Kuantan Singingi","14.09.08","Singingi Hilir","14.09.08.2002","Petai"
"14","Riau","14.09","Kabupaten Kuantan Singingi","14.09.08","Singingi Hilir","14.09.08.2003","Sungaipaku"
"14","Riau","14.09","Kabupaten Kuantan Singingi","14.09.08","Singingi Hilir","14.09.08.2004","Tanjungpauh"
"14","Riau","14.09","Kabupaten Kuantan Singingi","14.09.08","Singingi Hilir","14.09.08.2005","Simpang Raya"
"14","Riau","14.09","Kabupaten Kuantan Singingi","14.09.08","Singingi Hilir","14.09.08.2006","Sungaibuluh"
"14","Riau","14.09","Kabupaten Kuantan Singingi","14.09.08","Singingi Hilir","14.09.08.2007","Suka Damai"
"14","Riau","14.09","Kabupaten Kuantan Singingi","14.09.08","Singingi Hilir","14.09.08.2008","Sumber Jaya"
"14","Riau","14.09","Kabupaten Kuantan Singingi","14.09.08","Singingi Hilir","14.09.08.2009","Muara Bahan"
"14","Riau","14.09","Kabupaten Kuantan Singingi","14.09.08","Singingi Hilir","14.09.08.2010","Bukitraya"
"14","Riau","14.09","Kabupaten Kuantan Singingi","14.09.08","Singingi Hilir","14.09.08.2011","Beringin Jaya"
"14","Riau","14.09","Kabupaten Kuantan Singingi","14.09.08","Singingi Hilir","14.09.08.2012","Suka Maju"
"14","Riau","14.09","Kabupaten Kuantan Singingi","14.09.09","Pangean","14.09.09.2001","Pasar Baru Pangean"
"14","Riau","14.09","Kabupaten Kuantan Singingi","14.09.09","Pangean","14.09.09.2002","Koto Pangean"
"14","Riau","14.09","Kabupaten Kuantan Singingi","14.09.09","Pangean","14.09.09.2003","Pulaukumpai"
"14","Riau","14.09","Kabupaten Kuantan Singingi","14.09.09","Pangean","14.09.09.2004","Pulautongah"
"14","Riau","14.09","Kabupaten Kuantan Singingi","14.09.09","Pangean","14.09.09.2005","Pulauderas"
"14","Riau","14.09","Kabupaten Kuantan Singingi","14.09.09","Pangean","14.09.09.2006","Telukpauh"
"14","Riau","14.09","Kabupaten Kuantan Singingi","14.09.09","Pangean","14.09.09.2007","Tanah Bekali"
"14","Riau","14.09","Kabupaten Kuantan Singingi","14.09.09","Pangean","14.09.09.2008","Padang Tanggung"
"14","Riau","14.09","Kabupaten Kuantan Singingi","14.09.09","Pangean","14.09.09.2009","Padang Kunik"
"14","Riau","14.09","Kabupaten Kuantan Singingi","14.09.09","Pangean","14.09.09.2010","Pembatang"
"14","Riau","14.09","Kabupaten Kuantan Singingi","14.09.09","Pangean","14.09.09.2011","Pauh Angit"
"14","Riau","14.09","Kabupaten Kuantan Singingi","14.09.09","Pangean","14.09.09.2012","Sukaping"
"14","Riau","14.09","Kabupaten Kuantan Singingi","14.09.09","Pangean","14.09.09.2013","Pulaurengas"
"14","Riau","14.09","Kabupaten Kuantan Singingi","14.09.09","Pangean","14.09.09.2014","Rawang Binjai"
"14","Riau","14.09","Kabupaten Kuantan Singingi","14.09.09","Pangean","14.09.09.2015","Sako"
"14","Riau","14.09","Kabupaten Kuantan Singingi","14.09.09","Pangean","14.09.09.2016","Sungailangsat"
"14","Riau","14.09","Kabupaten Kuantan Singingi","14.09.09","Pangean","14.09.09.2017","Pauh Angit Hulu"
"14","Riau","14.09","Kabupaten Kuantan Singingi","14.09.10","Logas Tanah Darat","14.09.10.2001","Perhentian Luas"
"14","Riau","14.09","Kabupaten Kuantan Singingi","14.09.10","Logas Tanah Darat","14.09.10.2002","Logas"
"14","Riau","14.09","Kabupaten Kuantan Singingi","14.09.10","Logas Tanah Darat","14.09.10.2003","Lubuk Kebun"
"14","Riau","14.09","Kabupaten Kuantan Singingi","14.09.10","Logas Tanah Darat","14.09.10.2004","Sungai Rambai"
"14","Riau","14.09","Kabupaten Kuantan Singingi","14.09.10","Logas Tanah Darat","14.09.10.2005","Situgal"
"14","Riau","14.09","Kabupaten Kuantan Singingi","14.09.10","Logas Tanah Darat","14.09.10.2006","Rambahan"
"14","Riau","14.09","Kabupaten Kuantan Singingi","14.09.10","Logas Tanah Darat","14.09.10.2007","Teratak Rendah"
"14","Riau","14.09","Kabupaten Kuantan Singingi","14.09.10","Logas Tanah Darat","14.09.10.2008","Sikijang"
"14","Riau","14.09","Kabupaten Kuantan Singingi","14.09.10","Logas Tanah Darat","14.09.10.2009","Sukaraja"
"14","Riau","14.09","Kabupaten Kuantan Singingi","14.09.10","Logas Tanah Darat","14.09.10.2010","Sako Margasari"
"14","Riau","14.09","Kabupaten Kuantan Singingi","14.09.10","Logas Tanah Darat","14.09.10.2011","Kuantan Sako"
"14","Riau","14.09","Kabupaten Kuantan Singingi","14.09.10","Logas Tanah Darat","14.09.10.2012","Hulu Teso"
"14","Riau","14.09","Kabupaten Kuantan Singingi","14.09.10","Logas Tanah Darat","14.09.10.2013","Giri Sako"
"14","Riau","14.09","Kabupaten Kuantan Singingi","14.09.10","Logas Tanah Darat","14.09.10.2014","Bumi Mulya"
"14","Riau","14.09","Kabupaten Kuantan Singingi","14.09.10","Logas Tanah Darat","14.09.10.2015","Sidodadi"
"14","Riau","14.09","Kabupaten Kuantan Singingi","14.09.11","Inuman","14.09.11.2001","Pasar Inuman"
"14","Riau","14.09","Kabupaten Kuantan Singingi","14.09.11","Inuman","14.09.11.2002","Koto Inuman"
"14","Riau","14.09","Kabupaten Kuantan Singingi","14.09.11","Inuman","14.09.11.2003","Pulaupanjang Hulu"
"14","Riau","14.09","Kabupaten Kuantan Singingi","14.09.11","Inuman","14.09.11.2004","Pulaupanjang Hilir"
"14","Riau","14.09","Kabupaten Kuantan Singingi","14.09.11","Inuman","14.09.11.2005","Sigaruntang"
"14","Riau","14.09","Kabupaten Kuantan Singingi","14.09.11","Inuman","14.09.11.2006","Pulaubusuk"
"14","Riau","14.09","Kabupaten Kuantan Singingi","14.09.11","Inuman","14.09.11.2007","Bedeng Sikuran"
"14","Riau","14.09","Kabupaten Kuantan Singingi","14.09.11","Inuman","14.09.11.2008","Banjar Nan Tigo"
"14","Riau","14.09","Kabupaten Kuantan Singingi","14.09.11","Inuman","14.09.11.2009","Pulausipan"
"14","Riau","14.09","Kabupaten Kuantan Singingi","14.09.11","Inuman","14.09.11.2010","Pulaubusuk Jaya"
"14","Riau","14.09","Kabupaten Kuantan Singingi","14.09.11","Inuman","14.09.11.2011","Seberang Pulau Busuk"
"14","Riau","14.09","Kabupaten Kuantan Singingi","14.09.11","Inuman","14.09.11.2012","Lebuh Lurus"
"14","Riau","14.09","Kabupaten Kuantan Singingi","14.09.11","Inuman","14.09.11.2013","Kampung Baru Koto"
"14","Riau","14.09","Kabupaten Kuantan Singingi","14.09.11","Inuman","14.09.11.2014","Ketaping Jaya"
"14","Riau","14.09","Kabupaten Kuantan Singingi","14.09.12","Hulu Kuantan","14.09.12.2001","Lubuk Ambacang"
"14","Riau","14.09","Kabupaten Kuantan Singingi","14.09.12","Hulu Kuantan","14.09.12.2002","Sungaikelelawar"
"14","Riau","14.09","Kabupaten Kuantan Singingi","14.09.12","Hulu Kuantan","14.09.12.2003","Tanjung"
"14","Riau","14.09","Kabupaten Kuantan Singingi","14.09.12","Hulu Kuantan","14.09.12.2004","Sungaipinang"
"14","Riau","14.09","Kabupaten Kuantan Singingi","14.09.12","Hulu Kuantan","14.09.12.2005","Sungaialah"
"14","Riau","14.09","Kabupaten Kuantan Singingi","14.09.12","Hulu Kuantan","14.09.12.2006","Koto Kombu"
"14","Riau","14.09","Kabupaten Kuantan Singingi","14.09.12","Hulu Kuantan","14.09.12.2007","Sumpu"
"14","Riau","14.09","Kabupaten Kuantan Singingi","14.09.12","Hulu Kuantan","14.09.12.2008","Mudik Ulo"
"14","Riau","14.09","Kabupaten Kuantan Singingi","14.09.12","Hulu Kuantan","14.09.12.2009","Inuman"
"14","Riau","14.09","Kabupaten Kuantan Singingi","14.09.12","Hulu Kuantan","14.09.12.2010","Tanjungmedang"
"14","Riau","14.09","Kabupaten Kuantan Singingi","14.09.12","Hulu Kuantan","14.09.12.2011","Serosa"
"14","Riau","14.09","Kabupaten Kuantan Singingi","14.09.12","Hulu Kuantan","14.09.12.2012","Sampurago"
"14","Riau","14.09","Kabupaten Kuantan Singingi","14.09.13","Kuantan Hilir Seberang","14.09.13.2001","Pulaubaru"
"14","Riau","14.09","Kabupaten Kuantan Singingi","14.09.13","Kuantan Hilir Seberang","14.09.13.2002","Pulauberalo"
"14","Riau","14.09","Kabupaten Kuantan Singingi","14.09.13","Kuantan Hilir Seberang","14.09.13.2003","Pulaukulur"
"14","Riau","14.09","Kabupaten Kuantan Singingi","14.09.13","Kuantan Hilir Seberang","14.09.13.2004","Pelukahan"
"14","Riau","14.09","Kabupaten Kuantan Singingi","14.09.13","Kuantan Hilir Seberang","14.09.13.2005","Pengalihan"
"14","Riau","14.09","Kabupaten Kuantan Singingi","14.09.13","Kuantan Hilir Seberang","14.09.13.2006","Lumbok"
"14","Riau","14.09","Kabupaten Kuantan Singingi","14.09.13","Kuantan Hilir Seberang","14.09.13.2007","Teratak Jering"
"14","Riau","14.09","Kabupaten Kuantan Singingi","14.09.13","Kuantan Hilir Seberang","14.09.13.2008","Tanjungpisang"
"14","Riau","14.09","Kabupaten Kuantan Singingi","14.09.13","Kuantan Hilir Seberang","14.09.13.2009","Danau"
"14","Riau","14.09","Kabupaten Kuantan Singingi","14.09.13","Kuantan Hilir Seberang","14.09.13.2010","Kasang Limau Sundai"
"14","Riau","14.09","Kabupaten Kuantan Singingi","14.09.13","Kuantan Hilir Seberang","14.09.13.2011","Koto Rajo"
"14","Riau","14.09","Kabupaten Kuantan Singingi","14.09.13","Kuantan Hilir Seberang","14.09.13.2012","Tanjung"
"14","Riau","14.09","Kabupaten Kuantan Singingi","14.09.13","Kuantan Hilir Seberang","14.09.13.2013","Sungaisorik"
"14","Riau","14.09","Kabupaten Kuantan Singingi","14.09.13","Kuantan Hilir Seberang","14.09.13.2014","Rawang Oguang"
"14","Riau","14.09","Kabupaten Kuantan Singingi","14.09.14","Sentajo Raya","14.09.14.1015","Beringin Jaya"
"14","Riau","14.09","Kabupaten Kuantan Singingi","14.09.14","Sentajo Raya","14.09.14.2001","Pulaukomang Sentajo"
"14","Riau","14.09","Kabupaten Kuantan Singingi","14.09.14","Sentajo Raya","14.09.14.2002","Muaro Sentajo"
"14","Riau","14.09","Kabupaten Kuantan Singingi","14.09.14","Sentajo Raya","14.09.14.2003","Koto Sentajo"
"14","Riau","14.09","Kabupaten Kuantan Singingi","14.09.14","Sentajo Raya","14.09.14.2004","Kampungbaru Sentajo"
"14","Riau","14.09","Kabupaten Kuantan Singingi","14.09.14","Sentajo Raya","14.09.14.2005","Pulaukopung Sentajo"
"14","Riau","14.09","Kabupaten Kuantan Singingi","14.09.14","Sentajo Raya","14.09.14.2006","Teratak Air Hitam"
"14","Riau","14.09","Kabupaten Kuantan Singingi","14.09.14","Sentajo Raya","14.09.14.2007","Seberang Teratak Air Hitam"
"14","Riau","14.09","Kabupaten Kuantan Singingi","14.09.14","Sentajo Raya","14.09.14.2008","Parit Teratak Air Hitam"
"14","Riau","14.09","Kabupaten Kuantan Singingi","14.09.14","Sentajo Raya","14.09.14.2009","Jalur Patah"
"14","Riau","14.09","Kabupaten Kuantan Singingi","14.09.14","Sentajo Raya","14.09.14.2010","Geringing Baru"
"14","Riau","14.09","Kabupaten Kuantan Singingi","14.09.14","Sentajo Raya","14.09.14.2011","Marsawa"
"14","Riau","14.09","Kabupaten Kuantan Singingi","14.09.14","Sentajo Raya","14.09.14.2012","Langsat Hulu"
"14","Riau","14.09","Kabupaten Kuantan Singingi","14.09.14","Sentajo Raya","14.09.14.2013","Muara Langsat"
"14","Riau","14.09","Kabupaten Kuantan Singingi","14.09.14","Sentajo Raya","14.09.14.2014","Geringging Jaya"
"14","Riau","14.09","Kabupaten Kuantan Singingi","14.09.15","Pucuk Rantau","14.09.15.2001","Perhentian Sungkai"
"14","Riau","14.09","Kabupaten Kuantan Singingi","14.09.15","Pucuk Rantau","14.09.15.2002","Ibul"
"14","Riau","14.09","Kabupaten Kuantan Singingi","14.09.15","Pucuk Rantau","14.09.15.2003","Muarapetai"
"14","Riau","14.09","Kabupaten Kuantan Singingi","14.09.15","Pucuk Rantau","14.09.15.2004","Pangkalan"
"14","Riau","14.09","Kabupaten Kuantan Singingi","14.09.15","Pucuk Rantau","14.09.15.2005","Sungaibesar"
"14","Riau","14.09","Kabupaten Kuantan Singingi","14.09.15","Pucuk Rantau","14.09.15.2006","Setiang"
"14","Riau","14.09","Kabupaten Kuantan Singingi","14.09.15","Pucuk Rantau","14.09.15.2007","Muaro Tiu Makmur"
"14","Riau","14.09","Kabupaten Kuantan Singingi","14.09.15","Pucuk Rantau","14.09.15.2008","Muaratobek"
"14","Riau","14.09","Kabupaten Kuantan Singingi","14.09.15","Pucuk Rantau","14.09.15.2009","Sungaibesar Hilir"
"14","Riau","14.09","Kabupaten Kuantan Singingi","14.09.15","Pucuk Rantau","14.09.15.2010","Kampung Baru Ibul"
"14","Riau","14.10","Kabupaten Kepulauan Meranti","14.10.01","Tebing Tinggi","14.10.01.1001","Selatpanjang Kota"
"14","Riau","14.10","Kabupaten Kepulauan Meranti","14.10.01","Tebing Tinggi","14.10.01.1002","Selatpanjang Barat"
"14","Riau","14.10","Kabupaten Kepulauan Meranti","14.10.01","Tebing Tinggi","14.10.01.1003","Selatpanjang Selatan"
"14","Riau","14.10","Kabupaten Kepulauan Meranti","14.10.01","Tebing Tinggi","14.10.01.1004","Selatpanjang Timur"
"14","Riau","14.10","Kabupaten Kepulauan Meranti","14.10.01","Tebing Tinggi","14.10.01.2005","Banglas"
"14","Riau","14.10","Kabupaten Kepulauan Meranti","14.10.01","Tebing Tinggi","14.10.01.2006","Alah Air"
"14","Riau","14.10","Kabupaten Kepulauan Meranti","14.10.01","Tebing Tinggi","14.10.01.2007","Alah Air Timur"
"14","Riau","14.10","Kabupaten Kepulauan Meranti","14.10.01","Tebing Tinggi","14.10.01.2008","Sesap"
"14","Riau","14.10","Kabupaten Kepulauan Meranti","14.10.01","Tebing Tinggi","14.10.01.2016","Banglas Barat"
"14","Riau","14.10","Kabupaten Kepulauan Meranti","14.10.02","Rangsang Barat","14.10.02.2001","Segomeng"
"14","Riau","14.10","Kabupaten Kepulauan Meranti","14.10.02","Rangsang Barat","14.10.02.2002","Bantar"
"14","Riau","14.10","Kabupaten Kepulauan Meranti","14.10.02","Rangsang Barat","14.10.02.2003","Anak Setatah"
"14","Riau","14.10","Kabupaten Kepulauan Meranti","14.10.02","Rangsang Barat","14.10.02.2004","Lemang"
"14","Riau","14.10","Kabupaten Kepulauan Meranti","14.10.02","Rangsang Barat","14.10.02.2005","Bokor"
"14","Riau","14.10","Kabupaten Kepulauan Meranti","14.10.02","Rangsang Barat","14.10.02.2006","Sungai Cina"
"14","Riau","14.10","Kabupaten Kepulauan Meranti","14.10.02","Rangsang Barat","14.10.02.2007","Melai"
"14","Riau","14.10","Kabupaten Kepulauan Meranti","14.10.02","Rangsang Barat","14.10.02.2011","Telaga Baru"
"14","Riau","14.10","Kabupaten Kepulauan Meranti","14.10.02","Rangsang Barat","14.10.02.2012","Bina Maju"
"14","Riau","14.10","Kabupaten Kepulauan Meranti","14.10.02","Rangsang Barat","14.10.02.2015","Sialang Pasung"
"14","Riau","14.10","Kabupaten Kepulauan Meranti","14.10.02","Rangsang Barat","14.10.02.2016","Permai"
"14","Riau","14.10","Kabupaten Kepulauan Meranti","14.10.02","Rangsang Barat","14.10.02.2017","Mekar Baru"
"14","Riau","14.10","Kabupaten Kepulauan Meranti","14.10.03","Rangsang","14.10.03.2001","Tanjung Samak"
"14","Riau","14.10","Kabupaten Kepulauan Meranti","14.10.03","Rangsang","14.10.03.2002","Tanjung Medang"
"14","Riau","14.10","Kabupaten Kepulauan Meranti","14.10.03","Rangsang","14.10.03.2004","Gemala Sari"
"14","Riau","14.10","Kabupaten Kepulauan Meranti","14.10.03","Rangsang","14.10.03.2007","Topang"
"14","Riau","14.10","Kabupaten Kepulauan Meranti","14.10.03","Rangsang","14.10.03.2008","Penyagun"
"14","Riau","14.10","Kabupaten Kepulauan Meranti","14.10.03","Rangsang","14.10.03.2010","Repan"
"14","Riau","14.10","Kabupaten Kepulauan Meranti","14.10.03","Rangsang","14.10.03.2011","Tanjung Bakau"
"14","Riau","14.10","Kabupaten Kepulauan Meranti","14.10.03","Rangsang","14.10.03.2012","Teluk Samak"
"14","Riau","14.10","Kabupaten Kepulauan Meranti","14.10.03","Rangsang","14.10.03.2013","Sungai Gayung Kiri"
"14","Riau","14.10","Kabupaten Kepulauan Meranti","14.10.03","Rangsang","14.10.03.2014","Citra Damai"
"14","Riau","14.10","Kabupaten Kepulauan Meranti","14.10.03","Rangsang","14.10.03.2016","Dwi Tunggal"
"14","Riau","14.10","Kabupaten Kepulauan Meranti","14.10.03","Rangsang","14.10.03.2017","Wonosari"
"14","Riau","14.10","Kabupaten Kepulauan Meranti","14.10.03","Rangsang","14.10.03.2018","Tebun"
"14","Riau","14.10","Kabupaten Kepulauan Meranti","14.10.03","Rangsang","14.10.03.2020","Tanjung Gemuk"
"14","Riau","14.10","Kabupaten Kepulauan Meranti","14.10.04","Tebing Tinggi Barat","14.10.04.2001","Alai"
"14","Riau","14.10","Kabupaten Kepulauan Meranti","14.10.04","Tebing Tinggi Barat","14.10.04.2002","Tenan"
"14","Riau","14.10","Kabupaten Kepulauan Meranti","14.10.04","Tebing Tinggi Barat","14.10.04.2003","Insit"
"14","Riau","14.10","Kabupaten Kepulauan Meranti","14.10.04","Tebing Tinggi Barat","14.10.04.2004","Tanjung"
"14","Riau","14.10","Kabupaten Kepulauan Meranti","14.10.04","Tebing Tinggi Barat","14.10.04.2005","Tanjung Peranap"
"14","Riau","14.10","Kabupaten Kepulauan Meranti","14.10.04","Tebing Tinggi Barat","14.10.04.2006","Kundur"
"14","Riau","14.10","Kabupaten Kepulauan Meranti","14.10.04","Tebing Tinggi Barat","14.10.04.2007","Mekong"
"14","Riau","14.10","Kabupaten Kepulauan Meranti","14.10.04","Tebing Tinggi Barat","14.10.04.2008","Batang Malas"
"14","Riau","14.10","Kabupaten Kepulauan Meranti","14.10.04","Tebing Tinggi Barat","14.10.04.2009","Mantiasa"
"14","Riau","14.10","Kabupaten Kepulauan Meranti","14.10.04","Tebing Tinggi Barat","14.10.04.2010","Gogok Darussalam"
"14","Riau","14.10","Kabupaten Kepulauan Meranti","14.10.04","Tebing Tinggi Barat","14.10.04.2011","Maini Darul Aman"
"14","Riau","14.10","Kabupaten Kepulauan Meranti","14.10.04","Tebing Tinggi Barat","14.10.04.2012","Mengkikip"
"14","Riau","14.10","Kabupaten Kepulauan Meranti","14.10.04","Tebing Tinggi Barat","14.10.04.2013","Alai Selatan"
"14","Riau","14.10","Kabupaten Kepulauan Meranti","14.10.04","Tebing Tinggi Barat","14.10.04.2014","Tanjung Darul Takzim"
"14","Riau","14.10","Kabupaten Kepulauan Meranti","14.10.05","Merbau","14.10.05.1001","Teluk Belitung"
"14","Riau","14.10","Kabupaten Kepulauan Meranti","14.10.05","Merbau","14.10.05.2002","Meranti Bunting"
"14","Riau","14.10","Kabupaten Kepulauan Meranti","14.10.05","Merbau","14.10.05.2003","Lukit"
"14","Riau","14.10","Kabupaten Kepulauan Meranti","14.10.05","Merbau","14.10.05.2004","Bagan Melibur"
"14","Riau","14.10","Kabupaten Kepulauan Meranti","14.10.05","Merbau","14.10.05.2018","Pelantai"
"14","Riau","14.10","Kabupaten Kepulauan Meranti","14.10.05","Merbau","14.10.05.2019","Tanjung Kulim"
"14","Riau","14.10","Kabupaten Kepulauan Meranti","14.10.05","Merbau","14.10.05.2021","Mekar Sari"
"14","Riau","14.10","Kabupaten Kepulauan Meranti","14.10.05","Merbau","14.10.05.2023","Mayang Sari"
"14","Riau","14.10","Kabupaten Kepulauan Meranti","14.10.05","Merbau","14.10.05.2026","Sungai Anak Kamal"
"14","Riau","14.10","Kabupaten Kepulauan Meranti","14.10.05","Merbau","14.10.05.2027","Sungai Tengah"
"14","Riau","14.10","Kabupaten Kepulauan Meranti","14.10.06","Pulaumerbau","14.10.06.2001","Kuala Merbau"
"14","Riau","14.10","Kabupaten Kepulauan Meranti","14.10.06","Pulaumerbau","14.10.06.2002","Renak Dungun"
"14","Riau","14.10","Kabupaten Kepulauan Meranti","14.10.06","Pulaumerbau","14.10.06.2003","Baran Melintang"
"14","Riau","14.10","Kabupaten Kepulauan Meranti","14.10.06","Pulaumerbau","14.10.06.2004","Teluk Ketapang"
"14","Riau","14.10","Kabupaten Kepulauan Meranti","14.10.06","Pulaumerbau","14.10.06.2005","Semukut"
"14","Riau","14.10","Kabupaten Kepulauan Meranti","14.10.06","Pulaumerbau","14.10.06.2006","Centai"
"14","Riau","14.10","Kabupaten Kepulauan Meranti","14.10.06","Pulaumerbau","14.10.06.2007","Tanjungbunga"
"14","Riau","14.10","Kabupaten Kepulauan Meranti","14.10.06","Pulaumerbau","14.10.06.2008","Batang Meranti"
"14","Riau","14.10","Kabupaten Kepulauan Meranti","14.10.06","Pulaumerbau","14.10.06.2009","Pangkalan Balai"
"14","Riau","14.10","Kabupaten Kepulauan Meranti","14.10.06","Pulaumerbau","14.10.06.2010","Padang Kamal"
"14","Riau","14.10","Kabupaten Kepulauan Meranti","14.10.06","Pulaumerbau","14.10.06.2011","Ketapang Permai"
"14","Riau","14.10","Kabupaten Kepulauan Meranti","14.10.07","Tebing Tinggi Timur","14.10.07.2001","Lukun"
"14","Riau","14.10","Kabupaten Kepulauan Meranti","14.10.07","Tebing Tinggi Timur","14.10.07.2002","Sungai Tohor"
"14","Riau","14.10","Kabupaten Kepulauan Meranti","14.10.07","Tebing Tinggi Timur","14.10.07.2003","Nipah Sendanu"
"14","Riau","14.10","Kabupaten Kepulauan Meranti","14.10.07","Tebing Tinggi Timur","14.10.07.2004","Tanjung Sari"
"14","Riau","14.10","Kabupaten Kepulauan Meranti","14.10.07","Tebing Tinggi Timur","14.10.07.2005","Tanjung Gadai"
"14","Riau","14.10","Kabupaten Kepulauan Meranti","14.10.07","Tebing Tinggi Timur","14.10.07.2006","Teluk Buntal"
"14","Riau","14.10","Kabupaten Kepulauan Meranti","14.10.07","Tebing Tinggi Timur","14.10.07.2007","Kepau Baru"
"14","Riau","14.10","Kabupaten Kepulauan Meranti","14.10.07","Tebing Tinggi Timur","14.10.07.2008","Sungai Tohor Barat"
"14","Riau","14.10","Kabupaten Kepulauan Meranti","14.10.07","Tebing Tinggi Timur","14.10.07.2009","Sendanu Darul Ihsan"
"14","Riau","14.10","Kabupaten Kepulauan Meranti","14.10.07","Tebing Tinggi Timur","14.10.07.2010","Batin Suir"
"14","Riau","14.10","Kabupaten Kepulauan Meranti","14.10.08","Tasik Putri Puyu","14.10.08.2001","Tanjung Padang"
"14","Riau","14.10","Kabupaten Kepulauan Meranti","14.10.08","Tasik Putri Puyu","14.10.08.2002","Putri Puyu"
"14","Riau","14.10","Kabupaten Kepulauan Meranti","14.10.08","Tasik Putri Puyu","14.10.08.2003","Mekar Delima"
"14","Riau","14.10","Kabupaten Kepulauan Meranti","14.10.08","Tasik Putri Puyu","14.10.08.2004","Dedap"
"14","Riau","14.10","Kabupaten Kepulauan Meranti","14.10.08","Tasik Putri Puyu","14.10.08.2005","Kudap"
"14","Riau","14.10","Kabupaten Kepulauan Meranti","14.10.08","Tasik Putri Puyu","14.10.08.2006","Bandul"
"14","Riau","14.10","Kabupaten Kepulauan Meranti","14.10.08","Tasik Putri Puyu","14.10.08.2007","Selat Akar"
"14","Riau","14.10","Kabupaten Kepulauan Meranti","14.10.08","Tasik Putri Puyu","14.10.08.2008","Tanjung Pisang"
"14","Riau","14.10","Kabupaten Kepulauan Meranti","14.10.08","Tasik Putri Puyu","14.10.08.2009","Mengkopot"
"14","Riau","14.10","Kabupaten Kepulauan Meranti","14.10.08","Tasik Putri Puyu","14.10.08.2010","Mengkirau"
"14","Riau","14.10","Kabupaten Kepulauan Meranti","14.10.09","Rangsang Pesisir","14.10.09.2001","Tanjung Kedabu"
"14","Riau","14.10","Kabupaten Kepulauan Meranti","14.10.09","Rangsang Pesisir","14.10.09.2002","Beting"
"14","Riau","14.10","Kabupaten Kepulauan Meranti","14.10.09","Rangsang Pesisir","14.10.09.2003","Sokop"
"14","Riau","14.10","Kabupaten Kepulauan Meranti","14.10.09","Rangsang Pesisir","14.10.09.2004","Telesung"
"14","Riau","14.10","Kabupaten Kepulauan Meranti","14.10.09","Rangsang Pesisir","14.10.09.2005","Bungur"
"14","Riau","14.10","Kabupaten Kepulauan Meranti","14.10.09","Rangsang Pesisir","14.10.09.2006","Tenggayun Raya"
"14","Riau","14.10","Kabupaten Kepulauan Meranti","14.10.09","Rangsang Pesisir","14.10.09.2007","Sendaur"
"14","Riau","14.10","Kabupaten Kepulauan Meranti","14.10.09","Rangsang Pesisir","14.10.09.2008","Kayu Ara"
"14","Riau","14.10","Kabupaten Kepulauan Meranti","14.10.09","Rangsang Pesisir","14.10.09.2009","Sonde"
"14","Riau","14.10","Kabupaten Kepulauan Meranti","14.10.09","Rangsang Pesisir","14.10.09.2010","Kedabu Rapat"
"14","Riau","14.10","Kabupaten Kepulauan Meranti","14.10.09","Rangsang Pesisir","14.10.09.2011","Tanah Merah"
"14","Riau","14.71","Kota Pekanbaru","14.71.01","Sukajadi","14.71.01.1002","Jadirejo"
"14","Riau","14.71","Kota Pekanbaru","14.71.01","Sukajadi","14.71.01.1003","Kampung Tengah"
"14","Riau","14.71","Kota Pekanbaru","14.71.01","Sukajadi","14.71.01.1004","Kampung Melayu"
"14","Riau","14.71","Kota Pekanbaru","14.71.01","Sukajadi","14.71.01.1005","Kedung Sari"
"14","Riau","14.71","Kota Pekanbaru","14.71.01","Sukajadi","14.71.01.1006","Harjosari"
"14","Riau","14.71","Kota Pekanbaru","14.71.01","Sukajadi","14.71.01.1007","Sukajadi"
"14","Riau","14.71","Kota Pekanbaru","14.71.01","Sukajadi","14.71.01.1008","Pulau Karomah"
"14","Riau","14.71","Kota Pekanbaru","14.71.02","Pekanbaru Kota","14.71.02.1001","Simpang Empat"
"14","Riau","14.71","Kota Pekanbaru","14.71.02","Pekanbaru Kota","14.71.02.1002","Sumahilang"
"14","Riau","14.71","Kota Pekanbaru","14.71.02","Pekanbaru Kota","14.71.02.1003","Tanah Datar"
"14","Riau","14.71","Kota Pekanbaru","14.71.02","Pekanbaru Kota","14.71.02.1004","Kota Baru"
"14","Riau","14.71","Kota Pekanbaru","14.71.02","Pekanbaru Kota","14.71.02.1005","Sukaramai"
"14","Riau","14.71","Kota Pekanbaru","14.71.02","Pekanbaru Kota","14.71.02.1006","Kota Tinggi"
"14","Riau","14.71","Kota Pekanbaru","14.71.03","Sail","14.71.03.1001","Cinta Raja"
"14","Riau","14.71","Kota Pekanbaru","14.71.03","Sail","14.71.03.1002","Sukamulya"
"14","Riau","14.71","Kota Pekanbaru","14.71.03","Sail","14.71.03.1003","Sukamaju"
"14","Riau","14.71","Kota Pekanbaru","14.71.04","Limapuluh","14.71.04.1001","Rintis"
"14","Riau","14.71","Kota Pekanbaru","14.71.04","Limapuluh","14.71.04.1002","Tanjung RHU"
"14","Riau","14.71","Kota Pekanbaru","14.71.04","Limapuluh","14.71.04.1003","Pesisir"
"14","Riau","14.71","Kota Pekanbaru","14.71.04","Limapuluh","14.71.04.1004","Sekip"
"14","Riau","14.71","Kota Pekanbaru","14.71.05","Senapelan","14.71.05.1001","Padang Bulan"
"14","Riau","14.71","Kota Pekanbaru","14.71.05","Senapelan","14.71.05.1002","Sago"
"14","Riau","14.71","Kota Pekanbaru","14.71.05","Senapelan","14.71.05.1003","Kampung Baru"
"14","Riau","14.71","Kota Pekanbaru","14.71.05","Senapelan","14.71.05.1004","Kampung Dalam"
"14","Riau","14.71","Kota Pekanbaru","14.71.05","Senapelan","14.71.05.1005","Kampung Bandar"
"14","Riau","14.71","Kota Pekanbaru","14.71.05","Senapelan","14.71.05.1006","Padang Terubuk"
"14","Riau","14.71","Kota Pekanbaru","14.71.06","Rumbai Barat","14.71.06.1003","Rumbai Bukit"
"14","Riau","14.71","Kota Pekanbaru","14.71.06","Rumbai Barat","14.71.06.1005","Muarafajar Timur"
"14","Riau","14.71","Kota Pekanbaru","14.71.06","Rumbai Barat","14.71.06.1010","Muarafajar Barat"
"14","Riau","14.71","Kota Pekanbaru","14.71.06","Rumbai Barat","14.71.06.1011","Rantaupanjang"
"14","Riau","14.71","Kota Pekanbaru","14.71.06","Rumbai Barat","14.71.06.1012","Maharani"
"14","Riau","14.71","Kota Pekanbaru","14.71.06","Rumbai Barat","14.71.06.1013","Agrowisata"
"14","Riau","14.71","Kota Pekanbaru","14.71.07","Bukit Raya","14.71.07.1005","Simpang Tiga"
"14","Riau","14.71","Kota Pekanbaru","14.71.07","Bukit Raya","14.71.07.1006","Tangkerang Selatan"
"14","Riau","14.71","Kota Pekanbaru","14.71.07","Bukit Raya","14.71.07.1008","Tangkerang Utara"
"14","Riau","14.71","Kota Pekanbaru","14.71.07","Bukit Raya","14.71.07.1011","Tangkerang Labuai"
"14","Riau","14.71","Kota Pekanbaru","14.71.07","Bukit Raya","14.71.07.1012","Airdingin"
"14","Riau","14.71","Kota Pekanbaru","14.71.08","Binawidya","14.71.08.1001","Simpangbaru"
"14","Riau","14.71","Kota Pekanbaru","14.71.08","Binawidya","14.71.08.1008","Delima"
"14","Riau","14.71","Kota Pekanbaru","14.71.08","Binawidya","14.71.08.1009","Tobekgodang"
"14","Riau","14.71","Kota Pekanbaru","14.71.08","Binawidya","14.71.08.1010","Binawidya"
"14","Riau","14.71","Kota Pekanbaru","14.71.08","Binawidya","14.71.08.1014","Sungaisibam"
"14","Riau","14.71","Kota Pekanbaru","14.71.09","Marpoyan Damai","14.71.09.1001","Tangkerang Barat"
"14","Riau","14.71","Kota Pekanbaru","14.71.09","Marpoyan Damai","14.71.09.1002","Tangkerang Tengah"
"14","Riau","14.71","Kota Pekanbaru","14.71.09","Marpoyan Damai","14.71.09.1003","Sidomulyo Timur"
"14","Riau","14.71","Kota Pekanbaru","14.71.09","Marpoyan Damai","14.71.09.1004","Wonorejo"
"14","Riau","14.71","Kota Pekanbaru","14.71.09","Marpoyan Damai","14.71.09.1005","Maharatu"
"14","Riau","14.71","Kota Pekanbaru","14.71.09","Marpoyan Damai","14.71.09.1006","Perhentianmarpoyan"
"14","Riau","14.71","Kota Pekanbaru","14.71.10","Tenayan Raya","14.71.10.1002","Bencahlesung"
"14","Riau","14.71","Kota Pekanbaru","14.71.10","Tenayan Raya","14.71.10.1003","Tangkerang Timur"
"14","Riau","14.71","Kota Pekanbaru","14.71.10","Tenayan Raya","14.71.10.1004","Rejosari"
"14","Riau","14.71","Kota Pekanbaru","14.71.10","Tenayan Raya","14.71.10.1005","Bambukuning"
"14","Riau","14.71","Kota Pekanbaru","14.71.10","Tenayan Raya","14.71.10.1010","Melebung"
"14","Riau","14.71","Kota Pekanbaru","14.71.10","Tenayan Raya","14.71.10.1011","Industritenayan"
"14","Riau","14.71","Kota Pekanbaru","14.71.10","Tenayan Raya","14.71.10.1012","Sialangsakti"
"14","Riau","14.71","Kota Pekanbaru","14.71.10","Tenayan Raya","14.71.10.1013","Tuahnegeri"
"14","Riau","14.71","Kota Pekanbaru","14.71.11","Payung Sekaki","14.71.11.1001","Tampan"
"14","Riau","14.71","Kota Pekanbaru","14.71.11","Payung Sekaki","14.71.11.1002","Labuh Baru Timur"
"14","Riau","14.71","Kota Pekanbaru","14.71.11","Payung Sekaki","14.71.11.1003","Labuh Baru Barat"
"14","Riau","14.71","Kota Pekanbaru","14.71.11","Payung Sekaki","14.71.11.1004","Air Hitam"
"14","Riau","14.71","Kota Pekanbaru","14.71.11","Payung Sekaki","14.71.11.1005","Bandarraya"
"14","Riau","14.71","Kota Pekanbaru","14.71.11","Payung Sekaki","14.71.11.1007","Tirtasiak"
"14","Riau","14.71","Kota Pekanbaru","14.71.12","Rumbai","14.71.12.1001","Meranti Pandak"
"14","Riau","14.71","Kota Pekanbaru","14.71.12","Rumbai","14.71.12.1004","Lembah Damai"
"14","Riau","14.71","Kota Pekanbaru","14.71.12","Rumbai","14.71.12.1006","Limbungan Baru"
"14","Riau","14.71","Kota Pekanbaru","14.71.12","Rumbai","14.71.12.1009","Sri Meranti"
"14","Riau","14.71","Kota Pekanbaru","14.71.12","Rumbai","14.71.12.1010","Palas"
"14","Riau","14.71","Kota Pekanbaru","14.71.12","Rumbai","14.71.12.1011","Umban Sari"
"14","Riau","14.71","Kota Pekanbaru","14.71.13","Tuahmadani","14.71.13.1001","Sidomulyo Barat"
"14","Riau","14.71","Kota Pekanbaru","14.71.13","Tuahmadani","14.71.13.1002","Sialangmunggu"
"14","Riau","14.71","Kota Pekanbaru","14.71.13","Tuahmadani","14.71.13.1003","Tuahkarya"
"14","Riau","14.71","Kota Pekanbaru","14.71.13","Tuahmadani","14.71.13.1004","Tuahmadani"
"14","Riau","14.71","Kota Pekanbaru","14.71.13","Tuahmadani","14.71.13.1005","Airputih"
"14","Riau","14.71","Kota Pekanbaru","14.71.14","Kulim","14.71.14.1001","Kulim"
"14","Riau","14.71","Kota Pekanbaru","14.71.14","Kulim","14.71.14.1002","Mentangor"
"14","Riau","14.71","Kota Pekanbaru","14.71.14","Kulim","14.71.14.1003","Sialangrampai"
"14","Riau","14.71","Kota Pekanbaru","14.71.14","Kulim","14.71.14.1004","Pebatuan"
"14","Riau","14.71","Kota Pekanbaru","14.71.14","Kulim","14.71.14.1005","Pematangkapau"
"14","Riau","14.71","Kota Pekanbaru","14.71.15","Rumbai Timur","14.71.15.1001","Tebing Tinggi Okura"
"14","Riau","14.71","Kota Pekanbaru","14.71.15","Rumbai Timur","14.71.15.1002","Sungaiukai"
"14","Riau","14.71","Kota Pekanbaru","14.71.15","Rumbai Timur","14.71.15.1003","Sungaiambang"
"14","Riau","14.71","Kota Pekanbaru","14.71.15","Rumbai Timur","14.71.15.1004","Lembah Sari"
"14","Riau","14.71","Kota Pekanbaru","14.71.15","Rumbai Timur","14.71.15.1005","Limbungan"
"14","Riau","14.72","Kota Dumai","14.72.01","Dumai Barat","14.72.01.1003","Pangkalan Sesai"
"14","Riau","14.72","Kota Dumai","14.72.01","Dumai Barat","14.72.01.1006","Purnama"
"14","Riau","14.72","Kota Dumai","14.72.01","Dumai Barat","14.72.01.1008","Bagan Keladi"
"14","Riau","14.72","Kota Dumai","14.72.01","Dumai Barat","14.72.01.1009","Simpang Tetap Darul Ichsan"
"14","Riau","14.72","Kota Dumai","14.72.02","Dumai Timur","14.72.02.1002","Teluk Binjai"
"14","Riau","14.72","Kota Dumai","14.72.02","Dumai Timur","14.72.02.1003","Tanjung Palas"
"14","Riau","14.72","Kota Dumai","14.72.02","Dumai Timur","14.72.02.1004","Jaya Mukti"
"14","Riau","14.72","Kota Dumai","14.72.02","Dumai Timur","14.72.02.1006","Buluh Kasap"
"14","Riau","14.72","Kota Dumai","14.72.02","Dumai Timur","14.72.02.1009","Bukit Batrem"
"14","Riau","14.72","Kota Dumai","14.72.03","Bukit Kapur","14.72.03.1001","Bukit Nenas"
"14","Riau","14.72","Kota Dumai","14.72.03","Bukit Kapur","14.72.03.1002","Bukit Kayu Kapur"
"14","Riau","14.72","Kota Dumai","14.72.03","Bukit Kapur","14.72.03.1003","Gurun Panjang"
"14","Riau","14.72","Kota Dumai","14.72.03","Bukit Kapur","14.72.03.1004","Bagan Besar"
"14","Riau","14.72","Kota Dumai","14.72.03","Bukit Kapur","14.72.03.1005","Kampung Baru"
"14","Riau","14.72","Kota Dumai","14.72.03","Bukit Kapur","14.72.03.1006","Bagan Besar Timur"
"14","Riau","14.72","Kota Dumai","14.72.03","Bukit Kapur","14.72.03.1007","Bukit Kapur"
"14","Riau","14.72","Kota Dumai","14.72.04","Sungai Sembilan","14.72.04.1001","Lubuk Gaung"
"14","Riau","14.72","Kota Dumai","14.72.04","Sungai Sembilan","14.72.04.1002","Tanjung Penyembal"
"14","Riau","14.72","Kota Dumai","14.72.04","Sungai Sembilan","14.72.04.1003","Bangsal Aceh"
"14","Riau","14.72","Kota Dumai","14.72.04","Sungai Sembilan","14.72.04.1004","Basilam Baru"
"14","Riau","14.72","Kota Dumai","14.72.04","Sungai Sembilan","14.72.04.1005","Batu Teritip"
"14","Riau","14.72","Kota Dumai","14.72.04","Sungai Sembilan","14.72.04.1006","Sungai Geniot"
"14","Riau","14.72","Kota Dumai","14.72.05","Medang Kampai","14.72.05.1001","Teluk Makmur"
"14","Riau","14.72","Kota Dumai","14.72.05","Medang Kampai","14.72.05.1002","Mundam"
"14","Riau","14.72","Kota Dumai","14.72.05","Medang Kampai","14.72.05.1003","Guntung"
"14","Riau","14.72","Kota Dumai","14.72.05","Medang Kampai","14.72.05.1004","Pelintung"
"14","Riau","14.72","Kota Dumai","14.72.06","Dumai Kota","14.72.06.1001","Laksamana"
"14","Riau","14.72","Kota Dumai","14.72.06","Dumai Kota","14.72.06.1002","Rimba Sekampung"
"14","Riau","14.72","Kota Dumai","14.72.06","Dumai Kota","14.72.06.1003","Dumai Kota"
"14","Riau","14.72","Kota Dumai","14.72.06","Dumai Kota","14.72.06.1004","Bintan"
"14","Riau","14.72","Kota Dumai","14.72.06","Dumai Kota","14.72.06.1005","Sukajadi"
"14","Riau","14.72","Kota Dumai","14.72.07","Dumai Selatan","14.72.07.1001","Ratu Sima"
"14","Riau","14.72","Kota Dumai","14.72.07","Dumai Selatan","14.72.07.1002","Bukit Timah"
"14","Riau","14.72","Kota Dumai","14.72.07","Dumai Selatan","14.72.07.1003","Mekar Sari"
"14","Riau","14.72","Kota Dumai","14.72.07","Dumai Selatan","14.72.07.1004","Bukit Datuk"
"14","Riau","14.72","Kota Dumai","14.72.07","Dumai Selatan","14.72.07.1005","Bumi Ayu"
