province_code,province_name,regency_code,regency_name,district_code,district_name,village_code,village_name
"15","Jambi","15.01","Kabupaten Kerinci","15.01.01","Gunung Raya","15.01.01.1004","Lempur Tengah"
"15","Jambi","15.01","Kabupaten Kerinci","15.01.01","Gunung Raya","15.01.01.2001","Selam Paung"
"15","Jambi","15.01","Kabupaten Kerinci","15.01.01","Gunung Raya","15.01.01.2002","Air Mumu"
"15","Jambi","15.01","Kabupaten Kerinci","15.01.01","Gunung Raya","15.01.01.2003","Lempur Mudik"
"15","Jambi","15.01","Kabupaten Kerinci","15.01.01","Gunung Raya","15.01.01.2005","Masgo"
"15","Jambi","15.01","Kabupaten Kerinci","15.01.01","Gunung Raya","15.01.01.2006","Lempur Hilir"
"15","Jambi","15.01","Kabupaten Kerinci","15.01.01","Gunung Raya","15.01.01.2011","Kebun Baru"
"15","Jambi","15.01","Kabupaten Kerinci","15.01.01","Gunung Raya","15.01.01.2012","Perikan Tengah"
"15","Jambi","15.01","Kabupaten Kerinci","15.01.01","Gunung Raya","15.01.01.2013","Dusun Baru Lempur"
"15","Jambi","15.01","Kabupaten Kerinci","15.01.01","Gunung Raya","15.01.01.2016","Sungaihangat"
"15","Jambi","15.01","Kabupaten Kerinci","15.01.01","Gunung Raya","15.01.01.2018","Manjunto Lempur"
"15","Jambi","15.01","Kabupaten Kerinci","15.01.01","Gunung Raya","15.01.01.2019","Kebun Lima"
"15","Jambi","15.01","Kabupaten Kerinci","15.01.02","Danau Kerinci","15.01.02.2001","Sanggaran Agung"
"15","Jambi","15.01","Kabupaten Kerinci","15.01.02","Danau Kerinci","15.01.02.2002","Kota Baru Sanggaran Agung"
"15","Jambi","15.01","Kabupaten Kerinci","15.01.02","Danau Kerinci","15.01.02.2003","Pendung Talang Genting"
"15","Jambi","15.01","Kabupaten Kerinci","15.01.02","Danau Kerinci","15.01.02.2004","Seleman"
"15","Jambi","15.01","Kabupaten Kerinci","15.01.02","Danau Kerinci","15.01.02.2005","Tebing Tinggi"
"15","Jambi","15.01","Kabupaten Kerinci","15.01.02","Danau Kerinci","15.01.02.2006","Cupak"
"15","Jambi","15.01","Kabupaten Kerinci","15.01.02","Danau Kerinci","15.01.02.2007","Tanjungtanah"
"15","Jambi","15.01","Kabupaten Kerinci","15.01.02","Danau Kerinci","15.01.02.2008","Koto Tengah"
"15","Jambi","15.01","Kabupaten Kerinci","15.01.02","Danau Kerinci","15.01.02.2013","Simpang Empat"
"15","Jambi","15.01","Kabupaten Kerinci","15.01.02","Danau Kerinci","15.01.02.2014","Talang Kemulun"
"15","Jambi","15.01","Kabupaten Kerinci","15.01.02","Danau Kerinci","15.01.02.2015","Dusun Baru Tanjung Tanah"
"15","Jambi","15.01","Kabupaten Kerinci","15.01.02","Danau Kerinci","15.01.02.2016","Pasar Sore Seleman"
"15","Jambi","15.01","Kabupaten Kerinci","15.01.02","Danau Kerinci","15.01.02.2018","Tanjungharapan"
"15","Jambi","15.01","Kabupaten Kerinci","15.01.04","Sitinjau Laut","15.01.04.2008","Hiang Tinggi"
"15","Jambi","15.01","Kabupaten Kerinci","15.01.04","Sitinjau Laut","15.01.04.2009","Ambai Atas"
"15","Jambi","15.01","Kabupaten Kerinci","15.01.04","Sitinjau Laut","15.01.04.2010","Tanjungmudo"
"15","Jambi","15.01","Kabupaten Kerinci","15.01.04","Sitinjau Laut","15.01.04.2011","Pendung Tengah"
"15","Jambi","15.01","Kabupaten Kerinci","15.01.04","Sitinjau Laut","15.01.04.2012","Pendung Hilir"
"15","Jambi","15.01","Kabupaten Kerinci","15.01.04","Sitinjau Laut","15.01.04.2013","Koto Baru Hiang"
"15","Jambi","15.01","Kabupaten Kerinci","15.01.04","Sitinjau Laut","15.01.04.2014","Betung Kuning"
"15","Jambi","15.01","Kabupaten Kerinci","15.01.04","Sitinjau Laut","15.01.04.2026","Ambai Bawah"
"15","Jambi","15.01","Kabupaten Kerinci","15.01.04","Sitinjau Laut","15.01.04.2028","Hiang Karya"
"15","Jambi","15.01","Kabupaten Kerinci","15.01.04","Sitinjau Laut","15.01.04.2029","Hiang Lestari"
"15","Jambi","15.01","Kabupaten Kerinci","15.01.04","Sitinjau Laut","15.01.04.2030","Angkasa Pura"
"15","Jambi","15.01","Kabupaten Kerinci","15.01.04","Sitinjau Laut","15.01.04.2031","Hiang Sakti"
"15","Jambi","15.01","Kabupaten Kerinci","15.01.04","Sitinjau Laut","15.01.04.2033","Koto Sekilan Ambai"
"15","Jambi","15.01","Kabupaten Kerinci","15.01.04","Sitinjau Laut","15.01.04.2034","Penawar Tinggi"
"15","Jambi","15.01","Kabupaten Kerinci","15.01.05","Air Hangat","15.01.05.2002","Koto Baru Semurup"
"15","Jambi","15.01","Kabupaten Kerinci","15.01.05","Air Hangat","15.01.05.2004","Koto Dua Lama"
"15","Jambi","15.01","Kabupaten Kerinci","15.01.05","Air Hangat","15.01.05.2012","Koto Di Air"
"15","Jambi","15.01","Kabupaten Kerinci","15.01.05","Air Hangat","15.01.05.2013","Pasar Semurup"
"15","Jambi","15.01","Kabupaten Kerinci","15.01.05","Air Hangat","15.01.05.2014","Balai"
"15","Jambi","15.01","Kabupaten Kerinci","15.01.05","Air Hangat","15.01.05.2015","Koto Majidin Hilir"
"15","Jambi","15.01","Kabupaten Kerinci","15.01.05","Air Hangat","15.01.05.2016","Pendung Hilir"
"15","Jambi","15.01","Kabupaten Kerinci","15.01.05","Air Hangat","15.01.05.2018","Pendung Mudik"
"15","Jambi","15.01","Kabupaten Kerinci","15.01.05","Air Hangat","15.01.05.2022","Air Tenang"
"15","Jambi","15.01","Kabupaten Kerinci","15.01.05","Air Hangat","15.01.05.2024","Muara Semerah"
"15","Jambi","15.01","Kabupaten Kerinci","15.01.05","Air Hangat","15.01.05.2029","Koto Majidin Mudik"
"15","Jambi","15.01","Kabupaten Kerinci","15.01.05","Air Hangat","15.01.05.2035","Muara Semerah Mudik"
"15","Jambi","15.01","Kabupaten Kerinci","15.01.05","Air Hangat","15.01.05.2036","Sawahan Koto Majidin"
"15","Jambi","15.01","Kabupaten Kerinci","15.01.05","Air Hangat","15.01.05.2037","Sawahan Jaya"
"15","Jambi","15.01","Kabupaten Kerinci","15.01.05","Air Hangat","15.01.05.2038","Koto Majidin Di Air"
"15","Jambi","15.01","Kabupaten Kerinci","15.01.05","Air Hangat","15.01.05.2039","Pendung Tengah"
"15","Jambi","15.01","Kabupaten Kerinci","15.01.06","Gunung Kerinci","15.01.06.1009","Siulak Deras"
"15","Jambi","15.01","Kabupaten Kerinci","15.01.06","Gunung Kerinci","15.01.06.2010","Sungaibetung Hilir"
"15","Jambi","15.01","Kabupaten Kerinci","15.01.06","Gunung Kerinci","15.01.06.2011","Sungaibatu Gantih"
"15","Jambi","15.01","Kabupaten Kerinci","15.01.06","Gunung Kerinci","15.01.06.2012","Tanjunggenting"
"15","Jambi","15.01","Kabupaten Kerinci","15.01.06","Gunung Kerinci","15.01.06.2013","Simpang Tutup"
"15","Jambi","15.01","Kabupaten Kerinci","15.01.06","Gunung Kerinci","15.01.06.2014","Suko Pangkat"
"15","Jambi","15.01","Kabupaten Kerinci","15.01.06","Gunung Kerinci","15.01.06.2015","Sungaibetung Mudik"
"15","Jambi","15.01","Kabupaten Kerinci","15.01.06","Gunung Kerinci","15.01.06.2016","Danautinggi"
"15","Jambi","15.01","Kabupaten Kerinci","15.01.06","Gunung Kerinci","15.01.06.2017","Sungaigelampeh"
"15","Jambi","15.01","Kabupaten Kerinci","15.01.06","Gunung Kerinci","15.01.06.2018","Siulak Deras Mudik"
"15","Jambi","15.01","Kabupaten Kerinci","15.01.06","Gunung Kerinci","15.01.06.2019","Siulak Tenang"
"15","Jambi","15.01","Kabupaten Kerinci","15.01.06","Gunung Kerinci","15.01.06.2039","Sungai Batu Gantih Hilir"
"15","Jambi","15.01","Kabupaten Kerinci","15.01.06","Gunung Kerinci","15.01.06.2040","Baru Sungai Betung Mudik"
"15","Jambi","15.01","Kabupaten Kerinci","15.01.06","Gunung Kerinci","15.01.06.2041","Tanjunggenting Mudik"
"15","Jambi","15.01","Kabupaten Kerinci","15.01.06","Gunung Kerinci","15.01.06.2042","Air Betung"
"15","Jambi","15.01","Kabupaten Kerinci","15.01.06","Gunung Kerinci","15.01.06.2043","Ujung Ladang"
"15","Jambi","15.01","Kabupaten Kerinci","15.01.07","Batang Merangin","15.01.07.2004","Tarutung"
"15","Jambi","15.01","Kabupaten Kerinci","15.01.07","Batang Merangin","15.01.07.2006","Lubuk Paku"
"15","Jambi","15.01","Kabupaten Kerinci","15.01.07","Batang Merangin","15.01.07.2007","Tamiai"
"15","Jambi","15.01","Kabupaten Kerinci","15.01.07","Batang Merangin","15.01.07.2008","Pematang Lingkung"
"15","Jambi","15.01","Kabupaten Kerinci","15.01.07","Batang Merangin","15.01.07.2009","Pasar Tamiai"
"15","Jambi","15.01","Kabupaten Kerinci","15.01.07","Batang Merangin","15.01.07.2010","Seberang Merangin"
"15","Jambi","15.01","Kabupaten Kerinci","15.01.07","Batang Merangin","15.01.07.2011","Baru Pulau Sangkar"
"15","Jambi","15.01","Kabupaten Kerinci","15.01.07","Batang Merangin","15.01.07.2013","Batang Merangin"
"15","Jambi","15.01","Kabupaten Kerinci","15.01.07","Batang Merangin","15.01.07.2014","Muara Hemat"
"15","Jambi","15.01","Kabupaten Kerinci","15.01.08","Keliling Danau","15.01.08.2001","Jujun"
"15","Jambi","15.01","Kabupaten Kerinci","15.01.08","Keliling Danau","15.01.08.2002","Talang Lindung"
"15","Jambi","15.01","Kabupaten Kerinci","15.01.08","Keliling Danau","15.01.08.2003","Keluru"
"15","Jambi","15.01","Kabupaten Kerinci","15.01.08","Keliling Danau","15.01.08.2004","Pidung"
"15","Jambi","15.01","Kabupaten Kerinci","15.01.08","Keliling Danau","15.01.08.2005","Tanjungbatu"
"15","Jambi","15.01","Kabupaten Kerinci","15.01.08","Keliling Danau","15.01.08.2006","Benik"
"15","Jambi","15.01","Kabupaten Kerinci","15.01.08","Keliling Danau","15.01.08.2007","Kt Tuo P. Tengah"
"15","Jambi","15.01","Kabupaten Kerinci","15.01.08","Keliling Danau","15.01.08.2008","Kt. Dian P. Tengah"
"15","Jambi","15.01","Kabupaten Kerinci","15.01.08","Keliling Danau","15.01.08.2012","Lempur Danau"
"15","Jambi","15.01","Kabupaten Kerinci","15.01.08","Keliling Danau","15.01.08.2013","Dsn. Baru P. Tengah"
"15","Jambi","15.01","Kabupaten Kerinci","15.01.08","Keliling Danau","15.01.08.2018","Telago"
"15","Jambi","15.01","Kabupaten Kerinci","15.01.08","Keliling Danau","15.01.08.2019","Koto Agung"
"15","Jambi","15.01","Kabupaten Kerinci","15.01.08","Keliling Danau","15.01.08.2022","Pulautengah"
"15","Jambi","15.01","Kabupaten Kerinci","15.01.08","Keliling Danau","15.01.08.2023","Koto Baru"
"15","Jambi","15.01","Kabupaten Kerinci","15.01.08","Keliling Danau","15.01.08.2025","Jembatan Merah Pulau Tengah"
"15","Jambi","15.01","Kabupaten Kerinci","15.01.08","Keliling Danau","15.01.08.2026","Limok Manaih Pulau Tengah"
"15","Jambi","15.01","Kabupaten Kerinci","15.01.08","Keliling Danau","15.01.08.2027","Pasar Jujun"
"15","Jambi","15.01","Kabupaten Kerinci","15.01.08","Keliling Danau","15.01.08.2028","Pancuran Bangko"
"15","Jambi","15.01","Kabupaten Kerinci","15.01.09","Kayu Aro","15.01.09.2010","Koto Tuo"
"15","Jambi","15.01","Kabupaten Kerinci","15.01.09","Kayu Aro","15.01.09.2011","Sungaitanduk"
"15","Jambi","15.01","Kabupaten Kerinci","15.01.09","Kayu Aro","15.01.09.2012","Kersik Tuo"
"15","Jambi","15.01","Kabupaten Kerinci","15.01.09","Kayu Aro","15.01.09.2013","Sangir"
"15","Jambi","15.01","Kabupaten Kerinci","15.01.09","Kayu Aro","15.01.09.2014","Koto Baru"
"15","Jambi","15.01","Kabupaten Kerinci","15.01.09","Kayu Aro","15.01.09.2015","Koto Panjang"
"15","Jambi","15.01","Kabupaten Kerinci","15.01.09","Kayu Aro","15.01.09.2016","Koto Tengah"
"15","Jambi","15.01","Kabupaten Kerinci","15.01.09","Kayu Aro","15.01.09.2017","Sungaibendung Air"
"15","Jambi","15.01","Kabupaten Kerinci","15.01.09","Kayu Aro","15.01.09.2022","Sungaisampun"
"15","Jambi","15.01","Kabupaten Kerinci","15.01.09","Kayu Aro","15.01.09.2024","Bedeng Baru"
"15","Jambi","15.01","Kabupaten Kerinci","15.01.09","Kayu Aro","15.01.09.2025","Batang Sangir"
"15","Jambi","15.01","Kabupaten Kerinci","15.01.09","Kayu Aro","15.01.09.2030","Sungaidalam"
"15","Jambi","15.01","Kabupaten Kerinci","15.01.09","Kayu Aro","15.01.09.2038","Koto Periang"
"15","Jambi","15.01","Kabupaten Kerinci","15.01.09","Kayu Aro","15.01.09.2039","Lindung Jaya"
"15","Jambi","15.01","Kabupaten Kerinci","15.01.09","Kayu Aro","15.01.09.2041","Renah Kasah"
"15","Jambi","15.01","Kabupaten Kerinci","15.01.09","Kayu Aro","15.01.09.2042","Pasar Sungai Tanduk"
"15","Jambi","15.01","Kabupaten Kerinci","15.01.09","Kayu Aro","15.01.09.2043","Mekar Sari"
"15","Jambi","15.01","Kabupaten Kerinci","15.01.09","Kayu Aro","15.01.09.2045","Mekar Jaya"
"15","Jambi","15.01","Kabupaten Kerinci","15.01.09","Kayu Aro","15.01.09.2047","Sangir Tengah"
"15","Jambi","15.01","Kabupaten Kerinci","15.01.09","Kayu Aro","15.01.09.2048","Tanjungbungo"
"15","Jambi","15.01","Kabupaten Kerinci","15.01.09","Kayu Aro","15.01.09.2049","Bendung Air Timur"
"15","Jambi","15.01","Kabupaten Kerinci","15.01.11","Air Hangat Timur","15.01.11.2001","Kemantan Tinggi"
"15","Jambi","15.01","Kabupaten Kerinci","15.01.11","Air Hangat Timur","15.01.11.2002","Kemantan Kebalai"
"15","Jambi","15.01","Kabupaten Kerinci","15.01.11","Air Hangat Timur","15.01.11.2003","Kemantan Darat"
"15","Jambi","15.01","Kabupaten Kerinci","15.01.11","Air Hangat Timur","15.01.11.2004","Sungaiabu"
"15","Jambi","15.01","Kabupaten Kerinci","15.01.11","Air Hangat Timur","15.01.11.2005","Pondok Sungaiabu"
"15","Jambi","15.01","Kabupaten Kerinci","15.01.11","Air Hangat Timur","15.01.11.2006","Koto Tebat"
"15","Jambi","15.01","Kabupaten Kerinci","15.01.11","Air Hangat Timur","15.01.11.2007","Sungaimedang"
"15","Jambi","15.01","Kabupaten Kerinci","15.01.11","Air Hangat Timur","15.01.11.2008","Air Hangat"
"15","Jambi","15.01","Kabupaten Kerinci","15.01.11","Air Hangat Timur","15.01.11.2009","Baru Sungai Tutung"
"15","Jambi","15.01","Kabupaten Kerinci","15.01.11","Air Hangat Timur","15.01.11.2010","Pungut Tengah"
"15","Jambi","15.01","Kabupaten Kerinci","15.01.11","Air Hangat Timur","15.01.11.2011","Pungut Hilir"
"15","Jambi","15.01","Kabupaten Kerinci","15.01.11","Air Hangat Timur","15.01.11.2012","Pungut Mudik"
"15","Jambi","15.01","Kabupaten Kerinci","15.01.11","Air Hangat Timur","15.01.11.2014","Kemantan Hilir"
"15","Jambi","15.01","Kabupaten Kerinci","15.01.11","Air Hangat Timur","15.01.11.2015","Sungaitutung"
"15","Jambi","15.01","Kabupaten Kerinci","15.01.11","Air Hangat Timur","15.01.11.2018","Kemantan Agung"
"15","Jambi","15.01","Kabupaten Kerinci","15.01.11","Air Hangat Timur","15.01.11.2019","Sungaideras"
"15","Jambi","15.01","Kabupaten Kerinci","15.01.11","Air Hangat Timur","15.01.11.2020","Kemantan Mudik"
"15","Jambi","15.01","Kabupaten Kerinci","15.01.11","Air Hangat Timur","15.01.11.2021","Simpang Empat Sungai Tutung"
"15","Jambi","15.01","Kabupaten Kerinci","15.01.11","Air Hangat Timur","15.01.11.2022","Baru Sungaideras"
"15","Jambi","15.01","Kabupaten Kerinci","15.01.11","Air Hangat Timur","15.01.11.2023","Taman Jernih Sungaitutung"
"15","Jambi","15.01","Kabupaten Kerinci","15.01.11","Air Hangat Timur","15.01.11.2024","Baru Sungaimedang"
"15","Jambi","15.01","Kabupaten Kerinci","15.01.11","Air Hangat Timur","15.01.11.2025","Kemantan Raya"
"15","Jambi","15.01","Kabupaten Kerinci","15.01.11","Air Hangat Timur","15.01.11.2026","Baru Air Hangat"
"15","Jambi","15.01","Kabupaten Kerinci","15.01.11","Air Hangat Timur","15.01.11.2027","Air Panas Sungaiabu"
"15","Jambi","15.01","Kabupaten Kerinci","15.01.11","Air Hangat Timur","15.01.11.2028","Baru Sungaiabu"
"15","Jambi","15.01","Kabupaten Kerinci","15.01.15","Gunung Tujuh","15.01.15.2001","Sungairumpun"
"15","Jambi","15.01","Kabupaten Kerinci","15.01.15","Gunung Tujuh","15.01.15.2002","Sungaisikai"
"15","Jambi","15.01","Kabupaten Kerinci","15.01.15","Gunung Tujuh","15.01.15.2003","Tangkil"
"15","Jambi","15.01","Kabupaten Kerinci","15.01.15","Gunung Tujuh","15.01.15.2004","Pelompek"
"15","Jambi","15.01","Kabupaten Kerinci","15.01.15","Gunung Tujuh","15.01.15.2005","Jernih Jaya"
"15","Jambi","15.01","Kabupaten Kerinci","15.01.15","Gunung Tujuh","15.01.15.2006","Bengkolan Duo"
"15","Jambi","15.01","Kabupaten Kerinci","15.01.15","Gunung Tujuh","15.01.15.2007","Lubuk Pauh"
"15","Jambi","15.01","Kabupaten Kerinci","15.01.15","Gunung Tujuh","15.01.15.2008","Telun Berasap"
"15","Jambi","15.01","Kabupaten Kerinci","15.01.15","Gunung Tujuh","15.01.15.2009","Bumbun Duri"
"15","Jambi","15.01","Kabupaten Kerinci","15.01.15","Gunung Tujuh","15.01.15.2010","Pesisir Bukit"
"15","Jambi","15.01","Kabupaten Kerinci","15.01.15","Gunung Tujuh","15.01.15.2011","Pauh Tinggi"
"15","Jambi","15.01","Kabupaten Kerinci","15.01.15","Gunung Tujuh","15.01.15.2012","Sungaijernih"
"15","Jambi","15.01","Kabupaten Kerinci","15.01.15","Gunung Tujuh","15.01.15.2013","Pelompek Pasar Baru"
"15","Jambi","15.01","Kabupaten Kerinci","15.01.16","Siulak","15.01.16.2001","Siulak Gedang"
"15","Jambi","15.01","Kabupaten Kerinci","15.01.16","Siulak","15.01.16.2004","Pasar Siulak Gedang"
"15","Jambi","15.01","Kabupaten Kerinci","15.01.16","Siulak","15.01.16.2005","Siulak Panjang"
"15","Jambi","15.01","Kabupaten Kerinci","15.01.16","Siulak","15.01.16.2006","Siulak Kecil Mudik"
"15","Jambi","15.01","Kabupaten Kerinci","15.01.16","Siulak","15.01.16.2007","Koto Rendah"
"15","Jambi","15.01","Kabupaten Kerinci","15.01.16","Siulak","15.01.16.2009","Lubuk Nagodang"
"15","Jambi","15.01","Kabupaten Kerinci","15.01.16","Siulak","15.01.16.2010","Sungaipegeh"
"15","Jambi","15.01","Kabupaten Kerinci","15.01.16","Siulak","15.01.16.2011","Sungailebuh"
"15","Jambi","15.01","Kabupaten Kerinci","15.01.16","Siulak","15.01.16.2012","Koto Kapeh"
"15","Jambi","15.01","Kabupaten Kerinci","15.01.16","Siulak","15.01.16.2013","Koto Beringin"
"15","Jambi","15.01","Kabupaten Kerinci","15.01.16","Siulak","15.01.16.2014","Dusun Baru"
"15","Jambi","15.01","Kabupaten Kerinci","15.01.16","Siulak","15.01.16.2015","Dusun Dalam"
"15","Jambi","15.01","Kabupaten Kerinci","15.01.16","Siulak","15.01.16.2016","Air Terjun"
"15","Jambi","15.01","Kabupaten Kerinci","15.01.16","Siulak","15.01.16.2019","Koto Aro"
"15","Jambi","15.01","Kabupaten Kerinci","15.01.16","Siulak","15.01.16.2021","Koto Lebuh Tinggi"
"15","Jambi","15.01","Kabupaten Kerinci","15.01.16","Siulak","15.01.16.2024","Siulak Kecil Hilir"
"15","Jambi","15.01","Kabupaten Kerinci","15.01.16","Siulak","15.01.16.2025","Koto Tengah"
"15","Jambi","15.01","Kabupaten Kerinci","15.01.16","Siulak","15.01.16.2028","Telago Biru"
"15","Jambi","15.01","Kabupaten Kerinci","15.01.16","Siulak","15.01.16.2030","Tutung Bungkuk"
"15","Jambi","15.01","Kabupaten Kerinci","15.01.16","Siulak","15.01.16.2033","Baru Sungaipegeh"
"15","Jambi","15.01","Kabupaten Kerinci","15.01.16","Siulak","15.01.16.2034","Bendar Sedap"
"15","Jambi","15.01","Kabupaten Kerinci","15.01.16","Siulak","15.01.16.2035","Plak Naneh"
"15","Jambi","15.01","Kabupaten Kerinci","15.01.16","Siulak","15.01.16.2036","Padang Jantung"
"15","Jambi","15.01","Kabupaten Kerinci","15.01.16","Siulak","15.01.16.2038","Pelak Gedang"
"15","Jambi","15.01","Kabupaten Kerinci","15.01.16","Siulak","15.01.16.2039","Demong Sakti"
"15","Jambi","15.01","Kabupaten Kerinci","15.01.16","Siulak","15.01.16.2040","Pasar Senen"
"15","Jambi","15.01","Kabupaten Kerinci","15.01.17","Depati Tujuh","15.01.17.2001","Belui"
"15","Jambi","15.01","Kabupaten Kerinci","15.01.17","Depati Tujuh","15.01.17.2002","Baru Kubang"
"15","Jambi","15.01","Kabupaten Kerinci","15.01.17","Depati Tujuh","15.01.17.2003","Koto Panjang"
"15","Jambi","15.01","Kabupaten Kerinci","15.01.17","Depati Tujuh","15.01.17.2004","Kubang Gedang"
"15","Jambi","15.01","Kabupaten Kerinci","15.01.17","Depati Tujuh","15.01.17.2005","Semumu"
"15","Jambi","15.01","Kabupaten Kerinci","15.01.17","Depati Tujuh","15.01.17.2006","Belui Tinggi"
"15","Jambi","15.01","Kabupaten Kerinci","15.01.17","Depati Tujuh","15.01.17.2007","Koto Tuo"
"15","Jambi","15.01","Kabupaten Kerinci","15.01.17","Depati Tujuh","15.01.17.2008","Koto Payang"
"15","Jambi","15.01","Kabupaten Kerinci","15.01.17","Depati Tujuh","15.01.17.2009","Tebat Ijuk"
"15","Jambi","15.01","Kabupaten Kerinci","15.01.17","Depati Tujuh","15.01.17.2010","Sekungkung"
"15","Jambi","15.01","Kabupaten Kerinci","15.01.17","Depati Tujuh","15.01.17.2011","Simpang Belui"
"15","Jambi","15.01","Kabupaten Kerinci","15.01.17","Depati Tujuh","15.01.17.2012","Koto Lanang"
"15","Jambi","15.01","Kabupaten Kerinci","15.01.17","Depati Tujuh","15.01.17.2013","Ladeh"
"15","Jambi","15.01","Kabupaten Kerinci","15.01.17","Depati Tujuh","15.01.17.2014","Lubuk Suli"
"15","Jambi","15.01","Kabupaten Kerinci","15.01.17","Depati Tujuh","15.01.17.2015","Kayu Aho Mangkak Koto Lanang"
"15","Jambi","15.01","Kabupaten Kerinci","15.01.17","Depati Tujuh","15.01.17.2016","Tambak Tinggi"
"15","Jambi","15.01","Kabupaten Kerinci","15.01.17","Depati Tujuh","15.01.17.2017","Kubang Agung"
"15","Jambi","15.01","Kabupaten Kerinci","15.01.17","Depati Tujuh","15.01.17.2018","Tebat Ijuk Dili"
"15","Jambi","15.01","Kabupaten Kerinci","15.01.17","Depati Tujuh","15.01.17.2019","Koto Simpai Kubang"
"15","Jambi","15.01","Kabupaten Kerinci","15.01.17","Depati Tujuh","15.01.17.2020","Pahlawan Belui"
"15","Jambi","15.01","Kabupaten Kerinci","15.01.18","Siulak Mukai","15.01.18.2001","Mukai Hilir"
"15","Jambi","15.01","Kabupaten Kerinci","15.01.18","Siulak Mukai","15.01.18.2002","Mukai Tengah"
"15","Jambi","15.01","Kabupaten Kerinci","15.01.18","Siulak Mukai","15.01.18.2003","Mukai Mudik"
"15","Jambi","15.01","Kabupaten Kerinci","15.01.18","Siulak Mukai","15.01.18.2004","Senimpik"
"15","Jambi","15.01","Kabupaten Kerinci","15.01.18","Siulak Mukai","15.01.18.2005","Tebing Tinggi"
"15","Jambi","15.01","Kabupaten Kerinci","15.01.18","Siulak Mukai","15.01.18.2006","Mukai Tinggi"
"15","Jambi","15.01","Kabupaten Kerinci","15.01.18","Siulak Mukai","15.01.18.2007","Mukai Pintu"
"15","Jambi","15.01","Kabupaten Kerinci","15.01.18","Siulak Mukai","15.01.18.2008","Sungailangkap"
"15","Jambi","15.01","Kabupaten Kerinci","15.01.18","Siulak Mukai","15.01.18.2009","Pasir Jaya"
"15","Jambi","15.01","Kabupaten Kerinci","15.01.18","Siulak Mukai","15.01.18.2010","Sungaikuning"
"15","Jambi","15.01","Kabupaten Kerinci","15.01.18","Siulak Mukai","15.01.18.2011","Mukai Seberang"
"15","Jambi","15.01","Kabupaten Kerinci","15.01.18","Siulak Mukai","15.01.18.2012","Talang Tinggi"
"15","Jambi","15.01","Kabupaten Kerinci","15.01.18","Siulak Mukai","15.01.18.2013","Lubuk Tabun"
"15","Jambi","15.01","Kabupaten Kerinci","15.01.18","Siulak Mukai","15.01.18.2014","Koto Lua"
"15","Jambi","15.01","Kabupaten Kerinci","15.01.19","Kayu Aro Barat","15.01.19.2001","Batu Hampar"
"15","Jambi","15.01","Kabupaten Kerinci","15.01.19","Kayu Aro Barat","15.01.19.2002","Sungairenah"
"15","Jambi","15.01","Kabupaten Kerinci","15.01.19","Kayu Aro Barat","15.01.19.2003","Bedeng Delapan"
"15","Jambi","15.01","Kabupaten Kerinci","15.01.19","Kayu Aro Barat","15.01.19.2004","Bedeng Dua"
"15","Jambi","15.01","Kabupaten Kerinci","15.01.19","Kayu Aro Barat","15.01.19.2005","Sako Duo"
"15","Jambi","15.01","Kabupaten Kerinci","15.01.19","Kayu Aro Barat","15.01.19.2006","Sungailintang"
"15","Jambi","15.01","Kabupaten Kerinci","15.01.19","Kayu Aro Barat","15.01.19.2007","Kebun Baru"
"15","Jambi","15.01","Kabupaten Kerinci","15.01.19","Kayu Aro Barat","15.01.19.2008","Patok Empat"
"15","Jambi","15.01","Kabupaten Kerinci","15.01.19","Kayu Aro Barat","15.01.19.2009","Sungaijambu"
"15","Jambi","15.01","Kabupaten Kerinci","15.01.19","Kayu Aro Barat","15.01.19.2010","Sungaikering"
"15","Jambi","15.01","Kabupaten Kerinci","15.01.19","Kayu Aro Barat","15.01.19.2011","Giri Mulyo"
"15","Jambi","15.01","Kabupaten Kerinci","15.01.19","Kayu Aro Barat","15.01.19.2012","Gununglabu"
"15","Jambi","15.01","Kabupaten Kerinci","15.01.19","Kayu Aro Barat","15.01.19.2013","Bento"
"15","Jambi","15.01","Kabupaten Kerinci","15.01.19","Kayu Aro Barat","15.01.19.2014","Kampung Baru"
"15","Jambi","15.01","Kabupaten Kerinci","15.01.19","Kayu Aro Barat","15.01.19.2015","Sungaiasam"
"15","Jambi","15.01","Kabupaten Kerinci","15.01.19","Kayu Aro Barat","15.01.19.2016","Pasar Minggu"
"15","Jambi","15.01","Kabupaten Kerinci","15.01.19","Kayu Aro Barat","15.01.19.2017","Ensatu"
"15","Jambi","15.01","Kabupaten Kerinci","15.01.20","Bukit Kerman","15.01.20.2001","Pasar Kerman"
"15","Jambi","15.01","Kabupaten Kerinci","15.01.20","Bukit Kerman","15.01.20.2002","Lolo Gedang"
"15","Jambi","15.01","Kabupaten Kerinci","15.01.20","Bukit Kerman","15.01.20.2003","Lolo Kecil"
"15","Jambi","15.01","Kabupaten Kerinci","15.01.20","Bukit Kerman","15.01.20.2004","Lolo Hilir"
"15","Jambi","15.01","Kabupaten Kerinci","15.01.20","Bukit Kerman","15.01.20.2005","Tanjung Syam"
"15","Jambi","15.01","Kabupaten Kerinci","15.01.20","Bukit Kerman","15.01.20.2006","Talang Kemuning"
"15","Jambi","15.01","Kabupaten Kerinci","15.01.20","Bukit Kerman","15.01.20.2007","Pondok"
"15","Jambi","15.01","Kabupaten Kerinci","15.01.20","Bukit Kerman","15.01.20.2008","Muak"
"15","Jambi","15.01","Kabupaten Kerinci","15.01.20","Bukit Kerman","15.01.20.2009","Pengasi Lama"
"15","Jambi","15.01","Kabupaten Kerinci","15.01.20","Bukit Kerman","15.01.20.2010","Pulaupandan"
"15","Jambi","15.01","Kabupaten Kerinci","15.01.20","Bukit Kerman","15.01.20.2011","Pulausangkar"
"15","Jambi","15.01","Kabupaten Kerinci","15.01.20","Bukit Kerman","15.01.20.2012","Bintang Marak"
"15","Jambi","15.01","Kabupaten Kerinci","15.01.20","Bukit Kerman","15.01.20.2013","Karang Pandan"
"15","Jambi","15.01","Kabupaten Kerinci","15.01.20","Bukit Kerman","15.01.20.2014","Pengasi Baru"
"15","Jambi","15.01","Kabupaten Kerinci","15.01.20","Bukit Kerman","15.01.20.2015","Muaro Lulo"
"15","Jambi","15.01","Kabupaten Kerinci","15.01.21","Air Hangat Barat","15.01.21.2001","Koto Mebai"
"15","Jambi","15.01","Kabupaten Kerinci","15.01.21","Air Hangat Barat","15.01.21.2002","Baru"
"15","Jambi","15.01","Kabupaten Kerinci","15.01.21","Air Hangat Barat","15.01.21.2003","Air Panas"
"15","Jambi","15.01","Kabupaten Kerinci","15.01.21","Air Hangat Barat","15.01.21.2004","Hamparan Pugu"
"15","Jambi","15.01","Kabupaten Kerinci","15.01.21","Air Hangat Barat","15.01.21.2005","Pugu"
"15","Jambi","15.01","Kabupaten Kerinci","15.01.21","Air Hangat Barat","15.01.21.2006","Koto Mudik"
"15","Jambi","15.01","Kabupaten Kerinci","15.01.21","Air Hangat Barat","15.01.21.2007","Koto Tengah"
"15","Jambi","15.01","Kabupaten Kerinci","15.01.21","Air Hangat Barat","15.01.21.2008","Koto Datuk"
"15","Jambi","15.01","Kabupaten Kerinci","15.01.21","Air Hangat Barat","15.01.21.2009","Koto Dua Baru"
"15","Jambi","15.01","Kabupaten Kerinci","15.01.21","Air Hangat Barat","15.01.21.2010","Koto Cayo"
"15","Jambi","15.01","Kabupaten Kerinci","15.01.21","Air Hangat Barat","15.01.21.2011","Kecil"
"15","Jambi","15.01","Kabupaten Kerinci","15.01.21","Air Hangat Barat","15.01.21.2012","Air Bersih"
"15","Jambi","15.01","Kabupaten Kerinci","15.01.22","Tanah Cogok","15.01.22.2001","Kayu Aro Ambai"
"15","Jambi","15.01","Kabupaten Kerinci","15.01.22","Tanah Cogok","15.01.22.2002","Bunga Tanjung"
"15","Jambi","15.01","Kabupaten Kerinci","15.01.22","Tanah Cogok","15.01.22.2003","Pondok Beringin"
"15","Jambi","15.01","Kabupaten Kerinci","15.01.22","Tanah Cogok","15.01.22.2004","Semerah"
"15","Jambi","15.01","Kabupaten Kerinci","15.01.22","Tanah Cogok","15.01.22.2005","Sebukar"
"15","Jambi","15.01","Kabupaten Kerinci","15.01.22","Tanah Cogok","15.01.22.2006","Koto Tuo Ujung Pasir"
"15","Jambi","15.01","Kabupaten Kerinci","15.01.22","Tanah Cogok","15.01.22.2007","Ujung Pasir"
"15","Jambi","15.01","Kabupaten Kerinci","15.01.22","Tanah Cogok","15.01.22.2008","Koto Petai"
"15","Jambi","15.01","Kabupaten Kerinci","15.01.22","Tanah Cogok","15.01.22.2009","Koto Salak"
"15","Jambi","15.01","Kabupaten Kerinci","15.01.22","Tanah Cogok","15.01.22.2010","Agung Koto Iman"
"15","Jambi","15.01","Kabupaten Kerinci","15.01.22","Tanah Cogok","15.01.22.2011","Koto Iman"
"15","Jambi","15.01","Kabupaten Kerinci","15.01.22","Tanah Cogok","15.01.22.2012","Baru Semerah"
"15","Jambi","15.01","Kabupaten Kerinci","15.01.23","Danau Kerinci Barat","15.01.23.2001","Pancuran Tiga"
"15","Jambi","15.01","Kabupaten Kerinci","15.01.23","Danau Kerinci Barat","15.01.23.2002","Tanjung Pauh Mudik"
"15","Jambi","15.01","Kabupaten Kerinci","15.01.23","Danau Kerinci Barat","15.01.23.2003","Bukit Pulai"
"15","Jambi","15.01","Kabupaten Kerinci","15.01.23","Danau Kerinci Barat","15.01.23.2004","Punai Merindu"
"15","Jambi","15.01","Kabupaten Kerinci","15.01.23","Danau Kerinci Barat","15.01.23.2005","Sumur Jauh"
"15","Jambi","15.01","Kabupaten Kerinci","15.01.23","Danau Kerinci Barat","15.01.23.2006","Permai Baru"
"15","Jambi","15.01","Kabupaten Kerinci","15.01.23","Danau Kerinci Barat","15.01.23.2007","Tanjung Pauh Hilir"
"15","Jambi","15.01","Kabupaten Kerinci","15.01.23","Danau Kerinci Barat","15.01.23.2008","Serumpun Pauh"
"15","Jambi","15.01","Kabupaten Kerinci","15.01.23","Danau Kerinci Barat","15.01.23.2009","Pondok Siguang"
"15","Jambi","15.01","Kabupaten Kerinci","15.01.23","Danau Kerinci Barat","15.01.23.2010","Koto Tengah"
"15","Jambi","15.01","Kabupaten Kerinci","15.01.23","Danau Kerinci Barat","15.01.23.2011","Semerap"
"15","Jambi","15.01","Kabupaten Kerinci","15.01.23","Danau Kerinci Barat","15.01.23.2012","Koto Baru Semerap"
"15","Jambi","15.01","Kabupaten Kerinci","15.01.23","Danau Kerinci Barat","15.01.23.2013","Pasar Semerap"
"15","Jambi","15.01","Kabupaten Kerinci","15.01.23","Danau Kerinci Barat","15.01.23.2014","Koto Patah"
"15","Jambi","15.02","Kabupaten Merangin","15.02.01","Jangkat","15.02.01.2001","Renah Kemumu"
"15","Jambi","15.02","Kabupaten Merangin","15.02.01","Jangkat","15.02.01.2002","Tanjung Kasri"
"15","Jambi","15.02","Kabupaten Merangin","15.02.01","Jangkat","15.02.01.2003","Lubuk Mentilin"
"15","Jambi","15.02","Kabupaten Merangin","15.02.01","Jangkat","15.02.01.2004","Rantau Kermas"
"15","Jambi","15.02","Kabupaten Merangin","15.02.01","Jangkat","15.02.01.2005","Renah Alai"
"15","Jambi","15.02","Kabupaten Merangin","15.02.01","Jangkat","15.02.01.2008","Pulau Tengah"
"15","Jambi","15.02","Kabupaten Merangin","15.02.01","Jangkat","15.02.01.2009","Lubuk Pungguk"
"15","Jambi","15.02","Kabupaten Merangin","15.02.01","Jangkat","15.02.01.2010","Koto Renah"
"15","Jambi","15.02","Kabupaten Merangin","15.02.01","Jangkat","15.02.01.2011","Muara Madras"
"15","Jambi","15.02","Kabupaten Merangin","15.02.01","Jangkat","15.02.01.2023","Renah Pelaan"
"15","Jambi","15.02","Kabupaten Merangin","15.02.01","Jangkat","15.02.01.2024","Koto Rawang"
"15","Jambi","15.02","Kabupaten Merangin","15.02.02","Bangko","15.02.02.1009","Pasar Atas"
"15","Jambi","15.02","Kabupaten Merangin","15.02.02","Bangko","15.02.02.1010","Pasar Bangko"
"15","Jambi","15.02","Kabupaten Merangin","15.02.02","Bangko","15.02.02.1011","Dusun Bangko"
"15","Jambi","15.02","Kabupaten Merangin","15.02.02","Bangko","15.02.02.1013","Pematang Kandis"
"15","Jambi","15.02","Kabupaten Merangin","15.02.02","Bangko","15.02.02.2004","Kungkai"
"15","Jambi","15.02","Kabupaten Merangin","15.02.02","Bangko","15.02.02.2008","Mudo"
"15","Jambi","15.02","Kabupaten Merangin","15.02.02","Bangko","15.02.02.2012","Langling"
"15","Jambi","15.02","Kabupaten Merangin","15.02.02","Bangko","15.02.02.2024","Sungai Kapas"
"15","Jambi","15.02","Kabupaten Merangin","15.02.03","Muara Siau","15.02.03.2004","Durian Rambun"
"15","Jambi","15.02","Kabupaten Merangin","15.02.03","Muara Siau","15.02.03.2007","Lubuk Birah"
"15","Jambi","15.02","Kabupaten Merangin","15.02.03","Muara Siau","15.02.03.2008","Lubuk Beringin"
"15","Jambi","15.02","Kabupaten Merangin","15.02.03","Muara Siau","15.02.03.2009","Rantau Macang"
"15","Jambi","15.02","Kabupaten Merangin","15.02.03","Muara Siau","15.02.03.2010","Peradun Temeras"
"15","Jambi","15.02","Kabupaten Merangin","15.02.03","Muara Siau","15.02.03.2011","Teluk Sikumbang"
"15","Jambi","15.02","Kabupaten Merangin","15.02.03","Muara Siau","15.02.03.2012","Muara Siau"
"15","Jambi","15.02","Kabupaten Merangin","15.02.03","Muara Siau","15.02.03.2013","Tiaro"
"15","Jambi","15.02","Kabupaten Merangin","15.02.03","Muara Siau","15.02.03.2015","Air Lago"
"15","Jambi","15.02","Kabupaten Merangin","15.02.03","Muara Siau","15.02.03.2016","Badak Tekurung"
"15","Jambi","15.02","Kabupaten Merangin","15.02.03","Muara Siau","15.02.03.2017","Rantau Bidaro"
"15","Jambi","15.02","Kabupaten Merangin","15.02.03","Muara Siau","15.02.03.2018","Rantau Panjang"
"15","Jambi","15.02","Kabupaten Merangin","15.02.03","Muara Siau","15.02.03.2021","Pulau Raman"
"15","Jambi","15.02","Kabupaten Merangin","15.02.03","Muara Siau","15.02.03.2024","Pasar Muara Siau"
"15","Jambi","15.02","Kabupaten Merangin","15.02.03","Muara Siau","15.02.03.2027","Sepantai Renah"
"15","Jambi","15.02","Kabupaten Merangin","15.02.03","Muara Siau","15.02.03.2028","Sungai Ulas"
"15","Jambi","15.02","Kabupaten Merangin","15.02.03","Muara Siau","15.02.03.2029","Rantau Bayur"
"15","Jambi","15.02","Kabupaten Merangin","15.02.04","Sungai Manau","15.02.04.2007","Sungai Pinang"
"15","Jambi","15.02","Kabupaten Merangin","15.02.04","Sungai Manau","15.02.04.2008","Tiangko"
"15","Jambi","15.02","Kabupaten Merangin","15.02.04","Sungai Manau","15.02.04.2009","Palipan"
"15","Jambi","15.02","Kabupaten Merangin","15.02.04","Sungai Manau","15.02.04.2010","Seringat"
"15","Jambi","15.02","Kabupaten Merangin","15.02.04","Sungai Manau","15.02.04.2011","Durian Lecah"
"15","Jambi","15.02","Kabupaten Merangin","15.02.04","Sungai Manau","15.02.04.2015","Bukit Batu"
"15","Jambi","15.02","Kabupaten Merangin","15.02.04","Sungai Manau","15.02.04.2016","Sungai Nilau"
"15","Jambi","15.02","Kabupaten Merangin","15.02.04","Sungai Manau","15.02.04.2017","Sungai Manau"
"15","Jambi","15.02","Kabupaten Merangin","15.02.04","Sungai Manau","15.02.04.2025","Benteng"
"15","Jambi","15.02","Kabupaten Merangin","15.02.04","Sungai Manau","15.02.04.2026","Gelanggang"
"15","Jambi","15.02","Kabupaten Merangin","15.02.05","Tabir","15.02.05.1002","Dusun Baru"
"15","Jambi","15.02","Kabupaten Merangin","15.02.05","Tabir","15.02.05.1003","Pasar Rantau Panjang"
"15","Jambi","15.02","Kabupaten Merangin","15.02.05","Tabir","15.02.05.1005","Kampung Baruh"
"15","Jambi","15.02","Kabupaten Merangin","15.02.05","Tabir","15.02.05.1020","Mampun"
"15","Jambi","15.02","Kabupaten Merangin","15.02.05","Tabir","15.02.05.1036","Pasar Baru Rantau"
"15","Jambi","15.02","Kabupaten Merangin","15.02.05","Tabir","15.02.05.2007","Kandang"
"15","Jambi","15.02","Kabupaten Merangin","15.02.05","Tabir","15.02.05.2008","Koto Rayo"
"15","Jambi","15.02","Kabupaten Merangin","15.02.05","Tabir","15.02.05.2011","Tanjung Ilir"
"15","Jambi","15.02","Kabupaten Merangin","15.02.05","Tabir","15.02.05.2014","Beluran Panjang"
"15","Jambi","15.02","Kabupaten Merangin","15.02.05","Tabir","15.02.05.2015","Seling"
"15","Jambi","15.02","Kabupaten Merangin","15.02.05","Tabir","15.02.05.2035","Lubuk Napal"
"15","Jambi","15.02","Kabupaten Merangin","15.02.06","Pamenang","15.02.06.1008","Pamenang"
"15","Jambi","15.02","Kabupaten Merangin","15.02.06","Pamenang","15.02.06.2004","Jelatang"
"15","Jambi","15.02","Kabupaten Merangin","15.02.06","Pamenang","15.02.06.2005","Tanjung Gedang"
"15","Jambi","15.02","Kabupaten Merangin","15.02.06","Pamenang","15.02.06.2006","Empang Benao"
"15","Jambi","15.02","Kabupaten Merangin","15.02.06","Pamenang","15.02.06.2007","Rejo Sari"
"15","Jambi","15.02","Kabupaten Merangin","15.02.06","Pamenang","15.02.06.2009","Keroya"
"15","Jambi","15.02","Kabupaten Merangin","15.02.06","Pamenang","15.02.06.2010","Muara Belengo"
"15","Jambi","15.02","Kabupaten Merangin","15.02.06","Pamenang","15.02.06.2011","Karang Berahi"
"15","Jambi","15.02","Kabupaten Merangin","15.02.06","Pamenang","15.02.06.2012","Pauh Menang"
"15","Jambi","15.02","Kabupaten Merangin","15.02.06","Pamenang","15.02.06.2013","Pematang Kancil"
"15","Jambi","15.02","Kabupaten Merangin","15.02.06","Pamenang","15.02.06.2014","Tanah Abang"
"15","Jambi","15.02","Kabupaten Merangin","15.02.06","Pamenang","15.02.06.2015","Sialang"
"15","Jambi","15.02","Kabupaten Merangin","15.02.06","Pamenang","15.02.06.2026","Sungai Udang"
"15","Jambi","15.02","Kabupaten Merangin","15.02.06","Pamenang","15.02.06.2027","Pelakar Jaya"
"15","Jambi","15.02","Kabupaten Merangin","15.02.07","Tabir Ulu","15.02.07.2009","Muara Jernih"
"15","Jambi","15.02","Kabupaten Merangin","15.02.07","Tabir Ulu","15.02.07.2010","Kapuk"
"15","Jambi","15.02","Kabupaten Merangin","15.02.07","Tabir Ulu","15.02.07.2011","Pulau Aro"
"15","Jambi","15.02","Kabupaten Merangin","15.02.07","Tabir Ulu","15.02.07.2012","Rantau Ngarau"
"15","Jambi","15.02","Kabupaten Merangin","15.02.07","Tabir Ulu","15.02.07.2013","Medan Baru"
"15","Jambi","15.02","Kabupaten Merangin","15.02.07","Tabir Ulu","15.02.07.2014","Muaro Seketuk"
"15","Jambi","15.02","Kabupaten Merangin","15.02.08","Tabir Selatan","15.02.08.2001","Sungai Sahut"
"15","Jambi","15.02","Kabupaten Merangin","15.02.08","Tabir Selatan","15.02.08.2002","Bungo Antoi"
"15","Jambi","15.02","Kabupaten Merangin","15.02.08","Tabir Selatan","15.02.08.2003","Muara Delang"
"15","Jambi","15.02","Kabupaten Merangin","15.02.08","Tabir Selatan","15.02.08.2004","Sinar Gading"
"15","Jambi","15.02","Kabupaten Merangin","15.02.08","Tabir Selatan","15.02.08.2005","Bungo Tanjung"
"15","Jambi","15.02","Kabupaten Merangin","15.02.08","Tabir Selatan","15.02.08.2006","Rawa Jaya"
"15","Jambi","15.02","Kabupaten Merangin","15.02.08","Tabir Selatan","15.02.08.2007","Gading Jaya"
"15","Jambi","15.02","Kabupaten Merangin","15.02.08","Tabir Selatan","15.02.08.2008","Mekar Jaya"
"15","Jambi","15.02","Kabupaten Merangin","15.02.09","Lembah Masurai","15.02.09.2001","Nilo Dingin"
"15","Jambi","15.02","Kabupaten Merangin","15.02.09","Lembah Masurai","15.02.09.2002","Tanjung Berugo"
"15","Jambi","15.02","Kabupaten Merangin","15.02.09","Lembah Masurai","15.02.09.2003","Tuo"
"15","Jambi","15.02","Kabupaten Merangin","15.02.09","Lembah Masurai","15.02.09.2004","Koto Rami"
"15","Jambi","15.02","Kabupaten Merangin","15.02.09","Lembah Masurai","15.02.09.2005","Rancan"
"15","Jambi","15.02","Kabupaten Merangin","15.02.09","Lembah Masurai","15.02.09.2006","Pasar Masurai"
"15","Jambi","15.02","Kabupaten Merangin","15.02.09","Lembah Masurai","15.02.09.2007","Rantau Jering"
"15","Jambi","15.02","Kabupaten Merangin","15.02.09","Lembah Masurai","15.02.09.2008","Tanjung Dalam"
"15","Jambi","15.02","Kabupaten Merangin","15.02.09","Lembah Masurai","15.02.09.2009","Muaro Pangi"
"15","Jambi","15.02","Kabupaten Merangin","15.02.09","Lembah Masurai","15.02.09.2010","Sungai Lalang"
"15","Jambi","15.02","Kabupaten Merangin","15.02.09","Lembah Masurai","15.02.09.2011","Talang Asal"
"15","Jambi","15.02","Kabupaten Merangin","15.02.09","Lembah Masurai","15.02.09.2012","Muara Kelukup"
"15","Jambi","15.02","Kabupaten Merangin","15.02.09","Lembah Masurai","15.02.09.2013","Muara Lengayo"
"15","Jambi","15.02","Kabupaten Merangin","15.02.09","Lembah Masurai","15.02.09.2014","Talang Paruh"
"15","Jambi","15.02","Kabupaten Merangin","15.02.09","Lembah Masurai","15.02.09.2015","Durian Mukut"
"15","Jambi","15.02","Kabupaten Merangin","15.02.10","Bangko Barat","15.02.10.2001","Pulau Rengas"
"15","Jambi","15.02","Kabupaten Merangin","15.02.10","Bangko Barat","15.02.10.2002","Biuku Tanjung"
"15","Jambi","15.02","Kabupaten Merangin","15.02.10","Bangko Barat","15.02.10.2003","Bedeng Rejo"
"15","Jambi","15.02","Kabupaten Merangin","15.02.10","Bangko Barat","15.02.10.2004","Sungai Putih"
"15","Jambi","15.02","Kabupaten Merangin","15.02.10","Bangko Barat","15.02.10.2005","Bukit Beringin"
"15","Jambi","15.02","Kabupaten Merangin","15.02.10","Bangko Barat","15.02.10.2006","Pulau Rengas Ulu"
"15","Jambi","15.02","Kabupaten Merangin","15.02.11","Nalo Tantan","15.02.11.2001","Sungai Ulak"
"15","Jambi","15.02","Kabupaten Merangin","15.02.11","Nalo Tantan","15.02.11.2002","Aur Berduri"
"15","Jambi","15.02","Kabupaten Merangin","15.02.11","Nalo Tantan","15.02.11.2003","Telun"
"15","Jambi","15.02","Kabupaten Merangin","15.02.11","Nalo Tantan","15.02.11.2004","Nalo Gedang"
"15","Jambi","15.02","Kabupaten Merangin","15.02.11","Nalo Tantan","15.02.11.2005","Baru Nalo"
"15","Jambi","15.02","Kabupaten Merangin","15.02.11","Nalo Tantan","15.02.11.2006","Mentawak"
"15","Jambi","15.02","Kabupaten Merangin","15.02.11","Nalo Tantan","15.02.11.2007","Danau"
"15","Jambi","15.02","Kabupaten Merangin","15.02.12","Batang Masumai","15.02.12.2001","Lubuk Gaung"
"15","Jambi","15.02","Kabupaten Merangin","15.02.12","Batang Masumai","15.02.12.2002","Salam Buku"
"15","Jambi","15.02","Kabupaten Merangin","15.02.12","Batang Masumai","15.02.12.2003","Pulau Baru"
"15","Jambi","15.02","Kabupaten Merangin","15.02.12","Batang Masumai","15.02.12.2004","Nibung"
"15","Jambi","15.02","Kabupaten Merangin","15.02.12","Batang Masumai","15.02.12.2005","Titian Teras"
"15","Jambi","15.02","Kabupaten Merangin","15.02.12","Batang Masumai","15.02.12.2006","Kederasan Panjang"
"15","Jambi","15.02","Kabupaten Merangin","15.02.12","Batang Masumai","15.02.12.2007","Rantau Alai"
"15","Jambi","15.02","Kabupaten Merangin","15.02.12","Batang Masumai","15.02.12.2008","Tambang Besi"
"15","Jambi","15.02","Kabupaten Merangin","15.02.12","Batang Masumai","15.02.12.2009","Pelangki"
"15","Jambi","15.02","Kabupaten Merangin","15.02.12","Batang Masumai","15.02.12.2010","Pulau Layang"
"15","Jambi","15.02","Kabupaten Merangin","15.02.13","Pamenang Barat","15.02.13.2001","Tanjung Lamin"
"15","Jambi","15.02","Kabupaten Merangin","15.02.13","Pamenang Barat","15.02.13.2002","Limbur Merangin"
"15","Jambi","15.02","Kabupaten Merangin","15.02.13","Pamenang Barat","15.02.13.2003","Karang Anyar"
"15","Jambi","15.02","Kabupaten Merangin","15.02.13","Pamenang Barat","15.02.13.2004","Pinang Merah"
"15","Jambi","15.02","Kabupaten Merangin","15.02.13","Pamenang Barat","15.02.13.2005","Simpang Limbur Merangin"
"15","Jambi","15.02","Kabupaten Merangin","15.02.13","Pamenang Barat","15.02.13.2006","Mampun Baru"
"15","Jambi","15.02","Kabupaten Merangin","15.02.13","Pamenang Barat","15.02.13.2007","Papit"
"15","Jambi","15.02","Kabupaten Merangin","15.02.13","Pamenang Barat","15.02.13.2008","PulauTujuh"
"15","Jambi","15.02","Kabupaten Merangin","15.02.14","Tabir Ilir","15.02.14.2001","Rantau Limau Manis"
"15","Jambi","15.02","Kabupaten Merangin","15.02.14","Tabir Ilir","15.02.14.2002","Ulak Makam"
"15","Jambi","15.02","Kabupaten Merangin","15.02.14","Tabir Ilir","15.02.14.2003","Air Batu"
"15","Jambi","15.02","Kabupaten Merangin","15.02.14","Tabir Ilir","15.02.14.2004","Rejo Sari"
"15","Jambi","15.02","Kabupaten Merangin","15.02.14","Tabir Ilir","15.02.14.2005","Kota Raja"
"15","Jambi","15.02","Kabupaten Merangin","15.02.14","Tabir Ilir","15.02.14.2006","Tunggul Bulin"
"15","Jambi","15.02","Kabupaten Merangin","15.02.14","Tabir Ilir","15.02.14.2007","Mekar Limau Manis"
"15","Jambi","15.02","Kabupaten Merangin","15.02.15","Tabir Timur","15.02.15.2001","Sungai Limau"
"15","Jambi","15.02","Kabupaten Merangin","15.02.15","Tabir Timur","15.02.15.2002","Sungai Bulian"
"15","Jambi","15.02","Kabupaten Merangin","15.02.15","Tabir Timur","15.02.15.2003","Sri Sembilan"
"15","Jambi","15.02","Kabupaten Merangin","15.02.15","Tabir Timur","15.02.15.2004","Bukit Subur"
"15","Jambi","15.02","Kabupaten Merangin","15.02.16","Renah Pembarap","15.02.16.2001","Muaro Panco Barat"
"15","Jambi","15.02","Kabupaten Merangin","15.02.16","Renah Pembarap","15.02.16.2002","Talang Segegah"
"15","Jambi","15.02","Kabupaten Merangin","15.02.16","Renah Pembarap","15.02.16.2003","Durian Batakuk"
"15","Jambi","15.02","Kabupaten Merangin","15.02.16","Renah Pembarap","15.02.16.2004","Muara Bantan"
"15","Jambi","15.02","Kabupaten Merangin","15.02.16","Renah Pembarap","15.02.16.2005","Parit Ujung Tanjung"
"15","Jambi","15.02","Kabupaten Merangin","15.02.16","Renah Pembarap","15.02.16.2006","Guguk"
"15","Jambi","15.02","Kabupaten Merangin","15.02.16","Renah Pembarap","15.02.16.2007","Markeh"
"15","Jambi","15.02","Kabupaten Merangin","15.02.16","Renah Pembarap","15.02.16.2008","Air Batu"
"15","Jambi","15.02","Kabupaten Merangin","15.02.16","Renah Pembarap","15.02.16.2009","Marus Jaya"
"15","Jambi","15.02","Kabupaten Merangin","15.02.16","Renah Pembarap","15.02.16.2010","Renah Medan"
"15","Jambi","15.02","Kabupaten Merangin","15.02.16","Renah Pembarap","15.02.16.2011","Simpang Parit"
"15","Jambi","15.02","Kabupaten Merangin","15.02.16","Renah Pembarap","15.02.16.2012","Muaro Panco Timur"
"15","Jambi","15.02","Kabupaten Merangin","15.02.17","Pangkalan Jambu","15.02.17.2001","Baru Pangkalan Jambu"
"15","Jambi","15.02","Kabupaten Merangin","15.02.17","Pangkalan Jambu","15.02.17.2002","Bukit Perentak"
"15","Jambi","15.02","Kabupaten Merangin","15.02.17","Pangkalan Jambu","15.02.17.2003","Birun"
"15","Jambi","15.02","Kabupaten Merangin","15.02.17","Pangkalan Jambu","15.02.17.2004","Tiga Alur"
"15","Jambi","15.02","Kabupaten Merangin","15.02.17","Pangkalan Jambu","15.02.17.2005","Bungo Tanjung"
"15","Jambi","15.02","Kabupaten Merangin","15.02.17","Pangkalan Jambu","15.02.17.2006","Sungai Jering"
"15","Jambi","15.02","Kabupaten Merangin","15.02.17","Pangkalan Jambu","15.02.17.2007","Kampung Limo"
"15","Jambi","15.02","Kabupaten Merangin","15.02.17","Pangkalan Jambu","15.02.17.2008","Tanjung Mudo"
"15","Jambi","15.02","Kabupaten Merangin","15.02.18","Jangkat Timur","15.02.18.2001","Tanjung Mudo"
"15","Jambi","15.02","Kabupaten Merangin","15.02.18","Jangkat Timur","15.02.18.2002","Koto Teguh"
"15","Jambi","15.02","Kabupaten Merangin","15.02.18","Jangkat Timur","15.02.18.2003","Baru"
"15","Jambi","15.02","Kabupaten Merangin","15.02.18","Jangkat Timur","15.02.18.2004","Talang Tembago"
"15","Jambi","15.02","Kabupaten Merangin","15.02.18","Jangkat Timur","15.02.18.2005","Beringin Tinggi"
"15","Jambi","15.02","Kabupaten Merangin","15.02.18","Jangkat Timur","15.02.18.2006","Pematang Pauh"
"15","Jambi","15.02","Kabupaten Merangin","15.02.18","Jangkat Timur","15.02.18.2007","Rantau Suli"
"15","Jambi","15.02","Kabupaten Merangin","15.02.18","Jangkat Timur","15.02.18.2008","Gedang"
"15","Jambi","15.02","Kabupaten Merangin","15.02.18","Jangkat Timur","15.02.18.2010","Koto Baru"
"15","Jambi","15.02","Kabupaten Merangin","15.02.18","Jangkat Timur","15.02.18.2011","Tanjung Benuang"
"15","Jambi","15.02","Kabupaten Merangin","15.02.18","Jangkat Timur","15.02.18.2012","Jangkat"
"15","Jambi","15.02","Kabupaten Merangin","15.02.18","Jangkat Timur","15.02.18.2013","Tanjung Alam"
"15","Jambi","15.02","Kabupaten Merangin","15.02.18","Jangkat Timur","15.02.18.2014","Kabu"
"15","Jambi","15.02","Kabupaten Merangin","15.02.18","Jangkat Timur","15.02.18.2015","Simpang Talang Tembago"
"15","Jambi","15.02","Kabupaten Merangin","15.02.19","Renah Pamenang","15.02.19.2001","Meranti"
"15","Jambi","15.02","Kabupaten Merangin","15.02.19","Renah Pamenang","15.02.19.2002","Bukit Bungkul"
"15","Jambi","15.02","Kabupaten Merangin","15.02.19","Renah Pamenang","15.02.19.2003","Rasau"
"15","Jambi","15.02","Kabupaten Merangin","15.02.19","Renah Pamenang","15.02.19.2004","Lantak Seribu"
"15","Jambi","15.02","Kabupaten Merangin","15.02.20","Pamenang Selatan","15.02.20.2001","Tambang Emas"
"15","Jambi","15.02","Kabupaten Merangin","15.02.20","Pamenang Selatan","15.02.20.2002","Tanjung Benuang"
"15","Jambi","15.02","Kabupaten Merangin","15.02.20","Pamenang Selatan","15.02.20.2003","Pulau Bayur"
"15","Jambi","15.02","Kabupaten Merangin","15.02.20","Pamenang Selatan","15.02.20.2004","Selango"
"15","Jambi","15.02","Kabupaten Merangin","15.02.21","Margo Tabir","15.02.21.2001","Tanjung Rejo"
"15","Jambi","15.02","Kabupaten Merangin","15.02.21","Margo Tabir","15.02.21.2002","Sumber Agung"
"15","Jambi","15.02","Kabupaten Merangin","15.02.21","Margo Tabir","15.02.21.2003","Suko Rejo"
"15","Jambi","15.02","Kabupaten Merangin","15.02.21","Margo Tabir","15.02.21.2004","Sido Rukun"
"15","Jambi","15.02","Kabupaten Merangin","15.02.21","Margo Tabir","15.02.21.2005","Lubuk Bumbun"
"15","Jambi","15.02","Kabupaten Merangin","15.02.21","Margo Tabir","15.02.21.2006","Tegal Rejo"
"15","Jambi","15.02","Kabupaten Merangin","15.02.22","Tabir Lintas","15.02.22.2001","Tambang Baru"
"15","Jambi","15.02","Kabupaten Merangin","15.02.22","Tabir Lintas","15.02.22.2002","Sido Lego"
"15","Jambi","15.02","Kabupaten Merangin","15.02.22","Tabir Lintas","15.02.22.2003","Mensango"
"15","Jambi","15.02","Kabupaten Merangin","15.02.22","Tabir Lintas","15.02.22.2004","Koto Baru"
"15","Jambi","15.02","Kabupaten Merangin","15.02.22","Tabir Lintas","15.02.22.2005","Sido Harjo"
"15","Jambi","15.02","Kabupaten Merangin","15.02.23","Tabir Barat","15.02.23.2001","Muara Kibul"
"15","Jambi","15.02","Kabupaten Merangin","15.02.23","Tabir Barat","15.02.23.2002","Tanjung Putus"
"15","Jambi","15.02","Kabupaten Merangin","15.02.23","Tabir Barat","15.02.23.2003","Pulau Tebakar"
"15","Jambi","15.02","Kabupaten Merangin","15.02.23","Tabir Barat","15.02.23.2004","Batang Kibul"
"15","Jambi","15.02","Kabupaten Merangin","15.02.23","Tabir Barat","15.02.23.2005","Sungai Tabir"
"15","Jambi","15.02","Kabupaten Merangin","15.02.23","Tabir Barat","15.02.23.2006","Telentam"
"15","Jambi","15.02","Kabupaten Merangin","15.02.23","Tabir Barat","15.02.23.2007","Ngaol"
"15","Jambi","15.02","Kabupaten Merangin","15.02.23","Tabir Barat","15.02.23.2008","Air Liki"
"15","Jambi","15.02","Kabupaten Merangin","15.02.23","Tabir Barat","15.02.23.2009","Pulau Lebar"
"15","Jambi","15.02","Kabupaten Merangin","15.02.23","Tabir Barat","15.02.23.2010","Muara Langeh"
"15","Jambi","15.02","Kabupaten Merangin","15.02.23","Tabir Barat","15.02.23.2011","Tanjung Beringin"
"15","Jambi","15.02","Kabupaten Merangin","15.02.23","Tabir Barat","15.02.23.2012","Baru Kibul"
"15","Jambi","15.02","Kabupaten Merangin","15.02.23","Tabir Barat","15.02.23.2013","Ngaol Ilir"
"15","Jambi","15.02","Kabupaten Merangin","15.02.23","Tabir Barat","15.02.23.2014","Air Liki Baru"
"15","Jambi","15.02","Kabupaten Merangin","15.02.24","Tiang Pumpung","15.02.24.2001","Sekancing"
"15","Jambi","15.02","Kabupaten Merangin","15.02.24","Tiang Pumpung","15.02.24.2002","Sekancing Ilir"
"15","Jambi","15.02","Kabupaten Merangin","15.02.24","Tiang Pumpung","15.02.24.2003","Beringin Sanggul"
"15","Jambi","15.02","Kabupaten Merangin","15.02.24","Tiang Pumpung","15.02.24.2004","Baru Bukit Punjung"
"15","Jambi","15.02","Kabupaten Merangin","15.02.24","Tiang Pumpung","15.02.24.2005","Rantau Limau Kapas"
"15","Jambi","15.02","Kabupaten Merangin","15.02.24","Tiang Pumpung","15.02.24.2006","Baru Sungai Sakai"
"15","Jambi","15.03","Kabupaten Sarolangun","15.03.01","Batang Asai","15.03.01.2001","Tambak Ratu"
"15","Jambi","15.03","Kabupaten Sarolangun","15.03.01","Batang Asai","15.03.01.2002","Sungai Keradak"
"15","Jambi","15.03","Kabupaten Sarolangun","15.03.01","Batang Asai","15.03.01.2003","Muaro Air Dua"
"15","Jambi","15.03","Kabupaten Sarolangun","15.03.01","Batang Asai","15.03.01.2004","Simpang Narso"
"15","Jambi","15.03","Kabupaten Sarolangun","15.03.01","Batang Asai","15.03.01.2005","Batin Pengambang"
"15","Jambi","15.03","Kabupaten Sarolangun","15.03.01","Batang Asai","15.03.01.2006","Batu Empang"
"15","Jambi","15.03","Kabupaten Sarolangun","15.03.01","Batang Asai","15.03.01.2007","Rantau Panjang"
"15","Jambi","15.03","Kabupaten Sarolangun","15.03.01","Batang Asai","15.03.01.2008","P. Salak Baru"
"15","Jambi","15.03","Kabupaten Sarolangun","15.03.01","Batang Asai","15.03.01.2009","Muaro Pemuat"
"15","Jambi","15.03","Kabupaten Sarolangun","15.03.01","Batang Asai","15.03.01.2010","Lubuk Bangkar"
"15","Jambi","15.03","Kabupaten Sarolangun","15.03.01","Batang Asai","15.03.01.2011","Pekan Gedang"
"15","Jambi","15.03","Kabupaten Sarolangun","15.03.01","Batang Asai","15.03.01.2012","Raden Anom"
"15","Jambi","15.03","Kabupaten Sarolangun","15.03.01","Batang Asai","15.03.01.2013","Datuk Nan Duo"
"15","Jambi","15.03","Kabupaten Sarolangun","15.03.01","Batang Asai","15.03.01.2014","Bukit Kalimau Ulu"
"15","Jambi","15.03","Kabupaten Sarolangun","15.03.01","Batang Asai","15.03.01.2015","Sungai Bemban"
"15","Jambi","15.03","Kabupaten Sarolangun","15.03.01","Batang Asai","15.03.01.2016","Muara Cuban"
"15","Jambi","15.03","Kabupaten Sarolangun","15.03.01","Batang Asai","15.03.01.2017","Sungai Baung"
"15","Jambi","15.03","Kabupaten Sarolangun","15.03.01","Batang Asai","15.03.01.2018","Padang Jering"
"15","Jambi","15.03","Kabupaten Sarolangun","15.03.01","Batang Asai","15.03.01.2019","Kasiro"
"15","Jambi","15.03","Kabupaten Sarolangun","15.03.01","Batang Asai","15.03.01.2020","Kasiro Hilir"
"15","Jambi","15.03","Kabupaten Sarolangun","15.03.01","Batang Asai","15.03.01.2021","Bukit Berantai"
"15","Jambi","15.03","Kabupaten Sarolangun","15.03.01","Batang Asai","15.03.01.2022","Bukit Sulah"
"15","Jambi","15.03","Kabupaten Sarolangun","15.03.01","Batang Asai","15.03.01.2023","Paniban Baru"
"15","Jambi","15.03","Kabupaten Sarolangun","15.03.02","Limun","15.03.02.2005","Pulau Pandan"
"15","Jambi","15.03","Kabupaten Sarolangun","15.03.02","Limun","15.03.02.2006","Temenggung"
"15","Jambi","15.03","Kabupaten Sarolangun","15.03.02","Limun","15.03.02.2007","Ranggo"
"15","Jambi","15.03","Kabupaten Sarolangun","15.03.02","Limun","15.03.02.2008","Panca Karya"
"15","Jambi","15.03","Kabupaten Sarolangun","15.03.02","Limun","15.03.02.2009","Lubuk Bedorong"
"15","Jambi","15.03","Kabupaten Sarolangun","15.03.02","Limun","15.03.02.2010","Meribung"
"15","Jambi","15.03","Kabupaten Sarolangun","15.03.02","Limun","15.03.02.2011","Napal Melintang"
"15","Jambi","15.03","Kabupaten Sarolangun","15.03.02","Limun","15.03.02.2012","Berkun"
"15","Jambi","15.03","Kabupaten Sarolangun","15.03.02","Limun","15.03.02.2013","Mersip"
"15","Jambi","15.03","Kabupaten Sarolangun","15.03.02","Limun","15.03.02.2014","Tanjung Raden"
"15","Jambi","15.03","Kabupaten Sarolangun","15.03.02","Limun","15.03.02.2016","Moenti"
"15","Jambi","15.03","Kabupaten Sarolangun","15.03.02","Limun","15.03.02.2017","Muara Mensao"
"15","Jambi","15.03","Kabupaten Sarolangun","15.03.02","Limun","15.03.02.2018","Demang"
"15","Jambi","15.03","Kabupaten Sarolangun","15.03.02","Limun","15.03.02.2021","Temalang"
"15","Jambi","15.03","Kabupaten Sarolangun","15.03.02","Limun","15.03.02.2022","Muara Limun"
"15","Jambi","15.03","Kabupaten Sarolangun","15.03.02","Limun","15.03.02.2023","Suka Damai"
"15","Jambi","15.03","Kabupaten Sarolangun","15.03.03","Sarolangun","15.03.03.1001","Dusun Sarolangun"
"15","Jambi","15.03","Kabupaten Sarolangun","15.03.03","Sarolangun","15.03.03.1015","Sukasari"
"15","Jambi","15.03","Kabupaten Sarolangun","15.03.03","Sarolangun","15.03.03.1016","Pasar Sarolangun"
"15","Jambi","15.03","Kabupaten Sarolangun","15.03.03","Sarolangun","15.03.03.1019","Sarolangun Kembang"
"15","Jambi","15.03","Kabupaten Sarolangun","15.03.03","Sarolangun","15.03.03.1025","Gunung Kembang"
"15","Jambi","15.03","Kabupaten Sarolangun","15.03.03","Sarolangun","15.03.03.1026","Aur Gading"
"15","Jambi","15.03","Kabupaten Sarolangun","15.03.03","Sarolangun","15.03.03.2002","Bernai"
"15","Jambi","15.03","Kabupaten Sarolangun","15.03.03","Sarolangun","15.03.03.2003","Sungai Baung"
"15","Jambi","15.03","Kabupaten Sarolangun","15.03.03","Sarolangun","15.03.03.2004","Panti"
"15","Jambi","15.03","Kabupaten Sarolangun","15.03.03","Sarolangun","15.03.03.2005","Tinting"
"15","Jambi","15.03","Kabupaten Sarolangun","15.03.03","Sarolangun","15.03.03.2006","Sungai Abang"
"15","Jambi","15.03","Kabupaten Sarolangun","15.03.03","Sarolangun","15.03.03.2013","Lidung"
"15","Jambi","15.03","Kabupaten Sarolangun","15.03.03","Sarolangun","15.03.03.2014","Ladang Panjang"
"15","Jambi","15.03","Kabupaten Sarolangun","15.03.03","Sarolangun","15.03.03.2024","Desa Baru"
"15","Jambi","15.03","Kabupaten Sarolangun","15.03.03","Sarolangun","15.03.03.2027","Ujung Tanjung"
"15","Jambi","15.03","Kabupaten Sarolangun","15.03.03","Sarolangun","15.03.03.2028","Bernai Dalam"
"15","Jambi","15.03","Kabupaten Sarolangun","15.03.04","Pauh","15.03.04.1005","Pauh"
"15","Jambi","15.03","Kabupaten Sarolangun","15.03.04","Pauh","15.03.04.2001","Pangidaran"
"15","Jambi","15.03","Kabupaten Sarolangun","15.03.04","Pauh","15.03.04.2002","Karang Mendapo"
"15","Jambi","15.03","Kabupaten Sarolangun","15.03.04","Pauh","15.03.04.2003","Batu Ampar"
"15","Jambi","15.03","Kabupaten Sarolangun","15.03.04","Pauh","15.03.04.2004","Batu Kucing"
"15","Jambi","15.03","Kabupaten Sarolangun","15.03.04","Pauh","15.03.04.2006","Semaran"
"15","Jambi","15.03","Kabupaten Sarolangun","15.03.04","Pauh","15.03.04.2007","Kasang Melintang"
"15","Jambi","15.03","Kabupaten Sarolangun","15.03.04","Pauh","15.03.04.2008","Pangkal Bulian"
"15","Jambi","15.03","Kabupaten Sarolangun","15.03.04","Pauh","15.03.04.2009","Lubuk Napal"
"15","Jambi","15.03","Kabupaten Sarolangun","15.03.04","Pauh","15.03.04.2010","Sepintun"
"15","Jambi","15.03","Kabupaten Sarolangun","15.03.04","Pauh","15.03.04.2011","Lamban Sigatal"
"15","Jambi","15.03","Kabupaten Sarolangun","15.03.04","Pauh","15.03.04.2020","Seko Besar"
"15","Jambi","15.03","Kabupaten Sarolangun","15.03.04","Pauh","15.03.04.2021","Taman Bandung"
"15","Jambi","15.03","Kabupaten Sarolangun","15.03.04","Pauh","15.03.04.2022","Danau Serdang"
"15","Jambi","15.03","Kabupaten Sarolangun","15.03.05","Pelawan","15.03.05.2001","Penegah"
"15","Jambi","15.03","Kabupaten Sarolangun","15.03.05","Pelawan","15.03.05.2002","Pelawan"
"15","Jambi","15.03","Kabupaten Sarolangun","15.03.05","Pelawan","15.03.05.2003","Pulauaro"
"15","Jambi","15.03","Kabupaten Sarolangun","15.03.05","Pelawan","15.03.05.2004","Bukit"
"15","Jambi","15.03","Kabupaten Sarolangun","15.03.05","Pelawan","15.03.05.2005","Lubuk Sepuh"
"15","Jambi","15.03","Kabupaten Sarolangun","15.03.05","Pelawan","15.03.05.2006","Rantau Tenang"
"15","Jambi","15.03","Kabupaten Sarolangun","15.03.05","Pelawan","15.03.05.2007","Muara Danau"
"15","Jambi","15.03","Kabupaten Sarolangun","15.03.05","Pelawan","15.03.05.2013","Sungai Merah"
"15","Jambi","15.03","Kabupaten Sarolangun","15.03.05","Pelawan","15.03.05.2016","Pematang Kulim"
"15","Jambi","15.03","Kabupaten Sarolangun","15.03.05","Pelawan","15.03.05.2017","Batu Putih"
"15","Jambi","15.03","Kabupaten Sarolangun","15.03.05","Pelawan","15.03.05.2019","Mekar Sari"
"15","Jambi","15.03","Kabupaten Sarolangun","15.03.05","Pelawan","15.03.05.2021","Pasar Pelawan"
"15","Jambi","15.03","Kabupaten Sarolangun","15.03.05","Pelawan","15.03.05.2022","Pelawan Jaya"
"15","Jambi","15.03","Kabupaten Sarolangun","15.03.05","Pelawan","15.03.05.2023","Lubuk Sayak"
"15","Jambi","15.03","Kabupaten Sarolangun","15.03.06","Mandiangin","15.03.06.2001","Mandiangin"
"15","Jambi","15.03","Kabupaten Sarolangun","15.03.06","Mandiangin","15.03.06.2002","Rangkiling Simpang"
"15","Jambi","15.03","Kabupaten Sarolangun","15.03.06","Mandiangin","15.03.06.2003","Pemusiran"
"15","Jambi","15.03","Kabupaten Sarolangun","15.03.06","Mandiangin","15.03.06.2004","Gurun Tuo Simpang"
"15","Jambi","15.03","Kabupaten Sarolangun","15.03.06","Mandiangin","15.03.06.2005","Gurun Mudo"
"15","Jambi","15.03","Kabupaten Sarolangun","15.03.06","Mandiangin","15.03.06.2006","Gurun Tuo"
"15","Jambi","15.03","Kabupaten Sarolangun","15.03.06","Mandiangin","15.03.06.2007","Rangkiling"
"15","Jambi","15.03","Kabupaten Sarolangun","15.03.06","Mandiangin","15.03.06.2008","Mandiangin Tuo"
"15","Jambi","15.03","Kabupaten Sarolangun","15.03.06","Mandiangin","15.03.06.2009","Kertopati"
"15","Jambi","15.03","Kabupaten Sarolangun","15.03.06","Mandiangin","15.03.06.2010","Muaro Ketalo"
"15","Jambi","15.03","Kabupaten Sarolangun","15.03.06","Mandiangin","15.03.06.2011","Taman Dewa"
"15","Jambi","15.03","Kabupaten Sarolangun","15.03.06","Mandiangin","15.03.06.2012","Simpang Kertopati"
"15","Jambi","15.03","Kabupaten Sarolangun","15.03.06","Mandiangin","15.03.06.2013","Bukit Peranginan"
"15","Jambi","15.03","Kabupaten Sarolangun","15.03.06","Mandiangin","15.03.06.2020","Gurun Baru"
"15","Jambi","15.03","Kabupaten Sarolangun","15.03.06","Mandiangin","15.03.06.2021","Kute Jaye"
"15","Jambi","15.03","Kabupaten Sarolangun","15.03.06","Mandiangin","15.03.06.2022","Mandiangin Pasar"
"15","Jambi","15.03","Kabupaten Sarolangun","15.03.06","Mandiangin","15.03.06.2023","Sungai Rotan"
"15","Jambi","15.03","Kabupaten Sarolangun","15.03.06","Mandiangin","15.03.06.2028","Talang Serdang"
"15","Jambi","15.03","Kabupaten Sarolangun","15.03.07","Air Hitam","15.03.07.2001","Lubuk Jering"
"15","Jambi","15.03","Kabupaten Sarolangun","15.03.07","Air Hitam","15.03.07.2002","Jernih"
"15","Jambi","15.03","Kabupaten Sarolangun","15.03.07","Air Hitam","15.03.07.2003","Desa Baru"
"15","Jambi","15.03","Kabupaten Sarolangun","15.03.07","Air Hitam","15.03.07.2004","Semurung"
"15","Jambi","15.03","Kabupaten Sarolangun","15.03.07","Air Hitam","15.03.07.2005","Lubuk Kepayang"
"15","Jambi","15.03","Kabupaten Sarolangun","15.03.07","Air Hitam","15.03.07.2006","Pematang Kabau"
"15","Jambi","15.03","Kabupaten Sarolangun","15.03.07","Air Hitam","15.03.07.2007","Bukit Suban"
"15","Jambi","15.03","Kabupaten Sarolangun","15.03.07","Air Hitam","15.03.07.2008","Mentawak Baru"
"15","Jambi","15.03","Kabupaten Sarolangun","15.03.07","Air Hitam","15.03.07.2009","Mentawak Ulu"
"15","Jambi","15.03","Kabupaten Sarolangun","15.03.08","Bathin VIII","15.03.08.1011","Limbur Tembesi"
"15","Jambi","15.03","Kabupaten Sarolangun","15.03.08","Bathin VIII","15.03.08.2001","Rantau Gedang"
"15","Jambi","15.03","Kabupaten Sarolangun","15.03.08","Bathin VIII","15.03.08.2002","Penarun"
"15","Jambi","15.03","Kabupaten Sarolangun","15.03.08","Bathin VIII","15.03.08.2003","Pulau Lintang"
"15","Jambi","15.03","Kabupaten Sarolangun","15.03.08","Bathin VIII","15.03.08.2004","Tanjung"
"15","Jambi","15.03","Kabupaten Sarolangun","15.03.08","Bathin VIII","15.03.08.2005","Bangun Jayo"
"15","Jambi","15.03","Kabupaten Sarolangun","15.03.08","Bathin VIII","15.03.08.2006","Teluk kecimbung"
"15","Jambi","15.03","Kabupaten Sarolangun","15.03.08","Bathin VIII","15.03.08.2007","Pulau Melako"
"15","Jambi","15.03","Kabupaten Sarolangun","15.03.08","Bathin VIII","15.03.08.2008","Batu Penyabung"
"15","Jambi","15.03","Kabupaten Sarolangun","15.03.08","Bathin VIII","15.03.08.2009","Tanjung Gagak"
"15","Jambi","15.03","Kabupaten Sarolangun","15.03.08","Bathin VIII","15.03.08.2010","Pulau Buayo"
"15","Jambi","15.03","Kabupaten Sarolangun","15.03.08","Bathin VIII","15.03.08.2012","Dusun Dalam"
"15","Jambi","15.03","Kabupaten Sarolangun","15.03.08","Bathin VIII","15.03.08.2013","Muara Lati"
"15","Jambi","15.03","Kabupaten Sarolangun","15.03.08","Bathin VIII","15.03.08.2014","Suka Jadi"
"15","Jambi","15.03","Kabupaten Sarolangun","15.03.08","Bathin VIII","15.03.08.2015","Teluk Mancur"
"15","Jambi","15.03","Kabupaten Sarolangun","15.03.09","Singkut","15.03.09.1001","Sungai Benteng"
"15","Jambi","15.03","Kabupaten Sarolangun","15.03.09","Singkut","15.03.09.2002","Bukit Tigo"
"15","Jambi","15.03","Kabupaten Sarolangun","15.03.09","Singkut","15.03.09.2003","Sungai Gedang"
"15","Jambi","15.03","Kabupaten Sarolangun","15.03.09","Singkut","15.03.09.2004","Payo Lebar"
"15","Jambi","15.03","Kabupaten Sarolangun","15.03.09","Singkut","15.03.09.2005","Bukit Murau"
"15","Jambi","15.03","Kabupaten Sarolangun","15.03.09","Singkut","15.03.09.2006","Perdamaian"
"15","Jambi","15.03","Kabupaten Sarolangun","15.03.09","Singkut","15.03.09.2007","Pasar Singkut"
"15","Jambi","15.03","Kabupaten Sarolangun","15.03.09","Singkut","15.03.09.2008","Siliwangi"
"15","Jambi","15.03","Kabupaten Sarolangun","15.03.09","Singkut","15.03.09.2009","Simpang Nibung"
"15","Jambi","15.03","Kabupaten Sarolangun","15.03.09","Singkut","15.03.09.2010","Bukit Talang Mas"
"15","Jambi","15.03","Kabupaten Sarolangun","15.03.09","Singkut","15.03.09.2011","Bukit Bumi Raya"
"15","Jambi","15.03","Kabupaten Sarolangun","15.03.09","Singkut","15.03.09.2012","Argo Sari"
"15","Jambi","15.03","Kabupaten Sarolangun","15.03.09","Singkut","15.03.09.2013","Sendang Sari"
"15","Jambi","15.03","Kabupaten Sarolangun","15.03.10","Cermin Nan Gedang","15.03.10.2001","Kampung Tujuh"
"15","Jambi","15.03","Kabupaten Sarolangun","15.03.10","Cermin Nan Gedang","15.03.10.2002","Lubuk Resam"
"15","Jambi","15.03","Kabupaten Sarolangun","15.03.10","Cermin Nan Gedang","15.03.10.2003","Teluk Rendah"
"15","Jambi","15.03","Kabupaten Sarolangun","15.03.10","Cermin Nan Gedang","15.03.10.2004","Teluk Tigo"
"15","Jambi","15.03","Kabupaten Sarolangun","15.03.10","Cermin Nan Gedang","15.03.10.2005","Lubuk Resam Hilir"
"15","Jambi","15.03","Kabupaten Sarolangun","15.03.10","Cermin Nan Gedang","15.03.10.2006","Pemuncak"
"15","Jambi","15.03","Kabupaten Sarolangun","15.03.10","Cermin Nan Gedang","15.03.10.2007","Tambang Tinggi"
"15","Jambi","15.03","Kabupaten Sarolangun","15.03.10","Cermin Nan Gedang","15.03.10.2008","Tendah"
"15","Jambi","15.03","Kabupaten Sarolangun","15.03.10","Cermin Nan Gedang","15.03.10.2009","Sungai Keramat"
"15","Jambi","15.03","Kabupaten Sarolangun","15.03.10","Cermin Nan Gedang","15.03.10.2010","Sekamis"
"15","Jambi","15.03","Kabupaten Sarolangun","15.03.11","Mandiangin Timur","15.03.11.2001","Guruh Baru"
"15","Jambi","15.03","Kabupaten Sarolangun","15.03.11","Mandiangin Timur","15.03.11.2002","Petiduran Baru"
"15","Jambi","15.03","Kabupaten Sarolangun","15.03.11","Mandiangin Timur","15.03.11.2003","Sungai Butang"
"15","Jambi","15.03","Kabupaten Sarolangun","15.03.11","Mandiangin Timur","15.03.11.2004","Butang Baru"
"15","Jambi","15.03","Kabupaten Sarolangun","15.03.11","Mandiangin Timur","15.03.11.2005","Suka Maju"
"15","Jambi","15.03","Kabupaten Sarolangun","15.03.11","Mandiangin Timur","15.03.11.2006","Jati Baru"
"15","Jambi","15.03","Kabupaten Sarolangun","15.03.11","Mandiangin Timur","15.03.11.2007","Jati Baru Mudo"
"15","Jambi","15.03","Kabupaten Sarolangun","15.03.11","Mandiangin Timur","15.03.11.2008","Meranti Baru"
"15","Jambi","15.03","Kabupaten Sarolangun","15.03.11","Mandiangin Timur","15.03.11.2009","Meranti Jaya"
"15","Jambi","15.03","Kabupaten Sarolangun","15.03.11","Mandiangin Timur","15.03.11.2010","Jernang Baru"
"15","Jambi","15.04","Kabupaten Batanghari","15.04.01","Mersam","15.04.01.1001","Kembang Paseban"
"15","Jambi","15.04","Kabupaten Batanghari","15.04.01","Mersam","15.04.01.2002","Sengkati Kecil"
"15","Jambi","15.04","Kabupaten Batanghari","15.04.01","Mersam","15.04.01.2003","Sengkati Gedang"
"15","Jambi","15.04","Kabupaten Batanghari","15.04.01","Mersam","15.04.01.2004","Sengkati Baru"
"15","Jambi","15.04","Kabupaten Batanghari","15.04.01","Mersam","15.04.01.2005","Kembang Tanjung"
"15","Jambi","15.04","Kabupaten Batanghari","15.04.01","Mersam","15.04.01.2006","Mersam"
"15","Jambi","15.04","Kabupaten Batanghari","15.04.01","Mersam","15.04.01.2007","Benteng Rendah"
"15","Jambi","15.04","Kabupaten Batanghari","15.04.01","Mersam","15.04.01.2008","Sungai Puar"
"15","Jambi","15.04","Kabupaten Batanghari","15.04.01","Mersam","15.04.01.2009","Rantau Gedang"
"15","Jambi","15.04","Kabupaten Batanghari","15.04.01","Mersam","15.04.01.2010","Pematang Gadung"
"15","Jambi","15.04","Kabupaten Batanghari","15.04.01","Mersam","15.04.01.2011","Teluk Melintang"
"15","Jambi","15.04","Kabupaten Batanghari","15.04.01","Mersam","15.04.01.2012","Bukit Harapan"
"15","Jambi","15.04","Kabupaten Batanghari","15.04.01","Mersam","15.04.01.2013","Belanti Jaya"
"15","Jambi","15.04","Kabupaten Batanghari","15.04.01","Mersam","15.04.01.2014","Tapah Sari"
"15","Jambi","15.04","Kabupaten Batanghari","15.04.01","Mersam","15.04.01.2015","Bukit Kemuning"
"15","Jambi","15.04","Kabupaten Batanghari","15.04.01","Mersam","15.04.01.2016","Simpang Rantau Gedang"
"15","Jambi","15.04","Kabupaten Batanghari","15.04.01","Mersam","15.04.01.2017","Tanjung Putra"
"15","Jambi","15.04","Kabupaten Batanghari","15.04.01","Mersam","15.04.01.2018","Sengkati Mudo"
"15","Jambi","15.04","Kabupaten Batanghari","15.04.02","Muara Tembesi","15.04.02.1001","Kampung Baru"
"15","Jambi","15.04","Kabupaten Batanghari","15.04.02","Muara Tembesi","15.04.02.1002","Pasar Muara Tembesi"
"15","Jambi","15.04","Kabupaten Batanghari","15.04.02","Muara Tembesi","15.04.02.2003","Jebak"
"15","Jambi","15.04","Kabupaten Batanghari","15.04.02","Muara Tembesi","15.04.02.2004","Ampelu"
"15","Jambi","15.04","Kabupaten Batanghari","15.04.02","Muara Tembesi","15.04.02.2005","Rambutan Masam"
"15","Jambi","15.04","Kabupaten Batanghari","15.04.02","Muara Tembesi","15.04.02.2006","Rantau Kapas Mudo"
"15","Jambi","15.04","Kabupaten Batanghari","15.04.02","Muara Tembesi","15.04.02.2007","Rantau Kapas Tuo"
"15","Jambi","15.04","Kabupaten Batanghari","15.04.02","Muara Tembesi","15.04.02.2008","Sungai Pulai"
"15","Jambi","15.04","Kabupaten Batanghari","15.04.02","Muara Tembesi","15.04.02.2009","Pulau"
"15","Jambi","15.04","Kabupaten Batanghari","15.04.02","Muara Tembesi","15.04.02.2010","Tanjung Marwo"
"15","Jambi","15.04","Kabupaten Batanghari","15.04.02","Muara Tembesi","15.04.02.2011","Suka Ramai"
"15","Jambi","15.04","Kabupaten Batanghari","15.04.02","Muara Tembesi","15.04.02.2012","Ampelu Mudo"
"15","Jambi","15.04","Kabupaten Batanghari","15.04.02","Muara Tembesi","15.04.02.2013","Pelayangan"
"15","Jambi","15.04","Kabupaten Batanghari","15.04.02","Muara Tembesi","15.04.02.2015","Pematang Lima Suku"
"15","Jambi","15.04","Kabupaten Batanghari","15.04.03","Muara Bulian","15.04.03.1001","Muara Bulian"
"15","Jambi","15.04","Kabupaten Batanghari","15.04.03","Muara Bulian","15.04.03.1002","Teratai"
"15","Jambi","15.04","Kabupaten Batanghari","15.04.03","Muara Bulian","15.04.03.1003","Sridadi"
"15","Jambi","15.04","Kabupaten Batanghari","15.04.03","Muara Bulian","15.04.03.1004","Pasar Baru"
"15","Jambi","15.04","Kabupaten Batanghari","15.04.03","Muara Bulian","15.04.03.1005","Rengas Condong"
"15","Jambi","15.04","Kabupaten Batanghari","15.04.03","Muara Bulian","15.04.03.2006","Pasar Terusan"
"15","Jambi","15.04","Kabupaten Batanghari","15.04.03","Muara Bulian","15.04.03.2007","Simpang Terusan"
"15","Jambi","15.04","Kabupaten Batanghari","15.04.03","Muara Bulian","15.04.03.2008","Malapari"
"15","Jambi","15.04","Kabupaten Batanghari","15.04.03","Muara Bulian","15.04.03.2009","Napal Sisik"
"15","Jambi","15.04","Kabupaten Batanghari","15.04.03","Muara Bulian","15.04.03.2010","Rambahan"
"15","Jambi","15.04","Kabupaten Batanghari","15.04.03","Muara Bulian","15.04.03.2011","Olak"
"15","Jambi","15.04","Kabupaten Batanghari","15.04.03","Muara Bulian","15.04.03.2012","Muaro Singoan"
"15","Jambi","15.04","Kabupaten Batanghari","15.04.03","Muara Bulian","15.04.03.2013","Aro"
"15","Jambi","15.04","Kabupaten Batanghari","15.04.03","Muara Bulian","15.04.03.2014","Rantau Puri"
"15","Jambi","15.04","Kabupaten Batanghari","15.04.03","Muara Bulian","15.04.03.2015","Sungai Baung"
"15","Jambi","15.04","Kabupaten Batanghari","15.04.03","Muara Bulian","15.04.03.2016","Bajubang Laut"
"15","Jambi","15.04","Kabupaten Batanghari","15.04.03","Muara Bulian","15.04.03.2017","Singkawang"
"15","Jambi","15.04","Kabupaten Batanghari","15.04.03","Muara Bulian","15.04.03.2018","Tenam"
"15","Jambi","15.04","Kabupaten Batanghari","15.04.03","Muara Bulian","15.04.03.2019","Sungai Buluh"
"15","Jambi","15.04","Kabupaten Batanghari","15.04.03","Muara Bulian","15.04.03.2020","Kilangan"
"15","Jambi","15.04","Kabupaten Batanghari","15.04.03","Muara Bulian","15.04.03.2021","Pelayangan"
"15","Jambi","15.04","Kabupaten Batanghari","15.04.04","Batin XXIV","15.04.04.1003","Durian Luncuk"
"15","Jambi","15.04","Kabupaten Batanghari","15.04.04","Batin XXIV","15.04.04.1012","Muara Jangga"
"15","Jambi","15.04","Kabupaten Batanghari","15.04.04","Batin XXIV","15.04.04.2001","Jelutih"
"15","Jambi","15.04","Kabupaten Batanghari","15.04.04","Batin XXIV","15.04.04.2002","Olak Besar"
"15","Jambi","15.04","Kabupaten Batanghari","15.04.04","Batin XXIV","15.04.04.2004","Aur Gading"
"15","Jambi","15.04","Kabupaten Batanghari","15.04.04","Batin XXIV","15.04.04.2005","Paku Aji"
"15","Jambi","15.04","Kabupaten Batanghari","15.04.04","Batin XXIV","15.04.04.2006","Hajran"
"15","Jambi","15.04","Kabupaten Batanghari","15.04.04","Batin XXIV","15.04.04.2007","Mata Gual"
"15","Jambi","15.04","Kabupaten Batanghari","15.04.04","Batin XXIV","15.04.04.2008","Jangga"
"15","Jambi","15.04","Kabupaten Batanghari","15.04.04","Batin XXIV","15.04.04.2009","Koto Boyo"
"15","Jambi","15.04","Kabupaten Batanghari","15.04.04","Batin XXIV","15.04.04.2010","Simpang Karmeo"
"15","Jambi","15.04","Kabupaten Batanghari","15.04.04","Batin XXIV","15.04.04.2011","Karmeo"
"15","Jambi","15.04","Kabupaten Batanghari","15.04.04","Batin XXIV","15.04.04.2013","Jangga Baru"
"15","Jambi","15.04","Kabupaten Batanghari","15.04.04","Batin XXIV","15.04.04.2014","Terentang Baru"
"15","Jambi","15.04","Kabupaten Batanghari","15.04.04","Batin XXIV","15.04.04.2015","Bulian Baru"
"15","Jambi","15.04","Kabupaten Batanghari","15.04.04","Batin XXIV","15.04.04.2016","Simpang Jelutih"
"15","Jambi","15.04","Kabupaten Batanghari","15.04.04","Batin XXIV","15.04.04.2017","Simpang Aur Gading"
"15","Jambi","15.04","Kabupaten Batanghari","15.04.05","Pemayung","15.04.05.1002","Jembatan Mas"
"15","Jambi","15.04","Kabupaten Batanghari","15.04.05","Pemayung","15.04.05.2001","Tebing Tinggi"
"15","Jambi","15.04","Kabupaten Batanghari","15.04.05","Pemayung","15.04.05.2003","Serasah"
"15","Jambi","15.04","Kabupaten Batanghari","15.04.05","Pemayung","15.04.05.2004","Lubuk Ruso"
"15","Jambi","15.04","Kabupaten Batanghari","15.04.05","Pemayung","15.04.05.2005","Kuap"
"15","Jambi","15.04","Kabupaten Batanghari","15.04.05","Pemayung","15.04.05.2006","Senaning"
"15","Jambi","15.04","Kabupaten Batanghari","15.04.05","Pemayung","15.04.05.2007","Kubu Kandang"
"15","Jambi","15.04","Kabupaten Batanghari","15.04.05","Pemayung","15.04.05.2008","Ture"
"15","Jambi","15.04","Kabupaten Batanghari","15.04.05","Pemayung","15.04.05.2009","Pulau Betung"
"15","Jambi","15.04","Kabupaten Batanghari","15.04.05","Pemayung","15.04.05.2010","Lopak Aur"
"15","Jambi","15.04","Kabupaten Batanghari","15.04.05","Pemayung","15.04.05.2011","Selat"
"15","Jambi","15.04","Kabupaten Batanghari","15.04.05","Pemayung","15.04.05.2012","Teluk"
"15","Jambi","15.04","Kabupaten Batanghari","15.04.05","Pemayung","15.04.05.2013","Pulau Raman"
"15","Jambi","15.04","Kabupaten Batanghari","15.04.05","Pemayung","15.04.05.2014","Kaos"
"15","Jambi","15.04","Kabupaten Batanghari","15.04.05","Pemayung","15.04.05.2015","Simpang Kubu Kandang"
"15","Jambi","15.04","Kabupaten Batanghari","15.04.05","Pemayung","15.04.05.2016","Awin"
"15","Jambi","15.04","Kabupaten Batanghari","15.04.05","Pemayung","15.04.05.2017","Olak Rambahan"
"15","Jambi","15.04","Kabupaten Batanghari","15.04.05","Pemayung","15.04.05.2019","Teluk Ketapang"
"15","Jambi","15.04","Kabupaten Batanghari","15.04.05","Pemayung","15.04.05.2020","Kampung Pulau"
"15","Jambi","15.04","Kabupaten Batanghari","15.04.06","Maro Sebo Ulu","15.04.06.1014","Simpang S. Rengas"
"15","Jambi","15.04","Kabupaten Batanghari","15.04.06","Maro Sebo Ulu","15.04.06.2001","Batu Sawar"
"15","Jambi","15.04","Kabupaten Batanghari","15.04.06","Maro Sebo Ulu","15.04.06.2002","Peninjauan"
"15","Jambi","15.04","Kabupaten Batanghari","15.04.06","Maro Sebo Ulu","15.04.06.2003","Teluk Leban"
"15","Jambi","15.04","Kabupaten Batanghari","15.04.06","Maro Sebo Ulu","15.04.06.2004","Kampung Baru"
"15","Jambi","15.04","Kabupaten Batanghari","15.04.06","Maro Sebo Ulu","15.04.06.2005","Rengas IX"
"15","Jambi","15.04","Kabupaten Batanghari","15.04.06","Maro Sebo Ulu","15.04.06.2006","Kembang Seri"
"15","Jambi","15.04","Kabupaten Batanghari","15.04.06","Maro Sebo Ulu","15.04.06.2007","Buluh Kasab"
"15","Jambi","15.04","Kabupaten Batanghari","15.04.06","Maro Sebo Ulu","15.04.06.2008","Tebing Tinggi"
"15","Jambi","15.04","Kabupaten Batanghari","15.04.06","Maro Sebo Ulu","15.04.06.2009","Olak Kemang"
"15","Jambi","15.04","Kabupaten Batanghari","15.04.06","Maro Sebo Ulu","15.04.06.2010","Padang Kelapo"
"15","Jambi","15.04","Kabupaten Batanghari","15.04.06","Maro Sebo Ulu","15.04.06.2011","Sungai Lingkar"
"15","Jambi","15.04","Kabupaten Batanghari","15.04.06","Maro Sebo Ulu","15.04.06.2012","Sungai Ruan Ulu"
"15","Jambi","15.04","Kabupaten Batanghari","15.04.06","Maro Sebo Ulu","15.04.06.2013","Sungai Ruan Ilir"
"15","Jambi","15.04","Kabupaten Batanghari","15.04.06","Maro Sebo Ulu","15.04.06.2015","Rawa Mekar"
"15","Jambi","15.04","Kabupaten Batanghari","15.04.06","Maro Sebo Ulu","15.04.06.2016","Mekar Sari"
"15","Jambi","15.04","Kabupaten Batanghari","15.04.06","Maro Sebo Ulu","15.04.06.2017","Kembang Seri Baru"
"15","Jambi","15.04","Kabupaten Batanghari","15.04.07","Bajubang","15.04.07.1004","Bajubang"
"15","Jambi","15.04","Kabupaten Batanghari","15.04.07","Bajubang","15.04.07.2001","Bungku"
"15","Jambi","15.04","Kabupaten Batanghari","15.04.07","Bajubang","15.04.07.2002","Pompa Air"
"15","Jambi","15.04","Kabupaten Batanghari","15.04.07","Bajubang","15.04.07.2003","Ladang Peris"
"15","Jambi","15.04","Kabupaten Batanghari","15.04.07","Bajubang","15.04.07.2005","Penerokan"
"15","Jambi","15.04","Kabupaten Batanghari","15.04.07","Bajubang","15.04.07.2006","Petajen"
"15","Jambi","15.04","Kabupaten Batanghari","15.04.07","Bajubang","15.04.07.2007","Batin"
"15","Jambi","15.04","Kabupaten Batanghari","15.04.07","Bajubang","15.04.07.2008","Mekar Jaya"
"15","Jambi","15.04","Kabupaten Batanghari","15.04.07","Bajubang","15.04.07.2009","Sungkai"
"15","Jambi","15.04","Kabupaten Batanghari","15.04.07","Bajubang","15.04.07.2010","Mekar Sari Nes"
"15","Jambi","15.04","Kabupaten Batanghari","15.04.08","Maro Sebo Ilir","15.04.08.1008","Terusan"
"15","Jambi","15.04","Kabupaten Batanghari","15.04.08","Maro Sebo Ilir","15.04.08.2001","Bulian Jaya"
"15","Jambi","15.04","Kabupaten Batanghari","15.04.08","Maro Sebo Ilir","15.04.08.2002","Tidar Kuranji"
"15","Jambi","15.04","Kabupaten Batanghari","15.04.08","Maro Sebo Ilir","15.04.08.2003","Kehidupan Baru"
"15","Jambi","15.04","Kabupaten Batanghari","15.04.08","Maro Sebo Ilir","15.04.08.2004","Bukit Sari"
"15","Jambi","15.04","Kabupaten Batanghari","15.04.08","Maro Sebo Ilir","15.04.08.2005","Karya Mukti"
"15","Jambi","15.04","Kabupaten Batanghari","15.04.08","Maro Sebo Ilir","15.04.08.2006","Terusan"
"15","Jambi","15.04","Kabupaten Batanghari","15.04.08","Maro Sebo Ilir","15.04.08.2007","Danau Embat"
"15","Jambi","15.05","Kabupaten Muaro Jambi","15.05.01","Jambi Luar Kota","15.05.01.1003","Pijoan"
"15","Jambi","15.05","Kabupaten Muaro Jambi","15.05.01","Jambi Luar Kota","15.05.01.2002","Sungai Bertam"
"15","Jambi","15.05","Kabupaten Muaro Jambi","15.05.01","Jambi Luar Kota","15.05.01.2004","Pematang Jering"
"15","Jambi","15.05","Kabupaten Muaro Jambi","15.05.01","Jambi Luar Kota","15.05.01.2005","Muaro Pijoan"
"15","Jambi","15.05","Kabupaten Muaro Jambi","15.05.01","Jambi Luar Kota","15.05.01.2006","Sungai Duren"
"15","Jambi","15.05","Kabupaten Muaro Jambi","15.05.01","Jambi Luar Kota","15.05.01.2007","Mendalo Darat"
"15","Jambi","15.05","Kabupaten Muaro Jambi","15.05.01","Jambi Luar Kota","15.05.01.2008","Rengas Bandung"
"15","Jambi","15.05","Kabupaten Muaro Jambi","15.05.01","Jambi Luar Kota","15.05.01.2009","Sarang Burung"
"15","Jambi","15.05","Kabupaten Muaro Jambi","15.05.01","Jambi Luar Kota","15.05.01.2010","Mendalo Laut"
"15","Jambi","15.05","Kabupaten Muaro Jambi","15.05.01","Jambi Luar Kota","15.05.01.2011","Sembubuk"
"15","Jambi","15.05","Kabupaten Muaro Jambi","15.05.01","Jambi Luar Kota","15.05.01.2012","Senaung"
"15","Jambi","15.05","Kabupaten Muaro Jambi","15.05.01","Jambi Luar Kota","15.05.01.2013","Penyengat Olak"
"15","Jambi","15.05","Kabupaten Muaro Jambi","15.05.01","Jambi Luar Kota","15.05.01.2014","Simpang Sungai Duren"
"15","Jambi","15.05","Kabupaten Muaro Jambi","15.05.01","Jambi Luar Kota","15.05.01.2015","Kedemangan"
"15","Jambi","15.05","Kabupaten Muaro Jambi","15.05.01","Jambi Luar Kota","15.05.01.2016","Muhajirin"
"15","Jambi","15.05","Kabupaten Muaro Jambi","15.05.01","Jambi Luar Kota","15.05.01.2017","Maro Sebo"
"15","Jambi","15.05","Kabupaten Muaro Jambi","15.05.01","Jambi Luar Kota","15.05.01.2019","Danau Sarang Elang"
"15","Jambi","15.05","Kabupaten Muaro Jambi","15.05.01","Jambi Luar Kota","15.05.01.2020","Simpang Limo"
"15","Jambi","15.05","Kabupaten Muaro Jambi","15.05.01","Jambi Luar Kota","15.05.01.2021","Mendalo Indah"
"15","Jambi","15.05","Kabupaten Muaro Jambi","15.05.01","Jambi Luar Kota","15.05.01.2022","Pematang Gajah"
"15","Jambi","15.05","Kabupaten Muaro Jambi","15.05.02","Sekernan","15.05.02.1010","Sengeti"
"15","Jambi","15.05","Kabupaten Muaro Jambi","15.05.02","Sekernan","15.05.02.2001","Suak Putat"
"15","Jambi","15.05","Kabupaten Muaro Jambi","15.05.02","Sekernan","15.05.02.2002","Rantau Majo"
"15","Jambi","15.05","Kabupaten Muaro Jambi","15.05.02","Sekernan","15.05.02.2003","Pulau Kayu Aro"
"15","Jambi","15.05","Kabupaten Muaro Jambi","15.05.02","Sekernan","15.05.02.2004","Pematang Pulai"
"15","Jambi","15.05","Kabupaten Muaro Jambi","15.05.02","Sekernan","15.05.02.2005","Tan Tan"
"15","Jambi","15.05","Kabupaten Muaro Jambi","15.05.02","Sekernan","15.05.02.2006","Kedotan"
"15","Jambi","15.05","Kabupaten Muaro Jambi","15.05.02","Sekernan","15.05.02.2007","Keranggan"
"15","Jambi","15.05","Kabupaten Muaro Jambi","15.05.02","Sekernan","15.05.02.2008","Berembang"
"15","Jambi","15.05","Kabupaten Muaro Jambi","15.05.02","Sekernan","15.05.02.2009","Sekernan"
"15","Jambi","15.05","Kabupaten Muaro Jambi","15.05.02","Sekernan","15.05.02.2011","Gerunggung"
"15","Jambi","15.05","Kabupaten Muaro Jambi","15.05.02","Sekernan","15.05.02.2012","Tunas Baru"
"15","Jambi","15.05","Kabupaten Muaro Jambi","15.05.02","Sekernan","15.05.02.2013","Bukit Baling"
"15","Jambi","15.05","Kabupaten Muaro Jambi","15.05.02","Sekernan","15.05.02.2014","Tanjung Lanjut"
"15","Jambi","15.05","Kabupaten Muaro Jambi","15.05.02","Sekernan","15.05.02.2015","Suko Awin Jaya"
"15","Jambi","15.05","Kabupaten Muaro Jambi","15.05.02","Sekernan","15.05.02.2016","Tunas Mudo"
"15","Jambi","15.05","Kabupaten Muaro Jambi","15.05.03","Kumpeh","15.05.03.1008","Tanjung"
"15","Jambi","15.05","Kabupaten Muaro Jambi","15.05.03","Kumpeh","15.05.03.2001","Puding"
"15","Jambi","15.05","Kabupaten Muaro Jambi","15.05.03","Kumpeh","15.05.03.2002","Pulau Mentaro"
"15","Jambi","15.05","Kabupaten Muaro Jambi","15.05.03","Kumpeh","15.05.03.2003","Betung"
"15","Jambi","15.05","Kabupaten Muaro Jambi","15.05.03","Kumpeh","15.05.03.2004","Pematang Raman"
"15","Jambi","15.05","Kabupaten Muaro Jambi","15.05.03","Kumpeh","15.05.03.2005","Sungai Bungur"
"15","Jambi","15.05","Kabupaten Muaro Jambi","15.05.03","Kumpeh","15.05.03.2006","Seponjen"
"15","Jambi","15.05","Kabupaten Muaro Jambi","15.05.03","Kumpeh","15.05.03.2007","Sogo"
"15","Jambi","15.05","Kabupaten Muaro Jambi","15.05.03","Kumpeh","15.05.03.2009","Sungai Aur"
"15","Jambi","15.05","Kabupaten Muaro Jambi","15.05.03","Kumpeh","15.05.03.2010","Jebus"
"15","Jambi","15.05","Kabupaten Muaro Jambi","15.05.03","Kumpeh","15.05.03.2011","Gedong Karya"
"15","Jambi","15.05","Kabupaten Muaro Jambi","15.05.03","Kumpeh","15.05.03.2013","Rantau Panjang"
"15","Jambi","15.05","Kabupaten Muaro Jambi","15.05.03","Kumpeh","15.05.03.2014","Londerang"
"15","Jambi","15.05","Kabupaten Muaro Jambi","15.05.03","Kumpeh","15.05.03.2016","Petanang"
"15","Jambi","15.05","Kabupaten Muaro Jambi","15.05.03","Kumpeh","15.05.03.2017","Mekar Sari"
"15","Jambi","15.05","Kabupaten Muaro Jambi","15.05.03","Kumpeh","15.05.03.2018","Rondang"
"15","Jambi","15.05","Kabupaten Muaro Jambi","15.05.03","Kumpeh","15.05.03.2019","Maju Jaya"
"15","Jambi","15.05","Kabupaten Muaro Jambi","15.05.04","Maro Sebo","15.05.04.1002","Jambi Kecil"
"15","Jambi","15.05","Kabupaten Muaro Jambi","15.05.04","Maro Sebo","15.05.04.2001","Setiris"
"15","Jambi","15.05","Kabupaten Muaro Jambi","15.05.04","Maro Sebo","15.05.04.2003","Tanjung Katung"
"15","Jambi","15.05","Kabupaten Muaro Jambi","15.05.04","Maro Sebo","15.05.04.2004","Jambi Tulo"
"15","Jambi","15.05","Kabupaten Muaro Jambi","15.05.04","Maro Sebo","15.05.04.2005","Baru"
"15","Jambi","15.05","Kabupaten Muaro Jambi","15.05.04","Maro Sebo","15.05.04.2006","Danau Lamo"
"15","Jambi","15.05","Kabupaten Muaro Jambi","15.05.04","Maro Sebo","15.05.04.2007","Muaro Jambi"
"15","Jambi","15.05","Kabupaten Muaro Jambi","15.05.04","Maro Sebo","15.05.04.2016","Niaso"
"15","Jambi","15.05","Kabupaten Muaro Jambi","15.05.04","Maro Sebo","15.05.04.2017","Bakung"
"15","Jambi","15.05","Kabupaten Muaro Jambi","15.05.04","Maro Sebo","15.05.04.2018","Danau Kedap"
"15","Jambi","15.05","Kabupaten Muaro Jambi","15.05.04","Maro Sebo","15.05.04.2019","Mudung Darat"
"15","Jambi","15.05","Kabupaten Muaro Jambi","15.05.04","Maro Sebo","15.05.04.2020","Lubuk Raman"
"15","Jambi","15.05","Kabupaten Muaro Jambi","15.05.05","Mestong","15.05.05.1009","Tempino"
"15","Jambi","15.05","Kabupaten Muaro Jambi","15.05.05","Mestong","15.05.05.2001","Tanjung Pauh Km. 32"
"15","Jambi","15.05","Kabupaten Muaro Jambi","15.05.05","Mestong","15.05.05.2002","Pelempang"
"15","Jambi","15.05","Kabupaten Muaro Jambi","15.05.05","Mestong","15.05.05.2003","Sungai Landai"
"15","Jambi","15.05","Kabupaten Muaro Jambi","15.05.05","Mestong","15.05.05.2004","Ibru"
"15","Jambi","15.05","Kabupaten Muaro Jambi","15.05.05","Mestong","15.05.05.2005","Nagasari"
"15","Jambi","15.05","Kabupaten Muaro Jambi","15.05.05","Mestong","15.05.05.2006","Sebapo"
"15","Jambi","15.05","Kabupaten Muaro Jambi","15.05.05","Mestong","15.05.05.2010","Baru"
"15","Jambi","15.05","Kabupaten Muaro Jambi","15.05.05","Mestong","15.05.05.2011","Tanjung Pauh Km. 39"
"15","Jambi","15.05","Kabupaten Muaro Jambi","15.05.05","Mestong","15.05.05.2012","Nyogan"
"15","Jambi","15.05","Kabupaten Muaro Jambi","15.05.05","Mestong","15.05.05.2015","Suka Damai"
"15","Jambi","15.05","Kabupaten Muaro Jambi","15.05.05","Mestong","15.05.05.2016","Pondok Meja"
"15","Jambi","15.05","Kabupaten Muaro Jambi","15.05.05","Mestong","15.05.05.2017","Suka Maju"
"15","Jambi","15.05","Kabupaten Muaro Jambi","15.05.05","Mestong","15.05.05.2018","Tanjung Pauh Talang Pelita"
"15","Jambi","15.05","Kabupaten Muaro Jambi","15.05.05","Mestong","15.05.05.2019","Muaro Sebapo"
"15","Jambi","15.05","Kabupaten Muaro Jambi","15.05.06","Kumpeh Ulu","15.05.06.2001","Pudak"
"15","Jambi","15.05","Kabupaten Muaro Jambi","15.05.06","Kumpeh Ulu","15.05.06.2002","Muara Kumpeh"
"15","Jambi","15.05","Kabupaten Muaro Jambi","15.05.06","Kumpeh Ulu","15.05.06.2003","Kota Karang"
"15","Jambi","15.05","Kabupaten Muaro Jambi","15.05.06","Kumpeh Ulu","15.05.06.2004","Kasang Lopak Alai"
"15","Jambi","15.05","Kabupaten Muaro Jambi","15.05.06","Kumpeh Ulu","15.05.06.2005","Kasang Pudak"
"15","Jambi","15.05","Kabupaten Muaro Jambi","15.05.06","Kumpeh Ulu","15.05.06.2008","Solok"
"15","Jambi","15.05","Kabupaten Muaro Jambi","15.05.06","Kumpeh Ulu","15.05.06.2009","Sakean"
"15","Jambi","15.05","Kabupaten Muaro Jambi","15.05.06","Kumpeh Ulu","15.05.06.2010","Lopak Alai"
"15","Jambi","15.05","Kabupaten Muaro Jambi","15.05.06","Kumpeh Ulu","15.05.06.2011","Tarikan"
"15","Jambi","15.05","Kabupaten Muaro Jambi","15.05.06","Kumpeh Ulu","15.05.06.2012","Ramin"
"15","Jambi","15.05","Kabupaten Muaro Jambi","15.05.06","Kumpeh Ulu","15.05.06.2013","Teluk Raya"
"15","Jambi","15.05","Kabupaten Muaro Jambi","15.05.06","Kumpeh Ulu","15.05.06.2014","Pemunduran"
"15","Jambi","15.05","Kabupaten Muaro Jambi","15.05.06","Kumpeh Ulu","15.05.06.2015","Sipin Teluk Duren"
"15","Jambi","15.05","Kabupaten Muaro Jambi","15.05.06","Kumpeh Ulu","15.05.06.2016","Arang Arang"
"15","Jambi","15.05","Kabupaten Muaro Jambi","15.05.06","Kumpeh Ulu","15.05.06.2017","Sumber Jaya"
"15","Jambi","15.05","Kabupaten Muaro Jambi","15.05.06","Kumpeh Ulu","15.05.06.2018","Sungai Terap"
"15","Jambi","15.05","Kabupaten Muaro Jambi","15.05.06","Kumpeh Ulu","15.05.06.2023","Kasang Kumpeh"
"15","Jambi","15.05","Kabupaten Muaro Jambi","15.05.06","Kumpeh Ulu","15.05.06.2024","Kasang Kota Karang"
"15","Jambi","15.05","Kabupaten Muaro Jambi","15.05.07","Sungai Bahar","15.05.07.2004","Suka Makmur"
"15","Jambi","15.05","Kabupaten Muaro Jambi","15.05.07","Sungai Bahar","15.05.07.2005","Marga Mulya"
"15","Jambi","15.05","Kabupaten Muaro Jambi","15.05.07","Sungai Bahar","15.05.07.2006","Panca Mulya"
"15","Jambi","15.05","Kabupaten Muaro Jambi","15.05.07","Sungai Bahar","15.05.07.2007","Marga Manunggal Jaya"
"15","Jambi","15.05","Kabupaten Muaro Jambi","15.05.07","Sungai Bahar","15.05.07.2012","Tanjung Harapan"
"15","Jambi","15.05","Kabupaten Muaro Jambi","15.05.07","Sungai Bahar","15.05.07.2013","Berkah"
"15","Jambi","15.05","Kabupaten Muaro Jambi","15.05.07","Sungai Bahar","15.05.07.2018","Bukit Makmur"
"15","Jambi","15.05","Kabupaten Muaro Jambi","15.05.07","Sungai Bahar","15.05.07.2021","Bukit Mas"
"15","Jambi","15.05","Kabupaten Muaro Jambi","15.05.07","Sungai Bahar","15.05.07.2025","Mekar Sari Makmur"
"15","Jambi","15.05","Kabupaten Muaro Jambi","15.05.07","Sungai Bahar","15.05.07.2033","Bakti Mulya"
"15","Jambi","15.05","Kabupaten Muaro Jambi","15.05.07","Sungai Bahar","15.05.07.2034","Panca Bakti"
"15","Jambi","15.05","Kabupaten Muaro Jambi","15.05.08","Sungai Gelam","15.05.08.2001","Kebon IX"
"15","Jambi","15.05","Kabupaten Muaro Jambi","15.05.08","Sungai Gelam","15.05.08.2002","Talang Belido"
"15","Jambi","15.05","Kabupaten Muaro Jambi","15.05.08","Sungai Gelam","15.05.08.2003","Talang Kerinci"
"15","Jambi","15.05","Kabupaten Muaro Jambi","15.05.08","Sungai Gelam","15.05.08.2004","Ladang Panjang"
"15","Jambi","15.05","Kabupaten Muaro Jambi","15.05.08","Sungai Gelam","15.05.08.2005","Tangkit"
"15","Jambi","15.05","Kabupaten Muaro Jambi","15.05.08","Sungai Gelam","15.05.08.2006","Tangkit Baru"
"15","Jambi","15.05","Kabupaten Muaro Jambi","15.05.08","Sungai Gelam","15.05.08.2007","Sungai Gelam"
"15","Jambi","15.05","Kabupaten Muaro Jambi","15.05.08","Sungai Gelam","15.05.08.2008","Parit"
"15","Jambi","15.05","Kabupaten Muaro Jambi","15.05.08","Sungai Gelam","15.05.08.2009","Petaling Jaya"
"15","Jambi","15.05","Kabupaten Muaro Jambi","15.05.08","Sungai Gelam","15.05.08.2010","Sumber Agung"
"15","Jambi","15.05","Kabupaten Muaro Jambi","15.05.08","Sungai Gelam","15.05.08.2011","Mingkung Jaya"
"15","Jambi","15.05","Kabupaten Muaro Jambi","15.05.08","Sungai Gelam","15.05.08.2012","Trimulya Jaya"
"15","Jambi","15.05","Kabupaten Muaro Jambi","15.05.08","Sungai Gelam","15.05.08.2013","Mekar Jaya"
"15","Jambi","15.05","Kabupaten Muaro Jambi","15.05.08","Sungai Gelam","15.05.08.2014","Sido Mukti"
"15","Jambi","15.05","Kabupaten Muaro Jambi","15.05.08","Sungai Gelam","15.05.08.2015","Gambut Jaya"
"15","Jambi","15.05","Kabupaten Muaro Jambi","15.05.09","Bahar Utara","15.05.09.2001","Talang Bukit"
"15","Jambi","15.05","Kabupaten Muaro Jambi","15.05.09","Bahar Utara","15.05.09.2002","Talang Datar"
"15","Jambi","15.05","Kabupaten Muaro Jambi","15.05.09","Bahar Utara","15.05.09.2003","Sumber Mulya"
"15","Jambi","15.05","Kabupaten Muaro Jambi","15.05.09","Bahar Utara","15.05.09.2004","Mulya Jaya"
"15","Jambi","15.05","Kabupaten Muaro Jambi","15.05.09","Bahar Utara","15.05.09.2005","Matra Manunggal"
"15","Jambi","15.05","Kabupaten Muaro Jambi","15.05.09","Bahar Utara","15.05.09.2006","Bukit Mulya"
"15","Jambi","15.05","Kabupaten Muaro Jambi","15.05.09","Bahar Utara","15.05.09.2007","Sumber Jaya"
"15","Jambi","15.05","Kabupaten Muaro Jambi","15.05.09","Bahar Utara","15.05.09.2008","Pinang Tinggi"
"15","Jambi","15.05","Kabupaten Muaro Jambi","15.05.09","Bahar Utara","15.05.09.2009","Markanding"
"15","Jambi","15.05","Kabupaten Muaro Jambi","15.05.09","Bahar Utara","15.05.09.2010","Sungai Dayo"
"15","Jambi","15.05","Kabupaten Muaro Jambi","15.05.09","Bahar Utara","15.05.09.2011","Bahar Mulya"
"15","Jambi","15.05","Kabupaten Muaro Jambi","15.05.10","Bahar Selatan","15.05.10.2001","Bukit Subur"
"15","Jambi","15.05","Kabupaten Muaro Jambi","15.05.10","Bahar Selatan","15.05.10.2002","Tri Jaya"
"15","Jambi","15.05","Kabupaten Muaro Jambi","15.05.10","Bahar Selatan","15.05.10.2003","Mekar Jaya"
"15","Jambi","15.05","Kabupaten Muaro Jambi","15.05.10","Bahar Selatan","15.05.10.2004","Ujung Tanjung"
"15","Jambi","15.05","Kabupaten Muaro Jambi","15.05.10","Bahar Selatan","15.05.10.2005","Tanjung Baru"
"15","Jambi","15.05","Kabupaten Muaro Jambi","15.05.10","Bahar Selatan","15.05.10.2006","Tanjung Mulia"
"15","Jambi","15.05","Kabupaten Muaro Jambi","15.05.10","Bahar Selatan","15.05.10.2007","Adipura Kencana"
"15","Jambi","15.05","Kabupaten Muaro Jambi","15.05.10","Bahar Selatan","15.05.10.2008","Bukit Jaya"
"15","Jambi","15.05","Kabupaten Muaro Jambi","15.05.10","Bahar Selatan","15.05.10.2009","Tanjung Sari"
"15","Jambi","15.05","Kabupaten Muaro Jambi","15.05.10","Bahar Selatan","15.05.10.2010","Tanjung Lebar"
"15","Jambi","15.05","Kabupaten Muaro Jambi","15.05.11","Taman Rajo","15.05.11.2001","Kunangan"
"15","Jambi","15.05","Kabupaten Muaro Jambi","15.05.11","Taman Rajo","15.05.11.2002","Talang Duku"
"15","Jambi","15.05","Kabupaten Muaro Jambi","15.05.11","Taman Rajo","15.05.11.2003","Tebat Patah"
"15","Jambi","15.05","Kabupaten Muaro Jambi","15.05.11","Taman Rajo","15.05.11.2004","Kemingking Dalam"
"15","Jambi","15.05","Kabupaten Muaro Jambi","15.05.11","Taman Rajo","15.05.11.2005","Teluk Jambu"
"15","Jambi","15.05","Kabupaten Muaro Jambi","15.05.11","Taman Rajo","15.05.11.2006","Dusun Mudo"
"15","Jambi","15.05","Kabupaten Muaro Jambi","15.05.11","Taman Rajo","15.05.11.2007","Sekumbung"
"15","Jambi","15.05","Kabupaten Muaro Jambi","15.05.11","Taman Rajo","15.05.11.2008","Kemingking Luar"
"15","Jambi","15.05","Kabupaten Muaro Jambi","15.05.11","Taman Rajo","15.05.11.2009","Rukam"
"15","Jambi","15.05","Kabupaten Muaro Jambi","15.05.11","Taman Rajo","15.05.11.2010","Manis Mato"
"15","Jambi","15.06","Kabupaten Tanjung Jabung Barat","15.06.01","Tungkal Ulu","15.06.01.1005","Pelabuhan Dagang"
"15","Jambi","15.06","Kabupaten Tanjung Jabung Barat","15.06.01","Tungkal Ulu","15.06.01.2001","Badang"
"15","Jambi","15.06","Kabupaten Tanjung Jabung Barat","15.06.01","Tungkal Ulu","15.06.01.2002","Tanjung Tayas"
"15","Jambi","15.06","Kabupaten Tanjung Jabung Barat","15.06.01","Tungkal Ulu","15.06.01.2003","Kuala Dasal"
"15","Jambi","15.06","Kabupaten Tanjung Jabung Barat","15.06.01","Tungkal Ulu","15.06.01.2004","Pematang Pauh"
"15","Jambi","15.06","Kabupaten Tanjung Jabung Barat","15.06.01","Tungkal Ulu","15.06.01.2006","Taman Raja"
"15","Jambi","15.06","Kabupaten Tanjung Jabung Barat","15.06.01","Tungkal Ulu","15.06.01.2017","Brasau"
"15","Jambi","15.06","Kabupaten Tanjung Jabung Barat","15.06.01","Tungkal Ulu","15.06.01.2019","Gemuruh"
"15","Jambi","15.06","Kabupaten Tanjung Jabung Barat","15.06.01","Tungkal Ulu","15.06.01.2020","Pematang Tembesu"
"15","Jambi","15.06","Kabupaten Tanjung Jabung Barat","15.06.01","Tungkal Ulu","15.06.01.2021","Badang Sepakat"
"15","Jambi","15.06","Kabupaten Tanjung Jabung Barat","15.06.02","Tungkal Ilir","15.06.02.1004","Tungkal Empat Kota"
"15","Jambi","15.06","Kabupaten Tanjung Jabung Barat","15.06.02","Tungkal Ilir","15.06.02.1005","Tungkal III"
"15","Jambi","15.06","Kabupaten Tanjung Jabung Barat","15.06.02","Tungkal Ilir","15.06.02.1006","Tungkal Harapan"
"15","Jambi","15.06","Kabupaten Tanjung Jabung Barat","15.06.02","Tungkal Ilir","15.06.02.1007","Tungkal II"
"15","Jambi","15.06","Kabupaten Tanjung Jabung Barat","15.06.02","Tungkal Ilir","15.06.02.1015","Kampung Nelayan"
"15","Jambi","15.06","Kabupaten Tanjung Jabung Barat","15.06.02","Tungkal Ilir","15.06.02.1016","Patunas"
"15","Jambi","15.06","Kabupaten Tanjung Jabung Barat","15.06.02","Tungkal Ilir","15.06.02.1017","Sriwijaya"
"15","Jambi","15.06","Kabupaten Tanjung Jabung Barat","15.06.02","Tungkal Ilir","15.06.02.1018","Sungainibung"
"15","Jambi","15.06","Kabupaten Tanjung Jabung Barat","15.06.02","Tungkal Ilir","15.06.02.2003","Tungkal I"
"15","Jambi","15.06","Kabupaten Tanjung Jabung Barat","15.06.02","Tungkal Ilir","15.06.02.2014","Teluk Sialang"
"15","Jambi","15.06","Kabupaten Tanjung Jabung Barat","15.06.03","Pengabuan","15.06.03.1001","Teluknilau"
"15","Jambi","15.06","Kabupaten Tanjung Jabung Barat","15.06.03","Pengabuan","15.06.03.2006","Parit Pudin"
"15","Jambi","15.06","Kabupaten Tanjung Jabung Barat","15.06.03","Pengabuan","15.06.03.2007","Sungai Serindit"
"15","Jambi","15.06","Kabupaten Tanjung Jabung Barat","15.06.03","Pengabuan","15.06.03.2008","Mekar Jati"
"15","Jambi","15.06","Kabupaten Tanjung Jabung Barat","15.06.03","Pengabuan","15.06.03.2012","Sungai Pampang"
"15","Jambi","15.06","Kabupaten Tanjung Jabung Barat","15.06.03","Pengabuan","15.06.03.2013","Parit Sidang"
"15","Jambi","15.06","Kabupaten Tanjung Jabung Barat","15.06.03","Pengabuan","15.06.03.2014","Sungai Jering"
"15","Jambi","15.06","Kabupaten Tanjung Jabung Barat","15.06.03","Pengabuan","15.06.03.2015","Parit Bilal"
"15","Jambi","15.06","Kabupaten Tanjung Jabung Barat","15.06.03","Pengabuan","15.06.03.2016","Suak Samin"
"15","Jambi","15.06","Kabupaten Tanjung Jabung Barat","15.06.03","Pengabuan","15.06.03.2017","Sungai Baung"
"15","Jambi","15.06","Kabupaten Tanjung Jabung Barat","15.06.03","Pengabuan","15.06.03.2018","Karya Maju"
"15","Jambi","15.06","Kabupaten Tanjung Jabung Barat","15.06.03","Pengabuan","15.06.03.2019","Sungai Raya"
"15","Jambi","15.06","Kabupaten Tanjung Jabung Barat","15.06.03","Pengabuan","15.06.03.2020","Pasar Senin"
"15","Jambi","15.06","Kabupaten Tanjung Jabung Barat","15.06.04","Betara","15.06.04.1007","Mekar Jaya"
"15","Jambi","15.06","Kabupaten Tanjung Jabung Barat","15.06.04","Betara","15.06.04.2001","Pematang Lumut"
"15","Jambi","15.06","Kabupaten Tanjung Jabung Barat","15.06.04","Betara","15.06.04.2008","Makmur Jaya"
"15","Jambi","15.06","Kabupaten Tanjung Jabung Barat","15.06.04","Betara","15.06.04.2009","Serdang Jaya"
"15","Jambi","15.06","Kabupaten Tanjung Jabung Barat","15.06.04","Betara","15.06.04.2010","Terjun Gajah"
"15","Jambi","15.06","Kabupaten Tanjung Jabung Barat","15.06.04","Betara","15.06.04.2011","Lubuk Terentang"
"15","Jambi","15.06","Kabupaten Tanjung Jabung Barat","15.06.04","Betara","15.06.04.2012","Pematang Buluh"
"15","Jambi","15.06","Kabupaten Tanjung Jabung Barat","15.06.04","Betara","15.06.04.2013","Muntialo"
"15","Jambi","15.06","Kabupaten Tanjung Jabung Barat","15.06.04","Betara","15.06.04.2014","Teluk Kulbi"
"15","Jambi","15.06","Kabupaten Tanjung Jabung Barat","15.06.04","Betara","15.06.04.2015","Bunga Tanjung"
"15","Jambi","15.06","Kabupaten Tanjung Jabung Barat","15.06.04","Betara","15.06.04.2016","Sungai Terap"
"15","Jambi","15.06","Kabupaten Tanjung Jabung Barat","15.06.04","Betara","15.06.04.2017","Mandala Jaya"
"15","Jambi","15.06","Kabupaten Tanjung Jabung Barat","15.06.05","Merlung","15.06.05.1007","Merlung"
"15","Jambi","15.06","Kabupaten Tanjung Jabung Barat","15.06.05","Merlung","15.06.05.2005","Penyabungan"
"15","Jambi","15.06","Kabupaten Tanjung Jabung Barat","15.06.05","Merlung","15.06.05.2006","Lubuk Terap"
"15","Jambi","15.06","Kabupaten Tanjung Jabung Barat","15.06.05","Merlung","15.06.05.2008","Tanjung Paku"
"15","Jambi","15.06","Kabupaten Tanjung Jabung Barat","15.06.05","Merlung","15.06.05.2012","Tanjung Benanak"
"15","Jambi","15.06","Kabupaten Tanjung Jabung Barat","15.06.05","Merlung","15.06.05.2013","Bukit Harapan"
"15","Jambi","15.06","Kabupaten Tanjung Jabung Barat","15.06.05","Merlung","15.06.05.2014","Adi Purwa"
"15","Jambi","15.06","Kabupaten Tanjung Jabung Barat","15.06.05","Merlung","15.06.05.2018","Pinang Gading"
"15","Jambi","15.06","Kabupaten Tanjung Jabung Barat","15.06.05","Merlung","15.06.05.2020","Merlung"
"15","Jambi","15.06","Kabupaten Tanjung Jabung Barat","15.06.05","Merlung","15.06.05.2021","Tanjung Makmur"
"15","Jambi","15.06","Kabupaten Tanjung Jabung Barat","15.06.06","Tebing Tinggi","15.06.06.1001","Tebing Tinggi"
"15","Jambi","15.06","Kabupaten Tanjung Jabung Barat","15.06.06","Tebing Tinggi","15.06.06.2002","Purwodadi"
"15","Jambi","15.06","Kabupaten Tanjung Jabung Barat","15.06.06","Tebing Tinggi","15.06.06.2003","Suka Damai"
"15","Jambi","15.06","Kabupaten Tanjung Jabung Barat","15.06.06","Tebing Tinggi","15.06.06.2004","Adi Jaya"
"15","Jambi","15.06","Kabupaten Tanjung Jabung Barat","15.06.06","Tebing Tinggi","15.06.06.2005","Kelagian"
"15","Jambi","15.06","Kabupaten Tanjung Jabung Barat","15.06.06","Tebing Tinggi","15.06.06.2006","Teluk Pengkah"
"15","Jambi","15.06","Kabupaten Tanjung Jabung Barat","15.06.06","Tebing Tinggi","15.06.06.2007","Talang Makmur"
"15","Jambi","15.06","Kabupaten Tanjung Jabung Barat","15.06.06","Tebing Tinggi","15.06.06.2008","Sungai Keruh"
"15","Jambi","15.06","Kabupaten Tanjung Jabung Barat","15.06.06","Tebing Tinggi","15.06.06.2009","Dataran Kempas"
"15","Jambi","15.06","Kabupaten Tanjung Jabung Barat","15.06.06","Tebing Tinggi","15.06.06.2010","Delima"
"15","Jambi","15.06","Kabupaten Tanjung Jabung Barat","15.06.07","Batang Asam","15.06.07.1001","Dusun Kebun"
"15","Jambi","15.06","Kabupaten Tanjung Jabung Barat","15.06.07","Batang Asam","15.06.07.2002","Sri Agung"
"15","Jambi","15.06","Kabupaten Tanjung Jabung Barat","15.06.07","Batang Asam","15.06.07.2003","Suban"
"15","Jambi","15.06","Kabupaten Tanjung Jabung Barat","15.06.07","Batang Asam","15.06.07.2004","Tanjung Bojo"
"15","Jambi","15.06","Kabupaten Tanjung Jabung Barat","15.06.07","Batang Asam","15.06.07.2005","Kampung Baru"
"15","Jambi","15.06","Kabupaten Tanjung Jabung Barat","15.06.07","Batang Asam","15.06.07.2006","Lubuk Bernai"
"15","Jambi","15.06","Kabupaten Tanjung Jabung Barat","15.06.07","Batang Asam","15.06.07.2007","Rawa Medang"
"15","Jambi","15.06","Kabupaten Tanjung Jabung Barat","15.06.07","Batang Asam","15.06.07.2008","Sungai Penoban"
"15","Jambi","15.06","Kabupaten Tanjung Jabung Barat","15.06.07","Batang Asam","15.06.07.2009","Rawang Kempas"
"15","Jambi","15.06","Kabupaten Tanjung Jabung Barat","15.06.07","Batang Asam","15.06.07.2010","Lubuk Lawas"
"15","Jambi","15.06","Kabupaten Tanjung Jabung Barat","15.06.07","Batang Asam","15.06.07.2011","Sungai Badar"
"15","Jambi","15.06","Kabupaten Tanjung Jabung Barat","15.06.08","Renah Mendaluh","15.06.08.1001","Lubuk Kambing"
"15","Jambi","15.06","Kabupaten Tanjung Jabung Barat","15.06.08","Renah Mendaluh","15.06.08.2002","Pulau Pauh"
"15","Jambi","15.06","Kabupaten Tanjung Jabung Barat","15.06.08","Renah Mendaluh","15.06.08.2003","Rantau Benar"
"15","Jambi","15.06","Kabupaten Tanjung Jabung Barat","15.06.08","Renah Mendaluh","15.06.08.2004","Lampisi"
"15","Jambi","15.06","Kabupaten Tanjung Jabung Barat","15.06.08","Renah Mendaluh","15.06.08.2005","Cinta Damai"
"15","Jambi","15.06","Kabupaten Tanjung Jabung Barat","15.06.08","Renah Mendaluh","15.06.08.2006","Sungai Rotan"
"15","Jambi","15.06","Kabupaten Tanjung Jabung Barat","15.06.08","Renah Mendaluh","15.06.08.2007","Muara Danau"
"15","Jambi","15.06","Kabupaten Tanjung Jabung Barat","15.06.08","Renah Mendaluh","15.06.08.2008","Tanah Tumbuh"
"15","Jambi","15.06","Kabupaten Tanjung Jabung Barat","15.06.08","Renah Mendaluh","15.06.08.2009","Sungai Paur"
"15","Jambi","15.06","Kabupaten Tanjung Jabung Barat","15.06.08","Renah Mendaluh","15.06.08.2010","Bukit Bakar"
"15","Jambi","15.06","Kabupaten Tanjung Jabung Barat","15.06.09","Muara Papalik","15.06.09.1001","Rantau Badak"
"15","Jambi","15.06","Kabupaten Tanjung Jabung Barat","15.06.09","Muara Papalik","15.06.09.2002","Dusun Mudo"
"15","Jambi","15.06","Kabupaten Tanjung Jabung Barat","15.06.09","Muara Papalik","15.06.09.2003","Intan Jaya"
"15","Jambi","15.06","Kabupaten Tanjung Jabung Barat","15.06.09","Muara Papalik","15.06.09.2004","Bukit Indah"
"15","Jambi","15.06","Kabupaten Tanjung Jabung Barat","15.06.09","Muara Papalik","15.06.09.2005","Kemang Manis"
"15","Jambi","15.06","Kabupaten Tanjung Jabung Barat","15.06.09","Muara Papalik","15.06.09.2006","Rantau Badak Lamo"
"15","Jambi","15.06","Kabupaten Tanjung Jabung Barat","15.06.09","Muara Papalik","15.06.09.2007","Lubuk Sebontan"
"15","Jambi","15.06","Kabupaten Tanjung Jabung Barat","15.06.09","Muara Papalik","15.06.09.2008","Sungai Papauh"
"15","Jambi","15.06","Kabupaten Tanjung Jabung Barat","15.06.09","Muara Papalik","15.06.09.2009","Sungai Muluk"
"15","Jambi","15.06","Kabupaten Tanjung Jabung Barat","15.06.09","Muara Papalik","15.06.09.2010","Pematang Balam"
"15","Jambi","15.06","Kabupaten Tanjung Jabung Barat","15.06.10","Seberang Kota","15.06.10.1001","Tungkal V"
"15","Jambi","15.06","Kabupaten Tanjung Jabung Barat","15.06.10","Seberang Kota","15.06.10.2002","Tungkal IV Desa"
"15","Jambi","15.06","Kabupaten Tanjung Jabung Barat","15.06.10","Seberang Kota","15.06.10.2003","Kuala Baru"
"15","Jambi","15.06","Kabupaten Tanjung Jabung Barat","15.06.10","Seberang Kota","15.06.10.2004","Teluk Pulai Raya"
"15","Jambi","15.06","Kabupaten Tanjung Jabung Barat","15.06.10","Seberang Kota","15.06.10.2005","Mekar Alam"
"15","Jambi","15.06","Kabupaten Tanjung Jabung Barat","15.06.10","Seberang Kota","15.06.10.2006","Harapan Jaya"
"15","Jambi","15.06","Kabupaten Tanjung Jabung Barat","15.06.10","Seberang Kota","15.06.10.2007","Kuala Kahar"
"15","Jambi","15.06","Kabupaten Tanjung Jabung Barat","15.06.10","Seberang Kota","15.06.10.2008","Muara Seberang"
"15","Jambi","15.06","Kabupaten Tanjung Jabung Barat","15.06.11","Bram Itam","15.06.11.1001","Bram Itam Kiri"
"15","Jambi","15.06","Kabupaten Tanjung Jabung Barat","15.06.11","Bram Itam","15.06.11.2002","Bram Itam Kanan"
"15","Jambi","15.06","Kabupaten Tanjung Jabung Barat","15.06.11","Bram Itam","15.06.11.2003","Tanjung Senjulang"
"15","Jambi","15.06","Kabupaten Tanjung Jabung Barat","15.06.11","Bram Itam","15.06.11.2004","Pembengis"
"15","Jambi","15.06","Kabupaten Tanjung Jabung Barat","15.06.11","Bram Itam","15.06.11.2005","Bram Itam Raya"
"15","Jambi","15.06","Kabupaten Tanjung Jabung Barat","15.06.11","Bram Itam","15.06.11.2006","Pantai Gading"
"15","Jambi","15.06","Kabupaten Tanjung Jabung Barat","15.06.11","Bram Itam","15.06.11.2007","Jati Emas"
"15","Jambi","15.06","Kabupaten Tanjung Jabung Barat","15.06.11","Bram Itam","15.06.11.2008","Kemuning"
"15","Jambi","15.06","Kabupaten Tanjung Jabung Barat","15.06.11","Bram Itam","15.06.11.2009","Mekar Tanjung"
"15","Jambi","15.06","Kabupaten Tanjung Jabung Barat","15.06.11","Bram Itam","15.06.11.2010","Semau"
"15","Jambi","15.06","Kabupaten Tanjung Jabung Barat","15.06.12","Kuala Betara","15.06.12.1001","Betara Kiri"
"15","Jambi","15.06","Kabupaten Tanjung Jabung Barat","15.06.12","Kuala Betara","15.06.12.2002","Sungai Dualap"
"15","Jambi","15.06","Kabupaten Tanjung Jabung Barat","15.06.12","Kuala Betara","15.06.12.2003","Betara Kanan"
"15","Jambi","15.06","Kabupaten Tanjung Jabung Barat","15.06.12","Kuala Betara","15.06.12.2004","Sungai Gebar"
"15","Jambi","15.06","Kabupaten Tanjung Jabung Barat","15.06.12","Kuala Betara","15.06.12.2005","Dataran Pinang"
"15","Jambi","15.06","Kabupaten Tanjung Jabung Barat","15.06.12","Kuala Betara","15.06.12.2006","Tanjung Pasir"
"15","Jambi","15.06","Kabupaten Tanjung Jabung Barat","15.06.12","Kuala Betara","15.06.12.2007","Sungai Gebar Barat"
"15","Jambi","15.06","Kabupaten Tanjung Jabung Barat","15.06.12","Kuala Betara","15.06.12.2008","Sungai Dungun"
"15","Jambi","15.06","Kabupaten Tanjung Jabung Barat","15.06.12","Kuala Betara","15.06.12.2009","Kuala Indah"
"15","Jambi","15.06","Kabupaten Tanjung Jabung Barat","15.06.12","Kuala Betara","15.06.12.2010","Suak Labu"
"15","Jambi","15.06","Kabupaten Tanjung Jabung Barat","15.06.13","Senyerang","15.06.13.1001","Senyerang"
"15","Jambi","15.06","Kabupaten Tanjung Jabung Barat","15.06.13","Senyerang","15.06.13.2002","Sungai Kayu Aro"
"15","Jambi","15.06","Kabupaten Tanjung Jabung Barat","15.06.13","Senyerang","15.06.13.2003","Teluk Ketapang"
"15","Jambi","15.06","Kabupaten Tanjung Jabung Barat","15.06.13","Senyerang","15.06.13.2004","Sungai Rambai"
"15","Jambi","15.06","Kabupaten Tanjung Jabung Barat","15.06.13","Senyerang","15.06.13.2005","Margo Rukun"
"15","Jambi","15.06","Kabupaten Tanjung Jabung Barat","15.06.13","Senyerang","15.06.13.2006","Kempas Jaya"
"15","Jambi","15.06","Kabupaten Tanjung Jabung Barat","15.06.13","Senyerang","15.06.13.2007","Lumahan"
"15","Jambi","15.06","Kabupaten Tanjung Jabung Barat","15.06.13","Senyerang","15.06.13.2008","Sungai Landak"
"15","Jambi","15.06","Kabupaten Tanjung Jabung Barat","15.06.13","Senyerang","15.06.13.2009","Sungsang"
"15","Jambi","15.06","Kabupaten Tanjung Jabung Barat","15.06.13","Senyerang","15.06.13.2010","Sungai Kepayang"
"15","Jambi","15.07","Kabupaten Tanjung Jabung Timur","15.07.01","Muara Sabak Timur","15.07.01.1010","Muara Sabak Ilir"
"15","Jambi","15.07","Kabupaten Tanjung Jabung Timur","15.07.01","Muara Sabak Timur","15.07.01.1013","Muara Sabak Ulu"
"15","Jambi","15.07","Kabupaten Tanjung Jabung Timur","15.07.01","Muara Sabak Timur","15.07.01.2001","Alang-Alang"
"15","Jambi","15.07","Kabupaten Tanjung Jabung Timur","15.07.01","Muara Sabak Timur","15.07.01.2002","Lambur"
"15","Jambi","15.07","Kabupaten Tanjung Jabung Timur","15.07.01","Muara Sabak Timur","15.07.01.2004","Simbur Naik"
"15","Jambi","15.07","Kabupaten Tanjung Jabung Timur","15.07.01","Muara Sabak Timur","15.07.01.2011","Lambur I"
"15","Jambi","15.07","Kabupaten Tanjung Jabung Timur","15.07.01","Muara Sabak Timur","15.07.01.2012","Lambur II"
"15","Jambi","15.07","Kabupaten Tanjung Jabung Timur","15.07.01","Muara Sabak Timur","15.07.01.2014","Kota Raja"
"15","Jambi","15.07","Kabupaten Tanjung Jabung Timur","15.07.01","Muara Sabak Timur","15.07.01.2015","Siau Dalam"
"15","Jambi","15.07","Kabupaten Tanjung Jabung Timur","15.07.01","Muara Sabak Timur","15.07.01.2016","Sungai Ular"
"15","Jambi","15.07","Kabupaten Tanjung Jabung Timur","15.07.01","Muara Sabak Timur","15.07.01.2017","Kota Harapan"
"15","Jambi","15.07","Kabupaten Tanjung Jabung Timur","15.07.01","Muara Sabak Timur","15.07.01.2018","Kuala Simbur"
"15","Jambi","15.07","Kabupaten Tanjung Jabung Timur","15.07.02","Nipah Panjang","15.07.02.1001","Nipah Panjang I"
"15","Jambi","15.07","Kabupaten Tanjung Jabung Timur","15.07.02","Nipah Panjang","15.07.02.1002","Nipah Panjang II"
"15","Jambi","15.07","Kabupaten Tanjung Jabung Timur","15.07.02","Nipah Panjang","15.07.02.2003","Simpang Jelita"
"15","Jambi","15.07","Kabupaten Tanjung Jabung Timur","15.07.02","Nipah Panjang","15.07.02.2004","Simpang Datuk"
"15","Jambi","15.07","Kabupaten Tanjung Jabung Timur","15.07.02","Nipah Panjang","15.07.02.2005","Teluk Kijing"
"15","Jambi","15.07","Kabupaten Tanjung Jabung Timur","15.07.02","Nipah Panjang","15.07.02.2006","Sungai Raya"
"15","Jambi","15.07","Kabupaten Tanjung Jabung Timur","15.07.02","Nipah Panjang","15.07.02.2007","Pemusiran"
"15","Jambi","15.07","Kabupaten Tanjung Jabung Timur","15.07.02","Nipah Panjang","15.07.02.2008","Sungai Tering"
"15","Jambi","15.07","Kabupaten Tanjung Jabung Timur","15.07.02","Nipah Panjang","15.07.02.2009","Sungai Jeruk"
"15","Jambi","15.07","Kabupaten Tanjung Jabung Timur","15.07.02","Nipah Panjang","15.07.02.2010","Bunga Tanjung"
"15","Jambi","15.07","Kabupaten Tanjung Jabung Timur","15.07.03","Mendahara","15.07.03.1002","Mendahara Ilir"
"15","Jambi","15.07","Kabupaten Tanjung Jabung Timur","15.07.03","Mendahara","15.07.03.2001","Pangkal Duri"
"15","Jambi","15.07","Kabupaten Tanjung Jabung Timur","15.07.03","Mendahara","15.07.03.2003","Mendahara Tengah"
"15","Jambi","15.07","Kabupaten Tanjung Jabung Timur","15.07.03","Mendahara","15.07.03.2007","Lagan Ilir"
"15","Jambi","15.07","Kabupaten Tanjung Jabung Timur","15.07.03","Mendahara","15.07.03.2014","Sinar Kalimantan"
"15","Jambi","15.07","Kabupaten Tanjung Jabung Timur","15.07.03","Mendahara","15.07.03.2015","Sungai Tawar"
"15","Jambi","15.07","Kabupaten Tanjung Jabung Timur","15.07.03","Mendahara","15.07.03.2016","Bakti Idaman"
"15","Jambi","15.07","Kabupaten Tanjung Jabung Timur","15.07.03","Mendahara","15.07.03.2017","Merbau"
"15","Jambi","15.07","Kabupaten Tanjung Jabung Timur","15.07.03","Mendahara","15.07.03.2018","Pangkal Duri Ilir"
"15","Jambi","15.07","Kabupaten Tanjung Jabung Timur","15.07.04","Rantau Rasau","15.07.04.1006","Bandar Jaya"
"15","Jambi","15.07","Kabupaten Tanjung Jabung Timur","15.07.04","Rantau Rasau","15.07.04.2004","Rantau Rasau I"
"15","Jambi","15.07","Kabupaten Tanjung Jabung Timur","15.07.04","Rantau Rasau","15.07.04.2005","Rantau Rasau II"
"15","Jambi","15.07","Kabupaten Tanjung Jabung Timur","15.07.04","Rantau Rasau","15.07.04.2007","Harapan Makmur"
"15","Jambi","15.07","Kabupaten Tanjung Jabung Timur","15.07.04","Rantau Rasau","15.07.04.2008","Bangun Karya"
"15","Jambi","15.07","Kabupaten Tanjung Jabung Timur","15.07.04","Rantau Rasau","15.07.04.2009","Rantau Jaya"
"15","Jambi","15.07","Kabupaten Tanjung Jabung Timur","15.07.04","Rantau Rasau","15.07.04.2011","Sungai Dusun"
"15","Jambi","15.07","Kabupaten Tanjung Jabung Timur","15.07.04","Rantau Rasau","15.07.04.2013","Karya Bakti"
"15","Jambi","15.07","Kabupaten Tanjung Jabung Timur","15.07.04","Rantau Rasau","15.07.04.2014","Marga Mulya"
"15","Jambi","15.07","Kabupaten Tanjung Jabung Timur","15.07.04","Rantau Rasau","15.07.04.2015","Pematang Mayan"
"15","Jambi","15.07","Kabupaten Tanjung Jabung Timur","15.07.04","Rantau Rasau","15.07.04.2016","Tri Mulyo"
"15","Jambi","15.07","Kabupaten Tanjung Jabung Timur","15.07.05","Sadu","15.07.05.1005","Sungai Lokan"
"15","Jambi","15.07","Kabupaten Tanjung Jabung Timur","15.07.05","Sadu","15.07.05.2001","Sungai Sayang"
"15","Jambi","15.07","Kabupaten Tanjung Jabung Timur","15.07.05","Sadu","15.07.05.2002","Air Hitam Laut"
"15","Jambi","15.07","Kabupaten Tanjung Jabung Timur","15.07.05","Sadu","15.07.05.2003","Sungai Jambat"
"15","Jambi","15.07","Kabupaten Tanjung Jabung Timur","15.07.05","Sadu","15.07.05.2004","Sungai Itik"
"15","Jambi","15.07","Kabupaten Tanjung Jabung Timur","15.07.05","Sadu","15.07.05.2006","Sungai Benuh"
"15","Jambi","15.07","Kabupaten Tanjung Jabung Timur","15.07.05","Sadu","15.07.05.2007","Sungai Cemara"
"15","Jambi","15.07","Kabupaten Tanjung Jabung Timur","15.07.05","Sadu","15.07.05.2008","Remau Baku Tuo"
"15","Jambi","15.07","Kabupaten Tanjung Jabung Timur","15.07.05","Sadu","15.07.05.2009","Labuhan Pering"
"15","Jambi","15.07","Kabupaten Tanjung Jabung Timur","15.07.06","Dendang","15.07.06.1006","Rantau Indah"
"15","Jambi","15.07","Kabupaten Tanjung Jabung Timur","15.07.06","Dendang","15.07.06.2003","Kuala Dendang"
"15","Jambi","15.07","Kabupaten Tanjung Jabung Timur","15.07.06","Dendang","15.07.06.2004","Koto Kandis Dendang"
"15","Jambi","15.07","Kabupaten Tanjung Jabung Timur","15.07.06","Dendang","15.07.06.2005","Koto Kandis"
"15","Jambi","15.07","Kabupaten Tanjung Jabung Timur","15.07.06","Dendang","15.07.06.2007","Sido Mukti"
"15","Jambi","15.07","Kabupaten Tanjung Jabung Timur","15.07.06","Dendang","15.07.06.2008","Catur Rahayu"
"15","Jambi","15.07","Kabupaten Tanjung Jabung Timur","15.07.06","Dendang","15.07.06.2009","Jati Mulyo"
"15","Jambi","15.07","Kabupaten Tanjung Jabung Timur","15.07.07","Muara Sabak Barat","15.07.07.1001","Kampung Singkep"
"15","Jambi","15.07","Kabupaten Tanjung Jabung Timur","15.07.07","Muara Sabak Barat","15.07.07.1002","Nibung Putih"
"15","Jambi","15.07","Kabupaten Tanjung Jabung Timur","15.07.07","Muara Sabak Barat","15.07.07.1003","Rano"
"15","Jambi","15.07","Kabupaten Tanjung Jabung Timur","15.07.07","Muara Sabak Barat","15.07.07.1004","Talang Babat"
"15","Jambi","15.07","Kabupaten Tanjung Jabung Timur","15.07.07","Muara Sabak Barat","15.07.07.1005","Parit Culum I"
"15","Jambi","15.07","Kabupaten Tanjung Jabung Timur","15.07.07","Muara Sabak Barat","15.07.07.1006","Parit Culum II"
"15","Jambi","15.07","Kabupaten Tanjung Jabung Timur","15.07.07","Muara Sabak Barat","15.07.07.1007","Teluk Dawan"
"15","Jambi","15.07","Kabupaten Tanjung Jabung Timur","15.07.08","Kuala Jambi","15.07.08.1001","Kampung Laut"
"15","Jambi","15.07","Kabupaten Tanjung Jabung Timur","15.07.08","Kuala Jambi","15.07.08.1002","Tanjung Solok"
"15","Jambi","15.07","Kabupaten Tanjung Jabung Timur","15.07.08","Kuala Jambi","15.07.08.2003","Teluk Majelis"
"15","Jambi","15.07","Kabupaten Tanjung Jabung Timur","15.07.08","Kuala Jambi","15.07.08.2004","Kuala Lagan"
"15","Jambi","15.07","Kabupaten Tanjung Jabung Timur","15.07.08","Kuala Jambi","15.07.08.2005","Majelis Hidayah"
"15","Jambi","15.07","Kabupaten Tanjung Jabung Timur","15.07.08","Kuala Jambi","15.07.08.2006","Manunggal Makmur"
"15","Jambi","15.07","Kabupaten Tanjung Jabung Timur","15.07.09","Mendahara Ulu","15.07.09.1001","Simpang Tuan"
"15","Jambi","15.07","Kabupaten Tanjung Jabung Timur","15.07.09","Mendahara Ulu","15.07.09.2002","Pematang Rahim"
"15","Jambi","15.07","Kabupaten Tanjung Jabung Timur","15.07.09","Mendahara Ulu","15.07.09.2003","Sungai Toman"
"15","Jambi","15.07","Kabupaten Tanjung Jabung Timur","15.07.09","Mendahara Ulu","15.07.09.2004","Bukit Tempurung"
"15","Jambi","15.07","Kabupaten Tanjung Jabung Timur","15.07.09","Mendahara Ulu","15.07.09.2005","Sinar Wajo"
"15","Jambi","15.07","Kabupaten Tanjung Jabung Timur","15.07.09","Mendahara Ulu","15.07.09.2006","Sungai Beras"
"15","Jambi","15.07","Kabupaten Tanjung Jabung Timur","15.07.09","Mendahara Ulu","15.07.09.2007","Mencolok"
"15","Jambi","15.07","Kabupaten Tanjung Jabung Timur","15.07.10","Geragai","15.07.10.1010","Pandan Jaya"
"15","Jambi","15.07","Kabupaten Tanjung Jabung Timur","15.07.10","Geragai","15.07.10.2001","Lagan Ulu"
"15","Jambi","15.07","Kabupaten Tanjung Jabung Timur","15.07.10","Geragai","15.07.10.2002","Lagan Tengah"
"15","Jambi","15.07","Kabupaten Tanjung Jabung Timur","15.07.10","Geragai","15.07.10.2004","Pandan Makmur"
"15","Jambi","15.07","Kabupaten Tanjung Jabung Timur","15.07.10","Geragai","15.07.10.2005","Pandan Lagan"
"15","Jambi","15.07","Kabupaten Tanjung Jabung Timur","15.07.10","Geragai","15.07.10.2006","Suka Maju"
"15","Jambi","15.07","Kabupaten Tanjung Jabung Timur","15.07.10","Geragai","15.07.10.2007","Kota Baru"
"15","Jambi","15.07","Kabupaten Tanjung Jabung Timur","15.07.10","Geragai","15.07.10.2008","Rantau Karya"
"15","Jambi","15.07","Kabupaten Tanjung Jabung Timur","15.07.10","Geragai","15.07.10.2009","Pandan Sejahtera"
"15","Jambi","15.07","Kabupaten Tanjung Jabung Timur","15.07.11","Berbak","15.07.11.1001","Simpang"
"15","Jambi","15.07","Kabupaten Tanjung Jabung Timur","15.07.11","Berbak","15.07.11.2002","Rantau Rasau"
"15","Jambi","15.07","Kabupaten Tanjung Jabung Timur","15.07.11","Berbak","15.07.11.2003","Rantau Makmur"
"15","Jambi","15.07","Kabupaten Tanjung Jabung Timur","15.07.11","Berbak","15.07.11.2004","Sungai Rambut"
"15","Jambi","15.07","Kabupaten Tanjung Jabung Timur","15.07.11","Berbak","15.07.11.2005","Rawasari"
"15","Jambi","15.07","Kabupaten Tanjung Jabung Timur","15.07.11","Berbak","15.07.11.2006","Telaga Limo"
"15","Jambi","15.08","Kabupaten Bungo","15.08.01","Tanah Tumbuh","15.08.01.2001","Pedukun"
"15","Jambi","15.08","Kabupaten Bungo","15.08.01","Tanah Tumbuh","15.08.01.2002","Lubuk Niur"
"15","Jambi","15.08","Kabupaten Bungo","15.08.01","Tanah Tumbuh","15.08.01.2003","Teluk Kecimbung"
"15","Jambi","15.08","Kabupaten Bungo","15.08.01","Tanah Tumbuh","15.08.01.2004","Tanah Tumbuh"
"15","Jambi","15.08","Kabupaten Bungo","15.08.01","Tanah Tumbuh","15.08.01.2005","Rambah"
"15","Jambi","15.08","Kabupaten Bungo","15.08.01","Tanah Tumbuh","15.08.01.2006","Tebing Tinggi Uleh"
"15","Jambi","15.08","Kabupaten Bungo","15.08.01","Tanah Tumbuh","15.08.01.2007","Bukit Kemang"
"15","Jambi","15.08","Kabupaten Bungo","15.08.01","Tanah Tumbuh","15.08.01.2008","Panjang"
"15","Jambi","15.08","Kabupaten Bungo","15.08.01","Tanah Tumbuh","15.08.01.2009","Perenti Luweh"
"15","Jambi","15.08","Kabupaten Bungo","15.08.01","Tanah Tumbuh","15.08.01.2015","Renah Jelmu"
"15","Jambi","15.08","Kabupaten Bungo","15.08.01","Tanah Tumbuh","15.08.01.2016","Koto Jayo"
"15","Jambi","15.08","Kabupaten Bungo","15.08.02","Rantau Pandan","15.08.02.2001","Rantau Duku"
"15","Jambi","15.08","Kabupaten Bungo","15.08.02","Rantau Pandan","15.08.02.2002","Talang Sungai Bungo"
"15","Jambi","15.08","Kabupaten Bungo","15.08.02","Rantau Pandan","15.08.02.2003","Rantau Pandan"
"15","Jambi","15.08","Kabupaten Bungo","15.08.02","Rantau Pandan","15.08.02.2004","Leban"
"15","Jambi","15.08","Kabupaten Bungo","15.08.02","Rantau Pandan","15.08.02.2005","Lubuk Kayu Aro"
"15","Jambi","15.08","Kabupaten Bungo","15.08.02","Rantau Pandan","15.08.02.2015","Lubuk Mayan"
"15","Jambi","15.08","Kabupaten Bungo","15.08.03","Pasar Muaro Bungo","15.08.03.1006","Tanjung Gedang"
"15","Jambi","15.08","Kabupaten Bungo","15.08.03","Pasar Muaro Bungo","15.08.03.1007","Bungo Timur"
"15","Jambi","15.08","Kabupaten Bungo","15.08.03","Pasar Muaro Bungo","15.08.03.1008","Bungo Barat"
"15","Jambi","15.08","Kabupaten Bungo","15.08.03","Pasar Muaro Bungo","15.08.03.1022","Jaya Setia"
"15","Jambi","15.08","Kabupaten Bungo","15.08.03","Pasar Muaro Bungo","15.08.03.1023","Batang Bungo"
"15","Jambi","15.08","Kabupaten Bungo","15.08.04","Jujuhan","15.08.04.2001","Tanjung Belit"
"15","Jambi","15.08","Kabupaten Bungo","15.08.04","Jujuhan","15.08.04.2002","Rantau Ikil"
"15","Jambi","15.08","Kabupaten Bungo","15.08.04","Jujuhan","15.08.04.2003","Pulau Jelmu"
"15","Jambi","15.08","Kabupaten Bungo","15.08.04","Jujuhan","15.08.04.2004","Sirih Sekapur"
"15","Jambi","15.08","Kabupaten Bungo","15.08.04","Jujuhan","15.08.04.2005","Ujung Tanjung"
"15","Jambi","15.08","Kabupaten Bungo","15.08.04","Jujuhan","15.08.04.2007","Jumbak"
"15","Jambi","15.08","Kabupaten Bungo","15.08.04","Jujuhan","15.08.04.2009","Rantau Panjang"
"15","Jambi","15.08","Kabupaten Bungo","15.08.04","Jujuhan","15.08.04.2013","Talang Pamesun"
"15","Jambi","15.08","Kabupaten Bungo","15.08.04","Jujuhan","15.08.04.2014","Baru Balai Panjang"
"15","Jambi","15.08","Kabupaten Bungo","15.08.04","Jujuhan","15.08.04.2015","Sirih Sekapur Perkembangan"
"15","Jambi","15.08","Kabupaten Bungo","15.08.05","Tanah Sepenggal","15.08.05.2001","Teluk Pandak"
"15","Jambi","15.08","Kabupaten Bungo","15.08.05","Tanah Sepenggal","15.08.05.2003","Empelu"
"15","Jambi","15.08","Kabupaten Bungo","15.08.05","Tanah Sepenggal","15.08.05.2006","Pasar Lubuk Landai"
"15","Jambi","15.08","Kabupaten Bungo","15.08.05","Tanah Sepenggal","15.08.05.2007","Sungai Gambir"
"15","Jambi","15.08","Kabupaten Bungo","15.08.05","Tanah Sepenggal","15.08.05.2009","Candi"
"15","Jambi","15.08","Kabupaten Bungo","15.08.05","Tanah Sepenggal","15.08.05.2010","Tanjung"
"15","Jambi","15.08","Kabupaten Bungo","15.08.05","Tanah Sepenggal","15.08.05.2012","Tanah Bekali"
"15","Jambi","15.08","Kabupaten Bungo","15.08.05","Tanah Sepenggal","15.08.05.2015","Telentam"
"15","Jambi","15.08","Kabupaten Bungo","15.08.05","Tanah Sepenggal","15.08.05.2017","Pasar Rantau Embacang"
"15","Jambi","15.08","Kabupaten Bungo","15.08.05","Tanah Sepenggal","15.08.05.2019","Tenam"
"15","Jambi","15.08","Kabupaten Bungo","15.08.06","Pelepat","15.08.06.2001","Baru Pelepat"
"15","Jambi","15.08","Kabupaten Bungo","15.08.06","Pelepat","15.08.06.2002","Dwi Karya Bakti"
"15","Jambi","15.08","Kabupaten Bungo","15.08.06","Pelepat","15.08.06.2003","Rantau Keloyang"
"15","Jambi","15.08","Kabupaten Bungo","15.08.06","Pelepat","15.08.06.2004","Balai Jaya"
"15","Jambi","15.08","Kabupaten Bungo","15.08.06","Pelepat","15.08.06.2005","Rantel"
"15","Jambi","15.08","Kabupaten Bungo","15.08.06","Pelepat","15.08.06.2006","Senamat"
"15","Jambi","15.08","Kabupaten Bungo","15.08.06","Pelepat","15.08.06.2007","Sungai Beringin"
"15","Jambi","15.08","Kabupaten Bungo","15.08.06","Pelepat","15.08.06.2008","Sungai Gurun"
"15","Jambi","15.08","Kabupaten Bungo","15.08.06","Pelepat","15.08.06.2009","Batu Kerbau"
"15","Jambi","15.08","Kabupaten Bungo","15.08.06","Pelepat","15.08.06.2010","Gapura Suci"
"15","Jambi","15.08","Kabupaten Bungo","15.08.06","Pelepat","15.08.06.2011","Mulya Bakti"
"15","Jambi","15.08","Kabupaten Bungo","15.08.06","Pelepat","15.08.06.2012","Mulya Jaya"
"15","Jambi","15.08","Kabupaten Bungo","15.08.06","Pelepat","15.08.06.2013","Cilodang"
"15","Jambi","15.08","Kabupaten Bungo","15.08.06","Pelepat","15.08.06.2014","Bukit Telago"
"15","Jambi","15.08","Kabupaten Bungo","15.08.06","Pelepat","15.08.06.2015","Sekampil"
"15","Jambi","15.08","Kabupaten Bungo","15.08.07","Limbur Lubuk Mengkuang","15.08.07.2001","Tanjung Bungo"
"15","Jambi","15.08","Kabupaten Bungo","15.08.07","Limbur Lubuk Mengkuang","15.08.07.2002","Tuo Lbk. Mengkuang"
"15","Jambi","15.08","Kabupaten Bungo","15.08.07","Limbur Lubuk Mengkuang","15.08.07.2003","Pauh Agung"
"15","Jambi","15.08","Kabupaten Bungo","15.08.07","Limbur Lubuk Mengkuang","15.08.07.2004","Tuo Limbur"
"15","Jambi","15.08","Kabupaten Bungo","15.08.07","Limbur Lubuk Mengkuang","15.08.07.2005","Renah Sungai Besar"
"15","Jambi","15.08","Kabupaten Bungo","15.08.07","Limbur Lubuk Mengkuang","15.08.07.2006","Muaro Tebo Pandak"
"15","Jambi","15.08","Kabupaten Bungo","15.08.07","Limbur Lubuk Mengkuang","15.08.07.2007","Rantau Tipu"
"15","Jambi","15.08","Kabupaten Bungo","15.08.07","Limbur Lubuk Mengkuang","15.08.07.2008","Baru Lbk. Mengkuang"
"15","Jambi","15.08","Kabupaten Bungo","15.08.07","Limbur Lubuk Mengkuang","15.08.07.2009","Lbk. Tanah Terban"
"15","Jambi","15.08","Kabupaten Bungo","15.08.07","Limbur Lubuk Mengkuang","15.08.07.2010","Pemunyian"
"15","Jambi","15.08","Kabupaten Bungo","15.08.07","Limbur Lubuk Mengkuang","15.08.07.2011","Renah Sungai Ipuh"
"15","Jambi","15.08","Kabupaten Bungo","15.08.07","Limbur Lubuk Mengkuang","15.08.07.2012","Tebo Jaya"
"15","Jambi","15.08","Kabupaten Bungo","15.08.07","Limbur Lubuk Mengkuang","15.08.07.2013","Sekar Mengkuang"
"15","Jambi","15.08","Kabupaten Bungo","15.08.07","Limbur Lubuk Mengkuang","15.08.07.2014","Limbur Baru"
"15","Jambi","15.08","Kabupaten Bungo","15.08.08","Muko-muko Bathin VII","15.08.08.2001","Mangun Jayo"
"15","Jambi","15.08","Kabupaten Bungo","15.08.08","Muko-muko Bathin VII","15.08.08.2002","Tanjung Agung"
"15","Jambi","15.08","Kabupaten Bungo","15.08.08","Muko-muko Bathin VII","15.08.08.2003","Tebat"
"15","Jambi","15.08","Kabupaten Bungo","15.08.08","Muko-muko Bathin VII","15.08.08.2004","Baru Pusat Jalo"
"15","Jambi","15.08","Kabupaten Bungo","15.08.08","Muko-muko Bathin VII","15.08.08.2005","Bedaro"
"15","Jambi","15.08","Kabupaten Bungo","15.08.08","Muko-muko Bathin VII","15.08.08.2006","Tebing Tinggi"
"15","Jambi","15.08","Kabupaten Bungo","15.08.08","Muko-muko Bathin VII","15.08.08.2007","Datar"
"15","Jambi","15.08","Kabupaten Bungo","15.08.08","Muko-muko Bathin VII","15.08.08.2008","Suka Jaya"
"15","Jambi","15.08","Kabupaten Bungo","15.08.08","Muko-muko Bathin VII","15.08.08.2009","Pekan Jum'at"
"15","Jambi","15.08","Kabupaten Bungo","15.08.09","Pelepat Ilir","15.08.09.2001","Koto Jayo"
"15","Jambi","15.08","Kabupaten Bungo","15.08.09","Pelepat Ilir","15.08.09.2002","Danau"
"15","Jambi","15.08","Kabupaten Bungo","15.08.09","Pelepat Ilir","15.08.09.2003","Muara Kuamang"
"15","Jambi","15.08","Kabupaten Bungo","15.08.09","Pelepat Ilir","15.08.09.2004","Lubuk"
"15","Jambi","15.08","Kabupaten Bungo","15.08.09","Pelepat Ilir","15.08.09.2005","Purwosari"
"15","Jambi","15.08","Kabupaten Bungo","15.08.09","Pelepat Ilir","15.08.09.2006","Lembah Kuamang"
"15","Jambi","15.08","Kabupaten Bungo","15.08.09","Pelepat Ilir","15.08.09.2007","Sumber Harapan"
"15","Jambi","15.08","Kabupaten Bungo","15.08.09","Pelepat Ilir","15.08.09.2008","Daya Murni"
"15","Jambi","15.08","Kabupaten Bungo","15.08.09","Pelepat Ilir","15.08.09.2009","Sumber Mulya"
"15","Jambi","15.08","Kabupaten Bungo","15.08.09","Pelepat Ilir","15.08.09.2010","Maju Jaya"
"15","Jambi","15.08","Kabupaten Bungo","15.08.09","Pelepat Ilir","15.08.09.2011","Tirta Mulya"
"15","Jambi","15.08","Kabupaten Bungo","15.08.09","Pelepat Ilir","15.08.09.2012","Lingga Kuamang"
"15","Jambi","15.08","Kabupaten Bungo","15.08.09","Pelepat Ilir","15.08.09.2013","Bangun Harjo"
"15","Jambi","15.08","Kabupaten Bungo","15.08.09","Pelepat Ilir","15.08.09.2014","Kuning gading"
"15","Jambi","15.08","Kabupaten Bungo","15.08.09","Pelepat Ilir","15.08.09.2015","Kuamang Jaya"
"15","Jambi","15.08","Kabupaten Bungo","15.08.09","Pelepat Ilir","15.08.09.2016","Karya Harapan Mukti"
"15","Jambi","15.08","Kabupaten Bungo","15.08.09","Pelepat Ilir","15.08.09.2017","Padang Palangeh"
"15","Jambi","15.08","Kabupaten Bungo","15.08.10","Batin II Babeko","15.08.10.2001","Tanjung Menanti"
"15","Jambi","15.08","Kabupaten Bungo","15.08.10","Batin II Babeko","15.08.10.2002","Babeko"
"15","Jambi","15.08","Kabupaten Bungo","15.08.10","Batin II Babeko","15.08.10.2003","Sepunggur"
"15","Jambi","15.08","Kabupaten Bungo","15.08.10","Batin II Babeko","15.08.10.2004","Simpang Bebeko"
"15","Jambi","15.08","Kabupaten Bungo","15.08.10","Batin II Babeko","15.08.10.2005","Suka Makmur"
"15","Jambi","15.08","Kabupaten Bungo","15.08.10","Batin II Babeko","15.08.10.2006","Tuo Sepunggur"
"15","Jambi","15.08","Kabupaten Bungo","15.08.11","Bathin III","15.08.11.1001","Manggis"
"15","Jambi","15.08","Kabupaten Bungo","15.08.11","Bathin III","15.08.11.1003","Bungo Taman Agung"
"15","Jambi","15.08","Kabupaten Bungo","15.08.11","Bathin III","15.08.11.1004","Sungai Binjai"
"15","Jambi","15.08","Kabupaten Bungo","15.08.11","Bathin III","15.08.11.2002","Lubuk Benteng"
"15","Jambi","15.08","Kabupaten Bungo","15.08.11","Bathin III","15.08.11.2005","Air Gemuruh"
"15","Jambi","15.08","Kabupaten Bungo","15.08.11","Bathin III","15.08.11.2006","Purwo Bakti"
"15","Jambi","15.08","Kabupaten Bungo","15.08.11","Bathin III","15.08.11.2007","Sarana Jaya"
"15","Jambi","15.08","Kabupaten Bungo","15.08.11","Bathin III","15.08.11.2008","Teluk Panjang"
"15","Jambi","15.08","Kabupaten Bungo","15.08.12","Bungo Dani","15.08.12.1001","Sungai Pinang"
"15","Jambi","15.08","Kabupaten Bungo","15.08.12","Bungo Dani","15.08.12.1002","Sungai Kerjan"
"15","Jambi","15.08","Kabupaten Bungo","15.08.12","Bungo Dani","15.08.12.2003","Talang Pantai"
"15","Jambi","15.08","Kabupaten Bungo","15.08.12","Bungo Dani","15.08.12.2004","Sungai Arang"
"15","Jambi","15.08","Kabupaten Bungo","15.08.12","Bungo Dani","15.08.12.2005","Pulau Pekan"
"15","Jambi","15.08","Kabupaten Bungo","15.08.13","Rimbo Tengah","15.08.13.1001","Pasir Putih"
"15","Jambi","15.08","Kabupaten Bungo","15.08.13","Rimbo Tengah","15.08.13.1002","Cadika"
"15","Jambi","15.08","Kabupaten Bungo","15.08.13","Rimbo Tengah","15.08.13.2003","Sungai Mengkuang"
"15","Jambi","15.08","Kabupaten Bungo","15.08.13","Rimbo Tengah","15.08.13.2004","Sungai Buluh"
"15","Jambi","15.08","Kabupaten Bungo","15.08.14","Bathin III Ulu","15.08.14.2001","Muara Buat"
"15","Jambi","15.08","Kabupaten Bungo","15.08.14","Bathin III Ulu","15.08.14.2002","Buat"
"15","Jambi","15.08","Kabupaten Bungo","15.08.14","Bathin III Ulu","15.08.14.2003","Laman Panjang"
"15","Jambi","15.08","Kabupaten Bungo","15.08.14","Bathin III Ulu","15.08.14.2004","Karak Apung"
"15","Jambi","15.08","Kabupaten Bungo","15.08.14","Bathin III Ulu","15.08.14.2005","Timbolasi"
"15","Jambi","15.08","Kabupaten Bungo","15.08.14","Bathin III Ulu","15.08.14.2006","Senamat Ulu"
"15","Jambi","15.08","Kabupaten Bungo","15.08.14","Bathin III Ulu","15.08.14.2007","Aur Cino"
"15","Jambi","15.08","Kabupaten Bungo","15.08.14","Bathin III Ulu","15.08.14.2008","Lubuk Beringin"
"15","Jambi","15.08","Kabupaten Bungo","15.08.14","Bathin III Ulu","15.08.14.2009","Sungai Telang"
"15","Jambi","15.08","Kabupaten Bungo","15.08.15","Bathin II Pelayang","15.08.15.2001","Pelayang"
"15","Jambi","15.08","Kabupaten Bungo","15.08.15","Bathin II Pelayang","15.08.15.2002","Peninjau"
"15","Jambi","15.08","Kabupaten Bungo","15.08.15","Bathin II Pelayang","15.08.15.2003","Talang Silungko"
"15","Jambi","15.08","Kabupaten Bungo","15.08.15","Bathin II Pelayang","15.08.15.2004","Pulau Kerakap"
"15","Jambi","15.08","Kabupaten Bungo","15.08.15","Bathin II Pelayang","15.08.15.2005","Seberang Jaya"
"15","Jambi","15.08","Kabupaten Bungo","15.08.16","Jujuhan Ilir","15.08.16.2001","Tepian Danto"
"15","Jambi","15.08","Kabupaten Bungo","15.08.16","Jujuhan Ilir","15.08.16.2002","Aur Gading"
"15","Jambi","15.08","Kabupaten Bungo","15.08.16","Jujuhan Ilir","15.08.16.2003","Pulau Batu"
"15","Jambi","15.08","Kabupaten Bungo","15.08.16","Jujuhan Ilir","15.08.16.2004","Sari Mulya"
"15","Jambi","15.08","Kabupaten Bungo","15.08.16","Jujuhan Ilir","15.08.16.2005","Bukit Sari"
"15","Jambi","15.08","Kabupaten Bungo","15.08.16","Jujuhan Ilir","15.08.16.2006","Lubuk Tenam"
"15","Jambi","15.08","Kabupaten Bungo","15.08.16","Jujuhan Ilir","15.08.16.2007","Kuamang"
"15","Jambi","15.08","Kabupaten Bungo","15.08.17","Tanah Sepenggal Lintas","15.08.17.2001","Sungai Mancur"
"15","Jambi","15.08","Kabupaten Bungo","15.08.17","Tanah Sepenggal Lintas","15.08.17.2002","Tanah Periuk"
"15","Jambi","15.08","Kabupaten Bungo","15.08.17","Tanah Sepenggal Lintas","15.08.17.2003","Lubuk Landai"
"15","Jambi","15.08","Kabupaten Bungo","15.08.17","Tanah Sepenggal Lintas","15.08.17.2004","Rantau Embacang"
"15","Jambi","15.08","Kabupaten Bungo","15.08.17","Tanah Sepenggal Lintas","15.08.17.2005","Tebing Tinggi"
"15","Jambi","15.08","Kabupaten Bungo","15.08.17","Tanah Sepenggal Lintas","15.08.17.2006","Embacang Gedang"
"15","Jambi","15.08","Kabupaten Bungo","15.08.17","Tanah Sepenggal Lintas","15.08.17.2007","Sungai Puri"
"15","Jambi","15.08","Kabupaten Bungo","15.08.17","Tanah Sepenggal Lintas","15.08.17.2008","Paku Aji"
"15","Jambi","15.08","Kabupaten Bungo","15.08.17","Tanah Sepenggal Lintas","15.08.17.2009","Pematang Panjang"
"15","Jambi","15.08","Kabupaten Bungo","15.08.17","Tanah Sepenggal Lintas","15.08.17.2010","Sungai Lilin"
"15","Jambi","15.08","Kabupaten Bungo","15.08.17","Tanah Sepenggal Lintas","15.08.17.2011","Sungai Tembang"
"15","Jambi","15.08","Kabupaten Bungo","15.08.17","Tanah Sepenggal Lintas","15.08.17.2012","Rantau Makmur"
"15","Jambi","15.09","Kabupaten Tebo","15.09.01","Tebo Tengah","15.09.01.1001","Muara Tebo"
"15","Jambi","15.09","Kabupaten Tebo","15.09.01","Tebo Tengah","15.09.01.1002","Tebing Tinggi"
"15","Jambi","15.09","Kabupaten Tebo","15.09.01","Tebo Tengah","15.09.01.2003","Bedaro Rampak"
"15","Jambi","15.09","Kabupaten Tebo","15.09.01","Tebo Tengah","15.09.01.2004","Mangun Jayo"
"15","Jambi","15.09","Kabupaten Tebo","15.09.01","Tebo Tengah","15.09.01.2005","Teluk Pandak"
"15","Jambi","15.09","Kabupaten Tebo","15.09.01","Tebo Tengah","15.09.01.2006","Tengah Ulu"
"15","Jambi","15.09","Kabupaten Tebo","15.09.01","Tebo Tengah","15.09.01.2007","Semabu"
"15","Jambi","15.09","Kabupaten Tebo","15.09.01","Tebo Tengah","15.09.01.2008","Kandang"
"15","Jambi","15.09","Kabupaten Tebo","15.09.01","Tebo Tengah","15.09.01.2009","Pelayang"
"15","Jambi","15.09","Kabupaten Tebo","15.09.01","Tebo Tengah","15.09.01.2010","Sungai Keruh"
"15","Jambi","15.09","Kabupaten Tebo","15.09.01","Tebo Tengah","15.09.01.2011","Aburan Batang Tebo"
"15","Jambi","15.09","Kabupaten Tebo","15.09.01","Tebo Tengah","15.09.01.2012","Sungai Alai"
"15","Jambi","15.09","Kabupaten Tebo","15.09.02","Tebo Ilir","15.09.02.1001","Sungai Bengkal"
"15","Jambi","15.09","Kabupaten Tebo","15.09.02","Tebo Ilir","15.09.02.2002","Sungai Aro"
"15","Jambi","15.09","Kabupaten Tebo","15.09.02","Tebo Ilir","15.09.02.2003","Teluk Rendah Pasar"
"15","Jambi","15.09","Kabupaten Tebo","15.09.02","Tebo Ilir","15.09.02.2004","Teluk Rendah Ulu"
"15","Jambi","15.09","Kabupaten Tebo","15.09.02","Tebo Ilir","15.09.02.2005","Teluk Rendah Ilir"
"15","Jambi","15.09","Kabupaten Tebo","15.09.02","Tebo Ilir","15.09.02.2008","Tuo Ilir"
"15","Jambi","15.09","Kabupaten Tebo","15.09.02","Tebo Ilir","15.09.02.2011","Betung Bedarah Timur"
"15","Jambi","15.09","Kabupaten Tebo","15.09.02","Tebo Ilir","15.09.02.2012","Betung Bedarah Barat"
"15","Jambi","15.09","Kabupaten Tebo","15.09.02","Tebo Ilir","15.09.02.2014","Kunangan"
"15","Jambi","15.09","Kabupaten Tebo","15.09.02","Tebo Ilir","15.09.02.2015","Muara ketalo"
"15","Jambi","15.09","Kabupaten Tebo","15.09.02","Tebo Ilir","15.09.02.2017","Sungai Bengkal Barat"
"15","Jambi","15.09","Kabupaten Tebo","15.09.02","Tebo Ilir","15.09.02.2018","Kemantan"
"15","Jambi","15.09","Kabupaten Tebo","15.09.03","Tebo Ulu","15.09.03.1001","Pulau Temiang"
"15","Jambi","15.09","Kabupaten Tebo","15.09.03","Tebo Ulu","15.09.03.2002","Sungai Rambai"
"15","Jambi","15.09","Kabupaten Tebo","15.09.03","Tebo Ulu","15.09.03.2003","Pagar Puding"
"15","Jambi","15.09","Kabupaten Tebo","15.09.03","Tebo Ulu","15.09.03.2004","Teluk Kembang Jambu"
"15","Jambi","15.09","Kabupaten Tebo","15.09.03","Tebo Ulu","15.09.03.2005","Teluk Kasai Rambahan"
"15","Jambi","15.09","Kabupaten Tebo","15.09.03","Tebo Ulu","15.09.03.2006","Rantau langkap"
"15","Jambi","15.09","Kabupaten Tebo","15.09.03","Tebo Ulu","15.09.03.2007","Tanjung Aur"
"15","Jambi","15.09","Kabupaten Tebo","15.09.03","Tebo Ulu","15.09.03.2008","Bungo Tanjung"
"15","Jambi","15.09","Kabupaten Tebo","15.09.03","Tebo Ulu","15.09.03.2009","Pulau Panjang"
"15","Jambi","15.09","Kabupaten Tebo","15.09.03","Tebo Ulu","15.09.03.2010","Lubuk Benteng"
"15","Jambi","15.09","Kabupaten Tebo","15.09.03","Tebo Ulu","15.09.03.2011","Teluk Kuali"
"15","Jambi","15.09","Kabupaten Tebo","15.09.03","Tebo Ulu","15.09.03.2012","Melako Intan"
"15","Jambi","15.09","Kabupaten Tebo","15.09.03","Tebo Ulu","15.09.03.2015","Jambu"
"15","Jambi","15.09","Kabupaten Tebo","15.09.03","Tebo Ulu","15.09.03.2016","Pulau Jelmu"
"15","Jambi","15.09","Kabupaten Tebo","15.09.03","Tebo Ulu","15.09.03.2017","Medan Seri Rambahan"
"15","Jambi","15.09","Kabupaten Tebo","15.09.03","Tebo Ulu","15.09.03.2018","Ulak Banjir Rambahan"
"15","Jambi","15.09","Kabupaten Tebo","15.09.03","Tebo Ulu","15.09.03.2019","Teluk Pandan Rambahan"
"15","Jambi","15.09","Kabupaten Tebo","15.09.04","Rimbo Bujang","15.09.04.1001","Wirotho Agung"
"15","Jambi","15.09","Kabupaten Tebo","15.09.04","Rimbo Bujang","15.09.04.1009","Sarana Agung"
"15","Jambi","15.09","Kabupaten Tebo","15.09.04","Rimbo Bujang","15.09.04.1010","Mandiri Agung"
"15","Jambi","15.09","Kabupaten Tebo","15.09.04","Rimbo Bujang","15.09.04.2002","Perintis"
"15","Jambi","15.09","Kabupaten Tebo","15.09.04","Rimbo Bujang","15.09.04.2003","Rimbo Mulyo"
"15","Jambi","15.09","Kabupaten Tebo","15.09.04","Rimbo Bujang","15.09.04.2004","Purwo Harjo"
"15","Jambi","15.09","Kabupaten Tebo","15.09.04","Rimbo Bujang","15.09.04.2005","Tegal Arum"
"15","Jambi","15.09","Kabupaten Tebo","15.09.04","Rimbo Bujang","15.09.04.2006","Tirta Kencana"
"15","Jambi","15.09","Kabupaten Tebo","15.09.04","Rimbo Bujang","15.09.04.2007","Sapta Mulia"
"15","Jambi","15.09","Kabupaten Tebo","15.09.04","Rimbo Bujang","15.09.04.2008","Pematang Sapat"
"15","Jambi","15.09","Kabupaten Tebo","15.09.04","Rimbo Bujang","15.09.04.2011","Mekar Kencana"
"15","Jambi","15.09","Kabupaten Tebo","15.09.04","Rimbo Bujang","15.09.04.2012","Purwo Dadi"
"15","Jambi","15.09","Kabupaten Tebo","15.09.04","Rimbo Bujang","15.09.04.2013","Tegal Asri"
"15","Jambi","15.09","Kabupaten Tebo","15.09.04","Rimbo Bujang","15.09.04.2014","Perintis Jaya"
"15","Jambi","15.09","Kabupaten Tebo","15.09.04","Rimbo Bujang","15.09.04.2015","Perintis Makmur"
"15","Jambi","15.09","Kabupaten Tebo","15.09.04","Rimbo Bujang","15.09.04.2016","Jaya Mulya"
"15","Jambi","15.09","Kabupaten Tebo","15.09.05","Sumay","15.09.05.2001","Teluk Singkawang"
"15","Jambi","15.09","Kabupaten Tebo","15.09.05","Sumay","15.09.05.2002","Lembak Bungur"
"15","Jambi","15.09","Kabupaten Tebo","15.09.05","Sumay","15.09.05.2003","Teluk Langkap"
"15","Jambi","15.09","Kabupaten Tebo","15.09.05","Sumay","15.09.05.2004","Tambun Arang"
"15","Jambi","15.09","Kabupaten Tebo","15.09.05","Sumay","15.09.05.2005","Punti Kalo"
"15","Jambi","15.09","Kabupaten Tebo","15.09.05","Sumay","15.09.05.2006","Jati Belarik"
"15","Jambi","15.09","Kabupaten Tebo","15.09.05","Sumay","15.09.05.2007","Tuo Sumay"
"15","Jambi","15.09","Kabupaten Tebo","15.09.05","Sumay","15.09.05.2008","Teriti"
"15","Jambi","15.09","Kabupaten Tebo","15.09.05","Sumay","15.09.05.2009","Suo-Suo"
"15","Jambi","15.09","Kabupaten Tebo","15.09.05","Sumay","15.09.05.2010","Muara Sekalo"
"15","Jambi","15.09","Kabupaten Tebo","15.09.05","Sumay","15.09.05.2011","Semambu"
"15","Jambi","15.09","Kabupaten Tebo","15.09.05","Sumay","15.09.05.2012","Pemayungan"
"15","Jambi","15.09","Kabupaten Tebo","15.09.06","VII Koto","15.09.06.2001","Tanjung Pucuk Jambi"
"15","Jambi","15.09","Kabupaten Tebo","15.09.06","VII Koto","15.09.06.2002","Kuamang"
"15","Jambi","15.09","Kabupaten Tebo","15.09.06","VII Koto","15.09.06.2003","Teluk Kayu Putih"
"15","Jambi","15.09","Kabupaten Tebo","15.09.06","VII Koto","15.09.06.2004","Sungai Abang"
"15","Jambi","15.09","Kabupaten Tebo","15.09.06","VII Koto","15.09.06.2005","Aur Cino"
"15","Jambi","15.09","Kabupaten Tebo","15.09.06","VII Koto","15.09.06.2007","Muara Niro"
"15","Jambi","15.09","Kabupaten Tebo","15.09.06","VII Koto","15.09.06.2013","Teluk Lancang"
"15","Jambi","15.09","Kabupaten Tebo","15.09.06","VII Koto","15.09.06.2014","Dusun Baru"
"15","Jambi","15.09","Kabupaten Tebo","15.09.06","VII Koto","15.09.06.2015","Tabun"
"15","Jambi","15.09","Kabupaten Tebo","15.09.06","VII Koto","15.09.06.2016","Muara Tabun"
"15","Jambi","15.09","Kabupaten Tebo","15.09.07","Rimbo Ulu","15.09.07.2001","Suka Damai"
"15","Jambi","15.09","Kabupaten Tebo","15.09.07","Rimbo Ulu","15.09.07.2002","Wana Reja"
"15","Jambi","15.09","Kabupaten Tebo","15.09.07","Rimbo Ulu","15.09.07.2003","Sumber Sari"
"15","Jambi","15.09","Kabupaten Tebo","15.09.07","Rimbo Ulu","15.09.07.2004","Sido Rukun"
"15","Jambi","15.09","Kabupaten Tebo","15.09.07","Rimbo Ulu","15.09.07.2005","Sungai Pandan"
"15","Jambi","15.09","Kabupaten Tebo","15.09.07","Rimbo Ulu","15.09.07.2006","Suka Maju"
"15","Jambi","15.09","Kabupaten Tebo","15.09.07","Rimbo Ulu","15.09.07.2007","Mekar Sari"
"15","Jambi","15.09","Kabupaten Tebo","15.09.07","Rimbo Ulu","15.09.07.2008","Wana Arum"
"15","Jambi","15.09","Kabupaten Tebo","15.09.07","Rimbo Ulu","15.09.07.2009","Wana Mulya"
"15","Jambi","15.09","Kabupaten Tebo","15.09.07","Rimbo Ulu","15.09.07.2010","Damai Makmur"
"15","Jambi","15.09","Kabupaten Tebo","15.09.07","Rimbo Ulu","15.09.07.2011","Suka Jaya"
"15","Jambi","15.09","Kabupaten Tebo","15.09.07","Rimbo Ulu","15.09.07.2012","Sido Mulyo"
"15","Jambi","15.09","Kabupaten Tebo","15.09.08","Rimbo Ilir","15.09.08.2001","Giriwinangun"
"15","Jambi","15.09","Kabupaten Tebo","15.09.08","Rimbo Ilir","15.09.08.2002","Sidorejo"
"15","Jambi","15.09","Kabupaten Tebo","15.09.08","Rimbo Ilir","15.09.08.2003","Pulung Rejo"
"15","Jambi","15.09","Kabupaten Tebo","15.09.08","Rimbo Ilir","15.09.08.2004","Karang Dadi"
"15","Jambi","15.09","Kabupaten Tebo","15.09.08","Rimbo Ilir","15.09.08.2005","Giri Purno"
"15","Jambi","15.09","Kabupaten Tebo","15.09.08","Rimbo Ilir","15.09.08.2006","Sumber Agung"
"15","Jambi","15.09","Kabupaten Tebo","15.09.08","Rimbo Ilir","15.09.08.2007","Sari Mulya"
"15","Jambi","15.09","Kabupaten Tebo","15.09.08","Rimbo Ilir","15.09.08.2008","Sepakat Bersatu"
"15","Jambi","15.09","Kabupaten Tebo","15.09.08","Rimbo Ilir","15.09.08.2009","Rantau Kembang"
"15","Jambi","15.09","Kabupaten Tebo","15.09.08","Rimbo Ilir","15.09.08.2010","Giri Mulyo"
"15","Jambi","15.09","Kabupaten Tebo","15.09.09","Tengah Ilir","15.09.09.2001","Muara Kilis"
"15","Jambi","15.09","Kabupaten Tebo","15.09.09","Tengah Ilir","15.09.09.2002","Penapalan"
"15","Jambi","15.09","Kabupaten Tebo","15.09.09","Tengah Ilir","15.09.09.2003","Mengupeh"
"15","Jambi","15.09","Kabupaten Tebo","15.09.09","Tengah Ilir","15.09.09.2004","Rantau Api"
"15","Jambi","15.09","Kabupaten Tebo","15.09.09","Tengah Ilir","15.09.09.2005","Lubuk Mandarsah"
"15","Jambi","15.09","Kabupaten Tebo","15.09.09","Tengah Ilir","15.09.09.2006","Lubuk Mandarsah Ulu"
"15","Jambi","15.09","Kabupaten Tebo","15.09.10","Serai Serumpun","15.09.10.2001","Pinang Belai"
"15","Jambi","15.09","Kabupaten Tebo","15.09.10","Serai Serumpun","15.09.10.2002","Sekutur Jaya"
"15","Jambi","15.09","Kabupaten Tebo","15.09.10","Serai Serumpun","15.09.10.2003","Bukit Pemuatan"
"15","Jambi","15.09","Kabupaten Tebo","15.09.10","Serai Serumpun","15.09.10.2004","Napal Putih"
"15","Jambi","15.09","Kabupaten Tebo","15.09.10","Serai Serumpun","15.09.10.2005","Sako Makmur"
"15","Jambi","15.09","Kabupaten Tebo","15.09.10","Serai Serumpun","15.09.10.2006","Pagar Puding Lamo"
"15","Jambi","15.09","Kabupaten Tebo","15.09.10","Serai Serumpun","15.09.10.2007","Tanjung Aur Seberang"
"15","Jambi","15.09","Kabupaten Tebo","15.09.10","Serai Serumpun","15.09.10.2008","Teluk Melintang"
"15","Jambi","15.09","Kabupaten Tebo","15.09.11","VII Koto Ilir","15.09.11.2001","Teluk Kepayang Pulau Indah"
"15","Jambi","15.09","Kabupaten Tebo","15.09.11","VII Koto Ilir","15.09.11.2002","Balai Rajo"
"15","Jambi","15.09","Kabupaten Tebo","15.09.11","VII Koto Ilir","15.09.11.2003","Cermin Alam"
"15","Jambi","15.09","Kabupaten Tebo","15.09.11","VII Koto Ilir","15.09.11.2004","Sungai Karang"
"15","Jambi","15.09","Kabupaten Tebo","15.09.11","VII Koto Ilir","15.09.11.2005","Paseban"
"15","Jambi","15.09","Kabupaten Tebo","15.09.11","VII Koto Ilir","15.09.11.2006","Pasir Mayang"
"15","Jambi","15.09","Kabupaten Tebo","15.09.12","Muara Tabir","15.09.12.2001","Tanah Garo"
"15","Jambi","15.09","Kabupaten Tebo","15.09.12","Muara Tabir","15.09.12.2002","Pintas Tuo"
"15","Jambi","15.09","Kabupaten Tebo","15.09.12","Muara Tabir","15.09.12.2003","Embacang Gedang"
"15","Jambi","15.09","Kabupaten Tebo","15.09.12","Muara Tabir","15.09.12.2004","Bangun Seranten"
"15","Jambi","15.09","Kabupaten Tebo","15.09.12","Muara Tabir","15.09.12.2005","Tambun Arang"
"15","Jambi","15.09","Kabupaten Tebo","15.09.12","Muara Tabir","15.09.12.2006","Sungai Jernih"
"15","Jambi","15.09","Kabupaten Tebo","15.09.12","Muara Tabir","15.09.12.2007","Bangko Pintas"
"15","Jambi","15.09","Kabupaten Tebo","15.09.12","Muara Tabir","15.09.12.2008","Olak Kemang"
"15","Jambi","15.71","Kota Jambi","15.71.01","Telanaipura","15.71.01.1001","Simpang IV Sipin"
"15","Jambi","15.71","Kota Jambi","15.71.01","Telanaipura","15.71.01.1002","Buluran Kenali"
"15","Jambi","15.71","Kota Jambi","15.71.01","Telanaipura","15.71.01.1003","Teluk Kenali"
"15","Jambi","15.71","Kota Jambi","15.71.01","Telanaipura","15.71.01.1004","Telanaipura"
"15","Jambi","15.71","Kota Jambi","15.71.01","Telanaipura","15.71.01.1010","Penyengat Rendah"
"15","Jambi","15.71","Kota Jambi","15.71.01","Telanaipura","15.71.01.1011","Pematang Sulur"
"15","Jambi","15.71","Kota Jambi","15.71.01","Telanaipura","15.71.01.1012","Aur Kenali"
"15","Jambi","15.71","Kota Jambi","15.71.02","Jambi Selatan","15.71.02.1002","Pasir Putih"
"15","Jambi","15.71","Kota Jambi","15.71.02","Jambi Selatan","15.71.02.1003","Tambak Sari"
"15","Jambi","15.71","Kota Jambi","15.71.02","Jambi Selatan","15.71.02.1004","Thehok"
"15","Jambi","15.71","Kota Jambi","15.71.02","Jambi Selatan","15.71.02.1005","Wijaya Pura"
"15","Jambi","15.71","Kota Jambi","15.71.02","Jambi Selatan","15.71.02.1006","Pakuan Baru"
"15","Jambi","15.71","Kota Jambi","15.71.03","Jambi Timur","15.71.03.1001","Sijenjang"
"15","Jambi","15.71","Kota Jambi","15.71.03","Jambi Timur","15.71.03.1002","Kasang Jaya"
"15","Jambi","15.71","Kota Jambi","15.71.03","Jambi Timur","15.71.03.1003","Talang Banjar"
"15","Jambi","15.71","Kota Jambi","15.71.03","Jambi Timur","15.71.03.1004","Budiman"
"15","Jambi","15.71","Kota Jambi","15.71.03","Jambi Timur","15.71.03.1005","Sulanjana"
"15","Jambi","15.71","Kota Jambi","15.71.03","Jambi Timur","15.71.03.1006","Kasang"
"15","Jambi","15.71","Kota Jambi","15.71.03","Jambi Timur","15.71.03.1007","Tanjung Sari"
"15","Jambi","15.71","Kota Jambi","15.71.03","Jambi Timur","15.71.03.1008","Rajawali"
"15","Jambi","15.71","Kota Jambi","15.71.03","Jambi Timur","15.71.03.1010","Tanjung Pinang"
"15","Jambi","15.71","Kota Jambi","15.71.04","Pasar Jambi","15.71.04.1001","Beringin"
"15","Jambi","15.71","Kota Jambi","15.71.04","Pasar Jambi","15.71.04.1002","Orang Kayo Hitam"
"15","Jambi","15.71","Kota Jambi","15.71.04","Pasar Jambi","15.71.04.1003","Pasar Jambi"
"15","Jambi","15.71","Kota Jambi","15.71.04","Pasar Jambi","15.71.04.1004","Sungai Asam"
"15","Jambi","15.71","Kota Jambi","15.71.05","Pelayangan","15.71.05.1001","Arab Melayu"
"15","Jambi","15.71","Kota Jambi","15.71.05","Pelayangan","15.71.05.1002","Mudung Laut"
"15","Jambi","15.71","Kota Jambi","15.71.05","Pelayangan","15.71.05.1003","Jelmu"
"15","Jambi","15.71","Kota Jambi","15.71.05","Pelayangan","15.71.05.1004","Tengah"
"15","Jambi","15.71","Kota Jambi","15.71.05","Pelayangan","15.71.05.1005","Tahtul Yaman"
"15","Jambi","15.71","Kota Jambi","15.71.05","Pelayangan","15.71.05.1006","Tanjung Johor"
"15","Jambi","15.71","Kota Jambi","15.71.06","Danau Teluk","15.71.06.1001","Pasir Panjang"
"15","Jambi","15.71","Kota Jambi","15.71.06","Danau Teluk","15.71.06.1002","Tanjung Raden"
"15","Jambi","15.71","Kota Jambi","15.71.06","Danau Teluk","15.71.06.1003","Olak Kemang"
"15","Jambi","15.71","Kota Jambi","15.71.06","Danau Teluk","15.71.06.1004","Tanjung Pasir"
"15","Jambi","15.71","Kota Jambi","15.71.06","Danau Teluk","15.71.06.1005","Ulu Gedong"
"15","Jambi","15.71","Kota Jambi","15.71.07","Kota Baru","15.71.07.1001","Suka Karya"
"15","Jambi","15.71","Kota Jambi","15.71.07","Kota Baru","15.71.07.1002","Simpang III Sipin"
"15","Jambi","15.71","Kota Jambi","15.71.07","Kota Baru","15.71.07.1004","Paal Lima"
"15","Jambi","15.71","Kota Jambi","15.71.07","Kota Baru","15.71.07.1005","Kenali Asam Bawah"
"15","Jambi","15.71","Kota Jambi","15.71.07","Kota Baru","15.71.07.1006","Kenali Asam Atas"
"15","Jambi","15.71","Kota Jambi","15.71.07","Kota Baru","15.71.07.1011","Talang Gulo"
"15","Jambi","15.71","Kota Jambi","15.71.07","Kota Baru","15.71.07.1012","Kenali Asam"
"15","Jambi","15.71","Kota Jambi","15.71.08","Jelutung","15.71.08.1001","Talang Jauh"
"15","Jambi","15.71","Kota Jambi","15.71.08","Jelutung","15.71.08.1002","Cempaka Putih"
"15","Jambi","15.71","Kota Jambi","15.71.08","Jelutung","15.71.08.1003","Kebun Handil"
"15","Jambi","15.71","Kota Jambi","15.71.08","Jelutung","15.71.08.1004","Lebak Bandung"
"15","Jambi","15.71","Kota Jambi","15.71.08","Jelutung","15.71.08.1005","Payo Lebar"
"15","Jambi","15.71","Kota Jambi","15.71.08","Jelutung","15.71.08.1006","Jelutung"
"15","Jambi","15.71","Kota Jambi","15.71.08","Jelutung","15.71.08.1007","Handil Jaya"
"15","Jambi","15.71","Kota Jambi","15.71.09","Alam Barajo","15.71.09.1001","Kenali Besar"
"15","Jambi","15.71","Kota Jambi","15.71.09","Alam Barajo","15.71.09.1002","Rawa Sari"
"15","Jambi","15.71","Kota Jambi","15.71.09","Alam Barajo","15.71.09.1003","Mayang Mangurai"
"15","Jambi","15.71","Kota Jambi","15.71.09","Alam Barajo","15.71.09.1004","Bagan Pete"
"15","Jambi","15.71","Kota Jambi","15.71.09","Alam Barajo","15.71.09.1005","Beliung"
"15","Jambi","15.71","Kota Jambi","15.71.09","Alam Barajo","15.71.09.1006","Simpang Rimbo"
"15","Jambi","15.71","Kota Jambi","15.71.09","Alam Barajo","15.71.09.1007","Pinang Merah"
"15","Jambi","15.71","Kota Jambi","15.71.10","Danau Sipin","15.71.10.1001","Sungai Putri"
"15","Jambi","15.71","Kota Jambi","15.71.10","Danau Sipin","15.71.10.1002","Murni"
"15","Jambi","15.71","Kota Jambi","15.71.10","Danau Sipin","15.71.10.1003","Legok"
"15","Jambi","15.71","Kota Jambi","15.71.10","Danau Sipin","15.71.10.1004","Selamat"
"15","Jambi","15.71","Kota Jambi","15.71.10","Danau Sipin","15.71.10.1005","Solok Sipin"
"15","Jambi","15.71","Kota Jambi","15.71.11","Paal Merah","15.71.11.1001","Talang Bakung"
"15","Jambi","15.71","Kota Jambi","15.71.11","Paal Merah","15.71.11.1002","Payo Selincah"
"15","Jambi","15.71","Kota Jambi","15.71.11","Paal Merah","15.71.11.1003","Eka Jaya"
"15","Jambi","15.71","Kota Jambi","15.71.11","Paal Merah","15.71.11.1004","Lingkar Selatan"
"15","Jambi","15.71","Kota Jambi","15.71.11","Paal Merah","15.71.11.1005","Paal Merah"
"15","Jambi","15.71","Kota Jambi","15.71.11","Paal Merah","15.71.11.1006","Bakung Jaya"
"15","Jambi","15.72","Kota Sungai Penuh","15.72.01","Sungai Penuh","15.72.01.1001","Sungai Penuh"
"15","Jambi","15.72","Kota Sungai Penuh","15.72.01","Sungai Penuh","15.72.01.1003","Pasar Sungai Penuh"
"15","Jambi","15.72","Kota Sungai Penuh","15.72.01","Sungai Penuh","15.72.01.2004","Pasar Baru"
"15","Jambi","15.72","Kota Sungai Penuh","15.72.01","Sungai Penuh","15.72.01.2006","Gedang"
"15","Jambi","15.72","Kota Sungai Penuh","15.72.01","Sungai Penuh","15.72.01.2014","Amar Sakti"
"15","Jambi","15.72","Kota Sungai Penuh","15.72.02","Pesisir Bukit","15.72.02.2001","Koto Renah"
"15","Jambi","15.72","Kota Sungai Penuh","15.72.02","Pesisir Bukit","15.72.02.2002","Koto Keras"
"15","Jambi","15.72","Kota Sungai Penuh","15.72.02","Pesisir Bukit","15.72.02.2003","Koto Bento"
"15","Jambi","15.72","Kota Sungai Penuh","15.72.02","Pesisir Bukit","15.72.02.2004","Koto Lolo"
"15","Jambi","15.72","Kota Sungai Penuh","15.72.02","Pesisir Bukit","15.72.02.2005","Koto Tengah"
"15","Jambi","15.72","Kota Sungai Penuh","15.72.02","Pesisir Bukit","15.72.02.2008","Koto Duo"
"15","Jambi","15.72","Kota Sungai Penuh","15.72.02","Pesisir Bukit","15.72.02.2010","Sungai Liuk"
"15","Jambi","15.72","Kota Sungai Penuh","15.72.02","Pesisir Bukit","15.72.02.2011","Seberang"
"15","Jambi","15.72","Kota Sungai Penuh","15.72.02","Pesisir Bukit","15.72.02.2015","Sumur Gedang"
"15","Jambi","15.72","Kota Sungai Penuh","15.72.03","Hamparan Rawang","15.72.03.2001","Kampung Diilir"
"15","Jambi","15.72","Kota Sungai Penuh","15.72.03","Hamparan Rawang","15.72.03.2002","Koto Beringin"
"15","Jambi","15.72","Kota Sungai Penuh","15.72.03","Hamparan Rawang","15.72.03.2003","Maliki Air"
"15","Jambi","15.72","Kota Sungai Penuh","15.72.03","Hamparan Rawang","15.72.03.2004","Tanjung"
"15","Jambi","15.72","Kota Sungai Penuh","15.72.03","Hamparan Rawang","15.72.03.2005","Koto Teluk"
"15","Jambi","15.72","Kota Sungai Penuh","15.72.03","Hamparan Rawang","15.72.03.2006","Kampung Dalam"
"15","Jambi","15.72","Kota Sungai Penuh","15.72.03","Hamparan Rawang","15.72.03.2007","Simpang Tiga Rawang"
"15","Jambi","15.72","Kota Sungai Penuh","15.72.03","Hamparan Rawang","15.72.03.2008","Larik Kemahan"
"15","Jambi","15.72","Kota Sungai Penuh","15.72.03","Hamparan Rawang","15.72.03.2009","Dusun Diilir"
"15","Jambi","15.72","Kota Sungai Penuh","15.72.03","Hamparan Rawang","15.72.03.2010","Paling Serumpun"
"15","Jambi","15.72","Kota Sungai Penuh","15.72.03","Hamparan Rawang","15.72.03.2011","Koto Dian"
"15","Jambi","15.72","Kota Sungai Penuh","15.72.03","Hamparan Rawang","15.72.03.2012","Tanjung Muda"
"15","Jambi","15.72","Kota Sungai Penuh","15.72.03","Hamparan Rawang","15.72.03.2013","Cempaka"
"15","Jambi","15.72","Kota Sungai Penuh","15.72.04","Tanah Kampung","15.72.04.2001","Baru Debai"
"15","Jambi","15.72","Kota Sungai Penuh","15.72.04","Tanah Kampung","15.72.04.2002","Pendung Hiang"
"15","Jambi","15.72","Kota Sungai Penuh","15.72.04","Tanah Kampung","15.72.04.2003","Koto Pudung"
"15","Jambi","15.72","Kota Sungai Penuh","15.72.04","Tanah Kampung","15.72.04.2004","Koto Dumo"
"15","Jambi","15.72","Kota Sungai Penuh","15.72.04","Tanah Kampung","15.72.04.2005","Sembilan"
"15","Jambi","15.72","Kota Sungai Penuh","15.72.04","Tanah Kampung","15.72.04.2006","Koto Tuo"
"15","Jambi","15.72","Kota Sungai Penuh","15.72.04","Tanah Kampung","15.72.04.2007","Koto Panap"
"15","Jambi","15.72","Kota Sungai Penuh","15.72.04","Tanah Kampung","15.72.04.2008","Koto Tengah"
"15","Jambi","15.72","Kota Sungai Penuh","15.72.04","Tanah Kampung","15.72.04.2009","Tanjung Bunga"
"15","Jambi","15.72","Kota Sungai Penuh","15.72.04","Tanah Kampung","15.72.04.2010","Koto Padang"
"15","Jambi","15.72","Kota Sungai Penuh","15.72.04","Tanah Kampung","15.72.04.2011","Tanjung Karang"
"15","Jambi","15.72","Kota Sungai Penuh","15.72.04","Tanah Kampung","15.72.04.2012","Kt. Baru Tanah Kampung"
"15","Jambi","15.72","Kota Sungai Penuh","15.72.04","Tanah Kampung","15.72.04.2013","Mekar Jaya"
"15","Jambi","15.72","Kota Sungai Penuh","15.72.05","Kumun Debai","15.72.05.2001","Kumun Hilir"
"15","Jambi","15.72","Kota Sungai Penuh","15.72.05","Kumun Debai","15.72.05.2002","Kumun Mudik"
"15","Jambi","15.72","Kota Sungai Penuh","15.72.05","Kumun Debai","15.72.05.2003","Air Teluh"
"15","Jambi","15.72","Kota Sungai Penuh","15.72.05","Kumun Debai","15.72.05.2004","Sandaran Galeh"
"15","Jambi","15.72","Kota Sungai Penuh","15.72.05","Kumun Debai","15.72.05.2005","Debai"
"15","Jambi","15.72","Kota Sungai Penuh","15.72.05","Kumun Debai","15.72.05.2006","Pinggir Air"
"15","Jambi","15.72","Kota Sungai Penuh","15.72.05","Kumun Debai","15.72.05.2007","Renah Kayu Embun"
"15","Jambi","15.72","Kota Sungai Penuh","15.72.05","Kumun Debai","15.72.05.2008","Ulu Air"
"15","Jambi","15.72","Kota Sungai Penuh","15.72.05","Kumun Debai","15.72.05.2009","Muara Jaya"
"15","Jambi","15.72","Kota Sungai Penuh","15.72.06","Pondok Tinggi","15.72.06.1008","Pondok Tinggi"
"15","Jambi","15.72","Kota Sungai Penuh","15.72.06","Pondok Tinggi","15.72.06.2001","Sungai Jernih"
"15","Jambi","15.72","Kota Sungai Penuh","15.72.06","Pondok Tinggi","15.72.06.2002","Aur Duri"
"15","Jambi","15.72","Kota Sungai Penuh","15.72.06","Pondok Tinggi","15.72.06.2003","Pondok Agung"
"15","Jambi","15.72","Kota Sungai Penuh","15.72.06","Pondok Tinggi","15.72.06.2004","Permanti"
"15","Jambi","15.72","Kota Sungai Penuh","15.72.06","Pondok Tinggi","15.72.06.2005","Lawang Agung"
"15","Jambi","15.72","Kota Sungai Penuh","15.72.06","Pondok Tinggi","15.72.06.2006","Karya Bakti"
"15","Jambi","15.72","Kota Sungai Penuh","15.72.06","Pondok Tinggi","15.72.06.2007","Koto Lebu"
"15","Jambi","15.72","Kota Sungai Penuh","15.72.07","Koto Baru","15.72.07.2001","Koto Baru"
"15","Jambi","15.72","Kota Sungai Penuh","15.72.07","Koto Baru","15.72.07.2002","Koto Limau Manis"
"15","Jambi","15.72","Kota Sungai Penuh","15.72.07","Koto Baru","15.72.07.2003","Kampung Tengah"
"15","Jambi","15.72","Kota Sungai Penuh","15.72.07","Koto Baru","15.72.07.2004","Dujung Sakti"
"15","Jambi","15.72","Kota Sungai Penuh","15.72.07","Koto Baru","15.72.07.2005","Permai Indah"
"15","Jambi","15.72","Kota Sungai Penuh","15.72.07","Koto Baru","15.72.07.2006","Srimenanti"
"15","Jambi","15.72","Kota Sungai Penuh","15.72.08","Sungai Bungkal","15.72.08.1005","Dusun Baru"
"15","Jambi","15.72","Kota Sungai Penuh","15.72.08","Sungai Bungkal","15.72.08.2001","Sumur Anyir"
"15","Jambi","15.72","Kota Sungai Penuh","15.72.08","Sungai Bungkal","15.72.08.2002","Koto Tinggi"
"15","Jambi","15.72","Kota Sungai Penuh","15.72.08","Sungai Bungkal","15.72.08.2003","Talang Lindung"
"15","Jambi","15.72","Kota Sungai Penuh","15.72.08","Sungai Bungkal","15.72.08.2004","Pelayang Raya"
"15","Jambi","15.72","Kota Sungai Penuh","15.72.08","Sungai Bungkal","15.72.08.2006","Sungai Ning"
