province_code,province_name,regency_code,regency_name,district_code,district_name,village_code,village_name
"16","Sumatera Selatan","16.01","Kabupaten Ogan Komering Ulu","16.01.07","Sosoh Buay Rayap","16.01.07.2001","Negeri Sindang"
"16","Sumatera Selatan","16.01","Kabupaten Ogan Komering Ulu","16.01.07","Sosoh Buay Rayap","16.01.07.2002","Rantau Kumpai"
"16","Sumatera Selatan","16.01","Kabupaten Ogan Komering Ulu","16.01.07","Sosoh Buay Rayap","16.01.07.2003","Lubuk Baru"
"16","Sumatera Selatan","16.01","Kabupaten Ogan Komering Ulu","16.01.07","Sosoh Buay Rayap","16.01.07.2004","Kungkilan"
"16","Sumatera Selatan","16.01","Kabupaten Ogan Komering Ulu","16.01.07","Sosoh Buay Rayap","16.01.07.2005","Penyandingan"
"16","Sumatera Selatan","16.01","Kabupaten Ogan Komering Ulu","16.01.07","Sosoh Buay Rayap","16.01.07.2006","Bandar"
"16","Sumatera Selatan","16.01","Kabupaten Ogan Komering Ulu","16.01.07","Sosoh Buay Rayap","16.01.07.2007","Lubuk Leban"
"16","Sumatera Selatan","16.01","Kabupaten Ogan Komering Ulu","16.01.07","Sosoh Buay Rayap","16.01.07.2008","Tungku Jaya"
"16","Sumatera Selatan","16.01","Kabupaten Ogan Komering Ulu","16.01.07","Sosoh Buay Rayap","16.01.07.2009","Mekar Sari"
"16","Sumatera Selatan","16.01","Kabupaten Ogan Komering Ulu","16.01.07","Sosoh Buay Rayap","16.01.07.2010","Mekar Jaya"
"16","Sumatera Selatan","16.01","Kabupaten Ogan Komering Ulu","16.01.07","Sosoh Buay Rayap","16.01.07.2011","Penantian"
"16","Sumatera Selatan","16.01","Kabupaten Ogan Komering Ulu","16.01.08","Pengandonan","16.01.08.2001","Gunung Meraksa"
"16","Sumatera Selatan","16.01","Kabupaten Ogan Komering Ulu","16.01.08","Pengandonan","16.01.08.2003","Tanjung Pura"
"16","Sumatera Selatan","16.01","Kabupaten Ogan Komering Ulu","16.01.08","Pengandonan","16.01.08.2004","Tanjung Sari"
"16","Sumatera Selatan","16.01","Kabupaten Ogan Komering Ulu","16.01.08","Pengandonan","16.01.08.2005","Tangsi Lontar"
"16","Sumatera Selatan","16.01","Kabupaten Ogan Komering Ulu","16.01.08","Pengandonan","16.01.08.2006","Belambangan"
"16","Sumatera Selatan","16.01","Kabupaten Ogan Komering Ulu","16.01.08","Pengandonan","16.01.08.2007","Kesambirata"
"16","Sumatera Selatan","16.01","Kabupaten Ogan Komering Ulu","16.01.08","Pengandonan","16.01.08.2008","Gunung Liwat"
"16","Sumatera Selatan","16.01","Kabupaten Ogan Komering Ulu","16.01.08","Pengandonan","16.01.08.2015","Pengandonan"
"16","Sumatera Selatan","16.01","Kabupaten Ogan Komering Ulu","16.01.08","Pengandonan","16.01.08.2016","Semanding"
"16","Sumatera Selatan","16.01","Kabupaten Ogan Komering Ulu","16.01.08","Pengandonan","16.01.08.2017","Tanjungan"
"16","Sumatera Selatan","16.01","Kabupaten Ogan Komering Ulu","16.01.08","Pengandonan","16.01.08.2018","Ujanmas"
"16","Sumatera Selatan","16.01","Kabupaten Ogan Komering Ulu","16.01.08","Pengandonan","16.01.08.2019","Gunung Kuripan"
"16","Sumatera Selatan","16.01","Kabupaten Ogan Komering Ulu","16.01.09","Peninjauan","16.01.09.2001","Kepayang"
"16","Sumatera Selatan","16.01","Kabupaten Ogan Komering Ulu","16.01.09","Peninjauan","16.01.09.2002","Kedondong"
"16","Sumatera Selatan","16.01","Kabupaten Ogan Komering Ulu","16.01.09","Peninjauan","16.01.09.2003","Belimbing"
"16","Sumatera Selatan","16.01","Kabupaten Ogan Komering Ulu","16.01.09","Peninjauan","16.01.09.2004","Durian"
"16","Sumatera Selatan","16.01","Kabupaten Ogan Komering Ulu","16.01.09","Peninjauan","16.01.09.2006","Lubuk Rukam"
"16","Sumatera Selatan","16.01","Kabupaten Ogan Komering Ulu","16.01.09","Peninjauan","16.01.09.2007","Bindu"
"16","Sumatera Selatan","16.01","Kabupaten Ogan Komering Ulu","16.01.09","Peninjauan","16.01.09.2009","Mendala"
"16","Sumatera Selatan","16.01","Kabupaten Ogan Komering Ulu","16.01.09","Peninjauan","16.01.09.2010","Peninjauan"
"16","Sumatera Selatan","16.01","Kabupaten Ogan Komering Ulu","16.01.09","Peninjauan","16.01.09.2011","Saung Naga"
"16","Sumatera Selatan","16.01","Kabupaten Ogan Komering Ulu","16.01.09","Peninjauan","16.01.09.2022","Makartitama"
"16","Sumatera Selatan","16.01","Kabupaten Ogan Komering Ulu","16.01.09","Peninjauan","16.01.09.2023","Espetiga"
"16","Sumatera Selatan","16.01","Kabupaten Ogan Komering Ulu","16.01.09","Peninjauan","16.01.09.2024","Makarti Jaya"
"16","Sumatera Selatan","16.01","Kabupaten Ogan Komering Ulu","16.01.09","Peninjauan","16.01.09.2025","Mitra Kencana"
"16","Sumatera Selatan","16.01","Kabupaten Ogan Komering Ulu","16.01.09","Peninjauan","16.01.09.2026","Penilikan"
"16","Sumatera Selatan","16.01","Kabupaten Ogan Komering Ulu","16.01.09","Peninjauan","16.01.09.2027","Panji Jaya"
"16","Sumatera Selatan","16.01","Kabupaten Ogan Komering Ulu","16.01.09","Peninjauan","16.01.09.2028","Karang Dapo"
"16","Sumatera Selatan","16.01","Kabupaten Ogan Komering Ulu","16.01.13","Baturaja Barat","16.01.13.1003","Tanjungagung"
"16","Sumatera Selatan","16.01","Kabupaten Ogan Komering Ulu","16.01.13","Baturaja Barat","16.01.13.1004","Saung Naga"
"16","Sumatera Selatan","16.01","Kabupaten Ogan Komering Ulu","16.01.13","Baturaja Barat","16.01.13.1005","Talang Jawa"
"16","Sumatera Selatan","16.01","Kabupaten Ogan Komering Ulu","16.01.13","Baturaja Barat","16.01.13.1007","Batu Kuning"
"16","Sumatera Selatan","16.01","Kabupaten Ogan Komering Ulu","16.01.13","Baturaja Barat","16.01.13.1011","Air Gading"
"16","Sumatera Selatan","16.01","Kabupaten Ogan Komering Ulu","16.01.13","Baturaja Barat","16.01.13.2001","Batu Putih"
"16","Sumatera Selatan","16.01","Kabupaten Ogan Komering Ulu","16.01.13","Baturaja Barat","16.01.13.2002","Laya"
"16","Sumatera Selatan","16.01","Kabupaten Ogan Komering Ulu","16.01.13","Baturaja Barat","16.01.13.2006","Pusar"
"16","Sumatera Selatan","16.01","Kabupaten Ogan Komering Ulu","16.01.13","Baturaja Barat","16.01.13.2008","Karang Agung"
"16","Sumatera Selatan","16.01","Kabupaten Ogan Komering Ulu","16.01.13","Baturaja Barat","16.01.13.2009","Karang Endah"
"16","Sumatera Selatan","16.01","Kabupaten Ogan Komering Ulu","16.01.13","Baturaja Barat","16.01.13.2010","Tanjung Karang"
"16","Sumatera Selatan","16.01","Kabupaten Ogan Komering Ulu","16.01.13","Baturaja Barat","16.01.13.2012","Sukamaju"
"16","Sumatera Selatan","16.01","Kabupaten Ogan Komering Ulu","16.01.14","Baturaja Timur","16.01.14.1001","Baturaja Lama"
"16","Sumatera Selatan","16.01","Kabupaten Ogan Komering Ulu","16.01.14","Baturaja Timur","16.01.14.1003","Pasar Baru"
"16","Sumatera Selatan","16.01","Kabupaten Ogan Komering Ulu","16.01.14","Baturaja Timur","16.01.14.1004","Kemalaraja"
"16","Sumatera Selatan","16.01","Kabupaten Ogan Komering Ulu","16.01.14","Baturaja Timur","16.01.14.1005","Sukaraya"
"16","Sumatera Selatan","16.01","Kabupaten Ogan Komering Ulu","16.01.14","Baturaja Timur","16.01.14.1006","Sukajadi"
"16","Sumatera Selatan","16.01","Kabupaten Ogan Komering Ulu","16.01.14","Baturaja Timur","16.01.14.1011","Kemelak Bindung Langit"
"16","Sumatera Selatan","16.01","Kabupaten Ogan Komering Ulu","16.01.14","Baturaja Timur","16.01.14.1012","Sepancar Lawang Kulon"
"16","Sumatera Selatan","16.01","Kabupaten Ogan Komering Ulu","16.01.14","Baturaja Timur","16.01.14.1013","Baturaja Permai"
"16","Sumatera Selatan","16.01","Kabupaten Ogan Komering Ulu","16.01.14","Baturaja Timur","16.01.14.1014","Sekar Jaya"
"16","Sumatera Selatan","16.01","Kabupaten Ogan Komering Ulu","16.01.14","Baturaja Timur","16.01.14.2007","Tanjung Kemala"
"16","Sumatera Selatan","16.01","Kabupaten Ogan Komering Ulu","16.01.14","Baturaja Timur","16.01.14.2008","Tanjung Baru"
"16","Sumatera Selatan","16.01","Kabupaten Ogan Komering Ulu","16.01.14","Baturaja Timur","16.01.14.2015","Air Paoh"
"16","Sumatera Selatan","16.01","Kabupaten Ogan Komering Ulu","16.01.14","Baturaja Timur","16.01.14.2016","Terusan"
"16","Sumatera Selatan","16.01","Kabupaten Ogan Komering Ulu","16.01.20","Ulu Ogan","16.01.20.2001","Kelumpang"
"16","Sumatera Selatan","16.01","Kabupaten Ogan Komering Ulu","16.01.20","Ulu Ogan","16.01.20.2002","Gunung Tiga"
"16","Sumatera Selatan","16.01","Kabupaten Ogan Komering Ulu","16.01.20","Ulu Ogan","16.01.20.2003","Mendingin"
"16","Sumatera Selatan","16.01","Kabupaten Ogan Komering Ulu","16.01.20","Ulu Ogan","16.01.20.2004","Ulak Lebar"
"16","Sumatera Selatan","16.01","Kabupaten Ogan Komering Ulu","16.01.20","Ulu Ogan","16.01.20.2005","Pedataran"
"16","Sumatera Selatan","16.01","Kabupaten Ogan Komering Ulu","16.01.20","Ulu Ogan","16.01.20.2006","Sukajadi"
"16","Sumatera Selatan","16.01","Kabupaten Ogan Komering Ulu","16.01.20","Ulu Ogan","16.01.20.2007","Belandang"
"16","Sumatera Selatan","16.01","Kabupaten Ogan Komering Ulu","16.01.21","Semidang Aji","16.01.21.2001","Tanjung Kurung"
"16","Sumatera Selatan","16.01","Kabupaten Ogan Komering Ulu","16.01.21","Semidang Aji","16.01.21.2002","Sukarami"
"16","Sumatera Selatan","16.01","Kabupaten Ogan Komering Ulu","16.01.21","Semidang Aji","16.01.21.2003","Batanghari"
"16","Sumatera Selatan","16.01","Kabupaten Ogan Komering Ulu","16.01.21","Semidang Aji","16.01.21.2004","Nyiur Sayak"
"16","Sumatera Selatan","16.01","Kabupaten Ogan Komering Ulu","16.01.21","Semidang Aji","16.01.21.2005","Suka Merindu"
"16","Sumatera Selatan","16.01","Kabupaten Ogan Komering Ulu","16.01.21","Semidang Aji","16.01.21.2006","Padang Bindu"
"16","Sumatera Selatan","16.01","Kabupaten Ogan Komering Ulu","16.01.21","Semidang Aji","16.01.21.2007","Panggal Panggang"
"16","Sumatera Selatan","16.01","Kabupaten Ogan Komering Ulu","16.01.21","Semidang Aji","16.01.21.2008","Bedegung"
"16","Sumatera Selatan","16.01","Kabupaten Ogan Komering Ulu","16.01.21","Semidang Aji","16.01.21.2009","Ulak Pandan"
"16","Sumatera Selatan","16.01","Kabupaten Ogan Komering Ulu","16.01.21","Semidang Aji","16.01.21.2010","Keban Agung"
"16","Sumatera Selatan","16.01","Kabupaten Ogan Komering Ulu","16.01.21","Semidang Aji","16.01.21.2011","Tubohan"
"16","Sumatera Selatan","16.01","Kabupaten Ogan Komering Ulu","16.01.21","Semidang Aji","16.01.21.2012","Raksa Jiwa"
"16","Sumatera Selatan","16.01","Kabupaten Ogan Komering Ulu","16.01.21","Semidang Aji","16.01.21.2013","Seleman"
"16","Sumatera Selatan","16.01","Kabupaten Ogan Komering Ulu","16.01.21","Semidang Aji","16.01.21.2014","Kebun Jati"
"16","Sumatera Selatan","16.01","Kabupaten Ogan Komering Ulu","16.01.21","Semidang Aji","16.01.21.2015","Singapura"
"16","Sumatera Selatan","16.01","Kabupaten Ogan Komering Ulu","16.01.21","Semidang Aji","16.01.21.2016","Pengaringan"
"16","Sumatera Selatan","16.01","Kabupaten Ogan Komering Ulu","16.01.21","Semidang Aji","16.01.21.2017","Banjarsari"
"16","Sumatera Selatan","16.01","Kabupaten Ogan Komering Ulu","16.01.21","Semidang Aji","16.01.21.2018","Pandan Dulang"
"16","Sumatera Selatan","16.01","Kabupaten Ogan Komering Ulu","16.01.21","Semidang Aji","16.01.21.2020","Panai Makmur"
"16","Sumatera Selatan","16.01","Kabupaten Ogan Komering Ulu","16.01.21","Semidang Aji","16.01.21.2021","Guna Makmur"
"16","Sumatera Selatan","16.01","Kabupaten Ogan Komering Ulu","16.01.21","Semidang Aji","16.01.21.2022","Tebing Kampung"
"16","Sumatera Selatan","16.01","Kabupaten Ogan Komering Ulu","16.01.22","Lubuk Batang","16.01.22.2001","Merbau"
"16","Sumatera Selatan","16.01","Kabupaten Ogan Komering Ulu","16.01.22","Lubuk Batang","16.01.22.2002","Gunung Meraksa"
"16","Sumatera Selatan","16.01","Kabupaten Ogan Komering Ulu","16.01.22","Lubuk Batang","16.01.22.2003","Kurup"
"16","Sumatera Selatan","16.01","Kabupaten Ogan Komering Ulu","16.01.22","Lubuk Batang","16.01.22.2004","Banu Ayu"
"16","Sumatera Selatan","16.01","Kabupaten Ogan Komering Ulu","16.01.22","Lubuk Batang","16.01.22.2005","Tanjung Dalam"
"16","Sumatera Selatan","16.01","Kabupaten Ogan Komering Ulu","16.01.22","Lubuk Batang","16.01.22.2006","Lubuk Batang Baru"
"16","Sumatera Selatan","16.01","Kabupaten Ogan Komering Ulu","16.01.22","Lubuk Batang","16.01.22.2007","Lubuk Batang Lama"
"16","Sumatera Selatan","16.01","Kabupaten Ogan Komering Ulu","16.01.22","Lubuk Batang","16.01.22.2008","Belatung"
"16","Sumatera Selatan","16.01","Kabupaten Ogan Komering Ulu","16.01.22","Lubuk Batang","16.01.22.2009","Karta Mulya"
"16","Sumatera Selatan","16.01","Kabupaten Ogan Komering Ulu","16.01.22","Lubuk Batang","16.01.22.2010","Lunggaian"
"16","Sumatera Selatan","16.01","Kabupaten Ogan Komering Ulu","16.01.22","Lubuk Batang","16.01.22.2011","Bandar Agung"
"16","Sumatera Selatan","16.01","Kabupaten Ogan Komering Ulu","16.01.22","Lubuk Batang","16.01.22.2012","Tanjung Manggus"
"16","Sumatera Selatan","16.01","Kabupaten Ogan Komering Ulu","16.01.22","Lubuk Batang","16.01.22.2015","Markisa"
"16","Sumatera Selatan","16.01","Kabupaten Ogan Komering Ulu","16.01.22","Lubuk Batang","16.01.22.2016","Air Wall"
"16","Sumatera Selatan","16.01","Kabupaten Ogan Komering Ulu","16.01.22","Lubuk Batang","16.01.22.2017","Sumber Bahagia"
"16","Sumatera Selatan","16.01","Kabupaten Ogan Komering Ulu","16.01.28","Lengkiti","16.01.28.2001","Bandar Jaya"
"16","Sumatera Selatan","16.01","Kabupaten Ogan Komering Ulu","16.01.28","Lengkiti","16.01.28.2002","Karang Endah"
"16","Sumatera Selatan","16.01","Kabupaten Ogan Komering Ulu","16.01.28","Lengkiti","16.01.28.2003","Pajar Bulan"
"16","Sumatera Selatan","16.01","Kabupaten Ogan Komering Ulu","16.01.28","Lengkiti","16.01.28.2004","Pagar Dewa"
"16","Sumatera Selatan","16.01","Kabupaten Ogan Komering Ulu","16.01.28","Lengkiti","16.01.28.2005","Bumi Kawa"
"16","Sumatera Selatan","16.01","Kabupaten Ogan Komering Ulu","16.01.28","Lengkiti","16.01.28.2006","Tanjunglengkayap"
"16","Sumatera Selatan","16.01","Kabupaten Ogan Komering Ulu","16.01.28","Lengkiti","16.01.28.2007","Lubuk Dalam"
"16","Sumatera Selatan","16.01","Kabupaten Ogan Komering Ulu","16.01.28","Lengkiti","16.01.28.2008","Negeri Ratu"
"16","Sumatera Selatan","16.01","Kabupaten Ogan Komering Ulu","16.01.28","Lengkiti","16.01.28.2009","Segara Kembang"
"16","Sumatera Selatan","16.01","Kabupaten Ogan Komering Ulu","16.01.28","Lengkiti","16.01.28.2010","Tihang"
"16","Sumatera Selatan","16.01","Kabupaten Ogan Komering Ulu","16.01.28","Lengkiti","16.01.28.2011","Lubuk Hara"
"16","Sumatera Selatan","16.01","Kabupaten Ogan Komering Ulu","16.01.28","Lengkiti","16.01.28.2012","Sukaraja"
"16","Sumatera Selatan","16.01","Kabupaten Ogan Komering Ulu","16.01.28","Lengkiti","16.01.28.2013","Negeri Agung"
"16","Sumatera Selatan","16.01","Kabupaten Ogan Komering Ulu","16.01.28","Lengkiti","16.01.28.2014","Gedung Pekuon"
"16","Sumatera Selatan","16.01","Kabupaten Ogan Komering Ulu","16.01.28","Lengkiti","16.01.28.2015","Tualang"
"16","Sumatera Selatan","16.01","Kabupaten Ogan Komering Ulu","16.01.28","Lengkiti","16.01.28.2016","Sundan"
"16","Sumatera Selatan","16.01","Kabupaten Ogan Komering Ulu","16.01.28","Lengkiti","16.01.28.2017","Bunga Tanjung"
"16","Sumatera Selatan","16.01","Kabupaten Ogan Komering Ulu","16.01.28","Lengkiti","16.01.28.2018","Way Heling"
"16","Sumatera Selatan","16.01","Kabupaten Ogan Komering Ulu","16.01.28","Lengkiti","16.01.28.2019","Umpam"
"16","Sumatera Selatan","16.01","Kabupaten Ogan Komering Ulu","16.01.28","Lengkiti","16.01.28.2020","Fajar Jaya"
"16","Sumatera Selatan","16.01","Kabupaten Ogan Komering Ulu","16.01.28","Lengkiti","16.01.28.2021","Simpang Empat"
"16","Sumatera Selatan","16.01","Kabupaten Ogan Komering Ulu","16.01.28","Lengkiti","16.01.28.2022","Tanjungagung"
"16","Sumatera Selatan","16.01","Kabupaten Ogan Komering Ulu","16.01.29","Sinar Peninjauan","16.01.29.2001","Karya Jaya"
"16","Sumatera Selatan","16.01","Kabupaten Ogan Komering Ulu","16.01.29","Sinar Peninjauan","16.01.29.2002","Karya Mukti"
"16","Sumatera Selatan","16.01","Kabupaten Ogan Komering Ulu","16.01.29","Sinar Peninjauan","16.01.29.2003","Marga Bakti"
"16","Sumatera Selatan","16.01","Kabupaten Ogan Komering Ulu","16.01.29","Sinar Peninjauan","16.01.29.2004","Sri Mulya"
"16","Sumatera Selatan","16.01","Kabupaten Ogan Komering Ulu","16.01.29","Sinar Peninjauan","16.01.29.2005","Marga Mulya"
"16","Sumatera Selatan","16.01","Kabupaten Ogan Komering Ulu","16.01.29","Sinar Peninjauan","16.01.29.2006","Tanjung Makmur"
"16","Sumatera Selatan","16.01","Kabupaten Ogan Komering Ulu","16.01.30","Lubuk Raja","16.01.30.2001","Batu Marta I"
"16","Sumatera Selatan","16.01","Kabupaten Ogan Komering Ulu","16.01.30","Lubuk Raja","16.01.30.2002","Batu Marta II"
"16","Sumatera Selatan","16.01","Kabupaten Ogan Komering Ulu","16.01.30","Lubuk Raja","16.01.30.2003","Lekis Rejo"
"16","Sumatera Selatan","16.01","Kabupaten Ogan Komering Ulu","16.01.30","Lubuk Raja","16.01.30.2004","Lubuk Banjar"
"16","Sumatera Selatan","16.01","Kabupaten Ogan Komering Ulu","16.01.30","Lubuk Raja","16.01.30.2005","Marta Jaya"
"16","Sumatera Selatan","16.01","Kabupaten Ogan Komering Ulu","16.01.30","Lubuk Raja","16.01.30.2006","Batu Raden"
"16","Sumatera Selatan","16.01","Kabupaten Ogan Komering Ulu","16.01.30","Lubuk Raja","16.01.30.2007","Battu Winangun"
"16","Sumatera Selatan","16.01","Kabupaten Ogan Komering Ulu","16.01.31","Muara Jaya","16.01.31.2001","Kemala Jaya"
"16","Sumatera Selatan","16.01","Kabupaten Ogan Komering Ulu","16.01.31","Muara Jaya","16.01.31.2002","Lontar"
"16","Sumatera Selatan","16.01","Kabupaten Ogan Komering Ulu","16.01.31","Muara Jaya","16.01.31.2003","Muara Saeh"
"16","Sumatera Selatan","16.01","Kabupaten Ogan Komering Ulu","16.01.31","Muara Jaya","16.01.31.2004","Lubuk Tupak"
"16","Sumatera Selatan","16.01","Kabupaten Ogan Komering Ulu","16.01.31","Muara Jaya","16.01.31.2005","Beringin"
"16","Sumatera Selatan","16.01","Kabupaten Ogan Komering Ulu","16.01.31","Muara Jaya","16.01.31.2006","Surau"
"16","Sumatera Selatan","16.01","Kabupaten Ogan Komering Ulu","16.01.31","Muara Jaya","16.01.31.2007","Karang Lantang"
"16","Sumatera Selatan","16.01","Kabupaten Ogan Komering Ulu","16.01.32","Kedaton Peninjauan Raya","16.01.32.2001","Bunglai"
"16","Sumatera Selatan","16.01","Kabupaten Ogan Komering Ulu","16.01.32","Kedaton Peninjauan Raya","16.01.32.2002","Kedaton"
"16","Sumatera Selatan","16.01","Kabupaten Ogan Komering Ulu","16.01.32","Kedaton Peninjauan Raya","16.01.32.2003","Kampai"
"16","Sumatera Selatan","16.01","Kabupaten Ogan Komering Ulu","16.01.32","Kedaton Peninjauan Raya","16.01.32.2004","Rantau Panjang"
"16","Sumatera Selatan","16.01","Kabupaten Ogan Komering Ulu","16.01.32","Kedaton Peninjauan Raya","16.01.32.2005","Kedaton Timur"
"16","Sumatera Selatan","16.01","Kabupaten Ogan Komering Ulu","16.01.32","Kedaton Peninjauan Raya","16.01.32.2006","Suka Pindah"
"16","Sumatera Selatan","16.01","Kabupaten Ogan Komering Ulu","16.01.32","Kedaton Peninjauan Raya","16.01.32.2007","Sinar Kedaton"
"16","Sumatera Selatan","16.01","Kabupaten Ogan Komering Ulu","16.01.32","Kedaton Peninjauan Raya","16.01.32.2008","Lubuk Kemiling"
"16","Sumatera Selatan","16.02","Kabupaten Ogan Komering Ilir","16.02.02","Tanjung Lubuk","16.02.02.1011","Tanjung Lubuk"
"16","Sumatera Selatan","16.02","Kabupaten Ogan Komering Ilir","16.02.02","Tanjung Lubuk","16.02.02.2001","Ulak Kapal"
"16","Sumatera Selatan","16.02","Kabupaten Ogan Komering Ilir","16.02.02","Tanjung Lubuk","16.02.02.2002","Tanjung Merindu"
"16","Sumatera Selatan","16.02","Kabupaten Ogan Komering Ilir","16.02.02","Tanjung Lubuk","16.02.02.2003","Tanjung Baru"
"16","Sumatera Selatan","16.02","Kabupaten Ogan Komering Ilir","16.02.02","Tanjung Lubuk","16.02.02.2004","Seritanjung"
"16","Sumatera Selatan","16.02","Kabupaten Ogan Komering Ilir","16.02.02","Tanjung Lubuk","16.02.02.2005","Pengaraian"
"16","Sumatera Selatan","16.02","Kabupaten Ogan Komering Ilir","16.02.02","Tanjung Lubuk","16.02.02.2006","Sukarami"
"16","Sumatera Selatan","16.02","Kabupaten Ogan Komering Ilir","16.02.02","Tanjung Lubuk","16.02.02.2008","Sukamulya"
"16","Sumatera Selatan","16.02","Kabupaten Ogan Komering Ilir","16.02.02","Tanjung Lubuk","16.02.02.2010","Pulau Gemantung"
"16","Sumatera Selatan","16.02","Kabupaten Ogan Komering Ilir","16.02.02","Tanjung Lubuk","16.02.02.2012","Bumiagung"
"16","Sumatera Selatan","16.02","Kabupaten Ogan Komering Ilir","16.02.02","Tanjung Lubuk","16.02.02.2013","Kotabumi"
"16","Sumatera Selatan","16.02","Kabupaten Ogan Komering Ilir","16.02.02","Tanjung Lubuk","16.02.02.2014","Tanjung Beringin"
"16","Sumatera Selatan","16.02","Kabupaten Ogan Komering Ilir","16.02.02","Tanjung Lubuk","16.02.02.2015","Tanjung Laga"
"16","Sumatera Selatan","16.02","Kabupaten Ogan Komering Ilir","16.02.02","Tanjung Lubuk","16.02.02.2016","Tanjung Laut"
"16","Sumatera Selatan","16.02","Kabupaten Ogan Komering Ilir","16.02.02","Tanjung Lubuk","16.02.02.2017","Ulak Balam"
"16","Sumatera Selatan","16.02","Kabupaten Ogan Komering Ilir","16.02.02","Tanjung Lubuk","16.02.02.2018","Jambu Ilir"
"16","Sumatera Selatan","16.02","Kabupaten Ogan Komering Ilir","16.02.02","Tanjung Lubuk","16.02.02.2031","Jukdadak"
"16","Sumatera Selatan","16.02","Kabupaten Ogan Komering Ilir","16.02.02","Tanjung Lubuk","16.02.02.2032","Atar Balam"
"16","Sumatera Selatan","16.02","Kabupaten Ogan Komering Ilir","16.02.02","Tanjung Lubuk","16.02.02.2033","Tanjung Harapan"
"16","Sumatera Selatan","16.02","Kabupaten Ogan Komering Ilir","16.02.02","Tanjung Lubuk","16.02.02.2034","Pulau Gemantung Ilir"
"16","Sumatera Selatan","16.02","Kabupaten Ogan Komering Ilir","16.02.02","Tanjung Lubuk","16.02.02.2035","Pulau Gemantung Ulu"
"16","Sumatera Selatan","16.02","Kabupaten Ogan Komering Ilir","16.02.02","Tanjung Lubuk","16.02.02.2036","Pulau Gemantung Darat"
"16","Sumatera Selatan","16.02","Kabupaten Ogan Komering Ilir","16.02.03","Pedamaran","16.02.03.2002","Pedamaran VI"
"16","Sumatera Selatan","16.02","Kabupaten Ogan Komering Ilir","16.02.03","Pedamaran","16.02.03.2003","Pedamaran V"
"16","Sumatera Selatan","16.02","Kabupaten Ogan Komering Ilir","16.02.03","Pedamaran","16.02.03.2004","Pedamaran IV"
"16","Sumatera Selatan","16.02","Kabupaten Ogan Komering Ilir","16.02.03","Pedamaran","16.02.03.2005","Pedamaran III"
"16","Sumatera Selatan","16.02","Kabupaten Ogan Komering Ilir","16.02.03","Pedamaran","16.02.03.2006","Pedamaran II"
"16","Sumatera Selatan","16.02","Kabupaten Ogan Komering Ilir","16.02.03","Pedamaran","16.02.03.2007","Pedamaran I"
"16","Sumatera Selatan","16.02","Kabupaten Ogan Komering Ilir","16.02.03","Pedamaran","16.02.03.2008","Cinta Jaya"
"16","Sumatera Selatan","16.02","Kabupaten Ogan Komering Ilir","16.02.03","Pedamaran","16.02.03.2009","Sukadamai"
"16","Sumatera Selatan","16.02","Kabupaten Ogan Komering Ilir","16.02.03","Pedamaran","16.02.03.2010","Serinanti"
"16","Sumatera Selatan","16.02","Kabupaten Ogan Komering Ilir","16.02.03","Pedamaran","16.02.03.2011","Sukaraja"
"16","Sumatera Selatan","16.02","Kabupaten Ogan Komering Ilir","16.02.03","Pedamaran","16.02.03.2017","Burnai Timur"
"16","Sumatera Selatan","16.02","Kabupaten Ogan Komering Ilir","16.02.03","Pedamaran","16.02.03.2018","Suka Pulih"
"16","Sumatera Selatan","16.02","Kabupaten Ogan Komering Ilir","16.02.03","Pedamaran","16.02.03.2019","Menang Raya"
"16","Sumatera Selatan","16.02","Kabupaten Ogan Komering Ilir","16.02.03","Pedamaran","16.02.03.2021","Lebuh Rarak"
"16","Sumatera Selatan","16.02","Kabupaten Ogan Komering Ilir","16.02.04","Mesuji","16.02.04.2001","Pematang Panggang"
"16","Sumatera Selatan","16.02","Kabupaten Ogan Komering Ilir","16.02.04","Mesuji","16.02.04.2002","Sungai Sodong"
"16","Sumatera Selatan","16.02","Kabupaten Ogan Komering Ilir","16.02.04","Mesuji","16.02.04.2005","Pagar Dewa"
"16","Sumatera Selatan","16.02","Kabupaten Ogan Komering Ilir","16.02.04","Mesuji","16.02.04.2006","Surya Adi"
"16","Sumatera Selatan","16.02","Kabupaten Ogan Komering Ilir","16.02.04","Mesuji","16.02.04.2007","Makarti Mulya"
"16","Sumatera Selatan","16.02","Kabupaten Ogan Komering Ilir","16.02.04","Mesuji","16.02.04.2008","Marga Bakti"
"16","Sumatera Selatan","16.02","Kabupaten Ogan Komering Ilir","16.02.04","Mesuji","16.02.04.2009","Jaya Bakti"
"16","Sumatera Selatan","16.02","Kabupaten Ogan Komering Ilir","16.02.04","Mesuji","16.02.04.2025","Sukamukti"
"16","Sumatera Selatan","16.02","Kabupaten Ogan Komering Ilir","16.02.04","Mesuji","16.02.04.2026","Mekar Wangi"
"16","Sumatera Selatan","16.02","Kabupaten Ogan Komering Ilir","16.02.04","Mesuji","16.02.04.2035","Karya Mukti"
"16","Sumatera Selatan","16.02","Kabupaten Ogan Komering Ilir","16.02.04","Mesuji","16.02.04.2037","Kalideras"
"16","Sumatera Selatan","16.02","Kabupaten Ogan Komering Ilir","16.02.04","Mesuji","16.02.04.2038","Sumber Deras"
"16","Sumatera Selatan","16.02","Kabupaten Ogan Komering Ilir","16.02.04","Mesuji","16.02.04.2047","Kembang Jajar"
"16","Sumatera Selatan","16.02","Kabupaten Ogan Komering Ilir","16.02.04","Mesuji","16.02.04.2050","Kota Baru"
"16","Sumatera Selatan","16.02","Kabupaten Ogan Komering Ilir","16.02.04","Mesuji","16.02.04.2051","Sido Basuki"
"16","Sumatera Selatan","16.02","Kabupaten Ogan Komering Ilir","16.02.04","Mesuji","16.02.04.2052","Pematang Kasih"
"16","Sumatera Selatan","16.02","Kabupaten Ogan Komering Ilir","16.02.04","Mesuji","16.02.04.2053","Labuhan Jaya"
"16","Sumatera Selatan","16.02","Kabupaten Ogan Komering Ilir","16.02.05","Kayu Agung","16.02.05.1001","Jua-jua"
"16","Sumatera Selatan","16.02","Kabupaten Ogan Komering Ilir","16.02.05","Kayu Agung","16.02.05.1002","Kayuagung"
"16","Sumatera Selatan","16.02","Kabupaten Ogan Komering Ilir","16.02.05","Kayu Agung","16.02.05.1003","Sidakersa"
"16","Sumatera Selatan","16.02","Kabupaten Ogan Komering Ilir","16.02.05","Kayu Agung","16.02.05.1004","Cintaraja"
"16","Sumatera Selatan","16.02","Kabupaten Ogan Komering Ilir","16.02.05","Kayu Agung","16.02.05.1005","Mangun Jaya"
"16","Sumatera Selatan","16.02","Kabupaten Ogan Komering Ilir","16.02.05","Kayu Agung","16.02.05.1006","Paku"
"16","Sumatera Selatan","16.02","Kabupaten Ogan Komering Ilir","16.02.05","Kayu Agung","16.02.05.1007","Kedaton"
"16","Sumatera Selatan","16.02","Kabupaten Ogan Komering Ilir","16.02.05","Kayu Agung","16.02.05.1008","Sukadana"
"16","Sumatera Selatan","16.02","Kabupaten Ogan Komering Ilir","16.02.05","Kayu Agung","16.02.05.1009","Perigi"
"16","Sumatera Selatan","16.02","Kabupaten Ogan Komering Ilir","16.02.05","Kayu Agung","16.02.05.1010","Kutaraja"
"16","Sumatera Selatan","16.02","Kabupaten Ogan Komering Ilir","16.02.05","Kayu Agung","16.02.05.1025","Tanjung Rancing"
"16","Sumatera Selatan","16.02","Kabupaten Ogan Komering Ilir","16.02.05","Kayu Agung","16.02.05.2011","Kijang Ulu"
"16","Sumatera Selatan","16.02","Kabupaten Ogan Komering Ilir","16.02.05","Kayu Agung","16.02.05.2012","Muarabaru"
"16","Sumatera Selatan","16.02","Kabupaten Ogan Komering Ilir","16.02.05","Kayu Agung","16.02.05.2013","Tanjung Lubuk"
"16","Sumatera Selatan","16.02","Kabupaten Ogan Komering Ilir","16.02.05","Kayu Agung","16.02.05.2014","Arisan Buntal"
"16","Sumatera Selatan","16.02","Kabupaten Ogan Komering Ilir","16.02.05","Kayu Agung","16.02.05.2015","Celikah"
"16","Sumatera Selatan","16.02","Kabupaten Ogan Komering Ilir","16.02.05","Kayu Agung","16.02.05.2016","Banding Anyar"
"16","Sumatera Selatan","16.02","Kabupaten Ogan Komering Ilir","16.02.05","Kayu Agung","16.02.05.2017","Buluh Cawang"
"16","Sumatera Selatan","16.02","Kabupaten Ogan Komering Ilir","16.02.05","Kayu Agung","16.02.05.2018","Lubuk Dalam"
"16","Sumatera Selatan","16.02","Kabupaten Ogan Komering Ilir","16.02.05","Kayu Agung","16.02.05.2019","Anyar"
"16","Sumatera Selatan","16.02","Kabupaten Ogan Komering Ilir","16.02.05","Kayu Agung","16.02.05.2020","Tanjung Menang"
"16","Sumatera Selatan","16.02","Kabupaten Ogan Komering Ilir","16.02.05","Kayu Agung","16.02.05.2021","Teloko"
"16","Sumatera Selatan","16.02","Kabupaten Ogan Komering Ilir","16.02.05","Kayu Agung","16.02.05.2022","Tanjung Serang"
"16","Sumatera Selatan","16.02","Kabupaten Ogan Komering Ilir","16.02.05","Kayu Agung","16.02.05.2023","Serigeni Baru"
"16","Sumatera Selatan","16.02","Kabupaten Ogan Komering Ilir","16.02.05","Kayu Agung","16.02.05.2024","Serigeni"
"16","Sumatera Selatan","16.02","Kabupaten Ogan Komering Ilir","16.02.08","Sirah Pulau Padang","16.02.08.2001","Tanjung Alai"
"16","Sumatera Selatan","16.02","Kabupaten Ogan Komering Ilir","16.02.08","Sirah Pulau Padang","16.02.08.2002","Batu Ampar"
"16","Sumatera Selatan","16.02","Kabupaten Ogan Komering Ilir","16.02.08","Sirah Pulau Padang","16.02.08.2003","Awal Terusan"
"16","Sumatera Selatan","16.02","Kabupaten Ogan Komering Ilir","16.02.08","Sirah Pulau Padang","16.02.08.2004","Ulak Jermun"
"16","Sumatera Selatan","16.02","Kabupaten Ogan Komering Ilir","16.02.08","Sirah Pulau Padang","16.02.08.2005","Mangun Jaya"
"16","Sumatera Selatan","16.02","Kabupaten Ogan Komering Ilir","16.02.08","Sirah Pulau Padang","16.02.08.2006","Terusan Menang"
"16","Sumatera Selatan","16.02","Kabupaten Ogan Komering Ilir","16.02.08","Sirah Pulau Padang","16.02.08.2007","Belanti"
"16","Sumatera Selatan","16.02","Kabupaten Ogan Komering Ilir","16.02.08","Sirah Pulau Padang","16.02.08.2008","Terate"
"16","Sumatera Selatan","16.02","Kabupaten Ogan Komering Ilir","16.02.08","Sirah Pulau Padang","16.02.08.2009","Rengas Pitu"
"16","Sumatera Selatan","16.02","Kabupaten Ogan Komering Ilir","16.02.08","Sirah Pulau Padang","16.02.08.2010","Pantai"
"16","Sumatera Selatan","16.02","Kabupaten Ogan Komering Ilir","16.02.08","Sirah Pulau Padang","16.02.08.2011","Sirah Pulau Padang"
"16","Sumatera Selatan","16.02","Kabupaten Ogan Komering Ilir","16.02.08","Sirah Pulau Padang","16.02.08.2012","Serdang Menang"
"16","Sumatera Selatan","16.02","Kabupaten Ogan Komering Ilir","16.02.08","Sirah Pulau Padang","16.02.08.2013","Bungin Tinggi"
"16","Sumatera Selatan","16.02","Kabupaten Ogan Komering Ilir","16.02.08","Sirah Pulau Padang","16.02.08.2014","Penyandingan"
"16","Sumatera Selatan","16.02","Kabupaten Ogan Komering Ilir","16.02.08","Sirah Pulau Padang","16.02.08.2015","Berkat"
"16","Sumatera Selatan","16.02","Kabupaten Ogan Komering Ilir","16.02.08","Sirah Pulau Padang","16.02.08.2016","Sukaraja"
"16","Sumatera Selatan","16.02","Kabupaten Ogan Komering Ilir","16.02.08","Sirah Pulau Padang","16.02.08.2017","Pematang Buluran"
"16","Sumatera Selatan","16.02","Kabupaten Ogan Komering Ilir","16.02.08","Sirah Pulau Padang","16.02.08.2018","Rawang Besar"
"16","Sumatera Selatan","16.02","Kabupaten Ogan Komering Ilir","16.02.08","Sirah Pulau Padang","16.02.08.2019","Batu Ampar Baru"
"16","Sumatera Selatan","16.02","Kabupaten Ogan Komering Ilir","16.02.08","Sirah Pulau Padang","16.02.08.2020","Terusan Laut"
"16","Sumatera Selatan","16.02","Kabupaten Ogan Komering Ilir","16.02.11","Tulung Selapan","16.02.11.1016","Tulung Selapan Ulu"
"16","Sumatera Selatan","16.02","Kabupaten Ogan Komering Ilir","16.02.11","Tulung Selapan","16.02.11.2001","Simpang Tiga"
"16","Sumatera Selatan","16.02","Kabupaten Ogan Komering Ilir","16.02.11","Tulung Selapan","16.02.11.2002","Pulau Beruang"
"16","Sumatera Selatan","16.02","Kabupaten Ogan Komering Ilir","16.02.11","Tulung Selapan","16.02.11.2003","Penyandingan"
"16","Sumatera Selatan","16.02","Kabupaten Ogan Komering Ilir","16.02.11","Tulung Selapan","16.02.11.2004","Tanjung Batu"
"16","Sumatera Selatan","16.02","Kabupaten Ogan Komering Ilir","16.02.11","Tulung Selapan","16.02.11.2005","Toman"
"16","Sumatera Selatan","16.02","Kabupaten Ogan Komering Ilir","16.02.11","Tulung Selapan","16.02.11.2006","Cambai"
"16","Sumatera Selatan","16.02","Kabupaten Ogan Komering Ilir","16.02.11","Tulung Selapan","16.02.11.2007","Kayuara"
"16","Sumatera Selatan","16.02","Kabupaten Ogan Komering Ilir","16.02.11","Tulung Selapan","16.02.11.2008","Petaling"
"16","Sumatera Selatan","16.02","Kabupaten Ogan Komering Ilir","16.02.11","Tulung Selapan","16.02.11.2009","Tulung Selapan Ilir"
"16","Sumatera Selatan","16.02","Kabupaten Ogan Komering Ilir","16.02.11","Tulung Selapan","16.02.11.2010","Ujung Tanjung"
"16","Sumatera Selatan","16.02","Kabupaten Ogan Komering Ilir","16.02.11","Tulung Selapan","16.02.11.2011","Lebung Gajah"
"16","Sumatera Selatan","16.02","Kabupaten Ogan Komering Ilir","16.02.11","Tulung Selapan","16.02.11.2012","Lebung Itam"
"16","Sumatera Selatan","16.02","Kabupaten Ogan Komering Ilir","16.02.11","Tulung Selapan","16.02.11.2013","Penanggoan Duren"
"16","Sumatera Selatan","16.02","Kabupaten Ogan Komering Ilir","16.02.11","Tulung Selapan","16.02.11.2014","Jerambah Rengas"
"16","Sumatera Selatan","16.02","Kabupaten Ogan Komering Ilir","16.02.11","Tulung Selapan","16.02.11.2015","Simpang Tiga Makmur"
"16","Sumatera Selatan","16.02","Kabupaten Ogan Komering Ilir","16.02.11","Tulung Selapan","16.02.11.2017","Simpang Tiga Jaya"
"16","Sumatera Selatan","16.02","Kabupaten Ogan Komering Ilir","16.02.11","Tulung Selapan","16.02.11.2018","Simpang Tiga Sakti"
"16","Sumatera Selatan","16.02","Kabupaten Ogan Komering Ilir","16.02.11","Tulung Selapan","16.02.11.2019","Tulung Seluang"
"16","Sumatera Selatan","16.02","Kabupaten Ogan Komering Ilir","16.02.11","Tulung Selapan","16.02.11.2020","Rantau Lurus"
"16","Sumatera Selatan","16.02","Kabupaten Ogan Komering Ilir","16.02.11","Tulung Selapan","16.02.11.2021","Kuala Dua Belas"
"16","Sumatera Selatan","16.02","Kabupaten Ogan Komering Ilir","16.02.11","Tulung Selapan","16.02.11.2022","Simpang Tiga Abadi"
"16","Sumatera Selatan","16.02","Kabupaten Ogan Komering Ilir","16.02.11","Tulung Selapan","16.02.11.2023","Tulung Selapan Timur"
"16","Sumatera Selatan","16.02","Kabupaten Ogan Komering Ilir","16.02.12","Pampangan","16.02.12.2001","Ulak Kemang"
"16","Sumatera Selatan","16.02","Kabupaten Ogan Komering Ilir","16.02.12","Pampangan","16.02.12.2002","Sepang"
"16","Sumatera Selatan","16.02","Kabupaten Ogan Komering Ilir","16.02.12","Pampangan","16.02.12.2003","Keman"
"16","Sumatera Selatan","16.02","Kabupaten Ogan Komering Ilir","16.02.12","Pampangan","16.02.12.2004","Kandis"
"16","Sumatera Selatan","16.02","Kabupaten Ogan Komering Ilir","16.02.12","Pampangan","16.02.12.2005","Ulak Depati"
"16","Sumatera Selatan","16.02","Kabupaten Ogan Komering Ilir","16.02.12","Pampangan","16.02.12.2006","Pulau Layang"
"16","Sumatera Selatan","16.02","Kabupaten Ogan Komering Ilir","16.02.12","Pampangan","16.02.12.2007","Tapus"
"16","Sumatera Selatan","16.02","Kabupaten Ogan Komering Ilir","16.02.12","Pampangan","16.02.12.2008","Pulau Betung"
"16","Sumatera Selatan","16.02","Kabupaten Ogan Komering Ilir","16.02.12","Pampangan","16.02.12.2009","Bangsal"
"16","Sumatera Selatan","16.02","Kabupaten Ogan Komering Ilir","16.02.12","Pampangan","16.02.12.2010","Kuro"
"16","Sumatera Selatan","16.02","Kabupaten Ogan Komering Ilir","16.02.12","Pampangan","16.02.12.2011","Menggeris"
"16","Sumatera Selatan","16.02","Kabupaten Ogan Komering Ilir","16.02.12","Pampangan","16.02.12.2012","Pampangan"
"16","Sumatera Selatan","16.02","Kabupaten Ogan Komering Ilir","16.02.12","Pampangan","16.02.12.2013","Serimenang"
"16","Sumatera Selatan","16.02","Kabupaten Ogan Komering Ilir","16.02.12","Pampangan","16.02.12.2014","Secondong"
"16","Sumatera Selatan","16.02","Kabupaten Ogan Komering Ilir","16.02.12","Pampangan","16.02.12.2015","Jermun"
"16","Sumatera Selatan","16.02","Kabupaten Ogan Komering Ilir","16.02.12","Pampangan","16.02.12.2016","Serdang"
"16","Sumatera Selatan","16.02","Kabupaten Ogan Komering Ilir","16.02.12","Pampangan","16.02.12.2017","Jungkal"
"16","Sumatera Selatan","16.02","Kabupaten Ogan Komering Ilir","16.02.12","Pampangan","16.02.12.2035","Tanjung Kemang"
"16","Sumatera Selatan","16.02","Kabupaten Ogan Komering Ilir","16.02.12","Pampangan","16.02.12.2036","Ulak Pianggu"
"16","Sumatera Selatan","16.02","Kabupaten Ogan Komering Ilir","16.02.12","Pampangan","16.02.12.2037","Ulak Kemang Baru"
"16","Sumatera Selatan","16.02","Kabupaten Ogan Komering Ilir","16.02.12","Pampangan","16.02.12.2038","Keman Baru"
"16","Sumatera Selatan","16.02","Kabupaten Ogan Komering Ilir","16.02.12","Pampangan","16.02.12.2039","Sri Mulya"
"16","Sumatera Selatan","16.02","Kabupaten Ogan Komering Ilir","16.02.13","Lempuing","16.02.13.2005","Tebing Suluh"
"16","Sumatera Selatan","16.02","Kabupaten Ogan Komering Ilir","16.02.13","Lempuing","16.02.13.2006","Cahya Bumi"
"16","Sumatera Selatan","16.02","Kabupaten Ogan Komering Ilir","16.02.13","Lempuing","16.02.13.2007","Kutapandan"
"16","Sumatera Selatan","16.02","Kabupaten Ogan Komering Ilir","16.02.13","Lempuing","16.02.13.2008","Cahaya Maju"
"16","Sumatera Selatan","16.02","Kabupaten Ogan Komering Ilir","16.02.13","Lempuing","16.02.13.2009","Bumiagung"
"16","Sumatera Selatan","16.02","Kabupaten Ogan Komering Ilir","16.02.13","Lempuing","16.02.13.2010","Sumberagung"
"16","Sumatera Selatan","16.02","Kabupaten Ogan Komering Ilir","16.02.13","Lempuing","16.02.13.2011","Tugumulyo"
"16","Sumatera Selatan","16.02","Kabupaten Ogan Komering Ilir","16.02.13","Lempuing","16.02.13.2013","Dabuk Rejo"
"16","Sumatera Selatan","16.02","Kabupaten Ogan Komering Ilir","16.02.13","Lempuing","16.02.13.2014","Suka Mulya"
"16","Sumatera Selatan","16.02","Kabupaten Ogan Komering Ilir","16.02.13","Lempuing","16.02.13.2015","Bumi Arjo"
"16","Sumatera Selatan","16.02","Kabupaten Ogan Komering Ilir","16.02.13","Lempuing","16.02.13.2016","Tulung Harapan"
"16","Sumatera Selatan","16.02","Kabupaten Ogan Komering Ilir","16.02.13","Lempuing","16.02.13.2017","Kepayang"
"16","Sumatera Selatan","16.02","Kabupaten Ogan Komering Ilir","16.02.13","Lempuing","16.02.13.2025","Tugu Jaya"
"16","Sumatera Selatan","16.02","Kabupaten Ogan Komering Ilir","16.02.13","Lempuing","16.02.13.2026","Tugu Agung"
"16","Sumatera Selatan","16.02","Kabupaten Ogan Komering Ilir","16.02.13","Lempuing","16.02.13.2027","Sindang Sari"
"16","Sumatera Selatan","16.02","Kabupaten Ogan Komering Ilir","16.02.13","Lempuing","16.02.13.2028","Mekar Jaya"
"16","Sumatera Selatan","16.02","Kabupaten Ogan Komering Ilir","16.02.13","Lempuing","16.02.13.2034","Bumiarjo Makmur"
"16","Sumatera Selatan","16.02","Kabupaten Ogan Komering Ilir","16.02.13","Lempuing","16.02.13.2035","Cahaya Makmur"
"16","Sumatera Selatan","16.02","Kabupaten Ogan Komering Ilir","16.02.13","Lempuing","16.02.13.2036","Sumber Makmur"
"16","Sumatera Selatan","16.02","Kabupaten Ogan Komering Ilir","16.02.14","Air Sugihan","16.02.14.2001","Tirta Mulya"
"16","Sumatera Selatan","16.02","Kabupaten Ogan Komering Ilir","16.02.14","Air Sugihan","16.02.14.2002","Suka Mulya"
"16","Sumatera Selatan","16.02","Kabupaten Ogan Komering Ilir","16.02.14","Air Sugihan","16.02.14.2003","Jadi Mulya"
"16","Sumatera Selatan","16.02","Kabupaten Ogan Komering Ilir","16.02.14","Air Sugihan","16.02.14.2004","Marga Tani"
"16","Sumatera Selatan","16.02","Kabupaten Ogan Komering Ilir","16.02.14","Air Sugihan","16.02.14.2005","Bandar Jaya"
"16","Sumatera Selatan","16.02","Kabupaten Ogan Komering Ilir","16.02.14","Air Sugihan","16.02.14.2006","Mukti Jaya"
"16","Sumatera Selatan","16.02","Kabupaten Ogan Komering Ilir","16.02.14","Air Sugihan","16.02.14.2007","Srijaya Baru"
"16","Sumatera Selatan","16.02","Kabupaten Ogan Komering Ilir","16.02.14","Air Sugihan","16.02.14.2008","Nusantara"
"16","Sumatera Selatan","16.02","Kabupaten Ogan Komering Ilir","16.02.14","Air Sugihan","16.02.14.2009","Kerta Mukti"
"16","Sumatera Selatan","16.02","Kabupaten Ogan Komering Ilir","16.02.14","Air Sugihan","16.02.14.2010","Nusakerta"
"16","Sumatera Selatan","16.02","Kabupaten Ogan Komering Ilir","16.02.14","Air Sugihan","16.02.14.2011","Banyu Biru"
"16","Sumatera Selatan","16.02","Kabupaten Ogan Komering Ilir","16.02.14","Air Sugihan","16.02.14.2012","Pangkalan Damai"
"16","Sumatera Selatan","16.02","Kabupaten Ogan Komering Ilir","16.02.14","Air Sugihan","16.02.14.2013","Negeri Sakti"
"16","Sumatera Selatan","16.02","Kabupaten Ogan Komering Ilir","16.02.14","Air Sugihan","16.02.14.2014","Rantau Karya"
"16","Sumatera Selatan","16.02","Kabupaten Ogan Komering Ilir","16.02.14","Air Sugihan","16.02.14.2015","Pangkalan Sakti"
"16","Sumatera Selatan","16.02","Kabupaten Ogan Komering Ilir","16.02.14","Air Sugihan","16.02.14.2016","Simpang Heran"
"16","Sumatera Selatan","16.02","Kabupaten Ogan Komering Ilir","16.02.14","Air Sugihan","16.02.14.2017","Rengas Abang"
"16","Sumatera Selatan","16.02","Kabupaten Ogan Komering Ilir","16.02.14","Air Sugihan","16.02.14.2018","Bukit Batu"
"16","Sumatera Selatan","16.02","Kabupaten Ogan Komering Ilir","16.02.14","Air Sugihan","16.02.14.2019","Sungai Batang"
"16","Sumatera Selatan","16.02","Kabupaten Ogan Komering Ilir","16.02.15","Sungai Menang","16.02.15.2001","Sungai Menang"
"16","Sumatera Selatan","16.02","Kabupaten Ogan Komering Ilir","16.02.15","Sungai Menang","16.02.15.2002","Karangsia"
"16","Sumatera Selatan","16.02","Kabupaten Ogan Komering Ilir","16.02.15","Sungai Menang","16.02.15.2003","Sungai Ceper"
"16","Sumatera Selatan","16.02","Kabupaten Ogan Komering Ilir","16.02.15","Sungai Menang","16.02.15.2004","Gajah Mati"
"16","Sumatera Selatan","16.02","Kabupaten Ogan Komering Ilir","16.02.15","Sungai Menang","16.02.15.2005","Sungai Tepuk"
"16","Sumatera Selatan","16.02","Kabupaten Ogan Komering Ilir","16.02.15","Sungai Menang","16.02.15.2006","Sungai Sibur"
"16","Sumatera Selatan","16.02","Kabupaten Ogan Komering Ilir","16.02.15","Sungai Menang","16.02.15.2007","Talang Makmur"
"16","Sumatera Selatan","16.02","Kabupaten Ogan Komering Ilir","16.02.15","Sungai Menang","16.02.15.2008","Harapan Jaya"
"16","Sumatera Selatan","16.02","Kabupaten Ogan Komering Ilir","16.02.15","Sungai Menang","16.02.15.2009","Talang Jaya"
"16","Sumatera Selatan","16.02","Kabupaten Ogan Komering Ilir","16.02.15","Sungai Menang","16.02.15.2010","Sidomulyo"
"16","Sumatera Selatan","16.02","Kabupaten Ogan Komering Ilir","16.02.15","Sungai Menang","16.02.15.2011","Bumi Pratama Mandira"
"16","Sumatera Selatan","16.02","Kabupaten Ogan Komering Ilir","16.02.15","Sungai Menang","16.02.15.2012","Pinang Indah"
"16","Sumatera Selatan","16.02","Kabupaten Ogan Komering Ilir","16.02.15","Sungai Menang","16.02.15.2013","Gajah Makmur"
"16","Sumatera Selatan","16.02","Kabupaten Ogan Komering Ilir","16.02.15","Sungai Menang","16.02.15.2014","Gading Jaya"
"16","Sumatera Selatan","16.02","Kabupaten Ogan Komering Ilir","16.02.15","Sungai Menang","16.02.15.2015","Gajah Mukti"
"16","Sumatera Selatan","16.02","Kabupaten Ogan Komering Ilir","16.02.15","Sungai Menang","16.02.15.2016","Gajah Mulya"
"16","Sumatera Selatan","16.02","Kabupaten Ogan Komering Ilir","16.02.15","Sungai Menang","16.02.15.2017","Sri Gading"
"16","Sumatera Selatan","16.02","Kabupaten Ogan Komering Ilir","16.02.15","Sungai Menang","16.02.15.2018","Gading Mas"
"16","Sumatera Selatan","16.02","Kabupaten Ogan Komering Ilir","16.02.17","Jejawi","16.02.17.2001","Tanjung Aur"
"16","Sumatera Selatan","16.02","Kabupaten Ogan Komering Ilir","16.02.17","Jejawi","16.02.17.2002","Lubuk Ketepeng"
"16","Sumatera Selatan","16.02","Kabupaten Ogan Komering Ilir","16.02.17","Jejawi","16.02.17.2003","Talang Cempedak"
"16","Sumatera Selatan","16.02","Kabupaten Ogan Komering Ilir","16.02.17","Jejawi","16.02.17.2004","Bubusan"
"16","Sumatera Selatan","16.02","Kabupaten Ogan Komering Ilir","16.02.17","Jejawi","16.02.17.2005","Air Itam"
"16","Sumatera Selatan","16.02","Kabupaten Ogan Komering Ilir","16.02.17","Jejawi","16.02.17.2006","Jejawi"
"16","Sumatera Selatan","16.02","Kabupaten Ogan Komering Ilir","16.02.17","Jejawi","16.02.17.2007","Karang Agung"
"16","Sumatera Selatan","16.02","Kabupaten Ogan Komering Ilir","16.02.17","Jejawi","16.02.17.2008","Muara Batun"
"16","Sumatera Selatan","16.02","Kabupaten Ogan Komering Ilir","16.02.17","Jejawi","16.02.17.2009","Lingkis"
"16","Sumatera Selatan","16.02","Kabupaten Ogan Komering Ilir","16.02.17","Jejawi","16.02.17.2010","Terusan Jawa"
"16","Sumatera Selatan","16.02","Kabupaten Ogan Komering Ilir","16.02.17","Jejawi","16.02.17.2011","Tanjung Ali"
"16","Sumatera Selatan","16.02","Kabupaten Ogan Komering Ilir","16.02.17","Jejawi","16.02.17.2012","Sukadarma"
"16","Sumatera Selatan","16.02","Kabupaten Ogan Komering Ilir","16.02.17","Jejawi","16.02.17.2013","Ulak Tembaga"
"16","Sumatera Selatan","16.02","Kabupaten Ogan Komering Ilir","16.02.17","Jejawi","16.02.17.2014","Pedu"
"16","Sumatera Selatan","16.02","Kabupaten Ogan Komering Ilir","16.02.17","Jejawi","16.02.17.2015","Pematang Kijang"
"16","Sumatera Selatan","16.02","Kabupaten Ogan Komering Ilir","16.02.17","Jejawi","16.02.17.2016","Simpang Empat"
"16","Sumatera Selatan","16.02","Kabupaten Ogan Komering Ilir","16.02.17","Jejawi","16.02.17.2017","Padang Bulan"
"16","Sumatera Selatan","16.02","Kabupaten Ogan Komering Ilir","16.02.17","Jejawi","16.02.17.2018","Batun Baru"
"16","Sumatera Selatan","16.02","Kabupaten Ogan Komering Ilir","16.02.17","Jejawi","16.02.17.2019","Danau Ceper"
"16","Sumatera Selatan","16.02","Kabupaten Ogan Komering Ilir","16.02.18","Cengal","16.02.18.2001","Sungai Somor"
"16","Sumatera Selatan","16.02","Kabupaten Ogan Komering Ilir","16.02.18","Cengal","16.02.18.2002","Sungai Lumpur"
"16","Sumatera Selatan","16.02","Kabupaten Ogan Komering Ilir","16.02.18","Cengal","16.02.18.2003","Sungai Jeruju"
"16","Sumatera Selatan","16.02","Kabupaten Ogan Komering Ilir","16.02.18","Cengal","16.02.18.2004","Sungai Ketupak"
"16","Sumatera Selatan","16.02","Kabupaten Ogan Komering Ilir","16.02.18","Cengal","16.02.18.2005","Ulak Kedondong"
"16","Sumatera Selatan","16.02","Kabupaten Ogan Komering Ilir","16.02.18","Cengal","16.02.18.2006","Pelimbangan"
"16","Sumatera Selatan","16.02","Kabupaten Ogan Komering Ilir","16.02.18","Cengal","16.02.18.2007","Cengal"
"16","Sumatera Selatan","16.02","Kabupaten Ogan Komering Ilir","16.02.18","Cengal","16.02.18.2008","Talang Rimba"
"16","Sumatera Selatan","16.02","Kabupaten Ogan Komering Ilir","16.02.18","Cengal","16.02.18.2009","Sungai Pasir"
"16","Sumatera Selatan","16.02","Kabupaten Ogan Komering Ilir","16.02.18","Cengal","16.02.18.2010","Kuala Sungai Jeruju"
"16","Sumatera Selatan","16.02","Kabupaten Ogan Komering Ilir","16.02.18","Cengal","16.02.18.2011","Kuala Sungai Pasir"
"16","Sumatera Selatan","16.02","Kabupaten Ogan Komering Ilir","16.02.18","Cengal","16.02.18.2012","Pantai Harapan"
"16","Sumatera Selatan","16.02","Kabupaten Ogan Komering Ilir","16.02.18","Cengal","16.02.18.2013","Adil Makmur"
"16","Sumatera Selatan","16.02","Kabupaten Ogan Komering Ilir","16.02.18","Cengal","16.02.18.2014","Balam Jeruju"
"16","Sumatera Selatan","16.02","Kabupaten Ogan Komering Ilir","16.02.18","Cengal","16.02.18.2015","Kebun Cabe"
"16","Sumatera Selatan","16.02","Kabupaten Ogan Komering Ilir","16.02.18","Cengal","16.02.18.2016","Lebak Beriang"
"16","Sumatera Selatan","16.02","Kabupaten Ogan Komering Ilir","16.02.18","Cengal","16.02.18.2017","Parit Raya"
"16","Sumatera Selatan","16.02","Kabupaten Ogan Komering Ilir","16.02.19","Pangkalan Lampam","16.02.19.2001","Deling"
"16","Sumatera Selatan","16.02","Kabupaten Ogan Komering Ilir","16.02.19","Pangkalan Lampam","16.02.19.2002","Pangkalan Lampan"
"16","Sumatera Selatan","16.02","Kabupaten Ogan Komering Ilir","16.02.19","Pangkalan Lampam","16.02.19.2003","Lirik"
"16","Sumatera Selatan","16.02","Kabupaten Ogan Komering Ilir","16.02.19","Pangkalan Lampam","16.02.19.2004","Lebung Batang"
"16","Sumatera Selatan","16.02","Kabupaten Ogan Komering Ilir","16.02.19","Pangkalan Lampam","16.02.19.2005","Sungai Bungin"
"16","Sumatera Selatan","16.02","Kabupaten Ogan Komering Ilir","16.02.19","Pangkalan Lampam","16.02.19.2006","Sukaraja"
"16","Sumatera Selatan","16.02","Kabupaten Ogan Komering Ilir","16.02.19","Pangkalan Lampam","16.02.19.2007","Darat"
"16","Sumatera Selatan","16.02","Kabupaten Ogan Komering Ilir","16.02.19","Pangkalan Lampam","16.02.19.2008","Pulauan"
"16","Sumatera Selatan","16.02","Kabupaten Ogan Komering Ilir","16.02.19","Pangkalan Lampam","16.02.19.2009","Riding"
"16","Sumatera Selatan","16.02","Kabupaten Ogan Komering Ilir","16.02.19","Pangkalan Lampam","16.02.19.2010","Sunggutan"
"16","Sumatera Selatan","16.02","Kabupaten Ogan Komering Ilir","16.02.19","Pangkalan Lampam","16.02.19.2011","Suka Damai"
"16","Sumatera Selatan","16.02","Kabupaten Ogan Komering Ilir","16.02.19","Pangkalan Lampam","16.02.19.2012","Air Pedara"
"16","Sumatera Selatan","16.02","Kabupaten Ogan Komering Ilir","16.02.19","Pangkalan Lampam","16.02.19.2013","Rimba Samak"
"16","Sumatera Selatan","16.02","Kabupaten Ogan Komering Ilir","16.02.19","Pangkalan Lampam","16.02.19.2014","Talang Daya"
"16","Sumatera Selatan","16.02","Kabupaten Ogan Komering Ilir","16.02.19","Pangkalan Lampam","16.02.19.2015","Air Rumbai"
"16","Sumatera Selatan","16.02","Kabupaten Ogan Komering Ilir","16.02.19","Pangkalan Lampam","16.02.19.2016","Rambai"
"16","Sumatera Selatan","16.02","Kabupaten Ogan Komering Ilir","16.02.19","Pangkalan Lampam","16.02.19.2017","Perigi"
"16","Sumatera Selatan","16.02","Kabupaten Ogan Komering Ilir","16.02.19","Pangkalan Lampam","16.02.19.2018","Bukit Batu"
"16","Sumatera Selatan","16.02","Kabupaten Ogan Komering Ilir","16.02.19","Pangkalan Lampam","16.02.19.2019","Rawa Tenam"
"16","Sumatera Selatan","16.02","Kabupaten Ogan Komering Ilir","16.02.20","Mesuji Makmur","16.02.20.2001","Catur Tunggal"
"16","Sumatera Selatan","16.02","Kabupaten Ogan Komering Ilir","16.02.20","Mesuji Makmur","16.02.20.2002","Surya Karta"
"16","Sumatera Selatan","16.02","Kabupaten Ogan Komering Ilir","16.02.20","Mesuji Makmur","16.02.20.2003","Tegal Sari"
"16","Sumatera Selatan","16.02","Kabupaten Ogan Komering Ilir","16.02.20","Mesuji Makmur","16.02.20.2004","Mukti Karya"
"16","Sumatera Selatan","16.02","Kabupaten Ogan Komering Ilir","16.02.20","Mesuji Makmur","16.02.20.2005","Pematang Jaya"
"16","Sumatera Selatan","16.02","Kabupaten Ogan Komering Ilir","16.02.20","Mesuji Makmur","16.02.20.2006","Pematang Sukatani"
"16","Sumatera Selatan","16.02","Kabupaten Ogan Komering Ilir","16.02.20","Mesuji Makmur","16.02.20.2007","Kampung Baru"
"16","Sumatera Selatan","16.02","Kabupaten Ogan Komering Ilir","16.02.20","Mesuji Makmur","16.02.20.2008","Cahaya Mas"
"16","Sumatera Selatan","16.02","Kabupaten Ogan Komering Ilir","16.02.20","Mesuji Makmur","16.02.20.2009","Karya Usaha"
"16","Sumatera Selatan","16.02","Kabupaten Ogan Komering Ilir","16.02.20","Mesuji Makmur","16.02.20.2010","Pematang Binatani"
"16","Sumatera Selatan","16.02","Kabupaten Ogan Komering Ilir","16.02.20","Mesuji Makmur","16.02.20.2011","Bina Karsa"
"16","Sumatera Selatan","16.02","Kabupaten Ogan Komering Ilir","16.02.20","Mesuji Makmur","16.02.20.2012","Pematang Sari"
"16","Sumatera Selatan","16.02","Kabupaten Ogan Komering Ilir","16.02.20","Mesuji Makmur","16.02.20.2013","Pematang Sukaramah"
"16","Sumatera Selatan","16.02","Kabupaten Ogan Komering Ilir","16.02.20","Mesuji Makmur","16.02.20.2014","Cahaya Mulya"
"16","Sumatera Selatan","16.02","Kabupaten Ogan Komering Ilir","16.02.20","Mesuji Makmur","16.02.20.2015","Gading Sari"
"16","Sumatera Selatan","16.02","Kabupaten Ogan Komering Ilir","16.02.20","Mesuji Makmur","16.02.20.2017","Karya Jaya"
"16","Sumatera Selatan","16.02","Kabupaten Ogan Komering Ilir","16.02.20","Mesuji Makmur","16.02.20.2018","Mesuji Jaya"
"16","Sumatera Selatan","16.02","Kabupaten Ogan Komering Ilir","16.02.20","Mesuji Makmur","16.02.20.2019","Sumber Mulya"
"16","Sumatera Selatan","16.02","Kabupaten Ogan Komering Ilir","16.02.20","Mesuji Makmur","16.02.20.2020","Beringin Jaya"
"16","Sumatera Selatan","16.02","Kabupaten Ogan Komering Ilir","16.02.21","Mesuji Raya","16.02.21.2001","Embacang"
"16","Sumatera Selatan","16.02","Kabupaten Ogan Komering Ilir","16.02.21","Mesuji Raya","16.02.21.2002","Balian"
"16","Sumatera Selatan","16.02","Kabupaten Ogan Komering Ilir","16.02.21","Mesuji Raya","16.02.21.2003","Sumbu Sari"
"16","Sumatera Selatan","16.02","Kabupaten Ogan Komering Ilir","16.02.21","Mesuji Raya","16.02.21.2004","Suka Sari"
"16","Sumatera Selatan","16.02","Kabupaten Ogan Komering Ilir","16.02.21","Mesuji Raya","16.02.21.2005","Ciptasari"
"16","Sumatera Selatan","16.02","Kabupaten Ogan Komering Ilir","16.02.21","Mesuji Raya","16.02.21.2006","Mataram Jaya"
"16","Sumatera Selatan","16.02","Kabupaten Ogan Komering Ilir","16.02.21","Mesuji Raya","16.02.21.2007","Bumi Makmur"
"16","Sumatera Selatan","16.02","Kabupaten Ogan Komering Ilir","16.02.21","Mesuji Raya","16.02.21.2008","Sumber Baru"
"16","Sumatera Selatan","16.02","Kabupaten Ogan Komering Ilir","16.02.21","Mesuji Raya","16.02.21.2009","Mulya Jaya"
"16","Sumatera Selatan","16.02","Kabupaten Ogan Komering Ilir","16.02.21","Mesuji Raya","16.02.21.2010","Rotan Mulya"
"16","Sumatera Selatan","16.02","Kabupaten Ogan Komering Ilir","16.02.21","Mesuji Raya","16.02.21.2011","Embacang Permai"
"16","Sumatera Selatan","16.02","Kabupaten Ogan Komering Ilir","16.02.21","Mesuji Raya","16.02.21.2012","Gedung Rejo"
"16","Sumatera Selatan","16.02","Kabupaten Ogan Komering Ilir","16.02.21","Mesuji Raya","16.02.21.2013","Kertamukti"
"16","Sumatera Selatan","16.02","Kabupaten Ogan Komering Ilir","16.02.21","Mesuji Raya","16.02.21.2014","Kemang Indah"
"16","Sumatera Selatan","16.02","Kabupaten Ogan Komering Ilir","16.02.21","Mesuji Raya","16.02.21.2015","Balian Makmur"
"16","Sumatera Selatan","16.02","Kabupaten Ogan Komering Ilir","16.02.21","Mesuji Raya","16.02.21.2016","Sedyomulyo"
"16","Sumatera Selatan","16.02","Kabupaten Ogan Komering Ilir","16.02.21","Mesuji Raya","16.02.21.2017","Dabuk Makmur"
"16","Sumatera Selatan","16.02","Kabupaten Ogan Komering Ilir","16.02.22","Lempuing Jaya","16.02.22.2001","Tanjung Sari I"
"16","Sumatera Selatan","16.02","Kabupaten Ogan Komering Ilir","16.02.22","Lempuing Jaya","16.02.22.2002","Lubuk Seberuk"
"16","Sumatera Selatan","16.02","Kabupaten Ogan Komering Ilir","16.02.22","Lempuing Jaya","16.02.22.2003","Rantau Durian I"
"16","Sumatera Selatan","16.02","Kabupaten Ogan Komering Ilir","16.02.22","Lempuing Jaya","16.02.22.2004","Sungai Belida"
"16","Sumatera Selatan","16.02","Kabupaten Ogan Komering Ilir","16.02.22","Lempuing Jaya","16.02.22.2005","Lempuing Indah"
"16","Sumatera Selatan","16.02","Kabupaten Ogan Komering Ilir","16.02.22","Lempuing Jaya","16.02.22.2006","Muktisari"
"16","Sumatera Selatan","16.02","Kabupaten Ogan Komering Ilir","16.02.22","Lempuing Jaya","16.02.22.2007","Tania Makmur"
"16","Sumatera Selatan","16.02","Kabupaten Ogan Komering Ilir","16.02.22","Lempuing Jaya","16.02.22.2008","Sukamaju"
"16","Sumatera Selatan","16.02","Kabupaten Ogan Komering Ilir","16.02.22","Lempuing Jaya","16.02.22.2009","Muara Burnai II"
"16","Sumatera Selatan","16.02","Kabupaten Ogan Komering Ilir","16.02.22","Lempuing Jaya","16.02.22.2010","Suka Jaya"
"16","Sumatera Selatan","16.02","Kabupaten Ogan Komering Ilir","16.02.22","Lempuing Jaya","16.02.22.2011","Rantau Durian II"
"16","Sumatera Selatan","16.02","Kabupaten Ogan Komering Ilir","16.02.22","Lempuing Jaya","16.02.22.2012","Tanjung Sari II"
"16","Sumatera Selatan","16.02","Kabupaten Ogan Komering Ilir","16.02.22","Lempuing Jaya","16.02.22.2013","Purwo Asri"
"16","Sumatera Selatan","16.02","Kabupaten Ogan Komering Ilir","16.02.22","Lempuing Jaya","16.02.22.2014","Muara Burnai I"
"16","Sumatera Selatan","16.02","Kabupaten Ogan Komering Ilir","16.02.22","Lempuing Jaya","16.02.22.2015","Lubuk Makmur"
"16","Sumatera Selatan","16.02","Kabupaten Ogan Komering Ilir","16.02.22","Lempuing Jaya","16.02.22.2016","Rantau Durian Asli"
"16","Sumatera Selatan","16.02","Kabupaten Ogan Komering Ilir","16.02.23","Teluk Gelam","16.02.23.2001","Benawa"
"16","Sumatera Selatan","16.02","Kabupaten Ogan Komering Ilir","16.02.23","Teluk Gelam","16.02.23.2002","Serapek"
"16","Sumatera Selatan","16.02","Kabupaten Ogan Komering Ilir","16.02.23","Teluk Gelam","16.02.23.2003","Sugih Waras"
"16","Sumatera Selatan","16.02","Kabupaten Ogan Komering Ilir","16.02.23","Teluk Gelam","16.02.23.2004","Muara Telang"
"16","Sumatera Selatan","16.02","Kabupaten Ogan Komering Ilir","16.02.23","Teluk Gelam","16.02.23.2005","Kuripan"
"16","Sumatera Selatan","16.02","Kabupaten Ogan Komering Ilir","16.02.23","Teluk Gelam","16.02.23.2006","Cinta Marga"
"16","Sumatera Selatan","16.02","Kabupaten Ogan Komering Ilir","16.02.23","Teluk Gelam","16.02.23.2007","Penyandingan"
"16","Sumatera Selatan","16.02","Kabupaten Ogan Komering Ilir","16.02.23","Teluk Gelam","16.02.23.2008","Talang Pengeran"
"16","Sumatera Selatan","16.02","Kabupaten Ogan Komering Ilir","16.02.23","Teluk Gelam","16.02.23.2009","Ulak Ketapang"
"16","Sumatera Selatan","16.02","Kabupaten Ogan Komering Ilir","16.02.23","Teluk Gelam","16.02.23.2010","Mulyaguna"
"16","Sumatera Selatan","16.02","Kabupaten Ogan Komering Ilir","16.02.23","Teluk Gelam","16.02.23.2011","Panca Tunggal Benawa"
"16","Sumatera Selatan","16.02","Kabupaten Ogan Komering Ilir","16.02.23","Teluk Gelam","16.02.23.2012","Bumi Harapan"
"16","Sumatera Selatan","16.02","Kabupaten Ogan Komering Ilir","16.02.23","Teluk Gelam","16.02.23.2013","Sinar Harapan Mulya"
"16","Sumatera Selatan","16.02","Kabupaten Ogan Komering Ilir","16.02.23","Teluk Gelam","16.02.23.2014","Seriguna"
"16","Sumatera Selatan","16.02","Kabupaten Ogan Komering Ilir","16.02.24","Pedamaran Timur","16.02.24.2001","Pulau Geronggang"
"16","Sumatera Selatan","16.02","Kabupaten Ogan Komering Ilir","16.02.24","Pedamaran Timur","16.02.24.2002","Sumber Hidup"
"16","Sumatera Selatan","16.02","Kabupaten Ogan Komering Ilir","16.02.24","Pedamaran Timur","16.02.24.2003","Gading Raja"
"16","Sumatera Selatan","16.02","Kabupaten Ogan Komering Ilir","16.02.24","Pedamaran Timur","16.02.24.2004","Maribaya"
"16","Sumatera Selatan","16.02","Kabupaten Ogan Komering Ilir","16.02.24","Pedamaran Timur","16.02.24.2005","Pancawarna"
"16","Sumatera Selatan","16.02","Kabupaten Ogan Komering Ilir","16.02.24","Pedamaran Timur","16.02.24.2006","Tanjung Makmur"
"16","Sumatera Selatan","16.02","Kabupaten Ogan Komering Ilir","16.02.24","Pedamaran Timur","16.02.24.2007","Kayu Labu"
"16","Sumatera Selatan","16.03","Kabupaten Muara Enim","16.03.01","Tanjung Agung","16.03.01.2011","Embawang"
"16","Sumatera Selatan","16.03","Kabupaten Muara Enim","16.03.01","Tanjung Agung","16.03.01.2012","Pagar Dewa"
"16","Sumatera Selatan","16.03","Kabupaten Muara Enim","16.03.01","Tanjung Agung","16.03.01.2013","Tanjung Bulan"
"16","Sumatera Selatan","16.03","Kabupaten Muara Enim","16.03.01","Tanjung Agung","16.03.01.2014","Lesung Batu"
"16","Sumatera Selatan","16.03","Kabupaten Muara Enim","16.03.01","Tanjung Agung","16.03.01.2015","Pandan Enim"
"16","Sumatera Selatan","16.03","Kabupaten Muara Enim","16.03.01","Tanjung Agung","16.03.01.2016","Paduraksa"
"16","Sumatera Selatan","16.03","Kabupaten Muara Enim","16.03.01","Tanjung Agung","16.03.01.2017","Matas"
"16","Sumatera Selatan","16.03","Kabupaten Muara Enim","16.03.01","Tanjung Agung","16.03.01.2018","Tanjung Agung"
"16","Sumatera Selatan","16.03","Kabupaten Muara Enim","16.03.01","Tanjung Agung","16.03.01.2019","Muara Emil"
"16","Sumatera Selatan","16.03","Kabupaten Muara Enim","16.03.01","Tanjung Agung","16.03.01.2020","Tanjung Karangan"
"16","Sumatera Selatan","16.03","Kabupaten Muara Enim","16.03.01","Tanjung Agung","16.03.01.2021","Seleman"
"16","Sumatera Selatan","16.03","Kabupaten Muara Enim","16.03.01","Tanjung Agung","16.03.01.2022","Penyandingan"
"16","Sumatera Selatan","16.03","Kabupaten Muara Enim","16.03.01","Tanjung Agung","16.03.01.2023","Tanjung Lalang"
"16","Sumatera Selatan","16.03","Kabupaten Muara Enim","16.03.01","Tanjung Agung","16.03.01.2024","Pulau Panggung"
"16","Sumatera Selatan","16.03","Kabupaten Muara Enim","16.03.02","Muara Enim","16.03.02.1006","Tungkal"
"16","Sumatera Selatan","16.03","Kabupaten Muara Enim","16.03.02","Muara Enim","16.03.02.1007","Pasar II Muara Enim"
"16","Sumatera Selatan","16.03","Kabupaten Muara Enim","16.03.02","Muara Enim","16.03.02.1008","Pasar III Muara Enim"
"16","Sumatera Selatan","16.03","Kabupaten Muara Enim","16.03.02","Muara Enim","16.03.02.1009","Pasar I Muara Enim"
"16","Sumatera Selatan","16.03","Kabupaten Muara Enim","16.03.02","Muara Enim","16.03.02.1010","Muara Enim"
"16","Sumatera Selatan","16.03","Kabupaten Muara Enim","16.03.02","Muara Enim","16.03.02.1016","Air Lintang"
"16","Sumatera Selatan","16.03","Kabupaten Muara Enim","16.03.02","Muara Enim","16.03.02.2001","Tanjung Raja"
"16","Sumatera Selatan","16.03","Kabupaten Muara Enim","16.03.02","Muara Enim","16.03.02.2002","Karang Raja"
"16","Sumatera Selatan","16.03","Kabupaten Muara Enim","16.03.02","Muara Enim","16.03.02.2003","Muara Lawai"
"16","Sumatera Selatan","16.03","Kabupaten Muara Enim","16.03.02","Muara Enim","16.03.02.2004","Tanjung Jati"
"16","Sumatera Selatan","16.03","Kabupaten Muara Enim","16.03.02","Muara Enim","16.03.02.2005","Lubuk Emplas"
"16","Sumatera Selatan","16.03","Kabupaten Muara Enim","16.03.02","Muara Enim","16.03.02.2011","Kepur"
"16","Sumatera Selatan","16.03","Kabupaten Muara Enim","16.03.02","Muara Enim","16.03.02.2012","Tanjung Serian"
"16","Sumatera Selatan","16.03","Kabupaten Muara Enim","16.03.02","Muara Enim","16.03.02.2013","Muara Harapan"
"16","Sumatera Selatan","16.03","Kabupaten Muara Enim","16.03.02","Muara Enim","16.03.02.2014","Saka Jaya"
"16","Sumatera Selatan","16.03","Kabupaten Muara Enim","16.03.02","Muara Enim","16.03.02.2015","Harapan Jaya"
"16","Sumatera Selatan","16.03","Kabupaten Muara Enim","16.03.03","Rambang Niru","16.03.03.2001","Gemawang"
"16","Sumatera Selatan","16.03","Kabupaten Muara Enim","16.03.03","Rambang Niru","16.03.03.2002","Lubuk Raman"
"16","Sumatera Selatan","16.03","Kabupaten Muara Enim","16.03.03","Rambang Niru","16.03.03.2003","Jemenang"
"16","Sumatera Selatan","16.03","Kabupaten Muara Enim","16.03.03","Rambang Niru","16.03.03.2004","Tanjung Menang"
"16","Sumatera Selatan","16.03","Kabupaten Muara Enim","16.03.03","Rambang Niru","16.03.03.2005","Tebat Agung"
"16","Sumatera Selatan","16.03","Kabupaten Muara Enim","16.03.03","Rambang Niru","16.03.03.2006","Gerinam"
"16","Sumatera Selatan","16.03","Kabupaten Muara Enim","16.03.03","Rambang Niru","16.03.03.2014","Suban Jeriji"
"16","Sumatera Selatan","16.03","Kabupaten Muara Enim","16.03.03","Rambang Niru","16.03.03.2015","Air Limau"
"16","Sumatera Selatan","16.03","Kabupaten Muara Enim","16.03.03","Rambang Niru","16.03.03.2016","Muara Emburung"
"16","Sumatera Selatan","16.03","Kabupaten Muara Enim","16.03.03","Rambang Niru","16.03.03.2017","Manunggal Jaya"
"16","Sumatera Selatan","16.03","Kabupaten Muara Enim","16.03.03","Rambang Niru","16.03.03.2018","Air Talas"
"16","Sumatera Selatan","16.03","Kabupaten Muara Enim","16.03.03","Rambang Niru","16.03.03.2019","Air Enau"
"16","Sumatera Selatan","16.03","Kabupaten Muara Enim","16.03.03","Rambang Niru","16.03.03.2020","Manunggal Makmur"
"16","Sumatera Selatan","16.03","Kabupaten Muara Enim","16.03.03","Rambang Niru","16.03.03.2021","Aur Duri"
"16","Sumatera Selatan","16.03","Kabupaten Muara Enim","16.03.03","Rambang Niru","16.03.03.2023","Kasih Dewa"
"16","Sumatera Selatan","16.03","Kabupaten Muara Enim","16.03.03","Rambang Niru","16.03.03.2024","Air Cekdam"
"16","Sumatera Selatan","16.03","Kabupaten Muara Enim","16.03.04","Gunung Megang","16.03.04.2001","Penanggiran"
"16","Sumatera Selatan","16.03","Kabupaten Muara Enim","16.03.04","Gunung Megang","16.03.04.2002","Gunung Megang Luar"
"16","Sumatera Selatan","16.03","Kabupaten Muara Enim","16.03.04","Gunung Megang","16.03.04.2003","Gunung Megang Dalam"
"16","Sumatera Selatan","16.03","Kabupaten Muara Enim","16.03.04","Gunung Megang","16.03.04.2004","Lubuk Mumpo"
"16","Sumatera Selatan","16.03","Kabupaten Muara Enim","16.03.04","Gunung Megang","16.03.04.2005","Perjito"
"16","Sumatera Selatan","16.03","Kabupaten Muara Enim","16.03.04","Gunung Megang","16.03.04.2006","Tanjung Muning"
"16","Sumatera Selatan","16.03","Kabupaten Muara Enim","16.03.04","Gunung Megang","16.03.04.2007","Tanjung Terang"
"16","Sumatera Selatan","16.03","Kabupaten Muara Enim","16.03.04","Gunung Megang","16.03.04.2016","Bangun Sari"
"16","Sumatera Selatan","16.03","Kabupaten Muara Enim","16.03.04","Gunung Megang","16.03.04.2017","Sumaja Makmur"
"16","Sumatera Selatan","16.03","Kabupaten Muara Enim","16.03.04","Gunung Megang","16.03.04.2018","Sidomulyo"
"16","Sumatera Selatan","16.03","Kabupaten Muara Enim","16.03.04","Gunung Megang","16.03.04.2019","Pajar Indah"
"16","Sumatera Selatan","16.03","Kabupaten Muara Enim","16.03.04","Gunung Megang","16.03.04.2020","Kayu Ara Sakti"
"16","Sumatera Selatan","16.03","Kabupaten Muara Enim","16.03.04","Gunung Megang","16.03.04.2021","Panang Jaya"
"16","Sumatera Selatan","16.03","Kabupaten Muara Enim","16.03.06","Gelumbang","16.03.06.1010","Gelumbang"
"16","Sumatera Selatan","16.03","Kabupaten Muara Enim","16.03.06","Gelumbang","16.03.06.2004","Gaung Telang"
"16","Sumatera Selatan","16.03","Kabupaten Muara Enim","16.03.06","Gelumbang","16.03.06.2006","Pinang Banjar"
"16","Sumatera Selatan","16.03","Kabupaten Muara Enim","16.03.06","Gelumbang","16.03.06.2008","Segayam"
"16","Sumatera Selatan","16.03","Kabupaten Muara Enim","16.03.06","Gelumbang","16.03.06.2009","Tambangan Kelekar"
"16","Sumatera Selatan","16.03","Kabupaten Muara Enim","16.03.06","Gelumbang","16.03.06.2011","Suka Menang"
"16","Sumatera Selatan","16.03","Kabupaten Muara Enim","16.03.06","Gelumbang","16.03.06.2013","Karang Endah"
"16","Sumatera Selatan","16.03","Kabupaten Muara Enim","16.03.06","Gelumbang","16.03.06.2014","Jambu"
"16","Sumatera Selatan","16.03","Kabupaten Muara Enim","16.03.06","Gelumbang","16.03.06.2015","Midar"
"16","Sumatera Selatan","16.03","Kabupaten Muara Enim","16.03.06","Gelumbang","16.03.06.2016","Mililian"
"16","Sumatera Selatan","16.03","Kabupaten Muara Enim","16.03.06","Gelumbang","16.03.06.2017","Pedataran"
"16","Sumatera Selatan","16.03","Kabupaten Muara Enim","16.03.06","Gelumbang","16.03.06.2018","Teluk Limau"
"16","Sumatera Selatan","16.03","Kabupaten Muara Enim","16.03.06","Gelumbang","16.03.06.2019","Kerta Mulya"
"16","Sumatera Selatan","16.03","Kabupaten Muara Enim","16.03.06","Gelumbang","16.03.06.2020","Sebau"
"16","Sumatera Selatan","16.03","Kabupaten Muara Enim","16.03.06","Gelumbang","16.03.06.2021","Sigam"
"16","Sumatera Selatan","16.03","Kabupaten Muara Enim","16.03.06","Gelumbang","16.03.06.2022","Payabakal"
"16","Sumatera Selatan","16.03","Kabupaten Muara Enim","16.03.06","Gelumbang","16.03.06.2023","Bitis"
"16","Sumatera Selatan","16.03","Kabupaten Muara Enim","16.03.06","Gelumbang","16.03.06.2024","Gumai"
"16","Sumatera Selatan","16.03","Kabupaten Muara Enim","16.03.06","Gelumbang","16.03.06.2025","Putak"
"16","Sumatera Selatan","16.03","Kabupaten Muara Enim","16.03.06","Gelumbang","16.03.06.2026","Talang Taling"
"16","Sumatera Selatan","16.03","Kabupaten Muara Enim","16.03.06","Gelumbang","16.03.06.2030","Suka Jaya"
"16","Sumatera Selatan","16.03","Kabupaten Muara Enim","16.03.06","Gelumbang","16.03.06.2031","Karang Endah Selatan"
"16","Sumatera Selatan","16.03","Kabupaten Muara Enim","16.03.06","Gelumbang","16.03.06.2032","Betung"
"16","Sumatera Selatan","16.03","Kabupaten Muara Enim","16.03.07","Lawang Kidul","16.03.07.1001","Tanjung Enim"
"16","Sumatera Selatan","16.03","Kabupaten Muara Enim","16.03.07","Lawang Kidul","16.03.07.1002","Pasar Tanjung Enim"
"16","Sumatera Selatan","16.03","Kabupaten Muara Enim","16.03.07","Lawang Kidul","16.03.07.1003","Tanjung Enim Selatan"
"16","Sumatera Selatan","16.03","Kabupaten Muara Enim","16.03.07","Lawang Kidul","16.03.07.2004","Tegal Rejo"
"16","Sumatera Selatan","16.03","Kabupaten Muara Enim","16.03.07","Lawang Kidul","16.03.07.2005","Lingga"
"16","Sumatera Selatan","16.03","Kabupaten Muara Enim","16.03.07","Lawang Kidul","16.03.07.2006","Keban Agung"
"16","Sumatera Selatan","16.03","Kabupaten Muara Enim","16.03.07","Lawang Kidul","16.03.07.2007","Darmo"
"16","Sumatera Selatan","16.03","Kabupaten Muara Enim","16.03.08","Semende Darat Laut","16.03.08.2001","Penindaian"
"16","Sumatera Selatan","16.03","Kabupaten Muara Enim","16.03.08","Semende Darat Laut","16.03.08.2002","Babatan"
"16","Sumatera Selatan","16.03","Kabupaten Muara Enim","16.03.08","Semende Darat Laut","16.03.08.2003","Muara Dua"
"16","Sumatera Selatan","16.03","Kabupaten Muara Enim","16.03.08","Semende Darat Laut","16.03.08.2004","Muara Danau"
"16","Sumatera Selatan","16.03","Kabupaten Muara Enim","16.03.08","Semende Darat Laut","16.03.08.2005","Penyandingan"
"16","Sumatera Selatan","16.03","Kabupaten Muara Enim","16.03.08","Semende Darat Laut","16.03.08.2006","Tanah Abang"
"16","Sumatera Selatan","16.03","Kabupaten Muara Enim","16.03.08","Semende Darat Laut","16.03.08.2007","Pagar Agung"
"16","Sumatera Selatan","16.03","Kabupaten Muara Enim","16.03.08","Semende Darat Laut","16.03.08.2008","Pulau Panggung"
"16","Sumatera Selatan","16.03","Kabupaten Muara Enim","16.03.08","Semende Darat Laut","16.03.08.2009","Karya Nyata"
"16","Sumatera Selatan","16.03","Kabupaten Muara Enim","16.03.08","Semende Darat Laut","16.03.08.2010","Perapau"
"16","Sumatera Selatan","16.03","Kabupaten Muara Enim","16.03.09","Semende Darat Tengah","16.03.09.2001","Tenam Bungkuk"
"16","Sumatera Selatan","16.03","Kabupaten Muara Enim","16.03.09","Semende Darat Tengah","16.03.09.2002","Kota Padang"
"16","Sumatera Selatan","16.03","Kabupaten Muara Enim","16.03.09","Semende Darat Tengah","16.03.09.2003","Gunung Agung"
"16","Sumatera Selatan","16.03","Kabupaten Muara Enim","16.03.09","Semende Darat Tengah","16.03.09.2004","Sri Tanjung"
"16","Sumatera Selatan","16.03","Kabupaten Muara Enim","16.03.09","Semende Darat Tengah","16.03.09.2005","Tebing Abang"
"16","Sumatera Selatan","16.03","Kabupaten Muara Enim","16.03.09","Semende Darat Tengah","16.03.09.2006","Batu Surau"
"16","Sumatera Selatan","16.03","Kabupaten Muara Enim","16.03.09","Semende Darat Tengah","16.03.09.2007","Tanjung Raya"
"16","Sumatera Selatan","16.03","Kabupaten Muara Enim","16.03.09","Semende Darat Tengah","16.03.09.2008","Muara Tenang"
"16","Sumatera Selatan","16.03","Kabupaten Muara Enim","16.03.09","Semende Darat Tengah","16.03.09.2009","Rekimai Jaya"
"16","Sumatera Selatan","16.03","Kabupaten Muara Enim","16.03.09","Semende Darat Tengah","16.03.09.2010","Palak Tanah"
"16","Sumatera Selatan","16.03","Kabupaten Muara Enim","16.03.09","Semende Darat Tengah","16.03.09.2011","Kota Agung"
"16","Sumatera Selatan","16.03","Kabupaten Muara Enim","16.03.09","Semende Darat Tengah","16.03.09.2012","Swarna Dwipa"
"16","Sumatera Selatan","16.03","Kabupaten Muara Enim","16.03.10","Semende Darat Ulu","16.03.10.2001","Tanjung Tiga"
"16","Sumatera Selatan","16.03","Kabupaten Muara Enim","16.03.10","Semende Darat Ulu","16.03.10.2002","Cahaya Alam"
"16","Sumatera Selatan","16.03","Kabupaten Muara Enim","16.03.10","Semende Darat Ulu","16.03.10.2003","Datar Lebar"
"16","Sumatera Selatan","16.03","Kabupaten Muara Enim","16.03.10","Semende Darat Ulu","16.03.10.2004","Segamit"
"16","Sumatera Selatan","16.03","Kabupaten Muara Enim","16.03.10","Semende Darat Ulu","16.03.10.2005","Siring Agung"
"16","Sumatera Selatan","16.03","Kabupaten Muara Enim","16.03.10","Semende Darat Ulu","16.03.10.2006","Aremantai"
"16","Sumatera Selatan","16.03","Kabupaten Muara Enim","16.03.10","Semende Darat Ulu","16.03.10.2007","Tanjung Agung"
"16","Sumatera Selatan","16.03","Kabupaten Muara Enim","16.03.10","Semende Darat Ulu","16.03.10.2008","Pajar Bulan"
"16","Sumatera Selatan","16.03","Kabupaten Muara Enim","16.03.10","Semende Darat Ulu","16.03.10.2009","Pelakat"
"16","Sumatera Selatan","16.03","Kabupaten Muara Enim","16.03.10","Semende Darat Ulu","16.03.10.2010","Danau Gerak"
"16","Sumatera Selatan","16.03","Kabupaten Muara Enim","16.03.11","Ujan Mas","16.03.11.2001","Pinang Belarik"
"16","Sumatera Selatan","16.03","Kabupaten Muara Enim","16.03.11","Ujan Mas","16.03.11.2002","Ujan Mas Lama"
"16","Sumatera Selatan","16.03","Kabupaten Muara Enim","16.03.11","Ujan Mas","16.03.11.2003","Ujan Mas Baru"
"16","Sumatera Selatan","16.03","Kabupaten Muara Enim","16.03.11","Ujan Mas","16.03.11.2004","Tanjung Raman"
"16","Sumatera Selatan","16.03","Kabupaten Muara Enim","16.03.11","Ujan Mas","16.03.11.2005","Muara Gula Baru"
"16","Sumatera Selatan","16.03","Kabupaten Muara Enim","16.03.11","Ujan Mas","16.03.11.2006","Muara Gula Lama"
"16","Sumatera Selatan","16.03","Kabupaten Muara Enim","16.03.11","Ujan Mas","16.03.11.2007","Guci"
"16","Sumatera Selatan","16.03","Kabupaten Muara Enim","16.03.11","Ujan Mas","16.03.11.2008","Ulak Bandung"
"16","Sumatera Selatan","16.03","Kabupaten Muara Enim","16.03.11","Ujan Mas","16.03.11.2009","Ujan Mas Ulu"
"16","Sumatera Selatan","16.03","Kabupaten Muara Enim","16.03.14","Lubai","16.03.14.2005","Aur"
"16","Sumatera Selatan","16.03","Kabupaten Muara Enim","16.03.14","Lubai","16.03.14.2006","Beringin"
"16","Sumatera Selatan","16.03","Kabupaten Muara Enim","16.03.14","Lubai","16.03.14.2007","Kota Baru"
"16","Sumatera Selatan","16.03","Kabupaten Muara Enim","16.03.14","Lubai","16.03.14.2008","Pagar Gunung"
"16","Sumatera Selatan","16.03","Kabupaten Muara Enim","16.03.14","Lubai","16.03.14.2009","Gunung Raja"
"16","Sumatera Selatan","16.03","Kabupaten Muara Enim","16.03.14","Lubai","16.03.14.2010","Tanjung Kemala"
"16","Sumatera Selatan","16.03","Kabupaten Muara Enim","16.03.14","Lubai","16.03.14.2011","Suka Merindu"
"16","Sumatera Selatan","16.03","Kabupaten Muara Enim","16.03.14","Lubai","16.03.14.2014","Jiwa Baru"
"16","Sumatera Selatan","16.03","Kabupaten Muara Enim","16.03.14","Lubai","16.03.14.2020","Air Asam"
"16","Sumatera Selatan","16.03","Kabupaten Muara Enim","16.03.14","Lubai","16.03.14.2021","Menanti"
"16","Sumatera Selatan","16.03","Kabupaten Muara Enim","16.03.15","Rambang","16.03.15.2001","Baru Rambang"
"16","Sumatera Selatan","16.03","Kabupaten Muara Enim","16.03.15","Rambang","16.03.15.2002","Sugihan"
"16","Sumatera Selatan","16.03","Kabupaten Muara Enim","16.03.15","Rambang","16.03.15.2003","Tanjung Raya"
"16","Sumatera Selatan","16.03","Kabupaten Muara Enim","16.03.15","Rambang","16.03.15.2004","Tanjung Dalam"
"16","Sumatera Selatan","16.03","Kabupaten Muara Enim","16.03.15","Rambang","16.03.15.2005","Sukarami"
"16","Sumatera Selatan","16.03","Kabupaten Muara Enim","16.03.15","Rambang","16.03.15.2006","Pagar Agung"
"16","Sumatera Selatan","16.03","Kabupaten Muara Enim","16.03.15","Rambang","16.03.15.2007","Sugih Waras"
"16","Sumatera Selatan","16.03","Kabupaten Muara Enim","16.03.15","Rambang","16.03.15.2008","Sumber Rahayu"
"16","Sumatera Selatan","16.03","Kabupaten Muara Enim","16.03.15","Rambang","16.03.15.2009","Marga Mulya"
"16","Sumatera Selatan","16.03","Kabupaten Muara Enim","16.03.15","Rambang","16.03.15.2010","Kencana Mulia"
"16","Sumatera Selatan","16.03","Kabupaten Muara Enim","16.03.15","Rambang","16.03.15.2011","Negeri Agung"
"16","Sumatera Selatan","16.03","Kabupaten Muara Enim","16.03.15","Rambang","16.03.15.2012","Sugihwaras Barat"
"16","Sumatera Selatan","16.03","Kabupaten Muara Enim","16.03.15","Rambang","16.03.15.2013","Air Keruh"
"16","Sumatera Selatan","16.03","Kabupaten Muara Enim","16.03.16","Sungai Rotan","16.03.16.2001","Tanjung Miring"
"16","Sumatera Selatan","16.03","Kabupaten Muara Enim","16.03.16","Sungai Rotan","16.03.16.2002","Danau Tampang"
"16","Sumatera Selatan","16.03","Kabupaten Muara Enim","16.03.16","Sungai Rotan","16.03.16.2003","Kasai"
"16","Sumatera Selatan","16.03","Kabupaten Muara Enim","16.03.16","Sungai Rotan","16.03.16.2004","Sungai Rotan"
"16","Sumatera Selatan","16.03","Kabupaten Muara Enim","16.03.16","Sungai Rotan","16.03.16.2005","Sukamerindu"
"16","Sumatera Selatan","16.03","Kabupaten Muara Enim","16.03.16","Sungai Rotan","16.03.16.2006","Tanding Marga"
"16","Sumatera Selatan","16.03","Kabupaten Muara Enim","16.03.16","Sungai Rotan","16.03.16.2007","Muara Lematang"
"16","Sumatera Selatan","16.03","Kabupaten Muara Enim","16.03.16","Sungai Rotan","16.03.16.2008","Sukadana"
"16","Sumatera Selatan","16.03","Kabupaten Muara Enim","16.03.16","Sungai Rotan","16.03.16.2009","Modong"
"16","Sumatera Selatan","16.03","Kabupaten Muara Enim","16.03.16","Sungai Rotan","16.03.16.2010","Sukacinta"
"16","Sumatera Selatan","16.03","Kabupaten Muara Enim","16.03.16","Sungai Rotan","16.03.16.2011","Penandingan"
"16","Sumatera Selatan","16.03","Kabupaten Muara Enim","16.03.16","Sungai Rotan","16.03.16.2012","Danau Rata"
"16","Sumatera Selatan","16.03","Kabupaten Muara Enim","16.03.16","Sungai Rotan","16.03.16.2013","Paya Angus"
"16","Sumatera Selatan","16.03","Kabupaten Muara Enim","16.03.16","Sungai Rotan","16.03.16.2014","Sukarami"
"16","Sumatera Selatan","16.03","Kabupaten Muara Enim","16.03.16","Sungai Rotan","16.03.16.2015","Petar Dalam"
"16","Sumatera Selatan","16.03","Kabupaten Muara Enim","16.03.16","Sungai Rotan","16.03.16.2016","Sukajadi"
"16","Sumatera Selatan","16.03","Kabupaten Muara Enim","16.03.16","Sungai Rotan","16.03.16.2017","Sukamaju"
"16","Sumatera Selatan","16.03","Kabupaten Muara Enim","16.03.16","Sungai Rotan","16.03.16.2018","Danau Baru"
"16","Sumatera Selatan","16.03","Kabupaten Muara Enim","16.03.16","Sungai Rotan","16.03.16.2019","Petar Luar"
"16","Sumatera Selatan","16.03","Kabupaten Muara Enim","16.03.17","Lembak","16.03.17.2007","Petanang"
"16","Sumatera Selatan","16.03","Kabupaten Muara Enim","16.03.17","Lembak","16.03.17.2008","Talang Nangka"
"16","Sumatera Selatan","16.03","Kabupaten Muara Enim","16.03.17","Lembak","16.03.17.2009","Alai"
"16","Sumatera Selatan","16.03","Kabupaten Muara Enim","16.03.17","Lembak","16.03.17.2010","Sungai Duren"
"16","Sumatera Selatan","16.03","Kabupaten Muara Enim","16.03.17","Lembak","16.03.17.2011","Tapus"
"16","Sumatera Selatan","16.03","Kabupaten Muara Enim","16.03.17","Lembak","16.03.17.2012","Lembak"
"16","Sumatera Selatan","16.03","Kabupaten Muara Enim","16.03.17","Lembak","16.03.17.2013","Kemang"
"16","Sumatera Selatan","16.03","Kabupaten Muara Enim","16.03.17","Lembak","16.03.17.2014","Lubuk Enau"
"16","Sumatera Selatan","16.03","Kabupaten Muara Enim","16.03.17","Lembak","16.03.17.2015","Alai Selatan"
"16","Sumatera Selatan","16.03","Kabupaten Muara Enim","16.03.17","Lembak","16.03.17.2019","Tanjung Baru"
"16","Sumatera Selatan","16.03","Kabupaten Muara Enim","16.03.19","Benakat","16.03.19.2001","Padang Bindu"
"16","Sumatera Selatan","16.03","Kabupaten Muara Enim","16.03.19","Benakat","16.03.19.2002","Betung"
"16","Sumatera Selatan","16.03","Kabupaten Muara Enim","16.03.19","Benakat","16.03.19.2003","Pagar Dewa"
"16","Sumatera Selatan","16.03","Kabupaten Muara Enim","16.03.19","Benakat","16.03.19.2004","Pagarjati"
"16","Sumatera Selatan","16.03","Kabupaten Muara Enim","16.03.19","Benakat","16.03.19.2005","Hidup Baru"
"16","Sumatera Selatan","16.03","Kabupaten Muara Enim","16.03.19","Benakat","16.03.19.2006","Rami Pasai"
"16","Sumatera Selatan","16.03","Kabupaten Muara Enim","16.03.21","Kelekar","16.03.21.2001","Embacang Kelekar"
"16","Sumatera Selatan","16.03","Kabupaten Muara Enim","16.03.21","Kelekar","16.03.21.2002","Menanti"
"16","Sumatera Selatan","16.03","Kabupaten Muara Enim","16.03.21","Kelekar","16.03.21.2003","Menanti Selatan"
"16","Sumatera Selatan","16.03","Kabupaten Muara Enim","16.03.21","Kelekar","16.03.21.2004","Suban Baru"
"16","Sumatera Selatan","16.03","Kabupaten Muara Enim","16.03.21","Kelekar","16.03.21.2005","Pelempang"
"16","Sumatera Selatan","16.03","Kabupaten Muara Enim","16.03.21","Kelekar","16.03.21.2006","Teluk Jaya"
"16","Sumatera Selatan","16.03","Kabupaten Muara Enim","16.03.21","Kelekar","16.03.21.2007","Tanjung Medang"
"16","Sumatera Selatan","16.03","Kabupaten Muara Enim","16.03.22","Muara Belida","16.03.22.2001","Gedung Buruk"
"16","Sumatera Selatan","16.03","Kabupaten Muara Enim","16.03.22","Muara Belida","16.03.22.2002","Arisan Musi"
"16","Sumatera Selatan","16.03","Kabupaten Muara Enim","16.03.22","Muara Belida","16.03.22.2003","Harapan Mulia"
"16","Sumatera Selatan","16.03","Kabupaten Muara Enim","16.03.22","Muara Belida","16.03.22.2004","Mulia Abadi"
"16","Sumatera Selatan","16.03","Kabupaten Muara Enim","16.03.22","Muara Belida","16.03.22.2005","Arisan Musi Timur"
"16","Sumatera Selatan","16.03","Kabupaten Muara Enim","16.03.22","Muara Belida","16.03.22.2006","Patra Tani"
"16","Sumatera Selatan","16.03","Kabupaten Muara Enim","16.03.22","Muara Belida","16.03.22.2007","Tanjung Baru"
"16","Sumatera Selatan","16.03","Kabupaten Muara Enim","16.03.22","Muara Belida","16.03.22.2008","Kayu Ara Batu"
"16","Sumatera Selatan","16.03","Kabupaten Muara Enim","16.03.23","Belimbing","16.03.23.2001","Tanjung"
"16","Sumatera Selatan","16.03","Kabupaten Muara Enim","16.03.23","Belimbing","16.03.23.2002","Simpang Tanjung"
"16","Sumatera Selatan","16.03","Kabupaten Muara Enim","16.03.23","Belimbing","16.03.23.2003","Cinta Kasih"
"16","Sumatera Selatan","16.03","Kabupaten Muara Enim","16.03.23","Belimbing","16.03.23.2004","Teluk Lubuk"
"16","Sumatera Selatan","16.03","Kabupaten Muara Enim","16.03.23","Belimbing","16.03.23.2005","Berugo"
"16","Sumatera Selatan","16.03","Kabupaten Muara Enim","16.03.23","Belimbing","16.03.23.2006","Belimbing"
"16","Sumatera Selatan","16.03","Kabupaten Muara Enim","16.03.23","Belimbing","16.03.23.2007","Bulang"
"16","Sumatera Selatan","16.03","Kabupaten Muara Enim","16.03.23","Belimbing","16.03.23.2008","Belimbing Jaya"
"16","Sumatera Selatan","16.03","Kabupaten Muara Enim","16.03.23","Belimbing","16.03.23.2009","Darmo Kasih"
"16","Sumatera Selatan","16.03","Kabupaten Muara Enim","16.03.23","Belimbing","16.03.23.2010","Dalam"
"16","Sumatera Selatan","16.03","Kabupaten Muara Enim","16.03.24","Belida Darat","16.03.24.2001","Tanjung Bunut"
"16","Sumatera Selatan","16.03","Kabupaten Muara Enim","16.03.24","Belida Darat","16.03.24.2002","Babat"
"16","Sumatera Selatan","16.03","Kabupaten Muara Enim","16.03.24","Belida Darat","16.03.24.2003","Lubuk Semantung"
"16","Sumatera Selatan","16.03","Kabupaten Muara Enim","16.03.24","Belida Darat","16.03.24.2004","Lubuk Getam"
"16","Sumatera Selatan","16.03","Kabupaten Muara Enim","16.03.24","Belida Darat","16.03.24.2005","Talang Balai"
"16","Sumatera Selatan","16.03","Kabupaten Muara Enim","16.03.24","Belida Darat","16.03.24.2006","Talang Beliung"
"16","Sumatera Selatan","16.03","Kabupaten Muara Enim","16.03.24","Belida Darat","16.03.24.2007","Sialingan"
"16","Sumatera Selatan","16.03","Kabupaten Muara Enim","16.03.24","Belida Darat","16.03.24.2008","Tanjung Tiga"
"16","Sumatera Selatan","16.03","Kabupaten Muara Enim","16.03.24","Belida Darat","16.03.24.2009","Ibul"
"16","Sumatera Selatan","16.03","Kabupaten Muara Enim","16.03.24","Belida Darat","16.03.24.2010","Gaung Asam"
"16","Sumatera Selatan","16.03","Kabupaten Muara Enim","16.03.25","Lubai Ulu","16.03.25.2001","Karang Agung"
"16","Sumatera Selatan","16.03","Kabupaten Muara Enim","16.03.25","Lubai Ulu","16.03.25.2002","Karang Sari"
"16","Sumatera Selatan","16.03","Kabupaten Muara Enim","16.03.25","Lubai Ulu","16.03.25.2003","Karang Mulya"
"16","Sumatera Selatan","16.03","Kabupaten Muara Enim","16.03.25","Lubai Ulu","16.03.25.2004","Sumber Mulya"
"16","Sumatera Selatan","16.03","Kabupaten Muara Enim","16.03.25","Lubai Ulu","16.03.25.2005","Sumber Asri"
"16","Sumatera Selatan","16.03","Kabupaten Muara Enim","16.03.25","Lubai Ulu","16.03.25.2006","Pagar Dewa"
"16","Sumatera Selatan","16.03","Kabupaten Muara Enim","16.03.25","Lubai Ulu","16.03.25.2007","Prabumenang"
"16","Sumatera Selatan","16.03","Kabupaten Muara Enim","16.03.25","Lubai Ulu","16.03.25.2008","Lecah"
"16","Sumatera Selatan","16.03","Kabupaten Muara Enim","16.03.25","Lubai Ulu","16.03.25.2009","Mekar Jaya"
"16","Sumatera Selatan","16.03","Kabupaten Muara Enim","16.03.25","Lubai Ulu","16.03.25.2010","Lubai Persada"
"16","Sumatera Selatan","16.03","Kabupaten Muara Enim","16.03.25","Lubai Ulu","16.03.25.2011","Lubai Makmur"
"16","Sumatera Selatan","16.03","Kabupaten Muara Enim","16.03.26","Empat Petulai Dangku","16.03.26.2001","Muara Niru"
"16","Sumatera Selatan","16.03","Kabupaten Muara Enim","16.03.26","Empat Petulai Dangku","16.03.26.2002","Kahuripan Baru"
"16","Sumatera Selatan","16.03","Kabupaten Muara Enim","16.03.26","Empat Petulai Dangku","16.03.26.2003","Pangkalan Babat"
"16","Sumatera Selatan","16.03","Kabupaten Muara Enim","16.03.26","Empat Petulai Dangku","16.03.26.2004","Gunung Raja"
"16","Sumatera Selatan","16.03","Kabupaten Muara Enim","16.03.26","Empat Petulai Dangku","16.03.26.2005","Banuayu"
"16","Sumatera Selatan","16.03","Kabupaten Muara Enim","16.03.26","Empat Petulai Dangku","16.03.26.2006","Kuripan"
"16","Sumatera Selatan","16.03","Kabupaten Muara Enim","16.03.26","Empat Petulai Dangku","16.03.26.2007","Kuripan Selatan"
"16","Sumatera Selatan","16.03","Kabupaten Muara Enim","16.03.26","Empat Petulai Dangku","16.03.26.2008","Batu Raja"
"16","Sumatera Selatan","16.03","Kabupaten Muara Enim","16.03.26","Empat Petulai Dangku","16.03.26.2009","Dangku"
"16","Sumatera Selatan","16.03","Kabupaten Muara Enim","16.03.26","Empat Petulai Dangku","16.03.26.2010","Siku"
"16","Sumatera Selatan","16.03","Kabupaten Muara Enim","16.03.27","Panang Enim","16.03.27.2001","Lebak Budi"
"16","Sumatera Selatan","16.03","Kabupaten Muara Enim","16.03.27","Panang Enim","16.03.27.2002","Lambur"
"16","Sumatera Selatan","16.03","Kabupaten Muara Enim","16.03.27","Panang Enim","16.03.27.2003","Pagar Jati"
"16","Sumatera Selatan","16.03","Kabupaten Muara Enim","16.03.27","Panang Enim","16.03.27.2004","Tanjung Baru"
"16","Sumatera Selatan","16.03","Kabupaten Muara Enim","16.03.27","Panang Enim","16.03.27.2005","Sukaraja"
"16","Sumatera Selatan","16.03","Kabupaten Muara Enim","16.03.27","Panang Enim","16.03.27.2006","Pandan Dulang"
"16","Sumatera Selatan","16.03","Kabupaten Muara Enim","16.03.27","Panang Enim","16.03.27.2007","Muara Meo"
"16","Sumatera Selatan","16.03","Kabupaten Muara Enim","16.03.27","Panang Enim","16.03.27.2008","Sugih Waras"
"16","Sumatera Selatan","16.03","Kabupaten Muara Enim","16.03.27","Panang Enim","16.03.27.2009","Indramayu"
"16","Sumatera Selatan","16.03","Kabupaten Muara Enim","16.03.27","Panang Enim","16.03.27.2010","Bedegung"
"16","Sumatera Selatan","16.03","Kabupaten Muara Enim","16.03.27","Panang Enim","16.03.27.2011","Padang Bindu"
"16","Sumatera Selatan","16.03","Kabupaten Muara Enim","16.03.27","Panang Enim","16.03.27.2012","Lubuk Nipis"
"16","Sumatera Selatan","16.04","Kabupaten Lahat","16.04.01","Tanjungsakti Pumu","16.04.01.2001","Kembang Ayun"
"16","Sumatera Selatan","16.04","Kabupaten Lahat","16.04.01","Tanjungsakti Pumu","16.04.01.2002","Gunung Meraksa"
"16","Sumatera Selatan","16.04","Kabupaten Lahat","16.04.01","Tanjungsakti Pumu","16.04.01.2003","Tanjung Alam"
"16","Sumatera Selatan","16.04","Kabupaten Lahat","16.04.01","Tanjungsakti Pumu","16.04.01.2004","Batu Rancing"
"16","Sumatera Selatan","16.04","Kabupaten Lahat","16.04.01","Tanjungsakti Pumu","16.04.01.2005","Suban"
"16","Sumatera Selatan","16.04","Kabupaten Lahat","16.04.01","Tanjungsakti Pumu","16.04.01.2006","Genting"
"16","Sumatera Selatan","16.04","Kabupaten Lahat","16.04.01","Tanjungsakti Pumu","16.04.01.2007","Gunung Ayu"
"16","Sumatera Selatan","16.04","Kabupaten Lahat","16.04.01","Tanjungsakti Pumu","16.04.01.2008","Ujung Pulau"
"16","Sumatera Selatan","16.04","Kabupaten Lahat","16.04.01","Tanjungsakti Pumu","16.04.01.2009","Muara Cawang"
"16","Sumatera Selatan","16.04","Kabupaten Lahat","16.04.01","Tanjungsakti Pumu","16.04.01.2010","Kepala Siring"
"16","Sumatera Selatan","16.04","Kabupaten Lahat","16.04.01","Tanjungsakti Pumu","16.04.01.2011","Simpang III Pumu"
"16","Sumatera Selatan","16.04","Kabupaten Lahat","16.04.01","Tanjungsakti Pumu","16.04.01.2012","Gunung Raya"
"16","Sumatera Selatan","16.04","Kabupaten Lahat","16.04.01","Tanjungsakti Pumu","16.04.01.2013","Talang Tinggi"
"16","Sumatera Selatan","16.04","Kabupaten Lahat","16.04.01","Tanjungsakti Pumu","16.04.01.2014","Karang Agung"
"16","Sumatera Selatan","16.04","Kabupaten Lahat","16.04.06","Jarai","16.04.06.2008","Sadan"
"16","Sumatera Selatan","16.04","Kabupaten Lahat","16.04.06","Jarai","16.04.06.2009","Penantian"
"16","Sumatera Selatan","16.04","Kabupaten Lahat","16.04.06","Jarai","16.04.06.2010","Bandar Aji"
"16","Sumatera Selatan","16.04","Kabupaten Lahat","16.04.06","Jarai","16.04.06.2011","Tertap"
"16","Sumatera Selatan","16.04","Kabupaten Lahat","16.04.06","Jarai","16.04.06.2012","Serambi"
"16","Sumatera Selatan","16.04","Kabupaten Lahat","16.04.06","Jarai","16.04.06.2013","Muara Tawi"
"16","Sumatera Selatan","16.04","Kabupaten Lahat","16.04.06","Jarai","16.04.06.2014","Kedaton"
"16","Sumatera Selatan","16.04","Kabupaten Lahat","16.04.06","Jarai","16.04.06.2015","Pelajaran"
"16","Sumatera Selatan","16.04","Kabupaten Lahat","16.04.06","Jarai","16.04.06.2016","Nanti Giri"
"16","Sumatera Selatan","16.04","Kabupaten Lahat","16.04.06","Jarai","16.04.06.2017","Pama Salak"
"16","Sumatera Selatan","16.04","Kabupaten Lahat","16.04.06","Jarai","16.04.06.2018","Jemaring"
"16","Sumatera Selatan","16.04","Kabupaten Lahat","16.04.06","Jarai","16.04.06.2019","Aromantai"
"16","Sumatera Selatan","16.04","Kabupaten Lahat","16.04.06","Jarai","16.04.06.2020","Jarai"
"16","Sumatera Selatan","16.04","Kabupaten Lahat","16.04.06","Jarai","16.04.06.2021","Tanjung Menang"
"16","Sumatera Selatan","16.04","Kabupaten Lahat","16.04.06","Jarai","16.04.06.2022","Mangun Sari"
"16","Sumatera Selatan","16.04","Kabupaten Lahat","16.04.06","Jarai","16.04.06.2023","Pagar Dewa"
"16","Sumatera Selatan","16.04","Kabupaten Lahat","16.04.06","Jarai","16.04.06.2024","Sukananti"
"16","Sumatera Selatan","16.04","Kabupaten Lahat","16.04.06","Jarai","16.04.06.2025","Lubuk Saung"
"16","Sumatera Selatan","16.04","Kabupaten Lahat","16.04.06","Jarai","16.04.06.2026","Karang Tanding"
"16","Sumatera Selatan","16.04","Kabupaten Lahat","16.04.06","Jarai","16.04.06.2027","Gunung Raya"
"16","Sumatera Selatan","16.04","Kabupaten Lahat","16.04.06","Jarai","16.04.06.2028","Gunung Megang"
"16","Sumatera Selatan","16.04","Kabupaten Lahat","16.04.07","Kota Agung","16.04.07.2001","Bangke"
"16","Sumatera Selatan","16.04","Kabupaten Lahat","16.04.07","Kota Agung","16.04.07.2002","Tebat Langsat"
"16","Sumatera Selatan","16.04","Kabupaten Lahat","16.04.07","Kota Agung","16.04.07.2003","Singapure"
"16","Sumatera Selatan","16.04","Kabupaten Lahat","16.04.07","Kota Agung","16.04.07.2004","Gunung Liwat"
"16","Sumatera Selatan","16.04","Kabupaten Lahat","16.04.07","Kota Agung","16.04.07.2005","Kebun Jati"
"16","Sumatera Selatan","16.04","Kabupaten Lahat","16.04.07","Kota Agung","16.04.07.2006","Bintuhan"
"16","Sumatera Selatan","16.04","Kabupaten Lahat","16.04.07","Kota Agung","16.04.07.2007","Mutar Alam Baru"
"16","Sumatera Selatan","16.04","Kabupaten Lahat","16.04.07","Kota Agung","16.04.07.2008","Pandan Arang Ulu"
"16","Sumatera Selatan","16.04","Kabupaten Lahat","16.04.07","Kota Agung","16.04.07.2009","Mutar Alam Lama"
"16","Sumatera Selatan","16.04","Kabupaten Lahat","16.04.07","Kota Agung","16.04.07.2010","Tanjung Raman"
"16","Sumatera Selatan","16.04","Kabupaten Lahat","16.04.07","Kota Agung","16.04.07.2011","Tunggul Bute"
"16","Sumatera Selatan","16.04","Kabupaten Lahat","16.04.07","Kota Agung","16.04.07.2012","Karang Endah"
"16","Sumatera Selatan","16.04","Kabupaten Lahat","16.04.07","Kota Agung","16.04.07.2013","Karang Agung"
"16","Sumatera Selatan","16.04","Kabupaten Lahat","16.04.07","Kota Agung","16.04.07.2014","Suka Raja"
"16","Sumatera Selatan","16.04","Kabupaten Lahat","16.04.07","Kota Agung","16.04.07.2015","Gedung Agung"
"16","Sumatera Selatan","16.04","Kabupaten Lahat","16.04.07","Kota Agung","16.04.07.2016","Kota Agung"
"16","Sumatera Selatan","16.04","Kabupaten Lahat","16.04.07","Kota Agung","16.04.07.2017","Lawang Agung"
"16","Sumatera Selatan","16.04","Kabupaten Lahat","16.04.07","Kota Agung","16.04.07.2018","Sukarami"
"16","Sumatera Selatan","16.04","Kabupaten Lahat","16.04.07","Kota Agung","16.04.07.2019","Tanjung Beringin"
"16","Sumatera Selatan","16.04","Kabupaten Lahat","16.04.07","Kota Agung","16.04.07.2020","Pagaruyung"
"16","Sumatera Selatan","16.04","Kabupaten Lahat","16.04.07","Kota Agung","16.04.07.2031","Muara Gula"
"16","Sumatera Selatan","16.04","Kabupaten Lahat","16.04.07","Kota Agung","16.04.07.2032","Tanjung Bulan"
"16","Sumatera Selatan","16.04","Kabupaten Lahat","16.04.08","Pulau Pinang","16.04.08.2008","Tanjung Mulak"
"16","Sumatera Selatan","16.04","Kabupaten Lahat","16.04.08","Pulau Pinang","16.04.08.2009","Pulau Pinang"
"16","Sumatera Selatan","16.04","Kabupaten Lahat","16.04.08","Pulau Pinang","16.04.08.2010","Tanjung Sirih"
"16","Sumatera Selatan","16.04","Kabupaten Lahat","16.04.08","Pulau Pinang","16.04.08.2011","Lubuk Sepang"
"16","Sumatera Selatan","16.04","Kabupaten Lahat","16.04.08","Pulau Pinang","16.04.08.2012","Karang Dalam"
"16","Sumatera Selatan","16.04","Kabupaten Lahat","16.04.08","Pulau Pinang","16.04.08.2013","Kuba"
"16","Sumatera Selatan","16.04","Kabupaten Lahat","16.04.08","Pulau Pinang","16.04.08.2014","Jati"
"16","Sumatera Selatan","16.04","Kabupaten Lahat","16.04.08","Pulau Pinang","16.04.08.2016","Pagar Batu"
"16","Sumatera Selatan","16.04","Kabupaten Lahat","16.04.08","Pulau Pinang","16.04.08.2017","Muara Siban"
"16","Sumatera Selatan","16.04","Kabupaten Lahat","16.04.08","Pulau Pinang","16.04.08.2018","Perigi"
"16","Sumatera Selatan","16.04","Kabupaten Lahat","16.04.09","Merapi Barat","16.04.09.2010","Suka Cinta"
"16","Sumatera Selatan","16.04","Kabupaten Lahat","16.04.09","Merapi Barat","16.04.09.2011","Gunung Agung"
"16","Sumatera Selatan","16.04","Kabupaten Lahat","16.04.09","Merapi Barat","16.04.09.2012","Tanjung Pinang"
"16","Sumatera Selatan","16.04","Kabupaten Lahat","16.04.09","Merapi Barat","16.04.09.2013","Suka Marga"
"16","Sumatera Selatan","16.04","Kabupaten Lahat","16.04.09","Merapi Barat","16.04.09.2014","Payo"
"16","Sumatera Selatan","16.04","Kabupaten Lahat","16.04.09","Merapi Barat","16.04.09.2015","Karang Endah"
"16","Sumatera Selatan","16.04","Kabupaten Lahat","16.04.09","Merapi Barat","16.04.09.2016","Tanjung Telang"
"16","Sumatera Selatan","16.04","Kabupaten Lahat","16.04.09","Merapi Barat","16.04.09.2017","Lubuk Kepayang"
"16","Sumatera Selatan","16.04","Kabupaten Lahat","16.04.09","Merapi Barat","16.04.09.2018","Muara Temiang"
"16","Sumatera Selatan","16.04","Kabupaten Lahat","16.04.09","Merapi Barat","16.04.09.2019","Ulak Pandan"
"16","Sumatera Selatan","16.04","Kabupaten Lahat","16.04.09","Merapi Barat","16.04.09.2020","Negeri Agung"
"16","Sumatera Selatan","16.04","Kabupaten Lahat","16.04.09","Merapi Barat","16.04.09.2021","Lebak Budi"
"16","Sumatera Selatan","16.04","Kabupaten Lahat","16.04.09","Merapi Barat","16.04.09.2022","Tanjung Baru"
"16","Sumatera Selatan","16.04","Kabupaten Lahat","16.04.09","Merapi Barat","16.04.09.2023","Kebur"
"16","Sumatera Selatan","16.04","Kabupaten Lahat","16.04.09","Merapi Barat","16.04.09.2024","Telatang"
"16","Sumatera Selatan","16.04","Kabupaten Lahat","16.04.09","Merapi Barat","16.04.09.2025","Muara Maung"
"16","Sumatera Selatan","16.04","Kabupaten Lahat","16.04.09","Merapi Barat","16.04.09.2026","Merapi"
"16","Sumatera Selatan","16.04","Kabupaten Lahat","16.04.09","Merapi Barat","16.04.09.2040","Purwosari"
"16","Sumatera Selatan","16.04","Kabupaten Lahat","16.04.09","Merapi Barat","16.04.09.2041","Karang Rejo"
"16","Sumatera Selatan","16.04","Kabupaten Lahat","16.04.10","Lahat","16.04.10.1031","Lahat Tengah"
"16","Sumatera Selatan","16.04","Kabupaten Lahat","16.04.10","Lahat","16.04.10.1032","Gunung Gajah"
"16","Sumatera Selatan","16.04","Kabupaten Lahat","16.04.10","Lahat","16.04.10.1033","Pagar Agung"
"16","Sumatera Selatan","16.04","Kabupaten Lahat","16.04.10","Lahat","16.04.10.1037","Talang Jawa"
"16","Sumatera Selatan","16.04","Kabupaten Lahat","16.04.10","Lahat","16.04.10.1038","Pasar Baru"
"16","Sumatera Selatan","16.04","Kabupaten Lahat","16.04.10","Lahat","16.04.10.1040","Kota Baru"
"16","Sumatera Selatan","16.04","Kabupaten Lahat","16.04.10","Lahat","16.04.10.1041","Pasar Lama"
"16","Sumatera Selatan","16.04","Kabupaten Lahat","16.04.10","Lahat","16.04.10.1042","Pasar Bawah"
"16","Sumatera Selatan","16.04","Kabupaten Lahat","16.04.10","Lahat","16.04.10.1043","RD. PJKA"
"16","Sumatera Selatan","16.04","Kabupaten Lahat","16.04.10","Lahat","16.04.10.1046","Bandar Agung"
"16","Sumatera Selatan","16.04","Kabupaten Lahat","16.04.10","Lahat","16.04.10.1051","Kota Negara"
"16","Sumatera Selatan","16.04","Kabupaten Lahat","16.04.10","Lahat","16.04.10.1052","Kota Jaya"
"16","Sumatera Selatan","16.04","Kabupaten Lahat","16.04.10","Lahat","16.04.10.1054","RD. PJKA Bandar Agung"
"16","Sumatera Selatan","16.04","Kabupaten Lahat","16.04.10","Lahat","16.04.10.1058","Sari Bunga Mas"
"16","Sumatera Selatan","16.04","Kabupaten Lahat","16.04.10","Lahat","16.04.10.1059","Bandar Jaya"
"16","Sumatera Selatan","16.04","Kabupaten Lahat","16.04.10","Lahat","16.04.10.1060","Talang Jawa Selatan"
"16","Sumatera Selatan","16.04","Kabupaten Lahat","16.04.10","Lahat","16.04.10.1061","Talang Jawa Utara"
"16","Sumatera Selatan","16.04","Kabupaten Lahat","16.04.10","Lahat","16.04.10.2012","Padang Lengkuas"
"16","Sumatera Selatan","16.04","Kabupaten Lahat","16.04.10","Lahat","16.04.10.2027","Selawi"
"16","Sumatera Selatan","16.04","Kabupaten Lahat","16.04.10","Lahat","16.04.10.2030","Sukanegara"
"16","Sumatera Selatan","16.04","Kabupaten Lahat","16.04.10","Lahat","16.04.10.2034","Kota Raya"
"16","Sumatera Selatan","16.04","Kabupaten Lahat","16.04.10","Lahat","16.04.10.2035","Keban"
"16","Sumatera Selatan","16.04","Kabupaten Lahat","16.04.10","Lahat","16.04.10.2036","Pagar Sari"
"16","Sumatera Selatan","16.04","Kabupaten Lahat","16.04.10","Lahat","16.04.10.2039","Pagar Negara"
"16","Sumatera Selatan","16.04","Kabupaten Lahat","16.04.10","Lahat","16.04.10.2049","Senabing"
"16","Sumatera Selatan","16.04","Kabupaten Lahat","16.04.10","Lahat","16.04.10.2050","Manggul"
"16","Sumatera Selatan","16.04","Kabupaten Lahat","16.04.10","Lahat","16.04.10.2053","Ulak Lebar"
"16","Sumatera Selatan","16.04","Kabupaten Lahat","16.04.10","Lahat","16.04.10.2055","Giri Mulya"
"16","Sumatera Selatan","16.04","Kabupaten Lahat","16.04.10","Lahat","16.04.10.2056","Makarti Tama"
"16","Sumatera Selatan","16.04","Kabupaten Lahat","16.04.10","Lahat","16.04.10.2057","Ulak Mas"
"16","Sumatera Selatan","16.04","Kabupaten Lahat","16.04.12","Pajar Bulan","16.04.12.2001","Talang Baru"
"16","Sumatera Selatan","16.04","Kabupaten Lahat","16.04.12","Pajar Bulan","16.04.12.2002","Talang Pagar Agung"
"16","Sumatera Selatan","16.04","Kabupaten Lahat","16.04.12","Pajar Bulan","16.04.12.2003","Bantunan"
"16","Sumatera Selatan","16.04","Kabupaten Lahat","16.04.12","Pajar Bulan","16.04.12.2004","Suka Bumi"
"16","Sumatera Selatan","16.04","Kabupaten Lahat","16.04.12","Pajar Bulan","16.04.12.2005","Pulau Panggung"
"16","Sumatera Selatan","16.04","Kabupaten Lahat","16.04.12","Pajar Bulan","16.04.12.2006","Pajar Bulan"
"16","Sumatera Selatan","16.04","Kabupaten Lahat","16.04.12","Pajar Bulan","16.04.12.2007","Kota Raya Lembak"
"16","Sumatera Selatan","16.04","Kabupaten Lahat","16.04.12","Pajar Bulan","16.04.12.2008","Sumur"
"16","Sumatera Selatan","16.04","Kabupaten Lahat","16.04.12","Pajar Bulan","16.04.12.2009","Gelung Sakti"
"16","Sumatera Selatan","16.04","Kabupaten Lahat","16.04.12","Pajar Bulan","16.04.12.2010","Pulau"
"16","Sumatera Selatan","16.04","Kabupaten Lahat","16.04.12","Pajar Bulan","16.04.12.2011","Ulak Bandung"
"16","Sumatera Selatan","16.04","Kabupaten Lahat","16.04.12","Pajar Bulan","16.04.12.2012","Talang Padang Tinggi"
"16","Sumatera Selatan","16.04","Kabupaten Lahat","16.04.12","Pajar Bulan","16.04.12.2019","Aceh"
"16","Sumatera Selatan","16.04","Kabupaten Lahat","16.04.12","Pajar Bulan","16.04.12.2020","Pajar Tinggi"
"16","Sumatera Selatan","16.04","Kabupaten Lahat","16.04.12","Pajar Bulan","16.04.12.2025","Kota Raya Darat"
"16","Sumatera Selatan","16.04","Kabupaten Lahat","16.04.12","Pajar Bulan","16.04.12.2026","Jenti'an"
"16","Sumatera Selatan","16.04","Kabupaten Lahat","16.04.12","Pajar Bulan","16.04.12.2027","Tongkok"
"16","Sumatera Selatan","16.04","Kabupaten Lahat","16.04.12","Pajar Bulan","16.04.12.2028","Benua Raja"
"16","Sumatera Selatan","16.04","Kabupaten Lahat","16.04.12","Pajar Bulan","16.04.12.2029","Talang Mengkenang"
"16","Sumatera Selatan","16.04","Kabupaten Lahat","16.04.12","Pajar Bulan","16.04.12.2030","Talang Tangsi"
"16","Sumatera Selatan","16.04","Kabupaten Lahat","16.04.15","Mulak Ulu","16.04.15.2007","Pajar Bulan"
"16","Sumatera Selatan","16.04","Kabupaten Lahat","16.04.15","Mulak Ulu","16.04.15.2008","Sukananti"
"16","Sumatera Selatan","16.04","Kabupaten Lahat","16.04.15","Mulak Ulu","16.04.15.2009","Karang Lebak"
"16","Sumatera Selatan","16.04","Kabupaten Lahat","16.04.15","Mulak Ulu","16.04.15.2011","Babatan"
"16","Sumatera Selatan","16.04","Kabupaten Lahat","16.04.15","Mulak Ulu","16.04.15.2014","Muara Tiga"
"16","Sumatera Selatan","16.04","Kabupaten Lahat","16.04.15","Mulak Ulu","16.04.15.2015","Sengkuang"
"16","Sumatera Selatan","16.04","Kabupaten Lahat","16.04.15","Mulak Ulu","16.04.15.2016","Penindayan"
"16","Sumatera Selatan","16.04","Kabupaten Lahat","16.04.15","Mulak Ulu","16.04.15.2017","Datar Balam"
"16","Sumatera Selatan","16.04","Kabupaten Lahat","16.04.15","Mulak Ulu","16.04.15.2018","Tebing Tinggi"
"16","Sumatera Selatan","16.04","Kabupaten Lahat","16.04.15","Mulak Ulu","16.04.15.2019","Geramat"
"16","Sumatera Selatan","16.04","Kabupaten Lahat","16.04.15","Mulak Ulu","16.04.15.2020","Pengentaan"
"16","Sumatera Selatan","16.04","Kabupaten Lahat","16.04.15","Mulak Ulu","16.04.15.2021","Lesung Batu"
"16","Sumatera Selatan","16.04","Kabupaten Lahat","16.04.15","Mulak Ulu","16.04.15.2022","Air Puar"
"16","Sumatera Selatan","16.04","Kabupaten Lahat","16.04.15","Mulak Ulu","16.04.15.2024","Mengkenang"
"16","Sumatera Selatan","16.04","Kabupaten Lahat","16.04.15","Mulak Ulu","16.04.15.2029","Lawang Agung Mulak"
"16","Sumatera Selatan","16.04","Kabupaten Lahat","16.04.15","Mulak Ulu","16.04.15.2030","Padang Masat"
"16","Sumatera Selatan","16.04","Kabupaten Lahat","16.04.16","Kikim Selatan","16.04.16.2001","Pandan Arang"
"16","Sumatera Selatan","16.04","Kabupaten Lahat","16.04.16","Kikim Selatan","16.04.16.2002","Tanjung Kurung"
"16","Sumatera Selatan","16.04","Kabupaten Lahat","16.04.16","Kikim Selatan","16.04.16.2003","Nanjungan"
"16","Sumatera Selatan","16.04","Kabupaten Lahat","16.04.16","Kikim Selatan","16.04.16.2004","Pagardin"
"16","Sumatera Selatan","16.04","Kabupaten Lahat","16.04.16","Kikim Selatan","16.04.16.2005","Pulau Beringin"
"16","Sumatera Selatan","16.04","Kabupaten Lahat","16.04.16","Kikim Selatan","16.04.16.2006","Beriningin Jaya"
"16","Sumatera Selatan","16.04","Kabupaten Lahat","16.04.16","Kikim Selatan","16.04.16.2007","Banu Ayu"
"16","Sumatera Selatan","16.04","Kabupaten Lahat","16.04.16","Kikim Selatan","16.04.16.2008","Tanjung Alam"
"16","Sumatera Selatan","16.04","Kabupaten Lahat","16.04.16","Kikim Selatan","16.04.16.2009","Sirah Pulau"
"16","Sumatera Selatan","16.04","Kabupaten Lahat","16.04.16","Kikim Selatan","16.04.16.2010","Tanjung Beringin"
"16","Sumatera Selatan","16.04","Kabupaten Lahat","16.04.16","Kikim Selatan","16.04.16.2011","Pagar Jati"
"16","Sumatera Selatan","16.04","Kabupaten Lahat","16.04.16","Kikim Selatan","16.04.16.2012","Karang Cahaya"
"16","Sumatera Selatan","16.04","Kabupaten Lahat","16.04.16","Kikim Selatan","16.04.16.2013","Jaga Baya"
"16","Sumatera Selatan","16.04","Kabupaten Lahat","16.04.16","Kikim Selatan","16.04.16.2014","Keban Agung"
"16","Sumatera Selatan","16.04","Kabupaten Lahat","16.04.16","Kikim Selatan","16.04.16.2015","Padang Bindu"
"16","Sumatera Selatan","16.04","Kabupaten Lahat","16.04.16","Kikim Selatan","16.04.16.2016","Beringin Janggut"
"16","Sumatera Selatan","16.04","Kabupaten Lahat","16.04.16","Kikim Selatan","16.04.16.2017","Keban Raya"
"16","Sumatera Selatan","16.04","Kabupaten Lahat","16.04.16","Kikim Selatan","16.04.16.2018","Lubuk Tungkang"
"16","Sumatera Selatan","16.04","Kabupaten Lahat","16.04.17","Kikim Timur","16.04.17.2001","Bunga Mas"
"16","Sumatera Selatan","16.04","Kabupaten Lahat","16.04.17","Kikim Timur","16.04.17.2002","Gunung Kembang"
"16","Sumatera Selatan","16.04","Kabupaten Lahat","16.04.17","Kikim Timur","16.04.17.2003","Tanjung Bindu"
"16","Sumatera Selatan","16.04","Kabupaten Lahat","16.04.17","Kikim Timur","16.04.17.2004","Lubuk Tapang"
"16","Sumatera Selatan","16.04","Kabupaten Lahat","16.04.17","Kikim Timur","16.04.17.2005","Lubuk Nambulan"
"16","Sumatera Selatan","16.04","Kabupaten Lahat","16.04.17","Kikim Timur","16.04.17.2006","Gelumbang"
"16","Sumatera Selatan","16.04","Kabupaten Lahat","16.04.17","Kikim Timur","16.04.17.2007","Gunung Aji"
"16","Sumatera Selatan","16.04","Kabupaten Lahat","16.04.17","Kikim Timur","16.04.17.2008","Gunung Karto"
"16","Sumatera Selatan","16.04","Kabupaten Lahat","16.04.17","Kikim Timur","16.04.17.2009","Karang Endah"
"16","Sumatera Selatan","16.04","Kabupaten Lahat","16.04.17","Kikim Timur","16.04.17.2010","Padu Raksa"
"16","Sumatera Selatan","16.04","Kabupaten Lahat","16.04.17","Kikim Timur","16.04.17.2011","Seronggo"
"16","Sumatera Selatan","16.04","Kabupaten Lahat","16.04.17","Kikim Timur","16.04.17.2012","Datar Serdang"
"16","Sumatera Selatan","16.04","Kabupaten Lahat","16.04.17","Kikim Timur","16.04.17.2013","Batu Urip"
"16","Sumatera Selatan","16.04","Kabupaten Lahat","16.04.17","Kikim Timur","16.04.17.2014","Cecar"
"16","Sumatera Selatan","16.04","Kabupaten Lahat","16.04.17","Kikim Timur","16.04.17.2015","Patikal Lama"
"16","Sumatera Selatan","16.04","Kabupaten Lahat","16.04.17","Kikim Timur","16.04.17.2016","Muara Empayang"
"16","Sumatera Selatan","16.04","Kabupaten Lahat","16.04.17","Kikim Timur","16.04.17.2017","Lubuk Kute"
"16","Sumatera Selatan","16.04","Kabupaten Lahat","16.04.17","Kikim Timur","16.04.17.2018","Patikal Baru"
"16","Sumatera Selatan","16.04","Kabupaten Lahat","16.04.17","Kikim Timur","16.04.17.2019","Gedung Agung"
"16","Sumatera Selatan","16.04","Kabupaten Lahat","16.04.17","Kikim Timur","16.04.17.2020","Babat Lama"
"16","Sumatera Selatan","16.04","Kabupaten Lahat","16.04.17","Kikim Timur","16.04.17.2021","Tanda Raja"
"16","Sumatera Selatan","16.04","Kabupaten Lahat","16.04.17","Kikim Timur","16.04.17.2022","Muara Danau"
"16","Sumatera Selatan","16.04","Kabupaten Lahat","16.04.17","Kikim Timur","16.04.17.2023","Sendawar"
"16","Sumatera Selatan","16.04","Kabupaten Lahat","16.04.17","Kikim Timur","16.04.17.2024","Lubuk Layang Ilir"
"16","Sumatera Selatan","16.04","Kabupaten Lahat","16.04.17","Kikim Timur","16.04.17.2025","Binjai"
"16","Sumatera Selatan","16.04","Kabupaten Lahat","16.04.17","Kikim Timur","16.04.17.2026","Lubuk Layang Ulu"
"16","Sumatera Selatan","16.04","Kabupaten Lahat","16.04.17","Kikim Timur","16.04.17.2027","Cempaka Sakti"
"16","Sumatera Selatan","16.04","Kabupaten Lahat","16.04.17","Kikim Timur","16.04.17.2028","Suka Harjo"
"16","Sumatera Selatan","16.04","Kabupaten Lahat","16.04.17","Kikim Timur","16.04.17.2029","Marga Mulya"
"16","Sumatera Selatan","16.04","Kabupaten Lahat","16.04.17","Kikim Timur","16.04.17.2030","Kencana Sari"
"16","Sumatera Selatan","16.04","Kabupaten Lahat","16.04.17","Kikim Timur","16.04.17.2031","Linggar Jaya"
"16","Sumatera Selatan","16.04","Kabupaten Lahat","16.04.17","Kikim Timur","16.04.17.2032","Purwaraja"
"16","Sumatera Selatan","16.04","Kabupaten Lahat","16.04.18","Kikim Tengah","16.04.18.2001","Sungai Laru"
"16","Sumatera Selatan","16.04","Kabupaten Lahat","16.04.18","Kikim Tengah","16.04.18.2002","Muara Lingsing"
"16","Sumatera Selatan","16.04","Kabupaten Lahat","16.04.18","Kikim Tengah","16.04.18.2003","Tanjung Baru"
"16","Sumatera Selatan","16.04","Kabupaten Lahat","16.04.18","Kikim Tengah","16.04.18.2004","Kepala Siring"
"16","Sumatera Selatan","16.04","Kabupaten Lahat","16.04.18","Kikim Tengah","16.04.18.2005","Maspura"
"16","Sumatera Selatan","16.04","Kabupaten Lahat","16.04.18","Kikim Tengah","16.04.18.2006","Suka Raja"
"16","Sumatera Selatan","16.04","Kabupaten Lahat","16.04.18","Kikim Tengah","16.04.18.2007","Tanjung Aur"
"16","Sumatera Selatan","16.04","Kabupaten Lahat","16.04.18","Kikim Tengah","16.04.18.2008","Purbamas"
"16","Sumatera Selatan","16.04","Kabupaten Lahat","16.04.18","Kikim Tengah","16.04.18.2009","Banyu Mas"
"16","Sumatera Selatan","16.04","Kabupaten Lahat","16.04.19","Kikim Barat","16.04.19.2001","Saung Naga"
"16","Sumatera Selatan","16.04","Kabupaten Lahat","16.04.19","Kikim Barat","16.04.19.2002","Penantian"
"16","Sumatera Selatan","16.04","Kabupaten Lahat","16.04.19","Kikim Barat","16.04.19.2003","Suka Merindu"
"16","Sumatera Selatan","16.04","Kabupaten Lahat","16.04.19","Kikim Barat","16.04.19.2004","Jajaran Baru"
"16","Sumatera Selatan","16.04","Kabupaten Lahat","16.04.19","Kikim Barat","16.04.19.2005","Wonorejo"
"16","Sumatera Selatan","16.04","Kabupaten Lahat","16.04.19","Kikim Barat","16.04.19.2006","Babatan Baru"
"16","Sumatera Selatan","16.04","Kabupaten Lahat","16.04.19","Kikim Barat","16.04.19.2007","Jajaran Lama"
"16","Sumatera Selatan","16.04","Kabupaten Lahat","16.04.19","Kikim Barat","16.04.19.2008","Lubuk Seketi"
"16","Sumatera Selatan","16.04","Kabupaten Lahat","16.04.19","Kikim Barat","16.04.19.2009","Sukarami"
"16","Sumatera Selatan","16.04","Kabupaten Lahat","16.04.19","Kikim Barat","16.04.19.2010","Singapura"
"16","Sumatera Selatan","16.04","Kabupaten Lahat","16.04.19","Kikim Barat","16.04.19.2011","Ulak Bandung"
"16","Sumatera Selatan","16.04","Kabupaten Lahat","16.04.19","Kikim Barat","16.04.19.2012","Bandar Jaya"
"16","Sumatera Selatan","16.04","Kabupaten Lahat","16.04.19","Kikim Barat","16.04.19.2013","Purnama Sari"
"16","Sumatera Selatan","16.04","Kabupaten Lahat","16.04.19","Kikim Barat","16.04.19.2014","Wanaraya"
"16","Sumatera Selatan","16.04","Kabupaten Lahat","16.04.19","Kikim Barat","16.04.19.2015","Purworejo"
"16","Sumatera Selatan","16.04","Kabupaten Lahat","16.04.19","Kikim Barat","16.04.19.2016","Suka Bakti"
"16","Sumatera Selatan","16.04","Kabupaten Lahat","16.04.19","Kikim Barat","16.04.19.2017","Mekar Jaya"
"16","Sumatera Selatan","16.04","Kabupaten Lahat","16.04.19","Kikim Barat","16.04.19.2018","Darma Raharja"
"16","Sumatera Selatan","16.04","Kabupaten Lahat","16.04.19","Kikim Barat","16.04.19.2019","Sido Makmur"
"16","Sumatera Selatan","16.04","Kabupaten Lahat","16.04.20","Pseksu","16.04.20.2001","Sukajadi"
"16","Sumatera Selatan","16.04","Kabupaten Lahat","16.04.20","Pseksu","16.04.20.2002","Tanjung Agung"
"16","Sumatera Selatan","16.04","Kabupaten Lahat","16.04.20","Pseksu","16.04.20.2003","Penandingan"
"16","Sumatera Selatan","16.04","Kabupaten Lahat","16.04.20","Pseksu","16.04.20.2004","Talang Tinggi"
"16","Sumatera Selatan","16.04","Kabupaten Lahat","16.04.20","Pseksu","16.04.20.2005","Batu Niding"
"16","Sumatera Selatan","16.04","Kabupaten Lahat","16.04.20","Pseksu","16.04.20.2006","Tanjung Raya"
"16","Sumatera Selatan","16.04","Kabupaten Lahat","16.04.20","Pseksu","16.04.20.2007","Lubuk Mabar"
"16","Sumatera Selatan","16.04","Kabupaten Lahat","16.04.20","Pseksu","16.04.20.2008","Pagar Agung"
"16","Sumatera Selatan","16.04","Kabupaten Lahat","16.04.20","Pseksu","16.04.20.2009","Lubuk Tuba"
"16","Sumatera Selatan","16.04","Kabupaten Lahat","16.04.20","Pseksu","16.04.20.2010","Lubuk Atung"
"16","Sumatera Selatan","16.04","Kabupaten Lahat","16.04.20","Pseksu","16.04.20.2011","Muara Cawang"
"16","Sumatera Selatan","16.04","Kabupaten Lahat","16.04.21","Gumay Talang","16.04.21.2001","Sugi Waras"
"16","Sumatera Selatan","16.04","Kabupaten Lahat","16.04.21","Gumay Talang","16.04.21.2002","Tanjung Periuk"
"16","Sumatera Selatan","16.04","Kabupaten Lahat","16.04.21","Gumay Talang","16.04.21.2003","Tanjung Karangan"
"16","Sumatera Selatan","16.04","Kabupaten Lahat","16.04.21","Gumay Talang","16.04.21.2004","Muara Tandi"
"16","Sumatera Selatan","16.04","Kabupaten Lahat","16.04.21","Gumay Talang","16.04.21.2005","Darmo"
"16","Sumatera Selatan","16.04","Kabupaten Lahat","16.04.21","Gumay Talang","16.04.21.2006","Indikat Ilir"
"16","Sumatera Selatan","16.04","Kabupaten Lahat","16.04.21","Gumay Talang","16.04.21.2007","Tanjung Baru"
"16","Sumatera Selatan","16.04","Kabupaten Lahat","16.04.21","Gumay Talang","16.04.21.2008","Mandi Angin"
"16","Sumatera Selatan","16.04","Kabupaten Lahat","16.04.21","Gumay Talang","16.04.21.2009","Ngalam Baru"
"16","Sumatera Selatan","16.04","Kabupaten Lahat","16.04.21","Gumay Talang","16.04.21.2010","Sukarami"
"16","Sumatera Selatan","16.04","Kabupaten Lahat","16.04.21","Gumay Talang","16.04.21.2011","Tanjung Dalam"
"16","Sumatera Selatan","16.04","Kabupaten Lahat","16.04.21","Gumay Talang","16.04.21.2012","Tanah Pilih"
"16","Sumatera Selatan","16.04","Kabupaten Lahat","16.04.21","Gumay Talang","16.04.21.2013","Tanjung Beringin"
"16","Sumatera Selatan","16.04","Kabupaten Lahat","16.04.21","Gumay Talang","16.04.21.2014","Batay"
"16","Sumatera Selatan","16.04","Kabupaten Lahat","16.04.21","Gumay Talang","16.04.21.2015","Suka Makmur"
"16","Sumatera Selatan","16.04","Kabupaten Lahat","16.04.22","Pagar Gunung","16.04.22.2001","Kedaton"
"16","Sumatera Selatan","16.04","Kabupaten Lahat","16.04.22","Pagar Gunung","16.04.22.2002","Tanjung Agung"
"16","Sumatera Selatan","16.04","Kabupaten Lahat","16.04.22","Pagar Gunung","16.04.22.2003","Karang Agung"
"16","Sumatera Selatan","16.04","Kabupaten Lahat","16.04.22","Pagar Gunung","16.04.22.2004","Bandung Agung"
"16","Sumatera Selatan","16.04","Kabupaten Lahat","16.04.22","Pagar Gunung","16.04.22.2005","Lesung Batu"
"16","Sumatera Selatan","16.04","Kabupaten Lahat","16.04.22","Pagar Gunung","16.04.22.2006","Air Lingkar"
"16","Sumatera Selatan","16.04","Kabupaten Lahat","16.04.22","Pagar Gunung","16.04.22.2007","Batu Rusa"
"16","Sumatera Selatan","16.04","Kabupaten Lahat","16.04.22","Pagar Gunung","16.04.22.2008","Kupang"
"16","Sumatera Selatan","16.04","Kabupaten Lahat","16.04.22","Pagar Gunung","16.04.22.2009","Sawah Darat"
"16","Sumatera Selatan","16.04","Kabupaten Lahat","16.04.22","Pagar Gunung","16.04.22.2010","Danau"
"16","Sumatera Selatan","16.04","Kabupaten Lahat","16.04.22","Pagar Gunung","16.04.22.2011","Siring Agung"
"16","Sumatera Selatan","16.04","Kabupaten Lahat","16.04.22","Pagar Gunung","16.04.22.2012","Pagar Alam"
"16","Sumatera Selatan","16.04","Kabupaten Lahat","16.04.22","Pagar Gunung","16.04.22.2013","Rimba Sujud"
"16","Sumatera Selatan","16.04","Kabupaten Lahat","16.04.22","Pagar Gunung","16.04.22.2014","Germidar Ilir"
"16","Sumatera Selatan","16.04","Kabupaten Lahat","16.04.22","Pagar Gunung","16.04.22.2015","Pagar Gunung"
"16","Sumatera Selatan","16.04","Kabupaten Lahat","16.04.22","Pagar Gunung","16.04.22.2016","Germidar Ulu"
"16","Sumatera Selatan","16.04","Kabupaten Lahat","16.04.22","Pagar Gunung","16.04.22.2017","Padang Pagun"
"16","Sumatera Selatan","16.04","Kabupaten Lahat","16.04.22","Pagar Gunung","16.04.22.2018","Muara Dua"
"16","Sumatera Selatan","16.04","Kabupaten Lahat","16.04.22","Pagar Gunung","16.04.22.2019","Penantian"
"16","Sumatera Selatan","16.04","Kabupaten Lahat","16.04.22","Pagar Gunung","16.04.22.2020","Merindu"
"16","Sumatera Selatan","16.04","Kabupaten Lahat","16.04.23","Merapi Timur","16.04.23.1014","Lebuay Bandung"
"16","Sumatera Selatan","16.04","Kabupaten Lahat","16.04.23","Merapi Timur","16.04.23.2001","Sirah Pulau"
"16","Sumatera Selatan","16.04","Kabupaten Lahat","16.04.23","Merapi Timur","16.04.23.2002","Gunung Kembang"
"16","Sumatera Selatan","16.04","Kabupaten Lahat","16.04.23","Merapi Timur","16.04.23.2003","Prabu Menang"
"16","Sumatera Selatan","16.04","Kabupaten Lahat","16.04.23","Merapi Timur","16.04.23.2004","Banjar Sari"
"16","Sumatera Selatan","16.04","Kabupaten Lahat","16.04.23","Merapi Timur","16.04.23.2005","Arahan"
"16","Sumatera Selatan","16.04","Kabupaten Lahat","16.04.23","Merapi Timur","16.04.23.2006","Nanjungan"
"16","Sumatera Selatan","16.04","Kabupaten Lahat","16.04.23","Merapi Timur","16.04.23.2007","Sengkuang"
"16","Sumatera Selatan","16.04","Kabupaten Lahat","16.04.23","Merapi Timur","16.04.23.2008","Tanjung Lontar"
"16","Sumatera Selatan","16.04","Kabupaten Lahat","16.04.23","Merapi Timur","16.04.23.2009","Gedung Agung"
"16","Sumatera Selatan","16.04","Kabupaten Lahat","16.04.23","Merapi Timur","16.04.23.2010","Muara Lawai"
"16","Sumatera Selatan","16.04","Kabupaten Lahat","16.04.23","Merapi Timur","16.04.23.2011","Tanjung Jambu"
"16","Sumatera Selatan","16.04","Kabupaten Lahat","16.04.23","Merapi Timur","16.04.23.2012","Cempaka Wangi"
"16","Sumatera Selatan","16.04","Kabupaten Lahat","16.04.23","Merapi Timur","16.04.23.2013","Lematang Jaya"
"16","Sumatera Selatan","16.04","Kabupaten Lahat","16.04.24","Tanjung Sakti Pumi","16.04.24.2001","Pulau Panas"
"16","Sumatera Selatan","16.04","Kabupaten Lahat","16.04.24","Tanjung Sakti Pumi","16.04.24.2002","Sindang Panjang"
"16","Sumatera Selatan","16.04","Kabupaten Lahat","16.04.24","Tanjung Sakti Pumi","16.04.24.2003","Gunung Kembang"
"16","Sumatera Selatan","16.04","Kabupaten Lahat","16.04.24","Tanjung Sakti Pumi","16.04.24.2004","Pagar Agung"
"16","Sumatera Selatan","16.04","Kabupaten Lahat","16.04.24","Tanjung Sakti Pumi","16.04.24.2005","Benteng"
"16","Sumatera Selatan","16.04","Kabupaten Lahat","16.04.24","Tanjung Sakti Pumi","16.04.24.2006","Ulak Lebar"
"16","Sumatera Selatan","16.04","Kabupaten Lahat","16.04.24","Tanjung Sakti Pumi","16.04.24.2007","Gunung Agung"
"16","Sumatera Selatan","16.04","Kabupaten Lahat","16.04.24","Tanjung Sakti Pumi","16.04.24.2008","Masam Bulau"
"16","Sumatera Selatan","16.04","Kabupaten Lahat","16.04.24","Tanjung Sakti Pumi","16.04.24.2009","Pajar Bulan"
"16","Sumatera Selatan","16.04","Kabupaten Lahat","16.04.24","Tanjung Sakti Pumi","16.04.24.2010","Tanjung Bulan"
"16","Sumatera Selatan","16.04","Kabupaten Lahat","16.04.24","Tanjung Sakti Pumi","16.04.24.2011","Penandingan"
"16","Sumatera Selatan","16.04","Kabupaten Lahat","16.04.24","Tanjung Sakti Pumi","16.04.24.2012","Tanjung Sakti"
"16","Sumatera Selatan","16.04","Kabupaten Lahat","16.04.24","Tanjung Sakti Pumi","16.04.24.2013","Negeri Kaya"
"16","Sumatera Selatan","16.04","Kabupaten Lahat","16.04.24","Tanjung Sakti Pumi","16.04.24.2014","Pulau Panggung"
"16","Sumatera Selatan","16.04","Kabupaten Lahat","16.04.24","Tanjung Sakti Pumi","16.04.24.2015","Gunung Kerto"
"16","Sumatera Selatan","16.04","Kabupaten Lahat","16.04.24","Tanjung Sakti Pumi","16.04.24.2016","Lubuk Tabun"
"16","Sumatera Selatan","16.04","Kabupaten Lahat","16.04.24","Tanjung Sakti Pumi","16.04.24.2017","Pagar Jati"
"16","Sumatera Selatan","16.04","Kabupaten Lahat","16.04.24","Tanjung Sakti Pumi","16.04.24.2018","Lubuk Dalam"
"16","Sumatera Selatan","16.04","Kabupaten Lahat","16.04.25","Gumay Ulu","16.04.25.2001","Tinggi Hari"
"16","Sumatera Selatan","16.04","Kabupaten Lahat","16.04.25","Gumay Ulu","16.04.25.2002","Tanjung Raja"
"16","Sumatera Selatan","16.04","Kabupaten Lahat","16.04.25","Gumay Ulu","16.04.25.2003","Sinjar Bulan"
"16","Sumatera Selatan","16.04","Kabupaten Lahat","16.04.25","Gumay Ulu","16.04.25.2004","Padang Gumay"
"16","Sumatera Selatan","16.04","Kabupaten Lahat","16.04.25","Gumay Ulu","16.04.25.2005","Tanjung Aur"
"16","Sumatera Selatan","16.04","Kabupaten Lahat","16.04.25","Gumay Ulu","16.04.25.2006","Simpur"
"16","Sumatera Selatan","16.04","Kabupaten Lahat","16.04.25","Gumay Ulu","16.04.25.2007","Lubuk Selo"
"16","Sumatera Selatan","16.04","Kabupaten Lahat","16.04.25","Gumay Ulu","16.04.25.2008","Rindu Hati"
"16","Sumatera Selatan","16.04","Kabupaten Lahat","16.04.25","Gumay Ulu","16.04.25.2009","Sumber Karya"
"16","Sumatera Selatan","16.04","Kabupaten Lahat","16.04.25","Gumay Ulu","16.04.25.2010","Trans SP II Padang Muara Dua"
"16","Sumatera Selatan","16.04","Kabupaten Lahat","16.04.26","Merapi Selatan","16.04.26.2001","Padang"
"16","Sumatera Selatan","16.04","Kabupaten Lahat","16.04.26","Merapi Selatan","16.04.26.2002","Tanjung Menang"
"16","Sumatera Selatan","16.04","Kabupaten Lahat","16.04.26","Merapi Selatan","16.04.26.2003","Lubuk Pedaro"
"16","Sumatera Selatan","16.04","Kabupaten Lahat","16.04.26","Merapi Selatan","16.04.26.2004","Suka Merindu"
"16","Sumatera Selatan","16.04","Kabupaten Lahat","16.04.26","Merapi Selatan","16.04.26.2005","Tanjung Beringin"
"16","Sumatera Selatan","16.04","Kabupaten Lahat","16.04.26","Merapi Selatan","16.04.26.2006","Talang Akar"
"16","Sumatera Selatan","16.04","Kabupaten Lahat","16.04.26","Merapi Selatan","16.04.26.2007","Lubuk Betung"
"16","Sumatera Selatan","16.04","Kabupaten Lahat","16.04.26","Merapi Selatan","16.04.26.2008","Perangai"
"16","Sumatera Selatan","16.04","Kabupaten Lahat","16.04.26","Merapi Selatan","16.04.26.2009","Geramat"
"16","Sumatera Selatan","16.04","Kabupaten Lahat","16.04.27","Tanjungtebat","16.04.27.2001","Pandan Arang Ilir"
"16","Sumatera Selatan","16.04","Kabupaten Lahat","16.04.27","Tanjungtebat","16.04.27.2002","Tanjung Kurung Ulu"
"16","Sumatera Selatan","16.04","Kabupaten Lahat","16.04.27","Tanjungtebat","16.04.27.2003","Tanjung Kurung Ilir"
"16","Sumatera Selatan","16.04","Kabupaten Lahat","16.04.27","Tanjungtebat","16.04.27.2004","Tanjung Baru"
"16","Sumatera Selatan","16.04","Kabupaten Lahat","16.04.27","Tanjungtebat","16.04.27.2005","Tanjung Nibung"
"16","Sumatera Selatan","16.04","Kabupaten Lahat","16.04.27","Tanjungtebat","16.04.27.2006","TanjungTebat"
"16","Sumatera Selatan","16.04","Kabupaten Lahat","16.04.27","Tanjungtebat","16.04.27.2007","Tanjung Bai"
"16","Sumatera Selatan","16.04","Kabupaten Lahat","16.04.27","Tanjungtebat","16.04.27.2008","Tanjung Menang"
"16","Sumatera Selatan","16.04","Kabupaten Lahat","16.04.27","Tanjungtebat","16.04.27.2009","Tanjung Raya"
"16","Sumatera Selatan","16.04","Kabupaten Lahat","16.04.27","Tanjungtebat","16.04.27.2010","Air Dingin Lama"
"16","Sumatera Selatan","16.04","Kabupaten Lahat","16.04.27","Tanjungtebat","16.04.27.2011","Air Dingin Baru"
"16","Sumatera Selatan","16.04","Kabupaten Lahat","16.04.27","Tanjungtebat","16.04.27.2012","Muara Danau"
"16","Sumatera Selatan","16.04","Kabupaten Lahat","16.04.27","Tanjungtebat","16.04.27.2013","Talang Jawa"
"16","Sumatera Selatan","16.04","Kabupaten Lahat","16.04.27","Tanjungtebat","16.04.27.2014","Padang Perigi"
"16","Sumatera Selatan","16.04","Kabupaten Lahat","16.04.28","Muarapayang","16.04.28.2001","Muara Payang"
"16","Sumatera Selatan","16.04","Kabupaten Lahat","16.04.28","Muarapayang","16.04.28.2002","Muara Gelumpai"
"16","Sumatera Selatan","16.04","Kabupaten Lahat","16.04.28","Muarapayang","16.04.28.2003","Talang Tinggi"
"16","Sumatera Selatan","16.04","Kabupaten Lahat","16.04.28","Muarapayang","16.04.28.2004","Lawang Agung Lama"
"16","Sumatera Selatan","16.04","Kabupaten Lahat","16.04.28","Muarapayang","16.04.28.2005","Lawang Agung Baru"
"16","Sumatera Selatan","16.04","Kabupaten Lahat","16.04.28","Muarapayang","16.04.28.2006","Muara Jauh"
"16","Sumatera Selatan","16.04","Kabupaten Lahat","16.04.28","Muarapayang","16.04.28.2007","Bandu Agung"
"16","Sumatera Selatan","16.04","Kabupaten Lahat","16.04.29","Sukamerindu","16.04.29.2001","Sukamerindu"
"16","Sumatera Selatan","16.04","Kabupaten Lahat","16.04.29","Sukamerindu","16.04.29.2002","Guru Agung"
"16","Sumatera Selatan","16.04","Kabupaten Lahat","16.04.29","Sukamerindu","16.04.29.2003","Karang Caya"
"16","Sumatera Selatan","16.04","Kabupaten Lahat","16.04.29","Sukamerindu","16.04.29.2004","Gunung liwat"
"16","Sumatera Selatan","16.04","Kabupaten Lahat","16.04.29","Sukamerindu","16.04.29.2005","Kapitan"
"16","Sumatera Selatan","16.04","Kabupaten Lahat","16.04.29","Sukamerindu","16.04.29.2006","Rambai Kaca"
"16","Sumatera Selatan","16.04","Kabupaten Lahat","16.04.29","Sukamerindu","16.04.29.2007","Pagar Kaya"
"16","Sumatera Selatan","16.04","Kabupaten Lahat","16.04.29","Sukamerindu","16.04.29.2008","Tanjung Raya"
"16","Sumatera Selatan","16.04","Kabupaten Lahat","16.04.29","Sukamerindu","16.04.29.2009","Sukaraja"
"16","Sumatera Selatan","16.04","Kabupaten Lahat","16.04.29","Sukamerindu","16.04.29.2010","Tanjung Agung"
"16","Sumatera Selatan","16.04","Kabupaten Lahat","16.04.30","Mulak Sebingkai","16.04.30.2001","Jadian Baru"
"16","Sumatera Selatan","16.04","Kabupaten Lahat","16.04.30","Mulak Sebingkai","16.04.30.2002","Jadian Lama"
"16","Sumatera Selatan","16.04","Kabupaten Lahat","16.04.30","Mulak Sebingkai","16.04.30.2003","Talang Berangin"
"16","Sumatera Selatan","16.04","Kabupaten Lahat","16.04.30","Mulak Sebingkai","16.04.30.2004","Padang Bindu"
"16","Sumatera Selatan","16.04","Kabupaten Lahat","16.04.30","Mulak Sebingkai","16.04.30.2005","Keban Agung"
"16","Sumatera Selatan","16.04","Kabupaten Lahat","16.04.30","Mulak Sebingkai","16.04.30.2006","Danau Belidang"
"16","Sumatera Selatan","16.04","Kabupaten Lahat","16.04.30","Mulak Sebingkai","16.04.30.2007","Talang Padang"
"16","Sumatera Selatan","16.04","Kabupaten Lahat","16.04.30","Mulak Sebingkai","16.04.30.2008","Lubuk Dendan"
"16","Sumatera Selatan","16.04","Kabupaten Lahat","16.04.30","Mulak Sebingkai","16.04.30.2009","Penandingan"
"16","Sumatera Selatan","16.04","Kabupaten Lahat","16.04.30","Mulak Sebingkai","16.04.30.2010","Durian Dangkal"
"16","Sumatera Selatan","16.04","Kabupaten Lahat","16.04.31","Lahat Selatan","16.04.31.2001","Banjar Negara"
"16","Sumatera Selatan","16.04","Kabupaten Lahat","16.04.31","Lahat Selatan","16.04.31.2002","Tanjung Payang"
"16","Sumatera Selatan","16.04","Kabupaten Lahat","16.04.31","Lahat Selatan","16.04.31.2003","Tanjung Tebat"
"16","Sumatera Selatan","16.04","Kabupaten Lahat","16.04.31","Lahat Selatan","16.04.31.2004","Nantal"
"16","Sumatera Selatan","16.04","Kabupaten Lahat","16.04.31","Lahat Selatan","16.04.31.2005","Karang Anyar"
"16","Sumatera Selatan","16.04","Kabupaten Lahat","16.04.31","Lahat Selatan","16.04.31.2006","Karang Baru"
"16","Sumatera Selatan","16.04","Kabupaten Lahat","16.04.31","Lahat Selatan","16.04.31.2007","Kerung"
"16","Sumatera Selatan","16.04","Kabupaten Lahat","16.04.31","Lahat Selatan","16.04.31.2008","Muara Cawang"
"16","Sumatera Selatan","16.04","Kabupaten Lahat","16.04.31","Lahat Selatan","16.04.31.2009","Talang Sawah"
"16","Sumatera Selatan","16.04","Kabupaten Lahat","16.04.31","Lahat Selatan","16.04.31.2010","Talang Sejemput"
"16","Sumatera Selatan","16.05","Kabupaten Musi Rawas","16.05.01","Tugumulyo","16.05.01.1001","B. Srikaton"
"16","Sumatera Selatan","16.05","Kabupaten Musi Rawas","16.05.01","Tugumulyo","16.05.01.2002","Surodadi"
"16","Sumatera Selatan","16.05","Kabupaten Musi Rawas","16.05.01","Tugumulyo","16.05.01.2003","Tegal Rejo"
"16","Sumatera Selatan","16.05","Kabupaten Musi Rawas","16.05.01","Tugumulyo","16.05.01.2004","Trikoyo"
"16","Sumatera Selatan","16.05","Kabupaten Musi Rawas","16.05.01","Tugumulyo","16.05.01.2005","Kalibening"
"16","Sumatera Selatan","16.05","Kabupaten Musi Rawas","16.05.01","Tugumulyo","16.05.01.2006","Widodo"
"16","Sumatera Selatan","16.05","Kabupaten Musi Rawas","16.05.01","Tugumulyo","16.05.01.2007","Wonokerto"
"16","Sumatera Selatan","16.05","Kabupaten Musi Rawas","16.05.01","Tugumulyo","16.05.01.2008","Nawangsasi"
"16","Sumatera Selatan","16.05","Kabupaten Musi Rawas","16.05.01","Tugumulyo","16.05.01.2009","Sukomulyo"
"16","Sumatera Selatan","16.05","Kabupaten Musi Rawas","16.05.01","Tugumulyo","16.05.01.2010","Wukirsari"
"16","Sumatera Selatan","16.05","Kabupaten Musi Rawas","16.05.01","Tugumulyo","16.05.01.2011","Ngadirejo"
"16","Sumatera Selatan","16.05","Kabupaten Musi Rawas","16.05.01","Tugumulyo","16.05.01.2012","Dwijaya"
"16","Sumatera Selatan","16.05","Kabupaten Musi Rawas","16.05.01","Tugumulyo","16.05.01.2013","Siti Harjo"
"16","Sumatera Selatan","16.05","Kabupaten Musi Rawas","16.05.01","Tugumulyo","16.05.01.2014","Mataram"
"16","Sumatera Selatan","16.05","Kabupaten Musi Rawas","16.05.01","Tugumulyo","16.05.01.2015","Tambahasri"
"16","Sumatera Selatan","16.05","Kabupaten Musi Rawas","16.05.01","Tugumulyo","16.05.01.2016","Wonorejo"
"16","Sumatera Selatan","16.05","Kabupaten Musi Rawas","16.05.01","Tugumulyo","16.05.01.2017","Sidoharjo"
"16","Sumatera Selatan","16.05","Kabupaten Musi Rawas","16.05.01","Tugumulyo","16.05.01.2018","Triwikaton"
"16","Sumatera Selatan","16.05","Kabupaten Musi Rawas","16.05.02","Muara Lakitan","16.05.02.1019","Muara Lakitan"
"16","Sumatera Selatan","16.05","Kabupaten Musi Rawas","16.05.02","Muara Lakitan","16.05.02.2001","Tri Anggun Jaya"
"16","Sumatera Selatan","16.05","Kabupaten Musi Rawas","16.05.02","Muara Lakitan","16.05.02.2002","Semangus"
"16","Sumatera Selatan","16.05","Kabupaten Musi Rawas","16.05.02","Muara Lakitan","16.05.02.2003","Anyar"
"16","Sumatera Selatan","16.05","Kabupaten Musi Rawas","16.05.02","Muara Lakitan","16.05.02.2004","Muara Rengas"
"16","Sumatera Selatan","16.05","Kabupaten Musi Rawas","16.05.02","Muara Lakitan","16.05.02.2005","Sungai Pinang"
"16","Sumatera Selatan","16.05","Kabupaten Musi Rawas","16.05.02","Muara Lakitan","16.05.02.2006","Semeteh"
"16","Sumatera Selatan","16.05","Kabupaten Musi Rawas","16.05.02","Muara Lakitan","16.05.02.2007","Prabumulih II"
"16","Sumatera Selatan","16.05","Kabupaten Musi Rawas","16.05.02","Muara Lakitan","16.05.02.2008","Prabumulih I"
"16","Sumatera Selatan","16.05","Kabupaten Musi Rawas","16.05.02","Muara Lakitan","16.05.02.2009","Lubuk Pandan"
"16","Sumatera Selatan","16.05","Kabupaten Musi Rawas","16.05.02","Muara Lakitan","16.05.02.2010","Pelita Jaya"
"16","Sumatera Selatan","16.05","Kabupaten Musi Rawas","16.05.02","Muara Lakitan","16.05.02.2011","Sidomulyo"
"16","Sumatera Selatan","16.05","Kabupaten Musi Rawas","16.05.02","Muara Lakitan","16.05.02.2012","Marga Baru"
"16","Sumatera Selatan","16.05","Kabupaten Musi Rawas","16.05.02","Muara Lakitan","16.05.02.2013","Pendingan"
"16","Sumatera Selatan","16.05","Kabupaten Musi Rawas","16.05.02","Muara Lakitan","16.05.02.2014","Bumi Makmur"
"16","Sumatera Selatan","16.05","Kabupaten Musi Rawas","16.05.02","Muara Lakitan","16.05.02.2015","Mukti Karya"
"16","Sumatera Selatan","16.05","Kabupaten Musi Rawas","16.05.02","Muara Lakitan","16.05.02.2016","Harapan Makmur"
"16","Sumatera Selatan","16.05","Kabupaten Musi Rawas","16.05.02","Muara Lakitan","16.05.02.2017","Pian Raya"
"16","Sumatera Selatan","16.05","Kabupaten Musi Rawas","16.05.02","Muara Lakitan","16.05.02.2018","Sindang Laya"
"16","Sumatera Selatan","16.05","Kabupaten Musi Rawas","16.05.02","Muara Lakitan","16.05.02.2020","Semanggus Baru"
"16","Sumatera Selatan","16.05","Kabupaten Musi Rawas","16.05.03","Muara Kelingi","16.05.03.1013","Muara Kelingi"
"16","Sumatera Selatan","16.05","Kabupaten Musi Rawas","16.05.03","Muara Kelingi","16.05.03.2001","Binjai"
"16","Sumatera Selatan","16.05","Kabupaten Musi Rawas","16.05.03","Muara Kelingi","16.05.03.2002","Pulau Panggung"
"16","Sumatera Selatan","16.05","Kabupaten Musi Rawas","16.05.03","Muara Kelingi","16.05.03.2003","Tanjung Lama"
"16","Sumatera Selatan","16.05","Kabupaten Musi Rawas","16.05.03","Muara Kelingi","16.05.03.2012","Mandi Aur"
"16","Sumatera Selatan","16.05","Kabupaten Musi Rawas","16.05.03","Muara Kelingi","16.05.03.2014","Lubuk Tua"
"16","Sumatera Selatan","16.05","Kabupaten Musi Rawas","16.05.03","Muara Kelingi","16.05.03.2015","Mambang"
"16","Sumatera Selatan","16.05","Kabupaten Musi Rawas","16.05.03","Muara Kelingi","16.05.03.2016","Bingin Janggut"
"16","Sumatera Selatan","16.05","Kabupaten Musi Rawas","16.05.03","Muara Kelingi","16.05.03.2017","Tugu Sempurna"
"16","Sumatera Selatan","16.05","Kabupaten Musi Rawas","16.05.03","Muara Kelingi","16.05.03.2019","Marga Sakti"
"16","Sumatera Selatan","16.05","Kabupaten Musi Rawas","16.05.03","Muara Kelingi","16.05.03.2021","Karya Sakti"
"16","Sumatera Selatan","16.05","Kabupaten Musi Rawas","16.05.03","Muara Kelingi","16.05.03.2022","Petrans Jaya"
"16","Sumatera Selatan","16.05","Kabupaten Musi Rawas","16.05.03","Muara Kelingi","16.05.03.2023","Karya Mukti"
"16","Sumatera Selatan","16.05","Kabupaten Musi Rawas","16.05.03","Muara Kelingi","16.05.03.2024","Beliti Jaya"
"16","Sumatera Selatan","16.05","Kabupaten Musi Rawas","16.05.03","Muara Kelingi","16.05.03.2026","Karya Teladan"
"16","Sumatera Selatan","16.05","Kabupaten Musi Rawas","16.05.03","Muara Kelingi","16.05.03.2027","Temuan Sari"
"16","Sumatera Selatan","16.05","Kabupaten Musi Rawas","16.05.03","Muara Kelingi","16.05.03.2028","Temuan Jaya"
"16","Sumatera Selatan","16.05","Kabupaten Musi Rawas","16.05.03","Muara Kelingi","16.05.03.2029","Mekar Sari"
"16","Sumatera Selatan","16.05","Kabupaten Musi Rawas","16.05.03","Muara Kelingi","16.05.03.2030","Mangan Jaya"
"16","Sumatera Selatan","16.05","Kabupaten Musi Rawas","16.05.03","Muara Kelingi","16.05.03.2031","Lubuk Muda"
"16","Sumatera Selatan","16.05","Kabupaten Musi Rawas","16.05.03","Muara Kelingi","16.05.03.2032","Sukamenang"
"16","Sumatera Selatan","16.05","Kabupaten Musi Rawas","16.05.08","Jayaloka","16.05.08.1006","Marga Tunggal"
"16","Sumatera Selatan","16.05","Kabupaten Musi Rawas","16.05.08","Jayaloka","16.05.08.2001","Giri Yoso"
"16","Sumatera Selatan","16.05","Kabupaten Musi Rawas","16.05.08","Jayaloka","16.05.08.2002","Kertosono"
"16","Sumatera Selatan","16.05","Kabupaten Musi Rawas","16.05.08","Jayaloka","16.05.08.2003","Margoyoso"
"16","Sumatera Selatan","16.05","Kabupaten Musi Rawas","16.05.08","Jayaloka","16.05.08.2004","Bumi Rejo"
"16","Sumatera Selatan","16.05","Kabupaten Musi Rawas","16.05.08","Jayaloka","16.05.08.2005","Sidodadi"
"16","Sumatera Selatan","16.05","Kabupaten Musi Rawas","16.05.08","Jayaloka","16.05.08.2007","Marga Tani"
"16","Sumatera Selatan","16.05","Kabupaten Musi Rawas","16.05.08","Jayaloka","16.05.08.2008","Sukowono"
"16","Sumatera Selatan","16.05","Kabupaten Musi Rawas","16.05.08","Jayaloka","16.05.08.2010","Purwodadi"
"16","Sumatera Selatan","16.05","Kabupaten Musi Rawas","16.05.08","Jayaloka","16.05.08.2012","Dono Rejo"
"16","Sumatera Selatan","16.05","Kabupaten Musi Rawas","16.05.08","Jayaloka","16.05.08.2015","Ngesti Boga I"
"16","Sumatera Selatan","16.05","Kabupaten Musi Rawas","16.05.08","Jayaloka","16.05.08.2016","Ngesti Boga II"
"16","Sumatera Selatan","16.05","Kabupaten Musi Rawas","16.05.08","Jayaloka","16.05.08.2020","Ngestikarya"
"16","Sumatera Selatan","16.05","Kabupaten Musi Rawas","16.05.09","Muara Beliti","16.05.09.1003","Pasar Muara Beliti"
"16","Sumatera Selatan","16.05","Kabupaten Musi Rawas","16.05.09","Muara Beliti","16.05.09.2001","Pedang"
"16","Sumatera Selatan","16.05","Kabupaten Musi Rawas","16.05.09","Muara Beliti","16.05.09.2002","Muara Beliti Baru"
"16","Sumatera Selatan","16.05","Kabupaten Musi Rawas","16.05.09","Muara Beliti","16.05.09.2004","Mana Resmi"
"16","Sumatera Selatan","16.05","Kabupaten Musi Rawas","16.05.09","Muara Beliti","16.05.09.2005","Bumi Agung"
"16","Sumatera Selatan","16.05","Kabupaten Musi Rawas","16.05.09","Muara Beliti","16.05.09.2014","Suro"
"16","Sumatera Selatan","16.05","Kabupaten Musi Rawas","16.05.09","Muara Beliti","16.05.09.2015","Tanah Periuk"
"16","Sumatera Selatan","16.05","Kabupaten Musi Rawas","16.05.09","Muara Beliti","16.05.09.2016","Ketuan Jaya"
"16","Sumatera Selatan","16.05","Kabupaten Musi Rawas","16.05.09","Muara Beliti","16.05.09.2017","Air Satan"
"16","Sumatera Selatan","16.05","Kabupaten Musi Rawas","16.05.09","Muara Beliti","16.05.09.2018","Durian Remuk"
"16","Sumatera Selatan","16.05","Kabupaten Musi Rawas","16.05.09","Muara Beliti","16.05.09.2019","Satan Indah Jaya"
"16","Sumatera Selatan","16.05","Kabupaten Musi Rawas","16.05.09","Muara Beliti","16.05.09.2020","Air Lesing"
"16","Sumatera Selatan","16.05","Kabupaten Musi Rawas","16.05.10","STL Ulu Terawas","16.05.10.1017","Terawas"
"16","Sumatera Selatan","16.05","Kabupaten Musi Rawas","16.05.10","STL Ulu Terawas","16.05.10.2001","Sumber Karya"
"16","Sumatera Selatan","16.05","Kabupaten Musi Rawas","16.05.10","STL Ulu Terawas","16.05.10.2002","Suko Rejo"
"16","Sumatera Selatan","16.05","Kabupaten Musi Rawas","16.05.10","STL Ulu Terawas","16.05.10.2003","Suka Karya"
"16","Sumatera Selatan","16.05","Kabupaten Musi Rawas","16.05.10","STL Ulu Terawas","16.05.10.2011","Sri Mulyo"
"16","Sumatera Selatan","16.05","Kabupaten Musi Rawas","16.05.10","STL Ulu Terawas","16.05.10.2014","Sukamerindu"
"16","Sumatera Selatan","16.05","Kabupaten Musi Rawas","16.05.10","STL Ulu Terawas","16.05.10.2015","Paduraksa"
"16","Sumatera Selatan","16.05","Kabupaten Musi Rawas","16.05.10","STL Ulu Terawas","16.05.10.2016","Babat"
"16","Sumatera Selatan","16.05","Kabupaten Musi Rawas","16.05.10","STL Ulu Terawas","16.05.10.2018","Pasenan"
"16","Sumatera Selatan","16.05","Kabupaten Musi Rawas","16.05.10","STL Ulu Terawas","16.05.10.2019","Sukaraya"
"16","Sumatera Selatan","16.05","Kabupaten Musi Rawas","16.05.10","STL Ulu Terawas","16.05.10.2020","Sukamana"
"16","Sumatera Selatan","16.05","Kabupaten Musi Rawas","16.05.10","STL Ulu Terawas","16.05.10.2021","Kosgoro"
"16","Sumatera Selatan","16.05","Kabupaten Musi Rawas","16.05.10","STL Ulu Terawas","16.05.10.2022","Sukaraya Baru"
"16","Sumatera Selatan","16.05","Kabupaten Musi Rawas","16.05.11","Selangit","16.05.11.1001","Selangit"
"16","Sumatera Selatan","16.05","Kabupaten Musi Rawas","16.05.11","Selangit","16.05.11.2002","Lubuk Ngin"
"16","Sumatera Selatan","16.05","Kabupaten Musi Rawas","16.05.11","Selangit","16.05.11.2003","Napal Melintang"
"16","Sumatera Selatan","16.05","Kabupaten Musi Rawas","16.05.11","Selangit","16.05.11.2004","Taba Tengah"
"16","Sumatera Selatan","16.05","Kabupaten Musi Rawas","16.05.11","Selangit","16.05.11.2005","Taba Remanik"
"16","Sumatera Selatan","16.05","Kabupaten Musi Rawas","16.05.11","Selangit","16.05.11.2006","Batu Gane"
"16","Sumatera Selatan","16.05","Kabupaten Musi Rawas","16.05.11","Selangit","16.05.11.2007","Karang Panggung"
"16","Sumatera Selatan","16.05","Kabupaten Musi Rawas","16.05.11","Selangit","16.05.11.2008","Muara Nilau"
"16","Sumatera Selatan","16.05","Kabupaten Musi Rawas","16.05.11","Selangit","16.05.11.2009","Perabumenang"
"16","Sumatera Selatan","16.05","Kabupaten Musi Rawas","16.05.11","Selangit","16.05.11.2010","Taba Rena"
"16","Sumatera Selatan","16.05","Kabupaten Musi Rawas","16.05.11","Selangit","16.05.11.2011","Taba Gindo"
"16","Sumatera Selatan","16.05","Kabupaten Musi Rawas","16.05.11","Selangit","16.05.11.2012","Lubuk Ngin Baru"
"16","Sumatera Selatan","16.05","Kabupaten Musi Rawas","16.05.12","Megang Sakti","16.05.12.1001","Megang Sakti I"
"16","Sumatera Selatan","16.05","Kabupaten Musi Rawas","16.05.12","Megang Sakti","16.05.12.1021","Talang Ubi"
"16","Sumatera Selatan","16.05","Kabupaten Musi Rawas","16.05.12","Megang Sakti","16.05.12.2002","Muara Megang"
"16","Sumatera Selatan","16.05","Kabupaten Musi Rawas","16.05.12","Megang Sakti","16.05.12.2003","Megang Sakti II"
"16","Sumatera Selatan","16.05","Kabupaten Musi Rawas","16.05.12","Megang Sakti","16.05.12.2004","Megang Sakti III"
"16","Sumatera Selatan","16.05","Kabupaten Musi Rawas","16.05.12","Megang Sakti","16.05.12.2005","Megang Sakti IV"
"16","Sumatera Selatan","16.05","Kabupaten Musi Rawas","16.05.12","Megang Sakti","16.05.12.2006","Jajaran Baru"
"16","Sumatera Selatan","16.05","Kabupaten Musi Rawas","16.05.12","Megang Sakti","16.05.12.2007","Sumber Rejo"
"16","Sumatera Selatan","16.05","Kabupaten Musi Rawas","16.05.12","Megang Sakti","16.05.12.2008","Rejo Sari"
"16","Sumatera Selatan","16.05","Kabupaten Musi Rawas","16.05.12","Megang Sakti","16.05.12.2009","Mekar Sari"
"16","Sumatera Selatan","16.05","Kabupaten Musi Rawas","16.05.12","Megang Sakti","16.05.12.2010","Campur Sari"
"16","Sumatera Selatan","16.05","Kabupaten Musi Rawas","16.05.12","Megang Sakti","16.05.12.2011","Tegal Sari"
"16","Sumatera Selatan","16.05","Kabupaten Musi Rawas","16.05.12","Megang Sakti","16.05.12.2012","Marga Puspita"
"16","Sumatera Selatan","16.05","Kabupaten Musi Rawas","16.05.12","Megang Sakti","16.05.12.2013","Megang Sakti V"
"16","Sumatera Selatan","16.05","Kabupaten Musi Rawas","16.05.12","Megang Sakti","16.05.12.2014","Pagar Ayu"
"16","Sumatera Selatan","16.05","Kabupaten Musi Rawas","16.05.12","Megang Sakti","16.05.12.2015","Karya Mulia"
"16","Sumatera Selatan","16.05","Kabupaten Musi Rawas","16.05.12","Megang Sakti","16.05.12.2016","Wonosari"
"16","Sumatera Selatan","16.05","Kabupaten Musi Rawas","16.05.12","Megang Sakti","16.05.12.2017","Trisakti"
"16","Sumatera Selatan","16.05","Kabupaten Musi Rawas","16.05.12","Megang Sakti","16.05.12.2018","Jajaran Baru II"
"16","Sumatera Selatan","16.05","Kabupaten Musi Rawas","16.05.12","Megang Sakti","16.05.12.2019","Muara Megang I"
"16","Sumatera Selatan","16.05","Kabupaten Musi Rawas","16.05.12","Megang Sakti","16.05.12.2020","Mulyo Sari"
"16","Sumatera Selatan","16.05","Kabupaten Musi Rawas","16.05.13","Purwodadi","16.05.13.1005","Purwodadi"
"16","Sumatera Selatan","16.05","Kabupaten Musi Rawas","16.05.13","Purwodadi","16.05.13.1007","Mangun Harjo"
"16","Sumatera Selatan","16.05","Kabupaten Musi Rawas","16.05.13","Purwodadi","16.05.13.2001","Bangun Sari"
"16","Sumatera Selatan","16.05","Kabupaten Musi Rawas","16.05.13","Purwodadi","16.05.13.2002","Kerto Sari"
"16","Sumatera Selatan","16.05","Kabupaten Musi Rawas","16.05.13","Purwodadi","16.05.13.2003","Pagar Sari"
"16","Sumatera Selatan","16.05","Kabupaten Musi Rawas","16.05.13","Purwodadi","16.05.13.2004","Mardi Harjo"
"16","Sumatera Selatan","16.05","Kabupaten Musi Rawas","16.05.13","Purwodadi","16.05.13.2006","Karya Dadi"
"16","Sumatera Selatan","16.05","Kabupaten Musi Rawas","16.05.13","Purwodadi","16.05.13.2008","Rejo Sari"
"16","Sumatera Selatan","16.05","Kabupaten Musi Rawas","16.05.13","Purwodadi","16.05.13.2009","Sadar Karya"
"16","Sumatera Selatan","16.05","Kabupaten Musi Rawas","16.05.13","Purwodadi","16.05.13.2010","Purwakarya"
"16","Sumatera Selatan","16.05","Kabupaten Musi Rawas","16.05.13","Purwodadi","16.05.13.2011","Tri Karya"
"16","Sumatera Selatan","16.05","Kabupaten Musi Rawas","16.05.14","BTS. Ulu","16.05.14.1017","Bangun Jaya"
"16","Sumatera Selatan","16.05","Kabupaten Musi Rawas","16.05.14","BTS. Ulu","16.05.14.2001","Kembang Tanjung"
"16","Sumatera Selatan","16.05","Kabupaten Musi Rawas","16.05.14","BTS. Ulu","16.05.14.2002","Gn. Kembang Baru"
"16","Sumatera Selatan","16.05","Kabupaten Musi Rawas","16.05.14","BTS. Ulu","16.05.14.2003","Gn. Kembang Lama"
"16","Sumatera Selatan","16.05","Kabupaten Musi Rawas","16.05.14","BTS. Ulu","16.05.14.2004","Sungai Bunut"
"16","Sumatera Selatan","16.05","Kabupaten Musi Rawas","16.05.14","BTS. Ulu","16.05.14.2005","Sungai Naik"
"16","Sumatera Selatan","16.05","Kabupaten Musi Rawas","16.05.14","BTS. Ulu","16.05.14.2006","Pangkalan T. Lama"
"16","Sumatera Selatan","16.05","Kabupaten Musi Rawas","16.05.14","BTS. Ulu","16.05.14.2007","Sadu"
"16","Sumatera Selatan","16.05","Kabupaten Musi Rawas","16.05.14","BTS. Ulu","16.05.14.2008","Tambangan"
"16","Sumatera Selatan","16.05","Kabupaten Musi Rawas","16.05.14","BTS. Ulu","16.05.14.2009","Pelawe"
"16","Sumatera Selatan","16.05","Kabupaten Musi Rawas","16.05.14","BTS. Ulu","16.05.14.2010","Lubuk Pauh"
"16","Sumatera Selatan","16.05","Kabupaten Musi Rawas","16.05.14","BTS. Ulu","16.05.14.2011","Tri Jaya"
"16","Sumatera Selatan","16.05","Kabupaten Musi Rawas","16.05.14","BTS. Ulu","16.05.14.2012","Mulyo Harjo"
"16","Sumatera Selatan","16.05","Kabupaten Musi Rawas","16.05.14","BTS. Ulu","16.05.14.2013","Suka Makmur"
"16","Sumatera Selatan","16.05","Kabupaten Musi Rawas","16.05.14","BTS. Ulu","16.05.14.2014","Raksa Budi"
"16","Sumatera Selatan","16.05","Kabupaten Musi Rawas","16.05.14","BTS. Ulu","16.05.14.2015","Kota Baru"
"16","Sumatera Selatan","16.05","Kabupaten Musi Rawas","16.05.14","BTS. Ulu","16.05.14.2016","Trimukti"
"16","Sumatera Selatan","16.05","Kabupaten Musi Rawas","16.05.14","BTS. Ulu","16.05.14.2018","Mekar Jaya"
"16","Sumatera Selatan","16.05","Kabupaten Musi Rawas","16.05.14","BTS. Ulu","16.05.14.2019","Sembatu Jaya"
"16","Sumatera Selatan","16.05","Kabupaten Musi Rawas","16.05.18","Tiang Pumpung Kepungut","16.05.18.2001","Lubuk Besar"
"16","Sumatera Selatan","16.05","Kabupaten Musi Rawas","16.05.18","Tiang Pumpung Kepungut","16.05.18.2002","Batu Bandung"
"16","Sumatera Selatan","16.05","Kabupaten Musi Rawas","16.05.18","Tiang Pumpung Kepungut","16.05.18.2003","Rantau Bingin"
"16","Sumatera Selatan","16.05","Kabupaten Musi Rawas","16.05.18","Tiang Pumpung Kepungut","16.05.18.2004","Rantau Serik"
"16","Sumatera Selatan","16.05","Kabupaten Musi Rawas","16.05.18","Tiang Pumpung Kepungut","16.05.18.2005","Muara Kati Lama"
"16","Sumatera Selatan","16.05","Kabupaten Musi Rawas","16.05.18","Tiang Pumpung Kepungut","16.05.18.2006","Muara Kati Baru I"
"16","Sumatera Selatan","16.05","Kabupaten Musi Rawas","16.05.18","Tiang Pumpung Kepungut","16.05.18.2007","Muara Kati Baru II"
"16","Sumatera Selatan","16.05","Kabupaten Musi Rawas","16.05.18","Tiang Pumpung Kepungut","16.05.18.2008","Kebur"
"16","Sumatera Selatan","16.05","Kabupaten Musi Rawas","16.05.18","Tiang Pumpung Kepungut","16.05.18.2009","Simpang Gegas Temuan"
"16","Sumatera Selatan","16.05","Kabupaten Musi Rawas","16.05.18","Tiang Pumpung Kepungut","16.05.18.2010","Kebur Jaya"
"16","Sumatera Selatan","16.05","Kabupaten Musi Rawas","16.05.19","Sumber Harta","16.05.19.1002","Sumber Harta"
"16","Sumatera Selatan","16.05","Kabupaten Musi Rawas","16.05.19","Sumber Harta","16.05.19.2001","Sumber Jaya"
"16","Sumatera Selatan","16.05","Kabupaten Musi Rawas","16.05.19","Sumber Harta","16.05.19.2003","Sukamaju"
"16","Sumatera Selatan","16.05","Kabupaten Musi Rawas","16.05.19","Sumber Harta","16.05.19.2004","Jamburejo"
"16","Sumatera Selatan","16.05","Kabupaten Musi Rawas","16.05.19","Sumber Harta","16.05.19.2005","Sumber Sari"
"16","Sumatera Selatan","16.05","Kabupaten Musi Rawas","16.05.19","Sumber Harta","16.05.19.2006","Suka Mulya"
"16","Sumatera Selatan","16.05","Kabupaten Musi Rawas","16.05.19","Sumber Harta","16.05.19.2007","Sukajaya"
"16","Sumatera Selatan","16.05","Kabupaten Musi Rawas","16.05.19","Sumber Harta","16.05.19.2008","Madang"
"16","Sumatera Selatan","16.05","Kabupaten Musi Rawas","16.05.19","Sumber Harta","16.05.19.2009","Sukarami Jaya"
"16","Sumatera Selatan","16.05","Kabupaten Musi Rawas","16.05.19","Sumber Harta","16.05.19.2010","Sumber Asri"
"16","Sumatera Selatan","16.05","Kabupaten Musi Rawas","16.05.20","Tuah Negeri","16.05.20.2001","Banpres"
"16","Sumatera Selatan","16.05","Kabupaten Musi Rawas","16.05.20","Tuah Negeri","16.05.20.2002","Jaya Tunggal"
"16","Sumatera Selatan","16.05","Kabupaten Musi Rawas","16.05.20","Tuah Negeri","16.05.20.2003","Sukamulya"
"16","Sumatera Selatan","16.05","Kabupaten Musi Rawas","16.05.20","Tuah Negeri","16.05.20.2004","Darma Sakti"
"16","Sumatera Selatan","16.05","Kabupaten Musi Rawas","16.05.20","Tuah Negeri","16.05.20.2005","Jaya Bhakti"
"16","Sumatera Selatan","16.05","Kabupaten Musi Rawas","16.05.20","Tuah Negeri","16.05.20.2006","Remayu"
"16","Sumatera Selatan","16.05","Kabupaten Musi Rawas","16.05.20","Tuah Negeri","16.05.20.2007","Petunang"
"16","Sumatera Selatan","16.05","Kabupaten Musi Rawas","16.05.20","Tuah Negeri","16.05.20.2008","Lubuk Rumbai"
"16","Sumatera Selatan","16.05","Kabupaten Musi Rawas","16.05.20","Tuah Negeri","16.05.20.2009","Air Beliti"
"16","Sumatera Selatan","16.05","Kabupaten Musi Rawas","16.05.20","Tuah Negeri","16.05.20.2010","Leban Jaya"
"16","Sumatera Selatan","16.05","Kabupaten Musi Rawas","16.05.20","Tuah Negeri","16.05.20.2011","Bamasco"
"16","Sumatera Selatan","16.05","Kabupaten Musi Rawas","16.05.21","Suka Karya","16.05.21.2001","Sukowarno"
"16","Sumatera Selatan","16.05","Kabupaten Musi Rawas","16.05.21","Suka Karya","16.05.21.2002","Sugih Waras"
"16","Sumatera Selatan","16.05","Kabupaten Musi Rawas","16.05.21","Suka Karya","16.05.21.2003","Bangun Rejo"
"16","Sumatera Selatan","16.05","Kabupaten Musi Rawas","16.05.21","Suka Karya","16.05.21.2004","Ciptodadi"
"16","Sumatera Selatan","16.05","Kabupaten Musi Rawas","16.05.21","Suka Karya","16.05.21.2005","Sukarena"
"16","Sumatera Selatan","16.05","Kabupaten Musi Rawas","16.05.21","Suka Karya","16.05.21.2006","Yudha Karya Bakti"
"16","Sumatera Selatan","16.05","Kabupaten Musi Rawas","16.05.21","Suka Karya","16.05.21.2007","Rantau Alih"
"16","Sumatera Selatan","16.05","Kabupaten Musi Rawas","16.05.21","Suka Karya","16.05.21.2008","Ciptodadi II"
"16","Sumatera Selatan","16.06","Kabupaten Musi Banyuasin","16.06.01","Sekayu","16.06.01.1009","Kayu Ara"
"16","Sumatera Selatan","16.06","Kabupaten Musi Banyuasin","16.06.01","Sekayu","16.06.01.1010","Serasan Jaya"
"16","Sumatera Selatan","16.06","Kabupaten Musi Banyuasin","16.06.01","Sekayu","16.06.01.1011","Soak baru"
"16","Sumatera Selatan","16.06","Kabupaten Musi Banyuasin","16.06.01","Sekayu","16.06.01.1012","Balai Agung"
"16","Sumatera Selatan","16.06","Kabupaten Musi Banyuasin","16.06.01","Sekayu","16.06.01.2001","Sukarami"
"16","Sumatera Selatan","16.06","Kabupaten Musi Banyuasin","16.06.01","Sekayu","16.06.01.2002","Lumpatan"
"16","Sumatera Selatan","16.06","Kabupaten Musi Banyuasin","16.06.01","Sekayu","16.06.01.2003","Bailangu"
"16","Sumatera Selatan","16.06","Kabupaten Musi Banyuasin","16.06.01","Sekayu","16.06.01.2004","Muara Teladan"
"16","Sumatera Selatan","16.06","Kabupaten Musi Banyuasin","16.06.01","Sekayu","16.06.01.2005","Bandar Jaya"
"16","Sumatera Selatan","16.06","Kabupaten Musi Banyuasin","16.06.01","Sekayu","16.06.01.2006","Sungai Medak"
"16","Sumatera Selatan","16.06","Kabupaten Musi Banyuasin","16.06.01","Sekayu","16.06.01.2007","Sungai Batang"
"16","Sumatera Selatan","16.06","Kabupaten Musi Banyuasin","16.06.01","Sekayu","16.06.01.2008","Rimba Ukur"
"16","Sumatera Selatan","16.06","Kabupaten Musi Banyuasin","16.06.01","Sekayu","16.06.01.2013","Lumpatan 2"
"16","Sumatera Selatan","16.06","Kabupaten Musi Banyuasin","16.06.01","Sekayu","16.06.01.2014","Baliangu Timur"
"16","Sumatera Selatan","16.06","Kabupaten Musi Banyuasin","16.06.02","Lais","16.06.02.2001","Danau Cala"
"16","Sumatera Selatan","16.06","Kabupaten Musi Banyuasin","16.06.02","Lais","16.06.02.2002","Rantau Keroya"
"16","Sumatera Selatan","16.06","Kabupaten Musi Banyuasin","16.06.02","Lais","16.06.02.2003","Tanjung Agung Timur"
"16","Sumatera Selatan","16.06","Kabupaten Musi Banyuasin","16.06.02","Lais","16.06.02.2004","Petaling"
"16","Sumatera Selatan","16.06","Kabupaten Musi Banyuasin","16.06.02","Lais","16.06.02.2005","Lais"
"16","Sumatera Selatan","16.06","Kabupaten Musi Banyuasin","16.06.02","Lais","16.06.02.2006","Teluk"
"16","Sumatera Selatan","16.06","Kabupaten Musi Banyuasin","16.06.02","Lais","16.06.02.2007","Epil"
"16","Sumatera Selatan","16.06","Kabupaten Musi Banyuasin","16.06.02","Lais","16.06.02.2008","Purwosari"
"16","Sumatera Selatan","16.06","Kabupaten Musi Banyuasin","16.06.02","Lais","16.06.02.2009","Teluk Kijing I"
"16","Sumatera Selatan","16.06","Kabupaten Musi Banyuasin","16.06.02","Lais","16.06.02.2010","Teluk Kijing II"
"16","Sumatera Selatan","16.06","Kabupaten Musi Banyuasin","16.06.02","Lais","16.06.02.2011","Teluk Kijing III"
"16","Sumatera Selatan","16.06","Kabupaten Musi Banyuasin","16.06.02","Lais","16.06.02.2012","Tanjung Agung Utara"
"16","Sumatera Selatan","16.06","Kabupaten Musi Banyuasin","16.06.02","Lais","16.06.02.2013","Tanjung Agung Barat"
"16","Sumatera Selatan","16.06","Kabupaten Musi Banyuasin","16.06.02","Lais","16.06.02.2014","Tanjung Agung Selatan"
"16","Sumatera Selatan","16.06","Kabupaten Musi Banyuasin","16.06.02","Lais","16.06.02.2015","Lais Utara"
"16","Sumatera Selatan","16.06","Kabupaten Musi Banyuasin","16.06.02","Lais","16.06.02.2016","Epil Barat"
"16","Sumatera Selatan","16.06","Kabupaten Musi Banyuasin","16.06.03","Sungai Keruh","16.06.03.2002","Pagar Kaya"
"16","Sumatera Selatan","16.06","Kabupaten Musi Banyuasin","16.06.03","Sungai Keruh","16.06.03.2003","Sukalali"
"16","Sumatera Selatan","16.06","Kabupaten Musi Banyuasin","16.06.03","Sungai Keruh","16.06.03.2004","Kartayu"
"16","Sumatera Selatan","16.06","Kabupaten Musi Banyuasin","16.06.03","Sungai Keruh","16.06.03.2006","Sungai Dua"
"16","Sumatera Selatan","16.06","Kabupaten Musi Banyuasin","16.06.03","Sungai Keruh","16.06.03.2007","Sindang Marga"
"16","Sumatera Selatan","16.06","Kabupaten Musi Banyuasin","16.06.03","Sungai Keruh","16.06.03.2008","Tebing Bulang"
"16","Sumatera Selatan","16.06","Kabupaten Musi Banyuasin","16.06.03","Sungai Keruh","16.06.03.2009","Gajah Mati"
"16","Sumatera Selatan","16.06","Kabupaten Musi Banyuasin","16.06.03","Sungai Keruh","16.06.03.2010","Rantau Sialang"
"16","Sumatera Selatan","16.06","Kabupaten Musi Banyuasin","16.06.03","Sungai Keruh","16.06.03.2014","Kerta Jaya"
"16","Sumatera Selatan","16.06","Kabupaten Musi Banyuasin","16.06.03","Sungai Keruh","16.06.03.2015","Keramat Jaya"
"16","Sumatera Selatan","16.06","Kabupaten Musi Banyuasin","16.06.04","Batang Hari Leko","16.06.04.2001","Bukit Sejahtera"
"16","Sumatera Selatan","16.06","Kabupaten Musi Banyuasin","16.06.04","Batang Hari Leko","16.06.04.2002","Bukit Pangkuasan"
"16","Sumatera Selatan","16.06","Kabupaten Musi Banyuasin","16.06.04","Batang Hari Leko","16.06.04.2003","Tanah Abang"
"16","Sumatera Selatan","16.06","Kabupaten Musi Banyuasin","16.06.04","Batang Hari Leko","16.06.04.2004","Talang Leban"
"16","Sumatera Selatan","16.06","Kabupaten Musi Banyuasin","16.06.04","Batang Hari Leko","16.06.04.2005","Talang Buluh"
"16","Sumatera Selatan","16.06","Kabupaten Musi Banyuasin","16.06.04","Batang Hari Leko","16.06.04.2006","Lubuk Buah"
"16","Sumatera Selatan","16.06","Kabupaten Musi Banyuasin","16.06.04","Batang Hari Leko","16.06.04.2007","Sungai Napal"
"16","Sumatera Selatan","16.06","Kabupaten Musi Banyuasin","16.06.04","Batang Hari Leko","16.06.04.2008","Lubuk Bintialo"
"16","Sumatera Selatan","16.06","Kabupaten Musi Banyuasin","16.06.04","Batang Hari Leko","16.06.04.2009","Sako Suban"
"16","Sumatera Selatan","16.06","Kabupaten Musi Banyuasin","16.06.04","Batang Hari Leko","16.06.04.2010","Bukit Selabu"
"16","Sumatera Selatan","16.06","Kabupaten Musi Banyuasin","16.06.04","Batang Hari Leko","16.06.04.2011","Saut"
"16","Sumatera Selatan","16.06","Kabupaten Musi Banyuasin","16.06.04","Batang Hari Leko","16.06.04.2012","Tanjung Bali"
"16","Sumatera Selatan","16.06","Kabupaten Musi Banyuasin","16.06.04","Batang Hari Leko","16.06.04.2013","Pinggap"
"16","Sumatera Selatan","16.06","Kabupaten Musi Banyuasin","16.06.04","Batang Hari Leko","16.06.04.2014","Pengaturan"
"16","Sumatera Selatan","16.06","Kabupaten Musi Banyuasin","16.06.04","Batang Hari Leko","16.06.04.2015","Ulak Kembang"
"16","Sumatera Selatan","16.06","Kabupaten Musi Banyuasin","16.06.04","Batang Hari Leko","16.06.04.2016","Pangkalan Bulian"
"16","Sumatera Selatan","16.06","Kabupaten Musi Banyuasin","16.06.05","Sanga Desa","16.06.05.1016","Ngulak I"
"16","Sumatera Selatan","16.06","Kabupaten Musi Banyuasin","16.06.05","Sanga Desa","16.06.05.1019","Ngulak"
"16","Sumatera Selatan","16.06","Kabupaten Musi Banyuasin","16.06.05","Sanga Desa","16.06.05.2001","Air Balui"
"16","Sumatera Selatan","16.06","Kabupaten Musi Banyuasin","16.06.05","Sanga Desa","16.06.05.2002","Nganti"
"16","Sumatera Selatan","16.06","Kabupaten Musi Banyuasin","16.06.05","Sanga Desa","16.06.05.2003","Jud I"
"16","Sumatera Selatan","16.06","Kabupaten Musi Banyuasin","16.06.05","Sanga Desa","16.06.05.2004","Jud II"
"16","Sumatera Selatan","16.06","Kabupaten Musi Banyuasin","16.06.05","Sanga Desa","16.06.05.2005","Penggage"
"16","Sumatera Selatan","16.06","Kabupaten Musi Banyuasin","16.06.05","Sanga Desa","16.06.05.2006","Ngunang"
"16","Sumatera Selatan","16.06","Kabupaten Musi Banyuasin","16.06.05","Sanga Desa","16.06.05.2007","Ngulak II"
"16","Sumatera Selatan","16.06","Kabupaten Musi Banyuasin","16.06.05","Sanga Desa","16.06.05.2008","Ngulak III"
"16","Sumatera Selatan","16.06","Kabupaten Musi Banyuasin","16.06.05","Sanga Desa","16.06.05.2009","Ulak Embacang"
"16","Sumatera Selatan","16.06","Kabupaten Musi Banyuasin","16.06.05","Sanga Desa","16.06.05.2010","Terusan"
"16","Sumatera Selatan","16.06","Kabupaten Musi Banyuasin","16.06.05","Sanga Desa","16.06.05.2011","Kemang"
"16","Sumatera Selatan","16.06","Kabupaten Musi Banyuasin","16.06.05","Sanga Desa","16.06.05.2012","Tanjung Raya"
"16","Sumatera Selatan","16.06","Kabupaten Musi Banyuasin","16.06.05","Sanga Desa","16.06.05.2013","Air Itam"
"16","Sumatera Selatan","16.06","Kabupaten Musi Banyuasin","16.06.05","Sanga Desa","16.06.05.2014","Keban I"
"16","Sumatera Selatan","16.06","Kabupaten Musi Banyuasin","16.06.05","Sanga Desa","16.06.05.2015","Keban II"
"16","Sumatera Selatan","16.06","Kabupaten Musi Banyuasin","16.06.05","Sanga Desa","16.06.05.2017","Panai"
"16","Sumatera Selatan","16.06","Kabupaten Musi Banyuasin","16.06.05","Sanga Desa","16.06.05.2018","Macang Sakti"
"16","Sumatera Selatan","16.06","Kabupaten Musi Banyuasin","16.06.06","Babat Toman","16.06.06.1038","Babat"
"16","Sumatera Selatan","16.06","Kabupaten Musi Banyuasin","16.06.06","Babat Toman","16.06.06.1039","Mangun Jaya"
"16","Sumatera Selatan","16.06","Kabupaten Musi Banyuasin","16.06.06","Babat Toman","16.06.06.2001","Sereka"
"16","Sumatera Selatan","16.06","Kabupaten Musi Banyuasin","16.06.06","Babat Toman","16.06.06.2002","Sugi Raya"
"16","Sumatera Selatan","16.06","Kabupaten Musi Banyuasin","16.06.06","Babat Toman","16.06.06.2003","Sugi Waras"
"16","Sumatera Selatan","16.06","Kabupaten Musi Banyuasin","16.06.06","Babat Toman","16.06.06.2004","Beruge"
"16","Sumatera Selatan","16.06","Kabupaten Musi Banyuasin","16.06.06","Babat Toman","16.06.06.2005","Muara Punjung"
"16","Sumatera Selatan","16.06","Kabupaten Musi Banyuasin","16.06.06","Babat Toman","16.06.06.2007","Bangun Sari"
"16","Sumatera Selatan","16.06","Kabupaten Musi Banyuasin","16.06.06","Babat Toman","16.06.06.2008","Toman"
"16","Sumatera Selatan","16.06","Kabupaten Musi Banyuasin","16.06.06","Babat Toman","16.06.06.2009","Kasmaran"
"16","Sumatera Selatan","16.06","Kabupaten Musi Banyuasin","16.06.06","Babat Toman","16.06.06.2022","Sungai Angit"
"16","Sumatera Selatan","16.06","Kabupaten Musi Banyuasin","16.06.06","Babat Toman","16.06.06.2023","Srimulyo"
"16","Sumatera Selatan","16.06","Kabupaten Musi Banyuasin","16.06.06","Babat Toman","16.06.06.2042","Pangkalan Jaya"
"16","Sumatera Selatan","16.06","Kabupaten Musi Banyuasin","16.06.06","Babat Toman","16.06.06.2043","Toman Baru"
"16","Sumatera Selatan","16.06","Kabupaten Musi Banyuasin","16.06.07","Sungai Lilin","16.06.07.1020","Sungai Lilin"
"16","Sumatera Selatan","16.06","Kabupaten Musi Banyuasin","16.06.07","Sungai Lilin","16.06.07.1030","Sungai Lilin Jaya"
"16","Sumatera Selatan","16.06","Kabupaten Musi Banyuasin","16.06.07","Sungai Lilin","16.06.07.2007","Sri Gunung"
"16","Sumatera Selatan","16.06","Kabupaten Musi Banyuasin","16.06.07","Sungai Lilin","16.06.07.2008","Sumber Rejeki"
"16","Sumatera Selatan","16.06","Kabupaten Musi Banyuasin","16.06.07","Sungai Lilin","16.06.07.2009","Linggo Sari"
"16","Sumatera Selatan","16.06","Kabupaten Musi Banyuasin","16.06.07","Sungai Lilin","16.06.07.2010","Mulyo Rejo"
"16","Sumatera Selatan","16.06","Kabupaten Musi Banyuasin","16.06.07","Sungai Lilin","16.06.07.2011","Suka Damai Baru"
"16","Sumatera Selatan","16.06","Kabupaten Musi Banyuasin","16.06.07","Sungai Lilin","16.06.07.2012","Cinta Damai"
"16","Sumatera Selatan","16.06","Kabupaten Musi Banyuasin","16.06.07","Sungai Lilin","16.06.07.2013","Berlian Makmur"
"16","Sumatera Selatan","16.06","Kabupaten Musi Banyuasin","16.06.07","Sungai Lilin","16.06.07.2014","Bumi Kencana"
"16","Sumatera Selatan","16.06","Kabupaten Musi Banyuasin","16.06.07","Sungai Lilin","16.06.07.2015","Mekar Jadi"
"16","Sumatera Selatan","16.06","Kabupaten Musi Banyuasin","16.06.07","Sungai Lilin","16.06.07.2016","Nusa Serasan"
"16","Sumatera Selatan","16.06","Kabupaten Musi Banyuasin","16.06.07","Sungai Lilin","16.06.07.2017","Pinang Banjar"
"16","Sumatera Selatan","16.06","Kabupaten Musi Banyuasin","16.06.07","Sungai Lilin","16.06.07.2019","Panca Tunggal"
"16","Sumatera Selatan","16.06","Kabupaten Musi Banyuasin","16.06.07","Sungai Lilin","16.06.07.2021","Bukit Jaya"
"16","Sumatera Selatan","16.06","Kabupaten Musi Banyuasin","16.06.08","Keluang","16.06.08.1015","Keluang"
"16","Sumatera Selatan","16.06","Kabupaten Musi Banyuasin","16.06.08","Keluang","16.06.08.2001","Tenggaro"
"16","Sumatera Selatan","16.06","Kabupaten Musi Banyuasin","16.06.08","Keluang","16.06.08.2003","Tanjung Dalam"
"16","Sumatera Selatan","16.06","Kabupaten Musi Banyuasin","16.06.08","Keluang","16.06.08.2004","Dawas"
"16","Sumatera Selatan","16.06","Kabupaten Musi Banyuasin","16.06.08","Keluang","16.06.08.2005","Mekar Jaya"
"16","Sumatera Selatan","16.06","Kabupaten Musi Banyuasin","16.06.08","Keluang","16.06.08.2006","Sumber Agung"
"16","Sumatera Selatan","16.06","Kabupaten Musi Banyuasin","16.06.08","Keluang","16.06.08.2007","Karya Maju"
"16","Sumatera Selatan","16.06","Kabupaten Musi Banyuasin","16.06.08","Keluang","16.06.08.2008","Tegal Mulyo"
"16","Sumatera Selatan","16.06","Kabupaten Musi Banyuasin","16.06.08","Keluang","16.06.08.2009","Cipta Praja"
"16","Sumatera Selatan","16.06","Kabupaten Musi Banyuasin","16.06.08","Keluang","16.06.08.2010","Loka Jaya"
"16","Sumatera Selatan","16.06","Kabupaten Musi Banyuasin","16.06.08","Keluang","16.06.08.2011","Mekar Sari"
"16","Sumatera Selatan","16.06","Kabupaten Musi Banyuasin","16.06.08","Keluang","16.06.08.2012","Sido Rejo"
"16","Sumatera Selatan","16.06","Kabupaten Musi Banyuasin","16.06.08","Keluang","16.06.08.2013","Mulyo Asih"
"16","Sumatera Selatan","16.06","Kabupaten Musi Banyuasin","16.06.08","Keluang","16.06.08.2014","Sridamai"
"16","Sumatera Selatan","16.06","Kabupaten Musi Banyuasin","16.06.09","Bayung Lencir","16.06.09.1016","Bayung Lencir"
"16","Sumatera Selatan","16.06","Kabupaten Musi Banyuasin","16.06.09","Bayung Lencir","16.06.09.1065","Bayung Lencir Indah"
"16","Sumatera Selatan","16.06","Kabupaten Musi Banyuasin","16.06.09","Bayung Lencir","16.06.09.2006","Muara Merang"
"16","Sumatera Selatan","16.06","Kabupaten Musi Banyuasin","16.06.09","Bayung Lencir","16.06.09.2007","Mangsang"
"16","Sumatera Selatan","16.06","Kabupaten Musi Banyuasin","16.06.09","Bayung Lencir","16.06.09.2008","Tampang Baru"
"16","Sumatera Selatan","16.06","Kabupaten Musi Banyuasin","16.06.09","Bayung Lencir","16.06.09.2009","Kali Berau"
"16","Sumatera Selatan","16.06","Kabupaten Musi Banyuasin","16.06.09","Bayung Lencir","16.06.09.2010","Sindang Marga"
"16","Sumatera Selatan","16.06","Kabupaten Musi Banyuasin","16.06.09","Bayung Lencir","16.06.09.2011","Telang"
"16","Sumatera Selatan","16.06","Kabupaten Musi Banyuasin","16.06.09","Bayung Lencir","16.06.09.2012","Pagar Desa"
"16","Sumatera Selatan","16.06","Kabupaten Musi Banyuasin","16.06.09","Bayung Lencir","16.06.09.2013","Mendis"
"16","Sumatera Selatan","16.06","Kabupaten Musi Banyuasin","16.06.09","Bayung Lencir","16.06.09.2014","Pulai Gading"
"16","Sumatera Selatan","16.06","Kabupaten Musi Banyuasin","16.06.09","Bayung Lencir","16.06.09.2015","Muara Medak"
"16","Sumatera Selatan","16.06","Kabupaten Musi Banyuasin","16.06.09","Bayung Lencir","16.06.09.2017","Sukajaya"
"16","Sumatera Selatan","16.06","Kabupaten Musi Banyuasin","16.06.09","Bayung Lencir","16.06.09.2026","Senawar Jaya"
"16","Sumatera Selatan","16.06","Kabupaten Musi Banyuasin","16.06.09","Bayung Lencir","16.06.09.2048","Simpang Bayat"
"16","Sumatera Selatan","16.06","Kabupaten Musi Banyuasin","16.06.09","Bayung Lencir","16.06.09.2049","Bayat Ilir"
"16","Sumatera Selatan","16.06","Kabupaten Musi Banyuasin","16.06.09","Bayung Lencir","16.06.09.2050","Pangkalan Bayat"
"16","Sumatera Selatan","16.06","Kabupaten Musi Banyuasin","16.06.09","Bayung Lencir","16.06.09.2051","Muara Bahar"
"16","Sumatera Selatan","16.06","Kabupaten Musi Banyuasin","16.06.09","Bayung Lencir","16.06.09.2058","Mekar Jaya"
"16","Sumatera Selatan","16.06","Kabupaten Musi Banyuasin","16.06.09","Bayung Lencir","16.06.09.2059","Mendis Jaya"
"16","Sumatera Selatan","16.06","Kabupaten Musi Banyuasin","16.06.09","Bayung Lencir","16.06.09.2060","Kepayang"
"16","Sumatera Selatan","16.06","Kabupaten Musi Banyuasin","16.06.09","Bayung Lencir","16.06.09.2061","Wono Rejo"
"16","Sumatera Selatan","16.06","Kabupaten Musi Banyuasin","16.06.09","Bayung Lencir","16.06.09.2063","Lubuk Harjo"
"16","Sumatera Selatan","16.06","Kabupaten Musi Banyuasin","16.06.10","Plakat Tinggi","16.06.10.2001","Sido Mukti"
"16","Sumatera Selatan","16.06","Kabupaten Musi Banyuasin","16.06.10","Plakat Tinggi","16.06.10.2002","Suka Damai"
"16","Sumatera Selatan","16.06","Kabupaten Musi Banyuasin","16.06.10","Plakat Tinggi","16.06.10.2003","Suka Jaya"
"16","Sumatera Selatan","16.06","Kabupaten Musi Banyuasin","16.06.10","Plakat Tinggi","16.06.10.2004","Suka Makmur"
"16","Sumatera Selatan","16.06","Kabupaten Musi Banyuasin","16.06.10","Plakat Tinggi","16.06.10.2005","Suka Maju"
"16","Sumatera Selatan","16.06","Kabupaten Musi Banyuasin","16.06.10","Plakat Tinggi","16.06.10.2006","Bangun Harja"
"16","Sumatera Selatan","16.06","Kabupaten Musi Banyuasin","16.06.10","Plakat Tinggi","16.06.10.2007","Sido Rahayu"
"16","Sumatera Selatan","16.06","Kabupaten Musi Banyuasin","16.06.10","Plakat Tinggi","16.06.10.2008","Bukit Indah"
"16","Sumatera Selatan","16.06","Kabupaten Musi Banyuasin","16.06.10","Plakat Tinggi","16.06.10.2009","Warga Mulya"
"16","Sumatera Selatan","16.06","Kabupaten Musi Banyuasin","16.06.10","Plakat Tinggi","16.06.10.2010","Tanjung Kaputran"
"16","Sumatera Selatan","16.06","Kabupaten Musi Banyuasin","16.06.10","Plakat Tinggi","16.06.10.2011","Air Putih Ulu"
"16","Sumatera Selatan","16.06","Kabupaten Musi Banyuasin","16.06.10","Plakat Tinggi","16.06.10.2012","Sialang Agung"
"16","Sumatera Selatan","16.06","Kabupaten Musi Banyuasin","16.06.10","Plakat Tinggi","16.06.10.2013","Cinta Karya"
"16","Sumatera Selatan","16.06","Kabupaten Musi Banyuasin","16.06.10","Plakat Tinggi","16.06.10.2014","Air Putih Ilir"
"16","Sumatera Selatan","16.06","Kabupaten Musi Banyuasin","16.06.10","Plakat Tinggi","16.06.10.2015","Sumber Rejeki"
"16","Sumatera Selatan","16.06","Kabupaten Musi Banyuasin","16.06.11","Lalan","16.06.11.2001","Karang Agung"
"16","Sumatera Selatan","16.06","Kabupaten Musi Banyuasin","16.06.11","Lalan","16.06.11.2002","Karang Rejo"
"16","Sumatera Selatan","16.06","Kabupaten Musi Banyuasin","16.06.11","Lalan","16.06.11.2003","Karang Makmur"
"16","Sumatera Selatan","16.06","Kabupaten Musi Banyuasin","16.06.11","Lalan","16.06.11.2004","Perumpung Raya"
"16","Sumatera Selatan","16.06","Kabupaten Musi Banyuasin","16.06.11","Lalan","16.06.11.2005","Galih Sari"
"16","Sumatera Selatan","16.06","Kabupaten Musi Banyuasin","16.06.11","Lalan","16.06.11.2006","Karang Tirta"
"16","Sumatera Selatan","16.06","Kabupaten Musi Banyuasin","16.06.11","Lalan","16.06.11.2007","Purwo Agung"
"16","Sumatera Selatan","16.06","Kabupaten Musi Banyuasin","16.06.11","Lalan","16.06.11.2008","Karya Mukti"
"16","Sumatera Selatan","16.06","Kabupaten Musi Banyuasin","16.06.11","Lalan","16.06.11.2009","Sri Karang Rejo"
"16","Sumatera Selatan","16.06","Kabupaten Musi Banyuasin","16.06.11","Lalan","16.06.11.2010","Mekar Sari"
"16","Sumatera Selatan","16.06","Kabupaten Musi Banyuasin","16.06.11","Lalan","16.06.11.2011","Agung Jaya"
"16","Sumatera Selatan","16.06","Kabupaten Musi Banyuasin","16.06.11","Lalan","16.06.11.2012","Bumi Agung"
"16","Sumatera Selatan","16.06","Kabupaten Musi Banyuasin","16.06.11","Lalan","16.06.11.2013","Jaya Agung"
"16","Sumatera Selatan","16.06","Kabupaten Musi Banyuasin","16.06.11","Lalan","16.06.11.2014","Suka Makmur"
"16","Sumatera Selatan","16.06","Kabupaten Musi Banyuasin","16.06.11","Lalan","16.06.11.2015","Mandala Sari"
"16","Sumatera Selatan","16.06","Kabupaten Musi Banyuasin","16.06.11","Lalan","16.06.11.2016","Bandar Agung"
"16","Sumatera Selatan","16.06","Kabupaten Musi Banyuasin","16.06.11","Lalan","16.06.11.2017","Karang Sari"
"16","Sumatera Selatan","16.06","Kabupaten Musi Banyuasin","16.06.11","Lalan","16.06.11.2018","Sri Gading"
"16","Sumatera Selatan","16.06","Kabupaten Musi Banyuasin","16.06.11","Lalan","16.06.11.2019","Mulya Agung"
"16","Sumatera Selatan","16.06","Kabupaten Musi Banyuasin","16.06.11","Lalan","16.06.11.2020","Karang Mukti"
"16","Sumatera Selatan","16.06","Kabupaten Musi Banyuasin","16.06.11","Lalan","16.06.11.2021","Madya Mulya"
"16","Sumatera Selatan","16.06","Kabupaten Musi Banyuasin","16.06.11","Lalan","16.06.11.2022","Mulya Jaya"
"16","Sumatera Selatan","16.06","Kabupaten Musi Banyuasin","16.06.11","Lalan","16.06.11.2023","Sari Agung"
"16","Sumatera Selatan","16.06","Kabupaten Musi Banyuasin","16.06.11","Lalan","16.06.11.2024","Suka Jadi"
"16","Sumatera Selatan","16.06","Kabupaten Musi Banyuasin","16.06.11","Lalan","16.06.11.2025","Ringin Agung"
"16","Sumatera Selatan","16.06","Kabupaten Musi Banyuasin","16.06.11","Lalan","16.06.11.2026","Tri Mulya Agung"
"16","Sumatera Selatan","16.06","Kabupaten Musi Banyuasin","16.06.11","Lalan","16.06.11.2027","Mekar Jaya"
"16","Sumatera Selatan","16.06","Kabupaten Musi Banyuasin","16.06.12","Tungkal Jaya","16.06.12.2001","Peninggalan"
"16","Sumatera Selatan","16.06","Kabupaten Musi Banyuasin","16.06.12","Tungkal Jaya","16.06.12.2002","Suka Damai"
"16","Sumatera Selatan","16.06","Kabupaten Musi Banyuasin","16.06.12","Tungkal Jaya","16.06.12.2003","Berlian Jaya"
"16","Sumatera Selatan","16.06","Kabupaten Musi Banyuasin","16.06.12","Tungkal Jaya","16.06.12.2004","Simpang Tungkal"
"16","Sumatera Selatan","16.06","Kabupaten Musi Banyuasin","16.06.12","Tungkal Jaya","16.06.12.2005","Pangkalan Tungkal"
"16","Sumatera Selatan","16.06","Kabupaten Musi Banyuasin","16.06.12","Tungkal Jaya","16.06.12.2006","Sumber Harum"
"16","Sumatera Selatan","16.06","Kabupaten Musi Banyuasin","16.06.12","Tungkal Jaya","16.06.12.2007","Sumber Sari"
"16","Sumatera Selatan","16.06","Kabupaten Musi Banyuasin","16.06.12","Tungkal Jaya","16.06.12.2008","Sinar Harapan"
"16","Sumatera Selatan","16.06","Kabupaten Musi Banyuasin","16.06.12","Tungkal Jaya","16.06.12.2009","Banjar Jaya"
"16","Sumatera Selatan","16.06","Kabupaten Musi Banyuasin","16.06.12","Tungkal Jaya","16.06.12.2010","Beji Mulyo"
"16","Sumatera Selatan","16.06","Kabupaten Musi Banyuasin","16.06.12","Tungkal Jaya","16.06.12.2011","Bero Jaya Timur"
"16","Sumatera Selatan","16.06","Kabupaten Musi Banyuasin","16.06.12","Tungkal Jaya","16.06.12.2012","Pandan Sari"
"16","Sumatera Selatan","16.06","Kabupaten Musi Banyuasin","16.06.12","Tungkal Jaya","16.06.12.2013","Margo Mulyo"
"16","Sumatera Selatan","16.06","Kabupaten Musi Banyuasin","16.06.12","Tungkal Jaya","16.06.12.2014","Sri Mulyo"
"16","Sumatera Selatan","16.06","Kabupaten Musi Banyuasin","16.06.12","Tungkal Jaya","16.06.12.2015","Sido Mulyo"
"16","Sumatera Selatan","16.06","Kabupaten Musi Banyuasin","16.06.12","Tungkal Jaya","16.06.12.2016","Sinar Tungkal"
"16","Sumatera Selatan","16.06","Kabupaten Musi Banyuasin","16.06.13","Lawan Wetan","16.06.13.2001","Ulak Paceh"
"16","Sumatera Selatan","16.06","Kabupaten Musi Banyuasin","16.06.13","Lawan Wetan","16.06.13.2002","Ulak Paceh Jaya"
"16","Sumatera Selatan","16.06","Kabupaten Musi Banyuasin","16.06.13","Lawan Wetan","16.06.13.2003","Tanjung Durian"
"16","Sumatera Selatan","16.06","Kabupaten Musi Banyuasin","16.06.13","Lawan Wetan","16.06.13.2004","Napal"
"16","Sumatera Selatan","16.06","Kabupaten Musi Banyuasin","16.06.13","Lawan Wetan","16.06.13.2005","Rantau Kasih"
"16","Sumatera Selatan","16.06","Kabupaten Musi Banyuasin","16.06.13","Lawan Wetan","16.06.13.2006","Karang Ringin I"
"16","Sumatera Selatan","16.06","Kabupaten Musi Banyuasin","16.06.13","Lawan Wetan","16.06.13.2007","Karang Ringin II"
"16","Sumatera Selatan","16.06","Kabupaten Musi Banyuasin","16.06.13","Lawan Wetan","16.06.13.2008","Ulak Teberau"
"16","Sumatera Selatan","16.06","Kabupaten Musi Banyuasin","16.06.13","Lawan Wetan","16.06.13.2009","Bumi Ayu"
"16","Sumatera Selatan","16.06","Kabupaten Musi Banyuasin","16.06.13","Lawan Wetan","16.06.13.2010","Karang Waru"
"16","Sumatera Selatan","16.06","Kabupaten Musi Banyuasin","16.06.13","Lawan Wetan","16.06.13.2011","Karang Anyar"
"16","Sumatera Selatan","16.06","Kabupaten Musi Banyuasin","16.06.13","Lawan Wetan","16.06.13.2012","Rantau Panjang"
"16","Sumatera Selatan","16.06","Kabupaten Musi Banyuasin","16.06.13","Lawan Wetan","16.06.13.2013","Simpang Sari"
"16","Sumatera Selatan","16.06","Kabupaten Musi Banyuasin","16.06.13","Lawan Wetan","16.06.13.2014","Talang Piase"
"16","Sumatera Selatan","16.06","Kabupaten Musi Banyuasin","16.06.13","Lawan Wetan","16.06.13.2015","Pandan Dulang"
"16","Sumatera Selatan","16.06","Kabupaten Musi Banyuasin","16.06.14","Babat Supat","16.06.14.2001","Suka Maju"
"16","Sumatera Selatan","16.06","Kabupaten Musi Banyuasin","16.06.14","Babat Supat","16.06.14.2002","Letang"
"16","Sumatera Selatan","16.06","Kabupaten Musi Banyuasin","16.06.14","Babat Supat","16.06.14.2003","Supat"
"16","Sumatera Selatan","16.06","Kabupaten Musi Banyuasin","16.06.14","Babat Supat","16.06.14.2004","Babat Banyuasin"
"16","Sumatera Selatan","16.06","Kabupaten Musi Banyuasin","16.06.14","Babat Supat","16.06.14.2005","Tanjung Kerang"
"16","Sumatera Selatan","16.06","Kabupaten Musi Banyuasin","16.06.14","Babat Supat","16.06.14.2006","Langkap"
"16","Sumatera Selatan","16.06","Kabupaten Musi Banyuasin","16.06.14","Babat Supat","16.06.14.2007","Gajah Mati"
"16","Sumatera Selatan","16.06","Kabupaten Musi Banyuasin","16.06.14","Babat Supat","16.06.14.2008","Tenggulang Jaya"
"16","Sumatera Selatan","16.06","Kabupaten Musi Banyuasin","16.06.14","Babat Supat","16.06.14.2009","Bandar Tenggulang"
"16","Sumatera Selatan","16.06","Kabupaten Musi Banyuasin","16.06.14","Babat Supat","16.06.14.2010","Sumber Jaya"
"16","Sumatera Selatan","16.06","Kabupaten Musi Banyuasin","16.06.14","Babat Supat","16.06.14.2011","Tenggulang Baru"
"16","Sumatera Selatan","16.06","Kabupaten Musi Banyuasin","16.06.14","Babat Supat","16.06.14.2012","Supat Barat"
"16","Sumatera Selatan","16.06","Kabupaten Musi Banyuasin","16.06.14","Babat Supat","16.06.14.2013","Supat Timur"
"16","Sumatera Selatan","16.06","Kabupaten Musi Banyuasin","16.06.14","Babat Supat","16.06.14.2014","Seratus Lapan"
"16","Sumatera Selatan","16.06","Kabupaten Musi Banyuasin","16.06.14","Babat Supat","16.06.14.2015","Babat Ramba Jaya"
"16","Sumatera Selatan","16.06","Kabupaten Musi Banyuasin","16.06.14","Babat Supat","16.06.14.2016","Gajah Muda"
"16","Sumatera Selatan","16.06","Kabupaten Musi Banyuasin","16.06.15","Jirak Jaya","16.06.15.2001","Jirak"
"16","Sumatera Selatan","16.06","Kabupaten Musi Banyuasin","16.06.15","Jirak Jaya","16.06.15.2002","Rukun Rahayu"
"16","Sumatera Selatan","16.06","Kabupaten Musi Banyuasin","16.06.15","Jirak Jaya","16.06.15.2003","Talang Simpang"
"16","Sumatera Selatan","16.06","Kabupaten Musi Banyuasin","16.06.15","Jirak Jaya","16.06.15.2004","Jembatan Gantung"
"16","Sumatera Selatan","16.06","Kabupaten Musi Banyuasin","16.06.15","Jirak Jaya","16.06.15.2005","Talang Mandung"
"16","Sumatera Selatan","16.06","Kabupaten Musi Banyuasin","16.06.15","Jirak Jaya","16.06.15.2006","Rejosari"
"16","Sumatera Selatan","16.06","Kabupaten Musi Banyuasin","16.06.15","Jirak Jaya","16.06.15.2007","Bangkit Jaya"
"16","Sumatera Selatan","16.06","Kabupaten Musi Banyuasin","16.06.15","Jirak Jaya","16.06.15.2008","Baru Jaya"
"16","Sumatera Selatan","16.06","Kabupaten Musi Banyuasin","16.06.15","Jirak Jaya","16.06.15.2009","Sinar Jaya"
"16","Sumatera Selatan","16.06","Kabupaten Musi Banyuasin","16.06.15","Jirak Jaya","16.06.15.2010","Setia Jaya"
"16","Sumatera Selatan","16.06","Kabupaten Musi Banyuasin","16.06.15","Jirak Jaya","16.06.15.2011","Mekar Jaya"
"16","Sumatera Selatan","16.06","Kabupaten Musi Banyuasin","16.06.15","Jirak Jaya","16.06.15.2012","Layan"
"16","Sumatera Selatan","16.07","Kabupaten Banyuasin","16.07.01","Banyuasin I","16.07.01.1016","Mariana"
"16","Sumatera Selatan","16.07","Kabupaten Banyuasin","16.07.01","Banyuasin I","16.07.01.1021","Mariana Ilir"
"16","Sumatera Selatan","16.07","Kabupaten Banyuasin","16.07.01","Banyuasin I","16.07.01.2001","Sungai Rebo"
"16","Sumatera Selatan","16.07","Kabupaten Banyuasin","16.07.01","Banyuasin I","16.07.01.2002","Sungai Gerong"
"16","Sumatera Selatan","16.07","Kabupaten Banyuasin","16.07.01","Banyuasin I","16.07.01.2003","Merah Mata"
"16","Sumatera Selatan","16.07","Kabupaten Banyuasin","16.07.01","Banyuasin I","16.07.01.2004","Perajen"
"16","Sumatera Selatan","16.07","Kabupaten Banyuasin","16.07.01","Banyuasin I","16.07.01.2005","Cinta Manis Lama"
"16","Sumatera Selatan","16.07","Kabupaten Banyuasin","16.07.01","Banyuasin I","16.07.01.2008","Perambahan"
"16","Sumatera Selatan","16.07","Kabupaten Banyuasin","16.07.01","Banyuasin I","16.07.01.2011","Pematang Palas"
"16","Sumatera Selatan","16.07","Kabupaten Banyuasin","16.07.01","Banyuasin I","16.07.01.2012","Tirto Sari"
"16","Sumatera Selatan","16.07","Kabupaten Banyuasin","16.07.01","Banyuasin I","16.07.01.2014","Pulau Borang"
"16","Sumatera Selatan","16.07","Kabupaten Banyuasin","16.07.01","Banyuasin I","16.07.01.2025","Perambahan Baru"
"16","Sumatera Selatan","16.07","Kabupaten Banyuasin","16.07.01","Banyuasin I","16.07.01.2028","Duren Ijo"
"16","Sumatera Selatan","16.07","Kabupaten Banyuasin","16.07.02","Banyuasin II","16.07.02.2001","Sungsang I"
"16","Sumatera Selatan","16.07","Kabupaten Banyuasin","16.07.02","Banyuasin II","16.07.02.2002","Sungsang II"
"16","Sumatera Selatan","16.07","Kabupaten Banyuasin","16.07.02","Banyuasin II","16.07.02.2003","Sungsang III"
"16","Sumatera Selatan","16.07","Kabupaten Banyuasin","16.07.02","Banyuasin II","16.07.02.2004","Sungsang IV"
"16","Sumatera Selatan","16.07","Kabupaten Banyuasin","16.07.02","Banyuasin II","16.07.02.2010","Teluk Payo"
"16","Sumatera Selatan","16.07","Kabupaten Banyuasin","16.07.02","Banyuasin II","16.07.02.2013","Tanah Pilih"
"16","Sumatera Selatan","16.07","Kabupaten Banyuasin","16.07.02","Banyuasin II","16.07.02.2015","Perajen Jaya"
"16","Sumatera Selatan","16.07","Kabupaten Banyuasin","16.07.02","Banyuasin II","16.07.02.2016","Rimau Sungsang"
"16","Sumatera Selatan","16.07","Kabupaten Banyuasin","16.07.02","Banyuasin II","16.07.02.2018","Marga Sungsang"
"16","Sumatera Selatan","16.07","Kabupaten Banyuasin","16.07.02","Banyuasin II","16.07.02.2019","Muara Sungsang"
"16","Sumatera Selatan","16.07","Kabupaten Banyuasin","16.07.03","Banyuasin III","16.07.03.1008","Kayuara Kuning"
"16","Sumatera Selatan","16.07","Kabupaten Banyuasin","16.07.03","Banyuasin III","16.07.03.1009","Mulia Agung"
"16","Sumatera Selatan","16.07","Kabupaten Banyuasin","16.07.03","Banyuasin III","16.07.03.1012","Pangkalan Balai"
"16","Sumatera Selatan","16.07","Kabupaten Banyuasin","16.07.03","Banyuasin III","16.07.03.1023","Seterio"
"16","Sumatera Selatan","16.07","Kabupaten Banyuasin","16.07.03","Banyuasin III","16.07.03.1033","Kedondong Raye"
"16","Sumatera Selatan","16.07","Kabupaten Banyuasin","16.07.03","Banyuasin III","16.07.03.2006","Langkan"
"16","Sumatera Selatan","16.07","Kabupaten Banyuasin","16.07.03","Banyuasin III","16.07.03.2007","Pangkalan Panji"
"16","Sumatera Selatan","16.07","Kabupaten Banyuasin","16.07.03","Banyuasin III","16.07.03.2010","Lubuk Saung"
"16","Sumatera Selatan","16.07","Kabupaten Banyuasin","16.07.03","Banyuasin III","16.07.03.2011","Ujung Tanjung"
"16","Sumatera Selatan","16.07","Kabupaten Banyuasin","16.07.03","Banyuasin III","16.07.03.2013","Sidang Mas"
"16","Sumatera Selatan","16.07","Kabupaten Banyuasin","16.07.03","Banyuasin III","16.07.03.2014","Galang Tinggi"
"16","Sumatera Selatan","16.07","Kabupaten Banyuasin","16.07.03","Banyuasin III","16.07.03.2015","Petaling"
"16","Sumatera Selatan","16.07","Kabupaten Banyuasin","16.07.03","Banyuasin III","16.07.03.2016","Rimba Alai"
"16","Sumatera Selatan","16.07","Kabupaten Banyuasin","16.07.03","Banyuasin III","16.07.03.2017","Pelajau Ilir"
"16","Sumatera Selatan","16.07","Kabupaten Banyuasin","16.07.03","Banyuasin III","16.07.03.2018","Regan Agung"
"16","Sumatera Selatan","16.07","Kabupaten Banyuasin","16.07.03","Banyuasin III","16.07.03.2019","Suka Mulia"
"16","Sumatera Selatan","16.07","Kabupaten Banyuasin","16.07.03","Banyuasin III","16.07.03.2020","Tanjung Agung"
"16","Sumatera Selatan","16.07","Kabupaten Banyuasin","16.07.03","Banyuasin III","16.07.03.2021","Tanjung Menang"
"16","Sumatera Selatan","16.07","Kabupaten Banyuasin","16.07.03","Banyuasin III","16.07.03.2022","Sri Bandung"
"16","Sumatera Selatan","16.07","Kabupaten Banyuasin","16.07.03","Banyuasin III","16.07.03.2024","Pelajau"
"16","Sumatera Selatan","16.07","Kabupaten Banyuasin","16.07.03","Banyuasin III","16.07.03.2025","Tanjung Beringin"
"16","Sumatera Selatan","16.07","Kabupaten Banyuasin","16.07.03","Banyuasin III","16.07.03.2026","Terentang"
"16","Sumatera Selatan","16.07","Kabupaten Banyuasin","16.07.03","Banyuasin III","16.07.03.2028","Tanjung Kepayang"
"16","Sumatera Selatan","16.07","Kabupaten Banyuasin","16.07.03","Banyuasin III","16.07.03.2034","Sukaraja Baru"
"16","Sumatera Selatan","16.07","Kabupaten Banyuasin","16.07.03","Banyuasin III","16.07.03.2037","Terlangu"
"16","Sumatera Selatan","16.07","Kabupaten Banyuasin","16.07.03","Banyuasin III","16.07.03.2038","Rimba Balai"
"16","Sumatera Selatan","16.07","Kabupaten Banyuasin","16.07.04","Pulau Rimau","16.07.04.2002","Teluk Betung"
"16","Sumatera Selatan","16.07","Kabupaten Banyuasin","16.07.04","Pulau Rimau","16.07.04.2004","Mukut"
"16","Sumatera Selatan","16.07","Kabupaten Banyuasin","16.07.04","Pulau Rimau","16.07.04.2006","Sumber Rejeki"
"16","Sumatera Selatan","16.07","Kabupaten Banyuasin","16.07.04","Pulau Rimau","16.07.04.2007","Dana Mulya"
"16","Sumatera Selatan","16.07","Kabupaten Banyuasin","16.07.04","Pulau Rimau","16.07.04.2008","Wana Mukti"
"16","Sumatera Selatan","16.07","Kabupaten Banyuasin","16.07.04","Pulau Rimau","16.07.04.2009","Budi Asih"
"16","Sumatera Selatan","16.07","Kabupaten Banyuasin","16.07.04","Pulau Rimau","16.07.04.2013","Rukun Makmur"
"16","Sumatera Selatan","16.07","Kabupaten Banyuasin","16.07.04","Pulau Rimau","16.07.04.2014","Nunggal Sari"
"16","Sumatera Selatan","16.07","Kabupaten Banyuasin","16.07.04","Pulau Rimau","16.07.04.2017","Majatra"
"16","Sumatera Selatan","16.07","Kabupaten Banyuasin","16.07.04","Pulau Rimau","16.07.04.2018","Wonosari"
"16","Sumatera Selatan","16.07","Kabupaten Banyuasin","16.07.04","Pulau Rimau","16.07.04.2031","Sumber Mulya"
"16","Sumatera Selatan","16.07","Kabupaten Banyuasin","16.07.04","Pulau Rimau","16.07.04.2032","Rawa Banda"
"16","Sumatera Selatan","16.07","Kabupaten Banyuasin","16.07.04","Pulau Rimau","16.07.04.2037","Senda Mukti"
"16","Sumatera Selatan","16.07","Kabupaten Banyuasin","16.07.04","Pulau Rimau","16.07.04.2038","Tirta Mulya"
"16","Sumatera Selatan","16.07","Kabupaten Banyuasin","16.07.04","Pulau Rimau","16.07.04.2039","Banjar Sari"
"16","Sumatera Selatan","16.07","Kabupaten Banyuasin","16.07.04","Pulau Rimau","16.07.04.2040","Buana Murti"
"16","Sumatera Selatan","16.07","Kabupaten Banyuasin","16.07.04","Pulau Rimau","16.07.04.2041","Tabuan Asri"
"16","Sumatera Selatan","16.07","Kabupaten Banyuasin","16.07.05","Betung","16.07.05.1017","Betung"
"16","Sumatera Selatan","16.07","Kabupaten Banyuasin","16.07.05","Betung","16.07.05.1021","Rimba Asam"
"16","Sumatera Selatan","16.07","Kabupaten Banyuasin","16.07.05","Betung","16.07.05.1022","Betung Selatan"
"16","Sumatera Selatan","16.07","Kabupaten Banyuasin","16.07.05","Betung","16.07.05.2002","Pulau Rajak"
"16","Sumatera Selatan","16.07","Kabupaten Banyuasin","16.07.05","Betung","16.07.05.2003","Bukit"
"16","Sumatera Selatan","16.07","Kabupaten Banyuasin","16.07.05","Betung","16.07.05.2004","Sri Kembang"
"16","Sumatera Selatan","16.07","Kabupaten Banyuasin","16.07.05","Betung","16.07.05.2005","Lubuk Karet"
"16","Sumatera Selatan","16.07","Kabupaten Banyuasin","16.07.05","Betung","16.07.05.2014","Taja Mulya"
"16","Sumatera Selatan","16.07","Kabupaten Banyuasin","16.07.05","Betung","16.07.05.2015","Taja Raya I"
"16","Sumatera Selatan","16.07","Kabupaten Banyuasin","16.07.05","Betung","16.07.05.2016","Taja Indah"
"16","Sumatera Selatan","16.07","Kabupaten Banyuasin","16.07.05","Betung","16.07.05.2018","Taja Raya II"
"16","Sumatera Selatan","16.07","Kabupaten Banyuasin","16.07.05","Betung","16.07.05.2020","Suka Mulya"
"16","Sumatera Selatan","16.07","Kabupaten Banyuasin","16.07.06","Rambutan","16.07.06.1021","Jakabaring Selatan"
"16","Sumatera Selatan","16.07","Kabupaten Banyuasin","16.07.06","Rambutan","16.07.06.2001","Kebon Sahang"
"16","Sumatera Selatan","16.07","Kabupaten Banyuasin","16.07.06","Rambutan","16.07.06.2002","Siju"
"16","Sumatera Selatan","16.07","Kabupaten Banyuasin","16.07.06","Rambutan","16.07.06.2003","Tanah Lembak"
"16","Sumatera Selatan","16.07","Kabupaten Banyuasin","16.07.06","Rambutan","16.07.06.2004","Parit"
"16","Sumatera Selatan","16.07","Kabupaten Banyuasin","16.07.06","Rambutan","16.07.06.2005","Pelaju"
"16","Sumatera Selatan","16.07","Kabupaten Banyuasin","16.07.06","Rambutan","16.07.06.2006","Suka Pindah"
"16","Sumatera Selatan","16.07","Kabupaten Banyuasin","16.07.06","Rambutan","16.07.06.2007","Baru"
"16","Sumatera Selatan","16.07","Kabupaten Banyuasin","16.07.06","Rambutan","16.07.06.2008","Tanjung Kerang"
"16","Sumatera Selatan","16.07","Kabupaten Banyuasin","16.07.06","Rambutan","16.07.06.2009","Rambutan"
"16","Sumatera Selatan","16.07","Kabupaten Banyuasin","16.07.06","Rambutan","16.07.06.2010","Tanjung Merbu"
"16","Sumatera Selatan","16.07","Kabupaten Banyuasin","16.07.06","Rambutan","16.07.06.2011","Sako"
"16","Sumatera Selatan","16.07","Kabupaten Banyuasin","16.07.06","Rambutan","16.07.06.2012","Gelebak Dalam"
"16","Sumatera Selatan","16.07","Kabupaten Banyuasin","16.07.06","Rambutan","16.07.06.2013","Menten"
"16","Sumatera Selatan","16.07","Kabupaten Banyuasin","16.07.06","Rambutan","16.07.06.2014","Pangkalan Gelebak"
"16","Sumatera Selatan","16.07","Kabupaten Banyuasin","16.07.06","Rambutan","16.07.06.2015","Sungai Dua"
"16","Sumatera Selatan","16.07","Kabupaten Banyuasin","16.07.06","Rambutan","16.07.06.2016","Sungai Pinang"
"16","Sumatera Selatan","16.07","Kabupaten Banyuasin","16.07.06","Rambutan","16.07.06.2017","Sungai Kedukan"
"16","Sumatera Selatan","16.07","Kabupaten Banyuasin","16.07.06","Rambutan","16.07.06.2019","Durian Gadis"
"16","Sumatera Selatan","16.07","Kabupaten Banyuasin","16.07.06","Rambutan","16.07.06.2020","Pulau Parang"
"16","Sumatera Selatan","16.07","Kabupaten Banyuasin","16.07.07","Muara Padang","16.07.07.2001","Muara Padang"
"16","Sumatera Selatan","16.07","Kabupaten Banyuasin","16.07.07","Muara Padang","16.07.07.2002","Tanjung Baru"
"16","Sumatera Selatan","16.07","Kabupaten Banyuasin","16.07.07","Muara Padang","16.07.07.2003","Karang Anyar"
"16","Sumatera Selatan","16.07","Kabupaten Banyuasin","16.07.07","Muara Padang","16.07.07.2006","Purwodadi"
"16","Sumatera Selatan","16.07","Kabupaten Banyuasin","16.07.07","Muara Padang","16.07.07.2007","Sumber Makmur"
"16","Sumatera Selatan","16.07","Kabupaten Banyuasin","16.07.07","Muara Padang","16.07.07.2008","Air Gading"
"16","Sumatera Selatan","16.07","Kabupaten Banyuasin","16.07.07","Muara Padang","16.07.07.2009","Tirto Raharjo"
"16","Sumatera Selatan","16.07","Kabupaten Banyuasin","16.07.07","Muara Padang","16.07.07.2010","Daya Utama"
"16","Sumatera Selatan","16.07","Kabupaten Banyuasin","16.07.07","Muara Padang","16.07.07.2011","Daya Makmur"
"16","Sumatera Selatan","16.07","Kabupaten Banyuasin","16.07.07","Muara Padang","16.07.07.2012","Sido Mulyo 18"
"16","Sumatera Selatan","16.07","Kabupaten Banyuasin","16.07.07","Muara Padang","16.07.07.2013","Sido Rejo"
"16","Sumatera Selatan","16.07","Kabupaten Banyuasin","16.07.07","Muara Padang","16.07.07.2018","Sido Mulyo 20"
"16","Sumatera Selatan","16.07","Kabupaten Banyuasin","16.07.07","Muara Padang","16.07.07.2037","Margo Mulyo 20"
"16","Sumatera Selatan","16.07","Kabupaten Banyuasin","16.07.07","Muara Padang","16.07.07.2038","Margo Sugihan"
"16","Sumatera Selatan","16.07","Kabupaten Banyuasin","16.07.07","Muara Padang","16.07.07.2042","Tirta Jaya"
"16","Sumatera Selatan","16.07","Kabupaten Banyuasin","16.07.08","Muara Telang","16.07.08.2007","Marga Rahayu"
"16","Sumatera Selatan","16.07","Kabupaten Banyuasin","16.07.08","Muara Telang","16.07.08.2008","Sumber Mulya"
"16","Sumatera Selatan","16.07","Kabupaten Banyuasin","16.07.08","Muara Telang","16.07.08.2009","Sumber Hidup"
"16","Sumatera Selatan","16.07","Kabupaten Banyuasin","16.07.08","Muara Telang","16.07.08.2010","Telang Rejo"
"16","Sumatera Selatan","16.07","Kabupaten Banyuasin","16.07.08","Muara Telang","16.07.08.2011","Telang Jaya"
"16","Sumatera Selatan","16.07","Kabupaten Banyuasin","16.07.08","Muara Telang","16.07.08.2013","Telang Makmur"
"16","Sumatera Selatan","16.07","Kabupaten Banyuasin","16.07.08","Muara Telang","16.07.08.2014","Telang Karya"
"16","Sumatera Selatan","16.07","Kabupaten Banyuasin","16.07.08","Muara Telang","16.07.08.2015","Panca Mukti"
"16","Sumatera Selatan","16.07","Kabupaten Banyuasin","16.07.08","Muara Telang","16.07.08.2016","Mukti Jaya"
"16","Sumatera Selatan","16.07","Kabupaten Banyuasin","16.07.08","Muara Telang","16.07.08.2019","Mekar Sari"
"16","Sumatera Selatan","16.07","Kabupaten Banyuasin","16.07.08","Muara Telang","16.07.08.2024","Talang Indah"
"16","Sumatera Selatan","16.07","Kabupaten Banyuasin","16.07.08","Muara Telang","16.07.08.2025","Mekar Mukti"
"16","Sumatera Selatan","16.07","Kabupaten Banyuasin","16.07.08","Muara Telang","16.07.08.2026","Upang Jaya"
"16","Sumatera Selatan","16.07","Kabupaten Banyuasin","16.07.08","Muara Telang","16.07.08.2027","Upang Karya"
"16","Sumatera Selatan","16.07","Kabupaten Banyuasin","16.07.08","Muara Telang","16.07.08.2028","Upang Cemara"
"16","Sumatera Selatan","16.07","Kabupaten Banyuasin","16.07.08","Muara Telang","16.07.08.2029","Upang Ceria"
"16","Sumatera Selatan","16.07","Kabupaten Banyuasin","16.07.09","Makarti Jaya","16.07.09.1012","Makarti Jaya"
"16","Sumatera Selatan","16.07","Kabupaten Banyuasin","16.07.09","Makarti Jaya","16.07.09.2002","Delta Upang"
"16","Sumatera Selatan","16.07","Kabupaten Banyuasin","16.07.09","Makarti Jaya","16.07.09.2006","Pendowo Harjo"
"16","Sumatera Selatan","16.07","Kabupaten Banyuasin","16.07.09","Makarti Jaya","16.07.09.2007","Pangestu"
"16","Sumatera Selatan","16.07","Kabupaten Banyuasin","16.07.09","Makarti Jaya","16.07.09.2008","Tirta Kencana"
"16","Sumatera Selatan","16.07","Kabupaten Banyuasin","16.07.09","Makarti Jaya","16.07.09.2010","Upang Makmur"
"16","Sumatera Selatan","16.07","Kabupaten Banyuasin","16.07.09","Makarti Jaya","16.07.09.2013","Upang Mulya"
"16","Sumatera Selatan","16.07","Kabupaten Banyuasin","16.07.09","Makarti Jaya","16.07.09.2017","Purwosari"
"16","Sumatera Selatan","16.07","Kabupaten Banyuasin","16.07.09","Makarti Jaya","16.07.09.2019","Tanjung Mas"
"16","Sumatera Selatan","16.07","Kabupaten Banyuasin","16.07.09","Makarti Jaya","16.07.09.2020","Tanjung Baru"
"16","Sumatera Selatan","16.07","Kabupaten Banyuasin","16.07.09","Makarti Jaya","16.07.09.2021","Sungai Semut"
"16","Sumatera Selatan","16.07","Kabupaten Banyuasin","16.07.09","Makarti Jaya","16.07.09.2022","Muara Baru"
"16","Sumatera Selatan","16.07","Kabupaten Banyuasin","16.07.10","Talang Kelapa","16.07.10.1002","Air Batu"
"16","Sumatera Selatan","16.07","Kabupaten Banyuasin","16.07.10","Talang Kelapa","16.07.10.1003","Sukomoro"
"16","Sumatera Selatan","16.07","Kabupaten Banyuasin","16.07.10","Talang Kelapa","16.07.10.1004","Sukajadi"
"16","Sumatera Selatan","16.07","Kabupaten Banyuasin","16.07.10","Talang Kelapa","16.07.10.1006","Kenten"
"16","Sumatera Selatan","16.07","Kabupaten Banyuasin","16.07.10","Talang Kelapa","16.07.10.1022","Tanah Mas"
"16","Sumatera Selatan","16.07","Kabupaten Banyuasin","16.07.10","Talang Kelapa","16.07.10.1023","Talang Keramat"
"16","Sumatera Selatan","16.07","Kabupaten Banyuasin","16.07.10","Talang Kelapa","16.07.10.1024","Sukajadi Timur"
"16","Sumatera Selatan","16.07","Kabupaten Banyuasin","16.07.10","Talang Kelapa","16.07.10.1025","Tanah Mas Indah"
"16","Sumatera Selatan","16.07","Kabupaten Banyuasin","16.07.10","Talang Kelapa","16.07.10.1026","Rawa Maju"
"16","Sumatera Selatan","16.07","Kabupaten Banyuasin","16.07.10","Talang Kelapa","16.07.10.1027","Air Batu Jaya"
"16","Sumatera Selatan","16.07","Kabupaten Banyuasin","16.07.10","Talang Kelapa","16.07.10.1028","Sei Sedapat"
"16","Sumatera Selatan","16.07","Kabupaten Banyuasin","16.07.10","Talang Kelapa","16.07.10.1029","Azhar Permai"
"16","Sumatera Selatan","16.07","Kabupaten Banyuasin","16.07.10","Talang Kelapa","16.07.10.1030","Keramat Raya"
"16","Sumatera Selatan","16.07","Kabupaten Banyuasin","16.07.10","Talang Kelapa","16.07.10.2001","Sungai Rengit"
"16","Sumatera Selatan","16.07","Kabupaten Banyuasin","16.07.10","Talang Kelapa","16.07.10.2005","Pangkalan Benteng"
"16","Sumatera Selatan","16.07","Kabupaten Banyuasin","16.07.10","Talang Kelapa","16.07.10.2007","Gasing"
"16","Sumatera Selatan","16.07","Kabupaten Banyuasin","16.07.10","Talang Kelapa","16.07.10.2019","Talang Buluh"
"16","Sumatera Selatan","16.07","Kabupaten Banyuasin","16.07.10","Talang Kelapa","16.07.10.2020","Sungai Rengit Murni"
"16","Sumatera Selatan","16.07","Kabupaten Banyuasin","16.07.10","Talang Kelapa","16.07.10.2021","Kenten Laut"
"16","Sumatera Selatan","16.07","Kabupaten Banyuasin","16.07.11","Rantau Bayur","16.07.11.2001","Muara Abab"
"16","Sumatera Selatan","16.07","Kabupaten Banyuasin","16.07.11","Rantau Bayur","16.07.11.2002","Tanjung Pasir"
"16","Sumatera Selatan","16.07","Kabupaten Banyuasin","16.07.11","Rantau Bayur","16.07.11.2003","Tanjung Tiga"
"16","Sumatera Selatan","16.07","Kabupaten Banyuasin","16.07.11","Rantau Bayur","16.07.11.2004","Rantau Bayur"
"16","Sumatera Selatan","16.07","Kabupaten Banyuasin","16.07.11","Rantau Bayur","16.07.11.2005","Pagar Bulan"
"16","Sumatera Selatan","16.07","Kabupaten Banyuasin","16.07.11","Rantau Bayur","16.07.11.2006","Kemang Bejalu"
"16","Sumatera Selatan","16.07","Kabupaten Banyuasin","16.07.11","Rantau Bayur","16.07.11.2007","Tanjung Menang"
"16","Sumatera Selatan","16.07","Kabupaten Banyuasin","16.07.11","Rantau Bayur","16.07.11.2008","Srijaya"
"16","Sumatera Selatan","16.07","Kabupaten Banyuasin","16.07.11","Rantau Bayur","16.07.11.2009","Sejagung"
"16","Sumatera Selatan","16.07","Kabupaten Banyuasin","16.07.11","Rantau Bayur","16.07.11.2010","Sungai Pinang"
"16","Sumatera Selatan","16.07","Kabupaten Banyuasin","16.07.11","Rantau Bayur","16.07.11.2011","Semuntul"
"16","Sumatera Selatan","16.07","Kabupaten Banyuasin","16.07.11","Rantau Bayur","16.07.11.2012","Lebung"
"16","Sumatera Selatan","16.07","Kabupaten Banyuasin","16.07.11","Rantau Bayur","16.07.11.2013","Lubuk Rengas"
"16","Sumatera Selatan","16.07","Kabupaten Banyuasin","16.07.11","Rantau Bayur","16.07.11.2014","Paldas"
"16","Sumatera Selatan","16.07","Kabupaten Banyuasin","16.07.11","Rantau Bayur","16.07.11.2015","Tebing Abang"
"16","Sumatera Selatan","16.07","Kabupaten Banyuasin","16.07.11","Rantau Bayur","16.07.11.2016","Talang Kemang"
"16","Sumatera Selatan","16.07","Kabupaten Banyuasin","16.07.11","Rantau Bayur","16.07.11.2017","Rantau Harapan"
"16","Sumatera Selatan","16.07","Kabupaten Banyuasin","16.07.11","Rantau Bayur","16.07.11.2018","Penandingan"
"16","Sumatera Selatan","16.07","Kabupaten Banyuasin","16.07.11","Rantau Bayur","16.07.11.2019","Sungai Naik"
"16","Sumatera Selatan","16.07","Kabupaten Banyuasin","16.07.11","Rantau Bayur","16.07.11.2020","Sungai Lilin"
"16","Sumatera Selatan","16.07","Kabupaten Banyuasin","16.07.11","Rantau Bayur","16.07.11.2021","Sukarela"
"16","Sumatera Selatan","16.07","Kabupaten Banyuasin","16.07.12","Tanjung Lago","16.07.12.2001","Telang Sari"
"16","Sumatera Selatan","16.07","Kabupaten Banyuasin","16.07.12","Tanjung Lago","16.07.12.2002","Mulya Sari"
"16","Sumatera Selatan","16.07","Kabupaten Banyuasin","16.07.12","Tanjung Lago","16.07.12.2003","Purwosari"
"16","Sumatera Selatan","16.07","Kabupaten Banyuasin","16.07.12","Tanjung Lago","16.07.12.2004","Sri Menanti"
"16","Sumatera Selatan","16.07","Kabupaten Banyuasin","16.07.12","Tanjung Lago","16.07.12.2005","Sebalik"
"16","Sumatera Selatan","16.07","Kabupaten Banyuasin","16.07.12","Tanjung Lago","16.07.12.2006","Tanjung Lago"
"16","Sumatera Selatan","16.07","Kabupaten Banyuasin","16.07.12","Tanjung Lago","16.07.12.2007","Kuala Puntian"
"16","Sumatera Selatan","16.07","Kabupaten Banyuasin","16.07.12","Tanjung Lago","16.07.12.2008","Sukatani"
"16","Sumatera Selatan","16.07","Kabupaten Banyuasin","16.07.12","Tanjung Lago","16.07.12.2009","Sukadamai"
"16","Sumatera Selatan","16.07","Kabupaten Banyuasin","16.07.12","Tanjung Lago","16.07.12.2010","Banyu Urip"
"16","Sumatera Selatan","16.07","Kabupaten Banyuasin","16.07.12","Tanjung Lago","16.07.12.2011","Bangun Sari"
"16","Sumatera Selatan","16.07","Kabupaten Banyuasin","16.07.12","Tanjung Lago","16.07.12.2012","Sumber Mekar Mukti"
"16","Sumatera Selatan","16.07","Kabupaten Banyuasin","16.07.12","Tanjung Lago","16.07.12.2013","Muara Sugih"
"16","Sumatera Selatan","16.07","Kabupaten Banyuasin","16.07.12","Tanjung Lago","16.07.12.2014","Manggar Raya"
"16","Sumatera Selatan","16.07","Kabupaten Banyuasin","16.07.12","Tanjung Lago","16.07.12.2015","Bunga Karang"
"16","Sumatera Selatan","16.07","Kabupaten Banyuasin","16.07.13","Muara Sugihan","16.07.13.2001","Margo Mulyo 16"
"16","Sumatera Selatan","16.07","Kabupaten Banyuasin","16.07.13","Muara Sugihan","16.07.13.2002","Rejo Sari"
"16","Sumatera Selatan","16.07","Kabupaten Banyuasin","16.07.13","Muara Sugihan","16.07.13.2003","Daya Murni"
"16","Sumatera Selatan","16.07","Kabupaten Banyuasin","16.07.13","Muara Sugihan","16.07.13.2004","Daya Bangun Harjo"
"16","Sumatera Selatan","16.07","Kabupaten Banyuasin","16.07.13","Muara Sugihan","16.07.13.2005","Sumber Mulyo"
"16","Sumatera Selatan","16.07","Kabupaten Banyuasin","16.07.13","Muara Sugihan","16.07.13.2006","Sugih Waras"
"16","Sumatera Selatan","16.07","Kabupaten Banyuasin","16.07.13","Muara Sugihan","16.07.13.2007","Indrapura"
"16","Sumatera Selatan","16.07","Kabupaten Banyuasin","16.07.13","Muara Sugihan","16.07.13.2008","Cendana"
"16","Sumatera Selatan","16.07","Kabupaten Banyuasin","16.07.13","Muara Sugihan","16.07.13.2009","Argo Mulyo"
"16","Sumatera Selatan","16.07","Kabupaten Banyuasin","16.07.13","Muara Sugihan","16.07.13.2010","Tirta Harja"
"16","Sumatera Selatan","16.07","Kabupaten Banyuasin","16.07.13","Muara Sugihan","16.07.13.2011","Tirta Mulya"
"16","Sumatera Selatan","16.07","Kabupaten Banyuasin","16.07.13","Muara Sugihan","16.07.13.2012","Daya Kesuma"
"16","Sumatera Selatan","16.07","Kabupaten Banyuasin","16.07.13","Muara Sugihan","16.07.13.2013","Margo Rukun"
"16","Sumatera Selatan","16.07","Kabupaten Banyuasin","16.07.13","Muara Sugihan","16.07.13.2014","Ganesha Mukti"
"16","Sumatera Selatan","16.07","Kabupaten Banyuasin","16.07.13","Muara Sugihan","16.07.13.2015","Timbul Jaya"
"16","Sumatera Selatan","16.07","Kabupaten Banyuasin","16.07.13","Muara Sugihan","16.07.13.2016","Jalur Mulya"
"16","Sumatera Selatan","16.07","Kabupaten Banyuasin","16.07.13","Muara Sugihan","16.07.13.2017","Gilirang"
"16","Sumatera Selatan","16.07","Kabupaten Banyuasin","16.07.13","Muara Sugihan","16.07.13.2018","Juru Taro"
"16","Sumatera Selatan","16.07","Kabupaten Banyuasin","16.07.13","Muara Sugihan","16.07.13.2019","Kuala Sugihan"
"16","Sumatera Selatan","16.07","Kabupaten Banyuasin","16.07.13","Muara Sugihan","16.07.13.2020","Beringin Agung"
"16","Sumatera Selatan","16.07","Kabupaten Banyuasin","16.07.13","Muara Sugihan","16.07.13.2021","Mekar Jaya"
"16","Sumatera Selatan","16.07","Kabupaten Banyuasin","16.07.13","Muara Sugihan","16.07.13.2022","Sido Makmur"
"16","Sumatera Selatan","16.07","Kabupaten Banyuasin","16.07.14","Air Salek","16.07.14.2001","Air Solok Batu"
"16","Sumatera Selatan","16.07","Kabupaten Banyuasin","16.07.14","Air Salek","16.07.14.2002","Sri Mulyo"
"16","Sumatera Selatan","16.07","Kabupaten Banyuasin","16.07.14","Air Salek","16.07.14.2003","Srikaton"
"16","Sumatera Selatan","16.07","Kabupaten Banyuasin","16.07.14","Air Salek","16.07.14.2004","Sidoharjo"
"16","Sumatera Selatan","16.07","Kabupaten Banyuasin","16.07.14","Air Salek","16.07.14.2005","Bintaran"
"16","Sumatera Selatan","16.07","Kabupaten Banyuasin","16.07.14","Air Salek","16.07.14.2006","Damar Wulan"
"16","Sumatera Selatan","16.07","Kabupaten Banyuasin","16.07.14","Air Salek","16.07.14.2007","Enggal Rejo"
"16","Sumatera Selatan","16.07","Kabupaten Banyuasin","16.07.14","Air Salek","16.07.14.2008","Saleh Jaya"
"16","Sumatera Selatan","16.07","Kabupaten Banyuasin","16.07.14","Air Salek","16.07.14.2009","Saleh Agung"
"16","Sumatera Selatan","16.07","Kabupaten Banyuasin","16.07.14","Air Salek","16.07.14.2010","Saleh Mulya"
"16","Sumatera Selatan","16.07","Kabupaten Banyuasin","16.07.14","Air Salek","16.07.14.2011","Saleh Mukti"
"16","Sumatera Selatan","16.07","Kabupaten Banyuasin","16.07.14","Air Salek","16.07.14.2012","Saleh Makmur"
"16","Sumatera Selatan","16.07","Kabupaten Banyuasin","16.07.14","Air Salek","16.07.14.2013","Upang"
"16","Sumatera Selatan","16.07","Kabupaten Banyuasin","16.07.14","Air Salek","16.07.14.2014","Upang Marga"
"16","Sumatera Selatan","16.07","Kabupaten Banyuasin","16.07.15","Tungkal Ilir","16.07.15.2001","Bentayan"
"16","Sumatera Selatan","16.07","Kabupaten Banyuasin","16.07.15","Tungkal Ilir","16.07.15.2002","Teluk Tenggulang"
"16","Sumatera Selatan","16.07","Kabupaten Banyuasin","16.07.15","Tungkal Ilir","16.07.15.2004","Suka Mulya"
"16","Sumatera Selatan","16.07","Kabupaten Banyuasin","16.07.15","Tungkal Ilir","16.07.15.2005","Suka Raja"
"16","Sumatera Selatan","16.07","Kabupaten Banyuasin","16.07.15","Tungkal Ilir","16.07.15.2006","Karang Anyar"
"16","Sumatera Selatan","16.07","Kabupaten Banyuasin","16.07.15","Tungkal Ilir","16.07.15.2007","Karang Asem"
"16","Sumatera Selatan","16.07","Kabupaten Banyuasin","16.07.15","Tungkal Ilir","16.07.15.2008","Marga Rahayu"
"16","Sumatera Selatan","16.07","Kabupaten Banyuasin","16.07.15","Tungkal Ilir","16.07.15.2009","Sido Mulyo"
"16","Sumatera Selatan","16.07","Kabupaten Banyuasin","16.07.15","Tungkal Ilir","16.07.15.2010","Keluang"
"16","Sumatera Selatan","16.07","Kabupaten Banyuasin","16.07.15","Tungkal Ilir","16.07.15.2011","Bumi Serdang"
"16","Sumatera Selatan","16.07","Kabupaten Banyuasin","16.07.15","Tungkal Ilir","16.07.15.2012","Karang Mulya"
"16","Sumatera Selatan","16.07","Kabupaten Banyuasin","16.07.15","Tungkal Ilir","16.07.15.2013","Suka Karya"
"16","Sumatera Selatan","16.07","Kabupaten Banyuasin","16.07.15","Tungkal Ilir","16.07.15.2014","Panca Mulya"
"16","Sumatera Selatan","16.07","Kabupaten Banyuasin","16.07.15","Tungkal Ilir","16.07.15.2015","Suka Jaya"
"16","Sumatera Selatan","16.07","Kabupaten Banyuasin","16.07.16","Suak Tapeh","16.07.16.2001","Talang Ipuh"
"16","Sumatera Selatan","16.07","Kabupaten Banyuasin","16.07.16","Suak Tapeh","16.07.16.2002","Durian Daun"
"16","Sumatera Selatan","16.07","Kabupaten Banyuasin","16.07.16","Suak Tapeh","16.07.16.2003","Lubuk Lancang"
"16","Sumatera Selatan","16.07","Kabupaten Banyuasin","16.07.16","Suak Tapeh","16.07.16.2004","Biyuku"
"16","Sumatera Selatan","16.07","Kabupaten Banyuasin","16.07.16","Suak Tapeh","16.07.16.2005","Bengkuang"
"16","Sumatera Selatan","16.07","Kabupaten Banyuasin","16.07.16","Suak Tapeh","16.07.16.2006","Rimba Terap"
"16","Sumatera Selatan","16.07","Kabupaten Banyuasin","16.07.16","Suak Tapeh","16.07.16.2007","Sedang"
"16","Sumatera Selatan","16.07","Kabupaten Banyuasin","16.07.16","Suak Tapeh","16.07.16.2008","Tanjung Laut"
"16","Sumatera Selatan","16.07","Kabupaten Banyuasin","16.07.16","Suak Tapeh","16.07.16.2009","Air Senggeris"
"16","Sumatera Selatan","16.07","Kabupaten Banyuasin","16.07.16","Suak Tapeh","16.07.16.2010","Meranti"
"16","Sumatera Selatan","16.07","Kabupaten Banyuasin","16.07.16","Suak Tapeh","16.07.16.2011","Sukaraja"
"16","Sumatera Selatan","16.07","Kabupaten Banyuasin","16.07.17","Sembawa","16.07.17.2001","Mainan"
"16","Sumatera Selatan","16.07","Kabupaten Banyuasin","16.07.17","Sembawa","16.07.17.2002","Santan Sari"
"16","Sumatera Selatan","16.07","Kabupaten Banyuasin","16.07.17","Sembawa","16.07.17.2003","Limau"
"16","Sumatera Selatan","16.07","Kabupaten Banyuasin","16.07.17","Sembawa","16.07.17.2004","Rejodadi"
"16","Sumatera Selatan","16.07","Kabupaten Banyuasin","16.07.17","Sembawa","16.07.17.2005","Lalang Sembawa"
"16","Sumatera Selatan","16.07","Kabupaten Banyuasin","16.07.17","Sembawa","16.07.17.2006","Muara Damai"
"16","Sumatera Selatan","16.07","Kabupaten Banyuasin","16.07.17","Sembawa","16.07.17.2007","Pulau Harapan"
"16","Sumatera Selatan","16.07","Kabupaten Banyuasin","16.07.17","Sembawa","16.07.17.2008","Purwosari"
"16","Sumatera Selatan","16.07","Kabupaten Banyuasin","16.07.17","Sembawa","16.07.17.2009","Limbang Mulia"
"16","Sumatera Selatan","16.07","Kabupaten Banyuasin","16.07.17","Sembawa","16.07.17.2010","Sako Makmur"
"16","Sumatera Selatan","16.07","Kabupaten Banyuasin","16.07.17","Sembawa","16.07.17.2011","Pulau Muning"
"16","Sumatera Selatan","16.07","Kabupaten Banyuasin","16.07.18","Sumber Marga Telang","16.07.18.2001","Terusan Dalam"
"16","Sumatera Selatan","16.07","Kabupaten Banyuasin","16.07.18","Sumber Marga Telang","16.07.18.2002","Karang Anyar"
"16","Sumatera Selatan","16.07","Kabupaten Banyuasin","16.07.18","Sumber Marga Telang","16.07.18.2003","Muara Telang"
"16","Sumatera Selatan","16.07","Kabupaten Banyuasin","16.07.18","Sumber Marga Telang","16.07.18.2004","Terusan Tengah"
"16","Sumatera Selatan","16.07","Kabupaten Banyuasin","16.07.18","Sumber Marga Telang","16.07.18.2005","Sumber Jaya"
"16","Sumatera Selatan","16.07","Kabupaten Banyuasin","16.07.18","Sumber Marga Telang","16.07.18.2006","Karang Baru"
"16","Sumatera Selatan","16.07","Kabupaten Banyuasin","16.07.18","Sumber Marga Telang","16.07.18.2007","Muara Telang Marga"
"16","Sumatera Selatan","16.07","Kabupaten Banyuasin","16.07.18","Sumber Marga Telang","16.07.18.2008","Terusan Muara"
"16","Sumatera Selatan","16.07","Kabupaten Banyuasin","16.07.18","Sumber Marga Telang","16.07.18.2009","Talang Lubuk"
"16","Sumatera Selatan","16.07","Kabupaten Banyuasin","16.07.18","Sumber Marga Telang","16.07.18.2010","Sri Tiga"
"16","Sumatera Selatan","16.07","Kabupaten Banyuasin","16.07.19","Air Kumbang","16.07.19.2001","Cinta Manis Baru"
"16","Sumatera Selatan","16.07","Kabupaten Banyuasin","16.07.19","Air Kumbang","16.07.19.2002","Sido Makmur"
"16","Sumatera Selatan","16.07","Kabupaten Banyuasin","16.07.19","Air Kumbang","16.07.19.2003","Sidomulyo"
"16","Sumatera Selatan","16.07","Kabupaten Banyuasin","16.07.19","Air Kumbang","16.07.19.2004","Nusa Makmur"
"16","Sumatera Selatan","16.07","Kabupaten Banyuasin","16.07.19","Air Kumbang","16.07.19.2005","Rimba Jaya"
"16","Sumatera Selatan","16.07","Kabupaten Banyuasin","16.07.19","Air Kumbang","16.07.19.2006","Teluk Tenggirik"
"16","Sumatera Selatan","16.07","Kabupaten Banyuasin","16.07.19","Air Kumbang","16.07.19.2007","Sebubus"
"16","Sumatera Selatan","16.07","Kabupaten Banyuasin","16.07.19","Air Kumbang","16.07.19.2008","Padang Rejo"
"16","Sumatera Selatan","16.07","Kabupaten Banyuasin","16.07.19","Air Kumbang","16.07.19.2009","Kumbang Padang Permata"
"16","Sumatera Selatan","16.07","Kabupaten Banyuasin","16.07.19","Air Kumbang","16.07.19.2010","Muara Baru"
"16","Sumatera Selatan","16.07","Kabupaten Banyuasin","16.07.19","Air Kumbang","16.07.19.2011","Tirta Makmur"
"16","Sumatera Selatan","16.07","Kabupaten Banyuasin","16.07.19","Air Kumbang","16.07.19.2012","Panca Mulya"
"16","Sumatera Selatan","16.07","Kabupaten Banyuasin","16.07.19","Air Kumbang","16.07.19.2013","Budi Mulya"
"16","Sumatera Selatan","16.07","Kabupaten Banyuasin","16.07.19","Air Kumbang","16.07.19.2014","Panca Desa"
"16","Sumatera Selatan","16.07","Kabupaten Banyuasin","16.07.19","Air Kumbang","16.07.19.2015","Air Kumbang Bakti"
"16","Sumatera Selatan","16.07","Kabupaten Banyuasin","16.07.19","Air Kumbang","16.07.19.2016","Sebokor"
"16","Sumatera Selatan","16.07","Kabupaten Banyuasin","16.07.20","Karang Agung Ilir","16.07.20.2001","Karang Sari"
"16","Sumatera Selatan","16.07","Kabupaten Banyuasin","16.07.20","Karang Agung Ilir","16.07.20.2002","Maju Ria"
"16","Sumatera Selatan","16.07","Kabupaten Banyuasin","16.07.20","Karang Agung Ilir","16.07.20.2003","Sri Agung"
"16","Sumatera Selatan","16.07","Kabupaten Banyuasin","16.07.20","Karang Agung Ilir","16.07.20.2004","Sumber Rejeki"
"16","Sumatera Selatan","16.07","Kabupaten Banyuasin","16.07.20","Karang Agung Ilir","16.07.20.2005","Tabala Jaya"
"16","Sumatera Selatan","16.07","Kabupaten Banyuasin","16.07.20","Karang Agung Ilir","16.07.20.2006","Jati Sari"
"16","Sumatera Selatan","16.07","Kabupaten Banyuasin","16.07.20","Karang Agung Ilir","16.07.20.2007","Mekar Sari"
"16","Sumatera Selatan","16.07","Kabupaten Banyuasin","16.07.21","Selat Penuguan","16.07.21.2001","Penuguan"
"16","Sumatera Selatan","16.07","Kabupaten Banyuasin","16.07.21","Selat Penuguan","16.07.21.2002","Sumber Rejo"
"16","Sumatera Selatan","16.07","Kabupaten Banyuasin","16.07.21","Selat Penuguan","16.07.21.2003","Sumber Mukti"
"16","Sumatera Selatan","16.07","Kabupaten Banyuasin","16.07.21","Selat Penuguan","16.07.21.2004","Sumber Agung"
"16","Sumatera Selatan","16.07","Kabupaten Banyuasin","16.07.21","Selat Penuguan","16.07.21.2005","Wonodadi"
"16","Sumatera Selatan","16.07","Kabupaten Banyuasin","16.07.21","Selat Penuguan","16.07.21.2006","Mekar Sari"
"16","Sumatera Selatan","16.07","Kabupaten Banyuasin","16.07.21","Selat Penuguan","16.07.21.2007","Songo Makmur"
"16","Sumatera Selatan","16.07","Kabupaten Banyuasin","16.07.21","Selat Penuguan","16.07.21.2008","Karang Manunggal"
"16","Sumatera Selatan","16.07","Kabupaten Banyuasin","16.07.21","Selat Penuguan","16.07.21.2009","Purwodadi"
"16","Sumatera Selatan","16.07","Kabupaten Banyuasin","16.07.21","Selat Penuguan","16.07.21.2010","Ringin Harjo"
"16","Sumatera Selatan","16.07","Kabupaten Banyuasin","16.07.21","Selat Penuguan","16.07.21.2011","Bumi Rejo"
"16","Sumatera Selatan","16.07","Kabupaten Banyuasin","16.07.21","Selat Penuguan","16.07.21.2012","Kelapa Dua"
"16","Sumatera Selatan","16.08","Kabupaten Ogan Komering Ulu Timur","16.08.01","Martapura","16.08.01.1007","Dusun Martapura"
"16","Sumatera Selatan","16.08","Kabupaten Ogan Komering Ulu Timur","16.08.01","Martapura","16.08.01.1008","Pasar Martapura"
"16","Sumatera Selatan","16.08","Kabupaten Ogan Komering Ulu Timur","16.08.01","Martapura","16.08.01.1014","Paku Sengkunyit"
"16","Sumatera Selatan","16.08","Kabupaten Ogan Komering Ulu Timur","16.08.01","Martapura","16.08.01.1016","Bukit Sari"
"16","Sumatera Selatan","16.08","Kabupaten Ogan Komering Ulu Timur","16.08.01","Martapura","16.08.01.1017","Sungai Tuha Jaya"
"16","Sumatera Selatan","16.08","Kabupaten Ogan Komering Ulu Timur","16.08.01","Martapura","16.08.01.1018","Terukis Rahayu"
"16","Sumatera Selatan","16.08","Kabupaten Ogan Komering Ulu Timur","16.08.01","Martapura","16.08.01.1019","Veteran Jaya"
"16","Sumatera Selatan","16.08","Kabupaten Ogan Komering Ulu Timur","16.08.01","Martapura","16.08.01.2006","Tanjung Kemala"
"16","Sumatera Selatan","16.08","Kabupaten Ogan Komering Ulu Timur","16.08.01","Martapura","16.08.01.2009","Kota Baru"
"16","Sumatera Selatan","16.08","Kabupaten Ogan Komering Ulu Timur","16.08.01","Martapura","16.08.01.2010","Keromongan"
"16","Sumatera Selatan","16.08","Kabupaten Ogan Komering Ulu Timur","16.08.01","Martapura","16.08.01.2011","Perjaya"
"16","Sumatera Selatan","16.08","Kabupaten Ogan Komering Ulu Timur","16.08.01","Martapura","16.08.01.2015","Sukomulyo"
"16","Sumatera Selatan","16.08","Kabupaten Ogan Komering Ulu Timur","16.08.01","Martapura","16.08.01.2020","Kotabaru Barat"
"16","Sumatera Selatan","16.08","Kabupaten Ogan Komering Ulu Timur","16.08.01","Martapura","16.08.01.2021","Kotabaru Selatan"
"16","Sumatera Selatan","16.08","Kabupaten Ogan Komering Ulu Timur","16.08.01","Martapura","16.08.01.2022","Perjaya Barat"
"16","Sumatera Selatan","16.08","Kabupaten Ogan Komering Ulu Timur","16.08.01","Martapura","16.08.01.2023","Tanjung Kemala Barat"
"16","Sumatera Selatan","16.08","Kabupaten Ogan Komering Ulu Timur","16.08.02","Buay Madang","16.08.02.2001","Suka Raja"
"16","Sumatera Selatan","16.08","Kabupaten Ogan Komering Ulu Timur","16.08.02","Buay Madang","16.08.02.2002","Kurungan Nyawa"
"16","Sumatera Selatan","16.08","Kabupaten Ogan Komering Ulu Timur","16.08.02","Buay Madang","16.08.02.2003","Pisang Jaya"
"16","Sumatera Selatan","16.08","Kabupaten Ogan Komering Ulu Timur","16.08.02","Buay Madang","16.08.02.2004","Sumber Agung"
"16","Sumatera Selatan","16.08","Kabupaten Ogan Komering Ulu Timur","16.08.02","Buay Madang","16.08.02.2005","Tebat Jaya"
"16","Sumatera Selatan","16.08","Kabupaten Ogan Komering Ulu Timur","16.08.02","Buay Madang","16.08.02.2006","Sridadi"
"16","Sumatera Selatan","16.08","Kabupaten Ogan Komering Ulu Timur","16.08.02","Buay Madang","16.08.02.2009","Tanjung Bulan"
"16","Sumatera Selatan","16.08","Kabupaten Ogan Komering Ulu Timur","16.08.02","Buay Madang","16.08.02.2010","Way Halom"
"16","Sumatera Selatan","16.08","Kabupaten Ogan Komering Ulu Timur","16.08.02","Buay Madang","16.08.02.2031","Kurungan Nyawa I"
"16","Sumatera Selatan","16.08","Kabupaten Ogan Komering Ulu Timur","16.08.02","Buay Madang","16.08.02.2032","Kurungan Nyawa II"
"16","Sumatera Selatan","16.08","Kabupaten Ogan Komering Ulu Timur","16.08.02","Buay Madang","16.08.02.2033","Kurungan Nyawa III"
"16","Sumatera Selatan","16.08","Kabupaten Ogan Komering Ulu Timur","16.08.02","Buay Madang","16.08.02.2034","Cipta Muda"
"16","Sumatera Selatan","16.08","Kabupaten Ogan Komering Ulu Timur","16.08.02","Buay Madang","16.08.02.2035","Aman Jaya"
"16","Sumatera Selatan","16.08","Kabupaten Ogan Komering Ulu Timur","16.08.02","Buay Madang","16.08.02.2036","Sukaraja Tuha"
"16","Sumatera Selatan","16.08","Kabupaten Ogan Komering Ulu Timur","16.08.02","Buay Madang","16.08.02.2037","Ganjar Agung"
"16","Sumatera Selatan","16.08","Kabupaten Ogan Komering Ulu Timur","16.08.02","Buay Madang","16.08.02.2038","Mulyo Agung"
"16","Sumatera Selatan","16.08","Kabupaten Ogan Komering Ulu Timur","16.08.02","Buay Madang","16.08.02.2039","Muda Sentosa"
"16","Sumatera Selatan","16.08","Kabupaten Ogan Komering Ulu Timur","16.08.03","Belitang","16.08.03.2001","Sido Rahayu"
"16","Sumatera Selatan","16.08","Kabupaten Ogan Komering Ulu Timur","16.08.03","Belitang","16.08.03.2002","Tawang Rejo"
"16","Sumatera Selatan","16.08","Kabupaten Ogan Komering Ulu Timur","16.08.03","Belitang","16.08.03.2006","Tanjung Raya"
"16","Sumatera Selatan","16.08","Kabupaten Ogan Komering Ulu Timur","16.08.03","Belitang","16.08.03.2007","Sido Mulyo"
"16","Sumatera Selatan","16.08","Kabupaten Ogan Komering Ulu Timur","16.08.03","Belitang","16.08.03.2008","Harjo Winangun"
"16","Sumatera Selatan","16.08","Kabupaten Ogan Komering Ulu Timur","16.08.03","Belitang","16.08.03.2009","Pujo Rahayu"
"16","Sumatera Selatan","16.08","Kabupaten Ogan Komering Ulu Timur","16.08.03","Belitang","16.08.03.2010","Triyoso"
"16","Sumatera Selatan","16.08","Kabupaten Ogan Komering Ulu Timur","16.08.03","Belitang","16.08.03.2011","Sumber Suko"
"16","Sumatera Selatan","16.08","Kabupaten Ogan Komering Ulu Timur","16.08.03","Belitang","16.08.03.2013","Suko Sari"
"16","Sumatera Selatan","16.08","Kabupaten Ogan Komering Ulu Timur","16.08.03","Belitang","16.08.03.2014","Gumawang"
"16","Sumatera Selatan","16.08","Kabupaten Ogan Komering Ulu Timur","16.08.03","Belitang","16.08.03.2015","Bedilan"
"16","Sumatera Selatan","16.08","Kabupaten Ogan Komering Ulu Timur","16.08.03","Belitang","16.08.03.2016","Tegal Rejo"
"16","Sumatera Selatan","16.08","Kabupaten Ogan Komering Ulu Timur","16.08.03","Belitang","16.08.03.2017","Sido Gede"
"16","Sumatera Selatan","16.08","Kabupaten Ogan Komering Ulu Timur","16.08.03","Belitang","16.08.03.2018","Sido Makmur"
"16","Sumatera Selatan","16.08","Kabupaten Ogan Komering Ulu Timur","16.08.03","Belitang","16.08.03.2021","Suka Jadi"
"16","Sumatera Selatan","16.08","Kabupaten Ogan Komering Ulu Timur","16.08.03","Belitang","16.08.03.2022","Serbaguna"
"16","Sumatera Selatan","16.08","Kabupaten Ogan Komering Ulu Timur","16.08.03","Belitang","16.08.03.2023","Sukarami"
"16","Sumatera Selatan","16.08","Kabupaten Ogan Komering Ulu Timur","16.08.03","Belitang","16.08.03.2024","Gedung Rejo"
"16","Sumatera Selatan","16.08","Kabupaten Ogan Komering Ulu Timur","16.08.03","Belitang","16.08.03.2025","Sidodadi"
"16","Sumatera Selatan","16.08","Kabupaten Ogan Komering Ulu Timur","16.08.03","Belitang","16.08.03.2026","Gunung Mas"
"16","Sumatera Selatan","16.08","Kabupaten Ogan Komering Ulu Timur","16.08.03","Belitang","16.08.03.2027","Sumbersuko jaya"
"16","Sumatera Selatan","16.08","Kabupaten Ogan Komering Ulu Timur","16.08.03","Belitang","16.08.03.2028","Karang Kemiri"
"16","Sumatera Selatan","16.08","Kabupaten Ogan Komering Ulu Timur","16.08.03","Belitang","16.08.03.2029","Mojosari"
"16","Sumatera Selatan","16.08","Kabupaten Ogan Komering Ulu Timur","16.08.04","Cempaka","16.08.04.2001","Gunung Batu"
"16","Sumatera Selatan","16.08","Kabupaten Ogan Komering Ulu Timur","16.08.04","Cempaka","16.08.04.2010","Ulak Baru"
"16","Sumatera Selatan","16.08","Kabupaten Ogan Komering Ulu Timur","16.08.04","Cempaka","16.08.04.2011","Gunung Jati"
"16","Sumatera Selatan","16.08","Kabupaten Ogan Komering Ulu Timur","16.08.04","Cempaka","16.08.04.2012","Kuripan"
"16","Sumatera Selatan","16.08","Kabupaten Ogan Komering Ulu Timur","16.08.04","Cempaka","16.08.04.2013","Negeri Sakti"
"16","Sumatera Selatan","16.08","Kabupaten Ogan Komering Ulu Timur","16.08.04","Cempaka","16.08.04.2014","Campang Tiga Hulu"
"16","Sumatera Selatan","16.08","Kabupaten Ogan Komering Ulu Timur","16.08.04","Cempaka","16.08.04.2015","Sukaraja"
"16","Sumatera Selatan","16.08","Kabupaten Ogan Komering Ulu Timur","16.08.04","Cempaka","16.08.04.2016","Cempaka"
"16","Sumatera Selatan","16.08","Kabupaten Ogan Komering Ulu Timur","16.08.04","Cempaka","16.08.04.2017","Sukabumi"
"16","Sumatera Selatan","16.08","Kabupaten Ogan Komering Ulu Timur","16.08.04","Cempaka","16.08.04.2018","Campang Tiga Ilir"
"16","Sumatera Selatan","16.08","Kabupaten Ogan Komering Ulu Timur","16.08.04","Cempaka","16.08.04.2019","Maluai Indah"
"16","Sumatera Selatan","16.08","Kabupaten Ogan Komering Ulu Timur","16.08.04","Cempaka","16.08.04.2020","Harisan Jaya"
"16","Sumatera Selatan","16.08","Kabupaten Ogan Komering Ulu Timur","16.08.04","Cempaka","16.08.04.2021","Campang Tiga Jaya"
"16","Sumatera Selatan","16.08","Kabupaten Ogan Komering Ulu Timur","16.08.05","Buay Pemuka Peliung","16.08.05.2001","Negeri Pakuan"
"16","Sumatera Selatan","16.08","Kabupaten Ogan Komering Ulu Timur","16.08.05","Buay Pemuka Peliung","16.08.05.2002","Negeri Agung"
"16","Sumatera Selatan","16.08","Kabupaten Ogan Komering Ulu Timur","16.08.05","Buay Pemuka Peliung","16.08.05.2003","Banu Mas"
"16","Sumatera Selatan","16.08","Kabupaten Ogan Komering Ulu Timur","16.08.05","Buay Pemuka Peliung","16.08.05.2004","Banu Ayu"
"16","Sumatera Selatan","16.08","Kabupaten Ogan Komering Ulu Timur","16.08.05","Buay Pemuka Peliung","16.08.05.2005","Pulau Negara"
"16","Sumatera Selatan","16.08","Kabupaten Ogan Komering Ulu Timur","16.08.05","Buay Pemuka Peliung","16.08.05.2006","Saung Dadi"
"16","Sumatera Selatan","16.08","Kabupaten Ogan Komering Ulu Timur","16.08.05","Buay Pemuka Peliung","16.08.05.2007","Trantang Sakti"
"16","Sumatera Selatan","16.08","Kabupaten Ogan Komering Ulu Timur","16.08.05","Buay Pemuka Peliung","16.08.05.2008","Pemetung Besuki"
"16","Sumatera Selatan","16.08","Kabupaten Ogan Komering Ulu Timur","16.08.05","Buay Pemuka Peliung","16.08.05.2009","Pahang Asri"
"16","Sumatera Selatan","16.08","Kabupaten Ogan Komering Ulu Timur","16.08.05","Buay Pemuka Peliung","16.08.05.2010","Bantan"
"16","Sumatera Selatan","16.08","Kabupaten Ogan Komering Ulu Timur","16.08.05","Buay Pemuka Peliung","16.08.05.2011","Bandar Jaya"
"16","Sumatera Selatan","16.08","Kabupaten Ogan Komering Ulu Timur","16.08.05","Buay Pemuka Peliung","16.08.05.2012","Negeri Agung Jaya"
"16","Sumatera Selatan","16.08","Kabupaten Ogan Komering Ulu Timur","16.08.05","Buay Pemuka Peliung","16.08.05.2013","Bantan Pelita"
"16","Sumatera Selatan","16.08","Kabupaten Ogan Komering Ulu Timur","16.08.06","Madang Suku II","16.08.06.2001","Karang Negara"
"16","Sumatera Selatan","16.08","Kabupaten Ogan Komering Ulu Timur","16.08.06","Madang Suku II","16.08.06.2002","Riang Bandung"
"16","Sumatera Selatan","16.08","Kabupaten Ogan Komering Ulu Timur","16.08.06","Madang Suku II","16.08.06.2005","Kota Negara"
"16","Sumatera Selatan","16.08","Kabupaten Ogan Komering Ulu Timur","16.08.06","Madang Suku II","16.08.06.2006","Karta Negara"
"16","Sumatera Selatan","16.08","Kabupaten Ogan Komering Ulu Timur","16.08.06","Madang Suku II","16.08.06.2007","Pandan Agung"
"16","Sumatera Selatan","16.08","Kabupaten Ogan Komering Ulu Timur","16.08.06","Madang Suku II","16.08.06.2009","Sri Mulyo"
"16","Sumatera Selatan","16.08","Kabupaten Ogan Komering Ulu Timur","16.08.06","Madang Suku II","16.08.06.2010","Margo Tani"
"16","Sumatera Selatan","16.08","Kabupaten Ogan Komering Ulu Timur","16.08.06","Madang Suku II","16.08.06.2011","Jati Mulya II"
"16","Sumatera Selatan","16.08","Kabupaten Ogan Komering Ulu Timur","16.08.06","Madang Suku II","16.08.06.2012","Pandan Jaya"
"16","Sumatera Selatan","16.08","Kabupaten Ogan Komering Ulu Timur","16.08.06","Madang Suku II","16.08.06.2014","Rasuan Baru"
"16","Sumatera Selatan","16.08","Kabupaten Ogan Komering Ulu Timur","16.08.06","Madang Suku II","16.08.06.2020","Banbanrejo"
"16","Sumatera Selatan","16.08","Kabupaten Ogan Komering Ulu Timur","16.08.06","Madang Suku II","16.08.06.2021","Suka Negara"
"16","Sumatera Selatan","16.08","Kabupaten Ogan Komering Ulu Timur","16.08.06","Madang Suku II","16.08.06.2022","Srikencana"
"16","Sumatera Selatan","16.08","Kabupaten Ogan Komering Ulu Timur","16.08.06","Madang Suku II","16.08.06.2023","Dadimulyo"
"16","Sumatera Selatan","16.08","Kabupaten Ogan Komering Ulu Timur","16.08.06","Madang Suku II","16.08.06.2024","Riang Bandung Ilir"
"16","Sumatera Selatan","16.08","Kabupaten Ogan Komering Ulu Timur","16.08.06","Madang Suku II","16.08.06.2025","Margotani II"
"16","Sumatera Selatan","16.08","Kabupaten Ogan Komering Ulu Timur","16.08.06","Madang Suku II","16.08.06.2026","Kota Negara Timur"
"16","Sumatera Selatan","16.08","Kabupaten Ogan Komering Ulu Timur","16.08.06","Madang Suku II","16.08.06.2027","Talang Giring"
"16","Sumatera Selatan","16.08","Kabupaten Ogan Komering Ulu Timur","16.08.06","Madang Suku II","16.08.06.2028","Kalirejo"
"16","Sumatera Selatan","16.08","Kabupaten Ogan Komering Ulu Timur","16.08.07","Madang Suku I","16.08.07.2002","Mendayun"
"16","Sumatera Selatan","16.08","Kabupaten Ogan Komering Ulu Timur","16.08.07","Madang Suku I","16.08.07.2003","Gunung Terang"
"16","Sumatera Selatan","16.08","Kabupaten Ogan Komering Ulu Timur","16.08.07","Madang Suku I","16.08.07.2004","Karta Mulya"
"16","Sumatera Selatan","16.08","Kabupaten Ogan Komering Ulu Timur","16.08.07","Madang Suku I","16.08.07.2007","SP. Kerta Mulya"
"16","Sumatera Selatan","16.08","Kabupaten Ogan Komering Ulu Timur","16.08.07","Madang Suku I","16.08.07.2014","Harjo Mulyo"
"16","Sumatera Selatan","16.08","Kabupaten Ogan Komering Ulu Timur","16.08.07","Madang Suku I","16.08.07.2015","Jaya Bakti"
"16","Sumatera Selatan","16.08","Kabupaten Ogan Komering Ulu Timur","16.08.07","Madang Suku I","16.08.07.2016","Rasuan"
"16","Sumatera Selatan","16.08","Kabupaten Ogan Komering Ulu Timur","16.08.07","Madang Suku I","16.08.07.2017","Mengulak"
"16","Sumatera Selatan","16.08","Kabupaten Ogan Komering Ulu Timur","16.08.07","Madang Suku I","16.08.07.2019","Jati Sari"
"16","Sumatera Selatan","16.08","Kabupaten Ogan Komering Ulu Timur","16.08.07","Madang Suku I","16.08.07.2021","Tri Dadi"
"16","Sumatera Selatan","16.08","Kabupaten Ogan Komering Ulu Timur","16.08.07","Madang Suku I","16.08.07.2022","Agung Jati"
"16","Sumatera Selatan","16.08","Kabupaten Ogan Komering Ulu Timur","16.08.07","Madang Suku I","16.08.07.2023","Rasuan Darat"
"16","Sumatera Selatan","16.08","Kabupaten Ogan Komering Ulu Timur","16.08.07","Madang Suku I","16.08.07.2024","Harjo Mulyo Jaya"
"16","Sumatera Selatan","16.08","Kabupaten Ogan Komering Ulu Timur","16.08.08","Semendawai Suku III","16.08.08.2002","Jaya Mulya"
"16","Sumatera Selatan","16.08","Kabupaten Ogan Komering Ulu Timur","16.08.08","Semendawai Suku III","16.08.08.2003","Gunung Sugih"
"16","Sumatera Selatan","16.08","Kabupaten Ogan Komering Ulu Timur","16.08.08","Semendawai Suku III","16.08.08.2007","Margo Rejo"
"16","Sumatera Selatan","16.08","Kabupaten Ogan Komering Ulu Timur","16.08.08","Semendawai Suku III","16.08.08.2009","Trimoharjo"
"16","Sumatera Selatan","16.08","Kabupaten Ogan Komering Ulu Timur","16.08.08","Semendawai Suku III","16.08.08.2010","Taman Agung"
"16","Sumatera Selatan","16.08","Kabupaten Ogan Komering Ulu Timur","16.08.08","Semendawai Suku III","16.08.08.2011","Krujon"
"16","Sumatera Selatan","16.08","Kabupaten Ogan Komering Ulu Timur","16.08.08","Semendawai Suku III","16.08.08.2013","Karang Endah"
"16","Sumatera Selatan","16.08","Kabupaten Ogan Komering Ulu Timur","16.08.08","Semendawai Suku III","16.08.08.2014","Sriwangi"
"16","Sumatera Selatan","16.08","Kabupaten Ogan Komering Ulu Timur","16.08.08","Semendawai Suku III","16.08.08.2015","Cahaya Negeri"
"16","Sumatera Selatan","16.08","Kabupaten Ogan Komering Ulu Timur","16.08.08","Semendawai Suku III","16.08.08.2016","Suka Mulya"
"16","Sumatera Selatan","16.08","Kabupaten Ogan Komering Ulu Timur","16.08.08","Semendawai Suku III","16.08.08.2017","Taraman"
"16","Sumatera Selatan","16.08","Kabupaten Ogan Komering Ulu Timur","16.08.08","Semendawai Suku III","16.08.08.2025","Mujo Rahayu"
"16","Sumatera Selatan","16.08","Kabupaten Ogan Komering Ulu Timur","16.08.08","Semendawai Suku III","16.08.08.2026","Taman Harjo"
"16","Sumatera Selatan","16.08","Kabupaten Ogan Komering Ulu Timur","16.08.08","Semendawai Suku III","16.08.08.2027","Margodadi"
"16","Sumatera Selatan","16.08","Kabupaten Ogan Komering Ulu Timur","16.08.08","Semendawai Suku III","16.08.08.2028","Taraman Jaya"
"16","Sumatera Selatan","16.08","Kabupaten Ogan Komering Ulu Timur","16.08.08","Semendawai Suku III","16.08.08.2029","Karang Marga"
"16","Sumatera Selatan","16.08","Kabupaten Ogan Komering Ulu Timur","16.08.08","Semendawai Suku III","16.08.08.2030","Trimo Rejo"
"16","Sumatera Selatan","16.08","Kabupaten Ogan Komering Ulu Timur","16.08.08","Semendawai Suku III","16.08.08.2031","Sriwangi Ulu"
"16","Sumatera Selatan","16.08","Kabupaten Ogan Komering Ulu Timur","16.08.08","Semendawai Suku III","16.08.08.2032","Taman Mulyo"
"16","Sumatera Selatan","16.08","Kabupaten Ogan Komering Ulu Timur","16.08.09","Belitang II","16.08.09.2004","Tanjung Kemuning"
"16","Sumatera Selatan","16.08","Kabupaten Ogan Komering Ulu Timur","16.08.09","Belitang II","16.08.09.2005","Raman Jaya"
"16","Sumatera Selatan","16.08","Kabupaten Ogan Komering Ulu Timur","16.08.09","Belitang II","16.08.09.2006","Sumber Jaya"
"16","Sumatera Selatan","16.08","Kabupaten Ogan Komering Ulu Timur","16.08.09","Belitang II","16.08.09.2007","Sumber Rejo"
"16","Sumatera Selatan","16.08","Kabupaten Ogan Komering Ulu Timur","16.08.09","Belitang II","16.08.09.2008","Sumber Sari"
"16","Sumatera Selatan","16.08","Kabupaten Ogan Komering Ulu Timur","16.08.09","Belitang II","16.08.09.2009","Tegal Sari"
"16","Sumatera Selatan","16.08","Kabupaten Ogan Komering Ulu Timur","16.08.09","Belitang II","16.08.09.2010","Sri Bantolo"
"16","Sumatera Selatan","16.08","Kabupaten Ogan Komering Ulu Timur","16.08.09","Belitang II","16.08.09.2011","Sumber Rahayu"
"16","Sumatera Selatan","16.08","Kabupaten Ogan Komering Ulu Timur","16.08.09","Belitang II","16.08.09.2012","Margo Mulyo"
"16","Sumatera Selatan","16.08","Kabupaten Ogan Komering Ulu Timur","16.08.09","Belitang II","16.08.09.2015","Purwosari"
"16","Sumatera Selatan","16.08","Kabupaten Ogan Komering Ulu Timur","16.08.09","Belitang II","16.08.09.2016","Karang Manik"
"16","Sumatera Selatan","16.08","Kabupaten Ogan Komering Ulu Timur","16.08.09","Belitang II","16.08.09.2017","Sumber Harapan"
"16","Sumatera Selatan","16.08","Kabupaten Ogan Komering Ulu Timur","16.08.09","Belitang II","16.08.09.2018","Keli Rejo"
"16","Sumatera Selatan","16.08","Kabupaten Ogan Komering Ulu Timur","16.08.09","Belitang II","16.08.09.2019","Toto Rejo"
"16","Sumatera Selatan","16.08","Kabupaten Ogan Komering Ulu Timur","16.08.09","Belitang II","16.08.09.2020","Karang Jaya"
"16","Sumatera Selatan","16.08","Kabupaten Ogan Komering Ulu Timur","16.08.09","Belitang II","16.08.09.2021","Kemuning Jaya"
"16","Sumatera Selatan","16.08","Kabupaten Ogan Komering Ulu Timur","16.08.09","Belitang II","16.08.09.2022","Bangun Rejo"
"16","Sumatera Selatan","16.08","Kabupaten Ogan Komering Ulu Timur","16.08.09","Belitang II","16.08.09.2023","Batu Mas"
"16","Sumatera Selatan","16.08","Kabupaten Ogan Komering Ulu Timur","16.08.09","Belitang II","16.08.09.2024","Suka Jaya"
"16","Sumatera Selatan","16.08","Kabupaten Ogan Komering Ulu Timur","16.08.09","Belitang II","16.08.09.2025","Srijaya"
"16","Sumatera Selatan","16.08","Kabupaten Ogan Komering Ulu Timur","16.08.09","Belitang II","16.08.09.2026","Tegal Besar"
"16","Sumatera Selatan","16.08","Kabupaten Ogan Komering Ulu Timur","16.08.09","Belitang II","16.08.09.2027","Darma Buana"
"16","Sumatera Selatan","16.08","Kabupaten Ogan Komering Ulu Timur","16.08.09","Belitang II","16.08.09.2028","Rejo Mulyo"
"16","Sumatera Selatan","16.08","Kabupaten Ogan Komering Ulu Timur","16.08.09","Belitang II","16.08.09.2029","Purworejo"
"16","Sumatera Selatan","16.08","Kabupaten Ogan Komering Ulu Timur","16.08.10","Belitang III","16.08.10.2001","Kutosari"
"16","Sumatera Selatan","16.08","Kabupaten Ogan Komering Ulu Timur","16.08.10","Belitang III","16.08.10.2002","Nusa Raya"
"16","Sumatera Selatan","16.08","Kabupaten Ogan Komering Ulu Timur","16.08.10","Belitang III","16.08.10.2003","Nusa Tunggal"
"16","Sumatera Selatan","16.08","Kabupaten Ogan Komering Ulu Timur","16.08.10","Belitang III","16.08.10.2004","Nusa Bali"
"16","Sumatera Selatan","16.08","Kabupaten Ogan Komering Ulu Timur","16.08.10","Belitang III","16.08.10.2005","Nusa Bakti"
"16","Sumatera Selatan","16.08","Kabupaten Ogan Komering Ulu Timur","16.08.10","Belitang III","16.08.10.2006","Nusa Jaya"
"16","Sumatera Selatan","16.08","Kabupaten Ogan Komering Ulu Timur","16.08.10","Belitang III","16.08.10.2007","Nusa Tenggara"
"16","Sumatera Selatan","16.08","Kabupaten Ogan Komering Ulu Timur","16.08.10","Belitang III","16.08.10.2008","Nusa Agung"
"16","Sumatera Selatan","16.08","Kabupaten Ogan Komering Ulu Timur","16.08.10","Belitang III","16.08.10.2009","Nusa Maju"
"16","Sumatera Selatan","16.08","Kabupaten Ogan Komering Ulu Timur","16.08.10","Belitang III","16.08.10.2010","Senu Marga"
"16","Sumatera Selatan","16.08","Kabupaten Ogan Komering Ulu Timur","16.08.10","Belitang III","16.08.10.2011","Karang Sari"
"16","Sumatera Selatan","16.08","Kabupaten Ogan Komering Ulu Timur","16.08.10","Belitang III","16.08.10.2013","Trikarya"
"16","Sumatera Selatan","16.08","Kabupaten Ogan Komering Ulu Timur","16.08.10","Belitang III","16.08.10.2016","Suka Negara"
"16","Sumatera Selatan","16.08","Kabupaten Ogan Komering Ulu Timur","16.08.10","Belitang III","16.08.10.2017","Karang Jadi"
"16","Sumatera Selatan","16.08","Kabupaten Ogan Komering Ulu Timur","16.08.10","Belitang III","16.08.10.2018","Dadi Rejo"
"16","Sumatera Selatan","16.08","Kabupaten Ogan Komering Ulu Timur","16.08.10","Belitang III","16.08.10.2019","Ganti Warno"
"16","Sumatera Selatan","16.08","Kabupaten Ogan Komering Ulu Timur","16.08.10","Belitang III","16.08.10.2020","Sinar Bali"
"16","Sumatera Selatan","16.08","Kabupaten Ogan Komering Ulu Timur","16.08.10","Belitang III","16.08.10.2021","Sumber Rejo"
"16","Sumatera Selatan","16.08","Kabupaten Ogan Komering Ulu Timur","16.08.10","Belitang III","16.08.10.2022","Ringin Sari"
"16","Sumatera Selatan","16.08","Kabupaten Ogan Komering Ulu Timur","16.08.10","Belitang III","16.08.10.2023","Karya Maju"
"16","Sumatera Selatan","16.08","Kabupaten Ogan Komering Ulu Timur","16.08.11","Bunga Mayang","16.08.11.2001","Batu Raja Bungin"
"16","Sumatera Selatan","16.08","Kabupaten Ogan Komering Ulu Timur","16.08.11","Bunga Mayang","16.08.11.2002","Tulang Bawang"
"16","Sumatera Selatan","16.08","Kabupaten Ogan Komering Ulu Timur","16.08.11","Bunga Mayang","16.08.11.2003","Sabahlioh"
"16","Sumatera Selatan","16.08","Kabupaten Ogan Komering Ulu Timur","16.08.11","Bunga Mayang","16.08.11.2004","Negeri Ratu"
"16","Sumatera Selatan","16.08","Kabupaten Ogan Komering Ulu Timur","16.08.11","Bunga Mayang","16.08.11.2005","Peracak"
"16","Sumatera Selatan","16.08","Kabupaten Ogan Komering Ulu Timur","16.08.11","Bunga Mayang","16.08.11.2006","Negeri Ratu Baru"
"16","Sumatera Selatan","16.08","Kabupaten Ogan Komering Ulu Timur","16.08.11","Bunga Mayang","16.08.11.2007","Tunas Peracak"
"16","Sumatera Selatan","16.08","Kabupaten Ogan Komering Ulu Timur","16.08.11","Bunga Mayang","16.08.11.2008","Sukabaru"
"16","Sumatera Selatan","16.08","Kabupaten Ogan Komering Ulu Timur","16.08.12","Buay Madang Timur","16.08.12.2001","Tanjung Mas"
"16","Sumatera Selatan","16.08","Kabupaten Ogan Komering Ulu Timur","16.08.12","Buay Madang Timur","16.08.12.2002","Tanjungsari"
"16","Sumatera Selatan","16.08","Kabupaten Ogan Komering Ulu Timur","16.08.12","Buay Madang Timur","16.08.12.2003","Teko Rejo"
"16","Sumatera Selatan","16.08","Kabupaten Ogan Komering Ulu Timur","16.08.12","Buay Madang Timur","16.08.12.2004","Sumber Asri"
"16","Sumatera Selatan","16.08","Kabupaten Ogan Komering Ulu Timur","16.08.12","Buay Madang Timur","16.08.12.2005","Suka Maju"
"16","Sumatera Selatan","16.08","Kabupaten Ogan Komering Ulu Timur","16.08.12","Buay Madang Timur","16.08.12.2006","Srikaton"
"16","Sumatera Selatan","16.08","Kabupaten Ogan Komering Ulu Timur","16.08.12","Buay Madang Timur","16.08.12.2007","Liman Sari"
"16","Sumatera Selatan","16.08","Kabupaten Ogan Komering Ulu Timur","16.08.12","Buay Madang Timur","16.08.12.2008","Sumber Harjo"
"16","Sumatera Selatan","16.08","Kabupaten Ogan Komering Ulu Timur","16.08.12","Buay Madang Timur","16.08.12.2009","Sumber Mulyo"
"16","Sumatera Selatan","16.08","Kabupaten Ogan Komering Ulu Timur","16.08.12","Buay Madang Timur","16.08.12.2010","Karang Tengah"
"16","Sumatera Selatan","16.08","Kabupaten Ogan Komering Ulu Timur","16.08.12","Buay Madang Timur","16.08.12.2011","Bangun Harjo"
"16","Sumatera Selatan","16.08","Kabupaten Ogan Komering Ulu Timur","16.08.12","Buay Madang Timur","16.08.12.2012","Tambak Boyo"
"16","Sumatera Selatan","16.08","Kabupaten Ogan Komering Ulu Timur","16.08.12","Buay Madang Timur","16.08.12.2013","Pengandonan"
"16","Sumatera Selatan","16.08","Kabupaten Ogan Komering Ulu Timur","16.08.12","Buay Madang Timur","16.08.12.2014","Rejo Dadi"
"16","Sumatera Selatan","16.08","Kabupaten Ogan Komering Ulu Timur","16.08.12","Buay Madang Timur","16.08.12.2015","Sukoharjo"
"16","Sumatera Selatan","16.08","Kabupaten Ogan Komering Ulu Timur","16.08.12","Buay Madang Timur","16.08.12.2016","Sumedang Sari"
"16","Sumatera Selatan","16.08","Kabupaten Ogan Komering Ulu Timur","16.08.12","Buay Madang Timur","16.08.12.2017","Rowodadi"
"16","Sumatera Selatan","16.08","Kabupaten Ogan Komering Ulu Timur","16.08.12","Buay Madang Timur","16.08.12.2018","Sukodadi"
"16","Sumatera Selatan","16.08","Kabupaten Ogan Komering Ulu Timur","16.08.12","Buay Madang Timur","16.08.12.2019","Kumpul Rejo"
"16","Sumatera Selatan","16.08","Kabupaten Ogan Komering Ulu Timur","16.08.12","Buay Madang Timur","16.08.12.2020","Metro Rejo"
"16","Sumatera Selatan","16.08","Kabupaten Ogan Komering Ulu Timur","16.08.12","Buay Madang Timur","16.08.12.2021","Kedu"
"16","Sumatera Selatan","16.08","Kabupaten Ogan Komering Ulu Timur","16.08.12","Buay Madang Timur","16.08.12.2022","Kedung Rejo"
"16","Sumatera Selatan","16.08","Kabupaten Ogan Komering Ulu Timur","16.08.12","Buay Madang Timur","16.08.12.2023","Banyumas Asri"
"16","Sumatera Selatan","16.08","Kabupaten Ogan Komering Ulu Timur","16.08.12","Buay Madang Timur","16.08.12.2024","Gumuk Rejo"
"16","Sumatera Selatan","16.08","Kabupaten Ogan Komering Ulu Timur","16.08.12","Buay Madang Timur","16.08.12.2025","Tanjung Mulya"
"16","Sumatera Selatan","16.08","Kabupaten Ogan Komering Ulu Timur","16.08.12","Buay Madang Timur","16.08.12.2026","Raman Agung"
"16","Sumatera Selatan","16.08","Kabupaten Ogan Komering Ulu Timur","16.08.12","Buay Madang Timur","16.08.12.2027","Bukit Mas"
"16","Sumatera Selatan","16.08","Kabupaten Ogan Komering Ulu Timur","16.08.12","Buay Madang Timur","16.08.12.2028","Tanjung Agung"
"16","Sumatera Selatan","16.08","Kabupaten Ogan Komering Ulu Timur","16.08.12","Buay Madang Timur","16.08.12.2029","Berasan Mulya"
"16","Sumatera Selatan","16.08","Kabupaten Ogan Komering Ulu Timur","16.08.12","Buay Madang Timur","16.08.12.2030","Sumber Tani"
"16","Sumatera Selatan","16.08","Kabupaten Ogan Komering Ulu Timur","16.08.13","Madang Suku III","16.08.13.2001","Banding Agung"
"16","Sumatera Selatan","16.08","Kabupaten Ogan Komering Ulu Timur","16.08.13","Madang Suku III","16.08.13.2002","Nikan"
"16","Sumatera Selatan","16.08","Kabupaten Ogan Komering Ulu Timur","16.08.13","Madang Suku III","16.08.13.2003","Surabaya"
"16","Sumatera Selatan","16.08","Kabupaten Ogan Komering Ulu Timur","16.08.13","Madang Suku III","16.08.13.2004","Wana Bakti"
"16","Sumatera Selatan","16.08","Kabupaten Ogan Komering Ulu Timur","16.08.13","Madang Suku III","16.08.13.2005","Batu Marta VI"
"16","Sumatera Selatan","16.08","Kabupaten Ogan Komering Ulu Timur","16.08.13","Madang Suku III","16.08.13.2006","Karya Makmur"
"16","Sumatera Selatan","16.08","Kabupaten Ogan Komering Ulu Timur","16.08.13","Madang Suku III","16.08.13.2007","Bina Amarta"
"16","Sumatera Selatan","16.08","Kabupaten Ogan Komering Ulu Timur","16.08.13","Madang Suku III","16.08.13.2008","Suka Damai"
"16","Sumatera Selatan","16.08","Kabupaten Ogan Komering Ulu Timur","16.08.13","Madang Suku III","16.08.13.2009","Batu Marta X"
"16","Sumatera Selatan","16.08","Kabupaten Ogan Komering Ulu Timur","16.08.13","Madang Suku III","16.08.13.2010","Marta V Jaya"
"16","Sumatera Selatan","16.08","Kabupaten Ogan Komering Ulu Timur","16.08.14","Semendawai Barat","16.08.14.2001","Tanjung Kukuh"
"16","Sumatera Selatan","16.08","Kabupaten Ogan Komering Ulu Timur","16.08.14","Semendawai Barat","16.08.14.2002","Betung"
"16","Sumatera Selatan","16.08","Kabupaten Ogan Komering Ulu Timur","16.08.14","Semendawai Barat","16.08.14.2003","Tanjung Mas"
"16","Sumatera Selatan","16.08","Kabupaten Ogan Komering Ulu Timur","16.08.14","Semendawai Barat","16.08.14.2004","Menanga Besar"
"16","Sumatera Selatan","16.08","Kabupaten Ogan Komering Ulu Timur","16.08.14","Semendawai Barat","16.08.14.2005","Menanga Tengah"
"16","Sumatera Selatan","16.08","Kabupaten Ogan Komering Ulu Timur","16.08.14","Semendawai Barat","16.08.14.2006","Adu manis"
"16","Sumatera Selatan","16.08","Kabupaten Ogan Komering Ulu Timur","16.08.14","Semendawai Barat","16.08.14.2007","Suka Negeri"
"16","Sumatera Selatan","16.08","Kabupaten Ogan Komering Ulu Timur","16.08.14","Semendawai Barat","16.08.14.2008","Kangkung"
"16","Sumatera Selatan","16.08","Kabupaten Ogan Komering Ulu Timur","16.08.14","Semendawai Barat","16.08.14.2009","Sri Tanjung"
"16","Sumatera Selatan","16.08","Kabupaten Ogan Komering Ulu Timur","16.08.14","Semendawai Barat","16.08.14.2010","Kangkung Ilir"
"16","Sumatera Selatan","16.08","Kabupaten Ogan Komering Ulu Timur","16.08.14","Semendawai Barat","16.08.14.2011","Betung Timur"
"16","Sumatera Selatan","16.08","Kabupaten Ogan Komering Ulu Timur","16.08.14","Semendawai Barat","16.08.14.2012","Menanga Sari"
"16","Sumatera Selatan","16.08","Kabupaten Ogan Komering Ulu Timur","16.08.15","Semendawai Timur","16.08.15.2001","Karang Melati"
"16","Sumatera Selatan","16.08","Kabupaten Ogan Komering Ulu Timur","16.08.15","Semendawai Timur","16.08.15.2002","Karang Menjangan"
"16","Sumatera Selatan","16.08","Kabupaten Ogan Komering Ulu Timur","16.08.15","Semendawai Timur","16.08.15.2003","Karang Anyar"
"16","Sumatera Selatan","16.08","Kabupaten Ogan Komering Ulu Timur","16.08.15","Semendawai Timur","16.08.15.2004","Tulung Harapan"
"16","Sumatera Selatan","16.08","Kabupaten Ogan Komering Ulu Timur","16.08.15","Semendawai Timur","16.08.15.2005","Kota Tanah"
"16","Sumatera Selatan","16.08","Kabupaten Ogan Komering Ulu Timur","16.08.15","Semendawai Timur","16.08.15.2006","Nirwana"
"16","Sumatera Selatan","16.08","Kabupaten Ogan Komering Ulu Timur","16.08.15","Semendawai Timur","16.08.15.2007","Burnai Mulya"
"16","Sumatera Selatan","16.08","Kabupaten Ogan Komering Ulu Timur","16.08.15","Semendawai Timur","16.08.15.2008","Kota Mulya"
"16","Sumatera Selatan","16.08","Kabupaten Ogan Komering Ulu Timur","16.08.15","Semendawai Timur","16.08.15.2009","Bungin Jaya"
"16","Sumatera Selatan","16.08","Kabupaten Ogan Komering Ulu Timur","16.08.15","Semendawai Timur","16.08.15.2010","Burnai Jaya"
"16","Sumatera Selatan","16.08","Kabupaten Ogan Komering Ulu Timur","16.08.15","Semendawai Timur","16.08.15.2011","Mulia Jaya"
"16","Sumatera Selatan","16.08","Kabupaten Ogan Komering Ulu Timur","16.08.15","Semendawai Timur","16.08.15.2012","Melati Jaya"
"16","Sumatera Selatan","16.08","Kabupaten Ogan Komering Ulu Timur","16.08.15","Semendawai Timur","16.08.15.2013","Karang Mulya"
"16","Sumatera Selatan","16.08","Kabupaten Ogan Komering Ulu Timur","16.08.15","Semendawai Timur","16.08.15.2014","Wanasari"
"16","Sumatera Selatan","16.08","Kabupaten Ogan Komering Ulu Timur","16.08.15","Semendawai Timur","16.08.15.2015","Harapan Jaya"
"16","Sumatera Selatan","16.08","Kabupaten Ogan Komering Ulu Timur","16.08.15","Semendawai Timur","16.08.15.2016","Melati Agung"
"16","Sumatera Selatan","16.08","Kabupaten Ogan Komering Ulu Timur","16.08.15","Semendawai Timur","16.08.15.2017","Wana Makmur"
"16","Sumatera Selatan","16.08","Kabupaten Ogan Komering Ulu Timur","16.08.15","Semendawai Timur","16.08.15.2018","Bawang Tikar"
"16","Sumatera Selatan","16.08","Kabupaten Ogan Komering Ulu Timur","16.08.15","Semendawai Timur","16.08.15.2019","Karya Bakti"
"16","Sumatera Selatan","16.08","Kabupaten Ogan Komering Ulu Timur","16.08.16","Jayapura","16.08.16.2001","Jayapura"
"16","Sumatera Selatan","16.08","Kabupaten Ogan Komering Ulu Timur","16.08.16","Jayapura","16.08.16.2002","Bunga Mayang"
"16","Sumatera Selatan","16.08","Kabupaten Ogan Komering Ulu Timur","16.08.16","Jayapura","16.08.16.2003","Way Salak"
"16","Sumatera Selatan","16.08","Kabupaten Ogan Komering Ulu Timur","16.08.16","Jayapura","16.08.16.2004","Mendah"
"16","Sumatera Selatan","16.08","Kabupaten Ogan Komering Ulu Timur","16.08.16","Jayapura","16.08.16.2005","Tumijaya"
"16","Sumatera Selatan","16.08","Kabupaten Ogan Komering Ulu Timur","16.08.16","Jayapura","16.08.16.2006","Condong"
"16","Sumatera Selatan","16.08","Kabupaten Ogan Komering Ulu Timur","16.08.16","Jayapura","16.08.16.2007","Peracak Jaya"
"16","Sumatera Selatan","16.08","Kabupaten Ogan Komering Ulu Timur","16.08.16","Jayapura","16.08.16.2008","Kambang"
"16","Sumatera Selatan","16.08","Kabupaten Ogan Komering Ulu Timur","16.08.17","Belitang Jaya","16.08.17.2001","Rejosari"
"16","Sumatera Selatan","16.08","Kabupaten Ogan Komering Ulu Timur","16.08.17","Belitang Jaya","16.08.17.2002","Sido Rejo"
"16","Sumatera Selatan","16.08","Kabupaten Ogan Komering Ulu Timur","16.08.17","Belitang Jaya","16.08.17.2003","Banjar Rejo"
"16","Sumatera Selatan","16.08","Kabupaten Ogan Komering Ulu Timur","16.08.17","Belitang Jaya","16.08.17.2004","Panca Tunggal"
"16","Sumatera Selatan","16.08","Kabupaten Ogan Komering Ulu Timur","16.08.17","Belitang Jaya","16.08.17.2005","Marga Koyo"
"16","Sumatera Selatan","16.08","Kabupaten Ogan Komering Ulu Timur","16.08.17","Belitang Jaya","16.08.17.2006","Sumber Agung"
"16","Sumatera Selatan","16.08","Kabupaten Ogan Komering Ulu Timur","16.08.17","Belitang Jaya","16.08.17.2007","Karsa Jaya"
"16","Sumatera Selatan","16.08","Kabupaten Ogan Komering Ulu Timur","16.08.17","Belitang Jaya","16.08.17.2008","Windusari"
"16","Sumatera Selatan","16.08","Kabupaten Ogan Komering Ulu Timur","16.08.17","Belitang Jaya","16.08.17.2009","Karya Makmur"
"16","Sumatera Selatan","16.08","Kabupaten Ogan Komering Ulu Timur","16.08.17","Belitang Jaya","16.08.17.2010","Giri Mulyo"
"16","Sumatera Selatan","16.08","Kabupaten Ogan Komering Ulu Timur","16.08.17","Belitang Jaya","16.08.17.2011","Madugondo"
"16","Sumatera Selatan","16.08","Kabupaten Ogan Komering Ulu Timur","16.08.17","Belitang Jaya","16.08.17.2012","Argomulyo"
"16","Sumatera Selatan","16.08","Kabupaten Ogan Komering Ulu Timur","16.08.17","Belitang Jaya","16.08.17.2013","Rejosari Jaya"
"16","Sumatera Selatan","16.08","Kabupaten Ogan Komering Ulu Timur","16.08.18","Belitang Madang Raya","16.08.18.2001","Tugu Mulyo"
"16","Sumatera Selatan","16.08","Kabupaten Ogan Komering Ulu Timur","16.08.18","Belitang Madang Raya","16.08.18.2002","Bangsa Negara"
"16","Sumatera Selatan","16.08","Kabupaten Ogan Komering Ulu Timur","16.08.18","Belitang Madang Raya","16.08.18.2003","Tugu Harum"
"16","Sumatera Selatan","16.08","Kabupaten Ogan Komering Ulu Timur","16.08.18","Belitang Madang Raya","16.08.18.2004","Tulus Ayu"
"16","Sumatera Selatan","16.08","Kabupaten Ogan Komering Ulu Timur","16.08.18","Belitang Madang Raya","16.08.18.2005","Yosowinangun"
"16","Sumatera Selatan","16.08","Kabupaten Ogan Komering Ulu Timur","16.08.18","Belitang Madang Raya","16.08.18.2006","Karang Binangun"
"16","Sumatera Selatan","16.08","Kabupaten Ogan Komering Ulu Timur","16.08.18","Belitang Madang Raya","16.08.18.2007","Jati Mulyo I"
"16","Sumatera Selatan","16.08","Kabupaten Ogan Komering Ulu Timur","16.08.18","Belitang Madang Raya","16.08.18.2008","Pandan Sari I"
"16","Sumatera Selatan","16.08","Kabupaten Ogan Komering Ulu Timur","16.08.18","Belitang Madang Raya","16.08.18.2009","Pelita Jaya"
"16","Sumatera Selatan","16.08","Kabupaten Ogan Komering Ulu Timur","16.08.18","Belitang Madang Raya","16.08.18.2010","Mekar Jaya"
"16","Sumatera Selatan","16.08","Kabupaten Ogan Komering Ulu Timur","16.08.18","Belitang Madang Raya","16.08.18.2011","Lubuk Harjo"
"16","Sumatera Selatan","16.08","Kabupaten Ogan Komering Ulu Timur","16.08.18","Belitang Madang Raya","16.08.18.2012","Tanah Merah"
"16","Sumatera Selatan","16.08","Kabupaten Ogan Komering Ulu Timur","16.08.18","Belitang Madang Raya","16.08.18.2013","Rantau Jaya"
"16","Sumatera Selatan","16.08","Kabupaten Ogan Komering Ulu Timur","16.08.18","Belitang Madang Raya","16.08.18.2014","Tebing Sari Mulya"
"16","Sumatera Selatan","16.08","Kabupaten Ogan Komering Ulu Timur","16.08.18","Belitang Madang Raya","16.08.18.2015","Marga Cinta"
"16","Sumatera Selatan","16.08","Kabupaten Ogan Komering Ulu Timur","16.08.18","Belitang Madang Raya","16.08.18.2016","Karang Binangun II"
"16","Sumatera Selatan","16.08","Kabupaten Ogan Komering Ulu Timur","16.08.19","Belitang Mulya","16.08.19.2001","Sari Guna"
"16","Sumatera Selatan","16.08","Kabupaten Ogan Komering Ulu Timur","16.08.19","Belitang Mulya","16.08.19.2002","Sido Waluyo"
"16","Sumatera Selatan","16.08","Kabupaten Ogan Komering Ulu Timur","16.08.19","Belitang Mulya","16.08.19.2003","Sugih Waras"
"16","Sumatera Selatan","16.08","Kabupaten Ogan Komering Ulu Timur","16.08.19","Belitang Mulya","16.08.19.2004","Rejo Sari"
"16","Sumatera Selatan","16.08","Kabupaten Ogan Komering Ulu Timur","16.08.19","Belitang Mulya","16.08.19.2005","Petanggan"
"16","Sumatera Selatan","16.08","Kabupaten Ogan Komering Ulu Timur","16.08.19","Belitang Mulya","16.08.19.2006","Purwodadi"
"16","Sumatera Selatan","16.08","Kabupaten Ogan Komering Ulu Timur","16.08.19","Belitang Mulya","16.08.19.2007","Sri Mulyo"
"16","Sumatera Selatan","16.08","Kabupaten Ogan Komering Ulu Timur","16.08.19","Belitang Mulya","16.08.19.2008","Ulak Buntar"
"16","Sumatera Selatan","16.08","Kabupaten Ogan Komering Ulu Timur","16.08.19","Belitang Mulya","16.08.19.2009","Sribudaya"
"16","Sumatera Selatan","16.08","Kabupaten Ogan Komering Ulu Timur","16.08.19","Belitang Mulya","16.08.19.2010","Sukoharjo"
"16","Sumatera Selatan","16.08","Kabupaten Ogan Komering Ulu Timur","16.08.19","Belitang Mulya","16.08.19.2011","Tulung Sari"
"16","Sumatera Selatan","16.08","Kabupaten Ogan Komering Ulu Timur","16.08.19","Belitang Mulya","16.08.19.2012","Mulya Sari"
"16","Sumatera Selatan","16.08","Kabupaten Ogan Komering Ulu Timur","16.08.20","Buay Pemuka Bangsa Raja","16.08.20.2001","Sri Bunga"
"16","Sumatera Selatan","16.08","Kabupaten Ogan Komering Ulu Timur","16.08.20","Buay Pemuka Bangsa Raja","16.08.20.2002","Anyar"
"16","Sumatera Selatan","16.08","Kabupaten Ogan Komering Ulu Timur","16.08.20","Buay Pemuka Bangsa Raja","16.08.20.2003","Pandan Sari II"
"16","Sumatera Selatan","16.08","Kabupaten Ogan Komering Ulu Timur","16.08.20","Buay Pemuka Bangsa Raja","16.08.20.2004","Rawasari"
"16","Sumatera Selatan","16.08","Kabupaten Ogan Komering Ulu Timur","16.08.20","Buay Pemuka Bangsa Raja","16.08.20.2005","Surya Menang"
"16","Sumatera Selatan","16.08","Kabupaten Ogan Komering Ulu Timur","16.08.20","Buay Pemuka Bangsa Raja","16.08.20.2006","Muncak Kabau"
"16","Sumatera Selatan","16.08","Kabupaten Ogan Komering Ulu Timur","16.08.20","Buay Pemuka Bangsa Raja","16.08.20.2007","Sri Bulan"
"16","Sumatera Selatan","16.09","Kabupaten Ogan Komering Ulu Selatan","16.09.01","Muara Dua","16.09.01.1013","Batu Belang Jaya"
"16","Sumatera Selatan","16.09","Kabupaten Ogan Komering Ulu Selatan","16.09.01","Muara Dua","16.09.01.1014","Bumi Agung"
"16","Sumatera Selatan","16.09","Kabupaten Ogan Komering Ulu Selatan","16.09.01","Muara Dua","16.09.01.1015","Pancur Pungah"
"16","Sumatera Selatan","16.09","Kabupaten Ogan Komering Ulu Selatan","16.09.01","Muara Dua","16.09.01.1016","Kisau"
"16","Sumatera Selatan","16.09","Kabupaten Ogan Komering Ulu Selatan","16.09.01","Muara Dua","16.09.01.1019","Pasar Muaradua"
"16","Sumatera Selatan","16.09","Kabupaten Ogan Komering Ulu Selatan","16.09.01","Muara Dua","16.09.01.2002","Gedung Lepihan"
"16","Sumatera Selatan","16.09","Kabupaten Ogan Komering Ulu Selatan","16.09.01","Muara Dua","16.09.01.2003","Gunung Tiga"
"16","Sumatera Selatan","16.09","Kabupaten Ogan Komering Ulu Selatan","16.09.01","Muara Dua","16.09.01.2004","Suka Banjar"
"16","Sumatera Selatan","16.09","Kabupaten Ogan Komering Ulu Selatan","16.09.01","Muara Dua","16.09.01.2005","Sukaraja II"
"16","Sumatera Selatan","16.09","Kabupaten Ogan Komering Ulu Selatan","16.09.01","Muara Dua","16.09.01.2017","Pendagan"
"16","Sumatera Selatan","16.09","Kabupaten Ogan Komering Ulu Selatan","16.09.01","Muara Dua","16.09.01.2018","Mehanggin"
"16","Sumatera Selatan","16.09","Kabupaten Ogan Komering Ulu Selatan","16.09.01","Muara Dua","16.09.01.2024","Pelangki"
"16","Sumatera Selatan","16.09","Kabupaten Ogan Komering Ulu Selatan","16.09.01","Muara Dua","16.09.01.2025","Batu Belang 2"
"16","Sumatera Selatan","16.09","Kabupaten Ogan Komering Ulu Selatan","16.09.01","Muara Dua","16.09.01.2026","Datar"
"16","Sumatera Selatan","16.09","Kabupaten Ogan Komering Ulu Selatan","16.09.02","Pulau Beringin","16.09.02.2012","Tanjung Bulan"
"16","Sumatera Selatan","16.09","Kabupaten Ogan Komering Ulu Selatan","16.09.02","Pulau Beringin","16.09.02.2013","Pulau Beringin"
"16","Sumatera Selatan","16.09","Kabupaten Ogan Komering Ulu Selatan","16.09.02","Pulau Beringin","16.09.02.2014","Aromantai"
"16","Sumatera Selatan","16.09","Kabupaten Ogan Komering Ulu Selatan","16.09.02","Pulau Beringin","16.09.02.2015","Tanjung Kari"
"16","Sumatera Selatan","16.09","Kabupaten Ogan Komering Ulu Selatan","16.09.02","Pulau Beringin","16.09.02.2016","Simpang Pancur"
"16","Sumatera Selatan","16.09","Kabupaten Ogan Komering Ulu Selatan","16.09.02","Pulau Beringin","16.09.02.2017","Pagar Agung"
"16","Sumatera Selatan","16.09","Kabupaten Ogan Komering Ulu Selatan","16.09.02","Pulau Beringin","16.09.02.2018","Gunung Batu"
"16","Sumatera Selatan","16.09","Kabupaten Ogan Komering Ulu Selatan","16.09.02","Pulau Beringin","16.09.02.2019","Kemu"
"16","Sumatera Selatan","16.09","Kabupaten Ogan Komering Ulu Selatan","16.09.02","Pulau Beringin","16.09.02.2020","Anugerah Kemu"
"16","Sumatera Selatan","16.09","Kabupaten Ogan Komering Ulu Selatan","16.09.02","Pulau Beringin","16.09.02.2021","Kemu Ulu"
"16","Sumatera Selatan","16.09","Kabupaten Ogan Komering Ulu Selatan","16.09.02","Pulau Beringin","16.09.02.2022","Pematang Obar"
"16","Sumatera Selatan","16.09","Kabupaten Ogan Komering Ulu Selatan","16.09.02","Pulau Beringin","16.09.02.2023","Tanjung Bulan Ulu"
"16","Sumatera Selatan","16.09","Kabupaten Ogan Komering Ulu Selatan","16.09.02","Pulau Beringin","16.09.02.2024","Pulau Beringin Utara"
"16","Sumatera Selatan","16.09","Kabupaten Ogan Komering Ulu Selatan","16.09.03","Banding Agung","16.09.03.1023","Bandar Agung Ranau"
"16","Sumatera Selatan","16.09","Kabupaten Ogan Komering Ulu Selatan","16.09.03","Banding Agung","16.09.03.2020","Way Timah"
"16","Sumatera Selatan","16.09","Kabupaten Ogan Komering Ulu Selatan","16.09.03","Banding Agung","16.09.03.2021","Sipatuhu"
"16","Sumatera Selatan","16.09","Kabupaten Ogan Komering Ulu Selatan","16.09.03","Banding Agung","16.09.03.2022","Banding Agung"
"16","Sumatera Selatan","16.09","Kabupaten Ogan Komering Ulu Selatan","16.09.03","Banding Agung","16.09.03.2024","Surabaya"
"16","Sumatera Selatan","16.09","Kabupaten Ogan Komering Ulu Selatan","16.09.03","Banding Agung","16.09.03.2025","Sugih Waras"
"16","Sumatera Selatan","16.09","Kabupaten Ogan Komering Ulu Selatan","16.09.03","Banding Agung","16.09.03.2026","Suka Negeri"
"16","Sumatera Selatan","16.09","Kabupaten Ogan Komering Ulu Selatan","16.09.03","Banding Agung","16.09.03.2027","Rantau Nipis"
"16","Sumatera Selatan","16.09","Kabupaten Ogan Komering Ulu Selatan","16.09.03","Banding Agung","16.09.03.2028","Air Rupik"
"16","Sumatera Selatan","16.09","Kabupaten Ogan Komering Ulu Selatan","16.09.03","Banding Agung","16.09.03.2031","Talang Merbau"
"16","Sumatera Selatan","16.09","Kabupaten Ogan Komering Ulu Selatan","16.09.03","Banding Agung","16.09.03.2032","Tanjung Agung"
"16","Sumatera Selatan","16.09","Kabupaten Ogan Komering Ulu Selatan","16.09.03","Banding Agung","16.09.03.2033","Tanjung Harapan"
"16","Sumatera Selatan","16.09","Kabupaten Ogan Komering Ulu Selatan","16.09.03","Banding Agung","16.09.03.2034","Telanai"
"16","Sumatera Selatan","16.09","Kabupaten Ogan Komering Ulu Selatan","16.09.03","Banding Agung","16.09.03.2035","Sumber Makmur"
"16","Sumatera Selatan","16.09","Kabupaten Ogan Komering Ulu Selatan","16.09.03","Banding Agung","16.09.03.2036","Karang Indah"
"16","Sumatera Selatan","16.09","Kabupaten Ogan Komering Ulu Selatan","16.09.03","Banding Agung","16.09.03.2037","Tangsi Agung"
"16","Sumatera Selatan","16.09","Kabupaten Ogan Komering Ulu Selatan","16.09.03","Banding Agung","16.09.03.2038","Penantian"
"16","Sumatera Selatan","16.09","Kabupaten Ogan Komering Ulu Selatan","16.09.03","Banding Agung","16.09.03.2039","Suka Maju"
"16","Sumatera Selatan","16.09","Kabupaten Ogan Komering Ulu Selatan","16.09.03","Banding Agung","16.09.03.2040","Sidodadi"
"16","Sumatera Selatan","16.09","Kabupaten Ogan Komering Ulu Selatan","16.09.03","Banding Agung","16.09.03.2041","Sipatuhu II"
"16","Sumatera Selatan","16.09","Kabupaten Ogan Komering Ulu Selatan","16.09.03","Banding Agung","16.09.03.2042","Terap Mulia"
"16","Sumatera Selatan","16.09","Kabupaten Ogan Komering Ulu Selatan","16.09.03","Banding Agung","16.09.03.2043","Surabaya Timur"
"16","Sumatera Selatan","16.09","Kabupaten Ogan Komering Ulu Selatan","16.09.04","Muara Dua Kisam","16.09.04.2001","Lawang Agung"
"16","Sumatera Selatan","16.09","Kabupaten Ogan Komering Ulu Selatan","16.09.04","Muara Dua Kisam","16.09.04.2002","Bayur Tengah"
"16","Sumatera Selatan","16.09","Kabupaten Ogan Komering Ulu Selatan","16.09.04","Muara Dua Kisam","16.09.04.2003","Tanjung Tebat"
"16","Sumatera Selatan","16.09","Kabupaten Ogan Komering Ulu Selatan","16.09.04","Muara Dua Kisam","16.09.04.2004","Sugihan"
"16","Sumatera Selatan","16.09","Kabupaten Ogan Komering Ulu Selatan","16.09.04","Muara Dua Kisam","16.09.04.2005","Penyandingan"
"16","Sumatera Selatan","16.09","Kabupaten Ogan Komering Ulu Selatan","16.09.04","Muara Dua Kisam","16.09.04.2006","Alun Dua"
"16","Sumatera Selatan","16.09","Kabupaten Ogan Komering Ulu Selatan","16.09.04","Muara Dua Kisam","16.09.04.2007","Bandar Alam Baru"
"16","Sumatera Selatan","16.09","Kabupaten Ogan Komering Ulu Selatan","16.09.04","Muara Dua Kisam","16.09.04.2008","Dusun Tengah"
"16","Sumatera Selatan","16.09","Kabupaten Ogan Komering Ulu Selatan","16.09.04","Muara Dua Kisam","16.09.04.2009","Ulak Agung Ilir"
"16","Sumatera Selatan","16.09","Kabupaten Ogan Komering Ulu Selatan","16.09.04","Muara Dua Kisam","16.09.04.2011","Gunung Gare"
"16","Sumatera Selatan","16.09","Kabupaten Ogan Komering Ulu Selatan","16.09.04","Muara Dua Kisam","16.09.04.2018","Ulak Agung Ulu"
"16","Sumatera Selatan","16.09","Kabupaten Ogan Komering Ulu Selatan","16.09.04","Muara Dua Kisam","16.09.04.2019","Muaradua Kisam"
"16","Sumatera Selatan","16.09","Kabupaten Ogan Komering Ulu Selatan","16.09.04","Muara Dua Kisam","16.09.04.2020","Sukananti"
"16","Sumatera Selatan","16.09","Kabupaten Ogan Komering Ulu Selatan","16.09.04","Muara Dua Kisam","16.09.04.2021","Pagar Dewa"
"16","Sumatera Selatan","16.09","Kabupaten Ogan Komering Ulu Selatan","16.09.04","Muara Dua Kisam","16.09.04.2022","Tanjung Beringin"
"16","Sumatera Selatan","16.09","Kabupaten Ogan Komering Ulu Selatan","16.09.04","Muara Dua Kisam","16.09.04.2028","Panantian"
"16","Sumatera Selatan","16.09","Kabupaten Ogan Komering Ulu Selatan","16.09.04","Muara Dua Kisam","16.09.04.2029","Sukaraja"
"16","Sumatera Selatan","16.09","Kabupaten Ogan Komering Ulu Selatan","16.09.04","Muara Dua Kisam","16.09.04.2040","Simpang Lubuk Dalam"
"16","Sumatera Selatan","16.09","Kabupaten Ogan Komering Ulu Selatan","16.09.05","Simpang","16.09.05.2001","Karang Agung"
"16","Sumatera Selatan","16.09","Kabupaten Ogan Komering Ulu Selatan","16.09.05","Simpang","16.09.05.2007","Lubar"
"16","Sumatera Selatan","16.09","Kabupaten Ogan Komering Ulu Selatan","16.09.05","Simpang","16.09.05.2008","Tanjung Sari"
"16","Sumatera Selatan","16.09","Kabupaten Ogan Komering Ulu Selatan","16.09.05","Simpang","16.09.05.2009","Simpangan"
"16","Sumatera Selatan","16.09","Kabupaten Ogan Komering Ulu Selatan","16.09.05","Simpang","16.09.05.2010","Bungin Campang"
"16","Sumatera Selatan","16.09","Kabupaten Ogan Komering Ulu Selatan","16.09.05","Simpang","16.09.05.2029","Simpang Agung"
"16","Sumatera Selatan","16.09","Kabupaten Ogan Komering Ulu Selatan","16.09.05","Simpang","16.09.05.2030","Sinar Mulyo"
"16","Sumatera Selatan","16.09","Kabupaten Ogan Komering Ulu Selatan","16.09.06","Buay Sandang Aji","16.09.06.2007","Sukarami"
"16","Sumatera Selatan","16.09","Kabupaten Ogan Komering Ulu Selatan","16.09.06","Buay Sandang Aji","16.09.06.2008","Tanjung Raya"
"16","Sumatera Selatan","16.09","Kabupaten Ogan Komering Ulu Selatan","16.09.06","Buay Sandang Aji","16.09.06.2010","Tanjung Menang Ilir"
"16","Sumatera Selatan","16.09","Kabupaten Ogan Komering Ulu Selatan","16.09.06","Buay Sandang Aji","16.09.06.2011","Tanjung Menang Ulu"
"16","Sumatera Selatan","16.09","Kabupaten Ogan Komering Ulu Selatan","16.09.06","Buay Sandang Aji","16.09.06.2012","Kenali"
"16","Sumatera Selatan","16.09","Kabupaten Ogan Komering Ulu Selatan","16.09.06","Buay Sandang Aji","16.09.06.2013","Negeri Cahya"
"16","Sumatera Selatan","16.09","Kabupaten Ogan Komering Ulu Selatan","16.09.06","Buay Sandang Aji","16.09.06.2014","Sukaraja I"
"16","Sumatera Selatan","16.09","Kabupaten Ogan Komering Ulu Selatan","16.09.06","Buay Sandang Aji","16.09.06.2015","Tanjung Iman"
"16","Sumatera Selatan","16.09","Kabupaten Ogan Komering Ulu Selatan","16.09.06","Buay Sandang Aji","16.09.06.2016","Bunga Mas"
"16","Sumatera Selatan","16.09","Kabupaten Ogan Komering Ulu Selatan","16.09.06","Buay Sandang Aji","16.09.06.2017","Lubuk Liku"
"16","Sumatera Selatan","16.09","Kabupaten Ogan Komering Ulu Selatan","16.09.06","Buay Sandang Aji","16.09.06.2018","Kota Karang"
"16","Sumatera Selatan","16.09","Kabupaten Ogan Komering Ulu Selatan","16.09.06","Buay Sandang Aji","16.09.06.2019","Negeri Batin"
"16","Sumatera Selatan","16.09","Kabupaten Ogan Komering Ulu Selatan","16.09.06","Buay Sandang Aji","16.09.06.2020","Madura"
"16","Sumatera Selatan","16.09","Kabupaten Ogan Komering Ulu Selatan","16.09.06","Buay Sandang Aji","16.09.06.2021","Negeri Agung"
"16","Sumatera Selatan","16.09","Kabupaten Ogan Komering Ulu Selatan","16.09.06","Buay Sandang Aji","16.09.06.2022","Gunung Terang"
"16","Sumatera Selatan","16.09","Kabupaten Ogan Komering Ulu Selatan","16.09.06","Buay Sandang Aji","16.09.06.2023","Talang Baru"
"16","Sumatera Selatan","16.09","Kabupaten Ogan Komering Ulu Selatan","16.09.07","Buay Runjung","16.09.07.2001","Sugih Rawas"
"16","Sumatera Selatan","16.09","Kabupaten Ogan Komering Ulu Selatan","16.09.07","Buay Runjung","16.09.07.2002","Padang Sari"
"16","Sumatera Selatan","16.09","Kabupaten Ogan Komering Ulu Selatan","16.09.07","Buay Runjung","16.09.07.2003","Padang Bindu"
"16","Sumatera Selatan","16.09","Kabupaten Ogan Komering Ulu Selatan","16.09.07","Buay Runjung","16.09.07.2005","Saung Naga"
"16","Sumatera Selatan","16.09","Kabupaten Ogan Komering Ulu Selatan","16.09.07","Buay Runjung","16.09.07.2006","Negeri Batin Baru"
"16","Sumatera Selatan","16.09","Kabupaten Ogan Komering Ulu Selatan","16.09.07","Buay Runjung","16.09.07.2007","Kota Aman"
"16","Sumatera Selatan","16.09","Kabupaten Ogan Komering Ulu Selatan","16.09.07","Buay Runjung","16.09.07.2008","Belambangan"
"16","Sumatera Selatan","16.09","Kabupaten Ogan Komering Ulu Selatan","16.09.07","Buay Runjung","16.09.07.2009","Paninjauan"
"16","Sumatera Selatan","16.09","Kabupaten Ogan Komering Ulu Selatan","16.09.07","Buay Runjung","16.09.07.2018","Nagar Agung"
"16","Sumatera Selatan","16.09","Kabupaten Ogan Komering Ulu Selatan","16.09.07","Buay Runjung","16.09.07.2019","Simpang Saga"
"16","Sumatera Selatan","16.09","Kabupaten Ogan Komering Ulu Selatan","16.09.07","Buay Runjung","16.09.07.2020","Perupus Blambangan"
"16","Sumatera Selatan","16.09","Kabupaten Ogan Komering Ulu Selatan","16.09.07","Buay Runjung","16.09.07.2021","Kagelang Blambangan"
"16","Sumatera Selatan","16.09","Kabupaten Ogan Komering Ulu Selatan","16.09.07","Buay Runjung","16.09.07.2022","Sukajadi Blambangan"
"16","Sumatera Selatan","16.09","Kabupaten Ogan Komering Ulu Selatan","16.09.07","Buay Runjung","16.09.07.2023","Bedeng Blambangan"
"16","Sumatera Selatan","16.09","Kabupaten Ogan Komering Ulu Selatan","16.09.08","Mekakau Ilir","16.09.08.2001","Kota Dalam"
"16","Sumatera Selatan","16.09","Kabupaten Ogan Komering Ulu Selatan","16.09.08","Mekakau Ilir","16.09.08.2002","Teluk Agung"
"16","Sumatera Selatan","16.09","Kabupaten Ogan Komering Ulu Selatan","16.09.08","Mekakau Ilir","16.09.08.2003","Pulau Duku"
"16","Sumatera Selatan","16.09","Kabupaten Ogan Komering Ulu Selatan","16.09.08","Mekakau Ilir","16.09.08.2004","Tanjung Besar"
"16","Sumatera Selatan","16.09","Kabupaten Ogan Komering Ulu Selatan","16.09.08","Mekakau Ilir","16.09.08.2005","Sinar Marga"
"16","Sumatera Selatan","16.09","Kabupaten Ogan Komering Ulu Selatan","16.09.08","Mekakau Ilir","16.09.08.2006","Kota Baru"
"16","Sumatera Selatan","16.09","Kabupaten Ogan Komering Ulu Selatan","16.09.08","Mekakau Ilir","16.09.08.2007","Galang Tinggi"
"16","Sumatera Selatan","16.09","Kabupaten Ogan Komering Ulu Selatan","16.09.08","Mekakau Ilir","16.09.08.2008","Sukaraja"
"16","Sumatera Selatan","16.09","Kabupaten Ogan Komering Ulu Selatan","16.09.08","Mekakau Ilir","16.09.08.2009","Sri Menanti"
"16","Sumatera Selatan","16.09","Kabupaten Ogan Komering Ulu Selatan","16.09.08","Mekakau Ilir","16.09.08.2010","Kepayang"
"16","Sumatera Selatan","16.09","Kabupaten Ogan Komering Ulu Selatan","16.09.08","Mekakau Ilir","16.09.08.2011","Kemang Bandung"
"16","Sumatera Selatan","16.09","Kabupaten Ogan Komering Ulu Selatan","16.09.08","Mekakau Ilir","16.09.08.2012","Selabung Belimbing Jaya"
"16","Sumatera Selatan","16.09","Kabupaten Ogan Komering Ulu Selatan","16.09.08","Mekakau Ilir","16.09.08.2013","Bunut"
"16","Sumatera Selatan","16.09","Kabupaten Ogan Komering Ulu Selatan","16.09.08","Mekakau Ilir","16.09.08.2014","Air Baru"
"16","Sumatera Selatan","16.09","Kabupaten Ogan Komering Ulu Selatan","16.09.08","Mekakau Ilir","16.09.08.2015","Pere'an"
"16","Sumatera Selatan","16.09","Kabupaten Ogan Komering Ulu Selatan","16.09.09","Buay Pemaca","16.09.09.2001","Tanjung Durian"
"16","Sumatera Selatan","16.09","Kabupaten Ogan Komering Ulu Selatan","16.09.09","Buay Pemaca","16.09.09.2002","Sipin"
"16","Sumatera Selatan","16.09","Kabupaten Ogan Komering Ulu Selatan","16.09.09","Buay Pemaca","16.09.09.2003","Kota Way"
"16","Sumatera Selatan","16.09","Kabupaten Ogan Komering Ulu Selatan","16.09.09","Buay Pemaca","16.09.09.2004","Talang Padang"
"16","Sumatera Selatan","16.09","Kabupaten Ogan Komering Ulu Selatan","16.09.09","Buay Pemaca","16.09.09.2005","Sri Menanti"
"16","Sumatera Selatan","16.09","Kabupaten Ogan Komering Ulu Selatan","16.09.09","Buay Pemaca","16.09.09.2006","Serakat Jaya"
"16","Sumatera Selatan","16.09","Kabupaten Ogan Komering Ulu Selatan","16.09.09","Buay Pemaca","16.09.09.2007","Karet Jaya"
"16","Sumatera Selatan","16.09","Kabupaten Ogan Komering Ulu Selatan","16.09.09","Buay Pemaca","16.09.09.2008","Danau Jaya"
"16","Sumatera Selatan","16.09","Kabupaten Ogan Komering Ulu Selatan","16.09.09","Buay Pemaca","16.09.09.2009","Sumber Ringin"
"16","Sumatera Selatan","16.09","Kabupaten Ogan Komering Ulu Selatan","16.09.09","Buay Pemaca","16.09.09.2010","Kembang Tinggi"
"16","Sumatera Selatan","16.09","Kabupaten Ogan Komering Ulu Selatan","16.09.09","Buay Pemaca","16.09.09.2011","Sido Rahayu"
"16","Sumatera Selatan","16.09","Kabupaten Ogan Komering Ulu Selatan","16.09.09","Buay Pemaca","16.09.09.2012","Sidodadi"
"16","Sumatera Selatan","16.09","Kabupaten Ogan Komering Ulu Selatan","16.09.09","Buay Pemaca","16.09.09.2013","Durian Sembilan"
"16","Sumatera Selatan","16.09","Kabupaten Ogan Komering Ulu Selatan","16.09.09","Buay Pemaca","16.09.09.2014","Sumber Raya"
"16","Sumatera Selatan","16.09","Kabupaten Ogan Komering Ulu Selatan","16.09.09","Buay Pemaca","16.09.09.2015","Sinar Napalan"
"16","Sumatera Selatan","16.09","Kabupaten Ogan Komering Ulu Selatan","16.09.09","Buay Pemaca","16.09.09.2016","Tanjung Jaya"
"16","Sumatera Selatan","16.09","Kabupaten Ogan Komering Ulu Selatan","16.09.09","Buay Pemaca","16.09.09.2017","Sinar Baru"
"16","Sumatera Selatan","16.09","Kabupaten Ogan Komering Ulu Selatan","16.09.09","Buay Pemaca","16.09.09.2018","Mekar Jaya"
"16","Sumatera Selatan","16.09","Kabupaten Ogan Komering Ulu Selatan","16.09.09","Buay Pemaca","16.09.09.2019","Tanjung Sari"
"16","Sumatera Selatan","16.09","Kabupaten Ogan Komering Ulu Selatan","16.09.09","Buay Pemaca","16.09.09.2020","Tanjung Baru"
"16","Sumatera Selatan","16.09","Kabupaten Ogan Komering Ulu Selatan","16.09.09","Buay Pemaca","16.09.09.2021","Air Kelian"
"16","Sumatera Selatan","16.09","Kabupaten Ogan Komering Ulu Selatan","16.09.09","Buay Pemaca","16.09.09.2022","Tanjung Menang"
"16","Sumatera Selatan","16.09","Kabupaten Ogan Komering Ulu Selatan","16.09.10","Kisam Tinggi","16.09.10.2001","Balayan"
"16","Sumatera Selatan","16.09","Kabupaten Ogan Komering Ulu Selatan","16.09.10","Kisam Tinggi","16.09.10.2002","Berasang"
"16","Sumatera Selatan","16.09","Kabupaten Ogan Komering Ulu Selatan","16.09.10","Kisam Tinggi","16.09.10.2003","Tebat Gabus"
"16","Sumatera Selatan","16.09","Kabupaten Ogan Komering Ulu Selatan","16.09.10","Kisam Tinggi","16.09.10.2004","Padang Lay"
"16","Sumatera Selatan","16.09","Kabupaten Ogan Komering Ulu Selatan","16.09.10","Kisam Tinggi","16.09.10.2005","Danau Rata"
"16","Sumatera Selatan","16.09","Kabupaten Ogan Komering Ulu Selatan","16.09.10","Kisam Tinggi","16.09.10.2006","Pajar Bulan"
"16","Sumatera Selatan","16.09","Kabupaten Ogan Komering Ulu Selatan","16.09.10","Kisam Tinggi","16.09.10.2007","Bandar Alam Lama"
"16","Sumatera Selatan","16.09","Kabupaten Ogan Komering Ulu Selatan","16.09.10","Kisam Tinggi","16.09.10.2008","Muara Payang"
"16","Sumatera Selatan","16.09","Kabupaten Ogan Komering Ulu Selatan","16.09.10","Kisam Tinggi","16.09.10.2009","Siring Agung"
"16","Sumatera Selatan","16.09","Kabupaten Ogan Komering Ulu Selatan","16.09.10","Kisam Tinggi","16.09.10.2010","Kota Padang"
"16","Sumatera Selatan","16.09","Kabupaten Ogan Komering Ulu Selatan","16.09.10","Kisam Tinggi","16.09.10.2011","Padang Bindu"
"16","Sumatera Selatan","16.09","Kabupaten Ogan Komering Ulu Selatan","16.09.10","Kisam Tinggi","16.09.10.2012","Tenang"
"16","Sumatera Selatan","16.09","Kabupaten Ogan Komering Ulu Selatan","16.09.10","Kisam Tinggi","16.09.10.2013","Gunung Megang"
"16","Sumatera Selatan","16.09","Kabupaten Ogan Komering Ulu Selatan","16.09.10","Kisam Tinggi","16.09.10.2014","Ulak Pandan"
"16","Sumatera Selatan","16.09","Kabupaten Ogan Komering Ulu Selatan","16.09.10","Kisam Tinggi","16.09.10.2015","Pulau Panggung"
"16","Sumatera Selatan","16.09","Kabupaten Ogan Komering Ulu Selatan","16.09.10","Kisam Tinggi","16.09.10.2016","Simpang Tiga"
"16","Sumatera Selatan","16.09","Kabupaten Ogan Komering Ulu Selatan","16.09.10","Kisam Tinggi","16.09.10.2017","Simpang Empat"
"16","Sumatera Selatan","16.09","Kabupaten Ogan Komering Ulu Selatan","16.09.10","Kisam Tinggi","16.09.10.2018","Singa Laga"
"16","Sumatera Selatan","16.09","Kabupaten Ogan Komering Ulu Selatan","16.09.10","Kisam Tinggi","16.09.10.2019","Air Alun"
"16","Sumatera Selatan","16.09","Kabupaten Ogan Komering Ulu Selatan","16.09.11","Kisam Ilir","16.09.11.2001","Pius"
"16","Sumatera Selatan","16.09","Kabupaten Ogan Komering Ulu Selatan","16.09.11","Kisam Ilir","16.09.11.2002","Pengandonan"
"16","Sumatera Selatan","16.09","Kabupaten Ogan Komering Ulu Selatan","16.09.11","Kisam Ilir","16.09.11.2003","Siring Alam"
"16","Sumatera Selatan","16.09","Kabupaten Ogan Komering Ulu Selatan","16.09.11","Kisam Ilir","16.09.11.2004","Simpang Campang"
"16","Sumatera Selatan","16.09","Kabupaten Ogan Komering Ulu Selatan","16.09.11","Kisam Ilir","16.09.11.2005","Pulau Kemiling"
"16","Sumatera Selatan","16.09","Kabupaten Ogan Komering Ulu Selatan","16.09.11","Kisam Ilir","16.09.11.2006","Keban Agung"
"16","Sumatera Selatan","16.09","Kabupaten Ogan Komering Ulu Selatan","16.09.11","Kisam Ilir","16.09.11.2007","Muara Sindang"
"16","Sumatera Selatan","16.09","Kabupaten Ogan Komering Ulu Selatan","16.09.11","Kisam Ilir","16.09.11.2008","Campang Jaya"
"16","Sumatera Selatan","16.09","Kabupaten Ogan Komering Ulu Selatan","16.09.11","Kisam Ilir","16.09.11.2009","Tanjung Jati"
"16","Sumatera Selatan","16.09","Kabupaten Ogan Komering Ulu Selatan","16.09.12","Buay Pematang Ribu Ranau Tengah","16.09.12.1013","Simpang Sender"
"16","Sumatera Selatan","16.09","Kabupaten Ogan Komering Ulu Selatan","16.09.12","Buay Pematang Ribu Ranau Tengah","16.09.12.2001","Tanjung Kemala"
"16","Sumatera Selatan","16.09","Kabupaten Ogan Komering Ulu Selatan","16.09.12","Buay Pematang Ribu Ranau Tengah","16.09.12.2002","Sukamarga"
"16","Sumatera Selatan","16.09","Kabupaten Ogan Komering Ulu Selatan","16.09.12","Buay Pematang Ribu Ranau Tengah","16.09.12.2003","Subik"
"16","Sumatera Selatan","16.09","Kabupaten Ogan Komering Ulu Selatan","16.09.12","Buay Pematang Ribu Ranau Tengah","16.09.12.2004","Jepara"
"16","Sumatera Selatan","16.09","Kabupaten Ogan Komering Ulu Selatan","16.09.12","Buay Pematang Ribu Ranau Tengah","16.09.12.2005","Hangkusa"
"16","Sumatera Selatan","16.09","Kabupaten Ogan Komering Ulu Selatan","16.09.12","Buay Pematang Ribu Ranau Tengah","16.09.12.2006","Sukarami"
"16","Sumatera Selatan","16.09","Kabupaten Ogan Komering Ulu Selatan","16.09.12","Buay Pematang Ribu Ranau Tengah","16.09.12.2007","Padang Ratu"
"16","Sumatera Selatan","16.09","Kabupaten Ogan Komering Ulu Selatan","16.09.12","Buay Pematang Ribu Ranau Tengah","16.09.12.2008","Tanjung Setia"
"16","Sumatera Selatan","16.09","Kabupaten Ogan Komering Ulu Selatan","16.09.12","Buay Pematang Ribu Ranau Tengah","16.09.12.2009","Gedung Baru"
"16","Sumatera Selatan","16.09","Kabupaten Ogan Komering Ulu Selatan","16.09.12","Buay Pematang Ribu Ranau Tengah","16.09.12.2010","Tanjung Sari"
"16","Sumatera Selatan","16.09","Kabupaten Ogan Komering Ulu Selatan","16.09.12","Buay Pematang Ribu Ranau Tengah","16.09.12.2011","Suka Bumi"
"16","Sumatera Selatan","16.09","Kabupaten Ogan Komering Ulu Selatan","16.09.12","Buay Pematang Ribu Ranau Tengah","16.09.12.2012","Sumber Mulia"
"16","Sumatera Selatan","16.09","Kabupaten Ogan Komering Ulu Selatan","16.09.12","Buay Pematang Ribu Ranau Tengah","16.09.12.2014","Way Relai"
"16","Sumatera Selatan","16.09","Kabupaten Ogan Komering Ulu Selatan","16.09.12","Buay Pematang Ribu Ranau Tengah","16.09.12.2015","Tanjung Baru Ranau"
"16","Sumatera Selatan","16.09","Kabupaten Ogan Komering Ulu Selatan","16.09.12","Buay Pematang Ribu Ranau Tengah","16.09.12.2016","Simpang Sender Selatan"
"16","Sumatera Selatan","16.09","Kabupaten Ogan Komering Ulu Selatan","16.09.12","Buay Pematang Ribu Ranau Tengah","16.09.12.2017","Simpang Sender Utara"
"16","Sumatera Selatan","16.09","Kabupaten Ogan Komering Ulu Selatan","16.09.12","Buay Pematang Ribu Ranau Tengah","16.09.12.2018","Simpang Sender Timur"
"16","Sumatera Selatan","16.09","Kabupaten Ogan Komering Ulu Selatan","16.09.12","Buay Pematang Ribu Ranau Tengah","16.09.12.2019","Simpang Sender Tengah"
"16","Sumatera Selatan","16.09","Kabupaten Ogan Komering Ulu Selatan","16.09.12","Buay Pematang Ribu Ranau Tengah","16.09.12.2020","Sumber Jaya"
"16","Sumatera Selatan","16.09","Kabupaten Ogan Komering Ulu Selatan","16.09.12","Buay Pematang Ribu Ranau Tengah","16.09.12.2021","Pakhda Suka"
"16","Sumatera Selatan","16.09","Kabupaten Ogan Komering Ulu Selatan","16.09.12","Buay Pematang Ribu Ranau Tengah","16.09.12.2022","Serumpun Jaya"
"16","Sumatera Selatan","16.09","Kabupaten Ogan Komering Ulu Selatan","16.09.13","Warkuk Ranau Selatan","16.09.13.2001","Sukajaya"
"16","Sumatera Selatan","16.09","Kabupaten Ogan Komering Ulu Selatan","16.09.13","Warkuk Ranau Selatan","16.09.13.2002","Kota Batu"
"16","Sumatera Selatan","16.09","Kabupaten Ogan Komering Ulu Selatan","16.09.13","Warkuk Ranau Selatan","16.09.13.2003","Pagar Dewa"
"16","Sumatera Selatan","16.09","Kabupaten Ogan Komering Ulu Selatan","16.09.13","Warkuk Ranau Selatan","16.09.13.2004","Tanjung Jati"
"16","Sumatera Selatan","16.09","Kabupaten Ogan Komering Ulu Selatan","16.09.13","Warkuk Ranau Selatan","16.09.13.2005","Gunung Aji"
"16","Sumatera Selatan","16.09","Kabupaten Ogan Komering Ulu Selatan","16.09.13","Warkuk Ranau Selatan","16.09.13.2006","Pilla"
"16","Sumatera Selatan","16.09","Kabupaten Ogan Komering Ulu Selatan","16.09.13","Warkuk Ranau Selatan","16.09.13.2007","Gunung Raya"
"16","Sumatera Selatan","16.09","Kabupaten Ogan Komering Ulu Selatan","16.09.13","Warkuk Ranau Selatan","16.09.13.2008","Remanam Jaya"
"16","Sumatera Selatan","16.09","Kabupaten Ogan Komering Ulu Selatan","16.09.13","Warkuk Ranau Selatan","16.09.13.2009","Kiwis Raya"
"16","Sumatera Selatan","16.09","Kabupaten Ogan Komering Ulu Selatan","16.09.13","Warkuk Ranau Selatan","16.09.13.2010","Segigok Raya"
"16","Sumatera Selatan","16.09","Kabupaten Ogan Komering Ulu Selatan","16.09.13","Warkuk Ranau Selatan","16.09.13.2011","Bumi Agung"
"16","Sumatera Selatan","16.09","Kabupaten Ogan Komering Ulu Selatan","16.09.13","Warkuk Ranau Selatan","16.09.13.2012","Mekar Sari"
"16","Sumatera Selatan","16.09","Kabupaten Ogan Komering Ulu Selatan","16.09.13","Warkuk Ranau Selatan","16.09.13.2013","Bedeng Tiga"
"16","Sumatera Selatan","16.09","Kabupaten Ogan Komering Ulu Selatan","16.09.13","Warkuk Ranau Selatan","16.09.13.2014","Gedung Ranau"
"16","Sumatera Selatan","16.09","Kabupaten Ogan Komering Ulu Selatan","16.09.13","Warkuk Ranau Selatan","16.09.13.2015","Tanjung Baru"
"16","Sumatera Selatan","16.09","Kabupaten Ogan Komering Ulu Selatan","16.09.13","Warkuk Ranau Selatan","16.09.13.2016","Way Wangi Seminung"
"16","Sumatera Selatan","16.09","Kabupaten Ogan Komering Ulu Selatan","16.09.14","Runjung Agung","16.09.14.2001","Merpang"
"16","Sumatera Selatan","16.09","Kabupaten Ogan Komering Ulu Selatan","16.09.14","Runjung Agung","16.09.14.2002","Tanjung Kurung"
"16","Sumatera Selatan","16.09","Kabupaten Ogan Komering Ulu Selatan","16.09.14","Runjung Agung","16.09.14.2003","Air Baru"
"16","Sumatera Selatan","16.09","Kabupaten Ogan Komering Ulu Selatan","16.09.14","Runjung Agung","16.09.14.2004","Penanggungan"
"16","Sumatera Selatan","16.09","Kabupaten Ogan Komering Ulu Selatan","16.09.14","Runjung Agung","16.09.14.2005","Bumi Genap"
"16","Sumatera Selatan","16.09","Kabupaten Ogan Komering Ulu Selatan","16.09.14","Runjung Agung","16.09.14.2006","Gedung Nyawa"
"16","Sumatera Selatan","16.09","Kabupaten Ogan Komering Ulu Selatan","16.09.14","Runjung Agung","16.09.14.2007","Gedung Wani"
"16","Sumatera Selatan","16.09","Kabupaten Ogan Komering Ulu Selatan","16.09.14","Runjung Agung","16.09.14.2008","Sura"
"16","Sumatera Selatan","16.09","Kabupaten Ogan Komering Ulu Selatan","16.09.14","Runjung Agung","16.09.14.2009","Karang Endah"
"16","Sumatera Selatan","16.09","Kabupaten Ogan Komering Ulu Selatan","16.09.15","Sungai Are","16.09.15.2001","Pulau Kemuning"
"16","Sumatera Selatan","16.09","Kabupaten Ogan Komering Ulu Selatan","16.09.15","Sungai Are","16.09.15.2002","Guntung Jaya"
"16","Sumatera Selatan","16.09","Kabupaten Ogan Komering Ulu Selatan","16.09.15","Sungai Are","16.09.15.2003","Tanah Pilih"
"16","Sumatera Selatan","16.09","Kabupaten Ogan Komering Ulu Selatan","16.09.15","Sungai Are","16.09.15.2004","Ujan Mas"
"16","Sumatera Selatan","16.09","Kabupaten Ogan Komering Ulu Selatan","16.09.15","Sungai Are","16.09.15.2005","Pecah Pinggan"
"16","Sumatera Selatan","16.09","Kabupaten Ogan Komering Ulu Selatan","16.09.15","Sungai Are","16.09.15.2006","Cukoh Nau"
"16","Sumatera Selatan","16.09","Kabupaten Ogan Komering Ulu Selatan","16.09.15","Sungai Are","16.09.15.2007","Simpang Luas"
"16","Sumatera Selatan","16.09","Kabupaten Ogan Komering Ulu Selatan","16.09.15","Sungai Are","16.09.15.2008","Sedau Jaya"
"16","Sumatera Selatan","16.09","Kabupaten Ogan Komering Ulu Selatan","16.09.15","Sungai Are","16.09.15.2009","Sebaja"
"16","Sumatera Selatan","16.09","Kabupaten Ogan Komering Ulu Selatan","16.09.16","Sindang Danau","16.09.16.2001","Tanjung Harapan"
"16","Sumatera Selatan","16.09","Kabupaten Ogan Komering Ulu Selatan","16.09.16","Sindang Danau","16.09.16.2002","Muara Sindang Ilir"
"16","Sumatera Selatan","16.09","Kabupaten Ogan Komering Ulu Selatan","16.09.16","Sindang Danau","16.09.16.2003","Muara Sindang Tengah"
"16","Sumatera Selatan","16.09","Kabupaten Ogan Komering Ulu Selatan","16.09.16","Sindang Danau","16.09.16.2004","Pematang Danau"
"16","Sumatera Selatan","16.09","Kabupaten Ogan Komering Ulu Selatan","16.09.16","Sindang Danau","16.09.16.2005","Ulu Danau"
"16","Sumatera Selatan","16.09","Kabupaten Ogan Komering Ulu Selatan","16.09.16","Sindang Danau","16.09.16.2006","Tebat Layang"
"16","Sumatera Selatan","16.09","Kabupaten Ogan Komering Ulu Selatan","16.09.16","Sindang Danau","16.09.16.2007","Watas"
"16","Sumatera Selatan","16.09","Kabupaten Ogan Komering Ulu Selatan","16.09.17","Buana Pemaca","16.09.17.2001","Tekana"
"16","Sumatera Selatan","16.09","Kabupaten Ogan Komering Ulu Selatan","16.09.17","Buana Pemaca","16.09.17.2002","Tanjung Beringin"
"16","Sumatera Selatan","16.09","Kabupaten Ogan Komering Ulu Selatan","16.09.17","Buana Pemaca","16.09.17.2003","Bandar"
"16","Sumatera Selatan","16.09","Kabupaten Ogan Komering Ulu Selatan","16.09.17","Buana Pemaca","16.09.17.2004","Jagaraga"
"16","Sumatera Selatan","16.09","Kabupaten Ogan Komering Ulu Selatan","16.09.17","Buana Pemaca","16.09.17.2005","Damarpura"
"16","Sumatera Selatan","16.09","Kabupaten Ogan Komering Ulu Selatan","16.09.17","Buana Pemaca","16.09.17.2006","Tunas Jaya"
"16","Sumatera Selatan","16.09","Kabupaten Ogan Komering Ulu Selatan","16.09.17","Buana Pemaca","16.09.17.2007","Sinar Danau"
"16","Sumatera Selatan","16.09","Kabupaten Ogan Komering Ulu Selatan","16.09.17","Buana Pemaca","16.09.17.2008","Gemiung"
"16","Sumatera Selatan","16.09","Kabupaten Ogan Komering Ulu Selatan","16.09.18","Tiga Dihaji","16.09.18.2001","Peninggiran"
"16","Sumatera Selatan","16.09","Kabupaten Ogan Komering Ulu Selatan","16.09.18","Tiga Dihaji","16.09.18.2002","Kuripan"
"16","Sumatera Selatan","16.09","Kabupaten Ogan Komering Ulu Selatan","16.09.18","Tiga Dihaji","16.09.18.2003","Surabaya"
"16","Sumatera Selatan","16.09","Kabupaten Ogan Komering Ulu Selatan","16.09.18","Tiga Dihaji","16.09.18.2004","Sukarena"
"16","Sumatera Selatan","16.09","Kabupaten Ogan Komering Ulu Selatan","16.09.18","Tiga Dihaji","16.09.18.2005","Karang Pendeta"
"16","Sumatera Selatan","16.09","Kabupaten Ogan Komering Ulu Selatan","16.09.18","Tiga Dihaji","16.09.18.2006","Kota Agung"
"16","Sumatera Selatan","16.09","Kabupaten Ogan Komering Ulu Selatan","16.09.18","Tiga Dihaji","16.09.18.2007","Sukabumi"
"16","Sumatera Selatan","16.09","Kabupaten Ogan Komering Ulu Selatan","16.09.18","Tiga Dihaji","16.09.18.2008","Kuripan II"
"16","Sumatera Selatan","16.09","Kabupaten Ogan Komering Ulu Selatan","16.09.19","Buay Rawan","16.09.19.2001","Rantau Panjang"
"16","Sumatera Selatan","16.09","Kabupaten Ogan Komering Ulu Selatan","16.09.19","Buay Rawan","16.09.19.2002","Sukajaya"
"16","Sumatera Selatan","16.09","Kabupaten Ogan Komering Ulu Selatan","16.09.19","Buay Rawan","16.09.19.2003","Banjar Agung"
"16","Sumatera Selatan","16.09","Kabupaten Ogan Komering Ulu Selatan","16.09.19","Buay Rawan","16.09.19.2004","Ruos"
"16","Sumatera Selatan","16.09","Kabupaten Ogan Komering Ulu Selatan","16.09.19","Buay Rawan","16.09.19.2005","Gunung Cahya"
"16","Sumatera Selatan","16.09","Kabupaten Ogan Komering Ulu Selatan","16.09.19","Buay Rawan","16.09.19.2006","Bumi Jaya"
"16","Sumatera Selatan","16.09","Kabupaten Ogan Komering Ulu Selatan","16.09.19","Buay Rawan","16.09.19.2007","Bendi"
"16","Sumatera Selatan","16.09","Kabupaten Ogan Komering Ulu Selatan","16.09.19","Buay Rawan","16.09.19.2008","Pekuolan"
"16","Sumatera Selatan","16.09","Kabupaten Ogan Komering Ulu Selatan","16.09.19","Buay Rawan","16.09.19.2009","Pelawi"
"16","Sumatera Selatan","16.09","Kabupaten Ogan Komering Ulu Selatan","16.09.19","Buay Rawan","16.09.19.2011","Majar"
"16","Sumatera Selatan","16.09","Kabupaten Ogan Komering Ulu Selatan","16.09.19","Buay Rawan","16.09.19.2012","Bumi Agung Jaya"
"16","Sumatera Selatan","16.10","Kabupaten Ogan Ilir","16.10.01","Muara Kuang","16.10.01.1011","Muara Kuang"
"16","Sumatera Selatan","16.10","Kabupaten Ogan Ilir","16.10.01","Muara Kuang","16.10.01.2005","Munggu"
"16","Sumatera Selatan","16.10","Kabupaten Ogan Ilir","16.10.01","Muara Kuang","16.10.01.2006","Seri Menanti"
"16","Sumatera Selatan","16.10","Kabupaten Ogan Ilir","16.10.01","Muara Kuang","16.10.01.2007","Rantau Sialang"
"16","Sumatera Selatan","16.10","Kabupaten Ogan Ilir","16.10.01","Muara Kuang","16.10.01.2008","Kuang Anyar"
"16","Sumatera Selatan","16.10","Kabupaten Ogan Ilir","16.10.01","Muara Kuang","16.10.01.2009","Kasah"
"16","Sumatera Selatan","16.10","Kabupaten Ogan Ilir","16.10.01","Muara Kuang","16.10.01.2012","Tanabang Ulu"
"16","Sumatera Selatan","16.10","Kabupaten Ogan Ilir","16.10.01","Muara Kuang","16.10.01.2013","Seri Kembang"
"16","Sumatera Selatan","16.10","Kabupaten Ogan Ilir","16.10.01","Muara Kuang","16.10.01.2014","Nagasari"
"16","Sumatera Selatan","16.10","Kabupaten Ogan Ilir","16.10.01","Muara Kuang","16.10.01.2015","Suka Cinta"
"16","Sumatera Selatan","16.10","Kabupaten Ogan Ilir","16.10.01","Muara Kuang","16.10.01.2016","Kelampadu"
"16","Sumatera Selatan","16.10","Kabupaten Ogan Ilir","16.10.01","Muara Kuang","16.10.01.2029","Sukajadi"
"16","Sumatera Selatan","16.10","Kabupaten Ogan Ilir","16.10.01","Muara Kuang","16.10.01.2030","Ramakasih"
"16","Sumatera Selatan","16.10","Kabupaten Ogan Ilir","16.10.01","Muara Kuang","16.10.01.2031","Tanabang Ilir"
"16","Sumatera Selatan","16.10","Kabupaten Ogan Ilir","16.10.02","Tanjung Batu","16.10.02.1017","Tanjung Batu"
"16","Sumatera Selatan","16.10","Kabupaten Ogan Ilir","16.10.02","Tanjung Batu","16.10.02.1037","Tanjung Batu Timur"
"16","Sumatera Selatan","16.10","Kabupaten Ogan Ilir","16.10.02","Tanjung Batu","16.10.02.2010","Seri Bandung"
"16","Sumatera Selatan","16.10","Kabupaten Ogan Ilir","16.10.02","Tanjung Batu","16.10.02.2011","Seri Tanjung"
"16","Sumatera Selatan","16.10","Kabupaten Ogan Ilir","16.10.02","Tanjung Batu","16.10.02.2012","Tanjung Tambak"
"16","Sumatera Selatan","16.10","Kabupaten Ogan Ilir","16.10.02","Tanjung Batu","16.10.02.2013","Senuro Timur"
"16","Sumatera Selatan","16.10","Kabupaten Ogan Ilir","16.10.02","Tanjung Batu","16.10.02.2014","Tanjung Baru Petai"
"16","Sumatera Selatan","16.10","Kabupaten Ogan Ilir","16.10.02","Tanjung Batu","16.10.02.2015","Tanjung Batu Seberang"
"16","Sumatera Selatan","16.10","Kabupaten Ogan Ilir","16.10.02","Tanjung Batu","16.10.02.2016","Pajar Bulan"
"16","Sumatera Selatan","16.10","Kabupaten Ogan Ilir","16.10.02","Tanjung Batu","16.10.02.2018","Tanjung Atap"
"16","Sumatera Selatan","16.10","Kabupaten Ogan Ilir","16.10.02","Tanjung Batu","16.10.02.2019","Tanjung Pinang I"
"16","Sumatera Selatan","16.10","Kabupaten Ogan Ilir","16.10.02","Tanjung Batu","16.10.02.2020","Limbang Jaya I"
"16","Sumatera Selatan","16.10","Kabupaten Ogan Ilir","16.10.02","Tanjung Batu","16.10.02.2021","Tanjung Laut"
"16","Sumatera Selatan","16.10","Kabupaten Ogan Ilir","16.10.02","Tanjung Batu","16.10.02.2026","Burai"
"16","Sumatera Selatan","16.10","Kabupaten Ogan Ilir","16.10.02","Tanjung Batu","16.10.02.2027","Sentul"
"16","Sumatera Selatan","16.10","Kabupaten Ogan Ilir","16.10.02","Tanjung Batu","16.10.02.2031","Bangun Jaya"
"16","Sumatera Selatan","16.10","Kabupaten Ogan Ilir","16.10.02","Tanjung Batu","16.10.02.2032","Tanjung Tambak Baru"
"16","Sumatera Selatan","16.10","Kabupaten Ogan Ilir","16.10.02","Tanjung Batu","16.10.02.2033","Limbang Jaya II"
"16","Sumatera Selatan","16.10","Kabupaten Ogan Ilir","16.10.02","Tanjung Batu","16.10.02.2034","Senuro Barat"
"16","Sumatera Selatan","16.10","Kabupaten Ogan Ilir","16.10.02","Tanjung Batu","16.10.02.2035","Tanjung Pinang II"
"16","Sumatera Selatan","16.10","Kabupaten Ogan Ilir","16.10.02","Tanjung Batu","16.10.02.2036","Tanjung Atap Barat"
"16","Sumatera Selatan","16.10","Kabupaten Ogan Ilir","16.10.03","Tanjung Raja","16.10.03.1001","Tanjung Raja"
"16","Sumatera Selatan","16.10","Kabupaten Ogan Ilir","16.10.03","Tanjung Raja","16.10.03.1027","Tanjung Raja Barat"
"16","Sumatera Selatan","16.10","Kabupaten Ogan Ilir","16.10.03","Tanjung Raja","16.10.03.1028","Tanjung Raja Utara"
"16","Sumatera Selatan","16.10","Kabupaten Ogan Ilir","16.10.03","Tanjung Raja","16.10.03.1035","Tanjung Raja Timur"
"16","Sumatera Selatan","16.10","Kabupaten Ogan Ilir","16.10.03","Tanjung Raja","16.10.03.2002","Suka Pindah"
"16","Sumatera Selatan","16.10","Kabupaten Ogan Ilir","16.10.03","Tanjung Raja","16.10.03.2007","Tanjung Temiang"
"16","Sumatera Selatan","16.10","Kabupaten Ogan Ilir","16.10.03","Tanjung Raja","16.10.03.2008","Seri Dalam"
"16","Sumatera Selatan","16.10","Kabupaten Ogan Ilir","16.10.03","Tanjung Raja","16.10.03.2018","Kerinjing"
"16","Sumatera Selatan","16.10","Kabupaten Ogan Ilir","16.10.03","Tanjung Raja","16.10.03.2019","Ulak Kerbau Baru"
"16","Sumatera Selatan","16.10","Kabupaten Ogan Ilir","16.10.03","Tanjung Raja","16.10.03.2020","Ulak Kerbau Lama"
"16","Sumatera Selatan","16.10","Kabupaten Ogan Ilir","16.10.03","Tanjung Raja","16.10.03.2021","Tanjung Agas"
"16","Sumatera Selatan","16.10","Kabupaten Ogan Ilir","16.10.03","Tanjung Raja","16.10.03.2022","Siring Alam"
"16","Sumatera Selatan","16.10","Kabupaten Ogan Ilir","16.10.03","Tanjung Raja","16.10.03.2023","Talang Balai Baru I"
"16","Sumatera Selatan","16.10","Kabupaten Ogan Ilir","16.10.03","Tanjung Raja","16.10.03.2024","Talang Balai Lama"
"16","Sumatera Selatan","16.10","Kabupaten Ogan Ilir","16.10.03","Tanjung Raja","16.10.03.2030","Skonjing"
"16","Sumatera Selatan","16.10","Kabupaten Ogan Ilir","16.10.03","Tanjung Raja","16.10.03.2031","Tanjung Raja Selatan"
"16","Sumatera Selatan","16.10","Kabupaten Ogan Ilir","16.10.03","Tanjung Raja","16.10.03.2032","Belanti"
"16","Sumatera Selatan","16.10","Kabupaten Ogan Ilir","16.10.03","Tanjung Raja","16.10.03.2033","Tanjung Harapan"
"16","Sumatera Selatan","16.10","Kabupaten Ogan Ilir","16.10.03","Tanjung Raja","16.10.03.2034","Talang Balai Baru II"
"16","Sumatera Selatan","16.10","Kabupaten Ogan Ilir","16.10.04","Indralaya","16.10.04.1030","Indralaya Raya"
"16","Sumatera Selatan","16.10","Kabupaten Ogan Ilir","16.10.04","Indralaya","16.10.04.1031","Indralaya Indah"
"16","Sumatera Selatan","16.10","Kabupaten Ogan Ilir","16.10.04","Indralaya","16.10.04.1032","Indralaya Mulia"
"16","Sumatera Selatan","16.10","Kabupaten Ogan Ilir","16.10.04","Indralaya","16.10.04.2005","Lubuk Sakti"
"16","Sumatera Selatan","16.10","Kabupaten Ogan Ilir","16.10.04","Indralaya","16.10.04.2006","Tanjung Gelam"
"16","Sumatera Selatan","16.10","Kabupaten Ogan Ilir","16.10.04","Indralaya","16.10.04.2007","Tanjung Agung"
"16","Sumatera Selatan","16.10","Kabupaten Ogan Ilir","16.10.04","Indralaya","16.10.04.2008","Tanjung Sejaro"
"16","Sumatera Selatan","16.10","Kabupaten Ogan Ilir","16.10.04","Indralaya","16.10.04.2009","Sakatiga Seberang"
"16","Sumatera Selatan","16.10","Kabupaten Ogan Ilir","16.10.04","Indralaya","16.10.04.2010","Muara P. Ulu"
"16","Sumatera Selatan","16.10","Kabupaten Ogan Ilir","16.10.04","Indralaya","16.10.04.2012","Tanjung Seteko"
"16","Sumatera Selatan","16.10","Kabupaten Ogan Ilir","16.10.04","Indralaya","16.10.04.2013","Saka Tiga"
"16","Sumatera Selatan","16.10","Kabupaten Ogan Ilir","16.10.04","Indralaya","16.10.04.2014","Ulak Banding"
"16","Sumatera Selatan","16.10","Kabupaten Ogan Ilir","16.10.04","Indralaya","16.10.04.2015","Muara P. Ilir"
"16","Sumatera Selatan","16.10","Kabupaten Ogan Ilir","16.10.04","Indralaya","16.10.04.2016","Talang Aur"
"16","Sumatera Selatan","16.10","Kabupaten Ogan Ilir","16.10.04","Indralaya","16.10.04.2017","Ulak Bedil"
"16","Sumatera Selatan","16.10","Kabupaten Ogan Ilir","16.10.04","Indralaya","16.10.04.2018","Penyandingan"
"16","Sumatera Selatan","16.10","Kabupaten Ogan Ilir","16.10.04","Indralaya","16.10.04.2019","Sudimampir"
"16","Sumatera Selatan","16.10","Kabupaten Ogan Ilir","16.10.04","Indralaya","16.10.04.2027","Ulak Segelung"
"16","Sumatera Selatan","16.10","Kabupaten Ogan Ilir","16.10.04","Indralaya","16.10.04.2028","Sejaro Sakti"
"16","Sumatera Selatan","16.10","Kabupaten Ogan Ilir","16.10.04","Indralaya","16.10.04.2029","Tunas Aur"
"16","Sumatera Selatan","16.10","Kabupaten Ogan Ilir","16.10.05","Pemulutan","16.10.05.2015","Aurstanding"
"16","Sumatera Selatan","16.10","Kabupaten Ogan Ilir","16.10.05","Pemulutan","16.10.05.2016","Sukarami"
"16","Sumatera Selatan","16.10","Kabupaten Ogan Ilir","16.10.05","Pemulutan","16.10.05.2017","Muara Dua"
"16","Sumatera Selatan","16.10","Kabupaten Ogan Ilir","16.10.05","Pemulutan","16.10.05.2018","Palu"
"16","Sumatera Selatan","16.10","Kabupaten Ogan Ilir","16.10.05","Pemulutan","16.10.05.2019","Teluk Kecapi"
"16","Sumatera Selatan","16.10","Kabupaten Ogan Ilir","16.10.05","Pemulutan","16.10.05.2020","Pelabuhan Dalam"
"16","Sumatera Selatan","16.10","Kabupaten Ogan Ilir","16.10.05","Pemulutan","16.10.05.2021","Pemulutan Ulu"
"16","Sumatera Selatan","16.10","Kabupaten Ogan Ilir","16.10.05","Pemulutan","16.10.05.2022","Pemulutan Ilir"
"16","Sumatera Selatan","16.10","Kabupaten Ogan Ilir","16.10.05","Pemulutan","16.10.05.2023","Sungai Rasau"
"16","Sumatera Selatan","16.10","Kabupaten Ogan Ilir","16.10.05","Pemulutan","16.10.05.2024","Ibul Besar I"
"16","Sumatera Selatan","16.10","Kabupaten Ogan Ilir","16.10.05","Pemulutan","16.10.05.2025","Pegayut"
"16","Sumatera Selatan","16.10","Kabupaten Ogan Ilir","16.10.05","Pemulutan","16.10.05.2029","S. Pelabuhan Dlm"
"16","Sumatera Selatan","16.10","Kabupaten Ogan Ilir","16.10.05","Pemulutan","16.10.05.2030","Ibul Besar II"
"16","Sumatera Selatan","16.10","Kabupaten Ogan Ilir","16.10.05","Pemulutan","16.10.05.2031","Ibul Besar III"
"16","Sumatera Selatan","16.10","Kabupaten Ogan Ilir","16.10.05","Pemulutan","16.10.05.2032","Mekar Jaya"
"16","Sumatera Selatan","16.10","Kabupaten Ogan Ilir","16.10.05","Pemulutan","16.10.05.2033","Kedukan Bujang"
"16","Sumatera Selatan","16.10","Kabupaten Ogan Ilir","16.10.05","Pemulutan","16.10.05.2034","Rawa Jaya"
"16","Sumatera Selatan","16.10","Kabupaten Ogan Ilir","16.10.05","Pemulutan","16.10.05.2035","Babatan Saudagar"
"16","Sumatera Selatan","16.10","Kabupaten Ogan Ilir","16.10.05","Pemulutan","16.10.05.2036","Tanjung Pasir"
"16","Sumatera Selatan","16.10","Kabupaten Ogan Ilir","16.10.05","Pemulutan","16.10.05.2037","Harapan"
"16","Sumatera Selatan","16.10","Kabupaten Ogan Ilir","16.10.05","Pemulutan","16.10.05.2038","Pipa Putih"
"16","Sumatera Selatan","16.10","Kabupaten Ogan Ilir","16.10.05","Pemulutan","16.10.05.2039","Sungai Buaya"
"16","Sumatera Selatan","16.10","Kabupaten Ogan Ilir","16.10.05","Pemulutan","16.10.05.2040","Muara Baru"
"16","Sumatera Selatan","16.10","Kabupaten Ogan Ilir","16.10.05","Pemulutan","16.10.05.2041","Sembadak"
"16","Sumatera Selatan","16.10","Kabupaten Ogan Ilir","16.10.05","Pemulutan","16.10.05.2042","Lebung Jangkar"
"16","Sumatera Selatan","16.10","Kabupaten Ogan Ilir","16.10.06","Rantau Alai","16.10.06.2006","Sirah Pulau Kilip"
"16","Sumatera Selatan","16.10","Kabupaten Ogan Ilir","16.10.06","Rantau Alai","16.10.06.2011","Kelampaian"
"16","Sumatera Selatan","16.10","Kabupaten Ogan Ilir","16.10.06","Rantau Alai","16.10.06.2012","Sukananti"
"16","Sumatera Selatan","16.10","Kabupaten Ogan Ilir","16.10.06","Rantau Alai","16.10.06.2013","Sukamarga"
"16","Sumatera Selatan","16.10","Kabupaten Ogan Ilir","16.10.06","Rantau Alai","16.10.06.2014","Rantau Alai"
"16","Sumatera Selatan","16.10","Kabupaten Ogan Ilir","16.10.06","Rantau Alai","16.10.06.2015","Kerta Bayang"
"16","Sumatera Selatan","16.10","Kabupaten Ogan Ilir","16.10.06","Rantau Alai","16.10.06.2016","Tanjung Mas"
"16","Sumatera Selatan","16.10","Kabupaten Ogan Ilir","16.10.06","Rantau Alai","16.10.06.2017","Talang Sari"
"16","Sumatera Selatan","16.10","Kabupaten Ogan Ilir","16.10.06","Rantau Alai","16.10.06.2018","Lebung Bandung"
"16","Sumatera Selatan","16.10","Kabupaten Ogan Ilir","16.10.06","Rantau Alai","16.10.06.2020","Sanding Marga"
"16","Sumatera Selatan","16.10","Kabupaten Ogan Ilir","16.10.06","Rantau Alai","16.10.06.2021","Sukamaju"
"16","Sumatera Selatan","16.10","Kabupaten Ogan Ilir","16.10.06","Rantau Alai","16.10.06.2022","Mekar Sari"
"16","Sumatera Selatan","16.10","Kabupaten Ogan Ilir","16.10.06","Rantau Alai","16.10.06.2023","Sukananti Baru"
"16","Sumatera Selatan","16.10","Kabupaten Ogan Ilir","16.10.07","Indralaya Utara","16.10.07.1016","Timbangan"
"16","Sumatera Selatan","16.10","Kabupaten Ogan Ilir","16.10.07","Indralaya Utara","16.10.07.2001","Tanjung Pering"
"16","Sumatera Selatan","16.10","Kabupaten Ogan Ilir","16.10.07","Indralaya Utara","16.10.07.2002","Bakung"
"16","Sumatera Selatan","16.10","Kabupaten Ogan Ilir","16.10.07","Indralaya Utara","16.10.07.2003","Lorok"
"16","Sumatera Selatan","16.10","Kabupaten Ogan Ilir","16.10.07","Indralaya Utara","16.10.07.2004","Parit"
"16","Sumatera Selatan","16.10","Kabupaten Ogan Ilir","16.10.07","Indralaya Utara","16.10.07.2005","Payakabung"
"16","Sumatera Selatan","16.10","Kabupaten Ogan Ilir","16.10.07","Indralaya Utara","16.10.07.2006","Sungai Rambutan"
"16","Sumatera Selatan","16.10","Kabupaten Ogan Ilir","16.10.07","Indralaya Utara","16.10.07.2007","Purna Jaya"
"16","Sumatera Selatan","16.10","Kabupaten Ogan Ilir","16.10.07","Indralaya Utara","16.10.07.2008","Soak Batok"
"16","Sumatera Selatan","16.10","Kabupaten Ogan Ilir","16.10.07","Indralaya Utara","16.10.07.2009","Tanjung Baru"
"16","Sumatera Selatan","16.10","Kabupaten Ogan Ilir","16.10.07","Indralaya Utara","16.10.07.2010","Tanjung Pule"
"16","Sumatera Selatan","16.10","Kabupaten Ogan Ilir","16.10.07","Indralaya Utara","16.10.07.2011","Permata Baru"
"16","Sumatera Selatan","16.10","Kabupaten Ogan Ilir","16.10.07","Indralaya Utara","16.10.07.2012","Suka Mulia"
"16","Sumatera Selatan","16.10","Kabupaten Ogan Ilir","16.10.07","Indralaya Utara","16.10.07.2013","Pulau Kabai"
"16","Sumatera Selatan","16.10","Kabupaten Ogan Ilir","16.10.07","Indralaya Utara","16.10.07.2014","Pulau Semambu"
"16","Sumatera Selatan","16.10","Kabupaten Ogan Ilir","16.10.07","Indralaya Utara","16.10.07.2015","Palem Raya"
"16","Sumatera Selatan","16.10","Kabupaten Ogan Ilir","16.10.08","Indralaya Selatan","16.10.08.2001","Mandi Angin"
"16","Sumatera Selatan","16.10","Kabupaten Ogan Ilir","16.10.08","Indralaya Selatan","16.10.08.2002","Tanjung Lubuk"
"16","Sumatera Selatan","16.10","Kabupaten Ogan Ilir","16.10.08","Indralaya Selatan","16.10.08.2003","Tebing Gerinting Selatan"
"16","Sumatera Selatan","16.10","Kabupaten Ogan Ilir","16.10.08","Indralaya Selatan","16.10.08.2004","Arisan Gading"
"16","Sumatera Selatan","16.10","Kabupaten Ogan Ilir","16.10.08","Indralaya Selatan","16.10.08.2005","Tanjung Dayang Selatan"
"16","Sumatera Selatan","16.10","Kabupaten Ogan Ilir","16.10.08","Indralaya Selatan","16.10.08.2006","Beti"
"16","Sumatera Selatan","16.10","Kabupaten Ogan Ilir","16.10.08","Indralaya Selatan","16.10.08.2007","Meranjat I"
"16","Sumatera Selatan","16.10","Kabupaten Ogan Ilir","16.10.08","Indralaya Selatan","16.10.08.2008","Meranjat Ilir"
"16","Sumatera Selatan","16.10","Kabupaten Ogan Ilir","16.10.08","Indralaya Selatan","16.10.08.2009","Meranjat II"
"16","Sumatera Selatan","16.10","Kabupaten Ogan Ilir","16.10.08","Indralaya Selatan","16.10.08.2010","Sukaraja Lama"
"16","Sumatera Selatan","16.10","Kabupaten Ogan Ilir","16.10.08","Indralaya Selatan","16.10.08.2011","Sukaraja Baru"
"16","Sumatera Selatan","16.10","Kabupaten Ogan Ilir","16.10.08","Indralaya Selatan","16.10.08.2012","Tebing Gerinting Utara"
"16","Sumatera Selatan","16.10","Kabupaten Ogan Ilir","16.10.08","Indralaya Selatan","16.10.08.2013","Tanjung Dayang Utara"
"16","Sumatera Selatan","16.10","Kabupaten Ogan Ilir","16.10.08","Indralaya Selatan","16.10.08.2014","Meranjat III"
"16","Sumatera Selatan","16.10","Kabupaten Ogan Ilir","16.10.09","Pemulutan Selatan","16.10.09.2001","Pematang Bangsal"
"16","Sumatera Selatan","16.10","Kabupaten Ogan Ilir","16.10.09","Pemulutan Selatan","16.10.09.2002","Maya Pati"
"16","Sumatera Selatan","16.10","Kabupaten Ogan Ilir","16.10.09","Pemulutan Selatan","16.10.09.2003","Sungai Lebung"
"16","Sumatera Selatan","16.10","Kabupaten Ogan Ilir","16.10.09","Pemulutan Selatan","16.10.09.2005","Kapuk"
"16","Sumatera Selatan","16.10","Kabupaten Ogan Ilir","16.10.09","Pemulutan Selatan","16.10.09.2006","Ulak Aurstanding"
"16","Sumatera Selatan","16.10","Kabupaten Ogan Ilir","16.10.09","Pemulutan Selatan","16.10.09.2007","Maju Jaya"
"16","Sumatera Selatan","16.10","Kabupaten Ogan Ilir","16.10.09","Pemulutan Selatan","16.10.09.2008","Naikan Tembakang"
"16","Sumatera Selatan","16.10","Kabupaten Ogan Ilir","16.10.09","Pemulutan Selatan","16.10.09.2009","Segayam"
"16","Sumatera Selatan","16.10","Kabupaten Ogan Ilir","16.10.09","Pemulutan Selatan","16.10.09.2010","Cahaya Marga"
"16","Sumatera Selatan","16.10","Kabupaten Ogan Ilir","16.10.09","Pemulutan Selatan","16.10.09.2011","S. Lebung Ulu"
"16","Sumatera Selatan","16.10","Kabupaten Ogan Ilir","16.10.09","Pemulutan Selatan","16.10.09.2012","Sungai Keli"
"16","Sumatera Selatan","16.10","Kabupaten Ogan Ilir","16.10.09","Pemulutan Selatan","16.10.09.2013","Lebak Pering"
"16","Sumatera Selatan","16.10","Kabupaten Ogan Ilir","16.10.09","Pemulutan Selatan","16.10.09.2014","Sungai Ondok"
"16","Sumatera Selatan","16.10","Kabupaten Ogan Ilir","16.10.09","Pemulutan Selatan","16.10.09.2015","Harimau Tandang"
"16","Sumatera Selatan","16.10","Kabupaten Ogan Ilir","16.10.09","Pemulutan Selatan","16.10.09.2016","Pematang Bungur"
"16","Sumatera Selatan","16.10","Kabupaten Ogan Ilir","16.10.10","Pemulutan Barat","16.10.10.2001","Suka Merindu"
"16","Sumatera Selatan","16.10","Kabupaten Ogan Ilir","16.10.10","Pemulutan Barat","16.10.10.2002","Sarang Lang"
"16","Sumatera Selatan","16.10","Kabupaten Ogan Ilir","16.10.10","Pemulutan Barat","16.10.10.2003","Kamal"
"16","Sumatera Selatan","16.10","Kabupaten Ogan Ilir","16.10.10","Pemulutan Barat","16.10.10.2004","Pulau Negara"
"16","Sumatera Selatan","16.10","Kabupaten Ogan Ilir","16.10.10","Pemulutan Barat","16.10.10.2005","Talang Pangeran Ulu"
"16","Sumatera Selatan","16.10","Kabupaten Ogan Ilir","16.10.10","Pemulutan Barat","16.10.10.2006","Ulak Kembahang I"
"16","Sumatera Selatan","16.10","Kabupaten Ogan Ilir","16.10.10","Pemulutan Barat","16.10.10.2007","Ulak Petangisan"
"16","Sumatera Selatan","16.10","Kabupaten Ogan Ilir","16.10.10","Pemulutan Barat","16.10.10.2008","Sribanding"
"16","Sumatera Selatan","16.10","Kabupaten Ogan Ilir","16.10.10","Pemulutan Barat","16.10.10.2009","Ulak Kembahang II"
"16","Sumatera Selatan","16.10","Kabupaten Ogan Ilir","16.10.10","Pemulutan Barat","16.10.10.2010","Talang Pangeran Ilir"
"16","Sumatera Selatan","16.10","Kabupaten Ogan Ilir","16.10.10","Pemulutan Barat","16.10.10.2011","Arisan Jaya"
"16","Sumatera Selatan","16.10","Kabupaten Ogan Ilir","16.10.11","Rantau Panjang","16.10.11.2001","Kotadaro I"
"16","Sumatera Selatan","16.10","Kabupaten Ogan Ilir","16.10.11","Rantau Panjang","16.10.11.2002","Ketapang I"
"16","Sumatera Selatan","16.10","Kabupaten Ogan Ilir","16.10.11","Rantau Panjang","16.10.11.2003","Rantau Panjang Ilir"
"16","Sumatera Selatan","16.10","Kabupaten Ogan Ilir","16.10.11","Rantau Panjang","16.10.11.2004","Jagaraja"
"16","Sumatera Selatan","16.10","Kabupaten Ogan Ilir","16.10.11","Rantau Panjang","16.10.11.2005","Jagalano"
"16","Sumatera Selatan","16.10","Kabupaten Ogan Ilir","16.10.11","Rantau Panjang","16.10.11.2006","Sejangko I"
"16","Sumatera Selatan","16.10","Kabupaten Ogan Ilir","16.10.11","Rantau Panjang","16.10.11.2007","Kota Daro II"
"16","Sumatera Selatan","16.10","Kabupaten Ogan Ilir","16.10.11","Rantau Panjang","16.10.11.2008","Sungai Rotan"
"16","Sumatera Selatan","16.10","Kabupaten Ogan Ilir","16.10.11","Rantau Panjang","16.10.11.2009","Rantau Panjang Ulu"
"16","Sumatera Selatan","16.10","Kabupaten Ogan Ilir","16.10.11","Rantau Panjang","16.10.11.2010","Ketapang II"
"16","Sumatera Selatan","16.10","Kabupaten Ogan Ilir","16.10.11","Rantau Panjang","16.10.11.2011","Sejangko II"
"16","Sumatera Selatan","16.10","Kabupaten Ogan Ilir","16.10.11","Rantau Panjang","16.10.11.2012","Arisan Deras"
"16","Sumatera Selatan","16.10","Kabupaten Ogan Ilir","16.10.12","Sungai Pinang","16.10.12.1007","Sungai Pinang"
"16","Sumatera Selatan","16.10","Kabupaten Ogan Ilir","16.10.12","Sungai Pinang","16.10.12.2001","Serijabo"
"16","Sumatera Selatan","16.10","Kabupaten Ogan Ilir","16.10.12","Sungai Pinang","16.10.12.2002","Sungai Pinang II"
"16","Sumatera Selatan","16.10","Kabupaten Ogan Ilir","16.10.12","Sungai Pinang","16.10.12.2003","Talang Dukun"
"16","Sumatera Selatan","16.10","Kabupaten Ogan Ilir","16.10.12","Sungai Pinang","16.10.12.2004","Tanjung Serian"
"16","Sumatera Selatan","16.10","Kabupaten Ogan Ilir","16.10.12","Sungai Pinang","16.10.12.2005","Penyandingan"
"16","Sumatera Selatan","16.10","Kabupaten Ogan Ilir","16.10.12","Sungai Pinang","16.10.12.2006","Sungai Pinang III"
"16","Sumatera Selatan","16.10","Kabupaten Ogan Ilir","16.10.12","Sungai Pinang","16.10.12.2008","Pinang Jaya"
"16","Sumatera Selatan","16.10","Kabupaten Ogan Ilir","16.10.12","Sungai Pinang","16.10.12.2009","Sungai Pinang I"
"16","Sumatera Selatan","16.10","Kabupaten Ogan Ilir","16.10.12","Sungai Pinang","16.10.12.2010","Pinang Mas"
"16","Sumatera Selatan","16.10","Kabupaten Ogan Ilir","16.10.12","Sungai Pinang","16.10.12.2011","S. Pinang Lagati"
"16","Sumatera Selatan","16.10","Kabupaten Ogan Ilir","16.10.12","Sungai Pinang","16.10.12.2012","S. Pinang Nibung"
"16","Sumatera Selatan","16.10","Kabupaten Ogan Ilir","16.10.12","Sungai Pinang","16.10.12.2013","Seri Jabo Baru"
"16","Sumatera Selatan","16.10","Kabupaten Ogan Ilir","16.10.13","Kandis","16.10.13.2001","Lubuk Rukam"
"16","Sumatera Selatan","16.10","Kabupaten Ogan Ilir","16.10.13","Kandis","16.10.13.2002","Tanjung Alai"
"16","Sumatera Selatan","16.10","Kabupaten Ogan Ilir","16.10.13","Kandis","16.10.13.2003","Kandis I"
"16","Sumatera Selatan","16.10","Kabupaten Ogan Ilir","16.10.13","Kandis","16.10.13.2004","Kumbang Ulu"
"16","Sumatera Selatan","16.10","Kabupaten Ogan Ilir","16.10.13","Kandis","16.10.13.2005","Kumbang Ilir"
"16","Sumatera Selatan","16.10","Kabupaten Ogan Ilir","16.10.13","Kandis","16.10.13.2006","Miji"
"16","Sumatera Selatan","16.10","Kabupaten Ogan Ilir","16.10.13","Kandis","16.10.13.2007","Santapan Barat"
"16","Sumatera Selatan","16.10","Kabupaten Ogan Ilir","16.10.13","Kandis","16.10.13.2008","Pandan Arang"
"16","Sumatera Selatan","16.10","Kabupaten Ogan Ilir","16.10.13","Kandis","16.10.13.2009","Muara Kumbang"
"16","Sumatera Selatan","16.10","Kabupaten Ogan Ilir","16.10.13","Kandis","16.10.13.2010","Kandis II"
"16","Sumatera Selatan","16.10","Kabupaten Ogan Ilir","16.10.13","Kandis","16.10.13.2011","Santapan Timur"
"16","Sumatera Selatan","16.10","Kabupaten Ogan Ilir","16.10.13","Kandis","16.10.13.2012","Lubuk Segonang"
"16","Sumatera Selatan","16.10","Kabupaten Ogan Ilir","16.10.14","Rambang Kuang","16.10.14.2001","Ibul Dalam"
"16","Sumatera Selatan","16.10","Kabupaten Ogan Ilir","16.10.14","Rambang Kuang","16.10.14.2002","Beringin Dalam"
"16","Sumatera Selatan","16.10","Kabupaten Ogan Ilir","16.10.14","Rambang Kuang","16.10.14.2003","Kuang Dalam Barat"
"16","Sumatera Selatan","16.10","Kabupaten Ogan Ilir","16.10.14","Rambang Kuang","16.10.14.2004","Lubuk Tunggal"
"16","Sumatera Selatan","16.10","Kabupaten Ogan Ilir","16.10.14","Rambang Kuang","16.10.14.2005","Ulak Segara"
"16","Sumatera Selatan","16.10","Kabupaten Ogan Ilir","16.10.14","Rambang Kuang","16.10.14.2006","Tanjung Bulan"
"16","Sumatera Selatan","16.10","Kabupaten Ogan Ilir","16.10.14","Rambang Kuang","16.10.14.2007","Tambang Rambang"
"16","Sumatera Selatan","16.10","Kabupaten Ogan Ilir","16.10.14","Rambang Kuang","16.10.14.2008","Sukananti"
"16","Sumatera Selatan","16.10","Kabupaten Ogan Ilir","16.10.14","Rambang Kuang","16.10.14.2009","Kayu Ara"
"16","Sumatera Selatan","16.10","Kabupaten Ogan Ilir","16.10.14","Rambang Kuang","16.10.14.2010","Tanjung Miring"
"16","Sumatera Selatan","16.10","Kabupaten Ogan Ilir","16.10.14","Rambang Kuang","16.10.14.2011","Sunur"
"16","Sumatera Selatan","16.10","Kabupaten Ogan Ilir","16.10.14","Rambang Kuang","16.10.14.2012","Kuang Dalam Timur"
"16","Sumatera Selatan","16.10","Kabupaten Ogan Ilir","16.10.14","Rambang Kuang","16.10.14.2013","Tangai"
"16","Sumatera Selatan","16.10","Kabupaten Ogan Ilir","16.10.15","Lubuk Keliat","16.10.15.2001","Ulak Kembahang"
"16","Sumatera Selatan","16.10","Kabupaten Ogan Ilir","16.10.15","Lubuk Keliat","16.10.15.2002","Lubuk Keliat"
"16","Sumatera Selatan","16.10","Kabupaten Ogan Ilir","16.10.15","Lubuk Keliat","16.10.15.2003","Embacang"
"16","Sumatera Selatan","16.10","Kabupaten Ogan Ilir","16.10.15","Lubuk Keliat","16.10.15.2004","Kasih Raja"
"16","Sumatera Selatan","16.10","Kabupaten Ogan Ilir","16.10.15","Lubuk Keliat","16.10.15.2005","Talang Tengah Darat"
"16","Sumatera Selatan","16.10","Kabupaten Ogan Ilir","16.10.15","Lubuk Keliat","16.10.15.2006","Betung II"
"16","Sumatera Selatan","16.10","Kabupaten Ogan Ilir","16.10.15","Lubuk Keliat","16.10.15.2007","Ketiau"
"16","Sumatera Selatan","16.10","Kabupaten Ogan Ilir","16.10.15","Lubuk Keliat","16.10.15.2008","Payalingkung"
"16","Sumatera Selatan","16.10","Kabupaten Ogan Ilir","16.10.15","Lubuk Keliat","16.10.15.2009","Betung I"
"16","Sumatera Selatan","16.10","Kabupaten Ogan Ilir","16.10.15","Lubuk Keliat","16.10.15.2010","Talang Tengah Laut"
"16","Sumatera Selatan","16.10","Kabupaten Ogan Ilir","16.10.16","Payaraman","16.10.16.1012","Payaraman Barat"
"16","Sumatera Selatan","16.10","Kabupaten Ogan Ilir","16.10.16","Payaraman","16.10.16.1013","Payaraman Timur"
"16","Sumatera Selatan","16.10","Kabupaten Ogan Ilir","16.10.16","Payaraman","16.10.16.2001","Tebedak I"
"16","Sumatera Selatan","16.10","Kabupaten Ogan Ilir","16.10.16","Payaraman","16.10.16.2002","Lubuk Bandung"
"16","Sumatera Selatan","16.10","Kabupaten Ogan Ilir","16.10.16","Payaraman","16.10.16.2003","Talang Seleman"
"16","Sumatera Selatan","16.10","Kabupaten Ogan Ilir","16.10.16","Payaraman","16.10.16.2004","Tebedak II"
"16","Sumatera Selatan","16.10","Kabupaten Ogan Ilir","16.10.16","Payaraman","16.10.16.2005","Tanjung lalang"
"16","Sumatera Selatan","16.10","Kabupaten Ogan Ilir","16.10.16","Payaraman","16.10.16.2006","Seri Kembang I"
"16","Sumatera Selatan","16.10","Kabupaten Ogan Ilir","16.10.16","Payaraman","16.10.16.2007","Rengas I"
"16","Sumatera Selatan","16.10","Kabupaten Ogan Ilir","16.10.16","Payaraman","16.10.16.2008","Paya Besar"
"16","Sumatera Selatan","16.10","Kabupaten Ogan Ilir","16.10.16","Payaraman","16.10.16.2009","Rengas II"
"16","Sumatera Selatan","16.10","Kabupaten Ogan Ilir","16.10.16","Payaraman","16.10.16.2010","Seri Kembang II"
"16","Sumatera Selatan","16.10","Kabupaten Ogan Ilir","16.10.16","Payaraman","16.10.16.2011","Seri Kembang III"
"16","Sumatera Selatan","16.11","Kabupaten Empat Lawang","16.11.01","Muara Pinang","16.11.01.2001","Batu Jungul"
"16","Sumatera Selatan","16.11","Kabupaten Empat Lawang","16.11.01","Muara Pinang","16.11.01.2002","Suka Dana"
"16","Sumatera Selatan","16.11","Kabupaten Empat Lawang","16.11.01","Muara Pinang","16.11.01.2003","Padang Burnai"
"16","Sumatera Selatan","16.11","Kabupaten Empat Lawang","16.11.01","Muara Pinang","16.11.01.2004","Belimbing"
"16","Sumatera Selatan","16.11","Kabupaten Empat Lawang","16.11.01","Muara Pinang","16.11.01.2005","Tanjung Kurung"
"16","Sumatera Selatan","16.11","Kabupaten Empat Lawang","16.11.01","Muara Pinang","16.11.01.2006","Muara Pinang Baru"
"16","Sumatera Selatan","16.11","Kabupaten Empat Lawang","16.11.01","Muara Pinang","16.11.01.2007","Lubuk Tanjung"
"16","Sumatera Selatan","16.11","Kabupaten Empat Lawang","16.11.01","Muara Pinang","16.11.01.2008","Talang Baru"
"16","Sumatera Selatan","16.11","Kabupaten Empat Lawang","16.11.01","Muara Pinang","16.11.01.2009","Sapa Panjang"
"16","Sumatera Selatan","16.11","Kabupaten Empat Lawang","16.11.01","Muara Pinang","16.11.01.2010","Muara Pinang Lama"
"16","Sumatera Selatan","16.11","Kabupaten Empat Lawang","16.11.01","Muara Pinang","16.11.01.2011","Tanjung Tawang"
"16","Sumatera Selatan","16.11","Kabupaten Empat Lawang","16.11.01","Muara Pinang","16.11.01.2012","Gedung Agung"
"16","Sumatera Selatan","16.11","Kabupaten Empat Lawang","16.11.01","Muara Pinang","16.11.01.2013","Pajar Menang"
"16","Sumatera Selatan","16.11","Kabupaten Empat Lawang","16.11.01","Muara Pinang","16.11.01.2014","Niur"
"16","Sumatera Selatan","16.11","Kabupaten Empat Lawang","16.11.01","Muara Pinang","16.11.01.2015","Muara Semah"
"16","Sumatera Selatan","16.11","Kabupaten Empat Lawang","16.11.01","Muara Pinang","16.11.01.2016","Talang Benteng"
"16","Sumatera Selatan","16.11","Kabupaten Empat Lawang","16.11.01","Muara Pinang","16.11.01.2017","Lubuk Ulak"
"16","Sumatera Selatan","16.11","Kabupaten Empat Lawang","16.11.01","Muara Pinang","16.11.01.2018","Batu Galang"
"16","Sumatera Selatan","16.11","Kabupaten Empat Lawang","16.11.01","Muara Pinang","16.11.01.2019","Muara Timbuk"
"16","Sumatera Selatan","16.11","Kabupaten Empat Lawang","16.11.01","Muara Pinang","16.11.01.2020","Seleman Ilir"
"16","Sumatera Selatan","16.11","Kabupaten Empat Lawang","16.11.01","Muara Pinang","16.11.01.2021","Seleman Ulu"
"16","Sumatera Selatan","16.11","Kabupaten Empat Lawang","16.11.01","Muara Pinang","16.11.01.2022","Sawah"
"16","Sumatera Selatan","16.11","Kabupaten Empat Lawang","16.11.02","Pendopo","16.11.02.1018","Beruge Ilir"
"16","Sumatera Selatan","16.11","Kabupaten Empat Lawang","16.11.02","Pendopo","16.11.02.1030","Pendopo"
"16","Sumatera Selatan","16.11","Kabupaten Empat Lawang","16.11.02","Pendopo","16.11.02.1031","Pagar Tengah"
"16","Sumatera Selatan","16.11","Kabupaten Empat Lawang","16.11.02","Pendopo","16.11.02.2001","Jarakan"
"16","Sumatera Selatan","16.11","Kabupaten Empat Lawang","16.11.02","Pendopo","16.11.02.2002","Bandar Agung"
"16","Sumatera Selatan","16.11","Kabupaten Empat Lawang","16.11.02","Pendopo","16.11.02.2003","Lubuk Sepang"
"16","Sumatera Selatan","16.11","Kabupaten Empat Lawang","16.11.02","Pendopo","16.11.02.2004","Lubuk Layang"
"16","Sumatera Selatan","16.11","Kabupaten Empat Lawang","16.11.02","Pendopo","16.11.02.2005","Nanjungan"
"16","Sumatera Selatan","16.11","Kabupaten Empat Lawang","16.11.02","Pendopo","16.11.02.2006","Tanjung Eran"
"16","Sumatera Selatan","16.11","Kabupaten Empat Lawang","16.11.02","Pendopo","16.11.02.2007","Tanjung Raman"
"16","Sumatera Selatan","16.11","Kabupaten Empat Lawang","16.11.02","Pendopo","16.11.02.2020","Bayau"
"16","Sumatera Selatan","16.11","Kabupaten Empat Lawang","16.11.02","Pendopo","16.11.02.2022","Gn. Meraksa Baru"
"16","Sumatera Selatan","16.11","Kabupaten Empat Lawang","16.11.02","Pendopo","16.11.02.2023","Landur"
"16","Sumatera Selatan","16.11","Kabupaten Empat Lawang","16.11.02","Pendopo","16.11.02.2024","Muara Karang"
"16","Sumatera Selatan","16.11","Kabupaten Empat Lawang","16.11.02","Pendopo","16.11.02.2025","Sarang Bulan"
"16","Sumatera Selatan","16.11","Kabupaten Empat Lawang","16.11.02","Pendopo","16.11.02.2026","Tanjung Baru"
"16","Sumatera Selatan","16.11","Kabupaten Empat Lawang","16.11.02","Pendopo","16.11.02.2027","Batu Cawang"
"16","Sumatera Selatan","16.11","Kabupaten Empat Lawang","16.11.02","Pendopo","16.11.02.2028","Manggilan"
"16","Sumatera Selatan","16.11","Kabupaten Empat Lawang","16.11.02","Pendopo","16.11.02.2029","Gn Merakasa Lama"
"16","Sumatera Selatan","16.11","Kabupaten Empat Lawang","16.11.03","Ulu Musi","16.11.03.2001","Air Kelinsar"
"16","Sumatera Selatan","16.11","Kabupaten Empat Lawang","16.11.03","Ulu Musi","16.11.03.2002","Talang Bengkulu"
"16","Sumatera Selatan","16.11","Kabupaten Empat Lawang","16.11.03","Ulu Musi","16.11.03.2003","Kunduran"
"16","Sumatera Selatan","16.11","Kabupaten Empat Lawang","16.11.03","Ulu Musi","16.11.03.2004","Simpang Perigi"
"16","Sumatera Selatan","16.11","Kabupaten Empat Lawang","16.11.03","Ulu Musi","16.11.03.2005","Muara Kalangan"
"16","Sumatera Selatan","16.11","Kabupaten Empat Lawang","16.11.03","Ulu Musi","16.11.03.2006","Batu Lintang"
"16","Sumatera Selatan","16.11","Kabupaten Empat Lawang","16.11.03","Ulu Musi","16.11.03.2007","Padang Tepong"
"16","Sumatera Selatan","16.11","Kabupaten Empat Lawang","16.11.03","Ulu Musi","16.11.03.2008","Muara Betung"
"16","Sumatera Selatan","16.11","Kabupaten Empat Lawang","16.11.03","Ulu Musi","16.11.03.2009","Lb. Puding Baru"
"16","Sumatera Selatan","16.11","Kabupaten Empat Lawang","16.11.03","Ulu Musi","16.11.03.2010","Pulau Kemang"
"16","Sumatera Selatan","16.11","Kabupaten Empat Lawang","16.11.03","Ulu Musi","16.11.03.2011","Lb. Puding Lama"
"16","Sumatera Selatan","16.11","Kabupaten Empat Lawang","16.11.03","Ulu Musi","16.11.03.2012","Batu Bidung"
"16","Sumatera Selatan","16.11","Kabupaten Empat Lawang","16.11.03","Ulu Musi","16.11.03.2024","Tanjung Agung"
"16","Sumatera Selatan","16.11","Kabupaten Empat Lawang","16.11.03","Ulu Musi","16.11.03.2025","Galang"
"16","Sumatera Selatan","16.11","Kabupaten Empat Lawang","16.11.04","Tebing Tinggi","16.11.04.1010","Kupang"
"16","Sumatera Selatan","16.11","Kabupaten Empat Lawang","16.11.04","Tebing Tinggi","16.11.04.1013","Tanjungkupang"
"16","Sumatera Selatan","16.11","Kabupaten Empat Lawang","16.11.04","Tebing Tinggi","16.11.04.1014","Tanjung Makmur"
"16","Sumatera Selatan","16.11","Kabupaten Empat Lawang","16.11.04","Tebing Tinggi","16.11.04.1017","Ps. Tebing Tinggi"
"16","Sumatera Selatan","16.11","Kabupaten Empat Lawang","16.11.04","Tebing Tinggi","16.11.04.1033","Jaya Loka"
"16","Sumatera Selatan","16.11","Kabupaten Empat Lawang","16.11.04","Tebing Tinggi","16.11.04.1036","Kelumpang Jaya"
"16","Sumatera Selatan","16.11","Kabupaten Empat Lawang","16.11.04","Tebing Tinggi","16.11.04.2001","Ujung Alih"
"16","Sumatera Selatan","16.11","Kabupaten Empat Lawang","16.11.04","Tebing Tinggi","16.11.04.2002","Lb. Gelanggang"
"16","Sumatera Selatan","16.11","Kabupaten Empat Lawang","16.11.04","Tebing Tinggi","16.11.04.2003","Ulak Mengkudu"
"16","Sumatera Selatan","16.11","Kabupaten Empat Lawang","16.11.04","Tebing Tinggi","16.11.04.2004","Batu Pance"
"16","Sumatera Selatan","16.11","Kabupaten Empat Lawang","16.11.04","Tebing Tinggi","16.11.04.2005","Aur Gading"
"16","Sumatera Selatan","16.11","Kabupaten Empat Lawang","16.11.04","Tebing Tinggi","16.11.04.2006","Terusan Lama"
"16","Sumatera Selatan","16.11","Kabupaten Empat Lawang","16.11.04","Tebing Tinggi","16.11.04.2007","Terusan Baru"
"16","Sumatera Selatan","16.11","Kabupaten Empat Lawang","16.11.04","Tebing Tinggi","16.11.04.2008","Rantau Tenang"
"16","Sumatera Selatan","16.11","Kabupaten Empat Lawang","16.11.04","Tebing Tinggi","16.11.04.2009","Seguring Kecil"
"16","Sumatera Selatan","16.11","Kabupaten Empat Lawang","16.11.04","Tebing Tinggi","16.11.04.2011","Kemang Manis"
"16","Sumatera Selatan","16.11","Kabupaten Empat Lawang","16.11.04","Tebing Tinggi","16.11.04.2012","Lampar Baru"
"16","Sumatera Selatan","16.11","Kabupaten Empat Lawang","16.11.04","Tebing Tinggi","16.11.04.2021","Kota Gading"
"16","Sumatera Selatan","16.11","Kabupaten Empat Lawang","16.11.04","Tebing Tinggi","16.11.04.2022","Batu Raja Baru"
"16","Sumatera Selatan","16.11","Kabupaten Empat Lawang","16.11.04","Tebing Tinggi","16.11.04.2023","Batu Raja Lama"
"16","Sumatera Selatan","16.11","Kabupaten Empat Lawang","16.11.04","Tebing Tinggi","16.11.04.2024","Sugi Waras"
"16","Sumatera Selatan","16.11","Kabupaten Empat Lawang","16.11.04","Tebing Tinggi","16.11.04.2027","Mekar Jaya"
"16","Sumatera Selatan","16.11","Kabupaten Empat Lawang","16.11.04","Tebing Tinggi","16.11.04.2030","Fajar Bakti"
"16","Sumatera Selatan","16.11","Kabupaten Empat Lawang","16.11.04","Tebing Tinggi","16.11.04.2032","Pancur Mas"
"16","Sumatera Selatan","16.11","Kabupaten Empat Lawang","16.11.04","Tebing Tinggi","16.11.04.2034","Makarti Jaya"
"16","Sumatera Selatan","16.11","Kabupaten Empat Lawang","16.11.04","Tebing Tinggi","16.11.04.2035","Tanjung Kupang Baru"
"16","Sumatera Selatan","16.11","Kabupaten Empat Lawang","16.11.05","Lintang Kanan","16.11.05.2001","Umo Jati"
"16","Sumatera Selatan","16.11","Kabupaten Empat Lawang","16.11.05","Lintang Kanan","16.11.05.2002","Tanjung Jati"
"16","Sumatera Selatan","16.11","Kabupaten Empat Lawang","16.11.05","Lintang Kanan","16.11.05.2003","Pagar Jati"
"16","Sumatera Selatan","16.11","Kabupaten Empat Lawang","16.11.05","Lintang Kanan","16.11.05.2004","Nibung"
"16","Sumatera Selatan","16.11","Kabupaten Empat Lawang","16.11.05","Lintang Kanan","16.11.05.2005","Batu Ampar"
"16","Sumatera Selatan","16.11","Kabupaten Empat Lawang","16.11.05","Lintang Kanan","16.11.05.2006","Karang Tanding"
"16","Sumatera Selatan","16.11","Kabupaten Empat Lawang","16.11.05","Lintang Kanan","16.11.05.2007","Lubuk Cik"
"16","Sumatera Selatan","16.11","Kabupaten Empat Lawang","16.11.05","Lintang Kanan","16.11.05.2008","Rantau Kasai"
"16","Sumatera Selatan","16.11","Kabupaten Empat Lawang","16.11.05","Lintang Kanan","16.11.05.2009","Suka Rami"
"16","Sumatera Selatan","16.11","Kabupaten Empat Lawang","16.11.05","Lintang Kanan","16.11.05.2010","Rantau Alih"
"16","Sumatera Selatan","16.11","Kabupaten Empat Lawang","16.11.05","Lintang Kanan","16.11.05.2011","Tanjung Alam"
"16","Sumatera Selatan","16.11","Kabupaten Empat Lawang","16.11.05","Lintang Kanan","16.11.05.2012","Lesung Batu"
"16","Sumatera Selatan","16.11","Kabupaten Empat Lawang","16.11.05","Lintang Kanan","16.11.05.2013","Babatan"
"16","Sumatera Selatan","16.11","Kabupaten Empat Lawang","16.11.05","Lintang Kanan","16.11.05.2014","Muara Danau"
"16","Sumatera Selatan","16.11","Kabupaten Empat Lawang","16.11.05","Lintang Kanan","16.11.05.2015","Endalo"
"16","Sumatera Selatan","16.11","Kabupaten Empat Lawang","16.11.05","Lintang Kanan","16.11.05.2016","Lubuk Tapang"
"16","Sumatera Selatan","16.11","Kabupaten Empat Lawang","16.11.06","Talang Padang","16.11.06.2001","Karang Are"
"16","Sumatera Selatan","16.11","Kabupaten Empat Lawang","16.11.06","Talang Padang","16.11.06.2002","Padang Titiran"
"16","Sumatera Selatan","16.11","Kabupaten Empat Lawang","16.11.06","Talang Padang","16.11.06.2003","Kembahang Lama"
"16","Sumatera Selatan","16.11","Kabupaten Empat Lawang","16.11.06","Talang Padang","16.11.06.2004","Pasar Tl. Padang"
"16","Sumatera Selatan","16.11","Kabupaten Empat Lawang","16.11.06","Talang Padang","16.11.06.2005","Macang Manis"
"16","Sumatera Selatan","16.11","Kabupaten Empat Lawang","16.11.06","Talang Padang","16.11.06.2006","Lubuk Buntak"
"16","Sumatera Selatan","16.11","Kabupaten Empat Lawang","16.11.06","Talang Padang","16.11.06.2007","Talang Durian"
"16","Sumatera Selatan","16.11","Kabupaten Empat Lawang","16.11.06","Talang Padang","16.11.06.2008","Talang Padang"
"16","Sumatera Selatan","16.11","Kabupaten Empat Lawang","16.11.06","Talang Padang","16.11.06.2009","Kembahang Baru"
"16","Sumatera Selatan","16.11","Kabupaten Empat Lawang","16.11.06","Talang Padang","16.11.06.2010","Canggu"
"16","Sumatera Selatan","16.11","Kabupaten Empat Lawang","16.11.06","Talang Padang","16.11.06.2011","Remantai"
"16","Sumatera Selatan","16.11","Kabupaten Empat Lawang","16.11.06","Talang Padang","16.11.06.2012","Ulak Dabuk"
"16","Sumatera Selatan","16.11","Kabupaten Empat Lawang","16.11.06","Talang Padang","16.11.06.2013","Lampar Baru"
"16","Sumatera Selatan","16.11","Kabupaten Empat Lawang","16.11.07","Pasemah Air Keruh","16.11.07.2001","Talang Padang"
"16","Sumatera Selatan","16.11","Kabupaten Empat Lawang","16.11.07","Pasemah Air Keruh","16.11.07.2002","Tanjung Beringin"
"16","Sumatera Selatan","16.11","Kabupaten Empat Lawang","16.11.07","Pasemah Air Keruh","16.11.07.2003","Penantian"
"16","Sumatera Selatan","16.11","Kabupaten Empat Lawang","16.11.07","Pasemah Air Keruh","16.11.07.2004","Pagar Jati"
"16","Sumatera Selatan","16.11","Kabupaten Empat Lawang","16.11.07","Pasemah Air Keruh","16.11.07.2005","Kebon Jati"
"16","Sumatera Selatan","16.11","Kabupaten Empat Lawang","16.11.07","Pasemah Air Keruh","16.11.07.2006","Bandar Agung"
"16","Sumatera Selatan","16.11","Kabupaten Empat Lawang","16.11.07","Pasemah Air Keruh","16.11.07.2007","Lawang Agung"
"16","Sumatera Selatan","16.11","Kabupaten Empat Lawang","16.11.07","Pasemah Air Keruh","16.11.07.2008","Nanjungan"
"16","Sumatera Selatan","16.11","Kabupaten Empat Lawang","16.11.07","Pasemah Air Keruh","16.11.07.2009","Talang Randai"
"16","Sumatera Selatan","16.11","Kabupaten Empat Lawang","16.11.07","Pasemah Air Keruh","16.11.07.2010","Air Mayam"
"16","Sumatera Selatan","16.11","Kabupaten Empat Lawang","16.11.07","Pasemah Air Keruh","16.11.07.2011","Muara Rungga"
"16","Sumatera Selatan","16.11","Kabupaten Empat Lawang","16.11.07","Pasemah Air Keruh","16.11.07.2012","Padang Gelai"
"16","Sumatera Selatan","16.11","Kabupaten Empat Lawang","16.11.07","Pasemah Air Keruh","16.11.07.2013","Padang Bindu"
"16","Sumatera Selatan","16.11","Kabupaten Empat Lawang","16.11.07","Pasemah Air Keruh","16.11.07.2014","Muara Sindang"
"16","Sumatera Selatan","16.11","Kabupaten Empat Lawang","16.11.07","Pasemah Air Keruh","16.11.07.2015","Muara Aman"
"16","Sumatera Selatan","16.11","Kabupaten Empat Lawang","16.11.08","Sikap Dalam","16.11.08.2001","Puntang"
"16","Sumatera Selatan","16.11","Kabupaten Empat Lawang","16.11.08","Sikap Dalam","16.11.08.2002","Bandar Aji"
"16","Sumatera Selatan","16.11","Kabupaten Empat Lawang","16.11.08","Sikap Dalam","16.11.08.2003","Paduraksa"
"16","Sumatera Selatan","16.11","Kabupaten Empat Lawang","16.11.08","Sikap Dalam","16.11.08.2004","Karang Gede"
"16","Sumatera Selatan","16.11","Kabupaten Empat Lawang","16.11.08","Sikap Dalam","16.11.08.2005","Karang Dapo Baru"
"16","Sumatera Selatan","16.11","Kabupaten Empat Lawang","16.11.08","Sikap Dalam","16.11.08.2006","Karang Dapo Lama"
"16","Sumatera Selatan","16.11","Kabupaten Empat Lawang","16.11.08","Sikap Dalam","16.11.08.2007","Tangga Rasa"
"16","Sumatera Selatan","16.11","Kabupaten Empat Lawang","16.11.08","Sikap Dalam","16.11.08.2008","Tapa Baru"
"16","Sumatera Selatan","16.11","Kabupaten Empat Lawang","16.11.08","Sikap Dalam","16.11.08.2009","Tapa Lama"
"16","Sumatera Selatan","16.11","Kabupaten Empat Lawang","16.11.08","Sikap Dalam","16.11.08.2010","Martapura"
"16","Sumatera Selatan","16.11","Kabupaten Empat Lawang","16.11.08","Sikap Dalam","16.11.08.2011","Karang Anyar"
"16","Sumatera Selatan","16.11","Kabupaten Empat Lawang","16.11.09","Saling","16.11.09.2001","Lubuk Kelumpang"
"16","Sumatera Selatan","16.11","Kabupaten Empat Lawang","16.11.09","Saling","16.11.09.2002","Tanjungning Simpang"
"16","Sumatera Selatan","16.11","Kabupaten Empat Lawang","16.11.09","Saling","16.11.09.2003","Tanjungning Tengah"
"16","Sumatera Selatan","16.11","Kabupaten Empat Lawang","16.11.09","Saling","16.11.09.2004","Tanjungning Lama"
"16","Sumatera Selatan","16.11","Kabupaten Empat Lawang","16.11.09","Saling","16.11.09.2005","Tanjungning Jaya"
"16","Sumatera Selatan","16.11","Kabupaten Empat Lawang","16.11.09","Saling","16.11.09.2006","Sawah"
"16","Sumatera Selatan","16.11","Kabupaten Empat Lawang","16.11.09","Saling","16.11.09.2007","Kebon"
"16","Sumatera Selatan","16.11","Kabupaten Empat Lawang","16.11.09","Saling","16.11.09.2008","Suka Kaya"
"16","Sumatera Selatan","16.11","Kabupaten Empat Lawang","16.11.09","Saling","16.11.09.2009","Taba"
"16","Sumatera Selatan","16.11","Kabupaten Empat Lawang","16.11.09","Saling","16.11.09.2010","Muara Saling"
"16","Sumatera Selatan","16.11","Kabupaten Empat Lawang","16.11.10","Pendopo Barat","16.11.10.2001","Muaralintang Lama"
"16","Sumatera Selatan","16.11","Kabupaten Empat Lawang","16.11.10","Pendopo Barat","16.11.10.2002","Muaralintang Baru"
"16","Sumatera Selatan","16.11","Kabupaten Empat Lawang","16.11.10","Pendopo Barat","16.11.10.2003","Tebat Payang"
"16","Sumatera Selatan","16.11","Kabupaten Empat Lawang","16.11.10","Pendopo Barat","16.11.10.2004","Karang Caya"
"16","Sumatera Selatan","16.11","Kabupaten Empat Lawang","16.11.10","Pendopo Barat","16.11.10.2005","Tanjungraya"
"16","Sumatera Selatan","16.11","Kabupaten Empat Lawang","16.11.10","Pendopo Barat","16.11.10.2006","Padang Bindu"
"16","Sumatera Selatan","16.11","Kabupaten Empat Lawang","16.11.10","Pendopo Barat","16.11.10.2007","Air Kandis"
"16","Sumatera Selatan","16.11","Kabupaten Empat Lawang","16.11.10","Pendopo Barat","16.11.10.2008","Lingge"
"16","Sumatera Selatan","16.11","Kabupaten Empat Lawang","16.11.10","Pendopo Barat","16.11.10.2009","Rantau Dodor"
"16","Sumatera Selatan","16.11","Kabupaten Empat Lawang","16.11.10","Pendopo Barat","16.11.10.2010","Kungkilan"
"16","Sumatera Selatan","16.12","Kabupaten Penukal Abab Lematang Ilir","16.12.01","Talang Ubi","16.12.01.1003","Talang Ubi Timur"
"16","Sumatera Selatan","16.12","Kabupaten Penukal Abab Lematang Ilir","16.12.01","Talang Ubi","16.12.01.1010","Talang Ubi Barat"
"16","Sumatera Selatan","16.12","Kabupaten Penukal Abab Lematang Ilir","16.12.01","Talang Ubi","16.12.01.1011","Talang Ubi Utara"
"16","Sumatera Selatan","16.12","Kabupaten Penukal Abab Lematang Ilir","16.12.01","Talang Ubi","16.12.01.1012","Talang Ubi Selatan"
"16","Sumatera Selatan","16.12","Kabupaten Penukal Abab Lematang Ilir","16.12.01","Talang Ubi","16.12.01.1017","Pasar Bhayangkara"
"16","Sumatera Selatan","16.12","Kabupaten Penukal Abab Lematang Ilir","16.12.01","Talang Ubi","16.12.01.1018","Handayani Mulya"
"16","Sumatera Selatan","16.12","Kabupaten Penukal Abab Lematang Ilir","16.12.01","Talang Ubi","16.12.01.2001","Talang Bulang"
"16","Sumatera Selatan","16.12","Kabupaten Penukal Abab Lematang Ilir","16.12.01","Talang Ubi","16.12.01.2002","Benuang"
"16","Sumatera Selatan","16.12","Kabupaten Penukal Abab Lematang Ilir","16.12.01","Talang Ubi","16.12.01.2004","Talang Akar"
"16","Sumatera Selatan","16.12","Kabupaten Penukal Abab Lematang Ilir","16.12.01","Talang Ubi","16.12.01.2005","Sungai Ibul"
"16","Sumatera Selatan","16.12","Kabupaten Penukal Abab Lematang Ilir","16.12.01","Talang Ubi","16.12.01.2006","Karta Dewa"
"16","Sumatera Selatan","16.12","Kabupaten Penukal Abab Lematang Ilir","16.12.01","Talang Ubi","16.12.01.2007","Panta Dewa"
"16","Sumatera Selatan","16.12","Kabupaten Penukal Abab Lematang Ilir","16.12.01","Talang Ubi","16.12.01.2008","Sungai Baung"
"16","Sumatera Selatan","16.12","Kabupaten Penukal Abab Lematang Ilir","16.12.01","Talang Ubi","16.12.01.2009","Semangus"
"16","Sumatera Selatan","16.12","Kabupaten Penukal Abab Lematang Ilir","16.12.01","Talang Ubi","16.12.01.2013","Sinar Dewa"
"16","Sumatera Selatan","16.12","Kabupaten Penukal Abab Lematang Ilir","16.12.01","Talang Ubi","16.12.01.2014","Benakat Minyak"
"16","Sumatera Selatan","16.12","Kabupaten Penukal Abab Lematang Ilir","16.12.01","Talang Ubi","16.12.01.2015","Suka Maju"
"16","Sumatera Selatan","16.12","Kabupaten Penukal Abab Lematang Ilir","16.12.01","Talang Ubi","16.12.01.2016","Suka Damai"
"16","Sumatera Selatan","16.12","Kabupaten Penukal Abab Lematang Ilir","16.12.01","Talang Ubi","16.12.01.2019","Beruge Darat"
"16","Sumatera Selatan","16.12","Kabupaten Penukal Abab Lematang Ilir","16.12.01","Talang Ubi","16.12.01.2020","Simpang Tais"
"16","Sumatera Selatan","16.12","Kabupaten Penukal Abab Lematang Ilir","16.12.02","Penukal Utara","16.12.02.2001","Sukarami"
"16","Sumatera Selatan","16.12","Kabupaten Penukal Abab Lematang Ilir","16.12.02","Penukal Utara","16.12.02.2002","Tanjung Baru"
"16","Sumatera Selatan","16.12","Kabupaten Penukal Abab Lematang Ilir","16.12.02","Penukal Utara","16.12.02.2003","Prabu Menang"
"16","Sumatera Selatan","16.12","Kabupaten Penukal Abab Lematang Ilir","16.12.02","Penukal Utara","16.12.02.2004","Tanding Marga"
"16","Sumatera Selatan","16.12","Kabupaten Penukal Abab Lematang Ilir","16.12.02","Penukal Utara","16.12.02.2005","Karang Tanding"
"16","Sumatera Selatan","16.12","Kabupaten Penukal Abab Lematang Ilir","16.12.02","Penukal Utara","16.12.02.2006","Lubuk Tampui"
"16","Sumatera Selatan","16.12","Kabupaten Penukal Abab Lematang Ilir","16.12.02","Penukal Utara","16.12.02.2007","Tempirai"
"16","Sumatera Selatan","16.12","Kabupaten Penukal Abab Lematang Ilir","16.12.02","Penukal Utara","16.12.02.2008","Tempirai Selatan"
"16","Sumatera Selatan","16.12","Kabupaten Penukal Abab Lematang Ilir","16.12.02","Penukal Utara","16.12.02.2009","Kota Baru"
"16","Sumatera Selatan","16.12","Kabupaten Penukal Abab Lematang Ilir","16.12.02","Penukal Utara","16.12.02.2010","Tempirai Utara"
"16","Sumatera Selatan","16.12","Kabupaten Penukal Abab Lematang Ilir","16.12.02","Penukal Utara","16.12.02.2011","Tempirai Timur"
"16","Sumatera Selatan","16.12","Kabupaten Penukal Abab Lematang Ilir","16.12.02","Penukal Utara","16.12.02.2012","Tambak"
"16","Sumatera Selatan","16.12","Kabupaten Penukal Abab Lematang Ilir","16.12.02","Penukal Utara","16.12.02.2013","Muara Ikan"
"16","Sumatera Selatan","16.12","Kabupaten Penukal Abab Lematang Ilir","16.12.03","Penukal","16.12.03.2001","Purun"
"16","Sumatera Selatan","16.12","Kabupaten Penukal Abab Lematang Ilir","16.12.03","Penukal","16.12.03.2002","Gunung Menang"
"16","Sumatera Selatan","16.12","Kabupaten Penukal Abab Lematang Ilir","16.12.03","Penukal","16.12.03.2003","Mangkunegara"
"16","Sumatera Selatan","16.12","Kabupaten Penukal Abab Lematang Ilir","16.12.03","Penukal","16.12.03.2004","Raja Jaya"
"16","Sumatera Selatan","16.12","Kabupaten Penukal Abab Lematang Ilir","16.12.03","Penukal","16.12.03.2005","Air Itam"
"16","Sumatera Selatan","16.12","Kabupaten Penukal Abab Lematang Ilir","16.12.03","Penukal","16.12.03.2006","Gunung Raja"
"16","Sumatera Selatan","16.12","Kabupaten Penukal Abab Lematang Ilir","16.12.03","Penukal","16.12.03.2007","Air Itam Timur"
"16","Sumatera Selatan","16.12","Kabupaten Penukal Abab Lematang Ilir","16.12.03","Penukal","16.12.03.2008","Sungai Langan"
"16","Sumatera Selatan","16.12","Kabupaten Penukal Abab Lematang Ilir","16.12.03","Penukal","16.12.03.2009","Spantan Jaya"
"16","Sumatera Selatan","16.12","Kabupaten Penukal Abab Lematang Ilir","16.12.03","Penukal","16.12.03.2010","Babat"
"16","Sumatera Selatan","16.12","Kabupaten Penukal Abab Lematang Ilir","16.12.03","Penukal","16.12.03.2011","Suka Raja"
"16","Sumatera Selatan","16.12","Kabupaten Penukal Abab Lematang Ilir","16.12.03","Penukal","16.12.03.2012","Purun Timur"
"16","Sumatera Selatan","16.12","Kabupaten Penukal Abab Lematang Ilir","16.12.03","Penukal","16.12.03.2013","Mangkunegara Timur"
"16","Sumatera Selatan","16.12","Kabupaten Penukal Abab Lematang Ilir","16.12.04","Abab","16.12.04.2001","Betung"
"16","Sumatera Selatan","16.12","Kabupaten Penukal Abab Lematang Ilir","16.12.04","Abab","16.12.04.2002","Betung Barat"
"16","Sumatera Selatan","16.12","Kabupaten Penukal Abab Lematang Ilir","16.12.04","Abab","16.12.04.2003","Karang Agung"
"16","Sumatera Selatan","16.12","Kabupaten Penukal Abab Lematang Ilir","16.12.04","Abab","16.12.04.2004","Tanjung Kurung"
"16","Sumatera Selatan","16.12","Kabupaten Penukal Abab Lematang Ilir","16.12.04","Abab","16.12.04.2005","Pengabuan"
"16","Sumatera Selatan","16.12","Kabupaten Penukal Abab Lematang Ilir","16.12.04","Abab","16.12.04.2006","Prambatan"
"16","Sumatera Selatan","16.12","Kabupaten Penukal Abab Lematang Ilir","16.12.04","Abab","16.12.04.2007","Pengabuan Timur"
"16","Sumatera Selatan","16.12","Kabupaten Penukal Abab Lematang Ilir","16.12.04","Abab","16.12.04.2008","Betung Selatan"
"16","Sumatera Selatan","16.12","Kabupaten Penukal Abab Lematang Ilir","16.12.05","Tanah Abang","16.12.05.2001","Bumi Ayu"
"16","Sumatera Selatan","16.12","Kabupaten Penukal Abab Lematang Ilir","16.12.05","Tanah Abang","16.12.05.2002","Muara Sungai"
"16","Sumatera Selatan","16.12","Kabupaten Penukal Abab Lematang Ilir","16.12.05","Tanah Abang","16.12.05.2003","Tanah Abang Utara"
"16","Sumatera Selatan","16.12","Kabupaten Penukal Abab Lematang Ilir","16.12.05","Tanah Abang","16.12.05.2004","Sedupi"
"16","Sumatera Selatan","16.12","Kabupaten Penukal Abab Lematang Ilir","16.12.05","Tanah Abang","16.12.05.2005","Sukaraja"
"16","Sumatera Selatan","16.12","Kabupaten Penukal Abab Lematang Ilir","16.12.05","Tanah Abang","16.12.05.2006","Curup"
"16","Sumatera Selatan","16.12","Kabupaten Penukal Abab Lematang Ilir","16.12.05","Tanah Abang","16.12.05.2007","Raja"
"16","Sumatera Selatan","16.12","Kabupaten Penukal Abab Lematang Ilir","16.12.05","Tanah Abang","16.12.05.2008","Pandan"
"16","Sumatera Selatan","16.12","Kabupaten Penukal Abab Lematang Ilir","16.12.05","Tanah Abang","16.12.05.2009","Modong"
"16","Sumatera Selatan","16.12","Kabupaten Penukal Abab Lematang Ilir","16.12.05","Tanah Abang","16.12.05.2010","Tanah Abang Selatan"
"16","Sumatera Selatan","16.12","Kabupaten Penukal Abab Lematang Ilir","16.12.05","Tanah Abang","16.12.05.2011","Harapan Jaya"
"16","Sumatera Selatan","16.12","Kabupaten Penukal Abab Lematang Ilir","16.12.05","Tanah Abang","16.12.05.2012","Tanjung Dalam"
"16","Sumatera Selatan","16.12","Kabupaten Penukal Abab Lematang Ilir","16.12.05","Tanah Abang","16.12.05.2013","Lunas Jaya"
"16","Sumatera Selatan","16.12","Kabupaten Penukal Abab Lematang Ilir","16.12.05","Tanah Abang","16.12.05.2014","Raja Barat"
"16","Sumatera Selatan","16.12","Kabupaten Penukal Abab Lematang Ilir","16.12.05","Tanah Abang","16.12.05.2015","Tanah Abang Jaya"
"16","Sumatera Selatan","16.12","Kabupaten Penukal Abab Lematang Ilir","16.12.05","Tanah Abang","16.12.05.2016","Muara Dua"
"16","Sumatera Selatan","16.12","Kabupaten Penukal Abab Lematang Ilir","16.12.05","Tanah Abang","16.12.05.2017","Sukamanis"
"16","Sumatera Selatan","16.13","Kabupaten Musi Rawas Utara","16.13.01","Rupit","16.13.01.1007","Muara Rupit"
"16","Sumatera Selatan","16.13","Kabupaten Musi Rawas Utara","16.13.01","Rupit","16.13.01.2001","Tanjung Beringin"
"16","Sumatera Selatan","16.13","Kabupaten Musi Rawas Utara","16.13.01","Rupit","16.13.01.2002","Noman"
"16","Sumatera Selatan","16.13","Kabupaten Musi Rawas Utara","16.13.01","Rupit","16.13.01.2003","Batu Gajah"
"16","Sumatera Selatan","16.13","Kabupaten Musi Rawas Utara","16.13.01","Rupit","16.13.01.2004","Maur Lama"
"16","Sumatera Selatan","16.13","Kabupaten Musi Rawas Utara","16.13.01","Rupit","16.13.01.2005","Maur Baru"
"16","Sumatera Selatan","16.13","Kabupaten Musi Rawas Utara","16.13.01","Rupit","16.13.01.2006","Bingin Rupit"
"16","Sumatera Selatan","16.13","Kabupaten Musi Rawas Utara","16.13.01","Rupit","16.13.01.2008","Lubuk Rumbai"
"16","Sumatera Selatan","16.13","Kabupaten Musi Rawas Utara","16.13.01","Rupit","16.13.01.2009","Pantai"
"16","Sumatera Selatan","16.13","Kabupaten Musi Rawas Utara","16.13.01","Rupit","16.13.01.2010","Lawang Agung"
"16","Sumatera Selatan","16.13","Kabupaten Musi Rawas Utara","16.13.01","Rupit","16.13.01.2011","Karang Waru"
"16","Sumatera Selatan","16.13","Kabupaten Musi Rawas Utara","16.13.01","Rupit","16.13.01.2012","Karang Anyar"
"16","Sumatera Selatan","16.13","Kabupaten Musi Rawas Utara","16.13.01","Rupit","16.13.01.2013","Sungai Jernih"
"16","Sumatera Selatan","16.13","Kabupaten Musi Rawas Utara","16.13.01","Rupit","16.13.01.2014","Beringin Jaya"
"16","Sumatera Selatan","16.13","Kabupaten Musi Rawas Utara","16.13.01","Rupit","16.13.01.2015","Lubuk Rumbai Baru"
"16","Sumatera Selatan","16.13","Kabupaten Musi Rawas Utara","16.13.01","Rupit","16.13.01.2016","Noman Baru"
"16","Sumatera Selatan","16.13","Kabupaten Musi Rawas Utara","16.13.01","Rupit","16.13.01.2017","Batu Gajah Baru"
"16","Sumatera Selatan","16.13","Kabupaten Musi Rawas Utara","16.13.02","Rawas Ulu","16.13.02.1005","Pasar Surulangun"
"16","Sumatera Selatan","16.13","Kabupaten Musi Rawas Utara","16.13.02","Rawas Ulu","16.13.02.2001","Pangkalan"
"16","Sumatera Selatan","16.13","Kabupaten Musi Rawas Utara","16.13.02","Rawas Ulu","16.13.02.2002","Kerta Dewa"
"16","Sumatera Selatan","16.13","Kabupaten Musi Rawas Utara","16.13.02","Rawas Ulu","16.13.02.2003","Teladas"
"16","Sumatera Selatan","16.13","Kabupaten Musi Rawas Utara","16.13.02","Rawas Ulu","16.13.02.2004","Pulau Lebar"
"16","Sumatera Selatan","16.13","Kabupaten Musi Rawas Utara","16.13.02","Rawas Ulu","16.13.02.2006","Sungai Baung"
"16","Sumatera Selatan","16.13","Kabupaten Musi Rawas Utara","16.13.02","Rawas Ulu","16.13.02.2007","Sungai Jauh"
"16","Sumatera Selatan","16.13","Kabupaten Musi Rawas Utara","16.13.02","Rawas Ulu","16.13.02.2008","Sungai Kijang"
"16","Sumatera Selatan","16.13","Kabupaten Musi Rawas Utara","16.13.02","Rawas Ulu","16.13.02.2009","Surulangun"
"16","Sumatera Selatan","16.13","Kabupaten Musi Rawas Utara","16.13.02","Rawas Ulu","16.13.02.2010","Lesung Batu"
"16","Sumatera Selatan","16.13","Kabupaten Musi Rawas Utara","16.13.02","Rawas Ulu","16.13.02.2011","Lubuk Kemang"
"16","Sumatera Selatan","16.13","Kabupaten Musi Rawas Utara","16.13.02","Rawas Ulu","16.13.02.2012","Remban"
"16","Sumatera Selatan","16.13","Kabupaten Musi Rawas Utara","16.13.02","Rawas Ulu","16.13.02.2013","Lesung Batu Muda"
"16","Sumatera Selatan","16.13","Kabupaten Musi Rawas Utara","16.13.02","Rawas Ulu","16.13.02.2014","Simpang Nibung Rawas"
"16","Sumatera Selatan","16.13","Kabupaten Musi Rawas Utara","16.13.02","Rawas Ulu","16.13.02.2015","Lubuk Mas"
"16","Sumatera Selatan","16.13","Kabupaten Musi Rawas Utara","16.13.02","Rawas Ulu","16.13.02.2016","Sungai Lanang"
"16","Sumatera Selatan","16.13","Kabupaten Musi Rawas Utara","16.13.02","Rawas Ulu","16.13.02.2017","Sukomoro"
"16","Sumatera Selatan","16.13","Kabupaten Musi Rawas Utara","16.13.03","Nibung","16.13.03.1003","Karya Makmur"
"16","Sumatera Selatan","16.13","Kabupaten Musi Rawas Utara","16.13.03","Nibung","16.13.03.2001","Tebing Tinggi"
"16","Sumatera Selatan","16.13","Kabupaten Musi Rawas Utara","16.13.03","Nibung","16.13.03.2002","Jadi Mulya"
"16","Sumatera Selatan","16.13","Kabupaten Musi Rawas Utara","16.13.03","Nibung","16.13.03.2004","Mulya Jaya"
"16","Sumatera Selatan","16.13","Kabupaten Musi Rawas Utara","16.13.03","Nibung","16.13.03.2005","Sumber Makmur"
"16","Sumatera Selatan","16.13","Kabupaten Musi Rawas Utara","16.13.03","Nibung","16.13.03.2006","Sri Jaya Makmur"
"16","Sumatera Selatan","16.13","Kabupaten Musi Rawas Utara","16.13.03","Nibung","16.13.03.2007","Kelumpang Jaya"
"16","Sumatera Selatan","16.13","Kabupaten Musi Rawas Utara","16.13.03","Nibung","16.13.03.2008","Bumi Makmur"
"16","Sumatera Selatan","16.13","Kabupaten Musi Rawas Utara","16.13.03","Nibung","16.13.03.2009","Sumber Sari"
"16","Sumatera Selatan","16.13","Kabupaten Musi Rawas Utara","16.13.03","Nibung","16.13.03.2010","Krani Jaya"
"16","Sumatera Selatan","16.13","Kabupaten Musi Rawas Utara","16.13.03","Nibung","16.13.03.2011","Jadi Mulya I"
"16","Sumatera Selatan","16.13","Kabupaten Musi Rawas Utara","16.13.04","Rawas Ilir","16.13.04.1005","Bingin Teluk"
"16","Sumatera Selatan","16.13","Kabupaten Musi Rawas Utara","16.13.04","Rawas Ilir","16.13.04.2001","Pauh"
"16","Sumatera Selatan","16.13","Kabupaten Musi Rawas Utara","16.13.04","Rawas Ilir","16.13.04.2002","Batu Kucing"
"16","Sumatera Selatan","16.13","Kabupaten Musi Rawas Utara","16.13.04","Rawas Ilir","16.13.04.2003","Belani"
"16","Sumatera Selatan","16.13","Kabupaten Musi Rawas Utara","16.13.04","Rawas Ilir","16.13.04.2004","Tanjung Raja"
"16","Sumatera Selatan","16.13","Kabupaten Musi Rawas Utara","16.13.04","Rawas Ilir","16.13.04.2006","Mandi Angin"
"16","Sumatera Selatan","16.13","Kabupaten Musi Rawas Utara","16.13.04","Rawas Ilir","16.13.04.2007","Air Bening"
"16","Sumatera Selatan","16.13","Kabupaten Musi Rawas Utara","16.13.04","Rawas Ilir","16.13.04.2008","Beringin Sakti"
"16","Sumatera Selatan","16.13","Kabupaten Musi Rawas Utara","16.13.04","Rawas Ilir","16.13.04.2009","Beringin Makmur I"
"16","Sumatera Selatan","16.13","Kabupaten Musi Rawas Utara","16.13.04","Rawas Ilir","16.13.04.2010","Beringin Makmur II"
"16","Sumatera Selatan","16.13","Kabupaten Musi Rawas Utara","16.13.04","Rawas Ilir","16.13.04.2011","Pauh I"
"16","Sumatera Selatan","16.13","Kabupaten Musi Rawas Utara","16.13.04","Rawas Ilir","16.13.04.2012","Ketapat Bening"
"16","Sumatera Selatan","16.13","Kabupaten Musi Rawas Utara","16.13.04","Rawas Ilir","16.13.04.2013","Mekarsari"
"16","Sumatera Selatan","16.13","Kabupaten Musi Rawas Utara","16.13.05","Karang Dapo","16.13.05.1004","Karang Dapo"
"16","Sumatera Selatan","16.13","Kabupaten Musi Rawas Utara","16.13.05","Karang Dapo","16.13.05.2001","Aringin"
"16","Sumatera Selatan","16.13","Kabupaten Musi Rawas Utara","16.13.05","Karang Dapo","16.13.05.2002","Biaro Baru"
"16","Sumatera Selatan","16.13","Kabupaten Musi Rawas Utara","16.13.05","Karang Dapo","16.13.05.2003","Biaro Lama"
"16","Sumatera Selatan","16.13","Kabupaten Musi Rawas Utara","16.13.05","Karang Dapo","16.13.05.2005","Rantau Kadam"
"16","Sumatera Selatan","16.13","Kabupaten Musi Rawas Utara","16.13.05","Karang Dapo","16.13.05.2006","Kerta Sari"
"16","Sumatera Selatan","16.13","Kabupaten Musi Rawas Utara","16.13.05","Karang Dapo","16.13.05.2007","Karang Dapo I"
"16","Sumatera Selatan","16.13","Kabupaten Musi Rawas Utara","16.13.05","Karang Dapo","16.13.05.2008","Setia Marga"
"16","Sumatera Selatan","16.13","Kabupaten Musi Rawas Utara","16.13.05","Karang Dapo","16.13.05.2009","Bina Karya"
"16","Sumatera Selatan","16.13","Kabupaten Musi Rawas Utara","16.13.06","Karang Jaya","16.13.06.1009","Karang Jaya"
"16","Sumatera Selatan","16.13","Kabupaten Musi Rawas Utara","16.13.06","Karang Jaya","16.13.06.2001","Bukit Ulu"
"16","Sumatera Selatan","16.13","Kabupaten Musi Rawas Utara","16.13.06","Karang Jaya","16.13.06.2002","Sukaraja"
"16","Sumatera Selatan","16.13","Kabupaten Musi Rawas Utara","16.13.06","Karang Jaya","16.13.06.2003","Lubuk Kumbung"
"16","Sumatera Selatan","16.13","Kabupaten Musi Rawas Utara","16.13.06","Karang Jaya","16.13.06.2004","Muara Batang Empu"
"16","Sumatera Selatan","16.13","Kabupaten Musi Rawas Utara","16.13.06","Karang Jaya","16.13.06.2005","Tanjung Agung"
"16","Sumatera Selatan","16.13","Kabupaten Musi Rawas Utara","16.13.06","Karang Jaya","16.13.06.2006","Rantau Telang"
"16","Sumatera Selatan","16.13","Kabupaten Musi Rawas Utara","16.13.06","Karang Jaya","16.13.06.2007","Suka Menang"
"16","Sumatera Selatan","16.13","Kabupaten Musi Rawas Utara","16.13.06","Karang Jaya","16.13.06.2008","Terusan"
"16","Sumatera Selatan","16.13","Kabupaten Musi Rawas Utara","16.13.06","Karang Jaya","16.13.06.2010","Muara Tiku"
"16","Sumatera Selatan","16.13","Kabupaten Musi Rawas Utara","16.13.06","Karang Jaya","16.13.06.2011","Embacang Baru"
"16","Sumatera Selatan","16.13","Kabupaten Musi Rawas Utara","16.13.06","Karang Jaya","16.13.06.2012","Embacang Lama"
"16","Sumatera Selatan","16.13","Kabupaten Musi Rawas Utara","16.13.06","Karang Jaya","16.13.06.2013","Rantau Jaya"
"16","Sumatera Selatan","16.13","Kabupaten Musi Rawas Utara","16.13.06","Karang Jaya","16.13.06.2014","Bukit Langkap"
"16","Sumatera Selatan","16.13","Kabupaten Musi Rawas Utara","16.13.06","Karang Jaya","16.13.06.2015","Embacang Baru Ilir"
"16","Sumatera Selatan","16.13","Kabupaten Musi Rawas Utara","16.13.07","Ulu Rawas","16.13.07.1007","Muara Kulam"
"16","Sumatera Selatan","16.13","Kabupaten Musi Rawas Utara","16.13.07","Ulu Rawas","16.13.07.2001","Jangkat"
"16","Sumatera Selatan","16.13","Kabupaten Musi Rawas Utara","16.13.07","Ulu Rawas","16.13.07.2002","Napal Licin"
"16","Sumatera Selatan","16.13","Kabupaten Musi Rawas Utara","16.13.07","Ulu Rawas","16.13.07.2003","Sosokan"
"16","Sumatera Selatan","16.13","Kabupaten Musi Rawas Utara","16.13.07","Ulu Rawas","16.13.07.2004","Kuto Tanjung"
"16","Sumatera Selatan","16.13","Kabupaten Musi Rawas Utara","16.13.07","Ulu Rawas","16.13.07.2005","Muara Kuis"
"16","Sumatera Selatan","16.13","Kabupaten Musi Rawas Utara","16.13.07","Ulu Rawas","16.13.07.2006","Pulau Kidak"
"16","Sumatera Selatan","16.71","Kota Palembang","16.71.01","Ilir Barat Dua","16.71.01.1001","Tiga-puluh-lima Ilir"
"16","Sumatera Selatan","16.71","Kota Palembang","16.71.01","Ilir Barat Dua","16.71.01.1002","Tiga-puluh-dua Ilir"
"16","Sumatera Selatan","16.71","Kota Palembang","16.71.01","Ilir Barat Dua","16.71.01.1003","Tiga-puluh Ilir"
"16","Sumatera Selatan","16.71","Kota Palembang","16.71.01","Ilir Barat Dua","16.71.01.1004","Dua-puluh-sembilan Ilir"
"16","Sumatera Selatan","16.71","Kota Palembang","16.71.01","Ilir Barat Dua","16.71.01.1005","Dua-puluh-delapan Ilir"
"16","Sumatera Selatan","16.71","Kota Palembang","16.71.01","Ilir Barat Dua","16.71.01.1006","Dua-puluh-tujuh Ilir"
"16","Sumatera Selatan","16.71","Kota Palembang","16.71.01","Ilir Barat Dua","16.71.01.1007","Kemangmanis"
"16","Sumatera Selatan","16.71","Kota Palembang","16.71.02","Seberang Ulu Satu","16.71.02.1002","Satu Ulu"
"16","Sumatera Selatan","16.71","Kota Palembang","16.71.02","Seberang Ulu Satu","16.71.02.1003","Dua Ulu"
"16","Sumatera Selatan","16.71","Kota Palembang","16.71.02","Seberang Ulu Satu","16.71.02.1004","Tiga Empat Ulu"
"16","Sumatera Selatan","16.71","Kota Palembang","16.71.02","Seberang Ulu Satu","16.71.02.1005","Lima Ulu"
"16","Sumatera Selatan","16.71","Kota Palembang","16.71.02","Seberang Ulu Satu","16.71.02.1006","Tujuh Ulu"
"16","Sumatera Selatan","16.71","Kota Palembang","16.71.03","Seberang Ulu Dua","16.71.03.1001","Sebelas Ulu"
"16","Sumatera Selatan","16.71","Kota Palembang","16.71.03","Seberang Ulu Dua","16.71.03.1002","Dua-belas Ulu"
"16","Sumatera Selatan","16.71","Kota Palembang","16.71.03","Seberang Ulu Dua","16.71.03.1003","Tiga-belas Ulu"
"16","Sumatera Selatan","16.71","Kota Palembang","16.71.03","Seberang Ulu Dua","16.71.03.1004","Empat-belas Ulu"
"16","Sumatera Selatan","16.71","Kota Palembang","16.71.03","Seberang Ulu Dua","16.71.03.1005","Enam-belas Ulu"
"16","Sumatera Selatan","16.71","Kota Palembang","16.71.03","Seberang Ulu Dua","16.71.03.1006","Tanggatakat"
"16","Sumatera Selatan","16.71","Kota Palembang","16.71.03","Seberang Ulu Dua","16.71.03.1007","Sentosa"
"16","Sumatera Selatan","16.71","Kota Palembang","16.71.04","Ilir Barat Satu","16.71.04.1001","Bukitlama"
"16","Sumatera Selatan","16.71","Kota Palembang","16.71.04","Ilir Barat Satu","16.71.04.1002","Lorokpakjo"
"16","Sumatera Selatan","16.71","Kota Palembang","16.71.04","Ilir Barat Satu","16.71.04.1003","Dua-puluh-enam Ilir Satu"
"16","Sumatera Selatan","16.71","Kota Palembang","16.71.04","Ilir Barat Satu","16.71.04.1004","Siringagung"
"16","Sumatera Selatan","16.71","Kota Palembang","16.71.04","Ilir Barat Satu","16.71.04.1005","Demang-Lebardaun"
"16","Sumatera Selatan","16.71","Kota Palembang","16.71.04","Ilir Barat Satu","16.71.04.1006","Bukitbaru"
"16","Sumatera Selatan","16.71","Kota Palembang","16.71.05","Ilir Timur Satu","16.71.05.1001","Delapan-belas Ilir"
"16","Sumatera Selatan","16.71","Kota Palembang","16.71.05","Ilir Timur Satu","16.71.05.1002","Enam-belas Ilir"
"16","Sumatera Selatan","16.71","Kota Palembang","16.71.05","Ilir Timur Satu","16.71.05.1003","Tiga-belas Ilir"
"16","Sumatera Selatan","16.71","Kota Palembang","16.71.05","Ilir Timur Satu","16.71.05.1004","Empat-belas Ilir"
"16","Sumatera Selatan","16.71","Kota Palembang","16.71.05","Ilir Timur Satu","16.71.05.1005","Lima-belas Ilir"
"16","Sumatera Selatan","16.71","Kota Palembang","16.71.05","Ilir Timur Satu","16.71.05.1006","Tujuh-belas Ilir"
"16","Sumatera Selatan","16.71","Kota Palembang","16.71.05","Ilir Timur Satu","16.71.05.1007","Dua-puluh Ilir Tiga"
"16","Sumatera Selatan","16.71","Kota Palembang","16.71.05","Ilir Timur Satu","16.71.05.1008","Dua-puluh Ilir Empat"
"16","Sumatera Selatan","16.71","Kota Palembang","16.71.05","Ilir Timur Satu","16.71.05.1009","Dua-puluh Ilir Satu"
"16","Sumatera Selatan","16.71","Kota Palembang","16.71.05","Ilir Timur Satu","16.71.05.1010","Sungaipangeran"
"16","Sumatera Selatan","16.71","Kota Palembang","16.71.05","Ilir Timur Satu","16.71.05.1011","Kepandean-Baru"
"16","Sumatera Selatan","16.71","Kota Palembang","16.71.06","Ilir Timur Dua","16.71.06.1005","Lima Ilir"
"16","Sumatera Selatan","16.71","Kota Palembang","16.71.06","Ilir Timur Dua","16.71.06.1006","Tiga Ilir"
"16","Sumatera Selatan","16.71","Kota Palembang","16.71.06","Ilir Timur Dua","16.71.06.1007","Satu Ilir"
"16","Sumatera Selatan","16.71","Kota Palembang","16.71.06","Ilir Timur Dua","16.71.06.1008","Dua Ilir"
"16","Sumatera Selatan","16.71","Kota Palembang","16.71.06","Ilir Timur Dua","16.71.06.1009","Lawangkidul"
"16","Sumatera Selatan","16.71","Kota Palembang","16.71.06","Ilir Timur Dua","16.71.06.1012","Sungaibuah"
"16","Sumatera Selatan","16.71","Kota Palembang","16.71.07","Sukarami","16.71.07.1002","Talangbetutu"
"16","Sumatera Selatan","16.71","Kota Palembang","16.71.07","Sukarami","16.71.07.1004","Sukajaya"
"16","Sumatera Selatan","16.71","Kota Palembang","16.71.07","Sukarami","16.71.07.1005","Sukarami"
"16","Sumatera Selatan","16.71","Kota Palembang","16.71.07","Sukarami","16.71.07.1007","Kebunbunga"
"16","Sumatera Selatan","16.71","Kota Palembang","16.71.07","Sukarami","16.71.07.1009","Sukabangun"
"16","Sumatera Selatan","16.71","Kota Palembang","16.71.07","Sukarami","16.71.07.1010","Talangjambe"
"16","Sumatera Selatan","16.71","Kota Palembang","16.71.07","Sukarami","16.71.07.1011","Sukodadi"
"16","Sumatera Selatan","16.71","Kota Palembang","16.71.08","Sako","16.71.08.1001","Sukamaju"
"16","Sumatera Selatan","16.71","Kota Palembang","16.71.08","Sako","16.71.08.1002","Sako"
"16","Sumatera Selatan","16.71","Kota Palembang","16.71.08","Sako","16.71.08.1006","Sialang"
"16","Sumatera Selatan","16.71","Kota Palembang","16.71.08","Sako","16.71.08.1007","Sako Baru"
"16","Sumatera Selatan","16.71","Kota Palembang","16.71.09","Kemuning","16.71.09.1001","Dua-puluh Ilir Dua"
"16","Sumatera Selatan","16.71","Kota Palembang","16.71.09","Kemuning","16.71.09.1002","Ario Kemuning"
"16","Sumatera Selatan","16.71","Kota Palembang","16.71.09","Kemuning","16.71.09.1003","Sekipjaya"
"16","Sumatera Selatan","16.71","Kota Palembang","16.71.09","Kemuning","16.71.09.1004","Pahlawan"
"16","Sumatera Selatan","16.71","Kota Palembang","16.71.09","Kemuning","16.71.09.1005","Pipareja"
"16","Sumatera Selatan","16.71","Kota Palembang","16.71.09","Kemuning","16.71.09.1006","Talangaman"
"16","Sumatera Selatan","16.71","Kota Palembang","16.71.10","Kalidoni","16.71.10.1001","Bukitsangkal"
"16","Sumatera Selatan","16.71","Kota Palembang","16.71.10","Kalidoni","16.71.10.1002","Kalidoni"
"16","Sumatera Selatan","16.71","Kota Palembang","16.71.10","Kalidoni","16.71.10.1003","Sungaiselayur"
"16","Sumatera Selatan","16.71","Kota Palembang","16.71.10","Kalidoni","16.71.10.1004","Sungaiselincah"
"16","Sumatera Selatan","16.71","Kota Palembang","16.71.10","Kalidoni","16.71.10.1005","Sungailais"
"16","Sumatera Selatan","16.71","Kota Palembang","16.71.11","Bukitkecil","16.71.11.1001","Sembilan-belas Ilir"
"16","Sumatera Selatan","16.71","Kota Palembang","16.71.11","Bukitkecil","16.71.11.1002","Dua-puluh-dua Ilir"
"16","Sumatera Selatan","16.71","Kota Palembang","16.71.11","Bukitkecil","16.71.11.1003","Dua-puluh-tiga Ilir"
"16","Sumatera Selatan","16.71","Kota Palembang","16.71.11","Bukitkecil","16.71.11.1004","Dua-puluh-empat Ilir"
"16","Sumatera Selatan","16.71","Kota Palembang","16.71.11","Bukitkecil","16.71.11.1005","Dua-puluh-enam Ilir"
"16","Sumatera Selatan","16.71","Kota Palembang","16.71.11","Bukitkecil","16.71.11.1006","Talangsemut"
"16","Sumatera Selatan","16.71","Kota Palembang","16.71.12","Gandus","16.71.12.1001","Gandus"
"16","Sumatera Selatan","16.71","Kota Palembang","16.71.12","Gandus","16.71.12.1002","Karanganyar"
"16","Sumatera Selatan","16.71","Kota Palembang","16.71.12","Gandus","16.71.12.1003","Tiga-puluh-enam Ilir"
"16","Sumatera Selatan","16.71","Kota Palembang","16.71.12","Gandus","16.71.12.1004","Karangjaya"
"16","Sumatera Selatan","16.71","Kota Palembang","16.71.12","Gandus","16.71.12.1005","Pulokerto"
"16","Sumatera Selatan","16.71","Kota Palembang","16.71.13","Kertapati","16.71.13.1001","Kemasrindo"
"16","Sumatera Selatan","16.71","Kota Palembang","16.71.13","Kertapati","16.71.13.1002","Kemangagung"
"16","Sumatera Selatan","16.71","Kota Palembang","16.71.13","Kertapati","16.71.13.1003","Keramasan"
"16","Sumatera Selatan","16.71","Kota Palembang","16.71.13","Kertapati","16.71.13.1004","Kertapati"
"16","Sumatera Selatan","16.71","Kota Palembang","16.71.13","Kertapati","16.71.13.1005","Karyajaya"
"16","Sumatera Selatan","16.71","Kota Palembang","16.71.13","Kertapati","16.71.13.1006","Oganbaru"
"16","Sumatera Selatan","16.71","Kota Palembang","16.71.14","Plaju","16.71.14.1001","Plaju Ulu"
"16","Sumatera Selatan","16.71","Kota Palembang","16.71.14","Plaju","16.71.14.1002","Plaju Darat"
"16","Sumatera Selatan","16.71","Kota Palembang","16.71.14","Plaju","16.71.14.1003","Plaju Ilir"
"16","Sumatera Selatan","16.71","Kota Palembang","16.71.14","Plaju","16.71.14.1004","Baguskuning"
"16","Sumatera Selatan","16.71","Kota Palembang","16.71.14","Plaju","16.71.14.1005","Komperta"
"16","Sumatera Selatan","16.71","Kota Palembang","16.71.14","Plaju","16.71.14.1006","Talangputri"
"16","Sumatera Selatan","16.71","Kota Palembang","16.71.14","Plaju","16.71.14.1007","Talangbubuk"
"16","Sumatera Selatan","16.71","Kota Palembang","16.71.15","Alang-alang Lebar","16.71.15.1001","Alang-Alang Lebar"
"16","Sumatera Selatan","16.71","Kota Palembang","16.71.15","Alang-alang Lebar","16.71.15.1002","Srijaya"
"16","Sumatera Selatan","16.71","Kota Palembang","16.71.15","Alang-alang Lebar","16.71.15.1003","Talangkelapa"
"16","Sumatera Selatan","16.71","Kota Palembang","16.71.15","Alang-alang Lebar","16.71.15.1004","Karyabaru"
"16","Sumatera Selatan","16.71","Kota Palembang","16.71.16","Sematangborang","16.71.16.1001","Srimulya"
"16","Sumatera Selatan","16.71","Kota Palembang","16.71.16","Sematangborang","16.71.16.1002","Sukamulya"
"16","Sumatera Selatan","16.71","Kota Palembang","16.71.16","Sematangborang","16.71.16.1003","Lebung-Gajah"
"16","Sumatera Selatan","16.71","Kota Palembang","16.71.16","Sematangborang","16.71.16.1005","Karyamulya"
"16","Sumatera Selatan","16.71","Kota Palembang","16.71.17","Jakabaring","16.71.17.1001","Delapan Ulu"
"16","Sumatera Selatan","16.71","Kota Palembang","16.71.17","Jakabaring","16.71.17.1002","Sembilan Sepuluh Ulu"
"16","Sumatera Selatan","16.71","Kota Palembang","16.71.17","Jakabaring","16.71.17.1003","Lima-belas Ulu"
"16","Sumatera Selatan","16.71","Kota Palembang","16.71.17","Jakabaring","16.71.17.1004","Silaberanti"
"16","Sumatera Selatan","16.71","Kota Palembang","16.71.17","Jakabaring","16.71.17.1005","Tuankentang"
"16","Sumatera Selatan","16.71","Kota Palembang","16.71.18","Ilir Timur Tiga","16.71.18.1001","Delapan Ilir"
"16","Sumatera Selatan","16.71","Kota Palembang","16.71.18","Ilir Timur Tiga","16.71.18.1002","Sembilan Ilir"
"16","Sumatera Selatan","16.71","Kota Palembang","16.71.18","Ilir Timur Tiga","16.71.18.1003","Sepuluh Ilir"
"16","Sumatera Selatan","16.71","Kota Palembang","16.71.18","Ilir Timur Tiga","16.71.18.1004","Sebelas Ilir"
"16","Sumatera Selatan","16.71","Kota Palembang","16.71.18","Ilir Timur Tiga","16.71.18.1005","Kutobatu"
"16","Sumatera Selatan","16.71","Kota Palembang","16.71.18","Ilir Timur Tiga","16.71.18.1006","Duku"
"16","Sumatera Selatan","16.72","Kota Pagar Alam","16.72.01","Pagar Alam Utara","16.72.01.1001","Sukorejo"
"16","Sumatera Selatan","16.72","Kota Pagar Alam","16.72.01","Pagar Alam Utara","16.72.01.1002","Bangun Rejo"
"16","Sumatera Selatan","16.72","Kota Pagar Alam","16.72.01","Pagar Alam Utara","16.72.01.1005","Pagar Alam"
"16","Sumatera Selatan","16.72","Kota Pagar Alam","16.72.01","Pagar Alam Utara","16.72.01.1007","Alun Dua"
"16","Sumatera Selatan","16.72","Kota Pagar Alam","16.72.01","Pagar Alam Utara","16.72.01.1014","Selibar"
"16","Sumatera Selatan","16.72","Kota Pagar Alam","16.72.01","Pagar Alam Utara","16.72.01.1016","Beringin Jaya"
"16","Sumatera Selatan","16.72","Kota Pagar Alam","16.72.01","Pagar Alam Utara","16.72.01.1018","Dempo Makmur"
"16","Sumatera Selatan","16.72","Kota Pagar Alam","16.72.01","Pagar Alam Utara","16.72.01.1019","Kuripan Babas"
"16","Sumatera Selatan","16.72","Kota Pagar Alam","16.72.01","Pagar Alam Utara","16.72.01.1020","Bangun Jaya"
"16","Sumatera Selatan","16.72","Kota Pagar Alam","16.72.01","Pagar Alam Utara","16.72.01.1021","Curup Jare"
"16","Sumatera Selatan","16.72","Kota Pagar Alam","16.72.02","Pagar Alam Selatan","16.72.02.1003","Sidorejo"
"16","Sumatera Selatan","16.72","Kota Pagar Alam","16.72.02","Pagar Alam Selatan","16.72.02.1004","Nendagung"
"16","Sumatera Selatan","16.72","Kota Pagar Alam","16.72.02","Pagar Alam Selatan","16.72.02.1005","Gunung Dempo"
"16","Sumatera Selatan","16.72","Kota Pagar Alam","16.72.02","Pagar Alam Selatan","16.72.02.1018","Tebat Giri Indah"
"16","Sumatera Selatan","16.72","Kota Pagar Alam","16.72.02","Pagar Alam Selatan","16.72.02.1019","Tumbak Ulas"
"16","Sumatera Selatan","16.72","Kota Pagar Alam","16.72.02","Pagar Alam Selatan","16.72.02.1020","Ulu Rurah"
"16","Sumatera Selatan","16.72","Kota Pagar Alam","16.72.02","Pagar Alam Selatan","16.72.02.1021","Tanjung Agung"
"16","Sumatera Selatan","16.72","Kota Pagar Alam","16.72.02","Pagar Alam Selatan","16.72.02.1022","Besemah Serasan"
"16","Sumatera Selatan","16.72","Kota Pagar Alam","16.72.03","Dempo Utara","16.72.03.1006","Jangkar Mas"
"16","Sumatera Selatan","16.72","Kota Pagar Alam","16.72.03","Dempo Utara","16.72.03.1012","Bumi Agung"
"16","Sumatera Selatan","16.72","Kota Pagar Alam","16.72.03","Dempo Utara","16.72.03.1019","Muara Siban"
"16","Sumatera Selatan","16.72","Kota Pagar Alam","16.72.03","Dempo Utara","16.72.03.1022","Agung Lawangan"
"16","Sumatera Selatan","16.72","Kota Pagar Alam","16.72.03","Dempo Utara","16.72.03.1023","Pagar Wangi"
"16","Sumatera Selatan","16.72","Kota Pagar Alam","16.72.03","Dempo Utara","16.72.03.1024","Burung Dinang"
"16","Sumatera Selatan","16.72","Kota Pagar Alam","16.72.03","Dempo Utara","16.72.03.1025","Rebah Tinggi"
"16","Sumatera Selatan","16.72","Kota Pagar Alam","16.72.04","Dempo Selatan","16.72.04.1002","Lubuk Buntak"
"16","Sumatera Selatan","16.72","Kota Pagar Alam","16.72.04","Dempo Selatan","16.72.04.1018","Prahu Dipo"
"16","Sumatera Selatan","16.72","Kota Pagar Alam","16.72.04","Dempo Selatan","16.72.04.1020","Kance Diwe"
"16","Sumatera Selatan","16.72","Kota Pagar Alam","16.72.04","Dempo Selatan","16.72.04.1021","Atung Bungsu"
"16","Sumatera Selatan","16.72","Kota Pagar Alam","16.72.04","Dempo Selatan","16.72.04.1022","Penjalang"
"16","Sumatera Selatan","16.72","Kota Pagar Alam","16.72.05","Dempo Tengah","16.72.05.1001","Karang Dalo"
"16","Sumatera Selatan","16.72","Kota Pagar Alam","16.72.05","Dempo Tengah","16.72.05.1003","Pelang Kenidai"
"16","Sumatera Selatan","16.72","Kota Pagar Alam","16.72.05","Dempo Tengah","16.72.05.1008","Jokoh"
"16","Sumatera Selatan","16.72","Kota Pagar Alam","16.72.05","Dempo Tengah","16.72.05.1011","Padang Temu"
"16","Sumatera Selatan","16.72","Kota Pagar Alam","16.72.05","Dempo Tengah","16.72.05.1012","Candi Jaya"
"16","Sumatera Selatan","16.73","Kota Lubuk Linggau","16.73.01","Lubuk Linggau Timur I","16.73.01.1001","Air Kuti"
"16","Sumatera Selatan","16.73","Kota Lubuk Linggau","16.73.01","Lubuk Linggau Timur I","16.73.01.1002","Majapahit"
"16","Sumatera Selatan","16.73","Kota Lubuk Linggau","16.73.01","Lubuk Linggau Timur I","16.73.01.1003","Taba Jemekeh"
"16","Sumatera Selatan","16.73","Kota Lubuk Linggau","16.73.01","Lubuk Linggau Timur I","16.73.01.1004","Nikan Jaya"
"16","Sumatera Selatan","16.73","Kota Lubuk Linggau","16.73.01","Lubuk Linggau Timur I","16.73.01.1005","Taba Lestari"
"16","Sumatera Selatan","16.73","Kota Lubuk Linggau","16.73.01","Lubuk Linggau Timur I","16.73.01.1007","Batu Urip Taba"
"16","Sumatera Selatan","16.73","Kota Lubuk Linggau","16.73.01","Lubuk Linggau Timur I","16.73.01.1015","Taba Koji"
"16","Sumatera Selatan","16.73","Kota Lubuk Linggau","16.73.01","Lubuk Linggau Timur I","16.73.01.1016","Watervang"
"16","Sumatera Selatan","16.73","Kota Lubuk Linggau","16.73.02","Lubuk Linggau Barat I","16.73.02.1001","Kayu Ara"
"16","Sumatera Selatan","16.73","Kota Lubuk Linggau","16.73.02","Lubuk Linggau Barat I","16.73.02.1002","Lubuk Tanjung"
"16","Sumatera Selatan","16.73","Kota Lubuk Linggau","16.73.02","Lubuk Linggau Barat I","16.73.02.1003","Tanjung Indah"
"16","Sumatera Selatan","16.73","Kota Lubuk Linggau","16.73.02","Lubuk Linggau Barat I","16.73.02.1004","Bandung Ujung"
"16","Sumatera Selatan","16.73","Kota Lubuk Linggau","16.73.02","Lubuk Linggau Barat I","16.73.02.1008","Bandung Kiri"
"16","Sumatera Selatan","16.73","Kota Lubuk Linggau","16.73.02","Lubuk Linggau Barat I","16.73.02.1009","Sukajadi"
"16","Sumatera Selatan","16.73","Kota Lubuk Linggau","16.73.02","Lubuk Linggau Barat I","16.73.02.1010","Muara Enim"
"16","Sumatera Selatan","16.73","Kota Lubuk Linggau","16.73.02","Lubuk Linggau Barat I","16.73.02.1015","Watas Lubuk Durian"
"16","Sumatera Selatan","16.73","Kota Lubuk Linggau","16.73.02","Lubuk Linggau Barat I","16.73.02.1016","Lubuk Aman"
"16","Sumatera Selatan","16.73","Kota Lubuk Linggau","16.73.02","Lubuk Linggau Barat I","16.73.02.1018","Tanjung Aman"
"16","Sumatera Selatan","16.73","Kota Lubuk Linggau","16.73.02","Lubuk Linggau Barat I","16.73.02.1019","Pelita Jaya"
"16","Sumatera Selatan","16.73","Kota Lubuk Linggau","16.73.03","Lubuk Linggau Selatan I","16.73.03.1001","Lubuk Kupang"
"16","Sumatera Selatan","16.73","Kota Lubuk Linggau","16.73.03","Lubuk Linggau Selatan I","16.73.03.1003","Rahmah"
"16","Sumatera Selatan","16.73","Kota Lubuk Linggau","16.73.03","Lubuk Linggau Selatan I","16.73.03.1008","Jukung"
"16","Sumatera Selatan","16.73","Kota Lubuk Linggau","16.73.03","Lubuk Linggau Selatan I","16.73.03.1009","Air Kati"
"16","Sumatera Selatan","16.73","Kota Lubuk Linggau","16.73.03","Lubuk Linggau Selatan I","16.73.03.1010","Air Teman"
"16","Sumatera Selatan","16.73","Kota Lubuk Linggau","16.73.03","Lubuk Linggau Selatan I","16.73.03.1011","Perumnas Rahmah"
"16","Sumatera Selatan","16.73","Kota Lubuk Linggau","16.73.03","Lubuk Linggau Selatan I","16.73.03.1012","Lubuk Binjai"
"16","Sumatera Selatan","16.73","Kota Lubuk Linggau","16.73.04","Lubuk Linggau Utara I","16.73.04.1001","Durian Rampak"
"16","Sumatera Selatan","16.73","Kota Lubuk Linggau","16.73.04","Lubuk Linggau Utara I","16.73.04.1002","Tanjung Raya"
"16","Sumatera Selatan","16.73","Kota Lubuk Linggau","16.73.04","Lubuk Linggau Utara I","16.73.04.1003","Sumber Agung"
"16","Sumatera Selatan","16.73","Kota Lubuk Linggau","16.73.04","Lubuk Linggau Utara I","16.73.04.1004","Marga Bakti"
"16","Sumatera Selatan","16.73","Kota Lubuk Linggau","16.73.04","Lubuk Linggau Utara I","16.73.04.1005","Belalau I"
"16","Sumatera Selatan","16.73","Kota Lubuk Linggau","16.73.04","Lubuk Linggau Utara I","16.73.04.1006","Belalau II"
"16","Sumatera Selatan","16.73","Kota Lubuk Linggau","16.73.04","Lubuk Linggau Utara I","16.73.04.1007","Taba Baru"
"16","Sumatera Selatan","16.73","Kota Lubuk Linggau","16.73.04","Lubuk Linggau Utara I","16.73.04.1008","Margorejo"
"16","Sumatera Selatan","16.73","Kota Lubuk Linggau","16.73.04","Lubuk Linggau Utara I","16.73.04.1009","Petanang Ulu"
"16","Sumatera Selatan","16.73","Kota Lubuk Linggau","16.73.04","Lubuk Linggau Utara I","16.73.04.1010","Petanang Ilir"
"16","Sumatera Selatan","16.73","Kota Lubuk Linggau","16.73.05","Lubuk Linggau Timur II","16.73.05.1001","Jawa Kanan"
"16","Sumatera Selatan","16.73","Kota Lubuk Linggau","16.73.05","Lubuk Linggau Timur II","16.73.05.1002","Jawa Kanan SS"
"16","Sumatera Selatan","16.73","Kota Lubuk Linggau","16.73.05","Lubuk Linggau Timur II","16.73.05.1003","Wira Karya"
"16","Sumatera Selatan","16.73","Kota Lubuk Linggau","16.73.05","Lubuk Linggau Timur II","16.73.05.1004","Dempo"
"16","Sumatera Selatan","16.73","Kota Lubuk Linggau","16.73.05","Lubuk Linggau Timur II","16.73.05.1005","Jawa Kiri"
"16","Sumatera Selatan","16.73","Kota Lubuk Linggau","16.73.05","Lubuk Linggau Timur II","16.73.05.1006","Karya Bakti"
"16","Sumatera Selatan","16.73","Kota Lubuk Linggau","16.73.05","Lubuk Linggau Timur II","16.73.05.1007","Mesat Jaya"
"16","Sumatera Selatan","16.73","Kota Lubuk Linggau","16.73.05","Lubuk Linggau Timur II","16.73.05.1008","Mesat Seni"
"16","Sumatera Selatan","16.73","Kota Lubuk Linggau","16.73.05","Lubuk Linggau Timur II","16.73.05.1009","Cereme Taba"
"16","Sumatera Selatan","16.73","Kota Lubuk Linggau","16.73.06","Lubuk Linggau Barat II","16.73.06.1001","Sidorejo"
"16","Sumatera Selatan","16.73","Kota Lubuk Linggau","16.73.06","Lubuk Linggau Barat II","16.73.06.1002","Ulak Lebar"
"16","Sumatera Selatan","16.73","Kota Lubuk Linggau","16.73.06","Lubuk Linggau Barat II","16.73.06.1003","Tapak Lebar"
"16","Sumatera Selatan","16.73","Kota Lubuk Linggau","16.73.06","Lubuk Linggau Barat II","16.73.06.1004","Bandung Kanan"
"16","Sumatera Selatan","16.73","Kota Lubuk Linggau","16.73.06","Lubuk Linggau Barat II","16.73.06.1005","Keputraan"
"16","Sumatera Selatan","16.73","Kota Lubuk Linggau","16.73.06","Lubuk Linggau Barat II","16.73.06.1006","Lubuklinggau Ilir"
"16","Sumatera Selatan","16.73","Kota Lubuk Linggau","16.73.06","Lubuk Linggau Barat II","16.73.06.1007","Lubuklinggau Ulu"
"16","Sumatera Selatan","16.73","Kota Lubuk Linggau","16.73.06","Lubuk Linggau Barat II","16.73.06.1008","Pasar Permiri"
"16","Sumatera Selatan","16.73","Kota Lubuk Linggau","16.73.07","Lubuk Linggau Selatan II","16.73.07.1001","Tanah Periuk"
"16","Sumatera Selatan","16.73","Kota Lubuk Linggau","16.73.07","Lubuk Linggau Selatan II","16.73.07.1002","Simpang Periuk"
"16","Sumatera Selatan","16.73","Kota Lubuk Linggau","16.73.07","Lubuk Linggau Selatan II","16.73.07.1003","Karang Ketuan"
"16","Sumatera Selatan","16.73","Kota Lubuk Linggau","16.73.07","Lubuk Linggau Selatan II","16.73.07.1004","Siring Agung"
"16","Sumatera Selatan","16.73","Kota Lubuk Linggau","16.73.07","Lubuk Linggau Selatan II","16.73.07.1005","Eka Marga"
"16","Sumatera Selatan","16.73","Kota Lubuk Linggau","16.73.07","Lubuk Linggau Selatan II","16.73.07.1006","Marga Mulya"
"16","Sumatera Selatan","16.73","Kota Lubuk Linggau","16.73.07","Lubuk Linggau Selatan II","16.73.07.1007","Marga Rahayu"
"16","Sumatera Selatan","16.73","Kota Lubuk Linggau","16.73.07","Lubuk Linggau Selatan II","16.73.07.1008","Taba Pingin"
"16","Sumatera Selatan","16.73","Kota Lubuk Linggau","16.73.07","Lubuk Linggau Selatan II","16.73.07.1009","Moneng Sepati"
"16","Sumatera Selatan","16.73","Kota Lubuk Linggau","16.73.08","Lubuk Linggau Utara II","16.73.08.1001","Batu Urip"
"16","Sumatera Selatan","16.73","Kota Lubuk Linggau","16.73.08","Lubuk Linggau Utara II","16.73.08.1002","Ulak Surung"
"16","Sumatera Selatan","16.73","Kota Lubuk Linggau","16.73.08","Lubuk Linggau Utara II","16.73.08.1003","Kenanga"
"16","Sumatera Selatan","16.73","Kota Lubuk Linggau","16.73.08","Lubuk Linggau Utara II","16.73.08.1004","Pasar Satelit"
"16","Sumatera Selatan","16.73","Kota Lubuk Linggau","16.73.08","Lubuk Linggau Utara II","16.73.08.1005","Senalang"
"16","Sumatera Selatan","16.73","Kota Lubuk Linggau","16.73.08","Lubuk Linggau Utara II","16.73.08.1006","Megang"
"16","Sumatera Selatan","16.73","Kota Lubuk Linggau","16.73.08","Lubuk Linggau Utara II","16.73.08.1007","Jogoboyo"
"16","Sumatera Selatan","16.73","Kota Lubuk Linggau","16.73.08","Lubuk Linggau Utara II","16.73.08.1008","Puncak Kemuning"
"16","Sumatera Selatan","16.73","Kota Lubuk Linggau","16.73.08","Lubuk Linggau Utara II","16.73.08.1009","Ponorogo"
"16","Sumatera Selatan","16.73","Kota Lubuk Linggau","16.73.08","Lubuk Linggau Utara II","16.73.08.1010","Kali Serayu"
"16","Sumatera Selatan","16.74","Kota Prabumulih","16.74.01","Prabumulih Barat","16.74.01.1001","Prabumulih"
"16","Sumatera Selatan","16.74","Kota Prabumulih","16.74.01","Prabumulih Barat","16.74.01.1007","Patih Galung"
"16","Sumatera Selatan","16.74","Kota Prabumulih","16.74.01","Prabumulih Barat","16.74.01.1009","Muntang Tapus"
"16","Sumatera Selatan","16.74","Kota Prabumulih","16.74.01","Prabumulih Barat","16.74.01.1011","Gunung Kemala"
"16","Sumatera Selatan","16.74","Kota Prabumulih","16.74.01","Prabumulih Barat","16.74.01.1012","Payuputat"
"16","Sumatera Selatan","16.74","Kota Prabumulih","16.74.01","Prabumulih Barat","16.74.01.1014","Tebing Tanah Puteh"
"16","Sumatera Selatan","16.74","Kota Prabumulih","16.74.01","Prabumulih Barat","16.74.01.2013","Tanjung Telang"
"16","Sumatera Selatan","16.74","Kota Prabumulih","16.74.02","Prabumulih Timur","16.74.02.1003","Karang Raja"
"16","Sumatera Selatan","16.74","Kota Prabumulih","16.74.02","Prabumulih Timur","16.74.02.1004","Tugu Kecil"
"16","Sumatera Selatan","16.74","Kota Prabumulih","16.74.02","Prabumulih Timur","16.74.02.1005","Prabu Jaya"
"16","Sumatera Selatan","16.74","Kota Prabumulih","16.74.02","Prabumulih Timur","16.74.02.1006","Muara Dua"
"16","Sumatera Selatan","16.74","Kota Prabumulih","16.74.02","Prabumulih Timur","16.74.02.1007","Gunung Ibul"
"16","Sumatera Selatan","16.74","Kota Prabumulih","16.74.02","Prabumulih Timur","16.74.02.1008","Gunung Ibul Barat"
"16","Sumatera Selatan","16.74","Kota Prabumulih","16.74.02","Prabumulih Timur","16.74.02.1009","Sukajadi"
"16","Sumatera Selatan","16.74","Kota Prabumulih","16.74.02","Prabumulih Timur","16.74.02.1010","Karang Jaya"
"16","Sumatera Selatan","16.74","Kota Prabumulih","16.74.02","Prabumulih Timur","16.74.02.1011","Muara Dua Barat"
"16","Sumatera Selatan","16.74","Kota Prabumulih","16.74.02","Prabumulih Timur","16.74.02.1012","Gunung Ibul Timur"
"16","Sumatera Selatan","16.74","Kota Prabumulih","16.74.02","Prabumulih Timur","16.74.02.1013","Gunung Ibul Selatan"
"16","Sumatera Selatan","16.74","Kota Prabumulih","16.74.02","Prabumulih Timur","16.74.02.1014","Gunung Ibul Utara"
"16","Sumatera Selatan","16.74","Kota Prabumulih","16.74.02","Prabumulih Timur","16.74.02.1015","Arimbi Jaya"
"16","Sumatera Selatan","16.74","Kota Prabumulih","16.74.03","Cambai","16.74.03.1001","Cambai"
"16","Sumatera Selatan","16.74","Kota Prabumulih","16.74.03","Cambai","16.74.03.1002","Sindur"
"16","Sumatera Selatan","16.74","Kota Prabumulih","16.74.03","Cambai","16.74.03.1005","Sungai Medang"
"16","Sumatera Selatan","16.74","Kota Prabumulih","16.74.03","Cambai","16.74.03.2003","Pangkul"
"16","Sumatera Selatan","16.74","Kota Prabumulih","16.74.03","Cambai","16.74.03.2004","Muara Sungai"
"16","Sumatera Selatan","16.74","Kota Prabumulih","16.74.04","Rambang Kapak Tengah","16.74.04.1001","Tanjung Rambang"
"16","Sumatera Selatan","16.74","Kota Prabumulih","16.74.04","Rambang Kapak Tengah","16.74.04.2003","Karya Mulya"
"16","Sumatera Selatan","16.74","Kota Prabumulih","16.74.04","Rambang Kapak Tengah","16.74.04.2005","Rambang Senuling"
"16","Sumatera Selatan","16.74","Kota Prabumulih","16.74.04","Rambang Kapak Tengah","16.74.04.2006","Jungai"
"16","Sumatera Selatan","16.74","Kota Prabumulih","16.74.04","Rambang Kapak Tengah","16.74.04.2007","Talang Batu"
"16","Sumatera Selatan","16.74","Kota Prabumulih","16.74.04","Rambang Kapak Tengah","16.74.04.2008","Karangan"
"16","Sumatera Selatan","16.74","Kota Prabumulih","16.74.04","Rambang Kapak Tengah","16.74.04.2009","Karang Bindu"
"16","Sumatera Selatan","16.74","Kota Prabumulih","16.74.04","Rambang Kapak Tengah","16.74.04.2010","Sinar Rambang"
"16","Sumatera Selatan","16.74","Kota Prabumulih","16.74.04","Rambang Kapak Tengah","16.74.04.2011","Kemang Tanduk"
"16","Sumatera Selatan","16.74","Kota Prabumulih","16.74.05","Prabumulih Utara","16.74.05.1001","Pasar Prabumulih I"
"16","Sumatera Selatan","16.74","Kota Prabumulih","16.74.05","Prabumulih Utara","16.74.05.1002","Pasar Prabumulih II"
"16","Sumatera Selatan","16.74","Kota Prabumulih","16.74.05","Prabumulih Utara","16.74.05.1003","Wonosari"
"16","Sumatera Selatan","16.74","Kota Prabumulih","16.74.05","Prabumulih Utara","16.74.05.1004","Mangga Besar"
"16","Sumatera Selatan","16.74","Kota Prabumulih","16.74.05","Prabumulih Utara","16.74.05.1005","Anak Petai"
"16","Sumatera Selatan","16.74","Kota Prabumulih","16.74.05","Prabumulih Utara","16.74.05.1006","Sidomulyo"
"16","Sumatera Selatan","16.74","Kota Prabumulih","16.74.05","Prabumulih Utara","16.74.05.1007","Sidogede"
"16","Sumatera Selatan","16.74","Kota Prabumulih","16.74.06","Prabumulih Selatan","16.74.06.1001","Majasari"
"16","Sumatera Selatan","16.74","Kota Prabumulih","16.74.06","Prabumulih Selatan","16.74.06.1002","Tanjung Raman"
"16","Sumatera Selatan","16.74","Kota Prabumulih","16.74.06","Prabumulih Selatan","16.74.06.1003","Sukaraja"
"16","Sumatera Selatan","16.74","Kota Prabumulih","16.74.06","Prabumulih Selatan","16.74.06.2004","Tanjung Menang"
