province_code,province_name,regency_code,regency_name,district_code,district_name,village_code,village_name
"33","Jawa Tengah","33.01","Kabupaten Cilacap","33.01.01","Kedungreja","33.01.01.2001","Tambakreja"
"33","Jawa Tengah","33.01","Kabupaten Cilacap","33.01.01","Kedungreja","33.01.01.2002","Bumireja"
"33","Jawa Tengah","33.01","Kabupaten Cilacap","33.01.01","Kedungreja","33.01.01.2003","Ciklapa"
"33","Jawa Tengah","33.01","Kabupaten Cilacap","33.01.01","Kedungreja","33.01.01.2004","Kedungreja"
"33","Jawa Tengah","33.01","Kabupaten Cilacap","33.01.01","Kedungreja","33.01.01.2005","Tambaksari"
"33","Jawa Tengah","33.01","Kabupaten Cilacap","33.01.01","Kedungreja","33.01.01.2006","Rejamulya"
"33","Jawa Tengah","33.01","Kabupaten Cilacap","33.01.01","Kedungreja","33.01.01.2007","Sidanegara"
"33","Jawa Tengah","33.01","Kabupaten Cilacap","33.01.01","Kedungreja","33.01.01.2008","Kaliwungu"
"33","Jawa Tengah","33.01","Kabupaten Cilacap","33.01.01","Kedungreja","33.01.01.2009","Jatisari"
"33","Jawa Tengah","33.01","Kabupaten Cilacap","33.01.01","Kedungreja","33.01.01.2010","Bangunreja"
"33","Jawa Tengah","33.01","Kabupaten Cilacap","33.01.01","Kedungreja","33.01.01.2011","Bojongsari"
"33","Jawa Tengah","33.01","Kabupaten Cilacap","33.01.02","Kesugihan","33.01.02.2001","Menganti"
"33","Jawa Tengah","33.01","Kabupaten Cilacap","33.01.02","Kesugihan","33.01.02.2002","Slarang"
"33","Jawa Tengah","33.01","Kabupaten Cilacap","33.01.02","Kesugihan","33.01.02.2003","Kesugihan"
"33","Jawa Tengah","33.01","Kabupaten Cilacap","33.01.02","Kesugihan","33.01.02.2004","Kalisabuk"
"33","Jawa Tengah","33.01","Kabupaten Cilacap","33.01.02","Kesugihan","33.01.02.2005","Karangkandri"
"33","Jawa Tengah","33.01","Kabupaten Cilacap","33.01.02","Kesugihan","33.01.02.2006","Kuripan"
"33","Jawa Tengah","33.01","Kabupaten Cilacap","33.01.02","Kesugihan","33.01.02.2007","Dondong"
"33","Jawa Tengah","33.01","Kabupaten Cilacap","33.01.02","Kesugihan","33.01.02.2008","Planjan"
"33","Jawa Tengah","33.01","Kabupaten Cilacap","33.01.02","Kesugihan","33.01.02.2009","Ciwuni"
"33","Jawa Tengah","33.01","Kabupaten Cilacap","33.01.02","Kesugihan","33.01.02.2010","Karangjengkol"
"33","Jawa Tengah","33.01","Kabupaten Cilacap","33.01.02","Kesugihan","33.01.02.2011","Keleng"
"33","Jawa Tengah","33.01","Kabupaten Cilacap","33.01.02","Kesugihan","33.01.02.2012","Pesanggrahan"
"33","Jawa Tengah","33.01","Kabupaten Cilacap","33.01.02","Kesugihan","33.01.02.2013","Bulupayung"
"33","Jawa Tengah","33.01","Kabupaten Cilacap","33.01.02","Kesugihan","33.01.02.2014","Kuripan Kidul"
"33","Jawa Tengah","33.01","Kabupaten Cilacap","33.01.02","Kesugihan","33.01.02.2015","Jangrana"
"33","Jawa Tengah","33.01","Kabupaten Cilacap","33.01.02","Kesugihan","33.01.02.2016","Kesugihan Kidul"
"33","Jawa Tengah","33.01","Kabupaten Cilacap","33.01.03","Adipala","33.01.03.2001","Welahan Wetan"
"33","Jawa Tengah","33.01","Kabupaten Cilacap","33.01.03","Adipala","33.01.03.2002","Glempangpasir"
"33","Jawa Tengah","33.01","Kabupaten Cilacap","33.01.03","Adipala","33.01.03.2003","Pedasong"
"33","Jawa Tengah","33.01","Kabupaten Cilacap","33.01.03","Adipala","33.01.03.2004","Karangbenda"
"33","Jawa Tengah","33.01","Kabupaten Cilacap","33.01.03","Adipala","33.01.03.2005","Karanganyar"
"33","Jawa Tengah","33.01","Kabupaten Cilacap","33.01.03","Adipala","33.01.03.2006","Bunton"
"33","Jawa Tengah","33.01","Kabupaten Cilacap","33.01.03","Adipala","33.01.03.2007","Wlahar"
"33","Jawa Tengah","33.01","Kabupaten Cilacap","33.01.03","Adipala","33.01.03.2008","Penggalang"
"33","Jawa Tengah","33.01","Kabupaten Cilacap","33.01.03","Adipala","33.01.03.2009","Adipala"
"33","Jawa Tengah","33.01","Kabupaten Cilacap","33.01.03","Adipala","33.01.03.2010","Adireja Kulon"
"33","Jawa Tengah","33.01","Kabupaten Cilacap","33.01.03","Adipala","33.01.03.2011","Adireja Wetan"
"33","Jawa Tengah","33.01","Kabupaten Cilacap","33.01.03","Adipala","33.01.03.2012","Adiraja"
"33","Jawa Tengah","33.01","Kabupaten Cilacap","33.01.03","Adipala","33.01.03.2013","Doplang"
"33","Jawa Tengah","33.01","Kabupaten Cilacap","33.01.03","Adipala","33.01.03.2014","Kalikudi"
"33","Jawa Tengah","33.01","Kabupaten Cilacap","33.01.03","Adipala","33.01.03.2015","Karangsari"
"33","Jawa Tengah","33.01","Kabupaten Cilacap","33.01.03","Adipala","33.01.03.2016","Gombolharjo"
"33","Jawa Tengah","33.01","Kabupaten Cilacap","33.01.04","Binangun","33.01.04.2001","Jati"
"33","Jawa Tengah","33.01","Kabupaten Cilacap","33.01.04","Binangun","33.01.04.2002","Kepudang"
"33","Jawa Tengah","33.01","Kabupaten Cilacap","33.01.04","Binangun","33.01.04.2003","Jepara Kulon"
"33","Jawa Tengah","33.01","Kabupaten Cilacap","33.01.04","Binangun","33.01.04.2004","Widarapayung Kulon"
"33","Jawa Tengah","33.01","Kabupaten Cilacap","33.01.04","Binangun","33.01.04.2005","Jepara Wetan"
"33","Jawa Tengah","33.01","Kabupaten Cilacap","33.01.04","Binangun","33.01.04.2006","Bangkal"
"33","Jawa Tengah","33.01","Kabupaten Cilacap","33.01.04","Binangun","33.01.04.2007","Binangun"
"33","Jawa Tengah","33.01","Kabupaten Cilacap","33.01.04","Binangun","33.01.04.2008","Widarapayung Wetan"
"33","Jawa Tengah","33.01","Kabupaten Cilacap","33.01.04","Binangun","33.01.04.2009","Alangamba"
"33","Jawa Tengah","33.01","Kabupaten Cilacap","33.01.04","Binangun","33.01.04.2010","Pasuruhan"
"33","Jawa Tengah","33.01","Kabupaten Cilacap","33.01.04","Binangun","33.01.04.2011","Sidaurip"
"33","Jawa Tengah","33.01","Kabupaten Cilacap","33.01.04","Binangun","33.01.04.2012","Pagubugan"
"33","Jawa Tengah","33.01","Kabupaten Cilacap","33.01.04","Binangun","33.01.04.2013","Pesawahan"
"33","Jawa Tengah","33.01","Kabupaten Cilacap","33.01.04","Binangun","33.01.04.2014","Kemojing"
"33","Jawa Tengah","33.01","Kabupaten Cilacap","33.01.04","Binangun","33.01.04.2015","Karangnangka"
"33","Jawa Tengah","33.01","Kabupaten Cilacap","33.01.04","Binangun","33.01.04.2016","Sidayu"
"33","Jawa Tengah","33.01","Kabupaten Cilacap","33.01.04","Binangun","33.01.04.2017","Pagubugan Kulon"
"33","Jawa Tengah","33.01","Kabupaten Cilacap","33.01.05","Nusawungu","33.01.05.2001","Karangtawang"
"33","Jawa Tengah","33.01","Kabupaten Cilacap","33.01.05","Nusawungu","33.01.05.2002","Karangpakis"
"33","Jawa Tengah","33.01","Kabupaten Cilacap","33.01.05","Nusawungu","33.01.05.2003","Banjarsari"
"33","Jawa Tengah","33.01","Kabupaten Cilacap","33.01.05","Nusawungu","33.01.05.2004","Jetis"
"33","Jawa Tengah","33.01","Kabupaten Cilacap","33.01.05","Nusawungu","33.01.05.2005","Banjareja"
"33","Jawa Tengah","33.01","Kabupaten Cilacap","33.01.05","Nusawungu","33.01.05.2006","Kedungbenda"
"33","Jawa Tengah","33.01","Kabupaten Cilacap","33.01.05","Nusawungu","33.01.05.2007","Klumprit"
"33","Jawa Tengah","33.01","Kabupaten Cilacap","33.01.05","Nusawungu","33.01.05.2008","Karangsembung"
"33","Jawa Tengah","33.01","Kabupaten Cilacap","33.01.05","Nusawungu","33.01.05.2009","Purwodadi"
"33","Jawa Tengah","33.01","Kabupaten Cilacap","33.01.05","Nusawungu","33.01.05.2010","Nusawangkal"
"33","Jawa Tengah","33.01","Kabupaten Cilacap","33.01.05","Nusawungu","33.01.05.2011","Karangputat"
"33","Jawa Tengah","33.01","Kabupaten Cilacap","33.01.05","Nusawungu","33.01.05.2012","Banjarwaru"
"33","Jawa Tengah","33.01","Kabupaten Cilacap","33.01.05","Nusawungu","33.01.05.2013","Danasri Kidul"
"33","Jawa Tengah","33.01","Kabupaten Cilacap","33.01.05","Nusawungu","33.01.05.2014","Nusawungu"
"33","Jawa Tengah","33.01","Kabupaten Cilacap","33.01.05","Nusawungu","33.01.05.2015","Danasri Lor"
"33","Jawa Tengah","33.01","Kabupaten Cilacap","33.01.05","Nusawungu","33.01.05.2016","Danasri"
"33","Jawa Tengah","33.01","Kabupaten Cilacap","33.01.05","Nusawungu","33.01.05.2017","Sikanco"
"33","Jawa Tengah","33.01","Kabupaten Cilacap","33.01.06","Kroya","33.01.06.2001","Sikampuh"
"33","Jawa Tengah","33.01","Kabupaten Cilacap","33.01.06","Kroya","33.01.06.2002","Pekuncen"
"33","Jawa Tengah","33.01","Kabupaten Cilacap","33.01.06","Kroya","33.01.06.2003","Ayamalas"
"33","Jawa Tengah","33.01","Kabupaten Cilacap","33.01.06","Kroya","33.01.06.2004","Pesanggrahan"
"33","Jawa Tengah","33.01","Kabupaten Cilacap","33.01.06","Kroya","33.01.06.2005","Kroya"
"33","Jawa Tengah","33.01","Kabupaten Cilacap","33.01.06","Kroya","33.01.06.2006","Karangmangu"
"33","Jawa Tengah","33.01","Kabupaten Cilacap","33.01.06","Kroya","33.01.06.2007","Pucung Kidul"
"33","Jawa Tengah","33.01","Kabupaten Cilacap","33.01.06","Kroya","33.01.06.2008","Mergawati"
"33","Jawa Tengah","33.01","Kabupaten Cilacap","33.01.06","Kroya","33.01.06.2009","Pucung Lor"
"33","Jawa Tengah","33.01","Kabupaten Cilacap","33.01.06","Kroya","33.01.06.2010","Bajing"
"33","Jawa Tengah","33.01","Kabupaten Cilacap","33.01.06","Kroya","33.01.06.2011","Gentasari"
"33","Jawa Tengah","33.01","Kabupaten Cilacap","33.01.06","Kroya","33.01.06.2012","Kedawung"
"33","Jawa Tengah","33.01","Kabupaten Cilacap","33.01.06","Kroya","33.01.06.2013","Mujur"
"33","Jawa Tengah","33.01","Kabupaten Cilacap","33.01.06","Kroya","33.01.06.2014","Buntu"
"33","Jawa Tengah","33.01","Kabupaten Cilacap","33.01.06","Kroya","33.01.06.2015","Karangturi"
"33","Jawa Tengah","33.01","Kabupaten Cilacap","33.01.06","Kroya","33.01.06.2016","Bajing Kulon"
"33","Jawa Tengah","33.01","Kabupaten Cilacap","33.01.06","Kroya","33.01.06.2017","Mujur Lor"
"33","Jawa Tengah","33.01","Kabupaten Cilacap","33.01.07","Maos","33.01.07.2001","Karangkemiri"
"33","Jawa Tengah","33.01","Kabupaten Cilacap","33.01.07","Maos","33.01.07.2002","Karangrena"
"33","Jawa Tengah","33.01","Kabupaten Cilacap","33.01.07","Maos","33.01.07.2003","Maos Kidul"
"33","Jawa Tengah","33.01","Kabupaten Cilacap","33.01.07","Maos","33.01.07.2004","Maos Lor"
"33","Jawa Tengah","33.01","Kabupaten Cilacap","33.01.07","Maos","33.01.07.2005","Kalijaran"
"33","Jawa Tengah","33.01","Kabupaten Cilacap","33.01.07","Maos","33.01.07.2006","Mernek"
"33","Jawa Tengah","33.01","Kabupaten Cilacap","33.01.07","Maos","33.01.07.2007","Panisihan"
"33","Jawa Tengah","33.01","Kabupaten Cilacap","33.01.07","Maos","33.01.07.2008","Glempang"
"33","Jawa Tengah","33.01","Kabupaten Cilacap","33.01.07","Maos","33.01.07.2009","Karangreja"
"33","Jawa Tengah","33.01","Kabupaten Cilacap","33.01.07","Maos","33.01.07.2010","Klapagada"
"33","Jawa Tengah","33.01","Kabupaten Cilacap","33.01.08","Jeruklegi","33.01.08.2001","Tritih Wetan"
"33","Jawa Tengah","33.01","Kabupaten Cilacap","33.01.08","Jeruklegi","33.01.08.2002","Sumingkir"
"33","Jawa Tengah","33.01","Kabupaten Cilacap","33.01.08","Jeruklegi","33.01.08.2003","Jeruklegi Wetan"
"33","Jawa Tengah","33.01","Kabupaten Cilacap","33.01.08","Jeruklegi","33.01.08.2004","Brebeg"
"33","Jawa Tengah","33.01","Kabupaten Cilacap","33.01.08","Jeruklegi","33.01.08.2005","Jeruklegi Kulon"
"33","Jawa Tengah","33.01","Kabupaten Cilacap","33.01.08","Jeruklegi","33.01.08.2006","Cilibang"
"33","Jawa Tengah","33.01","Kabupaten Cilacap","33.01.08","Jeruklegi","33.01.08.2007","Mandala"
"33","Jawa Tengah","33.01","Kabupaten Cilacap","33.01.08","Jeruklegi","33.01.08.2008","Karangkemiri"
"33","Jawa Tengah","33.01","Kabupaten Cilacap","33.01.08","Jeruklegi","33.01.08.2009","Jambusari"
"33","Jawa Tengah","33.01","Kabupaten Cilacap","33.01.08","Jeruklegi","33.01.08.2010","Prapagan"
"33","Jawa Tengah","33.01","Kabupaten Cilacap","33.01.08","Jeruklegi","33.01.08.2011","Sawangan"
"33","Jawa Tengah","33.01","Kabupaten Cilacap","33.01.08","Jeruklegi","33.01.08.2012","Citepus"
"33","Jawa Tengah","33.01","Kabupaten Cilacap","33.01.08","Jeruklegi","33.01.08.2013","Tritih Lor"
"33","Jawa Tengah","33.01","Kabupaten Cilacap","33.01.09","Kawunganten","33.01.09.2001","Grugu"
"33","Jawa Tengah","33.01","Kabupaten Cilacap","33.01.09","Kawunganten","33.01.09.2002","Bringkeng"
"33","Jawa Tengah","33.01","Kabupaten Cilacap","33.01.09","Kawunganten","33.01.09.2003","Ujungmanik"
"33","Jawa Tengah","33.01","Kabupaten Cilacap","33.01.09","Kawunganten","33.01.09.2004","Kubangkangkung"
"33","Jawa Tengah","33.01","Kabupaten Cilacap","33.01.09","Kawunganten","33.01.09.2005","Bojong"
"33","Jawa Tengah","33.01","Kabupaten Cilacap","33.01.09","Kawunganten","33.01.09.2006","Mentasan"
"33","Jawa Tengah","33.01","Kabupaten Cilacap","33.01.09","Kawunganten","33.01.09.2007","Kalijeruk"
"33","Jawa Tengah","33.01","Kabupaten Cilacap","33.01.09","Kawunganten","33.01.09.2008","Kawunganten"
"33","Jawa Tengah","33.01","Kabupaten Cilacap","33.01.09","Kawunganten","33.01.09.2009","Sarwadadi"
"33","Jawa Tengah","33.01","Kabupaten Cilacap","33.01.09","Kawunganten","33.01.09.2010","Kawunganten Lor"
"33","Jawa Tengah","33.01","Kabupaten Cilacap","33.01.09","Kawunganten","33.01.09.2014","Babakan"
"33","Jawa Tengah","33.01","Kabupaten Cilacap","33.01.09","Kawunganten","33.01.09.2015","Sidaurip"
"33","Jawa Tengah","33.01","Kabupaten Cilacap","33.01.10","Gandrungmangu","33.01.10.2001","Gandrungmangu"
"33","Jawa Tengah","33.01","Kabupaten Cilacap","33.01.10","Gandrungmangu","33.01.10.2002","Gandrungmanis"
"33","Jawa Tengah","33.01","Kabupaten Cilacap","33.01.10","Gandrungmangu","33.01.10.2003","Cisumur"
"33","Jawa Tengah","33.01","Kabupaten Cilacap","33.01.10","Gandrungmangu","33.01.10.2004","Karanganyar"
"33","Jawa Tengah","33.01","Kabupaten Cilacap","33.01.10","Gandrungmangu","33.01.10.2005","Cinangsi"
"33","Jawa Tengah","33.01","Kabupaten Cilacap","33.01.10","Gandrungmangu","33.01.10.2006","Karanggintung"
"33","Jawa Tengah","33.01","Kabupaten Cilacap","33.01.10","Gandrungmangu","33.01.10.2007","Rungkang"
"33","Jawa Tengah","33.01","Kabupaten Cilacap","33.01.10","Gandrungmangu","33.01.10.2008","Sidaurip"
"33","Jawa Tengah","33.01","Kabupaten Cilacap","33.01.10","Gandrungmangu","33.01.10.2009","Gintungreja"
"33","Jawa Tengah","33.01","Kabupaten Cilacap","33.01.10","Gandrungmangu","33.01.10.2010","Layansari"
"33","Jawa Tengah","33.01","Kabupaten Cilacap","33.01.10","Gandrungmangu","33.01.10.2011","Bulusari"
"33","Jawa Tengah","33.01","Kabupaten Cilacap","33.01.10","Gandrungmangu","33.01.10.2012","Muktisari"
"33","Jawa Tengah","33.01","Kabupaten Cilacap","33.01.10","Gandrungmangu","33.01.10.2013","Wringinharjo"
"33","Jawa Tengah","33.01","Kabupaten Cilacap","33.01.10","Gandrungmangu","33.01.10.2014","Kertajaya"
"33","Jawa Tengah","33.01","Kabupaten Cilacap","33.01.11","Sidareja","33.01.11.2001","Tinggarjaya"
"33","Jawa Tengah","33.01","Kabupaten Cilacap","33.01.11","Sidareja","33.01.11.2002","Sidareja"
"33","Jawa Tengah","33.01","Kabupaten Cilacap","33.01.11","Sidareja","33.01.11.2003","Sidamulya"
"33","Jawa Tengah","33.01","Kabupaten Cilacap","33.01.11","Sidareja","33.01.11.2004","Kunci"
"33","Jawa Tengah","33.01","Kabupaten Cilacap","33.01.11","Sidareja","33.01.11.2005","Karanggedang"
"33","Jawa Tengah","33.01","Kabupaten Cilacap","33.01.11","Sidareja","33.01.11.2006","Penyarang"
"33","Jawa Tengah","33.01","Kabupaten Cilacap","33.01.11","Sidareja","33.01.11.2007","Tegalsari"
"33","Jawa Tengah","33.01","Kabupaten Cilacap","33.01.11","Sidareja","33.01.11.2008","Margasari"
"33","Jawa Tengah","33.01","Kabupaten Cilacap","33.01.11","Sidareja","33.01.11.2009","Gunungreja"
"33","Jawa Tengah","33.01","Kabupaten Cilacap","33.01.11","Sidareja","33.01.11.2010","Sudagaran"
"33","Jawa Tengah","33.01","Kabupaten Cilacap","33.01.12","Karangpucung","33.01.12.2001","Cidadap"
"33","Jawa Tengah","33.01","Kabupaten Cilacap","33.01.12","Karangpucung","33.01.12.2002","Pangawaren"
"33","Jawa Tengah","33.01","Kabupaten Cilacap","33.01.12","Karangpucung","33.01.12.2003","Gunungtelu"
"33","Jawa Tengah","33.01","Kabupaten Cilacap","33.01.12","Karangpucung","33.01.12.2004","Sindangbarang"
"33","Jawa Tengah","33.01","Kabupaten Cilacap","33.01.12","Karangpucung","33.01.12.2005","Karangpucung"
"33","Jawa Tengah","33.01","Kabupaten Cilacap","33.01.12","Karangpucung","33.01.12.2006","Ciporos"
"33","Jawa Tengah","33.01","Kabupaten Cilacap","33.01.12","Karangpucung","33.01.12.2007","Tayem"
"33","Jawa Tengah","33.01","Kabupaten Cilacap","33.01.12","Karangpucung","33.01.12.2008","Bengbulang"
"33","Jawa Tengah","33.01","Kabupaten Cilacap","33.01.12","Karangpucung","33.01.12.2009","Surusunda"
"33","Jawa Tengah","33.01","Kabupaten Cilacap","33.01.12","Karangpucung","33.01.12.2010","Babakan"
"33","Jawa Tengah","33.01","Kabupaten Cilacap","33.01.12","Karangpucung","33.01.12.2011","Ciruyung"
"33","Jawa Tengah","33.01","Kabupaten Cilacap","33.01.12","Karangpucung","33.01.12.2012","Pamulihan"
"33","Jawa Tengah","33.01","Kabupaten Cilacap","33.01.12","Karangpucung","33.01.12.2013","Tayem Timur"
"33","Jawa Tengah","33.01","Kabupaten Cilacap","33.01.12","Karangpucung","33.01.12.2014","Sidamulya"
"33","Jawa Tengah","33.01","Kabupaten Cilacap","33.01.13","Cimanggu","33.01.13.2001","Panimbang"
"33","Jawa Tengah","33.01","Kabupaten Cilacap","33.01.13","Cimanggu","33.01.13.2002","Bantarmangu"
"33","Jawa Tengah","33.01","Kabupaten Cilacap","33.01.13","Cimanggu","33.01.13.2003","Bantarpanjang"
"33","Jawa Tengah","33.01","Kabupaten Cilacap","33.01.13","Cimanggu","33.01.13.2004","Cimanggu"
"33","Jawa Tengah","33.01","Kabupaten Cilacap","33.01.13","Cimanggu","33.01.13.2005","Cilempuyang"
"33","Jawa Tengah","33.01","Kabupaten Cilacap","33.01.13","Cimanggu","33.01.13.2006","Negarajati"
"33","Jawa Tengah","33.01","Kabupaten Cilacap","33.01.13","Cimanggu","33.01.13.2007","Cisalak"
"33","Jawa Tengah","33.01","Kabupaten Cilacap","33.01.13","Cimanggu","33.01.13.2008","Cibalung"
"33","Jawa Tengah","33.01","Kabupaten Cilacap","33.01.13","Cimanggu","33.01.13.2009","Karangsari"
"33","Jawa Tengah","33.01","Kabupaten Cilacap","33.01.13","Cimanggu","33.01.13.2010","Kutabima"
"33","Jawa Tengah","33.01","Kabupaten Cilacap","33.01.13","Cimanggu","33.01.13.2011","Pesahangan"
"33","Jawa Tengah","33.01","Kabupaten Cilacap","33.01.13","Cimanggu","33.01.13.2012","Cijati"
"33","Jawa Tengah","33.01","Kabupaten Cilacap","33.01.13","Cimanggu","33.01.13.2013","Karangreja"
"33","Jawa Tengah","33.01","Kabupaten Cilacap","33.01.13","Cimanggu","33.01.13.2014","Rejodadi"
"33","Jawa Tengah","33.01","Kabupaten Cilacap","33.01.13","Cimanggu","33.01.13.2015","Mandala"
"33","Jawa Tengah","33.01","Kabupaten Cilacap","33.01.14","Majenang","33.01.14.2001","Pahonjean"
"33","Jawa Tengah","33.01","Kabupaten Cilacap","33.01.14","Majenang","33.01.14.2002","Salebu"
"33","Jawa Tengah","33.01","Kabupaten Cilacap","33.01.14","Majenang","33.01.14.2003","Cibeunying"
"33","Jawa Tengah","33.01","Kabupaten Cilacap","33.01.14","Majenang","33.01.14.2004","Jenang"
"33","Jawa Tengah","33.01","Kabupaten Cilacap","33.01.14","Majenang","33.01.14.2005","Sindangsari"
"33","Jawa Tengah","33.01","Kabupaten Cilacap","33.01.14","Majenang","33.01.14.2006","Cilopadang"
"33","Jawa Tengah","33.01","Kabupaten Cilacap","33.01.14","Majenang","33.01.14.2007","Bener"
"33","Jawa Tengah","33.01","Kabupaten Cilacap","33.01.14","Majenang","33.01.14.2008","Boja"
"33","Jawa Tengah","33.01","Kabupaten Cilacap","33.01.14","Majenang","33.01.14.2009","Ujungbarang"
"33","Jawa Tengah","33.01","Kabupaten Cilacap","33.01.14","Majenang","33.01.14.2010","Pengadegan"
"33","Jawa Tengah","33.01","Kabupaten Cilacap","33.01.14","Majenang","33.01.14.2011","Sepatnunggal"
"33","Jawa Tengah","33.01","Kabupaten Cilacap","33.01.14","Majenang","33.01.14.2012","Sadabumi"
"33","Jawa Tengah","33.01","Kabupaten Cilacap","33.01.14","Majenang","33.01.14.2013","Sadahayu"
"33","Jawa Tengah","33.01","Kabupaten Cilacap","33.01.14","Majenang","33.01.14.2014","Mulyadadi"
"33","Jawa Tengah","33.01","Kabupaten Cilacap","33.01.14","Majenang","33.01.14.2015","Padangjaya"
"33","Jawa Tengah","33.01","Kabupaten Cilacap","33.01.14","Majenang","33.01.14.2016","Padangsari"
"33","Jawa Tengah","33.01","Kabupaten Cilacap","33.01.14","Majenang","33.01.14.2017","Mulyasari"
"33","Jawa Tengah","33.01","Kabupaten Cilacap","33.01.15","Wanareja","33.01.15.2001","Tarisi"
"33","Jawa Tengah","33.01","Kabupaten Cilacap","33.01.15","Wanareja","33.01.15.2002","Bantar"
"33","Jawa Tengah","33.01","Kabupaten Cilacap","33.01.15","Wanareja","33.01.15.2003","Wanareja"
"33","Jawa Tengah","33.01","Kabupaten Cilacap","33.01.15","Wanareja","33.01.15.2004","Limbangan"
"33","Jawa Tengah","33.01","Kabupaten Cilacap","33.01.15","Wanareja","33.01.15.2005","Malabar"
"33","Jawa Tengah","33.01","Kabupaten Cilacap","33.01.15","Wanareja","33.01.15.2006","Majingklak"
"33","Jawa Tengah","33.01","Kabupaten Cilacap","33.01.15","Wanareja","33.01.15.2007","Madura"
"33","Jawa Tengah","33.01","Kabupaten Cilacap","33.01.15","Wanareja","33.01.15.2008","Tambaksari"
"33","Jawa Tengah","33.01","Kabupaten Cilacap","33.01.15","Wanareja","33.01.15.2009","Palugon"
"33","Jawa Tengah","33.01","Kabupaten Cilacap","33.01.15","Wanareja","33.01.15.2010","Cigintung"
"33","Jawa Tengah","33.01","Kabupaten Cilacap","33.01.15","Wanareja","33.01.15.2011","Jambu"
"33","Jawa Tengah","33.01","Kabupaten Cilacap","33.01.15","Wanareja","33.01.15.2012","Adimulya"
"33","Jawa Tengah","33.01","Kabupaten Cilacap","33.01.15","Wanareja","33.01.15.2013","Sidamulya"
"33","Jawa Tengah","33.01","Kabupaten Cilacap","33.01.15","Wanareja","33.01.15.2014","Cilongkrang"
"33","Jawa Tengah","33.01","Kabupaten Cilacap","33.01.15","Wanareja","33.01.15.2015","Purwasari"
"33","Jawa Tengah","33.01","Kabupaten Cilacap","33.01.15","Wanareja","33.01.15.2016","Madusari"
"33","Jawa Tengah","33.01","Kabupaten Cilacap","33.01.16","Dayeuhluhur","33.01.16.2001","Panulisan"
"33","Jawa Tengah","33.01","Kabupaten Cilacap","33.01.16","Dayeuhluhur","33.01.16.2002","Matenggeng"
"33","Jawa Tengah","33.01","Kabupaten Cilacap","33.01.16","Dayeuhluhur","33.01.16.2003","Ciwalen"
"33","Jawa Tengah","33.01","Kabupaten Cilacap","33.01.16","Dayeuhluhur","33.01.16.2004","Dayeuhluhur"
"33","Jawa Tengah","33.01","Kabupaten Cilacap","33.01.16","Dayeuhluhur","33.01.16.2005","Hanum"
"33","Jawa Tengah","33.01","Kabupaten Cilacap","33.01.16","Dayeuhluhur","33.01.16.2006","Datar"
"33","Jawa Tengah","33.01","Kabupaten Cilacap","33.01.16","Dayeuhluhur","33.01.16.2007","Bingkeng"
"33","Jawa Tengah","33.01","Kabupaten Cilacap","33.01.16","Dayeuhluhur","33.01.16.2008","Bolang"
"33","Jawa Tengah","33.01","Kabupaten Cilacap","33.01.16","Dayeuhluhur","33.01.16.2009","Kutaagung"
"33","Jawa Tengah","33.01","Kabupaten Cilacap","33.01.16","Dayeuhluhur","33.01.16.2010","Cijeruk"
"33","Jawa Tengah","33.01","Kabupaten Cilacap","33.01.16","Dayeuhluhur","33.01.16.2011","Cilumping"
"33","Jawa Tengah","33.01","Kabupaten Cilacap","33.01.16","Dayeuhluhur","33.01.16.2012","Sumpinghayu"
"33","Jawa Tengah","33.01","Kabupaten Cilacap","33.01.16","Dayeuhluhur","33.01.16.2013","Panulisan Barat"
"33","Jawa Tengah","33.01","Kabupaten Cilacap","33.01.16","Dayeuhluhur","33.01.16.2014","Panulisan Timur"
"33","Jawa Tengah","33.01","Kabupaten Cilacap","33.01.17","Sampang","33.01.17.2001","Karangtengah"
"33","Jawa Tengah","33.01","Kabupaten Cilacap","33.01.17","Sampang","33.01.17.2002","Brani"
"33","Jawa Tengah","33.01","Kabupaten Cilacap","33.01.17","Sampang","33.01.17.2003","Sampang"
"33","Jawa Tengah","33.01","Kabupaten Cilacap","33.01.17","Sampang","33.01.17.2004","Sidasari"
"33","Jawa Tengah","33.01","Kabupaten Cilacap","33.01.17","Sampang","33.01.17.2005","Paketingan"
"33","Jawa Tengah","33.01","Kabupaten Cilacap","33.01.17","Sampang","33.01.17.2006","Ketanggung"
"33","Jawa Tengah","33.01","Kabupaten Cilacap","33.01.17","Sampang","33.01.17.2007","Nusajati"
"33","Jawa Tengah","33.01","Kabupaten Cilacap","33.01.17","Sampang","33.01.17.2008","Karangjati"
"33","Jawa Tengah","33.01","Kabupaten Cilacap","33.01.17","Sampang","33.01.17.2009","Paberasan"
"33","Jawa Tengah","33.01","Kabupaten Cilacap","33.01.17","Sampang","33.01.17.2010","Karangasem"
"33","Jawa Tengah","33.01","Kabupaten Cilacap","33.01.18","Cipari","33.01.18.2001","Caruy"
"33","Jawa Tengah","33.01","Kabupaten Cilacap","33.01.18","Cipari","33.01.18.2002","Segaralangu"
"33","Jawa Tengah","33.01","Kabupaten Cilacap","33.01.18","Cipari","33.01.18.2003","Pegadingan"
"33","Jawa Tengah","33.01","Kabupaten Cilacap","33.01.18","Cipari","33.01.18.2004","Cisuru"
"33","Jawa Tengah","33.01","Kabupaten Cilacap","33.01.18","Cipari","33.01.18.2005","Cipari"
"33","Jawa Tengah","33.01","Kabupaten Cilacap","33.01.18","Cipari","33.01.18.2006","Serang"
"33","Jawa Tengah","33.01","Kabupaten Cilacap","33.01.18","Cipari","33.01.18.2007","Mulyadadi"
"33","Jawa Tengah","33.01","Kabupaten Cilacap","33.01.18","Cipari","33.01.18.2008","Mekarsari"
"33","Jawa Tengah","33.01","Kabupaten Cilacap","33.01.18","Cipari","33.01.18.2009","Kutasari"
"33","Jawa Tengah","33.01","Kabupaten Cilacap","33.01.18","Cipari","33.01.18.2010","Karangreja"
"33","Jawa Tengah","33.01","Kabupaten Cilacap","33.01.18","Cipari","33.01.18.2011","Sidasari"
"33","Jawa Tengah","33.01","Kabupaten Cilacap","33.01.19","Patimuan","33.01.19.2001","Patimuan"
"33","Jawa Tengah","33.01","Kabupaten Cilacap","33.01.19","Patimuan","33.01.19.2002","Rawaapu"
"33","Jawa Tengah","33.01","Kabupaten Cilacap","33.01.19","Patimuan","33.01.19.2003","Sidamukti"
"33","Jawa Tengah","33.01","Kabupaten Cilacap","33.01.19","Patimuan","33.01.19.2004","Purwadadi"
"33","Jawa Tengah","33.01","Kabupaten Cilacap","33.01.19","Patimuan","33.01.19.2005","Cinyawang"
"33","Jawa Tengah","33.01","Kabupaten Cilacap","33.01.19","Patimuan","33.01.19.2006","Bulupayung"
"33","Jawa Tengah","33.01","Kabupaten Cilacap","33.01.19","Patimuan","33.01.19.2007","Cimrutu"
"33","Jawa Tengah","33.01","Kabupaten Cilacap","33.01.20","Bantarsari","33.01.20.2001","Binangun"
"33","Jawa Tengah","33.01","Kabupaten Cilacap","33.01.20","Bantarsari","33.01.20.2002","Bantarsari"
"33","Jawa Tengah","33.01","Kabupaten Cilacap","33.01.20","Bantarsari","33.01.20.2003","Cikedondong"
"33","Jawa Tengah","33.01","Kabupaten Cilacap","33.01.20","Bantarsari","33.01.20.2004","Kedungwadas"
"33","Jawa Tengah","33.01","Kabupaten Cilacap","33.01.20","Bantarsari","33.01.20.2005","Citembong"
"33","Jawa Tengah","33.01","Kabupaten Cilacap","33.01.20","Bantarsari","33.01.20.2006","Kamulyan"
"33","Jawa Tengah","33.01","Kabupaten Cilacap","33.01.20","Bantarsari","33.01.20.2007","Rawajaya"
"33","Jawa Tengah","33.01","Kabupaten Cilacap","33.01.20","Bantarsari","33.01.20.2008","Bulaksari"
"33","Jawa Tengah","33.01","Kabupaten Cilacap","33.01.21","Cilacap Selatan","33.01.21.1001","Sidakaya"
"33","Jawa Tengah","33.01","Kabupaten Cilacap","33.01.21","Cilacap Selatan","33.01.21.1002","Cilacap"
"33","Jawa Tengah","33.01","Kabupaten Cilacap","33.01.21","Cilacap Selatan","33.01.21.1003","Tambakreja"
"33","Jawa Tengah","33.01","Kabupaten Cilacap","33.01.21","Cilacap Selatan","33.01.21.1004","Tegalkamulyan"
"33","Jawa Tengah","33.01","Kabupaten Cilacap","33.01.21","Cilacap Selatan","33.01.21.1005","Tegalreja"
"33","Jawa Tengah","33.01","Kabupaten Cilacap","33.01.22","Cilacap Tengah","33.01.22.1001","Lomanis"
"33","Jawa Tengah","33.01","Kabupaten Cilacap","33.01.22","Cilacap Tengah","33.01.22.1002","Gunungsimping"
"33","Jawa Tengah","33.01","Kabupaten Cilacap","33.01.22","Cilacap Tengah","33.01.22.1003","Sidanegara"
"33","Jawa Tengah","33.01","Kabupaten Cilacap","33.01.22","Cilacap Tengah","33.01.22.1004","Donan"
"33","Jawa Tengah","33.01","Kabupaten Cilacap","33.01.22","Cilacap Tengah","33.01.22.1005","Kutawaru"
"33","Jawa Tengah","33.01","Kabupaten Cilacap","33.01.23","Cilacap Utara","33.01.23.1001","Mertasinga"
"33","Jawa Tengah","33.01","Kabupaten Cilacap","33.01.23","Cilacap Utara","33.01.23.1002","Gumilir"
"33","Jawa Tengah","33.01","Kabupaten Cilacap","33.01.23","Cilacap Utara","33.01.23.1003","Karangtalun"
"33","Jawa Tengah","33.01","Kabupaten Cilacap","33.01.23","Cilacap Utara","33.01.23.1004","Tritih Kulon"
"33","Jawa Tengah","33.01","Kabupaten Cilacap","33.01.23","Cilacap Utara","33.01.23.1005","Kebonmanis"
"33","Jawa Tengah","33.01","Kabupaten Cilacap","33.01.24","Kampung Laut","33.01.24.2001","Ujunggagak"
"33","Jawa Tengah","33.01","Kabupaten Cilacap","33.01.24","Kampung Laut","33.01.24.2002","Ujungalang"
"33","Jawa Tengah","33.01","Kabupaten Cilacap","33.01.24","Kampung Laut","33.01.24.2003","Panikel"
"33","Jawa Tengah","33.01","Kabupaten Cilacap","33.01.24","Kampung Laut","33.01.24.2004","Klaces"
"33","Jawa Tengah","33.02","Kabupaten Banyumas","33.02.01","Lumbir","33.02.01.2001","Cirahab"
"33","Jawa Tengah","33.02","Kabupaten Banyumas","33.02.01","Lumbir","33.02.01.2002","Canduk"
"33","Jawa Tengah","33.02","Kabupaten Banyumas","33.02.01","Lumbir","33.02.01.2003","Parungkamal"
"33","Jawa Tengah","33.02","Kabupaten Banyumas","33.02.01","Lumbir","33.02.01.2004","Besuki"
"33","Jawa Tengah","33.02","Kabupaten Banyumas","33.02.01","Lumbir","33.02.01.2005","Karanggayam"
"33","Jawa Tengah","33.02","Kabupaten Banyumas","33.02.01","Lumbir","33.02.01.2006","Cidora"
"33","Jawa Tengah","33.02","Kabupaten Banyumas","33.02.01","Lumbir","33.02.01.2007","Lumbir"
"33","Jawa Tengah","33.02","Kabupaten Banyumas","33.02.01","Lumbir","33.02.01.2008","Dermaji"
"33","Jawa Tengah","33.02","Kabupaten Banyumas","33.02.01","Lumbir","33.02.01.2009","Kedunggede"
"33","Jawa Tengah","33.02","Kabupaten Banyumas","33.02.01","Lumbir","33.02.01.2010","Cingebul"
"33","Jawa Tengah","33.02","Kabupaten Banyumas","33.02.02","Wangon","33.02.02.2001","Randegan"
"33","Jawa Tengah","33.02","Kabupaten Banyumas","33.02.02","Wangon","33.02.02.2002","Rawaheng"
"33","Jawa Tengah","33.02","Kabupaten Banyumas","33.02.02","Wangon","33.02.02.2003","Pengadegan"
"33","Jawa Tengah","33.02","Kabupaten Banyumas","33.02.02","Wangon","33.02.02.2004","Klapagading"
"33","Jawa Tengah","33.02","Kabupaten Banyumas","33.02.02","Wangon","33.02.02.2005","Wangon"
"33","Jawa Tengah","33.02","Kabupaten Banyumas","33.02.02","Wangon","33.02.02.2006","Banteran"
"33","Jawa Tengah","33.02","Kabupaten Banyumas","33.02.02","Wangon","33.02.02.2007","Jambu"
"33","Jawa Tengah","33.02","Kabupaten Banyumas","33.02.02","Wangon","33.02.02.2008","Jurangbahas"
"33","Jawa Tengah","33.02","Kabupaten Banyumas","33.02.02","Wangon","33.02.02.2009","Cikakak"
"33","Jawa Tengah","33.02","Kabupaten Banyumas","33.02.02","Wangon","33.02.02.2010","Wlahar"
"33","Jawa Tengah","33.02","Kabupaten Banyumas","33.02.02","Wangon","33.02.02.2011","Windunegara"
"33","Jawa Tengah","33.02","Kabupaten Banyumas","33.02.02","Wangon","33.02.02.2012","Klapagading Kulon"
"33","Jawa Tengah","33.02","Kabupaten Banyumas","33.02.03","Jatilawang","33.02.03.2001","Gunung Wetan"
"33","Jawa Tengah","33.02","Kabupaten Banyumas","33.02.03","Jatilawang","33.02.03.2002","Pekuncen"
"33","Jawa Tengah","33.02","Kabupaten Banyumas","33.02.03","Jatilawang","33.02.03.2003","Karanglewas"
"33","Jawa Tengah","33.02","Kabupaten Banyumas","33.02.03","Jatilawang","33.02.03.2004","Karanganyar"
"33","Jawa Tengah","33.02","Kabupaten Banyumas","33.02.03","Jatilawang","33.02.03.2005","Margasana"
"33","Jawa Tengah","33.02","Kabupaten Banyumas","33.02.03","Jatilawang","33.02.03.2006","Adisara"
"33","Jawa Tengah","33.02","Kabupaten Banyumas","33.02.03","Jatilawang","33.02.03.2007","Kedungwringin"
"33","Jawa Tengah","33.02","Kabupaten Banyumas","33.02.03","Jatilawang","33.02.03.2008","Bantar"
"33","Jawa Tengah","33.02","Kabupaten Banyumas","33.02.03","Jatilawang","33.02.03.2009","Tinggarjaya"
"33","Jawa Tengah","33.02","Kabupaten Banyumas","33.02.03","Jatilawang","33.02.03.2010","Tunjung"
"33","Jawa Tengah","33.02","Kabupaten Banyumas","33.02.03","Jatilawang","33.02.03.2011","Gentawangi"
"33","Jawa Tengah","33.02","Kabupaten Banyumas","33.02.04","Rawalo","33.02.04.2001","Losari"
"33","Jawa Tengah","33.02","Kabupaten Banyumas","33.02.04","Rawalo","33.02.04.2002","Menganti"
"33","Jawa Tengah","33.02","Kabupaten Banyumas","33.02.04","Rawalo","33.02.04.2003","Banjarparakan"
"33","Jawa Tengah","33.02","Kabupaten Banyumas","33.02.04","Rawalo","33.02.04.2004","Rawalo"
"33","Jawa Tengah","33.02","Kabupaten Banyumas","33.02.04","Rawalo","33.02.04.2005","Tambaknegara"
"33","Jawa Tengah","33.02","Kabupaten Banyumas","33.02.04","Rawalo","33.02.04.2006","Sidamulih"
"33","Jawa Tengah","33.02","Kabupaten Banyumas","33.02.04","Rawalo","33.02.04.2007","Pesawahan"
"33","Jawa Tengah","33.02","Kabupaten Banyumas","33.02.04","Rawalo","33.02.04.2008","Tipar"
"33","Jawa Tengah","33.02","Kabupaten Banyumas","33.02.04","Rawalo","33.02.04.2009","Sanggreman"
"33","Jawa Tengah","33.02","Kabupaten Banyumas","33.02.05","Kebasen","33.02.05.2001","Adisana"
"33","Jawa Tengah","33.02","Kabupaten Banyumas","33.02.05","Kebasen","33.02.05.2002","Bangsa"
"33","Jawa Tengah","33.02","Kabupaten Banyumas","33.02.05","Kebasen","33.02.05.2003","Karangsari"
"33","Jawa Tengah","33.02","Kabupaten Banyumas","33.02.05","Kebasen","33.02.05.2004","Randegan"
"33","Jawa Tengah","33.02","Kabupaten Banyumas","33.02.05","Kebasen","33.02.05.2005","Kaliwedi"
"33","Jawa Tengah","33.02","Kabupaten Banyumas","33.02.05","Kebasen","33.02.05.2006","Sawangan"
"33","Jawa Tengah","33.02","Kabupaten Banyumas","33.02.05","Kebasen","33.02.05.2007","Kalisalak"
"33","Jawa Tengah","33.02","Kabupaten Banyumas","33.02.05","Kebasen","33.02.05.2008","Cindaga"
"33","Jawa Tengah","33.02","Kabupaten Banyumas","33.02.05","Kebasen","33.02.05.2009","Kebasen"
"33","Jawa Tengah","33.02","Kabupaten Banyumas","33.02.05","Kebasen","33.02.05.2010","Gambarsari"
"33","Jawa Tengah","33.02","Kabupaten Banyumas","33.02.05","Kebasen","33.02.05.2011","Tumiyang"
"33","Jawa Tengah","33.02","Kabupaten Banyumas","33.02.05","Kebasen","33.02.05.2012","Mandirancan"
"33","Jawa Tengah","33.02","Kabupaten Banyumas","33.02.06","Kemranjen","33.02.06.2001","Grujugan"
"33","Jawa Tengah","33.02","Kabupaten Banyumas","33.02.06","Kemranjen","33.02.06.2002","Sirau"
"33","Jawa Tengah","33.02","Kabupaten Banyumas","33.02.06","Kemranjen","33.02.06.2003","Sibalung"
"33","Jawa Tengah","33.02","Kabupaten Banyumas","33.02.06","Kemranjen","33.02.06.2004","Sibrama"
"33","Jawa Tengah","33.02","Kabupaten Banyumas","33.02.06","Kemranjen","33.02.06.2005","Kedungpring"
"33","Jawa Tengah","33.02","Kabupaten Banyumas","33.02.06","Kemranjen","33.02.06.2006","Kecila"
"33","Jawa Tengah","33.02","Kabupaten Banyumas","33.02.06","Kemranjen","33.02.06.2007","Nusamangir"
"33","Jawa Tengah","33.02","Kabupaten Banyumas","33.02.06","Kemranjen","33.02.06.2008","Karangjati"
"33","Jawa Tengah","33.02","Kabupaten Banyumas","33.02.06","Kemranjen","33.02.06.2009","Kebarongan"
"33","Jawa Tengah","33.02","Kabupaten Banyumas","33.02.06","Kemranjen","33.02.06.2010","Sidamulya"
"33","Jawa Tengah","33.02","Kabupaten Banyumas","33.02.06","Kemranjen","33.02.06.2011","Pageralang"
"33","Jawa Tengah","33.02","Kabupaten Banyumas","33.02.06","Kemranjen","33.02.06.2012","Alasmalang"
"33","Jawa Tengah","33.02","Kabupaten Banyumas","33.02.06","Kemranjen","33.02.06.2013","Petarangan"
"33","Jawa Tengah","33.02","Kabupaten Banyumas","33.02.06","Kemranjen","33.02.06.2014","Karanggintung"
"33","Jawa Tengah","33.02","Kabupaten Banyumas","33.02.06","Kemranjen","33.02.06.2015","Karangsalam"
"33","Jawa Tengah","33.02","Kabupaten Banyumas","33.02.07","Sumpiuh","33.02.07.1012","Kebokura"
"33","Jawa Tengah","33.02","Kabupaten Banyumas","33.02.07","Sumpiuh","33.02.07.1013","Sumpiuh"
"33","Jawa Tengah","33.02","Kabupaten Banyumas","33.02.07","Sumpiuh","33.02.07.1014","Kradenan"
"33","Jawa Tengah","33.02","Kabupaten Banyumas","33.02.07","Sumpiuh","33.02.07.2001","Nusadadi"
"33","Jawa Tengah","33.02","Kabupaten Banyumas","33.02.07","Sumpiuh","33.02.07.2002","Selandaka"
"33","Jawa Tengah","33.02","Kabupaten Banyumas","33.02.07","Sumpiuh","33.02.07.2003","Karanggedang"
"33","Jawa Tengah","33.02","Kabupaten Banyumas","33.02.07","Sumpiuh","33.02.07.2004","Kemiri"
"33","Jawa Tengah","33.02","Kabupaten Banyumas","33.02.07","Sumpiuh","33.02.07.2005","Pandak"
"33","Jawa Tengah","33.02","Kabupaten Banyumas","33.02.07","Sumpiuh","33.02.07.2006","Kuntili"
"33","Jawa Tengah","33.02","Kabupaten Banyumas","33.02.07","Sumpiuh","33.02.07.2007","Lebeng"
"33","Jawa Tengah","33.02","Kabupaten Banyumas","33.02.07","Sumpiuh","33.02.07.2008","Selanegara"
"33","Jawa Tengah","33.02","Kabupaten Banyumas","33.02.07","Sumpiuh","33.02.07.2009","Bogangin"
"33","Jawa Tengah","33.02","Kabupaten Banyumas","33.02.07","Sumpiuh","33.02.07.2010","Banjarpanepen"
"33","Jawa Tengah","33.02","Kabupaten Banyumas","33.02.07","Sumpiuh","33.02.07.2011","Ketanda"
"33","Jawa Tengah","33.02","Kabupaten Banyumas","33.02.08","Tambak","33.02.08.2001","Plangkapan"
"33","Jawa Tengah","33.02","Kabupaten Banyumas","33.02.08","Tambak","33.02.08.2002","Gumelar Lor"
"33","Jawa Tengah","33.02","Kabupaten Banyumas","33.02.08","Tambak","33.02.08.2003","Gumelar Kidul"
"33","Jawa Tengah","33.02","Kabupaten Banyumas","33.02.08","Tambak","33.02.08.2004","Karangpetir"
"33","Jawa Tengah","33.02","Kabupaten Banyumas","33.02.08","Tambak","33.02.08.2005","Gebangsari"
"33","Jawa Tengah","33.02","Kabupaten Banyumas","33.02.08","Tambak","33.02.08.2006","Prembun"
"33","Jawa Tengah","33.02","Kabupaten Banyumas","33.02.08","Tambak","33.02.08.2007","Buniayu"
"33","Jawa Tengah","33.02","Kabupaten Banyumas","33.02.08","Tambak","33.02.08.2008","Pesantren"
"33","Jawa Tengah","33.02","Kabupaten Banyumas","33.02.08","Tambak","33.02.08.2009","Karangpucung"
"33","Jawa Tengah","33.02","Kabupaten Banyumas","33.02.08","Tambak","33.02.08.2010","Kamulyan"
"33","Jawa Tengah","33.02","Kabupaten Banyumas","33.02.08","Tambak","33.02.08.2011","Purwodadi"
"33","Jawa Tengah","33.02","Kabupaten Banyumas","33.02.08","Tambak","33.02.08.2012","Watuagung"
"33","Jawa Tengah","33.02","Kabupaten Banyumas","33.02.09","Somagede","33.02.09.2001","Tanggeran"
"33","Jawa Tengah","33.02","Kabupaten Banyumas","33.02.09","Somagede","33.02.09.2002","Sokawera"
"33","Jawa Tengah","33.02","Kabupaten Banyumas","33.02.09","Somagede","33.02.09.2003","Somagede"
"33","Jawa Tengah","33.02","Kabupaten Banyumas","33.02.09","Somagede","33.02.09.2004","Klinting"
"33","Jawa Tengah","33.02","Kabupaten Banyumas","33.02.09","Somagede","33.02.09.2005","Kemawi"
"33","Jawa Tengah","33.02","Kabupaten Banyumas","33.02.09","Somagede","33.02.09.2006","Piasa Kulon"
"33","Jawa Tengah","33.02","Kabupaten Banyumas","33.02.09","Somagede","33.02.09.2007","Kanding"
"33","Jawa Tengah","33.02","Kabupaten Banyumas","33.02.09","Somagede","33.02.09.2008","Somakaton"
"33","Jawa Tengah","33.02","Kabupaten Banyumas","33.02.09","Somagede","33.02.09.2009","Plana"
"33","Jawa Tengah","33.02","Kabupaten Banyumas","33.02.10","Kalibagor","33.02.10.2001","Srowot"
"33","Jawa Tengah","33.02","Kabupaten Banyumas","33.02.10","Kalibagor","33.02.10.2002","Suro"
"33","Jawa Tengah","33.02","Kabupaten Banyumas","33.02.10","Kalibagor","33.02.10.2003","Kaliori"
"33","Jawa Tengah","33.02","Kabupaten Banyumas","33.02.10","Kalibagor","33.02.10.2004","Wlahar Wetan"
"33","Jawa Tengah","33.02","Kabupaten Banyumas","33.02.10","Kalibagor","33.02.10.2005","Pekaja"
"33","Jawa Tengah","33.02","Kabupaten Banyumas","33.02.10","Kalibagor","33.02.10.2006","Karangdadap"
"33","Jawa Tengah","33.02","Kabupaten Banyumas","33.02.10","Kalibagor","33.02.10.2007","Kalibagor"
"33","Jawa Tengah","33.02","Kabupaten Banyumas","33.02.10","Kalibagor","33.02.10.2008","Pajerukan"
"33","Jawa Tengah","33.02","Kabupaten Banyumas","33.02.10","Kalibagor","33.02.10.2009","Petir"
"33","Jawa Tengah","33.02","Kabupaten Banyumas","33.02.10","Kalibagor","33.02.10.2010","Kalicupak Kidul"
"33","Jawa Tengah","33.02","Kabupaten Banyumas","33.02.10","Kalibagor","33.02.10.2011","Kalicupak Lor"
"33","Jawa Tengah","33.02","Kabupaten Banyumas","33.02.10","Kalibagor","33.02.10.2012","Kalisogra Wetan"
"33","Jawa Tengah","33.02","Kabupaten Banyumas","33.02.11","Banyumas","33.02.11.2001","Binangun"
"33","Jawa Tengah","33.02","Kabupaten Banyumas","33.02.11","Banyumas","33.02.11.2002","Pasinggangan"
"33","Jawa Tengah","33.02","Kabupaten Banyumas","33.02.11","Banyumas","33.02.11.2003","Kedunggede"
"33","Jawa Tengah","33.02","Kabupaten Banyumas","33.02.11","Banyumas","33.02.11.2004","Karangrau"
"33","Jawa Tengah","33.02","Kabupaten Banyumas","33.02.11","Banyumas","33.02.11.2005","Kejawar"
"33","Jawa Tengah","33.02","Kabupaten Banyumas","33.02.11","Banyumas","33.02.11.2006","Danaraja"
"33","Jawa Tengah","33.02","Kabupaten Banyumas","33.02.11","Banyumas","33.02.11.2007","Kedunguter"
"33","Jawa Tengah","33.02","Kabupaten Banyumas","33.02.11","Banyumas","33.02.11.2008","Sudagaran"
"33","Jawa Tengah","33.02","Kabupaten Banyumas","33.02.11","Banyumas","33.02.11.2009","Pekunden"
"33","Jawa Tengah","33.02","Kabupaten Banyumas","33.02.11","Banyumas","33.02.11.2010","Kalisube"
"33","Jawa Tengah","33.02","Kabupaten Banyumas","33.02.11","Banyumas","33.02.11.2011","Dawuhan"
"33","Jawa Tengah","33.02","Kabupaten Banyumas","33.02.11","Banyumas","33.02.11.2012","Papringan"
"33","Jawa Tengah","33.02","Kabupaten Banyumas","33.02.12","Patikraja","33.02.12.2001","Wlahar Kulon"
"33","Jawa Tengah","33.02","Kabupaten Banyumas","33.02.12","Patikraja","33.02.12.2002","Sokawera"
"33","Jawa Tengah","33.02","Kabupaten Banyumas","33.02.12","Patikraja","33.02.12.2003","Pegalongan"
"33","Jawa Tengah","33.02","Kabupaten Banyumas","33.02.12","Patikraja","33.02.12.2004","Patikraja"
"33","Jawa Tengah","33.02","Kabupaten Banyumas","33.02.12","Patikraja","33.02.12.2005","Notog"
"33","Jawa Tengah","33.02","Kabupaten Banyumas","33.02.12","Patikraja","33.02.12.2006","Karangendep"
"33","Jawa Tengah","33.02","Kabupaten Banyumas","33.02.12","Patikraja","33.02.12.2007","Sawangan Wetan"
"33","Jawa Tengah","33.02","Kabupaten Banyumas","33.02.12","Patikraja","33.02.12.2008","Kedungwuluh Kidul"
"33","Jawa Tengah","33.02","Kabupaten Banyumas","33.02.12","Patikraja","33.02.12.2009","Kedungrandu"
"33","Jawa Tengah","33.02","Kabupaten Banyumas","33.02.12","Patikraja","33.02.12.2010","Kedungwuluh Lor"
"33","Jawa Tengah","33.02","Kabupaten Banyumas","33.02.12","Patikraja","33.02.12.2011","Karanganyar"
"33","Jawa Tengah","33.02","Kabupaten Banyumas","33.02.12","Patikraja","33.02.12.2012","Sidabowa"
"33","Jawa Tengah","33.02","Kabupaten Banyumas","33.02.12","Patikraja","33.02.12.2013","Kedungwringin"
"33","Jawa Tengah","33.02","Kabupaten Banyumas","33.02.13","Purwojati","33.02.13.2001","Gerduren"
"33","Jawa Tengah","33.02","Kabupaten Banyumas","33.02.13","Purwojati","33.02.13.2002","Karangtalun Kidul"
"33","Jawa Tengah","33.02","Kabupaten Banyumas","33.02.13","Purwojati","33.02.13.2003","Kaliurip"
"33","Jawa Tengah","33.02","Kabupaten Banyumas","33.02.13","Purwojati","33.02.13.2004","Karangtalun Lor"
"33","Jawa Tengah","33.02","Kabupaten Banyumas","33.02.13","Purwojati","33.02.13.2005","Purwojati"
"33","Jawa Tengah","33.02","Kabupaten Banyumas","33.02.13","Purwojati","33.02.13.2006","Klapasawit"
"33","Jawa Tengah","33.02","Kabupaten Banyumas","33.02.13","Purwojati","33.02.13.2007","Karangmangu"
"33","Jawa Tengah","33.02","Kabupaten Banyumas","33.02.13","Purwojati","33.02.13.2008","Kaliputih"
"33","Jawa Tengah","33.02","Kabupaten Banyumas","33.02.13","Purwojati","33.02.13.2009","Kaliwangi"
"33","Jawa Tengah","33.02","Kabupaten Banyumas","33.02.13","Purwojati","33.02.13.2010","Kalitapen"
"33","Jawa Tengah","33.02","Kabupaten Banyumas","33.02.14","Ajibarang","33.02.14.2001","Darmakradenan"
"33","Jawa Tengah","33.02","Kabupaten Banyumas","33.02.14","Ajibarang","33.02.14.2002","Tipar Kidul"
"33","Jawa Tengah","33.02","Kabupaten Banyumas","33.02.14","Ajibarang","33.02.14.2003","Sawangan"
"33","Jawa Tengah","33.02","Kabupaten Banyumas","33.02.14","Ajibarang","33.02.14.2004","Jingkang"
"33","Jawa Tengah","33.02","Kabupaten Banyumas","33.02.14","Ajibarang","33.02.14.2005","Banjarsari"
"33","Jawa Tengah","33.02","Kabupaten Banyumas","33.02.14","Ajibarang","33.02.14.2006","Kalibenda"
"33","Jawa Tengah","33.02","Kabupaten Banyumas","33.02.14","Ajibarang","33.02.14.2007","Pancurendang"
"33","Jawa Tengah","33.02","Kabupaten Banyumas","33.02.14","Ajibarang","33.02.14.2008","Pancasan"
"33","Jawa Tengah","33.02","Kabupaten Banyumas","33.02.14","Ajibarang","33.02.14.2009","Karangbawang"
"33","Jawa Tengah","33.02","Kabupaten Banyumas","33.02.14","Ajibarang","33.02.14.2010","Kracak"
"33","Jawa Tengah","33.02","Kabupaten Banyumas","33.02.14","Ajibarang","33.02.14.2011","Ajibarang Kulon"
"33","Jawa Tengah","33.02","Kabupaten Banyumas","33.02.14","Ajibarang","33.02.14.2012","Ajibarang Wetan"
"33","Jawa Tengah","33.02","Kabupaten Banyumas","33.02.14","Ajibarang","33.02.14.2013","Lesmana"
"33","Jawa Tengah","33.02","Kabupaten Banyumas","33.02.14","Ajibarang","33.02.14.2014","Pandansari"
"33","Jawa Tengah","33.02","Kabupaten Banyumas","33.02.14","Ajibarang","33.02.14.2015","Ciberung"
"33","Jawa Tengah","33.02","Kabupaten Banyumas","33.02.15","Gumelar","33.02.15.2001","Karangkemojing"
"33","Jawa Tengah","33.02","Kabupaten Banyumas","33.02.15","Gumelar","33.02.15.2002","Paningkaban"
"33","Jawa Tengah","33.02","Kabupaten Banyumas","33.02.15","Gumelar","33.02.15.2003","Cihonje"
"33","Jawa Tengah","33.02","Kabupaten Banyumas","33.02.15","Gumelar","33.02.15.2004","Gancang"
"33","Jawa Tengah","33.02","Kabupaten Banyumas","33.02.15","Gumelar","33.02.15.2005","Kedungurang"
"33","Jawa Tengah","33.02","Kabupaten Banyumas","33.02.15","Gumelar","33.02.15.2006","Gumelar"
"33","Jawa Tengah","33.02","Kabupaten Banyumas","33.02.15","Gumelar","33.02.15.2007","Cilangkap"
"33","Jawa Tengah","33.02","Kabupaten Banyumas","33.02.15","Gumelar","33.02.15.2008","Tlaga"
"33","Jawa Tengah","33.02","Kabupaten Banyumas","33.02.15","Gumelar","33.02.15.2009","Samudra"
"33","Jawa Tengah","33.02","Kabupaten Banyumas","33.02.15","Gumelar","33.02.15.2010","Samudra Kulon"
"33","Jawa Tengah","33.02","Kabupaten Banyumas","33.02.16","Pekuncen","33.02.16.2001","Cikembulan"
"33","Jawa Tengah","33.02","Kabupaten Banyumas","33.02.16","Pekuncen","33.02.16.2002","Candinegara"
"33","Jawa Tengah","33.02","Kabupaten Banyumas","33.02.16","Pekuncen","33.02.16.2003","Karangklesem"
"33","Jawa Tengah","33.02","Kabupaten Banyumas","33.02.16","Pekuncen","33.02.16.2004","Cikawung"
"33","Jawa Tengah","33.02","Kabupaten Banyumas","33.02.16","Pekuncen","33.02.16.2005","Cibangkong"
"33","Jawa Tengah","33.02","Kabupaten Banyumas","33.02.16","Pekuncen","33.02.16.2006","Petahunan"
"33","Jawa Tengah","33.02","Kabupaten Banyumas","33.02.16","Pekuncen","33.02.16.2007","Semedo"
"33","Jawa Tengah","33.02","Kabupaten Banyumas","33.02.16","Pekuncen","33.02.16.2008","Banjaranyar"
"33","Jawa Tengah","33.02","Kabupaten Banyumas","33.02.16","Pekuncen","33.02.16.2009","Pasiraman Lor"
"33","Jawa Tengah","33.02","Kabupaten Banyumas","33.02.16","Pekuncen","33.02.16.2010","Pasiraman Kidul"
"33","Jawa Tengah","33.02","Kabupaten Banyumas","33.02.16","Pekuncen","33.02.16.2011","Tumiyang"
"33","Jawa Tengah","33.02","Kabupaten Banyumas","33.02.16","Pekuncen","33.02.16.2012","Glempang"
"33","Jawa Tengah","33.02","Kabupaten Banyumas","33.02.16","Pekuncen","33.02.16.2013","Pekuncen"
"33","Jawa Tengah","33.02","Kabupaten Banyumas","33.02.16","Pekuncen","33.02.16.2014","Karangkemiri"
"33","Jawa Tengah","33.02","Kabupaten Banyumas","33.02.16","Pekuncen","33.02.16.2015","Kranggan"
"33","Jawa Tengah","33.02","Kabupaten Banyumas","33.02.16","Pekuncen","33.02.16.2016","Krajan"
"33","Jawa Tengah","33.02","Kabupaten Banyumas","33.02.17","Cilongok","33.02.17.2001","Panusupan"
"33","Jawa Tengah","33.02","Kabupaten Banyumas","33.02.17","Cilongok","33.02.17.2002","Jatisaba"
"33","Jawa Tengah","33.02","Kabupaten Banyumas","33.02.17","Cilongok","33.02.17.2003","Kasegeran"
"33","Jawa Tengah","33.02","Kabupaten Banyumas","33.02.17","Cilongok","33.02.17.2004","Pejogol"
"33","Jawa Tengah","33.02","Kabupaten Banyumas","33.02.17","Cilongok","33.02.17.2005","Langgongsari"
"33","Jawa Tengah","33.02","Kabupaten Banyumas","33.02.17","Cilongok","33.02.17.2006","Pageraji"
"33","Jawa Tengah","33.02","Kabupaten Banyumas","33.02.17","Cilongok","33.02.17.2007","Sudimara"
"33","Jawa Tengah","33.02","Kabupaten Banyumas","33.02.17","Cilongok","33.02.17.2008","Batuanten"
"33","Jawa Tengah","33.02","Kabupaten Banyumas","33.02.17","Cilongok","33.02.17.2009","Cipete"
"33","Jawa Tengah","33.02","Kabupaten Banyumas","33.02.17","Cilongok","33.02.17.2010","Cilongok"
"33","Jawa Tengah","33.02","Kabupaten Banyumas","33.02.17","Cilongok","33.02.17.2011","Pernasidi"
"33","Jawa Tengah","33.02","Kabupaten Banyumas","33.02.17","Cilongok","33.02.17.2012","Cikidang"
"33","Jawa Tengah","33.02","Kabupaten Banyumas","33.02.17","Cilongok","33.02.17.2013","Karanglo"
"33","Jawa Tengah","33.02","Kabupaten Banyumas","33.02.17","Cilongok","33.02.17.2014","Kalisari"
"33","Jawa Tengah","33.02","Kabupaten Banyumas","33.02.17","Cilongok","33.02.17.2015","Karangtengah"
"33","Jawa Tengah","33.02","Kabupaten Banyumas","33.02.17","Cilongok","33.02.17.2016","Panembangan"
"33","Jawa Tengah","33.02","Kabupaten Banyumas","33.02.17","Cilongok","33.02.17.2017","Rancamaya"
"33","Jawa Tengah","33.02","Kabupaten Banyumas","33.02.17","Cilongok","33.02.17.2018","Sambirata"
"33","Jawa Tengah","33.02","Kabupaten Banyumas","33.02.17","Cilongok","33.02.17.2019","Gununglurah"
"33","Jawa Tengah","33.02","Kabupaten Banyumas","33.02.17","Cilongok","33.02.17.2020","Sokawera"
"33","Jawa Tengah","33.02","Kabupaten Banyumas","33.02.18","Karanglewas","33.02.18.2001","Kediri"
"33","Jawa Tengah","33.02","Kabupaten Banyumas","33.02.18","Karanglewas","33.02.18.2002","Pangebatan"
"33","Jawa Tengah","33.02","Kabupaten Banyumas","33.02.18","Karanglewas","33.02.18.2003","Tamansari"
"33","Jawa Tengah","33.02","Kabupaten Banyumas","33.02.18","Karanglewas","33.02.18.2004","Karanglewas Kidul"
"33","Jawa Tengah","33.02","Kabupaten Banyumas","33.02.18","Karanglewas","33.02.18.2005","Karangkemiri"
"33","Jawa Tengah","33.02","Kabupaten Banyumas","33.02.18","Karanglewas","33.02.18.2006","Pasir Wetan"
"33","Jawa Tengah","33.02","Kabupaten Banyumas","33.02.18","Karanglewas","33.02.18.2007","Pasir Lor"
"33","Jawa Tengah","33.02","Kabupaten Banyumas","33.02.18","Karanglewas","33.02.18.2008","Pasir Kulon"
"33","Jawa Tengah","33.02","Kabupaten Banyumas","33.02.18","Karanglewas","33.02.18.2009","Jipang"
"33","Jawa Tengah","33.02","Kabupaten Banyumas","33.02.18","Karanglewas","33.02.18.2010","Karanggude Kulon"
"33","Jawa Tengah","33.02","Kabupaten Banyumas","33.02.18","Karanglewas","33.02.18.2011","Singasari"
"33","Jawa Tengah","33.02","Kabupaten Banyumas","33.02.18","Karanglewas","33.02.18.2012","Babakan"
"33","Jawa Tengah","33.02","Kabupaten Banyumas","33.02.18","Karanglewas","33.02.18.2013","Sunyalangu"
"33","Jawa Tengah","33.02","Kabupaten Banyumas","33.02.19","Sokaraja","33.02.19.2001","Kalikidang"
"33","Jawa Tengah","33.02","Kabupaten Banyumas","33.02.19","Sokaraja","33.02.19.2002","Wiradadi"
"33","Jawa Tengah","33.02","Kabupaten Banyumas","33.02.19","Sokaraja","33.02.19.2003","Karangkedawung"
"33","Jawa Tengah","33.02","Kabupaten Banyumas","33.02.19","Sokaraja","33.02.19.2004","Sokaraja Tengah"
"33","Jawa Tengah","33.02","Kabupaten Banyumas","33.02.19","Sokaraja","33.02.19.2005","Sokaraja Kidul"
"33","Jawa Tengah","33.02","Kabupaten Banyumas","33.02.19","Sokaraja","33.02.19.2006","Klahang"
"33","Jawa Tengah","33.02","Kabupaten Banyumas","33.02.19","Sokaraja","33.02.19.2007","Banjarsari Kidul"
"33","Jawa Tengah","33.02","Kabupaten Banyumas","33.02.19","Sokaraja","33.02.19.2008","Sokaraja Wetan"
"33","Jawa Tengah","33.02","Kabupaten Banyumas","33.02.19","Sokaraja","33.02.19.2009","Jompo Kulon"
"33","Jawa Tengah","33.02","Kabupaten Banyumas","33.02.19","Sokaraja","33.02.19.2010","Banjaranyar"
"33","Jawa Tengah","33.02","Kabupaten Banyumas","33.02.19","Sokaraja","33.02.19.2011","Lemberang"
"33","Jawa Tengah","33.02","Kabupaten Banyumas","33.02.19","Sokaraja","33.02.19.2012","Karangduren"
"33","Jawa Tengah","33.02","Kabupaten Banyumas","33.02.19","Sokaraja","33.02.19.2013","Sokaraja Lor"
"33","Jawa Tengah","33.02","Kabupaten Banyumas","33.02.19","Sokaraja","33.02.19.2014","Kedondong"
"33","Jawa Tengah","33.02","Kabupaten Banyumas","33.02.19","Sokaraja","33.02.19.2015","Pamijen"
"33","Jawa Tengah","33.02","Kabupaten Banyumas","33.02.19","Sokaraja","33.02.19.2016","Sokaraja Kulon"
"33","Jawa Tengah","33.02","Kabupaten Banyumas","33.02.19","Sokaraja","33.02.19.2017","Karangnanas"
"33","Jawa Tengah","33.02","Kabupaten Banyumas","33.02.19","Sokaraja","33.02.19.2018","Karangrau"
"33","Jawa Tengah","33.02","Kabupaten Banyumas","33.02.20","Kembaran","33.02.20.2001","Ledug"
"33","Jawa Tengah","33.02","Kabupaten Banyumas","33.02.20","Kembaran","33.02.20.2002","Pliken"
"33","Jawa Tengah","33.02","Kabupaten Banyumas","33.02.20","Kembaran","33.02.20.2003","Purwodadi"
"33","Jawa Tengah","33.02","Kabupaten Banyumas","33.02.20","Kembaran","33.02.20.2004","Karang Tengah"
"33","Jawa Tengah","33.02","Kabupaten Banyumas","33.02.20","Kembaran","33.02.20.2005","Kramat"
"33","Jawa Tengah","33.02","Kabupaten Banyumas","33.02.20","Kembaran","33.02.20.2006","Sambeng Wetan"
"33","Jawa Tengah","33.02","Kabupaten Banyumas","33.02.20","Kembaran","33.02.20.2007","Sambeng Kulon"
"33","Jawa Tengah","33.02","Kabupaten Banyumas","33.02.20","Kembaran","33.02.20.2008","Purbadana"
"33","Jawa Tengah","33.02","Kabupaten Banyumas","33.02.20","Kembaran","33.02.20.2009","Kembaran"
"33","Jawa Tengah","33.02","Kabupaten Banyumas","33.02.20","Kembaran","33.02.20.2010","Bojongsari"
"33","Jawa Tengah","33.02","Kabupaten Banyumas","33.02.20","Kembaran","33.02.20.2011","Karangsoka"
"33","Jawa Tengah","33.02","Kabupaten Banyumas","33.02.20","Kembaran","33.02.20.2012","Dukuhwaluh"
"33","Jawa Tengah","33.02","Kabupaten Banyumas","33.02.20","Kembaran","33.02.20.2013","Tambaksari Kidul"
"33","Jawa Tengah","33.02","Kabupaten Banyumas","33.02.20","Kembaran","33.02.20.2014","Bantarwuni"
"33","Jawa Tengah","33.02","Kabupaten Banyumas","33.02.20","Kembaran","33.02.20.2015","Karangsari"
"33","Jawa Tengah","33.02","Kabupaten Banyumas","33.02.20","Kembaran","33.02.20.2016","Linggasari"
"33","Jawa Tengah","33.02","Kabupaten Banyumas","33.02.21","Sumbang","33.02.21.2001","Silado"
"33","Jawa Tengah","33.02","Kabupaten Banyumas","33.02.21","Sumbang","33.02.21.2002","Karangturi"
"33","Jawa Tengah","33.02","Kabupaten Banyumas","33.02.21","Sumbang","33.02.21.2003","Karangcegak"
"33","Jawa Tengah","33.02","Kabupaten Banyumas","33.02.21","Sumbang","33.02.21.2004","Sumbang"
"33","Jawa Tengah","33.02","Kabupaten Banyumas","33.02.21","Sumbang","33.02.21.2005","Tambaksogra"
"33","Jawa Tengah","33.02","Kabupaten Banyumas","33.02.21","Sumbang","33.02.21.2006","Kebanggan"
"33","Jawa Tengah","33.02","Kabupaten Banyumas","33.02.21","Sumbang","33.02.21.2007","Kawungcarang"
"33","Jawa Tengah","33.02","Kabupaten Banyumas","33.02.21","Sumbang","33.02.21.2008","Karanggintung"
"33","Jawa Tengah","33.02","Kabupaten Banyumas","33.02.21","Sumbang","33.02.21.2009","Datar"
"33","Jawa Tengah","33.02","Kabupaten Banyumas","33.02.21","Sumbang","33.02.21.2010","Banjarsari Kulon"
"33","Jawa Tengah","33.02","Kabupaten Banyumas","33.02.21","Sumbang","33.02.21.2011","Banjarsari Wetan"
"33","Jawa Tengah","33.02","Kabupaten Banyumas","33.02.21","Sumbang","33.02.21.2012","Banteran"
"33","Jawa Tengah","33.02","Kabupaten Banyumas","33.02.21","Sumbang","33.02.21.2013","Ciberem"
"33","Jawa Tengah","33.02","Kabupaten Banyumas","33.02.21","Sumbang","33.02.21.2014","Susukan"
"33","Jawa Tengah","33.02","Kabupaten Banyumas","33.02.21","Sumbang","33.02.21.2015","Sikapat"
"33","Jawa Tengah","33.02","Kabupaten Banyumas","33.02.21","Sumbang","33.02.21.2016","Gandatapa"
"33","Jawa Tengah","33.02","Kabupaten Banyumas","33.02.21","Sumbang","33.02.21.2017","Kotayasa"
"33","Jawa Tengah","33.02","Kabupaten Banyumas","33.02.21","Sumbang","33.02.21.2018","Limpakuwus"
"33","Jawa Tengah","33.02","Kabupaten Banyumas","33.02.21","Sumbang","33.02.21.2019","Kedungmalang"
"33","Jawa Tengah","33.02","Kabupaten Banyumas","33.02.22","Baturraden","33.02.22.2001","Purwosari"
"33","Jawa Tengah","33.02","Kabupaten Banyumas","33.02.22","Baturraden","33.02.22.2002","Kutasari"
"33","Jawa Tengah","33.02","Kabupaten Banyumas","33.02.22","Baturraden","33.02.22.2003","Pandak"
"33","Jawa Tengah","33.02","Kabupaten Banyumas","33.02.22","Baturraden","33.02.22.2004","Pamijen"
"33","Jawa Tengah","33.02","Kabupaten Banyumas","33.02.22","Baturraden","33.02.22.2005","Rempoah"
"33","Jawa Tengah","33.02","Kabupaten Banyumas","33.02.22","Baturraden","33.02.22.2006","Kebumen"
"33","Jawa Tengah","33.02","Kabupaten Banyumas","33.02.22","Baturraden","33.02.22.2007","Karang Tengah"
"33","Jawa Tengah","33.02","Kabupaten Banyumas","33.02.22","Baturraden","33.02.22.2008","Kemutug Kidul"
"33","Jawa Tengah","33.02","Kabupaten Banyumas","33.02.22","Baturraden","33.02.22.2009","Karangsalam Lor"
"33","Jawa Tengah","33.02","Kabupaten Banyumas","33.02.22","Baturraden","33.02.22.2010","Kemutug Lor"
"33","Jawa Tengah","33.02","Kabupaten Banyumas","33.02.22","Baturraden","33.02.22.2011","Karangmangu"
"33","Jawa Tengah","33.02","Kabupaten Banyumas","33.02.22","Baturraden","33.02.22.2012","Ketenger"
"33","Jawa Tengah","33.02","Kabupaten Banyumas","33.02.23","Kedungbanteng","33.02.23.2001","Karangsalam Kidul"
"33","Jawa Tengah","33.02","Kabupaten Banyumas","33.02.23","Kedungbanteng","33.02.23.2002","Kebocoran"
"33","Jawa Tengah","33.02","Kabupaten Banyumas","33.02.23","Kedungbanteng","33.02.23.2003","Kedungbanteng"
"33","Jawa Tengah","33.02","Kabupaten Banyumas","33.02.23","Kedungbanteng","33.02.23.2004","Beji"
"33","Jawa Tengah","33.02","Kabupaten Banyumas","33.02.23","Kedungbanteng","33.02.23.2005","Karangnangka"
"33","Jawa Tengah","33.02","Kabupaten Banyumas","33.02.23","Kedungbanteng","33.02.23.2006","Keniten"
"33","Jawa Tengah","33.02","Kabupaten Banyumas","33.02.23","Kedungbanteng","33.02.23.2007","Dawuhan Wetan"
"33","Jawa Tengah","33.02","Kabupaten Banyumas","33.02.23","Kedungbanteng","33.02.23.2008","Dawuhan Kulon"
"33","Jawa Tengah","33.02","Kabupaten Banyumas","33.02.23","Kedungbanteng","33.02.23.2009","Baseh"
"33","Jawa Tengah","33.02","Kabupaten Banyumas","33.02.23","Kedungbanteng","33.02.23.2010","Kalisalak"
"33","Jawa Tengah","33.02","Kabupaten Banyumas","33.02.23","Kedungbanteng","33.02.23.2011","Windujaya"
"33","Jawa Tengah","33.02","Kabupaten Banyumas","33.02.23","Kedungbanteng","33.02.23.2012","Kalikesur"
"33","Jawa Tengah","33.02","Kabupaten Banyumas","33.02.23","Kedungbanteng","33.02.23.2013","Kutaliman"
"33","Jawa Tengah","33.02","Kabupaten Banyumas","33.02.23","Kedungbanteng","33.02.23.2014","Melung"
"33","Jawa Tengah","33.02","Kabupaten Banyumas","33.02.24","Purwokerto Selatan","33.02.24.1001","Karangklesem"
"33","Jawa Tengah","33.02","Kabupaten Banyumas","33.02.24","Purwokerto Selatan","33.02.24.1002","Teluk"
"33","Jawa Tengah","33.02","Kabupaten Banyumas","33.02.24","Purwokerto Selatan","33.02.24.1003","Berkoh"
"33","Jawa Tengah","33.02","Kabupaten Banyumas","33.02.24","Purwokerto Selatan","33.02.24.1004","Purwokerto Kidul"
"33","Jawa Tengah","33.02","Kabupaten Banyumas","33.02.24","Purwokerto Selatan","33.02.24.1005","Purwokerto Kulon"
"33","Jawa Tengah","33.02","Kabupaten Banyumas","33.02.24","Purwokerto Selatan","33.02.24.1006","Karangpucung"
"33","Jawa Tengah","33.02","Kabupaten Banyumas","33.02.24","Purwokerto Selatan","33.02.24.1007","Tanjung"
"33","Jawa Tengah","33.02","Kabupaten Banyumas","33.02.25","Purwokerto Barat","33.02.25.1001","Karanglewas Lor"
"33","Jawa Tengah","33.02","Kabupaten Banyumas","33.02.25","Purwokerto Barat","33.02.25.1002","Pasir Kidul"
"33","Jawa Tengah","33.02","Kabupaten Banyumas","33.02.25","Purwokerto Barat","33.02.25.1003","Rejasari"
"33","Jawa Tengah","33.02","Kabupaten Banyumas","33.02.25","Purwokerto Barat","33.02.25.1004","Pasirmuncang"
"33","Jawa Tengah","33.02","Kabupaten Banyumas","33.02.25","Purwokerto Barat","33.02.25.1005","Bantarsoka"
"33","Jawa Tengah","33.02","Kabupaten Banyumas","33.02.25","Purwokerto Barat","33.02.25.1006","Kober"
"33","Jawa Tengah","33.02","Kabupaten Banyumas","33.02.25","Purwokerto Barat","33.02.25.1007","Kedungwuluh"
"33","Jawa Tengah","33.02","Kabupaten Banyumas","33.02.26","Purwokerto Timur","33.02.26.1001","Sokanegara"
"33","Jawa Tengah","33.02","Kabupaten Banyumas","33.02.26","Purwokerto Timur","33.02.26.1002","Kranji"
"33","Jawa Tengah","33.02","Kabupaten Banyumas","33.02.26","Purwokerto Timur","33.02.26.1003","Purwokerto Lor"
"33","Jawa Tengah","33.02","Kabupaten Banyumas","33.02.26","Purwokerto Timur","33.02.26.1004","Purwokerto Wetan"
"33","Jawa Tengah","33.02","Kabupaten Banyumas","33.02.26","Purwokerto Timur","33.02.26.1005","Mersi"
"33","Jawa Tengah","33.02","Kabupaten Banyumas","33.02.26","Purwokerto Timur","33.02.26.1006","Arcawinangun"
"33","Jawa Tengah","33.02","Kabupaten Banyumas","33.02.27","Purwokerto Utara","33.02.27.1001","Purwanegara"
"33","Jawa Tengah","33.02","Kabupaten Banyumas","33.02.27","Purwokerto Utara","33.02.27.1002","Bancarkembar"
"33","Jawa Tengah","33.02","Kabupaten Banyumas","33.02.27","Purwokerto Utara","33.02.27.1003","Sumampir"
"33","Jawa Tengah","33.02","Kabupaten Banyumas","33.02.27","Purwokerto Utara","33.02.27.1004","Pabuwaran"
"33","Jawa Tengah","33.02","Kabupaten Banyumas","33.02.27","Purwokerto Utara","33.02.27.1005","Grendeng"
"33","Jawa Tengah","33.02","Kabupaten Banyumas","33.02.27","Purwokerto Utara","33.02.27.1006","Karangwangkal"
"33","Jawa Tengah","33.02","Kabupaten Banyumas","33.02.27","Purwokerto Utara","33.02.27.1007","Bobosan"
"33","Jawa Tengah","33.03","Kabupaten Purbalingga","33.03.01","Kemangkon","33.03.01.2001","Kedungbenda"
"33","Jawa Tengah","33.03","Kabupaten Purbalingga","33.03.01","Kemangkon","33.03.01.2002","Bokol"
"33","Jawa Tengah","33.03","Kabupaten Purbalingga","33.03.01","Kemangkon","33.03.01.2003","Pelumutan"
"33","Jawa Tengah","33.03","Kabupaten Purbalingga","33.03.01","Kemangkon","33.03.01.2004","Majatengah"
"33","Jawa Tengah","33.03","Kabupaten Purbalingga","33.03.01","Kemangkon","33.03.01.2005","Kedunglegok"
"33","Jawa Tengah","33.03","Kabupaten Purbalingga","33.03.01","Kemangkon","33.03.01.2006","Kemangkon"
"33","Jawa Tengah","33.03","Kabupaten Purbalingga","33.03.01","Kemangkon","33.03.01.2007","Panican"
"33","Jawa Tengah","33.03","Kabupaten Purbalingga","33.03.01","Kemangkon","33.03.01.2008","Bakulan"
"33","Jawa Tengah","33.03","Kabupaten Purbalingga","33.03.01","Kemangkon","33.03.01.2009","Karangkemiri"
"33","Jawa Tengah","33.03","Kabupaten Purbalingga","33.03.01","Kemangkon","33.03.01.2010","Pegandekan"
"33","Jawa Tengah","33.03","Kabupaten Purbalingga","33.03.01","Kemangkon","33.03.01.2011","Senon"
"33","Jawa Tengah","33.03","Kabupaten Purbalingga","33.03.01","Kemangkon","33.03.01.2012","Sumilir"
"33","Jawa Tengah","33.03","Kabupaten Purbalingga","33.03.01","Kemangkon","33.03.01.2013","Kalialang"
"33","Jawa Tengah","33.03","Kabupaten Purbalingga","33.03.01","Kemangkon","33.03.01.2014","Karangtengah"
"33","Jawa Tengah","33.03","Kabupaten Purbalingga","33.03.01","Kemangkon","33.03.01.2015","Muntang"
"33","Jawa Tengah","33.03","Kabupaten Purbalingga","33.03.01","Kemangkon","33.03.01.2016","Gambarsari"
"33","Jawa Tengah","33.03","Kabupaten Purbalingga","33.03.01","Kemangkon","33.03.01.2017","Toyareka"
"33","Jawa Tengah","33.03","Kabupaten Purbalingga","33.03.01","Kemangkon","33.03.01.2018","Jetis"
"33","Jawa Tengah","33.03","Kabupaten Purbalingga","33.03.01","Kemangkon","33.03.01.2019","Majasem"
"33","Jawa Tengah","33.03","Kabupaten Purbalingga","33.03.02","Bukateja","33.03.02.2001","Tidu"
"33","Jawa Tengah","33.03","Kabupaten Purbalingga","33.03.02","Bukateja","33.03.02.2002","Wirasaba"
"33","Jawa Tengah","33.03","Kabupaten Purbalingga","33.03.02","Bukateja","33.03.02.2003","Kembangan"
"33","Jawa Tengah","33.03","Kabupaten Purbalingga","33.03.02","Bukateja","33.03.02.2004","Cipawon"
"33","Jawa Tengah","33.03","Kabupaten Purbalingga","33.03.02","Bukateja","33.03.02.2005","Karangcengis"
"33","Jawa Tengah","33.03","Kabupaten Purbalingga","33.03.02","Bukateja","33.03.02.2006","Karanggedang"
"33","Jawa Tengah","33.03","Kabupaten Purbalingga","33.03.02","Bukateja","33.03.02.2007","Karangnangka"
"33","Jawa Tengah","33.03","Kabupaten Purbalingga","33.03.02","Bukateja","33.03.02.2008","Kutawis"
"33","Jawa Tengah","33.03","Kabupaten Purbalingga","33.03.02","Bukateja","33.03.02.2009","Kebutuh"
"33","Jawa Tengah","33.03","Kabupaten Purbalingga","33.03.02","Bukateja","33.03.02.2010","Penaruban"
"33","Jawa Tengah","33.03","Kabupaten Purbalingga","33.03.02","Bukateja","33.03.02.2011","Kedungjati"
"33","Jawa Tengah","33.03","Kabupaten Purbalingga","33.03.02","Bukateja","33.03.02.2012","Bukateja"
"33","Jawa Tengah","33.03","Kabupaten Purbalingga","33.03.02","Bukateja","33.03.02.2013","Majasari"
"33","Jawa Tengah","33.03","Kabupaten Purbalingga","33.03.02","Bukateja","33.03.02.2014","Bajong"
"33","Jawa Tengah","33.03","Kabupaten Purbalingga","33.03.03","Kejobong","33.03.03.2001","Bandingan"
"33","Jawa Tengah","33.03","Kabupaten Purbalingga","33.03.03","Kejobong","33.03.03.2002","Lamuk"
"33","Jawa Tengah","33.03","Kabupaten Purbalingga","33.03.03","Kejobong","33.03.03.2003","Sokanegara"
"33","Jawa Tengah","33.03","Kabupaten Purbalingga","33.03.03","Kejobong","33.03.03.2004","Gumiwang"
"33","Jawa Tengah","33.03","Kabupaten Purbalingga","33.03.03","Kejobong","33.03.03.2005","Krenceng"
"33","Jawa Tengah","33.03","Kabupaten Purbalingga","33.03.03","Kejobong","33.03.03.2006","Nangkasawit"
"33","Jawa Tengah","33.03","Kabupaten Purbalingga","33.03.03","Kejobong","33.03.03.2007","Pandansari"
"33","Jawa Tengah","33.03","Kabupaten Purbalingga","33.03.03","Kejobong","33.03.03.2008","Kejobong"
"33","Jawa Tengah","33.03","Kabupaten Purbalingga","33.03.03","Kejobong","33.03.03.2009","Langgar"
"33","Jawa Tengah","33.03","Kabupaten Purbalingga","33.03.03","Kejobong","33.03.03.2010","Timbang"
"33","Jawa Tengah","33.03","Kabupaten Purbalingga","33.03.03","Kejobong","33.03.03.2011","Nangkod"
"33","Jawa Tengah","33.03","Kabupaten Purbalingga","33.03.03","Kejobong","33.03.03.2012","Kedarpan"
"33","Jawa Tengah","33.03","Kabupaten Purbalingga","33.03.03","Kejobong","33.03.03.2013","Pangempon"
"33","Jawa Tengah","33.03","Kabupaten Purbalingga","33.03.04","Kaligondang","33.03.04.2001","Lamongan"
"33","Jawa Tengah","33.03","Kabupaten Purbalingga","33.03.04","Kaligondang","33.03.04.2002","Tejasari"
"33","Jawa Tengah","33.03","Kabupaten Purbalingga","33.03.04","Kaligondang","33.03.04.2003","Cilapar"
"33","Jawa Tengah","33.03","Kabupaten Purbalingga","33.03.04","Kaligondang","33.03.04.2004","Penolih"
"33","Jawa Tengah","33.03","Kabupaten Purbalingga","33.03.04","Kaligondang","33.03.04.2005","Sinduraja"
"33","Jawa Tengah","33.03","Kabupaten Purbalingga","33.03.04","Kaligondang","33.03.04.2006","Selakambang"
"33","Jawa Tengah","33.03","Kabupaten Purbalingga","33.03.04","Kaligondang","33.03.04.2007","Selanegara"
"33","Jawa Tengah","33.03","Kabupaten Purbalingga","33.03.04","Kaligondang","33.03.04.2008","Kaligondang"
"33","Jawa Tengah","33.03","Kabupaten Purbalingga","33.03.04","Kaligondang","33.03.04.2009","Brecek"
"33","Jawa Tengah","33.03","Kabupaten Purbalingga","33.03.04","Kaligondang","33.03.04.2010","Sempor Lor"
"33","Jawa Tengah","33.03","Kabupaten Purbalingga","33.03.04","Kaligondang","33.03.04.2011","Penaruban"
"33","Jawa Tengah","33.03","Kabupaten Purbalingga","33.03.04","Kaligondang","33.03.04.2012","Kalikajar"
"33","Jawa Tengah","33.03","Kabupaten Purbalingga","33.03.04","Kaligondang","33.03.04.2013","Kembaran Wetan"
"33","Jawa Tengah","33.03","Kabupaten Purbalingga","33.03.04","Kaligondang","33.03.04.2014","Slinga"
"33","Jawa Tengah","33.03","Kabupaten Purbalingga","33.03.04","Kaligondang","33.03.04.2015","Arenan"
"33","Jawa Tengah","33.03","Kabupaten Purbalingga","33.03.04","Kaligondang","33.03.04.2016","Sidanegara"
"33","Jawa Tengah","33.03","Kabupaten Purbalingga","33.03.04","Kaligondang","33.03.04.2017","Pagerandong"
"33","Jawa Tengah","33.03","Kabupaten Purbalingga","33.03.04","Kaligondang","33.03.04.2018","Sidareja"
"33","Jawa Tengah","33.03","Kabupaten Purbalingga","33.03.05","Purbalingga","33.03.05.1001","Bojong"
"33","Jawa Tengah","33.03","Kabupaten Purbalingga","33.03.05","Purbalingga","33.03.05.1003","Kedungmenjangan"
"33","Jawa Tengah","33.03","Kabupaten Purbalingga","33.03.05","Purbalingga","33.03.05.1005","Bancar"
"33","Jawa Tengah","33.03","Kabupaten Purbalingga","33.03.05","Purbalingga","33.03.05.1006","Purbalingga Wetan"
"33","Jawa Tengah","33.03","Kabupaten Purbalingga","33.03.05","Purbalingga","33.03.05.1007","Penambongan"
"33","Jawa Tengah","33.03","Kabupaten Purbalingga","33.03.05","Purbalingga","33.03.05.1008","Purbalingga Kidul"
"33","Jawa Tengah","33.03","Kabupaten Purbalingga","33.03.05","Purbalingga","33.03.05.1009","Kandanggampang"
"33","Jawa Tengah","33.03","Kabupaten Purbalingga","33.03.05","Purbalingga","33.03.05.1010","Purbalingga Kulon"
"33","Jawa Tengah","33.03","Kabupaten Purbalingga","33.03.05","Purbalingga","33.03.05.1011","Purbalingga Lor"
"33","Jawa Tengah","33.03","Kabupaten Purbalingga","33.03.05","Purbalingga","33.03.05.1012","Kembaran Kulon"
"33","Jawa Tengah","33.03","Kabupaten Purbalingga","33.03.05","Purbalingga","33.03.05.1013","Wirasana"
"33","Jawa Tengah","33.03","Kabupaten Purbalingga","33.03.05","Purbalingga","33.03.05.2002","Toyareja"
"33","Jawa Tengah","33.03","Kabupaten Purbalingga","33.03.05","Purbalingga","33.03.05.2004","Jatisaba"
"33","Jawa Tengah","33.03","Kabupaten Purbalingga","33.03.06","Kalimanah","33.03.06.1011","Mewek"
"33","Jawa Tengah","33.03","Kabupaten Purbalingga","33.03.06","Kalimanah","33.03.06.1012","Karangmanyar"
"33","Jawa Tengah","33.03","Kabupaten Purbalingga","33.03.06","Kalimanah","33.03.06.1013","Kalikabong"
"33","Jawa Tengah","33.03","Kabupaten Purbalingga","33.03.06","Kalimanah","33.03.06.2001","Jompo"
"33","Jawa Tengah","33.03","Kabupaten Purbalingga","33.03.06","Kalimanah","33.03.06.2002","Rabak"
"33","Jawa Tengah","33.03","Kabupaten Purbalingga","33.03.06","Kalimanah","33.03.06.2003","Blater"
"33","Jawa Tengah","33.03","Kabupaten Purbalingga","33.03.06","Kalimanah","33.03.06.2004","Manduraga"
"33","Jawa Tengah","33.03","Kabupaten Purbalingga","33.03.06","Kalimanah","33.03.06.2005","Karangsari"
"33","Jawa Tengah","33.03","Kabupaten Purbalingga","33.03.06","Kalimanah","33.03.06.2006","Kalimanah Kulon"
"33","Jawa Tengah","33.03","Kabupaten Purbalingga","33.03.06","Kalimanah","33.03.06.2007","Sidakangen"
"33","Jawa Tengah","33.03","Kabupaten Purbalingga","33.03.06","Kalimanah","33.03.06.2008","Karangpetir"
"33","Jawa Tengah","33.03","Kabupaten Purbalingga","33.03.06","Kalimanah","33.03.06.2009","Kalimanah Wetan"
"33","Jawa Tengah","33.03","Kabupaten Purbalingga","33.03.06","Kalimanah","33.03.06.2010","Grecol"
"33","Jawa Tengah","33.03","Kabupaten Purbalingga","33.03.06","Kalimanah","33.03.06.2014","Selabaya"
"33","Jawa Tengah","33.03","Kabupaten Purbalingga","33.03.06","Kalimanah","33.03.06.2015","Klapasawit"
"33","Jawa Tengah","33.03","Kabupaten Purbalingga","33.03.06","Kalimanah","33.03.06.2016","Kedungwuluh"
"33","Jawa Tengah","33.03","Kabupaten Purbalingga","33.03.06","Kalimanah","33.03.06.2017","Babakan"
"33","Jawa Tengah","33.03","Kabupaten Purbalingga","33.03.07","Kutasari","33.03.07.2001","Karanglewas"
"33","Jawa Tengah","33.03","Kabupaten Purbalingga","33.03.07","Kutasari","33.03.07.2002","Munjul"
"33","Jawa Tengah","33.03","Kabupaten Purbalingga","33.03.07","Kutasari","33.03.07.2003","Sumingkir"
"33","Jawa Tengah","33.03","Kabupaten Purbalingga","33.03.07","Kutasari","33.03.07.2004","Meri"
"33","Jawa Tengah","33.03","Kabupaten Purbalingga","33.03.07","Kutasari","33.03.07.2005","Kutasari"
"33","Jawa Tengah","33.03","Kabupaten Purbalingga","33.03.07","Kutasari","33.03.07.2006","Karangklesem"
"33","Jawa Tengah","33.03","Kabupaten Purbalingga","33.03.07","Kutasari","33.03.07.2007","Karangreja"
"33","Jawa Tengah","33.03","Kabupaten Purbalingga","33.03.07","Kutasari","33.03.07.2008","Karangaren"
"33","Jawa Tengah","33.03","Kabupaten Purbalingga","33.03.07","Kutasari","33.03.07.2009","Limbangan"
"33","Jawa Tengah","33.03","Kabupaten Purbalingga","33.03.07","Kutasari","33.03.07.2010","Cendana"
"33","Jawa Tengah","33.03","Kabupaten Purbalingga","33.03.07","Kutasari","33.03.07.2011","Candiwulan"
"33","Jawa Tengah","33.03","Kabupaten Purbalingga","33.03.07","Kutasari","33.03.07.2012","Karangcegak"
"33","Jawa Tengah","33.03","Kabupaten Purbalingga","33.03.07","Kutasari","33.03.07.2013","Candinata"
"33","Jawa Tengah","33.03","Kabupaten Purbalingga","33.03.07","Kutasari","33.03.07.2014","Karangjengkol"
"33","Jawa Tengah","33.03","Kabupaten Purbalingga","33.03.08","Mrebet","33.03.08.2001","Karangturi"
"33","Jawa Tengah","33.03","Kabupaten Purbalingga","33.03.08","Mrebet","33.03.08.2002","Onje"
"33","Jawa Tengah","33.03","Kabupaten Purbalingga","33.03.08","Mrebet","33.03.08.2003","Sindang"
"33","Jawa Tengah","33.03","Kabupaten Purbalingga","33.03.08","Mrebet","33.03.08.2004","Tangkisan"
"33","Jawa Tengah","33.03","Kabupaten Purbalingga","33.03.08","Mrebet","33.03.08.2005","Kradenan"
"33","Jawa Tengah","33.03","Kabupaten Purbalingga","33.03.08","Mrebet","33.03.08.2006","Lambur"
"33","Jawa Tengah","33.03","Kabupaten Purbalingga","33.03.08","Mrebet","33.03.08.2007","Selaganggeng"
"33","Jawa Tengah","33.03","Kabupaten Purbalingga","33.03.08","Mrebet","33.03.08.2008","Mangunegara"
"33","Jawa Tengah","33.03","Kabupaten Purbalingga","33.03.08","Mrebet","33.03.08.2009","Karangnangka"
"33","Jawa Tengah","33.03","Kabupaten Purbalingga","33.03.08","Mrebet","33.03.08.2010","Mrebet"
"33","Jawa Tengah","33.03","Kabupaten Purbalingga","33.03.08","Mrebet","33.03.08.2011","Bojong"
"33","Jawa Tengah","33.03","Kabupaten Purbalingga","33.03.08","Mrebet","33.03.08.2012","Serayu Karanganyar"
"33","Jawa Tengah","33.03","Kabupaten Purbalingga","33.03.08","Mrebet","33.03.08.2013","Serayu Larangan"
"33","Jawa Tengah","33.03","Kabupaten Purbalingga","33.03.08","Mrebet","33.03.08.2014","Campakoah"
"33","Jawa Tengah","33.03","Kabupaten Purbalingga","33.03.08","Mrebet","33.03.08.2015","Pagerandong"
"33","Jawa Tengah","33.03","Kabupaten Purbalingga","33.03.08","Mrebet","33.03.08.2016","Cipaku"
"33","Jawa Tengah","33.03","Kabupaten Purbalingga","33.03.08","Mrebet","33.03.08.2017","Binangun"
"33","Jawa Tengah","33.03","Kabupaten Purbalingga","33.03.08","Mrebet","33.03.08.2018","Pengalusan"
"33","Jawa Tengah","33.03","Kabupaten Purbalingga","33.03.08","Mrebet","33.03.08.2019","Sangkanayu"
"33","Jawa Tengah","33.03","Kabupaten Purbalingga","33.03.09","Bobotsari","33.03.09.2001","Gandasuli"
"33","Jawa Tengah","33.03","Kabupaten Purbalingga","33.03.09","Bobotsari","33.03.09.2002","Kalapacung"
"33","Jawa Tengah","33.03","Kabupaten Purbalingga","33.03.09","Bobotsari","33.03.09.2003","Karangmalang"
"33","Jawa Tengah","33.03","Kabupaten Purbalingga","33.03.09","Bobotsari","33.03.09.2004","Banjarsari"
"33","Jawa Tengah","33.03","Kabupaten Purbalingga","33.03.09","Bobotsari","33.03.09.2005","Majapura"
"33","Jawa Tengah","33.03","Kabupaten Purbalingga","33.03.09","Bobotsari","33.03.09.2006","Bobotsari"
"33","Jawa Tengah","33.03","Kabupaten Purbalingga","33.03.09","Bobotsari","33.03.09.2007","Karangduren"
"33","Jawa Tengah","33.03","Kabupaten Purbalingga","33.03.09","Bobotsari","33.03.09.2008","Pakuncen"
"33","Jawa Tengah","33.03","Kabupaten Purbalingga","33.03.09","Bobotsari","33.03.09.2009","Karangtalun"
"33","Jawa Tengah","33.03","Kabupaten Purbalingga","33.03.09","Bobotsari","33.03.09.2010","Gunungkarang"
"33","Jawa Tengah","33.03","Kabupaten Purbalingga","33.03.09","Bobotsari","33.03.09.2011","Talagening"
"33","Jawa Tengah","33.03","Kabupaten Purbalingga","33.03.09","Bobotsari","33.03.09.2012","Tlagayasa"
"33","Jawa Tengah","33.03","Kabupaten Purbalingga","33.03.09","Bobotsari","33.03.09.2013","Dagan"
"33","Jawa Tengah","33.03","Kabupaten Purbalingga","33.03.09","Bobotsari","33.03.09.2014","Palumbungan"
"33","Jawa Tengah","33.03","Kabupaten Purbalingga","33.03.09","Bobotsari","33.03.09.2015","Limbasari"
"33","Jawa Tengah","33.03","Kabupaten Purbalingga","33.03.09","Bobotsari","33.03.09.2016","Palumbungan Wetan"
"33","Jawa Tengah","33.03","Kabupaten Purbalingga","33.03.10","Karangreja","33.03.10.2001","Serang"
"33","Jawa Tengah","33.03","Kabupaten Purbalingga","33.03.10","Karangreja","33.03.10.2002","Kutabawa"
"33","Jawa Tengah","33.03","Kabupaten Purbalingga","33.03.10","Karangreja","33.03.10.2003","Siwarak"
"33","Jawa Tengah","33.03","Kabupaten Purbalingga","33.03.10","Karangreja","33.03.10.2004","Tlahab Lor"
"33","Jawa Tengah","33.03","Kabupaten Purbalingga","33.03.10","Karangreja","33.03.10.2005","Tlahab Kidul"
"33","Jawa Tengah","33.03","Kabupaten Purbalingga","33.03.10","Karangreja","33.03.10.2006","Karangreja"
"33","Jawa Tengah","33.03","Kabupaten Purbalingga","33.03.10","Karangreja","33.03.10.2007","Gondang"
"33","Jawa Tengah","33.03","Kabupaten Purbalingga","33.03.11","Karanganyar","33.03.11.2001","Ponjen"
"33","Jawa Tengah","33.03","Kabupaten Purbalingga","33.03.11","Karanganyar","33.03.11.2002","Buara"
"33","Jawa Tengah","33.03","Kabupaten Purbalingga","33.03.11","Karanganyar","33.03.11.2003","Brakas"
"33","Jawa Tengah","33.03","Kabupaten Purbalingga","33.03.11","Karanganyar","33.03.11.2004","Bungkanel"
"33","Jawa Tengah","33.03","Kabupaten Purbalingga","33.03.11","Karanganyar","33.03.11.2005","Lumpang"
"33","Jawa Tengah","33.03","Kabupaten Purbalingga","33.03.11","Karanganyar","33.03.11.2006","Karanggedang"
"33","Jawa Tengah","33.03","Kabupaten Purbalingga","33.03.11","Karanganyar","33.03.11.2007","Kabunderan"
"33","Jawa Tengah","33.03","Kabupaten Purbalingga","33.03.11","Karanganyar","33.03.11.2008","Jambudesa"
"33","Jawa Tengah","33.03","Kabupaten Purbalingga","33.03.11","Karanganyar","33.03.11.2009","Maribaya"
"33","Jawa Tengah","33.03","Kabupaten Purbalingga","33.03.11","Karanganyar","33.03.11.2010","Karanganyar"
"33","Jawa Tengah","33.03","Kabupaten Purbalingga","33.03.11","Karanganyar","33.03.11.2012","Banjarkerta"
"33","Jawa Tengah","33.03","Kabupaten Purbalingga","33.03.11","Karanganyar","33.03.11.2013","Kalijaran"
"33","Jawa Tengah","33.03","Kabupaten Purbalingga","33.03.11","Karanganyar","33.03.11.2014","Kaliori"
"33","Jawa Tengah","33.03","Kabupaten Purbalingga","33.03.12","Karangmoncol","33.03.12.2001","Karangsari"
"33","Jawa Tengah","33.03","Kabupaten Purbalingga","33.03.12","Karangmoncol","33.03.12.2002","Pepedan"
"33","Jawa Tengah","33.03","Kabupaten Purbalingga","33.03.12","Karangmoncol","33.03.12.2003","Pekiringan"
"33","Jawa Tengah","33.03","Kabupaten Purbalingga","33.03.12","Karangmoncol","33.03.12.2004","Grantung"
"33","Jawa Tengah","33.03","Kabupaten Purbalingga","33.03.12","Karangmoncol","33.03.12.2005","Rajawana"
"33","Jawa Tengah","33.03","Kabupaten Purbalingga","33.03.12","Karangmoncol","33.03.12.2006","Tajug"
"33","Jawa Tengah","33.03","Kabupaten Purbalingga","33.03.12","Karangmoncol","33.03.12.2007","Tamansari"
"33","Jawa Tengah","33.03","Kabupaten Purbalingga","33.03.12","Karangmoncol","33.03.12.2008","Baleraksa"
"33","Jawa Tengah","33.03","Kabupaten Purbalingga","33.03.12","Karangmoncol","33.03.12.2009","Tunjungmuli"
"33","Jawa Tengah","33.03","Kabupaten Purbalingga","33.03.12","Karangmoncol","33.03.12.2010","Kramat"
"33","Jawa Tengah","33.03","Kabupaten Purbalingga","33.03.12","Karangmoncol","33.03.12.2011","Sirau"
"33","Jawa Tengah","33.03","Kabupaten Purbalingga","33.03.13","Rembang","33.03.13.2001","Wlahar"
"33","Jawa Tengah","33.03","Kabupaten Purbalingga","33.03.13","Rembang","33.03.13.2002","Bantarbarang"
"33","Jawa Tengah","33.03","Kabupaten Purbalingga","33.03.13","Rembang","33.03.13.2003","Karangbawang"
"33","Jawa Tengah","33.03","Kabupaten Purbalingga","33.03.13","Rembang","33.03.13.2004","Gunungwuled"
"33","Jawa Tengah","33.03","Kabupaten Purbalingga","33.03.13","Rembang","33.03.13.2005","Losari"
"33","Jawa Tengah","33.03","Kabupaten Purbalingga","33.03.13","Rembang","33.03.13.2006","Bodaskarangjati"
"33","Jawa Tengah","33.03","Kabupaten Purbalingga","33.03.13","Rembang","33.03.13.2007","Wanogara Wetan"
"33","Jawa Tengah","33.03","Kabupaten Purbalingga","33.03.13","Rembang","33.03.13.2008","Wanogara Kulon"
"33","Jawa Tengah","33.03","Kabupaten Purbalingga","33.03.13","Rembang","33.03.13.2009","Makam"
"33","Jawa Tengah","33.03","Kabupaten Purbalingga","33.03.13","Rembang","33.03.13.2010","Sumampir"
"33","Jawa Tengah","33.03","Kabupaten Purbalingga","33.03.13","Rembang","33.03.13.2011","Tanalum"
"33","Jawa Tengah","33.03","Kabupaten Purbalingga","33.03.13","Rembang","33.03.13.2012","Panusupan"
"33","Jawa Tengah","33.03","Kabupaten Purbalingga","33.03.14","Bojongsari","33.03.14.2001","Brobot"
"33","Jawa Tengah","33.03","Kabupaten Purbalingga","33.03.14","Bojongsari","33.03.14.2002","Gembong"
"33","Jawa Tengah","33.03","Kabupaten Purbalingga","33.03.14","Bojongsari","33.03.14.2003","Galuh"
"33","Jawa Tengah","33.03","Kabupaten Purbalingga","33.03.14","Bojongsari","33.03.14.2004","Banjaran"
"33","Jawa Tengah","33.03","Kabupaten Purbalingga","33.03.14","Bojongsari","33.03.14.2005","Patemon"
"33","Jawa Tengah","33.03","Kabupaten Purbalingga","33.03.14","Bojongsari","33.03.14.2006","Bojongsari"
"33","Jawa Tengah","33.03","Kabupaten Purbalingga","33.03.14","Bojongsari","33.03.14.2007","Kajongan"
"33","Jawa Tengah","33.03","Kabupaten Purbalingga","33.03.14","Bojongsari","33.03.14.2008","Karangbanjar"
"33","Jawa Tengah","33.03","Kabupaten Purbalingga","33.03.14","Bojongsari","33.03.14.2009","Beji"
"33","Jawa Tengah","33.03","Kabupaten Purbalingga","33.03.14","Bojongsari","33.03.14.2010","Pagedangan"
"33","Jawa Tengah","33.03","Kabupaten Purbalingga","33.03.14","Bojongsari","33.03.14.2011","Pekalongan"
"33","Jawa Tengah","33.03","Kabupaten Purbalingga","33.03.14","Bojongsari","33.03.14.2012","Metenggeng"
"33","Jawa Tengah","33.03","Kabupaten Purbalingga","33.03.14","Bojongsari","33.03.14.2013","Bumisari"
"33","Jawa Tengah","33.03","Kabupaten Purbalingga","33.03.15","Padamara","33.03.15.1004","Karangsentul"
"33","Jawa Tengah","33.03","Kabupaten Purbalingga","33.03.15","Padamara","33.03.15.2001","Karangpule"
"33","Jawa Tengah","33.03","Kabupaten Purbalingga","33.03.15","Padamara","33.03.15.2002","Sokawera"
"33","Jawa Tengah","33.03","Kabupaten Purbalingga","33.03.15","Padamara","33.03.15.2003","Karangjambe"
"33","Jawa Tengah","33.03","Kabupaten Purbalingga","33.03.15","Padamara","33.03.15.2005","Bojanegara"
"33","Jawa Tengah","33.03","Kabupaten Purbalingga","33.03.15","Padamara","33.03.15.2006","Gemuruh"
"33","Jawa Tengah","33.03","Kabupaten Purbalingga","33.03.15","Padamara","33.03.15.2007","Dawuhan"
"33","Jawa Tengah","33.03","Kabupaten Purbalingga","33.03.15","Padamara","33.03.15.2008","Prigi"
"33","Jawa Tengah","33.03","Kabupaten Purbalingga","33.03.15","Padamara","33.03.15.2009","Padamara"
"33","Jawa Tengah","33.03","Kabupaten Purbalingga","33.03.15","Padamara","33.03.15.2010","Purbayasa"
"33","Jawa Tengah","33.03","Kabupaten Purbalingga","33.03.15","Padamara","33.03.15.2011","Kalitinggar"
"33","Jawa Tengah","33.03","Kabupaten Purbalingga","33.03.15","Padamara","33.03.15.2012","Mipiran"
"33","Jawa Tengah","33.03","Kabupaten Purbalingga","33.03.15","Padamara","33.03.15.2013","Karanggambas"
"33","Jawa Tengah","33.03","Kabupaten Purbalingga","33.03.15","Padamara","33.03.15.2014","Kalitinggar Kidul"
"33","Jawa Tengah","33.03","Kabupaten Purbalingga","33.03.16","Pengadegan","33.03.16.2001","Panunggalan"
"33","Jawa Tengah","33.03","Kabupaten Purbalingga","33.03.16","Pengadegan","33.03.16.2002","Larangan"
"33","Jawa Tengah","33.03","Kabupaten Purbalingga","33.03.16","Pengadegan","33.03.16.2003","Pasunggingan"
"33","Jawa Tengah","33.03","Kabupaten Purbalingga","33.03.16","Pengadegan","33.03.16.2004","Pengadegan"
"33","Jawa Tengah","33.03","Kabupaten Purbalingga","33.03.16","Pengadegan","33.03.16.2005","Karangjoho"
"33","Jawa Tengah","33.03","Kabupaten Purbalingga","33.03.16","Pengadegan","33.03.16.2006","Bedagas"
"33","Jawa Tengah","33.03","Kabupaten Purbalingga","33.03.16","Pengadegan","33.03.16.2007","Tumanggal"
"33","Jawa Tengah","33.03","Kabupaten Purbalingga","33.03.16","Pengadegan","33.03.16.2008","Tegalpingen"
"33","Jawa Tengah","33.03","Kabupaten Purbalingga","33.03.16","Pengadegan","33.03.16.2009","Tetel"
"33","Jawa Tengah","33.03","Kabupaten Purbalingga","33.03.17","Karangjambu","33.03.17.2001","Purbasari"
"33","Jawa Tengah","33.03","Kabupaten Purbalingga","33.03.17","Karangjambu","33.03.17.2002","Sirandu"
"33","Jawa Tengah","33.03","Kabupaten Purbalingga","33.03.17","Karangjambu","33.03.17.2003","Karangjambu"
"33","Jawa Tengah","33.03","Kabupaten Purbalingga","33.03.17","Karangjambu","33.03.17.2004","Sanguwatang"
"33","Jawa Tengah","33.03","Kabupaten Purbalingga","33.03.17","Karangjambu","33.03.17.2005","Jingkang"
"33","Jawa Tengah","33.03","Kabupaten Purbalingga","33.03.17","Karangjambu","33.03.17.2006","Danasari"
"33","Jawa Tengah","33.03","Kabupaten Purbalingga","33.03.18","Kertanegara","33.03.18.2001","Krangean"
"33","Jawa Tengah","33.03","Kabupaten Purbalingga","33.03.18","Kertanegara","33.03.18.2002","Darma"
"33","Jawa Tengah","33.03","Kabupaten Purbalingga","33.03.18","Kertanegara","33.03.18.2003","Langkap"
"33","Jawa Tengah","33.03","Kabupaten Purbalingga","33.03.18","Kertanegara","33.03.18.2004","Adiarsa"
"33","Jawa Tengah","33.03","Kabupaten Purbalingga","33.03.18","Kertanegara","33.03.18.2005","Karangasem"
"33","Jawa Tengah","33.03","Kabupaten Purbalingga","33.03.18","Kertanegara","33.03.18.2006","Karangpucung"
"33","Jawa Tengah","33.03","Kabupaten Purbalingga","33.03.18","Kertanegara","33.03.18.2007","Condong"
"33","Jawa Tengah","33.03","Kabupaten Purbalingga","33.03.18","Kertanegara","33.03.18.2008","Kasih"
"33","Jawa Tengah","33.03","Kabupaten Purbalingga","33.03.18","Kertanegara","33.03.18.2009","Karangtengah"
"33","Jawa Tengah","33.03","Kabupaten Purbalingga","33.03.18","Kertanegara","33.03.18.2010","Kertanegara"
"33","Jawa Tengah","33.03","Kabupaten Purbalingga","33.03.18","Kertanegara","33.03.18.2011","Mergasana"
"33","Jawa Tengah","33.04","Kabupaten Banjarnegara","33.04.01","Susukan","33.04.01.2001","Berta"
"33","Jawa Tengah","33.04","Kabupaten Banjarnegara","33.04.01","Susukan","33.04.01.2002","Derik"
"33","Jawa Tengah","33.04","Kabupaten Banjarnegara","33.04.01","Susukan","33.04.01.2003","Gumelem Wetan"
"33","Jawa Tengah","33.04","Kabupaten Banjarnegara","33.04.01","Susukan","33.04.01.2004","Gumelem Kulon"
"33","Jawa Tengah","33.04","Kabupaten Banjarnegara","33.04.01","Susukan","33.04.01.2005","Penarusan Wetan"
"33","Jawa Tengah","33.04","Kabupaten Banjarnegara","33.04.01","Susukan","33.04.01.2006","Penarusan Kulon"
"33","Jawa Tengah","33.04","Kabupaten Banjarnegara","33.04.01","Susukan","33.04.01.2007","Brengkok"
"33","Jawa Tengah","33.04","Kabupaten Banjarnegara","33.04.01","Susukan","33.04.01.2008","Pekikiran"
"33","Jawa Tengah","33.04","Kabupaten Banjarnegara","33.04.01","Susukan","33.04.01.2009","Piasa Wetan"
"33","Jawa Tengah","33.04","Kabupaten Banjarnegara","33.04.01","Susukan","33.04.01.2010","Karangsalam"
"33","Jawa Tengah","33.04","Kabupaten Banjarnegara","33.04.01","Susukan","33.04.01.2011","Kemranggon"
"33","Jawa Tengah","33.04","Kabupaten Banjarnegara","33.04.01","Susukan","33.04.01.2012","Susukan"
"33","Jawa Tengah","33.04","Kabupaten Banjarnegara","33.04.01","Susukan","33.04.01.2013","Dermasari"
"33","Jawa Tengah","33.04","Kabupaten Banjarnegara","33.04.01","Susukan","33.04.01.2014","Kedawung"
"33","Jawa Tengah","33.04","Kabupaten Banjarnegara","33.04.01","Susukan","33.04.01.2015","Karangjati"
"33","Jawa Tengah","33.04","Kabupaten Banjarnegara","33.04.02","Purworeja Klampok","33.04.02.2001","Sirkandi"
"33","Jawa Tengah","33.04","Kabupaten Banjarnegara","33.04.02","Purworeja Klampok","33.04.02.2002","Pagak"
"33","Jawa Tengah","33.04","Kabupaten Banjarnegara","33.04.02","Purworeja Klampok","33.04.02.2003","Kecitran"
"33","Jawa Tengah","33.04","Kabupaten Banjarnegara","33.04.02","Purworeja Klampok","33.04.02.2004","Purwareja"
"33","Jawa Tengah","33.04","Kabupaten Banjarnegara","33.04.02","Purworeja Klampok","33.04.02.2005","Klampok"
"33","Jawa Tengah","33.04","Kabupaten Banjarnegara","33.04.02","Purworeja Klampok","33.04.02.2006","Kalilandak"
"33","Jawa Tengah","33.04","Kabupaten Banjarnegara","33.04.02","Purworeja Klampok","33.04.02.2007","Kalimandi"
"33","Jawa Tengah","33.04","Kabupaten Banjarnegara","33.04.02","Purworeja Klampok","33.04.02.2008","Kaliwinasuh"
"33","Jawa Tengah","33.04","Kabupaten Banjarnegara","33.04.03","Mandiraja","33.04.03.2001","Jalatunda"
"33","Jawa Tengah","33.04","Kabupaten Banjarnegara","33.04.03","Mandiraja","33.04.03.2002","Somawangi"
"33","Jawa Tengah","33.04","Kabupaten Banjarnegara","33.04.03","Mandiraja","33.04.03.2003","Kaliwungu"
"33","Jawa Tengah","33.04","Kabupaten Banjarnegara","33.04.03","Mandiraja","33.04.03.2004","Kebanaran"
"33","Jawa Tengah","33.04","Kabupaten Banjarnegara","33.04.03","Mandiraja","33.04.03.2005","Glempang"
"33","Jawa Tengah","33.04","Kabupaten Banjarnegara","33.04.03","Mandiraja","33.04.03.2006","Salamerta"
"33","Jawa Tengah","33.04","Kabupaten Banjarnegara","33.04.03","Mandiraja","33.04.03.2007","Purwasaba"
"33","Jawa Tengah","33.04","Kabupaten Banjarnegara","33.04.03","Mandiraja","33.04.03.2008","Blimbing"
"33","Jawa Tengah","33.04","Kabupaten Banjarnegara","33.04.03","Mandiraja","33.04.03.2009","Panggisari"
"33","Jawa Tengah","33.04","Kabupaten Banjarnegara","33.04.03","Mandiraja","33.04.03.2010","Candiwulan"
"33","Jawa Tengah","33.04","Kabupaten Banjarnegara","33.04.03","Mandiraja","33.04.03.2011","Simbang"
"33","Jawa Tengah","33.04","Kabupaten Banjarnegara","33.04.03","Mandiraja","33.04.03.2012","Kertayasa"
"33","Jawa Tengah","33.04","Kabupaten Banjarnegara","33.04.03","Mandiraja","33.04.03.2013","Banjengan"
"33","Jawa Tengah","33.04","Kabupaten Banjarnegara","33.04.03","Mandiraja","33.04.03.2014","Mandiraja Kulon"
"33","Jawa Tengah","33.04","Kabupaten Banjarnegara","33.04.03","Mandiraja","33.04.03.2015","Kebakalan"
"33","Jawa Tengah","33.04","Kabupaten Banjarnegara","33.04.03","Mandiraja","33.04.03.2016","Mandiraja Wetan"
"33","Jawa Tengah","33.04","Kabupaten Banjarnegara","33.04.04","Purwanegara","33.04.04.2001","Kalitengah"
"33","Jawa Tengah","33.04","Kabupaten Banjarnegara","33.04.04","Purwanegara","33.04.04.2002","Merden"
"33","Jawa Tengah","33.04","Kabupaten Banjarnegara","33.04.04","Purwanegara","33.04.04.2003","Karanganyar"
"33","Jawa Tengah","33.04","Kabupaten Banjarnegara","33.04.04","Purwanegara","33.04.04.2004","Kaliajir"
"33","Jawa Tengah","33.04","Kabupaten Banjarnegara","33.04.04","Purwanegara","33.04.04.2005","Petir"
"33","Jawa Tengah","33.04","Kabupaten Banjarnegara","33.04.04","Purwanegara","33.04.04.2006","Pucungbedug"
"33","Jawa Tengah","33.04","Kabupaten Banjarnegara","33.04.04","Purwanegara","33.04.04.2007","Parakan"
"33","Jawa Tengah","33.04","Kabupaten Banjarnegara","33.04.04","Purwanegara","33.04.04.2008","Mertasari"
"33","Jawa Tengah","33.04","Kabupaten Banjarnegara","33.04.04","Purwanegara","33.04.04.2009","Danaraja"
"33","Jawa Tengah","33.04","Kabupaten Banjarnegara","33.04.04","Purwanegara","33.04.04.2010","Purwonegoro"
"33","Jawa Tengah","33.04","Kabupaten Banjarnegara","33.04.04","Purwanegara","33.04.04.2011","Kalipelus"
"33","Jawa Tengah","33.04","Kabupaten Banjarnegara","33.04.04","Purwanegara","33.04.04.2012","Gumiwang"
"33","Jawa Tengah","33.04","Kabupaten Banjarnegara","33.04.04","Purwanegara","33.04.04.2013","Kutawuluh"
"33","Jawa Tengah","33.04","Kabupaten Banjarnegara","33.04.05","Bawang","33.04.05.2001","Wanadri"
"33","Jawa Tengah","33.04","Kabupaten Banjarnegara","33.04.05","Bawang","33.04.05.2002","Kebondalem"
"33","Jawa Tengah","33.04","Kabupaten Banjarnegara","33.04.05","Bawang","33.04.05.2003","Majalengka"
"33","Jawa Tengah","33.04","Kabupaten Banjarnegara","33.04.05","Bawang","33.04.05.2004","Wiramastra"
"33","Jawa Tengah","33.04","Kabupaten Banjarnegara","33.04.05","Bawang","33.04.05.2005","Kutayasa"
"33","Jawa Tengah","33.04","Kabupaten Banjarnegara","33.04.05","Bawang","33.04.05.2006","Winong"
"33","Jawa Tengah","33.04","Kabupaten Banjarnegara","33.04.05","Bawang","33.04.05.2007","Depok"
"33","Jawa Tengah","33.04","Kabupaten Banjarnegara","33.04.05","Bawang","33.04.05.2008","Watuurip"
"33","Jawa Tengah","33.04","Kabupaten Banjarnegara","33.04.05","Bawang","33.04.05.2009","Masaran"
"33","Jawa Tengah","33.04","Kabupaten Banjarnegara","33.04.05","Bawang","33.04.05.2010","Serang"
"33","Jawa Tengah","33.04","Kabupaten Banjarnegara","33.04.05","Bawang","33.04.05.2011","Mantrianom"
"33","Jawa Tengah","33.04","Kabupaten Banjarnegara","33.04.05","Bawang","33.04.05.2012","Binorong"
"33","Jawa Tengah","33.04","Kabupaten Banjarnegara","33.04.05","Bawang","33.04.05.2013","Joho"
"33","Jawa Tengah","33.04","Kabupaten Banjarnegara","33.04.05","Bawang","33.04.05.2014","Bawang"
"33","Jawa Tengah","33.04","Kabupaten Banjarnegara","33.04.05","Bawang","33.04.05.2015","Bandingan"
"33","Jawa Tengah","33.04","Kabupaten Banjarnegara","33.04.05","Bawang","33.04.05.2016","Blambangan"
"33","Jawa Tengah","33.04","Kabupaten Banjarnegara","33.04.05","Bawang","33.04.05.2017","Gemuruh"
"33","Jawa Tengah","33.04","Kabupaten Banjarnegara","33.04.05","Bawang","33.04.05.2018","Pucang"
"33","Jawa Tengah","33.04","Kabupaten Banjarnegara","33.04.06","Banjarnegara","33.04.06.1001","Argasoka"
"33","Jawa Tengah","33.04","Kabupaten Banjarnegara","33.04.06","Banjarnegara","33.04.06.1006","Karangtengah"
"33","Jawa Tengah","33.04","Kabupaten Banjarnegara","33.04.06","Banjarnegara","33.04.06.1007","Wangon"
"33","Jawa Tengah","33.04","Kabupaten Banjarnegara","33.04.06","Banjarnegara","33.04.06.1008","Semampir"
"33","Jawa Tengah","33.04","Kabupaten Banjarnegara","33.04.06","Banjarnegara","33.04.06.1009","Sokanandi"
"33","Jawa Tengah","33.04","Kabupaten Banjarnegara","33.04.06","Banjarnegara","33.04.06.1010","Parakancanggah"
"33","Jawa Tengah","33.04","Kabupaten Banjarnegara","33.04.06","Banjarnegara","33.04.06.1011","Semarang"
"33","Jawa Tengah","33.04","Kabupaten Banjarnegara","33.04.06","Banjarnegara","33.04.06.1012","Krandegan"
"33","Jawa Tengah","33.04","Kabupaten Banjarnegara","33.04.06","Banjarnegara","33.04.06.1013","Kutabanjarnegara"
"33","Jawa Tengah","33.04","Kabupaten Banjarnegara","33.04.06","Banjarnegara","33.04.06.2002","Ampelsari"
"33","Jawa Tengah","33.04","Kabupaten Banjarnegara","33.04.06","Banjarnegara","33.04.06.2003","Tlagawera"
"33","Jawa Tengah","33.04","Kabupaten Banjarnegara","33.04.06","Banjarnegara","33.04.06.2004","Cendana"
"33","Jawa Tengah","33.04","Kabupaten Banjarnegara","33.04.06","Banjarnegara","33.04.06.2005","Sokayasa"
"33","Jawa Tengah","33.04","Kabupaten Banjarnegara","33.04.07","Sigaluh","33.04.07.1015","Kalibenda"
"33","Jawa Tengah","33.04","Kabupaten Banjarnegara","33.04.07","Sigaluh","33.04.07.2001","Pringamba"
"33","Jawa Tengah","33.04","Kabupaten Banjarnegara","33.04.07","Sigaluh","33.04.07.2002","Sawal"
"33","Jawa Tengah","33.04","Kabupaten Banjarnegara","33.04.07","Sigaluh","33.04.07.2003","Panawaren"
"33","Jawa Tengah","33.04","Kabupaten Banjarnegara","33.04.07","Sigaluh","33.04.07.2004","Tunggara"
"33","Jawa Tengah","33.04","Kabupaten Banjarnegara","33.04.07","Sigaluh","33.04.07.2005","Randegan"
"33","Jawa Tengah","33.04","Kabupaten Banjarnegara","33.04.07","Sigaluh","33.04.07.2006","Bojanegara"
"33","Jawa Tengah","33.04","Kabupaten Banjarnegara","33.04.07","Sigaluh","33.04.07.2007","Bandingan"
"33","Jawa Tengah","33.04","Kabupaten Banjarnegara","33.04.07","Sigaluh","33.04.07.2008","Prigi"
"33","Jawa Tengah","33.04","Kabupaten Banjarnegara","33.04.07","Sigaluh","33.04.07.2009","Gembongan"
"33","Jawa Tengah","33.04","Kabupaten Banjarnegara","33.04.07","Sigaluh","33.04.07.2010","Kemiri"
"33","Jawa Tengah","33.04","Kabupaten Banjarnegara","33.04.07","Sigaluh","33.04.07.2011","Karangmangu"
"33","Jawa Tengah","33.04","Kabupaten Banjarnegara","33.04.07","Sigaluh","33.04.07.2012","Wanacipta"
"33","Jawa Tengah","33.04","Kabupaten Banjarnegara","33.04.07","Sigaluh","33.04.07.2013","Sigaluh"
"33","Jawa Tengah","33.04","Kabupaten Banjarnegara","33.04.07","Sigaluh","33.04.07.2014","Singamerta"
"33","Jawa Tengah","33.04","Kabupaten Banjarnegara","33.04.08","Madukara","33.04.08.1011","Kenteng"
"33","Jawa Tengah","33.04","Kabupaten Banjarnegara","33.04.08","Madukara","33.04.08.1012","Rejasa"
"33","Jawa Tengah","33.04","Kabupaten Banjarnegara","33.04.08","Madukara","33.04.08.2001","Limbangan"
"33","Jawa Tengah","33.04","Kabupaten Banjarnegara","33.04.08","Madukara","33.04.08.2002","Penawangan"
"33","Jawa Tengah","33.04","Kabupaten Banjarnegara","33.04.08","Madukara","33.04.08.2003","Talunamba"
"33","Jawa Tengah","33.04","Kabupaten Banjarnegara","33.04.08","Madukara","33.04.08.2004","Madukara"
"33","Jawa Tengah","33.04","Kabupaten Banjarnegara","33.04.08","Madukara","33.04.08.2005","Kutayasa"
"33","Jawa Tengah","33.04","Kabupaten Banjarnegara","33.04.08","Madukara","33.04.08.2006","Pekauman"
"33","Jawa Tengah","33.04","Kabupaten Banjarnegara","33.04.08","Madukara","33.04.08.2007","Pagelak"
"33","Jawa Tengah","33.04","Kabupaten Banjarnegara","33.04.08","Madukara","33.04.08.2008","Dawuhan"
"33","Jawa Tengah","33.04","Kabupaten Banjarnegara","33.04.08","Madukara","33.04.08.2009","Bantarwaru"
"33","Jawa Tengah","33.04","Kabupaten Banjarnegara","33.04.08","Madukara","33.04.08.2010","Sered"
"33","Jawa Tengah","33.04","Kabupaten Banjarnegara","33.04.08","Madukara","33.04.08.2013","Petambakan"
"33","Jawa Tengah","33.04","Kabupaten Banjarnegara","33.04.08","Madukara","33.04.08.2014","Rakitan"
"33","Jawa Tengah","33.04","Kabupaten Banjarnegara","33.04.08","Madukara","33.04.08.2015","Blitar"
"33","Jawa Tengah","33.04","Kabupaten Banjarnegara","33.04.08","Madukara","33.04.08.2016","Kaliurip"
"33","Jawa Tengah","33.04","Kabupaten Banjarnegara","33.04.08","Madukara","33.04.08.2017","Karanganyar"
"33","Jawa Tengah","33.04","Kabupaten Banjarnegara","33.04.08","Madukara","33.04.08.2018","Gununggiana"
"33","Jawa Tengah","33.04","Kabupaten Banjarnegara","33.04.08","Madukara","33.04.08.2019","Clapar"
"33","Jawa Tengah","33.04","Kabupaten Banjarnegara","33.04.08","Madukara","33.04.08.2020","Pakelen"
"33","Jawa Tengah","33.04","Kabupaten Banjarnegara","33.04.09","Banjarmangu","33.04.09.2001","Jenggawur"
"33","Jawa Tengah","33.04","Kabupaten Banjarnegara","33.04.09","Banjarmangu","33.04.09.2002","Banjarkulon"
"33","Jawa Tengah","33.04","Kabupaten Banjarnegara","33.04.09","Banjarmangu","33.04.09.2003","Banjarmangu"
"33","Jawa Tengah","33.04","Kabupaten Banjarnegara","33.04.09","Banjarmangu","33.04.09.2004","Rejasari"
"33","Jawa Tengah","33.04","Kabupaten Banjarnegara","33.04.09","Banjarmangu","33.04.09.2005","Kesenet"
"33","Jawa Tengah","33.04","Kabupaten Banjarnegara","33.04.09","Banjarmangu","33.04.09.2006","Kalilunjar"
"33","Jawa Tengah","33.04","Kabupaten Banjarnegara","33.04.09","Banjarmangu","33.04.09.2007","Sijeruk"
"33","Jawa Tengah","33.04","Kabupaten Banjarnegara","33.04.09","Banjarmangu","33.04.09.2008","Kendaga"
"33","Jawa Tengah","33.04","Kabupaten Banjarnegara","33.04.09","Banjarmangu","33.04.09.2009","Gripit"
"33","Jawa Tengah","33.04","Kabupaten Banjarnegara","33.04.09","Banjarmangu","33.04.09.2010","Pekandangan"
"33","Jawa Tengah","33.04","Kabupaten Banjarnegara","33.04.09","Banjarmangu","33.04.09.2011","Sigeblog"
"33","Jawa Tengah","33.04","Kabupaten Banjarnegara","33.04.09","Banjarmangu","33.04.09.2012","Paseh"
"33","Jawa Tengah","33.04","Kabupaten Banjarnegara","33.04.09","Banjarmangu","33.04.09.2013","Sipedang"
"33","Jawa Tengah","33.04","Kabupaten Banjarnegara","33.04.09","Banjarmangu","33.04.09.2014","Sijenggung"
"33","Jawa Tengah","33.04","Kabupaten Banjarnegara","33.04.09","Banjarmangu","33.04.09.2015","Beji"
"33","Jawa Tengah","33.04","Kabupaten Banjarnegara","33.04.09","Banjarmangu","33.04.09.2016","Prendengan"
"33","Jawa Tengah","33.04","Kabupaten Banjarnegara","33.04.09","Banjarmangu","33.04.09.2017","Majatengah"
"33","Jawa Tengah","33.04","Kabupaten Banjarnegara","33.04.10","Wanadadi","33.04.10.2001","Kasilib"
"33","Jawa Tengah","33.04","Kabupaten Banjarnegara","33.04.10","Wanadadi","33.04.10.2002","Tapen"
"33","Jawa Tengah","33.04","Kabupaten Banjarnegara","33.04.10","Wanadadi","33.04.10.2003","Karangjambe"
"33","Jawa Tengah","33.04","Kabupaten Banjarnegara","33.04.10","Wanadadi","33.04.10.2004","Wanadadi"
"33","Jawa Tengah","33.04","Kabupaten Banjarnegara","33.04.10","Wanadadi","33.04.10.2005","Wanakarsa"
"33","Jawa Tengah","33.04","Kabupaten Banjarnegara","33.04.10","Wanadadi","33.04.10.2006","Lemahjaya"
"33","Jawa Tengah","33.04","Kabupaten Banjarnegara","33.04.10","Wanadadi","33.04.10.2007","Karangkemiri"
"33","Jawa Tengah","33.04","Kabupaten Banjarnegara","33.04.10","Wanadadi","33.04.10.2008","Kandangwangi"
"33","Jawa Tengah","33.04","Kabupaten Banjarnegara","33.04.10","Wanadadi","33.04.10.2009","Medayu"
"33","Jawa Tengah","33.04","Kabupaten Banjarnegara","33.04.10","Wanadadi","33.04.10.2010","Linggasari"
"33","Jawa Tengah","33.04","Kabupaten Banjarnegara","33.04.10","Wanadadi","33.04.10.2011","Gumingsir"
"33","Jawa Tengah","33.04","Kabupaten Banjarnegara","33.04.11","Rakit","33.04.11.2001","Pingit"
"33","Jawa Tengah","33.04","Kabupaten Banjarnegara","33.04.11","Rakit","33.04.11.2002","Situwangi"
"33","Jawa Tengah","33.04","Kabupaten Banjarnegara","33.04.11","Rakit","33.04.11.2003","Gelang"
"33","Jawa Tengah","33.04","Kabupaten Banjarnegara","33.04.11","Rakit","33.04.11.2004","Rakit"
"33","Jawa Tengah","33.04","Kabupaten Banjarnegara","33.04.11","Rakit","33.04.11.2005","Adipasir"
"33","Jawa Tengah","33.04","Kabupaten Banjarnegara","33.04.11","Rakit","33.04.11.2006","Bandingan"
"33","Jawa Tengah","33.04","Kabupaten Banjarnegara","33.04.11","Rakit","33.04.11.2007","Kincang"
"33","Jawa Tengah","33.04","Kabupaten Banjarnegara","33.04.11","Rakit","33.04.11.2008","Badamita"
"33","Jawa Tengah","33.04","Kabupaten Banjarnegara","33.04.11","Rakit","33.04.11.2009","Tanjunganom"
"33","Jawa Tengah","33.04","Kabupaten Banjarnegara","33.04.11","Rakit","33.04.11.2010","Luwung"
"33","Jawa Tengah","33.04","Kabupaten Banjarnegara","33.04.11","Rakit","33.04.11.2011","Lengkong"
"33","Jawa Tengah","33.04","Kabupaten Banjarnegara","33.04.12","Punggelan","33.04.12.2001","Sambong"
"33","Jawa Tengah","33.04","Kabupaten Banjarnegara","33.04.12","Punggelan","33.04.12.2002","Danakerta"
"33","Jawa Tengah","33.04","Kabupaten Banjarnegara","33.04.12","Punggelan","33.04.12.2003","Klapa"
"33","Jawa Tengah","33.04","Kabupaten Banjarnegara","33.04.12","Punggelan","33.04.12.2004","Kecepit"
"33","Jawa Tengah","33.04","Kabupaten Banjarnegara","33.04.12","Punggelan","33.04.12.2005","Karangsari"
"33","Jawa Tengah","33.04","Kabupaten Banjarnegara","33.04.12","Punggelan","33.04.12.2006","Tribuana"
"33","Jawa Tengah","33.04","Kabupaten Banjarnegara","33.04.12","Punggelan","33.04.12.2007","Sawangan"
"33","Jawa Tengah","33.04","Kabupaten Banjarnegara","33.04.12","Punggelan","33.04.12.2008","Sidarata"
"33","Jawa Tengah","33.04","Kabupaten Banjarnegara","33.04.12","Punggelan","33.04.12.2009","Badakarya"
"33","Jawa Tengah","33.04","Kabupaten Banjarnegara","33.04.12","Punggelan","33.04.12.2010","Punggelan"
"33","Jawa Tengah","33.04","Kabupaten Banjarnegara","33.04.12","Punggelan","33.04.12.2011","Jembangan"
"33","Jawa Tengah","33.04","Kabupaten Banjarnegara","33.04.12","Punggelan","33.04.12.2012","Purwasana"
"33","Jawa Tengah","33.04","Kabupaten Banjarnegara","33.04.12","Punggelan","33.04.12.2013","Petuguran"
"33","Jawa Tengah","33.04","Kabupaten Banjarnegara","33.04.12","Punggelan","33.04.12.2014","Bondolharjo"
"33","Jawa Tengah","33.04","Kabupaten Banjarnegara","33.04.12","Punggelan","33.04.12.2015","Tanjungtirta"
"33","Jawa Tengah","33.04","Kabupaten Banjarnegara","33.04.12","Punggelan","33.04.12.2016","Tlaga"
"33","Jawa Tengah","33.04","Kabupaten Banjarnegara","33.04.12","Punggelan","33.04.12.2017","Mlaya"
"33","Jawa Tengah","33.04","Kabupaten Banjarnegara","33.04.13","Karangkobar","33.04.13.2001","Paweden"
"33","Jawa Tengah","33.04","Kabupaten Banjarnegara","33.04.13","Karangkobar","33.04.13.2002","Gumelar"
"33","Jawa Tengah","33.04","Kabupaten Banjarnegara","33.04.13","Karangkobar","33.04.13.2003","Purwodadi"
"33","Jawa Tengah","33.04","Kabupaten Banjarnegara","33.04.13","Karangkobar","33.04.13.2004","Sampang"
"33","Jawa Tengah","33.04","Kabupaten Banjarnegara","33.04.13","Karangkobar","33.04.13.2005","Slatri"
"33","Jawa Tengah","33.04","Kabupaten Banjarnegara","33.04.13","Karangkobar","33.04.13.2006","Pagerpelah"
"33","Jawa Tengah","33.04","Kabupaten Banjarnegara","33.04.13","Karangkobar","33.04.13.2007","Pasuruhan"
"33","Jawa Tengah","33.04","Kabupaten Banjarnegara","33.04.13","Karangkobar","33.04.13.2008","Karanggondang"
"33","Jawa Tengah","33.04","Kabupaten Banjarnegara","33.04.13","Karangkobar","33.04.13.2009","Jlegong"
"33","Jawa Tengah","33.04","Kabupaten Banjarnegara","33.04.13","Karangkobar","33.04.13.2010","Ambal"
"33","Jawa Tengah","33.04","Kabupaten Banjarnegara","33.04.13","Karangkobar","33.04.13.2011","Binangun"
"33","Jawa Tengah","33.04","Kabupaten Banjarnegara","33.04.13","Karangkobar","33.04.13.2012","Karangkobar"
"33","Jawa Tengah","33.04","Kabupaten Banjarnegara","33.04.13","Karangkobar","33.04.13.2013","Leksana"
"33","Jawa Tengah","33.04","Kabupaten Banjarnegara","33.04.14","Pagentan","33.04.14.2001","Larangan"
"33","Jawa Tengah","33.04","Kabupaten Banjarnegara","33.04.14","Pagentan","33.04.14.2002","Karangnangka"
"33","Jawa Tengah","33.04","Kabupaten Banjarnegara","33.04.14","Pagentan","33.04.14.2003","Aribaya"
"33","Jawa Tengah","33.04","Kabupaten Banjarnegara","33.04.14","Pagentan","33.04.14.2004","Nagasari"
"33","Jawa Tengah","33.04","Kabupaten Banjarnegara","33.04.14","Pagentan","33.04.14.2005","Gumingsir"
"33","Jawa Tengah","33.04","Kabupaten Banjarnegara","33.04.14","Pagentan","33.04.14.2006","Sokaraja"
"33","Jawa Tengah","33.04","Kabupaten Banjarnegara","33.04.14","Pagentan","33.04.14.2007","Kayuares"
"33","Jawa Tengah","33.04","Kabupaten Banjarnegara","33.04.14","Pagentan","33.04.14.2008","Metawana"
"33","Jawa Tengah","33.04","Kabupaten Banjarnegara","33.04.14","Pagentan","33.04.14.2009","Kalitlaga"
"33","Jawa Tengah","33.04","Kabupaten Banjarnegara","33.04.14","Pagentan","33.04.14.2010","Karekan"
"33","Jawa Tengah","33.04","Kabupaten Banjarnegara","33.04.14","Pagentan","33.04.14.2011","Plumbungan"
"33","Jawa Tengah","33.04","Kabupaten Banjarnegara","33.04.14","Pagentan","33.04.14.2012","Pagentan"
"33","Jawa Tengah","33.04","Kabupaten Banjarnegara","33.04.14","Pagentan","33.04.14.2013","Kasmaran"
"33","Jawa Tengah","33.04","Kabupaten Banjarnegara","33.04.14","Pagentan","33.04.14.2014","Majasari"
"33","Jawa Tengah","33.04","Kabupaten Banjarnegara","33.04.14","Pagentan","33.04.14.2015","Babadan"
"33","Jawa Tengah","33.04","Kabupaten Banjarnegara","33.04.14","Pagentan","33.04.14.2016","Tegaljeruk"
"33","Jawa Tengah","33.04","Kabupaten Banjarnegara","33.04.15","Pejawaran","33.04.15.2001","Kalilunjar"
"33","Jawa Tengah","33.04","Kabupaten Banjarnegara","33.04.15","Pejawaran","33.04.15.2002","Karangsari"
"33","Jawa Tengah","33.04","Kabupaten Banjarnegara","33.04.15","Pejawaran","33.04.15.2003","Sarwodadi"
"33","Jawa Tengah","33.04","Kabupaten Banjarnegara","33.04.15","Pejawaran","33.04.15.2004","Grogol"
"33","Jawa Tengah","33.04","Kabupaten Banjarnegara","33.04.15","Pejawaran","33.04.15.2005","Giritirta"
"33","Jawa Tengah","33.04","Kabupaten Banjarnegara","33.04.15","Pejawaran","33.04.15.2006","Biting"
"33","Jawa Tengah","33.04","Kabupaten Banjarnegara","33.04.15","Pejawaran","33.04.15.2007","Tlahab"
"33","Jawa Tengah","33.04","Kabupaten Banjarnegara","33.04.15","Pejawaran","33.04.15.2008","Darmayasa"
"33","Jawa Tengah","33.04","Kabupaten Banjarnegara","33.04.15","Pejawaran","33.04.15.2009","Pejawaran"
"33","Jawa Tengah","33.04","Kabupaten Banjarnegara","33.04.15","Pejawaran","33.04.15.2010","Penusupan"
"33","Jawa Tengah","33.04","Kabupaten Banjarnegara","33.04.15","Pejawaran","33.04.15.2011","Ratamba"
"33","Jawa Tengah","33.04","Kabupaten Banjarnegara","33.04.15","Pejawaran","33.04.15.2012","Sidengok"
"33","Jawa Tengah","33.04","Kabupaten Banjarnegara","33.04.15","Pejawaran","33.04.15.2013","Pegundungan"
"33","Jawa Tengah","33.04","Kabupaten Banjarnegara","33.04.15","Pejawaran","33.04.15.2014","Beji"
"33","Jawa Tengah","33.04","Kabupaten Banjarnegara","33.04.15","Pejawaran","33.04.15.2015","Semangkung"
"33","Jawa Tengah","33.04","Kabupaten Banjarnegara","33.04.15","Pejawaran","33.04.15.2016","Condongcampur"
"33","Jawa Tengah","33.04","Kabupaten Banjarnegara","33.04.15","Pejawaran","33.04.15.2017","Gembol"
"33","Jawa Tengah","33.04","Kabupaten Banjarnegara","33.04.16","Batur","33.04.16.2001","Batur"
"33","Jawa Tengah","33.04","Kabupaten Banjarnegara","33.04.16","Batur","33.04.16.2002","Sumberejo"
"33","Jawa Tengah","33.04","Kabupaten Banjarnegara","33.04.16","Batur","33.04.16.2003","Pasurenan"
"33","Jawa Tengah","33.04","Kabupaten Banjarnegara","33.04.16","Batur","33.04.16.2004","Pekasiran"
"33","Jawa Tengah","33.04","Kabupaten Banjarnegara","33.04.16","Batur","33.04.16.2005","Kepakisan"
"33","Jawa Tengah","33.04","Kabupaten Banjarnegara","33.04.16","Batur","33.04.16.2006","Bakal"
"33","Jawa Tengah","33.04","Kabupaten Banjarnegara","33.04.16","Batur","33.04.16.2007","Karangtengah"
"33","Jawa Tengah","33.04","Kabupaten Banjarnegara","33.04.16","Batur","33.04.16.2008","Dieng Kulon"
"33","Jawa Tengah","33.04","Kabupaten Banjarnegara","33.04.17","Wanayasa","33.04.17.2001","Karangtengah"
"33","Jawa Tengah","33.04","Kabupaten Banjarnegara","33.04.17","Wanayasa","33.04.17.2002","Suwidak"
"33","Jawa Tengah","33.04","Kabupaten Banjarnegara","33.04.17","Wanayasa","33.04.17.2003","Bantar"
"33","Jawa Tengah","33.04","Kabupaten Banjarnegara","33.04.17","Wanayasa","33.04.17.2004","Pandansari"
"33","Jawa Tengah","33.04","Kabupaten Banjarnegara","33.04.17","Wanayasa","33.04.17.2005","Pagergunung"
"33","Jawa Tengah","33.04","Kabupaten Banjarnegara","33.04.17","Wanayasa","33.04.17.2006","Dawuhan"
"33","Jawa Tengah","33.04","Kabupaten Banjarnegara","33.04.17","Wanayasa","33.04.17.2007","Kubang"
"33","Jawa Tengah","33.04","Kabupaten Banjarnegara","33.04.17","Wanayasa","33.04.17.2008","Susukan"
"33","Jawa Tengah","33.04","Kabupaten Banjarnegara","33.04.17","Wanayasa","33.04.17.2009","Wanayasa"
"33","Jawa Tengah","33.04","Kabupaten Banjarnegara","33.04.17","Wanayasa","33.04.17.2010","Pesantren"
"33","Jawa Tengah","33.04","Kabupaten Banjarnegara","33.04.17","Wanayasa","33.04.17.2011","Balun"
"33","Jawa Tengah","33.04","Kabupaten Banjarnegara","33.04.17","Wanayasa","33.04.17.2012","Tempuran"
"33","Jawa Tengah","33.04","Kabupaten Banjarnegara","33.04.17","Wanayasa","33.04.17.2013","Wanaraja"
"33","Jawa Tengah","33.04","Kabupaten Banjarnegara","33.04.17","Wanayasa","33.04.17.2014","Jatilawang"
"33","Jawa Tengah","33.04","Kabupaten Banjarnegara","33.04.17","Wanayasa","33.04.17.2015","Legoksayem"
"33","Jawa Tengah","33.04","Kabupaten Banjarnegara","33.04.17","Wanayasa","33.04.17.2016","Kasimpar"
"33","Jawa Tengah","33.04","Kabupaten Banjarnegara","33.04.17","Wanayasa","33.04.17.2017","Penanggungan"
"33","Jawa Tengah","33.04","Kabupaten Banjarnegara","33.04.18","Kalibening","33.04.18.2001","Kalibening"
"33","Jawa Tengah","33.04","Kabupaten Banjarnegara","33.04.18","Kalibening","33.04.18.2002","Asinan"
"33","Jawa Tengah","33.04","Kabupaten Banjarnegara","33.04.18","Kalibening","33.04.18.2003","Sembawa"
"33","Jawa Tengah","33.04","Kabupaten Banjarnegara","33.04.18","Kalibening","33.04.18.2004","Kalibombong"
"33","Jawa Tengah","33.04","Kabupaten Banjarnegara","33.04.18","Kalibening","33.04.18.2005","Majatengah"
"33","Jawa Tengah","33.04","Kabupaten Banjarnegara","33.04.18","Kalibening","33.04.18.2006","Kalisat Kidul"
"33","Jawa Tengah","33.04","Kabupaten Banjarnegara","33.04.18","Kalibening","33.04.18.2007","Sirukem"
"33","Jawa Tengah","33.04","Kabupaten Banjarnegara","33.04.18","Kalibening","33.04.18.2008","Kertosari"
"33","Jawa Tengah","33.04","Kabupaten Banjarnegara","33.04.18","Kalibening","33.04.18.2009","Sidakangen"
"33","Jawa Tengah","33.04","Kabupaten Banjarnegara","33.04.18","Kalibening","33.04.18.2010","Sikumpul"
"33","Jawa Tengah","33.04","Kabupaten Banjarnegara","33.04.18","Kalibening","33.04.18.2011","Gununglangit"
"33","Jawa Tengah","33.04","Kabupaten Banjarnegara","33.04.18","Kalibening","33.04.18.2012","Bedana"
"33","Jawa Tengah","33.04","Kabupaten Banjarnegara","33.04.18","Kalibening","33.04.18.2013","Sirukun"
"33","Jawa Tengah","33.04","Kabupaten Banjarnegara","33.04.18","Kalibening","33.04.18.2014","Karanganyar"
"33","Jawa Tengah","33.04","Kabupaten Banjarnegara","33.04.18","Kalibening","33.04.18.2015","Plorengan"
"33","Jawa Tengah","33.04","Kabupaten Banjarnegara","33.04.18","Kalibening","33.04.18.2016","Kasinoman"
"33","Jawa Tengah","33.04","Kabupaten Banjarnegara","33.04.19","Pandanarum","33.04.19.2001","Pandanarum"
"33","Jawa Tengah","33.04","Kabupaten Banjarnegara","33.04.19","Pandanarum","33.04.19.2002","Sinduaji"
"33","Jawa Tengah","33.04","Kabupaten Banjarnegara","33.04.19","Pandanarum","33.04.19.2003","Pasegeran"
"33","Jawa Tengah","33.04","Kabupaten Banjarnegara","33.04.19","Pandanarum","33.04.19.2004","Pingit Lor"
"33","Jawa Tengah","33.04","Kabupaten Banjarnegara","33.04.19","Pandanarum","33.04.19.2005","Lawen"
"33","Jawa Tengah","33.04","Kabupaten Banjarnegara","33.04.19","Pandanarum","33.04.19.2006","Sirongge"
"33","Jawa Tengah","33.04","Kabupaten Banjarnegara","33.04.19","Pandanarum","33.04.19.2007","Pringamba"
"33","Jawa Tengah","33.04","Kabupaten Banjarnegara","33.04.19","Pandanarum","33.04.19.2008","Beji"
"33","Jawa Tengah","33.04","Kabupaten Banjarnegara","33.04.20","Pagedongan","33.04.20.2001","Pagedongan"
"33","Jawa Tengah","33.04","Kabupaten Banjarnegara","33.04.20","Pagedongan","33.04.20.2002","Gunungjati"
"33","Jawa Tengah","33.04","Kabupaten Banjarnegara","33.04.20","Pagedongan","33.04.20.2003","Twelagiri"
"33","Jawa Tengah","33.04","Kabupaten Banjarnegara","33.04.20","Pagedongan","33.04.20.2004","Kebutuhduwur"
"33","Jawa Tengah","33.04","Kabupaten Banjarnegara","33.04.20","Pagedongan","33.04.20.2005","Kebutuhjurang"
"33","Jawa Tengah","33.04","Kabupaten Banjarnegara","33.04.20","Pagedongan","33.04.20.2006","Pesangkalan"
"33","Jawa Tengah","33.04","Kabupaten Banjarnegara","33.04.20","Pagedongan","33.04.20.2007","Duren"
"33","Jawa Tengah","33.04","Kabupaten Banjarnegara","33.04.20","Pagedongan","33.04.20.2008","Lebakwangi"
"33","Jawa Tengah","33.04","Kabupaten Banjarnegara","33.04.20","Pagedongan","33.04.20.2009","Gentansari"
"33","Jawa Tengah","33.05","Kabupaten Kebumen","33.05.01","Ayah","33.05.01.2001","Argopeni"
"33","Jawa Tengah","33.05","Kabupaten Kebumen","33.05.01","Ayah","33.05.01.2002","Karangduwur"
"33","Jawa Tengah","33.05","Kabupaten Kebumen","33.05.01","Ayah","33.05.01.2003","Srati"
"33","Jawa Tengah","33.05","Kabupaten Kebumen","33.05.01","Ayah","33.05.01.2004","Pasir"
"33","Jawa Tengah","33.05","Kabupaten Kebumen","33.05.01","Ayah","33.05.01.2005","Jintung"
"33","Jawa Tengah","33.05","Kabupaten Kebumen","33.05.01","Ayah","33.05.01.2006","Banjararjo"
"33","Jawa Tengah","33.05","Kabupaten Kebumen","33.05.01","Ayah","33.05.01.2007","Argosari"
"33","Jawa Tengah","33.05","Kabupaten Kebumen","33.05.01","Ayah","33.05.01.2008","Watukelir"
"33","Jawa Tengah","33.05","Kabupaten Kebumen","33.05.01","Ayah","33.05.01.2009","Kalibangkang"
"33","Jawa Tengah","33.05","Kabupaten Kebumen","33.05.01","Ayah","33.05.01.2010","Tlogosari"
"33","Jawa Tengah","33.05","Kabupaten Kebumen","33.05.01","Ayah","33.05.01.2011","Kalipoh"
"33","Jawa Tengah","33.05","Kabupaten Kebumen","33.05.01","Ayah","33.05.01.2012","Ayah"
"33","Jawa Tengah","33.05","Kabupaten Kebumen","33.05.01","Ayah","33.05.01.2013","Candirenggo"
"33","Jawa Tengah","33.05","Kabupaten Kebumen","33.05.01","Ayah","33.05.01.2014","Mangunweni"
"33","Jawa Tengah","33.05","Kabupaten Kebumen","33.05.01","Ayah","33.05.01.2015","Jatijajar"
"33","Jawa Tengah","33.05","Kabupaten Kebumen","33.05.01","Ayah","33.05.01.2016","Demangsari"
"33","Jawa Tengah","33.05","Kabupaten Kebumen","33.05.01","Ayah","33.05.01.2017","Bulurejo"
"33","Jawa Tengah","33.05","Kabupaten Kebumen","33.05.01","Ayah","33.05.01.2018","Kedungweru"
"33","Jawa Tengah","33.05","Kabupaten Kebumen","33.05.02","Buayan","33.05.02.2001","Karangbolong"
"33","Jawa Tengah","33.05","Kabupaten Kebumen","33.05.02","Buayan","33.05.02.2002","Jladri"
"33","Jawa Tengah","33.05","Kabupaten Kebumen","33.05.02","Buayan","33.05.02.2003","Adiwarno"
"33","Jawa Tengah","33.05","Kabupaten Kebumen","33.05.02","Buayan","33.05.02.2004","Rangkah"
"33","Jawa Tengah","33.05","Kabupaten Kebumen","33.05.02","Buayan","33.05.02.2005","Wonodadi"
"33","Jawa Tengah","33.05","Kabupaten Kebumen","33.05.02","Buayan","33.05.02.2006","Geblug"
"33","Jawa Tengah","33.05","Kabupaten Kebumen","33.05.02","Buayan","33.05.02.2007","Rogodadi"
"33","Jawa Tengah","33.05","Kabupaten Kebumen","33.05.02","Buayan","33.05.02.2008","Pakuran"
"33","Jawa Tengah","33.05","Kabupaten Kebumen","33.05.02","Buayan","33.05.02.2009","Buayan"
"33","Jawa Tengah","33.05","Kabupaten Kebumen","33.05.02","Buayan","33.05.02.2010","Sikayu"
"33","Jawa Tengah","33.05","Kabupaten Kebumen","33.05.02","Buayan","33.05.02.2011","Karangsari"
"33","Jawa Tengah","33.05","Kabupaten Kebumen","33.05.02","Buayan","33.05.02.2012","Rogodono"
"33","Jawa Tengah","33.05","Kabupaten Kebumen","33.05.02","Buayan","33.05.02.2013","Banyumudal"
"33","Jawa Tengah","33.05","Kabupaten Kebumen","33.05.02","Buayan","33.05.02.2014","Tugu"
"33","Jawa Tengah","33.05","Kabupaten Kebumen","33.05.02","Buayan","33.05.02.2015","Nogoraji"
"33","Jawa Tengah","33.05","Kabupaten Kebumen","33.05.02","Buayan","33.05.02.2016","Mergosono"
"33","Jawa Tengah","33.05","Kabupaten Kebumen","33.05.02","Buayan","33.05.02.2017","Semampir"
"33","Jawa Tengah","33.05","Kabupaten Kebumen","33.05.02","Buayan","33.05.02.2018","Jogomulyo"
"33","Jawa Tengah","33.05","Kabupaten Kebumen","33.05.02","Buayan","33.05.02.2019","Purbowangi"
"33","Jawa Tengah","33.05","Kabupaten Kebumen","33.05.02","Buayan","33.05.02.2020","Jatiroto"
"33","Jawa Tengah","33.05","Kabupaten Kebumen","33.05.03","Puring","33.05.03.2001","Tambakmulyo"
"33","Jawa Tengah","33.05","Kabupaten Kebumen","33.05.03","Puring","33.05.03.2002","Surorejan"
"33","Jawa Tengah","33.05","Kabupaten Kebumen","33.05.03","Puring","33.05.03.2003","Waluyorejo"
"33","Jawa Tengah","33.05","Kabupaten Kebumen","33.05.03","Puring","33.05.03.2004","Sidoharjo"
"33","Jawa Tengah","33.05","Kabupaten Kebumen","33.05.03","Puring","33.05.03.2005","Puliharjo"
"33","Jawa Tengah","33.05","Kabupaten Kebumen","33.05.03","Puring","33.05.03.2006","Purwosari"
"33","Jawa Tengah","33.05","Kabupaten Kebumen","33.05.03","Puring","33.05.03.2007","Arjowinangun"
"33","Jawa Tengah","33.05","Kabupaten Kebumen","33.05.03","Puring","33.05.03.2008","Krandegan"
"33","Jawa Tengah","33.05","Kabupaten Kebumen","33.05.03","Puring","33.05.03.2009","Kaleng"
"33","Jawa Tengah","33.05","Kabupaten Kebumen","33.05.03","Puring","33.05.03.2010","Tukinggedong"
"33","Jawa Tengah","33.05","Kabupaten Kebumen","33.05.03","Puring","33.05.03.2011","Purwoharjo"
"33","Jawa Tengah","33.05","Kabupaten Kebumen","33.05.03","Puring","33.05.03.2012","Banjarejo"
"33","Jawa Tengah","33.05","Kabupaten Kebumen","33.05.03","Puring","33.05.03.2013","Wetonkulon"
"33","Jawa Tengah","33.05","Kabupaten Kebumen","33.05.03","Puring","33.05.03.2014","Pesuruhan"
"33","Jawa Tengah","33.05","Kabupaten Kebumen","33.05.03","Puring","33.05.03.2015","Wetonwetan"
"33","Jawa Tengah","33.05","Kabupaten Kebumen","33.05.03","Puring","33.05.03.2016","Kedalemankulon"
"33","Jawa Tengah","33.05","Kabupaten Kebumen","33.05.03","Puring","33.05.03.2017","Kedalemanwetan"
"33","Jawa Tengah","33.05","Kabupaten Kebumen","33.05.03","Puring","33.05.03.2018","Srusuhjurutengah"
"33","Jawa Tengah","33.05","Kabupaten Kebumen","33.05.03","Puring","33.05.03.2019","Sitiadi"
"33","Jawa Tengah","33.05","Kabupaten Kebumen","33.05.03","Puring","33.05.03.2020","Bumirejo"
"33","Jawa Tengah","33.05","Kabupaten Kebumen","33.05.03","Puring","33.05.03.2021","Madurejo"
"33","Jawa Tengah","33.05","Kabupaten Kebumen","33.05.03","Puring","33.05.03.2022","Sidobunder"
"33","Jawa Tengah","33.05","Kabupaten Kebumen","33.05.03","Puring","33.05.03.2023","Sidodadi"
"33","Jawa Tengah","33.05","Kabupaten Kebumen","33.05.04","Petanahan","33.05.04.2001","Karangrejo"
"33","Jawa Tengah","33.05","Kabupaten Kebumen","33.05.04","Petanahan","33.05.04.2002","Karanggadung"
"33","Jawa Tengah","33.05","Kabupaten Kebumen","33.05.04","Petanahan","33.05.04.2003","Tegalretno"
"33","Jawa Tengah","33.05","Kabupaten Kebumen","33.05.04","Petanahan","33.05.04.2004","Ampelsari"
"33","Jawa Tengah","33.05","Kabupaten Kebumen","33.05.04","Petanahan","33.05.04.2005","Munggu"
"33","Jawa Tengah","33.05","Kabupaten Kebumen","33.05.04","Petanahan","33.05.04.2006","Kewangunan"
"33","Jawa Tengah","33.05","Kabupaten Kebumen","33.05.04","Petanahan","33.05.04.2007","Karangduwur"
"33","Jawa Tengah","33.05","Kabupaten Kebumen","33.05.04","Petanahan","33.05.04.2008","Petanahan"
"33","Jawa Tengah","33.05","Kabupaten Kebumen","33.05.04","Petanahan","33.05.04.2009","Kebonsari"
"33","Jawa Tengah","33.05","Kabupaten Kebumen","33.05.04","Petanahan","33.05.04.2010","Grogolpenatus"
"33","Jawa Tengah","33.05","Kabupaten Kebumen","33.05.04","Petanahan","33.05.04.2011","Grogolbeningsari"
"33","Jawa Tengah","33.05","Kabupaten Kebumen","33.05.04","Petanahan","33.05.04.2012","Jogomertan"
"33","Jawa Tengah","33.05","Kabupaten Kebumen","33.05.04","Petanahan","33.05.04.2013","Tanjungsari"
"33","Jawa Tengah","33.05","Kabupaten Kebumen","33.05.04","Petanahan","33.05.04.2014","Sidomulyo"
"33","Jawa Tengah","33.05","Kabupaten Kebumen","33.05.04","Petanahan","33.05.04.2015","Grujugan"
"33","Jawa Tengah","33.05","Kabupaten Kebumen","33.05.04","Petanahan","33.05.04.2016","Kritig"
"33","Jawa Tengah","33.05","Kabupaten Kebumen","33.05.04","Petanahan","33.05.04.2017","Nampudadi"
"33","Jawa Tengah","33.05","Kabupaten Kebumen","33.05.04","Petanahan","33.05.04.2018","Tresnorejo"
"33","Jawa Tengah","33.05","Kabupaten Kebumen","33.05.04","Petanahan","33.05.04.2019","Podourip"
"33","Jawa Tengah","33.05","Kabupaten Kebumen","33.05.04","Petanahan","33.05.04.2020","Jatimulyo"
"33","Jawa Tengah","33.05","Kabupaten Kebumen","33.05.04","Petanahan","33.05.04.2021","Banjarwinangun"
"33","Jawa Tengah","33.05","Kabupaten Kebumen","33.05.05","Klirong","33.05.05.2001","Jogosimo"
"33","Jawa Tengah","33.05","Kabupaten Kebumen","33.05.05","Klirong","33.05.05.2002","Tanggulangin"
"33","Jawa Tengah","33.05","Kabupaten Kebumen","33.05.05","Klirong","33.05.05.2003","Pandanlor"
"33","Jawa Tengah","33.05","Kabupaten Kebumen","33.05.05","Klirong","33.05.05.2004","Tambakprogaten"
"33","Jawa Tengah","33.05","Kabupaten Kebumen","33.05.05","Klirong","33.05.05.2005","Gebangsari"
"33","Jawa Tengah","33.05","Kabupaten Kebumen","33.05.05","Klirong","33.05.05.2006","Klegenrejo"
"33","Jawa Tengah","33.05","Kabupaten Kebumen","33.05.05","Klirong","33.05.05.2007","Bendogarap"
"33","Jawa Tengah","33.05","Kabupaten Kebumen","33.05.05","Klirong","33.05.05.2008","Kedungsari"
"33","Jawa Tengah","33.05","Kabupaten Kebumen","33.05.05","Klirong","33.05.05.2009","Jerukagung"
"33","Jawa Tengah","33.05","Kabupaten Kebumen","33.05.05","Klirong","33.05.05.2010","Klegenwonosari"
"33","Jawa Tengah","33.05","Kabupaten Kebumen","33.05.05","Klirong","33.05.05.2011","Klirong"
"33","Jawa Tengah","33.05","Kabupaten Kebumen","33.05.05","Klirong","33.05.05.2012","Kaliwungu"
"33","Jawa Tengah","33.05","Kabupaten Kebumen","33.05.05","Klirong","33.05.05.2013","Jatimalang"
"33","Jawa Tengah","33.05","Kabupaten Kebumen","33.05.05","Klirong","33.05.05.2014","Karangglonggong"
"33","Jawa Tengah","33.05","Kabupaten Kebumen","33.05.05","Klirong","33.05.05.2015","Ranterejo"
"33","Jawa Tengah","33.05","Kabupaten Kebumen","33.05.05","Klirong","33.05.05.2016","Wotbuwono"
"33","Jawa Tengah","33.05","Kabupaten Kebumen","33.05.05","Klirong","33.05.05.2017","Tambakagung"
"33","Jawa Tengah","33.05","Kabupaten Kebumen","33.05.05","Klirong","33.05.05.2018","Sitirejo"
"33","Jawa Tengah","33.05","Kabupaten Kebumen","33.05.05","Klirong","33.05.05.2019","Gadungrejo"
"33","Jawa Tengah","33.05","Kabupaten Kebumen","33.05.05","Klirong","33.05.05.2020","Dorowati"
"33","Jawa Tengah","33.05","Kabupaten Kebumen","33.05.05","Klirong","33.05.05.2021","Bumiharjo"
"33","Jawa Tengah","33.05","Kabupaten Kebumen","33.05.05","Klirong","33.05.05.2022","Kebadongan"
"33","Jawa Tengah","33.05","Kabupaten Kebumen","33.05.05","Klirong","33.05.05.2023","Podoluhur"
"33","Jawa Tengah","33.05","Kabupaten Kebumen","33.05.05","Klirong","33.05.05.2024","Kedungwinangun"
"33","Jawa Tengah","33.05","Kabupaten Kebumen","33.05.06","Buluspesantren","33.05.06.2001","Ayamputih"
"33","Jawa Tengah","33.05","Kabupaten Kebumen","33.05.06","Buluspesantren","33.05.06.2002","Setrojenar"
"33","Jawa Tengah","33.05","Kabupaten Kebumen","33.05.06","Buluspesantren","33.05.06.2003","Brecong"
"33","Jawa Tengah","33.05","Kabupaten Kebumen","33.05.06","Buluspesantren","33.05.06.2004","Banjurpasar"
"33","Jawa Tengah","33.05","Kabupaten Kebumen","33.05.06","Buluspesantren","33.05.06.2005","Indrosari"
"33","Jawa Tengah","33.05","Kabupaten Kebumen","33.05.06","Buluspesantren","33.05.06.2006","Buluspesantren"
"33","Jawa Tengah","33.05","Kabupaten Kebumen","33.05.06","Buluspesantren","33.05.06.2007","Banjurmukadan"
"33","Jawa Tengah","33.05","Kabupaten Kebumen","33.05.06","Buluspesantren","33.05.06.2008","Waluyo"
"33","Jawa Tengah","33.05","Kabupaten Kebumen","33.05.06","Buluspesantren","33.05.06.2009","Bocor"
"33","Jawa Tengah","33.05","Kabupaten Kebumen","33.05.06","Buluspesantren","33.05.06.2010","Maduretno"
"33","Jawa Tengah","33.05","Kabupaten Kebumen","33.05.06","Buluspesantren","33.05.06.2011","Ambalkumolo"
"33","Jawa Tengah","33.05","Kabupaten Kebumen","33.05.06","Buluspesantren","33.05.06.2012","Rantewringin"
"33","Jawa Tengah","33.05","Kabupaten Kebumen","33.05.06","Buluspesantren","33.05.06.2013","Tambakrejo"
"33","Jawa Tengah","33.05","Kabupaten Kebumen","33.05.06","Buluspesantren","33.05.06.2014","Sangubanyu"
"33","Jawa Tengah","33.05","Kabupaten Kebumen","33.05.06","Buluspesantren","33.05.06.2015","Arjowinangun"
"33","Jawa Tengah","33.05","Kabupaten Kebumen","33.05.06","Buluspesantren","33.05.06.2016","Ampih"
"33","Jawa Tengah","33.05","Kabupaten Kebumen","33.05.06","Buluspesantren","33.05.06.2017","Jogopaten"
"33","Jawa Tengah","33.05","Kabupaten Kebumen","33.05.06","Buluspesantren","33.05.06.2018","Klapasawit"
"33","Jawa Tengah","33.05","Kabupaten Kebumen","33.05.06","Buluspesantren","33.05.06.2019","Sidomoro"
"33","Jawa Tengah","33.05","Kabupaten Kebumen","33.05.06","Buluspesantren","33.05.06.2020","Tanjungrejo"
"33","Jawa Tengah","33.05","Kabupaten Kebumen","33.05.06","Buluspesantren","33.05.06.2021","Tanjungsari"
"33","Jawa Tengah","33.05","Kabupaten Kebumen","33.05.07","Ambal","33.05.07.2001","Entak"
"33","Jawa Tengah","33.05","Kabupaten Kebumen","33.05.07","Ambal","33.05.07.2002","Plempukankembaran"
"33","Jawa Tengah","33.05","Kabupaten Kebumen","33.05.07","Ambal","33.05.07.2003","Kenoyojayan"
"33","Jawa Tengah","33.05","Kabupaten Kebumen","33.05.07","Ambal","33.05.07.2004","Ambalresmi"
"33","Jawa Tengah","33.05","Kabupaten Kebumen","33.05.07","Ambal","33.05.07.2005","Kaibonpetangkuran"
"33","Jawa Tengah","33.05","Kabupaten Kebumen","33.05.07","Ambal","33.05.07.2006","Kaibon"
"33","Jawa Tengah","33.05","Kabupaten Kebumen","33.05.07","Ambal","33.05.07.2007","Sumberjati"
"33","Jawa Tengah","33.05","Kabupaten Kebumen","33.05.07","Ambal","33.05.07.2008","Blengorwetan"
"33","Jawa Tengah","33.05","Kabupaten Kebumen","33.05.07","Ambal","33.05.07.2009","Blengorkulon"
"33","Jawa Tengah","33.05","Kabupaten Kebumen","33.05.07","Ambal","33.05.07.2010","Benerwetan"
"33","Jawa Tengah","33.05","Kabupaten Kebumen","33.05.07","Ambal","33.05.07.2011","Benerkulon"
"33","Jawa Tengah","33.05","Kabupaten Kebumen","33.05.07","Ambal","33.05.07.2012","Ambalkliwonan"
"33","Jawa Tengah","33.05","Kabupaten Kebumen","33.05.07","Ambal","33.05.07.2013","Pasarsenen"
"33","Jawa Tengah","33.05","Kabupaten Kebumen","33.05.07","Ambal","33.05.07.2014","Pucangan"
"33","Jawa Tengah","33.05","Kabupaten Kebumen","33.05.07","Ambal","33.05.07.2015","Ambalkebrek"
"33","Jawa Tengah","33.05","Kabupaten Kebumen","33.05.07","Ambal","33.05.07.2016","Gondanglegi"
"33","Jawa Tengah","33.05","Kabupaten Kebumen","33.05.07","Ambal","33.05.07.2017","Banjarsari"
"33","Jawa Tengah","33.05","Kabupaten Kebumen","33.05.07","Ambal","33.05.07.2018","Lajer"
"33","Jawa Tengah","33.05","Kabupaten Kebumen","33.05.07","Ambal","33.05.07.2019","Singosari"
"33","Jawa Tengah","33.05","Kabupaten Kebumen","33.05.07","Ambal","33.05.07.2020","Sidoluhur"
"33","Jawa Tengah","33.05","Kabupaten Kebumen","33.05.07","Ambal","33.05.07.2021","Sinungrejo"
"33","Jawa Tengah","33.05","Kabupaten Kebumen","33.05.07","Ambal","33.05.07.2022","Ambarwinangun"
"33","Jawa Tengah","33.05","Kabupaten Kebumen","33.05.07","Ambal","33.05.07.2023","Peneket"
"33","Jawa Tengah","33.05","Kabupaten Kebumen","33.05.07","Ambal","33.05.07.2024","Sidorejo"
"33","Jawa Tengah","33.05","Kabupaten Kebumen","33.05.07","Ambal","33.05.07.2025","Sidomulyo"
"33","Jawa Tengah","33.05","Kabupaten Kebumen","33.05.07","Ambal","33.05.07.2026","Sidomukti"
"33","Jawa Tengah","33.05","Kabupaten Kebumen","33.05.07","Ambal","33.05.07.2027","Prasutan"
"33","Jawa Tengah","33.05","Kabupaten Kebumen","33.05.07","Ambal","33.05.07.2028","Kradenan"
"33","Jawa Tengah","33.05","Kabupaten Kebumen","33.05.07","Ambal","33.05.07.2029","Pagedangan"
"33","Jawa Tengah","33.05","Kabupaten Kebumen","33.05.07","Ambal","33.05.07.2030","Surobayan"
"33","Jawa Tengah","33.05","Kabupaten Kebumen","33.05.07","Ambal","33.05.07.2031","Dukuhrejosari"
"33","Jawa Tengah","33.05","Kabupaten Kebumen","33.05.07","Ambal","33.05.07.2032","Kembangsawit"
"33","Jawa Tengah","33.05","Kabupaten Kebumen","33.05.08","Mirit","33.05.08.2001","Miritpetikusan"
"33","Jawa Tengah","33.05","Kabupaten Kebumen","33.05.08","Mirit","33.05.08.2002","Tlogodepok"
"33","Jawa Tengah","33.05","Kabupaten Kebumen","33.05.08","Mirit","33.05.08.2003","Mirit"
"33","Jawa Tengah","33.05","Kabupaten Kebumen","33.05.08","Mirit","33.05.08.2004","Tlogopragoto"
"33","Jawa Tengah","33.05","Kabupaten Kebumen","33.05.08","Mirit","33.05.08.2005","Lembupurwo"
"33","Jawa Tengah","33.05","Kabupaten Kebumen","33.05.08","Mirit","33.05.08.2006","Wiromartan"
"33","Jawa Tengah","33.05","Kabupaten Kebumen","33.05.08","Mirit","33.05.08.2007","Rowo"
"33","Jawa Tengah","33.05","Kabupaten Kebumen","33.05.08","Mirit","33.05.08.2008","Singoyudan"
"33","Jawa Tengah","33.05","Kabupaten Kebumen","33.05.08","Mirit","33.05.08.2009","Wergonayan"
"33","Jawa Tengah","33.05","Kabupaten Kebumen","33.05.08","Mirit","33.05.08.2010","Selotumpeng"
"33","Jawa Tengah","33.05","Kabupaten Kebumen","33.05.08","Mirit","33.05.08.2011","Sitibentar"
"33","Jawa Tengah","33.05","Kabupaten Kebumen","33.05.08","Mirit","33.05.08.2012","Karanggede"
"33","Jawa Tengah","33.05","Kabupaten Kebumen","33.05.08","Mirit","33.05.08.2013","Kertodeso"
"33","Jawa Tengah","33.05","Kabupaten Kebumen","33.05.08","Mirit","33.05.08.2014","Patukrejomulyo"
"33","Jawa Tengah","33.05","Kabupaten Kebumen","33.05.08","Mirit","33.05.08.2015","Patukgawemulyo"
"33","Jawa Tengah","33.05","Kabupaten Kebumen","33.05.08","Mirit","33.05.08.2016","Mangunranan"
"33","Jawa Tengah","33.05","Kabupaten Kebumen","33.05.08","Mirit","33.05.08.2017","Pekutan"
"33","Jawa Tengah","33.05","Kabupaten Kebumen","33.05.08","Mirit","33.05.08.2018","Wirogaten"
"33","Jawa Tengah","33.05","Kabupaten Kebumen","33.05.08","Mirit","33.05.08.2019","Winong"
"33","Jawa Tengah","33.05","Kabupaten Kebumen","33.05.08","Mirit","33.05.08.2020","Ngabean"
"33","Jawa Tengah","33.05","Kabupaten Kebumen","33.05.08","Mirit","33.05.08.2021","Sarwogadung"
"33","Jawa Tengah","33.05","Kabupaten Kebumen","33.05.08","Mirit","33.05.08.2022","Krubungan"
"33","Jawa Tengah","33.05","Kabupaten Kebumen","33.05.09","Prembun","33.05.09.2001","Tersobo"
"33","Jawa Tengah","33.05","Kabupaten Kebumen","33.05.09","Prembun","33.05.09.2002","Prembun"
"33","Jawa Tengah","33.05","Kabupaten Kebumen","33.05.09","Prembun","33.05.09.2003","Kabekelan"
"33","Jawa Tengah","33.05","Kabupaten Kebumen","33.05.09","Prembun","33.05.09.2004","Tunggalroso"
"33","Jawa Tengah","33.05","Kabupaten Kebumen","33.05.09","Prembun","33.05.09.2005","Kedungwaru"
"33","Jawa Tengah","33.05","Kabupaten Kebumen","33.05.09","Prembun","33.05.09.2006","Bagung"
"33","Jawa Tengah","33.05","Kabupaten Kebumen","33.05.09","Prembun","33.05.09.2007","Sidogede"
"33","Jawa Tengah","33.05","Kabupaten Kebumen","33.05.09","Prembun","33.05.09.2008","Sembirkadipaten"
"33","Jawa Tengah","33.05","Kabupaten Kebumen","33.05.09","Prembun","33.05.09.2009","Kedungbulus"
"33","Jawa Tengah","33.05","Kabupaten Kebumen","33.05.09","Prembun","33.05.09.2010","Mulyosri"
"33","Jawa Tengah","33.05","Kabupaten Kebumen","33.05.09","Prembun","33.05.09.2011","Pesuningan"
"33","Jawa Tengah","33.05","Kabupaten Kebumen","33.05.09","Prembun","33.05.09.2012","Pecarikan"
"33","Jawa Tengah","33.05","Kabupaten Kebumen","33.05.09","Prembun","33.05.09.2013","Kabuaran"
"33","Jawa Tengah","33.05","Kabupaten Kebumen","33.05.10","Kutowinangun","33.05.10.2001","Pekunden"
"33","Jawa Tengah","33.05","Kabupaten Kebumen","33.05.10","Kutowinangun","33.05.10.2002","Tanjungmeru"
"33","Jawa Tengah","33.05","Kabupaten Kebumen","33.05.10","Kutowinangun","33.05.10.2003","Kuwarisan"
"33","Jawa Tengah","33.05","Kabupaten Kebumen","33.05.10","Kutowinangun","33.05.10.2004","Kutowinangun"
"33","Jawa Tengah","33.05","Kabupaten Kebumen","33.05.10","Kutowinangun","33.05.10.2005","Lundong"
"33","Jawa Tengah","33.05","Kabupaten Kebumen","33.05.10","Kutowinangun","33.05.10.2006","Mekarsari"
"33","Jawa Tengah","33.05","Kabupaten Kebumen","33.05.10","Kutowinangun","33.05.10.2007","Babadsari"
"33","Jawa Tengah","33.05","Kabupaten Kebumen","33.05.10","Kutowinangun","33.05.10.2008","Ungaran"
"33","Jawa Tengah","33.05","Kabupaten Kebumen","33.05.10","Kutowinangun","33.05.10.2009","Mrinen"
"33","Jawa Tengah","33.05","Kabupaten Kebumen","33.05.10","Kutowinangun","33.05.10.2010","Pejagatan"
"33","Jawa Tengah","33.05","Kabupaten Kebumen","33.05.10","Kutowinangun","33.05.10.2011","Triwarno"
"33","Jawa Tengah","33.05","Kabupaten Kebumen","33.05.10","Kutowinangun","33.05.10.2012","Korowelang"
"33","Jawa Tengah","33.05","Kabupaten Kebumen","33.05.10","Kutowinangun","33.05.10.2013","Jlegiwinangun"
"33","Jawa Tengah","33.05","Kabupaten Kebumen","33.05.10","Kutowinangun","33.05.10.2014","Lumbu"
"33","Jawa Tengah","33.05","Kabupaten Kebumen","33.05.10","Kutowinangun","33.05.10.2015","Tanjungsari"
"33","Jawa Tengah","33.05","Kabupaten Kebumen","33.05.10","Kutowinangun","33.05.10.2016","Kaliputih"
"33","Jawa Tengah","33.05","Kabupaten Kebumen","33.05.10","Kutowinangun","33.05.10.2017","Tunjungseto"
"33","Jawa Tengah","33.05","Kabupaten Kebumen","33.05.10","Kutowinangun","33.05.10.2018","Pesalakan"
"33","Jawa Tengah","33.05","Kabupaten Kebumen","33.05.10","Kutowinangun","33.05.10.2019","Karangsari"
"33","Jawa Tengah","33.05","Kabupaten Kebumen","33.05.11","Alian","33.05.11.2001","Bojongsari"
"33","Jawa Tengah","33.05","Kabupaten Kebumen","33.05.11","Alian","33.05.11.2002","Surotrunan"
"33","Jawa Tengah","33.05","Kabupaten Kebumen","33.05.11","Alian","33.05.11.2003","Kambangsari"
"33","Jawa Tengah","33.05","Kabupaten Kebumen","33.05.11","Alian","33.05.11.2004","Jatimulyo"
"33","Jawa Tengah","33.05","Kabupaten Kebumen","33.05.11","Alian","33.05.11.2005","Tanuharjo"
"33","Jawa Tengah","33.05","Kabupaten Kebumen","33.05.11","Alian","33.05.11.2006","Karangtanjung"
"33","Jawa Tengah","33.05","Kabupaten Kebumen","33.05.11","Alian","33.05.11.2007","Kemangguan"
"33","Jawa Tengah","33.05","Kabupaten Kebumen","33.05.11","Alian","33.05.11.2008","Kalijaya"
"33","Jawa Tengah","33.05","Kabupaten Kebumen","33.05.11","Alian","33.05.11.2009","Karangkembang"
"33","Jawa Tengah","33.05","Kabupaten Kebumen","33.05.11","Alian","33.05.11.2010","Seliling"
"33","Jawa Tengah","33.05","Kabupaten Kebumen","33.05.11","Alian","33.05.11.2011","Tlogowulung"
"33","Jawa Tengah","33.05","Kabupaten Kebumen","33.05.11","Alian","33.05.11.2012","Kaliputih"
"33","Jawa Tengah","33.05","Kabupaten Kebumen","33.05.11","Alian","33.05.11.2013","Wonokromo"
"33","Jawa Tengah","33.05","Kabupaten Kebumen","33.05.11","Alian","33.05.11.2014","Sawangan"
"33","Jawa Tengah","33.05","Kabupaten Kebumen","33.05.11","Alian","33.05.11.2015","Kalirancang"
"33","Jawa Tengah","33.05","Kabupaten Kebumen","33.05.11","Alian","33.05.11.2016","Krakal"
"33","Jawa Tengah","33.05","Kabupaten Kebumen","33.05.12","Kebumen","33.05.12.1010","Selang"
"33","Jawa Tengah","33.05","Kabupaten Kebumen","33.05.12","Kebumen","33.05.12.1012","Tamanwinangun"
"33","Jawa Tengah","33.05","Kabupaten Kebumen","33.05.12","Kebumen","33.05.12.1013","Panjer"
"33","Jawa Tengah","33.05","Kabupaten Kebumen","33.05.12","Kebumen","33.05.12.1024","Kebumen"
"33","Jawa Tengah","33.05","Kabupaten Kebumen","33.05.12","Kebumen","33.05.12.1026","Bumirejo"
"33","Jawa Tengah","33.05","Kabupaten Kebumen","33.05.12","Kebumen","33.05.12.2001","Muktisari"
"33","Jawa Tengah","33.05","Kabupaten Kebumen","33.05.12","Kebumen","33.05.12.2002","Murtirejo"
"33","Jawa Tengah","33.05","Kabupaten Kebumen","33.05.12","Kebumen","33.05.12.2003","Depokrejo"
"33","Jawa Tengah","33.05","Kabupaten Kebumen","33.05.12","Kebumen","33.05.12.2004","Mengkowo"
"33","Jawa Tengah","33.05","Kabupaten Kebumen","33.05.12","Kebumen","33.05.12.2005","Gesikan"
"33","Jawa Tengah","33.05","Kabupaten Kebumen","33.05.12","Kebumen","33.05.12.2006","Kalibagor"
"33","Jawa Tengah","33.05","Kabupaten Kebumen","33.05.12","Kebumen","33.05.12.2007","Argopeni"
"33","Jawa Tengah","33.05","Kabupaten Kebumen","33.05.12","Kebumen","33.05.12.2008","Jatisari"
"33","Jawa Tengah","33.05","Kabupaten Kebumen","33.05.12","Kebumen","33.05.12.2009","Kalirejo"
"33","Jawa Tengah","33.05","Kabupaten Kebumen","33.05.12","Kebumen","33.05.12.2011","Adikarso"
"33","Jawa Tengah","33.05","Kabupaten Kebumen","33.05.12","Kebumen","33.05.12.2014","Kembaran"
"33","Jawa Tengah","33.05","Kabupaten Kebumen","33.05.12","Kebumen","33.05.12.2015","Sumberadi"
"33","Jawa Tengah","33.05","Kabupaten Kebumen","33.05.12","Kebumen","33.05.12.2016","Wonosari"
"33","Jawa Tengah","33.05","Kabupaten Kebumen","33.05.12","Kebumen","33.05.12.2017","Roworejo"
"33","Jawa Tengah","33.05","Kabupaten Kebumen","33.05.12","Kebumen","33.05.12.2018","Tanahsari"
"33","Jawa Tengah","33.05","Kabupaten Kebumen","33.05.12","Kebumen","33.05.12.2019","Bandung"
"33","Jawa Tengah","33.05","Kabupaten Kebumen","33.05.12","Kebumen","33.05.12.2020","Candimulyo"
"33","Jawa Tengah","33.05","Kabupaten Kebumen","33.05.12","Kebumen","33.05.12.2021","Kalijirek"
"33","Jawa Tengah","33.05","Kabupaten Kebumen","33.05.12","Kebumen","33.05.12.2022","Candiwulan"
"33","Jawa Tengah","33.05","Kabupaten Kebumen","33.05.12","Kebumen","33.05.12.2023","Kawedusan"
"33","Jawa Tengah","33.05","Kabupaten Kebumen","33.05.12","Kebumen","33.05.12.2025","Kutosari"
"33","Jawa Tengah","33.05","Kabupaten Kebumen","33.05.12","Kebumen","33.05.12.2027","Gemeksekti"
"33","Jawa Tengah","33.05","Kabupaten Kebumen","33.05.12","Kebumen","33.05.12.2028","Karangsari"
"33","Jawa Tengah","33.05","Kabupaten Kebumen","33.05.12","Kebumen","33.05.12.2029","Jemur"
"33","Jawa Tengah","33.05","Kabupaten Kebumen","33.05.13","Pejagoan","33.05.13.2001","Logede"
"33","Jawa Tengah","33.05","Kabupaten Kebumen","33.05.13","Pejagoan","33.05.13.2002","Kuwayuhan"
"33","Jawa Tengah","33.05","Kabupaten Kebumen","33.05.13","Pejagoan","33.05.13.2003","Kedawung"
"33","Jawa Tengah","33.05","Kabupaten Kebumen","33.05.13","Pejagoan","33.05.13.2004","Pejagoan"
"33","Jawa Tengah","33.05","Kabupaten Kebumen","33.05.13","Pejagoan","33.05.13.2005","Kebulusan"
"33","Jawa Tengah","33.05","Kabupaten Kebumen","33.05.13","Pejagoan","33.05.13.2006","Aditirto"
"33","Jawa Tengah","33.05","Kabupaten Kebumen","33.05.13","Pejagoan","33.05.13.2007","Karangpoh"
"33","Jawa Tengah","33.05","Kabupaten Kebumen","33.05.13","Pejagoan","33.05.13.2008","Jemur"
"33","Jawa Tengah","33.05","Kabupaten Kebumen","33.05.13","Pejagoan","33.05.13.2009","Prigi"
"33","Jawa Tengah","33.05","Kabupaten Kebumen","33.05.13","Pejagoan","33.05.13.2010","Kebagoran"
"33","Jawa Tengah","33.05","Kabupaten Kebumen","33.05.13","Pejagoan","33.05.13.2011","Pengaringan"
"33","Jawa Tengah","33.05","Kabupaten Kebumen","33.05.13","Pejagoan","33.05.13.2012","Peniron"
"33","Jawa Tengah","33.05","Kabupaten Kebumen","33.05.13","Pejagoan","33.05.13.2013","Watulawang"
"33","Jawa Tengah","33.05","Kabupaten Kebumen","33.05.14","Sruweng","33.05.14.2001","Menganti"
"33","Jawa Tengah","33.05","Kabupaten Kebumen","33.05.14","Sruweng","33.05.14.2002","Trikarso"
"33","Jawa Tengah","33.05","Kabupaten Kebumen","33.05.14","Sruweng","33.05.14.2003","Sidoharjo"
"33","Jawa Tengah","33.05","Kabupaten Kebumen","33.05.14","Sruweng","33.05.14.2004","Giwangretno"
"33","Jawa Tengah","33.05","Kabupaten Kebumen","33.05.14","Sruweng","33.05.14.2005","Jabres"
"33","Jawa Tengah","33.05","Kabupaten Kebumen","33.05.14","Sruweng","33.05.14.2006","Sruweng"
"33","Jawa Tengah","33.05","Kabupaten Kebumen","33.05.14","Sruweng","33.05.14.2007","Karanggedang"
"33","Jawa Tengah","33.05","Kabupaten Kebumen","33.05.14","Sruweng","33.05.14.2008","Purwodeso"
"33","Jawa Tengah","33.05","Kabupaten Kebumen","33.05.14","Sruweng","33.05.14.2009","Klepusanggar"
"33","Jawa Tengah","33.05","Kabupaten Kebumen","33.05.14","Sruweng","33.05.14.2010","Tanggeran"
"33","Jawa Tengah","33.05","Kabupaten Kebumen","33.05.14","Sruweng","33.05.14.2011","Karangsari"
"33","Jawa Tengah","33.05","Kabupaten Kebumen","33.05.14","Sruweng","33.05.14.2012","Karangpule"
"33","Jawa Tengah","33.05","Kabupaten Kebumen","33.05.14","Sruweng","33.05.14.2013","Pakuran"
"33","Jawa Tengah","33.05","Kabupaten Kebumen","33.05.14","Sruweng","33.05.14.2014","Pengempon"
"33","Jawa Tengah","33.05","Kabupaten Kebumen","33.05.14","Sruweng","33.05.14.2015","Kejawang"
"33","Jawa Tengah","33.05","Kabupaten Kebumen","33.05.14","Sruweng","33.05.14.2016","Karangjambu"
"33","Jawa Tengah","33.05","Kabupaten Kebumen","33.05.14","Sruweng","33.05.14.2017","Sidoagung"
"33","Jawa Tengah","33.05","Kabupaten Kebumen","33.05.14","Sruweng","33.05.14.2018","Penusupan"
"33","Jawa Tengah","33.05","Kabupaten Kebumen","33.05.14","Sruweng","33.05.14.2019","Donosari"
"33","Jawa Tengah","33.05","Kabupaten Kebumen","33.05.14","Sruweng","33.05.14.2020","Pandansari"
"33","Jawa Tengah","33.05","Kabupaten Kebumen","33.05.14","Sruweng","33.05.14.2021","Condongcampur"
"33","Jawa Tengah","33.05","Kabupaten Kebumen","33.05.15","Adimulyo","33.05.15.2001","Sugihwaras"
"33","Jawa Tengah","33.05","Kabupaten Kebumen","33.05.15","Adimulyo","33.05.15.2002","Tambaharjo"
"33","Jawa Tengah","33.05","Kabupaten Kebumen","33.05.15","Adimulyo","33.05.15.2003","Tepakyang"
"33","Jawa Tengah","33.05","Kabupaten Kebumen","33.05.15","Adimulyo","33.05.15.2004","Sidomulyo"
"33","Jawa Tengah","33.05","Kabupaten Kebumen","33.05.15","Adimulyo","33.05.15.2005","Wajasari"
"33","Jawa Tengah","33.05","Kabupaten Kebumen","33.05.15","Adimulyo","33.05.15.2006","Candiwulan"
"33","Jawa Tengah","33.05","Kabupaten Kebumen","33.05.15","Adimulyo","33.05.15.2007","Adikarto"
"33","Jawa Tengah","33.05","Kabupaten Kebumen","33.05.15","Adimulyo","33.05.15.2008","Adimulyo"
"33","Jawa Tengah","33.05","Kabupaten Kebumen","33.05.15","Adimulyo","33.05.15.2009","Temanggal"
"33","Jawa Tengah","33.05","Kabupaten Kebumen","33.05.15","Adimulyo","33.05.15.2010","Joho"
"33","Jawa Tengah","33.05","Kabupaten Kebumen","33.05.15","Adimulyo","33.05.15.2011","Adiluhur"
"33","Jawa Tengah","33.05","Kabupaten Kebumen","33.05.15","Adimulyo","33.05.15.2012","Tegalsari"
"33","Jawa Tengah","33.05","Kabupaten Kebumen","33.05.15","Adimulyo","33.05.15.2013","Sekarteja"
"33","Jawa Tengah","33.05","Kabupaten Kebumen","33.05.15","Adimulyo","33.05.15.2014","Kemujan"
"33","Jawa Tengah","33.05","Kabupaten Kebumen","33.05.15","Adimulyo","33.05.15.2015","Mangunharjo"
"33","Jawa Tengah","33.05","Kabupaten Kebumen","33.05.15","Adimulyo","33.05.15.2016","Banyurata"
"33","Jawa Tengah","33.05","Kabupaten Kebumen","33.05.15","Adimulyo","33.05.15.2017","Meles"
"33","Jawa Tengah","33.05","Kabupaten Kebumen","33.05.15","Adimulyo","33.05.15.2018","Caruban"
"33","Jawa Tengah","33.05","Kabupaten Kebumen","33.05.15","Adimulyo","33.05.15.2019","Bonjok"
"33","Jawa Tengah","33.05","Kabupaten Kebumen","33.05.15","Adimulyo","33.05.15.2020","Arjomulyo"
"33","Jawa Tengah","33.05","Kabupaten Kebumen","33.05.15","Adimulyo","33.05.15.2021","Arjosari"
"33","Jawa Tengah","33.05","Kabupaten Kebumen","33.05.15","Adimulyo","33.05.15.2022","Pekuwon"
"33","Jawa Tengah","33.05","Kabupaten Kebumen","33.05.15","Adimulyo","33.05.15.2023","Sidomukti"
"33","Jawa Tengah","33.05","Kabupaten Kebumen","33.05.16","Kuwarasan","33.05.16.2001","Kamulyan"
"33","Jawa Tengah","33.05","Kabupaten Kebumen","33.05.16","Kuwarasan","33.05.16.2002","Sidomukti"
"33","Jawa Tengah","33.05","Kabupaten Kebumen","33.05.16","Kuwarasan","33.05.16.2003","Tambaksari"
"33","Jawa Tengah","33.05","Kabupaten Kebumen","33.05.16","Kuwarasan","33.05.16.2004","Kalipurwo"
"33","Jawa Tengah","33.05","Kabupaten Kebumen","33.05.16","Kuwarasan","33.05.16.2005","Purwodadi"
"33","Jawa Tengah","33.05","Kabupaten Kebumen","33.05.16","Kuwarasan","33.05.16.2006","Pondokgebangsari"
"33","Jawa Tengah","33.05","Kabupaten Kebumen","33.05.16","Kuwarasan","33.05.16.2007","Kuwarasan"
"33","Jawa Tengah","33.05","Kabupaten Kebumen","33.05.16","Kuwarasan","33.05.16.2008","Harjodowo"
"33","Jawa Tengah","33.05","Kabupaten Kebumen","33.05.16","Kuwarasan","33.05.16.2009","Lemahduwur"
"33","Jawa Tengah","33.05","Kabupaten Kebumen","33.05.16","Kuwarasan","33.05.16.2010","Madureso"
"33","Jawa Tengah","33.05","Kabupaten Kebumen","33.05.16","Kuwarasan","33.05.16.2011","Mangli"
"33","Jawa Tengah","33.05","Kabupaten Kebumen","33.05.16","Kuwarasan","33.05.16.2012","Gandusari"
"33","Jawa Tengah","33.05","Kabupaten Kebumen","33.05.16","Kuwarasan","33.05.16.2013","Ori"
"33","Jawa Tengah","33.05","Kabupaten Kebumen","33.05.16","Kuwarasan","33.05.16.2014","Serut"
"33","Jawa Tengah","33.05","Kabupaten Kebumen","33.05.16","Kuwarasan","33.05.16.2015","Banjareja"
"33","Jawa Tengah","33.05","Kabupaten Kebumen","33.05.16","Kuwarasan","33.05.16.2016","Gumawang"
"33","Jawa Tengah","33.05","Kabupaten Kebumen","33.05.16","Kuwarasan","33.05.16.2017","Wonoyoso"
"33","Jawa Tengah","33.05","Kabupaten Kebumen","33.05.16","Kuwarasan","33.05.16.2018","Gunungmujil"
"33","Jawa Tengah","33.05","Kabupaten Kebumen","33.05.16","Kuwarasan","33.05.16.2019","Kuwaru"
"33","Jawa Tengah","33.05","Kabupaten Kebumen","33.05.16","Kuwarasan","33.05.16.2020","Bendungan"
"33","Jawa Tengah","33.05","Kabupaten Kebumen","33.05.16","Kuwarasan","33.05.16.2021","Jatimulyo"
"33","Jawa Tengah","33.05","Kabupaten Kebumen","33.05.16","Kuwarasan","33.05.16.2022","Sawangan"
"33","Jawa Tengah","33.05","Kabupaten Kebumen","33.05.17","Rowokele","33.05.17.2001","Redisari"
"33","Jawa Tengah","33.05","Kabupaten Kebumen","33.05.17","Rowokele","33.05.17.2002","Kalisari"
"33","Jawa Tengah","33.05","Kabupaten Kebumen","33.05.17","Rowokele","33.05.17.2003","Pringtutul"
"33","Jawa Tengah","33.05","Kabupaten Kebumen","33.05.17","Rowokele","33.05.17.2004","Rowokele"
"33","Jawa Tengah","33.05","Kabupaten Kebumen","33.05.17","Rowokele","33.05.17.2005","Bumiagung"
"33","Jawa Tengah","33.05","Kabupaten Kebumen","33.05.17","Rowokele","33.05.17.2006","Jatiluhur"
"33","Jawa Tengah","33.05","Kabupaten Kebumen","33.05.17","Rowokele","33.05.17.2007","Kretek"
"33","Jawa Tengah","33.05","Kabupaten Kebumen","33.05.17","Rowokele","33.05.17.2008","Sukomulyo"
"33","Jawa Tengah","33.05","Kabupaten Kebumen","33.05.17","Rowokele","33.05.17.2009","Giyanti"
"33","Jawa Tengah","33.05","Kabupaten Kebumen","33.05.17","Rowokele","33.05.17.2010","Wonoharjo"
"33","Jawa Tengah","33.05","Kabupaten Kebumen","33.05.17","Rowokele","33.05.17.2011","Wagirpandan"
"33","Jawa Tengah","33.05","Kabupaten Kebumen","33.05.18","Sempor","33.05.18.2001","Sidoharum"
"33","Jawa Tengah","33.05","Kabupaten Kebumen","33.05.18","Sempor","33.05.18.2002","Selokerto"
"33","Jawa Tengah","33.05","Kabupaten Kebumen","33.05.18","Sempor","33.05.18.2003","Kalibeji"
"33","Jawa Tengah","33.05","Kabupaten Kebumen","33.05.18","Sempor","33.05.18.2004","Jatinegara"
"33","Jawa Tengah","33.05","Kabupaten Kebumen","33.05.18","Sempor","33.05.18.2005","Bejiruyung"
"33","Jawa Tengah","33.05","Kabupaten Kebumen","33.05.18","Sempor","33.05.18.2006","Pekuncen"
"33","Jawa Tengah","33.05","Kabupaten Kebumen","33.05.18","Sempor","33.05.18.2007","Kedungjati"
"33","Jawa Tengah","33.05","Kabupaten Kebumen","33.05.18","Sempor","33.05.18.2008","Semali"
"33","Jawa Tengah","33.05","Kabupaten Kebumen","33.05.18","Sempor","33.05.18.2009","Bonosari"
"33","Jawa Tengah","33.05","Kabupaten Kebumen","33.05.18","Sempor","33.05.18.2010","Sempor"
"33","Jawa Tengah","33.05","Kabupaten Kebumen","33.05.18","Sempor","33.05.18.2011","Tunjungseto"
"33","Jawa Tengah","33.05","Kabupaten Kebumen","33.05.18","Sempor","33.05.18.2012","Sampang"
"33","Jawa Tengah","33.05","Kabupaten Kebumen","33.05.18","Sempor","33.05.18.2013","Donorojo"
"33","Jawa Tengah","33.05","Kabupaten Kebumen","33.05.18","Sempor","33.05.18.2014","Kedungwringin"
"33","Jawa Tengah","33.05","Kabupaten Kebumen","33.05.18","Sempor","33.05.18.2015","Kenteng"
"33","Jawa Tengah","33.05","Kabupaten Kebumen","33.05.18","Sempor","33.05.18.2016","Somagede"
"33","Jawa Tengah","33.05","Kabupaten Kebumen","33.05.19","Gombong","33.05.19.1008","Gombong"
"33","Jawa Tengah","33.05","Kabupaten Kebumen","33.05.19","Gombong","33.05.19.1009","Wonokriyo"
"33","Jawa Tengah","33.05","Kabupaten Kebumen","33.05.19","Gombong","33.05.19.2001","Kalitengah"
"33","Jawa Tengah","33.05","Kabupaten Kebumen","33.05.19","Gombong","33.05.19.2002","Kemukus"
"33","Jawa Tengah","33.05","Kabupaten Kebumen","33.05.19","Gombong","33.05.19.2003","Banjarsari"
"33","Jawa Tengah","33.05","Kabupaten Kebumen","33.05.19","Gombong","33.05.19.2004","Panjangsari"
"33","Jawa Tengah","33.05","Kabupaten Kebumen","33.05.19","Gombong","33.05.19.2005","Patemon"
"33","Jawa Tengah","33.05","Kabupaten Kebumen","33.05.19","Gombong","33.05.19.2006","Kedungpuji"
"33","Jawa Tengah","33.05","Kabupaten Kebumen","33.05.19","Gombong","33.05.19.2007","Wero"
"33","Jawa Tengah","33.05","Kabupaten Kebumen","33.05.19","Gombong","33.05.19.2010","Semondo"
"33","Jawa Tengah","33.05","Kabupaten Kebumen","33.05.19","Gombong","33.05.19.2011","Semanding"
"33","Jawa Tengah","33.05","Kabupaten Kebumen","33.05.19","Gombong","33.05.19.2012","Sidayu"
"33","Jawa Tengah","33.05","Kabupaten Kebumen","33.05.19","Gombong","33.05.19.2013","Wonosigro"
"33","Jawa Tengah","33.05","Kabupaten Kebumen","33.05.19","Gombong","33.05.19.2014","Klopogodo"
"33","Jawa Tengah","33.05","Kabupaten Kebumen","33.05.20","Karanganyar","33.05.20.1002","Panjatan"
"33","Jawa Tengah","33.05","Kabupaten Kebumen","33.05.20","Karanganyar","33.05.20.1003","Karanganyar"
"33","Jawa Tengah","33.05","Kabupaten Kebumen","33.05.20","Karanganyar","33.05.20.1004","Jatiluhur"
"33","Jawa Tengah","33.05","Kabupaten Kebumen","33.05.20","Karanganyar","33.05.20.1007","Plarangan"
"33","Jawa Tengah","33.05","Kabupaten Kebumen","33.05.20","Karanganyar","33.05.20.2001","Sidomulyo"
"33","Jawa Tengah","33.05","Kabupaten Kebumen","33.05.20","Karanganyar","33.05.20.2005","Candi"
"33","Jawa Tengah","33.05","Kabupaten Kebumen","33.05.20","Karanganyar","33.05.20.2006","Giripurno"
"33","Jawa Tengah","33.05","Kabupaten Kebumen","33.05.20","Karanganyar","33.05.20.2008","Karangkemiri"
"33","Jawa Tengah","33.05","Kabupaten Kebumen","33.05.20","Karanganyar","33.05.20.2009","Wonorejo"
"33","Jawa Tengah","33.05","Kabupaten Kebumen","33.05.20","Karanganyar","33.05.20.2010","Grenggeng"
"33","Jawa Tengah","33.05","Kabupaten Kebumen","33.05.20","Karanganyar","33.05.20.2011","Pohkumbang"
"33","Jawa Tengah","33.05","Kabupaten Kebumen","33.05.21","Karanggayam","33.05.21.2001","Karanggayam"
"33","Jawa Tengah","33.05","Kabupaten Kebumen","33.05.21","Karanggayam","33.05.21.2002","Kajoran"
"33","Jawa Tengah","33.05","Kabupaten Kebumen","33.05.21","Karanggayam","33.05.21.2003","Karangtengah"
"33","Jawa Tengah","33.05","Kabupaten Kebumen","33.05.21","Karanggayam","33.05.21.2004","Karangmojo"
"33","Jawa Tengah","33.05","Kabupaten Kebumen","33.05.21","Karanggayam","33.05.21.2005","Penimbun"
"33","Jawa Tengah","33.05","Kabupaten Kebumen","33.05.21","Karanggayam","33.05.21.2006","Kalirejo"
"33","Jawa Tengah","33.05","Kabupaten Kebumen","33.05.21","Karanggayam","33.05.21.2007","Pagebangan"
"33","Jawa Tengah","33.05","Kabupaten Kebumen","33.05.21","Karanggayam","33.05.21.2008","Clapar"
"33","Jawa Tengah","33.05","Kabupaten Kebumen","33.05.21","Karanggayam","33.05.21.2009","Logandu"
"33","Jawa Tengah","33.05","Kabupaten Kebumen","33.05.21","Karanggayam","33.05.21.2010","Kebakalan"
"33","Jawa Tengah","33.05","Kabupaten Kebumen","33.05.21","Karanggayam","33.05.21.2011","Karangrejo"
"33","Jawa Tengah","33.05","Kabupaten Kebumen","33.05.21","Karanggayam","33.05.21.2012","Wonotirto"
"33","Jawa Tengah","33.05","Kabupaten Kebumen","33.05.21","Karanggayam","33.05.21.2013","Kalibening"
"33","Jawa Tengah","33.05","Kabupaten Kebumen","33.05.21","Karanggayam","33.05.21.2014","Gunungsari"
"33","Jawa Tengah","33.05","Kabupaten Kebumen","33.05.21","Karanggayam","33.05.21.2015","Ginandong"
"33","Jawa Tengah","33.05","Kabupaten Kebumen","33.05.21","Karanggayam","33.05.21.2016","Binangun"
"33","Jawa Tengah","33.05","Kabupaten Kebumen","33.05.21","Karanggayam","33.05.21.2017","Glontor"
"33","Jawa Tengah","33.05","Kabupaten Kebumen","33.05.21","Karanggayam","33.05.21.2018","Selogiri"
"33","Jawa Tengah","33.05","Kabupaten Kebumen","33.05.21","Karanggayam","33.05.21.2019","Giritirto"
"33","Jawa Tengah","33.05","Kabupaten Kebumen","33.05.22","Sadang","33.05.22.2001","Pucangan"
"33","Jawa Tengah","33.05","Kabupaten Kebumen","33.05.22","Sadang","33.05.22.2002","Seboro"
"33","Jawa Tengah","33.05","Kabupaten Kebumen","33.05.22","Sadang","33.05.22.2003","Wonosari"
"33","Jawa Tengah","33.05","Kabupaten Kebumen","33.05.22","Sadang","33.05.22.2004","Sadangkulon"
"33","Jawa Tengah","33.05","Kabupaten Kebumen","33.05.22","Sadang","33.05.22.2005","Cangkring"
"33","Jawa Tengah","33.05","Kabupaten Kebumen","33.05.22","Sadang","33.05.22.2006","Sadangwetan"
"33","Jawa Tengah","33.05","Kabupaten Kebumen","33.05.22","Sadang","33.05.22.2007","Kedunggong"
"33","Jawa Tengah","33.05","Kabupaten Kebumen","33.05.23","Bonorowo","33.05.23.2001","Patukrejo"
"33","Jawa Tengah","33.05","Kabupaten Kebumen","33.05.23","Bonorowo","33.05.23.2002","Ngasinan"
"33","Jawa Tengah","33.05","Kabupaten Kebumen","33.05.23","Bonorowo","33.05.23.2003","Pujodadi"
"33","Jawa Tengah","33.05","Kabupaten Kebumen","33.05.23","Bonorowo","33.05.23.2004","Balorejo"
"33","Jawa Tengah","33.05","Kabupaten Kebumen","33.05.23","Bonorowo","33.05.23.2005","Rowosari"
"33","Jawa Tengah","33.05","Kabupaten Kebumen","33.05.23","Bonorowo","33.05.23.2006","Tlogorejo"
"33","Jawa Tengah","33.05","Kabupaten Kebumen","33.05.23","Bonorowo","33.05.23.2007","Bonorowo"
"33","Jawa Tengah","33.05","Kabupaten Kebumen","33.05.23","Bonorowo","33.05.23.2008","Sirnoboyo"
"33","Jawa Tengah","33.05","Kabupaten Kebumen","33.05.23","Bonorowo","33.05.23.2009","Bonjokkidul"
"33","Jawa Tengah","33.05","Kabupaten Kebumen","33.05.23","Bonorowo","33.05.23.2010","Bonjoklor"
"33","Jawa Tengah","33.05","Kabupaten Kebumen","33.05.23","Bonorowo","33.05.23.2011","Mrentul"
"33","Jawa Tengah","33.05","Kabupaten Kebumen","33.05.24","Padureso","33.05.24.2001","Pejengkolan"
"33","Jawa Tengah","33.05","Kabupaten Kebumen","33.05.24","Padureso","33.05.24.2002","Balingasal"
"33","Jawa Tengah","33.05","Kabupaten Kebumen","33.05.24","Padureso","33.05.24.2003","Merden"
"33","Jawa Tengah","33.05","Kabupaten Kebumen","33.05.24","Padureso","33.05.24.2004","Kalijering"
"33","Jawa Tengah","33.05","Kabupaten Kebumen","33.05.24","Padureso","33.05.24.2005","Kaligubug"
"33","Jawa Tengah","33.05","Kabupaten Kebumen","33.05.24","Padureso","33.05.24.2006","Sidototo"
"33","Jawa Tengah","33.05","Kabupaten Kebumen","33.05.24","Padureso","33.05.24.2007","Rahayu"
"33","Jawa Tengah","33.05","Kabupaten Kebumen","33.05.24","Padureso","33.05.24.2008","Sendangdalem"
"33","Jawa Tengah","33.05","Kabupaten Kebumen","33.05.24","Padureso","33.05.24.2009","Padureso"
"33","Jawa Tengah","33.05","Kabupaten Kebumen","33.05.25","Poncowarno","33.05.25.2001","Jatipurus"
"33","Jawa Tengah","33.05","Kabupaten Kebumen","33.05.25","Poncowarno","33.05.25.2002","Lerepkebumen"
"33","Jawa Tengah","33.05","Kabupaten Kebumen","33.05.25","Poncowarno","33.05.25.2003","Blater"
"33","Jawa Tengah","33.05","Kabupaten Kebumen","33.05.25","Poncowarno","33.05.25.2004","Poncowarno"
"33","Jawa Tengah","33.05","Kabupaten Kebumen","33.05.25","Poncowarno","33.05.25.2005","Tegalrejo"
"33","Jawa Tengah","33.05","Kabupaten Kebumen","33.05.25","Poncowarno","33.05.25.2006","Jembangan"
"33","Jawa Tengah","33.05","Kabupaten Kebumen","33.05.25","Poncowarno","33.05.25.2007","Kedungdowo"
"33","Jawa Tengah","33.05","Kabupaten Kebumen","33.05.25","Poncowarno","33.05.25.2008","Karangtengah"
"33","Jawa Tengah","33.05","Kabupaten Kebumen","33.05.25","Poncowarno","33.05.25.2009","Tirtomoyo"
"33","Jawa Tengah","33.05","Kabupaten Kebumen","33.05.25","Poncowarno","33.05.25.2010","Soka"
"33","Jawa Tengah","33.05","Kabupaten Kebumen","33.05.25","Poncowarno","33.05.25.2011","Kebapangan"
"33","Jawa Tengah","33.05","Kabupaten Kebumen","33.05.26","Karangsambung","33.05.26.2001","Widoro"
"33","Jawa Tengah","33.05","Kabupaten Kebumen","33.05.26","Karangsambung","33.05.26.2002","Seling"
"33","Jawa Tengah","33.05","Kabupaten Kebumen","33.05.26","Karangsambung","33.05.26.2003","Pencil"
"33","Jawa Tengah","33.05","Kabupaten Kebumen","33.05.26","Karangsambung","33.05.26.2004","Kedungwaru"
"33","Jawa Tengah","33.05","Kabupaten Kebumen","33.05.26","Karangsambung","33.05.26.2005","Kaligending"
"33","Jawa Tengah","33.05","Kabupaten Kebumen","33.05.26","Karangsambung","33.05.26.2006","Plumbon"
"33","Jawa Tengah","33.05","Kabupaten Kebumen","33.05.26","Karangsambung","33.05.26.2007","Pujotirto"
"33","Jawa Tengah","33.05","Kabupaten Kebumen","33.05.26","Karangsambung","33.05.26.2008","Wadasmalang"
"33","Jawa Tengah","33.05","Kabupaten Kebumen","33.05.26","Karangsambung","33.05.26.2009","Tlepok"
"33","Jawa Tengah","33.05","Kabupaten Kebumen","33.05.26","Karangsambung","33.05.26.2010","Kalisono"
"33","Jawa Tengah","33.05","Kabupaten Kebumen","33.05.26","Karangsambung","33.05.26.2011","Langse"
"33","Jawa Tengah","33.05","Kabupaten Kebumen","33.05.26","Karangsambung","33.05.26.2012","Banioro"
"33","Jawa Tengah","33.05","Kabupaten Kebumen","33.05.26","Karangsambung","33.05.26.2013","Karangsambung"
"33","Jawa Tengah","33.05","Kabupaten Kebumen","33.05.26","Karangsambung","33.05.26.2014","Totogan"
"33","Jawa Tengah","33.06","Kabupaten Purworejo","33.06.01","Grabag","33.06.01.2001","Harjobinangun"
"33","Jawa Tengah","33.06","Kabupaten Purworejo","33.06.01","Grabag","33.06.01.2002","Patutrejo"
"33","Jawa Tengah","33.06","Kabupaten Purworejo","33.06.01","Grabag","33.06.01.2003","Ketawangrejo"
"33","Jawa Tengah","33.06","Kabupaten Purworejo","33.06.01","Grabag","33.06.01.2004","Munggangsari"
"33","Jawa Tengah","33.06","Kabupaten Purworejo","33.06.01","Grabag","33.06.01.2005","Kertojayan"
"33","Jawa Tengah","33.06","Kabupaten Purworejo","33.06.01","Grabag","33.06.01.2006","Pasaranom"
"33","Jawa Tengah","33.06","Kabupaten Purworejo","33.06.01","Grabag","33.06.01.2007","Ukirsari"
"33","Jawa Tengah","33.06","Kabupaten Purworejo","33.06.01","Grabag","33.06.01.2008","Nambangan"
"33","Jawa Tengah","33.06","Kabupaten Purworejo","33.06.01","Grabag","33.06.01.2009","Sumberagung"
"33","Jawa Tengah","33.06","Kabupaten Purworejo","33.06.01","Grabag","33.06.01.2010","Bendungan"
"33","Jawa Tengah","33.06","Kabupaten Purworejo","33.06.01","Grabag","33.06.01.2011","Rowodadi"
"33","Jawa Tengah","33.06","Kabupaten Purworejo","33.06.01","Grabag","33.06.01.2012","Bakurejo"
"33","Jawa Tengah","33.06","Kabupaten Purworejo","33.06.01","Grabag","33.06.01.2013","Duduwetan"
"33","Jawa Tengah","33.06","Kabupaten Purworejo","33.06.01","Grabag","33.06.01.2014","Dudukulon"
"33","Jawa Tengah","33.06","Kabupaten Purworejo","33.06.01","Grabag","33.06.01.2015","Rejosari"
"33","Jawa Tengah","33.06","Kabupaten Purworejo","33.06.01","Grabag","33.06.01.2016","Trimulyo"
"33","Jawa Tengah","33.06","Kabupaten Purworejo","33.06.01","Grabag","33.06.01.2017","Tulusrejo"
"33","Jawa Tengah","33.06","Kabupaten Purworejo","33.06.01","Grabag","33.06.01.2018","Tegalrejo"
"33","Jawa Tengah","33.06","Kabupaten Purworejo","33.06.01","Grabag","33.06.01.2019","Kalirejo"
"33","Jawa Tengah","33.06","Kabupaten Purworejo","33.06.01","Grabag","33.06.01.2020","Wonoenggal"
"33","Jawa Tengah","33.06","Kabupaten Purworejo","33.06.01","Grabag","33.06.01.2021","Banyuyoso"
"33","Jawa Tengah","33.06","Kabupaten Purworejo","33.06.01","Grabag","33.06.01.2022","Grabag"
"33","Jawa Tengah","33.06","Kabupaten Purworejo","33.06.01","Grabag","33.06.01.2023","Aglik"
"33","Jawa Tengah","33.06","Kabupaten Purworejo","33.06.01","Grabag","33.06.01.2024","Roworejo"
"33","Jawa Tengah","33.06","Kabupaten Purworejo","33.06.01","Grabag","33.06.01.2025","Tunggulrejo"
"33","Jawa Tengah","33.06","Kabupaten Purworejo","33.06.01","Grabag","33.06.01.2026","Kedungkamal"
"33","Jawa Tengah","33.06","Kabupaten Purworejo","33.06.01","Grabag","33.06.01.2027","Sangubanyu"
"33","Jawa Tengah","33.06","Kabupaten Purworejo","33.06.01","Grabag","33.06.01.2028","Dukuhdungus"
"33","Jawa Tengah","33.06","Kabupaten Purworejo","33.06.01","Grabag","33.06.01.2029","Tlepokwetan"
"33","Jawa Tengah","33.06","Kabupaten Purworejo","33.06.01","Grabag","33.06.01.2030","Tlepokkulon"
"33","Jawa Tengah","33.06","Kabupaten Purworejo","33.06.01","Grabag","33.06.01.2031","Kumpulrejo"
"33","Jawa Tengah","33.06","Kabupaten Purworejo","33.06.01","Grabag","33.06.01.2032","Kese"
"33","Jawa Tengah","33.06","Kabupaten Purworejo","33.06.02","Ngombol","33.06.02.2001","Ngentak"
"33","Jawa Tengah","33.06","Kabupaten Purworejo","33.06.02","Ngombol","33.06.02.2002","Girirejo"
"33","Jawa Tengah","33.06","Kabupaten Purworejo","33.06.02","Ngombol","33.06.02.2003","Wero"
"33","Jawa Tengah","33.06","Kabupaten Purworejo","33.06.02","Ngombol","33.06.02.2004","Pagak"
"33","Jawa Tengah","33.06","Kabupaten Purworejo","33.06.02","Ngombol","33.06.02.2005","Malang"
"33","Jawa Tengah","33.06","Kabupaten Purworejo","33.06.02","Ngombol","33.06.02.2006","Depokrejo"
"33","Jawa Tengah","33.06","Kabupaten Purworejo","33.06.02","Ngombol","33.06.02.2007","Keburuhan"
"33","Jawa Tengah","33.06","Kabupaten Purworejo","33.06.02","Ngombol","33.06.02.2008","Awu-awu"
"33","Jawa Tengah","33.06","Kabupaten Purworejo","33.06.02","Ngombol","33.06.02.2009","Kumpulsari"
"33","Jawa Tengah","33.06","Kabupaten Purworejo","33.06.02","Ngombol","33.06.02.2010","Kesidan"
"33","Jawa Tengah","33.06","Kabupaten Purworejo","33.06.02","Ngombol","33.06.02.2011","Wonoroto"
"33","Jawa Tengah","33.06","Kabupaten Purworejo","33.06.02","Ngombol","33.06.02.2012","Pejagran"
"33","Jawa Tengah","33.06","Kabupaten Purworejo","33.06.02","Ngombol","33.06.02.2013","Wonosari"
"33","Jawa Tengah","33.06","Kabupaten Purworejo","33.06.02","Ngombol","33.06.02.2014","Wonosri"
"33","Jawa Tengah","33.06","Kabupaten Purworejo","33.06.02","Ngombol","33.06.02.2015","Jeruken"
"33","Jawa Tengah","33.06","Kabupaten Purworejo","33.06.02","Ngombol","33.06.02.2016","Tanjungrejo"
"33","Jawa Tengah","33.06","Kabupaten Purworejo","33.06.02","Ngombol","33.06.02.2017","Kalitanjung"
"33","Jawa Tengah","33.06","Kabupaten Purworejo","33.06.02","Ngombol","33.06.02.2018","Kuwukan"
"33","Jawa Tengah","33.06","Kabupaten Purworejo","33.06.02","Ngombol","33.06.02.2019","Kedondong"
"33","Jawa Tengah","33.06","Kabupaten Purworejo","33.06.02","Ngombol","33.06.02.2020","Rasukan"
"33","Jawa Tengah","33.06","Kabupaten Purworejo","33.06.02","Ngombol","33.06.02.2021","Laban"
"33","Jawa Tengah","33.06","Kabupaten Purworejo","33.06.02","Ngombol","33.06.02.2022","Wasiat"
"33","Jawa Tengah","33.06","Kabupaten Purworejo","33.06.02","Ngombol","33.06.02.2023","Tunjungan"
"33","Jawa Tengah","33.06","Kabupaten Purworejo","33.06.02","Ngombol","33.06.02.2024","Ringgit"
"33","Jawa Tengah","33.06","Kabupaten Purworejo","33.06.02","Ngombol","33.06.02.2025","Kaliwungukidul"
"33","Jawa Tengah","33.06","Kabupaten Purworejo","33.06.02","Ngombol","33.06.02.2026","Kaliwungulor"
"33","Jawa Tengah","33.06","Kabupaten Purworejo","33.06.02","Ngombol","33.06.02.2027","Cokroyasan"
"33","Jawa Tengah","33.06","Kabupaten Purworejo","33.06.02","Ngombol","33.06.02.2028","Bojong"
"33","Jawa Tengah","33.06","Kabupaten Purworejo","33.06.02","Ngombol","33.06.02.2029","Karangtalun"
"33","Jawa Tengah","33.06","Kabupaten Purworejo","33.06.02","Ngombol","33.06.02.2030","Susuk"
"33","Jawa Tengah","33.06","Kabupaten Purworejo","33.06.02","Ngombol","33.06.02.2031","Klandaran"
"33","Jawa Tengah","33.06","Kabupaten Purworejo","33.06.02","Ngombol","33.06.02.2032","Briyan"
"33","Jawa Tengah","33.06","Kabupaten Purworejo","33.06.02","Ngombol","33.06.02.2033","Ngombol"
"33","Jawa Tengah","33.06","Kabupaten Purworejo","33.06.02","Ngombol","33.06.02.2034","Joso"
"33","Jawa Tengah","33.06","Kabupaten Purworejo","33.06.02","Ngombol","33.06.02.2035","Candi"
"33","Jawa Tengah","33.06","Kabupaten Purworejo","33.06.02","Ngombol","33.06.02.2036","Pulutan"
"33","Jawa Tengah","33.06","Kabupaten Purworejo","33.06.02","Ngombol","33.06.02.2037","Walikoro"
"33","Jawa Tengah","33.06","Kabupaten Purworejo","33.06.02","Ngombol","33.06.02.2038","Sruwoh"
"33","Jawa Tengah","33.06","Kabupaten Purworejo","33.06.02","Ngombol","33.06.02.2039","Wonoboyo"
"33","Jawa Tengah","33.06","Kabupaten Purworejo","33.06.02","Ngombol","33.06.02.2040","Kembangkuning"
"33","Jawa Tengah","33.06","Kabupaten Purworejo","33.06.02","Ngombol","33.06.02.2041","Jombang"
"33","Jawa Tengah","33.06","Kabupaten Purworejo","33.06.02","Ngombol","33.06.02.2042","Mendiro"
"33","Jawa Tengah","33.06","Kabupaten Purworejo","33.06.02","Ngombol","33.06.02.2043","Wunut"
"33","Jawa Tengah","33.06","Kabupaten Purworejo","33.06.02","Ngombol","33.06.02.2044","Sumberrejo"
"33","Jawa Tengah","33.06","Kabupaten Purworejo","33.06.02","Ngombol","33.06.02.2045","Wingkosigromulyo"
"33","Jawa Tengah","33.06","Kabupaten Purworejo","33.06.02","Ngombol","33.06.02.2046","Wingkoharjo"
"33","Jawa Tengah","33.06","Kabupaten Purworejo","33.06.02","Ngombol","33.06.02.2047","Singkilkulon"
"33","Jawa Tengah","33.06","Kabupaten Purworejo","33.06.02","Ngombol","33.06.02.2048","Singkilwetan"
"33","Jawa Tengah","33.06","Kabupaten Purworejo","33.06.02","Ngombol","33.06.02.2049","Tumenggungan"
"33","Jawa Tengah","33.06","Kabupaten Purworejo","33.06.02","Ngombol","33.06.02.2050","Curug"
"33","Jawa Tengah","33.06","Kabupaten Purworejo","33.06.02","Ngombol","33.06.02.2051","Wingkosanggrahan"
"33","Jawa Tengah","33.06","Kabupaten Purworejo","33.06.02","Ngombol","33.06.02.2052","Wingkomulyo"
"33","Jawa Tengah","33.06","Kabupaten Purworejo","33.06.02","Ngombol","33.06.02.2053","Wingkotinumpuk"
"33","Jawa Tengah","33.06","Kabupaten Purworejo","33.06.02","Ngombol","33.06.02.2054","Piyono"
"33","Jawa Tengah","33.06","Kabupaten Purworejo","33.06.02","Ngombol","33.06.02.2055","Tanjung"
"33","Jawa Tengah","33.06","Kabupaten Purworejo","33.06.02","Ngombol","33.06.02.2056","Secang"
"33","Jawa Tengah","33.06","Kabupaten Purworejo","33.06.02","Ngombol","33.06.02.2057","Seboropasar"
"33","Jawa Tengah","33.06","Kabupaten Purworejo","33.06.03","Purwodadi","33.06.03.2001","Jatimalang"
"33","Jawa Tengah","33.06","Kabupaten Purworejo","33.06.03","Purwodadi","33.06.03.2002","Jatikontal"
"33","Jawa Tengah","33.06","Kabupaten Purworejo","33.06.03","Purwodadi","33.06.03.2003","Gedangan"
"33","Jawa Tengah","33.06","Kabupaten Purworejo","33.06.03","Purwodadi","33.06.03.2004","Karanganyar"
"33","Jawa Tengah","33.06","Kabupaten Purworejo","33.06.03","Purwodadi","33.06.03.2005","Jogoboyo"
"33","Jawa Tengah","33.06","Kabupaten Purworejo","33.06.03","Purwodadi","33.06.03.2006","Watukuro"
"33","Jawa Tengah","33.06","Kabupaten Purworejo","33.06.03","Purwodadi","33.06.03.2007","Karangsari"
"33","Jawa Tengah","33.06","Kabupaten Purworejo","33.06.03","Purwodadi","33.06.03.2008","Banjarsari"
"33","Jawa Tengah","33.06","Kabupaten Purworejo","33.06.03","Purwodadi","33.06.03.2009","Kebonsari"
"33","Jawa Tengah","33.06","Kabupaten Purworejo","33.06.03","Purwodadi","33.06.03.2010","Sidoharjo"
"33","Jawa Tengah","33.06","Kabupaten Purworejo","33.06.03","Purwodadi","33.06.03.2011","Jogoresan"
"33","Jawa Tengah","33.06","Kabupaten Purworejo","33.06.03","Purwodadi","33.06.03.2012","Geparang"
"33","Jawa Tengah","33.06","Kabupaten Purworejo","33.06.03","Purwodadi","33.06.03.2013","Nampurejo"
"33","Jawa Tengah","33.06","Kabupaten Purworejo","33.06.03","Purwodadi","33.06.03.2014","Kentengrejo"
"33","Jawa Tengah","33.06","Kabupaten Purworejo","33.06.03","Purwodadi","33.06.03.2015","Nampu"
"33","Jawa Tengah","33.06","Kabupaten Purworejo","33.06.03","Purwodadi","33.06.03.2016","Gesing"
"33","Jawa Tengah","33.06","Kabupaten Purworejo","33.06.03","Purwodadi","33.06.03.2017","Keponggok"
"33","Jawa Tengah","33.06","Kabupaten Purworejo","33.06.03","Purwodadi","33.06.03.2018","Bubutan"
"33","Jawa Tengah","33.06","Kabupaten Purworejo","33.06.03","Purwodadi","33.06.03.2019","Tegalaren"
"33","Jawa Tengah","33.06","Kabupaten Purworejo","33.06.03","Purwodadi","33.06.03.2020","Sukomanah"
"33","Jawa Tengah","33.06","Kabupaten Purworejo","33.06.03","Purwodadi","33.06.03.2021","Blendung"
"33","Jawa Tengah","33.06","Kabupaten Purworejo","33.06.03","Purwodadi","33.06.03.2022","Guyangan"
"33","Jawa Tengah","33.06","Kabupaten Purworejo","33.06.03","Purwodadi","33.06.03.2023","Bongkot"
"33","Jawa Tengah","33.06","Kabupaten Purworejo","33.06.03","Purwodadi","33.06.03.2024","Purwodadi"
"33","Jawa Tengah","33.06","Kabupaten Purworejo","33.06.03","Purwodadi","33.06.03.2025","Sumbersari"
"33","Jawa Tengah","33.06","Kabupaten Purworejo","33.06.03","Purwodadi","33.06.03.2026","Purwosari"
"33","Jawa Tengah","33.06","Kabupaten Purworejo","33.06.03","Purwodadi","33.06.03.2027","Jenarwetan"
"33","Jawa Tengah","33.06","Kabupaten Purworejo","33.06.03","Purwodadi","33.06.03.2028","Jenarkidul"
"33","Jawa Tengah","33.06","Kabupaten Purworejo","33.06.03","Purwodadi","33.06.03.2029","Jenarlor"
"33","Jawa Tengah","33.06","Kabupaten Purworejo","33.06.03","Purwodadi","33.06.03.2030","Pundensari"
"33","Jawa Tengah","33.06","Kabupaten Purworejo","33.06.03","Purwodadi","33.06.03.2031","Kesugihan"
"33","Jawa Tengah","33.06","Kabupaten Purworejo","33.06.03","Purwodadi","33.06.03.2032","Tlogorejo"
"33","Jawa Tengah","33.06","Kabupaten Purworejo","33.06.03","Purwodadi","33.06.03.2033","Plandi"
"33","Jawa Tengah","33.06","Kabupaten Purworejo","33.06.03","Purwodadi","33.06.03.2034","Bragolan"
"33","Jawa Tengah","33.06","Kabupaten Purworejo","33.06.03","Purwodadi","33.06.03.2035","Ketangi"
"33","Jawa Tengah","33.06","Kabupaten Purworejo","33.06.03","Purwodadi","33.06.03.2036","Karangmulyo"
"33","Jawa Tengah","33.06","Kabupaten Purworejo","33.06.03","Purwodadi","33.06.03.2037","Keduren"
"33","Jawa Tengah","33.06","Kabupaten Purworejo","33.06.03","Purwodadi","33.06.03.2038","Sumberrejo"
"33","Jawa Tengah","33.06","Kabupaten Purworejo","33.06.03","Purwodadi","33.06.03.2039","Brondongrejo"
"33","Jawa Tengah","33.06","Kabupaten Purworejo","33.06.03","Purwodadi","33.06.03.2040","Sendangsari"
"33","Jawa Tengah","33.06","Kabupaten Purworejo","33.06.04","Bagelen","33.06.04.2001","Dadirejo"
"33","Jawa Tengah","33.06","Kabupaten Purworejo","33.06.04","Bagelen","33.06.04.2002","Tlogokotes"
"33","Jawa Tengah","33.06","Kabupaten Purworejo","33.06.04","Bagelen","33.06.04.2003","Bapangsari"
"33","Jawa Tengah","33.06","Kabupaten Purworejo","33.06.04","Bagelen","33.06.04.2004","Bugel"
"33","Jawa Tengah","33.06","Kabupaten Purworejo","33.06.04","Bagelen","33.06.04.2005","Bagelen"
"33","Jawa Tengah","33.06","Kabupaten Purworejo","33.06.04","Bagelen","33.06.04.2006","Krendetan"
"33","Jawa Tengah","33.06","Kabupaten Purworejo","33.06.04","Bagelen","33.06.04.2007","Somorejo"
"33","Jawa Tengah","33.06","Kabupaten Purworejo","33.06.04","Bagelen","33.06.04.2008","Hargorojo"
"33","Jawa Tengah","33.06","Kabupaten Purworejo","33.06.04","Bagelen","33.06.04.2009","Durensari"
"33","Jawa Tengah","33.06","Kabupaten Purworejo","33.06.04","Bagelen","33.06.04.2010","Semono"
"33","Jawa Tengah","33.06","Kabupaten Purworejo","33.06.04","Bagelen","33.06.04.2011","Sokoagung"
"33","Jawa Tengah","33.06","Kabupaten Purworejo","33.06.04","Bagelen","33.06.04.2012","Kalirejo"
"33","Jawa Tengah","33.06","Kabupaten Purworejo","33.06.04","Bagelen","33.06.04.2013","Clapar"
"33","Jawa Tengah","33.06","Kabupaten Purworejo","33.06.04","Bagelen","33.06.04.2014","Soko"
"33","Jawa Tengah","33.06","Kabupaten Purworejo","33.06.04","Bagelen","33.06.04.2015","Semagung"
"33","Jawa Tengah","33.06","Kabupaten Purworejo","33.06.04","Bagelen","33.06.04.2016","Piji"
"33","Jawa Tengah","33.06","Kabupaten Purworejo","33.06.04","Bagelen","33.06.04.2017","Kemanukan"
"33","Jawa Tengah","33.06","Kabupaten Purworejo","33.06.05","Kaligesing","33.06.05.2001","Jatirejo"
"33","Jawa Tengah","33.06","Kabupaten Purworejo","33.06.05","Kaligesing","33.06.05.2002","Somongari"
"33","Jawa Tengah","33.06","Kabupaten Purworejo","33.06.05","Kaligesing","33.06.05.2003","Donorejo"
"33","Jawa Tengah","33.06","Kabupaten Purworejo","33.06.05","Kaligesing","33.06.05.2004","Hulosobo"
"33","Jawa Tengah","33.06","Kabupaten Purworejo","33.06.05","Kaligesing","33.06.05.2005","Kaliharjo"
"33","Jawa Tengah","33.06","Kabupaten Purworejo","33.06.05","Kaligesing","33.06.05.2006","Kaligono"
"33","Jawa Tengah","33.06","Kabupaten Purworejo","33.06.05","Kaligesing","33.06.05.2007","Tlogoguwo"
"33","Jawa Tengah","33.06","Kabupaten Purworejo","33.06.05","Kaligesing","33.06.05.2008","Pandanrejo"
"33","Jawa Tengah","33.06","Kabupaten Purworejo","33.06.05","Kaligesing","33.06.05.2009","Tawangsari"
"33","Jawa Tengah","33.06","Kabupaten Purworejo","33.06.05","Kaligesing","33.06.05.2010","Tlogobulu"
"33","Jawa Tengah","33.06","Kabupaten Purworejo","33.06.05","Kaligesing","33.06.05.2011","Purbowono"
"33","Jawa Tengah","33.06","Kabupaten Purworejo","33.06.05","Kaligesing","33.06.05.2012","Ngaran"
"33","Jawa Tengah","33.06","Kabupaten Purworejo","33.06.05","Kaligesing","33.06.05.2013","Kedunggubah"
"33","Jawa Tengah","33.06","Kabupaten Purworejo","33.06.05","Kaligesing","33.06.05.2014","Jelok"
"33","Jawa Tengah","33.06","Kabupaten Purworejo","33.06.05","Kaligesing","33.06.05.2015","Tlogorejo"
"33","Jawa Tengah","33.06","Kabupaten Purworejo","33.06.05","Kaligesing","33.06.05.2016","Gunungwangi"
"33","Jawa Tengah","33.06","Kabupaten Purworejo","33.06.05","Kaligesing","33.06.05.2017","Hardimulyo"
"33","Jawa Tengah","33.06","Kabupaten Purworejo","33.06.05","Kaligesing","33.06.05.2018","Sudorogo"
"33","Jawa Tengah","33.06","Kabupaten Purworejo","33.06.05","Kaligesing","33.06.05.2019","Sumowono"
"33","Jawa Tengah","33.06","Kabupaten Purworejo","33.06.05","Kaligesing","33.06.05.2020","Ngadirejo"
"33","Jawa Tengah","33.06","Kabupaten Purworejo","33.06.05","Kaligesing","33.06.05.2021","Pucungroto"
"33","Jawa Tengah","33.06","Kabupaten Purworejo","33.06.06","Purworejo","33.06.06.1007","Cangkrepkidul"
"33","Jawa Tengah","33.06","Kabupaten Purworejo","33.06.06","Purworejo","33.06.06.1008","Cangkreplor"
"33","Jawa Tengah","33.06","Kabupaten Purworejo","33.06.06","Purworejo","33.06.06.1010","Tambakrejo"
"33","Jawa Tengah","33.06","Kabupaten Purworejo","33.06.06","Purworejo","33.06.06.1011","Kedungsari"
"33","Jawa Tengah","33.06","Kabupaten Purworejo","33.06.06","Purworejo","33.06.06.1012","Pangenrejo"
"33","Jawa Tengah","33.06","Kabupaten Purworejo","33.06.06","Purworejo","33.06.06.1013","Pangenjurutengah"
"33","Jawa Tengah","33.06","Kabupaten Purworejo","33.06.06","Purworejo","33.06.06.1014","Doplang"
"33","Jawa Tengah","33.06","Kabupaten Purworejo","33.06.06","Purworejo","33.06.06.1015","Sindurjan"
"33","Jawa Tengah","33.06","Kabupaten Purworejo","33.06.06","Purworejo","33.06.06.1016","Paduroso"
"33","Jawa Tengah","33.06","Kabupaten Purworejo","33.06.06","Purworejo","33.06.06.1017","Purworejo"
"33","Jawa Tengah","33.06","Kabupaten Purworejo","33.06.06","Purworejo","33.06.06.1018","Mranti"
"33","Jawa Tengah","33.06","Kabupaten Purworejo","33.06.06","Purworejo","33.06.06.1019","Mudal"
"33","Jawa Tengah","33.06","Kabupaten Purworejo","33.06.06","Purworejo","33.06.06.1020","Keseneng"
"33","Jawa Tengah","33.06","Kabupaten Purworejo","33.06.06","Purworejo","33.06.06.1021","Baledono"
"33","Jawa Tengah","33.06","Kabupaten Purworejo","33.06.06","Purworejo","33.06.06.2001","Pacekelan"
"33","Jawa Tengah","33.06","Kabupaten Purworejo","33.06.06","Purworejo","33.06.06.2002","Plipir"
"33","Jawa Tengah","33.06","Kabupaten Purworejo","33.06.06","Purworejo","33.06.06.2003","Brenggong"
"33","Jawa Tengah","33.06","Kabupaten Purworejo","33.06.06","Purworejo","33.06.06.2004","Ganggeng"
"33","Jawa Tengah","33.06","Kabupaten Purworejo","33.06.06","Purworejo","33.06.06.2005","Semawung"
"33","Jawa Tengah","33.06","Kabupaten Purworejo","33.06.06","Purworejo","33.06.06.2006","Wonoroto"
"33","Jawa Tengah","33.06","Kabupaten Purworejo","33.06.06","Purworejo","33.06.06.2009","Sidorejo"
"33","Jawa Tengah","33.06","Kabupaten Purworejo","33.06.06","Purworejo","33.06.06.2022","Wonotulus"
"33","Jawa Tengah","33.06","Kabupaten Purworejo","33.06.06","Purworejo","33.06.06.2023","Sidomulyo"
"33","Jawa Tengah","33.06","Kabupaten Purworejo","33.06.06","Purworejo","33.06.06.2024","Sudimoro"
"33","Jawa Tengah","33.06","Kabupaten Purworejo","33.06.06","Purworejo","33.06.06.2025","Donorati"
"33","Jawa Tengah","33.06","Kabupaten Purworejo","33.06.07","Banyuurip","33.06.07.1010","Borokulon"
"33","Jawa Tengah","33.06","Kabupaten Purworejo","33.06.07","Banyuurip","33.06.07.1026","Kledungkradenan"
"33","Jawa Tengah","33.06","Kabupaten Purworejo","33.06.07","Banyuurip","33.06.07.1027","Kledung Karangdalem"
"33","Jawa Tengah","33.06","Kabupaten Purworejo","33.06.07","Banyuurip","33.06.07.2001","Seborokrapyak"
"33","Jawa Tengah","33.06","Kabupaten Purworejo","33.06.07","Banyuurip","33.06.07.2002","Triwarno"
"33","Jawa Tengah","33.06","Kabupaten Purworejo","33.06.07","Banyuurip","33.06.07.2003","Bajangrejo"
"33","Jawa Tengah","33.06","Kabupaten Purworejo","33.06.07","Banyuurip","33.06.07.2004","Bencorejo"
"33","Jawa Tengah","33.06","Kabupaten Purworejo","33.06.07","Banyuurip","33.06.07.2005","Surorejo"
"33","Jawa Tengah","33.06","Kabupaten Purworejo","33.06.07","Banyuurip","33.06.07.2006","Wangunrejo"
"33","Jawa Tengah","33.06","Kabupaten Purworejo","33.06.07","Banyuurip","33.06.07.2007","Cengkawakrejo"
"33","Jawa Tengah","33.06","Kabupaten Purworejo","33.06.07","Banyuurip","33.06.07.2008","Popongan"
"33","Jawa Tengah","33.06","Kabupaten Purworejo","33.06.07","Banyuurip","33.06.07.2009","Borowetan"
"33","Jawa Tengah","33.06","Kabupaten Purworejo","33.06.07","Banyuurip","33.06.07.2011","Tegalrejo"
"33","Jawa Tengah","33.06","Kabupaten Purworejo","33.06.07","Banyuurip","33.06.07.2012","Banyuurip"
"33","Jawa Tengah","33.06","Kabupaten Purworejo","33.06.07","Banyuurip","33.06.07.2013","Malangrejo"
"33","Jawa Tengah","33.06","Kabupaten Purworejo","33.06.07","Banyuurip","33.06.07.2014","Tegalkuning"
"33","Jawa Tengah","33.06","Kabupaten Purworejo","33.06.07","Banyuurip","33.06.07.2015","Kliwonan"
"33","Jawa Tengah","33.06","Kabupaten Purworejo","33.06.07","Banyuurip","33.06.07.2016","Kertosono"
"33","Jawa Tengah","33.06","Kabupaten Purworejo","33.06.07","Banyuurip","33.06.07.2017","Tanjunganom"
"33","Jawa Tengah","33.06","Kabupaten Purworejo","33.06.07","Banyuurip","33.06.07.2018","Sawit"
"33","Jawa Tengah","33.06","Kabupaten Purworejo","33.06.07","Banyuurip","33.06.07.2019","Sumbersari"
"33","Jawa Tengah","33.06","Kabupaten Purworejo","33.06.07","Banyuurip","33.06.07.2020","Pakisrejo"
"33","Jawa Tengah","33.06","Kabupaten Purworejo","33.06.07","Banyuurip","33.06.07.2021","Candingasinan"
"33","Jawa Tengah","33.06","Kabupaten Purworejo","33.06.07","Banyuurip","33.06.07.2022","Sokowaten"
"33","Jawa Tengah","33.06","Kabupaten Purworejo","33.06.07","Banyuurip","33.06.07.2023","Golok"
"33","Jawa Tengah","33.06","Kabupaten Purworejo","33.06.07","Banyuurip","33.06.07.2024","Candisari"
"33","Jawa Tengah","33.06","Kabupaten Purworejo","33.06.07","Banyuurip","33.06.07.2025","Condongsari"
"33","Jawa Tengah","33.06","Kabupaten Purworejo","33.06.08","Bayan","33.06.08.1020","Sucenjurutengah"
"33","Jawa Tengah","33.06","Kabupaten Purworejo","33.06.08","Bayan","33.06.08.2001","Jono"
"33","Jawa Tengah","33.06","Kabupaten Purworejo","33.06.08","Bayan","33.06.08.2002","Pogungjurutengah"
"33","Jawa Tengah","33.06","Kabupaten Purworejo","33.06.08","Bayan","33.06.08.2003","Pogungrejo"
"33","Jawa Tengah","33.06","Kabupaten Purworejo","33.06.08","Bayan","33.06.08.2004","Banjarejo"
"33","Jawa Tengah","33.06","Kabupaten Purworejo","33.06.08","Bayan","33.06.08.2005","Pogungkalangan"
"33","Jawa Tengah","33.06","Kabupaten Purworejo","33.06.08","Bayan","33.06.08.2006","Ketiwijayan"
"33","Jawa Tengah","33.06","Kabupaten Purworejo","33.06.08","Bayan","33.06.08.2007","Krandegan"
"33","Jawa Tengah","33.06","Kabupaten Purworejo","33.06.08","Bayan","33.06.08.2008","Tanjungrejo"
"33","Jawa Tengah","33.06","Kabupaten Purworejo","33.06.08","Bayan","33.06.08.2009","Dewi"
"33","Jawa Tengah","33.06","Kabupaten Purworejo","33.06.08","Bayan","33.06.08.2010","Tangkisan"
"33","Jawa Tengah","33.06","Kabupaten Purworejo","33.06.08","Bayan","33.06.08.2011","Jatingarang"
"33","Jawa Tengah","33.06","Kabupaten Purworejo","33.06.08","Bayan","33.06.08.2012","Bandungkidul"
"33","Jawa Tengah","33.06","Kabupaten Purworejo","33.06.08","Bayan","33.06.08.2013","Bandungrejo"
"33","Jawa Tengah","33.06","Kabupaten Purworejo","33.06.08","Bayan","33.06.08.2014","Besole"
"33","Jawa Tengah","33.06","Kabupaten Purworejo","33.06.08","Bayan","33.06.08.2015","Botorejo"
"33","Jawa Tengah","33.06","Kabupaten Purworejo","33.06.08","Bayan","33.06.08.2016","Botodaleman"
"33","Jawa Tengah","33.06","Kabupaten Purworejo","33.06.08","Bayan","33.06.08.2017","Dukuhrejo"
"33","Jawa Tengah","33.06","Kabupaten Purworejo","33.06.08","Bayan","33.06.08.2018","Grantung"
"33","Jawa Tengah","33.06","Kabupaten Purworejo","33.06.08","Bayan","33.06.08.2019","Kalimiru"
"33","Jawa Tengah","33.06","Kabupaten Purworejo","33.06.08","Bayan","33.06.08.2021","Bringin"
"33","Jawa Tengah","33.06","Kabupaten Purworejo","33.06.08","Bayan","33.06.08.2022","Bayan"
"33","Jawa Tengah","33.06","Kabupaten Purworejo","33.06.08","Bayan","33.06.08.2023","Pekutan"
"33","Jawa Tengah","33.06","Kabupaten Purworejo","33.06.08","Bayan","33.06.08.2024","Jrakah"
"33","Jawa Tengah","33.06","Kabupaten Purworejo","33.06.08","Bayan","33.06.08.2025","Sambeng"
"33","Jawa Tengah","33.06","Kabupaten Purworejo","33.06.08","Bayan","33.06.08.2026","Pucangagung"
"33","Jawa Tengah","33.06","Kabupaten Purworejo","33.06.09","Kutoarjo","33.06.09.1009","Bayem"
"33","Jawa Tengah","33.06","Kabupaten Purworejo","33.06.09","Kutoarjo","33.06.09.1010","Semawung Kembaran"
"33","Jawa Tengah","33.06","Kabupaten Purworejo","33.06.09","Kutoarjo","33.06.09.1014","Semawung Daleman"
"33","Jawa Tengah","33.06","Kabupaten Purworejo","33.06.09","Kutoarjo","33.06.09.1015","Bandung"
"33","Jawa Tengah","33.06","Kabupaten Purworejo","33.06.09","Kutoarjo","33.06.09.1016","Kutoarjo"
"33","Jawa Tengah","33.06","Kabupaten Purworejo","33.06.09","Kutoarjo","33.06.09.1017","Katerban"
"33","Jawa Tengah","33.06","Kabupaten Purworejo","33.06.09","Kutoarjo","33.06.09.2001","Kebondalem"
"33","Jawa Tengah","33.06","Kabupaten Purworejo","33.06.09","Kutoarjo","33.06.09.2002","Tuntungpait"
"33","Jawa Tengah","33.06","Kabupaten Purworejo","33.06.09","Kutoarjo","33.06.09.2003","Kiyangkongrejo"
"33","Jawa Tengah","33.06","Kabupaten Purworejo","33.06.09","Kutoarjo","33.06.09.2004","Suren"
"33","Jawa Tengah","33.06","Kabupaten Purworejo","33.06.09","Kutoarjo","33.06.09.2005","Karangwuluh"
"33","Jawa Tengah","33.06","Kabupaten Purworejo","33.06.09","Kutoarjo","33.06.09.2006","Purwosari"
"33","Jawa Tengah","33.06","Kabupaten Purworejo","33.06.09","Kutoarjo","33.06.09.2007","Kepuh"
"33","Jawa Tengah","33.06","Kabupaten Purworejo","33.06.09","Kutoarjo","33.06.09.2008","Majir"
"33","Jawa Tengah","33.06","Kabupaten Purworejo","33.06.09","Kutoarjo","33.06.09.2011","Kuwurejo"
"33","Jawa Tengah","33.06","Kabupaten Purworejo","33.06.09","Kutoarjo","33.06.09.2012","Pringgowijayan"
"33","Jawa Tengah","33.06","Kabupaten Purworejo","33.06.09","Kutoarjo","33.06.09.2013","Sidarum"
"33","Jawa Tengah","33.06","Kabupaten Purworejo","33.06.09","Kutoarjo","33.06.09.2018","Pacor"
"33","Jawa Tengah","33.06","Kabupaten Purworejo","33.06.09","Kutoarjo","33.06.09.2019","Tunggorono"
"33","Jawa Tengah","33.06","Kabupaten Purworejo","33.06.09","Kutoarjo","33.06.09.2020","Tepus Kulon"
"33","Jawa Tengah","33.06","Kabupaten Purworejo","33.06.09","Kutoarjo","33.06.09.2021","Sokoharjo"
"33","Jawa Tengah","33.06","Kabupaten Purworejo","33.06.09","Kutoarjo","33.06.09.2022","Kemadu Lor"
"33","Jawa Tengah","33.06","Kabupaten Purworejo","33.06.09","Kutoarjo","33.06.09.2023","Kaligesing"
"33","Jawa Tengah","33.06","Kabupaten Purworejo","33.06.09","Kutoarjo","33.06.09.2024","Tepus Wetan"
"33","Jawa Tengah","33.06","Kabupaten Purworejo","33.06.09","Kutoarjo","33.06.09.2025","Wirun"
"33","Jawa Tengah","33.06","Kabupaten Purworejo","33.06.09","Kutoarjo","33.06.09.2026","Karangrejo"
"33","Jawa Tengah","33.06","Kabupaten Purworejo","33.06.09","Kutoarjo","33.06.09.2027","Tursino"
"33","Jawa Tengah","33.06","Kabupaten Purworejo","33.06.10","Butuh","33.06.10.2001","Kedungmulyo"
"33","Jawa Tengah","33.06","Kabupaten Purworejo","33.06.10","Butuh","33.06.10.2002","Mangunjayan"
"33","Jawa Tengah","33.06","Kabupaten Purworejo","33.06.10","Butuh","33.06.10.2003","Karanganom"
"33","Jawa Tengah","33.06","Kabupaten Purworejo","33.06.10","Butuh","33.06.10.2004","Tanjunganom"
"33","Jawa Tengah","33.06","Kabupaten Purworejo","33.06.10","Butuh","33.06.10.2005","Sidomulyo"
"33","Jawa Tengah","33.06","Kabupaten Purworejo","33.06.10","Butuh","33.06.10.2006","Sumbersari"
"33","Jawa Tengah","33.06","Kabupaten Purworejo","33.06.10","Butuh","33.06.10.2007","Langenrejo"
"33","Jawa Tengah","33.06","Kabupaten Purworejo","33.06.10","Butuh","33.06.10.2008","Tamansari"
"33","Jawa Tengah","33.06","Kabupaten Purworejo","33.06.10","Butuh","33.06.10.2009","Wareng"
"33","Jawa Tengah","33.06","Kabupaten Purworejo","33.06.10","Butuh","33.06.10.2010","Ketug"
"33","Jawa Tengah","33.06","Kabupaten Purworejo","33.06.10","Butuh","33.06.10.2011","Rowodadi"
"33","Jawa Tengah","33.06","Kabupaten Purworejo","33.06.10","Butuh","33.06.10.2012","Kedungsari"
"33","Jawa Tengah","33.06","Kabupaten Purworejo","33.06.10","Butuh","33.06.10.2013","Sruwohdukuh"
"33","Jawa Tengah","33.06","Kabupaten Purworejo","33.06.10","Butuh","33.06.10.2014","Wonodadi"
"33","Jawa Tengah","33.06","Kabupaten Purworejo","33.06.10","Butuh","33.06.10.2015","Wonorejowetan"
"33","Jawa Tengah","33.06","Kabupaten Purworejo","33.06.10","Butuh","33.06.10.2016","Wonorejokulon"
"33","Jawa Tengah","33.06","Kabupaten Purworejo","33.06.10","Butuh","33.06.10.2017","Kunirejokulon"
"33","Jawa Tengah","33.06","Kabupaten Purworejo","33.06.10","Butuh","33.06.10.2018","Kunirejowetan"
"33","Jawa Tengah","33.06","Kabupaten Purworejo","33.06.10","Butuh","33.06.10.2019","Kedungsri"
"33","Jawa Tengah","33.06","Kabupaten Purworejo","33.06.10","Butuh","33.06.10.2020","Kedungagung"
"33","Jawa Tengah","33.06","Kabupaten Purworejo","33.06.10","Butuh","33.06.10.2021","Sruwohrejo"
"33","Jawa Tengah","33.06","Kabupaten Purworejo","33.06.10","Butuh","33.06.10.2022","Lugurejo"
"33","Jawa Tengah","33.06","Kabupaten Purworejo","33.06.10","Butuh","33.06.10.2023","Lugu"
"33","Jawa Tengah","33.06","Kabupaten Purworejo","33.06.10","Butuh","33.06.10.2024","Kunir"
"33","Jawa Tengah","33.06","Kabupaten Purworejo","33.06.10","Butuh","33.06.10.2025","Lubangdukuh"
"33","Jawa Tengah","33.06","Kabupaten Purworejo","33.06.10","Butuh","33.06.10.2026","Tlogorejo"
"33","Jawa Tengah","33.06","Kabupaten Purworejo","33.06.10","Butuh","33.06.10.2027","Polomarto"
"33","Jawa Tengah","33.06","Kabupaten Purworejo","33.06.10","Butuh","33.06.10.2028","Tegalgondo"
"33","Jawa Tengah","33.06","Kabupaten Purworejo","33.06.10","Butuh","33.06.10.2029","Lubanglor"
"33","Jawa Tengah","33.06","Kabupaten Purworejo","33.06.10","Butuh","33.06.10.2030","Lubangindangan"
"33","Jawa Tengah","33.06","Kabupaten Purworejo","33.06.10","Butuh","33.06.10.2031","Lubangkidul"
"33","Jawa Tengah","33.06","Kabupaten Purworejo","33.06.10","Butuh","33.06.10.2032","Lubangsampang"
"33","Jawa Tengah","33.06","Kabupaten Purworejo","33.06.10","Butuh","33.06.10.2033","Dlangu"
"33","Jawa Tengah","33.06","Kabupaten Purworejo","33.06.10","Butuh","33.06.10.2034","Andong"
"33","Jawa Tengah","33.06","Kabupaten Purworejo","33.06.10","Butuh","33.06.10.2035","Kaliwatubumi"
"33","Jawa Tengah","33.06","Kabupaten Purworejo","33.06.10","Butuh","33.06.10.2036","Kaliwatukranggan"
"33","Jawa Tengah","33.06","Kabupaten Purworejo","33.06.10","Butuh","33.06.10.2037","Panggeldlangu"
"33","Jawa Tengah","33.06","Kabupaten Purworejo","33.06.10","Butuh","33.06.10.2038","Binangun"
"33","Jawa Tengah","33.06","Kabupaten Purworejo","33.06.10","Butuh","33.06.10.2039","Butuh"
"33","Jawa Tengah","33.06","Kabupaten Purworejo","33.06.10","Butuh","33.06.10.2040","Klepu"
"33","Jawa Tengah","33.06","Kabupaten Purworejo","33.06.10","Butuh","33.06.10.2041","Wironatan"
"33","Jawa Tengah","33.06","Kabupaten Purworejo","33.06.11","Pituruh","33.06.11.2001","Kendalrejo"
"33","Jawa Tengah","33.06","Kabupaten Purworejo","33.06.11","Pituruh","33.06.11.2002","Kalimati"
"33","Jawa Tengah","33.06","Kabupaten Purworejo","33.06.11","Pituruh","33.06.11.2003","Pepe"
"33","Jawa Tengah","33.06","Kabupaten Purworejo","33.06.11","Pituruh","33.06.11.2004","Tunjungtejo"
"33","Jawa Tengah","33.06","Kabupaten Purworejo","33.06.11","Pituruh","33.06.11.2005","Sekartejo"
"33","Jawa Tengah","33.06","Kabupaten Purworejo","33.06.11","Pituruh","33.06.11.2006","Tersidilor"
"33","Jawa Tengah","33.06","Kabupaten Purworejo","33.06.11","Pituruh","33.06.11.2007","Tersidikidul"
"33","Jawa Tengah","33.06","Kabupaten Purworejo","33.06.11","Pituruh","33.06.11.2008","Tasikmadu"
"33","Jawa Tengah","33.06","Kabupaten Purworejo","33.06.11","Pituruh","33.06.11.2009","Pangkalan"
"33","Jawa Tengah","33.06","Kabupaten Purworejo","33.06.11","Pituruh","33.06.11.2010","Sumber"
"33","Jawa Tengah","33.06","Kabupaten Purworejo","33.06.11","Pituruh","33.06.11.2011","Gumawangrejo"
"33","Jawa Tengah","33.06","Kabupaten Purworejo","33.06.11","Pituruh","33.06.11.2012","Keburusan"
"33","Jawa Tengah","33.06","Kabupaten Purworejo","33.06.11","Pituruh","33.06.11.2013","Wonoyoso"
"33","Jawa Tengah","33.06","Kabupaten Purworejo","33.06.11","Pituruh","33.06.11.2014","Tapen"
"33","Jawa Tengah","33.06","Kabupaten Purworejo","33.06.11","Pituruh","33.06.11.2015","Waru"
"33","Jawa Tengah","33.06","Kabupaten Purworejo","33.06.11","Pituruh","33.06.11.2016","Blekatuk"
"33","Jawa Tengah","33.06","Kabupaten Purworejo","33.06.11","Pituruh","33.06.11.2017","Dlisen Wetan"
"33","Jawa Tengah","33.06","Kabupaten Purworejo","33.06.11","Pituruh","33.06.11.2018","Dlisenkulon"
"33","Jawa Tengah","33.06","Kabupaten Purworejo","33.06.11","Pituruh","33.06.11.2019","Semampir"
"33","Jawa Tengah","33.06","Kabupaten Purworejo","33.06.11","Pituruh","33.06.11.2020","Petuguran"
"33","Jawa Tengah","33.06","Kabupaten Purworejo","33.06.11","Pituruh","33.06.11.2021","Pekacangan"
"33","Jawa Tengah","33.06","Kabupaten Purworejo","33.06.11","Pituruh","33.06.11.2022","Karanggetas"
"33","Jawa Tengah","33.06","Kabupaten Purworejo","33.06.11","Pituruh","33.06.11.2023","Luweng Kidul"
"33","Jawa Tengah","33.06","Kabupaten Purworejo","33.06.11","Pituruh","33.06.11.2024","Sambeng"
"33","Jawa Tengah","33.06","Kabupaten Purworejo","33.06.11","Pituruh","33.06.11.2025","Megulungkidul"
"33","Jawa Tengah","33.06","Kabupaten Purworejo","33.06.11","Pituruh","33.06.11.2026","Pituruh"
"33","Jawa Tengah","33.06","Kabupaten Purworejo","33.06.11","Pituruh","33.06.11.2027","Sikambang"
"33","Jawa Tengah","33.06","Kabupaten Purworejo","33.06.11","Pituruh","33.06.11.2028","Ngampel"
"33","Jawa Tengah","33.06","Kabupaten Purworejo","33.06.11","Pituruh","33.06.11.2029","Prigelan"
"33","Jawa Tengah","33.06","Kabupaten Purworejo","33.06.11","Pituruh","33.06.11.2030","Ngandagan"
"33","Jawa Tengah","33.06","Kabupaten Purworejo","33.06.11","Pituruh","33.06.11.2031","Karanganyar"
"33","Jawa Tengah","33.06","Kabupaten Purworejo","33.06.11","Pituruh","33.06.11.2032","Megulunglor"
"33","Jawa Tengah","33.06","Kabupaten Purworejo","33.06.11","Pituruh","33.06.11.2033","Prapagkidul"
"33","Jawa Tengah","33.06","Kabupaten Purworejo","33.06.11","Pituruh","33.06.11.2034","Kembangkuning"
"33","Jawa Tengah","33.06","Kabupaten Purworejo","33.06.11","Pituruh","33.06.11.2035","Luwenglor"
"33","Jawa Tengah","33.06","Kabupaten Purworejo","33.06.11","Pituruh","33.06.11.2036","Brengkol"
"33","Jawa Tengah","33.06","Kabupaten Purworejo","33.06.11","Pituruh","33.06.11.2037","Girigondo"
"33","Jawa Tengah","33.06","Kabupaten Purworejo","33.06.11","Pituruh","33.06.11.2038","Prapaglor"
"33","Jawa Tengah","33.06","Kabupaten Purworejo","33.06.11","Pituruh","33.06.11.2039","Kalikotes"
"33","Jawa Tengah","33.06","Kabupaten Purworejo","33.06.11","Pituruh","33.06.11.2040","Kesawen"
"33","Jawa Tengah","33.06","Kabupaten Purworejo","33.06.11","Pituruh","33.06.11.2041","Kedungbatur"
"33","Jawa Tengah","33.06","Kabupaten Purworejo","33.06.11","Pituruh","33.06.11.2042","Polowangi"
"33","Jawa Tengah","33.06","Kabupaten Purworejo","33.06.11","Pituruh","33.06.11.2043","Kalijering"
"33","Jawa Tengah","33.06","Kabupaten Purworejo","33.06.11","Pituruh","33.06.11.2044","Somogede"
"33","Jawa Tengah","33.06","Kabupaten Purworejo","33.06.11","Pituruh","33.06.11.2045","Kaligondang"
"33","Jawa Tengah","33.06","Kabupaten Purworejo","33.06.11","Pituruh","33.06.11.2046","Kaligintung"
"33","Jawa Tengah","33.06","Kabupaten Purworejo","33.06.11","Pituruh","33.06.11.2047","Sawangan"
"33","Jawa Tengah","33.06","Kabupaten Purworejo","33.06.11","Pituruh","33.06.11.2048","Wonosido"
"33","Jawa Tengah","33.06","Kabupaten Purworejo","33.06.11","Pituruh","33.06.11.2049","Pamriyan"
"33","Jawa Tengah","33.06","Kabupaten Purworejo","33.06.12","Kemiri","33.06.12.2001","Waled"
"33","Jawa Tengah","33.06","Kabupaten Purworejo","33.06.12","Kemiri","33.06.12.2002","Kroyokulon"
"33","Jawa Tengah","33.06","Kabupaten Purworejo","33.06.12","Kemiri","33.06.12.2003","Rejosari"
"33","Jawa Tengah","33.06","Kabupaten Purworejo","33.06.12","Kemiri","33.06.12.2004","Gesikan"
"33","Jawa Tengah","33.06","Kabupaten Purworejo","33.06.12","Kemiri","33.06.12.2005","Paitan"
"33","Jawa Tengah","33.06","Kabupaten Purworejo","33.06.12","Kemiri","33.06.12.2006","Gedong"
"33","Jawa Tengah","33.06","Kabupaten Purworejo","33.06.12","Kemiri","33.06.12.2007","Rowobayem"
"33","Jawa Tengah","33.06","Kabupaten Purworejo","33.06.12","Kemiri","33.06.12.2008","Kemiri Kidul"
"33","Jawa Tengah","33.06","Kabupaten Purworejo","33.06.12","Kemiri","33.06.12.2009","Bedono Kluwung"
"33","Jawa Tengah","33.06","Kabupaten Purworejo","33.06.12","Kemiri","33.06.12.2010","Bedono Pageron"
"33","Jawa Tengah","33.06","Kabupaten Purworejo","33.06.12","Kemiri","33.06.12.2011","Bedono Karangduwur"
"33","Jawa Tengah","33.06","Kabupaten Purworejo","33.06.12","Kemiri","33.06.12.2012","Rebug"
"33","Jawa Tengah","33.06","Kabupaten Purworejo","33.06.12","Kemiri","33.06.12.2013","Loning"
"33","Jawa Tengah","33.06","Kabupaten Purworejo","33.06.12","Kemiri","33.06.12.2014","Winong"
"33","Jawa Tengah","33.06","Kabupaten Purworejo","33.06.12","Kemiri","33.06.12.2015","Sutoragan"
"33","Jawa Tengah","33.06","Kabupaten Purworejo","33.06.12","Kemiri","33.06.12.2016","Jatiwangsan"
"33","Jawa Tengah","33.06","Kabupaten Purworejo","33.06.12","Kemiri","33.06.12.2017","Girimulyo"
"33","Jawa Tengah","33.06","Kabupaten Purworejo","33.06.12","Kemiri","33.06.12.2018","Girijoyo"
"33","Jawa Tengah","33.06","Kabupaten Purworejo","33.06.12","Kemiri","33.06.12.2019","Turus"
"33","Jawa Tengah","33.06","Kabupaten Purworejo","33.06.12","Kemiri","33.06.12.2020","Dilem"
"33","Jawa Tengah","33.06","Kabupaten Purworejo","33.06.12","Kemiri","33.06.12.2021","Kedunglo"
"33","Jawa Tengah","33.06","Kabupaten Purworejo","33.06.12","Kemiri","33.06.12.2022","Wonosuko"
"33","Jawa Tengah","33.06","Kabupaten Purworejo","33.06.12","Kemiri","33.06.12.2023","Sidodadi"
"33","Jawa Tengah","33.06","Kabupaten Purworejo","33.06.12","Kemiri","33.06.12.2024","Kalimeneng"
"33","Jawa Tengah","33.06","Kabupaten Purworejo","33.06.12","Kemiri","33.06.12.2025","Kemirilor"
"33","Jawa Tengah","33.06","Kabupaten Purworejo","33.06.12","Kemiri","33.06.12.2026","Kerep"
"33","Jawa Tengah","33.06","Kabupaten Purworejo","33.06.12","Kemiri","33.06.12.2027","Kroyolor"
"33","Jawa Tengah","33.06","Kabupaten Purworejo","33.06.12","Kemiri","33.06.12.2028","Samping"
"33","Jawa Tengah","33.06","Kabupaten Purworejo","33.06.12","Kemiri","33.06.12.2029","Wonosari"
"33","Jawa Tengah","33.06","Kabupaten Purworejo","33.06.12","Kemiri","33.06.12.2030","Kaliglagah"
"33","Jawa Tengah","33.06","Kabupaten Purworejo","33.06.12","Kemiri","33.06.12.2031","Kapiteran"
"33","Jawa Tengah","33.06","Kabupaten Purworejo","33.06.12","Kemiri","33.06.12.2032","Wanurojo"
"33","Jawa Tengah","33.06","Kabupaten Purworejo","33.06.12","Kemiri","33.06.12.2033","Rejowinangun"
"33","Jawa Tengah","33.06","Kabupaten Purworejo","33.06.12","Kemiri","33.06.12.2034","Kaliurip"
"33","Jawa Tengah","33.06","Kabupaten Purworejo","33.06.12","Kemiri","33.06.12.2035","Kedungpomahanwetan"
"33","Jawa Tengah","33.06","Kabupaten Purworejo","33.06.12","Kemiri","33.06.12.2036","Karangluas"
"33","Jawa Tengah","33.06","Kabupaten Purworejo","33.06.12","Kemiri","33.06.12.2037","Kedungpomahankulon"
"33","Jawa Tengah","33.06","Kabupaten Purworejo","33.06.12","Kemiri","33.06.12.2038","Sukogelap"
"33","Jawa Tengah","33.06","Kabupaten Purworejo","33.06.12","Kemiri","33.06.12.2039","Gunungteges"
"33","Jawa Tengah","33.06","Kabupaten Purworejo","33.06.12","Kemiri","33.06.12.2040","Purbayan"
"33","Jawa Tengah","33.06","Kabupaten Purworejo","33.06.13","Bruno","33.06.13.2001","Puspo"
"33","Jawa Tengah","33.06","Kabupaten Purworejo","33.06.13","Bruno","33.06.13.2002","Plipiran"
"33","Jawa Tengah","33.06","Kabupaten Purworejo","33.06.13","Bruno","33.06.13.2003","Pakisarum"
"33","Jawa Tengah","33.06","Kabupaten Purworejo","33.06.13","Bruno","33.06.13.2004","Brunorejo"
"33","Jawa Tengah","33.06","Kabupaten Purworejo","33.06.13","Bruno","33.06.13.2005","Brunosari"
"33","Jawa Tengah","33.06","Kabupaten Purworejo","33.06.13","Bruno","33.06.13.2006","Somoleter"
"33","Jawa Tengah","33.06","Kabupaten Purworejo","33.06.13","Bruno","33.06.13.2007","Blimbing"
"33","Jawa Tengah","33.06","Kabupaten Purworejo","33.06.13","Bruno","33.06.13.2008","Gowong"
"33","Jawa Tengah","33.06","Kabupaten Purworejo","33.06.13","Bruno","33.06.13.2009","Brondong"
"33","Jawa Tengah","33.06","Kabupaten Purworejo","33.06.13","Bruno","33.06.13.2010","Cepedak"
"33","Jawa Tengah","33.06","Kabupaten Purworejo","33.06.13","Bruno","33.06.13.2011","Gunungcondong"
"33","Jawa Tengah","33.06","Kabupaten Purworejo","33.06.13","Bruno","33.06.13.2012","Kemranggen"
"33","Jawa Tengah","33.06","Kabupaten Purworejo","33.06.13","Bruno","33.06.13.2013","Karanggedang"
"33","Jawa Tengah","33.06","Kabupaten Purworejo","33.06.13","Bruno","33.06.13.2014","Giyombong"
"33","Jawa Tengah","33.06","Kabupaten Purworejo","33.06.13","Bruno","33.06.13.2015","Kambangan"
"33","Jawa Tengah","33.06","Kabupaten Purworejo","33.06.13","Bruno","33.06.13.2016","Watuduwur"
"33","Jawa Tengah","33.06","Kabupaten Purworejo","33.06.13","Bruno","33.06.13.2017","Kaliwungu"
"33","Jawa Tengah","33.06","Kabupaten Purworejo","33.06.13","Bruno","33.06.13.2018","Tegalsari"
"33","Jawa Tengah","33.06","Kabupaten Purworejo","33.06.14","Gebang","33.06.14.1003","Lugosobo"
"33","Jawa Tengah","33.06","Kabupaten Purworejo","33.06.14","Gebang","33.06.14.2001","Winongkidul"
"33","Jawa Tengah","33.06","Kabupaten Purworejo","33.06.14","Gebang","33.06.14.2002","Seren"
"33","Jawa Tengah","33.06","Kabupaten Purworejo","33.06.14","Gebang","33.06.14.2004","Gintungan"
"33","Jawa Tengah","33.06","Kabupaten Purworejo","33.06.14","Gebang","33.06.14.2005","Bulus"
"33","Jawa Tengah","33.06","Kabupaten Purworejo","33.06.14","Gebang","33.06.14.2006","Rendeng"
"33","Jawa Tengah","33.06","Kabupaten Purworejo","33.06.14","Gebang","33.06.14.2007","Kroyo"
"33","Jawa Tengah","33.06","Kabupaten Purworejo","33.06.14","Gebang","33.06.14.2008","Winonglor"
"33","Jawa Tengah","33.06","Kabupaten Purworejo","33.06.14","Gebang","33.06.14.2009","Mlaran"
"33","Jawa Tengah","33.06","Kabupaten Purworejo","33.06.14","Gebang","33.06.14.2010","Pelutan"
"33","Jawa Tengah","33.06","Kabupaten Purworejo","33.06.14","Gebang","33.06.14.2011","Bendosari"
"33","Jawa Tengah","33.06","Kabupaten Purworejo","33.06.14","Gebang","33.06.14.2012","Gebang"
"33","Jawa Tengah","33.06","Kabupaten Purworejo","33.06.14","Gebang","33.06.14.2013","Salam"
"33","Jawa Tengah","33.06","Kabupaten Purworejo","33.06.14","Gebang","33.06.14.2014","Pakem"
"33","Jawa Tengah","33.06","Kabupaten Purworejo","33.06.14","Gebang","33.06.14.2015","Wonotopo"
"33","Jawa Tengah","33.06","Kabupaten Purworejo","33.06.14","Gebang","33.06.14.2016","Sidoleren"
"33","Jawa Tengah","33.06","Kabupaten Purworejo","33.06.14","Gebang","33.06.14.2017","Penungkulan"
"33","Jawa Tengah","33.06","Kabupaten Purworejo","33.06.14","Gebang","33.06.14.2018","Redin"
"33","Jawa Tengah","33.06","Kabupaten Purworejo","33.06.14","Gebang","33.06.14.2019","Tlogosono"
"33","Jawa Tengah","33.06","Kabupaten Purworejo","33.06.14","Gebang","33.06.14.2020","Ngemplak"
"33","Jawa Tengah","33.06","Kabupaten Purworejo","33.06.14","Gebang","33.06.14.2021","Kragilan"
"33","Jawa Tengah","33.06","Kabupaten Purworejo","33.06.14","Gebang","33.06.14.2022","Prumben"
"33","Jawa Tengah","33.06","Kabupaten Purworejo","33.06.14","Gebang","33.06.14.2023","Ngaglik"
"33","Jawa Tengah","33.06","Kabupaten Purworejo","33.06.14","Gebang","33.06.14.2024","Kemiri"
"33","Jawa Tengah","33.06","Kabupaten Purworejo","33.06.14","Gebang","33.06.14.2025","Kalitengkek"
"33","Jawa Tengah","33.06","Kabupaten Purworejo","33.06.15","Loano","33.06.15.2001","Kalinongko"
"33","Jawa Tengah","33.06","Kabupaten Purworejo","33.06.15","Loano","33.06.15.2002","Trirejo"
"33","Jawa Tengah","33.06","Kabupaten Purworejo","33.06.15","Loano","33.06.15.2003","Karangrejo"
"33","Jawa Tengah","33.06","Kabupaten Purworejo","33.06.15","Loano","33.06.15.2004","Kalikalong"
"33","Jawa Tengah","33.06","Kabupaten Purworejo","33.06.15","Loano","33.06.15.2005","Rimun"
"33","Jawa Tengah","33.06","Kabupaten Purworejo","33.06.15","Loano","33.06.15.2006","Tepansari"
"33","Jawa Tengah","33.06","Kabupaten Purworejo","33.06.15","Loano","33.06.15.2007","Kaliglagah"
"33","Jawa Tengah","33.06","Kabupaten Purworejo","33.06.15","Loano","33.06.15.2008","Tridadi"
"33","Jawa Tengah","33.06","Kabupaten Purworejo","33.06.15","Loano","33.06.15.2009","Banyuasin Separe"
"33","Jawa Tengah","33.06","Kabupaten Purworejo","33.06.15","Loano","33.06.15.2010","Guyangan"
"33","Jawa Tengah","33.06","Kabupaten Purworejo","33.06.15","Loano","33.06.15.2011","Kalisemo"
"33","Jawa Tengah","33.06","Kabupaten Purworejo","33.06.15","Loano","33.06.15.2012","Loano"
"33","Jawa Tengah","33.06","Kabupaten Purworejo","33.06.15","Loano","33.06.15.2013","Jetis"
"33","Jawa Tengah","33.06","Kabupaten Purworejo","33.06.15","Loano","33.06.15.2014","Kedungpoh"
"33","Jawa Tengah","33.06","Kabupaten Purworejo","33.06.15","Loano","33.06.15.2015","Maron"
"33","Jawa Tengah","33.06","Kabupaten Purworejo","33.06.15","Loano","33.06.15.2016","Kebongunung"
"33","Jawa Tengah","33.06","Kabupaten Purworejo","33.06.15","Loano","33.06.15.2017","Mudalrejo"
"33","Jawa Tengah","33.06","Kabupaten Purworejo","33.06.15","Loano","33.06.15.2018","Kemejing"
"33","Jawa Tengah","33.06","Kabupaten Purworejo","33.06.15","Loano","33.06.15.2019","Banyuasin Kembaran"
"33","Jawa Tengah","33.06","Kabupaten Purworejo","33.06.15","Loano","33.06.15.2020","Sedayu"
"33","Jawa Tengah","33.06","Kabupaten Purworejo","33.06.15","Loano","33.06.15.2021","Ngargosari"
"33","Jawa Tengah","33.06","Kabupaten Purworejo","33.06.16","Bener","33.06.16.2001","Benowo"
"33","Jawa Tengah","33.06","Kabupaten Purworejo","33.06.16","Bener","33.06.16.2002","Kalitapas"
"33","Jawa Tengah","33.06","Kabupaten Purworejo","33.06.16","Bener","33.06.16.2003","Kaliwader"
"33","Jawa Tengah","33.06","Kabupaten Purworejo","33.06.16","Bener","33.06.16.2004","Kedungpucang"
"33","Jawa Tengah","33.06","Kabupaten Purworejo","33.06.16","Bener","33.06.16.2005","Sendangsari"
"33","Jawa Tengah","33.06","Kabupaten Purworejo","33.06.16","Bener","33.06.16.2006","Kaliboto"
"33","Jawa Tengah","33.06","Kabupaten Purworejo","33.06.16","Bener","33.06.16.2007","Kaliurip"
"33","Jawa Tengah","33.06","Kabupaten Purworejo","33.06.16","Bener","33.06.16.2008","Kedungloteng"
"33","Jawa Tengah","33.06","Kabupaten Purworejo","33.06.16","Bener","33.06.16.2009","Wadas"
"33","Jawa Tengah","33.06","Kabupaten Purworejo","33.06.16","Bener","33.06.16.2010","Cacaban Kidul"
"33","Jawa Tengah","33.06","Kabupaten Purworejo","33.06.16","Bener","33.06.16.2011","Cacaban Lor"
"33","Jawa Tengah","33.06","Kabupaten Purworejo","33.06.16","Bener","33.06.16.2012","Pekacangan"
"33","Jawa Tengah","33.06","Kabupaten Purworejo","33.06.16","Bener","33.06.16.2013","Medono"
"33","Jawa Tengah","33.06","Kabupaten Purworejo","33.06.16","Bener","33.06.16.2014","Bleber"
"33","Jawa Tengah","33.06","Kabupaten Purworejo","33.06.16","Bener","33.06.16.2015","Bener"
"33","Jawa Tengah","33.06","Kabupaten Purworejo","33.06.16","Bener","33.06.16.2016","Karangsari"
"33","Jawa Tengah","33.06","Kabupaten Purworejo","33.06.16","Bener","33.06.16.2017","Guntur"
"33","Jawa Tengah","33.06","Kabupaten Purworejo","33.06.16","Bener","33.06.16.2018","Legetan"
"33","Jawa Tengah","33.06","Kabupaten Purworejo","33.06.16","Bener","33.06.16.2019","Ketosari"
"33","Jawa Tengah","33.06","Kabupaten Purworejo","33.06.16","Bener","33.06.16.2020","Kamijoro"
"33","Jawa Tengah","33.06","Kabupaten Purworejo","33.06.16","Bener","33.06.16.2021","Jati"
"33","Jawa Tengah","33.06","Kabupaten Purworejo","33.06.16","Bener","33.06.16.2022","Mayungsari"
"33","Jawa Tengah","33.06","Kabupaten Purworejo","33.06.16","Bener","33.06.16.2023","Kalijambe"
"33","Jawa Tengah","33.06","Kabupaten Purworejo","33.06.16","Bener","33.06.16.2024","Sukowuwuh"
"33","Jawa Tengah","33.06","Kabupaten Purworejo","33.06.16","Bener","33.06.16.2025","Limbangan"
"33","Jawa Tengah","33.06","Kabupaten Purworejo","33.06.16","Bener","33.06.16.2026","Nglaris"
"33","Jawa Tengah","33.06","Kabupaten Purworejo","33.06.16","Bener","33.06.16.2027","Sidomukti"
"33","Jawa Tengah","33.06","Kabupaten Purworejo","33.06.16","Bener","33.06.16.2028","Ngasinan"
"33","Jawa Tengah","33.07","Kabupaten Wonosobo","33.07.01","Wadaslintang","33.07.01.1007","Wadaslintang"
"33","Jawa Tengah","33.07","Kabupaten Wonosobo","33.07.01","Wadaslintang","33.07.01.2001","Kaligowong"
"33","Jawa Tengah","33.07","Kabupaten Wonosobo","33.07.01","Wadaslintang","33.07.01.2002","Sumbersari"
"33","Jawa Tengah","33.07","Kabupaten Wonosobo","33.07.01","Wadaslintang","33.07.01.2003","Sumberejo"
"33","Jawa Tengah","33.07","Kabupaten Wonosobo","33.07.01","Wadaslintang","33.07.01.2004","Erorejo"
"33","Jawa Tengah","33.07","Kabupaten Wonosobo","33.07.01","Wadaslintang","33.07.01.2005","Karanganyar"
"33","Jawa Tengah","33.07","Kabupaten Wonosobo","33.07.01","Wadaslintang","33.07.01.2006","Panerusan"
"33","Jawa Tengah","33.07","Kabupaten Wonosobo","33.07.01","Wadaslintang","33.07.01.2008","Plunjaran"
"33","Jawa Tengah","33.07","Kabupaten Wonosobo","33.07.01","Wadaslintang","33.07.01.2009","Kumejing"
"33","Jawa Tengah","33.07","Kabupaten Wonosobo","33.07.01","Wadaslintang","33.07.01.2010","Lancar"
"33","Jawa Tengah","33.07","Kabupaten Wonosobo","33.07.01","Wadaslintang","33.07.01.2011","Somogede"
"33","Jawa Tengah","33.07","Kabupaten Wonosobo","33.07.01","Wadaslintang","33.07.01.2012","Trimulyo"
"33","Jawa Tengah","33.07","Kabupaten Wonosobo","33.07.01","Wadaslintang","33.07.01.2013","Tirip"
"33","Jawa Tengah","33.07","Kabupaten Wonosobo","33.07.01","Wadaslintang","33.07.01.2014","Besuki"
"33","Jawa Tengah","33.07","Kabupaten Wonosobo","33.07.01","Wadaslintang","33.07.01.2015","Gumelar"
"33","Jawa Tengah","33.07","Kabupaten Wonosobo","33.07.01","Wadaslintang","33.07.01.2016","Ngalian"
"33","Jawa Tengah","33.07","Kabupaten Wonosobo","33.07.01","Wadaslintang","33.07.01.2017","Kalidadap"
"33","Jawa Tengah","33.07","Kabupaten Wonosobo","33.07.02","Kepil","33.07.02.1008","Kepil"
"33","Jawa Tengah","33.07","Kabupaten Wonosobo","33.07.02","Kepil","33.07.02.2001","Gondowulan"
"33","Jawa Tengah","33.07","Kabupaten Wonosobo","33.07.02","Kepil","33.07.02.2002","Jangkrikan"
"33","Jawa Tengah","33.07","Kabupaten Wonosobo","33.07.02","Kepil","33.07.02.2003","Tegeswetan"
"33","Jawa Tengah","33.07","Kabupaten Wonosobo","33.07.02","Kepil","33.07.02.2004","Gadingsukuh"
"33","Jawa Tengah","33.07","Kabupaten Wonosobo","33.07.02","Kepil","33.07.02.2005","Burat"
"33","Jawa Tengah","33.07","Kabupaten Wonosobo","33.07.02","Kepil","33.07.02.2006","Bener"
"33","Jawa Tengah","33.07","Kabupaten Wonosobo","33.07.02","Kepil","33.07.02.2007","Gadingrejo"
"33","Jawa Tengah","33.07","Kabupaten Wonosobo","33.07.02","Kepil","33.07.02.2009","Beran"
"33","Jawa Tengah","33.07","Kabupaten Wonosobo","33.07.02","Kepil","33.07.02.2010","Kapulogo"
"33","Jawa Tengah","33.07","Kabupaten Wonosobo","33.07.02","Kepil","33.07.02.2011","Kagungan"
"33","Jawa Tengah","33.07","Kabupaten Wonosobo","33.07.02","Kepil","33.07.02.2012","Randusari"
"33","Jawa Tengah","33.07","Kabupaten Wonosobo","33.07.02","Kepil","33.07.02.2013","Rejosari"
"33","Jawa Tengah","33.07","Kabupaten Wonosobo","33.07.02","Kepil","33.07.02.2014","Ngalian"
"33","Jawa Tengah","33.07","Kabupaten Wonosobo","33.07.02","Kepil","33.07.02.2015","Kalipuru"
"33","Jawa Tengah","33.07","Kabupaten Wonosobo","33.07.02","Kepil","33.07.02.2016","Tanjunganom"
"33","Jawa Tengah","33.07","Kabupaten Wonosobo","33.07.02","Kepil","33.07.02.2017","Kaliwuluh"
"33","Jawa Tengah","33.07","Kabupaten Wonosobo","33.07.02","Kepil","33.07.02.2018","Tegalgot"
"33","Jawa Tengah","33.07","Kabupaten Wonosobo","33.07.02","Kepil","33.07.02.2019","Warangan"
"33","Jawa Tengah","33.07","Kabupaten Wonosobo","33.07.02","Kepil","33.07.02.2020","Ropoh"
"33","Jawa Tengah","33.07","Kabupaten Wonosobo","33.07.02","Kepil","33.07.02.2021","Pulosaren"
"33","Jawa Tengah","33.07","Kabupaten Wonosobo","33.07.03","Sapuran","33.07.03.1008","Sapuran"
"33","Jawa Tengah","33.07","Kabupaten Wonosobo","33.07.03","Sapuran","33.07.03.2001","Bogoran"
"33","Jawa Tengah","33.07","Kabupaten Wonosobo","33.07.03","Sapuran","33.07.03.2002","Karangsari"
"33","Jawa Tengah","33.07","Kabupaten Wonosobo","33.07.03","Sapuran","33.07.03.2003","Pecekelan"
"33","Jawa Tengah","33.07","Kabupaten Wonosobo","33.07.03","Sapuran","33.07.03.2004","Glagah"
"33","Jawa Tengah","33.07","Kabupaten Wonosobo","33.07.03","Sapuran","33.07.03.2005","Surojoyo"
"33","Jawa Tengah","33.07","Kabupaten Wonosobo","33.07.03","Sapuran","33.07.03.2006","Talunombo"
"33","Jawa Tengah","33.07","Kabupaten Wonosobo","33.07.03","Sapuran","33.07.03.2007","Tempursari"
"33","Jawa Tengah","33.07","Kabupaten Wonosobo","33.07.03","Sapuran","33.07.03.2009","Jolontoro"
"33","Jawa Tengah","33.07","Kabupaten Wonosobo","33.07.03","Sapuran","33.07.03.2010","Sedayu"
"33","Jawa Tengah","33.07","Kabupaten Wonosobo","33.07.03","Sapuran","33.07.03.2011","Ngadisalam"
"33","Jawa Tengah","33.07","Kabupaten Wonosobo","33.07.03","Sapuran","33.07.03.2012","Tempuranduwur"
"33","Jawa Tengah","33.07","Kabupaten Wonosobo","33.07.03","Sapuran","33.07.03.2013","Marongsari"
"33","Jawa Tengah","33.07","Kabupaten Wonosobo","33.07.03","Sapuran","33.07.03.2014","Batursari"
"33","Jawa Tengah","33.07","Kabupaten Wonosobo","33.07.03","Sapuran","33.07.03.2015","Banyumudal"
"33","Jawa Tengah","33.07","Kabupaten Wonosobo","33.07.03","Sapuran","33.07.03.2016","Ngadikerso"
"33","Jawa Tengah","33.07","Kabupaten Wonosobo","33.07.03","Sapuran","33.07.03.2017","Rimpak"
"33","Jawa Tengah","33.07","Kabupaten Wonosobo","33.07.04","Kaliwiro","33.07.04.1015","Kaliwiro"
"33","Jawa Tengah","33.07","Kabupaten Wonosobo","33.07.04","Kaliwiro","33.07.04.2001","Selomanik"
"33","Jawa Tengah","33.07","Kabupaten Wonosobo","33.07.04","Kaliwiro","33.07.04.2002","Bendungan"
"33","Jawa Tengah","33.07","Kabupaten Wonosobo","33.07.04","Kaliwiro","33.07.04.2003","Medono"
"33","Jawa Tengah","33.07","Kabupaten Wonosobo","33.07.04","Kaliwiro","33.07.04.2004","Ngadisono"
"33","Jawa Tengah","33.07","Kabupaten Wonosobo","33.07.04","Kaliwiro","33.07.04.2005","Lebak"
"33","Jawa Tengah","33.07","Kabupaten Wonosobo","33.07.04","Kaliwiro","33.07.04.2006","Ngasinan"
"33","Jawa Tengah","33.07","Kabupaten Wonosobo","33.07.04","Kaliwiro","33.07.04.2007","Kaliguwo"
"33","Jawa Tengah","33.07","Kabupaten Wonosobo","33.07.04","Kaliwiro","33.07.04.2008","Pesodongan"
"33","Jawa Tengah","33.07","Kabupaten Wonosobo","33.07.04","Kaliwiro","33.07.04.2009","Lamuk"
"33","Jawa Tengah","33.07","Kabupaten Wonosobo","33.07.04","Kaliwiro","33.07.04.2010","Pucungkerep"
"33","Jawa Tengah","33.07","Kabupaten Wonosobo","33.07.04","Kaliwiro","33.07.04.2011","Gambaran"
"33","Jawa Tengah","33.07","Kabupaten Wonosobo","33.07.04","Kaliwiro","33.07.04.2012","Purwosari"
"33","Jawa Tengah","33.07","Kabupaten Wonosobo","33.07.04","Kaliwiro","33.07.04.2013","Grugu"
"33","Jawa Tengah","33.07","Kabupaten Wonosobo","33.07.04","Kaliwiro","33.07.04.2014","Tracap"
"33","Jawa Tengah","33.07","Kabupaten Wonosobo","33.07.04","Kaliwiro","33.07.04.2016","Kauman"
"33","Jawa Tengah","33.07","Kabupaten Wonosobo","33.07.04","Kaliwiro","33.07.04.2017","Cledok"
"33","Jawa Tengah","33.07","Kabupaten Wonosobo","33.07.04","Kaliwiro","33.07.04.2018","Winongsari"
"33","Jawa Tengah","33.07","Kabupaten Wonosobo","33.07.04","Kaliwiro","33.07.04.2019","Sukoreno"
"33","Jawa Tengah","33.07","Kabupaten Wonosobo","33.07.04","Kaliwiro","33.07.04.2020","Kemiriombo"
"33","Jawa Tengah","33.07","Kabupaten Wonosobo","33.07.04","Kaliwiro","33.07.04.2021","Tanjunganom"
"33","Jawa Tengah","33.07","Kabupaten Wonosobo","33.07.05","Leksono","33.07.05.1006","Leksono"
"33","Jawa Tengah","33.07","Kabupaten Wonosobo","33.07.05","Leksono","33.07.05.2001","Sawangan"
"33","Jawa Tengah","33.07","Kabupaten Wonosobo","33.07.05","Leksono","33.07.05.2002","Lipursari"
"33","Jawa Tengah","33.07","Kabupaten Wonosobo","33.07.05","Leksono","33.07.05.2003","Selokromo"
"33","Jawa Tengah","33.07","Kabupaten Wonosobo","33.07.05","Leksono","33.07.05.2004","Sojokerto"
"33","Jawa Tengah","33.07","Kabupaten Wonosobo","33.07.05","Leksono","33.07.05.2005","Besani"
"33","Jawa Tengah","33.07","Kabupaten Wonosobo","33.07.05","Leksono","33.07.05.2007","Jlamprang"
"33","Jawa Tengah","33.07","Kabupaten Wonosobo","33.07.05","Leksono","33.07.05.2008","Wonokerto"
"33","Jawa Tengah","33.07","Kabupaten Wonosobo","33.07.05","Leksono","33.07.05.2009","Jonggolsari"
"33","Jawa Tengah","33.07","Kabupaten Wonosobo","33.07.05","Leksono","33.07.05.2010","Kalimendong"
"33","Jawa Tengah","33.07","Kabupaten Wonosobo","33.07.05","Leksono","33.07.05.2011","Timbang"
"33","Jawa Tengah","33.07","Kabupaten Wonosobo","33.07.05","Leksono","33.07.05.2012","Pacarmulyo"
"33","Jawa Tengah","33.07","Kabupaten Wonosobo","33.07.05","Leksono","33.07.05.2013","Durensawit"
"33","Jawa Tengah","33.07","Kabupaten Wonosobo","33.07.05","Leksono","33.07.05.2014","Manggis"
"33","Jawa Tengah","33.07","Kabupaten Wonosobo","33.07.06","Selomerto","33.07.06.1008","Selomerto"
"33","Jawa Tengah","33.07","Kabupaten Wonosobo","33.07.06","Selomerto","33.07.06.1011","Wonorejo"
"33","Jawa Tengah","33.07","Kabupaten Wonosobo","33.07.06","Selomerto","33.07.06.2001","Kecis"
"33","Jawa Tengah","33.07","Kabupaten Wonosobo","33.07.06","Selomerto","33.07.06.2002","Kaliputih"
"33","Jawa Tengah","33.07","Kabupaten Wonosobo","33.07.06","Selomerto","33.07.06.2003","Candi"
"33","Jawa Tengah","33.07","Kabupaten Wonosobo","33.07.06","Selomerto","33.07.06.2004","Balekambang"
"33","Jawa Tengah","33.07","Kabupaten Wonosobo","33.07.06","Selomerto","33.07.06.2005","Karangrejo"
"33","Jawa Tengah","33.07","Kabupaten Wonosobo","33.07.06","Selomerto","33.07.06.2006","Krasak"
"33","Jawa Tengah","33.07","Kabupaten Wonosobo","33.07.06","Selomerto","33.07.06.2007","Gunungtawang"
"33","Jawa Tengah","33.07","Kabupaten Wonosobo","33.07.06","Selomerto","33.07.06.2009","Pakuncen"
"33","Jawa Tengah","33.07","Kabupaten Wonosobo","33.07.06","Selomerto","33.07.06.2010","Kalierang"
"33","Jawa Tengah","33.07","Kabupaten Wonosobo","33.07.06","Selomerto","33.07.06.2012","Wilayu"
"33","Jawa Tengah","33.07","Kabupaten Wonosobo","33.07.06","Selomerto","33.07.06.2013","Sinduagung"
"33","Jawa Tengah","33.07","Kabupaten Wonosobo","33.07.06","Selomerto","33.07.06.2014","Sumberwulan"
"33","Jawa Tengah","33.07","Kabupaten Wonosobo","33.07.06","Selomerto","33.07.06.2015","Plobangan"
"33","Jawa Tengah","33.07","Kabupaten Wonosobo","33.07.06","Selomerto","33.07.06.2016","Simbarejo"
"33","Jawa Tengah","33.07","Kabupaten Wonosobo","33.07.06","Selomerto","33.07.06.2017","Wulungsari"
"33","Jawa Tengah","33.07","Kabupaten Wonosobo","33.07.06","Selomerto","33.07.06.2018","Bumitirto"
"33","Jawa Tengah","33.07","Kabupaten Wonosobo","33.07.06","Selomerto","33.07.06.2019","Semayu"
"33","Jawa Tengah","33.07","Kabupaten Wonosobo","33.07.06","Selomerto","33.07.06.2020","Adiwarno"
"33","Jawa Tengah","33.07","Kabupaten Wonosobo","33.07.06","Selomerto","33.07.06.2021","Kadipaten"
"33","Jawa Tengah","33.07","Kabupaten Wonosobo","33.07.06","Selomerto","33.07.06.2022","Sidorejo"
"33","Jawa Tengah","33.07","Kabupaten Wonosobo","33.07.06","Selomerto","33.07.06.2023","Tumenggungan"
"33","Jawa Tengah","33.07","Kabupaten Wonosobo","33.07.06","Selomerto","33.07.06.2024","Ngadimulyo"
"33","Jawa Tengah","33.07","Kabupaten Wonosobo","33.07.07","Kalikajar","33.07.07.1006","Kalikajar"
"33","Jawa Tengah","33.07","Kabupaten Wonosobo","33.07.07","Kalikajar","33.07.07.2001","Mangunrejo"
"33","Jawa Tengah","33.07","Kabupaten Wonosobo","33.07.07","Kalikajar","33.07.07.2002","Mungkung"
"33","Jawa Tengah","33.07","Kabupaten Wonosobo","33.07.07","Kalikajar","33.07.07.2003","Perboto"
"33","Jawa Tengah","33.07","Kabupaten Wonosobo","33.07.07","Kalikajar","33.07.07.2004","Kedalon"
"33","Jawa Tengah","33.07","Kabupaten Wonosobo","33.07.07","Kalikajar","33.07.07.2005","Rejosari"
"33","Jawa Tengah","33.07","Kabupaten Wonosobo","33.07.07","Kalikajar","33.07.07.2007","Simbang"
"33","Jawa Tengah","33.07","Kabupaten Wonosobo","33.07.07","Kalikajar","33.07.07.2008","Karangduwur"
"33","Jawa Tengah","33.07","Kabupaten Wonosobo","33.07.07","Kalikajar","33.07.07.2009","Kwadungan"
"33","Jawa Tengah","33.07","Kabupaten Wonosobo","33.07.07","Kalikajar","33.07.07.2010","Purwojiwo"
"33","Jawa Tengah","33.07","Kabupaten Wonosobo","33.07.07","Kalikajar","33.07.07.2011","Wonosari"
"33","Jawa Tengah","33.07","Kabupaten Wonosobo","33.07.07","Kalikajar","33.07.07.2012","Kalikuning"
"33","Jawa Tengah","33.07","Kabupaten Wonosobo","33.07.07","Kalikajar","33.07.07.2013","Maduretno"
"33","Jawa Tengah","33.07","Kabupaten Wonosobo","33.07.07","Kalikajar","33.07.07.2014","Tegalombo"
"33","Jawa Tengah","33.07","Kabupaten Wonosobo","33.07.07","Kalikajar","33.07.07.2015","Kembaran"
"33","Jawa Tengah","33.07","Kabupaten Wonosobo","33.07.07","Kalikajar","33.07.07.2016","lamuk"
"33","Jawa Tengah","33.07","Kabupaten Wonosobo","33.07.07","Kalikajar","33.07.07.2017","Bowongso"
"33","Jawa Tengah","33.07","Kabupaten Wonosobo","33.07.07","Kalikajar","33.07.07.2018","Butuh"
"33","Jawa Tengah","33.07","Kabupaten Wonosobo","33.07.07","Kalikajar","33.07.07.2019","Butuh Kidul"
"33","Jawa Tengah","33.07","Kabupaten Wonosobo","33.07.08","Kertek","33.07.08.1001","Wringinanom"
"33","Jawa Tengah","33.07","Kabupaten Wonosobo","33.07.08","Kertek","33.07.08.1008","Kertek"
"33","Jawa Tengah","33.07","Kabupaten Wonosobo","33.07.08","Kertek","33.07.08.2002","Sudungdewo"
"33","Jawa Tengah","33.07","Kabupaten Wonosobo","33.07.08","Kertek","33.07.08.2003","Bejiarum"
"33","Jawa Tengah","33.07","Kabupaten Wonosobo","33.07.08","Kertek","33.07.08.2004","Ngadikusuman"
"33","Jawa Tengah","33.07","Kabupaten Wonosobo","33.07.08","Kertek","33.07.08.2005","Bojasari"
"33","Jawa Tengah","33.07","Kabupaten Wonosobo","33.07.08","Kertek","33.07.08.2006","Surengede"
"33","Jawa Tengah","33.07","Kabupaten Wonosobo","33.07.08","Kertek","33.07.08.2007","Sindupaten"
"33","Jawa Tengah","33.07","Kabupaten Wonosobo","33.07.08","Kertek","33.07.08.2009","Sumberdalem"
"33","Jawa Tengah","33.07","Kabupaten Wonosobo","33.07.08","Kertek","33.07.08.2010","Purwojati"
"33","Jawa Tengah","33.07","Kabupaten Wonosobo","33.07.08","Kertek","33.07.08.2011","Karangluhur"
"33","Jawa Tengah","33.07","Kabupaten Wonosobo","33.07.08","Kertek","33.07.08.2012","Tlogodalem"
"33","Jawa Tengah","33.07","Kabupaten Wonosobo","33.07.08","Kertek","33.07.08.2013","Banjar"
"33","Jawa Tengah","33.07","Kabupaten Wonosobo","33.07.08","Kertek","33.07.08.2014","Damarkasiyan"
"33","Jawa Tengah","33.07","Kabupaten Wonosobo","33.07.08","Kertek","33.07.08.2015","Tlogomulyo"
"33","Jawa Tengah","33.07","Kabupaten Wonosobo","33.07.08","Kertek","33.07.08.2016","Pagerejo"
"33","Jawa Tengah","33.07","Kabupaten Wonosobo","33.07.08","Kertek","33.07.08.2017","Candimulyo"
"33","Jawa Tengah","33.07","Kabupaten Wonosobo","33.07.08","Kertek","33.07.08.2018","Purbosono"
"33","Jawa Tengah","33.07","Kabupaten Wonosobo","33.07.08","Kertek","33.07.08.2019","Candiyasan"
"33","Jawa Tengah","33.07","Kabupaten Wonosobo","33.07.08","Kertek","33.07.08.2020","Kapencar"
"33","Jawa Tengah","33.07","Kabupaten Wonosobo","33.07.08","Kertek","33.07.08.2021","Reco"
"33","Jawa Tengah","33.07","Kabupaten Wonosobo","33.07.09","Wonosobo","33.07.09.1002","Tawangsari"
"33","Jawa Tengah","33.07","Kabupaten Wonosobo","33.07.09","Wonosobo","33.07.09.1003","Mlipak"
"33","Jawa Tengah","33.07","Kabupaten Wonosobo","33.07.09","Wonosobo","33.07.09.1004","Jaraksari"
"33","Jawa Tengah","33.07","Kabupaten Wonosobo","33.07.09","Wonosobo","33.07.09.1006","Kramatan"
"33","Jawa Tengah","33.07","Kabupaten Wonosobo","33.07.09","Wonosobo","33.07.09.1008","Bumireso"
"33","Jawa Tengah","33.07","Kabupaten Wonosobo","33.07.09","Wonosobo","33.07.09.1009","Rojoimo"
"33","Jawa Tengah","33.07","Kabupaten Wonosobo","33.07.09","Wonosobo","33.07.09.1010","Pagerkukuh"
"33","Jawa Tengah","33.07","Kabupaten Wonosobo","33.07.09","Wonosobo","33.07.09.1011","Sambek"
"33","Jawa Tengah","33.07","Kabupaten Wonosobo","33.07.09","Wonosobo","33.07.09.1013","Kejiwan"
"33","Jawa Tengah","33.07","Kabupaten Wonosobo","33.07.09","Wonosobo","33.07.09.1014","Kalianget"
"33","Jawa Tengah","33.07","Kabupaten Wonosobo","33.07.09","Wonosobo","33.07.09.1015","Jlamprang"
"33","Jawa Tengah","33.07","Kabupaten Wonosobo","33.07.09","Wonosobo","33.07.09.1020","Wonosobo Barat"
"33","Jawa Tengah","33.07","Kabupaten Wonosobo","33.07.09","Wonosobo","33.07.09.1021","Wonosobo Timur"
"33","Jawa Tengah","33.07","Kabupaten Wonosobo","33.07.09","Wonosobo","33.07.09.2001","Wonolelo"
"33","Jawa Tengah","33.07","Kabupaten Wonosobo","33.07.09","Wonosobo","33.07.09.2005","Jogoyitnan"
"33","Jawa Tengah","33.07","Kabupaten Wonosobo","33.07.09","Wonosobo","33.07.09.2007","Pancurwening"
"33","Jawa Tengah","33.07","Kabupaten Wonosobo","33.07.09","Wonosobo","33.07.09.2016","Wonosari"
"33","Jawa Tengah","33.07","Kabupaten Wonosobo","33.07.09","Wonosobo","33.07.09.2017","Bomerto"
"33","Jawa Tengah","33.07","Kabupaten Wonosobo","33.07.09","Wonosobo","33.07.09.2018","Sariyoso"
"33","Jawa Tengah","33.07","Kabupaten Wonosobo","33.07.09","Wonosobo","33.07.09.2019","Tlogojati"
"33","Jawa Tengah","33.07","Kabupaten Wonosobo","33.07.10","Watumalang","33.07.10.1010","Wonoroto"
"33","Jawa Tengah","33.07","Kabupaten Wonosobo","33.07.10","Watumalang","33.07.10.2001","Bumiroso"
"33","Jawa Tengah","33.07","Kabupaten Wonosobo","33.07.10","Watumalang","33.07.10.2002","Gondang"
"33","Jawa Tengah","33.07","Kabupaten Wonosobo","33.07.10","Watumalang","33.07.10.2003","Limbangan"
"33","Jawa Tengah","33.07","Kabupaten Wonosobo","33.07.10","Watumalang","33.07.10.2004","Kuripan"
"33","Jawa Tengah","33.07","Kabupaten Wonosobo","33.07.10","Watumalang","33.07.10.2005","Banyukembar"
"33","Jawa Tengah","33.07","Kabupaten Wonosobo","33.07.10","Watumalang","33.07.10.2006","Gumawangkidul"
"33","Jawa Tengah","33.07","Kabupaten Wonosobo","33.07.10","Watumalang","33.07.10.2007","Wonosroyo"
"33","Jawa Tengah","33.07","Kabupaten Wonosobo","33.07.10","Watumalang","33.07.10.2008","Watumalang"
"33","Jawa Tengah","33.07","Kabupaten Wonosobo","33.07.10","Watumalang","33.07.10.2009","Pasuruhan"
"33","Jawa Tengah","33.07","Kabupaten Wonosobo","33.07.10","Watumalang","33.07.10.2011","Lumajang"
"33","Jawa Tengah","33.07","Kabupaten Wonosobo","33.07.10","Watumalang","33.07.10.2012","Binangun"
"33","Jawa Tengah","33.07","Kabupaten Wonosobo","33.07.10","Watumalang","33.07.10.2013","Wonokampir"
"33","Jawa Tengah","33.07","Kabupaten Wonosobo","33.07.10","Watumalang","33.07.10.2014","Krinjing"
"33","Jawa Tengah","33.07","Kabupaten Wonosobo","33.07.10","Watumalang","33.07.10.2015","Mutisari"
"33","Jawa Tengah","33.07","Kabupaten Wonosobo","33.07.10","Watumalang","33.07.10.2016","Kalidesel"
"33","Jawa Tengah","33.07","Kabupaten Wonosobo","33.07.11","Mojotengah","33.07.11.1004","Mudal"
"33","Jawa Tengah","33.07","Kabupaten Wonosobo","33.07.11","Mojotengah","33.07.11.1005","Andongsili"
"33","Jawa Tengah","33.07","Kabupaten Wonosobo","33.07.11","Mojotengah","33.07.11.1009","Kalibeber"
"33","Jawa Tengah","33.07","Kabupaten Wonosobo","33.07.11","Mojotengah","33.07.11.2001","Sojopuro"
"33","Jawa Tengah","33.07","Kabupaten Wonosobo","33.07.11","Mojotengah","33.07.11.2002","candirejo"
"33","Jawa Tengah","33.07","Kabupaten Wonosobo","33.07.11","Mojotengah","33.07.11.2003","Keseneng"
"33","Jawa Tengah","33.07","Kabupaten Wonosobo","33.07.11","Mojotengah","33.07.11.2006","Krasak"
"33","Jawa Tengah","33.07","Kabupaten Wonosobo","33.07.11","Mojotengah","33.07.11.2007","Bumirejo"
"33","Jawa Tengah","33.07","Kabupaten Wonosobo","33.07.11","Mojotengah","33.07.11.2008","Blederan"
"33","Jawa Tengah","33.07","Kabupaten Wonosobo","33.07.11","Mojotengah","33.07.11.2010","Sukorejo"
"33","Jawa Tengah","33.07","Kabupaten Wonosobo","33.07.11","Mojotengah","33.07.11.2011","Larangankulon"
"33","Jawa Tengah","33.07","Kabupaten Wonosobo","33.07.11","Mojotengah","33.07.11.2012","Pungangan"
"33","Jawa Tengah","33.07","Kabupaten Wonosobo","33.07.11","Mojotengah","33.07.11.2013","Gunturmadu"
"33","Jawa Tengah","33.07","Kabupaten Wonosobo","33.07.11","Mojotengah","33.07.11.2014","Mojosari"
"33","Jawa Tengah","33.07","Kabupaten Wonosobo","33.07.11","Mojotengah","33.07.11.2015","wonokromo"
"33","Jawa Tengah","33.07","Kabupaten Wonosobo","33.07.11","Mojotengah","33.07.11.2016","Derongisor"
"33","Jawa Tengah","33.07","Kabupaten Wonosobo","33.07.11","Mojotengah","33.07.11.2017","Deroduwur"
"33","Jawa Tengah","33.07","Kabupaten Wonosobo","33.07.11","Mojotengah","33.07.11.2018","Slukatan"
"33","Jawa Tengah","33.07","Kabupaten Wonosobo","33.07.11","Mojotengah","33.07.11.2019","Kebrengan"
"33","Jawa Tengah","33.07","Kabupaten Wonosobo","33.07.12","Garung","33.07.12.1005","Garung"
"33","Jawa Tengah","33.07","Kabupaten Wonosobo","33.07.12","Garung","33.07.12.2001","Lengkong"
"33","Jawa Tengah","33.07","Kabupaten Wonosobo","33.07.12","Garung","33.07.12.2002","Gemblengan"
"33","Jawa Tengah","33.07","Kabupaten Wonosobo","33.07.12","Garung","33.07.12.2003","Sendangsari"
"33","Jawa Tengah","33.07","Kabupaten Wonosobo","33.07.12","Garung","33.07.12.2004","Kayugiyang"
"33","Jawa Tengah","33.07","Kabupaten Wonosobo","33.07.12","Garung","33.07.12.2006","Siwuran"
"33","Jawa Tengah","33.07","Kabupaten Wonosobo","33.07.12","Garung","33.07.12.2007","Kuripan"
"33","Jawa Tengah","33.07","Kabupaten Wonosobo","33.07.12","Garung","33.07.12.2008","Jengkol"
"33","Jawa Tengah","33.07","Kabupaten Wonosobo","33.07.12","Garung","33.07.12.2009","Tlogo"
"33","Jawa Tengah","33.07","Kabupaten Wonosobo","33.07.12","Garung","33.07.12.2010","Maron"
"33","Jawa Tengah","33.07","Kabupaten Wonosobo","33.07.12","Garung","33.07.12.2011","Menjer"
"33","Jawa Tengah","33.07","Kabupaten Wonosobo","33.07.12","Garung","33.07.12.2012","Mlandi"
"33","Jawa Tengah","33.07","Kabupaten Wonosobo","33.07.12","Garung","33.07.12.2013","Laranganlor"
"33","Jawa Tengah","33.07","Kabupaten Wonosobo","33.07.12","Garung","33.07.12.2014","Sitiharjo"
"33","Jawa Tengah","33.07","Kabupaten Wonosobo","33.07.12","Garung","33.07.12.2015","Tegalsari"
"33","Jawa Tengah","33.07","Kabupaten Wonosobo","33.07.13","Kejajar","33.07.13.1008","Kejajar"
"33","Jawa Tengah","33.07","Kabupaten Wonosobo","33.07.13","Kejajar","33.07.13.2001","Campursari"
"33","Jawa Tengah","33.07","Kabupaten Wonosobo","33.07.13","Kejajar","33.07.13.2002","Sikunang"
"33","Jawa Tengah","33.07","Kabupaten Wonosobo","33.07.13","Kejajar","33.07.13.2003","Sembungan"
"33","Jawa Tengah","33.07","Kabupaten Wonosobo","33.07.13","Kejajar","33.07.13.2004","Kreo"
"33","Jawa Tengah","33.07","Kabupaten Wonosobo","33.07.13","Kejajar","33.07.13.2005","Tambi"
"33","Jawa Tengah","33.07","Kabupaten Wonosobo","33.07.13","Kejajar","33.07.13.2006","Buntu"
"33","Jawa Tengah","33.07","Kabupaten Wonosobo","33.07.13","Kejajar","33.07.13.2007","Sigedang"
"33","Jawa Tengah","33.07","Kabupaten Wonosobo","33.07.13","Kejajar","33.07.13.2009","Serang"
"33","Jawa Tengah","33.07","Kabupaten Wonosobo","33.07.13","Kejajar","33.07.13.2010","Tieng"
"33","Jawa Tengah","33.07","Kabupaten Wonosobo","33.07.13","Kejajar","33.07.13.2011","Parikesit"
"33","Jawa Tengah","33.07","Kabupaten Wonosobo","33.07.13","Kejajar","33.07.13.2012","Jojogan"
"33","Jawa Tengah","33.07","Kabupaten Wonosobo","33.07.13","Kejajar","33.07.13.2013","Dieng"
"33","Jawa Tengah","33.07","Kabupaten Wonosobo","33.07.13","Kejajar","33.07.13.2014","Patakbanteng"
"33","Jawa Tengah","33.07","Kabupaten Wonosobo","33.07.13","Kejajar","33.07.13.2015","Surengede"
"33","Jawa Tengah","33.07","Kabupaten Wonosobo","33.07.13","Kejajar","33.07.13.2016","Igirmranak"
"33","Jawa Tengah","33.07","Kabupaten Wonosobo","33.07.14","Sukoharjo","33.07.14.2001","Kupangan"
"33","Jawa Tengah","33.07","Kabupaten Wonosobo","33.07.14","Sukoharjo","33.07.14.2002","Mergosari"
"33","Jawa Tengah","33.07","Kabupaten Wonosobo","33.07.14","Sukoharjo","33.07.14.2003","Sukoharjo"
"33","Jawa Tengah","33.07","Kabupaten Wonosobo","33.07.14","Sukoharjo","33.07.14.2004","Rogojati"
"33","Jawa Tengah","33.07","Kabupaten Wonosobo","33.07.14","Sukoharjo","33.07.14.2005","Karanganyar"
"33","Jawa Tengah","33.07","Kabupaten Wonosobo","33.07.14","Sukoharjo","33.07.14.2006","Sempol"
"33","Jawa Tengah","33.07","Kabupaten Wonosobo","33.07.14","Sukoharjo","33.07.14.2007","Plodongan"
"33","Jawa Tengah","33.07","Kabupaten Wonosobo","33.07.14","Sukoharjo","33.07.14.2008","Suroyudan"
"33","Jawa Tengah","33.07","Kabupaten Wonosobo","33.07.14","Sukoharjo","33.07.14.2009","Gumiwang"
"33","Jawa Tengah","33.07","Kabupaten Wonosobo","33.07.14","Sukoharjo","33.07.14.2010","Gunungtugel"
"33","Jawa Tengah","33.07","Kabupaten Wonosobo","33.07.14","Sukoharjo","33.07.14.2011","Pulus"
"33","Jawa Tengah","33.07","Kabupaten Wonosobo","33.07.14","Sukoharjo","33.07.14.2012","Pucungwetan"
"33","Jawa Tengah","33.07","Kabupaten Wonosobo","33.07.14","Sukoharjo","33.07.14.2013","Kajeksan"
"33","Jawa Tengah","33.07","Kabupaten Wonosobo","33.07.14","Sukoharjo","33.07.14.2014","Tlogo"
"33","Jawa Tengah","33.07","Kabupaten Wonosobo","33.07.14","Sukoharjo","33.07.14.2015","Kalibening"
"33","Jawa Tengah","33.07","Kabupaten Wonosobo","33.07.14","Sukoharjo","33.07.14.2016","Garunglor"
"33","Jawa Tengah","33.07","Kabupaten Wonosobo","33.07.14","Sukoharjo","33.07.14.2017","Jebengplampitan"
"33","Jawa Tengah","33.07","Kabupaten Wonosobo","33.07.15","Kalibawang","33.07.15.2001","Pengarengan"
"33","Jawa Tengah","33.07","Kabupaten Wonosobo","33.07.15","Kalibawang","33.07.15.2002","Kalikarung"
"33","Jawa Tengah","33.07","Kabupaten Wonosobo","33.07.15","Kalibawang","33.07.15.2003","Dempel"
"33","Jawa Tengah","33.07","Kabupaten Wonosobo","33.07.15","Kalibawang","33.07.15.2004","Karangsambung"
"33","Jawa Tengah","33.07","Kabupaten Wonosobo","33.07.15","Kalibawang","33.07.15.2005","Tempurejo"
"33","Jawa Tengah","33.07","Kabupaten Wonosobo","33.07.15","Kalibawang","33.07.15.2006","Mergolangu"
"33","Jawa Tengah","33.07","Kabupaten Wonosobo","33.07.15","Kalibawang","33.07.15.2007","Depok"
"33","Jawa Tengah","33.07","Kabupaten Wonosobo","33.07.15","Kalibawang","33.07.15.2008","Kalialang"
"33","Jawa Tengah","33.08","Kabupaten Magelang","33.08.01","Salaman","33.08.01.2001","Ngargoretno"
"33","Jawa Tengah","33.08","Kabupaten Magelang","33.08.01","Salaman","33.08.01.2002","Paripurno"
"33","Jawa Tengah","33.08","Kabupaten Magelang","33.08.01","Salaman","33.08.01.2003","Kalirejo"
"33","Jawa Tengah","33.08","Kabupaten Magelang","33.08.01","Salaman","33.08.01.2004","Menoreh"
"33","Jawa Tengah","33.08","Kabupaten Magelang","33.08.01","Salaman","33.08.01.2005","Ngadirejo"
"33","Jawa Tengah","33.08","Kabupaten Magelang","33.08.01","Salaman","33.08.01.2006","Sidomulyo"
"33","Jawa Tengah","33.08","Kabupaten Magelang","33.08.01","Salaman","33.08.01.2007","Kebonrejo"
"33","Jawa Tengah","33.08","Kabupaten Magelang","33.08.01","Salaman","33.08.01.2008","Salaman"
"33","Jawa Tengah","33.08","Kabupaten Magelang","33.08.01","Salaman","33.08.01.2009","Kalisalak"
"33","Jawa Tengah","33.08","Kabupaten Magelang","33.08.01","Salaman","33.08.01.2010","Sriwedari"
"33","Jawa Tengah","33.08","Kabupaten Magelang","33.08.01","Salaman","33.08.01.2011","Jebengsari"
"33","Jawa Tengah","33.08","Kabupaten Magelang","33.08.01","Salaman","33.08.01.2012","Tanjunganom"
"33","Jawa Tengah","33.08","Kabupaten Magelang","33.08.01","Salaman","33.08.01.2013","Banjarharjo"
"33","Jawa Tengah","33.08","Kabupaten Magelang","33.08.01","Salaman","33.08.01.2014","Purwosari"
"33","Jawa Tengah","33.08","Kabupaten Magelang","33.08.01","Salaman","33.08.01.2015","Ngampeldento"
"33","Jawa Tengah","33.08","Kabupaten Magelang","33.08.01","Salaman","33.08.01.2016","Sidosari"
"33","Jawa Tengah","33.08","Kabupaten Magelang","33.08.01","Salaman","33.08.01.2017","Sawangargo"
"33","Jawa Tengah","33.08","Kabupaten Magelang","33.08.01","Salaman","33.08.01.2018","Krasak"
"33","Jawa Tengah","33.08","Kabupaten Magelang","33.08.01","Salaman","33.08.01.2019","Margoyoso"
"33","Jawa Tengah","33.08","Kabupaten Magelang","33.08.01","Salaman","33.08.01.2020","Kaliabu"
"33","Jawa Tengah","33.08","Kabupaten Magelang","33.08.02","Borobudur","33.08.02.2001","Giripurno"
"33","Jawa Tengah","33.08","Kabupaten Magelang","33.08.02","Borobudur","33.08.02.2002","Giritengah"
"33","Jawa Tengah","33.08","Kabupaten Magelang","33.08.02","Borobudur","33.08.02.2003","Tuksongo"
"33","Jawa Tengah","33.08","Kabupaten Magelang","33.08.02","Borobudur","33.08.02.2004","Majaksingi"
"33","Jawa Tengah","33.08","Kabupaten Magelang","33.08.02","Borobudur","33.08.02.2005","Kenalan"
"33","Jawa Tengah","33.08","Kabupaten Magelang","33.08.02","Borobudur","33.08.02.2006","Bigaran"
"33","Jawa Tengah","33.08","Kabupaten Magelang","33.08.02","Borobudur","33.08.02.2007","Sambeng"
"33","Jawa Tengah","33.08","Kabupaten Magelang","33.08.02","Borobudur","33.08.02.2008","Candirejo"
"33","Jawa Tengah","33.08","Kabupaten Magelang","33.08.02","Borobudur","33.08.02.2009","Ngargogondo"
"33","Jawa Tengah","33.08","Kabupaten Magelang","33.08.02","Borobudur","33.08.02.2010","Wanurejo"
"33","Jawa Tengah","33.08","Kabupaten Magelang","33.08.02","Borobudur","33.08.02.2011","Borobudur"
"33","Jawa Tengah","33.08","Kabupaten Magelang","33.08.02","Borobudur","33.08.02.2012","Tanjungsari"
"33","Jawa Tengah","33.08","Kabupaten Magelang","33.08.02","Borobudur","33.08.02.2013","Karanganyar"
"33","Jawa Tengah","33.08","Kabupaten Magelang","33.08.02","Borobudur","33.08.02.2014","Karangrejo"
"33","Jawa Tengah","33.08","Kabupaten Magelang","33.08.02","Borobudur","33.08.02.2015","Ngadiharjo"
"33","Jawa Tengah","33.08","Kabupaten Magelang","33.08.02","Borobudur","33.08.02.2016","Kebonsari"
"33","Jawa Tengah","33.08","Kabupaten Magelang","33.08.02","Borobudur","33.08.02.2017","Tegalarum"
"33","Jawa Tengah","33.08","Kabupaten Magelang","33.08.02","Borobudur","33.08.02.2018","Kembanglimus"
"33","Jawa Tengah","33.08","Kabupaten Magelang","33.08.02","Borobudur","33.08.02.2019","Wringinputih"
"33","Jawa Tengah","33.08","Kabupaten Magelang","33.08.02","Borobudur","33.08.02.2020","Bumiharjo"
"33","Jawa Tengah","33.08","Kabupaten Magelang","33.08.03","Ngluwar","33.08.03.2001","Bligo"
"33","Jawa Tengah","33.08","Kabupaten Magelang","33.08.03","Ngluwar","33.08.03.2002","Pakunden"
"33","Jawa Tengah","33.08","Kabupaten Magelang","33.08.03","Ngluwar","33.08.03.2003","Somokaton"
"33","Jawa Tengah","33.08","Kabupaten Magelang","33.08.03","Ngluwar","33.08.03.2004","Ngluwar"
"33","Jawa Tengah","33.08","Kabupaten Magelang","33.08.03","Ngluwar","33.08.03.2005","Karangtalun"
"33","Jawa Tengah","33.08","Kabupaten Magelang","33.08.03","Ngluwar","33.08.03.2006","Jamuskauman"
"33","Jawa Tengah","33.08","Kabupaten Magelang","33.08.03","Ngluwar","33.08.03.2007","Plosogede"
"33","Jawa Tengah","33.08","Kabupaten Magelang","33.08.03","Ngluwar","33.08.03.2008","Blongkeng"
"33","Jawa Tengah","33.08","Kabupaten Magelang","33.08.04","Salam","33.08.04.2001","Mantingan"
"33","Jawa Tengah","33.08","Kabupaten Magelang","33.08.04","Salam","33.08.04.2002","Salam"
"33","Jawa Tengah","33.08","Kabupaten Magelang","33.08.04","Salam","33.08.04.2003","Sucen"
"33","Jawa Tengah","33.08","Kabupaten Magelang","33.08.04","Salam","33.08.04.2004","Kadiluwih"
"33","Jawa Tengah","33.08","Kabupaten Magelang","33.08.04","Salam","33.08.04.2005","Somoketro"
"33","Jawa Tengah","33.08","Kabupaten Magelang","33.08.04","Salam","33.08.04.2006","Jumoyo"
"33","Jawa Tengah","33.08","Kabupaten Magelang","33.08.04","Salam","33.08.04.2007","Tirto"
"33","Jawa Tengah","33.08","Kabupaten Magelang","33.08.04","Salam","33.08.04.2008","Baturono"
"33","Jawa Tengah","33.08","Kabupaten Magelang","33.08.04","Salam","33.08.04.2009","Tersangede"
"33","Jawa Tengah","33.08","Kabupaten Magelang","33.08.04","Salam","33.08.04.2010","Sirahan"
"33","Jawa Tengah","33.08","Kabupaten Magelang","33.08.04","Salam","33.08.04.2011","Seloboro"
"33","Jawa Tengah","33.08","Kabupaten Magelang","33.08.04","Salam","33.08.04.2012","Gulon"
"33","Jawa Tengah","33.08","Kabupaten Magelang","33.08.05","Srumbung","33.08.05.2001","Sudimoro"
"33","Jawa Tengah","33.08","Kabupaten Magelang","33.08.05","Srumbung","33.08.05.2002","Pandanretno"
"33","Jawa Tengah","33.08","Kabupaten Magelang","33.08.05","Srumbung","33.08.05.2003","Kaliurang"
"33","Jawa Tengah","33.08","Kabupaten Magelang","33.08.05","Srumbung","33.08.05.2004","Tegalrandu"
"33","Jawa Tengah","33.08","Kabupaten Magelang","33.08.05","Srumbung","33.08.05.2005","Kamongan"
"33","Jawa Tengah","33.08","Kabupaten Magelang","33.08.05","Srumbung","33.08.05.2006","Jerukagung"
"33","Jawa Tengah","33.08","Kabupaten Magelang","33.08.05","Srumbung","33.08.05.2007","Kradenan"
"33","Jawa Tengah","33.08","Kabupaten Magelang","33.08.05","Srumbung","33.08.05.2008","Banyuadem"
"33","Jawa Tengah","33.08","Kabupaten Magelang","33.08.05","Srumbung","33.08.05.2009","Ngablak"
"33","Jawa Tengah","33.08","Kabupaten Magelang","33.08.05","Srumbung","33.08.05.2010","Srumbung"
"33","Jawa Tengah","33.08","Kabupaten Magelang","33.08.05","Srumbung","33.08.05.2011","Bringin"
"33","Jawa Tengah","33.08","Kabupaten Magelang","33.08.05","Srumbung","33.08.05.2012","Mranggen"
"33","Jawa Tengah","33.08","Kabupaten Magelang","33.08.05","Srumbung","33.08.05.2013","Ngargosoko"
"33","Jawa Tengah","33.08","Kabupaten Magelang","33.08.05","Srumbung","33.08.05.2014","Polengan"
"33","Jawa Tengah","33.08","Kabupaten Magelang","33.08.05","Srumbung","33.08.05.2015","Pucanganom"
"33","Jawa Tengah","33.08","Kabupaten Magelang","33.08.05","Srumbung","33.08.05.2016","Kemiren"
"33","Jawa Tengah","33.08","Kabupaten Magelang","33.08.05","Srumbung","33.08.05.2017","Nglumut"
"33","Jawa Tengah","33.08","Kabupaten Magelang","33.08.06","Dukun","33.08.06.2001","Ketunggeng"
"33","Jawa Tengah","33.08","Kabupaten Magelang","33.08.06","Dukun","33.08.06.2002","Wates"
"33","Jawa Tengah","33.08","Kabupaten Magelang","33.08.06","Dukun","33.08.06.2003","Ngadipuro"
"33","Jawa Tengah","33.08","Kabupaten Magelang","33.08.06","Dukun","33.08.06.2004","Banyubiru"
"33","Jawa Tengah","33.08","Kabupaten Magelang","33.08.06","Dukun","33.08.06.2005","Banyudono"
"33","Jawa Tengah","33.08","Kabupaten Magelang","33.08.06","Dukun","33.08.06.2006","Dukun"
"33","Jawa Tengah","33.08","Kabupaten Magelang","33.08.06","Dukun","33.08.06.2007","Kalibening"
"33","Jawa Tengah","33.08","Kabupaten Magelang","33.08.06","Dukun","33.08.06.2008","Ngargomulyo"
"33","Jawa Tengah","33.08","Kabupaten Magelang","33.08.06","Dukun","33.08.06.2009","Sumber"
"33","Jawa Tengah","33.08","Kabupaten Magelang","33.08.06","Dukun","33.08.06.2010","Mangunsoko"
"33","Jawa Tengah","33.08","Kabupaten Magelang","33.08.06","Dukun","33.08.06.2011","Sewukan"
"33","Jawa Tengah","33.08","Kabupaten Magelang","33.08.06","Dukun","33.08.06.2012","Sengi"
"33","Jawa Tengah","33.08","Kabupaten Magelang","33.08.06","Dukun","33.08.06.2013","Paten"
"33","Jawa Tengah","33.08","Kabupaten Magelang","33.08.06","Dukun","33.08.06.2014","Krinjing"
"33","Jawa Tengah","33.08","Kabupaten Magelang","33.08.06","Dukun","33.08.06.2015","Keningar"
"33","Jawa Tengah","33.08","Kabupaten Magelang","33.08.07","Sawangan","33.08.07.2001","Gondowangi"
"33","Jawa Tengah","33.08","Kabupaten Magelang","33.08.07","Sawangan","33.08.07.2002","Sawangan"
"33","Jawa Tengah","33.08","Kabupaten Magelang","33.08.07","Sawangan","33.08.07.2003","Krogowanan"
"33","Jawa Tengah","33.08","Kabupaten Magelang","33.08.07","Sawangan","33.08.07.2004","Kapuhan"
"33","Jawa Tengah","33.08","Kabupaten Magelang","33.08.07","Sawangan","33.08.07.2005","Ketep"
"33","Jawa Tengah","33.08","Kabupaten Magelang","33.08.07","Sawangan","33.08.07.2006","Wonolelo"
"33","Jawa Tengah","33.08","Kabupaten Magelang","33.08.07","Sawangan","33.08.07.2007","Banyuroto"
"33","Jawa Tengah","33.08","Kabupaten Magelang","33.08.07","Sawangan","33.08.07.2008","Wulunggunung"
"33","Jawa Tengah","33.08","Kabupaten Magelang","33.08.07","Sawangan","33.08.07.2009","Gantang"
"33","Jawa Tengah","33.08","Kabupaten Magelang","33.08.07","Sawangan","33.08.07.2010","Jati"
"33","Jawa Tengah","33.08","Kabupaten Magelang","33.08.07","Sawangan","33.08.07.2011","Butuh"
"33","Jawa Tengah","33.08","Kabupaten Magelang","33.08.07","Sawangan","33.08.07.2012","Mangunsari"
"33","Jawa Tengah","33.08","Kabupaten Magelang","33.08.07","Sawangan","33.08.07.2013","Tirtosari"
"33","Jawa Tengah","33.08","Kabupaten Magelang","33.08.07","Sawangan","33.08.07.2014","Podosoko"
"33","Jawa Tengah","33.08","Kabupaten Magelang","33.08.07","Sawangan","33.08.07.2015","Soronalan"
"33","Jawa Tengah","33.08","Kabupaten Magelang","33.08.08","Muntilan","33.08.08.1014","Muntilan"
"33","Jawa Tengah","33.08","Kabupaten Magelang","33.08.08","Muntilan","33.08.08.2001","Tanjung"
"33","Jawa Tengah","33.08","Kabupaten Magelang","33.08.08","Muntilan","33.08.08.2002","Sokorini"
"33","Jawa Tengah","33.08","Kabupaten Magelang","33.08.08","Muntilan","33.08.08.2003","Sriwedari"
"33","Jawa Tengah","33.08","Kabupaten Magelang","33.08.08","Muntilan","33.08.08.2004","Congkrang"
"33","Jawa Tengah","33.08","Kabupaten Magelang","33.08.08","Muntilan","33.08.08.2005","Adikarto"
"33","Jawa Tengah","33.08","Kabupaten Magelang","33.08.08","Muntilan","33.08.08.2006","Menayu"
"33","Jawa Tengah","33.08","Kabupaten Magelang","33.08.08","Muntilan","33.08.08.2007","Keji"
"33","Jawa Tengah","33.08","Kabupaten Magelang","33.08.08","Muntilan","33.08.08.2008","Ngawen"
"33","Jawa Tengah","33.08","Kabupaten Magelang","33.08.08","Muntilan","33.08.08.2009","Gunungpring"
"33","Jawa Tengah","33.08","Kabupaten Magelang","33.08.08","Muntilan","33.08.08.2010","Pucungrejo"
"33","Jawa Tengah","33.08","Kabupaten Magelang","33.08.08","Muntilan","33.08.08.2011","Tamanagung"
"33","Jawa Tengah","33.08","Kabupaten Magelang","33.08.08","Muntilan","33.08.08.2012","Gondosuli"
"33","Jawa Tengah","33.08","Kabupaten Magelang","33.08.08","Muntilan","33.08.08.2013","Sedayu"
"33","Jawa Tengah","33.08","Kabupaten Magelang","33.08.09","Mungkid","33.08.09.1003","Mendut"
"33","Jawa Tengah","33.08","Kabupaten Magelang","33.08.09","Mungkid","33.08.09.1004","Sawitan"
"33","Jawa Tengah","33.08","Kabupaten Magelang","33.08.09","Mungkid","33.08.09.2001","Progowati"
"33","Jawa Tengah","33.08","Kabupaten Magelang","33.08.09","Mungkid","33.08.09.2002","Ngrajek"
"33","Jawa Tengah","33.08","Kabupaten Magelang","33.08.09","Mungkid","33.08.09.2005","Rambeanak"
"33","Jawa Tengah","33.08","Kabupaten Magelang","33.08.09","Mungkid","33.08.09.2006","Paremono"
"33","Jawa Tengah","33.08","Kabupaten Magelang","33.08.09","Mungkid","33.08.09.2007","Pabelan"
"33","Jawa Tengah","33.08","Kabupaten Magelang","33.08.09","Mungkid","33.08.09.2008","Bojong"
"33","Jawa Tengah","33.08","Kabupaten Magelang","33.08.09","Mungkid","33.08.09.2009","Pagersari"
"33","Jawa Tengah","33.08","Kabupaten Magelang","33.08.09","Mungkid","33.08.09.2010","Mungkid"
"33","Jawa Tengah","33.08","Kabupaten Magelang","33.08.09","Mungkid","33.08.09.2011","Ambartawang"
"33","Jawa Tengah","33.08","Kabupaten Magelang","33.08.09","Mungkid","33.08.09.2012","Bumirejo"
"33","Jawa Tengah","33.08","Kabupaten Magelang","33.08.09","Mungkid","33.08.09.2013","Blondo"
"33","Jawa Tengah","33.08","Kabupaten Magelang","33.08.09","Mungkid","33.08.09.2014","Senden"
"33","Jawa Tengah","33.08","Kabupaten Magelang","33.08.09","Mungkid","33.08.09.2015","Gondang"
"33","Jawa Tengah","33.08","Kabupaten Magelang","33.08.09","Mungkid","33.08.09.2016","Treko"
"33","Jawa Tengah","33.08","Kabupaten Magelang","33.08.10","Mertoyudan","33.08.10.1009","Sumberrejo"
"33","Jawa Tengah","33.08","Kabupaten Magelang","33.08.10","Mertoyudan","33.08.10.2001","Deyangan"
"33","Jawa Tengah","33.08","Kabupaten Magelang","33.08.10","Mertoyudan","33.08.10.2002","Pasuruhan"
"33","Jawa Tengah","33.08","Kabupaten Magelang","33.08.10","Mertoyudan","33.08.10.2003","Donorojo"
"33","Jawa Tengah","33.08","Kabupaten Magelang","33.08.10","Mertoyudan","33.08.10.2004","Kalinegoro"
"33","Jawa Tengah","33.08","Kabupaten Magelang","33.08.10","Mertoyudan","33.08.10.2005","Jogonegoro"
"33","Jawa Tengah","33.08","Kabupaten Magelang","33.08.10","Mertoyudan","33.08.10.2006","Sukorejo"
"33","Jawa Tengah","33.08","Kabupaten Magelang","33.08.10","Mertoyudan","33.08.10.2007","Bondowoso"
"33","Jawa Tengah","33.08","Kabupaten Magelang","33.08.10","Mertoyudan","33.08.10.2008","Danurejo"
"33","Jawa Tengah","33.08","Kabupaten Magelang","33.08.10","Mertoyudan","33.08.10.2010","Banyurojo"
"33","Jawa Tengah","33.08","Kabupaten Magelang","33.08.10","Mertoyudan","33.08.10.2011","Banjarnegoro"
"33","Jawa Tengah","33.08","Kabupaten Magelang","33.08.10","Mertoyudan","33.08.10.2012","Bulurejo"
"33","Jawa Tengah","33.08","Kabupaten Magelang","33.08.10","Mertoyudan","33.08.10.2013","Mertoyudan"
"33","Jawa Tengah","33.08","Kabupaten Magelang","33.08.11","Tempuran","33.08.11.2001","Ringinanom"
"33","Jawa Tengah","33.08","Kabupaten Magelang","33.08.11","Tempuran","33.08.11.2002","Sumberarum"
"33","Jawa Tengah","33.08","Kabupaten Magelang","33.08.11","Tempuran","33.08.11.2003","Sidoagung"
"33","Jawa Tengah","33.08","Kabupaten Magelang","33.08.11","Tempuran","33.08.11.2004","Tanggulrejo"
"33","Jawa Tengah","33.08","Kabupaten Magelang","33.08.11","Tempuran","33.08.11.2005","Kalisari"
"33","Jawa Tengah","33.08","Kabupaten Magelang","33.08.11","Tempuran","33.08.11.2006","Girirejo"
"33","Jawa Tengah","33.08","Kabupaten Magelang","33.08.11","Tempuran","33.08.11.2007","Tempurejo"
"33","Jawa Tengah","33.08","Kabupaten Magelang","33.08.11","Tempuran","33.08.11.2008","Prajeksari"
"33","Jawa Tengah","33.08","Kabupaten Magelang","33.08.11","Tempuran","33.08.11.2009","Jogomulyo"
"33","Jawa Tengah","33.08","Kabupaten Magelang","33.08.11","Tempuran","33.08.11.2010","Growong"
"33","Jawa Tengah","33.08","Kabupaten Magelang","33.08.11","Tempuran","33.08.11.2011","Temanggal"
"33","Jawa Tengah","33.08","Kabupaten Magelang","33.08.11","Tempuran","33.08.11.2012","Pringombo"
"33","Jawa Tengah","33.08","Kabupaten Magelang","33.08.11","Tempuran","33.08.11.2013","Kemutuk"
"33","Jawa Tengah","33.08","Kabupaten Magelang","33.08.11","Tempuran","33.08.11.2014","Bawang"
"33","Jawa Tengah","33.08","Kabupaten Magelang","33.08.11","Tempuran","33.08.11.2015","Tugurejo"
"33","Jawa Tengah","33.08","Kabupaten Magelang","33.08.12","Kajoran","33.08.12.2001","Wonogiri"
"33","Jawa Tengah","33.08","Kabupaten Magelang","33.08.12","Kajoran","33.08.12.2002","Kwaderan"
"33","Jawa Tengah","33.08","Kabupaten Magelang","33.08.12","Kajoran","33.08.12.2003","Madukoro"
"33","Jawa Tengah","33.08","Kabupaten Magelang","33.08.12","Kajoran","33.08.12.2004","Bumiayu"
"33","Jawa Tengah","33.08","Kabupaten Magelang","33.08.12","Kajoran","33.08.12.2005","Madugondo"
"33","Jawa Tengah","33.08","Kabupaten Magelang","33.08.12","Kajoran","33.08.12.2006","Ngargosari"
"33","Jawa Tengah","33.08","Kabupaten Magelang","33.08.12","Kajoran","33.08.12.2007","Ngendrosari"
"33","Jawa Tengah","33.08","Kabupaten Magelang","33.08.12","Kajoran","33.08.12.2008","Lesanpuro"
"33","Jawa Tengah","33.08","Kabupaten Magelang","33.08.12","Kajoran","33.08.12.2009","Banjaretno"
"33","Jawa Tengah","33.08","Kabupaten Magelang","33.08.12","Kajoran","33.08.12.2010","Krinjing"
"33","Jawa Tengah","33.08","Kabupaten Magelang","33.08.12","Kajoran","33.08.12.2011","Bangsri"
"33","Jawa Tengah","33.08","Kabupaten Magelang","33.08.12","Kajoran","33.08.12.2012","Wadas"
"33","Jawa Tengah","33.08","Kabupaten Magelang","33.08.12","Kajoran","33.08.12.2013","Kajoran"
"33","Jawa Tengah","33.08","Kabupaten Magelang","33.08.12","Kajoran","33.08.12.2014","Mangunrejo"
"33","Jawa Tengah","33.08","Kabupaten Magelang","33.08.12","Kajoran","33.08.12.2015","Sambak"
"33","Jawa Tengah","33.08","Kabupaten Magelang","33.08.12","Kajoran","33.08.12.2016","Bambusari"
"33","Jawa Tengah","33.08","Kabupaten Magelang","33.08.12","Kajoran","33.08.12.2017","Wuwuharjo"
"33","Jawa Tengah","33.08","Kabupaten Magelang","33.08.12","Kajoran","33.08.12.2018","Pandansari"
"33","Jawa Tengah","33.08","Kabupaten Magelang","33.08.12","Kajoran","33.08.12.2019","Pandanretno"
"33","Jawa Tengah","33.08","Kabupaten Magelang","33.08.12","Kajoran","33.08.12.2020","Krumpakan"
"33","Jawa Tengah","33.08","Kabupaten Magelang","33.08.12","Kajoran","33.08.12.2021","Banjaragung"
"33","Jawa Tengah","33.08","Kabupaten Magelang","33.08.12","Kajoran","33.08.12.2022","Sangen"
"33","Jawa Tengah","33.08","Kabupaten Magelang","33.08.12","Kajoran","33.08.12.2023","Pucungroto"
"33","Jawa Tengah","33.08","Kabupaten Magelang","33.08.12","Kajoran","33.08.12.2024","Sidorejo"
"33","Jawa Tengah","33.08","Kabupaten Magelang","33.08.12","Kajoran","33.08.12.2025","Sidowangi"
"33","Jawa Tengah","33.08","Kabupaten Magelang","33.08.12","Kajoran","33.08.12.2026","Sukomulyo"
"33","Jawa Tengah","33.08","Kabupaten Magelang","33.08.12","Kajoran","33.08.12.2027","Sukorejo"
"33","Jawa Tengah","33.08","Kabupaten Magelang","33.08.12","Kajoran","33.08.12.2028","Sutopati"
"33","Jawa Tengah","33.08","Kabupaten Magelang","33.08.12","Kajoran","33.08.12.2029","Sukomakmur"
"33","Jawa Tengah","33.08","Kabupaten Magelang","33.08.13","Kaliangkrik","33.08.13.2001","Kaliangkrik"
"33","Jawa Tengah","33.08","Kabupaten Magelang","33.08.13","Kaliangkrik","33.08.13.2002","Ngawonggo"
"33","Jawa Tengah","33.08","Kabupaten Magelang","33.08.13","Kaliangkrik","33.08.13.2003","Munggangsari"
"33","Jawa Tengah","33.08","Kabupaten Magelang","33.08.13","Kaliangkrik","33.08.13.2004","Ngargosoko"
"33","Jawa Tengah","33.08","Kabupaten Magelang","33.08.13","Kaliangkrik","33.08.13.2005","Ngendrokilo"
"33","Jawa Tengah","33.08","Kabupaten Magelang","33.08.13","Kaliangkrik","33.08.13.2006","Maduretno"
"33","Jawa Tengah","33.08","Kabupaten Magelang","33.08.13","Kaliangkrik","33.08.13.2007","Temanggung"
"33","Jawa Tengah","33.08","Kabupaten Magelang","33.08.13","Kaliangkrik","33.08.13.2008","Pengarengan"
"33","Jawa Tengah","33.08","Kabupaten Magelang","33.08.13","Kaliangkrik","33.08.13.2009","Mangli"
"33","Jawa Tengah","33.08","Kabupaten Magelang","33.08.13","Kaliangkrik","33.08.13.2010","Selomoyo"
"33","Jawa Tengah","33.08","Kabupaten Magelang","33.08.13","Kaliangkrik","33.08.13.2011","Banjarejo"
"33","Jawa Tengah","33.08","Kabupaten Magelang","33.08.13","Kaliangkrik","33.08.13.2012","Giriwarno"
"33","Jawa Tengah","33.08","Kabupaten Magelang","33.08.13","Kaliangkrik","33.08.13.2013","Girirejo"
"33","Jawa Tengah","33.08","Kabupaten Magelang","33.08.13","Kaliangkrik","33.08.13.2014","Kebonlegi"
"33","Jawa Tengah","33.08","Kabupaten Magelang","33.08.13","Kaliangkrik","33.08.13.2015","Balerejo"
"33","Jawa Tengah","33.08","Kabupaten Magelang","33.08.13","Kaliangkrik","33.08.13.2016","Beseran"
"33","Jawa Tengah","33.08","Kabupaten Magelang","33.08.13","Kaliangkrik","33.08.13.2017","Bumirejo"
"33","Jawa Tengah","33.08","Kabupaten Magelang","33.08.13","Kaliangkrik","33.08.13.2018","Ketangi"
"33","Jawa Tengah","33.08","Kabupaten Magelang","33.08.13","Kaliangkrik","33.08.13.2019","Balekerto"
"33","Jawa Tengah","33.08","Kabupaten Magelang","33.08.13","Kaliangkrik","33.08.13.2020","Adipuro"
"33","Jawa Tengah","33.08","Kabupaten Magelang","33.08.14","Bandongan","33.08.14.2001","Bandongan"
"33","Jawa Tengah","33.08","Kabupaten Magelang","33.08.14","Bandongan","33.08.14.2002","Salamkanci"
"33","Jawa Tengah","33.08","Kabupaten Magelang","33.08.14","Bandongan","33.08.14.2003","Sukosari"
"33","Jawa Tengah","33.08","Kabupaten Magelang","33.08.14","Bandongan","33.08.14.2004","Tonoboyo"
"33","Jawa Tengah","33.08","Kabupaten Magelang","33.08.14","Bandongan","33.08.14.2005","Gandusari"
"33","Jawa Tengah","33.08","Kabupaten Magelang","33.08.14","Bandongan","33.08.14.2006","Sidorejo"
"33","Jawa Tengah","33.08","Kabupaten Magelang","33.08.14","Bandongan","33.08.14.2007","Trasan"
"33","Jawa Tengah","33.08","Kabupaten Magelang","33.08.14","Bandongan","33.08.14.2008","Banyuwangi"
"33","Jawa Tengah","33.08","Kabupaten Magelang","33.08.14","Bandongan","33.08.14.2009","Kedungsari"
"33","Jawa Tengah","33.08","Kabupaten Magelang","33.08.14","Bandongan","33.08.14.2010","Sukodadi"
"33","Jawa Tengah","33.08","Kabupaten Magelang","33.08.14","Bandongan","33.08.14.2011","Kebonagung"
"33","Jawa Tengah","33.08","Kabupaten Magelang","33.08.14","Bandongan","33.08.14.2012","Kalegen"
"33","Jawa Tengah","33.08","Kabupaten Magelang","33.08.14","Bandongan","33.08.14.2013","Ngepanrejo"
"33","Jawa Tengah","33.08","Kabupaten Magelang","33.08.14","Bandongan","33.08.14.2014","Rejosari"
"33","Jawa Tengah","33.08","Kabupaten Magelang","33.08.15","Candimulyo","33.08.15.2001","Surojoyo"
"33","Jawa Tengah","33.08","Kabupaten Magelang","33.08.15","Candimulyo","33.08.15.2002","Tempak"
"33","Jawa Tengah","33.08","Kabupaten Magelang","33.08.15","Candimulyo","33.08.15.2003","Sidomulyo"
"33","Jawa Tengah","33.08","Kabupaten Magelang","33.08.15","Candimulyo","33.08.15.2004","Mejing"
"33","Jawa Tengah","33.08","Kabupaten Magelang","33.08.15","Candimulyo","33.08.15.2005","Purworejo"
"33","Jawa Tengah","33.08","Kabupaten Magelang","33.08.15","Candimulyo","33.08.15.2006","Candimulyo"
"33","Jawa Tengah","33.08","Kabupaten Magelang","33.08.15","Candimulyo","33.08.15.2007","Giyanti"
"33","Jawa Tengah","33.08","Kabupaten Magelang","33.08.15","Candimulyo","33.08.15.2008","Kembaran"
"33","Jawa Tengah","33.08","Kabupaten Magelang","33.08.15","Candimulyo","33.08.15.2009","Tegalsari"
"33","Jawa Tengah","33.08","Kabupaten Magelang","33.08.15","Candimulyo","33.08.15.2010","Podosoko"
"33","Jawa Tengah","33.08","Kabupaten Magelang","33.08.15","Candimulyo","33.08.15.2011","Tampirkulon"
"33","Jawa Tengah","33.08","Kabupaten Magelang","33.08.15","Candimulyo","33.08.15.2012","Tempursari"
"33","Jawa Tengah","33.08","Kabupaten Magelang","33.08.15","Candimulyo","33.08.15.2013","Kebonrejo"
"33","Jawa Tengah","33.08","Kabupaten Magelang","33.08.15","Candimulyo","33.08.15.2014","Tampirwetan"
"33","Jawa Tengah","33.08","Kabupaten Magelang","33.08.15","Candimulyo","33.08.15.2015","Tembelang"
"33","Jawa Tengah","33.08","Kabupaten Magelang","33.08.15","Candimulyo","33.08.15.2016","Sonorejo"
"33","Jawa Tengah","33.08","Kabupaten Magelang","33.08.15","Candimulyo","33.08.15.2017","Trenten"
"33","Jawa Tengah","33.08","Kabupaten Magelang","33.08.15","Candimulyo","33.08.15.2018","Bateh"
"33","Jawa Tengah","33.08","Kabupaten Magelang","33.08.15","Candimulyo","33.08.15.2019","Surodadi"
"33","Jawa Tengah","33.08","Kabupaten Magelang","33.08.16","Pakis","33.08.16.2001","Pakis"
"33","Jawa Tengah","33.08","Kabupaten Magelang","33.08.16","Pakis","33.08.16.2002","Banyusidi"
"33","Jawa Tengah","33.08","Kabupaten Magelang","33.08.16","Pakis","33.08.16.2003","Losari"
"33","Jawa Tengah","33.08","Kabupaten Magelang","33.08.16","Pakis","33.08.16.2004","Daseh"
"33","Jawa Tengah","33.08","Kabupaten Magelang","33.08.16","Pakis","33.08.16.2005","Gumelem"
"33","Jawa Tengah","33.08","Kabupaten Magelang","33.08.16","Pakis","33.08.16.2006","Kaponan"
"33","Jawa Tengah","33.08","Kabupaten Magelang","33.08.16","Pakis","33.08.16.2007","Kragilan"
"33","Jawa Tengah","33.08","Kabupaten Magelang","33.08.16","Pakis","33.08.16.2008","Ketundan"
"33","Jawa Tengah","33.08","Kabupaten Magelang","33.08.16","Pakis","33.08.16.2009","Daleman Kidul"
"33","Jawa Tengah","33.08","Kabupaten Magelang","33.08.16","Pakis","33.08.16.2010","Petung"
"33","Jawa Tengah","33.08","Kabupaten Magelang","33.08.16","Pakis","33.08.16.2011","Bawang"
"33","Jawa Tengah","33.08","Kabupaten Magelang","33.08.16","Pakis","33.08.16.2012","Rejosari"
"33","Jawa Tengah","33.08","Kabupaten Magelang","33.08.16","Pakis","33.08.16.2013","Kajangkoso"
"33","Jawa Tengah","33.08","Kabupaten Magelang","33.08.16","Pakis","33.08.16.2014","Munengwarangan"
"33","Jawa Tengah","33.08","Kabupaten Magelang","33.08.16","Pakis","33.08.16.2015","Gondangsari"
"33","Jawa Tengah","33.08","Kabupaten Magelang","33.08.16","Pakis","33.08.16.2016","Kenalan"
"33","Jawa Tengah","33.08","Kabupaten Magelang","33.08.16","Pakis","33.08.16.2017","Pogalan"
"33","Jawa Tengah","33.08","Kabupaten Magelang","33.08.16","Pakis","33.08.16.2018","Gejagan"
"33","Jawa Tengah","33.08","Kabupaten Magelang","33.08.16","Pakis","33.08.16.2019","Muneng"
"33","Jawa Tengah","33.08","Kabupaten Magelang","33.08.16","Pakis","33.08.16.2020","Jambewangi"
"33","Jawa Tengah","33.08","Kabupaten Magelang","33.08.17","Ngablak","33.08.17.2001","Ngablak"
"33","Jawa Tengah","33.08","Kabupaten Magelang","33.08.17","Ngablak","33.08.17.2002","Jogonayan"
"33","Jawa Tengah","33.08","Kabupaten Magelang","33.08.17","Ngablak","33.08.17.2003","Tejosari"
"33","Jawa Tengah","33.08","Kabupaten Magelang","33.08.17","Ngablak","33.08.17.2004","Sumberejo"
"33","Jawa Tengah","33.08","Kabupaten Magelang","33.08.17","Ngablak","33.08.17.2005","Girirejo"
"33","Jawa Tengah","33.08","Kabupaten Magelang","33.08.17","Ngablak","33.08.17.2006","Pandean"
"33","Jawa Tengah","33.08","Kabupaten Magelang","33.08.17","Ngablak","33.08.17.2007","Genikan"
"33","Jawa Tengah","33.08","Kabupaten Magelang","33.08.17","Ngablak","33.08.17.2008","Bandungrejo"
"33","Jawa Tengah","33.08","Kabupaten Magelang","33.08.17","Ngablak","33.08.17.2009","Madyogondo"
"33","Jawa Tengah","33.08","Kabupaten Magelang","33.08.17","Ngablak","33.08.17.2010","Jogoyasan"
"33","Jawa Tengah","33.08","Kabupaten Magelang","33.08.17","Ngablak","33.08.17.2011","Keditan"
"33","Jawa Tengah","33.08","Kabupaten Magelang","33.08.17","Ngablak","33.08.17.2012","Magersari"
"33","Jawa Tengah","33.08","Kabupaten Magelang","33.08.17","Ngablak","33.08.17.2013","Kanigoro"
"33","Jawa Tengah","33.08","Kabupaten Magelang","33.08.17","Ngablak","33.08.17.2014","Selomirah"
"33","Jawa Tengah","33.08","Kabupaten Magelang","33.08.17","Ngablak","33.08.17.2015","Pagergunung"
"33","Jawa Tengah","33.08","Kabupaten Magelang","33.08.17","Ngablak","33.08.17.2016","Seloprojo"
"33","Jawa Tengah","33.08","Kabupaten Magelang","33.08.18","Grabag","33.08.18.2001","Grabag"
"33","Jawa Tengah","33.08","Kabupaten Magelang","33.08.18","Grabag","33.08.18.2002","Sumurarum"
"33","Jawa Tengah","33.08","Kabupaten Magelang","33.08.18","Grabag","33.08.18.2003","Banyusari"
"33","Jawa Tengah","33.08","Kabupaten Magelang","33.08.18","Grabag","33.08.18.2004","Kartoharjo"
"33","Jawa Tengah","33.08","Kabupaten Magelang","33.08.18","Grabag","33.08.18.2005","Sidogede"
"33","Jawa Tengah","33.08","Kabupaten Magelang","33.08.18","Grabag","33.08.18.2006","Citrosono"
"33","Jawa Tengah","33.08","Kabupaten Magelang","33.08.18","Grabag","33.08.18.2007","Kleteran"
"33","Jawa Tengah","33.08","Kabupaten Magelang","33.08.18","Grabag","33.08.18.2008","Ngasinan"
"33","Jawa Tengah","33.08","Kabupaten Magelang","33.08.18","Grabag","33.08.18.2009","Banaran"
"33","Jawa Tengah","33.08","Kabupaten Magelang","33.08.18","Grabag","33.08.18.2010","Baleagung"
"33","Jawa Tengah","33.08","Kabupaten Magelang","33.08.18","Grabag","33.08.18.2011","Klegen"
"33","Jawa Tengah","33.08","Kabupaten Magelang","33.08.18","Grabag","33.08.18.2012","Kalikuto"
"33","Jawa Tengah","33.08","Kabupaten Magelang","33.08.18","Grabag","33.08.18.2013","Kalipucang"
"33","Jawa Tengah","33.08","Kabupaten Magelang","33.08.18","Grabag","33.08.18.2014","Seworan"
"33","Jawa Tengah","33.08","Kabupaten Magelang","33.08.18","Grabag","33.08.18.2015","Banjarsari"
"33","Jawa Tengah","33.08","Kabupaten Magelang","33.08.18","Grabag","33.08.18.2016","Sambungrejo"
"33","Jawa Tengah","33.08","Kabupaten Magelang","33.08.18","Grabag","33.08.18.2017","Tlogorejo"
"33","Jawa Tengah","33.08","Kabupaten Magelang","33.08.18","Grabag","33.08.18.2018","Tirto"
"33","Jawa Tengah","33.08","Kabupaten Magelang","33.08.18","Grabag","33.08.18.2019","Ketawang"
"33","Jawa Tengah","33.08","Kabupaten Magelang","33.08.18","Grabag","33.08.18.2020","Salam"
"33","Jawa Tengah","33.08","Kabupaten Magelang","33.08.18","Grabag","33.08.18.2021","Cokro"
"33","Jawa Tengah","33.08","Kabupaten Magelang","33.08.18","Grabag","33.08.18.2022","Losari"
"33","Jawa Tengah","33.08","Kabupaten Magelang","33.08.18","Grabag","33.08.18.2023","Ngrancah"
"33","Jawa Tengah","33.08","Kabupaten Magelang","33.08.18","Grabag","33.08.18.2024","Sugihmas"
"33","Jawa Tengah","33.08","Kabupaten Magelang","33.08.18","Grabag","33.08.18.2025","Pesidi"
"33","Jawa Tengah","33.08","Kabupaten Magelang","33.08.18","Grabag","33.08.18.2026","Giriwetan"
"33","Jawa Tengah","33.08","Kabupaten Magelang","33.08.18","Grabag","33.08.18.2027","Pucungsari"
"33","Jawa Tengah","33.08","Kabupaten Magelang","33.08.18","Grabag","33.08.18.2028","Lebak"
"33","Jawa Tengah","33.08","Kabupaten Magelang","33.08.19","Tegalrejo","33.08.19.2001","Tegalrejo"
"33","Jawa Tengah","33.08","Kabupaten Magelang","33.08.19","Tegalrejo","33.08.19.2002","Soroyudan"
"33","Jawa Tengah","33.08","Kabupaten Magelang","33.08.19","Tegalrejo","33.08.19.2003","Sidorejo"
"33","Jawa Tengah","33.08","Kabupaten Magelang","33.08.19","Tegalrejo","33.08.19.2004","Purwosari"
"33","Jawa Tengah","33.08","Kabupaten Magelang","33.08.19","Tegalrejo","33.08.19.2005","Dlimas"
"33","Jawa Tengah","33.08","Kabupaten Magelang","33.08.19","Tegalrejo","33.08.19.2006","Banyusari"
"33","Jawa Tengah","33.08","Kabupaten Magelang","33.08.19","Tegalrejo","33.08.19.2007","Sukorejo"
"33","Jawa Tengah","33.08","Kabupaten Magelang","33.08.19","Tegalrejo","33.08.19.2008","Tampingan"
"33","Jawa Tengah","33.08","Kabupaten Magelang","33.08.19","Tegalrejo","33.08.19.2009","Banyuurip"
"33","Jawa Tengah","33.08","Kabupaten Magelang","33.08.19","Tegalrejo","33.08.19.2010","Glagahombo"
"33","Jawa Tengah","33.08","Kabupaten Magelang","33.08.19","Tegalrejo","33.08.19.2011","Purwodadi"
"33","Jawa Tengah","33.08","Kabupaten Magelang","33.08.19","Tegalrejo","33.08.19.2012","Wonokerto"
"33","Jawa Tengah","33.08","Kabupaten Magelang","33.08.19","Tegalrejo","33.08.19.2013","Dawung"
"33","Jawa Tengah","33.08","Kabupaten Magelang","33.08.19","Tegalrejo","33.08.19.2014","Klopo"
"33","Jawa Tengah","33.08","Kabupaten Magelang","33.08.19","Tegalrejo","33.08.19.2015","Japan"
"33","Jawa Tengah","33.08","Kabupaten Magelang","33.08.19","Tegalrejo","33.08.19.2016","Kebonagung"
"33","Jawa Tengah","33.08","Kabupaten Magelang","33.08.19","Tegalrejo","33.08.19.2017","Ngasem"
"33","Jawa Tengah","33.08","Kabupaten Magelang","33.08.19","Tegalrejo","33.08.19.2018","Girirejo"
"33","Jawa Tengah","33.08","Kabupaten Magelang","33.08.19","Tegalrejo","33.08.19.2019","Ngadirejo"
"33","Jawa Tengah","33.08","Kabupaten Magelang","33.08.19","Tegalrejo","33.08.19.2020","Donorejo"
"33","Jawa Tengah","33.08","Kabupaten Magelang","33.08.19","Tegalrejo","33.08.19.2021","Mangunrejo"
"33","Jawa Tengah","33.08","Kabupaten Magelang","33.08.20","Secang","33.08.20.1001","Secang"
"33","Jawa Tengah","33.08","Kabupaten Magelang","33.08.20","Secang","33.08.20.2002","Madusari"
"33","Jawa Tengah","33.08","Kabupaten Magelang","33.08.20","Secang","33.08.20.2003","Madyocondro"
"33","Jawa Tengah","33.08","Kabupaten Magelang","33.08.20","Secang","33.08.20.2004","Ngabean"
"33","Jawa Tengah","33.08","Kabupaten Magelang","33.08.20","Secang","33.08.20.2005","Krincing"
"33","Jawa Tengah","33.08","Kabupaten Magelang","33.08.20","Secang","33.08.20.2006","Donorejo"
"33","Jawa Tengah","33.08","Kabupaten Magelang","33.08.20","Secang","33.08.20.2007","Candisari"
"33","Jawa Tengah","33.08","Kabupaten Magelang","33.08.20","Secang","33.08.20.2008","Candiretno"
"33","Jawa Tengah","33.08","Kabupaten Magelang","33.08.20","Secang","33.08.20.2009","Pancuranmas"
"33","Jawa Tengah","33.08","Kabupaten Magelang","33.08.20","Secang","33.08.20.2010","Jambewangi"
"33","Jawa Tengah","33.08","Kabupaten Magelang","33.08.20","Secang","33.08.20.2011","Payaman"
"33","Jawa Tengah","33.08","Kabupaten Magelang","33.08.20","Secang","33.08.20.2012","Kalijoso"
"33","Jawa Tengah","33.08","Kabupaten Magelang","33.08.20","Secang","33.08.20.2013","Ngadirojo"
"33","Jawa Tengah","33.08","Kabupaten Magelang","33.08.20","Secang","33.08.20.2014","Karangkajen"
"33","Jawa Tengah","33.08","Kabupaten Magelang","33.08.20","Secang","33.08.20.2015","Sidomulyo"
"33","Jawa Tengah","33.08","Kabupaten Magelang","33.08.20","Secang","33.08.20.2016","Pucang"
"33","Jawa Tengah","33.08","Kabupaten Magelang","33.08.20","Secang","33.08.20.2017","Purwosari"
"33","Jawa Tengah","33.08","Kabupaten Magelang","33.08.20","Secang","33.08.20.2018","Donomulyo"
"33","Jawa Tengah","33.08","Kabupaten Magelang","33.08.20","Secang","33.08.20.2019","Girikulon"
"33","Jawa Tengah","33.08","Kabupaten Magelang","33.08.20","Secang","33.08.20.2020","Pirikan"
"33","Jawa Tengah","33.08","Kabupaten Magelang","33.08.21","Windusari","33.08.21.2001","Windusari"
"33","Jawa Tengah","33.08","Kabupaten Magelang","33.08.21","Windusari","33.08.21.2002","Pasangsari"
"33","Jawa Tengah","33.08","Kabupaten Magelang","33.08.21","Windusari","33.08.21.2003","Candisari"
"33","Jawa Tengah","33.08","Kabupaten Magelang","33.08.21","Windusari","33.08.21.2004","Bandarsedayu"
"33","Jawa Tengah","33.08","Kabupaten Magelang","33.08.21","Windusari","33.08.21.2005","Banjarsari"
"33","Jawa Tengah","33.08","Kabupaten Magelang","33.08.21","Windusari","33.08.21.2006","Balesari"
"33","Jawa Tengah","33.08","Kabupaten Magelang","33.08.21","Windusari","33.08.21.2007","Kembangkuning"
"33","Jawa Tengah","33.08","Kabupaten Magelang","33.08.21","Windusari","33.08.21.2008","Tanjungsari"
"33","Jawa Tengah","33.08","Kabupaten Magelang","33.08.21","Windusari","33.08.21.2009","Wonoroto"
"33","Jawa Tengah","33.08","Kabupaten Magelang","33.08.21","Windusari","33.08.21.2010","Genito"
"33","Jawa Tengah","33.08","Kabupaten Magelang","33.08.21","Windusari","33.08.21.2011","Kentengsari"
"33","Jawa Tengah","33.08","Kabupaten Magelang","33.08.21","Windusari","33.08.21.2012","Umbulsari"
"33","Jawa Tengah","33.08","Kabupaten Magelang","33.08.21","Windusari","33.08.21.2013","Semen"
"33","Jawa Tengah","33.08","Kabupaten Magelang","33.08.21","Windusari","33.08.21.2014","Dampit"
"33","Jawa Tengah","33.08","Kabupaten Magelang","33.08.21","Windusari","33.08.21.2015","Girimulyo"
"33","Jawa Tengah","33.08","Kabupaten Magelang","33.08.21","Windusari","33.08.21.2016","Ngemplak"
"33","Jawa Tengah","33.08","Kabupaten Magelang","33.08.21","Windusari","33.08.21.2017","Gunungsari"
"33","Jawa Tengah","33.08","Kabupaten Magelang","33.08.21","Windusari","33.08.21.2018","Kalijoso"
"33","Jawa Tengah","33.08","Kabupaten Magelang","33.08.21","Windusari","33.08.21.2019","Mangunsari"
"33","Jawa Tengah","33.08","Kabupaten Magelang","33.08.21","Windusari","33.08.21.2020","Gondangrejo"
"33","Jawa Tengah","33.09","Kabupaten Boyolali","33.09.01","Selo","33.09.01.2001","Tlogolele"
"33","Jawa Tengah","33.09","Kabupaten Boyolali","33.09.01","Selo","33.09.01.2002","Klakah"
"33","Jawa Tengah","33.09","Kabupaten Boyolali","33.09.01","Selo","33.09.01.2003","Jrakah"
"33","Jawa Tengah","33.09","Kabupaten Boyolali","33.09.01","Selo","33.09.01.2004","Lencoh"
"33","Jawa Tengah","33.09","Kabupaten Boyolali","33.09.01","Selo","33.09.01.2005","Suroteleng"
"33","Jawa Tengah","33.09","Kabupaten Boyolali","33.09.01","Selo","33.09.01.2006","Samiran"
"33","Jawa Tengah","33.09","Kabupaten Boyolali","33.09.01","Selo","33.09.01.2007","Selo"
"33","Jawa Tengah","33.09","Kabupaten Boyolali","33.09.01","Selo","33.09.01.2008","Tarubatang"
"33","Jawa Tengah","33.09","Kabupaten Boyolali","33.09.01","Selo","33.09.01.2009","Senden"
"33","Jawa Tengah","33.09","Kabupaten Boyolali","33.09.01","Selo","33.09.01.2010","Jeruk"
"33","Jawa Tengah","33.09","Kabupaten Boyolali","33.09.02","Ampel","33.09.02.2002","Tanduk"
"33","Jawa Tengah","33.09","Kabupaten Boyolali","33.09.02","Ampel","33.09.02.2003","Banyuanyar"
"33","Jawa Tengah","33.09","Kabupaten Boyolali","33.09.02","Ampel","33.09.02.2004","Sidomulyo"
"33","Jawa Tengah","33.09","Kabupaten Boyolali","33.09.02","Ampel","33.09.02.2005","Ngargosari"
"33","Jawa Tengah","33.09","Kabupaten Boyolali","33.09.02","Ampel","33.09.02.2006","Selodoko"
"33","Jawa Tengah","33.09","Kabupaten Boyolali","33.09.02","Ampel","33.09.02.2007","Ngenden"
"33","Jawa Tengah","33.09","Kabupaten Boyolali","33.09.02","Ampel","33.09.02.2008","Ngampon"
"33","Jawa Tengah","33.09","Kabupaten Boyolali","33.09.02","Ampel","33.09.02.2009","Gondangslamet"
"33","Jawa Tengah","33.09","Kabupaten Boyolali","33.09.02","Ampel","33.09.02.2010","Candi"
"33","Jawa Tengah","33.09","Kabupaten Boyolali","33.09.02","Ampel","33.09.02.2011","Urutsewu"
"33","Jawa Tengah","33.09","Kabupaten Boyolali","33.09.03","Cepogo","33.09.03.2001","Wonodoyo"
"33","Jawa Tengah","33.09","Kabupaten Boyolali","33.09.03","Cepogo","33.09.03.2002","Jombong"
"33","Jawa Tengah","33.09","Kabupaten Boyolali","33.09.03","Cepogo","33.09.03.2003","Gedangan"
"33","Jawa Tengah","33.09","Kabupaten Boyolali","33.09.03","Cepogo","33.09.03.2004","Sumbung"
"33","Jawa Tengah","33.09","Kabupaten Boyolali","33.09.03","Cepogo","33.09.03.2005","Paras"
"33","Jawa Tengah","33.09","Kabupaten Boyolali","33.09.03","Cepogo","33.09.03.2006","Jelok"
"33","Jawa Tengah","33.09","Kabupaten Boyolali","33.09.03","Cepogo","33.09.03.2007","Bakulan"
"33","Jawa Tengah","33.09","Kabupaten Boyolali","33.09.03","Cepogo","33.09.03.2008","Candigatak"
"33","Jawa Tengah","33.09","Kabupaten Boyolali","33.09.03","Cepogo","33.09.03.2009","Cabeankunti"
"33","Jawa Tengah","33.09","Kabupaten Boyolali","33.09.03","Cepogo","33.09.03.2010","Mliwis"
"33","Jawa Tengah","33.09","Kabupaten Boyolali","33.09.03","Cepogo","33.09.03.2011","Sukabumi"
"33","Jawa Tengah","33.09","Kabupaten Boyolali","33.09.03","Cepogo","33.09.03.2012","Genting"
"33","Jawa Tengah","33.09","Kabupaten Boyolali","33.09.03","Cepogo","33.09.03.2013","Cepogo"
"33","Jawa Tengah","33.09","Kabupaten Boyolali","33.09.03","Cepogo","33.09.03.2014","Kembangkuning"
"33","Jawa Tengah","33.09","Kabupaten Boyolali","33.09.03","Cepogo","33.09.03.2015","Gubug"
"33","Jawa Tengah","33.09","Kabupaten Boyolali","33.09.04","Musuk","33.09.04.2011","Pagerjurang"
"33","Jawa Tengah","33.09","Kabupaten Boyolali","33.09.04","Musuk","33.09.04.2012","Sukorejo"
"33","Jawa Tengah","33.09","Kabupaten Boyolali","33.09.04","Musuk","33.09.04.2013","Sruni"
"33","Jawa Tengah","33.09","Kabupaten Boyolali","33.09.04","Musuk","33.09.04.2014","Cluntang"
"33","Jawa Tengah","33.09","Kabupaten Boyolali","33.09.04","Musuk","33.09.04.2015","Kembangsari"
"33","Jawa Tengah","33.09","Kabupaten Boyolali","33.09.04","Musuk","33.09.04.2016","Ringinlarik"
"33","Jawa Tengah","33.09","Kabupaten Boyolali","33.09.04","Musuk","33.09.04.2017","Kebongulo"
"33","Jawa Tengah","33.09","Kabupaten Boyolali","33.09.04","Musuk","33.09.04.2018","Musuk"
"33","Jawa Tengah","33.09","Kabupaten Boyolali","33.09.04","Musuk","33.09.04.2019","Sukorame"
"33","Jawa Tengah","33.09","Kabupaten Boyolali","33.09.04","Musuk","33.09.04.2020","Pusporenggo"
"33","Jawa Tengah","33.09","Kabupaten Boyolali","33.09.05","Boyolali","33.09.05.1001","Pulisen"
"33","Jawa Tengah","33.09","Kabupaten Boyolali","33.09.05","Boyolali","33.09.05.1002","Siswodipuran"
"33","Jawa Tengah","33.09","Kabupaten Boyolali","33.09.05","Boyolali","33.09.05.1004","Banaran"
"33","Jawa Tengah","33.09","Kabupaten Boyolali","33.09.05","Boyolali","33.09.05.2003","Karanggeneng"
"33","Jawa Tengah","33.09","Kabupaten Boyolali","33.09.05","Boyolali","33.09.05.2005","Winong"
"33","Jawa Tengah","33.09","Kabupaten Boyolali","33.09.05","Boyolali","33.09.05.2006","Penggung"
"33","Jawa Tengah","33.09","Kabupaten Boyolali","33.09.05","Boyolali","33.09.05.2007","Kiringan"
"33","Jawa Tengah","33.09","Kabupaten Boyolali","33.09.05","Boyolali","33.09.05.2008","Mudal"
"33","Jawa Tengah","33.09","Kabupaten Boyolali","33.09.05","Boyolali","33.09.05.2009","Kebonbimo"
"33","Jawa Tengah","33.09","Kabupaten Boyolali","33.09.06","Mojosongo","33.09.06.1007","Kemiri"
"33","Jawa Tengah","33.09","Kabupaten Boyolali","33.09.06","Mojosongo","33.09.06.1009","Mojosongo"
"33","Jawa Tengah","33.09","Kabupaten Boyolali","33.09.06","Mojosongo","33.09.06.2001","Madu"
"33","Jawa Tengah","33.09","Kabupaten Boyolali","33.09.06","Mojosongo","33.09.06.2002","Singosari"
"33","Jawa Tengah","33.09","Kabupaten Boyolali","33.09.06","Mojosongo","33.09.06.2003","Tambak"
"33","Jawa Tengah","33.09","Kabupaten Boyolali","33.09.06","Mojosongo","33.09.06.2004","Manggis"
"33","Jawa Tengah","33.09","Kabupaten Boyolali","33.09.06","Mojosongo","33.09.06.2005","Jurug"
"33","Jawa Tengah","33.09","Kabupaten Boyolali","33.09.06","Mojosongo","33.09.06.2006","Karangnongko"
"33","Jawa Tengah","33.09","Kabupaten Boyolali","33.09.06","Mojosongo","33.09.06.2008","Butuh"
"33","Jawa Tengah","33.09","Kabupaten Boyolali","33.09.06","Mojosongo","33.09.06.2010","Kragilan"
"33","Jawa Tengah","33.09","Kabupaten Boyolali","33.09.06","Mojosongo","33.09.06.2011","Brajan"
"33","Jawa Tengah","33.09","Kabupaten Boyolali","33.09.06","Mojosongo","33.09.06.2012","Metuk"
"33","Jawa Tengah","33.09","Kabupaten Boyolali","33.09.06","Mojosongo","33.09.06.2013","Dlingo"
"33","Jawa Tengah","33.09","Kabupaten Boyolali","33.09.07","Teras","33.09.07.2001","Kopen"
"33","Jawa Tengah","33.09","Kabupaten Boyolali","33.09.07","Teras","33.09.07.2002","Doplang"
"33","Jawa Tengah","33.09","Kabupaten Boyolali","33.09.07","Teras","33.09.07.2003","Kadireso"
"33","Jawa Tengah","33.09","Kabupaten Boyolali","33.09.07","Teras","33.09.07.2004","Nepen"
"33","Jawa Tengah","33.09","Kabupaten Boyolali","33.09.07","Teras","33.09.07.2005","Sudimoro"
"33","Jawa Tengah","33.09","Kabupaten Boyolali","33.09.07","Teras","33.09.07.2006","Bangsalan"
"33","Jawa Tengah","33.09","Kabupaten Boyolali","33.09.07","Teras","33.09.07.2007","Salakan"
"33","Jawa Tengah","33.09","Kabupaten Boyolali","33.09.07","Teras","33.09.07.2008","Teras"
"33","Jawa Tengah","33.09","Kabupaten Boyolali","33.09.07","Teras","33.09.07.2009","Randusari"
"33","Jawa Tengah","33.09","Kabupaten Boyolali","33.09.07","Teras","33.09.07.2010","Mojolegi"
"33","Jawa Tengah","33.09","Kabupaten Boyolali","33.09.07","Teras","33.09.07.2011","Gumukrejo"
"33","Jawa Tengah","33.09","Kabupaten Boyolali","33.09.07","Teras","33.09.07.2012","Tawangsari"
"33","Jawa Tengah","33.09","Kabupaten Boyolali","33.09.07","Teras","33.09.07.2013","Krasak"
"33","Jawa Tengah","33.09","Kabupaten Boyolali","33.09.08","Sawit","33.09.08.2001","Kateguhan"
"33","Jawa Tengah","33.09","Kabupaten Boyolali","33.09.08","Sawit","33.09.08.2002","Manjung"
"33","Jawa Tengah","33.09","Kabupaten Boyolali","33.09.08","Sawit","33.09.08.2003","Gombang"
"33","Jawa Tengah","33.09","Kabupaten Boyolali","33.09.08","Sawit","33.09.08.2004","Tegalrejo"
"33","Jawa Tengah","33.09","Kabupaten Boyolali","33.09.08","Sawit","33.09.08.2005","Tlawong"
"33","Jawa Tengah","33.09","Kabupaten Boyolali","33.09.08","Sawit","33.09.08.2006","Jenengan"
"33","Jawa Tengah","33.09","Kabupaten Boyolali","33.09.08","Sawit","33.09.08.2007","Cepokosawit"
"33","Jawa Tengah","33.09","Kabupaten Boyolali","33.09.08","Sawit","33.09.08.2008","Kemasan"
"33","Jawa Tengah","33.09","Kabupaten Boyolali","33.09.08","Sawit","33.09.08.2009","Jatirejo"
"33","Jawa Tengah","33.09","Kabupaten Boyolali","33.09.08","Sawit","33.09.08.2010","Bendosari"
"33","Jawa Tengah","33.09","Kabupaten Boyolali","33.09.08","Sawit","33.09.08.2011","Karangduren"
"33","Jawa Tengah","33.09","Kabupaten Boyolali","33.09.08","Sawit","33.09.08.2012","Guwokajen"
"33","Jawa Tengah","33.09","Kabupaten Boyolali","33.09.09","Banyudono","33.09.09.2001","Dukuh"
"33","Jawa Tengah","33.09","Kabupaten Boyolali","33.09.09","Banyudono","33.09.09.2002","Jipangan"
"33","Jawa Tengah","33.09","Kabupaten Boyolali","33.09.09","Banyudono","33.09.09.2003","Jembungan"
"33","Jawa Tengah","33.09","Kabupaten Boyolali","33.09.09","Banyudono","33.09.09.2004","Sambon"
"33","Jawa Tengah","33.09","Kabupaten Boyolali","33.09.09","Banyudono","33.09.09.2005","Kuwiran"
"33","Jawa Tengah","33.09","Kabupaten Boyolali","33.09.09","Banyudono","33.09.09.2006","Cangkringan"
"33","Jawa Tengah","33.09","Kabupaten Boyolali","33.09.09","Banyudono","33.09.09.2007","Ngaru-aru"
"33","Jawa Tengah","33.09","Kabupaten Boyolali","33.09.09","Banyudono","33.09.09.2008","Bendan"
"33","Jawa Tengah","33.09","Kabupaten Boyolali","33.09.09","Banyudono","33.09.09.2009","Ketaon"
"33","Jawa Tengah","33.09","Kabupaten Boyolali","33.09.09","Banyudono","33.09.09.2010","Banyudono"
"33","Jawa Tengah","33.09","Kabupaten Boyolali","33.09.09","Banyudono","33.09.09.2011","Batan"
"33","Jawa Tengah","33.09","Kabupaten Boyolali","33.09.09","Banyudono","33.09.09.2012","Denggungan"
"33","Jawa Tengah","33.09","Kabupaten Boyolali","33.09.09","Banyudono","33.09.09.2013","Bangak"
"33","Jawa Tengah","33.09","Kabupaten Boyolali","33.09.09","Banyudono","33.09.09.2014","Trayu"
"33","Jawa Tengah","33.09","Kabupaten Boyolali","33.09.09","Banyudono","33.09.09.2015","Tanjungsari"
"33","Jawa Tengah","33.09","Kabupaten Boyolali","33.09.10","Sambi","33.09.10.2001","Canden"
"33","Jawa Tengah","33.09","Kabupaten Boyolali","33.09.10","Sambi","33.09.10.2002","Senting"
"33","Jawa Tengah","33.09","Kabupaten Boyolali","33.09.10","Sambi","33.09.10.2003","Tempursari"
"33","Jawa Tengah","33.09","Kabupaten Boyolali","33.09.10","Sambi","33.09.10.2004","Jatisari"
"33","Jawa Tengah","33.09","Kabupaten Boyolali","33.09.10","Sambi","33.09.10.2005","Glintang"
"33","Jawa Tengah","33.09","Kabupaten Boyolali","33.09.10","Sambi","33.09.10.2006","Catur"
"33","Jawa Tengah","33.09","Kabupaten Boyolali","33.09.10","Sambi","33.09.10.2007","Tawengan"
"33","Jawa Tengah","33.09","Kabupaten Boyolali","33.09.10","Sambi","33.09.10.2008","Sambi"
"33","Jawa Tengah","33.09","Kabupaten Boyolali","33.09.10","Sambi","33.09.10.2009","Demangan"
"33","Jawa Tengah","33.09","Kabupaten Boyolali","33.09.10","Sambi","33.09.10.2010","Kepoh"
"33","Jawa Tengah","33.09","Kabupaten Boyolali","33.09.10","Sambi","33.09.10.2011","Jagoan"
"33","Jawa Tengah","33.09","Kabupaten Boyolali","33.09.10","Sambi","33.09.10.2012","Babadan"
"33","Jawa Tengah","33.09","Kabupaten Boyolali","33.09.10","Sambi","33.09.10.2013","Ngaglik"
"33","Jawa Tengah","33.09","Kabupaten Boyolali","33.09.10","Sambi","33.09.10.2014","Trosobo"
"33","Jawa Tengah","33.09","Kabupaten Boyolali","33.09.10","Sambi","33.09.10.2015","Cermo"
"33","Jawa Tengah","33.09","Kabupaten Boyolali","33.09.10","Sambi","33.09.10.2016","Nglembu"
"33","Jawa Tengah","33.09","Kabupaten Boyolali","33.09.11","Ngemplak","33.09.11.2001","Ngargorejo"
"33","Jawa Tengah","33.09","Kabupaten Boyolali","33.09.11","Ngemplak","33.09.11.2002","Sobokerto"
"33","Jawa Tengah","33.09","Kabupaten Boyolali","33.09.11","Ngemplak","33.09.11.2003","Ngesrep"
"33","Jawa Tengah","33.09","Kabupaten Boyolali","33.09.11","Ngemplak","33.09.11.2004","Gagaksipat"
"33","Jawa Tengah","33.09","Kabupaten Boyolali","33.09.11","Ngemplak","33.09.11.2005","Donohudan"
"33","Jawa Tengah","33.09","Kabupaten Boyolali","33.09.11","Ngemplak","33.09.11.2006","Sawahan"
"33","Jawa Tengah","33.09","Kabupaten Boyolali","33.09.11","Ngemplak","33.09.11.2007","Pandeyan"
"33","Jawa Tengah","33.09","Kabupaten Boyolali","33.09.11","Ngemplak","33.09.11.2008","Kismoyoso"
"33","Jawa Tengah","33.09","Kabupaten Boyolali","33.09.11","Ngemplak","33.09.11.2009","Dibal"
"33","Jawa Tengah","33.09","Kabupaten Boyolali","33.09.11","Ngemplak","33.09.11.2010","Sindon"
"33","Jawa Tengah","33.09","Kabupaten Boyolali","33.09.11","Ngemplak","33.09.11.2011","Manggung"
"33","Jawa Tengah","33.09","Kabupaten Boyolali","33.09.11","Ngemplak","33.09.11.2012","Giriroto"
"33","Jawa Tengah","33.09","Kabupaten Boyolali","33.09.12","Nogosari","33.09.12.2001","Kenteng"
"33","Jawa Tengah","33.09","Kabupaten Boyolali","33.09.12","Nogosari","33.09.12.2002","Potronayan"
"33","Jawa Tengah","33.09","Kabupaten Boyolali","33.09.12","Nogosari","33.09.12.2003","Sembungan"
"33","Jawa Tengah","33.09","Kabupaten Boyolali","33.09.12","Nogosari","33.09.12.2004","Jeron"
"33","Jawa Tengah","33.09","Kabupaten Boyolali","33.09.12","Nogosari","33.09.12.2005","Ketitang"
"33","Jawa Tengah","33.09","Kabupaten Boyolali","33.09.12","Nogosari","33.09.12.2006","Rembun"
"33","Jawa Tengah","33.09","Kabupaten Boyolali","33.09.12","Nogosari","33.09.12.2007","Guli"
"33","Jawa Tengah","33.09","Kabupaten Boyolali","33.09.12","Nogosari","33.09.12.2008","Tegalgiri"
"33","Jawa Tengah","33.09","Kabupaten Boyolali","33.09.12","Nogosari","33.09.12.2009","Bendo"
"33","Jawa Tengah","33.09","Kabupaten Boyolali","33.09.12","Nogosari","33.09.12.2010","Keyongan"
"33","Jawa Tengah","33.09","Kabupaten Boyolali","33.09.12","Nogosari","33.09.12.2011","Pojok"
"33","Jawa Tengah","33.09","Kabupaten Boyolali","33.09.12","Nogosari","33.09.12.2012","Glonggong"
"33","Jawa Tengah","33.09","Kabupaten Boyolali","33.09.12","Nogosari","33.09.12.2013","Pulutan"
"33","Jawa Tengah","33.09","Kabupaten Boyolali","33.09.13","Simo","33.09.13.2001","Pelem"
"33","Jawa Tengah","33.09","Kabupaten Boyolali","33.09.13","Simo","33.09.13.2002","Bendungan"
"33","Jawa Tengah","33.09","Kabupaten Boyolali","33.09.13","Simo","33.09.13.2003","Temon"
"33","Jawa Tengah","33.09","Kabupaten Boyolali","33.09.13","Simo","33.09.13.2004","Teter"
"33","Jawa Tengah","33.09","Kabupaten Boyolali","33.09.13","Simo","33.09.13.2005","Simo"
"33","Jawa Tengah","33.09","Kabupaten Boyolali","33.09.13","Simo","33.09.13.2006","Walen"
"33","Jawa Tengah","33.09","Kabupaten Boyolali","33.09.13","Simo","33.09.13.2007","Pentur"
"33","Jawa Tengah","33.09","Kabupaten Boyolali","33.09.13","Simo","33.09.13.2008","Gunung"
"33","Jawa Tengah","33.09","Kabupaten Boyolali","33.09.13","Simo","33.09.13.2009","Talakbroto"
"33","Jawa Tengah","33.09","Kabupaten Boyolali","33.09.13","Simo","33.09.13.2010","Kedunglengkong"
"33","Jawa Tengah","33.09","Kabupaten Boyolali","33.09.13","Simo","33.09.13.2011","Blagung"
"33","Jawa Tengah","33.09","Kabupaten Boyolali","33.09.13","Simo","33.09.13.2012","Sumber"
"33","Jawa Tengah","33.09","Kabupaten Boyolali","33.09.13","Simo","33.09.13.2013","Wates"
"33","Jawa Tengah","33.09","Kabupaten Boyolali","33.09.14","Karanggede","33.09.14.2001","Manyaran"
"33","Jawa Tengah","33.09","Kabupaten Boyolali","33.09.14","Karanggede","33.09.14.2002","Sempulur"
"33","Jawa Tengah","33.09","Kabupaten Boyolali","33.09.14","Karanggede","33.09.14.2003","Klumpit"
"33","Jawa Tengah","33.09","Kabupaten Boyolali","33.09.14","Karanggede","33.09.14.2004","Pinggir"
"33","Jawa Tengah","33.09","Kabupaten Boyolali","33.09.14","Karanggede","33.09.14.2005","Bantengan"
"33","Jawa Tengah","33.09","Kabupaten Boyolali","33.09.14","Karanggede","33.09.14.2006","Tegalsari"
"33","Jawa Tengah","33.09","Kabupaten Boyolali","33.09.14","Karanggede","33.09.14.2007","Sranten"
"33","Jawa Tengah","33.09","Kabupaten Boyolali","33.09.14","Karanggede","33.09.14.2008","Grogolan"
"33","Jawa Tengah","33.09","Kabupaten Boyolali","33.09.14","Karanggede","33.09.14.2009","Mojosari"
"33","Jawa Tengah","33.09","Kabupaten Boyolali","33.09.14","Karanggede","33.09.14.2010","Pengkol"
"33","Jawa Tengah","33.09","Kabupaten Boyolali","33.09.14","Karanggede","33.09.14.2011","Karangkepoh"
"33","Jawa Tengah","33.09","Kabupaten Boyolali","33.09.14","Karanggede","33.09.14.2012","Sendang"
"33","Jawa Tengah","33.09","Kabupaten Boyolali","33.09.14","Karanggede","33.09.14.2013","Kebonan"
"33","Jawa Tengah","33.09","Kabupaten Boyolali","33.09.14","Karanggede","33.09.14.2014","Klari"
"33","Jawa Tengah","33.09","Kabupaten Boyolali","33.09.14","Karanggede","33.09.14.2015","Bangkok"
"33","Jawa Tengah","33.09","Kabupaten Boyolali","33.09.14","Karanggede","33.09.14.2016","Dologan"
"33","Jawa Tengah","33.09","Kabupaten Boyolali","33.09.15","Klego","33.09.15.2001","Kalangan"
"33","Jawa Tengah","33.09","Kabupaten Boyolali","33.09.15","Klego","33.09.15.2002","Sendangrejo"
"33","Jawa Tengah","33.09","Kabupaten Boyolali","33.09.15","Klego","33.09.15.2003","Tanjung"
"33","Jawa Tengah","33.09","Kabupaten Boyolali","33.09.15","Klego","33.09.15.2004","Jaten"
"33","Jawa Tengah","33.09","Kabupaten Boyolali","33.09.15","Klego","33.09.15.2005","Blumbang"
"33","Jawa Tengah","33.09","Kabupaten Boyolali","33.09.15","Klego","33.09.15.2006","Sangge"
"33","Jawa Tengah","33.09","Kabupaten Boyolali","33.09.15","Klego","33.09.15.2007","Banyuurip"
"33","Jawa Tengah","33.09","Kabupaten Boyolali","33.09.15","Klego","33.09.15.2008","Bade"
"33","Jawa Tengah","33.09","Kabupaten Boyolali","33.09.15","Klego","33.09.15.2009","Klego"
"33","Jawa Tengah","33.09","Kabupaten Boyolali","33.09.15","Klego","33.09.15.2010","Gondanglegi"
"33","Jawa Tengah","33.09","Kabupaten Boyolali","33.09.15","Klego","33.09.15.2011","Karanggatak"
"33","Jawa Tengah","33.09","Kabupaten Boyolali","33.09.15","Klego","33.09.15.2012","Sumberagung"
"33","Jawa Tengah","33.09","Kabupaten Boyolali","33.09.15","Klego","33.09.15.2013","Karangmojo"
"33","Jawa Tengah","33.09","Kabupaten Boyolali","33.09.16","Andong","33.09.16.2001","Pakel"
"33","Jawa Tengah","33.09","Kabupaten Boyolali","33.09.16","Andong","33.09.16.2002","Gondangrawe"
"33","Jawa Tengah","33.09","Kabupaten Boyolali","33.09.16","Andong","33.09.16.2003","Sempu"
"33","Jawa Tengah","33.09","Kabupaten Boyolali","33.09.16","Andong","33.09.16.2004","Beji"
"33","Jawa Tengah","33.09","Kabupaten Boyolali","33.09.16","Andong","33.09.16.2005","Mojo"
"33","Jawa Tengah","33.09","Kabupaten Boyolali","33.09.16","Andong","33.09.16.2006","Senggrong"
"33","Jawa Tengah","33.09","Kabupaten Boyolali","33.09.16","Andong","33.09.16.2007","Kedungdowo"
"33","Jawa Tengah","33.09","Kabupaten Boyolali","33.09.16","Andong","33.09.16.2008","Kacangan"
"33","Jawa Tengah","33.09","Kabupaten Boyolali","33.09.16","Andong","33.09.16.2009","Andong"
"33","Jawa Tengah","33.09","Kabupaten Boyolali","33.09.16","Andong","33.09.16.2010","Munggur"
"33","Jawa Tengah","33.09","Kabupaten Boyolali","33.09.16","Andong","33.09.16.2011","Pakang"
"33","Jawa Tengah","33.09","Kabupaten Boyolali","33.09.16","Andong","33.09.16.2012","Pranggong"
"33","Jawa Tengah","33.09","Kabupaten Boyolali","33.09.16","Andong","33.09.16.2013","Kunti"
"33","Jawa Tengah","33.09","Kabupaten Boyolali","33.09.16","Andong","33.09.16.2014","Pelemrejo"
"33","Jawa Tengah","33.09","Kabupaten Boyolali","33.09.16","Andong","33.09.16.2015","Semawung"
"33","Jawa Tengah","33.09","Kabupaten Boyolali","33.09.16","Andong","33.09.16.2016","Kadipaten"
"33","Jawa Tengah","33.09","Kabupaten Boyolali","33.09.17","Kemusu","33.09.17.2001","Watugede"
"33","Jawa Tengah","33.09","Kabupaten Boyolali","33.09.17","Kemusu","33.09.17.2002","Kedungrejo"
"33","Jawa Tengah","33.09","Kabupaten Boyolali","33.09.17","Kemusu","33.09.17.2003","Sarimulyo"
"33","Jawa Tengah","33.09","Kabupaten Boyolali","33.09.17","Kemusu","33.09.17.2004","Klewor"
"33","Jawa Tengah","33.09","Kabupaten Boyolali","33.09.17","Kemusu","33.09.17.2005","Bawu"
"33","Jawa Tengah","33.09","Kabupaten Boyolali","33.09.17","Kemusu","33.09.17.2006","Kendel"
"33","Jawa Tengah","33.09","Kabupaten Boyolali","33.09.17","Kemusu","33.09.17.2010","Kemusu"
"33","Jawa Tengah","33.09","Kabupaten Boyolali","33.09.17","Kemusu","33.09.17.2011","Genengsari"
"33","Jawa Tengah","33.09","Kabupaten Boyolali","33.09.17","Kemusu","33.09.17.2012","Kedungmulyo"
"33","Jawa Tengah","33.09","Kabupaten Boyolali","33.09.17","Kemusu","33.09.17.2013","Wonoharjo"
"33","Jawa Tengah","33.09","Kabupaten Boyolali","33.09.18","Wonosegoro","33.09.18.2002","Karangjati"
"33","Jawa Tengah","33.09","Kabupaten Boyolali","33.09.18","Wonosegoro","33.09.18.2003","Ketoyan"
"33","Jawa Tengah","33.09","Kabupaten Boyolali","33.09.18","Wonosegoro","33.09.18.2004","Bolo"
"33","Jawa Tengah","33.09","Kabupaten Boyolali","33.09.18","Wonosegoro","33.09.18.2005","Banyusri"
"33","Jawa Tengah","33.09","Kabupaten Boyolali","33.09.18","Wonosegoro","33.09.18.2006","Gosono"
"33","Jawa Tengah","33.09","Kabupaten Boyolali","33.09.18","Wonosegoro","33.09.18.2007","Wonosegoro"
"33","Jawa Tengah","33.09","Kabupaten Boyolali","33.09.18","Wonosegoro","33.09.18.2008","Bandung"
"33","Jawa Tengah","33.09","Kabupaten Boyolali","33.09.18","Wonosegoro","33.09.18.2014","Bojong"
"33","Jawa Tengah","33.09","Kabupaten Boyolali","33.09.18","Wonosegoro","33.09.18.2019","Kauman"
"33","Jawa Tengah","33.09","Kabupaten Boyolali","33.09.18","Wonosegoro","33.09.18.2020","Lemahireng"
"33","Jawa Tengah","33.09","Kabupaten Boyolali","33.09.18","Wonosegoro","33.09.18.2021","Guwo"
"33","Jawa Tengah","33.09","Kabupaten Boyolali","33.09.19","Juwangi","33.09.19.1006","Sambeng"
"33","Jawa Tengah","33.09","Kabupaten Boyolali","33.09.19","Juwangi","33.09.19.2001","Krobokan"
"33","Jawa Tengah","33.09","Kabupaten Boyolali","33.09.19","Juwangi","33.09.19.2002","Ngaren"
"33","Jawa Tengah","33.09","Kabupaten Boyolali","33.09.19","Juwangi","33.09.19.2003","Kalimati"
"33","Jawa Tengah","33.09","Kabupaten Boyolali","33.09.19","Juwangi","33.09.19.2004","Kayen"
"33","Jawa Tengah","33.09","Kabupaten Boyolali","33.09.19","Juwangi","33.09.19.2005","Jerukan"
"33","Jawa Tengah","33.09","Kabupaten Boyolali","33.09.19","Juwangi","33.09.19.2007","Pilangrejo"
"33","Jawa Tengah","33.09","Kabupaten Boyolali","33.09.19","Juwangi","33.09.19.2008","Cerme"
"33","Jawa Tengah","33.09","Kabupaten Boyolali","33.09.19","Juwangi","33.09.19.2009","Juwangi"
"33","Jawa Tengah","33.09","Kabupaten Boyolali","33.09.19","Juwangi","33.09.19.2010","Ngleses"
"33","Jawa Tengah","33.09","Kabupaten Boyolali","33.09.20","Gladagsari","33.09.20.2001","Seboto"
"33","Jawa Tengah","33.09","Kabupaten Boyolali","33.09.20","Gladagsari","33.09.20.2002","Kaligentong"
"33","Jawa Tengah","33.09","Kabupaten Boyolali","33.09.20","Gladagsari","33.09.20.2003","Gladagsari"
"33","Jawa Tengah","33.09","Kabupaten Boyolali","33.09.20","Gladagsari","33.09.20.2004","Kembang"
"33","Jawa Tengah","33.09","Kabupaten Boyolali","33.09.20","Gladagsari","33.09.20.2005","Ngagrong"
"33","Jawa Tengah","33.09","Kabupaten Boyolali","33.09.20","Gladagsari","33.09.20.2006","Candisari"
"33","Jawa Tengah","33.09","Kabupaten Boyolali","33.09.20","Gladagsari","33.09.20.2007","Ngargoloka"
"33","Jawa Tengah","33.09","Kabupaten Boyolali","33.09.20","Gladagsari","33.09.20.2008","Sampetan"
"33","Jawa Tengah","33.09","Kabupaten Boyolali","33.09.20","Gladagsari","33.09.20.2009","Ngadirojo"
"33","Jawa Tengah","33.09","Kabupaten Boyolali","33.09.20","Gladagsari","33.09.20.2010","Jlarem"
"33","Jawa Tengah","33.09","Kabupaten Boyolali","33.09.21","Tamansari","33.09.21.2001","Lampar"
"33","Jawa Tengah","33.09","Kabupaten Boyolali","33.09.21","Tamansari","33.09.21.2002","Dragan"
"33","Jawa Tengah","33.09","Kabupaten Boyolali","33.09.21","Tamansari","33.09.21.2003","Karanganyar"
"33","Jawa Tengah","33.09","Kabupaten Boyolali","33.09.21","Tamansari","33.09.21.2004","Jemowo"
"33","Jawa Tengah","33.09","Kabupaten Boyolali","33.09.21","Tamansari","33.09.21.2005","Sumur"
"33","Jawa Tengah","33.09","Kabupaten Boyolali","33.09.21","Tamansari","33.09.21.2006","Sangup"
"33","Jawa Tengah","33.09","Kabupaten Boyolali","33.09.21","Tamansari","33.09.21.2007","Mriyan"
"33","Jawa Tengah","33.09","Kabupaten Boyolali","33.09.21","Tamansari","33.09.21.2008","Lanjaran"
"33","Jawa Tengah","33.09","Kabupaten Boyolali","33.09.21","Tamansari","33.09.21.2009","Karangkendal"
"33","Jawa Tengah","33.09","Kabupaten Boyolali","33.09.21","Tamansari","33.09.21.2010","Keposong"
"33","Jawa Tengah","33.09","Kabupaten Boyolali","33.09.22","Wonosamodro","33.09.22.2001","Ngablak"
"33","Jawa Tengah","33.09","Kabupaten Boyolali","33.09.22","Wonosamodro","33.09.22.2002","Kedungpilang"
"33","Jawa Tengah","33.09","Kabupaten Boyolali","33.09.22","Wonosamodro","33.09.22.2003","Kalinanas"
"33","Jawa Tengah","33.09","Kabupaten Boyolali","33.09.22","Wonosamodro","33.09.22.2004","Gilirejo"
"33","Jawa Tengah","33.09","Kabupaten Boyolali","33.09.22","Wonosamodro","33.09.22.2005","Jatilawang"
"33","Jawa Tengah","33.09","Kabupaten Boyolali","33.09.22","Wonosamodro","33.09.22.2006","Garangan"
"33","Jawa Tengah","33.09","Kabupaten Boyolali","33.09.22","Wonosamodro","33.09.22.2007","Bercak"
"33","Jawa Tengah","33.09","Kabupaten Boyolali","33.09.22","Wonosamodro","33.09.22.2008","Bengle"
"33","Jawa Tengah","33.09","Kabupaten Boyolali","33.09.22","Wonosamodro","33.09.22.2009","Gunungsari"
"33","Jawa Tengah","33.09","Kabupaten Boyolali","33.09.22","Wonosamodro","33.09.22.2010","Repaking"
"33","Jawa Tengah","33.10","Kabupaten Klaten","33.10.01","Prambanan","33.10.01.2001","Sengon"
"33","Jawa Tengah","33.10","Kabupaten Klaten","33.10.01","Prambanan","33.10.01.2002","Cucukan"
"33","Jawa Tengah","33.10","Kabupaten Klaten","33.10.01","Prambanan","33.10.01.2003","Kotesan"
"33","Jawa Tengah","33.10","Kabupaten Klaten","33.10.01","Prambanan","33.10.01.2004","Pereng"
"33","Jawa Tengah","33.10","Kabupaten Klaten","33.10.01","Prambanan","33.10.01.2005","Kebondalem Kidul"
"33","Jawa Tengah","33.10","Kabupaten Klaten","33.10.01","Prambanan","33.10.01.2006","Tlogo"
"33","Jawa Tengah","33.10","Kabupaten Klaten","33.10.01","Prambanan","33.10.01.2007","Taji"
"33","Jawa Tengah","33.10","Kabupaten Klaten","33.10.01","Prambanan","33.10.01.2008","Sanggrahan"
"33","Jawa Tengah","33.10","Kabupaten Klaten","33.10.01","Prambanan","33.10.01.2009","Geneng"
"33","Jawa Tengah","33.10","Kabupaten Klaten","33.10.01","Prambanan","33.10.01.2010","Kemudo"
"33","Jawa Tengah","33.10","Kabupaten Klaten","33.10.01","Prambanan","33.10.01.2011","Bugisan"
"33","Jawa Tengah","33.10","Kabupaten Klaten","33.10.01","Prambanan","33.10.01.2012","Kokosan"
"33","Jawa Tengah","33.10","Kabupaten Klaten","33.10.01","Prambanan","33.10.01.2013","Kebondalem Lor"
"33","Jawa Tengah","33.10","Kabupaten Klaten","33.10.01","Prambanan","33.10.01.2014","Brajan"
"33","Jawa Tengah","33.10","Kabupaten Klaten","33.10.01","Prambanan","33.10.01.2015","Randusari"
"33","Jawa Tengah","33.10","Kabupaten Klaten","33.10.01","Prambanan","33.10.01.2016","Joho"
"33","Jawa Tengah","33.10","Kabupaten Klaten","33.10.02","Gantiwarno","33.10.02.2001","Gentan"
"33","Jawa Tengah","33.10","Kabupaten Klaten","33.10.02","Gantiwarno","33.10.02.2002","Karangturi"
"33","Jawa Tengah","33.10","Kabupaten Klaten","33.10.02","Gantiwarno","33.10.02.2003","Jogoprayan"
"33","Jawa Tengah","33.10","Kabupaten Klaten","33.10.02","Gantiwarno","33.10.02.2004","Kragilan"
"33","Jawa Tengah","33.10","Kabupaten Klaten","33.10.02","Gantiwarno","33.10.02.2005","Ngandong"
"33","Jawa Tengah","33.10","Kabupaten Klaten","33.10.02","Gantiwarno","33.10.02.2006","Kerten"
"33","Jawa Tengah","33.10","Kabupaten Klaten","33.10.02","Gantiwarno","33.10.02.2007","Katekan"
"33","Jawa Tengah","33.10","Kabupaten Klaten","33.10.02","Gantiwarno","33.10.02.2008","Sawit"
"33","Jawa Tengah","33.10","Kabupaten Klaten","33.10.02","Gantiwarno","33.10.02.2009","Muruh"
"33","Jawa Tengah","33.10","Kabupaten Klaten","33.10.02","Gantiwarno","33.10.02.2010","Mutihan"
"33","Jawa Tengah","33.10","Kabupaten Klaten","33.10.02","Gantiwarno","33.10.02.2011","Baturan"
"33","Jawa Tengah","33.10","Kabupaten Klaten","33.10.02","Gantiwarno","33.10.02.2012","Mlese"
"33","Jawa Tengah","33.10","Kabupaten Klaten","33.10.02","Gantiwarno","33.10.02.2013","Gesikan"
"33","Jawa Tengah","33.10","Kabupaten Klaten","33.10.02","Gantiwarno","33.10.02.2014","Jabung"
"33","Jawa Tengah","33.10","Kabupaten Klaten","33.10.02","Gantiwarno","33.10.02.2015","Towangsan"
"33","Jawa Tengah","33.10","Kabupaten Klaten","33.10.02","Gantiwarno","33.10.02.2016","Ceporan"
"33","Jawa Tengah","33.10","Kabupaten Klaten","33.10.03","Wedi","33.10.03.2001","Pesu"
"33","Jawa Tengah","33.10","Kabupaten Klaten","33.10.03","Wedi","33.10.03.2002","Dengkeng"
"33","Jawa Tengah","33.10","Kabupaten Klaten","33.10.03","Wedi","33.10.03.2003","Pacing"
"33","Jawa Tengah","33.10","Kabupaten Klaten","33.10.03","Wedi","33.10.03.2004","Kadilanggon"
"33","Jawa Tengah","33.10","Kabupaten Klaten","33.10.03","Wedi","33.10.03.2005","Kaligayam"
"33","Jawa Tengah","33.10","Kabupaten Klaten","33.10.03","Wedi","33.10.03.2006","Melikan"
"33","Jawa Tengah","33.10","Kabupaten Klaten","33.10.03","Wedi","33.10.03.2007","Jiwowetan"
"33","Jawa Tengah","33.10","Kabupaten Klaten","33.10.03","Wedi","33.10.03.2008","Brangkal"
"33","Jawa Tengah","33.10","Kabupaten Klaten","33.10.03","Wedi","33.10.03.2009","Pasung"
"33","Jawa Tengah","33.10","Kabupaten Klaten","33.10.03","Wedi","33.10.03.2010","Tanjungan"
"33","Jawa Tengah","33.10","Kabupaten Klaten","33.10.03","Wedi","33.10.03.2011","Canan"
"33","Jawa Tengah","33.10","Kabupaten Klaten","33.10.03","Wedi","33.10.03.2012","Kalitengah"
"33","Jawa Tengah","33.10","Kabupaten Klaten","33.10.03","Wedi","33.10.03.2013","Gadungan"
"33","Jawa Tengah","33.10","Kabupaten Klaten","33.10.03","Wedi","33.10.03.2014","Pandes"
"33","Jawa Tengah","33.10","Kabupaten Klaten","33.10.03","Wedi","33.10.03.2015","Birit"
"33","Jawa Tengah","33.10","Kabupaten Klaten","33.10.03","Wedi","33.10.03.2016","Sukorejo"
"33","Jawa Tengah","33.10","Kabupaten Klaten","33.10.03","Wedi","33.10.03.2017","Sembung"
"33","Jawa Tengah","33.10","Kabupaten Klaten","33.10.03","Wedi","33.10.03.2018","Trotok"
"33","Jawa Tengah","33.10","Kabupaten Klaten","33.10.03","Wedi","33.10.03.2019","Kadibolo"
"33","Jawa Tengah","33.10","Kabupaten Klaten","33.10.04","Bayat","33.10.04.2001","Ngerangan"
"33","Jawa Tengah","33.10","Kabupaten Klaten","33.10.04","Bayat","33.10.04.2002","Jambakan"
"33","Jawa Tengah","33.10","Kabupaten Klaten","33.10.04","Bayat","33.10.04.2003","Dukuh"
"33","Jawa Tengah","33.10","Kabupaten Klaten","33.10.04","Bayat","33.10.04.2004","Jarum"
"33","Jawa Tengah","33.10","Kabupaten Klaten","33.10.04","Bayat","33.10.04.2005","Nengahan"
"33","Jawa Tengah","33.10","Kabupaten Klaten","33.10.04","Bayat","33.10.04.2006","Bogem"
"33","Jawa Tengah","33.10","Kabupaten Klaten","33.10.04","Bayat","33.10.04.2007","Paseban"
"33","Jawa Tengah","33.10","Kabupaten Klaten","33.10.04","Bayat","33.10.04.2008","Krikilan"
"33","Jawa Tengah","33.10","Kabupaten Klaten","33.10.04","Bayat","33.10.04.2009","Beluk"
"33","Jawa Tengah","33.10","Kabupaten Klaten","33.10.04","Bayat","33.10.04.2010","Banyuripan"
"33","Jawa Tengah","33.10","Kabupaten Klaten","33.10.04","Bayat","33.10.04.2011","Gununggajah"
"33","Jawa Tengah","33.10","Kabupaten Klaten","33.10.04","Bayat","33.10.04.2012","Tegalrejo"
"33","Jawa Tengah","33.10","Kabupaten Klaten","33.10.04","Bayat","33.10.04.2013","Talang"
"33","Jawa Tengah","33.10","Kabupaten Klaten","33.10.04","Bayat","33.10.04.2014","Tawangrejo"
"33","Jawa Tengah","33.10","Kabupaten Klaten","33.10.04","Bayat","33.10.04.2015","Kebon"
"33","Jawa Tengah","33.10","Kabupaten Klaten","33.10.04","Bayat","33.10.04.2016","Jotangan"
"33","Jawa Tengah","33.10","Kabupaten Klaten","33.10.04","Bayat","33.10.04.2017","Krakitan"
"33","Jawa Tengah","33.10","Kabupaten Klaten","33.10.04","Bayat","33.10.04.2018","Wiro"
"33","Jawa Tengah","33.10","Kabupaten Klaten","33.10.05","Cawas","33.10.05.2001","Karangasem"
"33","Jawa Tengah","33.10","Kabupaten Klaten","33.10.05","Cawas","33.10.05.2002","Burikan"
"33","Jawa Tengah","33.10","Kabupaten Klaten","33.10.05","Cawas","33.10.05.2003","Nanggulan"
"33","Jawa Tengah","33.10","Kabupaten Klaten","33.10.05","Cawas","33.10.05.2004","Bendungan"
"33","Jawa Tengah","33.10","Kabupaten Klaten","33.10.05","Cawas","33.10.05.2005","Tugu"
"33","Jawa Tengah","33.10","Kabupaten Klaten","33.10.05","Cawas","33.10.05.2006","Kedungampel"
"33","Jawa Tengah","33.10","Kabupaten Klaten","33.10.05","Cawas","33.10.05.2007","Bawak"
"33","Jawa Tengah","33.10","Kabupaten Klaten","33.10.05","Cawas","33.10.05.2008","Barepan"
"33","Jawa Tengah","33.10","Kabupaten Klaten","33.10.05","Cawas","33.10.05.2009","Pakisan"
"33","Jawa Tengah","33.10","Kabupaten Klaten","33.10.05","Cawas","33.10.05.2010","Balak"
"33","Jawa Tengah","33.10","Kabupaten Klaten","33.10.05","Cawas","33.10.05.2011","Cawas"
"33","Jawa Tengah","33.10","Kabupaten Klaten","33.10.05","Cawas","33.10.05.2012","Plosowangi"
"33","Jawa Tengah","33.10","Kabupaten Klaten","33.10.05","Cawas","33.10.05.2013","Baran"
"33","Jawa Tengah","33.10","Kabupaten Klaten","33.10.05","Cawas","33.10.05.2014","Tirtomarto"
"33","Jawa Tengah","33.10","Kabupaten Klaten","33.10.05","Cawas","33.10.05.2015","Japanan"
"33","Jawa Tengah","33.10","Kabupaten Klaten","33.10.05","Cawas","33.10.05.2016","Tlingsing"
"33","Jawa Tengah","33.10","Kabupaten Klaten","33.10.05","Cawas","33.10.05.2017","Mlese"
"33","Jawa Tengah","33.10","Kabupaten Klaten","33.10.05","Cawas","33.10.05.2018","Gombang"
"33","Jawa Tengah","33.10","Kabupaten Klaten","33.10.05","Cawas","33.10.05.2019","Pogung"
"33","Jawa Tengah","33.10","Kabupaten Klaten","33.10.05","Cawas","33.10.05.2020","Bogor"
"33","Jawa Tengah","33.10","Kabupaten Klaten","33.10.06","Trucuk","33.10.06.2001","Karangpakel"
"33","Jawa Tengah","33.10","Kabupaten Klaten","33.10.06","Trucuk","33.10.06.2002","Wanglu"
"33","Jawa Tengah","33.10","Kabupaten Klaten","33.10.06","Trucuk","33.10.06.2003","Trucuk"
"33","Jawa Tengah","33.10","Kabupaten Klaten","33.10.06","Trucuk","33.10.06.2004","Kalikebo"
"33","Jawa Tengah","33.10","Kabupaten Klaten","33.10.06","Trucuk","33.10.06.2005","Gaden"
"33","Jawa Tengah","33.10","Kabupaten Klaten","33.10.06","Trucuk","33.10.06.2006","Planggu"
"33","Jawa Tengah","33.10","Kabupaten Klaten","33.10.06","Trucuk","33.10.06.2007","Pundungsari"
"33","Jawa Tengah","33.10","Kabupaten Klaten","33.10.06","Trucuk","33.10.06.2008","Sajen"
"33","Jawa Tengah","33.10","Kabupaten Klaten","33.10.06","Trucuk","33.10.06.2009","Puluhan"
"33","Jawa Tengah","33.10","Kabupaten Klaten","33.10.06","Trucuk","33.10.06.2010","Kradenan"
"33","Jawa Tengah","33.10","Kabupaten Klaten","33.10.06","Trucuk","33.10.06.2011","Sabranglor"
"33","Jawa Tengah","33.10","Kabupaten Klaten","33.10.06","Trucuk","33.10.06.2012","Jatipuro"
"33","Jawa Tengah","33.10","Kabupaten Klaten","33.10.06","Trucuk","33.10.06.2013","Wonosari"
"33","Jawa Tengah","33.10","Kabupaten Klaten","33.10.06","Trucuk","33.10.06.2014","Mireng"
"33","Jawa Tengah","33.10","Kabupaten Klaten","33.10.06","Trucuk","33.10.06.2015","Bero"
"33","Jawa Tengah","33.10","Kabupaten Klaten","33.10.06","Trucuk","33.10.06.2016","Mandong"
"33","Jawa Tengah","33.10","Kabupaten Klaten","33.10.06","Trucuk","33.10.06.2017","Sumber"
"33","Jawa Tengah","33.10","Kabupaten Klaten","33.10.06","Trucuk","33.10.06.2018","Palar"
"33","Jawa Tengah","33.10","Kabupaten Klaten","33.10.07","Kebonarum","33.10.07.2001","Gondang"
"33","Jawa Tengah","33.10","Kabupaten Klaten","33.10.07","Kebonarum","33.10.07.2002","Basin"
"33","Jawa Tengah","33.10","Kabupaten Klaten","33.10.07","Kebonarum","33.10.07.2003","Pluneng"
"33","Jawa Tengah","33.10","Kabupaten Klaten","33.10.07","Kebonarum","33.10.07.2004","Ngrundul"
"33","Jawa Tengah","33.10","Kabupaten Klaten","33.10.07","Kebonarum","33.10.07.2005","Malangjiwan"
"33","Jawa Tengah","33.10","Kabupaten Klaten","33.10.07","Kebonarum","33.10.07.2006","Karangduren"
"33","Jawa Tengah","33.10","Kabupaten Klaten","33.10.07","Kebonarum","33.10.07.2007","Menden"
"33","Jawa Tengah","33.10","Kabupaten Klaten","33.10.08","Jogonalan","33.10.08.2001","Pakahan"
"33","Jawa Tengah","33.10","Kabupaten Klaten","33.10.08","Jogonalan","33.10.08.2002","Ngering"
"33","Jawa Tengah","33.10","Kabupaten Klaten","33.10.08","Jogonalan","33.10.08.2003","Rejoso"
"33","Jawa Tengah","33.10","Kabupaten Klaten","33.10.08","Jogonalan","33.10.08.2004","Titang"
"33","Jawa Tengah","33.10","Kabupaten Klaten","33.10.08","Jogonalan","33.10.08.2005","Somopuro"
"33","Jawa Tengah","33.10","Kabupaten Klaten","33.10.08","Jogonalan","33.10.08.2006","Tangkisan Pos"
"33","Jawa Tengah","33.10","Kabupaten Klaten","33.10.08","Jogonalan","33.10.08.2007","Gondangan"
"33","Jawa Tengah","33.10","Kabupaten Klaten","33.10.08","Jogonalan","33.10.08.2008","Bakung"
"33","Jawa Tengah","33.10","Kabupaten Klaten","33.10.08","Jogonalan","33.10.08.2009","Sumyang"
"33","Jawa Tengah","33.10","Kabupaten Klaten","33.10.08","Jogonalan","33.10.08.2010","Karangdukuh"
"33","Jawa Tengah","33.10","Kabupaten Klaten","33.10.08","Jogonalan","33.10.08.2011","Plawikan"
"33","Jawa Tengah","33.10","Kabupaten Klaten","33.10.08","Jogonalan","33.10.08.2012","Kraguman"
"33","Jawa Tengah","33.10","Kabupaten Klaten","33.10.08","Jogonalan","33.10.08.2013","Granting"
"33","Jawa Tengah","33.10","Kabupaten Klaten","33.10.08","Jogonalan","33.10.08.2014","Prawatan"
"33","Jawa Tengah","33.10","Kabupaten Klaten","33.10.08","Jogonalan","33.10.08.2015","Wonoboyo"
"33","Jawa Tengah","33.10","Kabupaten Klaten","33.10.08","Jogonalan","33.10.08.2016","Dompyongan"
"33","Jawa Tengah","33.10","Kabupaten Klaten","33.10.08","Jogonalan","33.10.08.2017","Joton"
"33","Jawa Tengah","33.10","Kabupaten Klaten","33.10.08","Jogonalan","33.10.08.2018","Tambakan"
"33","Jawa Tengah","33.10","Kabupaten Klaten","33.10.09","Manisrenggo","33.10.09.2001","Nangsri"
"33","Jawa Tengah","33.10","Kabupaten Klaten","33.10.09","Manisrenggo","33.10.09.2002","Barukan"
"33","Jawa Tengah","33.10","Kabupaten Klaten","33.10.09","Manisrenggo","33.10.09.2003","Borangan"
"33","Jawa Tengah","33.10","Kabupaten Klaten","33.10.09","Manisrenggo","33.10.09.2004","Sukorini"
"33","Jawa Tengah","33.10","Kabupaten Klaten","33.10.09","Manisrenggo","33.10.09.2005","Ngemplakseneng"
"33","Jawa Tengah","33.10","Kabupaten Klaten","33.10.09","Manisrenggo","33.10.09.2006","Sapen"
"33","Jawa Tengah","33.10","Kabupaten Klaten","33.10.09","Manisrenggo","33.10.09.2007","Kecemen"
"33","Jawa Tengah","33.10","Kabupaten Klaten","33.10.09","Manisrenggo","33.10.09.2008","Tijayan"
"33","Jawa Tengah","33.10","Kabupaten Klaten","33.10.09","Manisrenggo","33.10.09.2009","Bendan"
"33","Jawa Tengah","33.10","Kabupaten Klaten","33.10.09","Manisrenggo","33.10.09.2010","Tanjungsari"
"33","Jawa Tengah","33.10","Kabupaten Klaten","33.10.09","Manisrenggo","33.10.09.2011","Solodiran"
"33","Jawa Tengah","33.10","Kabupaten Klaten","33.10.09","Manisrenggo","33.10.09.2012","Taskombang"
"33","Jawa Tengah","33.10","Kabupaten Klaten","33.10.09","Manisrenggo","33.10.09.2013","Kranggan"
"33","Jawa Tengah","33.10","Kabupaten Klaten","33.10.09","Manisrenggo","33.10.09.2014","Kebonalas"
"33","Jawa Tengah","33.10","Kabupaten Klaten","33.10.09","Manisrenggo","33.10.09.2015","Leses"
"33","Jawa Tengah","33.10","Kabupaten Klaten","33.10.09","Manisrenggo","33.10.09.2016","Kepurun"
"33","Jawa Tengah","33.10","Kabupaten Klaten","33.10.10","Karangnongko","33.10.10.2001","Gumul"
"33","Jawa Tengah","33.10","Kabupaten Klaten","33.10.10","Karangnongko","33.10.10.2002","Banyuaeng"
"33","Jawa Tengah","33.10","Kabupaten Klaten","33.10.10","Karangnongko","33.10.10.2003","Kadilajo"
"33","Jawa Tengah","33.10","Kabupaten Klaten","33.10.10","Karangnongko","33.10.10.2004","Somokaton"
"33","Jawa Tengah","33.10","Kabupaten Klaten","33.10.10","Karangnongko","33.10.10.2005","Jetis"
"33","Jawa Tengah","33.10","Kabupaten Klaten","33.10.10","Karangnongko","33.10.10.2006","Karangnongko"
"33","Jawa Tengah","33.10","Kabupaten Klaten","33.10.10","Karangnongko","33.10.10.2007","Jagalan"
"33","Jawa Tengah","33.10","Kabupaten Klaten","33.10.10","Karangnongko","33.10.10.2008","Demakijo"
"33","Jawa Tengah","33.10","Kabupaten Klaten","33.10.10","Karangnongko","33.10.10.2009","Blimbing"
"33","Jawa Tengah","33.10","Kabupaten Klaten","33.10.10","Karangnongko","33.10.10.2010","Kanoman"
"33","Jawa Tengah","33.10","Kabupaten Klaten","33.10.10","Karangnongko","33.10.10.2011","Gemampir"
"33","Jawa Tengah","33.10","Kabupaten Klaten","33.10.10","Karangnongko","33.10.10.2012","Jiwan"
"33","Jawa Tengah","33.10","Kabupaten Klaten","33.10.10","Karangnongko","33.10.10.2013","Logede"
"33","Jawa Tengah","33.10","Kabupaten Klaten","33.10.10","Karangnongko","33.10.10.2014","Ngemplak"
"33","Jawa Tengah","33.10","Kabupaten Klaten","33.10.11","Ceper","33.10.11.2001","Srebegan"
"33","Jawa Tengah","33.10","Kabupaten Klaten","33.10.11","Ceper","33.10.11.2002","Kajen"
"33","Jawa Tengah","33.10","Kabupaten Klaten","33.10.11","Ceper","33.10.11.2003","Jambukidul"
"33","Jawa Tengah","33.10","Kabupaten Klaten","33.10.11","Ceper","33.10.11.2004","Kujon"
"33","Jawa Tengah","33.10","Kabupaten Klaten","33.10.11","Ceper","33.10.11.2005","Pokak"
"33","Jawa Tengah","33.10","Kabupaten Klaten","33.10.11","Ceper","33.10.11.2006","Pasungan"
"33","Jawa Tengah","33.10","Kabupaten Klaten","33.10.11","Ceper","33.10.11.2007","Mlese"
"33","Jawa Tengah","33.10","Kabupaten Klaten","33.10.11","Ceper","33.10.11.2008","Jombor"
"33","Jawa Tengah","33.10","Kabupaten Klaten","33.10.11","Ceper","33.10.11.2009","Meger"
"33","Jawa Tengah","33.10","Kabupaten Klaten","33.10.11","Ceper","33.10.11.2010","Dlimas"
"33","Jawa Tengah","33.10","Kabupaten Klaten","33.10.11","Ceper","33.10.11.2011","Jambukulon"
"33","Jawa Tengah","33.10","Kabupaten Klaten","33.10.11","Ceper","33.10.11.2012","Ceper"
"33","Jawa Tengah","33.10","Kabupaten Klaten","33.10.11","Ceper","33.10.11.2013","Kurung"
"33","Jawa Tengah","33.10","Kabupaten Klaten","33.10.11","Ceper","33.10.11.2014","Cetan"
"33","Jawa Tengah","33.10","Kabupaten Klaten","33.10.11","Ceper","33.10.11.2015","Tegalrejo"
"33","Jawa Tengah","33.10","Kabupaten Klaten","33.10.11","Ceper","33.10.11.2016","Ngawonggo"
"33","Jawa Tengah","33.10","Kabupaten Klaten","33.10.11","Ceper","33.10.11.2017","Klepu"
"33","Jawa Tengah","33.10","Kabupaten Klaten","33.10.11","Ceper","33.10.11.2018","Kuncen"
"33","Jawa Tengah","33.10","Kabupaten Klaten","33.10.12","Pedan","33.10.12.2001","Temuwangi"
"33","Jawa Tengah","33.10","Kabupaten Klaten","33.10.12","Pedan","33.10.12.2002","Beji"
"33","Jawa Tengah","33.10","Kabupaten Klaten","33.10.12","Pedan","33.10.12.2003","Ngaren"
"33","Jawa Tengah","33.10","Kabupaten Klaten","33.10.12","Pedan","33.10.12.2004","Jatimulyo"
"33","Jawa Tengah","33.10","Kabupaten Klaten","33.10.12","Pedan","33.10.12.2005","Jetiswetan"
"33","Jawa Tengah","33.10","Kabupaten Klaten","33.10.12","Pedan","33.10.12.2006","Keden"
"33","Jawa Tengah","33.10","Kabupaten Klaten","33.10.12","Pedan","33.10.12.2007","Bendo"
"33","Jawa Tengah","33.10","Kabupaten Klaten","33.10.12","Pedan","33.10.12.2008","Tambakboyo"
"33","Jawa Tengah","33.10","Kabupaten Klaten","33.10.12","Pedan","33.10.12.2009","Kedungan"
"33","Jawa Tengah","33.10","Kabupaten Klaten","33.10.12","Pedan","33.10.12.2010","Sobayan"
"33","Jawa Tengah","33.10","Kabupaten Klaten","33.10.12","Pedan","33.10.12.2011","Kalangan"
"33","Jawa Tengah","33.10","Kabupaten Klaten","33.10.12","Pedan","33.10.12.2012","Troketon"
"33","Jawa Tengah","33.10","Kabupaten Klaten","33.10.12","Pedan","33.10.12.2013","Kaligawe"
"33","Jawa Tengah","33.10","Kabupaten Klaten","33.10.12","Pedan","33.10.12.2014","Lemahireng"
"33","Jawa Tengah","33.10","Kabupaten Klaten","33.10.13","Karangdowo","33.10.13.2001","Tulas"
"33","Jawa Tengah","33.10","Kabupaten Klaten","33.10.13","Karangdowo","33.10.13.2002","Bulusan"
"33","Jawa Tengah","33.10","Kabupaten Klaten","33.10.13","Karangdowo","33.10.13.2003","Ringinputih"
"33","Jawa Tengah","33.10","Kabupaten Klaten","33.10.13","Karangdowo","33.10.13.2004","Soka"
"33","Jawa Tengah","33.10","Kabupaten Klaten","33.10.13","Karangdowo","33.10.13.2005","Tumpukan"
"33","Jawa Tengah","33.10","Kabupaten Klaten","33.10.13","Karangdowo","33.10.13.2006","Karangjoho"
"33","Jawa Tengah","33.10","Kabupaten Klaten","33.10.13","Karangdowo","33.10.13.2007","Demangan"
"33","Jawa Tengah","33.10","Kabupaten Klaten","33.10.13","Karangdowo","33.10.13.2008","Tambak"
"33","Jawa Tengah","33.10","Kabupaten Klaten","33.10.13","Karangdowo","33.10.13.2009","Karangdowo"
"33","Jawa Tengah","33.10","Kabupaten Klaten","33.10.13","Karangdowo","33.10.13.2010","Munggung"
"33","Jawa Tengah","33.10","Kabupaten Klaten","33.10.13","Karangdowo","33.10.13.2011","Sentono"
"33","Jawa Tengah","33.10","Kabupaten Klaten","33.10.13","Karangdowo","33.10.13.2012","Pugeran"
"33","Jawa Tengah","33.10","Kabupaten Klaten","33.10.13","Karangdowo","33.10.13.2013","Ngolodono"
"33","Jawa Tengah","33.10","Kabupaten Klaten","33.10.13","Karangdowo","33.10.13.2014","Karangwungu"
"33","Jawa Tengah","33.10","Kabupaten Klaten","33.10.13","Karangdowo","33.10.13.2015","Karangtalun"
"33","Jawa Tengah","33.10","Kabupaten Klaten","33.10.13","Karangdowo","33.10.13.2016","Babadan"
"33","Jawa Tengah","33.10","Kabupaten Klaten","33.10.13","Karangdowo","33.10.13.2017","Tegalampel"
"33","Jawa Tengah","33.10","Kabupaten Klaten","33.10.13","Karangdowo","33.10.13.2018","Bakungan"
"33","Jawa Tengah","33.10","Kabupaten Klaten","33.10.13","Karangdowo","33.10.13.2019","Kupang"
"33","Jawa Tengah","33.10","Kabupaten Klaten","33.10.14","Juwiring","33.10.14.2001","Trasan"
"33","Jawa Tengah","33.10","Kabupaten Klaten","33.10.14","Juwiring","33.10.14.2002","Sawahan"
"33","Jawa Tengah","33.10","Kabupaten Klaten","33.10.14","Juwiring","33.10.14.2003","Juwiran"
"33","Jawa Tengah","33.10","Kabupaten Klaten","33.10.14","Juwiring","33.10.14.2004","Jetis"
"33","Jawa Tengah","33.10","Kabupaten Klaten","33.10.14","Juwiring","33.10.14.2005","Ketitang"
"33","Jawa Tengah","33.10","Kabupaten Klaten","33.10.14","Juwiring","33.10.14.2006","Gondangsari"
"33","Jawa Tengah","33.10","Kabupaten Klaten","33.10.14","Juwiring","33.10.14.2007","Serenan"
"33","Jawa Tengah","33.10","Kabupaten Klaten","33.10.14","Juwiring","33.10.14.2008","Tlogorandu"
"33","Jawa Tengah","33.10","Kabupaten Klaten","33.10.14","Juwiring","33.10.14.2009","Bolopleret"
"33","Jawa Tengah","33.10","Kabupaten Klaten","33.10.14","Juwiring","33.10.14.2010","Tanjung"
"33","Jawa Tengah","33.10","Kabupaten Klaten","33.10.14","Juwiring","33.10.14.2011","Kenaiban"
"33","Jawa Tengah","33.10","Kabupaten Klaten","33.10.14","Juwiring","33.10.14.2012","Bulurejo"
"33","Jawa Tengah","33.10","Kabupaten Klaten","33.10.14","Juwiring","33.10.14.2013","Jaten"
"33","Jawa Tengah","33.10","Kabupaten Klaten","33.10.14","Juwiring","33.10.14.2014","Mrisen"
"33","Jawa Tengah","33.10","Kabupaten Klaten","33.10.14","Juwiring","33.10.14.2015","Pundungan"
"33","Jawa Tengah","33.10","Kabupaten Klaten","33.10.14","Juwiring","33.10.14.2016","Juwiring"
"33","Jawa Tengah","33.10","Kabupaten Klaten","33.10.14","Juwiring","33.10.14.2017","Kwarasan"
"33","Jawa Tengah","33.10","Kabupaten Klaten","33.10.14","Juwiring","33.10.14.2018","Carikan"
"33","Jawa Tengah","33.10","Kabupaten Klaten","33.10.14","Juwiring","33.10.14.2019","Taji"
"33","Jawa Tengah","33.10","Kabupaten Klaten","33.10.15","Wonosari","33.10.15.2001","Sidowarno"
"33","Jawa Tengah","33.10","Kabupaten Klaten","33.10.15","Wonosari","33.10.15.2002","Bener"
"33","Jawa Tengah","33.10","Kabupaten Klaten","33.10.15","Wonosari","33.10.15.2003","Gunting"
"33","Jawa Tengah","33.10","Kabupaten Klaten","33.10.15","Wonosari","33.10.15.2004","Kingkang"
"33","Jawa Tengah","33.10","Kabupaten Klaten","33.10.15","Wonosari","33.10.15.2005","Jelobo"
"33","Jawa Tengah","33.10","Kabupaten Klaten","33.10.15","Wonosari","33.10.15.2006","Lumbungkerep"
"33","Jawa Tengah","33.10","Kabupaten Klaten","33.10.15","Wonosari","33.10.15.2007","Ngreden"
"33","Jawa Tengah","33.10","Kabupaten Klaten","33.10.15","Wonosari","33.10.15.2008","Bulan"
"33","Jawa Tengah","33.10","Kabupaten Klaten","33.10.15","Wonosari","33.10.15.2009","Boto"
"33","Jawa Tengah","33.10","Kabupaten Klaten","33.10.15","Wonosari","33.10.15.2010","Wadunggetas"
"33","Jawa Tengah","33.10","Kabupaten Klaten","33.10.15","Wonosari","33.10.15.2011","Tegalgondo"
"33","Jawa Tengah","33.10","Kabupaten Klaten","33.10.15","Wonosari","33.10.15.2012","Bolali"
"33","Jawa Tengah","33.10","Kabupaten Klaten","33.10.15","Wonosari","33.10.15.2013","Sukorejo"
"33","Jawa Tengah","33.10","Kabupaten Klaten","33.10.15","Wonosari","33.10.15.2014","Sekaran"
"33","Jawa Tengah","33.10","Kabupaten Klaten","33.10.15","Wonosari","33.10.15.2015","Bentangan"
"33","Jawa Tengah","33.10","Kabupaten Klaten","33.10.15","Wonosari","33.10.15.2016","Duwet"
"33","Jawa Tengah","33.10","Kabupaten Klaten","33.10.15","Wonosari","33.10.15.2017","Pandanan"
"33","Jawa Tengah","33.10","Kabupaten Klaten","33.10.15","Wonosari","33.10.15.2018","Teloyo"
"33","Jawa Tengah","33.10","Kabupaten Klaten","33.10.16","Delanggu","33.10.16.2001","Dukuh"
"33","Jawa Tengah","33.10","Kabupaten Klaten","33.10.16","Delanggu","33.10.16.2002","Jetis"
"33","Jawa Tengah","33.10","Kabupaten Klaten","33.10.16","Delanggu","33.10.16.2003","Butuhan"
"33","Jawa Tengah","33.10","Kabupaten Klaten","33.10.16","Delanggu","33.10.16.2004","Banaran"
"33","Jawa Tengah","33.10","Kabupaten Klaten","33.10.16","Delanggu","33.10.16.2005","Bowan"
"33","Jawa Tengah","33.10","Kabupaten Klaten","33.10.16","Delanggu","33.10.16.2006","Sribit"
"33","Jawa Tengah","33.10","Kabupaten Klaten","33.10.16","Delanggu","33.10.16.2007","Mendak"
"33","Jawa Tengah","33.10","Kabupaten Klaten","33.10.16","Delanggu","33.10.16.2008","Krecek"
"33","Jawa Tengah","33.10","Kabupaten Klaten","33.10.16","Delanggu","33.10.16.2009","Karang"
"33","Jawa Tengah","33.10","Kabupaten Klaten","33.10.16","Delanggu","33.10.16.2010","Sabrang"
"33","Jawa Tengah","33.10","Kabupaten Klaten","33.10.16","Delanggu","33.10.16.2011","Tlobong"
"33","Jawa Tengah","33.10","Kabupaten Klaten","33.10.16","Delanggu","33.10.16.2012","Gatak"
"33","Jawa Tengah","33.10","Kabupaten Klaten","33.10.16","Delanggu","33.10.16.2013","Delanggu"
"33","Jawa Tengah","33.10","Kabupaten Klaten","33.10.16","Delanggu","33.10.16.2014","Kepanjen"
"33","Jawa Tengah","33.10","Kabupaten Klaten","33.10.16","Delanggu","33.10.16.2015","Segaran"
"33","Jawa Tengah","33.10","Kabupaten Klaten","33.10.16","Delanggu","33.10.16.2016","Sidomulyo"
"33","Jawa Tengah","33.10","Kabupaten Klaten","33.10.17","Polanharjo","33.10.17.2001","Glagahwangi"
"33","Jawa Tengah","33.10","Kabupaten Klaten","33.10.17","Polanharjo","33.10.17.2002","Kapungan"
"33","Jawa Tengah","33.10","Kabupaten Klaten","33.10.17","Polanharjo","33.10.17.2003","Kahuman"
"33","Jawa Tengah","33.10","Kabupaten Klaten","33.10.17","Polanharjo","33.10.17.2004","Ngaran"
"33","Jawa Tengah","33.10","Kabupaten Klaten","33.10.17","Polanharjo","33.10.17.2005","Borongan"
"33","Jawa Tengah","33.10","Kabupaten Klaten","33.10.17","Polanharjo","33.10.17.2006","Nganjat"
"33","Jawa Tengah","33.10","Kabupaten Klaten","33.10.17","Polanharjo","33.10.17.2007","Jimus"
"33","Jawa Tengah","33.10","Kabupaten Klaten","33.10.17","Polanharjo","33.10.17.2008","Turus"
"33","Jawa Tengah","33.10","Kabupaten Klaten","33.10.17","Polanharjo","33.10.17.2009","Polan"
"33","Jawa Tengah","33.10","Kabupaten Klaten","33.10.17","Polanharjo","33.10.17.2010","Karanglo"
"33","Jawa Tengah","33.10","Kabupaten Klaten","33.10.17","Polanharjo","33.10.17.2011","Ponggok"
"33","Jawa Tengah","33.10","Kabupaten Klaten","33.10.17","Polanharjo","33.10.17.2012","Wangen"
"33","Jawa Tengah","33.10","Kabupaten Klaten","33.10.17","Polanharjo","33.10.17.2013","Keprabon"
"33","Jawa Tengah","33.10","Kabupaten Klaten","33.10.17","Polanharjo","33.10.17.2014","Kranggan"
"33","Jawa Tengah","33.10","Kabupaten Klaten","33.10.17","Polanharjo","33.10.17.2015","Kebonharjo"
"33","Jawa Tengah","33.10","Kabupaten Klaten","33.10.17","Polanharjo","33.10.17.2016","Janti"
"33","Jawa Tengah","33.10","Kabupaten Klaten","33.10.17","Polanharjo","33.10.17.2017","Sidowayah"
"33","Jawa Tengah","33.10","Kabupaten Klaten","33.10.17","Polanharjo","33.10.17.2018","Sidoharjo"
"33","Jawa Tengah","33.10","Kabupaten Klaten","33.10.18","Karanganom","33.10.18.2001","Jambeyan"
"33","Jawa Tengah","33.10","Kabupaten Klaten","33.10.18","Karanganom","33.10.18.2002","Jungkare"
"33","Jawa Tengah","33.10","Kabupaten Klaten","33.10.18","Karanganom","33.10.18.2003","Kadirejo"
"33","Jawa Tengah","33.10","Kabupaten Klaten","33.10.18","Karanganom","33.10.18.2004","Tarubasan"
"33","Jawa Tengah","33.10","Kabupaten Klaten","33.10.18","Karanganom","33.10.18.2005","Troso"
"33","Jawa Tengah","33.10","Kabupaten Klaten","33.10.18","Karanganom","33.10.18.2006","Blanceran"
"33","Jawa Tengah","33.10","Kabupaten Klaten","33.10.18","Karanganom","33.10.18.2007","Kunden"
"33","Jawa Tengah","33.10","Kabupaten Klaten","33.10.18","Karanganom","33.10.18.2008","Brangkal"
"33","Jawa Tengah","33.10","Kabupaten Klaten","33.10.18","Karanganom","33.10.18.2009","Beku"
"33","Jawa Tengah","33.10","Kabupaten Klaten","33.10.18","Karanganom","33.10.18.2010","Karangan"
"33","Jawa Tengah","33.10","Kabupaten Klaten","33.10.18","Karanganom","33.10.18.2011","Karanganom"
"33","Jawa Tengah","33.10","Kabupaten Klaten","33.10.18","Karanganom","33.10.18.2012","Padas"
"33","Jawa Tengah","33.10","Kabupaten Klaten","33.10.18","Karanganom","33.10.18.2013","Soropaten"
"33","Jawa Tengah","33.10","Kabupaten Klaten","33.10.18","Karanganom","33.10.18.2014","Jurangjero"
"33","Jawa Tengah","33.10","Kabupaten Klaten","33.10.18","Karanganom","33.10.18.2015","Ngabeyan"
"33","Jawa Tengah","33.10","Kabupaten Klaten","33.10.18","Karanganom","33.10.18.2016","Gledeg"
"33","Jawa Tengah","33.10","Kabupaten Klaten","33.10.18","Karanganom","33.10.18.2017","Gempol"
"33","Jawa Tengah","33.10","Kabupaten Klaten","33.10.18","Karanganom","33.10.18.2018","Pondok"
"33","Jawa Tengah","33.10","Kabupaten Klaten","33.10.18","Karanganom","33.10.18.2019","Jeblog"
"33","Jawa Tengah","33.10","Kabupaten Klaten","33.10.19","Tulung","33.10.19.2001","Mundu"
"33","Jawa Tengah","33.10","Kabupaten Klaten","33.10.19","Tulung","33.10.19.2002","Sedayu"
"33","Jawa Tengah","33.10","Kabupaten Klaten","33.10.19","Tulung","33.10.19.2003","Pomah"
"33","Jawa Tengah","33.10","Kabupaten Klaten","33.10.19","Tulung","33.10.19.2004","Bono"
"33","Jawa Tengah","33.10","Kabupaten Klaten","33.10.19","Tulung","33.10.19.2005","Kiringan"
"33","Jawa Tengah","33.10","Kabupaten Klaten","33.10.19","Tulung","33.10.19.2006","Majegan"
"33","Jawa Tengah","33.10","Kabupaten Klaten","33.10.19","Tulung","33.10.19.2007","Dalangan"
"33","Jawa Tengah","33.10","Kabupaten Klaten","33.10.19","Tulung","33.10.19.2008","Gedongjetis"
"33","Jawa Tengah","33.10","Kabupaten Klaten","33.10.19","Tulung","33.10.19.2009","Sorogaten"
"33","Jawa Tengah","33.10","Kabupaten Klaten","33.10.19","Tulung","33.10.19.2010","Beji"
"33","Jawa Tengah","33.10","Kabupaten Klaten","33.10.19","Tulung","33.10.19.2011","Kemiri"
"33","Jawa Tengah","33.10","Kabupaten Klaten","33.10.19","Tulung","33.10.19.2012","Sudimoro"
"33","Jawa Tengah","33.10","Kabupaten Klaten","33.10.19","Tulung","33.10.19.2013","Tulung"
"33","Jawa Tengah","33.10","Kabupaten Klaten","33.10.19","Tulung","33.10.19.2014","Malangan"
"33","Jawa Tengah","33.10","Kabupaten Klaten","33.10.19","Tulung","33.10.19.2015","Pucangmiliran"
"33","Jawa Tengah","33.10","Kabupaten Klaten","33.10.19","Tulung","33.10.19.2016","Cokro"
"33","Jawa Tengah","33.10","Kabupaten Klaten","33.10.19","Tulung","33.10.19.2017","Daleman"
"33","Jawa Tengah","33.10","Kabupaten Klaten","33.10.19","Tulung","33.10.19.2018","Wunut"
"33","Jawa Tengah","33.10","Kabupaten Klaten","33.10.20","Jatinom","33.10.20.1015","Jatinom"
"33","Jawa Tengah","33.10","Kabupaten Klaten","33.10.20","Jatinom","33.10.20.2001","Beteng"
"33","Jawa Tengah","33.10","Kabupaten Klaten","33.10.20","Jatinom","33.10.20.2002","Randulanang"
"33","Jawa Tengah","33.10","Kabupaten Klaten","33.10.20","Jatinom","33.10.20.2003","Mranggen"
"33","Jawa Tengah","33.10","Kabupaten Klaten","33.10.20","Jatinom","33.10.20.2004","Jemawan"
"33","Jawa Tengah","33.10","Kabupaten Klaten","33.10.20","Jatinom","33.10.20.2005","Gedaren"
"33","Jawa Tengah","33.10","Kabupaten Klaten","33.10.20","Jatinom","33.10.20.2006","Cawan"
"33","Jawa Tengah","33.10","Kabupaten Klaten","33.10.20","Jatinom","33.10.20.2007","Tibayan"
"33","Jawa Tengah","33.10","Kabupaten Klaten","33.10.20","Jatinom","33.10.20.2008","Bengking"
"33","Jawa Tengah","33.10","Kabupaten Klaten","33.10.20","Jatinom","33.10.20.2009","Temuireng"
"33","Jawa Tengah","33.10","Kabupaten Klaten","33.10.20","Jatinom","33.10.20.2010","Bandungan"
"33","Jawa Tengah","33.10","Kabupaten Klaten","33.10.20","Jatinom","33.10.20.2011","Kayumas"
"33","Jawa Tengah","33.10","Kabupaten Klaten","33.10.20","Jatinom","33.10.20.2012","Socokangsi"
"33","Jawa Tengah","33.10","Kabupaten Klaten","33.10.20","Jatinom","33.10.20.2013","Glagah"
"33","Jawa Tengah","33.10","Kabupaten Klaten","33.10.20","Jatinom","33.10.20.2014","Krajan"
"33","Jawa Tengah","33.10","Kabupaten Klaten","33.10.20","Jatinom","33.10.20.2016","Bonyokan"
"33","Jawa Tengah","33.10","Kabupaten Klaten","33.10.20","Jatinom","33.10.20.2017","Pandeyan"
"33","Jawa Tengah","33.10","Kabupaten Klaten","33.10.20","Jatinom","33.10.20.2018","Puluhan"
"33","Jawa Tengah","33.10","Kabupaten Klaten","33.10.21","Kemalang","33.10.21.2001","Bawukan"
"33","Jawa Tengah","33.10","Kabupaten Klaten","33.10.21","Kemalang","33.10.21.2002","Talun"
"33","Jawa Tengah","33.10","Kabupaten Klaten","33.10.21","Kemalang","33.10.21.2003","Panggang"
"33","Jawa Tengah","33.10","Kabupaten Klaten","33.10.21","Kemalang","33.10.21.2004","Balerante"
"33","Jawa Tengah","33.10","Kabupaten Klaten","33.10.21","Kemalang","33.10.21.2005","Sidorejo"
"33","Jawa Tengah","33.10","Kabupaten Klaten","33.10.21","Kemalang","33.10.21.2006","Tegalmulyo"
"33","Jawa Tengah","33.10","Kabupaten Klaten","33.10.21","Kemalang","33.10.21.2007","Tlogowatu"
"33","Jawa Tengah","33.10","Kabupaten Klaten","33.10.21","Kemalang","33.10.21.2008","Tangkil"
"33","Jawa Tengah","33.10","Kabupaten Klaten","33.10.21","Kemalang","33.10.21.2009","Bumiharjo"
"33","Jawa Tengah","33.10","Kabupaten Klaten","33.10.21","Kemalang","33.10.21.2010","Kendalsari"
"33","Jawa Tengah","33.10","Kabupaten Klaten","33.10.21","Kemalang","33.10.21.2011","Dompol"
"33","Jawa Tengah","33.10","Kabupaten Klaten","33.10.21","Kemalang","33.10.21.2012","Kemalang"
"33","Jawa Tengah","33.10","Kabupaten Klaten","33.10.21","Kemalang","33.10.21.2013","Keputran"
"33","Jawa Tengah","33.10","Kabupaten Klaten","33.10.22","Ngawen","33.10.22.2001","Manjung"
"33","Jawa Tengah","33.10","Kabupaten Klaten","33.10.22","Ngawen","33.10.22.2002","Gatak"
"33","Jawa Tengah","33.10","Kabupaten Klaten","33.10.22","Ngawen","33.10.22.2003","Duwet"
"33","Jawa Tengah","33.10","Kabupaten Klaten","33.10.22","Ngawen","33.10.22.2004","Senden"
"33","Jawa Tengah","33.10","Kabupaten Klaten","33.10.22","Ngawen","33.10.22.2005","Ngawen"
"33","Jawa Tengah","33.10","Kabupaten Klaten","33.10.22","Ngawen","33.10.22.2006","Kahuman"
"33","Jawa Tengah","33.10","Kabupaten Klaten","33.10.22","Ngawen","33.10.22.2007","Pepe"
"33","Jawa Tengah","33.10","Kabupaten Klaten","33.10.22","Ngawen","33.10.22.2008","Manjungan"
"33","Jawa Tengah","33.10","Kabupaten Klaten","33.10.22","Ngawen","33.10.22.2009","Kwaren"
"33","Jawa Tengah","33.10","Kabupaten Klaten","33.10.22","Ngawen","33.10.22.2010","Mayungan"
"33","Jawa Tengah","33.10","Kabupaten Klaten","33.10.22","Ngawen","33.10.22.2011","Tempursari"
"33","Jawa Tengah","33.10","Kabupaten Klaten","33.10.22","Ngawen","33.10.22.2012","Candirejo"
"33","Jawa Tengah","33.10","Kabupaten Klaten","33.10.22","Ngawen","33.10.22.2013","Drono"
"33","Jawa Tengah","33.10","Kabupaten Klaten","33.10.23","Kalikotes","33.10.23.2001","Jimbung"
"33","Jawa Tengah","33.10","Kabupaten Klaten","33.10.23","Kalikotes","33.10.23.2002","Ngemplak"
"33","Jawa Tengah","33.10","Kabupaten Klaten","33.10.23","Kalikotes","33.10.23.2003","Kalikotes"
"33","Jawa Tengah","33.10","Kabupaten Klaten","33.10.23","Kalikotes","33.10.23.2004","Krajan"
"33","Jawa Tengah","33.10","Kabupaten Klaten","33.10.23","Kalikotes","33.10.23.2005","Tambongwetan"
"33","Jawa Tengah","33.10","Kabupaten Klaten","33.10.23","Kalikotes","33.10.23.2006","Jogosetran"
"33","Jawa Tengah","33.10","Kabupaten Klaten","33.10.23","Kalikotes","33.10.23.2007","Gemblegan"
"33","Jawa Tengah","33.10","Kabupaten Klaten","33.10.24","Klaten Utara","33.10.24.1002","Barenglor"
"33","Jawa Tengah","33.10","Kabupaten Klaten","33.10.24","Klaten Utara","33.10.24.1007","Gergunung"
"33","Jawa Tengah","33.10","Kabupaten Klaten","33.10.24","Klaten Utara","33.10.24.2001","Sekarsuli"
"33","Jawa Tengah","33.10","Kabupaten Klaten","33.10.24","Klaten Utara","33.10.24.2003","Karanganom"
"33","Jawa Tengah","33.10","Kabupaten Klaten","33.10.24","Klaten Utara","33.10.24.2004","Ketandan"
"33","Jawa Tengah","33.10","Kabupaten Klaten","33.10.24","Klaten Utara","33.10.24.2005","Belangwetan"
"33","Jawa Tengah","33.10","Kabupaten Klaten","33.10.24","Klaten Utara","33.10.24.2006","Jonggrangan"
"33","Jawa Tengah","33.10","Kabupaten Klaten","33.10.24","Klaten Utara","33.10.24.2008","Jebugan"
"33","Jawa Tengah","33.10","Kabupaten Klaten","33.10.25","Klaten Tengah","33.10.25.1001","Bareng"
"33","Jawa Tengah","33.10","Kabupaten Klaten","33.10.25","Klaten Tengah","33.10.25.1002","Kabupaten"
"33","Jawa Tengah","33.10","Kabupaten Klaten","33.10.25","Klaten Tengah","33.10.25.1003","Klaten"
"33","Jawa Tengah","33.10","Kabupaten Klaten","33.10.25","Klaten Tengah","33.10.25.1004","Tonggalan"
"33","Jawa Tengah","33.10","Kabupaten Klaten","33.10.25","Klaten Tengah","33.10.25.1006","Buntalan"
"33","Jawa Tengah","33.10","Kabupaten Klaten","33.10.25","Klaten Tengah","33.10.25.1008","Mojayan"
"33","Jawa Tengah","33.10","Kabupaten Klaten","33.10.25","Klaten Tengah","33.10.25.2005","Semangkak"
"33","Jawa Tengah","33.10","Kabupaten Klaten","33.10.25","Klaten Tengah","33.10.25.2007","Jomboran"
"33","Jawa Tengah","33.10","Kabupaten Klaten","33.10.25","Klaten Tengah","33.10.25.2009","Gumulan"
"33","Jawa Tengah","33.10","Kabupaten Klaten","33.10.26","Klaten Selatan","33.10.26.1009","Gayamprit"
"33","Jawa Tengah","33.10","Kabupaten Klaten","33.10.26","Klaten Selatan","33.10.26.2001","Kajoran"
"33","Jawa Tengah","33.10","Kabupaten Klaten","33.10.26","Klaten Selatan","33.10.26.2002","Glodogan"
"33","Jawa Tengah","33.10","Kabupaten Klaten","33.10.26","Klaten Selatan","33.10.26.2003","Ngalas"
"33","Jawa Tengah","33.10","Kabupaten Klaten","33.10.26","Klaten Selatan","33.10.26.2004","Danguran"
"33","Jawa Tengah","33.10","Kabupaten Klaten","33.10.26","Klaten Selatan","33.10.26.2005","Trunuh"
"33","Jawa Tengah","33.10","Kabupaten Klaten","33.10.26","Klaten Selatan","33.10.26.2006","Sumberejo"
"33","Jawa Tengah","33.10","Kabupaten Klaten","33.10.26","Klaten Selatan","33.10.26.2007","Merbung"
"33","Jawa Tengah","33.10","Kabupaten Klaten","33.10.26","Klaten Selatan","33.10.26.2008","Tegalyoso"
"33","Jawa Tengah","33.10","Kabupaten Klaten","33.10.26","Klaten Selatan","33.10.26.2010","Karanglo"
"33","Jawa Tengah","33.10","Kabupaten Klaten","33.10.26","Klaten Selatan","33.10.26.2011","Nglinggi"
"33","Jawa Tengah","33.10","Kabupaten Klaten","33.10.26","Klaten Selatan","33.10.26.2012","Jetis"
"33","Jawa Tengah","33.11","Kabupaten Sukoharjo","33.11.01","Weru","33.11.01.2001","Grogol"
"33","Jawa Tengah","33.11","Kabupaten Sukoharjo","33.11.01","Weru","33.11.01.2002","Karangtengah"
"33","Jawa Tengah","33.11","Kabupaten Sukoharjo","33.11.01","Weru","33.11.01.2003","Karangwuni"
"33","Jawa Tengah","33.11","Kabupaten Sukoharjo","33.11.01","Weru","33.11.01.2004","Krajan"
"33","Jawa Tengah","33.11","Kabupaten Sukoharjo","33.11.01","Weru","33.11.01.2005","Jatingarang"
"33","Jawa Tengah","33.11","Kabupaten Sukoharjo","33.11.01","Weru","33.11.01.2006","Karanganyar"
"33","Jawa Tengah","33.11","Kabupaten Sukoharjo","33.11.01","Weru","33.11.01.2007","Alasombo"
"33","Jawa Tengah","33.11","Kabupaten Sukoharjo","33.11.01","Weru","33.11.01.2008","Karangmojo"
"33","Jawa Tengah","33.11","Kabupaten Sukoharjo","33.11.01","Weru","33.11.01.2009","Weru"
"33","Jawa Tengah","33.11","Kabupaten Sukoharjo","33.11.01","Weru","33.11.01.2010","Karakan"
"33","Jawa Tengah","33.11","Kabupaten Sukoharjo","33.11.01","Weru","33.11.01.2011","Tegalsari"
"33","Jawa Tengah","33.11","Kabupaten Sukoharjo","33.11.01","Weru","33.11.01.2012","Tawang"
"33","Jawa Tengah","33.11","Kabupaten Sukoharjo","33.11.01","Weru","33.11.01.2013","Ngreco"
"33","Jawa Tengah","33.11","Kabupaten Sukoharjo","33.11.02","Bulu","33.11.02.2001","Sanggang"
"33","Jawa Tengah","33.11","Kabupaten Sukoharjo","33.11.02","Bulu","33.11.02.2002","Kamal"
"33","Jawa Tengah","33.11","Kabupaten Sukoharjo","33.11.02","Bulu","33.11.02.2003","Gentan"
"33","Jawa Tengah","33.11","Kabupaten Sukoharjo","33.11.02","Bulu","33.11.02.2004","Kedungsono"
"33","Jawa Tengah","33.11","Kabupaten Sukoharjo","33.11.02","Bulu","33.11.02.2005","Tiyaran"
"33","Jawa Tengah","33.11","Kabupaten Sukoharjo","33.11.02","Bulu","33.11.02.2006","Karangasem"
"33","Jawa Tengah","33.11","Kabupaten Sukoharjo","33.11.02","Bulu","33.11.02.2007","Bulu"
"33","Jawa Tengah","33.11","Kabupaten Sukoharjo","33.11.02","Bulu","33.11.02.2008","Kunden"
"33","Jawa Tengah","33.11","Kabupaten Sukoharjo","33.11.02","Bulu","33.11.02.2009","Puron"
"33","Jawa Tengah","33.11","Kabupaten Sukoharjo","33.11.02","Bulu","33.11.02.2010","Malangan"
"33","Jawa Tengah","33.11","Kabupaten Sukoharjo","33.11.02","Bulu","33.11.02.2011","Lengking"
"33","Jawa Tengah","33.11","Kabupaten Sukoharjo","33.11.02","Bulu","33.11.02.2012","Ngasinan"
"33","Jawa Tengah","33.11","Kabupaten Sukoharjo","33.11.03","Tawangsari","33.11.03.2001","Pundungrejo"
"33","Jawa Tengah","33.11","Kabupaten Sukoharjo","33.11.03","Tawangsari","33.11.03.2002","Watubonang"
"33","Jawa Tengah","33.11","Kabupaten Sukoharjo","33.11.03","Tawangsari","33.11.03.2003","Kedungjambal"
"33","Jawa Tengah","33.11","Kabupaten Sukoharjo","33.11.03","Tawangsari","33.11.03.2004","Grajegan"
"33","Jawa Tengah","33.11","Kabupaten Sukoharjo","33.11.03","Tawangsari","33.11.03.2005","Lorog"
"33","Jawa Tengah","33.11","Kabupaten Sukoharjo","33.11.03","Tawangsari","33.11.03.2006","Kateguhan"
"33","Jawa Tengah","33.11","Kabupaten Sukoharjo","33.11.03","Tawangsari","33.11.03.2007","Dalangan"
"33","Jawa Tengah","33.11","Kabupaten Sukoharjo","33.11.03","Tawangsari","33.11.03.2008","Pojok"
"33","Jawa Tengah","33.11","Kabupaten Sukoharjo","33.11.03","Tawangsari","33.11.03.2009","Tangkisan"
"33","Jawa Tengah","33.11","Kabupaten Sukoharjo","33.11.03","Tawangsari","33.11.03.2010","Ponowaren"
"33","Jawa Tengah","33.11","Kabupaten Sukoharjo","33.11.03","Tawangsari","33.11.03.2011","Majasto"
"33","Jawa Tengah","33.11","Kabupaten Sukoharjo","33.11.03","Tawangsari","33.11.03.2012","Tambakboyo"
"33","Jawa Tengah","33.11","Kabupaten Sukoharjo","33.11.04","Sukoharjo","33.11.04.1001","Kenep"
"33","Jawa Tengah","33.11","Kabupaten Sukoharjo","33.11.04","Sukoharjo","33.11.04.1002","Banmati"
"33","Jawa Tengah","33.11","Kabupaten Sukoharjo","33.11.04","Sukoharjo","33.11.04.1003","Mandan"
"33","Jawa Tengah","33.11","Kabupaten Sukoharjo","33.11.04","Sukoharjo","33.11.04.1004","Begajah"
"33","Jawa Tengah","33.11","Kabupaten Sukoharjo","33.11.04","Sukoharjo","33.11.04.1005","Gayam"
"33","Jawa Tengah","33.11","Kabupaten Sukoharjo","33.11.04","Sukoharjo","33.11.04.1006","Joho"
"33","Jawa Tengah","33.11","Kabupaten Sukoharjo","33.11.04","Sukoharjo","33.11.04.1007","Jetis"
"33","Jawa Tengah","33.11","Kabupaten Sukoharjo","33.11.04","Sukoharjo","33.11.04.1008","Combongan"
"33","Jawa Tengah","33.11","Kabupaten Sukoharjo","33.11.04","Sukoharjo","33.11.04.1009","Kriwen"
"33","Jawa Tengah","33.11","Kabupaten Sukoharjo","33.11.04","Sukoharjo","33.11.04.1010","Bulakan"
"33","Jawa Tengah","33.11","Kabupaten Sukoharjo","33.11.04","Sukoharjo","33.11.04.1011","Dukuh"
"33","Jawa Tengah","33.11","Kabupaten Sukoharjo","33.11.04","Sukoharjo","33.11.04.1012","Sukoharjo"
"33","Jawa Tengah","33.11","Kabupaten Sukoharjo","33.11.04","Sukoharjo","33.11.04.1013","Bulakrejo"
"33","Jawa Tengah","33.11","Kabupaten Sukoharjo","33.11.04","Sukoharjo","33.11.04.1014","Sonorejo"
"33","Jawa Tengah","33.11","Kabupaten Sukoharjo","33.11.05","Nguter","33.11.05.2001","Tanjungrejo"
"33","Jawa Tengah","33.11","Kabupaten Sukoharjo","33.11.05","Nguter","33.11.05.2002","Jangglengan"
"33","Jawa Tengah","33.11","Kabupaten Sukoharjo","33.11.05","Nguter","33.11.05.2003","Serut"
"33","Jawa Tengah","33.11","Kabupaten Sukoharjo","33.11.05","Nguter","33.11.05.2004","Juron"
"33","Jawa Tengah","33.11","Kabupaten Sukoharjo","33.11.05","Nguter","33.11.05.2005","Celep"
"33","Jawa Tengah","33.11","Kabupaten Sukoharjo","33.11.05","Nguter","33.11.05.2006","Pengkol"
"33","Jawa Tengah","33.11","Kabupaten Sukoharjo","33.11.05","Nguter","33.11.05.2007","Gupit"
"33","Jawa Tengah","33.11","Kabupaten Sukoharjo","33.11.05","Nguter","33.11.05.2008","Plesan"
"33","Jawa Tengah","33.11","Kabupaten Sukoharjo","33.11.05","Nguter","33.11.05.2009","Kedungwinong"
"33","Jawa Tengah","33.11","Kabupaten Sukoharjo","33.11.05","Nguter","33.11.05.2010","Nguter"
"33","Jawa Tengah","33.11","Kabupaten Sukoharjo","33.11.05","Nguter","33.11.05.2011","Baran"
"33","Jawa Tengah","33.11","Kabupaten Sukoharjo","33.11.05","Nguter","33.11.05.2012","Daleman"
"33","Jawa Tengah","33.11","Kabupaten Sukoharjo","33.11.05","Nguter","33.11.05.2013","Lawu"
"33","Jawa Tengah","33.11","Kabupaten Sukoharjo","33.11.05","Nguter","33.11.05.2014","Tanjung"
"33","Jawa Tengah","33.11","Kabupaten Sukoharjo","33.11.05","Nguter","33.11.05.2015","Pondok"
"33","Jawa Tengah","33.11","Kabupaten Sukoharjo","33.11.05","Nguter","33.11.05.2016","Kepuh"
"33","Jawa Tengah","33.11","Kabupaten Sukoharjo","33.11.06","Bendosari","33.11.06.1001","Jombor"
"33","Jawa Tengah","33.11","Kabupaten Sukoharjo","33.11.06","Bendosari","33.11.06.2002","Toriyo"
"33","Jawa Tengah","33.11","Kabupaten Sukoharjo","33.11.06","Bendosari","33.11.06.2003","Mulur"
"33","Jawa Tengah","33.11","Kabupaten Sukoharjo","33.11.06","Bendosari","33.11.06.2004","Jagan"
"33","Jawa Tengah","33.11","Kabupaten Sukoharjo","33.11.06","Bendosari","33.11.06.2005","Manisharjo"
"33","Jawa Tengah","33.11","Kabupaten Sukoharjo","33.11.06","Bendosari","33.11.06.2006","Cabeyan"
"33","Jawa Tengah","33.11","Kabupaten Sukoharjo","33.11.06","Bendosari","33.11.06.2007","Puhgogor"
"33","Jawa Tengah","33.11","Kabupaten Sukoharjo","33.11.06","Bendosari","33.11.06.2008","Paluhombo"
"33","Jawa Tengah","33.11","Kabupaten Sukoharjo","33.11.06","Bendosari","33.11.06.2009","Bendosari"
"33","Jawa Tengah","33.11","Kabupaten Sukoharjo","33.11.06","Bendosari","33.11.06.2010","Mojorejo"
"33","Jawa Tengah","33.11","Kabupaten Sukoharjo","33.11.06","Bendosari","33.11.06.2011","Mertan"
"33","Jawa Tengah","33.11","Kabupaten Sukoharjo","33.11.06","Bendosari","33.11.06.2012","Sugihan"
"33","Jawa Tengah","33.11","Kabupaten Sukoharjo","33.11.06","Bendosari","33.11.06.2013","Sidorejo"
"33","Jawa Tengah","33.11","Kabupaten Sukoharjo","33.11.06","Bendosari","33.11.06.2014","Gentan"
"33","Jawa Tengah","33.11","Kabupaten Sukoharjo","33.11.07","Polokarto","33.11.07.2001","Pranan"
"33","Jawa Tengah","33.11","Kabupaten Sukoharjo","33.11.07","Polokarto","33.11.07.2002","Karangwuni"
"33","Jawa Tengah","33.11","Kabupaten Sukoharjo","33.11.07","Polokarto","33.11.07.2003","Bugel"
"33","Jawa Tengah","33.11","Kabupaten Sukoharjo","33.11.07","Polokarto","33.11.07.2004","Ngombakan"
"33","Jawa Tengah","33.11","Kabupaten Sukoharjo","33.11.07","Polokarto","33.11.07.2005","Bakalan"
"33","Jawa Tengah","33.11","Kabupaten Sukoharjo","33.11.07","Polokarto","33.11.07.2006","Godog"
"33","Jawa Tengah","33.11","Kabupaten Sukoharjo","33.11.07","Polokarto","33.11.07.2007","Kemasan"
"33","Jawa Tengah","33.11","Kabupaten Sukoharjo","33.11.07","Polokarto","33.11.07.2008","Kenokorejo"
"33","Jawa Tengah","33.11","Kabupaten Sukoharjo","33.11.07","Polokarto","33.11.07.2009","Tepisari"
"33","Jawa Tengah","33.11","Kabupaten Sukoharjo","33.11.07","Polokarto","33.11.07.2010","Bulu"
"33","Jawa Tengah","33.11","Kabupaten Sukoharjo","33.11.07","Polokarto","33.11.07.2011","Rejosari"
"33","Jawa Tengah","33.11","Kabupaten Sukoharjo","33.11.07","Polokarto","33.11.07.2012","Polokarto"
"33","Jawa Tengah","33.11","Kabupaten Sukoharjo","33.11.07","Polokarto","33.11.07.2013","Mranggen"
"33","Jawa Tengah","33.11","Kabupaten Sukoharjo","33.11.07","Polokarto","33.11.07.2014","Wonorejo"
"33","Jawa Tengah","33.11","Kabupaten Sukoharjo","33.11.07","Polokarto","33.11.07.2015","Jatisobo"
"33","Jawa Tengah","33.11","Kabupaten Sukoharjo","33.11.07","Polokarto","33.11.07.2016","Kayuapak"
"33","Jawa Tengah","33.11","Kabupaten Sukoharjo","33.11.07","Polokarto","33.11.07.2017","Genengsari"
"33","Jawa Tengah","33.11","Kabupaten Sukoharjo","33.11.08","Mojolaban","33.11.08.2001","Laban"
"33","Jawa Tengah","33.11","Kabupaten Sukoharjo","33.11.08","Mojolaban","33.11.08.2002","Tegalmade"
"33","Jawa Tengah","33.11","Kabupaten Sukoharjo","33.11.08","Mojolaban","33.11.08.2003","Wirun"
"33","Jawa Tengah","33.11","Kabupaten Sukoharjo","33.11.08","Mojolaban","33.11.08.2004","Bekonang"
"33","Jawa Tengah","33.11","Kabupaten Sukoharjo","33.11.08","Mojolaban","33.11.08.2005","Cangkol"
"33","Jawa Tengah","33.11","Kabupaten Sukoharjo","33.11.08","Mojolaban","33.11.08.2006","Klumprit"
"33","Jawa Tengah","33.11","Kabupaten Sukoharjo","33.11.08","Mojolaban","33.11.08.2007","Kragilan"
"33","Jawa Tengah","33.11","Kabupaten Sukoharjo","33.11.08","Mojolaban","33.11.08.2008","Sapen"
"33","Jawa Tengah","33.11","Kabupaten Sukoharjo","33.11.08","Mojolaban","33.11.08.2009","Joho"
"33","Jawa Tengah","33.11","Kabupaten Sukoharjo","33.11.08","Mojolaban","33.11.08.2010","Demakan"
"33","Jawa Tengah","33.11","Kabupaten Sukoharjo","33.11.08","Mojolaban","33.11.08.2011","Dukuh"
"33","Jawa Tengah","33.11","Kabupaten Sukoharjo","33.11.08","Mojolaban","33.11.08.2012","Plumbon"
"33","Jawa Tengah","33.11","Kabupaten Sukoharjo","33.11.08","Mojolaban","33.11.08.2013","Gadingan"
"33","Jawa Tengah","33.11","Kabupaten Sukoharjo","33.11.08","Mojolaban","33.11.08.2014","Palur"
"33","Jawa Tengah","33.11","Kabupaten Sukoharjo","33.11.08","Mojolaban","33.11.08.2015","Triyagan"
"33","Jawa Tengah","33.11","Kabupaten Sukoharjo","33.11.09","Grogol","33.11.09.2001","Pandeyan"
"33","Jawa Tengah","33.11","Kabupaten Sukoharjo","33.11.09","Grogol","33.11.09.2002","Telukan"
"33","Jawa Tengah","33.11","Kabupaten Sukoharjo","33.11.09","Grogol","33.11.09.2003","Parangjoro"
"33","Jawa Tengah","33.11","Kabupaten Sukoharjo","33.11.09","Grogol","33.11.09.2004","Pondok"
"33","Jawa Tengah","33.11","Kabupaten Sukoharjo","33.11.09","Grogol","33.11.09.2005","Langenharjo"
"33","Jawa Tengah","33.11","Kabupaten Sukoharjo","33.11.09","Grogol","33.11.09.2006","Gedangan"
"33","Jawa Tengah","33.11","Kabupaten Sukoharjo","33.11.09","Grogol","33.11.09.2007","Madegondo"
"33","Jawa Tengah","33.11","Kabupaten Sukoharjo","33.11.09","Grogol","33.11.09.2008","Grogol"
"33","Jawa Tengah","33.11","Kabupaten Sukoharjo","33.11.09","Grogol","33.11.09.2009","Kadokan"
"33","Jawa Tengah","33.11","Kabupaten Sukoharjo","33.11.09","Grogol","33.11.09.2010","Kwarasan"
"33","Jawa Tengah","33.11","Kabupaten Sukoharjo","33.11.09","Grogol","33.11.09.2011","Sanggrahan"
"33","Jawa Tengah","33.11","Kabupaten Sukoharjo","33.11.09","Grogol","33.11.09.2012","Manang"
"33","Jawa Tengah","33.11","Kabupaten Sukoharjo","33.11.09","Grogol","33.11.09.2013","Banaran"
"33","Jawa Tengah","33.11","Kabupaten Sukoharjo","33.11.09","Grogol","33.11.09.2014","Cemani"
"33","Jawa Tengah","33.11","Kabupaten Sukoharjo","33.11.10","Baki","33.11.10.2001","Ngrombo"
"33","Jawa Tengah","33.11","Kabupaten Sukoharjo","33.11.10","Baki","33.11.10.2002","Mancasan"
"33","Jawa Tengah","33.11","Kabupaten Sukoharjo","33.11.10","Baki","33.11.10.2003","Gedongan"
"33","Jawa Tengah","33.11","Kabupaten Sukoharjo","33.11.10","Baki","33.11.10.2004","Jetis"
"33","Jawa Tengah","33.11","Kabupaten Sukoharjo","33.11.10","Baki","33.11.10.2005","Bentakan"
"33","Jawa Tengah","33.11","Kabupaten Sukoharjo","33.11.10","Baki","33.11.10.2006","Kudu"
"33","Jawa Tengah","33.11","Kabupaten Sukoharjo","33.11.10","Baki","33.11.10.2007","Kadilangu"
"33","Jawa Tengah","33.11","Kabupaten Sukoharjo","33.11.10","Baki","33.11.10.2008","Bakipandeyan"
"33","Jawa Tengah","33.11","Kabupaten Sukoharjo","33.11.10","Baki","33.11.10.2009","Menuran"
"33","Jawa Tengah","33.11","Kabupaten Sukoharjo","33.11.10","Baki","33.11.10.2010","Duwet"
"33","Jawa Tengah","33.11","Kabupaten Sukoharjo","33.11.10","Baki","33.11.10.2011","Siwal"
"33","Jawa Tengah","33.11","Kabupaten Sukoharjo","33.11.10","Baki","33.11.10.2012","Waru"
"33","Jawa Tengah","33.11","Kabupaten Sukoharjo","33.11.10","Baki","33.11.10.2013","Gentan"
"33","Jawa Tengah","33.11","Kabupaten Sukoharjo","33.11.10","Baki","33.11.10.2014","Purbayan"
"33","Jawa Tengah","33.11","Kabupaten Sukoharjo","33.11.11","Gatak","33.11.11.2001","Sanggung"
"33","Jawa Tengah","33.11","Kabupaten Sukoharjo","33.11.11","Gatak","33.11.11.2002","Kagokan"
"33","Jawa Tengah","33.11","Kabupaten Sukoharjo","33.11.11","Gatak","33.11.11.2003","Blimbing"
"33","Jawa Tengah","33.11","Kabupaten Sukoharjo","33.11.11","Gatak","33.11.11.2004","Krajan"
"33","Jawa Tengah","33.11","Kabupaten Sukoharjo","33.11.11","Gatak","33.11.11.2005","Geneng"
"33","Jawa Tengah","33.11","Kabupaten Sukoharjo","33.11.11","Gatak","33.11.11.2006","Jati"
"33","Jawa Tengah","33.11","Kabupaten Sukoharjo","33.11.11","Gatak","33.11.11.2007","Trosemi"
"33","Jawa Tengah","33.11","Kabupaten Sukoharjo","33.11.11","Gatak","33.11.11.2008","Luwang"
"33","Jawa Tengah","33.11","Kabupaten Sukoharjo","33.11.11","Gatak","33.11.11.2009","Klaseman"
"33","Jawa Tengah","33.11","Kabupaten Sukoharjo","33.11.11","Gatak","33.11.11.2010","Tempel"
"33","Jawa Tengah","33.11","Kabupaten Sukoharjo","33.11.11","Gatak","33.11.11.2011","Sraten"
"33","Jawa Tengah","33.11","Kabupaten Sukoharjo","33.11.11","Gatak","33.11.11.2012","Wironanggan"
"33","Jawa Tengah","33.11","Kabupaten Sukoharjo","33.11.11","Gatak","33.11.11.2013","Trangsan"
"33","Jawa Tengah","33.11","Kabupaten Sukoharjo","33.11.11","Gatak","33.11.11.2014","Mayang"
"33","Jawa Tengah","33.11","Kabupaten Sukoharjo","33.11.12","Kartasura","33.11.12.1002","Kartasura"
"33","Jawa Tengah","33.11","Kabupaten Sukoharjo","33.11.12","Kartasura","33.11.12.1004","Ngadirejo"
"33","Jawa Tengah","33.11","Kabupaten Sukoharjo","33.11.12","Kartasura","33.11.12.2001","Pucangan"
"33","Jawa Tengah","33.11","Kabupaten Sukoharjo","33.11.12","Kartasura","33.11.12.2003","Ngemplak"
"33","Jawa Tengah","33.11","Kabupaten Sukoharjo","33.11.12","Kartasura","33.11.12.2005","Gumpang"
"33","Jawa Tengah","33.11","Kabupaten Sukoharjo","33.11.12","Kartasura","33.11.12.2006","Makamhaji"
"33","Jawa Tengah","33.11","Kabupaten Sukoharjo","33.11.12","Kartasura","33.11.12.2007","Pabelan"
"33","Jawa Tengah","33.11","Kabupaten Sukoharjo","33.11.12","Kartasura","33.11.12.2008","Gonilan"
"33","Jawa Tengah","33.11","Kabupaten Sukoharjo","33.11.12","Kartasura","33.11.12.2009","Singopuran"
"33","Jawa Tengah","33.11","Kabupaten Sukoharjo","33.11.12","Kartasura","33.11.12.2010","Ngabeyan"
"33","Jawa Tengah","33.11","Kabupaten Sukoharjo","33.11.12","Kartasura","33.11.12.2011","Wirogunan"
"33","Jawa Tengah","33.11","Kabupaten Sukoharjo","33.11.12","Kartasura","33.11.12.2012","Kertonatan"
"33","Jawa Tengah","33.12","Kabupaten Wonogiri","33.12.01","Pracimantoro","33.12.01.1009","Gedong"
"33","Jawa Tengah","33.12","Kabupaten Wonogiri","33.12.01","Pracimantoro","33.12.01.2001","Sumberagung"
"33","Jawa Tengah","33.12","Kabupaten Wonogiri","33.12.01","Pracimantoro","33.12.01.2002","Joho"
"33","Jawa Tengah","33.12","Kabupaten Wonogiri","33.12.01","Pracimantoro","33.12.01.2003","Petirsari"
"33","Jawa Tengah","33.12","Kabupaten Wonogiri","33.12.01","Pracimantoro","33.12.01.2004","Gambirmanis"
"33","Jawa Tengah","33.12","Kabupaten Wonogiri","33.12.01","Pracimantoro","33.12.01.2005","Suci"
"33","Jawa Tengah","33.12","Kabupaten Wonogiri","33.12.01","Pracimantoro","33.12.01.2006","Sambiroto"
"33","Jawa Tengah","33.12","Kabupaten Wonogiri","33.12.01","Pracimantoro","33.12.01.2007","Watangrejo"
"33","Jawa Tengah","33.12","Kabupaten Wonogiri","33.12.01","Pracimantoro","33.12.01.2008","Pracimantoro"
"33","Jawa Tengah","33.12","Kabupaten Wonogiri","33.12.01","Pracimantoro","33.12.01.2010","Sedayu"
"33","Jawa Tengah","33.12","Kabupaten Wonogiri","33.12.01","Pracimantoro","33.12.01.2011","Jimbar"
"33","Jawa Tengah","33.12","Kabupaten Wonogiri","33.12.01","Pracimantoro","33.12.01.2012","Banaran"
"33","Jawa Tengah","33.12","Kabupaten Wonogiri","33.12.01","Pracimantoro","33.12.01.2013","Trukan"
"33","Jawa Tengah","33.12","Kabupaten Wonogiri","33.12.01","Pracimantoro","33.12.01.2014","Tubokarto"
"33","Jawa Tengah","33.12","Kabupaten Wonogiri","33.12.01","Pracimantoro","33.12.01.2015","Lebak"
"33","Jawa Tengah","33.12","Kabupaten Wonogiri","33.12.01","Pracimantoro","33.12.01.2016","Gebangharjo"
"33","Jawa Tengah","33.12","Kabupaten Wonogiri","33.12.01","Pracimantoro","33.12.01.2017","Glinggang"
"33","Jawa Tengah","33.12","Kabupaten Wonogiri","33.12.01","Pracimantoro","33.12.01.2018","Wonodadi"
"33","Jawa Tengah","33.12","Kabupaten Wonogiri","33.12.02","Giritontro","33.12.02.1004","Bayemharjo"
"33","Jawa Tengah","33.12","Kabupaten Wonogiri","33.12.02","Giritontro","33.12.02.1006","Giritontro"
"33","Jawa Tengah","33.12","Kabupaten Wonogiri","33.12.02","Giritontro","33.12.02.2001","Ngargoharjo"
"33","Jawa Tengah","33.12","Kabupaten Wonogiri","33.12.02","Giritontro","33.12.02.2002","Tlogosari"
"33","Jawa Tengah","33.12","Kabupaten Wonogiri","33.12.02","Giritontro","33.12.02.2003","Tlogoharjo"
"33","Jawa Tengah","33.12","Kabupaten Wonogiri","33.12.02","Giritontro","33.12.02.2005","Jatirejo"
"33","Jawa Tengah","33.12","Kabupaten Wonogiri","33.12.02","Giritontro","33.12.02.2007","Pucanganom"
"33","Jawa Tengah","33.12","Kabupaten Wonogiri","33.12.03","Giriwoyo","33.12.03.1002","Girikikis"
"33","Jawa Tengah","33.12","Kabupaten Wonogiri","33.12.03","Giriwoyo","33.12.03.1011","Giriwoyo"
"33","Jawa Tengah","33.12","Kabupaten Wonogiri","33.12.03","Giriwoyo","33.12.03.2001","Tirtosuworo"
"33","Jawa Tengah","33.12","Kabupaten Wonogiri","33.12.03","Giriwoyo","33.12.03.2003","Guwotirto"
"33","Jawa Tengah","33.12","Kabupaten Wonogiri","33.12.03","Giriwoyo","33.12.03.2004","Ngancar"
"33","Jawa Tengah","33.12","Kabupaten Wonogiri","33.12.03","Giriwoyo","33.12.03.2005","Bulurejo"
"33","Jawa Tengah","33.12","Kabupaten Wonogiri","33.12.03","Giriwoyo","33.12.03.2006","Gedongrejo"
"33","Jawa Tengah","33.12","Kabupaten Wonogiri","33.12.03","Giriwoyo","33.12.03.2007","Pidekso"
"33","Jawa Tengah","33.12","Kabupaten Wonogiri","33.12.03","Giriwoyo","33.12.03.2008","Tukulrejo"
"33","Jawa Tengah","33.12","Kabupaten Wonogiri","33.12.03","Giriwoyo","33.12.03.2009","Bumiharjo"
"33","Jawa Tengah","33.12","Kabupaten Wonogiri","33.12.03","Giriwoyo","33.12.03.2010","Selomarto"
"33","Jawa Tengah","33.12","Kabupaten Wonogiri","33.12.03","Giriwoyo","33.12.03.2012","Sejati"
"33","Jawa Tengah","33.12","Kabupaten Wonogiri","33.12.03","Giriwoyo","33.12.03.2013","Sendangagung"
"33","Jawa Tengah","33.12","Kabupaten Wonogiri","33.12.03","Giriwoyo","33.12.03.2014","Platarejo"
"33","Jawa Tengah","33.12","Kabupaten Wonogiri","33.12.03","Giriwoyo","33.12.03.2015","Sirnoboyo"
"33","Jawa Tengah","33.12","Kabupaten Wonogiri","33.12.03","Giriwoyo","33.12.03.2016","Tawangharjo"
"33","Jawa Tengah","33.12","Kabupaten Wonogiri","33.12.04","Batuwarno","33.12.04.1008","Selopuro"
"33","Jawa Tengah","33.12","Kabupaten Wonogiri","33.12.04","Batuwarno","33.12.04.2001","Sendangsari"
"33","Jawa Tengah","33.12","Kabupaten Wonogiri","33.12.04","Batuwarno","33.12.04.2002","Tegiri"
"33","Jawa Tengah","33.12","Kabupaten Wonogiri","33.12.04","Batuwarno","33.12.04.2003","Batuwarno"
"33","Jawa Tengah","33.12","Kabupaten Wonogiri","33.12.04","Batuwarno","33.12.04.2004","Sumberejo"
"33","Jawa Tengah","33.12","Kabupaten Wonogiri","33.12.04","Batuwarno","33.12.04.2005","Ronggojati"
"33","Jawa Tengah","33.12","Kabupaten Wonogiri","33.12.04","Batuwarno","33.12.04.2006","Sumberagung"
"33","Jawa Tengah","33.12","Kabupaten Wonogiri","33.12.04","Batuwarno","33.12.04.2007","Kudi"
"33","Jawa Tengah","33.12","Kabupaten Wonogiri","33.12.05","Tirtomoyo","33.12.05.1010","Tirtomoyo"
"33","Jawa Tengah","33.12","Kabupaten Wonogiri","33.12.05","Tirtomoyo","33.12.05.1012","Ngarjosari"
"33","Jawa Tengah","33.12","Kabupaten Wonogiri","33.12.05","Tirtomoyo","33.12.05.2001","Hargosari"
"33","Jawa Tengah","33.12","Kabupaten Wonogiri","33.12.05","Tirtomoyo","33.12.05.2002","Dlepih"
"33","Jawa Tengah","33.12","Kabupaten Wonogiri","33.12.05","Tirtomoyo","33.12.05.2003","Wiroko"
"33","Jawa Tengah","33.12","Kabupaten Wonogiri","33.12.05","Tirtomoyo","33.12.05.2004","Sukoharjo"
"33","Jawa Tengah","33.12","Kabupaten Wonogiri","33.12.05","Tirtomoyo","33.12.05.2005","Hargorejo"
"33","Jawa Tengah","33.12","Kabupaten Wonogiri","33.12.05","Tirtomoyo","33.12.05.2006","Sidorejo"
"33","Jawa Tengah","33.12","Kabupaten Wonogiri","33.12.05","Tirtomoyo","33.12.05.2007","Genengharjo"
"33","Jawa Tengah","33.12","Kabupaten Wonogiri","33.12.05","Tirtomoyo","33.12.05.2008","Girirejo"
"33","Jawa Tengah","33.12","Kabupaten Wonogiri","33.12.05","Tirtomoyo","33.12.05.2009","Hargantoro"
"33","Jawa Tengah","33.12","Kabupaten Wonogiri","33.12.05","Tirtomoyo","33.12.05.2011","Banyakprodo"
"33","Jawa Tengah","33.12","Kabupaten Wonogiri","33.12.05","Tirtomoyo","33.12.05.2013","Sendangmulyo"
"33","Jawa Tengah","33.12","Kabupaten Wonogiri","33.12.05","Tirtomoyo","33.12.05.2014","Tanjungsari"
"33","Jawa Tengah","33.12","Kabupaten Wonogiri","33.12.06","Nguntoronadi","33.12.06.1004","Kedungrejo"
"33","Jawa Tengah","33.12","Kabupaten Wonogiri","33.12.06","Nguntoronadi","33.12.06.1008","Beji"
"33","Jawa Tengah","33.12","Kabupaten Wonogiri","33.12.06","Nguntoronadi","33.12.06.2001","Wonoharjo"
"33","Jawa Tengah","33.12","Kabupaten Wonogiri","33.12.06","Nguntoronadi","33.12.06.2002","Bulurejo"
"33","Jawa Tengah","33.12","Kabupaten Wonogiri","33.12.06","Nguntoronadi","33.12.06.2003","Kulurejo"
"33","Jawa Tengah","33.12","Kabupaten Wonogiri","33.12.06","Nguntoronadi","33.12.06.2005","Semin"
"33","Jawa Tengah","33.12","Kabupaten Wonogiri","33.12.06","Nguntoronadi","33.12.06.2006","Bumiharjo"
"33","Jawa Tengah","33.12","Kabupaten Wonogiri","33.12.06","Nguntoronadi","33.12.06.2007","Gebang"
"33","Jawa Tengah","33.12","Kabupaten Wonogiri","33.12.06","Nguntoronadi","33.12.06.2009","Pondoksari"
"33","Jawa Tengah","33.12","Kabupaten Wonogiri","33.12.06","Nguntoronadi","33.12.06.2010","Ngadiroyo"
"33","Jawa Tengah","33.12","Kabupaten Wonogiri","33.12.06","Nguntoronadi","33.12.06.2011","Ngadipiro"
"33","Jawa Tengah","33.12","Kabupaten Wonogiri","33.12.07","Baturetno","33.12.07.2001","Glesungrejo"
"33","Jawa Tengah","33.12","Kabupaten Wonogiri","33.12.07","Baturetno","33.12.07.2002","Balepanjang"
"33","Jawa Tengah","33.12","Kabupaten Wonogiri","33.12.07","Baturetno","33.12.07.2003","Watuagung"
"33","Jawa Tengah","33.12","Kabupaten Wonogiri","33.12.07","Baturetno","33.12.07.2004","Belikurip"
"33","Jawa Tengah","33.12","Kabupaten Wonogiri","33.12.07","Baturetno","33.12.07.2005","Baturetno"
"33","Jawa Tengah","33.12","Kabupaten Wonogiri","33.12.07","Baturetno","33.12.07.2006","Gambiranom"
"33","Jawa Tengah","33.12","Kabupaten Wonogiri","33.12.07","Baturetno","33.12.07.2007","Talunombo"
"33","Jawa Tengah","33.12","Kabupaten Wonogiri","33.12.07","Baturetno","33.12.07.2008","Saradan"
"33","Jawa Tengah","33.12","Kabupaten Wonogiri","33.12.07","Baturetno","33.12.07.2009","Temon"
"33","Jawa Tengah","33.12","Kabupaten Wonogiri","33.12.07","Baturetno","33.12.07.2010","Setrorejo"
"33","Jawa Tengah","33.12","Kabupaten Wonogiri","33.12.07","Baturetno","33.12.07.2011","Sendangrejo"
"33","Jawa Tengah","33.12","Kabupaten Wonogiri","33.12.07","Baturetno","33.12.07.2012","Boto"
"33","Jawa Tengah","33.12","Kabupaten Wonogiri","33.12.07","Baturetno","33.12.07.2013","Kedungombo"
"33","Jawa Tengah","33.12","Kabupaten Wonogiri","33.12.08","Eromoko","33.12.08.1003","Puloharjo"
"33","Jawa Tengah","33.12","Kabupaten Wonogiri","33.12.08","Eromoko","33.12.08.1009","Ngadirejo"
"33","Jawa Tengah","33.12","Kabupaten Wonogiri","33.12.08","Eromoko","33.12.08.2001","Basuhan"
"33","Jawa Tengah","33.12","Kabupaten Wonogiri","33.12.08","Eromoko","33.12.08.2002","Pucung"
"33","Jawa Tengah","33.12","Kabupaten Wonogiri","33.12.08","Eromoko","33.12.08.2004","Sindukarto"
"33","Jawa Tengah","33.12","Kabupaten Wonogiri","33.12.08","Eromoko","33.12.08.2005","Panekan"
"33","Jawa Tengah","33.12","Kabupaten Wonogiri","33.12.08","Eromoko","33.12.08.2006","Baleharjo"
"33","Jawa Tengah","33.12","Kabupaten Wonogiri","33.12.08","Eromoko","33.12.08.2007","Sumberharjo"
"33","Jawa Tengah","33.12","Kabupaten Wonogiri","33.12.08","Eromoko","33.12.08.2008","Minggarharjo"
"33","Jawa Tengah","33.12","Kabupaten Wonogiri","33.12.08","Eromoko","33.12.08.2010","Tegalharjo"
"33","Jawa Tengah","33.12","Kabupaten Wonogiri","33.12.08","Eromoko","33.12.08.2011","Eromoko"
"33","Jawa Tengah","33.12","Kabupaten Wonogiri","33.12.08","Eromoko","33.12.08.2012","Ngunggahan"
"33","Jawa Tengah","33.12","Kabupaten Wonogiri","33.12.08","Eromoko","33.12.08.2013","Tempurharjo"
"33","Jawa Tengah","33.12","Kabupaten Wonogiri","33.12.08","Eromoko","33.12.08.2014","Pasekan"
"33","Jawa Tengah","33.12","Kabupaten Wonogiri","33.12.08","Eromoko","33.12.08.2015","Ngandong"
"33","Jawa Tengah","33.12","Kabupaten Wonogiri","33.12.09","Wuryantoro","33.12.09.1003","Mojopuro"
"33","Jawa Tengah","33.12","Kabupaten Wonogiri","33.12.09","Wuryantoro","33.12.09.1007","Wuryantoro"
"33","Jawa Tengah","33.12","Kabupaten Wonogiri","33.12.09","Wuryantoro","33.12.09.2001","Genukharjo"
"33","Jawa Tengah","33.12","Kabupaten Wonogiri","33.12.09","Wuryantoro","33.12.09.2002","Sumberejo"
"33","Jawa Tengah","33.12","Kabupaten Wonogiri","33.12.09","Wuryantoro","33.12.09.2004","Mlopoharjo"
"33","Jawa Tengah","33.12","Kabupaten Wonogiri","33.12.09","Wuryantoro","33.12.09.2005","Pulutan Kulon"
"33","Jawa Tengah","33.12","Kabupaten Wonogiri","33.12.09","Wuryantoro","33.12.09.2006","Pulutan Wetan"
"33","Jawa Tengah","33.12","Kabupaten Wonogiri","33.12.09","Wuryantoro","33.12.09.2008","Gumiwang Lor"
"33","Jawa Tengah","33.12","Kabupaten Wonogiri","33.12.10","Manyaran","33.12.10.1006","Pagutan"
"33","Jawa Tengah","33.12","Kabupaten Wonogiri","33.12.10","Manyaran","33.12.10.1007","Punduhsari"
"33","Jawa Tengah","33.12","Kabupaten Wonogiri","33.12.10","Manyaran","33.12.10.2001","Kepuhsari"
"33","Jawa Tengah","33.12","Kabupaten Wonogiri","33.12.10","Manyaran","33.12.10.2002","Pijiharjo"
"33","Jawa Tengah","33.12","Kabupaten Wonogiri","33.12.10","Manyaran","33.12.10.2003","Bero"
"33","Jawa Tengah","33.12","Kabupaten Wonogiri","33.12.10","Manyaran","33.12.10.2004","Gunungan"
"33","Jawa Tengah","33.12","Kabupaten Wonogiri","33.12.10","Manyaran","33.12.10.2005","Karanglor"
"33","Jawa Tengah","33.12","Kabupaten Wonogiri","33.12.11","Selogiri","33.12.11.1007","Kaliancar"
"33","Jawa Tengah","33.12","Kabupaten Wonogiri","33.12.11","Selogiri","33.12.11.2001","Pare"
"33","Jawa Tengah","33.12","Kabupaten Wonogiri","33.12.11","Selogiri","33.12.11.2002","Keloran"
"33","Jawa Tengah","33.12","Kabupaten Wonogiri","33.12.11","Selogiri","33.12.11.2003","Kepatihan"
"33","Jawa Tengah","33.12","Kabupaten Wonogiri","33.12.11","Selogiri","33.12.11.2004","Pule"
"33","Jawa Tengah","33.12","Kabupaten Wonogiri","33.12.11","Selogiri","33.12.11.2005","Jendi"
"33","Jawa Tengah","33.12","Kabupaten Wonogiri","33.12.11","Selogiri","33.12.11.2006","Singodutan"
"33","Jawa Tengah","33.12","Kabupaten Wonogiri","33.12.11","Selogiri","33.12.11.2008","Gemantar"
"33","Jawa Tengah","33.12","Kabupaten Wonogiri","33.12.11","Selogiri","33.12.11.2009","Jaten"
"33","Jawa Tengah","33.12","Kabupaten Wonogiri","33.12.11","Selogiri","33.12.11.2010","Nambangan"
"33","Jawa Tengah","33.12","Kabupaten Wonogiri","33.12.11","Selogiri","33.12.11.2011","Sendangijo"
"33","Jawa Tengah","33.12","Kabupaten Wonogiri","33.12.12","Wonogiri","33.12.12.1002","Wuryorejo"
"33","Jawa Tengah","33.12","Kabupaten Wonogiri","33.12.12","Wonogiri","33.12.12.1003","Giritirto"
"33","Jawa Tengah","33.12","Kabupaten Wonogiri","33.12.12","Wonogiri","33.12.12.1006","Giripurwo"
"33","Jawa Tengah","33.12","Kabupaten Wonogiri","33.12.12","Wonogiri","33.12.12.1007","Giriwono"
"33","Jawa Tengah","33.12","Kabupaten Wonogiri","33.12.12","Wonogiri","33.12.12.1008","Wonoboyo"
"33","Jawa Tengah","33.12","Kabupaten Wonogiri","33.12.12","Wonogiri","33.12.12.1015","Wonokarto"
"33","Jawa Tengah","33.12","Kabupaten Wonogiri","33.12.12","Wonogiri","33.12.12.2001","Sendang"
"33","Jawa Tengah","33.12","Kabupaten Wonogiri","33.12.12","Wonogiri","33.12.12.2004","Pokohkidul"
"33","Jawa Tengah","33.12","Kabupaten Wonogiri","33.12.12","Wonogiri","33.12.12.2005","Purworejo"
"33","Jawa Tengah","33.12","Kabupaten Wonogiri","33.12.12","Wonogiri","33.12.12.2009","Bulusulur"
"33","Jawa Tengah","33.12","Kabupaten Wonogiri","33.12.12","Wonogiri","33.12.12.2010","Purwosari"
"33","Jawa Tengah","33.12","Kabupaten Wonogiri","33.12.12","Wonogiri","33.12.12.2011","Wonoharjo"
"33","Jawa Tengah","33.12","Kabupaten Wonogiri","33.12.12","Wonogiri","33.12.12.2012","Manjung"
"33","Jawa Tengah","33.12","Kabupaten Wonogiri","33.12.12","Wonogiri","33.12.12.2013","Wonokerto"
"33","Jawa Tengah","33.12","Kabupaten Wonogiri","33.12.12","Wonogiri","33.12.12.2014","Sonoharjo"
"33","Jawa Tengah","33.12","Kabupaten Wonogiri","33.12.13","Ngadirojo","33.12.13.1009","Mlokomanis Kulon"
"33","Jawa Tengah","33.12","Kabupaten Wonogiri","33.12.13","Ngadirojo","33.12.13.1010","Kasihan"
"33","Jawa Tengah","33.12","Kabupaten Wonogiri","33.12.13","Ngadirojo","33.12.13.2001","Gemawang"
"33","Jawa Tengah","33.12","Kabupaten Wonogiri","33.12.13","Ngadirojo","33.12.13.2002","Kerjo Kidul"
"33","Jawa Tengah","33.12","Kabupaten Wonogiri","33.12.13","Ngadirojo","33.12.13.2003","Gedong"
"33","Jawa Tengah","33.12","Kabupaten Wonogiri","33.12.13","Ngadirojo","33.12.13.2004","Pondok"
"33","Jawa Tengah","33.12","Kabupaten Wonogiri","33.12.13","Ngadirojo","33.12.13.2005","Kerjo Lor"
"33","Jawa Tengah","33.12","Kabupaten Wonogiri","33.12.13","Ngadirojo","33.12.13.2006","Ngadirojo Kidul"
"33","Jawa Tengah","33.12","Kabupaten Wonogiri","33.12.13","Ngadirojo","33.12.13.2007","Ngadirojo Lor"
"33","Jawa Tengah","33.12","Kabupaten Wonogiri","33.12.13","Ngadirojo","33.12.13.2008","Mlokomanis Wetan"
"33","Jawa Tengah","33.12","Kabupaten Wonogiri","33.12.13","Ngadirojo","33.12.13.2011","Jatimarto"
"33","Jawa Tengah","33.12","Kabupaten Wonogiri","33.12.14","Sidoharjo","33.12.14.1009","Kayuloko"
"33","Jawa Tengah","33.12","Kabupaten Wonogiri","33.12.14","Sidoharjo","33.12.14.1012","Sidoharjo"
"33","Jawa Tengah","33.12","Kabupaten Wonogiri","33.12.14","Sidoharjo","33.12.14.2001","Sempukerep"
"33","Jawa Tengah","33.12","Kabupaten Wonogiri","33.12.14","Sidoharjo","33.12.14.2002","Sembukan"
"33","Jawa Tengah","33.12","Kabupaten Wonogiri","33.12.14","Sidoharjo","33.12.14.2003","Tempursari"
"33","Jawa Tengah","33.12","Kabupaten Wonogiri","33.12.14","Sidoharjo","33.12.14.2004","Kebonagung"
"33","Jawa Tengah","33.12","Kabupaten Wonogiri","33.12.14","Sidoharjo","33.12.14.2005","Widoro"
"33","Jawa Tengah","33.12","Kabupaten Wonogiri","33.12.14","Sidoharjo","33.12.14.2006","Mojoreno"
"33","Jawa Tengah","33.12","Kabupaten Wonogiri","33.12.14","Sidoharjo","33.12.14.2007","Ngabeyan"
"33","Jawa Tengah","33.12","Kabupaten Wonogiri","33.12.14","Sidoharjo","33.12.14.2008","Kedunggupit"
"33","Jawa Tengah","33.12","Kabupaten Wonogiri","33.12.14","Sidoharjo","33.12.14.2010","Tremes"
"33","Jawa Tengah","33.12","Kabupaten Wonogiri","33.12.14","Sidoharjo","33.12.14.2011","Jatinom"
"33","Jawa Tengah","33.12","Kabupaten Wonogiri","33.12.15","Jatiroto","33.12.15.1009","Sanggrong"
"33","Jawa Tengah","33.12","Kabupaten Wonogiri","33.12.15","Jatiroto","33.12.15.1014","Jatiroto"
"33","Jawa Tengah","33.12","Kabupaten Wonogiri","33.12.15","Jatiroto","33.12.15.2001","Brenggolo"
"33","Jawa Tengah","33.12","Kabupaten Wonogiri","33.12.15","Jatiroto","33.12.15.2002","Boto"
"33","Jawa Tengah","33.12","Kabupaten Wonogiri","33.12.15","Jatiroto","33.12.15.2003","Guno"
"33","Jawa Tengah","33.12","Kabupaten Wonogiri","33.12.15","Jatiroto","33.12.15.2004","Dawungan"
"33","Jawa Tengah","33.12","Kabupaten Wonogiri","33.12.15","Jatiroto","33.12.15.2005","Ngelo"
"33","Jawa Tengah","33.12","Kabupaten Wonogiri","33.12.15","Jatiroto","33.12.15.2006","Pingkuk"
"33","Jawa Tengah","33.12","Kabupaten Wonogiri","33.12.15","Jatiroto","33.12.15.2007","Mojopuro"
"33","Jawa Tengah","33.12","Kabupaten Wonogiri","33.12.15","Jatiroto","33.12.15.2008","Pesido"
"33","Jawa Tengah","33.12","Kabupaten Wonogiri","33.12.15","Jatiroto","33.12.15.2010","Cangkring"
"33","Jawa Tengah","33.12","Kabupaten Wonogiri","33.12.15","Jatiroto","33.12.15.2011","Pengkol"
"33","Jawa Tengah","33.12","Kabupaten Wonogiri","33.12.15","Jatiroto","33.12.15.2012","Sugihan"
"33","Jawa Tengah","33.12","Kabupaten Wonogiri","33.12.15","Jatiroto","33.12.15.2013","Duren"
"33","Jawa Tengah","33.12","Kabupaten Wonogiri","33.12.15","Jatiroto","33.12.15.2015","Jatirejo"
"33","Jawa Tengah","33.12","Kabupaten Wonogiri","33.12.16","Kismantoro","33.12.16.1005","Kismantoro"
"33","Jawa Tengah","33.12","Kabupaten Wonogiri","33.12.16","Kismantoro","33.12.16.1008","Gesing"
"33","Jawa Tengah","33.12","Kabupaten Wonogiri","33.12.16","Kismantoro","33.12.16.2001","Pucung"
"33","Jawa Tengah","33.12","Kabupaten Wonogiri","33.12.16","Kismantoro","33.12.16.2002","Plosorejo"
"33","Jawa Tengah","33.12","Kabupaten Wonogiri","33.12.16","Kismantoro","33.12.16.2003","Bugelan"
"33","Jawa Tengah","33.12","Kabupaten Wonogiri","33.12.16","Kismantoro","33.12.16.2004","Ngroto"
"33","Jawa Tengah","33.12","Kabupaten Wonogiri","33.12.16","Kismantoro","33.12.16.2006","Miri"
"33","Jawa Tengah","33.12","Kabupaten Wonogiri","33.12.16","Kismantoro","33.12.16.2007","Lemahbang"
"33","Jawa Tengah","33.12","Kabupaten Wonogiri","33.12.16","Kismantoro","33.12.16.2009","Gambiranom"
"33","Jawa Tengah","33.12","Kabupaten Wonogiri","33.12.16","Kismantoro","33.12.16.2010","Gedawung"
"33","Jawa Tengah","33.12","Kabupaten Wonogiri","33.12.17","Purwantoro","33.12.17.1002","Tegalrejo"
"33","Jawa Tengah","33.12","Kabupaten Wonogiri","33.12.17","Purwantoro","33.12.17.1007","Purwantoro"
"33","Jawa Tengah","33.12","Kabupaten Wonogiri","33.12.17","Purwantoro","33.12.17.2001","Biting"
"33","Jawa Tengah","33.12","Kabupaten Wonogiri","33.12.17","Purwantoro","33.12.17.2003","Bangsri"
"33","Jawa Tengah","33.12","Kabupaten Wonogiri","33.12.17","Purwantoro","33.12.17.2004","Sumber"
"33","Jawa Tengah","33.12","Kabupaten Wonogiri","33.12.17","Purwantoro","33.12.17.2005","Joho"
"33","Jawa Tengah","33.12","Kabupaten Wonogiri","33.12.17","Purwantoro","33.12.17.2006","Miricinde"
"33","Jawa Tengah","33.12","Kabupaten Wonogiri","33.12.17","Purwantoro","33.12.17.2008","Gondang"
"33","Jawa Tengah","33.12","Kabupaten Wonogiri","33.12.17","Purwantoro","33.12.17.2009","Kepyar"
"33","Jawa Tengah","33.12","Kabupaten Wonogiri","33.12.17","Purwantoro","33.12.17.2010","Bakalan"
"33","Jawa Tengah","33.12","Kabupaten Wonogiri","33.12.17","Purwantoro","33.12.17.2011","Ploso"
"33","Jawa Tengah","33.12","Kabupaten Wonogiri","33.12.17","Purwantoro","33.12.17.2012","Kenteng"
"33","Jawa Tengah","33.12","Kabupaten Wonogiri","33.12.17","Purwantoro","33.12.17.2013","Sendang"
"33","Jawa Tengah","33.12","Kabupaten Wonogiri","33.12.17","Purwantoro","33.12.17.2014","Talesan"
"33","Jawa Tengah","33.12","Kabupaten Wonogiri","33.12.17","Purwantoro","33.12.17.2015","Sukomangu"
"33","Jawa Tengah","33.12","Kabupaten Wonogiri","33.12.18","Bulukerto","33.12.18.1005","Bulukerto"
"33","Jawa Tengah","33.12","Kabupaten Wonogiri","33.12.18","Bulukerto","33.12.18.2001","Domas"
"33","Jawa Tengah","33.12","Kabupaten Wonogiri","33.12.18","Bulukerto","33.12.18.2002","Nadi"
"33","Jawa Tengah","33.12","Kabupaten Wonogiri","33.12.18","Bulukerto","33.12.18.2003","Ngaglik"
"33","Jawa Tengah","33.12","Kabupaten Wonogiri","33.12.18","Bulukerto","33.12.18.2004","Bulurejo"
"33","Jawa Tengah","33.12","Kabupaten Wonogiri","33.12.18","Bulukerto","33.12.18.2006","Krandegan"
"33","Jawa Tengah","33.12","Kabupaten Wonogiri","33.12.18","Bulukerto","33.12.18.2007","Tanjung"
"33","Jawa Tengah","33.12","Kabupaten Wonogiri","33.12.18","Bulukerto","33.12.18.2008","Sugihan"
"33","Jawa Tengah","33.12","Kabupaten Wonogiri","33.12.18","Bulukerto","33.12.18.2009","Conto"
"33","Jawa Tengah","33.12","Kabupaten Wonogiri","33.12.18","Bulukerto","33.12.18.2010","Geneng"
"33","Jawa Tengah","33.12","Kabupaten Wonogiri","33.12.19","Slogohimo","33.12.19.1008","Bulusari"
"33","Jawa Tengah","33.12","Kabupaten Wonogiri","33.12.19","Slogohimo","33.12.19.1014","Karang"
"33","Jawa Tengah","33.12","Kabupaten Wonogiri","33.12.19","Slogohimo","33.12.19.2001","Padarangin"
"33","Jawa Tengah","33.12","Kabupaten Wonogiri","33.12.19","Slogohimo","33.12.19.2002","Watusomo"
"33","Jawa Tengah","33.12","Kabupaten Wonogiri","33.12.19","Slogohimo","33.12.19.2003","Sambirejo"
"33","Jawa Tengah","33.12","Kabupaten Wonogiri","33.12.19","Slogohimo","33.12.19.2004","Pandan"
"33","Jawa Tengah","33.12","Kabupaten Wonogiri","33.12.19","Slogohimo","33.12.19.2005","Made"
"33","Jawa Tengah","33.12","Kabupaten Wonogiri","33.12.19","Slogohimo","33.12.19.2006","Tunggur"
"33","Jawa Tengah","33.12","Kabupaten Wonogiri","33.12.19","Slogohimo","33.12.19.2007","Waru"
"33","Jawa Tengah","33.12","Kabupaten Wonogiri","33.12.19","Slogohimo","33.12.19.2009","Slogohimo"
"33","Jawa Tengah","33.12","Kabupaten Wonogiri","33.12.19","Slogohimo","33.12.19.2010","Soco"
"33","Jawa Tengah","33.12","Kabupaten Wonogiri","33.12.19","Slogohimo","33.12.19.2011","Klunggen"
"33","Jawa Tengah","33.12","Kabupaten Wonogiri","33.12.19","Slogohimo","33.12.19.2012","Sedayu"
"33","Jawa Tengah","33.12","Kabupaten Wonogiri","33.12.19","Slogohimo","33.12.19.2013","Gunan"
"33","Jawa Tengah","33.12","Kabupaten Wonogiri","33.12.19","Slogohimo","33.12.19.2015","Randusari"
"33","Jawa Tengah","33.12","Kabupaten Wonogiri","33.12.19","Slogohimo","33.12.19.2016","Sokoboyo"
"33","Jawa Tengah","33.12","Kabupaten Wonogiri","33.12.19","Slogohimo","33.12.19.2017","Setren"
"33","Jawa Tengah","33.12","Kabupaten Wonogiri","33.12.20","Jatisrono","33.12.20.1009","Pelem"
"33","Jawa Tengah","33.12","Kabupaten Wonogiri","33.12.20","Jatisrono","33.12.20.1012","Tanjungsari"
"33","Jawa Tengah","33.12","Kabupaten Wonogiri","33.12.20","Jatisrono","33.12.20.2001","Tasikhargo"
"33","Jawa Tengah","33.12","Kabupaten Wonogiri","33.12.20","Jatisrono","33.12.20.2002","Sumberejo"
"33","Jawa Tengah","33.12","Kabupaten Wonogiri","33.12.20","Jatisrono","33.12.20.2003","Rejosari"
"33","Jawa Tengah","33.12","Kabupaten Wonogiri","33.12.20","Jatisrono","33.12.20.2004","Gondangsari"
"33","Jawa Tengah","33.12","Kabupaten Wonogiri","33.12.20","Jatisrono","33.12.20.2005","Sidorejo"
"33","Jawa Tengah","33.12","Kabupaten Wonogiri","33.12.20","Jatisrono","33.12.20.2006","Ngrompak"
"33","Jawa Tengah","33.12","Kabupaten Wonogiri","33.12.20","Jatisrono","33.12.20.2007","Semen"
"33","Jawa Tengah","33.12","Kabupaten Wonogiri","33.12.20","Jatisrono","33.12.20.2008","Pule"
"33","Jawa Tengah","33.12","Kabupaten Wonogiri","33.12.20","Jatisrono","33.12.20.2010","Sambirejo"
"33","Jawa Tengah","33.12","Kabupaten Wonogiri","33.12.20","Jatisrono","33.12.20.2011","Tanggulangin"
"33","Jawa Tengah","33.12","Kabupaten Wonogiri","33.12.20","Jatisrono","33.12.20.2013","Gunungsari"
"33","Jawa Tengah","33.12","Kabupaten Wonogiri","33.12.20","Jatisrono","33.12.20.2014","Jatisari"
"33","Jawa Tengah","33.12","Kabupaten Wonogiri","33.12.20","Jatisrono","33.12.20.2015","Jatisrono"
"33","Jawa Tengah","33.12","Kabupaten Wonogiri","33.12.20","Jatisrono","33.12.20.2016","Watangsono"
"33","Jawa Tengah","33.12","Kabupaten Wonogiri","33.12.20","Jatisrono","33.12.20.2017","Pandeyan"
"33","Jawa Tengah","33.12","Kabupaten Wonogiri","33.12.21","Jatipurno","33.12.21.1005","Jatipurno"
"33","Jawa Tengah","33.12","Kabupaten Wonogiri","33.12.21","Jatipurno","33.12.21.1009","Balepanjang"
"33","Jawa Tengah","33.12","Kabupaten Wonogiri","33.12.21","Jatipurno","33.12.21.2001","Giriyoso"
"33","Jawa Tengah","33.12","Kabupaten Wonogiri","33.12.21","Jatipurno","33.12.21.2002","Kopen"
"33","Jawa Tengah","33.12","Kabupaten Wonogiri","33.12.21","Jatipurno","33.12.21.2003","Jatipurwo"
"33","Jawa Tengah","33.12","Kabupaten Wonogiri","33.12.21","Jatipurno","33.12.21.2004","Tawangrejo"
"33","Jawa Tengah","33.12","Kabupaten Wonogiri","33.12.21","Jatipurno","33.12.21.2006","Slogoretno"
"33","Jawa Tengah","33.12","Kabupaten Wonogiri","33.12.21","Jatipurno","33.12.21.2007","Kembang"
"33","Jawa Tengah","33.12","Kabupaten Wonogiri","33.12.21","Jatipurno","33.12.21.2008","Girimulyo"
"33","Jawa Tengah","33.12","Kabupaten Wonogiri","33.12.21","Jatipurno","33.12.21.2010","Jeporo"
"33","Jawa Tengah","33.12","Kabupaten Wonogiri","33.12.21","Jatipurno","33.12.21.2011","Mangunharjo"
"33","Jawa Tengah","33.12","Kabupaten Wonogiri","33.12.22","Girimarto","33.12.22.1003","Sidokarto"
"33","Jawa Tengah","33.12","Kabupaten Wonogiri","33.12.22","Girimarto","33.12.22.1007","Gemawang"
"33","Jawa Tengah","33.12","Kabupaten Wonogiri","33.12.22","Girimarto","33.12.22.2001","Waleng"
"33","Jawa Tengah","33.12","Kabupaten Wonogiri","33.12.22","Girimarto","33.12.22.2002","Doho"
"33","Jawa Tengah","33.12","Kabupaten Wonogiri","33.12.22","Girimarto","33.12.22.2004","Girimarto"
"33","Jawa Tengah","33.12","Kabupaten Wonogiri","33.12.22","Girimarto","33.12.22.2005","Jendi"
"33","Jawa Tengah","33.12","Kabupaten Wonogiri","33.12.22","Girimarto","33.12.22.2006","Nungkulan"
"33","Jawa Tengah","33.12","Kabupaten Wonogiri","33.12.22","Girimarto","33.12.22.2008","Tambakmerang"
"33","Jawa Tengah","33.12","Kabupaten Wonogiri","33.12.22","Girimarto","33.12.22.2009","Jatirejo"
"33","Jawa Tengah","33.12","Kabupaten Wonogiri","33.12.22","Girimarto","33.12.22.2010","Giriwarno"
"33","Jawa Tengah","33.12","Kabupaten Wonogiri","33.12.22","Girimarto","33.12.22.2011","Selorejo"
"33","Jawa Tengah","33.12","Kabupaten Wonogiri","33.12.22","Girimarto","33.12.22.2012","Semagar"
"33","Jawa Tengah","33.12","Kabupaten Wonogiri","33.12.22","Girimarto","33.12.22.2013","Sanan"
"33","Jawa Tengah","33.12","Kabupaten Wonogiri","33.12.22","Girimarto","33.12.22.2014","Bubakan"
"33","Jawa Tengah","33.12","Kabupaten Wonogiri","33.12.23","Karangtengah","33.12.23.2001","Purwoharjo"
"33","Jawa Tengah","33.12","Kabupaten Wonogiri","33.12.23","Karangtengah","33.12.23.2002","Karangtengah"
"33","Jawa Tengah","33.12","Kabupaten Wonogiri","33.12.23","Karangtengah","33.12.23.2003","Ngambarsari"
"33","Jawa Tengah","33.12","Kabupaten Wonogiri","33.12.23","Karangtengah","33.12.23.2004","Jeblogan"
"33","Jawa Tengah","33.12","Kabupaten Wonogiri","33.12.23","Karangtengah","33.12.23.2005","Temboro"
"33","Jawa Tengah","33.12","Kabupaten Wonogiri","33.12.24","Paranggupito","33.12.24.2001","Songbledeg"
"33","Jawa Tengah","33.12","Kabupaten Wonogiri","33.12.24","Paranggupito","33.12.24.2002","Ketos"
"33","Jawa Tengah","33.12","Kabupaten Wonogiri","33.12.24","Paranggupito","33.12.24.2003","Paranggupito"
"33","Jawa Tengah","33.12","Kabupaten Wonogiri","33.12.24","Paranggupito","33.12.24.2004","Gudangharjo"
"33","Jawa Tengah","33.12","Kabupaten Wonogiri","33.12.24","Paranggupito","33.12.24.2005","Gunturharjo"
"33","Jawa Tengah","33.12","Kabupaten Wonogiri","33.12.24","Paranggupito","33.12.24.2006","Sambiharjo"
"33","Jawa Tengah","33.12","Kabupaten Wonogiri","33.12.24","Paranggupito","33.12.24.2007","Johunut"
"33","Jawa Tengah","33.12","Kabupaten Wonogiri","33.12.24","Paranggupito","33.12.24.2008","Gendayakan"
"33","Jawa Tengah","33.12","Kabupaten Wonogiri","33.12.25","Puhpelem","33.12.25.1002","Giriharjo"
"33","Jawa Tengah","33.12","Kabupaten Wonogiri","33.12.25","Puhpelem","33.12.25.2001","Puhpelem"
"33","Jawa Tengah","33.12","Kabupaten Wonogiri","33.12.25","Puhpelem","33.12.25.2003","Nguneng"
"33","Jawa Tengah","33.12","Kabupaten Wonogiri","33.12.25","Puhpelem","33.12.25.2004","Sukorejo"
"33","Jawa Tengah","33.12","Kabupaten Wonogiri","33.12.25","Puhpelem","33.12.25.2005","Tengger"
"33","Jawa Tengah","33.12","Kabupaten Wonogiri","33.12.25","Puhpelem","33.12.25.2006","Golo"
"33","Jawa Tengah","33.13","Kabupaten Karanganyar","33.13.01","Jatipuro","33.13.01.2001","Ngepungsari"
"33","Jawa Tengah","33.13","Kabupaten Karanganyar","33.13.01","Jatipuro","33.13.01.2002","Jatipurwo"
"33","Jawa Tengah","33.13","Kabupaten Karanganyar","33.13.01","Jatipuro","33.13.01.2003","Jatipuro"
"33","Jawa Tengah","33.13","Kabupaten Karanganyar","33.13.01","Jatipuro","33.13.01.2004","Jatisobo"
"33","Jawa Tengah","33.13","Kabupaten Karanganyar","33.13.01","Jatipuro","33.13.01.2005","Jatiwarno"
"33","Jawa Tengah","33.13","Kabupaten Karanganyar","33.13.01","Jatipuro","33.13.01.2006","Jatimulyo"
"33","Jawa Tengah","33.13","Kabupaten Karanganyar","33.13.01","Jatipuro","33.13.01.2007","Jatisuko"
"33","Jawa Tengah","33.13","Kabupaten Karanganyar","33.13.01","Jatipuro","33.13.01.2008","Jatiharjo"
"33","Jawa Tengah","33.13","Kabupaten Karanganyar","33.13.01","Jatipuro","33.13.01.2009","Jatikuwung"
"33","Jawa Tengah","33.13","Kabupaten Karanganyar","33.13.01","Jatipuro","33.13.01.2010","Jatiroyo"
"33","Jawa Tengah","33.13","Kabupaten Karanganyar","33.13.02","Jatiyoso","33.13.02.2001","Jatisawit"
"33","Jawa Tengah","33.13","Kabupaten Karanganyar","33.13.02","Jatiyoso","33.13.02.2002","Petung"
"33","Jawa Tengah","33.13","Kabupaten Karanganyar","33.13.02","Jatiyoso","33.13.02.2003","Wonokeling"
"33","Jawa Tengah","33.13","Kabupaten Karanganyar","33.13.02","Jatiyoso","33.13.02.2004","Jatiyoso"
"33","Jawa Tengah","33.13","Kabupaten Karanganyar","33.13.02","Jatiyoso","33.13.02.2005","Tlobo"
"33","Jawa Tengah","33.13","Kabupaten Karanganyar","33.13.02","Jatiyoso","33.13.02.2006","Wonorejo"
"33","Jawa Tengah","33.13","Kabupaten Karanganyar","33.13.02","Jatiyoso","33.13.02.2007","Beruk"
"33","Jawa Tengah","33.13","Kabupaten Karanganyar","33.13.02","Jatiyoso","33.13.02.2008","Karangsari"
"33","Jawa Tengah","33.13","Kabupaten Karanganyar","33.13.02","Jatiyoso","33.13.02.2009","Wukirsawit"
"33","Jawa Tengah","33.13","Kabupaten Karanganyar","33.13.03","Jumapolo","33.13.03.2001","Paseban"
"33","Jawa Tengah","33.13","Kabupaten Karanganyar","33.13.03","Jumapolo","33.13.03.2002","Lemahbang"
"33","Jawa Tengah","33.13","Kabupaten Karanganyar","33.13.03","Jumapolo","33.13.03.2003","Jatirejo"
"33","Jawa Tengah","33.13","Kabupaten Karanganyar","33.13.03","Jumapolo","33.13.03.2004","Kwangsan"
"33","Jawa Tengah","33.13","Kabupaten Karanganyar","33.13.03","Jumapolo","33.13.03.2005","Karangbangun"
"33","Jawa Tengah","33.13","Kabupaten Karanganyar","33.13.03","Jumapolo","33.13.03.2006","Ploso"
"33","Jawa Tengah","33.13","Kabupaten Karanganyar","33.13.03","Jumapolo","33.13.03.2007","Giriwondo"
"33","Jawa Tengah","33.13","Kabupaten Karanganyar","33.13.03","Jumapolo","33.13.03.2008","Kadipiro"
"33","Jawa Tengah","33.13","Kabupaten Karanganyar","33.13.03","Jumapolo","33.13.03.2009","Jumantoro"
"33","Jawa Tengah","33.13","Kabupaten Karanganyar","33.13.03","Jumapolo","33.13.03.2010","Kedawung"
"33","Jawa Tengah","33.13","Kabupaten Karanganyar","33.13.03","Jumapolo","33.13.03.2011","Jumapolo"
"33","Jawa Tengah","33.13","Kabupaten Karanganyar","33.13.03","Jumapolo","33.13.03.2012","Bakalan"
"33","Jawa Tengah","33.13","Kabupaten Karanganyar","33.13.04","Jumantono","33.13.04.2001","Sedayu"
"33","Jawa Tengah","33.13","Kabupaten Karanganyar","33.13.04","Jumantono","33.13.04.2002","Kebak"
"33","Jawa Tengah","33.13","Kabupaten Karanganyar","33.13.04","Jumantono","33.13.04.2003","Gemantar"
"33","Jawa Tengah","33.13","Kabupaten Karanganyar","33.13.04","Jumantono","33.13.04.2004","Tunggulrejo"
"33","Jawa Tengah","33.13","Kabupaten Karanganyar","33.13.04","Jumantono","33.13.04.2005","Genengan"
"33","Jawa Tengah","33.13","Kabupaten Karanganyar","33.13.04","Jumantono","33.13.04.2006","Ngunut"
"33","Jawa Tengah","33.13","Kabupaten Karanganyar","33.13.04","Jumantono","33.13.04.2007","Tugu"
"33","Jawa Tengah","33.13","Kabupaten Karanganyar","33.13.04","Jumantono","33.13.04.2008","Sukosari"
"33","Jawa Tengah","33.13","Kabupaten Karanganyar","33.13.04","Jumantono","33.13.04.2009","Sambirejo"
"33","Jawa Tengah","33.13","Kabupaten Karanganyar","33.13.04","Jumantono","33.13.04.2010","Blorong"
"33","Jawa Tengah","33.13","Kabupaten Karanganyar","33.13.04","Jumantono","33.13.04.2011","Sringin"
"33","Jawa Tengah","33.13","Kabupaten Karanganyar","33.13.05","Matesih","33.13.05.2001","Ngadiluwih"
"33","Jawa Tengah","33.13","Kabupaten Karanganyar","33.13.05","Matesih","33.13.05.2002","Dawung"
"33","Jawa Tengah","33.13","Kabupaten Karanganyar","33.13.05","Matesih","33.13.05.2003","Matesih"
"33","Jawa Tengah","33.13","Kabupaten Karanganyar","33.13.05","Matesih","33.13.05.2004","Karangbangun"
"33","Jawa Tengah","33.13","Kabupaten Karanganyar","33.13.05","Matesih","33.13.05.2005","Koripan"
"33","Jawa Tengah","33.13","Kabupaten Karanganyar","33.13.05","Matesih","33.13.05.2006","Girilayu"
"33","Jawa Tengah","33.13","Kabupaten Karanganyar","33.13.05","Matesih","33.13.05.2007","Pablengan"
"33","Jawa Tengah","33.13","Kabupaten Karanganyar","33.13.05","Matesih","33.13.05.2008","Plosorejo"
"33","Jawa Tengah","33.13","Kabupaten Karanganyar","33.13.05","Matesih","33.13.05.2009","Gantiwarno"
"33","Jawa Tengah","33.13","Kabupaten Karanganyar","33.13.06","Tawangmangu","33.13.06.1002","Blumbang"
"33","Jawa Tengah","33.13","Kabupaten Karanganyar","33.13.06","Tawangmangu","33.13.06.1003","Kalisoro"
"33","Jawa Tengah","33.13","Kabupaten Karanganyar","33.13.06","Tawangmangu","33.13.06.1004","Tawangmangu"
"33","Jawa Tengah","33.13","Kabupaten Karanganyar","33.13.06","Tawangmangu","33.13.06.2001","Gondosuli"
"33","Jawa Tengah","33.13","Kabupaten Karanganyar","33.13.06","Tawangmangu","33.13.06.2005","Sepanjang"
"33","Jawa Tengah","33.13","Kabupaten Karanganyar","33.13.06","Tawangmangu","33.13.06.2006","Bandardawung"
"33","Jawa Tengah","33.13","Kabupaten Karanganyar","33.13.06","Tawangmangu","33.13.06.2007","Karanglo"
"33","Jawa Tengah","33.13","Kabupaten Karanganyar","33.13.06","Tawangmangu","33.13.06.2008","Nglebak"
"33","Jawa Tengah","33.13","Kabupaten Karanganyar","33.13.06","Tawangmangu","33.13.06.2009","Plumbon"
"33","Jawa Tengah","33.13","Kabupaten Karanganyar","33.13.06","Tawangmangu","33.13.06.2010","Tengklik"
"33","Jawa Tengah","33.13","Kabupaten Karanganyar","33.13.07","Ngargoyoso","33.13.07.2001","Puntukrejo"
"33","Jawa Tengah","33.13","Kabupaten Karanganyar","33.13.07","Ngargoyoso","33.13.07.2002","Berjo"
"33","Jawa Tengah","33.13","Kabupaten Karanganyar","33.13.07","Ngargoyoso","33.13.07.2003","Girimulyo"
"33","Jawa Tengah","33.13","Kabupaten Karanganyar","33.13.07","Ngargoyoso","33.13.07.2004","Segorogunung"
"33","Jawa Tengah","33.13","Kabupaten Karanganyar","33.13.07","Ngargoyoso","33.13.07.2005","Kemuning"
"33","Jawa Tengah","33.13","Kabupaten Karanganyar","33.13.07","Ngargoyoso","33.13.07.2006","Nglegok"
"33","Jawa Tengah","33.13","Kabupaten Karanganyar","33.13.07","Ngargoyoso","33.13.07.2007","Dukuh"
"33","Jawa Tengah","33.13","Kabupaten Karanganyar","33.13.07","Ngargoyoso","33.13.07.2008","Jatirejo"
"33","Jawa Tengah","33.13","Kabupaten Karanganyar","33.13.07","Ngargoyoso","33.13.07.2009","Ngargoyoso"
"33","Jawa Tengah","33.13","Kabupaten Karanganyar","33.13.08","Karangpandan","33.13.08.2001","Bangsri"
"33","Jawa Tengah","33.13","Kabupaten Karanganyar","33.13.08","Karangpandan","33.13.08.2002","Ngemplak"
"33","Jawa Tengah","33.13","Kabupaten Karanganyar","33.13.08","Karangpandan","33.13.08.2003","Doplang"
"33","Jawa Tengah","33.13","Kabupaten Karanganyar","33.13.08","Karangpandan","33.13.08.2004","Gerdu"
"33","Jawa Tengah","33.13","Kabupaten Karanganyar","33.13.08","Karangpandan","33.13.08.2005","Karang"
"33","Jawa Tengah","33.13","Kabupaten Karanganyar","33.13.08","Karangpandan","33.13.08.2006","Salam"
"33","Jawa Tengah","33.13","Kabupaten Karanganyar","33.13.08","Karangpandan","33.13.08.2007","Karangpandan"
"33","Jawa Tengah","33.13","Kabupaten Karanganyar","33.13.08","Karangpandan","33.13.08.2008","Tohkuning"
"33","Jawa Tengah","33.13","Kabupaten Karanganyar","33.13.08","Karangpandan","33.13.08.2009","Gondangmanis"
"33","Jawa Tengah","33.13","Kabupaten Karanganyar","33.13.08","Karangpandan","33.13.08.2010","Dayu"
"33","Jawa Tengah","33.13","Kabupaten Karanganyar","33.13.08","Karangpandan","33.13.08.2011","Harjosari"
"33","Jawa Tengah","33.13","Kabupaten Karanganyar","33.13.09","Karanganyar","33.13.09.1001","Lalung"
"33","Jawa Tengah","33.13","Kabupaten Karanganyar","33.13.09","Karanganyar","33.13.09.1002","Bolong"
"33","Jawa Tengah","33.13","Kabupaten Karanganyar","33.13.09","Karanganyar","33.13.09.1003","Jantiharjo"
"33","Jawa Tengah","33.13","Kabupaten Karanganyar","33.13.09","Karanganyar","33.13.09.1004","Tegalgede"
"33","Jawa Tengah","33.13","Kabupaten Karanganyar","33.13.09","Karanganyar","33.13.09.1005","Jungke"
"33","Jawa Tengah","33.13","Kabupaten Karanganyar","33.13.09","Karanganyar","33.13.09.1006","Cangakan"
"33","Jawa Tengah","33.13","Kabupaten Karanganyar","33.13.09","Karanganyar","33.13.09.1007","Karanganyar"
"33","Jawa Tengah","33.13","Kabupaten Karanganyar","33.13.09","Karanganyar","33.13.09.1008","Bejen"
"33","Jawa Tengah","33.13","Kabupaten Karanganyar","33.13.09","Karanganyar","33.13.09.1009","Popongan"
"33","Jawa Tengah","33.13","Kabupaten Karanganyar","33.13.09","Karanganyar","33.13.09.1010","Gayamdompo"
"33","Jawa Tengah","33.13","Kabupaten Karanganyar","33.13.09","Karanganyar","33.13.09.1011","Delingan"
"33","Jawa Tengah","33.13","Kabupaten Karanganyar","33.13.09","Karanganyar","33.13.09.1012","Gedong"
"33","Jawa Tengah","33.13","Kabupaten Karanganyar","33.13.10","Tasikmadu","33.13.10.2001","Buran"
"33","Jawa Tengah","33.13","Kabupaten Karanganyar","33.13.10","Tasikmadu","33.13.10.2002","Papahan"
"33","Jawa Tengah","33.13","Kabupaten Karanganyar","33.13.10","Tasikmadu","33.13.10.2003","Ngijo"
"33","Jawa Tengah","33.13","Kabupaten Karanganyar","33.13.10","Tasikmadu","33.13.10.2004","Gaum"
"33","Jawa Tengah","33.13","Kabupaten Karanganyar","33.13.10","Tasikmadu","33.13.10.2005","Suruh"
"33","Jawa Tengah","33.13","Kabupaten Karanganyar","33.13.10","Tasikmadu","33.13.10.2006","Pandeyan"
"33","Jawa Tengah","33.13","Kabupaten Karanganyar","33.13.10","Tasikmadu","33.13.10.2007","Karangmojo"
"33","Jawa Tengah","33.13","Kabupaten Karanganyar","33.13.10","Tasikmadu","33.13.10.2008","Kaling"
"33","Jawa Tengah","33.13","Kabupaten Karanganyar","33.13.10","Tasikmadu","33.13.10.2009","Wonolopo"
"33","Jawa Tengah","33.13","Kabupaten Karanganyar","33.13.10","Tasikmadu","33.13.10.2010","Kalijirak"
"33","Jawa Tengah","33.13","Kabupaten Karanganyar","33.13.11","Jaten","33.13.11.2001","Suruhkalang"
"33","Jawa Tengah","33.13","Kabupaten Karanganyar","33.13.11","Jaten","33.13.11.2002","Jati"
"33","Jawa Tengah","33.13","Kabupaten Karanganyar","33.13.11","Jaten","33.13.11.2003","Jaten"
"33","Jawa Tengah","33.13","Kabupaten Karanganyar","33.13.11","Jaten","33.13.11.2004","Dagen"
"33","Jawa Tengah","33.13","Kabupaten Karanganyar","33.13.11","Jaten","33.13.11.2005","Ngringo"
"33","Jawa Tengah","33.13","Kabupaten Karanganyar","33.13.11","Jaten","33.13.11.2006","Jetis"
"33","Jawa Tengah","33.13","Kabupaten Karanganyar","33.13.11","Jaten","33.13.11.2007","Sroyo"
"33","Jawa Tengah","33.13","Kabupaten Karanganyar","33.13.11","Jaten","33.13.11.2008","Brujul"
"33","Jawa Tengah","33.13","Kabupaten Karanganyar","33.13.12","Colomadu","33.13.12.2001","Ngasem"
"33","Jawa Tengah","33.13","Kabupaten Karanganyar","33.13.12","Colomadu","33.13.12.2002","Bolon"
"33","Jawa Tengah","33.13","Kabupaten Karanganyar","33.13.12","Colomadu","33.13.12.2003","Malangjiwan"
"33","Jawa Tengah","33.13","Kabupaten Karanganyar","33.13.12","Colomadu","33.13.12.2004","Paulan"
"33","Jawa Tengah","33.13","Kabupaten Karanganyar","33.13.12","Colomadu","33.13.12.2005","Gajahan"
"33","Jawa Tengah","33.13","Kabupaten Karanganyar","33.13.12","Colomadu","33.13.12.2006","Blulukan"
"33","Jawa Tengah","33.13","Kabupaten Karanganyar","33.13.12","Colomadu","33.13.12.2007","Gawanan"
"33","Jawa Tengah","33.13","Kabupaten Karanganyar","33.13.12","Colomadu","33.13.12.2008","Gedongan"
"33","Jawa Tengah","33.13","Kabupaten Karanganyar","33.13.12","Colomadu","33.13.12.2009","Tohudan"
"33","Jawa Tengah","33.13","Kabupaten Karanganyar","33.13.12","Colomadu","33.13.12.2010","Baturan"
"33","Jawa Tengah","33.13","Kabupaten Karanganyar","33.13.12","Colomadu","33.13.12.2011","Klodran"
"33","Jawa Tengah","33.13","Kabupaten Karanganyar","33.13.13","Gondangrejo","33.13.13.2001","Wonorejo"
"33","Jawa Tengah","33.13","Kabupaten Karanganyar","33.13.13","Gondangrejo","33.13.13.2002","Plesungan"
"33","Jawa Tengah","33.13","Kabupaten Karanganyar","33.13.13","Gondangrejo","33.13.13.2003","Jatikuwung"
"33","Jawa Tengah","33.13","Kabupaten Karanganyar","33.13.13","Gondangrejo","33.13.13.2004","Selokaton"
"33","Jawa Tengah","33.13","Kabupaten Karanganyar","33.13.13","Gondangrejo","33.13.13.2005","Bulurejo"
"33","Jawa Tengah","33.13","Kabupaten Karanganyar","33.13.13","Gondangrejo","33.13.13.2006","Rejosari"
"33","Jawa Tengah","33.13","Kabupaten Karanganyar","33.13.13","Gondangrejo","33.13.13.2007","Jeruksawit"
"33","Jawa Tengah","33.13","Kabupaten Karanganyar","33.13.13","Gondangrejo","33.13.13.2008","Karangturi"
"33","Jawa Tengah","33.13","Kabupaten Karanganyar","33.13.13","Gondangrejo","33.13.13.2009","Kragan"
"33","Jawa Tengah","33.13","Kabupaten Karanganyar","33.13.13","Gondangrejo","33.13.13.2010","Wonosari"
"33","Jawa Tengah","33.13","Kabupaten Karanganyar","33.13.13","Gondangrejo","33.13.13.2011","Dayu"
"33","Jawa Tengah","33.13","Kabupaten Karanganyar","33.13.13","Gondangrejo","33.13.13.2012","Tuban"
"33","Jawa Tengah","33.13","Kabupaten Karanganyar","33.13.13","Gondangrejo","33.13.13.2013","Krendowahono"
"33","Jawa Tengah","33.13","Kabupaten Karanganyar","33.13.14","Kebakkramat","33.13.14.2001","Banjarharjo"
"33","Jawa Tengah","33.13","Kabupaten Karanganyar","33.13.14","Kebakkramat","33.13.14.2002","Alastuwo"
"33","Jawa Tengah","33.13","Kabupaten Karanganyar","33.13.14","Kebakkramat","33.13.14.2003","Macanan"
"33","Jawa Tengah","33.13","Kabupaten Karanganyar","33.13.14","Kebakkramat","33.13.14.2004","Nangsri"
"33","Jawa Tengah","33.13","Kabupaten Karanganyar","33.13.14","Kebakkramat","33.13.14.2005","Kemiri"
"33","Jawa Tengah","33.13","Kabupaten Karanganyar","33.13.14","Kebakkramat","33.13.14.2006","Kebak"
"33","Jawa Tengah","33.13","Kabupaten Karanganyar","33.13.14","Kebakkramat","33.13.14.2007","Waru"
"33","Jawa Tengah","33.13","Kabupaten Karanganyar","33.13.14","Kebakkramat","33.13.14.2008","Pulosari"
"33","Jawa Tengah","33.13","Kabupaten Karanganyar","33.13.14","Kebakkramat","33.13.14.2009","Malanggaten"
"33","Jawa Tengah","33.13","Kabupaten Karanganyar","33.13.14","Kebakkramat","33.13.14.2010","Kaliwuluh"
"33","Jawa Tengah","33.13","Kabupaten Karanganyar","33.13.15","Mojogedang","33.13.15.2001","Sewurejo"
"33","Jawa Tengah","33.13","Kabupaten Karanganyar","33.13.15","Mojogedang","33.13.15.2002","Ngadirejo"
"33","Jawa Tengah","33.13","Kabupaten Karanganyar","33.13.15","Mojogedang","33.13.15.2003","Mojogedang"
"33","Jawa Tengah","33.13","Kabupaten Karanganyar","33.13.15","Mojogedang","33.13.15.2004","Pojok"
"33","Jawa Tengah","33.13","Kabupaten Karanganyar","33.13.15","Mojogedang","33.13.15.2005","Mojoroto"
"33","Jawa Tengah","33.13","Kabupaten Karanganyar","33.13.15","Mojogedang","33.13.15.2006","Kaliboto"
"33","Jawa Tengah","33.13","Kabupaten Karanganyar","33.13.15","Mojogedang","33.13.15.2007","Buntar"
"33","Jawa Tengah","33.13","Kabupaten Karanganyar","33.13.15","Mojogedang","33.13.15.2008","Gebyog"
"33","Jawa Tengah","33.13","Kabupaten Karanganyar","33.13.15","Mojogedang","33.13.15.2009","Gentungan"
"33","Jawa Tengah","33.13","Kabupaten Karanganyar","33.13.15","Mojogedang","33.13.15.2010","Pendem"
"33","Jawa Tengah","33.13","Kabupaten Karanganyar","33.13.15","Mojogedang","33.13.15.2011","Pereng"
"33","Jawa Tengah","33.13","Kabupaten Karanganyar","33.13.15","Mojogedang","33.13.15.2012","Munggur"
"33","Jawa Tengah","33.13","Kabupaten Karanganyar","33.13.15","Mojogedang","33.13.15.2013","Kedungjeruk"
"33","Jawa Tengah","33.13","Kabupaten Karanganyar","33.13.16","Kerjo","33.13.16.2001","Kuto"
"33","Jawa Tengah","33.13","Kabupaten Karanganyar","33.13.16","Kerjo","33.13.16.2002","Tamansari"
"33","Jawa Tengah","33.13","Kabupaten Karanganyar","33.13.16","Kerjo","33.13.16.2003","Ganten"
"33","Jawa Tengah","33.13","Kabupaten Karanganyar","33.13.16","Kerjo","33.13.16.2004","Gempolan"
"33","Jawa Tengah","33.13","Kabupaten Karanganyar","33.13.16","Kerjo","33.13.16.2005","Plosorejo"
"33","Jawa Tengah","33.13","Kabupaten Karanganyar","33.13.16","Kerjo","33.13.16.2006","Karangrejo"
"33","Jawa Tengah","33.13","Kabupaten Karanganyar","33.13.16","Kerjo","33.13.16.2007","Kwadungan"
"33","Jawa Tengah","33.13","Kabupaten Karanganyar","33.13.16","Kerjo","33.13.16.2008","Botok"
"33","Jawa Tengah","33.13","Kabupaten Karanganyar","33.13.16","Kerjo","33.13.16.2009","Sumberejo"
"33","Jawa Tengah","33.13","Kabupaten Karanganyar","33.13.16","Kerjo","33.13.16.2010","Tawangsari"
"33","Jawa Tengah","33.13","Kabupaten Karanganyar","33.13.17","Jenawi","33.13.17.2001","Gumeng"
"33","Jawa Tengah","33.13","Kabupaten Karanganyar","33.13.17","Jenawi","33.13.17.2002","Anggrasmanis"
"33","Jawa Tengah","33.13","Kabupaten Karanganyar","33.13.17","Jenawi","33.13.17.2003","Jenawi"
"33","Jawa Tengah","33.13","Kabupaten Karanganyar","33.13.17","Jenawi","33.13.17.2004","Trengguli"
"33","Jawa Tengah","33.13","Kabupaten Karanganyar","33.13.17","Jenawi","33.13.17.2005","Sidomukti"
"33","Jawa Tengah","33.13","Kabupaten Karanganyar","33.13.17","Jenawi","33.13.17.2006","Balong"
"33","Jawa Tengah","33.13","Kabupaten Karanganyar","33.13.17","Jenawi","33.13.17.2007","Seloromo"
"33","Jawa Tengah","33.13","Kabupaten Karanganyar","33.13.17","Jenawi","33.13.17.2008","Menjing"
"33","Jawa Tengah","33.13","Kabupaten Karanganyar","33.13.17","Jenawi","33.13.17.2009","Lempong"
"33","Jawa Tengah","33.14","Kabupaten Sragen","33.14.01","Kalijambe","33.14.01.2001","Keden"
"33","Jawa Tengah","33.14","Kabupaten Sragen","33.14.01","Kalijambe","33.14.01.2002","Trobayan"
"33","Jawa Tengah","33.14","Kabupaten Sragen","33.14.01","Kalijambe","33.14.01.2003","Kalimacan"
"33","Jawa Tengah","33.14","Kabupaten Sragen","33.14.01","Kalijambe","33.14.01.2004","Jetiskarangpung"
"33","Jawa Tengah","33.14","Kabupaten Sragen","33.14.01","Kalijambe","33.14.01.2005","Krikilan"
"33","Jawa Tengah","33.14","Kabupaten Sragen","33.14.01","Kalijambe","33.14.01.2006","Bukuran"
"33","Jawa Tengah","33.14","Kabupaten Sragen","33.14.01","Kalijambe","33.14.01.2007","Ngebung"
"33","Jawa Tengah","33.14","Kabupaten Sragen","33.14.01","Kalijambe","33.14.01.2008","Tegalombo"
"33","Jawa Tengah","33.14","Kabupaten Sragen","33.14.01","Kalijambe","33.14.01.2009","Banaran"
"33","Jawa Tengah","33.14","Kabupaten Sragen","33.14.01","Kalijambe","33.14.01.2010","Karangjati"
"33","Jawa Tengah","33.14","Kabupaten Sragen","33.14.01","Kalijambe","33.14.01.2011","Saren"
"33","Jawa Tengah","33.14","Kabupaten Sragen","33.14.01","Kalijambe","33.14.01.2012","Sambirembe"
"33","Jawa Tengah","33.14","Kabupaten Sragen","33.14.01","Kalijambe","33.14.01.2013","Donoyudan"
"33","Jawa Tengah","33.14","Kabupaten Sragen","33.14.01","Kalijambe","33.14.01.2014","Wonorejo"
"33","Jawa Tengah","33.14","Kabupaten Sragen","33.14.02","Plupuh","33.14.02.2001","Karangwaru"
"33","Jawa Tengah","33.14","Kabupaten Sragen","33.14.02","Plupuh","33.14.02.2002","Ngrombo"
"33","Jawa Tengah","33.14","Kabupaten Sragen","33.14.02","Plupuh","33.14.02.2003","Sambirejo"
"33","Jawa Tengah","33.14","Kabupaten Sragen","33.14.02","Plupuh","33.14.02.2004","Somomorodukuh"
"33","Jawa Tengah","33.14","Kabupaten Sragen","33.14.02","Plupuh","33.14.02.2005","Cangkol"
"33","Jawa Tengah","33.14","Kabupaten Sragen","33.14.02","Plupuh","33.14.02.2006","Manyarejo"
"33","Jawa Tengah","33.14","Kabupaten Sragen","33.14.02","Plupuh","33.14.02.2007","Pungsari"
"33","Jawa Tengah","33.14","Kabupaten Sragen","33.14.02","Plupuh","33.14.02.2008","Jembangan"
"33","Jawa Tengah","33.14","Kabupaten Sragen","33.14.02","Plupuh","33.14.02.2009","Sidokerto"
"33","Jawa Tengah","33.14","Kabupaten Sragen","33.14.02","Plupuh","33.14.02.2010","Jabung"
"33","Jawa Tengah","33.14","Kabupaten Sragen","33.14.02","Plupuh","33.14.02.2011","Gedongan"
"33","Jawa Tengah","33.14","Kabupaten Sragen","33.14.02","Plupuh","33.14.02.2012","Plupuh"
"33","Jawa Tengah","33.14","Kabupaten Sragen","33.14.02","Plupuh","33.14.02.2013","Dari"
"33","Jawa Tengah","33.14","Kabupaten Sragen","33.14.02","Plupuh","33.14.02.2014","Karanganyar"
"33","Jawa Tengah","33.14","Kabupaten Sragen","33.14.02","Plupuh","33.14.02.2015","Karungan"
"33","Jawa Tengah","33.14","Kabupaten Sragen","33.14.02","Plupuh","33.14.02.2016","Gentanbanaran"
"33","Jawa Tengah","33.14","Kabupaten Sragen","33.14.03","Masaran","33.14.03.2001","Sidodadi"
"33","Jawa Tengah","33.14","Kabupaten Sragen","33.14.03","Masaran","33.14.03.2002","Karangmalang"
"33","Jawa Tengah","33.14","Kabupaten Sragen","33.14.03","Masaran","33.14.03.2003","Krebet"
"33","Jawa Tengah","33.14","Kabupaten Sragen","33.14.03","Masaran","33.14.03.2004","Sepat"
"33","Jawa Tengah","33.14","Kabupaten Sragen","33.14.03","Masaran","33.14.03.2005","Jirapan"
"33","Jawa Tengah","33.14","Kabupaten Sragen","33.14.03","Masaran","33.14.03.2006","Gebang"
"33","Jawa Tengah","33.14","Kabupaten Sragen","33.14.03","Masaran","33.14.03.2007","Dawungan"
"33","Jawa Tengah","33.14","Kabupaten Sragen","33.14.03","Masaran","33.14.03.2008","Masaran"
"33","Jawa Tengah","33.14","Kabupaten Sragen","33.14.03","Masaran","33.14.03.2009","Jati"
"33","Jawa Tengah","33.14","Kabupaten Sragen","33.14.03","Masaran","33.14.03.2010","Kliwonan"
"33","Jawa Tengah","33.14","Kabupaten Sragen","33.14.03","Masaran","33.14.03.2011","Pilang"
"33","Jawa Tengah","33.14","Kabupaten Sragen","33.14.03","Masaran","33.14.03.2012","Pringanom"
"33","Jawa Tengah","33.14","Kabupaten Sragen","33.14.03","Masaran","33.14.03.2013","Krikilan"
"33","Jawa Tengah","33.14","Kabupaten Sragen","33.14.04","Kedawung","33.14.04.2001","Pengkok"
"33","Jawa Tengah","33.14","Kabupaten Sragen","33.14.04","Kedawung","33.14.04.2002","Celep"
"33","Jawa Tengah","33.14","Kabupaten Sragen","33.14.04","Kedawung","33.14.04.2003","Karangpelem"
"33","Jawa Tengah","33.14","Kabupaten Sragen","33.14.04","Kedawung","33.14.04.2004","Mojodoyong"
"33","Jawa Tengah","33.14","Kabupaten Sragen","33.14.04","Kedawung","33.14.04.2005","Jenggrik"
"33","Jawa Tengah","33.14","Kabupaten Sragen","33.14.04","Kedawung","33.14.04.2006","Mojokerto"
"33","Jawa Tengah","33.14","Kabupaten Sragen","33.14.04","Kedawung","33.14.04.2007","Wonorejo"
"33","Jawa Tengah","33.14","Kabupaten Sragen","33.14.04","Kedawung","33.14.04.2008","Wonokerso"
"33","Jawa Tengah","33.14","Kabupaten Sragen","33.14.04","Kedawung","33.14.04.2009","Kedawung"
"33","Jawa Tengah","33.14","Kabupaten Sragen","33.14.04","Kedawung","33.14.04.2010","Bendungan"
"33","Jawa Tengah","33.14","Kabupaten Sragen","33.14.05","Sambirejo","33.14.05.2001","Sukorejo"
"33","Jawa Tengah","33.14","Kabupaten Sragen","33.14.05","Sambirejo","33.14.05.2002","Jambeyan"
"33","Jawa Tengah","33.14","Kabupaten Sragen","33.14.05","Sambirejo","33.14.05.2003","Jetis"
"33","Jawa Tengah","33.14","Kabupaten Sragen","33.14.05","Sambirejo","33.14.05.2004","Musuk"
"33","Jawa Tengah","33.14","Kabupaten Sragen","33.14.05","Sambirejo","33.14.05.2005","Kadipiro"
"33","Jawa Tengah","33.14","Kabupaten Sragen","33.14.05","Sambirejo","33.14.05.2006","Sambirejo"
"33","Jawa Tengah","33.14","Kabupaten Sragen","33.14.05","Sambirejo","33.14.05.2007","Blimbing"
"33","Jawa Tengah","33.14","Kabupaten Sragen","33.14.05","Sambirejo","33.14.05.2008","Dawung"
"33","Jawa Tengah","33.14","Kabupaten Sragen","33.14.05","Sambirejo","33.14.05.2009","Sambi"
"33","Jawa Tengah","33.14","Kabupaten Sragen","33.14.06","Gondang","33.14.06.2001","Srimulyo"
"33","Jawa Tengah","33.14","Kabupaten Sragen","33.14.06","Gondang","33.14.06.2002","Tegalrejo"
"33","Jawa Tengah","33.14","Kabupaten Sragen","33.14.06","Gondang","33.14.06.2003","Tunggul"
"33","Jawa Tengah","33.14","Kabupaten Sragen","33.14.06","Gondang","33.14.06.2004","Glonggong"
"33","Jawa Tengah","33.14","Kabupaten Sragen","33.14.06","Gondang","33.14.06.2005","Kaliwedi"
"33","Jawa Tengah","33.14","Kabupaten Sragen","33.14.06","Gondang","33.14.06.2006","Wonotolo"
"33","Jawa Tengah","33.14","Kabupaten Sragen","33.14.06","Gondang","33.14.06.2007","Plosorejo"
"33","Jawa Tengah","33.14","Kabupaten Sragen","33.14.06","Gondang","33.14.06.2008","Gondang"
"33","Jawa Tengah","33.14","Kabupaten Sragen","33.14.06","Gondang","33.14.06.2009","Bumiaji"
"33","Jawa Tengah","33.14","Kabupaten Sragen","33.14.07","Sambungmacan","33.14.07.2001","Plumbon"
"33","Jawa Tengah","33.14","Kabupaten Sragen","33.14.07","Sambungmacan","33.14.07.2002","Karanganyar"
"33","Jawa Tengah","33.14","Kabupaten Sragen","33.14.07","Sambungmacan","33.14.07.2003","Cemeng"
"33","Jawa Tengah","33.14","Kabupaten Sragen","33.14.07","Sambungmacan","33.14.07.2004","Bedoro"
"33","Jawa Tengah","33.14","Kabupaten Sragen","33.14.07","Sambungmacan","33.14.07.2005","Toyogo"
"33","Jawa Tengah","33.14","Kabupaten Sragen","33.14.07","Sambungmacan","33.14.07.2006","Banyurip"
"33","Jawa Tengah","33.14","Kabupaten Sragen","33.14.07","Sambungmacan","33.14.07.2007","Gringging"
"33","Jawa Tengah","33.14","Kabupaten Sragen","33.14.07","Sambungmacan","33.14.07.2008","Banaran"
"33","Jawa Tengah","33.14","Kabupaten Sragen","33.14.07","Sambungmacan","33.14.07.2009","Sambungmacan"
"33","Jawa Tengah","33.14","Kabupaten Sragen","33.14.08","Ngrampal","33.14.08.2001","Ngarum"
"33","Jawa Tengah","33.14","Kabupaten Sragen","33.14.08","Ngrampal","33.14.08.2002","Bener"
"33","Jawa Tengah","33.14","Kabupaten Sragen","33.14.08","Ngrampal","33.14.08.2003","Pilangsari"
"33","Jawa Tengah","33.14","Kabupaten Sragen","33.14.08","Ngrampal","33.14.08.2004","Bandung"
"33","Jawa Tengah","33.14","Kabupaten Sragen","33.14.08","Ngrampal","33.14.08.2005","Kebonromo"
"33","Jawa Tengah","33.14","Kabupaten Sragen","33.14.08","Ngrampal","33.14.08.2006","Gabus"
"33","Jawa Tengah","33.14","Kabupaten Sragen","33.14.08","Ngrampal","33.14.08.2007","Karangudi"
"33","Jawa Tengah","33.14","Kabupaten Sragen","33.14.08","Ngrampal","33.14.08.2008","Klandungan"
"33","Jawa Tengah","33.14","Kabupaten Sragen","33.14.09","Karangmalang","33.14.09.1009","Plumbungan"
"33","Jawa Tengah","33.14","Kabupaten Sragen","33.14.09","Karangmalang","33.14.09.1010","Kroyo"
"33","Jawa Tengah","33.14","Kabupaten Sragen","33.14.09","Karangmalang","33.14.09.2001","Kedungwaduk"
"33","Jawa Tengah","33.14","Kabupaten Sragen","33.14.09","Karangmalang","33.14.09.2002","Jurangjero"
"33","Jawa Tengah","33.14","Kabupaten Sragen","33.14.09","Karangmalang","33.14.09.2003","Saradan"
"33","Jawa Tengah","33.14","Kabupaten Sragen","33.14.09","Karangmalang","33.14.09.2004","Plosokerep"
"33","Jawa Tengah","33.14","Kabupaten Sragen","33.14.09","Karangmalang","33.14.09.2005","Guworejo"
"33","Jawa Tengah","33.14","Kabupaten Sragen","33.14.09","Karangmalang","33.14.09.2006","Puro"
"33","Jawa Tengah","33.14","Kabupaten Sragen","33.14.09","Karangmalang","33.14.09.2007","Mojorejo"
"33","Jawa Tengah","33.14","Kabupaten Sragen","33.14.09","Karangmalang","33.14.09.2008","Pelemgadung"
"33","Jawa Tengah","33.14","Kabupaten Sragen","33.14.10","Sragen","33.14.10.1001","Sine"
"33","Jawa Tengah","33.14","Kabupaten Sragen","33.14.10","Sragen","33.14.10.1002","Sragen Kulon"
"33","Jawa Tengah","33.14","Kabupaten Sragen","33.14.10","Sragen","33.14.10.1003","Sragen Tengah"
"33","Jawa Tengah","33.14","Kabupaten Sragen","33.14.10","Sragen","33.14.10.1004","Sragen Wetan"
"33","Jawa Tengah","33.14","Kabupaten Sragen","33.14.10","Sragen","33.14.10.1005","Nglorog"
"33","Jawa Tengah","33.14","Kabupaten Sragen","33.14.10","Sragen","33.14.10.1006","Karang Tengah"
"33","Jawa Tengah","33.14","Kabupaten Sragen","33.14.10","Sragen","33.14.10.2007","Tangkil"
"33","Jawa Tengah","33.14","Kabupaten Sragen","33.14.10","Sragen","33.14.10.2008","Kedungupit"
"33","Jawa Tengah","33.14","Kabupaten Sragen","33.14.11","Sidoharjo","33.14.11.2001","Bentak"
"33","Jawa Tengah","33.14","Kabupaten Sragen","33.14.11","Sidoharjo","33.14.11.2002","Purwosuman"
"33","Jawa Tengah","33.14","Kabupaten Sragen","33.14.11","Sidoharjo","33.14.11.2003","Patihan"
"33","Jawa Tengah","33.14","Kabupaten Sragen","33.14.11","Sidoharjo","33.14.11.2004","Duyungan"
"33","Jawa Tengah","33.14","Kabupaten Sragen","33.14.11","Sidoharjo","33.14.11.2005","Jetak"
"33","Jawa Tengah","33.14","Kabupaten Sragen","33.14.11","Sidoharjo","33.14.11.2006","Sidoharjo"
"33","Jawa Tengah","33.14","Kabupaten Sragen","33.14.11","Sidoharjo","33.14.11.2007","Singopadu"
"33","Jawa Tengah","33.14","Kabupaten Sragen","33.14.11","Sidoharjo","33.14.11.2008","Taraman"
"33","Jawa Tengah","33.14","Kabupaten Sragen","33.14.11","Sidoharjo","33.14.11.2009","Tenggak"
"33","Jawa Tengah","33.14","Kabupaten Sragen","33.14.11","Sidoharjo","33.14.11.2010","Sribit"
"33","Jawa Tengah","33.14","Kabupaten Sragen","33.14.11","Sidoharjo","33.14.11.2011","Jambanan"
"33","Jawa Tengah","33.14","Kabupaten Sragen","33.14.11","Sidoharjo","33.14.11.2012","Pandak"
"33","Jawa Tengah","33.14","Kabupaten Sragen","33.14.12","Tanon","33.14.12.2001","Karangasem"
"33","Jawa Tengah","33.14","Kabupaten Sragen","33.14.12","Tanon","33.14.12.2002","Slogo"
"33","Jawa Tengah","33.14","Kabupaten Sragen","33.14.12","Tanon","33.14.12.2003","Jono"
"33","Jawa Tengah","33.14","Kabupaten Sragen","33.14.12","Tanon","33.14.12.2004","Gawan"
"33","Jawa Tengah","33.14","Kabupaten Sragen","33.14.12","Tanon","33.14.12.2005","Kecik"
"33","Jawa Tengah","33.14","Kabupaten Sragen","33.14.12","Tanon","33.14.12.2006","Pengkol"
"33","Jawa Tengah","33.14","Kabupaten Sragen","33.14.12","Tanon","33.14.12.2007","Suwatu"
"33","Jawa Tengah","33.14","Kabupaten Sragen","33.14.12","Tanon","33.14.12.2008","Ketro"
"33","Jawa Tengah","33.14","Kabupaten Sragen","33.14.12","Tanon","33.14.12.2009","Padas"
"33","Jawa Tengah","33.14","Kabupaten Sragen","33.14.12","Tanon","33.14.12.2010","Tanon"
"33","Jawa Tengah","33.14","Kabupaten Sragen","33.14.12","Tanon","33.14.12.2011","Gabugan"
"33","Jawa Tengah","33.14","Kabupaten Sragen","33.14.12","Tanon","33.14.12.2012","Sambiduwur"
"33","Jawa Tengah","33.14","Kabupaten Sragen","33.14.12","Tanon","33.14.12.2013","Karangtalun"
"33","Jawa Tengah","33.14","Kabupaten Sragen","33.14.12","Tanon","33.14.12.2014","Bonagung"
"33","Jawa Tengah","33.14","Kabupaten Sragen","33.14.12","Tanon","33.14.12.2015","Kalikobok"
"33","Jawa Tengah","33.14","Kabupaten Sragen","33.14.12","Tanon","33.14.12.2016","Gading"
"33","Jawa Tengah","33.14","Kabupaten Sragen","33.14.13","Gemolong","33.14.13.1002","Ngembatpadas"
"33","Jawa Tengah","33.14","Kabupaten Sragen","33.14.13","Gemolong","33.14.13.1003","Kragilan"
"33","Jawa Tengah","33.14","Kabupaten Sragen","33.14.13","Gemolong","33.14.13.1009","Gemolong"
"33","Jawa Tengah","33.14","Kabupaten Sragen","33.14.13","Gemolong","33.14.13.1010","Kwangen"
"33","Jawa Tengah","33.14","Kabupaten Sragen","33.14.13","Gemolong","33.14.13.2001","Kaloran"
"33","Jawa Tengah","33.14","Kabupaten Sragen","33.14.13","Gemolong","33.14.13.2004","Brangkal"
"33","Jawa Tengah","33.14","Kabupaten Sragen","33.14.13","Gemolong","33.14.13.2005","Jatibatur"
"33","Jawa Tengah","33.14","Kabupaten Sragen","33.14.13","Gemolong","33.14.13.2006","Peleman"
"33","Jawa Tengah","33.14","Kabupaten Sragen","33.14.13","Gemolong","33.14.13.2007","Genengduwur"
"33","Jawa Tengah","33.14","Kabupaten Sragen","33.14.13","Gemolong","33.14.13.2008","Tegaldowo"
"33","Jawa Tengah","33.14","Kabupaten Sragen","33.14.13","Gemolong","33.14.13.2011","Purworejo"
"33","Jawa Tengah","33.14","Kabupaten Sragen","33.14.13","Gemolong","33.14.13.2012","Jenalas"
"33","Jawa Tengah","33.14","Kabupaten Sragen","33.14.13","Gemolong","33.14.13.2013","Kalangan"
"33","Jawa Tengah","33.14","Kabupaten Sragen","33.14.13","Gemolong","33.14.13.2014","Nganti"
"33","Jawa Tengah","33.14","Kabupaten Sragen","33.14.14","Miri","33.14.14.2001","Geneng"
"33","Jawa Tengah","33.14","Kabupaten Sragen","33.14.14","Miri","33.14.14.2002","Jeruk"
"33","Jawa Tengah","33.14","Kabupaten Sragen","33.14.14","Miri","33.14.14.2003","Sunggingan"
"33","Jawa Tengah","33.14","Kabupaten Sragen","33.14.14","Miri","33.14.14.2004","Girimargo"
"33","Jawa Tengah","33.14","Kabupaten Sragen","33.14.14","Miri","33.14.14.2005","Doyong"
"33","Jawa Tengah","33.14","Kabupaten Sragen","33.14.14","Miri","33.14.14.2006","Soko"
"33","Jawa Tengah","33.14","Kabupaten Sragen","33.14.14","Miri","33.14.14.2007","Brojol"
"33","Jawa Tengah","33.14","Kabupaten Sragen","33.14.14","Miri","33.14.14.2008","Bagor"
"33","Jawa Tengah","33.14","Kabupaten Sragen","33.14.14","Miri","33.14.14.2009","Gilirejo"
"33","Jawa Tengah","33.14","Kabupaten Sragen","33.14.14","Miri","33.14.14.2010","Gilirejo Baru"
"33","Jawa Tengah","33.14","Kabupaten Sragen","33.14.15","Sumberlawang","33.14.15.2001","Pendem"
"33","Jawa Tengah","33.14","Kabupaten Sragen","33.14.15","Sumberlawang","33.14.15.2002","Hadiluwih"
"33","Jawa Tengah","33.14","Kabupaten Sragen","33.14.15","Sumberlawang","33.14.15.2003","Jati"
"33","Jawa Tengah","33.14","Kabupaten Sragen","33.14.15","Sumberlawang","33.14.15.2004","Cepoko"
"33","Jawa Tengah","33.14","Kabupaten Sragen","33.14.15","Sumberlawang","33.14.15.2005","Mojopuro"
"33","Jawa Tengah","33.14","Kabupaten Sragen","33.14.15","Sumberlawang","33.14.15.2006","Ngandul"
"33","Jawa Tengah","33.14","Kabupaten Sragen","33.14.15","Sumberlawang","33.14.15.2007","Kacangan"
"33","Jawa Tengah","33.14","Kabupaten Sragen","33.14.15","Sumberlawang","33.14.15.2008","Pagak"
"33","Jawa Tengah","33.14","Kabupaten Sragen","33.14.15","Sumberlawang","33.14.15.2009","Tlogotirto"
"33","Jawa Tengah","33.14","Kabupaten Sragen","33.14.15","Sumberlawang","33.14.15.2010","Ngargosari"
"33","Jawa Tengah","33.14","Kabupaten Sragen","33.14.15","Sumberlawang","33.14.15.2011","Ngargotirto"
"33","Jawa Tengah","33.14","Kabupaten Sragen","33.14.16","Mondokan","33.14.16.2001","Sono"
"33","Jawa Tengah","33.14","Kabupaten Sragen","33.14.16","Mondokan","33.14.16.2002","Tempelrejo"
"33","Jawa Tengah","33.14","Kabupaten Sragen","33.14.16","Mondokan","33.14.16.2003","Trombol"
"33","Jawa Tengah","33.14","Kabupaten Sragen","33.14.16","Mondokan","33.14.16.2004","Pare"
"33","Jawa Tengah","33.14","Kabupaten Sragen","33.14.16","Mondokan","33.14.16.2005","Jekani"
"33","Jawa Tengah","33.14","Kabupaten Sragen","33.14.16","Mondokan","33.14.16.2006","Kedawung"
"33","Jawa Tengah","33.14","Kabupaten Sragen","33.14.16","Mondokan","33.14.16.2007","Jambangan"
"33","Jawa Tengah","33.14","Kabupaten Sragen","33.14.16","Mondokan","33.14.16.2008","Gemantar"
"33","Jawa Tengah","33.14","Kabupaten Sragen","33.14.16","Mondokan","33.14.16.2009","Sumberejo"
"33","Jawa Tengah","33.14","Kabupaten Sragen","33.14.17","Sukodono","33.14.17.2001","Newung"
"33","Jawa Tengah","33.14","Kabupaten Sragen","33.14.17","Sukodono","33.14.17.2002","Jatitengah"
"33","Jawa Tengah","33.14","Kabupaten Sragen","33.14.17","Sukodono","33.14.17.2003","Bendo"
"33","Jawa Tengah","33.14","Kabupaten Sragen","33.14.17","Sukodono","33.14.17.2004","Juwok"
"33","Jawa Tengah","33.14","Kabupaten Sragen","33.14.17","Sukodono","33.14.17.2005","Pantirejo"
"33","Jawa Tengah","33.14","Kabupaten Sragen","33.14.17","Sukodono","33.14.17.2006","Majenang"
"33","Jawa Tengah","33.14","Kabupaten Sragen","33.14.17","Sukodono","33.14.17.2007","Karanganom"
"33","Jawa Tengah","33.14","Kabupaten Sragen","33.14.17","Sukodono","33.14.17.2008","Gebang"
"33","Jawa Tengah","33.14","Kabupaten Sragen","33.14.17","Sukodono","33.14.17.2009","Baleharjo"
"33","Jawa Tengah","33.14","Kabupaten Sragen","33.14.18","Gesi","33.14.18.2001","Tanggan"
"33","Jawa Tengah","33.14","Kabupaten Sragen","33.14.18","Gesi","33.14.18.2002","Pilangsari"
"33","Jawa Tengah","33.14","Kabupaten Sragen","33.14.18","Gesi","33.14.18.2003","Blangu"
"33","Jawa Tengah","33.14","Kabupaten Sragen","33.14.18","Gesi","33.14.18.2004","Gesi"
"33","Jawa Tengah","33.14","Kabupaten Sragen","33.14.18","Gesi","33.14.18.2005","Srawung"
"33","Jawa Tengah","33.14","Kabupaten Sragen","33.14.18","Gesi","33.14.18.2006","Poleng"
"33","Jawa Tengah","33.14","Kabupaten Sragen","33.14.18","Gesi","33.14.18.2007","Slendro"
"33","Jawa Tengah","33.14","Kabupaten Sragen","33.14.19","Tangen","33.14.19.2001","Katelan"
"33","Jawa Tengah","33.14","Kabupaten Sragen","33.14.19","Tangen","33.14.19.2002","Dukuh"
"33","Jawa Tengah","33.14","Kabupaten Sragen","33.14.19","Tangen","33.14.19.2003","Jekawal"
"33","Jawa Tengah","33.14","Kabupaten Sragen","33.14.19","Tangen","33.14.19.2004","Galeh"
"33","Jawa Tengah","33.14","Kabupaten Sragen","33.14.19","Tangen","33.14.19.2005","Ngrombo"
"33","Jawa Tengah","33.14","Kabupaten Sragen","33.14.19","Tangen","33.14.19.2006","Sigit"
"33","Jawa Tengah","33.14","Kabupaten Sragen","33.14.19","Tangen","33.14.19.2007","Denanyar"
"33","Jawa Tengah","33.14","Kabupaten Sragen","33.14.20","Jenar","33.14.20.2001","Japoh"
"33","Jawa Tengah","33.14","Kabupaten Sragen","33.14.20","Jenar","33.14.20.2002","Ngepringan"
"33","Jawa Tengah","33.14","Kabupaten Sragen","33.14.20","Jenar","33.14.20.2003","Mlale"
"33","Jawa Tengah","33.14","Kabupaten Sragen","33.14.20","Jenar","33.14.20.2004","Dawung"
"33","Jawa Tengah","33.14","Kabupaten Sragen","33.14.20","Jenar","33.14.20.2005","Kandangsapi"
"33","Jawa Tengah","33.14","Kabupaten Sragen","33.14.20","Jenar","33.14.20.2006","Jenar"
"33","Jawa Tengah","33.14","Kabupaten Sragen","33.14.20","Jenar","33.14.20.2007","Banyurip"
"33","Jawa Tengah","33.15","Kabupaten Grobogan","33.15.01","Kedungjati","33.15.01.2001","Karanglangu"
"33","Jawa Tengah","33.15","Kabupaten Grobogan","33.15.01","Kedungjati","33.15.01.2002","Panimbo"
"33","Jawa Tengah","33.15","Kabupaten Grobogan","33.15.01","Kedungjati","33.15.01.2003","Deras"
"33","Jawa Tengah","33.15","Kabupaten Grobogan","33.15.01","Kedungjati","33.15.01.2004","Kentengsari"
"33","Jawa Tengah","33.15","Kabupaten Grobogan","33.15.01","Kedungjati","33.15.01.2005","Ngombak"
"33","Jawa Tengah","33.15","Kabupaten Grobogan","33.15.01","Kedungjati","33.15.01.2006","Prigi"
"33","Jawa Tengah","33.15","Kabupaten Grobogan","33.15.01","Kedungjati","33.15.01.2007","Kedungjati"
"33","Jawa Tengah","33.15","Kabupaten Grobogan","33.15.01","Kedungjati","33.15.01.2008","Klitikan"
"33","Jawa Tengah","33.15","Kabupaten Grobogan","33.15.01","Kedungjati","33.15.01.2009","Padas"
"33","Jawa Tengah","33.15","Kabupaten Grobogan","33.15.01","Kedungjati","33.15.01.2010","Kalimaro"
"33","Jawa Tengah","33.15","Kabupaten Grobogan","33.15.01","Kedungjati","33.15.01.2011","Jumo"
"33","Jawa Tengah","33.15","Kabupaten Grobogan","33.15.01","Kedungjati","33.15.01.2012","Wates"
"33","Jawa Tengah","33.15","Kabupaten Grobogan","33.15.02","Karangrayung","33.15.02.2001","Nampu"
"33","Jawa Tengah","33.15","Kabupaten Grobogan","33.15.02","Karangrayung","33.15.02.2002","Karangsono"
"33","Jawa Tengah","33.15","Kabupaten Grobogan","33.15.02","Karangrayung","33.15.02.2003","Jetis"
"33","Jawa Tengah","33.15","Kabupaten Grobogan","33.15.02","Karangrayung","33.15.02.2004","Parakan"
"33","Jawa Tengah","33.15","Kabupaten Grobogan","33.15.02","Karangrayung","33.15.02.2005","Telawah"
"33","Jawa Tengah","33.15","Kabupaten Grobogan","33.15.02","Karangrayung","33.15.02.2006","Cekel"
"33","Jawa Tengah","33.15","Kabupaten Grobogan","33.15.02","Karangrayung","33.15.02.2007","Karanganyar"
"33","Jawa Tengah","33.15","Kabupaten Grobogan","33.15.02","Karangrayung","33.15.02.2008","Sendangharjo"
"33","Jawa Tengah","33.15","Kabupaten Grobogan","33.15.02","Karangrayung","33.15.02.2009","Mangin"
"33","Jawa Tengah","33.15","Kabupaten Grobogan","33.15.02","Karangrayung","33.15.02.2010","Sumberjosari"
"33","Jawa Tengah","33.15","Kabupaten Grobogan","33.15.02","Karangrayung","33.15.02.2011","Ketro"
"33","Jawa Tengah","33.15","Kabupaten Grobogan","33.15.02","Karangrayung","33.15.02.2012","Gunungtumpeng"
"33","Jawa Tengah","33.15","Kabupaten Grobogan","33.15.02","Karangrayung","33.15.02.2013","Temurejo"
"33","Jawa Tengah","33.15","Kabupaten Grobogan","33.15.02","Karangrayung","33.15.02.2014","Putatnganten"
"33","Jawa Tengah","33.15","Kabupaten Grobogan","33.15.02","Karangrayung","33.15.02.2015","Termas"
"33","Jawa Tengah","33.15","Kabupaten Grobogan","33.15.02","Karangrayung","33.15.02.2016","Dempel"
"33","Jawa Tengah","33.15","Kabupaten Grobogan","33.15.02","Karangrayung","33.15.02.2017","Rawoh"
"33","Jawa Tengah","33.15","Kabupaten Grobogan","33.15.02","Karangrayung","33.15.02.2018","Pangkalan"
"33","Jawa Tengah","33.15","Kabupaten Grobogan","33.15.02","Karangrayung","33.15.02.2019","Mojoagung"
"33","Jawa Tengah","33.15","Kabupaten Grobogan","33.15.03","Penawangan","33.15.03.2001","Lajer"
"33","Jawa Tengah","33.15","Kabupaten Grobogan","33.15.03","Penawangan","33.15.03.2002","Sedadi"
"33","Jawa Tengah","33.15","Kabupaten Grobogan","33.15.03","Penawangan","33.15.03.2003","Bologarang"
"33","Jawa Tengah","33.15","Kabupaten Grobogan","33.15.03","Penawangan","33.15.03.2004","Karangwader"
"33","Jawa Tengah","33.15","Kabupaten Grobogan","33.15.03","Penawangan","33.15.03.2005","Toko"
"33","Jawa Tengah","33.15","Kabupaten Grobogan","33.15.03","Penawangan","33.15.03.2006","Pengkol"
"33","Jawa Tengah","33.15","Kabupaten Grobogan","33.15.03","Penawangan","33.15.03.2007","Leyangan"
"33","Jawa Tengah","33.15","Kabupaten Grobogan","33.15.03","Penawangan","33.15.03.2008","Watupawon"
"33","Jawa Tengah","33.15","Kabupaten Grobogan","33.15.03","Penawangan","33.15.03.2009","Tunggu"
"33","Jawa Tengah","33.15","Kabupaten Grobogan","33.15.03","Penawangan","33.15.03.2010","Jipang"
"33","Jawa Tengah","33.15","Kabupaten Grobogan","33.15.03","Penawangan","33.15.03.2011","Kramat"
"33","Jawa Tengah","33.15","Kabupaten Grobogan","33.15.03","Penawangan","33.15.03.2012","Curut"
"33","Jawa Tengah","33.15","Kabupaten Grobogan","33.15.03","Penawangan","33.15.03.2013","Wedoro"
"33","Jawa Tengah","33.15","Kabupaten Grobogan","33.15.03","Penawangan","33.15.03.2014","Kluwan"
"33","Jawa Tengah","33.15","Kabupaten Grobogan","33.15.03","Penawangan","33.15.03.2015","Karangpahing"
"33","Jawa Tengah","33.15","Kabupaten Grobogan","33.15.03","Penawangan","33.15.03.2016","Pulutan"
"33","Jawa Tengah","33.15","Kabupaten Grobogan","33.15.03","Penawangan","33.15.03.2017","Winong"
"33","Jawa Tengah","33.15","Kabupaten Grobogan","33.15.03","Penawangan","33.15.03.2018","Wolo"
"33","Jawa Tengah","33.15","Kabupaten Grobogan","33.15.03","Penawangan","33.15.03.2019","Ngeluk"
"33","Jawa Tengah","33.15","Kabupaten Grobogan","33.15.03","Penawangan","33.15.03.2020","Penawangan"
"33","Jawa Tengah","33.15","Kabupaten Grobogan","33.15.04","Toroh","33.15.04.2001","Ngrandah"
"33","Jawa Tengah","33.15","Kabupaten Grobogan","33.15.04","Toroh","33.15.04.2002","Kenteng"
"33","Jawa Tengah","33.15","Kabupaten Grobogan","33.15.04","Toroh","33.15.04.2003","Genengsari"
"33","Jawa Tengah","33.15","Kabupaten Grobogan","33.15.04","Toroh","33.15.04.2004","Bandungharjo"
"33","Jawa Tengah","33.15","Kabupaten Grobogan","33.15.04","Toroh","33.15.04.2005","Sindurejo"
"33","Jawa Tengah","33.15","Kabupaten Grobogan","33.15.04","Toroh","33.15.04.2006","Genengadal"
"33","Jawa Tengah","33.15","Kabupaten Grobogan","33.15.04","Toroh","33.15.04.2007","Dimoro"
"33","Jawa Tengah","33.15","Kabupaten Grobogan","33.15.04","Toroh","33.15.04.2008","Katong"
"33","Jawa Tengah","33.15","Kabupaten Grobogan","33.15.04","Toroh","33.15.04.2009","Pilangpayung"
"33","Jawa Tengah","33.15","Kabupaten Grobogan","33.15.04","Toroh","33.15.04.2010","Sugihan"
"33","Jawa Tengah","33.15","Kabupaten Grobogan","33.15.04","Toroh","33.15.04.2011","Krangganharjo"
"33","Jawa Tengah","33.15","Kabupaten Grobogan","33.15.04","Toroh","33.15.04.2012","Depok"
"33","Jawa Tengah","33.15","Kabupaten Grobogan","33.15.04","Toroh","33.15.04.2013","Tambirejo"
"33","Jawa Tengah","33.15","Kabupaten Grobogan","33.15.04","Toroh","33.15.04.2014","Plosoharjo"
"33","Jawa Tengah","33.15","Kabupaten Grobogan","33.15.04","Toroh","33.15.04.2015","Boloh"
"33","Jawa Tengah","33.15","Kabupaten Grobogan","33.15.04","Toroh","33.15.04.2016","Tunggak"
"33","Jawa Tengah","33.15","Kabupaten Grobogan","33.15.05","Geyer","33.15.05.2001","Rambat"
"33","Jawa Tengah","33.15","Kabupaten Grobogan","33.15.05","Geyer","33.15.05.2002","Kalangbancar"
"33","Jawa Tengah","33.15","Kabupaten Grobogan","33.15.05","Geyer","33.15.05.2003","Juworo"
"33","Jawa Tengah","33.15","Kabupaten Grobogan","33.15.05","Geyer","33.15.05.2004","Monggot"
"33","Jawa Tengah","33.15","Kabupaten Grobogan","33.15.05","Geyer","33.15.05.2005","Ngrandu"
"33","Jawa Tengah","33.15","Kabupaten Grobogan","33.15.05","Geyer","33.15.05.2006","Bangsri"
"33","Jawa Tengah","33.15","Kabupaten Grobogan","33.15.05","Geyer","33.15.05.2007","Karanganyar"
"33","Jawa Tengah","33.15","Kabupaten Grobogan","33.15.05","Geyer","33.15.05.2008","Asemrudung"
"33","Jawa Tengah","33.15","Kabupaten Grobogan","33.15.05","Geyer","33.15.05.2009","Jambangan"
"33","Jawa Tengah","33.15","Kabupaten Grobogan","33.15.05","Geyer","33.15.05.2010","Geyer"
"33","Jawa Tengah","33.15","Kabupaten Grobogan","33.15.05","Geyer","33.15.05.2011","Ledokdawan"
"33","Jawa Tengah","33.15","Kabupaten Grobogan","33.15.05","Geyer","33.15.05.2012","Sobo"
"33","Jawa Tengah","33.15","Kabupaten Grobogan","33.15.05","Geyer","33.15.05.2013","Suru"
"33","Jawa Tengah","33.15","Kabupaten Grobogan","33.15.06","Pulokulon","33.15.06.2001","Randurejo"
"33","Jawa Tengah","33.15","Kabupaten Grobogan","33.15.06","Pulokulon","33.15.06.2002","Mlowokarangtalun"
"33","Jawa Tengah","33.15","Kabupaten Grobogan","33.15.06","Pulokulon","33.15.06.2003","Pojok"
"33","Jawa Tengah","33.15","Kabupaten Grobogan","33.15.06","Pulokulon","33.15.06.2004","Jatiharjo"
"33","Jawa Tengah","33.15","Kabupaten Grobogan","33.15.06","Pulokulon","33.15.06.2005","Sidorejo"
"33","Jawa Tengah","33.15","Kabupaten Grobogan","33.15.06","Pulokulon","33.15.06.2006","Tuko"
"33","Jawa Tengah","33.15","Kabupaten Grobogan","33.15.06","Pulokulon","33.15.06.2007","Panunggalan"
"33","Jawa Tengah","33.15","Kabupaten Grobogan","33.15.06","Pulokulon","33.15.06.2008","Mangunrejo"
"33","Jawa Tengah","33.15","Kabupaten Grobogan","33.15.06","Pulokulon","33.15.06.2009","Jetaksari"
"33","Jawa Tengah","33.15","Kabupaten Grobogan","33.15.06","Pulokulon","33.15.06.2010","Pulokulon"
"33","Jawa Tengah","33.15","Kabupaten Grobogan","33.15.06","Pulokulon","33.15.06.2011","Jambon"
"33","Jawa Tengah","33.15","Kabupaten Grobogan","33.15.06","Pulokulon","33.15.06.2012","Karangharjo"
"33","Jawa Tengah","33.15","Kabupaten Grobogan","33.15.06","Pulokulon","33.15.06.2013","Sembungharjo"
"33","Jawa Tengah","33.15","Kabupaten Grobogan","33.15.07","Kradenan","33.15.07.2001","Sengonwetan"
"33","Jawa Tengah","33.15","Kabupaten Grobogan","33.15.07","Kradenan","33.15.07.2002","Sambongbangi"
"33","Jawa Tengah","33.15","Kabupaten Grobogan","33.15.07","Kradenan","33.15.07.2003","Banjardowo"
"33","Jawa Tengah","33.15","Kabupaten Grobogan","33.15.07","Kradenan","33.15.07.2004","Kradenan"
"33","Jawa Tengah","33.15","Kabupaten Grobogan","33.15.07","Kradenan","33.15.07.2005","Rejosari"
"33","Jawa Tengah","33.15","Kabupaten Grobogan","33.15.07","Kradenan","33.15.07.2006","Bago"
"33","Jawa Tengah","33.15","Kabupaten Grobogan","33.15.07","Kradenan","33.15.07.2007","Simo"
"33","Jawa Tengah","33.15","Kabupaten Grobogan","33.15.07","Kradenan","33.15.07.2008","Pakis"
"33","Jawa Tengah","33.15","Kabupaten Grobogan","33.15.07","Kradenan","33.15.07.2009","Crewek"
"33","Jawa Tengah","33.15","Kabupaten Grobogan","33.15.07","Kradenan","33.15.07.2010","Banjarsari"
"33","Jawa Tengah","33.15","Kabupaten Grobogan","33.15.07","Kradenan","33.15.07.2011","Kalisari"
"33","Jawa Tengah","33.15","Kabupaten Grobogan","33.15.07","Kradenan","33.15.07.2012","Kuwu"
"33","Jawa Tengah","33.15","Kabupaten Grobogan","33.15.07","Kradenan","33.15.07.2013","Grabagan"
"33","Jawa Tengah","33.15","Kabupaten Grobogan","33.15.07","Kradenan","33.15.07.2014","Tanjungsari"
"33","Jawa Tengah","33.15","Kabupaten Grobogan","33.15.08","Gabus","33.15.08.2001","Keyongan"
"33","Jawa Tengah","33.15","Kabupaten Grobogan","33.15.08","Gabus","33.15.08.2002","Suwatu"
"33","Jawa Tengah","33.15","Kabupaten Grobogan","33.15.08","Gabus","33.15.08.2003","Nglinduk"
"33","Jawa Tengah","33.15","Kabupaten Grobogan","33.15.08","Gabus","33.15.08.2004","Pelem"
"33","Jawa Tengah","33.15","Kabupaten Grobogan","33.15.08","Gabus","33.15.08.2005","Sulursari"
"33","Jawa Tengah","33.15","Kabupaten Grobogan","33.15.08","Gabus","33.15.08.2006","Tlogotirto"
"33","Jawa Tengah","33.15","Kabupaten Grobogan","33.15.08","Gabus","33.15.08.2007","Gabus"
"33","Jawa Tengah","33.15","Kabupaten Grobogan","33.15.08","Gabus","33.15.08.2008","Pandanharum"
"33","Jawa Tengah","33.15","Kabupaten Grobogan","33.15.08","Gabus","33.15.08.2009","Tunggulrejo"
"33","Jawa Tengah","33.15","Kabupaten Grobogan","33.15.08","Gabus","33.15.08.2010","Tahunan"
"33","Jawa Tengah","33.15","Kabupaten Grobogan","33.15.08","Gabus","33.15.08.2011","Bendoharjo"
"33","Jawa Tengah","33.15","Kabupaten Grobogan","33.15.08","Gabus","33.15.08.2012","Kalipang"
"33","Jawa Tengah","33.15","Kabupaten Grobogan","33.15.08","Gabus","33.15.08.2013","Karangrejo"
"33","Jawa Tengah","33.15","Kabupaten Grobogan","33.15.08","Gabus","33.15.08.2014","Banjarejo"
"33","Jawa Tengah","33.15","Kabupaten Grobogan","33.15.09","Ngaringan","33.15.09.2001","Sendangrejo"
"33","Jawa Tengah","33.15","Kabupaten Grobogan","33.15.09","Ngaringan","33.15.09.2002","Sarirejo"
"33","Jawa Tengah","33.15","Kabupaten Grobogan","33.15.09","Ngaringan","33.15.09.2003","Kalangdosari"
"33","Jawa Tengah","33.15","Kabupaten Grobogan","33.15.09","Ngaringan","33.15.09.2004","Kalanglundo"
"33","Jawa Tengah","33.15","Kabupaten Grobogan","33.15.09","Ngaringan","33.15.09.2005","Truwolu"
"33","Jawa Tengah","33.15","Kabupaten Grobogan","33.15.09","Ngaringan","33.15.09.2006","Pendem"
"33","Jawa Tengah","33.15","Kabupaten Grobogan","33.15.09","Ngaringan","33.15.09.2007","Bandungsari"
"33","Jawa Tengah","33.15","Kabupaten Grobogan","33.15.09","Ngaringan","33.15.09.2008","Ngaringan"
"33","Jawa Tengah","33.15","Kabupaten Grobogan","33.15.09","Ngaringan","33.15.09.2009","Ngarap-arap"
"33","Jawa Tengah","33.15","Kabupaten Grobogan","33.15.09","Ngaringan","33.15.09.2010","Belor"
"33","Jawa Tengah","33.15","Kabupaten Grobogan","33.15.09","Ngaringan","33.15.09.2011","Tanjungharjo"
"33","Jawa Tengah","33.15","Kabupaten Grobogan","33.15.09","Ngaringan","33.15.09.2012","Sumberagung"
"33","Jawa Tengah","33.15","Kabupaten Grobogan","33.15.10","Wirosari","33.15.10.1006","Wirosari"
"33","Jawa Tengah","33.15","Kabupaten Grobogan","33.15.10","Wirosari","33.15.10.1007","Kunden"
"33","Jawa Tengah","33.15","Kabupaten Grobogan","33.15.10","Wirosari","33.15.10.2001","Tambahrejo"
"33","Jawa Tengah","33.15","Kabupaten Grobogan","33.15.10","Wirosari","33.15.10.2002","Kropak"
"33","Jawa Tengah","33.15","Kabupaten Grobogan","33.15.10","Wirosari","33.15.10.2003","Kalirejo"
"33","Jawa Tengah","33.15","Kabupaten Grobogan","33.15.10","Wirosari","33.15.10.2004","Dapurno"
"33","Jawa Tengah","33.15","Kabupaten Grobogan","33.15.10","Wirosari","33.15.10.2005","Mojorebo"
"33","Jawa Tengah","33.15","Kabupaten Grobogan","33.15.10","Wirosari","33.15.10.2008","Tanjungrejo"
"33","Jawa Tengah","33.15","Kabupaten Grobogan","33.15.10","Wirosari","33.15.10.2009","Sambirejo"
"33","Jawa Tengah","33.15","Kabupaten Grobogan","33.15.10","Wirosari","33.15.10.2010","Gedangan"
"33","Jawa Tengah","33.15","Kabupaten Grobogan","33.15.10","Wirosari","33.15.10.2011","Tambakselo"
"33","Jawa Tengah","33.15","Kabupaten Grobogan","33.15.10","Wirosari","33.15.10.2012","Karangasem"
"33","Jawa Tengah","33.15","Kabupaten Grobogan","33.15.10","Wirosari","33.15.10.2013","Dokoro"
"33","Jawa Tengah","33.15","Kabupaten Grobogan","33.15.10","Wirosari","33.15.10.2014","Tegalrejo"
"33","Jawa Tengah","33.15","Kabupaten Grobogan","33.15.11","Tawangharjo","33.15.11.2001","Mayahan"
"33","Jawa Tengah","33.15","Kabupaten Grobogan","33.15.11","Tawangharjo","33.15.11.2002","Pulongrambe"
"33","Jawa Tengah","33.15","Kabupaten Grobogan","33.15.11","Tawangharjo","33.15.11.2003","Jono"
"33","Jawa Tengah","33.15","Kabupaten Grobogan","33.15.11","Tawangharjo","33.15.11.2004","Selo"
"33","Jawa Tengah","33.15","Kabupaten Grobogan","33.15.11","Tawangharjo","33.15.11.2005","Tawangharjo"
"33","Jawa Tengah","33.15","Kabupaten Grobogan","33.15.11","Tawangharjo","33.15.11.2006","Tarub"
"33","Jawa Tengah","33.15","Kabupaten Grobogan","33.15.11","Tawangharjo","33.15.11.2007","Pojok"
"33","Jawa Tengah","33.15","Kabupaten Grobogan","33.15.11","Tawangharjo","33.15.11.2008","Plosorejo"
"33","Jawa Tengah","33.15","Kabupaten Grobogan","33.15.11","Tawangharjo","33.15.11.2009","Godan"
"33","Jawa Tengah","33.15","Kabupaten Grobogan","33.15.11","Tawangharjo","33.15.11.2010","Kemadohbatur"
"33","Jawa Tengah","33.15","Kabupaten Grobogan","33.15.12","Grobogan","33.15.12.1001","Grobogan"
"33","Jawa Tengah","33.15","Kabupaten Grobogan","33.15.12","Grobogan","33.15.12.2002","Getasrejo"
"33","Jawa Tengah","33.15","Kabupaten Grobogan","33.15.12","Grobogan","33.15.12.2003","Rejosari"
"33","Jawa Tengah","33.15","Kabupaten Grobogan","33.15.12","Grobogan","33.15.12.2004","Tanggungharjo"
"33","Jawa Tengah","33.15","Kabupaten Grobogan","33.15.12","Grobogan","33.15.12.2005","Teguhan"
"33","Jawa Tengah","33.15","Kabupaten Grobogan","33.15.12","Grobogan","33.15.12.2006","Ngabenrejo"
"33","Jawa Tengah","33.15","Kabupaten Grobogan","33.15.12","Grobogan","33.15.12.2007","Karangrejo"
"33","Jawa Tengah","33.15","Kabupaten Grobogan","33.15.12","Grobogan","33.15.12.2008","Putatsari"
"33","Jawa Tengah","33.15","Kabupaten Grobogan","33.15.12","Grobogan","33.15.12.2009","Lebak"
"33","Jawa Tengah","33.15","Kabupaten Grobogan","33.15.12","Grobogan","33.15.12.2010","Lebengjumuk"
"33","Jawa Tengah","33.15","Kabupaten Grobogan","33.15.12","Grobogan","33.15.12.2011","Sedayu"
"33","Jawa Tengah","33.15","Kabupaten Grobogan","33.15.12","Grobogan","33.15.12.2012","Sumberjatipohon"
"33","Jawa Tengah","33.15","Kabupaten Grobogan","33.15.13","Purwodadi","33.15.13.1003","Danyang"
"33","Jawa Tengah","33.15","Kabupaten Grobogan","33.15.13","Purwodadi","33.15.13.1004","Kalongan"
"33","Jawa Tengah","33.15","Kabupaten Grobogan","33.15.13","Purwodadi","33.15.13.1012","Purwodadi"
"33","Jawa Tengah","33.15","Kabupaten Grobogan","33.15.13","Purwodadi","33.15.13.1013","Kuripan"
"33","Jawa Tengah","33.15","Kabupaten Grobogan","33.15.13","Purwodadi","33.15.13.2001","Candisari"
"33","Jawa Tengah","33.15","Kabupaten Grobogan","33.15.13","Purwodadi","33.15.13.2002","Genuksuran"
"33","Jawa Tengah","33.15","Kabupaten Grobogan","33.15.13","Purwodadi","33.15.13.2005","Ngraji"
"33","Jawa Tengah","33.15","Kabupaten Grobogan","33.15.13","Purwodadi","33.15.13.2006","Kandangan"
"33","Jawa Tengah","33.15","Kabupaten Grobogan","33.15.13","Purwodadi","33.15.13.2007","Nambuhan"
"33","Jawa Tengah","33.15","Kabupaten Grobogan","33.15.13","Purwodadi","33.15.13.2008","Warukaranganyar"
"33","Jawa Tengah","33.15","Kabupaten Grobogan","33.15.13","Purwodadi","33.15.13.2009","Nglobar"
"33","Jawa Tengah","33.15","Kabupaten Grobogan","33.15.13","Purwodadi","33.15.13.2010","Kedungrejo"
"33","Jawa Tengah","33.15","Kabupaten Grobogan","33.15.13","Purwodadi","33.15.13.2011","Karanganyar"
"33","Jawa Tengah","33.15","Kabupaten Grobogan","33.15.13","Purwodadi","33.15.13.2014","Ngembak"
"33","Jawa Tengah","33.15","Kabupaten Grobogan","33.15.13","Purwodadi","33.15.13.2015","Cingkrong"
"33","Jawa Tengah","33.15","Kabupaten Grobogan","33.15.13","Purwodadi","33.15.13.2016","Pulorejo"
"33","Jawa Tengah","33.15","Kabupaten Grobogan","33.15.13","Purwodadi","33.15.13.2017","Putat"
"33","Jawa Tengah","33.15","Kabupaten Grobogan","33.15.14","Brati","33.15.14.2001","Menduran"
"33","Jawa Tengah","33.15","Kabupaten Grobogan","33.15.14","Brati","33.15.14.2002","Jangkungharjo"
"33","Jawa Tengah","33.15","Kabupaten Grobogan","33.15.14","Brati","33.15.14.2003","Temon"
"33","Jawa Tengah","33.15","Kabupaten Grobogan","33.15.14","Brati","33.15.14.2004","Lemahputih"
"33","Jawa Tengah","33.15","Kabupaten Grobogan","33.15.14","Brati","33.15.14.2005","Tirem"
"33","Jawa Tengah","33.15","Kabupaten Grobogan","33.15.14","Brati","33.15.14.2006","Karangsari"
"33","Jawa Tengah","33.15","Kabupaten Grobogan","33.15.14","Brati","33.15.14.2007","Kronggen"
"33","Jawa Tengah","33.15","Kabupaten Grobogan","33.15.14","Brati","33.15.14.2008","Katekan"
"33","Jawa Tengah","33.15","Kabupaten Grobogan","33.15.14","Brati","33.15.14.2009","Tegalsumur"
"33","Jawa Tengah","33.15","Kabupaten Grobogan","33.15.15","Klambu","33.15.15.2001","Kandangrejo"
"33","Jawa Tengah","33.15","Kabupaten Grobogan","33.15.15","Klambu","33.15.15.2002","Selojari"
"33","Jawa Tengah","33.15","Kabupaten Grobogan","33.15.15","Klambu","33.15.15.2003","Taruman"
"33","Jawa Tengah","33.15","Kabupaten Grobogan","33.15.15","Klambu","33.15.15.2004","Penganten"
"33","Jawa Tengah","33.15","Kabupaten Grobogan","33.15.15","Klambu","33.15.15.2005","Klambu"
"33","Jawa Tengah","33.15","Kabupaten Grobogan","33.15.15","Klambu","33.15.15.2006","Menawan"
"33","Jawa Tengah","33.15","Kabupaten Grobogan","33.15.15","Klambu","33.15.15.2007","Terkesi"
"33","Jawa Tengah","33.15","Kabupaten Grobogan","33.15.15","Klambu","33.15.15.2008","Jenengan"
"33","Jawa Tengah","33.15","Kabupaten Grobogan","33.15.15","Klambu","33.15.15.2009","Wandan Kemiri"
"33","Jawa Tengah","33.15","Kabupaten Grobogan","33.15.16","Godong","33.15.16.2001","Guyangan"
"33","Jawa Tengah","33.15","Kabupaten Grobogan","33.15.16","Godong","33.15.16.2002","Werdoyo"
"33","Jawa Tengah","33.15","Kabupaten Grobogan","33.15.16","Godong","33.15.16.2003","Guci"
"33","Jawa Tengah","33.15","Kabupaten Grobogan","33.15.16","Godong","33.15.16.2004","Anggaswangi"
"33","Jawa Tengah","33.15","Kabupaten Grobogan","33.15.16","Godong","33.15.16.2005","Ketangirejo"
"33","Jawa Tengah","33.15","Kabupaten Grobogan","33.15.16","Godong","33.15.16.2006","Sambung"
"33","Jawa Tengah","33.15","Kabupaten Grobogan","33.15.16","Godong","33.15.16.2007","Sumurgede"
"33","Jawa Tengah","33.15","Kabupaten Grobogan","33.15.16","Godong","33.15.16.2008","Latak"
"33","Jawa Tengah","33.15","Kabupaten Grobogan","33.15.16","Godong","33.15.16.2009","Tungu"
"33","Jawa Tengah","33.15","Kabupaten Grobogan","33.15.16","Godong","33.15.16.2010","Pahesan"
"33","Jawa Tengah","33.15","Kabupaten Grobogan","33.15.16","Godong","33.15.16.2011","Wanutunggal"
"33","Jawa Tengah","33.15","Kabupaten Grobogan","33.15.16","Godong","33.15.16.2012","Karanggeneng"
"33","Jawa Tengah","33.15","Kabupaten Grobogan","33.15.16","Godong","33.15.16.2013","Manggarwetan"
"33","Jawa Tengah","33.15","Kabupaten Grobogan","33.15.16","Godong","33.15.16.2014","Tinanding"
"33","Jawa Tengah","33.15","Kabupaten Grobogan","33.15.16","Godong","33.15.16.2015","Manggarmas"
"33","Jawa Tengah","33.15","Kabupaten Grobogan","33.15.16","Godong","33.15.16.2016","Harjowinangun"
"33","Jawa Tengah","33.15","Kabupaten Grobogan","33.15.16","Godong","33.15.16.2017","Rajek"
"33","Jawa Tengah","33.15","Kabupaten Grobogan","33.15.16","Godong","33.15.16.2018","Dorolegi"
"33","Jawa Tengah","33.15","Kabupaten Grobogan","33.15.16","Godong","33.15.16.2019","Kopek"
"33","Jawa Tengah","33.15","Kabupaten Grobogan","33.15.16","Godong","33.15.16.2020","Kemloko"
"33","Jawa Tengah","33.15","Kabupaten Grobogan","33.15.16","Godong","33.15.16.2021","Sumberagung"
"33","Jawa Tengah","33.15","Kabupaten Grobogan","33.15.16","Godong","33.15.16.2022","Gundi"
"33","Jawa Tengah","33.15","Kabupaten Grobogan","33.15.16","Godong","33.15.16.2023","Jatilor"
"33","Jawa Tengah","33.15","Kabupaten Grobogan","33.15.16","Godong","33.15.16.2024","Bringin"
"33","Jawa Tengah","33.15","Kabupaten Grobogan","33.15.16","Godong","33.15.16.2025","Klampok"
"33","Jawa Tengah","33.15","Kabupaten Grobogan","33.15.16","Godong","33.15.16.2026","Godong"
"33","Jawa Tengah","33.15","Kabupaten Grobogan","33.15.16","Godong","33.15.16.2027","Ketitang"
"33","Jawa Tengah","33.15","Kabupaten Grobogan","33.15.16","Godong","33.15.16.2028","Bugel"
"33","Jawa Tengah","33.15","Kabupaten Grobogan","33.15.17","Gubug","33.15.17.2001","Penadaran"
"33","Jawa Tengah","33.15","Kabupaten Grobogan","33.15.17","Gubug","33.15.17.2002","Ginggangtani"
"33","Jawa Tengah","33.15","Kabupaten Grobogan","33.15.17","Gubug","33.15.17.2003","Glapan"
"33","Jawa Tengah","33.15","Kabupaten Grobogan","33.15.17","Gubug","33.15.17.2004","Trisari"
"33","Jawa Tengah","33.15","Kabupaten Grobogan","33.15.17","Gubug","33.15.17.2005","Ngroto"
"33","Jawa Tengah","33.15","Kabupaten Grobogan","33.15.17","Gubug","33.15.17.2006","Jeketro"
"33","Jawa Tengah","33.15","Kabupaten Grobogan","33.15.17","Gubug","33.15.17.2007","Saban"
"33","Jawa Tengah","33.15","Kabupaten Grobogan","33.15.17","Gubug","33.15.17.2008","Mlilir"
"33","Jawa Tengah","33.15","Kabupaten Grobogan","33.15.17","Gubug","33.15.17.2009","Kemiri"
"33","Jawa Tengah","33.15","Kabupaten Grobogan","33.15.17","Gubug","33.15.17.2010","Papanrejo"
"33","Jawa Tengah","33.15","Kabupaten Grobogan","33.15.17","Gubug","33.15.17.2011","Kunjeng"
"33","Jawa Tengah","33.15","Kabupaten Grobogan","33.15.17","Gubug","33.15.17.2012","Kuwaron"
"33","Jawa Tengah","33.15","Kabupaten Grobogan","33.15.17","Gubug","33.15.17.2013","Rowosari"
"33","Jawa Tengah","33.15","Kabupaten Grobogan","33.15.17","Gubug","33.15.17.2014","Gubug"
"33","Jawa Tengah","33.15","Kabupaten Grobogan","33.15.17","Gubug","33.15.17.2015","Pranten"
"33","Jawa Tengah","33.15","Kabupaten Grobogan","33.15.17","Gubug","33.15.17.2016","Baturagung"
"33","Jawa Tengah","33.15","Kabupaten Grobogan","33.15.17","Gubug","33.15.17.2017","Jatipecaron"
"33","Jawa Tengah","33.15","Kabupaten Grobogan","33.15.17","Gubug","33.15.17.2018","Tambakan"
"33","Jawa Tengah","33.15","Kabupaten Grobogan","33.15.17","Gubug","33.15.17.2019","Ringinkidul"
"33","Jawa Tengah","33.15","Kabupaten Grobogan","33.15.17","Gubug","33.15.17.2020","Ringinharjo"
"33","Jawa Tengah","33.15","Kabupaten Grobogan","33.15.17","Gubug","33.15.17.2021","Tlogomulyo"
"33","Jawa Tengah","33.15","Kabupaten Grobogan","33.15.18","Tegowanu","33.15.18.2001","Kebonagung"
"33","Jawa Tengah","33.15","Kabupaten Grobogan","33.15.18","Tegowanu","33.15.18.2002","Tlogorejo"
"33","Jawa Tengah","33.15","Kabupaten Grobogan","33.15.18","Tegowanu","33.15.18.2003","Medani"
"33","Jawa Tengah","33.15","Kabupaten Grobogan","33.15.18","Tegowanu","33.15.18.2004","Sukorejo"
"33","Jawa Tengah","33.15","Kabupaten Grobogan","33.15.18","Tegowanu","33.15.18.2005","Tanggirejo"
"33","Jawa Tengah","33.15","Kabupaten Grobogan","33.15.18","Tegowanu","33.15.18.2006","Mangunsari"
"33","Jawa Tengah","33.15","Kabupaten Grobogan","33.15.18","Tegowanu","33.15.18.2007","Gebangan"
"33","Jawa Tengah","33.15","Kabupaten Grobogan","33.15.18","Tegowanu","33.15.18.2008","Kejawan"
"33","Jawa Tengah","33.15","Kabupaten Grobogan","33.15.18","Tegowanu","33.15.18.2009","Tegowanuwetan"
"33","Jawa Tengah","33.15","Kabupaten Grobogan","33.15.18","Tegowanu","33.15.18.2010","Tegowanukulon"
"33","Jawa Tengah","33.15","Kabupaten Grobogan","33.15.18","Tegowanu","33.15.18.2011","Tajemsari"
"33","Jawa Tengah","33.15","Kabupaten Grobogan","33.15.18","Tegowanu","33.15.18.2012","Karangpasar"
"33","Jawa Tengah","33.15","Kabupaten Grobogan","33.15.18","Tegowanu","33.15.18.2013","Kedungwungu"
"33","Jawa Tengah","33.15","Kabupaten Grobogan","33.15.18","Tegowanu","33.15.18.2014","Pepe"
"33","Jawa Tengah","33.15","Kabupaten Grobogan","33.15.18","Tegowanu","33.15.18.2015","Curug"
"33","Jawa Tengah","33.15","Kabupaten Grobogan","33.15.18","Tegowanu","33.15.18.2016","Cangkring"
"33","Jawa Tengah","33.15","Kabupaten Grobogan","33.15.18","Tegowanu","33.15.18.2017","Gaji"
"33","Jawa Tengah","33.15","Kabupaten Grobogan","33.15.18","Tegowanu","33.15.18.2018","Tunjungharjo"
"33","Jawa Tengah","33.15","Kabupaten Grobogan","33.15.19","Tanggungharjo","33.15.19.2001","Ringinpitu"
"33","Jawa Tengah","33.15","Kabupaten Grobogan","33.15.19","Tanggungharjo","33.15.19.2002","Ngambakrejo"
"33","Jawa Tengah","33.15","Kabupaten Grobogan","33.15.19","Tanggungharjo","33.15.19.2003","Kapung"
"33","Jawa Tengah","33.15","Kabupaten Grobogan","33.15.19","Tanggungharjo","33.15.19.2004","Mrisi"
"33","Jawa Tengah","33.15","Kabupaten Grobogan","33.15.19","Tanggungharjo","33.15.19.2005","Kaliwenang"
"33","Jawa Tengah","33.15","Kabupaten Grobogan","33.15.19","Tanggungharjo","33.15.19.2006","Sugihmanik"
"33","Jawa Tengah","33.15","Kabupaten Grobogan","33.15.19","Tanggungharjo","33.15.19.2007","Tanggungharjo"
"33","Jawa Tengah","33.15","Kabupaten Grobogan","33.15.19","Tanggungharjo","33.15.19.2008","Brabo"
"33","Jawa Tengah","33.15","Kabupaten Grobogan","33.15.19","Tanggungharjo","33.15.19.2009","Padang"
"33","Jawa Tengah","33.16","Kabupaten Blora","33.16.01","Jati","33.16.01.2001","Bangkleyan"
"33","Jawa Tengah","33.16","Kabupaten Blora","33.16.01","Jati","33.16.01.2002","Gempol"
"33","Jawa Tengah","33.16","Kabupaten Blora","33.16.01","Jati","33.16.01.2003","Kepoh"
"33","Jawa Tengah","33.16","Kabupaten Blora","33.16.01","Jati","33.16.01.2004","Pelem"
"33","Jawa Tengah","33.16","Kabupaten Blora","33.16.01","Jati","33.16.01.2005","Jegong"
"33","Jawa Tengah","33.16","Kabupaten Blora","33.16.01","Jati","33.16.01.2006","Jati"
"33","Jawa Tengah","33.16","Kabupaten Blora","33.16.01","Jati","33.16.01.2007","Singget"
"33","Jawa Tengah","33.16","Kabupaten Blora","33.16.01","Jati","33.16.01.2008","Gabusan"
"33","Jawa Tengah","33.16","Kabupaten Blora","33.16.01","Jati","33.16.01.2009","Doplang"
"33","Jawa Tengah","33.16","Kabupaten Blora","33.16.01","Jati","33.16.01.2010","Randulawang"
"33","Jawa Tengah","33.16","Kabupaten Blora","33.16.01","Jati","33.16.01.2011","Tobo"
"33","Jawa Tengah","33.16","Kabupaten Blora","33.16.01","Jati","33.16.01.2012","Pengkoljagong"
"33","Jawa Tengah","33.16","Kabupaten Blora","33.16.02","Randublatung","33.16.02.1005","Randublatung"
"33","Jawa Tengah","33.16","Kabupaten Blora","33.16.02","Randublatung","33.16.02.1011","Wulung"
"33","Jawa Tengah","33.16","Kabupaten Blora","33.16.02","Randublatung","33.16.02.2001","Tlogotuwung"
"33","Jawa Tengah","33.16","Kabupaten Blora","33.16.02","Randublatung","33.16.02.2002","Bodeh"
"33","Jawa Tengah","33.16","Kabupaten Blora","33.16.02","Randublatung","33.16.02.2003","Gembyungan"
"33","Jawa Tengah","33.16","Kabupaten Blora","33.16.02","Randublatung","33.16.02.2004","Sambongwangan"
"33","Jawa Tengah","33.16","Kabupaten Blora","33.16.02","Randublatung","33.16.02.2006","Pilang"
"33","Jawa Tengah","33.16","Kabupaten Blora","33.16.02","Randublatung","33.16.02.2007","Temulus"
"33","Jawa Tengah","33.16","Kabupaten Blora","33.16.02","Randublatung","33.16.02.2008","Sumberejo"
"33","Jawa Tengah","33.16","Kabupaten Blora","33.16.02","Randublatung","33.16.02.2009","Kutukan"
"33","Jawa Tengah","33.16","Kabupaten Blora","33.16.02","Randublatung","33.16.02.2010","Kediren"
"33","Jawa Tengah","33.16","Kabupaten Blora","33.16.02","Randublatung","33.16.02.2012","Kadengan"
"33","Jawa Tengah","33.16","Kabupaten Blora","33.16.02","Randublatung","33.16.02.2013","Bekutuk"
"33","Jawa Tengah","33.16","Kabupaten Blora","33.16.02","Randublatung","33.16.02.2014","Plosorejo"
"33","Jawa Tengah","33.16","Kabupaten Blora","33.16.02","Randublatung","33.16.02.2015","Jeruk"
"33","Jawa Tengah","33.16","Kabupaten Blora","33.16.02","Randublatung","33.16.02.2016","Tanggel"
"33","Jawa Tengah","33.16","Kabupaten Blora","33.16.02","Randublatung","33.16.02.2017","Kalisari"
"33","Jawa Tengah","33.16","Kabupaten Blora","33.16.02","Randublatung","33.16.02.2018","Ngliron"
"33","Jawa Tengah","33.16","Kabupaten Blora","33.16.03","Kradenan","33.16.03.2001","Megeri"
"33","Jawa Tengah","33.16","Kabupaten Blora","33.16.03","Kradenan","33.16.03.2002","Nglebak"
"33","Jawa Tengah","33.16","Kabupaten Blora","33.16.03","Kradenan","33.16.03.2003","Getas"
"33","Jawa Tengah","33.16","Kabupaten Blora","33.16.03","Kradenan","33.16.03.2004","Nginggil"
"33","Jawa Tengah","33.16","Kabupaten Blora","33.16.03","Kradenan","33.16.03.2005","Ngrawoh"
"33","Jawa Tengah","33.16","Kabupaten Blora","33.16.03","Kradenan","33.16.03.2006","Mendenrejo"
"33","Jawa Tengah","33.16","Kabupaten Blora","33.16.03","Kradenan","33.16.03.2007","Sumber"
"33","Jawa Tengah","33.16","Kabupaten Blora","33.16.03","Kradenan","33.16.03.2008","Mojorembun"
"33","Jawa Tengah","33.16","Kabupaten Blora","33.16.03","Kradenan","33.16.03.2009","Nglungger"
"33","Jawa Tengah","33.16","Kabupaten Blora","33.16.03","Kradenan","33.16.03.2010","Medalem"
"33","Jawa Tengah","33.16","Kabupaten Blora","33.16.04","Kedungtuban","33.16.04.2001","Gondel"
"33","Jawa Tengah","33.16","Kabupaten Blora","33.16.04","Kedungtuban","33.16.04.2002","Ketuwan"
"33","Jawa Tengah","33.16","Kabupaten Blora","33.16.04","Kedungtuban","33.16.04.2003","Jimbung"
"33","Jawa Tengah","33.16","Kabupaten Blora","33.16.04","Kedungtuban","33.16.04.2004","Panolan"
"33","Jawa Tengah","33.16","Kabupaten Blora","33.16.04","Kedungtuban","33.16.04.2005","Klagen"
"33","Jawa Tengah","33.16","Kabupaten Blora","33.16.04","Kedungtuban","33.16.04.2006","Kemantren"
"33","Jawa Tengah","33.16","Kabupaten Blora","33.16.04","Kedungtuban","33.16.04.2007","Sidorejo"
"33","Jawa Tengah","33.16","Kabupaten Blora","33.16.04","Kedungtuban","33.16.04.2008","Wado"
"33","Jawa Tengah","33.16","Kabupaten Blora","33.16.04","Kedungtuban","33.16.04.2009","Pulo"
"33","Jawa Tengah","33.16","Kabupaten Blora","33.16.04","Kedungtuban","33.16.04.2010","Tanjung"
"33","Jawa Tengah","33.16","Kabupaten Blora","33.16.04","Kedungtuban","33.16.04.2011","Sogo"
"33","Jawa Tengah","33.16","Kabupaten Blora","33.16.04","Kedungtuban","33.16.04.2012","Bajo"
"33","Jawa Tengah","33.16","Kabupaten Blora","33.16.04","Kedungtuban","33.16.04.2013","Nglandeyan"
"33","Jawa Tengah","33.16","Kabupaten Blora","33.16.04","Kedungtuban","33.16.04.2014","Kalen"
"33","Jawa Tengah","33.16","Kabupaten Blora","33.16.04","Kedungtuban","33.16.04.2015","Ngraho"
"33","Jawa Tengah","33.16","Kabupaten Blora","33.16.04","Kedungtuban","33.16.04.2016","Kedungtuban"
"33","Jawa Tengah","33.16","Kabupaten Blora","33.16.04","Kedungtuban","33.16.04.2017","Galuk"
"33","Jawa Tengah","33.16","Kabupaten Blora","33.16.05","Cepu","33.16.05.1011","Tambakromo"
"33","Jawa Tengah","33.16","Kabupaten Blora","33.16.05","Cepu","33.16.05.1013","Balun"
"33","Jawa Tengah","33.16","Kabupaten Blora","33.16.05","Cepu","33.16.05.1014","Cepu"
"33","Jawa Tengah","33.16","Kabupaten Blora","33.16.05","Cepu","33.16.05.1015","Ngelo"
"33","Jawa Tengah","33.16","Kabupaten Blora","33.16.05","Cepu","33.16.05.1016","Karangboyo"
"33","Jawa Tengah","33.16","Kabupaten Blora","33.16.05","Cepu","33.16.05.1017","Ngroto"
"33","Jawa Tengah","33.16","Kabupaten Blora","33.16.05","Cepu","33.16.05.2001","Gadon"
"33","Jawa Tengah","33.16","Kabupaten Blora","33.16.05","Cepu","33.16.05.2002","Ngloram"
"33","Jawa Tengah","33.16","Kabupaten Blora","33.16.05","Cepu","33.16.05.2003","Cabean"
"33","Jawa Tengah","33.16","Kabupaten Blora","33.16.05","Cepu","33.16.05.2004","Kapuan"
"33","Jawa Tengah","33.16","Kabupaten Blora","33.16.05","Cepu","33.16.05.2005","Jipang"
"33","Jawa Tengah","33.16","Kabupaten Blora","33.16.05","Cepu","33.16.05.2006","Getas"
"33","Jawa Tengah","33.16","Kabupaten Blora","33.16.05","Cepu","33.16.05.2007","Sumberpitu"
"33","Jawa Tengah","33.16","Kabupaten Blora","33.16.05","Cepu","33.16.05.2008","Kentong"
"33","Jawa Tengah","33.16","Kabupaten Blora","33.16.05","Cepu","33.16.05.2009","Mernung"
"33","Jawa Tengah","33.16","Kabupaten Blora","33.16.05","Cepu","33.16.05.2010","Mulyorejo"
"33","Jawa Tengah","33.16","Kabupaten Blora","33.16.05","Cepu","33.16.05.2012","Nglanjuk"
"33","Jawa Tengah","33.16","Kabupaten Blora","33.16.06","Sambong","33.16.06.2001","Temengeng"
"33","Jawa Tengah","33.16","Kabupaten Blora","33.16.06","Sambong","33.16.06.2002","Sambongrejo"
"33","Jawa Tengah","33.16","Kabupaten Blora","33.16.06","Sambong","33.16.06.2003","Gadu"
"33","Jawa Tengah","33.16","Kabupaten Blora","33.16.06","Sambong","33.16.06.2004","Sambong"
"33","Jawa Tengah","33.16","Kabupaten Blora","33.16.06","Sambong","33.16.06.2005","Pojokwatu"
"33","Jawa Tengah","33.16","Kabupaten Blora","33.16.06","Sambong","33.16.06.2006","Gagakan"
"33","Jawa Tengah","33.16","Kabupaten Blora","33.16.06","Sambong","33.16.06.2007","Biting"
"33","Jawa Tengah","33.16","Kabupaten Blora","33.16.06","Sambong","33.16.06.2008","Brabowan"
"33","Jawa Tengah","33.16","Kabupaten Blora","33.16.06","Sambong","33.16.06.2009","Ledok"
"33","Jawa Tengah","33.16","Kabupaten Blora","33.16.06","Sambong","33.16.06.2010","Giyanti"
"33","Jawa Tengah","33.16","Kabupaten Blora","33.16.07","Jiken","33.16.07.2001","Nglobo"
"33","Jawa Tengah","33.16","Kabupaten Blora","33.16.07","Jiken","33.16.07.2002","Cabak"
"33","Jawa Tengah","33.16","Kabupaten Blora","33.16.07","Jiken","33.16.07.2003","Nglebur"
"33","Jawa Tengah","33.16","Kabupaten Blora","33.16.07","Jiken","33.16.07.2004","Janjang"
"33","Jawa Tengah","33.16","Kabupaten Blora","33.16.07","Jiken","33.16.07.2005","Bleboh"
"33","Jawa Tengah","33.16","Kabupaten Blora","33.16.07","Jiken","33.16.07.2006","Ketringan"
"33","Jawa Tengah","33.16","Kabupaten Blora","33.16.07","Jiken","33.16.07.2007","Singonegoro"
"33","Jawa Tengah","33.16","Kabupaten Blora","33.16.07","Jiken","33.16.07.2008","Jiken"
"33","Jawa Tengah","33.16","Kabupaten Blora","33.16.07","Jiken","33.16.07.2009","Genjahan"
"33","Jawa Tengah","33.16","Kabupaten Blora","33.16.07","Jiken","33.16.07.2010","Jiworejo"
"33","Jawa Tengah","33.16","Kabupaten Blora","33.16.07","Jiken","33.16.07.2011","Bangowan"
"33","Jawa Tengah","33.16","Kabupaten Blora","33.16.08","Jepon","33.16.08.1013","Jepon"
"33","Jawa Tengah","33.16","Kabupaten Blora","33.16.08","Jepon","33.16.08.2001","Blungun"
"33","Jawa Tengah","33.16","Kabupaten Blora","33.16.08","Jepon","33.16.08.2002","Semanggi"
"33","Jawa Tengah","33.16","Kabupaten Blora","33.16.08","Jepon","33.16.08.2003","Ngampon"
"33","Jawa Tengah","33.16","Kabupaten Blora","33.16.08","Jepon","33.16.08.2004","Jomblang"
"33","Jawa Tengah","33.16","Kabupaten Blora","33.16.08","Jepon","33.16.08.2005","Palon"
"33","Jawa Tengah","33.16","Kabupaten Blora","33.16.08","Jepon","33.16.08.2006","Bangsri"
"33","Jawa Tengah","33.16","Kabupaten Blora","33.16.08","Jepon","33.16.08.2007","Sumurboto"
"33","Jawa Tengah","33.16","Kabupaten Blora","33.16.08","Jepon","33.16.08.2008","Brumbung"
"33","Jawa Tengah","33.16","Kabupaten Blora","33.16.08","Jepon","33.16.08.2009","Turirejo"
"33","Jawa Tengah","33.16","Kabupaten Blora","33.16.08","Jepon","33.16.08.2010","Semampir"
"33","Jawa Tengah","33.16","Kabupaten Blora","33.16.08","Jepon","33.16.08.2011","Kemiri"
"33","Jawa Tengah","33.16","Kabupaten Blora","33.16.08","Jepon","33.16.08.2012","Tempellemahbang"
"33","Jawa Tengah","33.16","Kabupaten Blora","33.16.08","Jepon","33.16.08.2014","Seso"
"33","Jawa Tengah","33.16","Kabupaten Blora","33.16.08","Jepon","33.16.08.2015","Balong"
"33","Jawa Tengah","33.16","Kabupaten Blora","33.16.08","Jepon","33.16.08.2016","Geneng"
"33","Jawa Tengah","33.16","Kabupaten Blora","33.16.08","Jepon","33.16.08.2017","Nglarohgunung"
"33","Jawa Tengah","33.16","Kabupaten Blora","33.16.08","Jepon","33.16.08.2018","Kawengan"
"33","Jawa Tengah","33.16","Kabupaten Blora","33.16.08","Jepon","33.16.08.2019","Gersi"
"33","Jawa Tengah","33.16","Kabupaten Blora","33.16.08","Jepon","33.16.08.2020","Gedangdowo"
"33","Jawa Tengah","33.16","Kabupaten Blora","33.16.08","Jepon","33.16.08.2021","Puledagel"
"33","Jawa Tengah","33.16","Kabupaten Blora","33.16.08","Jepon","33.16.08.2022","Bacem"
"33","Jawa Tengah","33.16","Kabupaten Blora","33.16.08","Jepon","33.16.08.2023","Jatirejo"
"33","Jawa Tengah","33.16","Kabupaten Blora","33.16.08","Jepon","33.16.08.2024","Soko"
"33","Jawa Tengah","33.16","Kabupaten Blora","33.16.08","Jepon","33.16.08.2025","Waru"
"33","Jawa Tengah","33.16","Kabupaten Blora","33.16.09","Blora","33.16.09.1006","Beran"
"33","Jawa Tengah","33.16","Kabupaten Blora","33.16.09","Blora","33.16.09.1008","Bangkle"
"33","Jawa Tengah","33.16","Kabupaten Blora","33.16.09","Blora","33.16.09.1009","Kedungjenar"
"33","Jawa Tengah","33.16","Kabupaten Blora","33.16.09","Blora","33.16.09.1010","Mlangsen"
"33","Jawa Tengah","33.16","Kabupaten Blora","33.16.09","Blora","33.16.09.1011","Jetis"
"33","Jawa Tengah","33.16","Kabupaten Blora","33.16.09","Blora","33.16.09.1012","Tambahrejo"
"33","Jawa Tengah","33.16","Kabupaten Blora","33.16.09","Blora","33.16.09.1013","Kauman"
"33","Jawa Tengah","33.16","Kabupaten Blora","33.16.09","Blora","33.16.09.1014","Sonorejo"
"33","Jawa Tengah","33.16","Kabupaten Blora","33.16.09","Blora","33.16.09.1015","Kunden"
"33","Jawa Tengah","33.16","Kabupaten Blora","33.16.09","Blora","33.16.09.1016","Tempelan"
"33","Jawa Tengah","33.16","Kabupaten Blora","33.16.09","Blora","33.16.09.1017","Tegalgunung"
"33","Jawa Tengah","33.16","Kabupaten Blora","33.16.09","Blora","33.16.09.1018","Karangjati"
"33","Jawa Tengah","33.16","Kabupaten Blora","33.16.09","Blora","33.16.09.2001","Jepangrejo"
"33","Jawa Tengah","33.16","Kabupaten Blora","33.16.09","Blora","33.16.09.2002","Kamolan"
"33","Jawa Tengah","33.16","Kabupaten Blora","33.16.09","Blora","33.16.09.2003","Pelem"
"33","Jawa Tengah","33.16","Kabupaten Blora","33.16.09","Blora","33.16.09.2004","Purworejo"
"33","Jawa Tengah","33.16","Kabupaten Blora","33.16.09","Blora","33.16.09.2005","Andongrejo"
"33","Jawa Tengah","33.16","Kabupaten Blora","33.16.09","Blora","33.16.09.2007","Jejeruk"
"33","Jawa Tengah","33.16","Kabupaten Blora","33.16.09","Blora","33.16.09.2019","Temurejo"
"33","Jawa Tengah","33.16","Kabupaten Blora","33.16.09","Blora","33.16.09.2020","Tempurejo"
"33","Jawa Tengah","33.16","Kabupaten Blora","33.16.09","Blora","33.16.09.2021","Patalan"
"33","Jawa Tengah","33.16","Kabupaten Blora","33.16.09","Blora","33.16.09.2022","Tambaksari"
"33","Jawa Tengah","33.16","Kabupaten Blora","33.16.09","Blora","33.16.09.2023","Purwosari"
"33","Jawa Tengah","33.16","Kabupaten Blora","33.16.09","Blora","33.16.09.2024","Ngadipurwo"
"33","Jawa Tengah","33.16","Kabupaten Blora","33.16.09","Blora","33.16.09.2025","Sendangharjo"
"33","Jawa Tengah","33.16","Kabupaten Blora","33.16.09","Blora","33.16.09.2026","Tempuran"
"33","Jawa Tengah","33.16","Kabupaten Blora","33.16.09","Blora","33.16.09.2027","Plantungan"
"33","Jawa Tengah","33.16","Kabupaten Blora","33.16.09","Blora","33.16.09.2028","Ngampel"
"33","Jawa Tengah","33.16","Kabupaten Blora","33.16.10","Tunjungan","33.16.10.2001","Tawangrejo"
"33","Jawa Tengah","33.16","Kabupaten Blora","33.16.10","Tunjungan","33.16.10.2002","Kedungringin"
"33","Jawa Tengah","33.16","Kabupaten Blora","33.16.10","Tunjungan","33.16.10.2003","Adirejo"
"33","Jawa Tengah","33.16","Kabupaten Blora","33.16.10","Tunjungan","33.16.10.2004","Tamanrejo"
"33","Jawa Tengah","33.16","Kabupaten Blora","33.16.10","Tunjungan","33.16.10.2005","Tutup"
"33","Jawa Tengah","33.16","Kabupaten Blora","33.16.10","Tunjungan","33.16.10.2006","Sukorejo"
"33","Jawa Tengah","33.16","Kabupaten Blora","33.16.10","Tunjungan","33.16.10.2007","Tambahrejo"
"33","Jawa Tengah","33.16","Kabupaten Blora","33.16.10","Tunjungan","33.16.10.2008","Kalangan"
"33","Jawa Tengah","33.16","Kabupaten Blora","33.16.10","Tunjungan","33.16.10.2009","Sambongrejo"
"33","Jawa Tengah","33.16","Kabupaten Blora","33.16.10","Tunjungan","33.16.10.2010","Tunjungan"
"33","Jawa Tengah","33.16","Kabupaten Blora","33.16.10","Tunjungan","33.16.10.2011","Kedungrejo"
"33","Jawa Tengah","33.16","Kabupaten Blora","33.16.10","Tunjungan","33.16.10.2012","Gempolrejo"
"33","Jawa Tengah","33.16","Kabupaten Blora","33.16.10","Tunjungan","33.16.10.2013","Nglangitan"
"33","Jawa Tengah","33.16","Kabupaten Blora","33.16.10","Tunjungan","33.16.10.2014","Keser"
"33","Jawa Tengah","33.16","Kabupaten Blora","33.16.10","Tunjungan","33.16.10.2015","Sitirejo"
"33","Jawa Tengah","33.16","Kabupaten Blora","33.16.11","Banjarejo","33.16.11.2001","Jatisari"
"33","Jawa Tengah","33.16","Kabupaten Blora","33.16.11","Banjarejo","33.16.11.2002","Jatiklampok"
"33","Jawa Tengah","33.16","Kabupaten Blora","33.16.11","Banjarejo","33.16.11.2003","Klopoduwur"
"33","Jawa Tengah","33.16","Kabupaten Blora","33.16.11","Banjarejo","33.16.11.2004","Sidomulyo"
"33","Jawa Tengah","33.16","Kabupaten Blora","33.16.11","Banjarejo","33.16.11.2005","Balongsari"
"33","Jawa Tengah","33.16","Kabupaten Blora","33.16.11","Banjarejo","33.16.11.2006","Bacem"
"33","Jawa Tengah","33.16","Kabupaten Blora","33.16.11","Banjarejo","33.16.11.2007","Wonosemi"
"33","Jawa Tengah","33.16","Kabupaten Blora","33.16.11","Banjarejo","33.16.11.2008","Sendanggayam"
"33","Jawa Tengah","33.16","Kabupaten Blora","33.16.11","Banjarejo","33.16.11.2009","Banjarejo"
"33","Jawa Tengah","33.16","Kabupaten Blora","33.16.11","Banjarejo","33.16.11.2010","Mojowetan"
"33","Jawa Tengah","33.16","Kabupaten Blora","33.16.11","Banjarejo","33.16.11.2011","Sumberagung"
"33","Jawa Tengah","33.16","Kabupaten Blora","33.16.11","Banjarejo","33.16.11.2012","Gedongsari"
"33","Jawa Tengah","33.16","Kabupaten Blora","33.16.11","Banjarejo","33.16.11.2013","Sendangwungu"
"33","Jawa Tengah","33.16","Kabupaten Blora","33.16.11","Banjarejo","33.16.11.2014","Balongrejo"
"33","Jawa Tengah","33.16","Kabupaten Blora","33.16.11","Banjarejo","33.16.11.2015","Karangtalun"
"33","Jawa Tengah","33.16","Kabupaten Blora","33.16.11","Banjarejo","33.16.11.2016","Kebonrejo"
"33","Jawa Tengah","33.16","Kabupaten Blora","33.16.11","Banjarejo","33.16.11.2017","Kembang"
"33","Jawa Tengah","33.16","Kabupaten Blora","33.16.11","Banjarejo","33.16.11.2018","Sembongin"
"33","Jawa Tengah","33.16","Kabupaten Blora","33.16.11","Banjarejo","33.16.11.2019","Plosorejo"
"33","Jawa Tengah","33.16","Kabupaten Blora","33.16.11","Banjarejo","33.16.11.2020","Buluroto"
"33","Jawa Tengah","33.16","Kabupaten Blora","33.16.12","Ngawen","33.16.12.1015","Punggursugih"
"33","Jawa Tengah","33.16","Kabupaten Blora","33.16.12","Ngawen","33.16.12.1018","Ngawen"
"33","Jawa Tengah","33.16","Kabupaten Blora","33.16.12","Ngawen","33.16.12.2001","Rowobungkul"
"33","Jawa Tengah","33.16","Kabupaten Blora","33.16.12","Ngawen","33.16.12.2002","Gedebeg"
"33","Jawa Tengah","33.16","Kabupaten Blora","33.16.12","Ngawen","33.16.12.2003","Sambonganyar"
"33","Jawa Tengah","33.16","Kabupaten Blora","33.16.12","Ngawen","33.16.12.2004","Kendayaan"
"33","Jawa Tengah","33.16","Kabupaten Blora","33.16.12","Ngawen","33.16.12.2005","Plumbon"
"33","Jawa Tengah","33.16","Kabupaten Blora","33.16.12","Ngawen","33.16.12.2006","Bergolo"
"33","Jawa Tengah","33.16","Kabupaten Blora","33.16.12","Ngawen","33.16.12.2007","Bandungrojo"
"33","Jawa Tengah","33.16","Kabupaten Blora","33.16.12","Ngawen","33.16.12.2008","Kedungsatriyan"
"33","Jawa Tengah","33.16","Kabupaten Blora","33.16.12","Ngawen","33.16.12.2009","Karangtengah"
"33","Jawa Tengah","33.16","Kabupaten Blora","33.16.12","Ngawen","33.16.12.2010","Jetakwanger"
"33","Jawa Tengah","33.16","Kabupaten Blora","33.16.12","Ngawen","33.16.12.2011","Sumberejo"
"33","Jawa Tengah","33.16","Kabupaten Blora","33.16.12","Ngawen","33.16.12.2012","Sendangagung"
"33","Jawa Tengah","33.16","Kabupaten Blora","33.16.12","Ngawen","33.16.12.2013","Talokwohmojo"
"33","Jawa Tengah","33.16","Kabupaten Blora","33.16.12","Ngawen","33.16.12.2014","Trembulrejo"
"33","Jawa Tengah","33.16","Kabupaten Blora","33.16.12","Ngawen","33.16.12.2016","Gondang"
"33","Jawa Tengah","33.16","Kabupaten Blora","33.16.12","Ngawen","33.16.12.2017","Sendangrejo"
"33","Jawa Tengah","33.16","Kabupaten Blora","33.16.12","Ngawen","33.16.12.2019","Semawur"
"33","Jawa Tengah","33.16","Kabupaten Blora","33.16.12","Ngawen","33.16.12.2020","Bradag"
"33","Jawa Tengah","33.16","Kabupaten Blora","33.16.12","Ngawen","33.16.12.2021","Gotputuk"
"33","Jawa Tengah","33.16","Kabupaten Blora","33.16.12","Ngawen","33.16.12.2022","Berbak"
"33","Jawa Tengah","33.16","Kabupaten Blora","33.16.12","Ngawen","33.16.12.2023","Sarimulyo"
"33","Jawa Tengah","33.16","Kabupaten Blora","33.16.12","Ngawen","33.16.12.2024","Sendangmulyo"
"33","Jawa Tengah","33.16","Kabupaten Blora","33.16.12","Ngawen","33.16.12.2025","Wantilgung"
"33","Jawa Tengah","33.16","Kabupaten Blora","33.16.12","Ngawen","33.16.12.2026","Bogowanti"
"33","Jawa Tengah","33.16","Kabupaten Blora","33.16.12","Ngawen","33.16.12.2027","Sambongrejo"
"33","Jawa Tengah","33.16","Kabupaten Blora","33.16.12","Ngawen","33.16.12.2028","Srigading"
"33","Jawa Tengah","33.16","Kabupaten Blora","33.16.12","Ngawen","33.16.12.2029","Karangjong"
"33","Jawa Tengah","33.16","Kabupaten Blora","33.16.13","Kunduran","33.16.13.1017","Kunduran"
"33","Jawa Tengah","33.16","Kabupaten Blora","33.16.13","Kunduran","33.16.13.2001","Botoreco"
"33","Jawa Tengah","33.16","Kabupaten Blora","33.16.13","Kunduran","33.16.13.2002","Buloh"
"33","Jawa Tengah","33.16","Kabupaten Blora","33.16.13","Kunduran","33.16.13.2003","Kemiri"
"33","Jawa Tengah","33.16","Kabupaten Blora","33.16.13","Kunduran","33.16.13.2004","Kodokan"
"33","Jawa Tengah","33.16","Kabupaten Blora","33.16.13","Kunduran","33.16.13.2005","Sonokidul"
"33","Jawa Tengah","33.16","Kabupaten Blora","33.16.13","Kunduran","33.16.13.2006","Sempu"
"33","Jawa Tengah","33.16","Kabupaten Blora","33.16.13","Kunduran","33.16.13.2007","Cungkup"
"33","Jawa Tengah","33.16","Kabupaten Blora","33.16.13","Kunduran","33.16.13.2008","plosorejo"
"33","Jawa Tengah","33.16","Kabupaten Blora","33.16.13","Kunduran","33.16.13.2009","Ngilen"
"33","Jawa Tengah","33.16","Kabupaten Blora","33.16.13","Kunduran","33.16.13.2010","Bakah"
"33","Jawa Tengah","33.16","Kabupaten Blora","33.16.13","Kunduran","33.16.13.2011","Kalangrejo"
"33","Jawa Tengah","33.16","Kabupaten Blora","33.16.13","Kunduran","33.16.13.2012","Blumbangrejo"
"33","Jawa Tengah","33.16","Kabupaten Blora","33.16.13","Kunduran","33.16.13.2013","Tawangrejo"
"33","Jawa Tengah","33.16","Kabupaten Blora","33.16.13","Kunduran","33.16.13.2014","Klokah"
"33","Jawa Tengah","33.16","Kabupaten Blora","33.16.13","Kunduran","33.16.13.2015","Muraharjo"
"33","Jawa Tengah","33.16","Kabupaten Blora","33.16.13","Kunduran","33.16.13.2016","Jagong"
"33","Jawa Tengah","33.16","Kabupaten Blora","33.16.13","Kunduran","33.16.13.2018","Gagaan"
"33","Jawa Tengah","33.16","Kabupaten Blora","33.16.13","Kunduran","33.16.13.2019","Sambiroto"
"33","Jawa Tengah","33.16","Kabupaten Blora","33.16.13","Kunduran","33.16.13.2020","Bejirejo"
"33","Jawa Tengah","33.16","Kabupaten Blora","33.16.13","Kunduran","33.16.13.2021","Jetak"
"33","Jawa Tengah","33.16","Kabupaten Blora","33.16.13","Kunduran","33.16.13.2022","Karanggeneng"
"33","Jawa Tengah","33.16","Kabupaten Blora","33.16.13","Kunduran","33.16.13.2023","Balong"
"33","Jawa Tengah","33.16","Kabupaten Blora","33.16.13","Kunduran","33.16.13.2024","Ngawenombo"
"33","Jawa Tengah","33.16","Kabupaten Blora","33.16.13","Kunduran","33.16.13.2025","Sendangwates"
"33","Jawa Tengah","33.16","Kabupaten Blora","33.16.13","Kunduran","33.16.13.2026","Kedungwaru"
"33","Jawa Tengah","33.16","Kabupaten Blora","33.16.14","Todanan","33.16.14.2001","Tinapan"
"33","Jawa Tengah","33.16","Kabupaten Blora","33.16.14","Todanan","33.16.14.2002","Sambeng"
"33","Jawa Tengah","33.16","Kabupaten Blora","33.16.14","Todanan","33.16.14.2003","Prigi"
"33","Jawa Tengah","33.16","Kabupaten Blora","33.16.14","Todanan","33.16.14.2004","Pelemsengir"
"33","Jawa Tengah","33.16","Kabupaten Blora","33.16.14","Todanan","33.16.14.2005","Kacangan"
"33","Jawa Tengah","33.16","Kabupaten Blora","33.16.14","Todanan","33.16.14.2006","Sonokulon"
"33","Jawa Tengah","33.16","Kabupaten Blora","33.16.14","Todanan","33.16.14.2007","Kedungwungu"
"33","Jawa Tengah","33.16","Kabupaten Blora","33.16.14","Todanan","33.16.14.2008","Gunungan"
"33","Jawa Tengah","33.16","Kabupaten Blora","33.16.14","Todanan","33.16.14.2009","Kajengan"
"33","Jawa Tengah","33.16","Kabupaten Blora","33.16.14","Todanan","33.16.14.2010","Dringo"
"33","Jawa Tengah","33.16","Kabupaten Blora","33.16.14","Todanan","33.16.14.2011","Cokrowati"
"33","Jawa Tengah","33.16","Kabupaten Blora","33.16.14","Todanan","33.16.14.2012","Ketileng"
"33","Jawa Tengah","33.16","Kabupaten Blora","33.16.14","Todanan","33.16.14.2013","Todanan"
"33","Jawa Tengah","33.16","Kabupaten Blora","33.16.14","Todanan","33.16.14.2014","Ngumbul"
"33","Jawa Tengah","33.16","Kabupaten Blora","33.16.14","Todanan","33.16.14.2015","Wukirsari"
"33","Jawa Tengah","33.16","Kabupaten Blora","33.16.14","Todanan","33.16.14.2016","Bicak"
"33","Jawa Tengah","33.16","Kabupaten Blora","33.16.14","Todanan","33.16.14.2017","Sendang"
"33","Jawa Tengah","33.16","Kabupaten Blora","33.16.14","Todanan","33.16.14.2018","Karanganyar"
"33","Jawa Tengah","33.16","Kabupaten Blora","33.16.14","Todanan","33.16.14.2019","Dalangan"
"33","Jawa Tengah","33.16","Kabupaten Blora","33.16.14","Todanan","33.16.14.2020","Candi"
"33","Jawa Tengah","33.16","Kabupaten Blora","33.16.14","Todanan","33.16.14.2021","Gondoriyo"
"33","Jawa Tengah","33.16","Kabupaten Blora","33.16.14","Todanan","33.16.14.2022","Kembang"
"33","Jawa Tengah","33.16","Kabupaten Blora","33.16.14","Todanan","33.16.14.2023","Bedingin"
"33","Jawa Tengah","33.16","Kabupaten Blora","33.16.14","Todanan","33.16.14.2024","Ledok"
"33","Jawa Tengah","33.16","Kabupaten Blora","33.16.14","Todanan","33.16.14.2025","Kedungbacin"
"33","Jawa Tengah","33.16","Kabupaten Blora","33.16.15","Bogorejo","33.16.15.2001","Gombang"
"33","Jawa Tengah","33.16","Kabupaten Blora","33.16.15","Bogorejo","33.16.15.2002","Sarirejo"
"33","Jawa Tengah","33.16","Kabupaten Blora","33.16.15","Bogorejo","33.16.15.2003","Karanganyar"
"33","Jawa Tengah","33.16","Kabupaten Blora","33.16.15","Bogorejo","33.16.15.2004","Karang"
"33","Jawa Tengah","33.16","Kabupaten Blora","33.16.15","Bogorejo","33.16.15.2005","Prantaan"
"33","Jawa Tengah","33.16","Kabupaten Blora","33.16.15","Bogorejo","33.16.15.2006","Jeruk"
"33","Jawa Tengah","33.16","Kabupaten Blora","33.16.15","Bogorejo","33.16.15.2007","Bogorejo"
"33","Jawa Tengah","33.16","Kabupaten Blora","33.16.15","Bogorejo","33.16.15.2008","Gembol"
"33","Jawa Tengah","33.16","Kabupaten Blora","33.16.15","Bogorejo","33.16.15.2009","Tempurejo"
"33","Jawa Tengah","33.16","Kabupaten Blora","33.16.15","Bogorejo","33.16.15.2010","Gayam"
"33","Jawa Tengah","33.16","Kabupaten Blora","33.16.15","Bogorejo","33.16.15.2011","Sendangrejo"
"33","Jawa Tengah","33.16","Kabupaten Blora","33.16.15","Bogorejo","33.16.15.2012","Gandu"
"33","Jawa Tengah","33.16","Kabupaten Blora","33.16.15","Bogorejo","33.16.15.2013","Nglengkir"
"33","Jawa Tengah","33.16","Kabupaten Blora","33.16.15","Bogorejo","33.16.15.2014","Jurangjero"
"33","Jawa Tengah","33.16","Kabupaten Blora","33.16.16","Japah","33.16.16.2001","Harjowinangun"
"33","Jawa Tengah","33.16","Kabupaten Blora","33.16.16","Japah","33.16.16.2002","Tengger"
"33","Jawa Tengah","33.16","Kabupaten Blora","33.16.16","Japah","33.16.16.2003","Krocok"
"33","Jawa Tengah","33.16","Kabupaten Blora","33.16.16","Japah","33.16.16.2004","Ngapus"
"33","Jawa Tengah","33.16","Kabupaten Blora","33.16.16","Japah","33.16.16.2005","Dologan"
"33","Jawa Tengah","33.16","Kabupaten Blora","33.16.16","Japah","33.16.16.2006","Tlogowungu"
"33","Jawa Tengah","33.16","Kabupaten Blora","33.16.16","Japah","33.16.16.2007","Japah"
"33","Jawa Tengah","33.16","Kabupaten Blora","33.16.16","Japah","33.16.16.2008","Beganjing"
"33","Jawa Tengah","33.16","Kabupaten Blora","33.16.16","Japah","33.16.16.2009","Ngrambitan"
"33","Jawa Tengah","33.16","Kabupaten Blora","33.16.16","Japah","33.16.16.2010","Pengkolrejo"
"33","Jawa Tengah","33.16","Kabupaten Blora","33.16.16","Japah","33.16.16.2011","Bogorejo"
"33","Jawa Tengah","33.16","Kabupaten Blora","33.16.16","Japah","33.16.16.2012","Wotbakah"
"33","Jawa Tengah","33.16","Kabupaten Blora","33.16.16","Japah","33.16.16.2013","Padaan"
"33","Jawa Tengah","33.16","Kabupaten Blora","33.16.16","Japah","33.16.16.2014","Bogem"
"33","Jawa Tengah","33.16","Kabupaten Blora","33.16.16","Japah","33.16.16.2015","Sumberejo"
"33","Jawa Tengah","33.16","Kabupaten Blora","33.16.16","Japah","33.16.16.2016","Ngiyono"
"33","Jawa Tengah","33.16","Kabupaten Blora","33.16.16","Japah","33.16.16.2017","Gaplokan"
"33","Jawa Tengah","33.16","Kabupaten Blora","33.16.16","Japah","33.16.16.2018","Kalinanas"
"33","Jawa Tengah","33.17","Kabupaten Rembang","33.17.01","Sumber","33.17.01.2001","Ronggo Mulyo"
"33","Jawa Tengah","33.17","Kabupaten Rembang","33.17.01","Sumber","33.17.01.2002","Logede"
"33","Jawa Tengah","33.17","Kabupaten Rembang","33.17.01","Sumber","33.17.01.2003","Pelemsari"
"33","Jawa Tengah","33.17","Kabupaten Rembang","33.17.01","Sumber","33.17.01.2004","Logung"
"33","Jawa Tengah","33.17","Kabupaten Rembang","33.17.01","Sumber","33.17.01.2005","Krikilan"
"33","Jawa Tengah","33.17","Kabupaten Rembang","33.17.01","Sumber","33.17.01.2006","Kedungtulup"
"33","Jawa Tengah","33.17","Kabupaten Rembang","33.17.01","Sumber","33.17.01.2007","Polbayem"
"33","Jawa Tengah","33.17","Kabupaten Rembang","33.17.01","Sumber","33.17.01.2008","Jatihadi"
"33","Jawa Tengah","33.17","Kabupaten Rembang","33.17.01","Sumber","33.17.01.2009","Sumber"
"33","Jawa Tengah","33.17","Kabupaten Rembang","33.17.01","Sumber","33.17.01.2010","Jadi"
"33","Jawa Tengah","33.17","Kabupaten Rembang","33.17.01","Sumber","33.17.01.2011","Grawan"
"33","Jawa Tengah","33.17","Kabupaten Rembang","33.17.01","Sumber","33.17.01.2012","Randuagung"
"33","Jawa Tengah","33.17","Kabupaten Rembang","33.17.01","Sumber","33.17.01.2013","Sukorejo"
"33","Jawa Tengah","33.17","Kabupaten Rembang","33.17.01","Sumber","33.17.01.2014","Tlogotunggal"
"33","Jawa Tengah","33.17","Kabupaten Rembang","33.17.01","Sumber","33.17.01.2015","Bogorejo"
"33","Jawa Tengah","33.17","Kabupaten Rembang","33.17.01","Sumber","33.17.01.2016","Megulung"
"33","Jawa Tengah","33.17","Kabupaten Rembang","33.17.01","Sumber","33.17.01.2017","Kedungasem"
"33","Jawa Tengah","33.17","Kabupaten Rembang","33.17.01","Sumber","33.17.01.2018","Sekarsari"
"33","Jawa Tengah","33.17","Kabupaten Rembang","33.17.02","Bulu","33.17.02.2001","Mlatirejo"
"33","Jawa Tengah","33.17","Kabupaten Rembang","33.17.02","Bulu","33.17.02.2002","Sendangmulyo"
"33","Jawa Tengah","33.17","Kabupaten Rembang","33.17.02","Bulu","33.17.02.2003","Pondokrejo"
"33","Jawa Tengah","33.17","Kabupaten Rembang","33.17.02","Bulu","33.17.02.2004","Warugunung"
"33","Jawa Tengah","33.17","Kabupaten Rembang","33.17.02","Bulu","33.17.02.2005","Pinggan"
"33","Jawa Tengah","33.17","Kabupaten Rembang","33.17.02","Bulu","33.17.02.2006","Cabean Kidul"
"33","Jawa Tengah","33.17","Kabupaten Rembang","33.17.02","Bulu","33.17.02.2007","Lambangan Kulon"
"33","Jawa Tengah","33.17","Kabupaten Rembang","33.17.02","Bulu","33.17.02.2008","Lambangan Wetan"
"33","Jawa Tengah","33.17","Kabupaten Rembang","33.17.02","Bulu","33.17.02.2009","Sumbermulyo"
"33","Jawa Tengah","33.17","Kabupaten Rembang","33.17.02","Bulu","33.17.02.2010","Karangasem"
"33","Jawa Tengah","33.17","Kabupaten Rembang","33.17.02","Bulu","33.17.02.2011","Pasedan"
"33","Jawa Tengah","33.17","Kabupaten Rembang","33.17.02","Bulu","33.17.02.2012","Ngulaan"
"33","Jawa Tengah","33.17","Kabupaten Rembang","33.17.02","Bulu","33.17.02.2013","Jukung"
"33","Jawa Tengah","33.17","Kabupaten Rembang","33.17.02","Bulu","33.17.02.2014","Bulu"
"33","Jawa Tengah","33.17","Kabupaten Rembang","33.17.02","Bulu","33.17.02.2015","Mantingan"
"33","Jawa Tengah","33.17","Kabupaten Rembang","33.17.02","Bulu","33.17.02.2016","Kadiwono"
"33","Jawa Tengah","33.17","Kabupaten Rembang","33.17.03","Gunem","33.17.03.2001","Kajar"
"33","Jawa Tengah","33.17","Kabupaten Rembang","33.17.03","Gunem","33.17.03.2002","Timbrangan"
"33","Jawa Tengah","33.17","Kabupaten Rembang","33.17.03","Gunem","33.17.03.2003","Tegaldowo"
"33","Jawa Tengah","33.17","Kabupaten Rembang","33.17.03","Gunem","33.17.03.2004","Pasucen"
"33","Jawa Tengah","33.17","Kabupaten Rembang","33.17.03","Gunem","33.17.03.2005","Suntri"
"33","Jawa Tengah","33.17","Kabupaten Rembang","33.17.03","Gunem","33.17.03.2006","Dowan"
"33","Jawa Tengah","33.17","Kabupaten Rembang","33.17.03","Gunem","33.17.03.2007","Trembes"
"33","Jawa Tengah","33.17","Kabupaten Rembang","33.17.03","Gunem","33.17.03.2008","Gunem"
"33","Jawa Tengah","33.17","Kabupaten Rembang","33.17.03","Gunem","33.17.03.2009","Kulutan"
"33","Jawa Tengah","33.17","Kabupaten Rembang","33.17.03","Gunem","33.17.03.2010","Sidomulyo"
"33","Jawa Tengah","33.17","Kabupaten Rembang","33.17.03","Gunem","33.17.03.2011","Telgawah"
"33","Jawa Tengah","33.17","Kabupaten Rembang","33.17.03","Gunem","33.17.03.2012","Sendangmulyo"
"33","Jawa Tengah","33.17","Kabupaten Rembang","33.17.03","Gunem","33.17.03.2013","Panohan"
"33","Jawa Tengah","33.17","Kabupaten Rembang","33.17.03","Gunem","33.17.03.2014","Demaan"
"33","Jawa Tengah","33.17","Kabupaten Rembang","33.17.03","Gunem","33.17.03.2015","Banyuurip"
"33","Jawa Tengah","33.17","Kabupaten Rembang","33.17.03","Gunem","33.17.03.2016","Sambongpayak"
"33","Jawa Tengah","33.17","Kabupaten Rembang","33.17.04","Sale","33.17.04.2001","Bancang"
"33","Jawa Tengah","33.17","Kabupaten Rembang","33.17.04","Sale","33.17.04.2002","Mrayun"
"33","Jawa Tengah","33.17","Kabupaten Rembang","33.17.04","Sale","33.17.04.2003","Ngajaran"
"33","Jawa Tengah","33.17","Kabupaten Rembang","33.17.04","Sale","33.17.04.2004","Tahunan"
"33","Jawa Tengah","33.17","Kabupaten Rembang","33.17.04","Sale","33.17.04.2005","Gading"
"33","Jawa Tengah","33.17","Kabupaten Rembang","33.17.04","Sale","33.17.04.2006","Jinanten"
"33","Jawa Tengah","33.17","Kabupaten Rembang","33.17.04","Sale","33.17.04.2007","Joho"
"33","Jawa Tengah","33.17","Kabupaten Rembang","33.17.04","Sale","33.17.04.2008","Sale"
"33","Jawa Tengah","33.17","Kabupaten Rembang","33.17.04","Sale","33.17.04.2009","Wonokerto"
"33","Jawa Tengah","33.17","Kabupaten Rembang","33.17.04","Sale","33.17.04.2010","Sumbermulyo"
"33","Jawa Tengah","33.17","Kabupaten Rembang","33.17.04","Sale","33.17.04.2011","Tengger"
"33","Jawa Tengah","33.17","Kabupaten Rembang","33.17.04","Sale","33.17.04.2012","Bitingan"
"33","Jawa Tengah","33.17","Kabupaten Rembang","33.17.04","Sale","33.17.04.2013","Pakis"
"33","Jawa Tengah","33.17","Kabupaten Rembang","33.17.04","Sale","33.17.04.2014","Rendeng"
"33","Jawa Tengah","33.17","Kabupaten Rembang","33.17.04","Sale","33.17.04.2015","Ukir"
"33","Jawa Tengah","33.17","Kabupaten Rembang","33.17.05","Sarang","33.17.05.2001","Lodankulon"
"33","Jawa Tengah","33.17","Kabupaten Rembang","33.17.05","Sarang","33.17.05.2002","Lodanwetan"
"33","Jawa Tengah","33.17","Kabupaten Rembang","33.17.05","Sarang","33.17.05.2003","Bonjor"
"33","Jawa Tengah","33.17","Kabupaten Rembang","33.17.05","Sarang","33.17.05.2004","Tawangrejo"
"33","Jawa Tengah","33.17","Kabupaten Rembang","33.17.05","Sarang","33.17.05.2005","Sampung"
"33","Jawa Tengah","33.17","Kabupaten Rembang","33.17.05","Sarang","33.17.05.2006","Baturno"
"33","Jawa Tengah","33.17","Kabupaten Rembang","33.17.05","Sarang","33.17.05.2007","Babaktulung"
"33","Jawa Tengah","33.17","Kabupaten Rembang","33.17.05","Sarang","33.17.05.2008","Nglojo"
"33","Jawa Tengah","33.17","Kabupaten Rembang","33.17.05","Sarang","33.17.05.2009","Jambangan"
"33","Jawa Tengah","33.17","Kabupaten Rembang","33.17.05","Sarang","33.17.05.2010","Pelang"
"33","Jawa Tengah","33.17","Kabupaten Rembang","33.17.05","Sarang","33.17.05.2011","Gilis"
"33","Jawa Tengah","33.17","Kabupaten Rembang","33.17.05","Sarang","33.17.05.2012","Gunungmulyo"
"33","Jawa Tengah","33.17","Kabupaten Rembang","33.17.05","Sarang","33.17.05.2013","Gonggang"
"33","Jawa Tengah","33.17","Kabupaten Rembang","33.17.05","Sarang","33.17.05.2014","Sumbermulyo"
"33","Jawa Tengah","33.17","Kabupaten Rembang","33.17.05","Sarang","33.17.05.2015","Kalipang"
"33","Jawa Tengah","33.17","Kabupaten Rembang","33.17.05","Sarang","33.17.05.2016","Dadapmulyo"
"33","Jawa Tengah","33.17","Kabupaten Rembang","33.17.05","Sarang","33.17.05.2017","Sendangmulyo"
"33","Jawa Tengah","33.17","Kabupaten Rembang","33.17.05","Sarang","33.17.05.2018","Banowan"
"33","Jawa Tengah","33.17","Kabupaten Rembang","33.17.05","Sarang","33.17.05.2019","Temperak"
"33","Jawa Tengah","33.17","Kabupaten Rembang","33.17.05","Sarang","33.17.05.2020","Karangmangu"
"33","Jawa Tengah","33.17","Kabupaten Rembang","33.17.05","Sarang","33.17.05.2021","Bajingjowo"
"33","Jawa Tengah","33.17","Kabupaten Rembang","33.17.05","Sarang","33.17.05.2022","Bajingmeduro"
"33","Jawa Tengah","33.17","Kabupaten Rembang","33.17.05","Sarang","33.17.05.2023","Sarangmeduro"
"33","Jawa Tengah","33.17","Kabupaten Rembang","33.17.06","Sedan","33.17.06.2001","Ngulahan"
"33","Jawa Tengah","33.17","Kabupaten Rembang","33.17.06","Sedan","33.17.06.2002","Pacing"
"33","Jawa Tengah","33.17","Kabupaten Rembang","33.17.06","Sedan","33.17.06.2003","Karas"
"33","Jawa Tengah","33.17","Kabupaten Rembang","33.17.06","Sedan","33.17.06.2004","Mojosari"
"33","Jawa Tengah","33.17","Kabupaten Rembang","33.17.06","Sedan","33.17.06.2005","Gesikan"
"33","Jawa Tengah","33.17","Kabupaten Rembang","33.17.06","Sedan","33.17.06.2006","Sambiroto"
"33","Jawa Tengah","33.17","Kabupaten Rembang","33.17.06","Sedan","33.17.06.2007","Sedan"
"33","Jawa Tengah","33.17","Kabupaten Rembang","33.17.06","Sedan","33.17.06.2008","Karangasem"
"33","Jawa Tengah","33.17","Kabupaten Rembang","33.17.06","Sedan","33.17.06.2009","Sidorejo"
"33","Jawa Tengah","33.17","Kabupaten Rembang","33.17.06","Sedan","33.17.06.2010","Sidomulyo"
"33","Jawa Tengah","33.17","Kabupaten Rembang","33.17.06","Sedan","33.17.06.2011","Kedungringin"
"33","Jawa Tengah","33.17","Kabupaten Rembang","33.17.06","Sedan","33.17.06.2012","Gandrirojo"
"33","Jawa Tengah","33.17","Kabupaten Rembang","33.17.06","Sedan","33.17.06.2013","Candimulyo"
"33","Jawa Tengah","33.17","Kabupaten Rembang","33.17.06","Sedan","33.17.06.2014","Lemahputih"
"33","Jawa Tengah","33.17","Kabupaten Rembang","33.17.06","Sedan","33.17.06.2015","Kumbo"
"33","Jawa Tengah","33.17","Kabupaten Rembang","33.17.06","Sedan","33.17.06.2016","Dadapan"
"33","Jawa Tengah","33.17","Kabupaten Rembang","33.17.06","Sedan","33.17.06.2017","Sambong"
"33","Jawa Tengah","33.17","Kabupaten Rembang","33.17.06","Sedan","33.17.06.2018","Bogorejo"
"33","Jawa Tengah","33.17","Kabupaten Rembang","33.17.06","Sedan","33.17.06.2019","Kenongo"
"33","Jawa Tengah","33.17","Kabupaten Rembang","33.17.06","Sedan","33.17.06.2020","Jambeyan"
"33","Jawa Tengah","33.17","Kabupaten Rembang","33.17.06","Sedan","33.17.06.2021","Menoro"
"33","Jawa Tengah","33.17","Kabupaten Rembang","33.17.07","Pamotan","33.17.07.2001","Megal"
"33","Jawa Tengah","33.17","Kabupaten Rembang","33.17.07","Pamotan","33.17.07.2002","Ngemplakrejo"
"33","Jawa Tengah","33.17","Kabupaten Rembang","33.17.07","Pamotan","33.17.07.2003","Pragen"
"33","Jawa Tengah","33.17","Kabupaten Rembang","33.17.07","Pamotan","33.17.07.2004","Samaran"
"33","Jawa Tengah","33.17","Kabupaten Rembang","33.17.07","Pamotan","33.17.07.2005","Gambiran"
"33","Jawa Tengah","33.17","Kabupaten Rembang","33.17.07","Pamotan","33.17.07.2006","Bamban"
"33","Jawa Tengah","33.17","Kabupaten Rembang","33.17.07","Pamotan","33.17.07.2007","Bangunrejo"
"33","Jawa Tengah","33.17","Kabupaten Rembang","33.17.07","Pamotan","33.17.07.2008","Pamotan"
"33","Jawa Tengah","33.17","Kabupaten Rembang","33.17.07","Pamotan","33.17.07.2009","Sidorejo"
"33","Jawa Tengah","33.17","Kabupaten Rembang","33.17.07","Pamotan","33.17.07.2010","Tempaling"
"33","Jawa Tengah","33.17","Kabupaten Rembang","33.17.07","Pamotan","33.17.07.2011","Joho"
"33","Jawa Tengah","33.17","Kabupaten Rembang","33.17.07","Pamotan","33.17.07.2012","Mlagen"
"33","Jawa Tengah","33.17","Kabupaten Rembang","33.17.07","Pamotan","33.17.07.2013","Kepohagung"
"33","Jawa Tengah","33.17","Kabupaten Rembang","33.17.07","Pamotan","33.17.07.2014","Mlawat"
"33","Jawa Tengah","33.17","Kabupaten Rembang","33.17.07","Pamotan","33.17.07.2015","Segoromulyo"
"33","Jawa Tengah","33.17","Kabupaten Rembang","33.17.07","Pamotan","33.17.07.2016","Ketangi"
"33","Jawa Tengah","33.17","Kabupaten Rembang","33.17.07","Pamotan","33.17.07.2017","Sendangagung"
"33","Jawa Tengah","33.17","Kabupaten Rembang","33.17.07","Pamotan","33.17.07.2018","Gegersimo"
"33","Jawa Tengah","33.17","Kabupaten Rembang","33.17.07","Pamotan","33.17.07.2019","Sumberejo"
"33","Jawa Tengah","33.17","Kabupaten Rembang","33.17.07","Pamotan","33.17.07.2020","Japerejo"
"33","Jawa Tengah","33.17","Kabupaten Rembang","33.17.07","Pamotan","33.17.07.2021","Tulung"
"33","Jawa Tengah","33.17","Kabupaten Rembang","33.17.07","Pamotan","33.17.07.2022","Ringin"
"33","Jawa Tengah","33.17","Kabupaten Rembang","33.17.07","Pamotan","33.17.07.2023","Sumbangrejo"
"33","Jawa Tengah","33.17","Kabupaten Rembang","33.17.08","Sulang","33.17.08.2001","Tanjung"
"33","Jawa Tengah","33.17","Kabupaten Rembang","33.17.08","Sulang","33.17.08.2002","Kemadu"
"33","Jawa Tengah","33.17","Kabupaten Rembang","33.17.08","Sulang","33.17.08.2003","Sulang"
"33","Jawa Tengah","33.17","Kabupaten Rembang","33.17.08","Sulang","33.17.08.2004","Pomahan"
"33","Jawa Tengah","33.17","Kabupaten Rembang","33.17.08","Sulang","33.17.08.2005","Rukem"
"33","Jawa Tengah","33.17","Kabupaten Rembang","33.17.08","Sulang","33.17.08.2006","Korowelang"
"33","Jawa Tengah","33.17","Kabupaten Rembang","33.17.08","Sulang","33.17.08.2007","Karangharjo"
"33","Jawa Tengah","33.17","Kabupaten Rembang","33.17.08","Sulang","33.17.08.2008","Jatimudo"
"33","Jawa Tengah","33.17","Kabupaten Rembang","33.17.08","Sulang","33.17.08.2009","Kunir"
"33","Jawa Tengah","33.17","Kabupaten Rembang","33.17.08","Sulang","33.17.08.2010","Glebeg"
"33","Jawa Tengah","33.17","Kabupaten Rembang","33.17.08","Sulang","33.17.08.2011","Bogorame"
"33","Jawa Tengah","33.17","Kabupaten Rembang","33.17.08","Sulang","33.17.08.2012","Kaliombo"
"33","Jawa Tengah","33.17","Kabupaten Rembang","33.17.08","Sulang","33.17.08.2013","Sudo"
"33","Jawa Tengah","33.17","Kabupaten Rembang","33.17.08","Sulang","33.17.08.2014","Karangsari"
"33","Jawa Tengah","33.17","Kabupaten Rembang","33.17.08","Sulang","33.17.08.2015","Pragu"
"33","Jawa Tengah","33.17","Kabupaten Rembang","33.17.08","Sulang","33.17.08.2016","Kebonagung"
"33","Jawa Tengah","33.17","Kabupaten Rembang","33.17.08","Sulang","33.17.08.2017","Seren"
"33","Jawa Tengah","33.17","Kabupaten Rembang","33.17.08","Sulang","33.17.08.2018","Pranti"
"33","Jawa Tengah","33.17","Kabupaten Rembang","33.17.08","Sulang","33.17.08.2019","Pedak"
"33","Jawa Tengah","33.17","Kabupaten Rembang","33.17.08","Sulang","33.17.08.2020","Landoh"
"33","Jawa Tengah","33.17","Kabupaten Rembang","33.17.08","Sulang","33.17.08.2021","Kerep"
"33","Jawa Tengah","33.17","Kabupaten Rembang","33.17.09","Kaliori","33.17.09.2001","Meteseh"
"33","Jawa Tengah","33.17","Kabupaten Rembang","33.17.09","Kaliori","33.17.09.2002","Maguan"
"33","Jawa Tengah","33.17","Kabupaten Rembang","33.17.09","Kaliori","33.17.09.2003","Sidomulyo"
"33","Jawa Tengah","33.17","Kabupaten Rembang","33.17.09","Kaliori","33.17.09.2004","Wiroto"
"33","Jawa Tengah","33.17","Kabupaten Rembang","33.17.09","Kaliori","33.17.09.2005","Banggi"
"33","Jawa Tengah","33.17","Kabupaten Rembang","33.17.09","Kaliori","33.17.09.2006","Kuangsan"
"33","Jawa Tengah","33.17","Kabupaten Rembang","33.17.09","Kaliori","33.17.09.2007","Gunungsari"
"33","Jawa Tengah","33.17","Kabupaten Rembang","33.17.09","Kaliori","33.17.09.2008","Sendangagung"
"33","Jawa Tengah","33.17","Kabupaten Rembang","33.17.09","Kaliori","33.17.09.2009","Karangsekar"
"33","Jawa Tengah","33.17","Kabupaten Rembang","33.17.09","Kaliori","33.17.09.2010","Babadan"
"33","Jawa Tengah","33.17","Kabupaten Rembang","33.17.09","Kaliori","33.17.09.2011","Pengkol"
"33","Jawa Tengah","33.17","Kabupaten Rembang","33.17.09","Kaliori","33.17.09.2012","Sambiyan"
"33","Jawa Tengah","33.17","Kabupaten Rembang","33.17.09","Kaliori","33.17.09.2013","Mojorembun"
"33","Jawa Tengah","33.17","Kabupaten Rembang","33.17.09","Kaliori","33.17.09.2014","Tunggulsari"
"33","Jawa Tengah","33.17","Kabupaten Rembang","33.17.09","Kaliori","33.17.09.2015","Tambakagung"
"33","Jawa Tengah","33.17","Kabupaten Rembang","33.17.09","Kaliori","33.17.09.2016","Mojowarno"
"33","Jawa Tengah","33.17","Kabupaten Rembang","33.17.09","Kaliori","33.17.09.2017","Dresi Kulon"
"33","Jawa Tengah","33.17","Kabupaten Rembang","33.17.09","Kaliori","33.17.09.2018","Dresi Wetan"
"33","Jawa Tengah","33.17","Kabupaten Rembang","33.17.09","Kaliori","33.17.09.2019","Tasikharjo"
"33","Jawa Tengah","33.17","Kabupaten Rembang","33.17.09","Kaliori","33.17.09.2020","Purworejo"
"33","Jawa Tengah","33.17","Kabupaten Rembang","33.17.09","Kaliori","33.17.09.2021","Bogoharjo"
"33","Jawa Tengah","33.17","Kabupaten Rembang","33.17.09","Kaliori","33.17.09.2022","Banyudono"
"33","Jawa Tengah","33.17","Kabupaten Rembang","33.17.09","Kaliori","33.17.09.2023","Pantiharjo"
"33","Jawa Tengah","33.17","Kabupaten Rembang","33.17.10","Rembang","33.17.10.1019","Magersari"
"33","Jawa Tengah","33.17","Kabupaten Rembang","33.17.10","Rembang","33.17.10.1020","Gegunung Kulon"
"33","Jawa Tengah","33.17","Kabupaten Rembang","33.17.10","Rembang","33.17.10.1022","Pacar"
"33","Jawa Tengah","33.17","Kabupaten Rembang","33.17.10","Rembang","33.17.10.1023","Tanjungsari"
"33","Jawa Tengah","33.17","Kabupaten Rembang","33.17.10","Rembang","33.17.10.1027","Leteh"
"33","Jawa Tengah","33.17","Kabupaten Rembang","33.17.10","Rembang","33.17.10.1028","Sidowayah"
"33","Jawa Tengah","33.17","Kabupaten Rembang","33.17.10","Rembang","33.17.10.1029","Kutoharjo"
"33","Jawa Tengah","33.17","Kabupaten Rembang","33.17.10","Rembang","33.17.10.2001","Kedungrejo"
"33","Jawa Tengah","33.17","Kabupaten Rembang","33.17.10","Rembang","33.17.10.2002","Turusgede"
"33","Jawa Tengah","33.17","Kabupaten Rembang","33.17.10","Rembang","33.17.10.2003","Kumendung"
"33","Jawa Tengah","33.17","Kabupaten Rembang","33.17.10","Rembang","33.17.10.2004","Sridadi"
"33","Jawa Tengah","33.17","Kabupaten Rembang","33.17.10","Rembang","33.17.10.2005","Pandean"
"33","Jawa Tengah","33.17","Kabupaten Rembang","33.17.10","Rembang","33.17.10.2006","Tlogomojo"
"33","Jawa Tengah","33.17","Kabupaten Rembang","33.17.10","Rembang","33.17.10.2007","Kasreman"
"33","Jawa Tengah","33.17","Kabupaten Rembang","33.17.10","Rembang","33.17.10.2008","Punjulharjo"
"33","Jawa Tengah","33.17","Kabupaten Rembang","33.17.10","Rembang","33.17.10.2009","Tritunggal"
"33","Jawa Tengah","33.17","Kabupaten Rembang","33.17.10","Rembang","33.17.10.2010","Pasar Banggi"
"33","Jawa Tengah","33.17","Kabupaten Rembang","33.17.10","Rembang","33.17.10.2011","Gedangan"
"33","Jawa Tengah","33.17","Kabupaten Rembang","33.17.10","Rembang","33.17.10.2012","Weton"
"33","Jawa Tengah","33.17","Kabupaten Rembang","33.17.10","Rembang","33.17.10.2013","Ngotet"
"33","Jawa Tengah","33.17","Kabupaten Rembang","33.17.10","Rembang","33.17.10.2014","Mondoteko"
"33","Jawa Tengah","33.17","Kabupaten Rembang","33.17.10","Rembang","33.17.10.2015","Ngadem"
"33","Jawa Tengah","33.17","Kabupaten Rembang","33.17.10","Rembang","33.17.10.2016","Ketanggi"
"33","Jawa Tengah","33.17","Kabupaten Rembang","33.17.10","Rembang","33.17.10.2017","Pulo"
"33","Jawa Tengah","33.17","Kabupaten Rembang","33.17.10","Rembang","33.17.10.2018","Waru"
"33","Jawa Tengah","33.17","Kabupaten Rembang","33.17.10","Rembang","33.17.10.2021","Gegunung Wetan"
"33","Jawa Tengah","33.17","Kabupaten Rembang","33.17.10","Rembang","33.17.10.2024","Sumberejo"
"33","Jawa Tengah","33.17","Kabupaten Rembang","33.17.10","Rembang","33.17.10.2025","Tasikagung"
"33","Jawa Tengah","33.17","Kabupaten Rembang","33.17.10","Rembang","33.17.10.2026","Sawahan"
"33","Jawa Tengah","33.17","Kabupaten Rembang","33.17.10","Rembang","33.17.10.2030","Padaran"
"33","Jawa Tengah","33.17","Kabupaten Rembang","33.17.10","Rembang","33.17.10.2031","Sukoharjo"
"33","Jawa Tengah","33.17","Kabupaten Rembang","33.17.10","Rembang","33.17.10.2032","Kabongan Lor"
"33","Jawa Tengah","33.17","Kabupaten Rembang","33.17.10","Rembang","33.17.10.2033","Kabongan Kidul"
"33","Jawa Tengah","33.17","Kabupaten Rembang","33.17.10","Rembang","33.17.10.2034","Tireman"
"33","Jawa Tengah","33.17","Kabupaten Rembang","33.17.11","Pancur","33.17.11.2001","Japeledok"
"33","Jawa Tengah","33.17","Kabupaten Rembang","33.17.11","Pancur","33.17.11.2002","Jeruk"
"33","Jawa Tengah","33.17","Kabupaten Rembang","33.17.11","Pancur","33.17.11.2003","Doropayung"
"33","Jawa Tengah","33.17","Kabupaten Rembang","33.17.11","Pancur","33.17.11.2004","Karaskepoh"
"33","Jawa Tengah","33.17","Kabupaten Rembang","33.17.11","Pancur","33.17.11.2005","Tuyuhan"
"33","Jawa Tengah","33.17","Kabupaten Rembang","33.17.11","Pancur","33.17.11.2006","Pandan"
"33","Jawa Tengah","33.17","Kabupaten Rembang","33.17.11","Pancur","33.17.11.2007","Gemblengmulyo"
"33","Jawa Tengah","33.17","Kabupaten Rembang","33.17.11","Pancur","33.17.11.2008","Sumberagung"
"33","Jawa Tengah","33.17","Kabupaten Rembang","33.17.11","Pancur","33.17.11.2009","Kalitengah"
"33","Jawa Tengah","33.17","Kabupaten Rembang","33.17.11","Pancur","33.17.11.2010","Sidowayah"
"33","Jawa Tengah","33.17","Kabupaten Rembang","33.17.11","Pancur","33.17.11.2011","Kedung"
"33","Jawa Tengah","33.17","Kabupaten Rembang","33.17.11","Pancur","33.17.11.2012","Punggurharjo"
"33","Jawa Tengah","33.17","Kabupaten Rembang","33.17.11","Pancur","33.17.11.2013","Langkir"
"33","Jawa Tengah","33.17","Kabupaten Rembang","33.17.11","Pancur","33.17.11.2014","Pancur"
"33","Jawa Tengah","33.17","Kabupaten Rembang","33.17.11","Pancur","33.17.11.2015","Pohlandak"
"33","Jawa Tengah","33.17","Kabupaten Rembang","33.17.11","Pancur","33.17.11.2016","Warugunung"
"33","Jawa Tengah","33.17","Kabupaten Rembang","33.17.11","Pancur","33.17.11.2017","Criwik"
"33","Jawa Tengah","33.17","Kabupaten Rembang","33.17.11","Pancur","33.17.11.2018","Wuwur"
"33","Jawa Tengah","33.17","Kabupaten Rembang","33.17.11","Pancur","33.17.11.2019","Ngulangan"
"33","Jawa Tengah","33.17","Kabupaten Rembang","33.17.11","Pancur","33.17.11.2020","Banyuurip"
"33","Jawa Tengah","33.17","Kabupaten Rembang","33.17.11","Pancur","33.17.11.2021","Johogunung"
"33","Jawa Tengah","33.17","Kabupaten Rembang","33.17.11","Pancur","33.17.11.2022","Trenggulunan"
"33","Jawa Tengah","33.17","Kabupaten Rembang","33.17.11","Pancur","33.17.11.2023","Ngroto"
"33","Jawa Tengah","33.17","Kabupaten Rembang","33.17.12","Kragan","33.17.12.2001","Tanjungsari"
"33","Jawa Tengah","33.17","Kabupaten Rembang","33.17.12","Kragan","33.17.12.2002","Sendangmulyo"
"33","Jawa Tengah","33.17","Kabupaten Rembang","33.17.12","Kragan","33.17.12.2003","Sendangwaru"
"33","Jawa Tengah","33.17","Kabupaten Rembang","33.17.12","Kragan","33.17.12.2004","Ngasinan"
"33","Jawa Tengah","33.17","Kabupaten Rembang","33.17.12","Kragan","33.17.12.2005","Kendalagung"
"33","Jawa Tengah","33.17","Kabupaten Rembang","33.17.12","Kragan","33.17.12.2006","Mojokerto"
"33","Jawa Tengah","33.17","Kabupaten Rembang","33.17.12","Kragan","33.17.12.2007","Tanjungan"
"33","Jawa Tengah","33.17","Kabupaten Rembang","33.17.12","Kragan","33.17.12.2008","Kebloran"
"33","Jawa Tengah","33.17","Kabupaten Rembang","33.17.12","Kragan","33.17.12.2009","Karanganyar"
"33","Jawa Tengah","33.17","Kabupaten Rembang","33.17.12","Kragan","33.17.12.2010","Karanglincak"
"33","Jawa Tengah","33.17","Kabupaten Rembang","33.17.12","Kragan","33.17.12.2011","Karangharjo"
"33","Jawa Tengah","33.17","Kabupaten Rembang","33.17.12","Kragan","33.17.12.2012","Kragan"
"33","Jawa Tengah","33.17","Kabupaten Rembang","33.17.12","Kragan","33.17.12.2013","Tegalmulyo"
"33","Jawa Tengah","33.17","Kabupaten Rembang","33.17.12","Kragan","33.17.12.2014","Balongmulyo"
"33","Jawa Tengah","33.17","Kabupaten Rembang","33.17.12","Kragan","33.17.12.2015","Narukan"
"33","Jawa Tengah","33.17","Kabupaten Rembang","33.17.12","Kragan","33.17.12.2016","Sudan"
"33","Jawa Tengah","33.17","Kabupaten Rembang","33.17.12","Kragan","33.17.12.2017","Terjan"
"33","Jawa Tengah","33.17","Kabupaten Rembang","33.17.12","Kragan","33.17.12.2018","Sendang"
"33","Jawa Tengah","33.17","Kabupaten Rembang","33.17.12","Kragan","33.17.12.2019","Watupecah"
"33","Jawa Tengah","33.17","Kabupaten Rembang","33.17.12","Kragan","33.17.12.2020","Woro"
"33","Jawa Tengah","33.17","Kabupaten Rembang","33.17.12","Kragan","33.17.12.2021","Sumurpule"
"33","Jawa Tengah","33.17","Kabupaten Rembang","33.17.12","Kragan","33.17.12.2022","Plawangan"
"33","Jawa Tengah","33.17","Kabupaten Rembang","33.17.12","Kragan","33.17.12.2023","Sumbergayam"
"33","Jawa Tengah","33.17","Kabupaten Rembang","33.17.12","Kragan","33.17.12.2024","Pandangan Wetan"
"33","Jawa Tengah","33.17","Kabupaten Rembang","33.17.12","Kragan","33.17.12.2025","Pandangan Kulon"
"33","Jawa Tengah","33.17","Kabupaten Rembang","33.17.12","Kragan","33.17.12.2026","Sumurtawang"
"33","Jawa Tengah","33.17","Kabupaten Rembang","33.17.12","Kragan","33.17.12.2027","Sumbersari"
"33","Jawa Tengah","33.17","Kabupaten Rembang","33.17.13","Sluke","33.17.13.2001","Sanetan"
"33","Jawa Tengah","33.17","Kabupaten Rembang","33.17.13","Sluke","33.17.13.2002","Rakitan"
"33","Jawa Tengah","33.17","Kabupaten Rembang","33.17.13","Sluke","33.17.13.2003","Bendo"
"33","Jawa Tengah","33.17","Kabupaten Rembang","33.17.13","Sluke","33.17.13.2004","Labuhan Kidul"
"33","Jawa Tengah","33.17","Kabupaten Rembang","33.17.13","Sluke","33.17.13.2005","Sendangmulyo"
"33","Jawa Tengah","33.17","Kabupaten Rembang","33.17.13","Sluke","33.17.13.2006","Blimbing"
"33","Jawa Tengah","33.17","Kabupaten Rembang","33.17.13","Sluke","33.17.13.2007","Manggar"
"33","Jawa Tengah","33.17","Kabupaten Rembang","33.17.13","Sluke","33.17.13.2008","Jatisari"
"33","Jawa Tengah","33.17","Kabupaten Rembang","33.17.13","Sluke","33.17.13.2009","Langgar"
"33","Jawa Tengah","33.17","Kabupaten Rembang","33.17.13","Sluke","33.17.13.2010","Sluke"
"33","Jawa Tengah","33.17","Kabupaten Rembang","33.17.13","Sluke","33.17.13.2011","Jurangjero"
"33","Jawa Tengah","33.17","Kabupaten Rembang","33.17.13","Sluke","33.17.13.2012","Leran"
"33","Jawa Tengah","33.17","Kabupaten Rembang","33.17.13","Sluke","33.17.13.2013","Trahan"
"33","Jawa Tengah","33.17","Kabupaten Rembang","33.17.13","Sluke","33.17.13.2014","Pangkalan"
"33","Jawa Tengah","33.17","Kabupaten Rembang","33.17.14","Lasem","33.17.14.2001","Karasgede"
"33","Jawa Tengah","33.17","Kabupaten Rembang","33.17.14","Lasem","33.17.14.2002","Jolotundo"
"33","Jawa Tengah","33.17","Kabupaten Rembang","33.17.14","Lasem","33.17.14.2003","Sumbergirang"
"33","Jawa Tengah","33.17","Kabupaten Rembang","33.17.14","Lasem","33.17.14.2004","Karangturi"
"33","Jawa Tengah","33.17","Kabupaten Rembang","33.17.14","Lasem","33.17.14.2005","Babagan"
"33","Jawa Tengah","33.17","Kabupaten Rembang","33.17.14","Lasem","33.17.14.2006","Dorokandang"
"33","Jawa Tengah","33.17","Kabupaten Rembang","33.17.14","Lasem","33.17.14.2007","Gedongmulyo"
"33","Jawa Tengah","33.17","Kabupaten Rembang","33.17.14","Lasem","33.17.14.2008","Dasun"
"33","Jawa Tengah","33.17","Kabupaten Rembang","33.17.14","Lasem","33.17.14.2009","Soditan"
"33","Jawa Tengah","33.17","Kabupaten Rembang","33.17.14","Lasem","33.17.14.2010","Ngemplak"
"33","Jawa Tengah","33.17","Kabupaten Rembang","33.17.14","Lasem","33.17.14.2011","Selopuro"
"33","Jawa Tengah","33.17","Kabupaten Rembang","33.17.14","Lasem","33.17.14.2012","Sendangcoyo"
"33","Jawa Tengah","33.17","Kabupaten Rembang","33.17.14","Lasem","33.17.14.2013","Ngargomulyo"
"33","Jawa Tengah","33.17","Kabupaten Rembang","33.17.14","Lasem","33.17.14.2014","Kajar"
"33","Jawa Tengah","33.17","Kabupaten Rembang","33.17.14","Lasem","33.17.14.2015","Gowak"
"33","Jawa Tengah","33.17","Kabupaten Rembang","33.17.14","Lasem","33.17.14.2016","Sendangasri"
"33","Jawa Tengah","33.17","Kabupaten Rembang","33.17.14","Lasem","33.17.14.2017","Tasiksono"
"33","Jawa Tengah","33.17","Kabupaten Rembang","33.17.14","Lasem","33.17.14.2018","Sriombo"
"33","Jawa Tengah","33.17","Kabupaten Rembang","33.17.14","Lasem","33.17.14.2019","Bonang"
"33","Jawa Tengah","33.17","Kabupaten Rembang","33.17.14","Lasem","33.17.14.2020","Binangun"
"33","Jawa Tengah","33.18","Kabupaten Pati","33.18.01","Sukolilo","33.18.01.2001","Prawoto"
"33","Jawa Tengah","33.18","Kabupaten Pati","33.18.01","Sukolilo","33.18.01.2002","Pakem"
"33","Jawa Tengah","33.18","Kabupaten Pati","33.18.01","Sukolilo","33.18.01.2003","Wegil"
"33","Jawa Tengah","33.18","Kabupaten Pati","33.18.01","Sukolilo","33.18.01.2004","Kuwawur"
"33","Jawa Tengah","33.18","Kabupaten Pati","33.18.01","Sukolilo","33.18.01.2005","Baleadi"
"33","Jawa Tengah","33.18","Kabupaten Pati","33.18.01","Sukolilo","33.18.01.2006","Wotan"
"33","Jawa Tengah","33.18","Kabupaten Pati","33.18.01","Sukolilo","33.18.01.2007","Kedungwinong"
"33","Jawa Tengah","33.18","Kabupaten Pati","33.18.01","Sukolilo","33.18.01.2008","Porangparing"
"33","Jawa Tengah","33.18","Kabupaten Pati","33.18.01","Sukolilo","33.18.01.2009","Sukolilo"
"33","Jawa Tengah","33.18","Kabupaten Pati","33.18.01","Sukolilo","33.18.01.2010","Baturejo"
"33","Jawa Tengah","33.18","Kabupaten Pati","33.18.01","Sukolilo","33.18.01.2011","Gadudero"
"33","Jawa Tengah","33.18","Kabupaten Pati","33.18.01","Sukolilo","33.18.01.2012","Sumbersoko"
"33","Jawa Tengah","33.18","Kabupaten Pati","33.18.01","Sukolilo","33.18.01.2013","Tompegunung"
"33","Jawa Tengah","33.18","Kabupaten Pati","33.18.01","Sukolilo","33.18.01.2014","Kedumulyo"
"33","Jawa Tengah","33.18","Kabupaten Pati","33.18.01","Sukolilo","33.18.01.2015","Kasiyan"
"33","Jawa Tengah","33.18","Kabupaten Pati","33.18.01","Sukolilo","33.18.01.2016","Cengkalsewu"
"33","Jawa Tengah","33.18","Kabupaten Pati","33.18.02","Kayen","33.18.02.2001","Jimbaran"
"33","Jawa Tengah","33.18","Kabupaten Pati","33.18.02","Kayen","33.18.02.2002","Durensawit"
"33","Jawa Tengah","33.18","Kabupaten Pati","33.18.02","Kayen","33.18.02.2003","Slungkep"
"33","Jawa Tengah","33.18","Kabupaten Pati","33.18.02","Kayen","33.18.02.2004","Beketel"
"33","Jawa Tengah","33.18","Kabupaten Pati","33.18.02","Kayen","33.18.02.2005","Purwokerto"
"33","Jawa Tengah","33.18","Kabupaten Pati","33.18.02","Kayen","33.18.02.2006","Sumbersari"
"33","Jawa Tengah","33.18","Kabupaten Pati","33.18.02","Kayen","33.18.02.2007","Brati"
"33","Jawa Tengah","33.18","Kabupaten Pati","33.18.02","Kayen","33.18.02.2008","Jatiroto"
"33","Jawa Tengah","33.18","Kabupaten Pati","33.18.02","Kayen","33.18.02.2009","Kayen"
"33","Jawa Tengah","33.18","Kabupaten Pati","33.18.02","Kayen","33.18.02.2010","Rogomulyo"
"33","Jawa Tengah","33.18","Kabupaten Pati","33.18.02","Kayen","33.18.02.2011","Srikaton"
"33","Jawa Tengah","33.18","Kabupaten Pati","33.18.02","Kayen","33.18.02.2012","Pasuruhan"
"33","Jawa Tengah","33.18","Kabupaten Pati","33.18.02","Kayen","33.18.02.2013","Pesagi"
"33","Jawa Tengah","33.18","Kabupaten Pati","33.18.02","Kayen","33.18.02.2014","Trimulyo"
"33","Jawa Tengah","33.18","Kabupaten Pati","33.18.02","Kayen","33.18.02.2015","Talun"
"33","Jawa Tengah","33.18","Kabupaten Pati","33.18.02","Kayen","33.18.02.2016","Boloagung"
"33","Jawa Tengah","33.18","Kabupaten Pati","33.18.02","Kayen","33.18.02.2017","Sundoluhur"
"33","Jawa Tengah","33.18","Kabupaten Pati","33.18.03","Tambakromo","33.18.03.2001","Pakis"
"33","Jawa Tengah","33.18","Kabupaten Pati","33.18.03","Tambakromo","33.18.03.2002","Maitan"
"33","Jawa Tengah","33.18","Kabupaten Pati","33.18.03","Tambakromo","33.18.03.2003","Wukirsari"
"33","Jawa Tengah","33.18","Kabupaten Pati","33.18.03","Tambakromo","33.18.03.2004","Sinomwidodo"
"33","Jawa Tengah","33.18","Kabupaten Pati","33.18.03","Tambakromo","33.18.03.2005","Keben"
"33","Jawa Tengah","33.18","Kabupaten Pati","33.18.03","Tambakromo","33.18.03.2006","Larangan"
"33","Jawa Tengah","33.18","Kabupaten Pati","33.18.03","Tambakromo","33.18.03.2007","Tambakromo"
"33","Jawa Tengah","33.18","Kabupaten Pati","33.18.03","Tambakromo","33.18.03.2008","Mojomulyo"
"33","Jawa Tengah","33.18","Kabupaten Pati","33.18.03","Tambakromo","33.18.03.2009","Karangawen"
"33","Jawa Tengah","33.18","Kabupaten Pati","33.18.03","Tambakromo","33.18.03.2010","Mangunrekso"
"33","Jawa Tengah","33.18","Kabupaten Pati","33.18.03","Tambakromo","33.18.03.2011","Tambaharjo"
"33","Jawa Tengah","33.18","Kabupaten Pati","33.18.03","Tambakromo","33.18.03.2012","Tambahagung"
"33","Jawa Tengah","33.18","Kabupaten Pati","33.18.03","Tambakromo","33.18.03.2013","Sitirejo"
"33","Jawa Tengah","33.18","Kabupaten Pati","33.18.03","Tambakromo","33.18.03.2014","Kedalingan"
"33","Jawa Tengah","33.18","Kabupaten Pati","33.18.03","Tambakromo","33.18.03.2015","Karangmulyo"
"33","Jawa Tengah","33.18","Kabupaten Pati","33.18.03","Tambakromo","33.18.03.2016","Karangwono"
"33","Jawa Tengah","33.18","Kabupaten Pati","33.18.03","Tambakromo","33.18.03.2017","Angkatan Lor"
"33","Jawa Tengah","33.18","Kabupaten Pati","33.18.03","Tambakromo","33.18.03.2018","Angkatan Kidul"
"33","Jawa Tengah","33.18","Kabupaten Pati","33.18.04","Winong","33.18.04.2001","Pohgading"
"33","Jawa Tengah","33.18","Kabupaten Pati","33.18.04","Winong","33.18.04.2002","Gunungpanti"
"33","Jawa Tengah","33.18","Kabupaten Pati","33.18.04","Winong","33.18.04.2003","Godo"
"33","Jawa Tengah","33.18","Kabupaten Pati","33.18.04","Winong","33.18.04.2004","Kropak"
"33","Jawa Tengah","33.18","Kabupaten Pati","33.18.04","Winong","33.18.04.2005","Karangsumber"
"33","Jawa Tengah","33.18","Kabupaten Pati","33.18.04","Winong","33.18.04.2006","Guyangan"
"33","Jawa Tengah","33.18","Kabupaten Pati","33.18.04","Winong","33.18.04.2007","Sugihan"
"33","Jawa Tengah","33.18","Kabupaten Pati","33.18.04","Winong","33.18.04.2008","Kebolampang"
"33","Jawa Tengah","33.18","Kabupaten Pati","33.18.04","Winong","33.18.04.2009","Tlogorejo"
"33","Jawa Tengah","33.18","Kabupaten Pati","33.18.04","Winong","33.18.04.2010","Pagendisan"
"33","Jawa Tengah","33.18","Kabupaten Pati","33.18.04","Winong","33.18.04.2011","Pekalongan"
"33","Jawa Tengah","33.18","Kabupaten Pati","33.18.04","Winong","33.18.04.2012","Danyangmulyo"
"33","Jawa Tengah","33.18","Kabupaten Pati","33.18.04","Winong","33.18.04.2013","Kudur"
"33","Jawa Tengah","33.18","Kabupaten Pati","33.18.04","Winong","33.18.04.2014","Padangan"
"33","Jawa Tengah","33.18","Kabupaten Pati","33.18.04","Winong","33.18.04.2015","Blingijati"
"33","Jawa Tengah","33.18","Kabupaten Pati","33.18.04","Winong","33.18.04.2016","Mintorahayu"
"33","Jawa Tengah","33.18","Kabupaten Pati","33.18.04","Winong","33.18.04.2017","Kebowan"
"33","Jawa Tengah","33.18","Kabupaten Pati","33.18.04","Winong","33.18.04.2018","Winong"
"33","Jawa Tengah","33.18","Kabupaten Pati","33.18.04","Winong","33.18.04.2019","Klecoregonang"
"33","Jawa Tengah","33.18","Kabupaten Pati","33.18.04","Winong","33.18.04.2020","Bumiharjo"
"33","Jawa Tengah","33.18","Kabupaten Pati","33.18.04","Winong","33.18.04.2021","Tawangrejo"
"33","Jawa Tengah","33.18","Kabupaten Pati","33.18.04","Winong","33.18.04.2022","Bringinwareng"
"33","Jawa Tengah","33.18","Kabupaten Pati","33.18.04","Winong","33.18.04.2023","Sumbermulyo"
"33","Jawa Tengah","33.18","Kabupaten Pati","33.18.04","Winong","33.18.04.2024","Degan"
"33","Jawa Tengah","33.18","Kabupaten Pati","33.18.04","Winong","33.18.04.2025","Serutsadang"
"33","Jawa Tengah","33.18","Kabupaten Pati","33.18.04","Winong","33.18.04.2026","Pulorejo"
"33","Jawa Tengah","33.18","Kabupaten Pati","33.18.04","Winong","33.18.04.2027","Karangkonang"
"33","Jawa Tengah","33.18","Kabupaten Pati","33.18.04","Winong","33.18.04.2028","Tanggel"
"33","Jawa Tengah","33.18","Kabupaten Pati","33.18.04","Winong","33.18.04.2029","Wirun"
"33","Jawa Tengah","33.18","Kabupaten Pati","33.18.04","Winong","33.18.04.2030","Sarimulyo"
"33","Jawa Tengah","33.18","Kabupaten Pati","33.18.05","Pucakwangi","33.18.05.2001","Bodeh"
"33","Jawa Tengah","33.18","Kabupaten Pati","33.18.05","Pucakwangi","33.18.05.2002","Karangwotan"
"33","Jawa Tengah","33.18","Kabupaten Pati","33.18.05","Pucakwangi","33.18.05.2003","Kepohkencono"
"33","Jawa Tengah","33.18","Kabupaten Pati","33.18.05","Pucakwangi","33.18.05.2004","Wateshaji"
"33","Jawa Tengah","33.18","Kabupaten Pati","33.18.05","Pucakwangi","33.18.05.2005","Lumbungmas"
"33","Jawa Tengah","33.18","Kabupaten Pati","33.18.05","Pucakwangi","33.18.05.2006","Mojoagung"
"33","Jawa Tengah","33.18","Kabupaten Pati","33.18.05","Pucakwangi","33.18.05.2007","Sitimulyo"
"33","Jawa Tengah","33.18","Kabupaten Pati","33.18.05","Pucakwangi","33.18.05.2008","Kletek"
"33","Jawa Tengah","33.18","Kabupaten Pati","33.18.05","Pucakwangi","33.18.05.2009","Terteg"
"33","Jawa Tengah","33.18","Kabupaten Pati","33.18.05","Pucakwangi","33.18.05.2010","Mencon"
"33","Jawa Tengah","33.18","Kabupaten Pati","33.18.05","Pucakwangi","33.18.05.2011","Puncakwangi"
"33","Jawa Tengah","33.18","Kabupaten Pati","33.18.05","Pucakwangi","33.18.05.2012","Pelemgede"
"33","Jawa Tengah","33.18","Kabupaten Pati","33.18.05","Pucakwangi","33.18.05.2013","Tanjungsekar"
"33","Jawa Tengah","33.18","Kabupaten Pati","33.18.05","Pucakwangi","33.18.05.2014","Triguno"
"33","Jawa Tengah","33.18","Kabupaten Pati","33.18.05","Pucakwangi","33.18.05.2015","Jetak"
"33","Jawa Tengah","33.18","Kabupaten Pati","33.18.05","Pucakwangi","33.18.05.2016","Grogolsari"
"33","Jawa Tengah","33.18","Kabupaten Pati","33.18.05","Pucakwangi","33.18.05.2017","Karangrejo"
"33","Jawa Tengah","33.18","Kabupaten Pati","33.18.05","Pucakwangi","33.18.05.2018","Plosorejo"
"33","Jawa Tengah","33.18","Kabupaten Pati","33.18.05","Pucakwangi","33.18.05.2019","Sokopuluhan"
"33","Jawa Tengah","33.18","Kabupaten Pati","33.18.05","Pucakwangi","33.18.05.2020","Tegalwero"
"33","Jawa Tengah","33.18","Kabupaten Pati","33.18.06","Jaken","33.18.06.2001","Boto"
"33","Jawa Tengah","33.18","Kabupaten Pati","33.18.06","Jaken","33.18.06.2002","Trikoyo"
"33","Jawa Tengah","33.18","Kabupaten Pati","33.18.06","Jaken","33.18.06.2003","Sumberan"
"33","Jawa Tengah","33.18","Kabupaten Pati","33.18.06","Jaken","33.18.06.2004","Mojolampir"
"33","Jawa Tengah","33.18","Kabupaten Pati","33.18.06","Jaken","33.18.06.2005","Mantingan"
"33","Jawa Tengah","33.18","Kabupaten Pati","33.18.06","Jaken","33.18.06.2006","Ronggo"
"33","Jawa Tengah","33.18","Kabupaten Pati","33.18.06","Jaken","33.18.06.2007","Sumberagung"
"33","Jawa Tengah","33.18","Kabupaten Pati","33.18.06","Jaken","33.18.06.2008","Sidoluhur"
"33","Jawa Tengah","33.18","Kabupaten Pati","33.18.06","Jaken","33.18.06.2009","Srikaton"
"33","Jawa Tengah","33.18","Kabupaten Pati","33.18.06","Jaken","33.18.06.2010","Arumanis"
"33","Jawa Tengah","33.18","Kabupaten Pati","33.18.06","Jaken","33.18.06.2011","Tegalarum"
"33","Jawa Tengah","33.18","Kabupaten Pati","33.18.06","Jaken","33.18.06.2012","Sidomukti"
"33","Jawa Tengah","33.18","Kabupaten Pati","33.18.06","Jaken","33.18.06.2013","Mojoluhur"
"33","Jawa Tengah","33.18","Kabupaten Pati","33.18.06","Jaken","33.18.06.2014","Kebonturi"
"33","Jawa Tengah","33.18","Kabupaten Pati","33.18.06","Jaken","33.18.06.2015","Lundo"
"33","Jawa Tengah","33.18","Kabupaten Pati","33.18.06","Jaken","33.18.06.2016","Sukorukun"
"33","Jawa Tengah","33.18","Kabupaten Pati","33.18.06","Jaken","33.18.06.2017","Sumberejo"
"33","Jawa Tengah","33.18","Kabupaten Pati","33.18.06","Jaken","33.18.06.2018","Manjang"
"33","Jawa Tengah","33.18","Kabupaten Pati","33.18.06","Jaken","33.18.06.2019","Tamansari"
"33","Jawa Tengah","33.18","Kabupaten Pati","33.18.06","Jaken","33.18.06.2020","Sumberarum"
"33","Jawa Tengah","33.18","Kabupaten Pati","33.18.06","Jaken","33.18.06.2021","Sriwedari"
"33","Jawa Tengah","33.18","Kabupaten Pati","33.18.07","Batangan","33.18.07.2001","Tlogomojo"
"33","Jawa Tengah","33.18","Kabupaten Pati","33.18.07","Batangan","33.18.07.2002","Ngening"
"33","Jawa Tengah","33.18","Kabupaten Pati","33.18.07","Batangan","33.18.07.2003","Raci"
"33","Jawa Tengah","33.18","Kabupaten Pati","33.18.07","Batangan","33.18.07.2004","Ketitangwetan"
"33","Jawa Tengah","33.18","Kabupaten Pati","33.18.07","Batangan","33.18.07.2005","Bumimulyo"
"33","Jawa Tengah","33.18","Kabupaten Pati","33.18.07","Batangan","33.18.07.2006","Jembangan"
"33","Jawa Tengah","33.18","Kabupaten Pati","33.18.07","Batangan","33.18.07.2007","Klayusiwalan"
"33","Jawa Tengah","33.18","Kabupaten Pati","33.18.07","Batangan","33.18.07.2008","Bulumulyo"
"33","Jawa Tengah","33.18","Kabupaten Pati","33.18.07","Batangan","33.18.07.2009","Sukoagung"
"33","Jawa Tengah","33.18","Kabupaten Pati","33.18.07","Batangan","33.18.07.2010","Tompomulyo"
"33","Jawa Tengah","33.18","Kabupaten Pati","33.18.07","Batangan","33.18.07.2011","Kuniran"
"33","Jawa Tengah","33.18","Kabupaten Pati","33.18.07","Batangan","33.18.07.2012","Gunungsari"
"33","Jawa Tengah","33.18","Kabupaten Pati","33.18.07","Batangan","33.18.07.2013","Kedalon"
"33","Jawa Tengah","33.18","Kabupaten Pati","33.18.07","Batangan","33.18.07.2014","Gajahkumpul"
"33","Jawa Tengah","33.18","Kabupaten Pati","33.18.07","Batangan","33.18.07.2015","Batursari"
"33","Jawa Tengah","33.18","Kabupaten Pati","33.18.07","Batangan","33.18.07.2016","Lengkong"
"33","Jawa Tengah","33.18","Kabupaten Pati","33.18.07","Batangan","33.18.07.2017","Mangunlegi"
"33","Jawa Tengah","33.18","Kabupaten Pati","33.18.07","Batangan","33.18.07.2018","Pecangaan"
"33","Jawa Tengah","33.18","Kabupaten Pati","33.18.08","Juwana","33.18.08.2001","Sejomulyo"
"33","Jawa Tengah","33.18","Kabupaten Pati","33.18.08","Juwana","33.18.08.2002","Bringin"
"33","Jawa Tengah","33.18","Kabupaten Pati","33.18.08","Juwana","33.18.08.2003","Ketip"
"33","Jawa Tengah","33.18","Kabupaten Pati","33.18.08","Juwana","33.18.08.2004","Pekuwon"
"33","Jawa Tengah","33.18","Kabupaten Pati","33.18.08","Juwana","33.18.08.2005","Karang"
"33","Jawa Tengah","33.18","Kabupaten Pati","33.18.08","Juwana","33.18.08.2006","Karangrejo"
"33","Jawa Tengah","33.18","Kabupaten Pati","33.18.08","Juwana","33.18.08.2007","Bumirejo"
"33","Jawa Tengah","33.18","Kabupaten Pati","33.18.08","Juwana","33.18.08.2008","Kedungpancing"
"33","Jawa Tengah","33.18","Kabupaten Pati","33.18.08","Juwana","33.18.08.2009","Jepuro"
"33","Jawa Tengah","33.18","Kabupaten Pati","33.18.08","Juwana","33.18.08.2010","Tluwah"
"33","Jawa Tengah","33.18","Kabupaten Pati","33.18.08","Juwana","33.18.08.2011","Doropayung"
"33","Jawa Tengah","33.18","Kabupaten Pati","33.18.08","Juwana","33.18.08.2012","Mintomulyo"
"33","Jawa Tengah","33.18","Kabupaten Pati","33.18.08","Juwana","33.18.08.2013","Gadingrejo"
"33","Jawa Tengah","33.18","Kabupaten Pati","33.18.08","Juwana","33.18.08.2014","Margomulyo"
"33","Jawa Tengah","33.18","Kabupaten Pati","33.18.08","Juwana","33.18.08.2015","Langgenharjo"
"33","Jawa Tengah","33.18","Kabupaten Pati","33.18.08","Juwana","33.18.08.2016","Genengmulyo"
"33","Jawa Tengah","33.18","Kabupaten Pati","33.18.08","Juwana","33.18.08.2017","Agungmulyo"
"33","Jawa Tengah","33.18","Kabupaten Pati","33.18.08","Juwana","33.18.08.2018","Bakaran Kulon"
"33","Jawa Tengah","33.18","Kabupaten Pati","33.18.08","Juwana","33.18.08.2019","Bakaran Wetan"
"33","Jawa Tengah","33.18","Kabupaten Pati","33.18.08","Juwana","33.18.08.2020","Dukutalit"
"33","Jawa Tengah","33.18","Kabupaten Pati","33.18.08","Juwana","33.18.08.2021","Growong Kidul"
"33","Jawa Tengah","33.18","Kabupaten Pati","33.18.08","Juwana","33.18.08.2022","Growong Lor"
"33","Jawa Tengah","33.18","Kabupaten Pati","33.18.08","Juwana","33.18.08.2023","Kauman"
"33","Jawa Tengah","33.18","Kabupaten Pati","33.18.08","Juwana","33.18.08.2024","Pajeksan"
"33","Jawa Tengah","33.18","Kabupaten Pati","33.18.08","Juwana","33.18.08.2025","Kudukeras"
"33","Jawa Tengah","33.18","Kabupaten Pati","33.18.08","Juwana","33.18.08.2026","Kebonsawahan"
"33","Jawa Tengah","33.18","Kabupaten Pati","33.18.08","Juwana","33.18.08.2027","Bajomulyo"
"33","Jawa Tengah","33.18","Kabupaten Pati","33.18.08","Juwana","33.18.08.2028","Bendar"
"33","Jawa Tengah","33.18","Kabupaten Pati","33.18.08","Juwana","33.18.08.2029","Trimulyo"
"33","Jawa Tengah","33.18","Kabupaten Pati","33.18.09","Jakenan","33.18.09.2001","Kedungmulyo"
"33","Jawa Tengah","33.18","Kabupaten Pati","33.18.09","Jakenan","33.18.09.2002","Ngastorejo"
"33","Jawa Tengah","33.18","Kabupaten Pati","33.18.09","Jakenan","33.18.09.2003","Karangrowo"
"33","Jawa Tengah","33.18","Kabupaten Pati","33.18.09","Jakenan","33.18.09.2004","Sonorejo"
"33","Jawa Tengah","33.18","Kabupaten Pati","33.18.09","Jakenan","33.18.09.2005","Sendangsoko"
"33","Jawa Tengah","33.18","Kabupaten Pati","33.18.09","Jakenan","33.18.09.2006","Tlogorejo"
"33","Jawa Tengah","33.18","Kabupaten Pati","33.18.09","Jakenan","33.18.09.2007","Sidoarum"
"33","Jawa Tengah","33.18","Kabupaten Pati","33.18.09","Jakenan","33.18.09.2008","Tondomulyo"
"33","Jawa Tengah","33.18","Kabupaten Pati","33.18.09","Jakenan","33.18.09.2009","Bungasrejo"
"33","Jawa Tengah","33.18","Kabupaten Pati","33.18.09","Jakenan","33.18.09.2010","Glonggong"
"33","Jawa Tengah","33.18","Kabupaten Pati","33.18.09","Jakenan","33.18.09.2011","Kalimulyo"
"33","Jawa Tengah","33.18","Kabupaten Pati","33.18.09","Jakenan","33.18.09.2012","Tambahmulyo"
"33","Jawa Tengah","33.18","Kabupaten Pati","33.18.09","Jakenan","33.18.09.2013","Tondokerto"
"33","Jawa Tengah","33.18","Kabupaten Pati","33.18.09","Jakenan","33.18.09.2014","Sembaturagung"
"33","Jawa Tengah","33.18","Kabupaten Pati","33.18.09","Jakenan","33.18.09.2015","Dukuhmulyo"
"33","Jawa Tengah","33.18","Kabupaten Pati","33.18.09","Jakenan","33.18.09.2016","Puluhan Tengah"
"33","Jawa Tengah","33.18","Kabupaten Pati","33.18.09","Jakenan","33.18.09.2017","Mantingan Tengah"
"33","Jawa Tengah","33.18","Kabupaten Pati","33.18.09","Jakenan","33.18.09.2018","Jatisari"
"33","Jawa Tengah","33.18","Kabupaten Pati","33.18.09","Jakenan","33.18.09.2019","Karangrejo Lor"
"33","Jawa Tengah","33.18","Kabupaten Pati","33.18.09","Jakenan","33.18.09.2020","Sidomulyo"
"33","Jawa Tengah","33.18","Kabupaten Pati","33.18.09","Jakenan","33.18.09.2021","Tanjungsari"
"33","Jawa Tengah","33.18","Kabupaten Pati","33.18.09","Jakenan","33.18.09.2022","Jakenan"
"33","Jawa Tengah","33.18","Kabupaten Pati","33.18.09","Jakenan","33.18.09.2023","Plosojenar"
"33","Jawa Tengah","33.18","Kabupaten Pati","33.18.10","Pati","33.18.10.1005","Pati Wetan"
"33","Jawa Tengah","33.18","Kabupaten Pati","33.18.10","Pati","33.18.10.1007","Pati Kidul"
"33","Jawa Tengah","33.18","Kabupaten Pati","33.18.10","Pati","33.18.10.1012","Pati Lor"
"33","Jawa Tengah","33.18","Kabupaten Pati","33.18.10","Pati","33.18.10.1013","Parenggan"
"33","Jawa Tengah","33.18","Kabupaten Pati","33.18.10","Pati","33.18.10.1015","Kalidoro"
"33","Jawa Tengah","33.18","Kabupaten Pati","33.18.10","Pati","33.18.10.2001","Panjunan"
"33","Jawa Tengah","33.18","Kabupaten Pati","33.18.10","Pati","33.18.10.2002","Gajahmati"
"33","Jawa Tengah","33.18","Kabupaten Pati","33.18.10","Pati","33.18.10.2003","Mustokoharjo"
"33","Jawa Tengah","33.18","Kabupaten Pati","33.18.10","Pati","33.18.10.2004","Semampir"
"33","Jawa Tengah","33.18","Kabupaten Pati","33.18.10","Pati","33.18.10.2006","Blaru"
"33","Jawa Tengah","33.18","Kabupaten Pati","33.18.10","Pati","33.18.10.2008","Plangitan"
"33","Jawa Tengah","33.18","Kabupaten Pati","33.18.10","Pati","33.18.10.2009","Puri"
"33","Jawa Tengah","33.18","Kabupaten Pati","33.18.10","Pati","33.18.10.2010","Winong"
"33","Jawa Tengah","33.18","Kabupaten Pati","33.18.10","Pati","33.18.10.2011","Ngarus"
"33","Jawa Tengah","33.18","Kabupaten Pati","33.18.10","Pati","33.18.10.2014","Sidoharjo"
"33","Jawa Tengah","33.18","Kabupaten Pati","33.18.10","Pati","33.18.10.2016","Sarirejo"
"33","Jawa Tengah","33.18","Kabupaten Pati","33.18.10","Pati","33.18.10.2017","Geritan"
"33","Jawa Tengah","33.18","Kabupaten Pati","33.18.10","Pati","33.18.10.2018","Dengkek"
"33","Jawa Tengah","33.18","Kabupaten Pati","33.18.10","Pati","33.18.10.2019","Sugiharjo"
"33","Jawa Tengah","33.18","Kabupaten Pati","33.18.10","Pati","33.18.10.2020","Widorokandang"
"33","Jawa Tengah","33.18","Kabupaten Pati","33.18.10","Pati","33.18.10.2021","Payang"
"33","Jawa Tengah","33.18","Kabupaten Pati","33.18.10","Pati","33.18.10.2022","Kutoharjo"
"33","Jawa Tengah","33.18","Kabupaten Pati","33.18.10","Pati","33.18.10.2023","Sidokerto"
"33","Jawa Tengah","33.18","Kabupaten Pati","33.18.10","Pati","33.18.10.2024","Mulyoharjo"
"33","Jawa Tengah","33.18","Kabupaten Pati","33.18.10","Pati","33.18.10.2025","Tambaharjo"
"33","Jawa Tengah","33.18","Kabupaten Pati","33.18.10","Pati","33.18.10.2026","Tambahsari"
"33","Jawa Tengah","33.18","Kabupaten Pati","33.18.10","Pati","33.18.10.2027","Ngepungrojo"
"33","Jawa Tengah","33.18","Kabupaten Pati","33.18.10","Pati","33.18.10.2028","Purworejo"
"33","Jawa Tengah","33.18","Kabupaten Pati","33.18.10","Pati","33.18.10.2029","Sinoman"
"33","Jawa Tengah","33.18","Kabupaten Pati","33.18.11","Gabus","33.18.11.2001","Wuwur"
"33","Jawa Tengah","33.18","Kabupaten Pati","33.18.11","Gabus","33.18.11.2002","Karaban"
"33","Jawa Tengah","33.18","Kabupaten Pati","33.18.11","Gabus","33.18.11.2003","Tlogoayu"
"33","Jawa Tengah","33.18","Kabupaten Pati","33.18.11","Gabus","33.18.11.2004","Bogotanjung"
"33","Jawa Tengah","33.18","Kabupaten Pati","33.18.11","Gabus","33.18.11.2005","Kuryokalangan"
"33","Jawa Tengah","33.18","Kabupaten Pati","33.18.11","Gabus","33.18.11.2006","Gabus"
"33","Jawa Tengah","33.18","Kabupaten Pati","33.18.11","Gabus","33.18.11.2007","Tanjunganom"
"33","Jawa Tengah","33.18","Kabupaten Pati","33.18.11","Gabus","33.18.11.2008","Sunggingwarno"
"33","Jawa Tengah","33.18","Kabupaten Pati","33.18.11","Gabus","33.18.11.2009","Penanggungan"
"33","Jawa Tengah","33.18","Kabupaten Pati","33.18.11","Gabus","33.18.11.2010","Tambahmulyo"
"33","Jawa Tengah","33.18","Kabupaten Pati","33.18.11","Gabus","33.18.11.2011","Sugihrejo"
"33","Jawa Tengah","33.18","Kabupaten Pati","33.18.11","Gabus","33.18.11.2012","Mojolawaran"
"33","Jawa Tengah","33.18","Kabupaten Pati","33.18.11","Gabus","33.18.11.2013","Sambirejo"
"33","Jawa Tengah","33.18","Kabupaten Pati","33.18.11","Gabus","33.18.11.2014","Pantirejo"
"33","Jawa Tengah","33.18","Kabupaten Pati","33.18.11","Gabus","33.18.11.2015","Tanjang"
"33","Jawa Tengah","33.18","Kabupaten Pati","33.18.11","Gabus","33.18.11.2016","Gebang"
"33","Jawa Tengah","33.18","Kabupaten Pati","33.18.11","Gabus","33.18.11.2017","Plumbungan"
"33","Jawa Tengah","33.18","Kabupaten Pati","33.18.11","Gabus","33.18.11.2018","Babalan"
"33","Jawa Tengah","33.18","Kabupaten Pati","33.18.11","Gabus","33.18.11.2019","Koripandriyo"
"33","Jawa Tengah","33.18","Kabupaten Pati","33.18.11","Gabus","33.18.11.2020","Soko"
"33","Jawa Tengah","33.18","Kabupaten Pati","33.18.11","Gabus","33.18.11.2021","Gempolsari"
"33","Jawa Tengah","33.18","Kabupaten Pati","33.18.11","Gabus","33.18.11.2022","Banjarsari"
"33","Jawa Tengah","33.18","Kabupaten Pati","33.18.11","Gabus","33.18.11.2023","Mintobasuki"
"33","Jawa Tengah","33.18","Kabupaten Pati","33.18.11","Gabus","33.18.11.2024","Kosekan"
"33","Jawa Tengah","33.18","Kabupaten Pati","33.18.12","Margorejo","33.18.12.2001","Jambean Kidul"
"33","Jawa Tengah","33.18","Kabupaten Pati","33.18.12","Margorejo","33.18.12.2002","Wangunrejo"
"33","Jawa Tengah","33.18","Kabupaten Pati","33.18.12","Margorejo","33.18.12.2003","Bumirejo"
"33","Jawa Tengah","33.18","Kabupaten Pati","33.18.12","Margorejo","33.18.12.2004","Sokokulon"
"33","Jawa Tengah","33.18","Kabupaten Pati","33.18.12","Margorejo","33.18.12.2005","Jimbaran"
"33","Jawa Tengah","33.18","Kabupaten Pati","33.18.12","Margorejo","33.18.12.2006","Ngawen"
"33","Jawa Tengah","33.18","Kabupaten Pati","33.18.12","Margorejo","33.18.12.2007","Margorejo"
"33","Jawa Tengah","33.18","Kabupaten Pati","33.18.12","Margorejo","33.18.12.2008","Penambuhan"
"33","Jawa Tengah","33.18","Kabupaten Pati","33.18.12","Margorejo","33.18.12.2009","Langenharjo"
"33","Jawa Tengah","33.18","Kabupaten Pati","33.18.12","Margorejo","33.18.12.2010","Dadirejo"
"33","Jawa Tengah","33.18","Kabupaten Pati","33.18.12","Margorejo","33.18.12.2011","Sukoharjo"
"33","Jawa Tengah","33.18","Kabupaten Pati","33.18.12","Margorejo","33.18.12.2012","Badegan"
"33","Jawa Tengah","33.18","Kabupaten Pati","33.18.12","Margorejo","33.18.12.2013","Pegandan"
"33","Jawa Tengah","33.18","Kabupaten Pati","33.18.12","Margorejo","33.18.12.2014","Sokobubuk"
"33","Jawa Tengah","33.18","Kabupaten Pati","33.18.12","Margorejo","33.18.12.2015","Banyuurip"
"33","Jawa Tengah","33.18","Kabupaten Pati","33.18.12","Margorejo","33.18.12.2016","Mataraman"
"33","Jawa Tengah","33.18","Kabupaten Pati","33.18.12","Margorejo","33.18.12.2017","Langse"
"33","Jawa Tengah","33.18","Kabupaten Pati","33.18.12","Margorejo","33.18.12.2018","Muktiharjo"
"33","Jawa Tengah","33.18","Kabupaten Pati","33.18.13","Gembong","33.18.13.2001","Bermi"
"33","Jawa Tengah","33.18","Kabupaten Pati","33.18.13","Gembong","33.18.13.2002","Kedungbulus"
"33","Jawa Tengah","33.18","Kabupaten Pati","33.18.13","Gembong","33.18.13.2003","Semirejo"
"33","Jawa Tengah","33.18","Kabupaten Pati","33.18.13","Gembong","33.18.13.2004","Wonosekar"
"33","Jawa Tengah","33.18","Kabupaten Pati","33.18.13","Gembong","33.18.13.2005","Gembong"
"33","Jawa Tengah","33.18","Kabupaten Pati","33.18.13","Gembong","33.18.13.2006","Plukaran"
"33","Jawa Tengah","33.18","Kabupaten Pati","33.18.13","Gembong","33.18.13.2007","Bageng"
"33","Jawa Tengah","33.18","Kabupaten Pati","33.18.13","Gembong","33.18.13.2008","Pohgading"
"33","Jawa Tengah","33.18","Kabupaten Pati","33.18.13","Gembong","33.18.13.2009","Klakahkasihan"
"33","Jawa Tengah","33.18","Kabupaten Pati","33.18.13","Gembong","33.18.13.2010","Ketanggan"
"33","Jawa Tengah","33.18","Kabupaten Pati","33.18.13","Gembong","33.18.13.2011","Sitiluhur"
"33","Jawa Tengah","33.18","Kabupaten Pati","33.18.14","Tlogowungu","33.18.14.2001","Tamansari"
"33","Jawa Tengah","33.18","Kabupaten Pati","33.18.14","Tlogowungu","33.18.14.2002","Sambirejo"
"33","Jawa Tengah","33.18","Kabupaten Pati","33.18.14","Tlogowungu","33.18.14.2003","Tlogorejo"
"33","Jawa Tengah","33.18","Kabupaten Pati","33.18.14","Tlogowungu","33.18.14.2004","Purwosari"
"33","Jawa Tengah","33.18","Kabupaten Pati","33.18.14","Tlogowungu","33.18.14.2005","Regaloh"
"33","Jawa Tengah","33.18","Kabupaten Pati","33.18.14","Tlogowungu","33.18.14.2006","Wonorejo"
"33","Jawa Tengah","33.18","Kabupaten Pati","33.18.14","Tlogowungu","33.18.14.2007","Tlogosari"
"33","Jawa Tengah","33.18","Kabupaten Pati","33.18.14","Tlogowungu","33.18.14.2008","Sumbermulyo"
"33","Jawa Tengah","33.18","Kabupaten Pati","33.18.14","Tlogowungu","33.18.14.2009","Guwo"
"33","Jawa Tengah","33.18","Kabupaten Pati","33.18.14","Tlogowungu","33.18.14.2010","Tanjungsari"
"33","Jawa Tengah","33.18","Kabupaten Pati","33.18.14","Tlogowungu","33.18.14.2011","Lahar"
"33","Jawa Tengah","33.18","Kabupaten Pati","33.18.14","Tlogowungu","33.18.14.2012","Suwatu"
"33","Jawa Tengah","33.18","Kabupaten Pati","33.18.14","Tlogowungu","33.18.14.2013","Cabak"
"33","Jawa Tengah","33.18","Kabupaten Pati","33.18.14","Tlogowungu","33.18.14.2014","Klumpit"
"33","Jawa Tengah","33.18","Kabupaten Pati","33.18.14","Tlogowungu","33.18.14.2015","Gunungsari"
"33","Jawa Tengah","33.18","Kabupaten Pati","33.18.15","Wedarijaksa","33.18.15.2001","Bumiayu"
"33","Jawa Tengah","33.18","Kabupaten Pati","33.18.15","Wedarijaksa","33.18.15.2002","Margorejo"
"33","Jawa Tengah","33.18","Kabupaten Pati","33.18.15","Wedarijaksa","33.18.15.2003","Tawangharjo"
"33","Jawa Tengah","33.18","Kabupaten Pati","33.18.15","Wedarijaksa","33.18.15.2004","Ngurensiti"
"33","Jawa Tengah","33.18","Kabupaten Pati","33.18.15","Wedarijaksa","33.18.15.2005","Sukoharjo"
"33","Jawa Tengah","33.18","Kabupaten Pati","33.18.15","Wedarijaksa","33.18.15.2006","Panggungroyom"
"33","Jawa Tengah","33.18","Kabupaten Pati","33.18.15","Wedarijaksa","33.18.15.2007","Jontro"
"33","Jawa Tengah","33.18","Kabupaten Pati","33.18.15","Wedarijaksa","33.18.15.2008","Suwaduk"
"33","Jawa Tengah","33.18","Kabupaten Pati","33.18.15","Wedarijaksa","33.18.15.2009","Wedarijaksa"
"33","Jawa Tengah","33.18","Kabupaten Pati","33.18.15","Wedarijaksa","33.18.15.2010","Pagerharjo"
"33","Jawa Tengah","33.18","Kabupaten Pati","33.18.15","Wedarijaksa","33.18.15.2011","Ngurenrejo"
"33","Jawa Tengah","33.18","Kabupaten Pati","33.18.15","Wedarijaksa","33.18.15.2012","Bangsalrejo"
"33","Jawa Tengah","33.18","Kabupaten Pati","33.18.15","Wedarijaksa","33.18.15.2013","Sidoharjo"
"33","Jawa Tengah","33.18","Kabupaten Pati","33.18.15","Wedarijaksa","33.18.15.2014","Jetak"
"33","Jawa Tengah","33.18","Kabupaten Pati","33.18.15","Wedarijaksa","33.18.15.2015","Jatimulyo"
"33","Jawa Tengah","33.18","Kabupaten Pati","33.18.15","Wedarijaksa","33.18.15.2016","Tlogoharum"
"33","Jawa Tengah","33.18","Kabupaten Pati","33.18.15","Wedarijaksa","33.18.15.2017","Kepoh"
"33","Jawa Tengah","33.18","Kabupaten Pati","33.18.15","Wedarijaksa","33.18.15.2018","Tluwuk"
"33","Jawa Tengah","33.18","Kabupaten Pati","33.18.16","Margoyoso","33.18.16.2001","Tegalarum"
"33","Jawa Tengah","33.18","Kabupaten Pati","33.18.16","Margoyoso","33.18.16.2002","Soneyan"
"33","Jawa Tengah","33.18","Kabupaten Pati","33.18.16","Margoyoso","33.18.16.2003","Tanjungrejo"
"33","Jawa Tengah","33.18","Kabupaten Pati","33.18.16","Margoyoso","33.18.16.2004","Sidomukti"
"33","Jawa Tengah","33.18","Kabupaten Pati","33.18.16","Margoyoso","33.18.16.2005","Pohijo"
"33","Jawa Tengah","33.18","Kabupaten Pati","33.18.16","Margoyoso","33.18.16.2006","Kertomulyo"
"33","Jawa Tengah","33.18","Kabupaten Pati","33.18.16","Margoyoso","33.18.16.2007","Langgenharjo"
"33","Jawa Tengah","33.18","Kabupaten Pati","33.18.16","Margoyoso","33.18.16.2008","Pangkalan"
"33","Jawa Tengah","33.18","Kabupaten Pati","33.18.16","Margoyoso","33.18.16.2009","Bulumanis Kidul"
"33","Jawa Tengah","33.18","Kabupaten Pati","33.18.16","Margoyoso","33.18.16.2010","Bulumanis Lor"
"33","Jawa Tengah","33.18","Kabupaten Pati","33.18.16","Margoyoso","33.18.16.2011","Sekarjalak"
"33","Jawa Tengah","33.18","Kabupaten Pati","33.18.16","Margoyoso","33.18.16.2012","Kajen"
"33","Jawa Tengah","33.18","Kabupaten Pati","33.18.16","Margoyoso","33.18.16.2013","Ngemplak Kidul"
"33","Jawa Tengah","33.18","Kabupaten Pati","33.18.16","Margoyoso","33.18.16.2014","Purworejo"
"33","Jawa Tengah","33.18","Kabupaten Pati","33.18.16","Margoyoso","33.18.16.2015","Purwodadi"
"33","Jawa Tengah","33.18","Kabupaten Pati","33.18.16","Margoyoso","33.18.16.2016","Ngemplak Lor"
"33","Jawa Tengah","33.18","Kabupaten Pati","33.18.16","Margoyoso","33.18.16.2017","Waturoyo"
"33","Jawa Tengah","33.18","Kabupaten Pati","33.18.16","Margoyoso","33.18.16.2018","Cebolek Kidul"
"33","Jawa Tengah","33.18","Kabupaten Pati","33.18.16","Margoyoso","33.18.16.2019","Tunjungrejo"
"33","Jawa Tengah","33.18","Kabupaten Pati","33.18.16","Margoyoso","33.18.16.2020","Margoyoso"
"33","Jawa Tengah","33.18","Kabupaten Pati","33.18.16","Margoyoso","33.18.16.2021","Margotohu Kidul"
"33","Jawa Tengah","33.18","Kabupaten Pati","33.18.16","Margoyoso","33.18.16.2022","Semerak"
"33","Jawa Tengah","33.18","Kabupaten Pati","33.18.17","Gunungwungkal","33.18.17.2001","Jrahi"
"33","Jawa Tengah","33.18","Kabupaten Pati","33.18.17","Gunungwungkal","33.18.17.2002","Giling"
"33","Jawa Tengah","33.18","Kabupaten Pati","33.18.17","Gunungwungkal","33.18.17.2003","Gulangpongge"
"33","Jawa Tengah","33.18","Kabupaten Pati","33.18.17","Gunungwungkal","33.18.17.2004","Jepalo"
"33","Jawa Tengah","33.18","Kabupaten Pati","33.18.17","Gunungwungkal","33.18.17.2005","Sidomulyo"
"33","Jawa Tengah","33.18","Kabupaten Pati","33.18.17","Gunungwungkal","33.18.17.2006","Sampok"
"33","Jawa Tengah","33.18","Kabupaten Pati","33.18.17","Gunungwungkal","33.18.17.2007","Pesagen"
"33","Jawa Tengah","33.18","Kabupaten Pati","33.18.17","Gunungwungkal","33.18.17.2008","Gadu"
"33","Jawa Tengah","33.18","Kabupaten Pati","33.18.17","Gunungwungkal","33.18.17.2009","Gajihan"
"33","Jawa Tengah","33.18","Kabupaten Pati","33.18.17","Gunungwungkal","33.18.17.2010","Perdopo"
"33","Jawa Tengah","33.18","Kabupaten Pati","33.18.17","Gunungwungkal","33.18.17.2011","Gunungwungkal"
"33","Jawa Tengah","33.18","Kabupaten Pati","33.18.17","Gunungwungkal","33.18.17.2012","Bancak"
"33","Jawa Tengah","33.18","Kabupaten Pati","33.18.17","Gunungwungkal","33.18.17.2013","Jembulwunut"
"33","Jawa Tengah","33.18","Kabupaten Pati","33.18.17","Gunungwungkal","33.18.17.2014","Ngetuk"
"33","Jawa Tengah","33.18","Kabupaten Pati","33.18.17","Gunungwungkal","33.18.17.2015","Sumberrejo"
"33","Jawa Tengah","33.18","Kabupaten Pati","33.18.18","Cluwak","33.18.18.2001","Medani"
"33","Jawa Tengah","33.18","Kabupaten Pati","33.18.18","Cluwak","33.18.18.2002","Sentul"
"33","Jawa Tengah","33.18","Kabupaten Pati","33.18.18","Cluwak","33.18.18.2003","Plaosan"
"33","Jawa Tengah","33.18","Kabupaten Pati","33.18.18","Cluwak","33.18.18.2004","Payak"
"33","Jawa Tengah","33.18","Kabupaten Pati","33.18.18","Cluwak","33.18.18.2005","Sirahan"
"33","Jawa Tengah","33.18","Kabupaten Pati","33.18.18","Cluwak","33.18.18.2006","Mojo"
"33","Jawa Tengah","33.18","Kabupaten Pati","33.18.18","Cluwak","33.18.18.2007","Karangsari"
"33","Jawa Tengah","33.18","Kabupaten Pati","33.18.18","Cluwak","33.18.18.2008","Bleber"
"33","Jawa Tengah","33.18","Kabupaten Pati","33.18.18","Cluwak","33.18.18.2009","Ngawen"
"33","Jawa Tengah","33.18","Kabupaten Pati","33.18.18","Cluwak","33.18.18.2010","Ngablak"
"33","Jawa Tengah","33.18","Kabupaten Pati","33.18.18","Cluwak","33.18.18.2011","Gesengan"
"33","Jawa Tengah","33.18","Kabupaten Pati","33.18.18","Cluwak","33.18.18.2012","Gerit"
"33","Jawa Tengah","33.18","Kabupaten Pati","33.18.18","Cluwak","33.18.18.2013","Sumur"
"33","Jawa Tengah","33.18","Kabupaten Pati","33.18.19","Tayu","33.18.19.2001","Pondowan"
"33","Jawa Tengah","33.18","Kabupaten Pati","33.18.19","Tayu","33.18.19.2002","Kedungsari"
"33","Jawa Tengah","33.18","Kabupaten Pati","33.18.19","Tayu","33.18.19.2003","Margomulyo"
"33","Jawa Tengah","33.18","Kabupaten Pati","33.18.19","Tayu","33.18.19.2004","Pakis"
"33","Jawa Tengah","33.18","Kabupaten Pati","33.18.19","Tayu","33.18.19.2005","Sendangrejo"
"33","Jawa Tengah","33.18","Kabupaten Pati","33.18.19","Tayu","33.18.19.2006","Jepat Kidul"
"33","Jawa Tengah","33.18","Kabupaten Pati","33.18.19","Tayu","33.18.19.2007","Tunggulsari"
"33","Jawa Tengah","33.18","Kabupaten Pati","33.18.19","Tayu","33.18.19.2008","Jepat Lor"
"33","Jawa Tengah","33.18","Kabupaten Pati","33.18.19","Tayu","33.18.19.2009","Tendas"
"33","Jawa Tengah","33.18","Kabupaten Pati","33.18.19","Tayu","33.18.19.2010","Keboromo"
"33","Jawa Tengah","33.18","Kabupaten Pati","33.18.19","Tayu","33.18.19.2011","Sambiroto"
"33","Jawa Tengah","33.18","Kabupaten Pati","33.18.19","Tayu","33.18.19.2012","Tayu Wetan"
"33","Jawa Tengah","33.18","Kabupaten Pati","33.18.19","Tayu","33.18.19.2013","Tayu Kulon"
"33","Jawa Tengah","33.18","Kabupaten Pati","33.18.19","Tayu","33.18.19.2014","Pundenrejo"
"33","Jawa Tengah","33.18","Kabupaten Pati","33.18.19","Tayu","33.18.19.2015","Kedungbang"
"33","Jawa Tengah","33.18","Kabupaten Pati","33.18.19","Tayu","33.18.19.2016","Bendokaton Kidul"
"33","Jawa Tengah","33.18","Kabupaten Pati","33.18.19","Tayu","33.18.19.2017","Purwokerto"
"33","Jawa Tengah","33.18","Kabupaten Pati","33.18.19","Tayu","33.18.19.2018","Bulungan"
"33","Jawa Tengah","33.18","Kabupaten Pati","33.18.19","Tayu","33.18.19.2019","Luwang"
"33","Jawa Tengah","33.18","Kabupaten Pati","33.18.19","Tayu","33.18.19.2020","Dororejo"
"33","Jawa Tengah","33.18","Kabupaten Pati","33.18.19","Tayu","33.18.19.2021","Kalikalong"
"33","Jawa Tengah","33.18","Kabupaten Pati","33.18.20","Dukuhseti","33.18.20.2001","Wedusan"
"33","Jawa Tengah","33.18","Kabupaten Pati","33.18.20","Dukuhseti","33.18.20.2002","Dumpil"
"33","Jawa Tengah","33.18","Kabupaten Pati","33.18.20","Dukuhseti","33.18.20.2003","Ngagel"
"33","Jawa Tengah","33.18","Kabupaten Pati","33.18.20","Dukuhseti","33.18.20.2004","Bakalan"
"33","Jawa Tengah","33.18","Kabupaten Pati","33.18.20","Dukuhseti","33.18.20.2005","Kenanti"
"33","Jawa Tengah","33.18","Kabupaten Pati","33.18.20","Dukuhseti","33.18.20.2006","Alasdowo"
"33","Jawa Tengah","33.18","Kabupaten Pati","33.18.20","Dukuhseti","33.18.20.2007","Banyutowo"
"33","Jawa Tengah","33.18","Kabupaten Pati","33.18.20","Dukuhseti","33.18.20.2008","Dukuhseti"
"33","Jawa Tengah","33.18","Kabupaten Pati","33.18.20","Dukuhseti","33.18.20.2009","Grogolan"
"33","Jawa Tengah","33.18","Kabupaten Pati","33.18.20","Dukuhseti","33.18.20.2010","Kembang"
"33","Jawa Tengah","33.18","Kabupaten Pati","33.18.20","Dukuhseti","33.18.20.2011","Tegalombo"
"33","Jawa Tengah","33.18","Kabupaten Pati","33.18.20","Dukuhseti","33.18.20.2012","Puncel"
"33","Jawa Tengah","33.18","Kabupaten Pati","33.18.21","Trangkil","33.18.21.2001","Kajar"
"33","Jawa Tengah","33.18","Kabupaten Pati","33.18.21","Trangkil","33.18.21.2002","Trangkil"
"33","Jawa Tengah","33.18","Kabupaten Pati","33.18.21","Trangkil","33.18.21.2003","Pasucen"
"33","Jawa Tengah","33.18","Kabupaten Pati","33.18.21","Trangkil","33.18.21.2004","Tegalharjo"
"33","Jawa Tengah","33.18","Kabupaten Pati","33.18.21","Trangkil","33.18.21.2005","Mojoagung"
"33","Jawa Tengah","33.18","Kabupaten Pati","33.18.21","Trangkil","33.18.21.2006","Ketanen"
"33","Jawa Tengah","33.18","Kabupaten Pati","33.18.21","Trangkil","33.18.21.2007","Karanglegi"
"33","Jawa Tengah","33.18","Kabupaten Pati","33.18.21","Trangkil","33.18.21.2008","Karangwage"
"33","Jawa Tengah","33.18","Kabupaten Pati","33.18.21","Trangkil","33.18.21.2009","Kadilangu"
"33","Jawa Tengah","33.18","Kabupaten Pati","33.18.21","Trangkil","33.18.21.2010","Tlutup"
"33","Jawa Tengah","33.18","Kabupaten Pati","33.18.21","Trangkil","33.18.21.2011","Krandan"
"33","Jawa Tengah","33.18","Kabupaten Pati","33.18.21","Trangkil","33.18.21.2012","Kertomulyo"
"33","Jawa Tengah","33.18","Kabupaten Pati","33.18.21","Trangkil","33.18.21.2013","Rejoagung"
"33","Jawa Tengah","33.18","Kabupaten Pati","33.18.21","Trangkil","33.18.21.2014","Guyangan"
"33","Jawa Tengah","33.18","Kabupaten Pati","33.18.21","Trangkil","33.18.21.2015","Sambilawang"
"33","Jawa Tengah","33.18","Kabupaten Pati","33.18.21","Trangkil","33.18.21.2016","Asempapan"
"33","Jawa Tengah","33.19","Kabupaten Kudus","33.19.01","Kaliwungu","33.19.01.2001","Bakalankrapyak"
"33","Jawa Tengah","33.19","Kabupaten Kudus","33.19.01","Kaliwungu","33.19.01.2002","Prambatan Kidul"
"33","Jawa Tengah","33.19","Kabupaten Kudus","33.19.01","Kaliwungu","33.19.01.2003","Prambatan Lor"
"33","Jawa Tengah","33.19","Kabupaten Kudus","33.19.01","Kaliwungu","33.19.01.2004","Garung Kidul"
"33","Jawa Tengah","33.19","Kabupaten Kudus","33.19.01","Kaliwungu","33.19.01.2005","Setrokalangan"
"33","Jawa Tengah","33.19","Kabupaten Kudus","33.19.01","Kaliwungu","33.19.01.2006","Banget"
"33","Jawa Tengah","33.19","Kabupaten Kudus","33.19.01","Kaliwungu","33.19.01.2007","Blimbing Kidul"
"33","Jawa Tengah","33.19","Kabupaten Kudus","33.19.01","Kaliwungu","33.19.01.2008","Sidorekso"
"33","Jawa Tengah","33.19","Kabupaten Kudus","33.19.01","Kaliwungu","33.19.01.2009","Gamong"
"33","Jawa Tengah","33.19","Kabupaten Kudus","33.19.01","Kaliwungu","33.19.01.2010","Kedungdowo"
"33","Jawa Tengah","33.19","Kabupaten Kudus","33.19.01","Kaliwungu","33.19.01.2011","Garung Lor"
"33","Jawa Tengah","33.19","Kabupaten Kudus","33.19.01","Kaliwungu","33.19.01.2012","Karangampel"
"33","Jawa Tengah","33.19","Kabupaten Kudus","33.19.01","Kaliwungu","33.19.01.2013","Mijen"
"33","Jawa Tengah","33.19","Kabupaten Kudus","33.19.01","Kaliwungu","33.19.01.2014","Kaliwungu"
"33","Jawa Tengah","33.19","Kabupaten Kudus","33.19.01","Kaliwungu","33.19.01.2015","Papringan"
"33","Jawa Tengah","33.19","Kabupaten Kudus","33.19.02","Kota Kudus","33.19.02.1001","Purwosari"
"33","Jawa Tengah","33.19","Kabupaten Kudus","33.19.02","Kota Kudus","33.19.02.1004","Sunggingan"
"33","Jawa Tengah","33.19","Kabupaten Kudus","33.19.02","Kota Kudus","33.19.02.1005","Panjunan"
"33","Jawa Tengah","33.19","Kabupaten Kudus","33.19.02","Kota Kudus","33.19.02.1006","Wergu Wetan"
"33","Jawa Tengah","33.19","Kabupaten Kudus","33.19.02","Kota Kudus","33.19.02.1007","Wergu Kulon"
"33","Jawa Tengah","33.19","Kabupaten Kudus","33.19.02","Kota Kudus","33.19.02.1008","Mlati Kidul"
"33","Jawa Tengah","33.19","Kabupaten Kudus","33.19.02","Kota Kudus","33.19.02.1009","Mlatinorowito"
"33","Jawa Tengah","33.19","Kabupaten Kudus","33.19.02","Kota Kudus","33.19.02.1017","Kerjasan"
"33","Jawa Tengah","33.19","Kabupaten Kudus","33.19.02","Kota Kudus","33.19.02.1018","Kajeksan"
"33","Jawa Tengah","33.19","Kabupaten Kudus","33.19.02","Kota Kudus","33.19.02.2002","Janggalan"
"33","Jawa Tengah","33.19","Kabupaten Kudus","33.19.02","Kota Kudus","33.19.02.2003","Demangan"
"33","Jawa Tengah","33.19","Kabupaten Kudus","33.19.02","Kota Kudus","33.19.02.2010","Mlati Lor"
"33","Jawa Tengah","33.19","Kabupaten Kudus","33.19.02","Kota Kudus","33.19.02.2011","Nganguk"
"33","Jawa Tengah","33.19","Kabupaten Kudus","33.19.02","Kota Kudus","33.19.02.2012","Kramat"
"33","Jawa Tengah","33.19","Kabupaten Kudus","33.19.02","Kota Kudus","33.19.02.2013","Demaan"
"33","Jawa Tengah","33.19","Kabupaten Kudus","33.19.02","Kota Kudus","33.19.02.2014","Langgardalem"
"33","Jawa Tengah","33.19","Kabupaten Kudus","33.19.02","Kota Kudus","33.19.02.2015","Kauman"
"33","Jawa Tengah","33.19","Kabupaten Kudus","33.19.02","Kota Kudus","33.19.02.2016","Damaran"
"33","Jawa Tengah","33.19","Kabupaten Kudus","33.19.02","Kota Kudus","33.19.02.2019","Krandon"
"33","Jawa Tengah","33.19","Kabupaten Kudus","33.19.02","Kota Kudus","33.19.02.2020","Singocandi"
"33","Jawa Tengah","33.19","Kabupaten Kudus","33.19.02","Kota Kudus","33.19.02.2021","Glantengan"
"33","Jawa Tengah","33.19","Kabupaten Kudus","33.19.02","Kota Kudus","33.19.02.2022","Kaliputu"
"33","Jawa Tengah","33.19","Kabupaten Kudus","33.19.02","Kota Kudus","33.19.02.2023","Barongan"
"33","Jawa Tengah","33.19","Kabupaten Kudus","33.19.02","Kota Kudus","33.19.02.2024","Burikan"
"33","Jawa Tengah","33.19","Kabupaten Kudus","33.19.02","Kota Kudus","33.19.02.2025","Rendeng"
"33","Jawa Tengah","33.19","Kabupaten Kudus","33.19.03","Jati","33.19.03.2001","Jetiskapuan"
"33","Jawa Tengah","33.19","Kabupaten Kudus","33.19.03","Jati","33.19.03.2002","Tanjungkarang"
"33","Jawa Tengah","33.19","Kabupaten Kudus","33.19.03","Jati","33.19.03.2003","Jati Wetan"
"33","Jawa Tengah","33.19","Kabupaten Kudus","33.19.03","Jati","33.19.03.2004","Pasuruhan Kidul"
"33","Jawa Tengah","33.19","Kabupaten Kudus","33.19.03","Jati","33.19.03.2005","Pasuruhan Lor"
"33","Jawa Tengah","33.19","Kabupaten Kudus","33.19.03","Jati","33.19.03.2006","Ploso"
"33","Jawa Tengah","33.19","Kabupaten Kudus","33.19.03","Jati","33.19.03.2007","Jati Kulon"
"33","Jawa Tengah","33.19","Kabupaten Kudus","33.19.03","Jati","33.19.03.2008","Getaspejaten"
"33","Jawa Tengah","33.19","Kabupaten Kudus","33.19.03","Jati","33.19.03.2009","Loram Kulon"
"33","Jawa Tengah","33.19","Kabupaten Kudus","33.19.03","Jati","33.19.03.2010","Loram Wetan"
"33","Jawa Tengah","33.19","Kabupaten Kudus","33.19.03","Jati","33.19.03.2011","Jepangpakis"
"33","Jawa Tengah","33.19","Kabupaten Kudus","33.19.03","Jati","33.19.03.2012","Megawon"
"33","Jawa Tengah","33.19","Kabupaten Kudus","33.19.03","Jati","33.19.03.2013","Ngembal Kulon"
"33","Jawa Tengah","33.19","Kabupaten Kudus","33.19.03","Jati","33.19.03.2014","Tumpangkrasak"
"33","Jawa Tengah","33.19","Kabupaten Kudus","33.19.04","Undaan","33.19.04.2001","Wonosoco"
"33","Jawa Tengah","33.19","Kabupaten Kudus","33.19.04","Undaan","33.19.04.2002","Lambangan"
"33","Jawa Tengah","33.19","Kabupaten Kudus","33.19.04","Undaan","33.19.04.2003","Kalirejo"
"33","Jawa Tengah","33.19","Kabupaten Kudus","33.19.04","Undaan","33.19.04.2004","Medini"
"33","Jawa Tengah","33.19","Kabupaten Kudus","33.19.04","Undaan","33.19.04.2005","Sambung"
"33","Jawa Tengah","33.19","Kabupaten Kudus","33.19.04","Undaan","33.19.04.2006","Glagahwaru"
"33","Jawa Tengah","33.19","Kabupaten Kudus","33.19.04","Undaan","33.19.04.2007","Kutuk"
"33","Jawa Tengah","33.19","Kabupaten Kudus","33.19.04","Undaan","33.19.04.2008","Undaan Kidul"
"33","Jawa Tengah","33.19","Kabupaten Kudus","33.19.04","Undaan","33.19.04.2009","Undaan Tengah"
"33","Jawa Tengah","33.19","Kabupaten Kudus","33.19.04","Undaan","33.19.04.2010","Karangrowo"
"33","Jawa Tengah","33.19","Kabupaten Kudus","33.19.04","Undaan","33.19.04.2011","Larikrejo"
"33","Jawa Tengah","33.19","Kabupaten Kudus","33.19.04","Undaan","33.19.04.2012","Undaan Lor"
"33","Jawa Tengah","33.19","Kabupaten Kudus","33.19.04","Undaan","33.19.04.2013","Wates"
"33","Jawa Tengah","33.19","Kabupaten Kudus","33.19.04","Undaan","33.19.04.2014","Ngemplak"
"33","Jawa Tengah","33.19","Kabupaten Kudus","33.19.04","Undaan","33.19.04.2015","Terangmas"
"33","Jawa Tengah","33.19","Kabupaten Kudus","33.19.04","Undaan","33.19.04.2016","Berugenjang"
"33","Jawa Tengah","33.19","Kabupaten Kudus","33.19.05","Mejobo","33.19.05.2001","Gulang"
"33","Jawa Tengah","33.19","Kabupaten Kudus","33.19.05","Mejobo","33.19.05.2002","Jepang"
"33","Jawa Tengah","33.19","Kabupaten Kudus","33.19.05","Mejobo","33.19.05.2003","Payaman"
"33","Jawa Tengah","33.19","Kabupaten Kudus","33.19.05","Mejobo","33.19.05.2004","Kirig"
"33","Jawa Tengah","33.19","Kabupaten Kudus","33.19.05","Mejobo","33.19.05.2005","Temulus"
"33","Jawa Tengah","33.19","Kabupaten Kudus","33.19.05","Mejobo","33.19.05.2006","Kesambi"
"33","Jawa Tengah","33.19","Kabupaten Kudus","33.19.05","Mejobo","33.19.05.2007","Jojo"
"33","Jawa Tengah","33.19","Kabupaten Kudus","33.19.05","Mejobo","33.19.05.2008","Hadiwarno"
"33","Jawa Tengah","33.19","Kabupaten Kudus","33.19.05","Mejobo","33.19.05.2009","Mejobo"
"33","Jawa Tengah","33.19","Kabupaten Kudus","33.19.05","Mejobo","33.19.05.2010","Golantepus"
"33","Jawa Tengah","33.19","Kabupaten Kudus","33.19.05","Mejobo","33.19.05.2011","Tenggeles"
"33","Jawa Tengah","33.19","Kabupaten Kudus","33.19.06","Jekulo","33.19.06.2001","Sadang"
"33","Jawa Tengah","33.19","Kabupaten Kudus","33.19.06","Jekulo","33.19.06.2002","Bulungcangkring"
"33","Jawa Tengah","33.19","Kabupaten Kudus","33.19.06","Jekulo","33.19.06.2003","Bulung Kulon"
"33","Jawa Tengah","33.19","Kabupaten Kudus","33.19.06","Jekulo","33.19.06.2004","Sidomulyo"
"33","Jawa Tengah","33.19","Kabupaten Kudus","33.19.06","Jekulo","33.19.06.2005","Gondoharum"
"33","Jawa Tengah","33.19","Kabupaten Kudus","33.19.06","Jekulo","33.19.06.2006","Terban"
"33","Jawa Tengah","33.19","Kabupaten Kudus","33.19.06","Jekulo","33.19.06.2007","Pladen"
"33","Jawa Tengah","33.19","Kabupaten Kudus","33.19.06","Jekulo","33.19.06.2008","Klaling"
"33","Jawa Tengah","33.19","Kabupaten Kudus","33.19.06","Jekulo","33.19.06.2009","Jekulo"
"33","Jawa Tengah","33.19","Kabupaten Kudus","33.19.06","Jekulo","33.19.06.2010","Hadipolo"
"33","Jawa Tengah","33.19","Kabupaten Kudus","33.19.06","Jekulo","33.19.06.2011","Honggosoco"
"33","Jawa Tengah","33.19","Kabupaten Kudus","33.19.06","Jekulo","33.19.06.2012","Tanjungrejo"
"33","Jawa Tengah","33.19","Kabupaten Kudus","33.19.07","Bae","33.19.07.2001","Dersalam"
"33","Jawa Tengah","33.19","Kabupaten Kudus","33.19.07","Bae","33.19.07.2002","Ngembalrejo"
"33","Jawa Tengah","33.19","Kabupaten Kudus","33.19.07","Bae","33.19.07.2003","Karangbener"
"33","Jawa Tengah","33.19","Kabupaten Kudus","33.19.07","Bae","33.19.07.2004","Gondangmanis"
"33","Jawa Tengah","33.19","Kabupaten Kudus","33.19.07","Bae","33.19.07.2005","Pedawang"
"33","Jawa Tengah","33.19","Kabupaten Kudus","33.19.07","Bae","33.19.07.2006","Bacin"
"33","Jawa Tengah","33.19","Kabupaten Kudus","33.19.07","Bae","33.19.07.2007","Panjang"
"33","Jawa Tengah","33.19","Kabupaten Kudus","33.19.07","Bae","33.19.07.2008","Peganjaran"
"33","Jawa Tengah","33.19","Kabupaten Kudus","33.19.07","Bae","33.19.07.2009","Purworejo"
"33","Jawa Tengah","33.19","Kabupaten Kudus","33.19.07","Bae","33.19.07.2010","Bae"
"33","Jawa Tengah","33.19","Kabupaten Kudus","33.19.08","Gebog","33.19.08.2001","Gribig"
"33","Jawa Tengah","33.19","Kabupaten Kudus","33.19.08","Gebog","33.19.08.2002","Klumpit"
"33","Jawa Tengah","33.19","Kabupaten Kudus","33.19.08","Gebog","33.19.08.2003","Getassrabi"
"33","Jawa Tengah","33.19","Kabupaten Kudus","33.19.08","Gebog","33.19.08.2004","Padurenan"
"33","Jawa Tengah","33.19","Kabupaten Kudus","33.19.08","Gebog","33.19.08.2005","Karangmalang"
"33","Jawa Tengah","33.19","Kabupaten Kudus","33.19.08","Gebog","33.19.08.2006","Besito"
"33","Jawa Tengah","33.19","Kabupaten Kudus","33.19.08","Gebog","33.19.08.2007","Jurang"
"33","Jawa Tengah","33.19","Kabupaten Kudus","33.19.08","Gebog","33.19.08.2008","Gondosari"
"33","Jawa Tengah","33.19","Kabupaten Kudus","33.19.08","Gebog","33.19.08.2009","Kedungsari"
"33","Jawa Tengah","33.19","Kabupaten Kudus","33.19.08","Gebog","33.19.08.2010","Menawan"
"33","Jawa Tengah","33.19","Kabupaten Kudus","33.19.08","Gebog","33.19.08.2011","Rahtawu"
"33","Jawa Tengah","33.19","Kabupaten Kudus","33.19.09","Dawe","33.19.09.2001","Samirejo"
"33","Jawa Tengah","33.19","Kabupaten Kudus","33.19.09","Dawe","33.19.09.2002","Cendono"
"33","Jawa Tengah","33.19","Kabupaten Kudus","33.19.09","Dawe","33.19.09.2003","Margorejo"
"33","Jawa Tengah","33.19","Kabupaten Kudus","33.19.09","Dawe","33.19.09.2004","Rejosari"
"33","Jawa Tengah","33.19","Kabupaten Kudus","33.19.09","Dawe","33.19.09.2005","Kandangmas"
"33","Jawa Tengah","33.19","Kabupaten Kudus","33.19.09","Dawe","33.19.09.2006","Glagah Kulon"
"33","Jawa Tengah","33.19","Kabupaten Kudus","33.19.09","Dawe","33.19.09.2007","Tergo"
"33","Jawa Tengah","33.19","Kabupaten Kudus","33.19.09","Dawe","33.19.09.2008","Cranggang"
"33","Jawa Tengah","33.19","Kabupaten Kudus","33.19.09","Dawe","33.19.09.2009","Lau"
"33","Jawa Tengah","33.19","Kabupaten Kudus","33.19.09","Dawe","33.19.09.2010","Piji"
"33","Jawa Tengah","33.19","Kabupaten Kudus","33.19.09","Dawe","33.19.09.2011","Puyoh"
"33","Jawa Tengah","33.19","Kabupaten Kudus","33.19.09","Dawe","33.19.09.2012","Soco"
"33","Jawa Tengah","33.19","Kabupaten Kudus","33.19.09","Dawe","33.19.09.2013","Ternadi"
"33","Jawa Tengah","33.19","Kabupaten Kudus","33.19.09","Dawe","33.19.09.2014","Kajar"
"33","Jawa Tengah","33.19","Kabupaten Kudus","33.19.09","Dawe","33.19.09.2015","Kuwukan"
"33","Jawa Tengah","33.19","Kabupaten Kudus","33.19.09","Dawe","33.19.09.2016","Dukuhwaringin"
"33","Jawa Tengah","33.19","Kabupaten Kudus","33.19.09","Dawe","33.19.09.2017","Japan"
"33","Jawa Tengah","33.19","Kabupaten Kudus","33.19.09","Dawe","33.19.09.2018","Colo"
"33","Jawa Tengah","33.20","Kabupaten Jepara","33.20.01","Kedung","33.20.01.2001","Kedungmalang"
"33","Jawa Tengah","33.20","Kabupaten Jepara","33.20.01","Kedung","33.20.01.2002","Kalianyar"
"33","Jawa Tengah","33.20","Kabupaten Jepara","33.20.01","Kedung","33.20.01.2003","Karangaji"
"33","Jawa Tengah","33.20","Kabupaten Jepara","33.20.01","Kedung","33.20.01.2004","Tedunan"
"33","Jawa Tengah","33.20","Kabupaten Jepara","33.20.01","Kedung","33.20.01.2005","Sowan Lor"
"33","Jawa Tengah","33.20","Kabupaten Jepara","33.20.01","Kedung","33.20.01.2006","Sowan Kidul"
"33","Jawa Tengah","33.20","Kabupaten Jepara","33.20.01","Kedung","33.20.01.2007","Wanusobo"
"33","Jawa Tengah","33.20","Kabupaten Jepara","33.20.01","Kedung","33.20.01.2008","Surodadi"
"33","Jawa Tengah","33.20","Kabupaten Jepara","33.20.01","Kedung","33.20.01.2009","Panggung"
"33","Jawa Tengah","33.20","Kabupaten Jepara","33.20.01","Kedung","33.20.01.2010","Bulak Baru"
"33","Jawa Tengah","33.20","Kabupaten Jepara","33.20.01","Kedung","33.20.01.2011","Jondang"
"33","Jawa Tengah","33.20","Kabupaten Jepara","33.20.01","Kedung","33.20.01.2012","Bugel"
"33","Jawa Tengah","33.20","Kabupaten Jepara","33.20.01","Kedung","33.20.01.2013","Dongos"
"33","Jawa Tengah","33.20","Kabupaten Jepara","33.20.01","Kedung","33.20.01.2014","Menganti"
"33","Jawa Tengah","33.20","Kabupaten Jepara","33.20.01","Kedung","33.20.01.2015","Kerso"
"33","Jawa Tengah","33.20","Kabupaten Jepara","33.20.01","Kedung","33.20.01.2016","Tanggul Tlare"
"33","Jawa Tengah","33.20","Kabupaten Jepara","33.20.01","Kedung","33.20.01.2017","Rau"
"33","Jawa Tengah","33.20","Kabupaten Jepara","33.20.01","Kedung","33.20.01.2018","Sukosono"
"33","Jawa Tengah","33.20","Kabupaten Jepara","33.20.02","Pecangaan","33.20.02.2001","Kaliombo"
"33","Jawa Tengah","33.20","Kabupaten Jepara","33.20.02","Pecangaan","33.20.02.2002","Karangrandu"
"33","Jawa Tengah","33.20","Kabupaten Jepara","33.20.02","Pecangaan","33.20.02.2003","Gerdu"
"33","Jawa Tengah","33.20","Kabupaten Jepara","33.20.02","Pecangaan","33.20.02.2004","Pecangaan Kulon"
"33","Jawa Tengah","33.20","Kabupaten Jepara","33.20.02","Pecangaan","33.20.02.2005","Rengging"
"33","Jawa Tengah","33.20","Kabupaten Jepara","33.20.02","Pecangaan","33.20.02.2006","Troso"
"33","Jawa Tengah","33.20","Kabupaten Jepara","33.20.02","Pecangaan","33.20.02.2007","Ngeling"
"33","Jawa Tengah","33.20","Kabupaten Jepara","33.20.02","Pecangaan","33.20.02.2008","Pulodarat"
"33","Jawa Tengah","33.20","Kabupaten Jepara","33.20.02","Pecangaan","33.20.02.2009","Lebuawu"
"33","Jawa Tengah","33.20","Kabupaten Jepara","33.20.02","Pecangaan","33.20.02.2010","Gemulung"
"33","Jawa Tengah","33.20","Kabupaten Jepara","33.20.02","Pecangaan","33.20.02.2011","Pecangaan Wetan"
"33","Jawa Tengah","33.20","Kabupaten Jepara","33.20.02","Pecangaan","33.20.02.2012","Krasak"
"33","Jawa Tengah","33.20","Kabupaten Jepara","33.20.03","Welahan","33.20.03.2001","Ujung Pandan"
"33","Jawa Tengah","33.20","Kabupaten Jepara","33.20.03","Welahan","33.20.03.2002","Karanganyar"
"33","Jawa Tengah","33.20","Kabupaten Jepara","33.20.03","Welahan","33.20.03.2003","Guwosobokerto"
"33","Jawa Tengah","33.20","Kabupaten Jepara","33.20.03","Welahan","33.20.03.2004","Kedungsarimulyo"
"33","Jawa Tengah","33.20","Kabupaten Jepara","33.20.03","Welahan","33.20.03.2005","Bugo"
"33","Jawa Tengah","33.20","Kabupaten Jepara","33.20.03","Welahan","33.20.03.2006","Welahan"
"33","Jawa Tengah","33.20","Kabupaten Jepara","33.20.03","Welahan","33.20.03.2007","Gedangan"
"33","Jawa Tengah","33.20","Kabupaten Jepara","33.20.03","Welahan","33.20.03.2008","Ketilengsingolelo"
"33","Jawa Tengah","33.20","Kabupaten Jepara","33.20.03","Welahan","33.20.03.2009","Kalipucang Wetan"
"33","Jawa Tengah","33.20","Kabupaten Jepara","33.20.03","Welahan","33.20.03.2010","Kalipucang Kulon"
"33","Jawa Tengah","33.20","Kabupaten Jepara","33.20.03","Welahan","33.20.03.2011","Gidangelo"
"33","Jawa Tengah","33.20","Kabupaten Jepara","33.20.03","Welahan","33.20.03.2012","Kendengsidialit"
"33","Jawa Tengah","33.20","Kabupaten Jepara","33.20.03","Welahan","33.20.03.2013","Sidigede"
"33","Jawa Tengah","33.20","Kabupaten Jepara","33.20.03","Welahan","33.20.03.2014","Teluk Wetan"
"33","Jawa Tengah","33.20","Kabupaten Jepara","33.20.03","Welahan","33.20.03.2015","Brantak Sekarjati"
"33","Jawa Tengah","33.20","Kabupaten Jepara","33.20.04","Mayong","33.20.04.2001","Mayong Lor"
"33","Jawa Tengah","33.20","Kabupaten Jepara","33.20.04","Mayong","33.20.04.2002","Tigajuru"
"33","Jawa Tengah","33.20","Kabupaten Jepara","33.20.04","Mayong","33.20.04.2003","Paren"
"33","Jawa Tengah","33.20","Kabupaten Jepara","33.20.04","Mayong","33.20.04.2004","Kuanyar"
"33","Jawa Tengah","33.20","Kabupaten Jepara","33.20.04","Mayong","33.20.04.2005","Pelang"
"33","Jawa Tengah","33.20","Kabupaten Jepara","33.20.04","Mayong","33.20.04.2006","Sengonbugel"
"33","Jawa Tengah","33.20","Kabupaten Jepara","33.20.04","Mayong","33.20.04.2007","Jebol"
"33","Jawa Tengah","33.20","Kabupaten Jepara","33.20.04","Mayong","33.20.04.2008","Singorojo"
"33","Jawa Tengah","33.20","Kabupaten Jepara","33.20.04","Mayong","33.20.04.2009","Pelemkerep"
"33","Jawa Tengah","33.20","Kabupaten Jepara","33.20.04","Mayong","33.20.04.2010","Buaran"
"33","Jawa Tengah","33.20","Kabupaten Jepara","33.20.04","Mayong","33.20.04.2011","Ngroto"
"33","Jawa Tengah","33.20","Kabupaten Jepara","33.20.04","Mayong","33.20.04.2012","Rajekwesi"
"33","Jawa Tengah","33.20","Kabupaten Jepara","33.20.04","Mayong","33.20.04.2013","Datar"
"33","Jawa Tengah","33.20","Kabupaten Jepara","33.20.04","Mayong","33.20.04.2014","Pule"
"33","Jawa Tengah","33.20","Kabupaten Jepara","33.20.04","Mayong","33.20.04.2015","Bandung"
"33","Jawa Tengah","33.20","Kabupaten Jepara","33.20.04","Mayong","33.20.04.2016","Bungu"
"33","Jawa Tengah","33.20","Kabupaten Jepara","33.20.04","Mayong","33.20.04.2017","Pancur"
"33","Jawa Tengah","33.20","Kabupaten Jepara","33.20.04","Mayong","33.20.04.2018","Mayong Kidul"
"33","Jawa Tengah","33.20","Kabupaten Jepara","33.20.05","Batealit","33.20.05.2001","Geneng"
"33","Jawa Tengah","33.20","Kabupaten Jepara","33.20.05","Batealit","33.20.05.2002","Raguklampitan"
"33","Jawa Tengah","33.20","Kabupaten Jepara","33.20.05","Batealit","33.20.05.2003","Ngasem"
"33","Jawa Tengah","33.20","Kabupaten Jepara","33.20.05","Batealit","33.20.05.2004","Bawu"
"33","Jawa Tengah","33.20","Kabupaten Jepara","33.20.05","Batealit","33.20.05.2005","Mindahan"
"33","Jawa Tengah","33.20","Kabupaten Jepara","33.20.05","Batealit","33.20.05.2006","Somosari"
"33","Jawa Tengah","33.20","Kabupaten Jepara","33.20.05","Batealit","33.20.05.2007","Batealit"
"33","Jawa Tengah","33.20","Kabupaten Jepara","33.20.05","Batealit","33.20.05.2008","Bringin"
"33","Jawa Tengah","33.20","Kabupaten Jepara","33.20.05","Batealit","33.20.05.2009","Bantrung"
"33","Jawa Tengah","33.20","Kabupaten Jepara","33.20.05","Batealit","33.20.05.2010","Pekalongan"
"33","Jawa Tengah","33.20","Kabupaten Jepara","33.20.05","Batealit","33.20.05.2011","Mindahan Kidul"
"33","Jawa Tengah","33.20","Kabupaten Jepara","33.20.06","Jepara","33.20.06.1001","Karangkebagusan"
"33","Jawa Tengah","33.20","Kabupaten Jepara","33.20.06","Jepara","33.20.06.1002","Demaan"
"33","Jawa Tengah","33.20","Kabupaten Jepara","33.20.06","Jepara","33.20.06.1003","Potroyudan"
"33","Jawa Tengah","33.20","Kabupaten Jepara","33.20.06","Jepara","33.20.06.1004","Bapangan"
"33","Jawa Tengah","33.20","Kabupaten Jepara","33.20.06","Jepara","33.20.06.1005","Saripan"
"33","Jawa Tengah","33.20","Kabupaten Jepara","33.20.06","Jepara","33.20.06.1006","Panggang"
"33","Jawa Tengah","33.20","Kabupaten Jepara","33.20.06","Jepara","33.20.06.1007","Kauman"
"33","Jawa Tengah","33.20","Kabupaten Jepara","33.20.06","Jepara","33.20.06.1008","Bulu"
"33","Jawa Tengah","33.20","Kabupaten Jepara","33.20.06","Jepara","33.20.06.1009","Jobokuto"
"33","Jawa Tengah","33.20","Kabupaten Jepara","33.20.06","Jepara","33.20.06.1010","Ujungbatu"
"33","Jawa Tengah","33.20","Kabupaten Jepara","33.20.06","Jepara","33.20.06.1011","Pengkol"
"33","Jawa Tengah","33.20","Kabupaten Jepara","33.20.06","Jepara","33.20.06.2012","Mulyoharjo"
"33","Jawa Tengah","33.20","Kabupaten Jepara","33.20.06","Jepara","33.20.06.2013","Wonorejo"
"33","Jawa Tengah","33.20","Kabupaten Jepara","33.20.06","Jepara","33.20.06.2014","Kedungcino"
"33","Jawa Tengah","33.20","Kabupaten Jepara","33.20.06","Jepara","33.20.06.2015","Kuwasen"
"33","Jawa Tengah","33.20","Kabupaten Jepara","33.20.06","Jepara","33.20.06.2016","Bandengan"
"33","Jawa Tengah","33.20","Kabupaten Jepara","33.20.07","Mlonggo","33.20.07.2001","Mororejo"
"33","Jawa Tengah","33.20","Kabupaten Jepara","33.20.07","Mlonggo","33.20.07.2009","Suwawal"
"33","Jawa Tengah","33.20","Kabupaten Jepara","33.20.07","Mlonggo","33.20.07.2010","Sinanggul"
"33","Jawa Tengah","33.20","Kabupaten Jepara","33.20.07","Mlonggo","33.20.07.2011","Jambu"
"33","Jawa Tengah","33.20","Kabupaten Jepara","33.20.07","Mlonggo","33.20.07.2012","Srobyong"
"33","Jawa Tengah","33.20","Kabupaten Jepara","33.20.07","Mlonggo","33.20.07.2013","Sekuro"
"33","Jawa Tengah","33.20","Kabupaten Jepara","33.20.07","Mlonggo","33.20.07.2014","Karanggondang"
"33","Jawa Tengah","33.20","Kabupaten Jepara","33.20.07","Mlonggo","33.20.07.2015","Jambu Timur"
"33","Jawa Tengah","33.20","Kabupaten Jepara","33.20.08","Bangsri","33.20.08.2001","Guyangan"
"33","Jawa Tengah","33.20","Kabupaten Jepara","33.20.08","Bangsri","33.20.08.2002","Kepuk"
"33","Jawa Tengah","33.20","Kabupaten Jepara","33.20.08","Bangsri","33.20.08.2003","Papasan"
"33","Jawa Tengah","33.20","Kabupaten Jepara","33.20.08","Bangsri","33.20.08.2004","Srikandang"
"33","Jawa Tengah","33.20","Kabupaten Jepara","33.20.08","Bangsri","33.20.08.2005","Tengguli"
"33","Jawa Tengah","33.20","Kabupaten Jepara","33.20.08","Bangsri","33.20.08.2006","Bangsri"
"33","Jawa Tengah","33.20","Kabupaten Jepara","33.20.08","Bangsri","33.20.08.2007","Banjaran"
"33","Jawa Tengah","33.20","Kabupaten Jepara","33.20.08","Bangsri","33.20.08.2008","Wedelan"
"33","Jawa Tengah","33.20","Kabupaten Jepara","33.20.08","Bangsri","33.20.08.2009","Kedungleper"
"33","Jawa Tengah","33.20","Kabupaten Jepara","33.20.08","Bangsri","33.20.08.2010","Jerukwangi"
"33","Jawa Tengah","33.20","Kabupaten Jepara","33.20.08","Bangsri","33.20.08.2011","Bondo"
"33","Jawa Tengah","33.20","Kabupaten Jepara","33.20.08","Bangsri","33.20.08.2012","Banjaragung"
"33","Jawa Tengah","33.20","Kabupaten Jepara","33.20.09","Keling","33.20.09.2001","Tempur"
"33","Jawa Tengah","33.20","Kabupaten Jepara","33.20.09","Keling","33.20.09.2002","Damarwulan"
"33","Jawa Tengah","33.20","Kabupaten Jepara","33.20.09","Keling","33.20.09.2003","Kunir"
"33","Jawa Tengah","33.20","Kabupaten Jepara","33.20.09","Keling","33.20.09.2004","Watuaji"
"33","Jawa Tengah","33.20","Kabupaten Jepara","33.20.09","Keling","33.20.09.2005","Klepu"
"33","Jawa Tengah","33.20","Kabupaten Jepara","33.20.09","Keling","33.20.09.2006","Tunahan"
"33","Jawa Tengah","33.20","Kabupaten Jepara","33.20.09","Keling","33.20.09.2007","Kaligarang"
"33","Jawa Tengah","33.20","Kabupaten Jepara","33.20.09","Keling","33.20.09.2008","Keling"
"33","Jawa Tengah","33.20","Kabupaten Jepara","33.20.09","Keling","33.20.09.2009","Gelang"
"33","Jawa Tengah","33.20","Kabupaten Jepara","33.20.09","Keling","33.20.09.2010","Jlegong"
"33","Jawa Tengah","33.20","Kabupaten Jepara","33.20.09","Keling","33.20.09.2011","Kelet"
"33","Jawa Tengah","33.20","Kabupaten Jepara","33.20.09","Keling","33.20.09.2020","Bumiharjo"
"33","Jawa Tengah","33.20","Kabupaten Jepara","33.20.10","Karimunjawa","33.20.10.2001","Karimunjawa"
"33","Jawa Tengah","33.20","Kabupaten Jepara","33.20.10","Karimunjawa","33.20.10.2002","Kemujan"
"33","Jawa Tengah","33.20","Kabupaten Jepara","33.20.10","Karimunjawa","33.20.10.2003","Parang"
"33","Jawa Tengah","33.20","Kabupaten Jepara","33.20.10","Karimunjawa","33.20.10.2004","Nyamuk"
"33","Jawa Tengah","33.20","Kabupaten Jepara","33.20.11","Tahunan","33.20.11.2001","Ngabul"
"33","Jawa Tengah","33.20","Kabupaten Jepara","33.20.11","Tahunan","33.20.11.2002","Langon"
"33","Jawa Tengah","33.20","Kabupaten Jepara","33.20.11","Tahunan","33.20.11.2003","Sukodono"
"33","Jawa Tengah","33.20","Kabupaten Jepara","33.20.11","Tahunan","33.20.11.2004","Petekeyan"
"33","Jawa Tengah","33.20","Kabupaten Jepara","33.20.11","Tahunan","33.20.11.2005","Mangunan"
"33","Jawa Tengah","33.20","Kabupaten Jepara","33.20.11","Tahunan","33.20.11.2006","Platar"
"33","Jawa Tengah","33.20","Kabupaten Jepara","33.20.11","Tahunan","33.20.11.2007","Semat"
"33","Jawa Tengah","33.20","Kabupaten Jepara","33.20.11","Tahunan","33.20.11.2008","Telukawur"
"33","Jawa Tengah","33.20","Kabupaten Jepara","33.20.11","Tahunan","33.20.11.2009","Demangan"
"33","Jawa Tengah","33.20","Kabupaten Jepara","33.20.11","Tahunan","33.20.11.2010","Tegalsambi"
"33","Jawa Tengah","33.20","Kabupaten Jepara","33.20.11","Tahunan","33.20.11.2011","Mantingan"
"33","Jawa Tengah","33.20","Kabupaten Jepara","33.20.11","Tahunan","33.20.11.2012","Tahunan"
"33","Jawa Tengah","33.20","Kabupaten Jepara","33.20.11","Tahunan","33.20.11.2013","Kecapi"
"33","Jawa Tengah","33.20","Kabupaten Jepara","33.20.11","Tahunan","33.20.11.2014","Senenan"
"33","Jawa Tengah","33.20","Kabupaten Jepara","33.20.11","Tahunan","33.20.11.2015","Krapyak"
"33","Jawa Tengah","33.20","Kabupaten Jepara","33.20.12","Nalumsari","33.20.12.2001","Blimbingrejo"
"33","Jawa Tengah","33.20","Kabupaten Jepara","33.20.12","Nalumsari","33.20.12.2002","Tunggulpandean"
"33","Jawa Tengah","33.20","Kabupaten Jepara","33.20.12","Nalumsari","33.20.12.2003","Pringtulis"
"33","Jawa Tengah","33.20","Kabupaten Jepara","33.20.12","Nalumsari","33.20.12.2004","Jatisari"
"33","Jawa Tengah","33.20","Kabupaten Jepara","33.20.12","Nalumsari","33.20.12.2005","Gemiring Kidul"
"33","Jawa Tengah","33.20","Kabupaten Jepara","33.20.12","Nalumsari","33.20.12.2006","Gemiring Lor"
"33","Jawa Tengah","33.20","Kabupaten Jepara","33.20.12","Nalumsari","33.20.12.2007","Nalumsari"
"33","Jawa Tengah","33.20","Kabupaten Jepara","33.20.12","Nalumsari","33.20.12.2008","Tritis"
"33","Jawa Tengah","33.20","Kabupaten Jepara","33.20.12","Nalumsari","33.20.12.2009","Daren"
"33","Jawa Tengah","33.20","Kabupaten Jepara","33.20.12","Nalumsari","33.20.12.2010","Karangnongko"
"33","Jawa Tengah","33.20","Kabupaten Jepara","33.20.12","Nalumsari","33.20.12.2011","Ngetuk"
"33","Jawa Tengah","33.20","Kabupaten Jepara","33.20.12","Nalumsari","33.20.12.2012","Bedanpete"
"33","Jawa Tengah","33.20","Kabupaten Jepara","33.20.12","Nalumsari","33.20.12.2013","Muryolobo"
"33","Jawa Tengah","33.20","Kabupaten Jepara","33.20.12","Nalumsari","33.20.12.2014","Bategede"
"33","Jawa Tengah","33.20","Kabupaten Jepara","33.20.12","Nalumsari","33.20.12.2015","Dorang"
"33","Jawa Tengah","33.20","Kabupaten Jepara","33.20.13","Kalinyamatan","33.20.13.2001","Batukali"
"33","Jawa Tengah","33.20","Kabupaten Jepara","33.20.13","Kalinyamatan","33.20.13.2002","Bandungrejo"
"33","Jawa Tengah","33.20","Kabupaten Jepara","33.20.13","Kalinyamatan","33.20.13.2003","Banyuputih"
"33","Jawa Tengah","33.20","Kabupaten Jepara","33.20.13","Kalinyamatan","33.20.13.2004","Pendosawalan"
"33","Jawa Tengah","33.20","Kabupaten Jepara","33.20.13","Kalinyamatan","33.20.13.2005","Damarjati"
"33","Jawa Tengah","33.20","Kabupaten Jepara","33.20.13","Kalinyamatan","33.20.13.2006","Purwogondo"
"33","Jawa Tengah","33.20","Kabupaten Jepara","33.20.13","Kalinyamatan","33.20.13.2007","Margoyoso"
"33","Jawa Tengah","33.20","Kabupaten Jepara","33.20.13","Kalinyamatan","33.20.13.2008","Sendang"
"33","Jawa Tengah","33.20","Kabupaten Jepara","33.20.13","Kalinyamatan","33.20.13.2009","Kriyan"
"33","Jawa Tengah","33.20","Kabupaten Jepara","33.20.13","Kalinyamatan","33.20.13.2010","Robayan"
"33","Jawa Tengah","33.20","Kabupaten Jepara","33.20.13","Kalinyamatan","33.20.13.2011","Bakalan"
"33","Jawa Tengah","33.20","Kabupaten Jepara","33.20.13","Kalinyamatan","33.20.13.2012","Manyargading"
"33","Jawa Tengah","33.20","Kabupaten Jepara","33.20.14","Kembang","33.20.14.2001","Dudak Awu"
"33","Jawa Tengah","33.20","Kabupaten Jepara","33.20.14","Kembang","33.20.14.2002","Sumanding"
"33","Jawa Tengah","33.20","Kabupaten Jepara","33.20.14","Kembang","33.20.14.2003","Bucu"
"33","Jawa Tengah","33.20","Kabupaten Jepara","33.20.14","Kembang","33.20.14.2004","Cepogo"
"33","Jawa Tengah","33.20","Kabupaten Jepara","33.20.14","Kembang","33.20.14.2005","Pendem"
"33","Jawa Tengah","33.20","Kabupaten Jepara","33.20.14","Kembang","33.20.14.2006","Jinggotan"
"33","Jawa Tengah","33.20","Kabupaten Jepara","33.20.14","Kembang","33.20.14.2007","Dermolo"
"33","Jawa Tengah","33.20","Kabupaten Jepara","33.20.14","Kembang","33.20.14.2008","Kaliaman"
"33","Jawa Tengah","33.20","Kabupaten Jepara","33.20.14","Kembang","33.20.14.2009","Tubanan"
"33","Jawa Tengah","33.20","Kabupaten Jepara","33.20.14","Kembang","33.20.14.2010","Balong"
"33","Jawa Tengah","33.20","Kabupaten Jepara","33.20.14","Kembang","33.20.14.2011","Kancilan"
"33","Jawa Tengah","33.20","Kabupaten Jepara","33.20.15","Pakis Aji","33.20.15.2001","Lebak"
"33","Jawa Tengah","33.20","Kabupaten Jepara","33.20.15","Pakis Aji","33.20.15.2002","Bulungan"
"33","Jawa Tengah","33.20","Kabupaten Jepara","33.20.15","Pakis Aji","33.20.15.2003","Suwawal Timur"
"33","Jawa Tengah","33.20","Kabupaten Jepara","33.20.15","Pakis Aji","33.20.15.2004","Kawak"
"33","Jawa Tengah","33.20","Kabupaten Jepara","33.20.15","Pakis Aji","33.20.15.2005","Tanjung"
"33","Jawa Tengah","33.20","Kabupaten Jepara","33.20.15","Pakis Aji","33.20.15.2006","Plajan"
"33","Jawa Tengah","33.20","Kabupaten Jepara","33.20.15","Pakis Aji","33.20.15.2007","Slagi"
"33","Jawa Tengah","33.20","Kabupaten Jepara","33.20.15","Pakis Aji","33.20.15.2008","Mambak"
"33","Jawa Tengah","33.20","Kabupaten Jepara","33.20.16","Donorojo","33.20.16.2001","Sumberrejo"
"33","Jawa Tengah","33.20","Kabupaten Jepara","33.20.16","Donorojo","33.20.16.2002","Clering"
"33","Jawa Tengah","33.20","Kabupaten Jepara","33.20.16","Donorojo","33.20.16.2003","Ujungwatu"
"33","Jawa Tengah","33.20","Kabupaten Jepara","33.20.16","Donorojo","33.20.16.2004","Banyumanis"
"33","Jawa Tengah","33.20","Kabupaten Jepara","33.20.16","Donorojo","33.20.16.2005","Tulakan"
"33","Jawa Tengah","33.20","Kabupaten Jepara","33.20.16","Donorojo","33.20.16.2006","Bandungharjo"
"33","Jawa Tengah","33.20","Kabupaten Jepara","33.20.16","Donorojo","33.20.16.2007","Blingoh"
"33","Jawa Tengah","33.20","Kabupaten Jepara","33.20.16","Donorojo","33.20.16.2008","Jugo"
"33","Jawa Tengah","33.21","Kabupaten Demak","33.21.01","Mranggen","33.21.01.2001","Banyumeneng"
"33","Jawa Tengah","33.21","Kabupaten Demak","33.21.01","Mranggen","33.21.01.2002","Kebonbatur"
"33","Jawa Tengah","33.21","Kabupaten Demak","33.21.01","Mranggen","33.21.01.2003","Sumberejo"
"33","Jawa Tengah","33.21","Kabupaten Demak","33.21.01","Mranggen","33.21.01.2004","Kalitengah"
"33","Jawa Tengah","33.21","Kabupaten Demak","33.21.01","Mranggen","33.21.01.2005","Kangkung"
"33","Jawa Tengah","33.21","Kabupaten Demak","33.21.01","Mranggen","33.21.01.2006","Mranggen"
"33","Jawa Tengah","33.21","Kabupaten Demak","33.21.01","Mranggen","33.21.01.2007","Batursari"
"33","Jawa Tengah","33.21","Kabupaten Demak","33.21.01","Mranggen","33.21.01.2008","Bandungrejo"
"33","Jawa Tengah","33.21","Kabupaten Demak","33.21.01","Mranggen","33.21.01.2009","Brumbung"
"33","Jawa Tengah","33.21","Kabupaten Demak","33.21.01","Mranggen","33.21.01.2010","Kembangarum"
"33","Jawa Tengah","33.21","Kabupaten Demak","33.21.01","Mranggen","33.21.01.2011","Karangsono"
"33","Jawa Tengah","33.21","Kabupaten Demak","33.21.01","Mranggen","33.21.01.2012","Tamansari"
"33","Jawa Tengah","33.21","Kabupaten Demak","33.21.01","Mranggen","33.21.01.2013","Ngemplak"
"33","Jawa Tengah","33.21","Kabupaten Demak","33.21.01","Mranggen","33.21.01.2014","Menur"
"33","Jawa Tengah","33.21","Kabupaten Demak","33.21.01","Mranggen","33.21.01.2015","Jamus"
"33","Jawa Tengah","33.21","Kabupaten Demak","33.21.01","Mranggen","33.21.01.2016","Wringinjajar"
"33","Jawa Tengah","33.21","Kabupaten Demak","33.21.01","Mranggen","33.21.01.2017","Waru"
"33","Jawa Tengah","33.21","Kabupaten Demak","33.21.01","Mranggen","33.21.01.2018","Tegalarum"
"33","Jawa Tengah","33.21","Kabupaten Demak","33.21.01","Mranggen","33.21.01.2019","Candisari"
"33","Jawa Tengah","33.21","Kabupaten Demak","33.21.02","Karangawen","33.21.02.2001","Jragung"
"33","Jawa Tengah","33.21","Kabupaten Demak","33.21.02","Karangawen","33.21.02.2002","Wonosekar"
"33","Jawa Tengah","33.21","Kabupaten Demak","33.21.02","Karangawen","33.21.02.2003","Margohayu"
"33","Jawa Tengah","33.21","Kabupaten Demak","33.21.02","Karangawen","33.21.02.2004","Teluk"
"33","Jawa Tengah","33.21","Kabupaten Demak","33.21.02","Karangawen","33.21.02.2005","Tlogorejo"
"33","Jawa Tengah","33.21","Kabupaten Demak","33.21.02","Karangawen","33.21.02.2006","Rejosari"
"33","Jawa Tengah","33.21","Kabupaten Demak","33.21.02","Karangawen","33.21.02.2007","Karangawen"
"33","Jawa Tengah","33.21","Kabupaten Demak","33.21.02","Karangawen","33.21.02.2008","Kuripan"
"33","Jawa Tengah","33.21","Kabupaten Demak","33.21.02","Karangawen","33.21.02.2009","Bumirejo"
"33","Jawa Tengah","33.21","Kabupaten Demak","33.21.02","Karangawen","33.21.02.2010","Brambang"
"33","Jawa Tengah","33.21","Kabupaten Demak","33.21.02","Karangawen","33.21.02.2011","Sidorejo"
"33","Jawa Tengah","33.21","Kabupaten Demak","33.21.02","Karangawen","33.21.02.2012","Pundenarum"
"33","Jawa Tengah","33.21","Kabupaten Demak","33.21.03","Guntur","33.21.03.2001","Blerong"
"33","Jawa Tengah","33.21","Kabupaten Demak","33.21.03","Guntur","33.21.03.2002","Banjarejo"
"33","Jawa Tengah","33.21","Kabupaten Demak","33.21.03","Guntur","33.21.03.2003","Wonorejo"
"33","Jawa Tengah","33.21","Kabupaten Demak","33.21.03","Guntur","33.21.03.2004","Sarirejo"
"33","Jawa Tengah","33.21","Kabupaten Demak","33.21.03","Guntur","33.21.03.2005","Pamongan"
"33","Jawa Tengah","33.21","Kabupaten Demak","33.21.03","Guntur","33.21.03.2006","Tlogoweru"
"33","Jawa Tengah","33.21","Kabupaten Demak","33.21.03","Guntur","33.21.03.2007","Bogosari"
"33","Jawa Tengah","33.21","Kabupaten Demak","33.21.03","Guntur","33.21.03.2008","Sukorejo"
"33","Jawa Tengah","33.21","Kabupaten Demak","33.21.03","Guntur","33.21.03.2009","Sidokumpul"
"33","Jawa Tengah","33.21","Kabupaten Demak","33.21.03","Guntur","33.21.03.2010","Gaji"
"33","Jawa Tengah","33.21","Kabupaten Demak","33.21.03","Guntur","33.21.03.2011","Krandon"
"33","Jawa Tengah","33.21","Kabupaten Demak","33.21.03","Guntur","33.21.03.2012","Tangkis"
"33","Jawa Tengah","33.21","Kabupaten Demak","33.21.03","Guntur","33.21.03.2013","Temuroso"
"33","Jawa Tengah","33.21","Kabupaten Demak","33.21.03","Guntur","33.21.03.2014","Bakalrejo"
"33","Jawa Tengah","33.21","Kabupaten Demak","33.21.03","Guntur","33.21.03.2015","Guntur"
"33","Jawa Tengah","33.21","Kabupaten Demak","33.21.03","Guntur","33.21.03.2016","Bumiharjo"
"33","Jawa Tengah","33.21","Kabupaten Demak","33.21.03","Guntur","33.21.03.2017","Tlogorejo"
"33","Jawa Tengah","33.21","Kabupaten Demak","33.21.03","Guntur","33.21.03.2018","Trimulyo"
"33","Jawa Tengah","33.21","Kabupaten Demak","33.21.03","Guntur","33.21.03.2019","Sidoharjo"
"33","Jawa Tengah","33.21","Kabupaten Demak","33.21.03","Guntur","33.21.03.2020","Turitempel"
"33","Jawa Tengah","33.21","Kabupaten Demak","33.21.04","Sayung","33.21.04.2001","Bulusari"
"33","Jawa Tengah","33.21","Kabupaten Demak","33.21.04","Sayung","33.21.04.2002","Dombo"
"33","Jawa Tengah","33.21","Kabupaten Demak","33.21.04","Sayung","33.21.04.2003","Jetaksari"
"33","Jawa Tengah","33.21","Kabupaten Demak","33.21.04","Sayung","33.21.04.2004","Kalisari"
"33","Jawa Tengah","33.21","Kabupaten Demak","33.21.04","Sayung","33.21.04.2005","Karangasem"
"33","Jawa Tengah","33.21","Kabupaten Demak","33.21.04","Sayung","33.21.04.2006","Prampelan"
"33","Jawa Tengah","33.21","Kabupaten Demak","33.21.04","Sayung","33.21.04.2007","Pilangsari"
"33","Jawa Tengah","33.21","Kabupaten Demak","33.21.04","Sayung","33.21.04.2008","Tambakroto"
"33","Jawa Tengah","33.21","Kabupaten Demak","33.21.04","Sayung","33.21.04.2009","Loireng"
"33","Jawa Tengah","33.21","Kabupaten Demak","33.21.04","Sayung","33.21.04.2010","Sayung"
"33","Jawa Tengah","33.21","Kabupaten Demak","33.21.04","Sayung","33.21.04.2011","Sriwulan"
"33","Jawa Tengah","33.21","Kabupaten Demak","33.21.04","Sayung","33.21.04.2012","Bedono"
"33","Jawa Tengah","33.21","Kabupaten Demak","33.21.04","Sayung","33.21.04.2013","Purwosari"
"33","Jawa Tengah","33.21","Kabupaten Demak","33.21.04","Sayung","33.21.04.2014","Sidogemah"
"33","Jawa Tengah","33.21","Kabupaten Demak","33.21.04","Sayung","33.21.04.2015","Gemulak"
"33","Jawa Tengah","33.21","Kabupaten Demak","33.21.04","Sayung","33.21.04.2016","Timbulsloko"
"33","Jawa Tengah","33.21","Kabupaten Demak","33.21.04","Sayung","33.21.04.2017","Surodadi"
"33","Jawa Tengah","33.21","Kabupaten Demak","33.21.04","Sayung","33.21.04.2018","Tugu"
"33","Jawa Tengah","33.21","Kabupaten Demak","33.21.04","Sayung","33.21.04.2019","Sidorejo"
"33","Jawa Tengah","33.21","Kabupaten Demak","33.21.04","Sayung","33.21.04.2020","Banjarsari"
"33","Jawa Tengah","33.21","Kabupaten Demak","33.21.05","Karangtengah","33.21.05.2001","Ploso"
"33","Jawa Tengah","33.21","Kabupaten Demak","33.21.05","Karangtengah","33.21.05.2002","Grogol"
"33","Jawa Tengah","33.21","Kabupaten Demak","33.21.05","Karangtengah","33.21.05.2003","Pulosari"
"33","Jawa Tengah","33.21","Kabupaten Demak","33.21.05","Karangtengah","33.21.05.2004","Donorejo"
"33","Jawa Tengah","33.21","Kabupaten Demak","33.21.05","Karangtengah","33.21.05.2005","Pidodo"
"33","Jawa Tengah","33.21","Kabupaten Demak","33.21.05","Karangtengah","33.21.05.2006","Klitih"
"33","Jawa Tengah","33.21","Kabupaten Demak","33.21.05","Karangtengah","33.21.05.2007","Sampang"
"33","Jawa Tengah","33.21","Kabupaten Demak","33.21.05","Karangtengah","33.21.05.2008","Kedunguter"
"33","Jawa Tengah","33.21","Kabupaten Demak","33.21.05","Karangtengah","33.21.05.2009","Dukun"
"33","Jawa Tengah","33.21","Kabupaten Demak","33.21.05","Karangtengah","33.21.05.2010","Karangsari"
"33","Jawa Tengah","33.21","Kabupaten Demak","33.21.05","Karangtengah","33.21.05.2011","Karangtowo"
"33","Jawa Tengah","33.21","Kabupaten Demak","33.21.05","Karangtengah","33.21.05.2012","Wonowoso"
"33","Jawa Tengah","33.21","Kabupaten Demak","33.21.05","Karangtengah","33.21.05.2013","Wonokerto"
"33","Jawa Tengah","33.21","Kabupaten Demak","33.21.05","Karangtengah","33.21.05.2014","Batu"
"33","Jawa Tengah","33.21","Kabupaten Demak","33.21.05","Karangtengah","33.21.05.2015","Rejosari"
"33","Jawa Tengah","33.21","Kabupaten Demak","33.21.05","Karangtengah","33.21.05.2016","Wonoagung"
"33","Jawa Tengah","33.21","Kabupaten Demak","33.21.05","Karangtengah","33.21.05.2017","Tambakbulusan"
"33","Jawa Tengah","33.21","Kabupaten Demak","33.21.06","Wonosalam","33.21.06.2001","Doreng"
"33","Jawa Tengah","33.21","Kabupaten Demak","33.21.06","Wonosalam","33.21.06.2002","Kalianyar"
"33","Jawa Tengah","33.21","Kabupaten Demak","33.21.06","Wonosalam","33.21.06.2003","Tlogodowo"
"33","Jawa Tengah","33.21","Kabupaten Demak","33.21.06","Wonosalam","33.21.06.2004","Karangrowo"
"33","Jawa Tengah","33.21","Kabupaten Demak","33.21.06","Wonosalam","33.21.06.2005","Lempuyang"
"33","Jawa Tengah","33.21","Kabupaten Demak","33.21.06","Wonosalam","33.21.06.2006","Kendaldoyong"
"33","Jawa Tengah","33.21","Kabupaten Demak","33.21.06","Wonosalam","33.21.06.2007","Wonosalam"
"33","Jawa Tengah","33.21","Kabupaten Demak","33.21.06","Wonosalam","33.21.06.2008","Karangrejo"
"33","Jawa Tengah","33.21","Kabupaten Demak","33.21.06","Wonosalam","33.21.06.2009","Jogoloyo"
"33","Jawa Tengah","33.21","Kabupaten Demak","33.21.06","Wonosalam","33.21.06.2010","Botorejo"
"33","Jawa Tengah","33.21","Kabupaten Demak","33.21.06","Wonosalam","33.21.06.2011","Sidomulyo"
"33","Jawa Tengah","33.21","Kabupaten Demak","33.21.06","Wonosalam","33.21.06.2012","Pilangrejo"
"33","Jawa Tengah","33.21","Kabupaten Demak","33.21.06","Wonosalam","33.21.06.2013","Tlogorejo"
"33","Jawa Tengah","33.21","Kabupaten Demak","33.21.06","Wonosalam","33.21.06.2014","Kerangkulon"
"33","Jawa Tengah","33.21","Kabupaten Demak","33.21.06","Wonosalam","33.21.06.2015","Bunderan"
"33","Jawa Tengah","33.21","Kabupaten Demak","33.21.06","Wonosalam","33.21.06.2016","Getas"
"33","Jawa Tengah","33.21","Kabupaten Demak","33.21.06","Wonosalam","33.21.06.2017","Mojodemak"
"33","Jawa Tengah","33.21","Kabupaten Demak","33.21.06","Wonosalam","33.21.06.2018","Kuncir"
"33","Jawa Tengah","33.21","Kabupaten Demak","33.21.06","Wonosalam","33.21.06.2019","Trengguli"
"33","Jawa Tengah","33.21","Kabupaten Demak","33.21.06","Wonosalam","33.21.06.2020","Mrisen"
"33","Jawa Tengah","33.21","Kabupaten Demak","33.21.06","Wonosalam","33.21.06.2021","Mranak"
"33","Jawa Tengah","33.21","Kabupaten Demak","33.21.07","Dempet","33.21.07.2001","Merak"
"33","Jawa Tengah","33.21","Kabupaten Demak","33.21.07","Dempet","33.21.07.2002","Karangrejo"
"33","Jawa Tengah","33.21","Kabupaten Demak","33.21.07","Dempet","33.21.07.2003","Sidomulyo"
"33","Jawa Tengah","33.21","Kabupaten Demak","33.21.07","Dempet","33.21.07.2004","Botosengon"
"33","Jawa Tengah","33.21","Kabupaten Demak","33.21.07","Dempet","33.21.07.2005","Jerukgulung"
"33","Jawa Tengah","33.21","Kabupaten Demak","33.21.07","Dempet","33.21.07.2006","Kunir"
"33","Jawa Tengah","33.21","Kabupaten Demak","33.21.07","Dempet","33.21.07.2007","Brakas"
"33","Jawa Tengah","33.21","Kabupaten Demak","33.21.07","Dempet","33.21.07.2008","Balerejo"
"33","Jawa Tengah","33.21","Kabupaten Demak","33.21.07","Dempet","33.21.07.2009","Baleromo"
"33","Jawa Tengah","33.21","Kabupaten Demak","33.21.07","Dempet","33.21.07.2010","Kedungori"
"33","Jawa Tengah","33.21","Kabupaten Demak","33.21.07","Dempet","33.21.07.2011","Kuwu"
"33","Jawa Tengah","33.21","Kabupaten Demak","33.21.07","Dempet","33.21.07.2012","Kebonsari"
"33","Jawa Tengah","33.21","Kabupaten Demak","33.21.07","Dempet","33.21.07.2013","Gempoldenok"
"33","Jawa Tengah","33.21","Kabupaten Demak","33.21.07","Dempet","33.21.07.2015","Harjowinangun"
"33","Jawa Tengah","33.21","Kabupaten Demak","33.21.07","Dempet","33.21.07.2016","Kramat"
"33","Jawa Tengah","33.21","Kabupaten Demak","33.21.07","Dempet","33.21.07.2017","Dempet"
"33","Jawa Tengah","33.21","Kabupaten Demak","33.21.08","Gajah","33.21.08.2001","Surodadi"
"33","Jawa Tengah","33.21","Kabupaten Demak","33.21.08","Gajah","33.21.08.2002","Jatisono"
"33","Jawa Tengah","33.21","Kabupaten Demak","33.21.08","Gajah","33.21.08.2003","Kedondong"
"33","Jawa Tengah","33.21","Kabupaten Demak","33.21.08","Gajah","33.21.08.2004","Gedangalas"
"33","Jawa Tengah","33.21","Kabupaten Demak","33.21.08","Gajah","33.21.08.2005","Sambiroto"
"33","Jawa Tengah","33.21","Kabupaten Demak","33.21.08","Gajah","33.21.08.2006","Tanjunganyar"
"33","Jawa Tengah","33.21","Kabupaten Demak","33.21.08","Gajah","33.21.08.2007","Wilalung"
"33","Jawa Tengah","33.21","Kabupaten Demak","33.21.08","Gajah","33.21.08.2008","Medini"
"33","Jawa Tengah","33.21","Kabupaten Demak","33.21.08","Gajah","33.21.08.2009","Mlatiharjo"
"33","Jawa Tengah","33.21","Kabupaten Demak","33.21.08","Gajah","33.21.08.2010","Tambirejo"
"33","Jawa Tengah","33.21","Kabupaten Demak","33.21.08","Gajah","33.21.08.2011","Banjarsari"
"33","Jawa Tengah","33.21","Kabupaten Demak","33.21.08","Gajah","33.21.08.2012","Boyolali"
"33","Jawa Tengah","33.21","Kabupaten Demak","33.21.08","Gajah","33.21.08.2013","Gajah"
"33","Jawa Tengah","33.21","Kabupaten Demak","33.21.08","Gajah","33.21.08.2014","Sari"
"33","Jawa Tengah","33.21","Kabupaten Demak","33.21.08","Gajah","33.21.08.2015","Mlekang"
"33","Jawa Tengah","33.21","Kabupaten Demak","33.21.08","Gajah","33.21.08.2016","Sambung"
"33","Jawa Tengah","33.21","Kabupaten Demak","33.21.08","Gajah","33.21.08.2017","Mojosimo"
"33","Jawa Tengah","33.21","Kabupaten Demak","33.21.08","Gajah","33.21.08.2018","Tlogopandogan"
"33","Jawa Tengah","33.21","Kabupaten Demak","33.21.09","Karanganyar","33.21.09.2001","Jatirejo"
"33","Jawa Tengah","33.21","Kabupaten Demak","33.21.09","Karanganyar","33.21.09.2002","Ngaluran"
"33","Jawa Tengah","33.21","Kabupaten Demak","33.21.09","Karanganyar","33.21.09.2003","Wonoketingal"
"33","Jawa Tengah","33.21","Kabupaten Demak","33.21.09","Karanganyar","33.21.09.2004","Cangkringrembang"
"33","Jawa Tengah","33.21","Kabupaten Demak","33.21.09","Karanganyar","33.21.09.2005","Cangkring"
"33","Jawa Tengah","33.21","Kabupaten Demak","33.21.09","Karanganyar","33.21.09.2006","Tuwang"
"33","Jawa Tengah","33.21","Kabupaten Demak","33.21.09","Karanganyar","33.21.09.2007","Undaan Kidul"
"33","Jawa Tengah","33.21","Kabupaten Demak","33.21.09","Karanganyar","33.21.09.2008","Undaan Lor"
"33","Jawa Tengah","33.21","Kabupaten Demak","33.21.09","Karanganyar","33.21.09.2009","Ketanjung"
"33","Jawa Tengah","33.21","Kabupaten Demak","33.21.09","Karanganyar","33.21.09.2010","Ngemplikwetan"
"33","Jawa Tengah","33.21","Kabupaten Demak","33.21.09","Karanganyar","33.21.09.2011","Wonorejo"
"33","Jawa Tengah","33.21","Kabupaten Demak","33.21.09","Karanganyar","33.21.09.2012","Karanganyar"
"33","Jawa Tengah","33.21","Kabupaten Demak","33.21.09","Karanganyar","33.21.09.2013","Kedungwaru Kidul"
"33","Jawa Tengah","33.21","Kabupaten Demak","33.21.09","Karanganyar","33.21.09.2014","Kedungwaru Lor"
"33","Jawa Tengah","33.21","Kabupaten Demak","33.21.09","Karanganyar","33.21.09.2015","Bandungrejo"
"33","Jawa Tengah","33.21","Kabupaten Demak","33.21.09","Karanganyar","33.21.09.2016","Tugu Lor"
"33","Jawa Tengah","33.21","Kabupaten Demak","33.21.09","Karanganyar","33.21.09.2017","Kotakan"
"33","Jawa Tengah","33.21","Kabupaten Demak","33.21.10","Mijen","33.21.10.2001","Geneng"
"33","Jawa Tengah","33.21","Kabupaten Demak","33.21.10","Mijen","33.21.10.2002","Ngelowetan"
"33","Jawa Tengah","33.21","Kabupaten Demak","33.21.10","Mijen","33.21.10.2003","Mlaten"
"33","Jawa Tengah","33.21","Kabupaten Demak","33.21.10","Mijen","33.21.10.2004","Bantengmati"
"33","Jawa Tengah","33.21","Kabupaten Demak","33.21.10","Mijen","33.21.10.2005","Ngelokulon"
"33","Jawa Tengah","33.21","Kabupaten Demak","33.21.10","Mijen","33.21.10.2006","Pasir"
"33","Jawa Tengah","33.21","Kabupaten Demak","33.21.10","Mijen","33.21.10.2007","Rejosari"
"33","Jawa Tengah","33.21","Kabupaten Demak","33.21.10","Mijen","33.21.10.2008","Ngegot"
"33","Jawa Tengah","33.21","Kabupaten Demak","33.21.10","Mijen","33.21.10.2009","Jleper"
"33","Jawa Tengah","33.21","Kabupaten Demak","33.21.10","Mijen","33.21.10.2010","Pecuk"
"33","Jawa Tengah","33.21","Kabupaten Demak","33.21.10","Mijen","33.21.10.2011","Tanggul"
"33","Jawa Tengah","33.21","Kabupaten Demak","33.21.10","Mijen","33.21.10.2012","Bakung"
"33","Jawa Tengah","33.21","Kabupaten Demak","33.21.10","Mijen","33.21.10.2013","Bermi"
"33","Jawa Tengah","33.21","Kabupaten Demak","33.21.10","Mijen","33.21.10.2014","Mijen"
"33","Jawa Tengah","33.21","Kabupaten Demak","33.21.10","Mijen","33.21.10.2015","Gempolsongo"
"33","Jawa Tengah","33.21","Kabupaten Demak","33.21.11","Demak","33.21.11.1014","Mangunjiwan"
"33","Jawa Tengah","33.21","Kabupaten Demak","33.21.11","Demak","33.21.11.1015","Kalicilik"
"33","Jawa Tengah","33.21","Kabupaten Demak","33.21.11","Demak","33.21.11.1016","Singorejo"
"33","Jawa Tengah","33.21","Kabupaten Demak","33.21.11","Demak","33.21.11.1017","Betokan"
"33","Jawa Tengah","33.21","Kabupaten Demak","33.21.11","Demak","33.21.11.1018","Bintoro"
"33","Jawa Tengah","33.21","Kabupaten Demak","33.21.11","Demak","33.21.11.1019","Kadilangu"
"33","Jawa Tengah","33.21","Kabupaten Demak","33.21.11","Demak","33.21.11.2001","Bolo"
"33","Jawa Tengah","33.21","Kabupaten Demak","33.21.11","Demak","33.21.11.2002","Bango"
"33","Jawa Tengah","33.21","Kabupaten Demak","33.21.11","Demak","33.21.11.2003","Kedondong"
"33","Jawa Tengah","33.21","Kabupaten Demak","33.21.11","Demak","33.21.11.2004","Sedo"
"33","Jawa Tengah","33.21","Kabupaten Demak","33.21.11","Demak","33.21.11.2005","Mulyorejo"
"33","Jawa Tengah","33.21","Kabupaten Demak","33.21.11","Demak","33.21.11.2006","Turirejo"
"33","Jawa Tengah","33.21","Kabupaten Demak","33.21.11","Demak","33.21.11.2007","Raji"
"33","Jawa Tengah","33.21","Kabupaten Demak","33.21.11","Demak","33.21.11.2008","Cabean"
"33","Jawa Tengah","33.21","Kabupaten Demak","33.21.11","Demak","33.21.11.2009","Tempuran"
"33","Jawa Tengah","33.21","Kabupaten Demak","33.21.11","Demak","33.21.11.2010","Karangmlati"
"33","Jawa Tengah","33.21","Kabupaten Demak","33.21.11","Demak","33.21.11.2011","Katonsari"
"33","Jawa Tengah","33.21","Kabupaten Demak","33.21.11","Demak","33.21.11.2012","Kalikondang"
"33","Jawa Tengah","33.21","Kabupaten Demak","33.21.11","Demak","33.21.11.2013","Donorojo"
"33","Jawa Tengah","33.21","Kabupaten Demak","33.21.12","Bonang","33.21.12.2001","Jatimulyo"
"33","Jawa Tengah","33.21","Kabupaten Demak","33.21.12","Bonang","33.21.12.2002","Krajanbogo"
"33","Jawa Tengah","33.21","Kabupaten Demak","33.21.12","Bonang","33.21.12.2003","Sukodono"
"33","Jawa Tengah","33.21","Kabupaten Demak","33.21.12","Bonang","33.21.12.2004","Sumberejo"
"33","Jawa Tengah","33.21","Kabupaten Demak","33.21.12","Bonang","33.21.12.2005","Kembangan"
"33","Jawa Tengah","33.21","Kabupaten Demak","33.21.12","Bonang","33.21.12.2006","Karangrejo"
"33","Jawa Tengah","33.21","Kabupaten Demak","33.21.12","Bonang","33.21.12.2007","Gebangarum"
"33","Jawa Tengah","33.21","Kabupaten Demak","33.21.12","Bonang","33.21.12.2008","Gebang"
"33","Jawa Tengah","33.21","Kabupaten Demak","33.21.12","Bonang","33.21.12.2009","Margolinduk"
"33","Jawa Tengah","33.21","Kabupaten Demak","33.21.12","Bonang","33.21.12.2010","Morodemak"
"33","Jawa Tengah","33.21","Kabupaten Demak","33.21.12","Bonang","33.21.12.2011","Purworejo"
"33","Jawa Tengah","33.21","Kabupaten Demak","33.21.12","Bonang","33.21.12.2012","Betahwalang"
"33","Jawa Tengah","33.21","Kabupaten Demak","33.21.12","Bonang","33.21.12.2013","Serangan"
"33","Jawa Tengah","33.21","Kabupaten Demak","33.21.12","Bonang","33.21.12.2014","Tridonorejo"
"33","Jawa Tengah","33.21","Kabupaten Demak","33.21.12","Bonang","33.21.12.2015","Tlogoboyo"
"33","Jawa Tengah","33.21","Kabupaten Demak","33.21.12","Bonang","33.21.12.2016","Jatirogo"
"33","Jawa Tengah","33.21","Kabupaten Demak","33.21.12","Bonang","33.21.12.2017","Bonangrejo"
"33","Jawa Tengah","33.21","Kabupaten Demak","33.21.12","Bonang","33.21.12.2018","Poncoharjo"
"33","Jawa Tengah","33.21","Kabupaten Demak","33.21.12","Bonang","33.21.12.2019","Wonosari"
"33","Jawa Tengah","33.21","Kabupaten Demak","33.21.12","Bonang","33.21.12.2020","Jali"
"33","Jawa Tengah","33.21","Kabupaten Demak","33.21.12","Bonang","33.21.12.2021","Weding"
"33","Jawa Tengah","33.21","Kabupaten Demak","33.21.13","Wedung","33.21.13.2001","Wedung"
"33","Jawa Tengah","33.21","Kabupaten Demak","33.21.13","Wedung","33.21.13.2002","Ngawen"
"33","Jawa Tengah","33.21","Kabupaten Demak","33.21.13","Wedung","33.21.13.2003","Ruwit"
"33","Jawa Tengah","33.21","Kabupaten Demak","33.21.13","Wedung","33.21.13.2004","Kenduren"
"33","Jawa Tengah","33.21","Kabupaten Demak","33.21.13","Wedung","33.21.13.2005","Buko"
"33","Jawa Tengah","33.21","Kabupaten Demak","33.21.13","Wedung","33.21.13.2006","Mandung"
"33","Jawa Tengah","33.21","Kabupaten Demak","33.21.13","Wedung","33.21.13.2007","Berahan Kulon"
"33","Jawa Tengah","33.21","Kabupaten Demak","33.21.13","Wedung","33.21.13.2008","Berahan Wetan"
"33","Jawa Tengah","33.21","Kabupaten Demak","33.21.13","Wedung","33.21.13.2009","Bungo"
"33","Jawa Tengah","33.21","Kabupaten Demak","33.21.13","Wedung","33.21.13.2010","Tempel"
"33","Jawa Tengah","33.21","Kabupaten Demak","33.21.13","Wedung","33.21.13.2011","Jetak"
"33","Jawa Tengah","33.21","Kabupaten Demak","33.21.13","Wedung","33.21.13.2012","Jungsemi"
"33","Jawa Tengah","33.21","Kabupaten Demak","33.21.13","Wedung","33.21.13.2013","Jungpasir"
"33","Jawa Tengah","33.21","Kabupaten Demak","33.21.13","Wedung","33.21.13.2014","Mutihwetan"
"33","Jawa Tengah","33.21","Kabupaten Demak","33.21.13","Wedung","33.21.13.2015","Babalan"
"33","Jawa Tengah","33.21","Kabupaten Demak","33.21.13","Wedung","33.21.13.2016","Mutihkulon"
"33","Jawa Tengah","33.21","Kabupaten Demak","33.21.13","Wedung","33.21.13.2017","Tedunan"
"33","Jawa Tengah","33.21","Kabupaten Demak","33.21.13","Wedung","33.21.13.2018","Kendalasem"
"33","Jawa Tengah","33.21","Kabupaten Demak","33.21.13","Wedung","33.21.13.2019","Kedungmutih"
"33","Jawa Tengah","33.21","Kabupaten Demak","33.21.13","Wedung","33.21.13.2020","Kedungkarang"
"33","Jawa Tengah","33.21","Kabupaten Demak","33.21.14","Kebonagung","33.21.14.2001","Pilangwetan"
"33","Jawa Tengah","33.21","Kabupaten Demak","33.21.14","Kebonagung","33.21.14.2002","Kebonagung"
"33","Jawa Tengah","33.21","Kabupaten Demak","33.21.14","Kebonagung","33.21.14.2003","Klampok Lor"
"33","Jawa Tengah","33.21","Kabupaten Demak","33.21.14","Kebonagung","33.21.14.2004","Mijen"
"33","Jawa Tengah","33.21","Kabupaten Demak","33.21.14","Kebonagung","33.21.14.2005","Werdoyo"
"33","Jawa Tengah","33.21","Kabupaten Demak","33.21.14","Kebonagung","33.21.14.2006","Mangunrejo"
"33","Jawa Tengah","33.21","Kabupaten Demak","33.21.14","Kebonagung","33.21.14.2007","Babat"
"33","Jawa Tengah","33.21","Kabupaten Demak","33.21.14","Kebonagung","33.21.14.2008","Mangunanlor"
"33","Jawa Tengah","33.21","Kabupaten Demak","33.21.14","Kebonagung","33.21.14.2009","Tlogosih"
"33","Jawa Tengah","33.21","Kabupaten Demak","33.21.14","Kebonagung","33.21.14.2010","Prigi"
"33","Jawa Tengah","33.21","Kabupaten Demak","33.21.14","Kebonagung","33.21.14.2011","Sarimulyo"
"33","Jawa Tengah","33.21","Kabupaten Demak","33.21.14","Kebonagung","33.21.14.2012","Solowire"
"33","Jawa Tengah","33.21","Kabupaten Demak","33.21.14","Kebonagung","33.21.14.2013","Sokokidul"
"33","Jawa Tengah","33.21","Kabupaten Demak","33.21.14","Kebonagung","33.21.14.2014","Megonten"
"33","Jawa Tengah","33.22","Kabupaten Semarang","33.22.01","Getasan","33.22.01.2001","Tajuk"
"33","Jawa Tengah","33.22","Kabupaten Semarang","33.22.01","Getasan","33.22.01.2002","Batur"
"33","Jawa Tengah","33.22","Kabupaten Semarang","33.22.01","Getasan","33.22.01.2003","Kopeng"
"33","Jawa Tengah","33.22","Kabupaten Semarang","33.22.01","Getasan","33.22.01.2004","Tolokan"
"33","Jawa Tengah","33.22","Kabupaten Semarang","33.22.01","Getasan","33.22.01.2005","Wates"
"33","Jawa Tengah","33.22","Kabupaten Semarang","33.22.01","Getasan","33.22.01.2006","Getasan"
"33","Jawa Tengah","33.22","Kabupaten Semarang","33.22.01","Getasan","33.22.01.2007","Sumogawe"
"33","Jawa Tengah","33.22","Kabupaten Semarang","33.22.01","Getasan","33.22.01.2008","Samirono"
"33","Jawa Tengah","33.22","Kabupaten Semarang","33.22.01","Getasan","33.22.01.2009","Jetak"
"33","Jawa Tengah","33.22","Kabupaten Semarang","33.22.01","Getasan","33.22.01.2010","Polobogo"
"33","Jawa Tengah","33.22","Kabupaten Semarang","33.22.01","Getasan","33.22.01.2011","Manggihan"
"33","Jawa Tengah","33.22","Kabupaten Semarang","33.22.01","Getasan","33.22.01.2012","Ngrawan"
"33","Jawa Tengah","33.22","Kabupaten Semarang","33.22.01","Getasan","33.22.01.2013","Nogosaren"
"33","Jawa Tengah","33.22","Kabupaten Semarang","33.22.02","Tengaran","33.22.02.2001","Duren"
"33","Jawa Tengah","33.22","Kabupaten Semarang","33.22.02","Tengaran","33.22.02.2002","Sugihan"
"33","Jawa Tengah","33.22","Kabupaten Semarang","33.22.02","Tengaran","33.22.02.2003","Sruwen"
"33","Jawa Tengah","33.22","Kabupaten Semarang","33.22.02","Tengaran","33.22.02.2004","Tegalrejo"
"33","Jawa Tengah","33.22","Kabupaten Semarang","33.22.02","Tengaran","33.22.02.2005","Tengaran"
"33","Jawa Tengah","33.22","Kabupaten Semarang","33.22.02","Tengaran","33.22.02.2006","Klero"
"33","Jawa Tengah","33.22","Kabupaten Semarang","33.22.02","Tengaran","33.22.02.2007","Regunung"
"33","Jawa Tengah","33.22","Kabupaten Semarang","33.22.02","Tengaran","33.22.02.2008","Cukil"
"33","Jawa Tengah","33.22","Kabupaten Semarang","33.22.02","Tengaran","33.22.02.2009","Karangduren"
"33","Jawa Tengah","33.22","Kabupaten Semarang","33.22.02","Tengaran","33.22.02.2010","Butuh"
"33","Jawa Tengah","33.22","Kabupaten Semarang","33.22.02","Tengaran","33.22.02.2011","Patemon"
"33","Jawa Tengah","33.22","Kabupaten Semarang","33.22.02","Tengaran","33.22.02.2012","Bener"
"33","Jawa Tengah","33.22","Kabupaten Semarang","33.22.02","Tengaran","33.22.02.2013","Tegalwaton"
"33","Jawa Tengah","33.22","Kabupaten Semarang","33.22.02","Tengaran","33.22.02.2014","Barukan"
"33","Jawa Tengah","33.22","Kabupaten Semarang","33.22.02","Tengaran","33.22.02.2015","Nyamat"
"33","Jawa Tengah","33.22","Kabupaten Semarang","33.22.03","Susukan","33.22.03.2001","Badran"
"33","Jawa Tengah","33.22","Kabupaten Semarang","33.22.03","Susukan","33.22.03.2002","Timpik"
"33","Jawa Tengah","33.22","Kabupaten Semarang","33.22.03","Susukan","33.22.03.2003","Tawang"
"33","Jawa Tengah","33.22","Kabupaten Semarang","33.22.03","Susukan","33.22.03.2004","Bakalrejo"
"33","Jawa Tengah","33.22","Kabupaten Semarang","33.22.03","Susukan","33.22.03.2005","Ketapang"
"33","Jawa Tengah","33.22","Kabupaten Semarang","33.22.03","Susukan","33.22.03.2006","Susukan"
"33","Jawa Tengah","33.22","Kabupaten Semarang","33.22.03","Susukan","33.22.03.2007","Sidoharjo"
"33","Jawa Tengah","33.22","Kabupaten Semarang","33.22.03","Susukan","33.22.03.2008","Gentan"
"33","Jawa Tengah","33.22","Kabupaten Semarang","33.22.03","Susukan","33.22.03.2009","Muncar"
"33","Jawa Tengah","33.22","Kabupaten Semarang","33.22.03","Susukan","33.22.03.2010","Ngasinan"
"33","Jawa Tengah","33.22","Kabupaten Semarang","33.22.03","Susukan","33.22.03.2011","Koripan"
"33","Jawa Tengah","33.22","Kabupaten Semarang","33.22.03","Susukan","33.22.03.2012","Kenteng"
"33","Jawa Tengah","33.22","Kabupaten Semarang","33.22.03","Susukan","33.22.03.2013","Kemetul"
"33","Jawa Tengah","33.22","Kabupaten Semarang","33.22.04","Suruh","33.22.04.2001","Kebowan"
"33","Jawa Tengah","33.22","Kabupaten Semarang","33.22.04","Suruh","33.22.04.2002","Beji Lor"
"33","Jawa Tengah","33.22","Kabupaten Semarang","33.22.04","Suruh","33.22.04.2003","Jatirejo"
"33","Jawa Tengah","33.22","Kabupaten Semarang","33.22.04","Suruh","33.22.04.2004","Dersansari"
"33","Jawa Tengah","33.22","Kabupaten Semarang","33.22.04","Suruh","33.22.04.2005","Purworejo"
"33","Jawa Tengah","33.22","Kabupaten Semarang","33.22.04","Suruh","33.22.04.2006","Ketanggi"
"33","Jawa Tengah","33.22","Kabupaten Semarang","33.22.04","Suruh","33.22.04.2007","Medayu"
"33","Jawa Tengah","33.22","Kabupaten Semarang","33.22.04","Suruh","33.22.04.2008","Bonomerto"
"33","Jawa Tengah","33.22","Kabupaten Semarang","33.22.04","Suruh","33.22.04.2009","Sukorejo"
"33","Jawa Tengah","33.22","Kabupaten Semarang","33.22.04","Suruh","33.22.04.2010","Kedungringin"
"33","Jawa Tengah","33.22","Kabupaten Semarang","33.22.04","Suruh","33.22.04.2011","Gunung Tumpeng"
"33","Jawa Tengah","33.22","Kabupaten Semarang","33.22.04","Suruh","33.22.04.2012","Reksosari"
"33","Jawa Tengah","33.22","Kabupaten Semarang","33.22.04","Suruh","33.22.04.2013","Suruh"
"33","Jawa Tengah","33.22","Kabupaten Semarang","33.22.04","Suruh","33.22.04.2014","Plumbon"
"33","Jawa Tengah","33.22","Kabupaten Semarang","33.22.04","Suruh","33.22.04.2015","Krandon Lor"
"33","Jawa Tengah","33.22","Kabupaten Semarang","33.22.04","Suruh","33.22.04.2016","Cukilan"
"33","Jawa Tengah","33.22","Kabupaten Semarang","33.22.04","Suruh","33.22.04.2017","Dadap Ayam"
"33","Jawa Tengah","33.22","Kabupaten Semarang","33.22.05","Pabelan","33.22.05.2001","Sumberejo"
"33","Jawa Tengah","33.22","Kabupaten Semarang","33.22.05","Pabelan","33.22.05.2002","Ujung-ujung"
"33","Jawa Tengah","33.22","Kabupaten Semarang","33.22.05","Pabelan","33.22.05.2003","Sukoharjo"
"33","Jawa Tengah","33.22","Kabupaten Semarang","33.22.05","Pabelan","33.22.05.2004","Karang Gondang"
"33","Jawa Tengah","33.22","Kabupaten Semarang","33.22.05","Pabelan","33.22.05.2005","Segiri"
"33","Jawa Tengah","33.22","Kabupaten Semarang","33.22.05","Pabelan","33.22.05.2006","Terban"
"33","Jawa Tengah","33.22","Kabupaten Semarang","33.22.05","Pabelan","33.22.05.2007","Tukang"
"33","Jawa Tengah","33.22","Kabupaten Semarang","33.22.05","Pabelan","33.22.05.2008","Semowo"
"33","Jawa Tengah","33.22","Kabupaten Semarang","33.22.05","Pabelan","33.22.05.2009","Bendungan"
"33","Jawa Tengah","33.22","Kabupaten Semarang","33.22.05","Pabelan","33.22.05.2010","Jembrak"
"33","Jawa Tengah","33.22","Kabupaten Semarang","33.22.05","Pabelan","33.22.05.2011","Glawan"
"33","Jawa Tengah","33.22","Kabupaten Semarang","33.22.05","Pabelan","33.22.05.2012","Pabelan"
"33","Jawa Tengah","33.22","Kabupaten Semarang","33.22.05","Pabelan","33.22.05.2013","Kauman Lor"
"33","Jawa Tengah","33.22","Kabupaten Semarang","33.22.05","Pabelan","33.22.05.2014","Bejaten"
"33","Jawa Tengah","33.22","Kabupaten Semarang","33.22.05","Pabelan","33.22.05.2015","Kadirejo"
"33","Jawa Tengah","33.22","Kabupaten Semarang","33.22.05","Pabelan","33.22.05.2016","Giling"
"33","Jawa Tengah","33.22","Kabupaten Semarang","33.22.05","Pabelan","33.22.05.2017","Padaan"
"33","Jawa Tengah","33.22","Kabupaten Semarang","33.22.06","Tuntang","33.22.06.2001","Gedangan"
"33","Jawa Tengah","33.22","Kabupaten Semarang","33.22.06","Tuntang","33.22.06.2002","Kalibeji"
"33","Jawa Tengah","33.22","Kabupaten Semarang","33.22.06","Tuntang","33.22.06.2003","Rowosari"
"33","Jawa Tengah","33.22","Kabupaten Semarang","33.22.06","Tuntang","33.22.06.2004","Sraten"
"33","Jawa Tengah","33.22","Kabupaten Semarang","33.22.06","Tuntang","33.22.06.2005","Jombor"
"33","Jawa Tengah","33.22","Kabupaten Semarang","33.22.06","Tuntang","33.22.06.2006","Candirejo"
"33","Jawa Tengah","33.22","Kabupaten Semarang","33.22.06","Tuntang","33.22.06.2007","Kesongo"
"33","Jawa Tengah","33.22","Kabupaten Semarang","33.22.06","Tuntang","33.22.06.2008","Watuagung"
"33","Jawa Tengah","33.22","Kabupaten Semarang","33.22.06","Tuntang","33.22.06.2009","Lopait"
"33","Jawa Tengah","33.22","Kabupaten Semarang","33.22.06","Tuntang","33.22.06.2010","Tuntang"
"33","Jawa Tengah","33.22","Kabupaten Semarang","33.22.06","Tuntang","33.22.06.2011","Delik"
"33","Jawa Tengah","33.22","Kabupaten Semarang","33.22.06","Tuntang","33.22.06.2012","Tlogo"
"33","Jawa Tengah","33.22","Kabupaten Semarang","33.22.06","Tuntang","33.22.06.2013","Karangtengah"
"33","Jawa Tengah","33.22","Kabupaten Semarang","33.22.06","Tuntang","33.22.06.2014","Karanganyar"
"33","Jawa Tengah","33.22","Kabupaten Semarang","33.22.06","Tuntang","33.22.06.2015","Tlompakan"
"33","Jawa Tengah","33.22","Kabupaten Semarang","33.22.06","Tuntang","33.22.06.2016","Ngajaran"
"33","Jawa Tengah","33.22","Kabupaten Semarang","33.22.07","Banyubiru","33.22.07.2001","Gedong"
"33","Jawa Tengah","33.22","Kabupaten Semarang","33.22.07","Banyubiru","33.22.07.2002","Kebumen"
"33","Jawa Tengah","33.22","Kabupaten Semarang","33.22.07","Banyubiru","33.22.07.2003","Sepakung"
"33","Jawa Tengah","33.22","Kabupaten Semarang","33.22.07","Banyubiru","33.22.07.2004","Wirogomo"
"33","Jawa Tengah","33.22","Kabupaten Semarang","33.22.07","Banyubiru","33.22.07.2005","Kemambang"
"33","Jawa Tengah","33.22","Kabupaten Semarang","33.22.07","Banyubiru","33.22.07.2006","Tegaron"
"33","Jawa Tengah","33.22","Kabupaten Semarang","33.22.07","Banyubiru","33.22.07.2007","Rowoboni"
"33","Jawa Tengah","33.22","Kabupaten Semarang","33.22.07","Banyubiru","33.22.07.2008","Kebondowo"
"33","Jawa Tengah","33.22","Kabupaten Semarang","33.22.07","Banyubiru","33.22.07.2009","Banyubiru"
"33","Jawa Tengah","33.22","Kabupaten Semarang","33.22.07","Banyubiru","33.22.07.2010","Ngrapah"
"33","Jawa Tengah","33.22","Kabupaten Semarang","33.22.08","Jambu","33.22.08.1006","Gondoriyo"
"33","Jawa Tengah","33.22","Kabupaten Semarang","33.22.08","Jambu","33.22.08.2001","Gemawang"
"33","Jawa Tengah","33.22","Kabupaten Semarang","33.22.08","Jambu","33.22.08.2002","Bedono"
"33","Jawa Tengah","33.22","Kabupaten Semarang","33.22.08","Jambu","33.22.08.2003","Kelurahan"
"33","Jawa Tengah","33.22","Kabupaten Semarang","33.22.08","Jambu","33.22.08.2004","Brongkol"
"33","Jawa Tengah","33.22","Kabupaten Semarang","33.22.08","Jambu","33.22.08.2005","Jambu"
"33","Jawa Tengah","33.22","Kabupaten Semarang","33.22.08","Jambu","33.22.08.2007","Kuwarasan"
"33","Jawa Tengah","33.22","Kabupaten Semarang","33.22.08","Jambu","33.22.08.2008","Kebondalem"
"33","Jawa Tengah","33.22","Kabupaten Semarang","33.22.08","Jambu","33.22.08.2009","Rejosari"
"33","Jawa Tengah","33.22","Kabupaten Semarang","33.22.08","Jambu","33.22.08.2010","Genting"
"33","Jawa Tengah","33.22","Kabupaten Semarang","33.22.09","Sumowono","33.22.09.2001","Kebonagung"
"33","Jawa Tengah","33.22","Kabupaten Semarang","33.22.09","Sumowono","33.22.09.2002","Candigaron"
"33","Jawa Tengah","33.22","Kabupaten Semarang","33.22.09","Sumowono","33.22.09.2003","Ngadikerso"
"33","Jawa Tengah","33.22","Kabupaten Semarang","33.22.09","Sumowono","33.22.09.2004","Lanjan"
"33","Jawa Tengah","33.22","Kabupaten Semarang","33.22.09","Sumowono","33.22.09.2005","Jubelan"
"33","Jawa Tengah","33.22","Kabupaten Semarang","33.22.09","Sumowono","33.22.09.2006","Sumowono"
"33","Jawa Tengah","33.22","Kabupaten Semarang","33.22.09","Sumowono","33.22.09.2007","Trayu"
"33","Jawa Tengah","33.22","Kabupaten Semarang","33.22.09","Sumowono","33.22.09.2008","Kemitir"
"33","Jawa Tengah","33.22","Kabupaten Semarang","33.22.09","Sumowono","33.22.09.2009","Duren"
"33","Jawa Tengah","33.22","Kabupaten Semarang","33.22.09","Sumowono","33.22.09.2010","Pledokan"
"33","Jawa Tengah","33.22","Kabupaten Semarang","33.22.09","Sumowono","33.22.09.2011","Mendongan"
"33","Jawa Tengah","33.22","Kabupaten Semarang","33.22.09","Sumowono","33.22.09.2012","Bumen"
"33","Jawa Tengah","33.22","Kabupaten Semarang","33.22.09","Sumowono","33.22.09.2013","Losari"
"33","Jawa Tengah","33.22","Kabupaten Semarang","33.22.09","Sumowono","33.22.09.2014","Kemawi"
"33","Jawa Tengah","33.22","Kabupaten Semarang","33.22.09","Sumowono","33.22.09.2015","Piyanggang"
"33","Jawa Tengah","33.22","Kabupaten Semarang","33.22.09","Sumowono","33.22.09.2016","Keseneng"
"33","Jawa Tengah","33.22","Kabupaten Semarang","33.22.10","Ambarawa","33.22.10.1001","Ngampin"
"33","Jawa Tengah","33.22","Kabupaten Semarang","33.22.10","Ambarawa","33.22.10.1002","Pojoksari"
"33","Jawa Tengah","33.22","Kabupaten Semarang","33.22.10","Ambarawa","33.22.10.1004","Tambakboyo"
"33","Jawa Tengah","33.22","Kabupaten Semarang","33.22.10","Ambarawa","33.22.10.1005","Lodoyong"
"33","Jawa Tengah","33.22","Kabupaten Semarang","33.22.10","Ambarawa","33.22.10.1006","Kupang"
"33","Jawa Tengah","33.22","Kabupaten Semarang","33.22.10","Ambarawa","33.22.10.1007","Kranggan"
"33","Jawa Tengah","33.22","Kabupaten Semarang","33.22.10","Ambarawa","33.22.10.1008","Panjang"
"33","Jawa Tengah","33.22","Kabupaten Semarang","33.22.10","Ambarawa","33.22.10.1010","Baran"
"33","Jawa Tengah","33.22","Kabupaten Semarang","33.22.10","Ambarawa","33.22.10.2003","Bejalen"
"33","Jawa Tengah","33.22","Kabupaten Semarang","33.22.10","Ambarawa","33.22.10.2009","Pasekan"
"33","Jawa Tengah","33.22","Kabupaten Semarang","33.22.11","Bawen","33.22.11.1002","Bawen"
"33","Jawa Tengah","33.22","Kabupaten Semarang","33.22.11","Bawen","33.22.11.1007","Harjosari"
"33","Jawa Tengah","33.22","Kabupaten Semarang","33.22.11","Bawen","33.22.11.2001","Doplang"
"33","Jawa Tengah","33.22","Kabupaten Semarang","33.22.11","Bawen","33.22.11.2003","Asinan"
"33","Jawa Tengah","33.22","Kabupaten Semarang","33.22.11","Bawen","33.22.11.2004","Polosiri"
"33","Jawa Tengah","33.22","Kabupaten Semarang","33.22.11","Bawen","33.22.11.2005","Kandangan"
"33","Jawa Tengah","33.22","Kabupaten Semarang","33.22.11","Bawen","33.22.11.2006","Lemahireng"
"33","Jawa Tengah","33.22","Kabupaten Semarang","33.22.11","Bawen","33.22.11.2008","Samban"
"33","Jawa Tengah","33.22","Kabupaten Semarang","33.22.11","Bawen","33.22.11.2009","Poncoruso"
"33","Jawa Tengah","33.22","Kabupaten Semarang","33.22.12","Bringin","33.22.12.2001","Bringin"
"33","Jawa Tengah","33.22","Kabupaten Semarang","33.22.12","Bringin","33.22.12.2002","Popongan"
"33","Jawa Tengah","33.22","Kabupaten Semarang","33.22.12","Bringin","33.22.12.2003","Pakis"
"33","Jawa Tengah","33.22","Kabupaten Semarang","33.22.12","Bringin","33.22.12.2004","Rembes"
"33","Jawa Tengah","33.22","Kabupaten Semarang","33.22.12","Bringin","33.22.12.2005","Tanjung"
"33","Jawa Tengah","33.22","Kabupaten Semarang","33.22.12","Bringin","33.22.12.2006","Sambirejo"
"33","Jawa Tengah","33.22","Kabupaten Semarang","33.22.12","Bringin","33.22.12.2007","Kalijambe"
"33","Jawa Tengah","33.22","Kabupaten Semarang","33.22.12","Bringin","33.22.12.2008","Kalikurmo"
"33","Jawa Tengah","33.22","Kabupaten Semarang","33.22.12","Bringin","33.22.12.2009","Gogodalem"
"33","Jawa Tengah","33.22","Kabupaten Semarang","33.22.12","Bringin","33.22.12.2010","Lebak"
"33","Jawa Tengah","33.22","Kabupaten Semarang","33.22.12","Bringin","33.22.12.2011","Wiru"
"33","Jawa Tengah","33.22","Kabupaten Semarang","33.22.12","Bringin","33.22.12.2012","Nyemoh"
"33","Jawa Tengah","33.22","Kabupaten Semarang","33.22.12","Bringin","33.22.12.2013","Tempuran"
"33","Jawa Tengah","33.22","Kabupaten Semarang","33.22.12","Bringin","33.22.12.2014","Sendang"
"33","Jawa Tengah","33.22","Kabupaten Semarang","33.22.12","Bringin","33.22.12.2015","Truko"
"33","Jawa Tengah","33.22","Kabupaten Semarang","33.22.12","Bringin","33.22.12.2016","Banding"
"33","Jawa Tengah","33.22","Kabupaten Semarang","33.22.13","Bergas","33.22.13.1001","Ngempon"
"33","Jawa Tengah","33.22","Kabupaten Semarang","33.22.13","Bergas","33.22.13.1002","Karangjati"
"33","Jawa Tengah","33.22","Kabupaten Semarang","33.22.13","Bergas","33.22.13.1005","Wujil"
"33","Jawa Tengah","33.22","Kabupaten Semarang","33.22.13","Bergas","33.22.13.1009","Bergas Lor"
"33","Jawa Tengah","33.22","Kabupaten Semarang","33.22.13","Bergas","33.22.13.2003","Wringinputih"
"33","Jawa Tengah","33.22","Kabupaten Semarang","33.22.13","Bergas","33.22.13.2004","Gondoriyo"
"33","Jawa Tengah","33.22","Kabupaten Semarang","33.22.13","Bergas","33.22.13.2006","Gebugan"
"33","Jawa Tengah","33.22","Kabupaten Semarang","33.22.13","Bergas","33.22.13.2007","Pagersari"
"33","Jawa Tengah","33.22","Kabupaten Semarang","33.22.13","Bergas","33.22.13.2008","Munding"
"33","Jawa Tengah","33.22","Kabupaten Semarang","33.22.13","Bergas","33.22.13.2010","Bergas Kidul"
"33","Jawa Tengah","33.22","Kabupaten Semarang","33.22.13","Bergas","33.22.13.2011","Randugunting"
"33","Jawa Tengah","33.22","Kabupaten Semarang","33.22.13","Bergas","33.22.13.2012","Jatijajar"
"33","Jawa Tengah","33.22","Kabupaten Semarang","33.22.13","Bergas","33.22.13.2013","Diwak"
"33","Jawa Tengah","33.22","Kabupaten Semarang","33.22.15","Pringapus","33.22.15.1004","Pringapus"
"33","Jawa Tengah","33.22","Kabupaten Semarang","33.22.15","Pringapus","33.22.15.2001","Klepu"
"33","Jawa Tengah","33.22","Kabupaten Semarang","33.22.15","Pringapus","33.22.15.2002","Derekan"
"33","Jawa Tengah","33.22","Kabupaten Semarang","33.22.15","Pringapus","33.22.15.2003","Jatirunggo"
"33","Jawa Tengah","33.22","Kabupaten Semarang","33.22.15","Pringapus","33.22.15.2005","Pringsari"
"33","Jawa Tengah","33.22","Kabupaten Semarang","33.22.15","Pringapus","33.22.15.2006","Wonorejo"
"33","Jawa Tengah","33.22","Kabupaten Semarang","33.22.15","Pringapus","33.22.15.2007","Wonoyoso"
"33","Jawa Tengah","33.22","Kabupaten Semarang","33.22.15","Pringapus","33.22.15.2008","Candirejo"
"33","Jawa Tengah","33.22","Kabupaten Semarang","33.22.15","Pringapus","33.22.15.2009","Penawangan"
"33","Jawa Tengah","33.22","Kabupaten Semarang","33.22.16","Bancak","33.22.16.2001","Bancak"
"33","Jawa Tengah","33.22","Kabupaten Semarang","33.22.16","Bancak","33.22.16.2002","Wonokerto"
"33","Jawa Tengah","33.22","Kabupaten Semarang","33.22.16","Bancak","33.22.16.2003","Jlumpang"
"33","Jawa Tengah","33.22","Kabupaten Semarang","33.22.16","Bancak","33.22.16.2004","Bantal"
"33","Jawa Tengah","33.22","Kabupaten Semarang","33.22.16","Bancak","33.22.16.2005","Rejosari"
"33","Jawa Tengah","33.22","Kabupaten Semarang","33.22.16","Bancak","33.22.16.2006","Plumutan"
"33","Jawa Tengah","33.22","Kabupaten Semarang","33.22.16","Bancak","33.22.16.2007","Lembu"
"33","Jawa Tengah","33.22","Kabupaten Semarang","33.22.16","Bancak","33.22.16.2008","Pucung"
"33","Jawa Tengah","33.22","Kabupaten Semarang","33.22.16","Bancak","33.22.16.2009","Boto"
"33","Jawa Tengah","33.22","Kabupaten Semarang","33.22.17","Kaliwungu","33.22.17.2001","Kaliwungu"
"33","Jawa Tengah","33.22","Kabupaten Semarang","33.22.17","Kaliwungu","33.22.17.2002","Jetis"
"33","Jawa Tengah","33.22","Kabupaten Semarang","33.22.17","Kaliwungu","33.22.17.2003","Kener"
"33","Jawa Tengah","33.22","Kabupaten Semarang","33.22.17","Kaliwungu","33.22.17.2004","Kradenan"
"33","Jawa Tengah","33.22","Kabupaten Semarang","33.22.17","Kaliwungu","33.22.17.2005","Mukiran"
"33","Jawa Tengah","33.22","Kabupaten Semarang","33.22.17","Kaliwungu","33.22.17.2006","Pager"
"33","Jawa Tengah","33.22","Kabupaten Semarang","33.22.17","Kaliwungu","33.22.17.2007","Papringan"
"33","Jawa Tengah","33.22","Kabupaten Semarang","33.22.17","Kaliwungu","33.22.17.2008","Payungan"
"33","Jawa Tengah","33.22","Kabupaten Semarang","33.22.17","Kaliwungu","33.22.17.2009","Rogomulyo"
"33","Jawa Tengah","33.22","Kabupaten Semarang","33.22.17","Kaliwungu","33.22.17.2010","Siwal"
"33","Jawa Tengah","33.22","Kabupaten Semarang","33.22.17","Kaliwungu","33.22.17.2011","Udanwuh"
"33","Jawa Tengah","33.22","Kabupaten Semarang","33.22.18","Ungaran Barat","33.22.18.1006","Candirejo"
"33","Jawa Tengah","33.22","Kabupaten Semarang","33.22.18","Ungaran Barat","33.22.18.1007","Genuk"
"33","Jawa Tengah","33.22","Kabupaten Semarang","33.22.18","Ungaran Barat","33.22.18.1008","Ungaran"
"33","Jawa Tengah","33.22","Kabupaten Semarang","33.22.18","Ungaran Barat","33.22.18.1009","Bandarjo"
"33","Jawa Tengah","33.22","Kabupaten Semarang","33.22.18","Ungaran Barat","33.22.18.1010","Langensari"
"33","Jawa Tengah","33.22","Kabupaten Semarang","33.22.18","Ungaran Barat","33.22.18.2001","Branjang"
"33","Jawa Tengah","33.22","Kabupaten Semarang","33.22.18","Ungaran Barat","33.22.18.2002","Kalisidi"
"33","Jawa Tengah","33.22","Kabupaten Semarang","33.22.18","Ungaran Barat","33.22.18.2003","Keji"
"33","Jawa Tengah","33.22","Kabupaten Semarang","33.22.18","Ungaran Barat","33.22.18.2004","Lerep"
"33","Jawa Tengah","33.22","Kabupaten Semarang","33.22.18","Ungaran Barat","33.22.18.2005","Nyatnyono"
"33","Jawa Tengah","33.22","Kabupaten Semarang","33.22.18","Ungaran Barat","33.22.18.2011","Gogik"
"33","Jawa Tengah","33.22","Kabupaten Semarang","33.22.19","Ungaran Timur","33.22.19.1001","Sidomulyo"
"33","Jawa Tengah","33.22","Kabupaten Semarang","33.22.19","Ungaran Timur","33.22.19.1002","Kalirejo"
"33","Jawa Tengah","33.22","Kabupaten Semarang","33.22.19","Ungaran Timur","33.22.19.1003","Susukan"
"33","Jawa Tengah","33.22","Kabupaten Semarang","33.22.19","Ungaran Timur","33.22.19.1007","Gedanganak"
"33","Jawa Tengah","33.22","Kabupaten Semarang","33.22.19","Ungaran Timur","33.22.19.1008","Beji"
"33","Jawa Tengah","33.22","Kabupaten Semarang","33.22.19","Ungaran Timur","33.22.19.2004","Mluweh"
"33","Jawa Tengah","33.22","Kabupaten Semarang","33.22.19","Ungaran Timur","33.22.19.2005","Kawengen"
"33","Jawa Tengah","33.22","Kabupaten Semarang","33.22.19","Ungaran Timur","33.22.19.2006","Kalikayen"
"33","Jawa Tengah","33.22","Kabupaten Semarang","33.22.19","Ungaran Timur","33.22.19.2009","Leyangan"
"33","Jawa Tengah","33.22","Kabupaten Semarang","33.22.19","Ungaran Timur","33.22.19.2010","Kalongan"
"33","Jawa Tengah","33.22","Kabupaten Semarang","33.22.20","Bandungan","33.22.20.1011","Bandungan"
"33","Jawa Tengah","33.22","Kabupaten Semarang","33.22.20","Bandungan","33.22.20.2001","Mlilir"
"33","Jawa Tengah","33.22","Kabupaten Semarang","33.22.20","Bandungan","33.22.20.2002","Duren"
"33","Jawa Tengah","33.22","Kabupaten Semarang","33.22.20","Bandungan","33.22.20.2003","Jetis"
"33","Jawa Tengah","33.22","Kabupaten Semarang","33.22.20","Bandungan","33.22.20.2004","Kenteng"
"33","Jawa Tengah","33.22","Kabupaten Semarang","33.22.20","Bandungan","33.22.20.2005","Candi"
"33","Jawa Tengah","33.22","Kabupaten Semarang","33.22.20","Bandungan","33.22.20.2006","Jimbaran"
"33","Jawa Tengah","33.22","Kabupaten Semarang","33.22.20","Bandungan","33.22.20.2007","Pakopen"
"33","Jawa Tengah","33.22","Kabupaten Semarang","33.22.20","Bandungan","33.22.20.2008","Sidomukti"
"33","Jawa Tengah","33.22","Kabupaten Semarang","33.22.20","Bandungan","33.22.20.2009","Banyukuning"
"33","Jawa Tengah","33.23","Kabupaten Temanggung","33.23.01","Bulu","33.23.01.2001","Bulu"
"33","Jawa Tengah","33.23","Kabupaten Temanggung","33.23.01","Bulu","33.23.01.2002","Tegalurung"
"33","Jawa Tengah","33.23","Kabupaten Temanggung","33.23.01","Bulu","33.23.01.2003","Campursari"
"33","Jawa Tengah","33.23","Kabupaten Temanggung","33.23.01","Bulu","33.23.01.2004","Gandurejo"
"33","Jawa Tengah","33.23","Kabupaten Temanggung","33.23.01","Bulu","33.23.01.2005","Tegalrejo"
"33","Jawa Tengah","33.23","Kabupaten Temanggung","33.23.01","Bulu","33.23.01.2006","Gondosuli"
"33","Jawa Tengah","33.23","Kabupaten Temanggung","33.23.01","Bulu","33.23.01.2007","Ngimbrang"
"33","Jawa Tengah","33.23","Kabupaten Temanggung","33.23.01","Bulu","33.23.01.2008","Putat"
"33","Jawa Tengah","33.23","Kabupaten Temanggung","33.23.01","Bulu","33.23.01.2009","Danupayan"
"33","Jawa Tengah","33.23","Kabupaten Temanggung","33.23.01","Bulu","33.23.01.2010","Mondoretno"
"33","Jawa Tengah","33.23","Kabupaten Temanggung","33.23.01","Bulu","33.23.01.2011","Pandemulyo"
"33","Jawa Tengah","33.23","Kabupaten Temanggung","33.23.01","Bulu","33.23.01.2012","Pasuruan"
"33","Jawa Tengah","33.23","Kabupaten Temanggung","33.23.01","Bulu","33.23.01.2013","Pakurejo"
"33","Jawa Tengah","33.23","Kabupaten Temanggung","33.23.01","Bulu","33.23.01.2014","Malangsari"
"33","Jawa Tengah","33.23","Kabupaten Temanggung","33.23.01","Bulu","33.23.01.2015","Pagergunung"
"33","Jawa Tengah","33.23","Kabupaten Temanggung","33.23.01","Bulu","33.23.01.2016","Wonosari"
"33","Jawa Tengah","33.23","Kabupaten Temanggung","33.23.01","Bulu","33.23.01.2017","Bansari"
"33","Jawa Tengah","33.23","Kabupaten Temanggung","33.23.01","Bulu","33.23.01.2018","Wonotirto"
"33","Jawa Tengah","33.23","Kabupaten Temanggung","33.23.01","Bulu","33.23.01.2019","Pengilon"
"33","Jawa Tengah","33.23","Kabupaten Temanggung","33.23.02","Tembarak","33.23.02.2001","Tembarak"
"33","Jawa Tengah","33.23","Kabupaten Temanggung","33.23.02","Tembarak","33.23.02.2002","Menggoro"
"33","Jawa Tengah","33.23","Kabupaten Temanggung","33.23.02","Tembarak","33.23.02.2003","Purwodadi"
"33","Jawa Tengah","33.23","Kabupaten Temanggung","33.23.02","Tembarak","33.23.02.2004","Wonokerso"
"33","Jawa Tengah","33.23","Kabupaten Temanggung","33.23.02","Tembarak","33.23.02.2005","Kemloko"
"33","Jawa Tengah","33.23","Kabupaten Temanggung","33.23.02","Tembarak","33.23.02.2006","Gandu"
"33","Jawa Tengah","33.23","Kabupaten Temanggung","33.23.02","Tembarak","33.23.02.2007","Botoputih"
"33","Jawa Tengah","33.23","Kabupaten Temanggung","33.23.02","Tembarak","33.23.02.2008","Tawangsari"
"33","Jawa Tengah","33.23","Kabupaten Temanggung","33.23.02","Tembarak","33.23.02.2009","Greges"
"33","Jawa Tengah","33.23","Kabupaten Temanggung","33.23.02","Tembarak","33.23.02.2010","Krajan"
"33","Jawa Tengah","33.23","Kabupaten Temanggung","33.23.02","Tembarak","33.23.02.2011","Jragan"
"33","Jawa Tengah","33.23","Kabupaten Temanggung","33.23.02","Tembarak","33.23.02.2012","Drono"
"33","Jawa Tengah","33.23","Kabupaten Temanggung","33.23.02","Tembarak","33.23.02.2013","Banaran"
"33","Jawa Tengah","33.23","Kabupaten Temanggung","33.23.03","Temanggung","33.23.03.1001","Temanggung I"
"33","Jawa Tengah","33.23","Kabupaten Temanggung","33.23.03","Temanggung","33.23.03.1002","Temanggung II"
"33","Jawa Tengah","33.23","Kabupaten Temanggung","33.23.03","Temanggung","33.23.03.1003","Butuh"
"33","Jawa Tengah","33.23","Kabupaten Temanggung","33.23.03","Temanggung","33.23.03.1004","Jampiroso"
"33","Jawa Tengah","33.23","Kabupaten Temanggung","33.23.03","Temanggung","33.23.03.1005","Jampirejo"
"33","Jawa Tengah","33.23","Kabupaten Temanggung","33.23.03","Temanggung","33.23.03.1006","Kertosari"
"33","Jawa Tengah","33.23","Kabupaten Temanggung","33.23.03","Temanggung","33.23.03.1007","Banyuurip"
"33","Jawa Tengah","33.23","Kabupaten Temanggung","33.23.03","Temanggung","33.23.03.1008","Kowangan"
"33","Jawa Tengah","33.23","Kabupaten Temanggung","33.23.03","Temanggung","33.23.03.1009","Jurang"
"33","Jawa Tengah","33.23","Kabupaten Temanggung","33.23.03","Temanggung","33.23.03.1010","Tlogorejo"
"33","Jawa Tengah","33.23","Kabupaten Temanggung","33.23.03","Temanggung","33.23.03.1012","Kebonsari"
"33","Jawa Tengah","33.23","Kabupaten Temanggung","33.23.03","Temanggung","33.23.03.1013","Manding"
"33","Jawa Tengah","33.23","Kabupaten Temanggung","33.23.03","Temanggung","33.23.03.1014","Mungseng"
"33","Jawa Tengah","33.23","Kabupaten Temanggung","33.23.03","Temanggung","33.23.03.1015","Purworejo"
"33","Jawa Tengah","33.23","Kabupaten Temanggung","33.23.03","Temanggung","33.23.03.1016","Giyanti"
"33","Jawa Tengah","33.23","Kabupaten Temanggung","33.23.03","Temanggung","33.23.03.1018","Madureso"
"33","Jawa Tengah","33.23","Kabupaten Temanggung","33.23.03","Temanggung","33.23.03.1022","Sidorejo"
"33","Jawa Tengah","33.23","Kabupaten Temanggung","33.23.03","Temanggung","33.23.03.1025","Walitelon Utara"
"33","Jawa Tengah","33.23","Kabupaten Temanggung","33.23.03","Temanggung","33.23.03.1026","Walitelon Selatan"
"33","Jawa Tengah","33.23","Kabupaten Temanggung","33.23.03","Temanggung","33.23.03.2011","Joho"
"33","Jawa Tengah","33.23","Kabupaten Temanggung","33.23.03","Temanggung","33.23.03.2017","Guntur"
"33","Jawa Tengah","33.23","Kabupaten Temanggung","33.23.03","Temanggung","33.23.03.2019","Lungge"
"33","Jawa Tengah","33.23","Kabupaten Temanggung","33.23.03","Temanggung","33.23.03.2020","Mudal"
"33","Jawa Tengah","33.23","Kabupaten Temanggung","33.23.03","Temanggung","33.23.03.2021","Gilingsari"
"33","Jawa Tengah","33.23","Kabupaten Temanggung","33.23.03","Temanggung","33.23.03.2024","Nampirejo"
"33","Jawa Tengah","33.23","Kabupaten Temanggung","33.23.04","Pringsurat","33.23.04.2001","Pringsurat"
"33","Jawa Tengah","33.23","Kabupaten Temanggung","33.23.04","Pringsurat","33.23.04.2002","Kebumen"
"33","Jawa Tengah","33.23","Kabupaten Temanggung","33.23.04","Pringsurat","33.23.04.2003","Soropadan"
"33","Jawa Tengah","33.23","Kabupaten Temanggung","33.23.04","Pringsurat","33.23.04.2004","Kupen"
"33","Jawa Tengah","33.23","Kabupaten Temanggung","33.23.04","Pringsurat","33.23.04.2005","Karangwuni"
"33","Jawa Tengah","33.23","Kabupaten Temanggung","33.23.04","Pringsurat","33.23.04.2006","Gowak"
"33","Jawa Tengah","33.23","Kabupaten Temanggung","33.23.04","Pringsurat","33.23.04.2007","Rejosari"
"33","Jawa Tengah","33.23","Kabupaten Temanggung","33.23.04","Pringsurat","33.23.04.2008","Ngipik"
"33","Jawa Tengah","33.23","Kabupaten Temanggung","33.23.04","Pringsurat","33.23.04.2009","Pingit"
"33","Jawa Tengah","33.23","Kabupaten Temanggung","33.23.04","Pringsurat","33.23.04.2010","Klepu"
"33","Jawa Tengah","33.23","Kabupaten Temanggung","33.23.04","Pringsurat","33.23.04.2011","Soborejo"
"33","Jawa Tengah","33.23","Kabupaten Temanggung","33.23.04","Pringsurat","33.23.04.2012","Nglorog"
"33","Jawa Tengah","33.23","Kabupaten Temanggung","33.23.04","Pringsurat","33.23.04.2013","Pagergunung"
"33","Jawa Tengah","33.23","Kabupaten Temanggung","33.23.04","Pringsurat","33.23.04.2014","Wonokerso"
"33","Jawa Tengah","33.23","Kabupaten Temanggung","33.23.05","Kaloran","33.23.05.2001","Kaloran"
"33","Jawa Tengah","33.23","Kabupaten Temanggung","33.23.05","Kaloran","33.23.05.2002","Tlogowungu"
"33","Jawa Tengah","33.23","Kabupaten Temanggung","33.23.05","Kaloran","33.23.05.2003","Gandon"
"33","Jawa Tengah","33.23","Kabupaten Temanggung","33.23.05","Kaloran","33.23.05.2004","Tleter"
"33","Jawa Tengah","33.23","Kabupaten Temanggung","33.23.05","Kaloran","33.23.05.2005","Getas"
"33","Jawa Tengah","33.23","Kabupaten Temanggung","33.23.05","Kaloran","33.23.05.2006","Kalimanggis"
"33","Jawa Tengah","33.23","Kabupaten Temanggung","33.23.05","Kaloran","33.23.05.2007","Tempuran"
"33","Jawa Tengah","33.23","Kabupaten Temanggung","33.23.05","Kaloran","33.23.05.2008","Kemiri"
"33","Jawa Tengah","33.23","Kabupaten Temanggung","33.23.05","Kaloran","33.23.05.2009","Geblog"
"33","Jawa Tengah","33.23","Kabupaten Temanggung","33.23.05","Kaloran","33.23.05.2010","Tegowanuh"
"33","Jawa Tengah","33.23","Kabupaten Temanggung","33.23.05","Kaloran","33.23.05.2011","Keblukan"
"33","Jawa Tengah","33.23","Kabupaten Temanggung","33.23.05","Kaloran","33.23.05.2012","Tepusen"
"33","Jawa Tengah","33.23","Kabupaten Temanggung","33.23.05","Kaloran","33.23.05.2013","Gandulan"
"33","Jawa Tengah","33.23","Kabupaten Temanggung","33.23.05","Kaloran","33.23.05.2014","Kwarakan"
"33","Jawa Tengah","33.23","Kabupaten Temanggung","33.23.06","Kandangan","33.23.06.2001","Kandangan"
"33","Jawa Tengah","33.23","Kabupaten Temanggung","33.23.06","Kandangan","33.23.06.2002","Baledu"
"33","Jawa Tengah","33.23","Kabupaten Temanggung","33.23.06","Kandangan","33.23.06.2003","Caruban"
"33","Jawa Tengah","33.23","Kabupaten Temanggung","33.23.06","Kandangan","33.23.06.2004","Wadas"
"33","Jawa Tengah","33.23","Kabupaten Temanggung","33.23.06","Kandangan","33.23.06.2005","Samiranan"
"33","Jawa Tengah","33.23","Kabupaten Temanggung","33.23.06","Kandangan","33.23.06.2006","Ngemplak"
"33","Jawa Tengah","33.23","Kabupaten Temanggung","33.23.06","Kandangan","33.23.06.2007","Kembangsari"
"33","Jawa Tengah","33.23","Kabupaten Temanggung","33.23.06","Kandangan","33.23.06.2008","Gesing"
"33","Jawa Tengah","33.23","Kabupaten Temanggung","33.23.06","Kandangan","33.23.06.2009","Margolelo"
"33","Jawa Tengah","33.23","Kabupaten Temanggung","33.23.06","Kandangan","33.23.06.2010","Blimbing"
"33","Jawa Tengah","33.23","Kabupaten Temanggung","33.23.06","Kandangan","33.23.06.2011","Kedungumpul"
"33","Jawa Tengah","33.23","Kabupaten Temanggung","33.23.06","Kandangan","33.23.06.2012","Rowo"
"33","Jawa Tengah","33.23","Kabupaten Temanggung","33.23.06","Kandangan","33.23.06.2013","Malebo"
"33","Jawa Tengah","33.23","Kabupaten Temanggung","33.23.06","Kandangan","33.23.06.2014","Tlogopucang"
"33","Jawa Tengah","33.23","Kabupaten Temanggung","33.23.06","Kandangan","33.23.06.2015","Kedawung"
"33","Jawa Tengah","33.23","Kabupaten Temanggung","33.23.06","Kandangan","33.23.06.2016","Banjarsari"
"33","Jawa Tengah","33.23","Kabupaten Temanggung","33.23.07","Kedu","33.23.07.2001","Kedu"
"33","Jawa Tengah","33.23","Kabupaten Temanggung","33.23.07","Kedu","33.23.07.2002","Candimulyo"
"33","Jawa Tengah","33.23","Kabupaten Temanggung","33.23.07","Kedu","33.23.07.2003","Salamsari"
"33","Jawa Tengah","33.23","Kabupaten Temanggung","33.23.07","Kedu","33.23.07.2004","Danurejo"
"33","Jawa Tengah","33.23","Kabupaten Temanggung","33.23.07","Kedu","33.23.07.2005","Mojotengah"
"33","Jawa Tengah","33.23","Kabupaten Temanggung","33.23.07","Kedu","33.23.07.2006","Karangtejo"
"33","Jawa Tengah","33.23","Kabupaten Temanggung","33.23.07","Kedu","33.23.07.2007","Mergowati"
"33","Jawa Tengah","33.23","Kabupaten Temanggung","33.23.07","Kedu","33.23.07.2008","Kutoanyar"
"33","Jawa Tengah","33.23","Kabupaten Temanggung","33.23.07","Kedu","33.23.07.2009","Kundisari"
"33","Jawa Tengah","33.23","Kabupaten Temanggung","33.23.07","Kedu","33.23.07.2010","Ngadimulyo"
"33","Jawa Tengah","33.23","Kabupaten Temanggung","33.23.07","Kedu","33.23.07.2011","Gondangwayang"
"33","Jawa Tengah","33.23","Kabupaten Temanggung","33.23.07","Kedu","33.23.07.2012","Bojonegoro"
"33","Jawa Tengah","33.23","Kabupaten Temanggung","33.23.07","Kedu","33.23.07.2013","Bandunggede"
"33","Jawa Tengah","33.23","Kabupaten Temanggung","33.23.07","Kedu","33.23.07.2014","Tegalsari"
"33","Jawa Tengah","33.23","Kabupaten Temanggung","33.23.08","Parakan","33.23.08.1001","Parakan Wetan"
"33","Jawa Tengah","33.23","Kabupaten Temanggung","33.23.08","Parakan","33.23.08.1006","Parakan Kauman"
"33","Jawa Tengah","33.23","Kabupaten Temanggung","33.23.08","Parakan","33.23.08.2002","Campursalam"
"33","Jawa Tengah","33.23","Kabupaten Temanggung","33.23.08","Parakan","33.23.08.2003","Wanutengah"
"33","Jawa Tengah","33.23","Kabupaten Temanggung","33.23.08","Parakan","33.23.08.2004","Nglondong"
"33","Jawa Tengah","33.23","Kabupaten Temanggung","33.23.08","Parakan","33.23.08.2005","Bagusan"
"33","Jawa Tengah","33.23","Kabupaten Temanggung","33.23.08","Parakan","33.23.08.2007","Dangkel"
"33","Jawa Tengah","33.23","Kabupaten Temanggung","33.23.08","Parakan","33.23.08.2008","Mandisari"
"33","Jawa Tengah","33.23","Kabupaten Temanggung","33.23.08","Parakan","33.23.08.2009","Tegalroso"
"33","Jawa Tengah","33.23","Kabupaten Temanggung","33.23.08","Parakan","33.23.08.2010","Traji"
"33","Jawa Tengah","33.23","Kabupaten Temanggung","33.23.08","Parakan","33.23.08.2011","Watukumpul"
"33","Jawa Tengah","33.23","Kabupaten Temanggung","33.23.08","Parakan","33.23.08.2012","Ringinanom"
"33","Jawa Tengah","33.23","Kabupaten Temanggung","33.23.08","Parakan","33.23.08.2013","Depokharjo"
"33","Jawa Tengah","33.23","Kabupaten Temanggung","33.23.08","Parakan","33.23.08.2014","Caturanom"
"33","Jawa Tengah","33.23","Kabupaten Temanggung","33.23.08","Parakan","33.23.08.2015","Glapansari"
"33","Jawa Tengah","33.23","Kabupaten Temanggung","33.23.08","Parakan","33.23.08.2016","Sunggingsari"
"33","Jawa Tengah","33.23","Kabupaten Temanggung","33.23.09","Ngadirejo","33.23.09.1019","Manggong"
"33","Jawa Tengah","33.23","Kabupaten Temanggung","33.23.09","Ngadirejo","33.23.09.2001","Ngadirejo"
"33","Jawa Tengah","33.23","Kabupaten Temanggung","33.23.09","Ngadirejo","33.23.09.2002","Gondangwinangun"
"33","Jawa Tengah","33.23","Kabupaten Temanggung","33.23.09","Ngadirejo","33.23.09.2003","Gandu Wetan"
"33","Jawa Tengah","33.23","Kabupaten Temanggung","33.23.09","Ngadirejo","33.23.09.2004","Ngaren"
"33","Jawa Tengah","33.23","Kabupaten Temanggung","33.23.09","Ngadirejo","33.23.09.2005","Mangunsari"
"33","Jawa Tengah","33.23","Kabupaten Temanggung","33.23.09","Ngadirejo","33.23.09.2006","Dlimoyo"
"33","Jawa Tengah","33.23","Kabupaten Temanggung","33.23.09","Ngadirejo","33.23.09.2007","Purbosari"
"33","Jawa Tengah","33.23","Kabupaten Temanggung","33.23.09","Ngadirejo","33.23.09.2008","Campursari"
"33","Jawa Tengah","33.23","Kabupaten Temanggung","33.23.09","Ngadirejo","33.23.09.2009","Tegalrejo"
"33","Jawa Tengah","33.23","Kabupaten Temanggung","33.23.09","Ngadirejo","33.23.09.2010","Giripurno"
"33","Jawa Tengah","33.23","Kabupaten Temanggung","33.23.09","Ngadirejo","33.23.09.2011","Katekan"
"33","Jawa Tengah","33.23","Kabupaten Temanggung","33.23.09","Ngadirejo","33.23.09.2012","Banjarsari"
"33","Jawa Tengah","33.23","Kabupaten Temanggung","33.23.09","Ngadirejo","33.23.09.2013","Medari"
"33","Jawa Tengah","33.23","Kabupaten Temanggung","33.23.09","Ngadirejo","33.23.09.2014","Karanggedong"
"33","Jawa Tengah","33.23","Kabupaten Temanggung","33.23.09","Ngadirejo","33.23.09.2015","Munggangsari"
"33","Jawa Tengah","33.23","Kabupaten Temanggung","33.23.09","Ngadirejo","33.23.09.2016","Kataan"
"33","Jawa Tengah","33.23","Kabupaten Temanggung","33.23.09","Ngadirejo","33.23.09.2017","Petirejo"
"33","Jawa Tengah","33.23","Kabupaten Temanggung","33.23.09","Ngadirejo","33.23.09.2018","Pringapus"
"33","Jawa Tengah","33.23","Kabupaten Temanggung","33.23.09","Ngadirejo","33.23.09.2020","Gejagan"
"33","Jawa Tengah","33.23","Kabupaten Temanggung","33.23.10","Jumo","33.23.10.2001","Jumo"
"33","Jawa Tengah","33.23","Kabupaten Temanggung","33.23.10","Jumo","33.23.10.2002","Jamusan"
"33","Jawa Tengah","33.23","Kabupaten Temanggung","33.23.10","Jumo","33.23.10.2003","Kertosari"
"33","Jawa Tengah","33.23","Kabupaten Temanggung","33.23.10","Jumo","33.23.10.2004","Giyono"
"33","Jawa Tengah","33.23","Kabupaten Temanggung","33.23.10","Jumo","33.23.10.2005","Gununggempol"
"33","Jawa Tengah","33.23","Kabupaten Temanggung","33.23.10","Jumo","33.23.10.2006","Padureso"
"33","Jawa Tengah","33.23","Kabupaten Temanggung","33.23.10","Jumo","33.23.10.2007","Barang"
"33","Jawa Tengah","33.23","Kabupaten Temanggung","33.23.10","Jumo","33.23.10.2008","Jombor"
"33","Jawa Tengah","33.23","Kabupaten Temanggung","33.23.10","Jumo","33.23.10.2009","Ketitang"
"33","Jawa Tengah","33.23","Kabupaten Temanggung","33.23.10","Jumo","33.23.10.2010","Morobongo"
"33","Jawa Tengah","33.23","Kabupaten Temanggung","33.23.10","Jumo","33.23.10.2011","Karangtejo"
"33","Jawa Tengah","33.23","Kabupaten Temanggung","33.23.10","Jumo","33.23.10.2012","Sukomarto"
"33","Jawa Tengah","33.23","Kabupaten Temanggung","33.23.10","Jumo","33.23.10.2013","Gedongsari"
"33","Jawa Tengah","33.23","Kabupaten Temanggung","33.23.11","Tretep","33.23.11.2001","Tretep"
"33","Jawa Tengah","33.23","Kabupaten Temanggung","33.23.11","Tretep","33.23.11.2002","Donorojo"
"33","Jawa Tengah","33.23","Kabupaten Temanggung","33.23.11","Tretep","33.23.11.2003","Nglarangan"
"33","Jawa Tengah","33.23","Kabupaten Temanggung","33.23.11","Tretep","33.23.11.2004","Sigedong"
"33","Jawa Tengah","33.23","Kabupaten Temanggung","33.23.11","Tretep","33.23.11.2005","Bonjor"
"33","Jawa Tengah","33.23","Kabupaten Temanggung","33.23.11","Tretep","33.23.11.2006","Tempelsari"
"33","Jawa Tengah","33.23","Kabupaten Temanggung","33.23.11","Tretep","33.23.11.2007","Campurejo"
"33","Jawa Tengah","33.23","Kabupaten Temanggung","33.23.11","Tretep","33.23.11.2008","Bojong"
"33","Jawa Tengah","33.23","Kabupaten Temanggung","33.23.11","Tretep","33.23.11.2009","Bendungan"
"33","Jawa Tengah","33.23","Kabupaten Temanggung","33.23.11","Tretep","33.23.11.2010","Simpar"
"33","Jawa Tengah","33.23","Kabupaten Temanggung","33.23.11","Tretep","33.23.11.2011","Tlogo"
"33","Jawa Tengah","33.23","Kabupaten Temanggung","33.23.12","Candiroto","33.23.12.2001","Candiroto"
"33","Jawa Tengah","33.23","Kabupaten Temanggung","33.23.12","Candiroto","33.23.12.2002","Lempuyang"
"33","Jawa Tengah","33.23","Kabupaten Temanggung","33.23.12","Candiroto","33.23.12.2003","Canggal"
"33","Jawa Tengah","33.23","Kabupaten Temanggung","33.23.12","Candiroto","33.23.12.2004","Kentengsari"
"33","Jawa Tengah","33.23","Kabupaten Temanggung","33.23.12","Candiroto","33.23.12.2005","Ngabeyan"
"33","Jawa Tengah","33.23","Kabupaten Temanggung","33.23.12","Candiroto","33.23.12.2006","Bantir"
"33","Jawa Tengah","33.23","Kabupaten Temanggung","33.23.12","Candiroto","33.23.12.2007","Krawitan"
"33","Jawa Tengah","33.23","Kabupaten Temanggung","33.23.12","Candiroto","33.23.12.2008","Muntung"
"33","Jawa Tengah","33.23","Kabupaten Temanggung","33.23.12","Candiroto","33.23.12.2009","Batursari"
"33","Jawa Tengah","33.23","Kabupaten Temanggung","33.23.12","Candiroto","33.23.12.2010","Mento"
"33","Jawa Tengah","33.23","Kabupaten Temanggung","33.23.12","Candiroto","33.23.12.2011","Muneng"
"33","Jawa Tengah","33.23","Kabupaten Temanggung","33.23.12","Candiroto","33.23.12.2012","Plosogaden"
"33","Jawa Tengah","33.23","Kabupaten Temanggung","33.23.12","Candiroto","33.23.12.2013","Sidoharjo"
"33","Jawa Tengah","33.23","Kabupaten Temanggung","33.23.12","Candiroto","33.23.12.2014","Gunungpayung"
"33","Jawa Tengah","33.23","Kabupaten Temanggung","33.23.13","Kranggan","33.23.13.1001","Kranggan"
"33","Jawa Tengah","33.23","Kabupaten Temanggung","33.23.13","Kranggan","33.23.13.2002","Badran"
"33","Jawa Tengah","33.23","Kabupaten Temanggung","33.23.13","Kranggan","33.23.13.2003","Bengkal"
"33","Jawa Tengah","33.23","Kabupaten Temanggung","33.23.13","Kranggan","33.23.13.2004","Pare"
"33","Jawa Tengah","33.23","Kabupaten Temanggung","33.23.13","Kranggan","33.23.13.2005","Nguwet"
"33","Jawa Tengah","33.23","Kabupaten Temanggung","33.23.13","Kranggan","33.23.13.2006","Ngropoh"
"33","Jawa Tengah","33.23","Kabupaten Temanggung","33.23.13","Kranggan","33.23.13.2007","Pendowo"
"33","Jawa Tengah","33.23","Kabupaten Temanggung","33.23.13","Kranggan","33.23.13.2008","Sanggrahan"
"33","Jawa Tengah","33.23","Kabupaten Temanggung","33.23.13","Kranggan","33.23.13.2009","Klepu"
"33","Jawa Tengah","33.23","Kabupaten Temanggung","33.23.13","Kranggan","33.23.13.2010","Kemloko"
"33","Jawa Tengah","33.23","Kabupaten Temanggung","33.23.13","Kranggan","33.23.13.2011","Gentan"
"33","Jawa Tengah","33.23","Kabupaten Temanggung","33.23.13","Kranggan","33.23.13.2012","Kramat"
"33","Jawa Tengah","33.23","Kabupaten Temanggung","33.23.13","Kranggan","33.23.13.2013","Purwosari"
"33","Jawa Tengah","33.23","Kabupaten Temanggung","33.23.14","Tlogomulyo","33.23.14.2001","Tlogomulyo"
"33","Jawa Tengah","33.23","Kabupaten Temanggung","33.23.14","Tlogomulyo","33.23.14.2002","Candisari"
"33","Jawa Tengah","33.23","Kabupaten Temanggung","33.23.14","Tlogomulyo","33.23.14.2003","Sriwungu"
"33","Jawa Tengah","33.23","Kabupaten Temanggung","33.23.14","Tlogomulyo","33.23.14.2004","Langgeng"
"33","Jawa Tengah","33.23","Kabupaten Temanggung","33.23.14","Tlogomulyo","33.23.14.2005","Tanjungsari"
"33","Jawa Tengah","33.23","Kabupaten Temanggung","33.23.14","Tlogomulyo","33.23.14.2006","Losari"
"33","Jawa Tengah","33.23","Kabupaten Temanggung","33.23.14","Tlogomulyo","33.23.14.2007","Balerejo"
"33","Jawa Tengah","33.23","Kabupaten Temanggung","33.23.14","Tlogomulyo","33.23.14.2008","Kerokan"
"33","Jawa Tengah","33.23","Kabupaten Temanggung","33.23.14","Tlogomulyo","33.23.14.2009","Legoksari"
"33","Jawa Tengah","33.23","Kabupaten Temanggung","33.23.14","Tlogomulyo","33.23.14.2010","Tlilir"
"33","Jawa Tengah","33.23","Kabupaten Temanggung","33.23.14","Tlogomulyo","33.23.14.2011","Gedegan"
"33","Jawa Tengah","33.23","Kabupaten Temanggung","33.23.14","Tlogomulyo","33.23.14.2012","Pagersari"
"33","Jawa Tengah","33.23","Kabupaten Temanggung","33.23.15","Selopampang","33.23.15.2001","Selopampang"
"33","Jawa Tengah","33.23","Kabupaten Temanggung","33.23.15","Selopampang","33.23.15.2002","Tanggulanom"
"33","Jawa Tengah","33.23","Kabupaten Temanggung","33.23.15","Selopampang","33.23.15.2003","Jetis"
"33","Jawa Tengah","33.23","Kabupaten Temanggung","33.23.15","Selopampang","33.23.15.2004","Salamrejo"
"33","Jawa Tengah","33.23","Kabupaten Temanggung","33.23.15","Selopampang","33.23.15.2005","Ngaditirto"
"33","Jawa Tengah","33.23","Kabupaten Temanggung","33.23.15","Selopampang","33.23.15.2006","Bulan"
"33","Jawa Tengah","33.23","Kabupaten Temanggung","33.23.15","Selopampang","33.23.15.2007","Kacepit"
"33","Jawa Tengah","33.23","Kabupaten Temanggung","33.23.15","Selopampang","33.23.15.2008","Gambasan"
"33","Jawa Tengah","33.23","Kabupaten Temanggung","33.23.15","Selopampang","33.23.15.2009","Bumiayu"
"33","Jawa Tengah","33.23","Kabupaten Temanggung","33.23.15","Selopampang","33.23.15.2010","Kebonagung"
"33","Jawa Tengah","33.23","Kabupaten Temanggung","33.23.15","Selopampang","33.23.15.2011","Bagusan"
"33","Jawa Tengah","33.23","Kabupaten Temanggung","33.23.15","Selopampang","33.23.15.2012","Plumbon"
"33","Jawa Tengah","33.23","Kabupaten Temanggung","33.23.16","Bansari","33.23.16.2001","Bansari"
"33","Jawa Tengah","33.23","Kabupaten Temanggung","33.23.16","Bansari","33.23.16.2002","Mojosari"
"33","Jawa Tengah","33.23","Kabupaten Temanggung","33.23.16","Bansari","33.23.16.2003","Rejosari"
"33","Jawa Tengah","33.23","Kabupaten Temanggung","33.23.16","Bansari","33.23.16.2004","Gunungsari"
"33","Jawa Tengah","33.23","Kabupaten Temanggung","33.23.16","Bansari","33.23.16.2005","Balesari"
"33","Jawa Tengah","33.23","Kabupaten Temanggung","33.23.16","Bansari","33.23.16.2006","Purborejo"
"33","Jawa Tengah","33.23","Kabupaten Temanggung","33.23.16","Bansari","33.23.16.2007","Tlogowero"
"33","Jawa Tengah","33.23","Kabupaten Temanggung","33.23.16","Bansari","33.23.16.2008","Mranggen Kidul"
"33","Jawa Tengah","33.23","Kabupaten Temanggung","33.23.16","Bansari","33.23.16.2009","Mranggen Tengah"
"33","Jawa Tengah","33.23","Kabupaten Temanggung","33.23.16","Bansari","33.23.16.2010","Candisari"
"33","Jawa Tengah","33.23","Kabupaten Temanggung","33.23.16","Bansari","33.23.16.2011","Campuranom"
"33","Jawa Tengah","33.23","Kabupaten Temanggung","33.23.16","Bansari","33.23.16.2012","Gentingsari"
"33","Jawa Tengah","33.23","Kabupaten Temanggung","33.23.16","Bansari","33.23.16.2013","Tanurejo"
"33","Jawa Tengah","33.23","Kabupaten Temanggung","33.23.17","Kledung","33.23.17.2001","Kledung"
"33","Jawa Tengah","33.23","Kabupaten Temanggung","33.23.17","Kledung","33.23.17.2002","Kalirejo"
"33","Jawa Tengah","33.23","Kabupaten Temanggung","33.23.17","Kledung","33.23.17.2003","Paponan"
"33","Jawa Tengah","33.23","Kabupaten Temanggung","33.23.17","Kledung","33.23.17.2004","Jeketro"
"33","Jawa Tengah","33.23","Kabupaten Temanggung","33.23.17","Kledung","33.23.17.2005","Kwadungan Gunung"
"33","Jawa Tengah","33.23","Kabupaten Temanggung","33.23.17","Kledung","33.23.17.2006","Kwadungan Jurang"
"33","Jawa Tengah","33.23","Kabupaten Temanggung","33.23.17","Kledung","33.23.17.2007","Tlahab"
"33","Jawa Tengah","33.23","Kabupaten Temanggung","33.23.17","Kledung","33.23.17.2008","Petarangan"
"33","Jawa Tengah","33.23","Kabupaten Temanggung","33.23.17","Kledung","33.23.17.2009","Canggal"
"33","Jawa Tengah","33.23","Kabupaten Temanggung","33.23.17","Kledung","33.23.17.2010","Jambu"
"33","Jawa Tengah","33.23","Kabupaten Temanggung","33.23.17","Kledung","33.23.17.2011","Kruwisan"
"33","Jawa Tengah","33.23","Kabupaten Temanggung","33.23.17","Kledung","33.23.17.2012","Batursari"
"33","Jawa Tengah","33.23","Kabupaten Temanggung","33.23.17","Kledung","33.23.17.2013","Tuksari"
"33","Jawa Tengah","33.23","Kabupaten Temanggung","33.23.18","Bejen","33.23.18.2001","Bejen"
"33","Jawa Tengah","33.23","Kabupaten Temanggung","33.23.18","Bejen","33.23.18.2002","Banjarsari"
"33","Jawa Tengah","33.23","Kabupaten Temanggung","33.23.18","Bejen","33.23.18.2003","Jlegong"
"33","Jawa Tengah","33.23","Kabupaten Temanggung","33.23.18","Bejen","33.23.18.2004","Prangkokan"
"33","Jawa Tengah","33.23","Kabupaten Temanggung","33.23.18","Bejen","33.23.18.2005","Lowungu"
"33","Jawa Tengah","33.23","Kabupaten Temanggung","33.23.18","Bejen","33.23.18.2006","Larangan Luwok"
"33","Jawa Tengah","33.23","Kabupaten Temanggung","33.23.18","Bejen","33.23.18.2007","Congkrang"
"33","Jawa Tengah","33.23","Kabupaten Temanggung","33.23.18","Bejen","33.23.18.2008","Kebondalem"
"33","Jawa Tengah","33.23","Kabupaten Temanggung","33.23.18","Bejen","33.23.18.2009","Kemuning"
"33","Jawa Tengah","33.23","Kabupaten Temanggung","33.23.18","Bejen","33.23.18.2010","Selosabrang"
"33","Jawa Tengah","33.23","Kabupaten Temanggung","33.23.18","Bejen","33.23.18.2011","Tanjungsari"
"33","Jawa Tengah","33.23","Kabupaten Temanggung","33.23.18","Bejen","33.23.18.2012","Petung"
"33","Jawa Tengah","33.23","Kabupaten Temanggung","33.23.18","Bejen","33.23.18.2013","Duren"
"33","Jawa Tengah","33.23","Kabupaten Temanggung","33.23.18","Bejen","33.23.18.2014","Ngaliyan"
"33","Jawa Tengah","33.23","Kabupaten Temanggung","33.23.19","Wonoboyo","33.23.19.2001","Wonoboyo"
"33","Jawa Tengah","33.23","Kabupaten Temanggung","33.23.19","Wonoboyo","33.23.19.2002","Pateken"
"33","Jawa Tengah","33.23","Kabupaten Temanggung","33.23.19","Wonoboyo","33.23.19.2003","Pitrosari"
"33","Jawa Tengah","33.23","Kabupaten Temanggung","33.23.19","Wonoboyo","33.23.19.2004","Purwosari"
"33","Jawa Tengah","33.23","Kabupaten Temanggung","33.23.19","Wonoboyo","33.23.19.2005","Kebonsari"
"33","Jawa Tengah","33.23","Kabupaten Temanggung","33.23.19","Wonoboyo","33.23.19.2006","Semen"
"33","Jawa Tengah","33.23","Kabupaten Temanggung","33.23.19","Wonoboyo","33.23.19.2007","Tening"
"33","Jawa Tengah","33.23","Kabupaten Temanggung","33.23.19","Wonoboyo","33.23.19.2008","Wonocoyo"
"33","Jawa Tengah","33.23","Kabupaten Temanggung","33.23.19","Wonoboyo","33.23.19.2009","Pesantren"
"33","Jawa Tengah","33.23","Kabupaten Temanggung","33.23.19","Wonoboyo","33.23.19.2010","Rejosari"
"33","Jawa Tengah","33.23","Kabupaten Temanggung","33.23.19","Wonoboyo","33.23.19.2011","Tawangsari"
"33","Jawa Tengah","33.23","Kabupaten Temanggung","33.23.19","Wonoboyo","33.23.19.2012","Cemoro"
"33","Jawa Tengah","33.23","Kabupaten Temanggung","33.23.19","Wonoboyo","33.23.19.2013","Wates"
"33","Jawa Tengah","33.23","Kabupaten Temanggung","33.23.20","Gemawang","33.23.20.2001","Gemawang"
"33","Jawa Tengah","33.23","Kabupaten Temanggung","33.23.20","Gemawang","33.23.20.2002","Muncar"
"33","Jawa Tengah","33.23","Kabupaten Temanggung","33.23.20","Gemawang","33.23.20.2003","Kemiriombo"
"33","Jawa Tengah","33.23","Kabupaten Temanggung","33.23.20","Gemawang","33.23.20.2004","Ngadisepi"
"33","Jawa Tengah","33.23","Kabupaten Temanggung","33.23.20","Gemawang","33.23.20.2005","Krempong"
"33","Jawa Tengah","33.23","Kabupaten Temanggung","33.23.20","Gemawang","33.23.20.2006","Sucen"
"33","Jawa Tengah","33.23","Kabupaten Temanggung","33.23.20","Gemawang","33.23.20.2007","Karangseneng"
"33","Jawa Tengah","33.23","Kabupaten Temanggung","33.23.20","Gemawang","33.23.20.2008","Banaran"
"33","Jawa Tengah","33.23","Kabupaten Temanggung","33.23.20","Gemawang","33.23.20.2009","Kalibanger"
"33","Jawa Tengah","33.23","Kabupaten Temanggung","33.23.20","Gemawang","33.23.20.2010","Jambon"
"33","Jawa Tengah","33.24","Kabupaten Kendal","33.24.01","Plantungan","33.24.01.2001","Blumah"
"33","Jawa Tengah","33.24","Kabupaten Kendal","33.24.01","Plantungan","33.24.01.2002","Kediten"
"33","Jawa Tengah","33.24","Kabupaten Kendal","33.24.01","Plantungan","33.24.01.2003","Tlogopayung"
"33","Jawa Tengah","33.24","Kabupaten Kendal","33.24.01","Plantungan","33.24.01.2004","Wonodadi"
"33","Jawa Tengah","33.24","Kabupaten Kendal","33.24.01","Plantungan","33.24.01.2005","Manggungmangu"
"33","Jawa Tengah","33.24","Kabupaten Kendal","33.24.01","Plantungan","33.24.01.2006","Tirtomulyo"
"33","Jawa Tengah","33.24","Kabupaten Kendal","33.24.01","Plantungan","33.24.01.2007","Karanganyar"
"33","Jawa Tengah","33.24","Kabupaten Kendal","33.24.01","Plantungan","33.24.01.2008","Jurangagung"
"33","Jawa Tengah","33.24","Kabupaten Kendal","33.24.01","Plantungan","33.24.01.2009","Jati"
"33","Jawa Tengah","33.24","Kabupaten Kendal","33.24.01","Plantungan","33.24.01.2010","Wadas"
"33","Jawa Tengah","33.24","Kabupaten Kendal","33.24.01","Plantungan","33.24.01.2011","Bendosari"
"33","Jawa Tengah","33.24","Kabupaten Kendal","33.24.01","Plantungan","33.24.01.2012","Mojoagung"
"33","Jawa Tengah","33.24","Kabupaten Kendal","33.24.02","Pageruyung","33.24.02.2002","Getasblawong"
"33","Jawa Tengah","33.24","Kabupaten Kendal","33.24.02","Pageruyung","33.24.02.2003","Parakansebaran"
"33","Jawa Tengah","33.24","Kabupaten Kendal","33.24.02","Pageruyung","33.24.02.2004","Petung"
"33","Jawa Tengah","33.24","Kabupaten Kendal","33.24.02","Pageruyung","33.24.02.2005","Krikil"
"33","Jawa Tengah","33.24","Kabupaten Kendal","33.24.02","Pageruyung","33.24.02.2006","Pucakwangi"
"33","Jawa Tengah","33.24","Kabupaten Kendal","33.24.02","Pageruyung","33.24.02.2007","Pageruyung"
"33","Jawa Tengah","33.24","Kabupaten Kendal","33.24.02","Pageruyung","33.24.02.2008","Tambahrejo"
"33","Jawa Tengah","33.24","Kabupaten Kendal","33.24.02","Pageruyung","33.24.02.2009","Gebangan"
"33","Jawa Tengah","33.24","Kabupaten Kendal","33.24.02","Pageruyung","33.24.02.2010","Surokonto Wetan"
"33","Jawa Tengah","33.24","Kabupaten Kendal","33.24.02","Pageruyung","33.24.02.2011","Bangunsari"
"33","Jawa Tengah","33.24","Kabupaten Kendal","33.24.02","Pageruyung","33.24.02.2012","Kebongembong"
"33","Jawa Tengah","33.24","Kabupaten Kendal","33.24.02","Pageruyung","33.24.02.2013","Surokonto Kulon"
"33","Jawa Tengah","33.24","Kabupaten Kendal","33.24.02","Pageruyung","33.24.02.2014","Pagergunung"
"33","Jawa Tengah","33.24","Kabupaten Kendal","33.24.02","Pageruyung","33.24.02.2015","Gondoharum"
"33","Jawa Tengah","33.24","Kabupaten Kendal","33.24.03","Sukorejo","33.24.03.2001","Gentinggunung"
"33","Jawa Tengah","33.24","Kabupaten Kendal","33.24.03","Sukorejo","33.24.03.2002","Bringinsari"
"33","Jawa Tengah","33.24","Kabupaten Kendal","33.24.03","Sukorejo","33.24.03.2003","Purwosari"
"33","Jawa Tengah","33.24","Kabupaten Kendal","33.24.03","Sukorejo","33.24.03.2004","Ngargosari"
"33","Jawa Tengah","33.24","Kabupaten Kendal","33.24.03","Sukorejo","33.24.03.2005","Pesaren"
"33","Jawa Tengah","33.24","Kabupaten Kendal","33.24.03","Sukorejo","33.24.03.2006","Tamanrejo"
"33","Jawa Tengah","33.24","Kabupaten Kendal","33.24.03","Sukorejo","33.24.03.2007","Harjodowo"
"33","Jawa Tengah","33.24","Kabupaten Kendal","33.24.03","Sukorejo","33.24.03.2008","Peron"
"33","Jawa Tengah","33.24","Kabupaten Kendal","33.24.03","Sukorejo","33.24.03.2009","Damarjati"
"33","Jawa Tengah","33.24","Kabupaten Kendal","33.24.03","Sukorejo","33.24.03.2010","Mulyosari"
"33","Jawa Tengah","33.24","Kabupaten Kendal","33.24.03","Sukorejo","33.24.03.2011","Kalipakis"
"33","Jawa Tengah","33.24","Kabupaten Kendal","33.24.03","Sukorejo","33.24.03.2012","Trimulyo"
"33","Jawa Tengah","33.24","Kabupaten Kendal","33.24.03","Sukorejo","33.24.03.2013","Selokaton"
"33","Jawa Tengah","33.24","Kabupaten Kendal","33.24.03","Sukorejo","33.24.03.2014","Ngadiwarno"
"33","Jawa Tengah","33.24","Kabupaten Kendal","33.24.03","Sukorejo","33.24.03.2015","Tampingwinarno"
"33","Jawa Tengah","33.24","Kabupaten Kendal","33.24.03","Sukorejo","33.24.03.2016","Kebumen"
"33","Jawa Tengah","33.24","Kabupaten Kendal","33.24.03","Sukorejo","33.24.03.2017","Sukorejo"
"33","Jawa Tengah","33.24","Kabupaten Kendal","33.24.03","Sukorejo","33.24.03.2018","Kalibogor"
"33","Jawa Tengah","33.24","Kabupaten Kendal","33.24.04","Patean","33.24.04.2001","Pakisan"
"33","Jawa Tengah","33.24","Kabupaten Kendal","33.24.04","Patean","33.24.04.2002","Plososari"
"33","Jawa Tengah","33.24","Kabupaten Kendal","33.24.04","Patean","33.24.04.2003","Mlatiharjo"
"33","Jawa Tengah","33.24","Kabupaten Kendal","33.24.04","Patean","33.24.04.2004","Wirosari"
"33","Jawa Tengah","33.24","Kabupaten Kendal","33.24.04","Patean","33.24.04.2005","Pagersari"
"33","Jawa Tengah","33.24","Kabupaten Kendal","33.24.04","Patean","33.24.04.2006","Selo"
"33","Jawa Tengah","33.24","Kabupaten Kendal","33.24.04","Patean","33.24.04.2007","Curugsewu"
"33","Jawa Tengah","33.24","Kabupaten Kendal","33.24.04","Patean","33.24.04.2008","Gedong"
"33","Jawa Tengah","33.24","Kabupaten Kendal","33.24.04","Patean","33.24.04.2009","Sukomangli"
"33","Jawa Tengah","33.24","Kabupaten Kendal","33.24.04","Patean","33.24.04.2010","Kalibareng"
"33","Jawa Tengah","33.24","Kabupaten Kendal","33.24.04","Patean","33.24.04.2011","Kalilumpang"
"33","Jawa Tengah","33.24","Kabupaten Kendal","33.24.04","Patean","33.24.04.2012","Kalices"
"33","Jawa Tengah","33.24","Kabupaten Kendal","33.24.04","Patean","33.24.04.2013","Sidokumpul"
"33","Jawa Tengah","33.24","Kabupaten Kendal","33.24.04","Patean","33.24.04.2014","Sidodadi"
"33","Jawa Tengah","33.24","Kabupaten Kendal","33.24.05","Singorojo","33.24.05.2001","Cening"
"33","Jawa Tengah","33.24","Kabupaten Kendal","33.24.05","Singorojo","33.24.05.2002","Sukodadi"
"33","Jawa Tengah","33.24","Kabupaten Kendal","33.24.05","Singorojo","33.24.05.2003","Kaliputih"
"33","Jawa Tengah","33.24","Kabupaten Kendal","33.24.05","Singorojo","33.24.05.2004","Getas"
"33","Jawa Tengah","33.24","Kabupaten Kendal","33.24.05","Singorojo","33.24.05.2005","Banyuringin"
"33","Jawa Tengah","33.24","Kabupaten Kendal","33.24.05","Singorojo","33.24.05.2006","Kedungsari"
"33","Jawa Tengah","33.24","Kabupaten Kendal","33.24.05","Singorojo","33.24.05.2007","Ngareanak"
"33","Jawa Tengah","33.24","Kabupaten Kendal","33.24.05","Singorojo","33.24.05.2008","Singorojo"
"33","Jawa Tengah","33.24","Kabupaten Kendal","33.24.05","Singorojo","33.24.05.2009","Cacaban"
"33","Jawa Tengah","33.24","Kabupaten Kendal","33.24.05","Singorojo","33.24.05.2010","Kalirejo"
"33","Jawa Tengah","33.24","Kabupaten Kendal","33.24.05","Singorojo","33.24.05.2011","Merbuh"
"33","Jawa Tengah","33.24","Kabupaten Kendal","33.24.05","Singorojo","33.24.05.2012","Trayu"
"33","Jawa Tengah","33.24","Kabupaten Kendal","33.24.05","Singorojo","33.24.05.2013","Kertosari"
"33","Jawa Tengah","33.24","Kabupaten Kendal","33.24.06","Limbangan","33.24.06.2001","Kedungboto"
"33","Jawa Tengah","33.24","Kabupaten Kendal","33.24.06","Limbangan","33.24.06.2002","Peron"
"33","Jawa Tengah","33.24","Kabupaten Kendal","33.24.06","Limbangan","33.24.06.2003","Gondang"
"33","Jawa Tengah","33.24","Kabupaten Kendal","33.24.06","Limbangan","33.24.06.2004","Pakis"
"33","Jawa Tengah","33.24","Kabupaten Kendal","33.24.06","Limbangan","33.24.06.2005","Sumberahayu"
"33","Jawa Tengah","33.24","Kabupaten Kendal","33.24.06","Limbangan","33.24.06.2006","Tambahsari"
"33","Jawa Tengah","33.24","Kabupaten Kendal","33.24.06","Limbangan","33.24.06.2007","Limbangan"
"33","Jawa Tengah","33.24","Kabupaten Kendal","33.24.06","Limbangan","33.24.06.2008","Pagertoyo"
"33","Jawa Tengah","33.24","Kabupaten Kendal","33.24.06","Limbangan","33.24.06.2009","Sriwulan"
"33","Jawa Tengah","33.24","Kabupaten Kendal","33.24.06","Limbangan","33.24.06.2010","Tabet"
"33","Jawa Tengah","33.24","Kabupaten Kendal","33.24.06","Limbangan","33.24.06.2011","Ngesrepbalong"
"33","Jawa Tengah","33.24","Kabupaten Kendal","33.24.06","Limbangan","33.24.06.2012","Gonoharjo"
"33","Jawa Tengah","33.24","Kabupaten Kendal","33.24.06","Limbangan","33.24.06.2013","Jawisari"
"33","Jawa Tengah","33.24","Kabupaten Kendal","33.24.06","Limbangan","33.24.06.2014","Margosari"
"33","Jawa Tengah","33.24","Kabupaten Kendal","33.24.06","Limbangan","33.24.06.2015","Tamanrejo"
"33","Jawa Tengah","33.24","Kabupaten Kendal","33.24.06","Limbangan","33.24.06.2016","Pagerwojo"
"33","Jawa Tengah","33.24","Kabupaten Kendal","33.24.07","Boja","33.24.07.2001","Medono"
"33","Jawa Tengah","33.24","Kabupaten Kendal","33.24.07","Boja","33.24.07.2002","Pasigitan"
"33","Jawa Tengah","33.24","Kabupaten Kendal","33.24.07","Boja","33.24.07.2003","Banjarejo"
"33","Jawa Tengah","33.24","Kabupaten Kendal","33.24.07","Boja","33.24.07.2004","Leban"
"33","Jawa Tengah","33.24","Kabupaten Kendal","33.24.07","Boja","33.24.07.2005","Kliris"
"33","Jawa Tengah","33.24","Kabupaten Kendal","33.24.07","Boja","33.24.07.2006","Puguh"
"33","Jawa Tengah","33.24","Kabupaten Kendal","33.24.07","Boja","33.24.07.2007","Ngabean"
"33","Jawa Tengah","33.24","Kabupaten Kendal","33.24.07","Boja","33.24.07.2008","Karangmanggis"
"33","Jawa Tengah","33.24","Kabupaten Kendal","33.24.07","Boja","33.24.07.2009","Kaligading"
"33","Jawa Tengah","33.24","Kabupaten Kendal","33.24.07","Boja","33.24.07.2010","Purwogondo"
"33","Jawa Tengah","33.24","Kabupaten Kendal","33.24.07","Boja","33.24.07.2011","Blimbing"
"33","Jawa Tengah","33.24","Kabupaten Kendal","33.24.07","Boja","33.24.07.2012","Salamsari"
"33","Jawa Tengah","33.24","Kabupaten Kendal","33.24.07","Boja","33.24.07.2013","Tampingan"
"33","Jawa Tengah","33.24","Kabupaten Kendal","33.24.07","Boja","33.24.07.2014","Campurejo"
"33","Jawa Tengah","33.24","Kabupaten Kendal","33.24.07","Boja","33.24.07.2015","Boja"
"33","Jawa Tengah","33.24","Kabupaten Kendal","33.24.07","Boja","33.24.07.2016","Bebengan"
"33","Jawa Tengah","33.24","Kabupaten Kendal","33.24.07","Boja","33.24.07.2017","Meteseh"
"33","Jawa Tengah","33.24","Kabupaten Kendal","33.24.07","Boja","33.24.07.2018","Trisobo"
"33","Jawa Tengah","33.24","Kabupaten Kendal","33.24.08","Kaliwungu","33.24.08.2003","Sumberejo"
"33","Jawa Tengah","33.24","Kabupaten Kendal","33.24.08","Kaliwungu","33.24.08.2004","Nolokerto"
"33","Jawa Tengah","33.24","Kabupaten Kendal","33.24.08","Kaliwungu","33.24.08.2009","Kumpulrejo"
"33","Jawa Tengah","33.24","Kabupaten Kendal","33.24.08","Kaliwungu","33.24.08.2010","Karangtengah"
"33","Jawa Tengah","33.24","Kabupaten Kendal","33.24.08","Kaliwungu","33.24.08.2011","Sarirejo"
"33","Jawa Tengah","33.24","Kabupaten Kendal","33.24.08","Kaliwungu","33.24.08.2012","Krajankulon"
"33","Jawa Tengah","33.24","Kabupaten Kendal","33.24.08","Kaliwungu","33.24.08.2013","Kutoharjo"
"33","Jawa Tengah","33.24","Kabupaten Kendal","33.24.08","Kaliwungu","33.24.08.2014","Wonorejo"
"33","Jawa Tengah","33.24","Kabupaten Kendal","33.24.08","Kaliwungu","33.24.08.2015","Mororejo"
"33","Jawa Tengah","33.24","Kabupaten Kendal","33.24.09","Brangsong","33.24.09.2001","Tunggulsari"
"33","Jawa Tengah","33.24","Kabupaten Kendal","33.24.09","Brangsong","33.24.09.2002","Sumur"
"33","Jawa Tengah","33.24","Kabupaten Kendal","33.24.09","Brangsong","33.24.09.2003","Blorok"
"33","Jawa Tengah","33.24","Kabupaten Kendal","33.24.09","Brangsong","33.24.09.2004","Penjalin"
"33","Jawa Tengah","33.24","Kabupaten Kendal","33.24.09","Brangsong","33.24.09.2005","Kertomulyo"
"33","Jawa Tengah","33.24","Kabupaten Kendal","33.24.09","Brangsong","33.24.09.2006","Sidorejo"
"33","Jawa Tengah","33.24","Kabupaten Kendal","33.24.09","Brangsong","33.24.09.2007","Tosari"
"33","Jawa Tengah","33.24","Kabupaten Kendal","33.24.09","Brangsong","33.24.09.2008","Rejosari"
"33","Jawa Tengah","33.24","Kabupaten Kendal","33.24.09","Brangsong","33.24.09.2009","Turunrejo"
"33","Jawa Tengah","33.24","Kabupaten Kendal","33.24.09","Brangsong","33.24.09.2010","Purwokerto"
"33","Jawa Tengah","33.24","Kabupaten Kendal","33.24.09","Brangsong","33.24.09.2011","Brangsong"
"33","Jawa Tengah","33.24","Kabupaten Kendal","33.24.09","Brangsong","33.24.09.2012","Kebonadem"
"33","Jawa Tengah","33.24","Kabupaten Kendal","33.24.10","Pegandon","33.24.10.2001","Margomulyo"
"33","Jawa Tengah","33.24","Kabupaten Kendal","33.24.10","Pegandon","33.24.10.2002","Tegorejo"
"33","Jawa Tengah","33.24","Kabupaten Kendal","33.24.10","Pegandon","33.24.10.2003","Pesawahan"
"33","Jawa Tengah","33.24","Kabupaten Kendal","33.24.10","Pegandon","33.24.10.2004","Pekuncen"
"33","Jawa Tengah","33.24","Kabupaten Kendal","33.24.10","Pegandon","33.24.10.2005","Puguh"
"33","Jawa Tengah","33.24","Kabupaten Kendal","33.24.10","Pegandon","33.24.10.2006","Dawungsari"
"33","Jawa Tengah","33.24","Kabupaten Kendal","33.24.10","Pegandon","33.24.10.2007","Pucangrejo"
"33","Jawa Tengah","33.24","Kabupaten Kendal","33.24.10","Pegandon","33.24.10.2008","Gubugsari"
"33","Jawa Tengah","33.24","Kabupaten Kendal","33.24.10","Pegandon","33.24.10.2009","Pegandon"
"33","Jawa Tengah","33.24","Kabupaten Kendal","33.24.10","Pegandon","33.24.10.2010","Penanggulan"
"33","Jawa Tengah","33.24","Kabupaten Kendal","33.24.10","Pegandon","33.24.10.2011","Wonosari"
"33","Jawa Tengah","33.24","Kabupaten Kendal","33.24.10","Pegandon","33.24.10.2012","Karangmulyo"
"33","Jawa Tengah","33.24","Kabupaten Kendal","33.24.11","Gemuh","33.24.11.2001","Sedayu"
"33","Jawa Tengah","33.24","Kabupaten Kendal","33.24.11","Gemuh","33.24.11.2002","Pamriyan"
"33","Jawa Tengah","33.24","Kabupaten Kendal","33.24.11","Gemuh","33.24.11.2003","Jenarsari"
"33","Jawa Tengah","33.24","Kabupaten Kendal","33.24.11","Gemuh","33.24.11.2004","Poncorejo"
"33","Jawa Tengah","33.24","Kabupaten Kendal","33.24.11","Gemuh","33.24.11.2005","Gebang"
"33","Jawa Tengah","33.24","Kabupaten Kendal","33.24.11","Gemuh","33.24.11.2006","Krompaan"
"33","Jawa Tengah","33.24","Kabupaten Kendal","33.24.11","Gemuh","33.24.11.2007","Gemuhblanten"
"33","Jawa Tengah","33.24","Kabupaten Kendal","33.24.11","Gemuh","33.24.11.2008","Tamangede"
"33","Jawa Tengah","33.24","Kabupaten Kendal","33.24.11","Gemuh","33.24.11.2009","Lumansari"
"33","Jawa Tengah","33.24","Kabupaten Kendal","33.24.11","Gemuh","33.24.11.2010","Johorejo"
"33","Jawa Tengah","33.24","Kabupaten Kendal","33.24.11","Gemuh","33.24.11.2011","Tlahab"
"33","Jawa Tengah","33.24","Kabupaten Kendal","33.24.11","Gemuh","33.24.11.2012","Pucangrejo"
"33","Jawa Tengah","33.24","Kabupaten Kendal","33.24.11","Gemuh","33.24.11.2013","Sojomerto"
"33","Jawa Tengah","33.24","Kabupaten Kendal","33.24.11","Gemuh","33.24.11.2014","Triharjo"
"33","Jawa Tengah","33.24","Kabupaten Kendal","33.24.11","Gemuh","33.24.11.2015","Cepokomulyo"
"33","Jawa Tengah","33.24","Kabupaten Kendal","33.24.11","Gemuh","33.24.11.2016","Galih"
"33","Jawa Tengah","33.24","Kabupaten Kendal","33.24.12","Weleri","33.24.12.2001","Sidomukti"
"33","Jawa Tengah","33.24","Kabupaten Kendal","33.24.12","Weleri","33.24.12.2002","Penyangkringan"
"33","Jawa Tengah","33.24","Kabupaten Kendal","33.24.12","Weleri","33.24.12.2003","Bumiayu"
"33","Jawa Tengah","33.24","Kabupaten Kendal","33.24.12","Weleri","33.24.12.2004","Manggungsari"
"33","Jawa Tengah","33.24","Kabupaten Kendal","33.24.12","Weleri","33.24.12.2005","Sumberagung"
"33","Jawa Tengah","33.24","Kabupaten Kendal","33.24.12","Weleri","33.24.12.2006","Ngasinan"
"33","Jawa Tengah","33.24","Kabupaten Kendal","33.24.12","Weleri","33.24.12.2007","Weleri"
"33","Jawa Tengah","33.24","Kabupaten Kendal","33.24.12","Weleri","33.24.12.2008","Nawangsari"
"33","Jawa Tengah","33.24","Kabupaten Kendal","33.24.12","Weleri","33.24.12.2009","Karangdowo"
"33","Jawa Tengah","33.24","Kabupaten Kendal","33.24.12","Weleri","33.24.12.2010","Penaruban"
"33","Jawa Tengah","33.24","Kabupaten Kendal","33.24.12","Weleri","33.24.12.2011","Sambongsari"
"33","Jawa Tengah","33.24","Kabupaten Kendal","33.24.12","Weleri","33.24.12.2012","Karanganom"
"33","Jawa Tengah","33.24","Kabupaten Kendal","33.24.12","Weleri","33.24.12.2013","Payung"
"33","Jawa Tengah","33.24","Kabupaten Kendal","33.24.12","Weleri","33.24.12.2014","Pucuksari"
"33","Jawa Tengah","33.24","Kabupaten Kendal","33.24.12","Weleri","33.24.12.2015","Tratemulyo"
"33","Jawa Tengah","33.24","Kabupaten Kendal","33.24.12","Weleri","33.24.12.2016","Montongsari"
"33","Jawa Tengah","33.24","Kabupaten Kendal","33.24.13","Cepiring","33.24.13.2001","Pandes"
"33","Jawa Tengah","33.24","Kabupaten Kendal","33.24.13","Cepiring","33.24.13.2002","Podosari"
"33","Jawa Tengah","33.24","Kabupaten Kendal","33.24.13","Cepiring","33.24.13.2003","Botomulyo"
"33","Jawa Tengah","33.24","Kabupaten Kendal","33.24.13","Cepiring","33.24.13.2004","Cepiring"
"33","Jawa Tengah","33.24","Kabupaten Kendal","33.24.13","Cepiring","33.24.13.2005","Damarsari"
"33","Jawa Tengah","33.24","Kabupaten Kendal","33.24.13","Cepiring","33.24.13.2006","Karangayu"
"33","Jawa Tengah","33.24","Kabupaten Kendal","33.24.13","Cepiring","33.24.13.2007","Karangsuno"
"33","Jawa Tengah","33.24","Kabupaten Kendal","33.24.13","Cepiring","33.24.13.2008","Gondang"
"33","Jawa Tengah","33.24","Kabupaten Kendal","33.24.13","Cepiring","33.24.13.2009","Sidomulyo"
"33","Jawa Tengah","33.24","Kabupaten Kendal","33.24.13","Cepiring","33.24.13.2010","Juwiring"
"33","Jawa Tengah","33.24","Kabupaten Kendal","33.24.13","Cepiring","33.24.13.2011","Kaliayu"
"33","Jawa Tengah","33.24","Kabupaten Kendal","33.24.13","Cepiring","33.24.13.2012","Kalirandugede"
"33","Jawa Tengah","33.24","Kabupaten Kendal","33.24.13","Cepiring","33.24.13.2013","Korowelangkulon"
"33","Jawa Tengah","33.24","Kabupaten Kendal","33.24.13","Cepiring","33.24.13.2014","Korowelanganyar"
"33","Jawa Tengah","33.24","Kabupaten Kendal","33.24.13","Cepiring","33.24.13.2015","Margorejo"
"33","Jawa Tengah","33.24","Kabupaten Kendal","33.24.14","Patebon","33.24.14.2001","Bulugede"
"33","Jawa Tengah","33.24","Kabupaten Kendal","33.24.14","Patebon","33.24.14.2002","Margosari"
"33","Jawa Tengah","33.24","Kabupaten Kendal","33.24.14","Patebon","33.24.14.2003","Donosari"
"33","Jawa Tengah","33.24","Kabupaten Kendal","33.24.14","Patebon","33.24.14.2004","Lanji"
"33","Jawa Tengah","33.24","Kabupaten Kendal","33.24.14","Patebon","33.24.14.2005","Tambakrejo"
"33","Jawa Tengah","33.24","Kabupaten Kendal","33.24.14","Patebon","33.24.14.2006","Kebonharjo"
"33","Jawa Tengah","33.24","Kabupaten Kendal","33.24.14","Patebon","33.24.14.2007","Purwokerto"
"33","Jawa Tengah","33.24","Kabupaten Kendal","33.24.14","Patebon","33.24.14.2008","Jambearum"
"33","Jawa Tengah","33.24","Kabupaten Kendal","33.24.14","Patebon","33.24.14.2009","Purwosari"
"33","Jawa Tengah","33.24","Kabupaten Kendal","33.24.14","Patebon","33.24.14.2010","Sukolilan"
"33","Jawa Tengah","33.24","Kabupaten Kendal","33.24.14","Patebon","33.24.14.2011","Bangunrejo"
"33","Jawa Tengah","33.24","Kabupaten Kendal","33.24.14","Patebon","33.24.14.2012","Kumpulrejo"
"33","Jawa Tengah","33.24","Kabupaten Kendal","33.24.14","Patebon","33.24.14.2013","Magersari"
"33","Jawa Tengah","33.24","Kabupaten Kendal","33.24.14","Patebon","33.24.14.2014","Wonosari"
"33","Jawa Tengah","33.24","Kabupaten Kendal","33.24.14","Patebon","33.24.14.2015","Pidodo Wetan"
"33","Jawa Tengah","33.24","Kabupaten Kendal","33.24.14","Patebon","33.24.14.2016","Pidodo Kulon"
"33","Jawa Tengah","33.24","Kabupaten Kendal","33.24.14","Patebon","33.24.14.2017","Bangunsari"
"33","Jawa Tengah","33.24","Kabupaten Kendal","33.24.14","Patebon","33.24.14.2018","Kartika Jaya"
"33","Jawa Tengah","33.24","Kabupaten Kendal","33.24.15","Kendal","33.24.15.1001","Candiroto"
"33","Jawa Tengah","33.24","Kabupaten Kendal","33.24.15","Kendal","33.24.15.1002","Sukodono"
"33","Jawa Tengah","33.24","Kabupaten Kendal","33.24.15","Kendal","33.24.15.1003","Jotang"
"33","Jawa Tengah","33.24","Kabupaten Kendal","33.24.15","Kendal","33.24.15.1004","Trompo"
"33","Jawa Tengah","33.24","Kabupaten Kendal","33.24.15","Kendal","33.24.15.1005","Ketapang"
"33","Jawa Tengah","33.24","Kabupaten Kendal","33.24.15","Kendal","33.24.15.1006","Kebondalem"
"33","Jawa Tengah","33.24","Kabupaten Kendal","33.24.15","Kendal","33.24.15.1007","Kalibuntu Wetan"
"33","Jawa Tengah","33.24","Kabupaten Kendal","33.24.15","Kendal","33.24.15.1008","Sijeruk"
"33","Jawa Tengah","33.24","Kabupaten Kendal","33.24.15","Kendal","33.24.15.1009","Tunggulrejo"
"33","Jawa Tengah","33.24","Kabupaten Kendal","33.24.15","Kendal","33.24.15.1010","Jetis"
"33","Jawa Tengah","33.24","Kabupaten Kendal","33.24.15","Kendal","33.24.15.1011","Bugangin"
"33","Jawa Tengah","33.24","Kabupaten Kendal","33.24.15","Kendal","33.24.15.1012","Langenharjo"
"33","Jawa Tengah","33.24","Kabupaten Kendal","33.24.15","Kendal","33.24.15.1013","Pekauman"
"33","Jawa Tengah","33.24","Kabupaten Kendal","33.24.15","Kendal","33.24.15.1014","Patukangan"
"33","Jawa Tengah","33.24","Kabupaten Kendal","33.24.15","Kendal","33.24.15.1015","Pegulon"
"33","Jawa Tengah","33.24","Kabupaten Kendal","33.24.15","Kendal","33.24.15.1016","Banyutowo"
"33","Jawa Tengah","33.24","Kabupaten Kendal","33.24.15","Kendal","33.24.15.1017","Karangsari"
"33","Jawa Tengah","33.24","Kabupaten Kendal","33.24.15","Kendal","33.24.15.1018","Ngilir"
"33","Jawa Tengah","33.24","Kabupaten Kendal","33.24.15","Kendal","33.24.15.1019","Bandengan"
"33","Jawa Tengah","33.24","Kabupaten Kendal","33.24.15","Kendal","33.24.15.1020","Balok"
"33","Jawa Tengah","33.24","Kabupaten Kendal","33.24.16","Rowosari","33.24.16.2001","Wonotenggang"
"33","Jawa Tengah","33.24","Kabupaten Kendal","33.24.16","Rowosari","33.24.16.2002","Pojoksari"
"33","Jawa Tengah","33.24","Kabupaten Kendal","33.24.16","Rowosari","33.24.16.2003","Randusari"
"33","Jawa Tengah","33.24","Kabupaten Kendal","33.24.16","Rowosari","33.24.16.2004","Karangsari"
"33","Jawa Tengah","33.24","Kabupaten Kendal","33.24.16","Rowosari","33.24.16.2005","Parakan"
"33","Jawa Tengah","33.24","Kabupaten Kendal","33.24.16","Rowosari","33.24.16.2006","Tambaksari"
"33","Jawa Tengah","33.24","Kabupaten Kendal","33.24.16","Rowosari","33.24.16.2007","Jatipurwo"
"33","Jawa Tengah","33.24","Kabupaten Kendal","33.24.16","Rowosari","33.24.16.2008","Rowosari"
"33","Jawa Tengah","33.24","Kabupaten Kendal","33.24.16","Rowosari","33.24.16.2009","Tanjungsari"
"33","Jawa Tengah","33.24","Kabupaten Kendal","33.24.16","Rowosari","33.24.16.2010","Tanjunganom"
"33","Jawa Tengah","33.24","Kabupaten Kendal","33.24.16","Rowosari","33.24.16.2011","Sendangdawuhan"
"33","Jawa Tengah","33.24","Kabupaten Kendal","33.24.16","Rowosari","33.24.16.2012","Kebonsari"
"33","Jawa Tengah","33.24","Kabupaten Kendal","33.24.16","Rowosari","33.24.16.2013","Bulak"
"33","Jawa Tengah","33.24","Kabupaten Kendal","33.24.16","Rowosari","33.24.16.2014","Gebanganom"
"33","Jawa Tengah","33.24","Kabupaten Kendal","33.24.16","Rowosari","33.24.16.2015","Gempolsewu"
"33","Jawa Tengah","33.24","Kabupaten Kendal","33.24.16","Rowosari","33.24.16.2016","Sendangsikucing"
"33","Jawa Tengah","33.24","Kabupaten Kendal","33.24.17","Kangkung","33.24.17.2001","Truko"
"33","Jawa Tengah","33.24","Kabupaten Kendal","33.24.17","Kangkung","33.24.17.2002","Lebosari"
"33","Jawa Tengah","33.24","Kabupaten Kendal","33.24.17","Kangkung","33.24.17.2003","Kadilangu"
"33","Jawa Tengah","33.24","Kabupaten Kendal","33.24.17","Kangkung","33.24.17.2004","Gebanganomwetan"
"33","Jawa Tengah","33.24","Kabupaten Kendal","33.24.17","Kangkung","33.24.17.2005","Kaliyoso"
"33","Jawa Tengah","33.24","Kabupaten Kendal","33.24.17","Kangkung","33.24.17.2006","Sukodadi"
"33","Jawa Tengah","33.24","Kabupaten Kendal","33.24.17","Kangkung","33.24.17.2007","Sendang Kulon"
"33","Jawa Tengah","33.24","Kabupaten Kendal","33.24.17","Kangkung","33.24.17.2008","Sendang Dawung"
"33","Jawa Tengah","33.24","Kabupaten Kendal","33.24.17","Kangkung","33.24.17.2009","Laban"
"33","Jawa Tengah","33.24","Kabupaten Kendal","33.24.17","Kangkung","33.24.17.2010","Karangmalang Wetan"
"33","Jawa Tengah","33.24","Kabupaten Kendal","33.24.17","Kangkung","33.24.17.2011","Jungsemi"
"33","Jawa Tengah","33.24","Kabupaten Kendal","33.24.17","Kangkung","33.24.17.2012","Kangkung"
"33","Jawa Tengah","33.24","Kabupaten Kendal","33.24.17","Kangkung","33.24.17.2013","Tanjungmojo"
"33","Jawa Tengah","33.24","Kabupaten Kendal","33.24.17","Kangkung","33.24.17.2014","Rejosari"
"33","Jawa Tengah","33.24","Kabupaten Kendal","33.24.17","Kangkung","33.24.17.2015","Kalirejo"
"33","Jawa Tengah","33.24","Kabupaten Kendal","33.24.18","Ringinarum","33.24.18.2001","Ngerjo"
"33","Jawa Tengah","33.24","Kabupaten Kendal","33.24.18","Ringinarum","33.24.18.2002","Kedungasri"
"33","Jawa Tengah","33.24","Kabupaten Kendal","33.24.18","Ringinarum","33.24.18.2003","Kedunggading"
"33","Jawa Tengah","33.24","Kabupaten Kendal","33.24.18","Ringinarum","33.24.18.2004","Ringinarum"
"33","Jawa Tengah","33.24","Kabupaten Kendal","33.24.18","Ringinarum","33.24.18.2005","Ngawensari"
"33","Jawa Tengah","33.24","Kabupaten Kendal","33.24.18","Ringinarum","33.24.18.2006","Tejorejo"
"33","Jawa Tengah","33.24","Kabupaten Kendal","33.24.18","Ringinarum","33.24.18.2007","Wungurejo"
"33","Jawa Tengah","33.24","Kabupaten Kendal","33.24.18","Ringinarum","33.24.18.2008","Rowobranten"
"33","Jawa Tengah","33.24","Kabupaten Kendal","33.24.18","Ringinarum","33.24.18.2009","Caruban"
"33","Jawa Tengah","33.24","Kabupaten Kendal","33.24.18","Ringinarum","33.24.18.2010","Mojo"
"33","Jawa Tengah","33.24","Kabupaten Kendal","33.24.18","Ringinarum","33.24.18.2011","Purworejo"
"33","Jawa Tengah","33.24","Kabupaten Kendal","33.24.18","Ringinarum","33.24.18.2012","Pagerdawung"
"33","Jawa Tengah","33.24","Kabupaten Kendal","33.24.19","Ngampel","33.24.19.2001","Dempelrejo"
"33","Jawa Tengah","33.24","Kabupaten Kendal","33.24.19","Ngampel","33.24.19.2002","Putatgede"
"33","Jawa Tengah","33.24","Kabupaten Kendal","33.24.19","Ngampel","33.24.19.2003","Jatirejo"
"33","Jawa Tengah","33.24","Kabupaten Kendal","33.24.19","Ngampel","33.24.19.2004","Winong"
"33","Jawa Tengah","33.24","Kabupaten Kendal","33.24.19","Ngampel","33.24.19.2005","Rejosari"
"33","Jawa Tengah","33.24","Kabupaten Kendal","33.24.19","Ngampel","33.24.19.2006","Sumbersari"
"33","Jawa Tengah","33.24","Kabupaten Kendal","33.24.19","Ngampel","33.24.19.2007","Bojong Gede"
"33","Jawa Tengah","33.24","Kabupaten Kendal","33.24.19","Ngampel","33.24.19.2008","Kebonagung"
"33","Jawa Tengah","33.24","Kabupaten Kendal","33.24.19","Ngampel","33.24.19.2009","Ngampel Kulon"
"33","Jawa Tengah","33.24","Kabupaten Kendal","33.24.19","Ngampel","33.24.19.2010","Ngampel Wetan"
"33","Jawa Tengah","33.24","Kabupaten Kendal","33.24.19","Ngampel","33.24.19.2011","Sudipayung"
"33","Jawa Tengah","33.24","Kabupaten Kendal","33.24.19","Ngampel","33.24.19.2012","Banyuurip"
"33","Jawa Tengah","33.24","Kabupaten Kendal","33.24.20","Kaliwungu Selatan","33.24.20.2001","Jeruk Giling"
"33","Jawa Tengah","33.24","Kabupaten Kendal","33.24.20","Kaliwungu Selatan","33.24.20.2002","Kedungsuren"
"33","Jawa Tengah","33.24","Kabupaten Kendal","33.24.20","Kaliwungu Selatan","33.24.20.2003","Darupono"
"33","Jawa Tengah","33.24","Kabupaten Kendal","33.24.20","Kaliwungu Selatan","33.24.20.2004","Protomulyo"
"33","Jawa Tengah","33.24","Kabupaten Kendal","33.24.20","Kaliwungu Selatan","33.24.20.2005","Magelung"
"33","Jawa Tengah","33.24","Kabupaten Kendal","33.24.20","Kaliwungu Selatan","33.24.20.2006","Plantaran"
"33","Jawa Tengah","33.24","Kabupaten Kendal","33.24.20","Kaliwungu Selatan","33.24.20.2007","Sukomulyo"
"33","Jawa Tengah","33.24","Kabupaten Kendal","33.24.20","Kaliwungu Selatan","33.24.20.2008","Sidomakmur"
"33","Jawa Tengah","33.25","Kabupaten Batang","33.25.01","Wonotunggal","33.25.01.2001","Silurah"
"33","Jawa Tengah","33.25","Kabupaten Batang","33.25.01","Wonotunggal","33.25.01.2002","Sodong"
"33","Jawa Tengah","33.25","Kabupaten Batang","33.25.01","Wonotunggal","33.25.01.2003","Gringgingsari"
"33","Jawa Tengah","33.25","Kabupaten Batang","33.25.01","Wonotunggal","33.25.01.2004","Kedungmalang"
"33","Jawa Tengah","33.25","Kabupaten Batang","33.25.01","Wonotunggal","33.25.01.2005","Sendang"
"33","Jawa Tengah","33.25","Kabupaten Batang","33.25.01","Wonotunggal","33.25.01.2006","Wonotunggal"
"33","Jawa Tengah","33.25","Kabupaten Batang","33.25.01","Wonotunggal","33.25.01.2007","Brokoh"
"33","Jawa Tengah","33.25","Kabupaten Batang","33.25.01","Wonotunggal","33.25.01.2008","Wates"
"33","Jawa Tengah","33.25","Kabupaten Batang","33.25.01","Wonotunggal","33.25.01.2009","Brayo"
"33","Jawa Tengah","33.25","Kabupaten Batang","33.25.01","Wonotunggal","33.25.01.2010","Kemligi"
"33","Jawa Tengah","33.25","Kabupaten Batang","33.25.01","Wonotunggal","33.25.01.2011","Sigayam"
"33","Jawa Tengah","33.25","Kabupaten Batang","33.25.01","Wonotunggal","33.25.01.2012","Kreyo"
"33","Jawa Tengah","33.25","Kabupaten Batang","33.25.01","Wonotunggal","33.25.01.2013","Siwatu"
"33","Jawa Tengah","33.25","Kabupaten Batang","33.25.01","Wonotunggal","33.25.01.2014","Dringo"
"33","Jawa Tengah","33.25","Kabupaten Batang","33.25.01","Wonotunggal","33.25.01.2015","Penangkan"
"33","Jawa Tengah","33.25","Kabupaten Batang","33.25.02","Bandar","33.25.02.2001","Tombo"
"33","Jawa Tengah","33.25","Kabupaten Batang","33.25.02","Bandar","33.25.02.2002","Wonomerto"
"33","Jawa Tengah","33.25","Kabupaten Batang","33.25.02","Bandar","33.25.02.2003","Wonodadi"
"33","Jawa Tengah","33.25","Kabupaten Batang","33.25.02","Bandar","33.25.02.2004","Pesalakan"
"33","Jawa Tengah","33.25","Kabupaten Batang","33.25.02","Bandar","33.25.02.2005","Binangun"
"33","Jawa Tengah","33.25","Kabupaten Batang","33.25.02","Bandar","33.25.02.2006","Sidayu"
"33","Jawa Tengah","33.25","Kabupaten Batang","33.25.02","Bandar","33.25.02.2007","Toso"
"33","Jawa Tengah","33.25","Kabupaten Batang","33.25.02","Bandar","33.25.02.2010","Kluwih"
"33","Jawa Tengah","33.25","Kabupaten Batang","33.25.02","Bandar","33.25.02.2011","Wonokerto"
"33","Jawa Tengah","33.25","Kabupaten Batang","33.25.02","Bandar","33.25.02.2012","Bandar"
"33","Jawa Tengah","33.25","Kabupaten Batang","33.25.02","Bandar","33.25.02.2013","Tumbrep"
"33","Jawa Tengah","33.25","Kabupaten Batang","33.25.02","Bandar","33.25.02.2014","Tambahrejo"
"33","Jawa Tengah","33.25","Kabupaten Batang","33.25.02","Bandar","33.25.02.2015","Puncanggading"
"33","Jawa Tengah","33.25","Kabupaten Batang","33.25.02","Bandar","33.25.02.2016","Candi"
"33","Jawa Tengah","33.25","Kabupaten Batang","33.25.02","Bandar","33.25.02.2018","Wonosegoro"
"33","Jawa Tengah","33.25","Kabupaten Batang","33.25.02","Bandar","33.25.02.2019","Simpar"
"33","Jawa Tengah","33.25","Kabupaten Batang","33.25.02","Bandar","33.25.02.2020","Batiombo"
"33","Jawa Tengah","33.25","Kabupaten Batang","33.25.03","Blado","33.25.03.2001","Gerlang"
"33","Jawa Tengah","33.25","Kabupaten Batang","33.25.03","Blado","33.25.03.2002","Kalitengah"
"33","Jawa Tengah","33.25","Kabupaten Batang","33.25.03","Blado","33.25.03.2003","Kembanglangit"
"33","Jawa Tengah","33.25","Kabupaten Batang","33.25.03","Blado","33.25.03.2004","Gondang"
"33","Jawa Tengah","33.25","Kabupaten Batang","33.25.03","Blado","33.25.03.2005","Bismo"
"33","Jawa Tengah","33.25","Kabupaten Batang","33.25.03","Blado","33.25.03.2006","Keteleng"
"33","Jawa Tengah","33.25","Kabupaten Batang","33.25.03","Blado","33.25.03.2007","Kalisari"
"33","Jawa Tengah","33.25","Kabupaten Batang","33.25.03","Blado","33.25.03.2009","Besani"
"33","Jawa Tengah","33.25","Kabupaten Batang","33.25.03","Blado","33.25.03.2010","Wonobodro"
"33","Jawa Tengah","33.25","Kabupaten Batang","33.25.03","Blado","33.25.03.2011","Bawang"
"33","Jawa Tengah","33.25","Kabupaten Batang","33.25.03","Blado","33.25.03.2012","Pesantren"
"33","Jawa Tengah","33.25","Kabupaten Batang","33.25.03","Blado","33.25.03.2013","Kambangan"
"33","Jawa Tengah","33.25","Kabupaten Batang","33.25.03","Blado","33.25.03.2014","Keputon"
"33","Jawa Tengah","33.25","Kabupaten Batang","33.25.03","Blado","33.25.03.2015","Blado"
"33","Jawa Tengah","33.25","Kabupaten Batang","33.25.03","Blado","33.25.03.2016","Cokro"
"33","Jawa Tengah","33.25","Kabupaten Batang","33.25.03","Blado","33.25.03.2017","Selopajang Barat"
"33","Jawa Tengah","33.25","Kabupaten Batang","33.25.03","Blado","33.25.03.2020","Kalipancur"
"33","Jawa Tengah","33.25","Kabupaten Batang","33.25.03","Blado","33.25.03.2021","Selopajang Timur"
"33","Jawa Tengah","33.25","Kabupaten Batang","33.25.04","Reban","33.25.04.2001","Pacet"
"33","Jawa Tengah","33.25","Kabupaten Batang","33.25.04","Reban","33.25.04.2002","Mojotengah"
"33","Jawa Tengah","33.25","Kabupaten Batang","33.25.04","Reban","33.25.04.2003","Cablikan"
"33","Jawa Tengah","33.25","Kabupaten Batang","33.25.04","Reban","33.25.04.2004","Ngroto"
"33","Jawa Tengah","33.25","Kabupaten Batang","33.25.04","Reban","33.25.04.2005","Ngadirejo"
"33","Jawa Tengah","33.25","Kabupaten Batang","33.25.04","Reban","33.25.04.2006","Reban"
"33","Jawa Tengah","33.25","Kabupaten Batang","33.25.04","Reban","33.25.04.2007","Tambakboyo"
"33","Jawa Tengah","33.25","Kabupaten Batang","33.25.04","Reban","33.25.04.2008","Adinuso"
"33","Jawa Tengah","33.25","Kabupaten Batang","33.25.04","Reban","33.25.04.2009","Kumesu"
"33","Jawa Tengah","33.25","Kabupaten Batang","33.25.04","Reban","33.25.04.2010","Kepundung"
"33","Jawa Tengah","33.25","Kabupaten Batang","33.25.04","Reban","33.25.04.2011","Padomasan"
"33","Jawa Tengah","33.25","Kabupaten Batang","33.25.04","Reban","33.25.04.2012","Semampir"
"33","Jawa Tengah","33.25","Kabupaten Batang","33.25.04","Reban","33.25.04.2013","Wonosobo"
"33","Jawa Tengah","33.25","Kabupaten Batang","33.25.04","Reban","33.25.04.2014","Sojomerto"
"33","Jawa Tengah","33.25","Kabupaten Batang","33.25.04","Reban","33.25.04.2015","Karanganyar"
"33","Jawa Tengah","33.25","Kabupaten Batang","33.25.04","Reban","33.25.04.2016","Polodoro"
"33","Jawa Tengah","33.25","Kabupaten Batang","33.25.04","Reban","33.25.04.2017","Kalisari"
"33","Jawa Tengah","33.25","Kabupaten Batang","33.25.04","Reban","33.25.04.2018","Sukomangli"
"33","Jawa Tengah","33.25","Kabupaten Batang","33.25.04","Reban","33.25.04.2019","Wonorojo"
"33","Jawa Tengah","33.25","Kabupaten Batang","33.25.05","Bawang","33.25.05.2001","Pranten"
"33","Jawa Tengah","33.25","Kabupaten Batang","33.25.05","Bawang","33.25.05.2002","Deles"
"33","Jawa Tengah","33.25","Kabupaten Batang","33.25.05","Bawang","33.25.05.2003","Gunungsari"
"33","Jawa Tengah","33.25","Kabupaten Batang","33.25.05","Bawang","33.25.05.2004","Jambangan"
"33","Jawa Tengah","33.25","Kabupaten Batang","33.25.05","Bawang","33.25.05.2005","Kebaturan"
"33","Jawa Tengah","33.25","Kabupaten Batang","33.25.05","Bawang","33.25.05.2006","Kalirejo"
"33","Jawa Tengah","33.25","Kabupaten Batang","33.25.05","Bawang","33.25.05.2007","Sangubanyu"
"33","Jawa Tengah","33.25","Kabupaten Batang","33.25.05","Bawang","33.25.05.2008","Wonosari"
"33","Jawa Tengah","33.25","Kabupaten Batang","33.25.05","Bawang","33.25.05.2009","Jlamprang"
"33","Jawa Tengah","33.25","Kabupaten Batang","33.25.05","Bawang","33.25.05.2010","Bawang"
"33","Jawa Tengah","33.25","Kabupaten Batang","33.25.05","Bawang","33.25.05.2011","Candigugur"
"33","Jawa Tengah","33.25","Kabupaten Batang","33.25.05","Bawang","33.25.05.2012","Pangempon"
"33","Jawa Tengah","33.25","Kabupaten Batang","33.25.05","Bawang","33.25.05.2013","Sidoharjo"
"33","Jawa Tengah","33.25","Kabupaten Batang","33.25.05","Bawang","33.25.05.2014","Surjo"
"33","Jawa Tengah","33.25","Kabupaten Batang","33.25.05","Bawang","33.25.05.2015","Soka"
"33","Jawa Tengah","33.25","Kabupaten Batang","33.25.05","Bawang","33.25.05.2016","Sibebek"
"33","Jawa Tengah","33.25","Kabupaten Batang","33.25.05","Bawang","33.25.05.2017","Getas"
"33","Jawa Tengah","33.25","Kabupaten Batang","33.25.05","Bawang","33.25.05.2018","Pasusukan"
"33","Jawa Tengah","33.25","Kabupaten Batang","33.25.05","Bawang","33.25.05.2019","Candirejo"
"33","Jawa Tengah","33.25","Kabupaten Batang","33.25.05","Bawang","33.25.05.2020","Purbo"
"33","Jawa Tengah","33.25","Kabupaten Batang","33.25.06","Tersono","33.25.06.2002","Sendang"
"33","Jawa Tengah","33.25","Kabupaten Batang","33.25.06","Tersono","33.25.06.2003","Banteng"
"33","Jawa Tengah","33.25","Kabupaten Batang","33.25.06","Tersono","33.25.06.2004","Sumurbanger"
"33","Jawa Tengah","33.25","Kabupaten Batang","33.25.06","Tersono","33.25.06.2005","Margosono"
"33","Jawa Tengah","33.25","Kabupaten Batang","33.25.06","Tersono","33.25.06.2006","Sidalang"
"33","Jawa Tengah","33.25","Kabupaten Batang","33.25.06","Tersono","33.25.06.2007","Plosowangi"
"33","Jawa Tengah","33.25","Kabupaten Batang","33.25.06","Tersono","33.25.06.2008","Wanar"
"33","Jawa Tengah","33.25","Kabupaten Batang","33.25.06","Tersono","33.25.06.2009","Gondo"
"33","Jawa Tengah","33.25","Kabupaten Batang","33.25.06","Tersono","33.25.06.2010","Rejosari Barat"
"33","Jawa Tengah","33.25","Kabupaten Batang","33.25.06","Tersono","33.25.06.2011","Boja"
"33","Jawa Tengah","33.25","Kabupaten Batang","33.25.06","Tersono","33.25.06.2012","Pujut"
"33","Jawa Tengah","33.25","Kabupaten Batang","33.25.06","Tersono","33.25.06.2013","Tersono"
"33","Jawa Tengah","33.25","Kabupaten Batang","33.25.06","Tersono","33.25.06.2014","Tanjungsari"
"33","Jawa Tengah","33.25","Kabupaten Batang","33.25.06","Tersono","33.25.06.2015","Kebumen"
"33","Jawa Tengah","33.25","Kabupaten Batang","33.25.06","Tersono","33.25.06.2016","Harjowinangun Barat"
"33","Jawa Tengah","33.25","Kabupaten Batang","33.25.06","Tersono","33.25.06.2017","Tegalombo"
"33","Jawa Tengah","33.25","Kabupaten Batang","33.25.06","Tersono","33.25.06.2020","Kranggan"
"33","Jawa Tengah","33.25","Kabupaten Batang","33.25.06","Tersono","33.25.06.2021","Satriyan"
"33","Jawa Tengah","33.25","Kabupaten Batang","33.25.06","Tersono","33.25.06.2022","Harjowinangun Timur"
"33","Jawa Tengah","33.25","Kabupaten Batang","33.25.06","Tersono","33.25.06.2023","Rejosari Timur"
"33","Jawa Tengah","33.25","Kabupaten Batang","33.25.07","Gringsing","33.25.07.2005","Surodadi"
"33","Jawa Tengah","33.25","Kabupaten Batang","33.25.07","Gringsing","33.25.07.2006","Sentul"
"33","Jawa Tengah","33.25","Kabupaten Batang","33.25.07","Gringsing","33.25.07.2007","Plelen"
"33","Jawa Tengah","33.25","Kabupaten Batang","33.25.07","Gringsing","33.25.07.2008","Kutosari"
"33","Jawa Tengah","33.25","Kabupaten Batang","33.25.07","Gringsing","33.25.07.2009","Mentosari"
"33","Jawa Tengah","33.25","Kabupaten Batang","33.25.07","Gringsing","33.25.07.2010","Gringsing"
"33","Jawa Tengah","33.25","Kabupaten Batang","33.25.07","Gringsing","33.25.07.2011","Yosorejo"
"33","Jawa Tengah","33.25","Kabupaten Batang","33.25.07","Gringsing","33.25.07.2012","Krengseng"
"33","Jawa Tengah","33.25","Kabupaten Batang","33.25.07","Gringsing","33.25.07.2013","Sawangan"
"33","Jawa Tengah","33.25","Kabupaten Batang","33.25.07","Gringsing","33.25.07.2014","Ketanggan"
"33","Jawa Tengah","33.25","Kabupaten Batang","33.25.07","Gringsing","33.25.07.2015","Lebo"
"33","Jawa Tengah","33.25","Kabupaten Batang","33.25.07","Gringsing","33.25.07.2016","Kebondalem"
"33","Jawa Tengah","33.25","Kabupaten Batang","33.25.07","Gringsing","33.25.07.2017","Sidorejo"
"33","Jawa Tengah","33.25","Kabupaten Batang","33.25.07","Gringsing","33.25.07.2018","Tedunan"
"33","Jawa Tengah","33.25","Kabupaten Batang","33.25.07","Gringsing","33.25.07.2019","Madugowongjati"
"33","Jawa Tengah","33.25","Kabupaten Batang","33.25.08","Limpung","33.25.08.2001","Ngaliyan"
"33","Jawa Tengah","33.25","Kabupaten Batang","33.25.08","Limpung","33.25.08.2002","Sukorejo"
"33","Jawa Tengah","33.25","Kabupaten Batang","33.25.08","Limpung","33.25.08.2003","Tembok"
"33","Jawa Tengah","33.25","Kabupaten Batang","33.25.08","Limpung","33.25.08.2004","Donorejo"
"33","Jawa Tengah","33.25","Kabupaten Batang","33.25.08","Limpung","33.25.08.2005","Sidomulyo"
"33","Jawa Tengah","33.25","Kabupaten Batang","33.25.08","Limpung","33.25.08.2006","Kalisalak"
"33","Jawa Tengah","33.25","Kabupaten Batang","33.25.08","Limpung","33.25.08.2007","Limpung"
"33","Jawa Tengah","33.25","Kabupaten Batang","33.25.08","Limpung","33.25.08.2008","Kepuh"
"33","Jawa Tengah","33.25","Kabupaten Batang","33.25.08","Limpung","33.25.08.2009","Sempu"
"33","Jawa Tengah","33.25","Kabupaten Batang","33.25.08","Limpung","33.25.08.2010","Babadan"
"33","Jawa Tengah","33.25","Kabupaten Batang","33.25.08","Limpung","33.25.08.2011","Plumbon"
"33","Jawa Tengah","33.25","Kabupaten Batang","33.25.08","Limpung","33.25.08.2012","Amongrogo"
"33","Jawa Tengah","33.25","Kabupaten Batang","33.25.08","Limpung","33.25.08.2013","Dlisen"
"33","Jawa Tengah","33.25","Kabupaten Batang","33.25.08","Limpung","33.25.08.2015","Rowosari"
"33","Jawa Tengah","33.25","Kabupaten Batang","33.25.08","Limpung","33.25.08.2016","Pungangan"
"33","Jawa Tengah","33.25","Kabupaten Batang","33.25.08","Limpung","33.25.08.2023","Lobang"
"33","Jawa Tengah","33.25","Kabupaten Batang","33.25.08","Limpung","33.25.08.2024","Wonokerso"
"33","Jawa Tengah","33.25","Kabupaten Batang","33.25.09","Subah","33.25.09.2004","Menjangan"
"33","Jawa Tengah","33.25","Kabupaten Batang","33.25.09","Subah","33.25.09.2005","Karangtengah"
"33","Jawa Tengah","33.25","Kabupaten Batang","33.25.09","Subah","33.25.09.2006","Mangunharjo"
"33","Jawa Tengah","33.25","Kabupaten Batang","33.25.09","Subah","33.25.09.2007","Tenggulangharjo"
"33","Jawa Tengah","33.25","Kabupaten Batang","33.25.09","Subah","33.25.09.2008","Kalimanggis"
"33","Jawa Tengah","33.25","Kabupaten Batang","33.25.09","Subah","33.25.09.2009","Keborangan"
"33","Jawa Tengah","33.25","Kabupaten Batang","33.25.09","Subah","33.25.09.2010","Jatisari"
"33","Jawa Tengah","33.25","Kabupaten Batang","33.25.09","Subah","33.25.09.2011","Subah"
"33","Jawa Tengah","33.25","Kabupaten Batang","33.25.09","Subah","33.25.09.2012","Kumejing"
"33","Jawa Tengah","33.25","Kabupaten Batang","33.25.09","Subah","33.25.09.2014","Durenombo"
"33","Jawa Tengah","33.25","Kabupaten Batang","33.25.09","Subah","33.25.09.2019","Clapar"
"33","Jawa Tengah","33.25","Kabupaten Batang","33.25.09","Subah","33.25.09.2020","Adinuso"
"33","Jawa Tengah","33.25","Kabupaten Batang","33.25.09","Subah","33.25.09.2021","Sengon"
"33","Jawa Tengah","33.25","Kabupaten Batang","33.25.09","Subah","33.25.09.2023","Gondang"
"33","Jawa Tengah","33.25","Kabupaten Batang","33.25.09","Subah","33.25.09.2024","Kuripan"
"33","Jawa Tengah","33.25","Kabupaten Batang","33.25.09","Subah","33.25.09.2025","Kemiri Barat"
"33","Jawa Tengah","33.25","Kabupaten Batang","33.25.09","Subah","33.25.09.2026","Kemiri Timur"
"33","Jawa Tengah","33.25","Kabupaten Batang","33.25.10","Tulis","33.25.10.2001","Wringingintung"
"33","Jawa Tengah","33.25","Kabupaten Batang","33.25.10","Tulis","33.25.10.2002","Sembojo"
"33","Jawa Tengah","33.25","Kabupaten Batang","33.25.10","Tulis","33.25.10.2003","Posong"
"33","Jawa Tengah","33.25","Kabupaten Batang","33.25.10","Tulis","33.25.10.2004","Kaliboyo"
"33","Jawa Tengah","33.25","Kabupaten Batang","33.25.10","Tulis","33.25.10.2005","Simbangdesa"
"33","Jawa Tengah","33.25","Kabupaten Batang","33.25.10","Tulis","33.25.10.2006","Beji"
"33","Jawa Tengah","33.25","Kabupaten Batang","33.25.10","Tulis","33.25.10.2007","Tulis"
"33","Jawa Tengah","33.25","Kabupaten Batang","33.25.10","Tulis","33.25.10.2017","Simbangjati"
"33","Jawa Tengah","33.25","Kabupaten Batang","33.25.10","Tulis","33.25.10.2018","Kedungsegog"
"33","Jawa Tengah","33.25","Kabupaten Batang","33.25.10","Tulis","33.25.10.2019","Kenconorejo"
"33","Jawa Tengah","33.25","Kabupaten Batang","33.25.10","Tulis","33.25.10.2020","Ponowareng"
"33","Jawa Tengah","33.25","Kabupaten Batang","33.25.10","Tulis","33.25.10.2024","Siberuk"
"33","Jawa Tengah","33.25","Kabupaten Batang","33.25.10","Tulis","33.25.10.2025","Kebumen"
"33","Jawa Tengah","33.25","Kabupaten Batang","33.25.10","Tulis","33.25.10.2026","Cluwuk"
"33","Jawa Tengah","33.25","Kabupaten Batang","33.25.10","Tulis","33.25.10.2027","Jrakahpayung"
"33","Jawa Tengah","33.25","Kabupaten Batang","33.25.10","Tulis","33.25.10.2028","Jolosekti"
"33","Jawa Tengah","33.25","Kabupaten Batang","33.25.10","Tulis","33.25.10.2029","Manggis"
"33","Jawa Tengah","33.25","Kabupaten Batang","33.25.11","Batang","33.25.11.1013","Watesalit"
"33","Jawa Tengah","33.25","Kabupaten Batang","33.25.11","Batang","33.25.11.1014","Proyonanggan Tengah"
"33","Jawa Tengah","33.25","Kabupaten Batang","33.25.11","Batang","33.25.11.1015","Kauman"
"33","Jawa Tengah","33.25","Kabupaten Batang","33.25.11","Batang","33.25.11.1016","Karangasem Utara"
"33","Jawa Tengah","33.25","Kabupaten Batang","33.25.11","Batang","33.25.11.1017","Kasepuhan"
"33","Jawa Tengah","33.25","Kabupaten Batang","33.25.11","Batang","33.25.11.1018","Sambong"
"33","Jawa Tengah","33.25","Kabupaten Batang","33.25.11","Batang","33.25.11.1019","Proyonanggan Utara"
"33","Jawa Tengah","33.25","Kabupaten Batang","33.25.11","Batang","33.25.11.1020","Proyonanggan Selatan"
"33","Jawa Tengah","33.25","Kabupaten Batang","33.25.11","Batang","33.25.11.1021","Karangasem Selatan"
"33","Jawa Tengah","33.25","Kabupaten Batang","33.25.11","Batang","33.25.11.2001","Rowobelang"
"33","Jawa Tengah","33.25","Kabupaten Batang","33.25.11","Batang","33.25.11.2002","Cepokokuning"
"33","Jawa Tengah","33.25","Kabupaten Batang","33.25.11","Batang","33.25.11.2003","Pasekaran"
"33","Jawa Tengah","33.25","Kabupaten Batang","33.25.11","Batang","33.25.11.2004","Kalisalak"
"33","Jawa Tengah","33.25","Kabupaten Batang","33.25.11","Batang","33.25.11.2005","Kecepak"
"33","Jawa Tengah","33.25","Kabupaten Batang","33.25.11","Batang","33.25.11.2006","Klidang Wetan"
"33","Jawa Tengah","33.25","Kabupaten Batang","33.25.11","Batang","33.25.11.2007","Klidang Lor"
"33","Jawa Tengah","33.25","Kabupaten Batang","33.25.11","Batang","33.25.11.2008","Kalipucang Wetan"
"33","Jawa Tengah","33.25","Kabupaten Batang","33.25.11","Batang","33.25.11.2009","Kalipucang Kulon"
"33","Jawa Tengah","33.25","Kabupaten Batang","33.25.11","Batang","33.25.11.2010","Karanganyar"
"33","Jawa Tengah","33.25","Kabupaten Batang","33.25.11","Batang","33.25.11.2011","Denasri Kulon"
"33","Jawa Tengah","33.25","Kabupaten Batang","33.25.11","Batang","33.25.11.2012","Denasri Wetan"
"33","Jawa Tengah","33.25","Kabupaten Batang","33.25.12","Warungasem","33.25.12.2001","Pandansari"
"33","Jawa Tengah","33.25","Kabupaten Batang","33.25.12","Warungasem","33.25.12.2002","Kaliwareng"
"33","Jawa Tengah","33.25","Kabupaten Batang","33.25.12","Warungasem","33.25.12.2003","Pejambon"
"33","Jawa Tengah","33.25","Kabupaten Batang","33.25.12","Warungasem","33.25.12.2004","Sariglagah"
"33","Jawa Tengah","33.25","Kabupaten Batang","33.25.12","Warungasem","33.25.12.2005","Pesaren"
"33","Jawa Tengah","33.25","Kabupaten Batang","33.25.12","Warungasem","33.25.12.2006","Sidorejo"
"33","Jawa Tengah","33.25","Kabupaten Batang","33.25.12","Warungasem","33.25.12.2007","Cepagan"
"33","Jawa Tengah","33.25","Kabupaten Batang","33.25.12","Warungasem","33.25.12.2008","Masin"
"33","Jawa Tengah","33.25","Kabupaten Batang","33.25.12","Warungasem","33.25.12.2009","Banjiran"
"33","Jawa Tengah","33.25","Kabupaten Batang","33.25.12","Warungasem","33.25.12.2010","Warungasem"
"33","Jawa Tengah","33.25","Kabupaten Batang","33.25.12","Warungasem","33.25.12.2011","Gapuro"
"33","Jawa Tengah","33.25","Kabupaten Batang","33.25.12","Warungasem","33.25.12.2012","Kalibeluk"
"33","Jawa Tengah","33.25","Kabupaten Batang","33.25.12","Warungasem","33.25.12.2013","Sawahjoho"
"33","Jawa Tengah","33.25","Kabupaten Batang","33.25.12","Warungasem","33.25.12.2014","Candiareng"
"33","Jawa Tengah","33.25","Kabupaten Batang","33.25.12","Warungasem","33.25.12.2015","Lebo"
"33","Jawa Tengah","33.25","Kabupaten Batang","33.25.12","Warungasem","33.25.12.2016","Menguneng"
"33","Jawa Tengah","33.25","Kabupaten Batang","33.25.12","Warungasem","33.25.12.2017","Terban"
"33","Jawa Tengah","33.25","Kabupaten Batang","33.25.12","Warungasem","33.25.12.2018","Sijono"
"33","Jawa Tengah","33.25","Kabupaten Batang","33.25.13","Kandeman","33.25.13.2001","Tegalsari"
"33","Jawa Tengah","33.25","Kabupaten Batang","33.25.13","Kandeman","33.25.13.2002","Kandeman"
"33","Jawa Tengah","33.25","Kabupaten Batang","33.25.13","Kandeman","33.25.13.2003","Bakalan"
"33","Jawa Tengah","33.25","Kabupaten Batang","33.25.13","Kandeman","33.25.13.2004","Lawangaji"
"33","Jawa Tengah","33.25","Kabupaten Batang","33.25.13","Kandeman","33.25.13.2005","Depok"
"33","Jawa Tengah","33.25","Kabupaten Batang","33.25.13","Kandeman","33.25.13.2006","Tragung"
"33","Jawa Tengah","33.25","Kabupaten Batang","33.25.13","Kandeman","33.25.13.2007","Cempereng"
"33","Jawa Tengah","33.25","Kabupaten Batang","33.25.13","Kandeman","33.25.13.2008","Karanganom"
"33","Jawa Tengah","33.25","Kabupaten Batang","33.25.13","Kandeman","33.25.13.2009","Wonokerso"
"33","Jawa Tengah","33.25","Kabupaten Batang","33.25.13","Kandeman","33.25.13.2010","Ujungnegoro"
"33","Jawa Tengah","33.25","Kabupaten Batang","33.25.13","Kandeman","33.25.13.2011","Karanggeneng"
"33","Jawa Tengah","33.25","Kabupaten Batang","33.25.13","Kandeman","33.25.13.2012","Juragan"
"33","Jawa Tengah","33.25","Kabupaten Batang","33.25.13","Kandeman","33.25.13.2013","Botolambat"
"33","Jawa Tengah","33.25","Kabupaten Batang","33.25.14","Pecalungan","33.25.14.2001","Pecalungan"
"33","Jawa Tengah","33.25","Kabupaten Batang","33.25.14","Pecalungan","33.25.14.2002","Bandung"
"33","Jawa Tengah","33.25","Kabupaten Batang","33.25.14","Pecalungan","33.25.14.2003","Gombong"
"33","Jawa Tengah","33.25","Kabupaten Batang","33.25.14","Pecalungan","33.25.14.2004","Randu"
"33","Jawa Tengah","33.25","Kabupaten Batang","33.25.14","Pecalungan","33.25.14.2005","Siguci"
"33","Jawa Tengah","33.25","Kabupaten Batang","33.25.14","Pecalungan","33.25.14.2006","Pretek"
"33","Jawa Tengah","33.25","Kabupaten Batang","33.25.14","Pecalungan","33.25.14.2007","Selokarto"
"33","Jawa Tengah","33.25","Kabupaten Batang","33.25.14","Pecalungan","33.25.14.2008","Gemuh"
"33","Jawa Tengah","33.25","Kabupaten Batang","33.25.14","Pecalungan","33.25.14.2009","Gumawang"
"33","Jawa Tengah","33.25","Kabupaten Batang","33.25.14","Pecalungan","33.25.14.2010","Keniten"
"33","Jawa Tengah","33.25","Kabupaten Batang","33.25.15","Banyuputih","33.25.15.2001","Banyuputih"
"33","Jawa Tengah","33.25","Kabupaten Batang","33.25.15","Banyuputih","33.25.15.2002","Kalibalik"
"33","Jawa Tengah","33.25","Kabupaten Batang","33.25.15","Banyuputih","33.25.15.2003","Sembung"
"33","Jawa Tengah","33.25","Kabupaten Batang","33.25.15","Banyuputih","33.25.15.2004","Kedawung"
"33","Jawa Tengah","33.25","Kabupaten Batang","33.25.15","Banyuputih","33.25.15.2005","Dlimas"
"33","Jawa Tengah","33.25","Kabupaten Batang","33.25.15","Banyuputih","33.25.15.2006","Luwung"
"33","Jawa Tengah","33.25","Kabupaten Batang","33.25.15","Banyuputih","33.25.15.2008","Penundan"
"33","Jawa Tengah","33.25","Kabupaten Batang","33.25.15","Banyuputih","33.25.15.2009","Banaran"
"33","Jawa Tengah","33.25","Kabupaten Batang","33.25.15","Banyuputih","33.25.15.2010","Timbang"
"33","Jawa Tengah","33.25","Kabupaten Batang","33.25.15","Banyuputih","33.25.15.2011","Bulu"
"33","Jawa Tengah","33.25","Kabupaten Batang","33.25.15","Banyuputih","33.25.15.2012","Kalangsono"
"33","Jawa Tengah","33.26","Kabupaten Pekalongan","33.26.01","Kandangserang","33.26.01.2001","Klesem"
"33","Jawa Tengah","33.26","Kabupaten Pekalongan","33.26.01","Kandangserang","33.26.01.2002","Bodas"
"33","Jawa Tengah","33.26","Kabupaten Pekalongan","33.26.01","Kandangserang","33.26.01.2003","Sukoharjo"
"33","Jawa Tengah","33.26","Kabupaten Pekalongan","33.26.01","Kandangserang","33.26.01.2004","Gembong"
"33","Jawa Tengah","33.26","Kabupaten Pekalongan","33.26.01","Kandangserang","33.26.01.2005","Garungwiyoro"
"33","Jawa Tengah","33.26","Kabupaten Pekalongan","33.26.01","Kandangserang","33.26.01.2006","Bojongkoneng"
"33","Jawa Tengah","33.26","Kabupaten Pekalongan","33.26.01","Kandangserang","33.26.01.2007","Bubak"
"33","Jawa Tengah","33.26","Kabupaten Pekalongan","33.26.01","Kandangserang","33.26.01.2008","Wangkelang"
"33","Jawa Tengah","33.26","Kabupaten Pekalongan","33.26.01","Kandangserang","33.26.01.2009","Kandangserang"
"33","Jawa Tengah","33.26","Kabupaten Pekalongan","33.26.01","Kandangserang","33.26.01.2010","Luragung"
"33","Jawa Tengah","33.26","Kabupaten Pekalongan","33.26.01","Kandangserang","33.26.01.2011","Lambur"
"33","Jawa Tengah","33.26","Kabupaten Pekalongan","33.26.01","Kandangserang","33.26.01.2012","Tajur"
"33","Jawa Tengah","33.26","Kabupaten Pekalongan","33.26.01","Kandangserang","33.26.01.2013","Trajumas"
"33","Jawa Tengah","33.26","Kabupaten Pekalongan","33.26.01","Kandangserang","33.26.01.2014","Karanggondang"
"33","Jawa Tengah","33.26","Kabupaten Pekalongan","33.26.02","Paninggaran","33.26.02.2001","Werdi"
"33","Jawa Tengah","33.26","Kabupaten Pekalongan","33.26.02","Paninggaran","33.26.02.2002","Winduaji"
"33","Jawa Tengah","33.26","Kabupaten Pekalongan","33.26.02","Paninggaran","33.26.02.2003","Krandegan"
"33","Jawa Tengah","33.26","Kabupaten Pekalongan","33.26.02","Paninggaran","33.26.02.2004","Lumeneng"
"33","Jawa Tengah","33.26","Kabupaten Pekalongan","33.26.02","Paninggaran","33.26.02.2005","Tangeran"
"33","Jawa Tengah","33.26","Kabupaten Pekalongan","33.26.02","Paninggaran","33.26.02.2006","Kaliboja"
"33","Jawa Tengah","33.26","Kabupaten Pekalongan","33.26.02","Paninggaran","33.26.02.2007","Kaliombo"
"33","Jawa Tengah","33.26","Kabupaten Pekalongan","33.26.02","Paninggaran","33.26.02.2008","Botosari"
"33","Jawa Tengah","33.26","Kabupaten Pekalongan","33.26.02","Paninggaran","33.26.02.2009","Sawangan"
"33","Jawa Tengah","33.26","Kabupaten Pekalongan","33.26.02","Paninggaran","33.26.02.2010","Paninggaran"
"33","Jawa Tengah","33.26","Kabupaten Pekalongan","33.26.02","Paninggaran","33.26.02.2011","Domiyang"
"33","Jawa Tengah","33.26","Kabupaten Pekalongan","33.26.02","Paninggaran","33.26.02.2012","Notogiwang"
"33","Jawa Tengah","33.26","Kabupaten Pekalongan","33.26.02","Paninggaran","33.26.02.2013","Lambanggelun"
"33","Jawa Tengah","33.26","Kabupaten Pekalongan","33.26.02","Paninggaran","33.26.02.2014","Tenogo"
"33","Jawa Tengah","33.26","Kabupaten Pekalongan","33.26.02","Paninggaran","33.26.02.2015","Bedagung"
"33","Jawa Tengah","33.26","Kabupaten Pekalongan","33.26.03","Lebakbarang","33.26.03.2001","Tembelangunung"
"33","Jawa Tengah","33.26","Kabupaten Pekalongan","33.26.03","Lebakbarang","33.26.03.2002","Pamutuh"
"33","Jawa Tengah","33.26","Kabupaten Pekalongan","33.26.03","Lebakbarang","33.26.03.2003","Depok"
"33","Jawa Tengah","33.26","Kabupaten Pekalongan","33.26.03","Lebakbarang","33.26.03.2004","Wonosido"
"33","Jawa Tengah","33.26","Kabupaten Pekalongan","33.26.03","Lebakbarang","33.26.03.2005","Timbangsari"
"33","Jawa Tengah","33.26","Kabupaten Pekalongan","33.26.03","Lebakbarang","33.26.03.2006","Sidomulyo"
"33","Jawa Tengah","33.26","Kabupaten Pekalongan","33.26.03","Lebakbarang","33.26.03.2007","Kutorembet"
"33","Jawa Tengah","33.26","Kabupaten Pekalongan","33.26.03","Lebakbarang","33.26.03.2008","Lebakbarang"
"33","Jawa Tengah","33.26","Kabupaten Pekalongan","33.26.03","Lebakbarang","33.26.03.2009","Kapundutan"
"33","Jawa Tengah","33.26","Kabupaten Pekalongan","33.26.03","Lebakbarang","33.26.03.2010","Bantarkulon"
"33","Jawa Tengah","33.26","Kabupaten Pekalongan","33.26.03","Lebakbarang","33.26.03.2011","Mendolo"
"33","Jawa Tengah","33.26","Kabupaten Pekalongan","33.26.04","Petungkriyono","33.26.04.2001","Simego"
"33","Jawa Tengah","33.26","Kabupaten Pekalongan","33.26.04","Petungkriyono","33.26.04.2002","Gumelem"
"33","Jawa Tengah","33.26","Kabupaten Pekalongan","33.26.04","Petungkriyono","33.26.04.2003","Tlogohendro"
"33","Jawa Tengah","33.26","Kabupaten Pekalongan","33.26.04","Petungkriyono","33.26.04.2004","Yosorejo"
"33","Jawa Tengah","33.26","Kabupaten Pekalongan","33.26.04","Petungkriyono","33.26.04.2005","Curugmuncar"
"33","Jawa Tengah","33.26","Kabupaten Pekalongan","33.26.04","Petungkriyono","33.26.04.2006","Songgodadi"
"33","Jawa Tengah","33.26","Kabupaten Pekalongan","33.26.04","Petungkriyono","33.26.04.2007","Tlogopakis"
"33","Jawa Tengah","33.26","Kabupaten Pekalongan","33.26.04","Petungkriyono","33.26.04.2008","Kasimpar"
"33","Jawa Tengah","33.26","Kabupaten Pekalongan","33.26.04","Petungkriyono","33.26.04.2009","Kayupuring"
"33","Jawa Tengah","33.26","Kabupaten Pekalongan","33.26.05","Talun","33.26.05.2001","Mesoyi"
"33","Jawa Tengah","33.26","Kabupaten Pekalongan","33.26.05","Talun","33.26.05.2002","Jolotigo"
"33","Jawa Tengah","33.26","Kabupaten Pekalongan","33.26.05","Talun","33.26.05.2003","Sengare"
"33","Jawa Tengah","33.26","Kabupaten Pekalongan","33.26.05","Talun","33.26.05.2004","Donowangun"
"33","Jawa Tengah","33.26","Kabupaten Pekalongan","33.26.05","Talun","33.26.05.2005","Talun"
"33","Jawa Tengah","33.26","Kabupaten Pekalongan","33.26.05","Talun","33.26.05.2006","Banjarsari"
"33","Jawa Tengah","33.26","Kabupaten Pekalongan","33.26.05","Talun","33.26.05.2007","Kalirejo"
"33","Jawa Tengah","33.26","Kabupaten Pekalongan","33.26.05","Talun","33.26.05.2008","Batursari"
"33","Jawa Tengah","33.26","Kabupaten Pekalongan","33.26.05","Talun","33.26.05.2009","Karangasem"
"33","Jawa Tengah","33.26","Kabupaten Pekalongan","33.26.05","Talun","33.26.05.2010","Krompeng"
"33","Jawa Tengah","33.26","Kabupaten Pekalongan","33.26.06","Doro","33.26.06.2001","Pungangan"
"33","Jawa Tengah","33.26","Kabupaten Pekalongan","33.26.06","Doro","33.26.06.2002","Sidoharjo"
"33","Jawa Tengah","33.26","Kabupaten Pekalongan","33.26.06","Doro","33.26.06.2003","Lemahabang"
"33","Jawa Tengah","33.26","Kabupaten Pekalongan","33.26.06","Doro","33.26.06.2004","Rogoselo"
"33","Jawa Tengah","33.26","Kabupaten Pekalongan","33.26.06","Doro","33.26.06.2005","Harjosari"
"33","Jawa Tengah","33.26","Kabupaten Pekalongan","33.26.06","Doro","33.26.06.2006","Larikan"
"33","Jawa Tengah","33.26","Kabupaten Pekalongan","33.26.06","Doro","33.26.06.2007","Sawangan"
"33","Jawa Tengah","33.26","Kabupaten Pekalongan","33.26.06","Doro","33.26.06.2008","Dororejo"
"33","Jawa Tengah","33.26","Kabupaten Pekalongan","33.26.06","Doro","33.26.06.2009","Randusari"
"33","Jawa Tengah","33.26","Kabupaten Pekalongan","33.26.06","Doro","33.26.06.2010","Kutosari"
"33","Jawa Tengah","33.26","Kabupaten Pekalongan","33.26.06","Doro","33.26.06.2011","Wringinagung"
"33","Jawa Tengah","33.26","Kabupaten Pekalongan","33.26.06","Doro","33.26.06.2012","Kalimojosari"
"33","Jawa Tengah","33.26","Kabupaten Pekalongan","33.26.06","Doro","33.26.06.2013","Bligorejo"
"33","Jawa Tengah","33.26","Kabupaten Pekalongan","33.26.06","Doro","33.26.06.2014","Doro"
"33","Jawa Tengah","33.26","Kabupaten Pekalongan","33.26.07","Karanganyar","33.26.07.2001","Gutomo"
"33","Jawa Tengah","33.26","Kabupaten Pekalongan","33.26.07","Karanganyar","33.26.07.2002","Limbangan"
"33","Jawa Tengah","33.26","Kabupaten Pekalongan","33.26.07","Karanganyar","33.26.07.2003","Karanggondang"
"33","Jawa Tengah","33.26","Kabupaten Pekalongan","33.26.07","Karanganyar","33.26.07.2004","Lolong"
"33","Jawa Tengah","33.26","Kabupaten Pekalongan","33.26.07","Karanganyar","33.26.07.2005","Pedawang"
"33","Jawa Tengah","33.26","Kabupaten Pekalongan","33.26.07","Karanganyar","33.26.07.2006","Pododadi"
"33","Jawa Tengah","33.26","Kabupaten Pekalongan","33.26.07","Karanganyar","33.26.07.2007","Legokalong"
"33","Jawa Tengah","33.26","Kabupaten Pekalongan","33.26.07","Karanganyar","33.26.07.2008","Karangsari"
"33","Jawa Tengah","33.26","Kabupaten Pekalongan","33.26.07","Karanganyar","33.26.07.2009","Kulu"
"33","Jawa Tengah","33.26","Kabupaten Pekalongan","33.26.07","Karanganyar","33.26.07.2010","Banjarejo"
"33","Jawa Tengah","33.26","Kabupaten Pekalongan","33.26.07","Karanganyar","33.26.07.2011","Wonosari"
"33","Jawa Tengah","33.26","Kabupaten Pekalongan","33.26.07","Karanganyar","33.26.07.2012","Sokosari"
"33","Jawa Tengah","33.26","Kabupaten Pekalongan","33.26.07","Karanganyar","33.26.07.2013","Sidomukti"
"33","Jawa Tengah","33.26","Kabupaten Pekalongan","33.26.07","Karanganyar","33.26.07.2014","Kayugeritan"
"33","Jawa Tengah","33.26","Kabupaten Pekalongan","33.26.07","Karanganyar","33.26.07.2015","Kutosari"
"33","Jawa Tengah","33.26","Kabupaten Pekalongan","33.26.08","Kajen","33.26.08.1016","Kajen"
"33","Jawa Tengah","33.26","Kabupaten Pekalongan","33.26.08","Kajen","33.26.08.2001","Tambakroto"
"33","Jawa Tengah","33.26","Kabupaten Pekalongan","33.26.08","Kajen","33.26.08.2002","Kutorojo"
"33","Jawa Tengah","33.26","Kabupaten Pekalongan","33.26.08","Kajen","33.26.08.2003","Linggoasri"
"33","Jawa Tengah","33.26","Kabupaten Pekalongan","33.26.08","Kajen","33.26.08.2004","Brengkolang"
"33","Jawa Tengah","33.26","Kabupaten Pekalongan","33.26.08","Kajen","33.26.08.2005","Pringsurat"
"33","Jawa Tengah","33.26","Kabupaten Pekalongan","33.26.08","Kajen","33.26.08.2006","Sokoyoso"
"33","Jawa Tengah","33.26","Kabupaten Pekalongan","33.26.08","Kajen","33.26.08.2007","Sinangohprendeng"
"33","Jawa Tengah","33.26","Kabupaten Pekalongan","33.26.08","Kajen","33.26.08.2008","Kajongan"
"33","Jawa Tengah","33.26","Kabupaten Pekalongan","33.26.08","Kajen","33.26.08.2009","Pekiringanageng"
"33","Jawa Tengah","33.26","Kabupaten Pekalongan","33.26.08","Kajen","33.26.08.2010","Gandarum"
"33","Jawa Tengah","33.26","Kabupaten Pekalongan","33.26.08","Kajen","33.26.08.2011","Sabarwangi"
"33","Jawa Tengah","33.26","Kabupaten Pekalongan","33.26.08","Kajen","33.26.08.2012","Kalijoyo"
"33","Jawa Tengah","33.26","Kabupaten Pekalongan","33.26.08","Kajen","33.26.08.2013","Wonorejo"
"33","Jawa Tengah","33.26","Kabupaten Pekalongan","33.26.08","Kajen","33.26.08.2014","Pekiringanalit"
"33","Jawa Tengah","33.26","Kabupaten Pekalongan","33.26.08","Kajen","33.26.08.2015","Kutorejo"
"33","Jawa Tengah","33.26","Kabupaten Pekalongan","33.26.08","Kajen","33.26.08.2017","Nyamok"
"33","Jawa Tengah","33.26","Kabupaten Pekalongan","33.26.08","Kajen","33.26.08.2018","Tanjungkulon"
"33","Jawa Tengah","33.26","Kabupaten Pekalongan","33.26.08","Kajen","33.26.08.2019","Tanjungsari"
"33","Jawa Tengah","33.26","Kabupaten Pekalongan","33.26.08","Kajen","33.26.08.2020","Gejlig"
"33","Jawa Tengah","33.26","Kabupaten Pekalongan","33.26.08","Kajen","33.26.08.2021","Kebonagung"
"33","Jawa Tengah","33.26","Kabupaten Pekalongan","33.26.08","Kajen","33.26.08.2022","Sangkanjoyo"
"33","Jawa Tengah","33.26","Kabupaten Pekalongan","33.26.08","Kajen","33.26.08.2023","Salit"
"33","Jawa Tengah","33.26","Kabupaten Pekalongan","33.26.08","Kajen","33.26.08.2024","Sambiroto"
"33","Jawa Tengah","33.26","Kabupaten Pekalongan","33.26.08","Kajen","33.26.08.2025","Rowolaku"
"33","Jawa Tengah","33.26","Kabupaten Pekalongan","33.26.09","Kesesi","33.26.09.2001","Windurojo"
"33","Jawa Tengah","33.26","Kabupaten Pekalongan","33.26.09","Kesesi","33.26.09.2002","Ujungnegoro"
"33","Jawa Tengah","33.26","Kabupaten Pekalongan","33.26.09","Kesesi","33.26.09.2003","Brondong"
"33","Jawa Tengah","33.26","Kabupaten Pekalongan","33.26.09","Kesesi","33.26.09.2004","Podosari"
"33","Jawa Tengah","33.26","Kabupaten Pekalongan","33.26.09","Kesesi","33.26.09.2005","Langensari"
"33","Jawa Tengah","33.26","Kabupaten Pekalongan","33.26.09","Kesesi","33.26.09.2006","Jagung"
"33","Jawa Tengah","33.26","Kabupaten Pekalongan","33.26.09","Kesesi","33.26.09.2007","Kwasen"
"33","Jawa Tengah","33.26","Kabupaten Pekalongan","33.26.09","Kesesi","33.26.09.2008","Karyomukti"
"33","Jawa Tengah","33.26","Kabupaten Pekalongan","33.26.09","Kesesi","33.26.09.2009","Kesesi"
"33","Jawa Tengah","33.26","Kabupaten Pekalongan","33.26.09","Kesesi","33.26.09.2010","Srinahan"
"33","Jawa Tengah","33.26","Kabupaten Pekalongan","33.26.09","Kesesi","33.26.09.2011","Kaibahan"
"33","Jawa Tengah","33.26","Kabupaten Pekalongan","33.26.09","Kesesi","33.26.09.2012","Karangrejo"
"33","Jawa Tengah","33.26","Kabupaten Pekalongan","33.26.09","Kesesi","33.26.09.2013","Watugajah"
"33","Jawa Tengah","33.26","Kabupaten Pekalongan","33.26.09","Kesesi","33.26.09.2014","Watupayung"
"33","Jawa Tengah","33.26","Kabupaten Pekalongan","33.26.09","Kesesi","33.26.09.2015","Krandon"
"33","Jawa Tengah","33.26","Kabupaten Pekalongan","33.26.09","Kesesi","33.26.09.2016","Ponolawen"
"33","Jawa Tengah","33.26","Kabupaten Pekalongan","33.26.09","Kesesi","33.26.09.2017","Kalimade"
"33","Jawa Tengah","33.26","Kabupaten Pekalongan","33.26.09","Kesesi","33.26.09.2018","Sidomulyo"
"33","Jawa Tengah","33.26","Kabupaten Pekalongan","33.26.09","Kesesi","33.26.09.2019","Sidosari"
"33","Jawa Tengah","33.26","Kabupaten Pekalongan","33.26.09","Kesesi","33.26.09.2020","Mulyorejo"
"33","Jawa Tengah","33.26","Kabupaten Pekalongan","33.26.09","Kesesi","33.26.09.2021","Pantirejo"
"33","Jawa Tengah","33.26","Kabupaten Pekalongan","33.26.09","Kesesi","33.26.09.2022","Kwigaran"
"33","Jawa Tengah","33.26","Kabupaten Pekalongan","33.26.09","Kesesi","33.26.09.2023","Sukorejo"
"33","Jawa Tengah","33.26","Kabupaten Pekalongan","33.26.10","Sragi","33.26.10.1017","Sragi"
"33","Jawa Tengah","33.26","Kabupaten Pekalongan","33.26.10","Sragi","33.26.10.2001","Ketanonageng"
"33","Jawa Tengah","33.26","Kabupaten Pekalongan","33.26.10","Sragi","33.26.10.2002","Mrican"
"33","Jawa Tengah","33.26","Kabupaten Pekalongan","33.26.10","Sragi","33.26.10.2003","Bulaksari"
"33","Jawa Tengah","33.26","Kabupaten Pekalongan","33.26.10","Sragi","33.26.10.2004","Sumubkidul"
"33","Jawa Tengah","33.26","Kabupaten Pekalongan","33.26.10","Sragi","33.26.10.2005","Kalijambe"
"33","Jawa Tengah","33.26","Kabupaten Pekalongan","33.26.10","Sragi","33.26.10.2006","Sumublor"
"33","Jawa Tengah","33.26","Kabupaten Pekalongan","33.26.10","Sragi","33.26.10.2007","Krsakageng"
"33","Jawa Tengah","33.26","Kabupaten Pekalongan","33.26.10","Sragi","33.26.10.2008","Sijeruk"
"33","Jawa Tengah","33.26","Kabupaten Pekalongan","33.26.10","Sragi","33.26.10.2009","Tegalsuruh"
"33","Jawa Tengah","33.26","Kabupaten Pekalongan","33.26.10","Sragi","33.26.10.2010","Bulakpelem"
"33","Jawa Tengah","33.26","Kabupaten Pekalongan","33.26.10","Sragi","33.26.10.2011","Gebangkerep"
"33","Jawa Tengah","33.26","Kabupaten Pekalongan","33.26.10","Sragi","33.26.10.2012","Purworejo"
"33","Jawa Tengah","33.26","Kabupaten Pekalongan","33.26.10","Sragi","33.26.10.2013","Kedungjaran"
"33","Jawa Tengah","33.26","Kabupaten Pekalongan","33.26.10","Sragi","33.26.10.2014","Klunjukan"
"33","Jawa Tengah","33.26","Kabupaten Pekalongan","33.26.10","Sragi","33.26.10.2015","Tegalontar"
"33","Jawa Tengah","33.26","Kabupaten Pekalongan","33.26.10","Sragi","33.26.10.2016","Purwodadi"
"33","Jawa Tengah","33.26","Kabupaten Pekalongan","33.26.11","Bojong","33.26.11.2001","Bukur"
"33","Jawa Tengah","33.26","Kabupaten Pekalongan","33.26.11","Bojong","33.26.11.2002","Kalipancur"
"33","Jawa Tengah","33.26","Kabupaten Pekalongan","33.26.11","Bojong","33.26.11.2003","Sumurjomblangbogo"
"33","Jawa Tengah","33.26","Kabupaten Pekalongan","33.26.11","Bojong","33.26.11.2004","Pantianom"
"33","Jawa Tengah","33.26","Kabupaten Pekalongan","33.26.11","Bojong","33.26.11.2005","Randumuktiwaren"
"33","Jawa Tengah","33.26","Kabupaten Pekalongan","33.26.11","Bojong","33.26.11.2006","Legokclile"
"33","Jawa Tengah","33.26","Kabupaten Pekalongan","33.26.11","Bojong","33.26.11.2007","Bojongwetan"
"33","Jawa Tengah","33.26","Kabupaten Pekalongan","33.26.11","Bojong","33.26.11.2008","Duwet"
"33","Jawa Tengah","33.26","Kabupaten Pekalongan","33.26.11","Bojong","33.26.11.2009","Wangandowo"
"33","Jawa Tengah","33.26","Kabupaten Pekalongan","33.26.11","Bojong","33.26.11.2010","Ketitangkidul"
"33","Jawa Tengah","33.26","Kabupaten Pekalongan","33.26.11","Bojong","33.26.11.2011","Menjangan"
"33","Jawa Tengah","33.26","Kabupaten Pekalongan","33.26.11","Bojong","33.26.11.2012","Ketitanglor"
"33","Jawa Tengah","33.26","Kabupaten Pekalongan","33.26.11","Bojong","33.26.11.2013","Rejosari"
"33","Jawa Tengah","33.26","Kabupaten Pekalongan","33.26.11","Bojong","33.26.11.2014","Bojonglor"
"33","Jawa Tengah","33.26","Kabupaten Pekalongan","33.26.11","Bojong","33.26.11.2015","Bojongminggir"
"33","Jawa Tengah","33.26","Kabupaten Pekalongan","33.26.11","Bojong","33.26.11.2016","Wiroditan"
"33","Jawa Tengah","33.26","Kabupaten Pekalongan","33.26.11","Bojong","33.26.11.2017","Kemasan"
"33","Jawa Tengah","33.26","Kabupaten Pekalongan","33.26.11","Bojong","33.26.11.2018","Jajarwayang"
"33","Jawa Tengah","33.26","Kabupaten Pekalongan","33.26.11","Bojong","33.26.11.2019","Babalanlor"
"33","Jawa Tengah","33.26","Kabupaten Pekalongan","33.26.11","Bojong","33.26.11.2020","Babalankidul"
"33","Jawa Tengah","33.26","Kabupaten Pekalongan","33.26.11","Bojong","33.26.11.2021","Karagsari"
"33","Jawa Tengah","33.26","Kabupaten Pekalongan","33.26.11","Bojong","33.26.11.2022","Sembungjambu"
"33","Jawa Tengah","33.26","Kabupaten Pekalongan","33.26.12","Wonopringgo","33.26.12.2001","Jetakkidul"
"33","Jawa Tengah","33.26","Kabupaten Pekalongan","33.26.12","Wonopringgo","33.26.12.2002","Sastrodirjan"
"33","Jawa Tengah","33.26","Kabupaten Pekalongan","33.26.12","Wonopringgo","33.26.12.2003","Legokgunung"
"33","Jawa Tengah","33.26","Kabupaten Pekalongan","33.26.12","Wonopringgo","33.26.12.2004","Galangpengampon"
"33","Jawa Tengah","33.26","Kabupaten Pekalongan","33.26.12","Wonopringgo","33.26.12.2005","Kwagean"
"33","Jawa Tengah","33.26","Kabupaten Pekalongan","33.26.12","Wonopringgo","33.26.12.2006","Getas"
"33","Jawa Tengah","33.26","Kabupaten Pekalongan","33.26.12","Wonopringgo","33.26.12.2007","Rowokembu"
"33","Jawa Tengah","33.26","Kabupaten Pekalongan","33.26.12","Wonopringgo","33.26.12.2008","Wonopringgo"
"33","Jawa Tengah","33.26","Kabupaten Pekalongan","33.26.12","Wonopringgo","33.26.12.2009","Sampih"
"33","Jawa Tengah","33.26","Kabupaten Pekalongan","33.26.12","Wonopringgo","33.26.12.2010","Wonorejo"
"33","Jawa Tengah","33.26","Kabupaten Pekalongan","33.26.12","Wonopringgo","33.26.12.2011","Gondang"
"33","Jawa Tengah","33.26","Kabupaten Pekalongan","33.26.12","Wonopringgo","33.26.12.2012","Jetaklengkong"
"33","Jawa Tengah","33.26","Kabupaten Pekalongan","33.26.12","Wonopringgo","33.26.12.2013","Pengadentengah"
"33","Jawa Tengah","33.26","Kabupaten Pekalongan","33.26.12","Wonopringgo","33.26.12.2014","Surobayan"
"33","Jawa Tengah","33.26","Kabupaten Pekalongan","33.26.13","Kedungwuni","33.26.13.1013","Pekajangan"
"33","Jawa Tengah","33.26","Kabupaten Pekalongan","33.26.13","Kedungwuni","33.26.13.1019","Kedungwuni Timur"
"33","Jawa Tengah","33.26","Kabupaten Pekalongan","33.26.13","Kedungwuni","33.26.13.1020","Kedungwuni Barat"
"33","Jawa Tengah","33.26","Kabupaten Pekalongan","33.26.13","Kedungwuni","33.26.13.2001","Kedungpatangewu"
"33","Jawa Tengah","33.26","Kabupaten Pekalongan","33.26.13","Kedungwuni","33.26.13.2002","Pakisputih"
"33","Jawa Tengah","33.26","Kabupaten Pekalongan","33.26.13","Kedungwuni","33.26.13.2003","Rowocacing"
"33","Jawa Tengah","33.26","Kabupaten Pekalongan","33.26.13","Kedungwuni","33.26.13.2004","Langkap"
"33","Jawa Tengah","33.26","Kabupaten Pekalongan","33.26.13","Kedungwuni","33.26.13.2005","Tosaran"
"33","Jawa Tengah","33.26","Kabupaten Pekalongan","33.26.13","Kedungwuni","33.26.13.2006","Pajomblangan"
"33","Jawa Tengah","33.26","Kabupaten Pekalongan","33.26.13","Kedungwuni","33.26.13.2007","Proto"
"33","Jawa Tengah","33.26","Kabupaten Pekalongan","33.26.13","Kedungwuni","33.26.13.2008","Kwayangan"
"33","Jawa Tengah","33.26","Kabupaten Pekalongan","33.26.13","Kedungwuni","33.26.13.2010","Podo"
"33","Jawa Tengah","33.26","Kabupaten Pekalongan","33.26.13","Kedungwuni","33.26.13.2011","Salakbrojo"
"33","Jawa Tengah","33.26","Kabupaten Pekalongan","33.26.13","Kedungwuni","33.26.13.2012","Ambokembang"
"33","Jawa Tengah","33.26","Kabupaten Pekalongan","33.26.13","Kedungwuni","33.26.13.2014","Tangkiltengah"
"33","Jawa Tengah","33.26","Kabupaten Pekalongan","33.26.13","Kedungwuni","33.26.13.2015","Karangdowo"
"33","Jawa Tengah","33.26","Kabupaten Pekalongan","33.26.13","Kedungwuni","33.26.13.2016","Bugangan"
"33","Jawa Tengah","33.26","Kabupaten Pekalongan","33.26.13","Kedungwuni","33.26.13.2017","Rengas"
"33","Jawa Tengah","33.26","Kabupaten Pekalongan","33.26.13","Kedungwuni","33.26.13.2018","Tangkilkulon"
"33","Jawa Tengah","33.26","Kabupaten Pekalongan","33.26.14","Buaran","33.26.14.1002","Sapugarut"
"33","Jawa Tengah","33.26","Kabupaten Pekalongan","33.26.14","Buaran","33.26.14.1004","Bligo"
"33","Jawa Tengah","33.26","Kabupaten Pekalongan","33.26.14","Buaran","33.26.14.1008","Simbangkulon"
"33","Jawa Tengah","33.26","Kabupaten Pekalongan","33.26.14","Buaran","33.26.14.2001","Coprayan"
"33","Jawa Tengah","33.26","Kabupaten Pekalongan","33.26.14","Buaran","33.26.14.2003","Wonoyoso"
"33","Jawa Tengah","33.26","Kabupaten Pekalongan","33.26.14","Buaran","33.26.14.2005","Pakumbulan"
"33","Jawa Tengah","33.26","Kabupaten Pekalongan","33.26.14","Buaran","33.26.14.2006","Watusalam"
"33","Jawa Tengah","33.26","Kabupaten Pekalongan","33.26.14","Buaran","33.26.14.2007","Simbangwetan"
"33","Jawa Tengah","33.26","Kabupaten Pekalongan","33.26.14","Buaran","33.26.14.2009","Kertijayan"
"33","Jawa Tengah","33.26","Kabupaten Pekalongan","33.26.14","Buaran","33.26.14.2010","Paweden"
"33","Jawa Tengah","33.26","Kabupaten Pekalongan","33.26.15","Tirto","33.26.15.2001","Wuled"
"33","Jawa Tengah","33.26","Kabupaten Pekalongan","33.26.15","Tirto","33.26.15.2002","Ngalian"
"33","Jawa Tengah","33.26","Kabupaten Pekalongan","33.26.15","Tirto","33.26.15.2003","Pandanarum"
"33","Jawa Tengah","33.26","Kabupaten Pekalongan","33.26.15","Tirto","33.26.15.2004","Karanganyar"
"33","Jawa Tengah","33.26","Kabupaten Pekalongan","33.26.15","Tirto","33.26.15.2005","Silirejo"
"33","Jawa Tengah","33.26","Kabupaten Pekalongan","33.26.15","Tirto","33.26.15.2006","Pucung"
"33","Jawa Tengah","33.26","Kabupaten Pekalongan","33.26.15","Tirto","33.26.15.2007","Sidorejo"
"33","Jawa Tengah","33.26","Kabupaten Pekalongan","33.26.15","Tirto","33.26.15.2008","Samborejo"
"33","Jawa Tengah","33.26","Kabupaten Pekalongan","33.26.15","Tirto","33.26.15.2009","Tanjung"
"33","Jawa Tengah","33.26","Kabupaten Pekalongan","33.26.15","Tirto","33.26.15.2010","Pacar"
"33","Jawa Tengah","33.26","Kabupaten Pekalongan","33.26.15","Tirto","33.26.15.2011","Dadirejo"
"33","Jawa Tengah","33.26","Kabupaten Pekalongan","33.26.15","Tirto","33.26.15.2012","Karangjompo"
"33","Jawa Tengah","33.26","Kabupaten Pekalongan","33.26.15","Tirto","33.26.15.2013","Tegaldowo"
"33","Jawa Tengah","33.26","Kabupaten Pekalongan","33.26.15","Tirto","33.26.15.2014","Mulyorejo"
"33","Jawa Tengah","33.26","Kabupaten Pekalongan","33.26.15","Tirto","33.26.15.2015","Jeruksari"
"33","Jawa Tengah","33.26","Kabupaten Pekalongan","33.26.15","Tirto","33.26.15.2016","Curug"
"33","Jawa Tengah","33.26","Kabupaten Pekalongan","33.26.16","Wiradesa","33.26.16.1010","Gumawang"
"33","Jawa Tengah","33.26","Kabupaten Pekalongan","33.26.16","Wiradesa","33.26.16.1011","Kepatihan"
"33","Jawa Tengah","33.26","Kabupaten Pekalongan","33.26.16","Wiradesa","33.26.16.1012","Mayangan"
"33","Jawa Tengah","33.26","Kabupaten Pekalongan","33.26.16","Wiradesa","33.26.16.1013","Pekuncen"
"33","Jawa Tengah","33.26","Kabupaten Pekalongan","33.26.16","Wiradesa","33.26.16.1014","Bener"
"33","Jawa Tengah","33.26","Kabupaten Pekalongan","33.26.16","Wiradesa","33.26.16.2001","Kadipaten"
"33","Jawa Tengah","33.26","Kabupaten Pekalongan","33.26.16","Wiradesa","33.26.16.2002","Delegtukang"
"33","Jawa Tengah","33.26","Kabupaten Pekalongan","33.26.16","Wiradesa","33.26.16.2003","Karangjati"
"33","Jawa Tengah","33.26","Kabupaten Pekalongan","33.26.16","Wiradesa","33.26.16.2004","Petukangan"
"33","Jawa Tengah","33.26","Kabupaten Pekalongan","33.26.16","Wiradesa","33.26.16.2005","Wiradesa"
"33","Jawa Tengah","33.26","Kabupaten Pekalongan","33.26.16","Wiradesa","33.26.16.2006","Warukidul"
"33","Jawa Tengah","33.26","Kabupaten Pekalongan","33.26.16","Wiradesa","33.26.16.2007","Bondansari"
"33","Jawa Tengah","33.26","Kabupaten Pekalongan","33.26.16","Wiradesa","33.26.16.2008","Warulor"
"33","Jawa Tengah","33.26","Kabupaten Pekalongan","33.26.16","Wiradesa","33.26.16.2009","Kampil"
"33","Jawa Tengah","33.26","Kabupaten Pekalongan","33.26.16","Wiradesa","33.26.16.2015","Kemplong"
"33","Jawa Tengah","33.26","Kabupaten Pekalongan","33.26.16","Wiradesa","33.26.16.2016","Kauman"
"33","Jawa Tengah","33.26","Kabupaten Pekalongan","33.26.17","Siwalan","33.26.17.2001","Mejasem"
"33","Jawa Tengah","33.26","Kabupaten Pekalongan","33.26.17","Siwalan","33.26.17.2002","Wonosari"
"33","Jawa Tengah","33.26","Kabupaten Pekalongan","33.26.17","Siwalan","33.26.17.2003","Tengengkulon"
"33","Jawa Tengah","33.26","Kabupaten Pekalongan","33.26.17","Siwalan","33.26.17.2004","Tunjungsari"
"33","Jawa Tengah","33.26","Kabupaten Pekalongan","33.26.17","Siwalan","33.26.17.2005","Pait"
"33","Jawa Tengah","33.26","Kabupaten Pekalongan","33.26.17","Siwalan","33.26.17.2006","Tengengwetan"
"33","Jawa Tengah","33.26","Kabupaten Pekalongan","33.26.17","Siwalan","33.26.17.2007","Rembun"
"33","Jawa Tengah","33.26","Kabupaten Pekalongan","33.26.17","Siwalan","33.26.17.2008","Yosorejo"
"33","Jawa Tengah","33.26","Kabupaten Pekalongan","33.26.17","Siwalan","33.26.17.2009","Siwalan"
"33","Jawa Tengah","33.26","Kabupaten Pekalongan","33.26.17","Siwalan","33.26.17.2010","Boyoteluk"
"33","Jawa Tengah","33.26","Kabupaten Pekalongan","33.26.17","Siwalan","33.26.17.2011","Depok"
"33","Jawa Tengah","33.26","Kabupaten Pekalongan","33.26.17","Siwalan","33.26.17.2012","Blacanan"
"33","Jawa Tengah","33.26","Kabupaten Pekalongan","33.26.17","Siwalan","33.26.17.2013","Blimbingwuluh"
"33","Jawa Tengah","33.26","Kabupaten Pekalongan","33.26.18","Karangdadap","33.26.18.2001","Logandeng"
"33","Jawa Tengah","33.26","Kabupaten Pekalongan","33.26.18","Karangdadap","33.26.18.2002","Jrebengkembang"
"33","Jawa Tengah","33.26","Kabupaten Pekalongan","33.26.18","Karangdadap","33.26.18.2003","Pagumenganmas"
"33","Jawa Tengah","33.26","Kabupaten Pekalongan","33.26.18","Karangdadap","33.26.18.2004","Kedungkebo"
"33","Jawa Tengah","33.26","Kabupaten Pekalongan","33.26.18","Karangdadap","33.26.18.2005","Kaligawe"
"33","Jawa Tengah","33.26","Kabupaten Pekalongan","33.26.18","Karangdadap","33.26.18.2006","Karangdadap"
"33","Jawa Tengah","33.26","Kabupaten Pekalongan","33.26.18","Karangdadap","33.26.18.2007","Kalilembu"
"33","Jawa Tengah","33.26","Kabupaten Pekalongan","33.26.18","Karangdadap","33.26.18.2008","Pangkah"
"33","Jawa Tengah","33.26","Kabupaten Pekalongan","33.26.18","Karangdadap","33.26.18.2009","Kebonrowopucang"
"33","Jawa Tengah","33.26","Kabupaten Pekalongan","33.26.18","Karangdadap","33.26.18.2010","Kebonsari"
"33","Jawa Tengah","33.26","Kabupaten Pekalongan","33.26.18","Karangdadap","33.26.18.2011","Pegandon"
"33","Jawa Tengah","33.26","Kabupaten Pekalongan","33.26.19","Wonokerto","33.26.19.2001","Pesanggrahan"
"33","Jawa Tengah","33.26","Kabupaten Pekalongan","33.26.19","Wonokerto","33.26.19.2002","Sijambe"
"33","Jawa Tengah","33.26","Kabupaten Pekalongan","33.26.19","Wonokerto","33.26.19.2003","Bebel"
"33","Jawa Tengah","33.26","Kabupaten Pekalongan","33.26.19","Wonokerto","33.26.19.2006","Werdi"
"33","Jawa Tengah","33.26","Kabupaten Pekalongan","33.26.19","Wonokerto","33.26.19.2007","Rowoyoso"
"33","Jawa Tengah","33.26","Kabupaten Pekalongan","33.26.19","Wonokerto","33.26.19.2008","Semut"
"33","Jawa Tengah","33.26","Kabupaten Pekalongan","33.26.19","Wonokerto","33.26.19.2009","Tratebang"
"33","Jawa Tengah","33.26","Kabupaten Pekalongan","33.26.19","Wonokerto","33.26.19.2010","Wonokertokulon"
"33","Jawa Tengah","33.26","Kabupaten Pekalongan","33.26.19","Wonokerto","33.26.19.2011","Wonokertowetan"
"33","Jawa Tengah","33.26","Kabupaten Pekalongan","33.26.19","Wonokerto","33.26.19.2012","Api-Api"
"33","Jawa Tengah","33.26","Kabupaten Pekalongan","33.26.19","Wonokerto","33.26.19.2013","Pecakaran"
"33","Jawa Tengah","33.27","Kabupaten Pemalang","33.27.01","Moga","33.27.01.2001","Plakaran"
"33","Jawa Tengah","33.27","Kabupaten Pemalang","33.27.01","Moga","33.27.01.2002","Mandiraja"
"33","Jawa Tengah","33.27","Kabupaten Pemalang","33.27.01","Moga","33.27.01.2003","Walangsanga"
"33","Jawa Tengah","33.27","Kabupaten Pemalang","33.27.01","Moga","33.27.01.2004","Sima"
"33","Jawa Tengah","33.27","Kabupaten Pemalang","33.27.01","Moga","33.27.01.2005","Moga"
"33","Jawa Tengah","33.27","Kabupaten Pemalang","33.27.01","Moga","33.27.01.2006","Banyumudal"
"33","Jawa Tengah","33.27","Kabupaten Pemalang","33.27.01","Moga","33.27.01.2007","Wangkelang"
"33","Jawa Tengah","33.27","Kabupaten Pemalang","33.27.01","Moga","33.27.01.2008","Kebanggan"
"33","Jawa Tengah","33.27","Kabupaten Pemalang","33.27.01","Moga","33.27.01.2009","Pepedan"
"33","Jawa Tengah","33.27","Kabupaten Pemalang","33.27.01","Moga","33.27.01.2010","Gendoang"
"33","Jawa Tengah","33.27","Kabupaten Pemalang","33.27.02","Pulosari","33.27.02.2001","Clekatakan"
"33","Jawa Tengah","33.27","Kabupaten Pemalang","33.27.02","Pulosari","33.27.02.2002","Batursari"
"33","Jawa Tengah","33.27","Kabupaten Pemalang","33.27.02","Pulosari","33.27.02.2003","Penakir"
"33","Jawa Tengah","33.27","Kabupaten Pemalang","33.27.02","Pulosari","33.27.02.2004","Gunungsari"
"33","Jawa Tengah","33.27","Kabupaten Pemalang","33.27.02","Pulosari","33.27.02.2005","Jurangmangu"
"33","Jawa Tengah","33.27","Kabupaten Pemalang","33.27.02","Pulosari","33.27.02.2006","Gambuhan"
"33","Jawa Tengah","33.27","Kabupaten Pemalang","33.27.02","Pulosari","33.27.02.2007","Karangsari"
"33","Jawa Tengah","33.27","Kabupaten Pemalang","33.27.02","Pulosari","33.27.02.2008","Nyalembeng"
"33","Jawa Tengah","33.27","Kabupaten Pemalang","33.27.02","Pulosari","33.27.02.2009","Pulosari"
"33","Jawa Tengah","33.27","Kabupaten Pemalang","33.27.02","Pulosari","33.27.02.2010","Pagenteran"
"33","Jawa Tengah","33.27","Kabupaten Pemalang","33.27.02","Pulosari","33.27.02.2011","Siremeng"
"33","Jawa Tengah","33.27","Kabupaten Pemalang","33.27.02","Pulosari","33.27.02.2012","Cikendung"
"33","Jawa Tengah","33.27","Kabupaten Pemalang","33.27.03","Belik","33.27.03.2001","Gombong"
"33","Jawa Tengah","33.27","Kabupaten Pemalang","33.27.03","Belik","33.27.03.2002","Belik"
"33","Jawa Tengah","33.27","Kabupaten Pemalang","33.27.03","Belik","33.27.03.2003","Gunungtiga"
"33","Jawa Tengah","33.27","Kabupaten Pemalang","33.27.03","Belik","33.27.03.2004","Kuta"
"33","Jawa Tengah","33.27","Kabupaten Pemalang","33.27.03","Belik","33.27.03.2005","Badak"
"33","Jawa Tengah","33.27","Kabupaten Pemalang","33.27.03","Belik","33.27.03.2006","Gunungjaya"
"33","Jawa Tengah","33.27","Kabupaten Pemalang","33.27.03","Belik","33.27.03.2007","Simpur"
"33","Jawa Tengah","33.27","Kabupaten Pemalang","33.27.03","Belik","33.27.03.2008","Mendelem"
"33","Jawa Tengah","33.27","Kabupaten Pemalang","33.27.03","Belik","33.27.03.2009","Beluk"
"33","Jawa Tengah","33.27","Kabupaten Pemalang","33.27.03","Belik","33.27.03.2010","Bulakan"
"33","Jawa Tengah","33.27","Kabupaten Pemalang","33.27.03","Belik","33.27.03.2011","Sikasur"
"33","Jawa Tengah","33.27","Kabupaten Pemalang","33.27.03","Belik","33.27.03.2012","Kalisaleh"
"33","Jawa Tengah","33.27","Kabupaten Pemalang","33.27.03","Belik","33.27.03.2013","Sodong Basari"
"33","Jawa Tengah","33.27","Kabupaten Pemalang","33.27.04","Watukumpul","33.27.04.2001","Tlagasana"
"33","Jawa Tengah","33.27","Kabupaten Pemalang","33.27.04","Watukumpul","33.27.04.2002","Tundagan"
"33","Jawa Tengah","33.27","Kabupaten Pemalang","33.27.04","Watukumpul","33.27.04.2003","Bongas"
"33","Jawa Tengah","33.27","Kabupaten Pemalang","33.27.04","Watukumpul","33.27.04.2004","Cikadu"
"33","Jawa Tengah","33.27","Kabupaten Pemalang","33.27.04","Watukumpul","33.27.04.2005","Cawet"
"33","Jawa Tengah","33.27","Kabupaten Pemalang","33.27.04","Watukumpul","33.27.04.2006","Medayu"
"33","Jawa Tengah","33.27","Kabupaten Pemalang","33.27.04","Watukumpul","33.27.04.2007","Pagelaran"
"33","Jawa Tengah","33.27","Kabupaten Pemalang","33.27.04","Watukumpul","33.27.04.2008","Bodas"
"33","Jawa Tengah","33.27","Kabupaten Pemalang","33.27.04","Watukumpul","33.27.04.2009","Jojogan"
"33","Jawa Tengah","33.27","Kabupaten Pemalang","33.27.04","Watukumpul","33.27.04.2010","Majalangu"
"33","Jawa Tengah","33.27","Kabupaten Pemalang","33.27.04","Watukumpul","33.27.04.2011","Tambi"
"33","Jawa Tengah","33.27","Kabupaten Pemalang","33.27.04","Watukumpul","33.27.04.2012","Watukumpul"
"33","Jawa Tengah","33.27","Kabupaten Pemalang","33.27.04","Watukumpul","33.27.04.2013","Gapura"
"33","Jawa Tengah","33.27","Kabupaten Pemalang","33.27.04","Watukumpul","33.27.04.2014","Majakerta"
"33","Jawa Tengah","33.27","Kabupaten Pemalang","33.27.04","Watukumpul","33.27.04.2015","Wisnu"
"33","Jawa Tengah","33.27","Kabupaten Pemalang","33.27.05","Bodeh","33.27.05.2001","Longkeyang"
"33","Jawa Tengah","33.27","Kabupaten Pemalang","33.27.05","Bodeh","33.27.05.2002","Jatingarang"
"33","Jawa Tengah","33.27","Kabupaten Pemalang","33.27.05","Bodeh","33.27.05.2003","Gunungbatu"
"33","Jawa Tengah","33.27","Kabupaten Pemalang","33.27.05","Bodeh","33.27.05.2004","Pasir"
"33","Jawa Tengah","33.27","Kabupaten Pemalang","33.27.05","Bodeh","33.27.05.2005","Kwasen"
"33","Jawa Tengah","33.27","Kabupaten Pemalang","33.27.05","Bodeh","33.27.05.2006","Jatiroyom"
"33","Jawa Tengah","33.27","Kabupaten Pemalang","33.27.05","Bodeh","33.27.05.2007","Parunggalih"
"33","Jawa Tengah","33.27","Kabupaten Pemalang","33.27.05","Bodeh","33.27.05.2008","Payung"
"33","Jawa Tengah","33.27","Kabupaten Pemalang","33.27.05","Bodeh","33.27.05.2009","Cangak"
"33","Jawa Tengah","33.27","Kabupaten Pemalang","33.27.05","Bodeh","33.27.05.2010","Kebandungan"
"33","Jawa Tengah","33.27","Kabupaten Pemalang","33.27.05","Bodeh","33.27.05.2011","Kesesirejo"
"33","Jawa Tengah","33.27","Kabupaten Pemalang","33.27.05","Bodeh","33.27.05.2012","Babakan"
"33","Jawa Tengah","33.27","Kabupaten Pemalang","33.27.05","Bodeh","33.27.05.2013","Karangbrai"
"33","Jawa Tengah","33.27","Kabupaten Pemalang","33.27.05","Bodeh","33.27.05.2014","Jraganan"
"33","Jawa Tengah","33.27","Kabupaten Pemalang","33.27.05","Bodeh","33.27.05.2015","Kebandaran"
"33","Jawa Tengah","33.27","Kabupaten Pemalang","33.27.05","Bodeh","33.27.05.2016","Bodeh"
"33","Jawa Tengah","33.27","Kabupaten Pemalang","33.27.05","Bodeh","33.27.05.2017","Muncang"
"33","Jawa Tengah","33.27","Kabupaten Pemalang","33.27.05","Bodeh","33.27.05.2018","Kelangdepok"
"33","Jawa Tengah","33.27","Kabupaten Pemalang","33.27.05","Bodeh","33.27.05.2019","Pendowo"
"33","Jawa Tengah","33.27","Kabupaten Pemalang","33.27.06","Bantarbolang","33.27.06.2001","Sumurkidang"
"33","Jawa Tengah","33.27","Kabupaten Pemalang","33.27.06","Bantarbolang","33.27.06.2002","Wanarata"
"33","Jawa Tengah","33.27","Kabupaten Pemalang","33.27.06","Bantarbolang","33.27.06.2003","Pedagung"
"33","Jawa Tengah","33.27","Kabupaten Pemalang","33.27.06","Bantarbolang","33.27.06.2004","Suru"
"33","Jawa Tengah","33.27","Kabupaten Pemalang","33.27.06","Bantarbolang","33.27.06.2005","Banjarsari"
"33","Jawa Tengah","33.27","Kabupaten Pemalang","33.27.06","Bantarbolang","33.27.06.2006","Pegiringan"
"33","Jawa Tengah","33.27","Kabupaten Pemalang","33.27.06","Bantarbolang","33.27.06.2007","Karanganyar"
"33","Jawa Tengah","33.27","Kabupaten Pemalang","33.27.06","Bantarbolang","33.27.06.2008","Purana"
"33","Jawa Tengah","33.27","Kabupaten Pemalang","33.27.06","Bantarbolang","33.27.06.2009","Pabuaran"
"33","Jawa Tengah","33.27","Kabupaten Pemalang","33.27.06","Bantarbolang","33.27.06.2010","Sarwodadi"
"33","Jawa Tengah","33.27","Kabupaten Pemalang","33.27.06","Bantarbolang","33.27.06.2011","Bantarbolang"
"33","Jawa Tengah","33.27","Kabupaten Pemalang","33.27.06","Bantarbolang","33.27.06.2012","Sambeng"
"33","Jawa Tengah","33.27","Kabupaten Pemalang","33.27.06","Bantarbolang","33.27.06.2013","Glandang"
"33","Jawa Tengah","33.27","Kabupaten Pemalang","33.27.06","Bantarbolang","33.27.06.2014","Kuta"
"33","Jawa Tengah","33.27","Kabupaten Pemalang","33.27.06","Bantarbolang","33.27.06.2015","Kebon Gede"
"33","Jawa Tengah","33.27","Kabupaten Pemalang","33.27.06","Bantarbolang","33.27.06.2016","Paguyangan"
"33","Jawa Tengah","33.27","Kabupaten Pemalang","33.27.06","Bantarbolang","33.27.06.2017","Lenggerong"
"33","Jawa Tengah","33.27","Kabupaten Pemalang","33.27.07","Randudongkal","33.27.07.2001","Kecepit"
"33","Jawa Tengah","33.27","Kabupaten Pemalang","33.27.07","Randudongkal","33.27.07.2002","Gembyang"
"33","Jawa Tengah","33.27","Kabupaten Pemalang","33.27.07","Randudongkal","33.27.07.2003","Mejagong"
"33","Jawa Tengah","33.27","Kabupaten Pemalang","33.27.07","Randudongkal","33.27.07.2004","Penusupan"
"33","Jawa Tengah","33.27","Kabupaten Pemalang","33.27.07","Randudongkal","33.27.07.2005","Banjaranyar"
"33","Jawa Tengah","33.27","Kabupaten Pemalang","33.27.07","Randudongkal","33.27.07.2006","Randudongkal"
"33","Jawa Tengah","33.27","Kabupaten Pemalang","33.27.07","Randudongkal","33.27.07.2007","Karangmoncol"
"33","Jawa Tengah","33.27","Kabupaten Pemalang","33.27.07","Randudongkal","33.27.07.2008","Semingkir"
"33","Jawa Tengah","33.27","Kabupaten Pemalang","33.27.07","Randudongkal","33.27.07.2009","Semaya"
"33","Jawa Tengah","33.27","Kabupaten Pemalang","33.27.07","Randudongkal","33.27.07.2010","Tanahbaya"
"33","Jawa Tengah","33.27","Kabupaten Pemalang","33.27.07","Randudongkal","33.27.07.2011","Lodaya"
"33","Jawa Tengah","33.27","Kabupaten Pemalang","33.27.07","Randudongkal","33.27.07.2012","Rembul"
"33","Jawa Tengah","33.27","Kabupaten Pemalang","33.27.07","Randudongkal","33.27.07.2013","Kreyo"
"33","Jawa Tengah","33.27","Kabupaten Pemalang","33.27.07","Randudongkal","33.27.07.2014","Kalimas"
"33","Jawa Tengah","33.27","Kabupaten Pemalang","33.27.07","Randudongkal","33.27.07.2015","Mangli"
"33","Jawa Tengah","33.27","Kabupaten Pemalang","33.27.07","Randudongkal","33.27.07.2016","Kalitorong"
"33","Jawa Tengah","33.27","Kabupaten Pemalang","33.27.07","Randudongkal","33.27.07.2017","Kejene"
"33","Jawa Tengah","33.27","Kabupaten Pemalang","33.27.07","Randudongkal","33.27.07.2018","Gongseng"
"33","Jawa Tengah","33.27","Kabupaten Pemalang","33.27.08","Pemalang","33.27.08.1004","Paduraksa"
"33","Jawa Tengah","33.27","Kabupaten Pemalang","33.27.08","Pemalang","33.27.08.1013","Kebondalem"
"33","Jawa Tengah","33.27","Kabupaten Pemalang","33.27.08","Pemalang","33.27.08.1014","Bojongbata"
"33","Jawa Tengah","33.27","Kabupaten Pemalang","33.27.08","Pemalang","33.27.08.1015","Mulyoharjo"
"33","Jawa Tengah","33.27","Kabupaten Pemalang","33.27.08","Pemalang","33.27.08.1016","Pelutan"
"33","Jawa Tengah","33.27","Kabupaten Pemalang","33.27.08","Pemalang","33.27.08.1018","Sugihwaras"
"33","Jawa Tengah","33.27","Kabupaten Pemalang","33.27.08","Pemalang","33.27.08.1019","Widuri"
"33","Jawa Tengah","33.27","Kabupaten Pemalang","33.27.08","Pemalang","33.27.08.2001","Banjarmulya"
"33","Jawa Tengah","33.27","Kabupaten Pemalang","33.27.08","Pemalang","33.27.08.2002","Surajaya"
"33","Jawa Tengah","33.27","Kabupaten Pemalang","33.27.08","Pemalang","33.27.08.2003","Kramat"
"33","Jawa Tengah","33.27","Kabupaten Pemalang","33.27.08","Pemalang","33.27.08.2005","Pegongsoran"
"33","Jawa Tengah","33.27","Kabupaten Pemalang","33.27.08","Pemalang","33.27.08.2006","Sungapan"
"33","Jawa Tengah","33.27","Kabupaten Pemalang","33.27.08","Pemalang","33.27.08.2007","Saradan"
"33","Jawa Tengah","33.27","Kabupaten Pemalang","33.27.08","Pemalang","33.27.08.2008","Sewaka"
"33","Jawa Tengah","33.27","Kabupaten Pemalang","33.27.08","Pemalang","33.27.08.2009","Mengori"
"33","Jawa Tengah","33.27","Kabupaten Pemalang","33.27.08","Pemalang","33.27.08.2010","Wanamulya"
"33","Jawa Tengah","33.27","Kabupaten Pemalang","33.27.08","Pemalang","33.27.08.2011","Bojongnangka"
"33","Jawa Tengah","33.27","Kabupaten Pemalang","33.27.08","Pemalang","33.27.08.2012","Tambakrejo"
"33","Jawa Tengah","33.27","Kabupaten Pemalang","33.27.08","Pemalang","33.27.08.2017","Lawangrejo"
"33","Jawa Tengah","33.27","Kabupaten Pemalang","33.27.08","Pemalang","33.27.08.2020","Danasari"
"33","Jawa Tengah","33.27","Kabupaten Pemalang","33.27.09","Taman","33.27.09.1015","Wanarejan Selatan"
"33","Jawa Tengah","33.27","Kabupaten Pemalang","33.27.09","Taman","33.27.09.1016","Beji"
"33","Jawa Tengah","33.27","Kabupaten Pemalang","33.27.09","Taman","33.27.09.2001","Penggarit"
"33","Jawa Tengah","33.27","Kabupaten Pemalang","33.27.09","Taman","33.27.09.2002","Pener"
"33","Jawa Tengah","33.27","Kabupaten Pemalang","33.27.09","Taman","33.27.09.2003","Jrakah"
"33","Jawa Tengah","33.27","Kabupaten Pemalang","33.27.09","Taman","33.27.09.2004","Gondang"
"33","Jawa Tengah","33.27","Kabupaten Pemalang","33.27.09","Taman","33.27.09.2005","Sokawangi"
"33","Jawa Tengah","33.27","Kabupaten Pemalang","33.27.09","Taman","33.27.09.2006","Kejambon"
"33","Jawa Tengah","33.27","Kabupaten Pemalang","33.27.09","Taman","33.27.09.2007","Jebed Utara"
"33","Jawa Tengah","33.27","Kabupaten Pemalang","33.27.09","Taman","33.27.09.2008","Cibelok"
"33","Jawa Tengah","33.27","Kabupaten Pemalang","33.27.09","Taman","33.27.09.2009","Banjardawa"
"33","Jawa Tengah","33.27","Kabupaten Pemalang","33.27.09","Taman","33.27.09.2010","Banjaran"
"33","Jawa Tengah","33.27","Kabupaten Pemalang","33.27.09","Taman","33.27.09.2011","Sitemu"
"33","Jawa Tengah","33.27","Kabupaten Pemalang","33.27.09","Taman","33.27.09.2012","Pedurungan"
"33","Jawa Tengah","33.27","Kabupaten Pemalang","33.27.09","Taman","33.27.09.2013","Taman"
"33","Jawa Tengah","33.27","Kabupaten Pemalang","33.27.09","Taman","33.27.09.2014","Kaligelang"
"33","Jawa Tengah","33.27","Kabupaten Pemalang","33.27.09","Taman","33.27.09.2017","Kabunan"
"33","Jawa Tengah","33.27","Kabupaten Pemalang","33.27.09","Taman","33.27.09.2018","Asemdoyong"
"33","Jawa Tengah","33.27","Kabupaten Pemalang","33.27.09","Taman","33.27.09.2019","Kedungbanjar"
"33","Jawa Tengah","33.27","Kabupaten Pemalang","33.27.09","Taman","33.27.09.2020","Wanarejan Utara"
"33","Jawa Tengah","33.27","Kabupaten Pemalang","33.27.09","Taman","33.27.09.2021","Jebed Selatan"
"33","Jawa Tengah","33.27","Kabupaten Pemalang","33.27.10","Petarukan","33.27.10.1006","Petarukan"
"33","Jawa Tengah","33.27","Kabupaten Pemalang","33.27.10","Petarukan","33.27.10.2001","Kendalsari"
"33","Jawa Tengah","33.27","Kabupaten Pemalang","33.27.10","Petarukan","33.27.10.2002","Widodaren"
"33","Jawa Tengah","33.27","Kabupaten Pemalang","33.27.10","Petarukan","33.27.10.2003","Karangasem"
"33","Jawa Tengah","33.27","Kabupaten Pemalang","33.27.10","Petarukan","33.27.10.2004","Petanjungan"
"33","Jawa Tengah","33.27","Kabupaten Pemalang","33.27.10","Petarukan","33.27.10.2005","Serang"
"33","Jawa Tengah","33.27","Kabupaten Pemalang","33.27.10","Petarukan","33.27.10.2007","Kalirandu"
"33","Jawa Tengah","33.27","Kabupaten Pemalang","33.27.10","Petarukan","33.27.10.2008","Iser"
"33","Jawa Tengah","33.27","Kabupaten Pemalang","33.27.10","Petarukan","33.27.10.2009","Sirangkang"
"33","Jawa Tengah","33.27","Kabupaten Pemalang","33.27.10","Petarukan","33.27.10.2010","Pesucen"
"33","Jawa Tengah","33.27","Kabupaten Pemalang","33.27.10","Petarukan","33.27.10.2011","Temuireng"
"33","Jawa Tengah","33.27","Kabupaten Pemalang","33.27.10","Petarukan","33.27.10.2012","Panjunan"
"33","Jawa Tengah","33.27","Kabupaten Pemalang","33.27.10","Petarukan","33.27.10.2013","Kendaldoyong"
"33","Jawa Tengah","33.27","Kabupaten Pemalang","33.27.10","Petarukan","33.27.10.2014","Pegundan"
"33","Jawa Tengah","33.27","Kabupaten Pemalang","33.27.10","Petarukan","33.27.10.2015","Bulu"
"33","Jawa Tengah","33.27","Kabupaten Pemalang","33.27.10","Petarukan","33.27.10.2016","Tegalmlati"
"33","Jawa Tengah","33.27","Kabupaten Pemalang","33.27.10","Petarukan","33.27.10.2017","Loning"
"33","Jawa Tengah","33.27","Kabupaten Pemalang","33.27.10","Petarukan","33.27.10.2018","Klareyan"
"33","Jawa Tengah","33.27","Kabupaten Pemalang","33.27.10","Petarukan","33.27.10.2019","Kendalrejo"
"33","Jawa Tengah","33.27","Kabupaten Pemalang","33.27.10","Petarukan","33.27.10.2020","Nyamplungsari"
"33","Jawa Tengah","33.27","Kabupaten Pemalang","33.27.11","Ampelgading","33.27.11.2001","Sokawati"
"33","Jawa Tengah","33.27","Kabupaten Pemalang","33.27.11","Ampelgading","33.27.11.2002","Tegalsari Timur"
"33","Jawa Tengah","33.27","Kabupaten Pemalang","33.27.11","Ampelgading","33.27.11.2003","Kemuning"
"33","Jawa Tengah","33.27","Kabupaten Pemalang","33.27.11","Ampelgading","33.27.11.2004","Karangtalok"
"33","Jawa Tengah","33.27","Kabupaten Pemalang","33.27.11","Ampelgading","33.27.11.2005","Wonogiri"
"33","Jawa Tengah","33.27","Kabupaten Pemalang","33.27.11","Ampelgading","33.27.11.2006","Blimbing"
"33","Jawa Tengah","33.27","Kabupaten Pemalang","33.27.11","Ampelgading","33.27.11.2007","Ampelgading"
"33","Jawa Tengah","33.27","Kabupaten Pemalang","33.27.11","Ampelgading","33.27.11.2008","Cibiyuk"
"33","Jawa Tengah","33.27","Kabupaten Pemalang","33.27.11","Ampelgading","33.27.11.2009","Karangtengah"
"33","Jawa Tengah","33.27","Kabupaten Pemalang","33.27.11","Ampelgading","33.27.11.2010","Banglarangan"
"33","Jawa Tengah","33.27","Kabupaten Pemalang","33.27.11","Ampelgading","33.27.11.2011","Losari"
"33","Jawa Tengah","33.27","Kabupaten Pemalang","33.27.11","Ampelgading","33.27.11.2012","Ujunggede"
"33","Jawa Tengah","33.27","Kabupaten Pemalang","33.27.11","Ampelgading","33.27.11.2013","Jatirejo"
"33","Jawa Tengah","33.27","Kabupaten Pemalang","33.27.11","Ampelgading","33.27.11.2014","Kebagusan"
"33","Jawa Tengah","33.27","Kabupaten Pemalang","33.27.11","Ampelgading","33.27.11.2015","Sidokare"
"33","Jawa Tengah","33.27","Kabupaten Pemalang","33.27.11","Ampelgading","33.27.11.2016","Tegalsari Barat"
"33","Jawa Tengah","33.27","Kabupaten Pemalang","33.27.12","Comal","33.27.12.1005","Purwoharjo"
"33","Jawa Tengah","33.27","Kabupaten Pemalang","33.27.12","Comal","33.27.12.2001","Tumbal"
"33","Jawa Tengah","33.27","Kabupaten Pemalang","33.27.12","Comal","33.27.12.2002","Pecangakan"
"33","Jawa Tengah","33.27","Kabupaten Pemalang","33.27.12","Comal","33.27.12.2003","Sikayu"
"33","Jawa Tengah","33.27","Kabupaten Pemalang","33.27.12","Comal","33.27.12.2004","Purwosari"
"33","Jawa Tengah","33.27","Kabupaten Pemalang","33.27.12","Comal","33.27.12.2006","Sidorejo"
"33","Jawa Tengah","33.27","Kabupaten Pemalang","33.27.12","Comal","33.27.12.2007","Lowa"
"33","Jawa Tengah","33.27","Kabupaten Pemalang","33.27.12","Comal","33.27.12.2008","Ambokulon"
"33","Jawa Tengah","33.27","Kabupaten Pemalang","33.27.12","Comal","33.27.12.2009","Gandu"
"33","Jawa Tengah","33.27","Kabupaten Pemalang","33.27.12","Comal","33.27.12.2010","Gedeg"
"33","Jawa Tengah","33.27","Kabupaten Pemalang","33.27.12","Comal","33.27.12.2011","Gintung"
"33","Jawa Tengah","33.27","Kabupaten Pemalang","33.27.12","Comal","33.27.12.2012","Sarwodadi"
"33","Jawa Tengah","33.27","Kabupaten Pemalang","33.27.12","Comal","33.27.12.2013","Susukan"
"33","Jawa Tengah","33.27","Kabupaten Pemalang","33.27.12","Comal","33.27.12.2014","Klegen"
"33","Jawa Tengah","33.27","Kabupaten Pemalang","33.27.12","Comal","33.27.12.2015","Wonokromo"
"33","Jawa Tengah","33.27","Kabupaten Pemalang","33.27.12","Comal","33.27.12.2016","Kebojongan"
"33","Jawa Tengah","33.27","Kabupaten Pemalang","33.27.12","Comal","33.27.12.2017","Kandang"
"33","Jawa Tengah","33.27","Kabupaten Pemalang","33.27.12","Comal","33.27.12.2018","Kauman"
"33","Jawa Tengah","33.27","Kabupaten Pemalang","33.27.13","Ulujami","33.27.13.2001","Sukorejo"
"33","Jawa Tengah","33.27","Kabupaten Pemalang","33.27.13","Ulujami","33.27.13.2002","Botekan"
"33","Jawa Tengah","33.27","Kabupaten Pemalang","33.27.13","Ulujami","33.27.13.2003","Rowosari"
"33","Jawa Tengah","33.27","Kabupaten Pemalang","33.27.13","Ulujami","33.27.13.2004","Ambowetan"
"33","Jawa Tengah","33.27","Kabupaten Pemalang","33.27.13","Ulujami","33.27.13.2005","Pagergunung"
"33","Jawa Tengah","33.27","Kabupaten Pemalang","33.27.13","Ulujami","33.27.13.2006","Wiyorowetan"
"33","Jawa Tengah","33.27","Kabupaten Pemalang","33.27.13","Ulujami","33.27.13.2007","Samong"
"33","Jawa Tengah","33.27","Kabupaten Pemalang","33.27.13","Ulujami","33.27.13.2008","Tasikrejo"
"33","Jawa Tengah","33.27","Kabupaten Pemalang","33.27.13","Ulujami","33.27.13.2009","Bumirejo"
"33","Jawa Tengah","33.27","Kabupaten Pemalang","33.27.13","Ulujami","33.27.13.2010","Kaliprau"
"33","Jawa Tengah","33.27","Kabupaten Pemalang","33.27.13","Ulujami","33.27.13.2011","Kertosari"
"33","Jawa Tengah","33.27","Kabupaten Pemalang","33.27.13","Ulujami","33.27.13.2012","Pamutih"
"33","Jawa Tengah","33.27","Kabupaten Pemalang","33.27.13","Ulujami","33.27.13.2013","Padek"
"33","Jawa Tengah","33.27","Kabupaten Pemalang","33.27.13","Ulujami","33.27.13.2014","Blendung"
"33","Jawa Tengah","33.27","Kabupaten Pemalang","33.27.13","Ulujami","33.27.13.2015","Ketapang"
"33","Jawa Tengah","33.27","Kabupaten Pemalang","33.27.13","Ulujami","33.27.13.2016","Limbangan"
"33","Jawa Tengah","33.27","Kabupaten Pemalang","33.27.13","Ulujami","33.27.13.2017","Mojo"
"33","Jawa Tengah","33.27","Kabupaten Pemalang","33.27.13","Ulujami","33.27.13.2018","Pesantren"
"33","Jawa Tengah","33.27","Kabupaten Pemalang","33.27.14","Warungpring","33.27.14.2001","Pakembaran"
"33","Jawa Tengah","33.27","Kabupaten Pemalang","33.27.14","Warungpring","33.27.14.2002","Warungpring"
"33","Jawa Tengah","33.27","Kabupaten Pemalang","33.27.14","Warungpring","33.27.14.2003","Karangdawa"
"33","Jawa Tengah","33.27","Kabupaten Pemalang","33.27.14","Warungpring","33.27.14.2004","Datar"
"33","Jawa Tengah","33.27","Kabupaten Pemalang","33.27.14","Warungpring","33.27.14.2005","Cibuyur"
"33","Jawa Tengah","33.27","Kabupaten Pemalang","33.27.14","Warungpring","33.27.14.2006","Mereng"
"33","Jawa Tengah","33.28","Kabupaten Tegal","33.28.01","Margasari","33.28.01.2001","Prupuk Selatan"
"33","Jawa Tengah","33.28","Kabupaten Tegal","33.28.01","Margasari","33.28.01.2002","Kaligayam"
"33","Jawa Tengah","33.28","Kabupaten Tegal","33.28.01","Margasari","33.28.01.2003","Dukuh Tengah"
"33","Jawa Tengah","33.28","Kabupaten Tegal","33.28.01","Margasari","33.28.01.2004","Wanasari"
"33","Jawa Tengah","33.28","Kabupaten Tegal","33.28.01","Margasari","33.28.01.2005","Danaraja"
"33","Jawa Tengah","33.28","Kabupaten Tegal","33.28.01","Margasari","33.28.01.2006","Jembayat"
"33","Jawa Tengah","33.28","Kabupaten Tegal","33.28.01","Margasari","33.28.01.2007","Margasari"
"33","Jawa Tengah","33.28","Kabupaten Tegal","33.28.01","Margasari","33.28.01.2008","Pakulaut"
"33","Jawa Tengah","33.28","Kabupaten Tegal","33.28.01","Margasari","33.28.01.2009","Karangdawa"
"33","Jawa Tengah","33.28","Kabupaten Tegal","33.28.01","Margasari","33.28.01.2010","Kalisalak"
"33","Jawa Tengah","33.28","Kabupaten Tegal","33.28.01","Margasari","33.28.01.2011","Jatilaba"
"33","Jawa Tengah","33.28","Kabupaten Tegal","33.28.01","Margasari","33.28.01.2012","Prupuk Utara"
"33","Jawa Tengah","33.28","Kabupaten Tegal","33.28.01","Margasari","33.28.01.2013","Marga Ayu"
"33","Jawa Tengah","33.28","Kabupaten Tegal","33.28.02","Bumijawa","33.28.02.2001","Guci"
"33","Jawa Tengah","33.28","Kabupaten Tegal","33.28.02","Bumijawa","33.28.02.2002","Sigedong"
"33","Jawa Tengah","33.28","Kabupaten Tegal","33.28.02","Bumijawa","33.28.02.2003","Batumirah"
"33","Jawa Tengah","33.28","Kabupaten Tegal","33.28.02","Bumijawa","33.28.02.2004","Bumijawa"
"33","Jawa Tengah","33.28","Kabupaten Tegal","33.28.02","Bumijawa","33.28.02.2005","Sokasari"
"33","Jawa Tengah","33.28","Kabupaten Tegal","33.28.02","Bumijawa","33.28.02.2006","Sokatengah"
"33","Jawa Tengah","33.28","Kabupaten Tegal","33.28.02","Bumijawa","33.28.02.2007","Sumbaga"
"33","Jawa Tengah","33.28","Kabupaten Tegal","33.28.02","Bumijawa","33.28.02.2008","Traju"
"33","Jawa Tengah","33.28","Kabupaten Tegal","33.28.02","Bumijawa","33.28.02.2009","Muncanglarang"
"33","Jawa Tengah","33.28","Kabupaten Tegal","33.28.02","Bumijawa","33.28.02.2010","Begawat"
"33","Jawa Tengah","33.28","Kabupaten Tegal","33.28.02","Bumijawa","33.28.02.2011","Dukuhbenda"
"33","Jawa Tengah","33.28","Kabupaten Tegal","33.28.02","Bumijawa","33.28.02.2012","Cintamanik"
"33","Jawa Tengah","33.28","Kabupaten Tegal","33.28.02","Bumijawa","33.28.02.2013","Cempaka"
"33","Jawa Tengah","33.28","Kabupaten Tegal","33.28.02","Bumijawa","33.28.02.2014","Gunungagung"
"33","Jawa Tengah","33.28","Kabupaten Tegal","33.28.02","Bumijawa","33.28.02.2015","Jejeg"
"33","Jawa Tengah","33.28","Kabupaten Tegal","33.28.02","Bumijawa","33.28.02.2016","Pagerkasih"
"33","Jawa Tengah","33.28","Kabupaten Tegal","33.28.02","Bumijawa","33.28.02.2017","Carul"
"33","Jawa Tengah","33.28","Kabupaten Tegal","33.28.02","Bumijawa","33.28.02.2018","Cawitali"
"33","Jawa Tengah","33.28","Kabupaten Tegal","33.28.03","Bojong","33.28.03.2001","Rembul"
"33","Jawa Tengah","33.28","Kabupaten Tegal","33.28.03","Bojong","33.28.03.2002","Dukuhtengah"
"33","Jawa Tengah","33.28","Kabupaten Tegal","33.28.03","Bojong","33.28.03.2003","Kedawung"
"33","Jawa Tengah","33.28","Kabupaten Tegal","33.28.03","Bojong","33.28.03.2004","Suniarsih"
"33","Jawa Tengah","33.28","Kabupaten Tegal","33.28.03","Bojong","33.28.03.2005","Karangmulya"
"33","Jawa Tengah","33.28","Kabupaten Tegal","33.28.03","Bojong","33.28.03.2006","Tuwel"
"33","Jawa Tengah","33.28","Kabupaten Tegal","33.28.03","Bojong","33.28.03.2007","Bojong"
"33","Jawa Tengah","33.28","Kabupaten Tegal","33.28.03","Bojong","33.28.03.2008","Buniwah"
"33","Jawa Tengah","33.28","Kabupaten Tegal","33.28.03","Bojong","33.28.03.2009","Lengkong"
"33","Jawa Tengah","33.28","Kabupaten Tegal","33.28.03","Bojong","33.28.03.2010","Batunyana"
"33","Jawa Tengah","33.28","Kabupaten Tegal","33.28.03","Bojong","33.28.03.2011","Sangkanayu"
"33","Jawa Tengah","33.28","Kabupaten Tegal","33.28.03","Bojong","33.28.03.2012","Gunungjati"
"33","Jawa Tengah","33.28","Kabupaten Tegal","33.28.03","Bojong","33.28.03.2013","Puncangluwuk"
"33","Jawa Tengah","33.28","Kabupaten Tegal","33.28.03","Bojong","33.28.03.2014","Kajenengan"
"33","Jawa Tengah","33.28","Kabupaten Tegal","33.28.03","Bojong","33.28.03.2015","Kalijambu"
"33","Jawa Tengah","33.28","Kabupaten Tegal","33.28.03","Bojong","33.28.03.2016","Danasari"
"33","Jawa Tengah","33.28","Kabupaten Tegal","33.28.03","Bojong","33.28.03.2017","Cikura"
"33","Jawa Tengah","33.28","Kabupaten Tegal","33.28.04","Balapulang","33.28.04.2001","Cenggini"
"33","Jawa Tengah","33.28","Kabupaten Tegal","33.28.04","Balapulang","33.28.04.2002","Bukateja"
"33","Jawa Tengah","33.28","Kabupaten Tegal","33.28.04","Balapulang","33.28.04.2003","Kalibakung"
"33","Jawa Tengah","33.28","Kabupaten Tegal","33.28.04","Balapulang","33.28.04.2004","Karangjambu"
"33","Jawa Tengah","33.28","Kabupaten Tegal","33.28.04","Balapulang","33.28.04.2005","Cilongok"
"33","Jawa Tengah","33.28","Kabupaten Tegal","33.28.04","Balapulang","33.28.04.2006","Tembongwah"
"33","Jawa Tengah","33.28","Kabupaten Tegal","33.28.04","Balapulang","33.28.04.2007","Danareja"
"33","Jawa Tengah","33.28","Kabupaten Tegal","33.28.04","Balapulang","33.28.04.2008","Sangkanjaya"
"33","Jawa Tengah","33.28","Kabupaten Tegal","33.28.04","Balapulang","33.28.04.2009","Danawarih"
"33","Jawa Tengah","33.28","Kabupaten Tegal","33.28.04","Balapulang","33.28.04.2010","Pagerwangi"
"33","Jawa Tengah","33.28","Kabupaten Tegal","33.28.04","Balapulang","33.28.04.2011","Harjowinangun"
"33","Jawa Tengah","33.28","Kabupaten Tegal","33.28.04","Balapulang","33.28.04.2012","Batuagung"
"33","Jawa Tengah","33.28","Kabupaten Tegal","33.28.04","Balapulang","33.28.04.2013","Kaliwungu"
"33","Jawa Tengah","33.28","Kabupaten Tegal","33.28.04","Balapulang","33.28.04.2014","Banjaranyar"
"33","Jawa Tengah","33.28","Kabupaten Tegal","33.28.04","Balapulang","33.28.04.2015","Sesepan"
"33","Jawa Tengah","33.28","Kabupaten Tegal","33.28.04","Balapulang","33.28.04.2016","Wringinjenggot"
"33","Jawa Tengah","33.28","Kabupaten Tegal","33.28.04","Balapulang","33.28.04.2017","Pamiritan"
"33","Jawa Tengah","33.28","Kabupaten Tegal","33.28.04","Balapulang","33.28.04.2018","Balapulang Wetan"
"33","Jawa Tengah","33.28","Kabupaten Tegal","33.28.04","Balapulang","33.28.04.2019","Balapulang Kulon"
"33","Jawa Tengah","33.28","Kabupaten Tegal","33.28.04","Balapulang","33.28.04.2020","Cibunar"
"33","Jawa Tengah","33.28","Kabupaten Tegal","33.28.05","Pagerbarang","33.28.05.2001","Srengseng"
"33","Jawa Tengah","33.28","Kabupaten Tegal","33.28.05","Pagerbarang","33.28.05.2002","Rajegwesi"
"33","Jawa Tengah","33.28","Kabupaten Tegal","33.28.05","Pagerbarang","33.28.05.2003","Sidamulya"
"33","Jawa Tengah","33.28","Kabupaten Tegal","33.28.05","Pagerbarang","33.28.05.2004","Mulyoharjo"
"33","Jawa Tengah","33.28","Kabupaten Tegal","33.28.05","Pagerbarang","33.28.05.2005","Semboja"
"33","Jawa Tengah","33.28","Kabupaten Tegal","33.28.05","Pagerbarang","33.28.05.2006","Randusari"
"33","Jawa Tengah","33.28","Kabupaten Tegal","33.28.05","Pagerbarang","33.28.05.2007","Jatiwangi"
"33","Jawa Tengah","33.28","Kabupaten Tegal","33.28.05","Pagerbarang","33.28.05.2008","Pagerbarang"
"33","Jawa Tengah","33.28","Kabupaten Tegal","33.28.05","Pagerbarang","33.28.05.2009","Karanganyar"
"33","Jawa Tengah","33.28","Kabupaten Tegal","33.28.05","Pagerbarang","33.28.05.2010","Kertaharja"
"33","Jawa Tengah","33.28","Kabupaten Tegal","33.28.05","Pagerbarang","33.28.05.2011","Kedungsugih"
"33","Jawa Tengah","33.28","Kabupaten Tegal","33.28.05","Pagerbarang","33.28.05.2012","Surokidul"
"33","Jawa Tengah","33.28","Kabupaten Tegal","33.28.05","Pagerbarang","33.28.05.2013","Pesarean"
"33","Jawa Tengah","33.28","Kabupaten Tegal","33.28.06","Lebaksiu","33.28.06.2001","Timbangreja"
"33","Jawa Tengah","33.28","Kabupaten Tegal","33.28.06","Lebaksiu","33.28.06.2002","Lebaksiu Kidul"
"33","Jawa Tengah","33.28","Kabupaten Tegal","33.28.06","Lebaksiu","33.28.06.2003","Lebaksiu Lor"
"33","Jawa Tengah","33.28","Kabupaten Tegal","33.28.06","Lebaksiu","33.28.06.2004","Kajen"
"33","Jawa Tengah","33.28","Kabupaten Tegal","33.28.06","Lebaksiu","33.28.06.2005","Yamansari"
"33","Jawa Tengah","33.28","Kabupaten Tegal","33.28.06","Lebaksiu","33.28.06.2006","Kesuben"
"33","Jawa Tengah","33.28","Kabupaten Tegal","33.28.06","Lebaksiu","33.28.06.2007","Balaradin"
"33","Jawa Tengah","33.28","Kabupaten Tegal","33.28.06","Lebaksiu","33.28.06.2008","Lebakgowah"
"33","Jawa Tengah","33.28","Kabupaten Tegal","33.28.06","Lebaksiu","33.28.06.2009","Dukuhlo"
"33","Jawa Tengah","33.28","Kabupaten Tegal","33.28.06","Lebaksiu","33.28.06.2010","Pendawa"
"33","Jawa Tengah","33.28","Kabupaten Tegal","33.28.06","Lebaksiu","33.28.06.2011","Jatimulya"
"33","Jawa Tengah","33.28","Kabupaten Tegal","33.28.06","Lebaksiu","33.28.06.2012","Kambangan"
"33","Jawa Tengah","33.28","Kabupaten Tegal","33.28.06","Lebaksiu","33.28.06.2013","Slarangkidul"
"33","Jawa Tengah","33.28","Kabupaten Tegal","33.28.06","Lebaksiu","33.28.06.2014","Tegalandong"
"33","Jawa Tengah","33.28","Kabupaten Tegal","33.28.06","Lebaksiu","33.28.06.2015","Dukuhdamu"
"33","Jawa Tengah","33.28","Kabupaten Tegal","33.28.07","Jatinegara","33.28.07.2001","Kedungwungu"
"33","Jawa Tengah","33.28","Kabupaten Tegal","33.28.07","Jatinegara","33.28.07.2002","Mokaha"
"33","Jawa Tengah","33.28","Kabupaten Tegal","33.28.07","Jatinegara","33.28.07.2003","Penyalahan"
"33","Jawa Tengah","33.28","Kabupaten Tegal","33.28.07","Jatinegara","33.28.07.2004","Sitail"
"33","Jawa Tengah","33.28","Kabupaten Tegal","33.28.07","Jatinegara","33.28.07.2005","Sumbarang"
"33","Jawa Tengah","33.28","Kabupaten Tegal","33.28.07","Jatinegara","33.28.07.2006","Cerih"
"33","Jawa Tengah","33.28","Kabupaten Tegal","33.28.07","Jatinegara","33.28.07.2007","Gantungan"
"33","Jawa Tengah","33.28","Kabupaten Tegal","33.28.07","Jatinegara","33.28.07.2008","Argatawang"
"33","Jawa Tengah","33.28","Kabupaten Tegal","33.28.07","Jatinegara","33.28.07.2009","Padasari"
"33","Jawa Tengah","33.28","Kabupaten Tegal","33.28.07","Jatinegara","33.28.07.2010","Capar"
"33","Jawa Tengah","33.28","Kabupaten Tegal","33.28.07","Jatinegara","33.28.07.2011","Lebakwangi"
"33","Jawa Tengah","33.28","Kabupaten Tegal","33.28.07","Jatinegara","33.28.07.2012","Dukuhbangsa"
"33","Jawa Tengah","33.28","Kabupaten Tegal","33.28.07","Jatinegara","33.28.07.2013","Jatinegara"
"33","Jawa Tengah","33.28","Kabupaten Tegal","33.28.07","Jatinegara","33.28.07.2014","Luwijawa"
"33","Jawa Tengah","33.28","Kabupaten Tegal","33.28.07","Jatinegara","33.28.07.2015","Lembasari"
"33","Jawa Tengah","33.28","Kabupaten Tegal","33.28.07","Jatinegara","33.28.07.2016","Tamansari"
"33","Jawa Tengah","33.28","Kabupaten Tegal","33.28.07","Jatinegara","33.28.07.2017","Wotgalih"
"33","Jawa Tengah","33.28","Kabupaten Tegal","33.28.08","Kedungbanteng","33.28.08.2001","Penujah"
"33","Jawa Tengah","33.28","Kabupaten Tegal","33.28.08","Kedungbanteng","33.28.08.2002","Karanganyar"
"33","Jawa Tengah","33.28","Kabupaten Tegal","33.28.08","Kedungbanteng","33.28.08.2003","Tonggara"
"33","Jawa Tengah","33.28","Kabupaten Tegal","33.28.08","Kedungbanteng","33.28.08.2004","Kedungbanteng"
"33","Jawa Tengah","33.28","Kabupaten Tegal","33.28.08","Kedungbanteng","33.28.08.2005","Dukuhjati Wetan"
"33","Jawa Tengah","33.28","Kabupaten Tegal","33.28.08","Kedungbanteng","33.28.08.2006","Sumingkir"
"33","Jawa Tengah","33.28","Kabupaten Tegal","33.28.08","Kedungbanteng","33.28.08.2007","Margamulya"
"33","Jawa Tengah","33.28","Kabupaten Tegal","33.28.08","Kedungbanteng","33.28.08.2008","Kebandingan"
"33","Jawa Tengah","33.28","Kabupaten Tegal","33.28.08","Kedungbanteng","33.28.08.2009","Karangmalang"
"33","Jawa Tengah","33.28","Kabupaten Tegal","33.28.08","Kedungbanteng","33.28.08.2010","Semedo"
"33","Jawa Tengah","33.28","Kabupaten Tegal","33.28.09","Pangkah","33.28.09.2001","Dermasuci"
"33","Jawa Tengah","33.28","Kabupaten Tegal","33.28.09","Pangkah","33.28.09.2002","Pener"
"33","Jawa Tengah","33.28","Kabupaten Tegal","33.28.09","Pangkah","33.28.09.2003","Dukuhjati Kidul"
"33","Jawa Tengah","33.28","Kabupaten Tegal","33.28.09","Pangkah","33.28.09.2004","Depok"
"33","Jawa Tengah","33.28","Kabupaten Tegal","33.28.09","Pangkah","33.28.09.2005","Penusupan"
"33","Jawa Tengah","33.28","Kabupaten Tegal","33.28.09","Pangkah","33.28.09.2006","Bogares Kidul"
"33","Jawa Tengah","33.28","Kabupaten Tegal","33.28.09","Pangkah","33.28.09.2007","Bogares Lor"
"33","Jawa Tengah","33.28","Kabupaten Tegal","33.28.09","Pangkah","33.28.09.2008","Pangkah"
"33","Jawa Tengah","33.28","Kabupaten Tegal","33.28.09","Pangkah","33.28.09.2009","Dukuhsembung"
"33","Jawa Tengah","33.28","Kabupaten Tegal","33.28.09","Pangkah","33.28.09.2010","Curug"
"33","Jawa Tengah","33.28","Kabupaten Tegal","33.28.09","Pangkah","33.28.09.2011","Kendalserut"
"33","Jawa Tengah","33.28","Kabupaten Tegal","33.28.09","Pangkah","33.28.09.2012","Grobog Kulon"
"33","Jawa Tengah","33.28","Kabupaten Tegal","33.28.09","Pangkah","33.28.09.2013","Bedug"
"33","Jawa Tengah","33.28","Kabupaten Tegal","33.28.09","Pangkah","33.28.09.2014","Pecabean"
"33","Jawa Tengah","33.28","Kabupaten Tegal","33.28.09","Pangkah","33.28.09.2015","Grobog Wetan"
"33","Jawa Tengah","33.28","Kabupaten Tegal","33.28.09","Pangkah","33.28.09.2016","Talok"
"33","Jawa Tengah","33.28","Kabupaten Tegal","33.28.09","Pangkah","33.28.09.2017","Paketiban"
"33","Jawa Tengah","33.28","Kabupaten Tegal","33.28.09","Pangkah","33.28.09.2018","Rancawiru"
"33","Jawa Tengah","33.28","Kabupaten Tegal","33.28.09","Pangkah","33.28.09.2019","Jenggawur"
"33","Jawa Tengah","33.28","Kabupaten Tegal","33.28.09","Pangkah","33.28.09.2020","Kalikangkung"
"33","Jawa Tengah","33.28","Kabupaten Tegal","33.28.09","Pangkah","33.28.09.2021","Pubayasa"
"33","Jawa Tengah","33.28","Kabupaten Tegal","33.28.09","Pangkah","33.28.09.2022","Dermasandi"
"33","Jawa Tengah","33.28","Kabupaten Tegal","33.28.09","Pangkah","33.28.09.2023","Balamoa"
"33","Jawa Tengah","33.28","Kabupaten Tegal","33.28.10","Slawi","33.28.10.1006","Pakembaran"
"33","Jawa Tengah","33.28","Kabupaten Tegal","33.28.10","Slawi","33.28.10.1007","Kagok"
"33","Jawa Tengah","33.28","Kabupaten Tegal","33.28.10","Slawi","33.28.10.1008","Procot"
"33","Jawa Tengah","33.28","Kabupaten Tegal","33.28.10","Slawi","33.28.10.1009","Kudaile"
"33","Jawa Tengah","33.28","Kabupaten Tegal","33.28.10","Slawi","33.28.10.1010","Slawi Wetan"
"33","Jawa Tengah","33.28","Kabupaten Tegal","33.28.10","Slawi","33.28.10.2001","Kalisapu"
"33","Jawa Tengah","33.28","Kabupaten Tegal","33.28.10","Slawi","33.28.10.2002","Dukuhwringin"
"33","Jawa Tengah","33.28","Kabupaten Tegal","33.28.10","Slawi","33.28.10.2003","Dukuhsalam"
"33","Jawa Tengah","33.28","Kabupaten Tegal","33.28.10","Slawi","33.28.10.2004","Slawi Kulon"
"33","Jawa Tengah","33.28","Kabupaten Tegal","33.28.10","Slawi","33.28.10.2005","Trayeman"
"33","Jawa Tengah","33.28","Kabupaten Tegal","33.28.11","Adiwerna","33.28.11.2001","Pedeslohor"
"33","Jawa Tengah","33.28","Kabupaten Tegal","33.28.11","Adiwerna","33.28.11.2002","Lumingser"
"33","Jawa Tengah","33.28","Kabupaten Tegal","33.28.11","Adiwerna","33.28.11.2003","Kedungsukun"
"33","Jawa Tengah","33.28","Kabupaten Tegal","33.28.11","Adiwerna","33.28.11.2004","Pagiyanten"
"33","Jawa Tengah","33.28","Kabupaten Tegal","33.28.11","Adiwerna","33.28.11.2005","Penarukan"
"33","Jawa Tengah","33.28","Kabupaten Tegal","33.28.11","Adiwerna","33.28.11.2006","Harjosari Lor"
"33","Jawa Tengah","33.28","Kabupaten Tegal","33.28.11","Adiwerna","33.28.11.2007","Tembok Lor"
"33","Jawa Tengah","33.28","Kabupaten Tegal","33.28.11","Adiwerna","33.28.11.2008","Tembok Kidul"
"33","Jawa Tengah","33.28","Kabupaten Tegal","33.28.11","Adiwerna","33.28.11.2009","Tembok Banjaran"
"33","Jawa Tengah","33.28","Kabupaten Tegal","33.28.11","Adiwerna","33.28.11.2010","Tembok Luwung"
"33","Jawa Tengah","33.28","Kabupaten Tegal","33.28.11","Adiwerna","33.28.11.2011","Adiwerna"
"33","Jawa Tengah","33.28","Kabupaten Tegal","33.28.11","Adiwerna","33.28.11.2012","Kalimati"
"33","Jawa Tengah","33.28","Kabupaten Tegal","33.28.11","Adiwerna","33.28.11.2013","Lemahduwur"
"33","Jawa Tengah","33.28","Kabupaten Tegal","33.28.11","Adiwerna","33.28.11.2014","Pesarean"
"33","Jawa Tengah","33.28","Kabupaten Tegal","33.28.11","Adiwerna","33.28.11.2015","Ujungrusi"
"33","Jawa Tengah","33.28","Kabupaten Tegal","33.28.11","Adiwerna","33.28.11.2016","Pagedangan"
"33","Jawa Tengah","33.28","Kabupaten Tegal","33.28.11","Adiwerna","33.28.11.2017","Kaliwadas"
"33","Jawa Tengah","33.28","Kabupaten Tegal","33.28.11","Adiwerna","33.28.11.2018","Pecangakan"
"33","Jawa Tengah","33.28","Kabupaten Tegal","33.28.11","Adiwerna","33.28.11.2019","Gumalar"
"33","Jawa Tengah","33.28","Kabupaten Tegal","33.28.11","Adiwerna","33.28.11.2020","Bersole"
"33","Jawa Tengah","33.28","Kabupaten Tegal","33.28.11","Adiwerna","33.28.11.2021","Harjosari Kidul"
"33","Jawa Tengah","33.28","Kabupaten Tegal","33.28.12","Talang","33.28.12.2001","Pegirikan"
"33","Jawa Tengah","33.28","Kabupaten Tegal","33.28.12","Talang","33.28.12.2002","Pekiringan"
"33","Jawa Tengah","33.28","Kabupaten Tegal","33.28.12","Talang","33.28.12.2003","Gembongkulon"
"33","Jawa Tengah","33.28","Kabupaten Tegal","33.28.12","Talang","33.28.12.2004","Pasangan"
"33","Jawa Tengah","33.28","Kabupaten Tegal","33.28.12","Talang","33.28.12.2005","Langgen"
"33","Jawa Tengah","33.28","Kabupaten Tegal","33.28.12","Talang","33.28.12.2006","Bengle"
"33","Jawa Tengah","33.28","Kabupaten Tegal","33.28.12","Talang","33.28.12.2007","Dukuhmalang"
"33","Jawa Tengah","33.28","Kabupaten Tegal","33.28.12","Talang","33.28.12.2008","Pesayangan"
"33","Jawa Tengah","33.28","Kabupaten Tegal","33.28.12","Talang","33.28.12.2009","Kajen"
"33","Jawa Tengah","33.28","Kabupaten Tegal","33.28.12","Talang","33.28.12.2010","Kebasen"
"33","Jawa Tengah","33.28","Kabupaten Tegal","33.28.12","Talang","33.28.12.2011","Tegalwangi"
"33","Jawa Tengah","33.28","Kabupaten Tegal","33.28.12","Talang","33.28.12.2012","Kaligayam"
"33","Jawa Tengah","33.28","Kabupaten Tegal","33.28.12","Talang","33.28.12.2013","Talang"
"33","Jawa Tengah","33.28","Kabupaten Tegal","33.28.12","Talang","33.28.12.2014","Kaladawa"
"33","Jawa Tengah","33.28","Kabupaten Tegal","33.28.12","Talang","33.28.12.2015","Cangkring"
"33","Jawa Tengah","33.28","Kabupaten Tegal","33.28.12","Talang","33.28.12.2016","Dawuhan"
"33","Jawa Tengah","33.28","Kabupaten Tegal","33.28.12","Talang","33.28.12.2017","Getaskerep"
"33","Jawa Tengah","33.28","Kabupaten Tegal","33.28.12","Talang","33.28.12.2018","Pacul"
"33","Jawa Tengah","33.28","Kabupaten Tegal","33.28.12","Talang","33.28.12.2019","Wangandawa"
"33","Jawa Tengah","33.28","Kabupaten Tegal","33.28.13","Dukuhturi","33.28.13.2001","Ketanggungan"
"33","Jawa Tengah","33.28","Kabupaten Tegal","33.28.13","Dukuhturi","33.28.13.2002","Kupu"
"33","Jawa Tengah","33.28","Kabupaten Tegal","33.28.13","Dukuhturi","33.28.13.2003","Sidakaton"
"33","Jawa Tengah","33.28","Kabupaten Tegal","33.28.13","Dukuhturi","33.28.13.2004","Sidapurna"
"33","Jawa Tengah","33.28","Kabupaten Tegal","33.28.13","Dukuhturi","33.28.13.2005","Pepedan"
"33","Jawa Tengah","33.28","Kabupaten Tegal","33.28.13","Dukuhturi","33.28.13.2006","Pengarasan"
"33","Jawa Tengah","33.28","Kabupaten Tegal","33.28.13","Dukuhturi","33.28.13.2007","Lawatan"
"33","Jawa Tengah","33.28","Kabupaten Tegal","33.28.13","Dukuhturi","33.28.13.2008","Dukuhturi"
"33","Jawa Tengah","33.28","Kabupaten Tegal","33.28.13","Dukuhturi","33.28.13.2009","Pekauman Kulon"
"33","Jawa Tengah","33.28","Kabupaten Tegal","33.28.13","Dukuhturi","33.28.13.2010","Pagongan"
"33","Jawa Tengah","33.28","Kabupaten Tegal","33.28.13","Dukuhturi","33.28.13.2011","Debongwetan"
"33","Jawa Tengah","33.28","Kabupaten Tegal","33.28.13","Dukuhturi","33.28.13.2012","Kepandean"
"33","Jawa Tengah","33.28","Kabupaten Tegal","33.28.13","Dukuhturi","33.28.13.2013","Grogol"
"33","Jawa Tengah","33.28","Kabupaten Tegal","33.28.13","Dukuhturi","33.28.13.2014","Bandasari"
"33","Jawa Tengah","33.28","Kabupaten Tegal","33.28.13","Dukuhturi","33.28.13.2015","Sutapranan"
"33","Jawa Tengah","33.28","Kabupaten Tegal","33.28.13","Dukuhturi","33.28.13.2016","Kademangaran"
"33","Jawa Tengah","33.28","Kabupaten Tegal","33.28.13","Dukuhturi","33.28.13.2017","Karanganyar"
"33","Jawa Tengah","33.28","Kabupaten Tegal","33.28.13","Dukuhturi","33.28.13.2018","Pengabean"
"33","Jawa Tengah","33.28","Kabupaten Tegal","33.28.14","Tarub","33.28.14.2001","Jatirawa"
"33","Jawa Tengah","33.28","Kabupaten Tegal","33.28.14","Tarub","33.28.14.2002","Kabukan"
"33","Jawa Tengah","33.28","Kabupaten Tegal","33.28.14","Tarub","33.28.14.2003","Setu"
"33","Jawa Tengah","33.28","Kabupaten Tegal","33.28.14","Tarub","33.28.14.2004","Purbasana"
"33","Jawa Tengah","33.28","Kabupaten Tegal","33.28.14","Tarub","33.28.14.2005","Kemanggungan"
"33","Jawa Tengah","33.28","Kabupaten Tegal","33.28.14","Tarub","33.28.14.2006","Karangmangu"
"33","Jawa Tengah","33.28","Kabupaten Tegal","33.28.14","Tarub","33.28.14.2007","Lebeteng"
"33","Jawa Tengah","33.28","Kabupaten Tegal","33.28.14","Tarub","33.28.14.2008","Brekat"
"33","Jawa Tengah","33.28","Kabupaten Tegal","33.28.14","Tarub","33.28.14.2009","Karangjati"
"33","Jawa Tengah","33.28","Kabupaten Tegal","33.28.14","Tarub","33.28.14.2010","Bulakwaru"
"33","Jawa Tengah","33.28","Kabupaten Tegal","33.28.14","Tarub","33.28.14.2011","Mindaka"
"33","Jawa Tengah","33.28","Kabupaten Tegal","33.28.14","Tarub","33.28.14.2012","Tarub"
"33","Jawa Tengah","33.28","Kabupaten Tegal","33.28.14","Tarub","33.28.14.2013","Kedungbungkus"
"33","Jawa Tengah","33.28","Kabupaten Tegal","33.28.14","Tarub","33.28.14.2014","Kedokansayang"
"33","Jawa Tengah","33.28","Kabupaten Tegal","33.28.14","Tarub","33.28.14.2015","Bumiharja"
"33","Jawa Tengah","33.28","Kabupaten Tegal","33.28.14","Tarub","33.28.14.2016","Kalijambe"
"33","Jawa Tengah","33.28","Kabupaten Tegal","33.28.14","Tarub","33.28.14.2017","Margapadang"
"33","Jawa Tengah","33.28","Kabupaten Tegal","33.28.14","Tarub","33.28.14.2018","Kesamiran"
"33","Jawa Tengah","33.28","Kabupaten Tegal","33.28.14","Tarub","33.28.14.2019","Kesadikan"
"33","Jawa Tengah","33.28","Kabupaten Tegal","33.28.14","Tarub","33.28.14.2020","Mangunsaren"
"33","Jawa Tengah","33.28","Kabupaten Tegal","33.28.15","Kramat","33.28.15.1019","Dampyak"
"33","Jawa Tengah","33.28","Kabupaten Tegal","33.28.15","Kramat","33.28.15.2001","Mejasem Barat"
"33","Jawa Tengah","33.28","Kabupaten Tegal","33.28.15","Kramat","33.28.15.2002","Jatilawang"
"33","Jawa Tengah","33.28","Kabupaten Tegal","33.28.15","Kramat","33.28.15.2003","Babakan"
"33","Jawa Tengah","33.28","Kabupaten Tegal","33.28.15","Kramat","33.28.15.2004","Kemantran"
"33","Jawa Tengah","33.28","Kabupaten Tegal","33.28.15","Kramat","33.28.15.2005","Kertaharja"
"33","Jawa Tengah","33.28","Kabupaten Tegal","33.28.15","Kramat","33.28.15.2006","Ketileng"
"33","Jawa Tengah","33.28","Kabupaten Tegal","33.28.15","Kramat","33.28.15.2007","Kepunduhan"
"33","Jawa Tengah","33.28","Kabupaten Tegal","33.28.15","Kramat","33.28.15.2008","Bangun Galih"
"33","Jawa Tengah","33.28","Kabupaten Tegal","33.28.15","Kramat","33.28.15.2009","Tanjungharja"
"33","Jawa Tengah","33.28","Kabupaten Tegal","33.28.15","Kramat","33.28.15.2010","Kemuning"
"33","Jawa Tengah","33.28","Kabupaten Tegal","33.28.15","Kramat","33.28.15.2011","Plumbungan"
"33","Jawa Tengah","33.28","Kabupaten Tegal","33.28.15","Kramat","33.28.15.2012","Maribaya"
"33","Jawa Tengah","33.28","Kabupaten Tegal","33.28.15","Kramat","33.28.15.2013","Kramat"
"33","Jawa Tengah","33.28","Kabupaten Tegal","33.28.15","Kramat","33.28.15.2014","Bongkok"
"33","Jawa Tengah","33.28","Kabupaten Tegal","33.28.15","Kramat","33.28.15.2015","Munjungagung"
"33","Jawa Tengah","33.28","Kabupaten Tegal","33.28.15","Kramat","33.28.15.2016","Dinuk"
"33","Jawa Tengah","33.28","Kabupaten Tegal","33.28.15","Kramat","33.28.15.2017","Kertayasa"
"33","Jawa Tengah","33.28","Kabupaten Tegal","33.28.15","Kramat","33.28.15.2018","Padaharja"
"33","Jawa Tengah","33.28","Kabupaten Tegal","33.28.15","Kramat","33.28.15.2020","Mejasem Timur"
"33","Jawa Tengah","33.28","Kabupaten Tegal","33.28.16","Suradadi","33.28.16.2001","Karangwuluh"
"33","Jawa Tengah","33.28","Kabupaten Tegal","33.28.16","Suradadi","33.28.16.2002","Gembongdadi"
"33","Jawa Tengah","33.28","Kabupaten Tegal","33.28.16","Suradadi","33.28.16.2003","Karangmulya"
"33","Jawa Tengah","33.28","Kabupaten Tegal","33.28.16","Suradadi","33.28.16.2004","Harjasari"
"33","Jawa Tengah","33.28","Kabupaten Tegal","33.28.16","Suradadi","33.28.16.2005","Kertasari"
"33","Jawa Tengah","33.28","Kabupaten Tegal","33.28.16","Suradadi","33.28.16.2006","Jatimulya"
"33","Jawa Tengah","33.28","Kabupaten Tegal","33.28.16","Suradadi","33.28.16.2007","Jatibogor"
"33","Jawa Tengah","33.28","Kabupaten Tegal","33.28.16","Suradadi","33.28.16.2008","Sidaharja"
"33","Jawa Tengah","33.28","Kabupaten Tegal","33.28.16","Suradadi","33.28.16.2009","Purwahamba"
"33","Jawa Tengah","33.28","Kabupaten Tegal","33.28.16","Suradadi","33.28.16.2010","Suradadi"
"33","Jawa Tengah","33.28","Kabupaten Tegal","33.28.16","Suradadi","33.28.16.2011","Bojongsana"
"33","Jawa Tengah","33.28","Kabupaten Tegal","33.28.17","Warureja","33.28.17.2001","Sidamulya"
"33","Jawa Tengah","33.28","Kabupaten Tegal","33.28.17","Warureja","33.28.17.2002","Kedungjati"
"33","Jawa Tengah","33.28","Kabupaten Tegal","33.28.17","Warureja","33.28.17.2003","Kendayakan"
"33","Jawa Tengah","33.28","Kabupaten Tegal","33.28.17","Warureja","33.28.17.2004","Warureja"
"33","Jawa Tengah","33.28","Kabupaten Tegal","33.28.17","Warureja","33.28.17.2005","Demangharjo"
"33","Jawa Tengah","33.28","Kabupaten Tegal","33.28.17","Warureja","33.28.17.2006","Banjarturi"
"33","Jawa Tengah","33.28","Kabupaten Tegal","33.28.17","Warureja","33.28.17.2007","Kedungkelor"
"33","Jawa Tengah","33.28","Kabupaten Tegal","33.28.17","Warureja","33.28.17.2008","Sukareja"
"33","Jawa Tengah","33.28","Kabupaten Tegal","33.28.17","Warureja","33.28.17.2009","Banjaragung"
"33","Jawa Tengah","33.28","Kabupaten Tegal","33.28.17","Warureja","33.28.17.2010","Sigentong"
"33","Jawa Tengah","33.28","Kabupaten Tegal","33.28.17","Warureja","33.28.17.2011","Kreman"
"33","Jawa Tengah","33.28","Kabupaten Tegal","33.28.17","Warureja","33.28.17.2012","Rangi Mulya"
"33","Jawa Tengah","33.28","Kabupaten Tegal","33.28.18","Dukuhwaru","33.28.18.2001","Slaranglor"
"33","Jawa Tengah","33.28","Kabupaten Tegal","33.28.18","Dukuhwaru","33.28.18.2002","Selapura"
"33","Jawa Tengah","33.28","Kabupaten Tegal","33.28.18","Dukuhwaru","33.28.18.2003","Blubuk"
"33","Jawa Tengah","33.28","Kabupaten Tegal","33.28.18","Dukuhwaru","33.28.18.2004","Gumayun"
"33","Jawa Tengah","33.28","Kabupaten Tegal","33.28.18","Dukuhwaru","33.28.18.2005","Kabunan"
"33","Jawa Tengah","33.28","Kabupaten Tegal","33.28.18","Dukuhwaru","33.28.18.2006","Pedagangan"
"33","Jawa Tengah","33.28","Kabupaten Tegal","33.28.18","Dukuhwaru","33.28.18.2007","Kalisoka"
"33","Jawa Tengah","33.28","Kabupaten Tegal","33.28.18","Dukuhwaru","33.28.18.2008","Sindang"
"33","Jawa Tengah","33.28","Kabupaten Tegal","33.28.18","Dukuhwaru","33.28.18.2009","Dukuhwaru"
"33","Jawa Tengah","33.28","Kabupaten Tegal","33.28.18","Dukuhwaru","33.28.18.2010","Bulakpacing"
"33","Jawa Tengah","33.29","Kabupaten Brebes","33.29.01","Salem","33.29.01.2001","Banjaran"
"33","Jawa Tengah","33.29","Kabupaten Brebes","33.29.01","Salem","33.29.01.2002","Bentar"
"33","Jawa Tengah","33.29","Kabupaten Brebes","33.29.01","Salem","33.29.01.2003","Bentarsari"
"33","Jawa Tengah","33.29","Kabupaten Brebes","33.29.01","Salem","33.29.01.2004","Capar"
"33","Jawa Tengah","33.29","Kabupaten Brebes","33.29.01","Salem","33.29.01.2005","Ciputih"
"33","Jawa Tengah","33.29","Kabupaten Brebes","33.29.01","Salem","33.29.01.2006","Citimbang"
"33","Jawa Tengah","33.29","Kabupaten Brebes","33.29.01","Salem","33.29.01.2007","Ganggawang"
"33","Jawa Tengah","33.29","Kabupaten Brebes","33.29.01","Salem","33.29.01.2008","Gandoang"
"33","Jawa Tengah","33.29","Kabupaten Brebes","33.29.01","Salem","33.29.01.2009","Gunungjaya"
"33","Jawa Tengah","33.29","Kabupaten Brebes","33.29.01","Salem","33.29.01.2010","Gununglarang"
"33","Jawa Tengah","33.29","Kabupaten Brebes","33.29.01","Salem","33.29.01.2011","Gunungsugih"
"33","Jawa Tengah","33.29","Kabupaten Brebes","33.29.01","Salem","33.29.01.2012","Gunungtajem"
"33","Jawa Tengah","33.29","Kabupaten Brebes","33.29.01","Salem","33.29.01.2013","Indrajaya"
"33","Jawa Tengah","33.29","Kabupaten Brebes","33.29.01","Salem","33.29.01.2014","Kadumanis"
"33","Jawa Tengah","33.29","Kabupaten Brebes","33.29.01","Salem","33.29.01.2015","Pabuaran"
"33","Jawa Tengah","33.29","Kabupaten Brebes","33.29.01","Salem","33.29.01.2016","Pasirpanjang"
"33","Jawa Tengah","33.29","Kabupaten Brebes","33.29.01","Salem","33.29.01.2017","Salem"
"33","Jawa Tengah","33.29","Kabupaten Brebes","33.29.01","Salem","33.29.01.2018","Tembongraja"
"33","Jawa Tengah","33.29","Kabupaten Brebes","33.29.01","Salem","33.29.01.2019","Wanoja"
"33","Jawa Tengah","33.29","Kabupaten Brebes","33.29.01","Salem","33.29.01.2020","Winduasri"
"33","Jawa Tengah","33.29","Kabupaten Brebes","33.29.01","Salem","33.29.01.2021","Windusakti"
"33","Jawa Tengah","33.29","Kabupaten Brebes","33.29.02","Bantarkawung","33.29.02.2001","Bangbayang"
"33","Jawa Tengah","33.29","Kabupaten Brebes","33.29.02","Bantarkawung","33.29.02.2002","Banjarsari"
"33","Jawa Tengah","33.29","Kabupaten Brebes","33.29.02","Bantarkawung","33.29.02.2003","Bantarkawung"
"33","Jawa Tengah","33.29","Kabupaten Brebes","33.29.02","Bantarkawung","33.29.02.2004","Bantarwaru"
"33","Jawa Tengah","33.29","Kabupaten Brebes","33.29.02","Bantarkawung","33.29.02.2005","Cibentang"
"33","Jawa Tengah","33.29","Kabupaten Brebes","33.29.02","Bantarkawung","33.29.02.2006","Cinanas"
"33","Jawa Tengah","33.29","Kabupaten Brebes","33.29.02","Bantarkawung","33.29.02.2007","Ciomas"
"33","Jawa Tengah","33.29","Kabupaten Brebes","33.29.02","Bantarkawung","33.29.02.2008","Jipang"
"33","Jawa Tengah","33.29","Kabupaten Brebes","33.29.02","Bantarkawung","33.29.02.2009","Karangpari"
"33","Jawa Tengah","33.29","Kabupaten Brebes","33.29.02","Bantarkawung","33.29.02.2010","Kebandungan"
"33","Jawa Tengah","33.29","Kabupaten Brebes","33.29.02","Bantarkawung","33.29.02.2011","Legok"
"33","Jawa Tengah","33.29","Kabupaten Brebes","33.29.02","Bantarkawung","33.29.02.2012","Pangebatan"
"33","Jawa Tengah","33.29","Kabupaten Brebes","33.29.02","Bantarkawung","33.29.02.2013","Pengarasan"
"33","Jawa Tengah","33.29","Kabupaten Brebes","33.29.02","Bantarkawung","33.29.02.2014","Sindangwangi"
"33","Jawa Tengah","33.29","Kabupaten Brebes","33.29.02","Bantarkawung","33.29.02.2015","Tambakserang"
"33","Jawa Tengah","33.29","Kabupaten Brebes","33.29.02","Bantarkawung","33.29.02.2016","Terlaya"
"33","Jawa Tengah","33.29","Kabupaten Brebes","33.29.02","Bantarkawung","33.29.02.2017","Telaga"
"33","Jawa Tengah","33.29","Kabupaten Brebes","33.29.02","Bantarkawung","33.29.02.2018","Waru"
"33","Jawa Tengah","33.29","Kabupaten Brebes","33.29.03","Bumiayu","33.29.03.2001","Adisana"
"33","Jawa Tengah","33.29","Kabupaten Brebes","33.29.03","Bumiayu","33.29.03.2002","Bumiayu"
"33","Jawa Tengah","33.29","Kabupaten Brebes","33.29.03","Bumiayu","33.29.03.2003","Dukuhturi"
"33","Jawa Tengah","33.29","Kabupaten Brebes","33.29.03","Bumiayu","33.29.03.2004","Jatisawit"
"33","Jawa Tengah","33.29","Kabupaten Brebes","33.29.03","Bumiayu","33.29.03.2005","Kalierang"
"33","Jawa Tengah","33.29","Kabupaten Brebes","33.29.03","Bumiayu","33.29.03.2006","Kalilangkap"
"33","Jawa Tengah","33.29","Kabupaten Brebes","33.29.03","Bumiayu","33.29.03.2007","Kalinusu"
"33","Jawa Tengah","33.29","Kabupaten Brebes","33.29.03","Bumiayu","33.29.03.2008","Kalisumur"
"33","Jawa Tengah","33.29","Kabupaten Brebes","33.29.03","Bumiayu","33.29.03.2009","Kaliwadas"
"33","Jawa Tengah","33.29","Kabupaten Brebes","33.29.03","Bumiayu","33.29.03.2010","Langkap"
"33","Jawa Tengah","33.29","Kabupaten Brebes","33.29.03","Bumiayu","33.29.03.2011","Laren"
"33","Jawa Tengah","33.29","Kabupaten Brebes","33.29.03","Bumiayu","33.29.03.2012","Negaradaha"
"33","Jawa Tengah","33.29","Kabupaten Brebes","33.29.03","Bumiayu","33.29.03.2013","Pamijen"
"33","Jawa Tengah","33.29","Kabupaten Brebes","33.29.03","Bumiayu","33.29.03.2014","Penggarutan"
"33","Jawa Tengah","33.29","Kabupaten Brebes","33.29.03","Bumiayu","33.29.03.2015","Pruwatan"
"33","Jawa Tengah","33.29","Kabupaten Brebes","33.29.04","Paguyangan","33.29.04.2001","Cilibur"
"33","Jawa Tengah","33.29","Kabupaten Brebes","33.29.04","Paguyangan","33.29.04.2002","Cipetung"
"33","Jawa Tengah","33.29","Kabupaten Brebes","33.29.04","Paguyangan","33.29.04.2003","Kedungoleng"
"33","Jawa Tengah","33.29","Kabupaten Brebes","33.29.04","Paguyangan","33.29.04.2004","Kretek"
"33","Jawa Tengah","33.29","Kabupaten Brebes","33.29.04","Paguyangan","33.29.04.2005","Pagojengan"
"33","Jawa Tengah","33.29","Kabupaten Brebes","33.29.04","Paguyangan","33.29.04.2006","Paguyangan"
"33","Jawa Tengah","33.29","Kabupaten Brebes","33.29.04","Paguyangan","33.29.04.2007","Pakujati"
"33","Jawa Tengah","33.29","Kabupaten Brebes","33.29.04","Paguyangan","33.29.04.2008","Pandansari"
"33","Jawa Tengah","33.29","Kabupaten Brebes","33.29.04","Paguyangan","33.29.04.2009","Ragatunjung"
"33","Jawa Tengah","33.29","Kabupaten Brebes","33.29.04","Paguyangan","33.29.04.2010","Taraban"
"33","Jawa Tengah","33.29","Kabupaten Brebes","33.29.04","Paguyangan","33.29.04.2011","Wanatirta"
"33","Jawa Tengah","33.29","Kabupaten Brebes","33.29.04","Paguyangan","33.29.04.2012","Winduaji"
"33","Jawa Tengah","33.29","Kabupaten Brebes","33.29.05","Sirampog","33.29.05.2001","Batursari"
"33","Jawa Tengah","33.29","Kabupaten Brebes","33.29.05","Sirampog","33.29.05.2002","Benda"
"33","Jawa Tengah","33.29","Kabupaten Brebes","33.29.05","Sirampog","33.29.05.2003","Buniwah"
"33","Jawa Tengah","33.29","Kabupaten Brebes","33.29.05","Sirampog","33.29.05.2004","Dawuhan"
"33","Jawa Tengah","33.29","Kabupaten Brebes","33.29.05","Sirampog","33.29.05.2005","Igirklanceng"
"33","Jawa Tengah","33.29","Kabupaten Brebes","33.29.05","Sirampog","33.29.05.2006","Kaligiri"
"33","Jawa Tengah","33.29","Kabupaten Brebes","33.29.05","Sirampog","33.29.05.2007","Kaliloka"
"33","Jawa Tengah","33.29","Kabupaten Brebes","33.29.05","Sirampog","33.29.05.2008","Manggis"
"33","Jawa Tengah","33.29","Kabupaten Brebes","33.29.05","Sirampog","33.29.05.2009","Mendala"
"33","Jawa Tengah","33.29","Kabupaten Brebes","33.29.05","Sirampog","33.29.05.2010","Mlayang"
"33","Jawa Tengah","33.29","Kabupaten Brebes","33.29.05","Sirampog","33.29.05.2011","Sridadi"
"33","Jawa Tengah","33.29","Kabupaten Brebes","33.29.05","Sirampog","33.29.05.2012","Plompong"
"33","Jawa Tengah","33.29","Kabupaten Brebes","33.29.05","Sirampog","33.29.05.2013","Wanareja"
"33","Jawa Tengah","33.29","Kabupaten Brebes","33.29.06","Tonjong","33.29.06.2001","Galuhtimur"
"33","Jawa Tengah","33.29","Kabupaten Brebes","33.29.06","Tonjong","33.29.06.2002","Kalijurang"
"33","Jawa Tengah","33.29","Kabupaten Brebes","33.29.06","Tonjong","33.29.06.2003","Karangjongkeng"
"33","Jawa Tengah","33.29","Kabupaten Brebes","33.29.06","Tonjong","33.29.06.2004","Kutamendala"
"33","Jawa Tengah","33.29","Kabupaten Brebes","33.29.06","Tonjong","33.29.06.2005","Kutayu"
"33","Jawa Tengah","33.29","Kabupaten Brebes","33.29.06","Tonjong","33.29.06.2006","Linggapura"
"33","Jawa Tengah","33.29","Kabupaten Brebes","33.29.06","Tonjong","33.29.06.2007","Negarayu"
"33","Jawa Tengah","33.29","Kabupaten Brebes","33.29.06","Tonjong","33.29.06.2008","Pepedan"
"33","Jawa Tengah","33.29","Kabupaten Brebes","33.29.06","Tonjong","33.29.06.2009","Purbayasa"
"33","Jawa Tengah","33.29","Kabupaten Brebes","33.29.06","Tonjong","33.29.06.2010","Rajawetan"
"33","Jawa Tengah","33.29","Kabupaten Brebes","33.29.06","Tonjong","33.29.06.2011","Purwodadi"
"33","Jawa Tengah","33.29","Kabupaten Brebes","33.29.06","Tonjong","33.29.06.2012","Tanggeran"
"33","Jawa Tengah","33.29","Kabupaten Brebes","33.29.06","Tonjong","33.29.06.2013","Tonjong"
"33","Jawa Tengah","33.29","Kabupaten Brebes","33.29.06","Tonjong","33.29.06.2014","Watujaya"
"33","Jawa Tengah","33.29","Kabupaten Brebes","33.29.07","Jatibarang","33.29.07.2001","Bojong"
"33","Jawa Tengah","33.29","Kabupaten Brebes","33.29.07","Jatibarang","33.29.07.2002","Buaran"
"33","Jawa Tengah","33.29","Kabupaten Brebes","33.29.07","Jatibarang","33.29.07.2003","Janegara"
"33","Jawa Tengah","33.29","Kabupaten Brebes","33.29.07","Jatibarang","33.29.07.2004","Jatibarang Kidul"
"33","Jawa Tengah","33.29","Kabupaten Brebes","33.29.07","Jatibarang","33.29.07.2005","Jatibarang Lor"
"33","Jawa Tengah","33.29","Kabupaten Brebes","33.29.07","Jatibarang","33.29.07.2006","Kalialang"
"33","Jawa Tengah","33.29","Kabupaten Brebes","33.29.07","Jatibarang","33.29.07.2007","Kalipucang"
"33","Jawa Tengah","33.29","Kabupaten Brebes","33.29.07","Jatibarang","33.29.07.2008","Karanglo"
"33","Jawa Tengah","33.29","Kabupaten Brebes","33.29.07","Jatibarang","33.29.07.2009","Kebogadung"
"33","Jawa Tengah","33.29","Kabupaten Brebes","33.29.07","Jatibarang","33.29.07.2010","Kebonagung"
"33","Jawa Tengah","33.29","Kabupaten Brebes","33.29.07","Jatibarang","33.29.07.2011","Kedungtukang"
"33","Jawa Tengah","33.29","Kabupaten Brebes","33.29.07","Jatibarang","33.29.07.2012","Kemiriamba"
"33","Jawa Tengah","33.29","Kabupaten Brebes","33.29.07","Jatibarang","33.29.07.2013","Kendawa"
"33","Jawa Tengah","33.29","Kabupaten Brebes","33.29.07","Jatibarang","33.29.07.2014","Kertasinduyasa"
"33","Jawa Tengah","33.29","Kabupaten Brebes","33.29.07","Jatibarang","33.29.07.2015","Klampis"
"33","Jawa Tengah","33.29","Kabupaten Brebes","33.29.07","Jatibarang","33.29.07.2016","Klikiran"
"33","Jawa Tengah","33.29","Kabupaten Brebes","33.29.07","Jatibarang","33.29.07.2017","Kramat"
"33","Jawa Tengah","33.29","Kabupaten Brebes","33.29.07","Jatibarang","33.29.07.2018","Pamengger"
"33","Jawa Tengah","33.29","Kabupaten Brebes","33.29.07","Jatibarang","33.29.07.2019","Pedeslohor"
"33","Jawa Tengah","33.29","Kabupaten Brebes","33.29.07","Jatibarang","33.29.07.2020","Rengasbandung"
"33","Jawa Tengah","33.29","Kabupaten Brebes","33.29.07","Jatibarang","33.29.07.2021","Tegalwulung"
"33","Jawa Tengah","33.29","Kabupaten Brebes","33.29.07","Jatibarang","33.29.07.2022","Tembelang"
"33","Jawa Tengah","33.29","Kabupaten Brebes","33.29.08","Wanasari","33.29.08.2001","Glonggong"
"33","Jawa Tengah","33.29","Kabupaten Brebes","33.29.08","Wanasari","33.29.08.2002","Dukuhwringin"
"33","Jawa Tengah","33.29","Kabupaten Brebes","33.29.08","Wanasari","33.29.08.2003","Dumeling"
"33","Jawa Tengah","33.29","Kabupaten Brebes","33.29.08","Wanasari","33.29.08.2004","Jagalempeni"
"33","Jawa Tengah","33.29","Kabupaten Brebes","33.29.08","Wanasari","33.29.08.2005","Keboledan"
"33","Jawa Tengah","33.29","Kabupaten Brebes","33.29.08","Wanasari","33.29.08.2006","Kertabesuki"
"33","Jawa Tengah","33.29","Kabupaten Brebes","33.29.08","Wanasari","33.29.08.2007","Klampok"
"33","Jawa Tengah","33.29","Kabupaten Brebes","33.29.08","Wanasari","33.29.08.2008","Kupu"
"33","Jawa Tengah","33.29","Kabupaten Brebes","33.29.08","Wanasari","33.29.08.2009","Lengkong"
"33","Jawa Tengah","33.29","Kabupaten Brebes","33.29.08","Wanasari","33.29.08.2010","Pebatan"
"33","Jawa Tengah","33.29","Kabupaten Brebes","33.29.08","Wanasari","33.29.08.2011","Pesantunan"
"33","Jawa Tengah","33.29","Kabupaten Brebes","33.29.08","Wanasari","33.29.08.2012","Sawojajar"
"33","Jawa Tengah","33.29","Kabupaten Brebes","33.29.08","Wanasari","33.29.08.2013","Siasem"
"33","Jawa Tengah","33.29","Kabupaten Brebes","33.29.08","Wanasari","33.29.08.2014","Sidamulya"
"33","Jawa Tengah","33.29","Kabupaten Brebes","33.29.08","Wanasari","33.29.08.2015","Sigentong"
"33","Jawa Tengah","33.29","Kabupaten Brebes","33.29.08","Wanasari","33.29.08.2016","Sisalam"
"33","Jawa Tengah","33.29","Kabupaten Brebes","33.29.08","Wanasari","33.29.08.2017","Siwungkuk"
"33","Jawa Tengah","33.29","Kabupaten Brebes","33.29.08","Wanasari","33.29.08.2018","Tanjungsari"
"33","Jawa Tengah","33.29","Kabupaten Brebes","33.29.08","Wanasari","33.29.08.2019","Tegalgandu"
"33","Jawa Tengah","33.29","Kabupaten Brebes","33.29.08","Wanasari","33.29.08.2020","Wanasari"
"33","Jawa Tengah","33.29","Kabupaten Brebes","33.29.09","Brebes","33.29.09.1002","Brebes"
"33","Jawa Tengah","33.29","Kabupaten Brebes","33.29.09","Brebes","33.29.09.1003","Gandasuli"
"33","Jawa Tengah","33.29","Kabupaten Brebes","33.29.09","Brebes","33.29.09.1011","Limbangan Kulon"
"33","Jawa Tengah","33.29","Kabupaten Brebes","33.29.09","Brebes","33.29.09.1012","Limbangan Wetan"
"33","Jawa Tengah","33.29","Kabupaten Brebes","33.29.09","Brebes","33.29.09.1015","Pasarbatang"
"33","Jawa Tengah","33.29","Kabupaten Brebes","33.29.09","Brebes","33.29.09.2001","Banjaranyar"
"33","Jawa Tengah","33.29","Kabupaten Brebes","33.29.09","Brebes","33.29.09.2004","Kaligangsa Kulon"
"33","Jawa Tengah","33.29","Kabupaten Brebes","33.29.09","Brebes","33.29.09.2005","Kaligangsa Wetan"
"33","Jawa Tengah","33.29","Kabupaten Brebes","33.29.09","Brebes","33.29.09.2006","Kalimati"
"33","Jawa Tengah","33.29","Kabupaten Brebes","33.29.09","Brebes","33.29.09.2007","Kaliwlingi"
"33","Jawa Tengah","33.29","Kabupaten Brebes","33.29.09","Brebes","33.29.09.2008","Kedunguter"
"33","Jawa Tengah","33.29","Kabupaten Brebes","33.29.09","Brebes","33.29.09.2009","Krasak"
"33","Jawa Tengah","33.29","Kabupaten Brebes","33.29.09","Brebes","33.29.09.2010","Lembarawa"
"33","Jawa Tengah","33.29","Kabupaten Brebes","33.29.09","Brebes","33.29.09.2013","Padasugih"
"33","Jawa Tengah","33.29","Kabupaten Brebes","33.29.09","Brebes","33.29.09.2014","Pagejugan"
"33","Jawa Tengah","33.29","Kabupaten Brebes","33.29.09","Brebes","33.29.09.2016","Pemaron"
"33","Jawa Tengah","33.29","Kabupaten Brebes","33.29.09","Brebes","33.29.09.2017","Pulosari"
"33","Jawa Tengah","33.29","Kabupaten Brebes","33.29.09","Brebes","33.29.09.2018","Randusanga Kulon"
"33","Jawa Tengah","33.29","Kabupaten Brebes","33.29.09","Brebes","33.29.09.2019","Randusanga Wetan"
"33","Jawa Tengah","33.29","Kabupaten Brebes","33.29.09","Brebes","33.29.09.2020","Sigambir"
"33","Jawa Tengah","33.29","Kabupaten Brebes","33.29.09","Brebes","33.29.09.2021","Tengki"
"33","Jawa Tengah","33.29","Kabupaten Brebes","33.29.09","Brebes","33.29.09.2022","Terlangu"
"33","Jawa Tengah","33.29","Kabupaten Brebes","33.29.09","Brebes","33.29.09.2023","Wangandalem"
"33","Jawa Tengah","33.29","Kabupaten Brebes","33.29.10","Songgom","33.29.10.2001","Cenang"
"33","Jawa Tengah","33.29","Kabupaten Brebes","33.29.10","Songgom","33.29.10.2002","Dukuhmaja"
"33","Jawa Tengah","33.29","Kabupaten Brebes","33.29.10","Songgom","33.29.10.2003","Jatirokeh"
"33","Jawa Tengah","33.29","Kabupaten Brebes","33.29.10","Songgom","33.29.10.2004","Karangsembung"
"33","Jawa Tengah","33.29","Kabupaten Brebes","33.29.10","Songgom","33.29.10.2005","Songgom"
"33","Jawa Tengah","33.29","Kabupaten Brebes","33.29.10","Songgom","33.29.10.2006","Wanacala"
"33","Jawa Tengah","33.29","Kabupaten Brebes","33.29.10","Songgom","33.29.10.2007","Wanatawang"
"33","Jawa Tengah","33.29","Kabupaten Brebes","33.29.10","Songgom","33.29.10.2008","Gegerkunci"
"33","Jawa Tengah","33.29","Kabupaten Brebes","33.29.10","Songgom","33.29.10.2009","Jatimakmur"
"33","Jawa Tengah","33.29","Kabupaten Brebes","33.29.10","Songgom","33.29.10.2010","Songgom Lor"
"33","Jawa Tengah","33.29","Kabupaten Brebes","33.29.11","Kersana","33.29.11.2001","Ciampel"
"33","Jawa Tengah","33.29","Kabupaten Brebes","33.29.11","Kersana","33.29.11.2002","Cigedog"
"33","Jawa Tengah","33.29","Kabupaten Brebes","33.29.11","Kersana","33.29.11.2003","Cikandang"
"33","Jawa Tengah","33.29","Kabupaten Brebes","33.29.11","Kersana","33.29.11.2004","Jagapura"
"33","Jawa Tengah","33.29","Kabupaten Brebes","33.29.11","Kersana","33.29.11.2005","Kemukten"
"33","Jawa Tengah","33.29","Kabupaten Brebes","33.29.11","Kersana","33.29.11.2006","Kradenan"
"33","Jawa Tengah","33.29","Kabupaten Brebes","33.29.11","Kersana","33.29.11.2007","Kersana"
"33","Jawa Tengah","33.29","Kabupaten Brebes","33.29.11","Kersana","33.29.11.2008","Kramatsampang"
"33","Jawa Tengah","33.29","Kabupaten Brebes","33.29.11","Kersana","33.29.11.2009","Kubangpari"
"33","Jawa Tengah","33.29","Kabupaten Brebes","33.29.11","Kersana","33.29.11.2010","Limbangan"
"33","Jawa Tengah","33.29","Kabupaten Brebes","33.29.11","Kersana","33.29.11.2011","Pende"
"33","Jawa Tengah","33.29","Kabupaten Brebes","33.29.11","Kersana","33.29.11.2012","Sindangjaya"
"33","Jawa Tengah","33.29","Kabupaten Brebes","33.29.11","Kersana","33.29.11.2013","Sutamaja"
"33","Jawa Tengah","33.29","Kabupaten Brebes","33.29.12","Losari","33.29.12.2001","Babakan"
"33","Jawa Tengah","33.29","Kabupaten Brebes","33.29.12","Losari","33.29.12.2002","Blubuk"
"33","Jawa Tengah","33.29","Kabupaten Brebes","33.29.12","Losari","33.29.12.2003","Bojongsari"
"33","Jawa Tengah","33.29","Kabupaten Brebes","33.29.12","Losari","33.29.12.2004","Dukuhsalam"
"33","Jawa Tengah","33.29","Kabupaten Brebes","33.29.12","Losari","33.29.12.2005","Jatisawit"
"33","Jawa Tengah","33.29","Kabupaten Brebes","33.29.12","Losari","33.29.12.2006","Kalibuntu"
"33","Jawa Tengah","33.29","Kabupaten Brebes","33.29.12","Losari","33.29.12.2007","Karangdempel"
"33","Jawa Tengah","33.29","Kabupaten Brebes","33.29.12","Losari","33.29.12.2008","Karangjunti"
"33","Jawa Tengah","33.29","Kabupaten Brebes","33.29.12","Losari","33.29.12.2009","Karangsambung"
"33","Jawa Tengah","33.29","Kabupaten Brebes","33.29.12","Losari","33.29.12.2010","Kecipir"
"33","Jawa Tengah","33.29","Kabupaten Brebes","33.29.12","Losari","33.29.12.2011","Kedungneng"
"33","Jawa Tengah","33.29","Kabupaten Brebes","33.29.12","Losari","33.29.12.2012","Limbangan"
"33","Jawa Tengah","33.29","Kabupaten Brebes","33.29.12","Losari","33.29.12.2013","Losari Kidul"
"33","Jawa Tengah","33.29","Kabupaten Brebes","33.29.12","Losari","33.29.12.2014","Losari Lor"
"33","Jawa Tengah","33.29","Kabupaten Brebes","33.29.12","Losari","33.29.12.2015","Negla"
"33","Jawa Tengah","33.29","Kabupaten Brebes","33.29.12","Losari","33.29.12.2016","Pekauman"
"33","Jawa Tengah","33.29","Kabupaten Brebes","33.29.12","Losari","33.29.12.2017","Pengabean"
"33","Jawa Tengah","33.29","Kabupaten Brebes","33.29.12","Losari","33.29.12.2018","Prapag Kidul"
"33","Jawa Tengah","33.29","Kabupaten Brebes","33.29.12","Losari","33.29.12.2019","Prapag Lor"
"33","Jawa Tengah","33.29","Kabupaten Brebes","33.29.12","Losari","33.29.12.2020","Randegan"
"33","Jawa Tengah","33.29","Kabupaten Brebes","33.29.12","Losari","33.29.12.2021","Randusari"
"33","Jawa Tengah","33.29","Kabupaten Brebes","33.29.12","Losari","33.29.12.2022","Rungkang"
"33","Jawa Tengah","33.29","Kabupaten Brebes","33.29.13","Tanjung","33.29.13.2001","Karangreja"
"33","Jawa Tengah","33.29","Kabupaten Brebes","33.29.13","Tanjung","33.29.13.2002","Kedawung"
"33","Jawa Tengah","33.29","Kabupaten Brebes","33.29.13","Tanjung","33.29.13.2003","Kemurang Kulon"
"33","Jawa Tengah","33.29","Kabupaten Brebes","33.29.13","Tanjung","33.29.13.2004","Kemurang Wetan"
"33","Jawa Tengah","33.29","Kabupaten Brebes","33.29.13","Tanjung","33.29.13.2005","Krakahan"
"33","Jawa Tengah","33.29","Kabupaten Brebes","33.29.13","Tanjung","33.29.13.2006","Kubangputat"
"33","Jawa Tengah","33.29","Kabupaten Brebes","33.29.13","Tanjung","33.29.13.2007","Luwunggede"
"33","Jawa Tengah","33.29","Kabupaten Brebes","33.29.13","Tanjung","33.29.13.2008","Lemahabang"
"33","Jawa Tengah","33.29","Kabupaten Brebes","33.29.13","Tanjung","33.29.13.2009","Luwungbata"
"33","Jawa Tengah","33.29","Kabupaten Brebes","33.29.13","Tanjung","33.29.13.2010","Mundu"
"33","Jawa Tengah","33.29","Kabupaten Brebes","33.29.13","Tanjung","33.29.13.2011","Pejagan"
"33","Jawa Tengah","33.29","Kabupaten Brebes","33.29.13","Tanjung","33.29.13.2012","Pengaradan"
"33","Jawa Tengah","33.29","Kabupaten Brebes","33.29.13","Tanjung","33.29.13.2013","Sarireja"
"33","Jawa Tengah","33.29","Kabupaten Brebes","33.29.13","Tanjung","33.29.13.2014","Sengon"
"33","Jawa Tengah","33.29","Kabupaten Brebes","33.29.13","Tanjung","33.29.13.2015","Sidakaton"
"33","Jawa Tengah","33.29","Kabupaten Brebes","33.29.13","Tanjung","33.29.13.2016","Tanjung"
"33","Jawa Tengah","33.29","Kabupaten Brebes","33.29.13","Tanjung","33.29.13.2017","Tegongan"
"33","Jawa Tengah","33.29","Kabupaten Brebes","33.29.13","Tanjung","33.29.13.2018","Tengguli"
"33","Jawa Tengah","33.29","Kabupaten Brebes","33.29.14","Bulakamba","33.29.14.2001","Bangsri"
"33","Jawa Tengah","33.29","Kabupaten Brebes","33.29.14","Bulakamba","33.29.14.2002","Banjaratma"
"33","Jawa Tengah","33.29","Kabupaten Brebes","33.29.14","Bulakamba","33.29.14.2003","Bulakamba"
"33","Jawa Tengah","33.29","Kabupaten Brebes","33.29.14","Bulakamba","33.29.14.2004","Bulakparen"
"33","Jawa Tengah","33.29","Kabupaten Brebes","33.29.14","Bulakamba","33.29.14.2005","Bulusari"
"33","Jawa Tengah","33.29","Kabupaten Brebes","33.29.14","Bulakamba","33.29.14.2006","Cimohong"
"33","Jawa Tengah","33.29","Kabupaten Brebes","33.29.14","Bulakamba","33.29.14.2007","Cipelem"
"33","Jawa Tengah","33.29","Kabupaten Brebes","33.29.14","Bulakamba","33.29.14.2008","Dukuhlo"
"33","Jawa Tengah","33.29","Kabupaten Brebes","33.29.14","Bulakamba","33.29.14.2009","Grinting"
"33","Jawa Tengah","33.29","Kabupaten Brebes","33.29.14","Bulakamba","33.29.14.2010","Jubang"
"33","Jawa Tengah","33.29","Kabupaten Brebes","33.29.14","Bulakamba","33.29.14.2011","Karangsari"
"33","Jawa Tengah","33.29","Kabupaten Brebes","33.29.14","Bulakamba","33.29.14.2012","Kluwut"
"33","Jawa Tengah","33.29","Kabupaten Brebes","33.29.14","Bulakamba","33.29.14.2013","Luwungragi"
"33","Jawa Tengah","33.29","Kabupaten Brebes","33.29.14","Bulakamba","33.29.14.2014","Pakijangan"
"33","Jawa Tengah","33.29","Kabupaten Brebes","33.29.14","Bulakamba","33.29.14.2015","Petunjungan"
"33","Jawa Tengah","33.29","Kabupaten Brebes","33.29.14","Bulakamba","33.29.14.2016","Pulogading"
"33","Jawa Tengah","33.29","Kabupaten Brebes","33.29.14","Bulakamba","33.29.14.2017","Rancawuluh"
"33","Jawa Tengah","33.29","Kabupaten Brebes","33.29.14","Bulakamba","33.29.14.2018","Siwuluh"
"33","Jawa Tengah","33.29","Kabupaten Brebes","33.29.14","Bulakamba","33.29.14.2019","Tegalglagah"
"33","Jawa Tengah","33.29","Kabupaten Brebes","33.29.15","Larangan","33.29.15.2001","Kamal"
"33","Jawa Tengah","33.29","Kabupaten Brebes","33.29.15","Larangan","33.29.15.2002","Karangbale"
"33","Jawa Tengah","33.29","Kabupaten Brebes","33.29.15","Larangan","33.29.15.2003","Kedungbokor"
"33","Jawa Tengah","33.29","Kabupaten Brebes","33.29.15","Larangan","33.29.15.2004","Larangan"
"33","Jawa Tengah","33.29","Kabupaten Brebes","33.29.15","Larangan","33.29.15.2005","Luwunggede"
"33","Jawa Tengah","33.29","Kabupaten Brebes","33.29.15","Larangan","33.29.15.2006","Pamulihan"
"33","Jawa Tengah","33.29","Kabupaten Brebes","33.29.15","Larangan","33.29.15.2007","Rengaspendawa"
"33","Jawa Tengah","33.29","Kabupaten Brebes","33.29.15","Larangan","33.29.15.2008","Sitanggal"
"33","Jawa Tengah","33.29","Kabupaten Brebes","33.29.15","Larangan","33.29.15.2009","Slatri"
"33","Jawa Tengah","33.29","Kabupaten Brebes","33.29.15","Larangan","33.29.15.2010","Wlahar"
"33","Jawa Tengah","33.29","Kabupaten Brebes","33.29.15","Larangan","33.29.15.2011","Siandong"
"33","Jawa Tengah","33.29","Kabupaten Brebes","33.29.16","Ketanggungan","33.29.16.2001","Baros"
"33","Jawa Tengah","33.29","Kabupaten Brebes","33.29.16","Ketanggungan","33.29.16.2002","Buara"
"33","Jawa Tengah","33.29","Kabupaten Brebes","33.29.16","Ketanggungan","33.29.16.2003","Bulakelor"
"33","Jawa Tengah","33.29","Kabupaten Brebes","33.29.16","Ketanggungan","33.29.16.2004","Ciduwet"
"33","Jawa Tengah","33.29","Kabupaten Brebes","33.29.16","Ketanggungan","33.29.16.2005","Cikeusal Kidul"
"33","Jawa Tengah","33.29","Kabupaten Brebes","33.29.16","Ketanggungan","33.29.16.2006","Cikeusal Lor"
"33","Jawa Tengah","33.29","Kabupaten Brebes","33.29.16","Ketanggungan","33.29.16.2007","Ciseureuh"
"33","Jawa Tengah","33.29","Kabupaten Brebes","33.29.16","Ketanggungan","33.29.16.2008","Dukuhbadag"
"33","Jawa Tengah","33.29","Kabupaten Brebes","33.29.16","Ketanggungan","33.29.16.2009","Dukuhtengah"
"33","Jawa Tengah","33.29","Kabupaten Brebes","33.29.16","Ketanggungan","33.29.16.2010","Jemasih"
"33","Jawa Tengah","33.29","Kabupaten Brebes","33.29.16","Ketanggungan","33.29.16.2011","Karangbandung"
"33","Jawa Tengah","33.29","Kabupaten Brebes","33.29.16","Ketanggungan","33.29.16.2012","Ketanggungan"
"33","Jawa Tengah","33.29","Kabupaten Brebes","33.29.16","Ketanggungan","33.29.16.2013","Kubangjati"
"33","Jawa Tengah","33.29","Kabupaten Brebes","33.29.16","Ketanggungan","33.29.16.2014","Kubangwungu"
"33","Jawa Tengah","33.29","Kabupaten Brebes","33.29.16","Ketanggungan","33.29.16.2015","Kubangsari"
"33","Jawa Tengah","33.29","Kabupaten Brebes","33.29.16","Ketanggungan","33.29.16.2016","Pamedaran"
"33","Jawa Tengah","33.29","Kabupaten Brebes","33.29.16","Ketanggungan","33.29.16.2017","Sindangjaya"
"33","Jawa Tengah","33.29","Kabupaten Brebes","33.29.16","Ketanggungan","33.29.16.2018","Tanggungsari"
"33","Jawa Tengah","33.29","Kabupaten Brebes","33.29.16","Ketanggungan","33.29.16.2019","Karangmalang"
"33","Jawa Tengah","33.29","Kabupaten Brebes","33.29.16","Ketanggungan","33.29.16.2020","Dukuhturi"
"33","Jawa Tengah","33.29","Kabupaten Brebes","33.29.16","Ketanggungan","33.29.16.2021","Padakaton"
"33","Jawa Tengah","33.29","Kabupaten Brebes","33.29.17","Banjarharjo","33.29.17.2001","Bandungsari"
"33","Jawa Tengah","33.29","Kabupaten Brebes","33.29.17","Banjarharjo","33.29.17.2002","Banjarlor"
"33","Jawa Tengah","33.29","Kabupaten Brebes","33.29.17","Banjarharjo","33.29.17.2003","Banjarharjo"
"33","Jawa Tengah","33.29","Kabupaten Brebes","33.29.17","Banjarharjo","33.29.17.2004","Blandongan"
"33","Jawa Tengah","33.29","Kabupaten Brebes","33.29.17","Banjarharjo","33.29.17.2005","Ciawi"
"33","Jawa Tengah","33.29","Kabupaten Brebes","33.29.17","Banjarharjo","33.29.17.2006","Cibendung"
"33","Jawa Tengah","33.29","Kabupaten Brebes","33.29.17","Banjarharjo","33.29.17.2007","Cibuniwangi"
"33","Jawa Tengah","33.29","Kabupaten Brebes","33.29.17","Banjarharjo","33.29.17.2008","Cigadung"
"33","Jawa Tengah","33.29","Kabupaten Brebes","33.29.17","Banjarharjo","33.29.17.2009","Cihaur"
"33","Jawa Tengah","33.29","Kabupaten Brebes","33.29.17","Banjarharjo","33.29.17.2010","Cikakak"
"33","Jawa Tengah","33.29","Kabupaten Brebes","33.29.17","Banjarharjo","33.29.17.2011","Cikuya"
"33","Jawa Tengah","33.29","Kabupaten Brebes","33.29.17","Banjarharjo","33.29.17.2012","Cimunding"
"33","Jawa Tengah","33.29","Kabupaten Brebes","33.29.17","Banjarharjo","33.29.17.2013","Cipajang"
"33","Jawa Tengah","33.29","Kabupaten Brebes","33.29.17","Banjarharjo","33.29.17.2014","Dukuhjeruk"
"33","Jawa Tengah","33.29","Kabupaten Brebes","33.29.17","Banjarharjo","33.29.17.2015","Karangmaja"
"33","Jawa Tengah","33.29","Kabupaten Brebes","33.29.17","Banjarharjo","33.29.17.2016","Kertasari"
"33","Jawa Tengah","33.29","Kabupaten Brebes","33.29.17","Banjarharjo","33.29.17.2017","Kubangjero"
"33","Jawa Tengah","33.29","Kabupaten Brebes","33.29.17","Banjarharjo","33.29.17.2018","Malahayu"
"33","Jawa Tengah","33.29","Kabupaten Brebes","33.29.17","Banjarharjo","33.29.17.2019","Parereja"
"33","Jawa Tengah","33.29","Kabupaten Brebes","33.29.17","Banjarharjo","33.29.17.2020","Penanggapan"
"33","Jawa Tengah","33.29","Kabupaten Brebes","33.29.17","Banjarharjo","33.29.17.2021","Pende"
"33","Jawa Tengah","33.29","Kabupaten Brebes","33.29.17","Banjarharjo","33.29.17.2022","Sindangheula"
"33","Jawa Tengah","33.29","Kabupaten Brebes","33.29.17","Banjarharjo","33.29.17.2023","Sukareja"
"33","Jawa Tengah","33.29","Kabupaten Brebes","33.29.17","Banjarharjo","33.29.17.2024","Tegalreja"
"33","Jawa Tengah","33.29","Kabupaten Brebes","33.29.17","Banjarharjo","33.29.17.2025","Tiwulandu"
"33","Jawa Tengah","33.71","Kota Magelang","33.71.01","Magelang Selatan","33.71.01.1003","Rejowinangun Selatan"
"33","Jawa Tengah","33.71","Kota Magelang","33.71.01","Magelang Selatan","33.71.01.1007","Magersari"
"33","Jawa Tengah","33.71","Kota Magelang","33.71.01","Magelang Selatan","33.71.01.1008","Jurangombo Utara"
"33","Jawa Tengah","33.71","Kota Magelang","33.71.01","Magelang Selatan","33.71.01.1009","Jurangombo Selatan"
"33","Jawa Tengah","33.71","Kota Magelang","33.71.01","Magelang Selatan","33.71.01.1010","Tidar Utara"
"33","Jawa Tengah","33.71","Kota Magelang","33.71.01","Magelang Selatan","33.71.01.1011","Tidar Selatan"
"33","Jawa Tengah","33.71","Kota Magelang","33.71.02","Magelang Utara","33.71.02.1003","Wates"
"33","Jawa Tengah","33.71","Kota Magelang","33.71.02","Magelang Utara","33.71.02.1004","Potrobangsan"
"33","Jawa Tengah","33.71","Kota Magelang","33.71.02","Magelang Utara","33.71.02.1005","Kedungsari"
"33","Jawa Tengah","33.71","Kota Magelang","33.71.02","Magelang Utara","33.71.02.1008","Kramat Utara"
"33","Jawa Tengah","33.71","Kota Magelang","33.71.02","Magelang Utara","33.71.02.1009","Kramat Selatan"
"33","Jawa Tengah","33.71","Kota Magelang","33.71.03","Magelang Tengah","33.71.03.1001","Kemirirejo"
"33","Jawa Tengah","33.71","Kota Magelang","33.71.03","Magelang Tengah","33.71.03.1002","Cacaban"
"33","Jawa Tengah","33.71","Kota Magelang","33.71.03","Magelang Tengah","33.71.03.1003","Rejowinangun Utara"
"33","Jawa Tengah","33.71","Kota Magelang","33.71.03","Magelang Tengah","33.71.03.1004","Magelang"
"33","Jawa Tengah","33.71","Kota Magelang","33.71.03","Magelang Tengah","33.71.03.1005","Panjang"
"33","Jawa Tengah","33.71","Kota Magelang","33.71.03","Magelang Tengah","33.71.03.1006","Gelangan"
"33","Jawa Tengah","33.72","Kota Surakarta","33.72.01","Laweyan","33.72.01.1001","Pajang"
"33","Jawa Tengah","33.72","Kota Surakarta","33.72.01","Laweyan","33.72.01.1002","Laweyan"
"33","Jawa Tengah","33.72","Kota Surakarta","33.72.01","Laweyan","33.72.01.1003","Bumi"
"33","Jawa Tengah","33.72","Kota Surakarta","33.72.01","Laweyan","33.72.01.1004","Panularan"
"33","Jawa Tengah","33.72","Kota Surakarta","33.72.01","Laweyan","33.72.01.1005","Penumping"
"33","Jawa Tengah","33.72","Kota Surakarta","33.72.01","Laweyan","33.72.01.1006","Sriwedari"
"33","Jawa Tengah","33.72","Kota Surakarta","33.72.01","Laweyan","33.72.01.1007","Purwosari"
"33","Jawa Tengah","33.72","Kota Surakarta","33.72.01","Laweyan","33.72.01.1008","Sondakan"
"33","Jawa Tengah","33.72","Kota Surakarta","33.72.01","Laweyan","33.72.01.1009","Kerten"
"33","Jawa Tengah","33.72","Kota Surakarta","33.72.01","Laweyan","33.72.01.1010","Jajar"
"33","Jawa Tengah","33.72","Kota Surakarta","33.72.01","Laweyan","33.72.01.1011","Karangasem"
"33","Jawa Tengah","33.72","Kota Surakarta","33.72.02","Serengan","33.72.02.1001","Joyotakan"
"33","Jawa Tengah","33.72","Kota Surakarta","33.72.02","Serengan","33.72.02.1002","Danukusuman"
"33","Jawa Tengah","33.72","Kota Surakarta","33.72.02","Serengan","33.72.02.1003","Serengan"
"33","Jawa Tengah","33.72","Kota Surakarta","33.72.02","Serengan","33.72.02.1004","Tipes"
"33","Jawa Tengah","33.72","Kota Surakarta","33.72.02","Serengan","33.72.02.1005","Kratonan"
"33","Jawa Tengah","33.72","Kota Surakarta","33.72.02","Serengan","33.72.02.1006","Jayengan"
"33","Jawa Tengah","33.72","Kota Surakarta","33.72.02","Serengan","33.72.02.1007","Kemlayan"
"33","Jawa Tengah","33.72","Kota Surakarta","33.72.03","Pasar Kliwon","33.72.03.1001","Joyosuran"
"33","Jawa Tengah","33.72","Kota Surakarta","33.72.03","Pasar Kliwon","33.72.03.1002","Semanggi"
"33","Jawa Tengah","33.72","Kota Surakarta","33.72.03","Pasar Kliwon","33.72.03.1003","Pasarkliwon"
"33","Jawa Tengah","33.72","Kota Surakarta","33.72.03","Pasar Kliwon","33.72.03.1004","Gajahan"
"33","Jawa Tengah","33.72","Kota Surakarta","33.72.03","Pasar Kliwon","33.72.03.1005","Baluwarti"
"33","Jawa Tengah","33.72","Kota Surakarta","33.72.03","Pasar Kliwon","33.72.03.1006","Kampungbaru"
"33","Jawa Tengah","33.72","Kota Surakarta","33.72.03","Pasar Kliwon","33.72.03.1007","Kedunglumbu"
"33","Jawa Tengah","33.72","Kota Surakarta","33.72.03","Pasar Kliwon","33.72.03.1008","Sangkrah"
"33","Jawa Tengah","33.72","Kota Surakarta","33.72.03","Pasar Kliwon","33.72.03.1009","Kauman"
"33","Jawa Tengah","33.72","Kota Surakarta","33.72.03","Pasar Kliwon","33.72.03.1010","Mojo"
"33","Jawa Tengah","33.72","Kota Surakarta","33.72.04","Jebres","33.72.04.1001","Kepatihan Kulon"
"33","Jawa Tengah","33.72","Kota Surakarta","33.72.04","Jebres","33.72.04.1002","Kepatihan Wetan"
"33","Jawa Tengah","33.72","Kota Surakarta","33.72.04","Jebres","33.72.04.1003","Sudiroprajan"
"33","Jawa Tengah","33.72","Kota Surakarta","33.72.04","Jebres","33.72.04.1004","Gandekan"
"33","Jawa Tengah","33.72","Kota Surakarta","33.72.04","Jebres","33.72.04.1005","Sewu"
"33","Jawa Tengah","33.72","Kota Surakarta","33.72.04","Jebres","33.72.04.1006","Pucangsawit"
"33","Jawa Tengah","33.72","Kota Surakarta","33.72.04","Jebres","33.72.04.1007","Jagalan"
"33","Jawa Tengah","33.72","Kota Surakarta","33.72.04","Jebres","33.72.04.1008","Purwodiningratan"
"33","Jawa Tengah","33.72","Kota Surakarta","33.72.04","Jebres","33.72.04.1009","Tegalharjo"
"33","Jawa Tengah","33.72","Kota Surakarta","33.72.04","Jebres","33.72.04.1010","Jebres"
"33","Jawa Tengah","33.72","Kota Surakarta","33.72.04","Jebres","33.72.04.1011","Mojosongo"
"33","Jawa Tengah","33.72","Kota Surakarta","33.72.05","Banjarsari","33.72.05.1001","Kadipiro"
"33","Jawa Tengah","33.72","Kota Surakarta","33.72.05","Banjarsari","33.72.05.1002","Nusukan"
"33","Jawa Tengah","33.72","Kota Surakarta","33.72.05","Banjarsari","33.72.05.1003","Gilingan"
"33","Jawa Tengah","33.72","Kota Surakarta","33.72.05","Banjarsari","33.72.05.1004","Setabelan"
"33","Jawa Tengah","33.72","Kota Surakarta","33.72.05","Banjarsari","33.72.05.1005","Kestalan"
"33","Jawa Tengah","33.72","Kota Surakarta","33.72.05","Banjarsari","33.72.05.1006","Keprabon"
"33","Jawa Tengah","33.72","Kota Surakarta","33.72.05","Banjarsari","33.72.05.1007","Timuran"
"33","Jawa Tengah","33.72","Kota Surakarta","33.72.05","Banjarsari","33.72.05.1008","Ketelan"
"33","Jawa Tengah","33.72","Kota Surakarta","33.72.05","Banjarsari","33.72.05.1009","Punggawan"
"33","Jawa Tengah","33.72","Kota Surakarta","33.72.05","Banjarsari","33.72.05.1010","Mangkubumen"
"33","Jawa Tengah","33.72","Kota Surakarta","33.72.05","Banjarsari","33.72.05.1011","Manahan"
"33","Jawa Tengah","33.72","Kota Surakarta","33.72.05","Banjarsari","33.72.05.1012","Sumber"
"33","Jawa Tengah","33.72","Kota Surakarta","33.72.05","Banjarsari","33.72.05.1013","Banyuanyar"
"33","Jawa Tengah","33.72","Kota Surakarta","33.72.05","Banjarsari","33.72.05.1014","Banjarsari"
"33","Jawa Tengah","33.72","Kota Surakarta","33.72.05","Banjarsari","33.72.05.1015","Joglo"
"33","Jawa Tengah","33.73","Kota Salatiga","33.73.01","Sidorejo","33.73.01.1001","Blotongan"
"33","Jawa Tengah","33.73","Kota Salatiga","33.73.01","Sidorejo","33.73.01.1002","Sidorejo Lor"
"33","Jawa Tengah","33.73","Kota Salatiga","33.73.01","Sidorejo","33.73.01.1003","Salatiga"
"33","Jawa Tengah","33.73","Kota Salatiga","33.73.01","Sidorejo","33.73.01.1004","Bugel"
"33","Jawa Tengah","33.73","Kota Salatiga","33.73.01","Sidorejo","33.73.01.1005","Kauman Kidul"
"33","Jawa Tengah","33.73","Kota Salatiga","33.73.01","Sidorejo","33.73.01.1006","Pulutan"
"33","Jawa Tengah","33.73","Kota Salatiga","33.73.02","Tingkir","33.73.02.1001","Kutowinangun Kidul"
"33","Jawa Tengah","33.73","Kota Salatiga","33.73.02","Tingkir","33.73.02.1002","Gendongan"
"33","Jawa Tengah","33.73","Kota Salatiga","33.73.02","Tingkir","33.73.02.1003","Sidorejo Kidul"
"33","Jawa Tengah","33.73","Kota Salatiga","33.73.02","Tingkir","33.73.02.1004","Kalibening"
"33","Jawa Tengah","33.73","Kota Salatiga","33.73.02","Tingkir","33.73.02.1005","Tingkir Lor"
"33","Jawa Tengah","33.73","Kota Salatiga","33.73.02","Tingkir","33.73.02.1006","Tingkir Tengah"
"33","Jawa Tengah","33.73","Kota Salatiga","33.73.02","Tingkir","33.73.02.1007","Kutowinangun Lor"
"33","Jawa Tengah","33.73","Kota Salatiga","33.73.03","Argomulyo","33.73.03.1001","Noborejo"
"33","Jawa Tengah","33.73","Kota Salatiga","33.73.03","Argomulyo","33.73.03.1002","Ledok"
"33","Jawa Tengah","33.73","Kota Salatiga","33.73.03","Argomulyo","33.73.03.1003","Tegalrejo"
"33","Jawa Tengah","33.73","Kota Salatiga","33.73.03","Argomulyo","33.73.03.1004","Kumpulrejo"
"33","Jawa Tengah","33.73","Kota Salatiga","33.73.03","Argomulyo","33.73.03.1005","Randuacir"
"33","Jawa Tengah","33.73","Kota Salatiga","33.73.03","Argomulyo","33.73.03.1006","Cebongan"
"33","Jawa Tengah","33.73","Kota Salatiga","33.73.04","Sidomukti","33.73.04.1001","Kecandran"
"33","Jawa Tengah","33.73","Kota Salatiga","33.73.04","Sidomukti","33.73.04.1002","Dukuh"
"33","Jawa Tengah","33.73","Kota Salatiga","33.73.04","Sidomukti","33.73.04.1003","Mangunsari"
"33","Jawa Tengah","33.73","Kota Salatiga","33.73.04","Sidomukti","33.73.04.1004","Kalicacing"
"33","Jawa Tengah","33.74","Kota Semarang","33.74.01","Semarang Tengah","33.74.01.1001","Miroto"
"33","Jawa Tengah","33.74","Kota Semarang","33.74.01","Semarang Tengah","33.74.01.1002","Brumbungan"
"33","Jawa Tengah","33.74","Kota Semarang","33.74.01","Semarang Tengah","33.74.01.1003","Jagalan"
"33","Jawa Tengah","33.74","Kota Semarang","33.74.01","Semarang Tengah","33.74.01.1004","Kranggan"
"33","Jawa Tengah","33.74","Kota Semarang","33.74.01","Semarang Tengah","33.74.01.1005","Gabahan"
"33","Jawa Tengah","33.74","Kota Semarang","33.74.01","Semarang Tengah","33.74.01.1006","Kembangsari"
"33","Jawa Tengah","33.74","Kota Semarang","33.74.01","Semarang Tengah","33.74.01.1007","Sekayu"
"33","Jawa Tengah","33.74","Kota Semarang","33.74.01","Semarang Tengah","33.74.01.1008","Pandansari"
"33","Jawa Tengah","33.74","Kota Semarang","33.74.01","Semarang Tengah","33.74.01.1009","Bangunharjo"
"33","Jawa Tengah","33.74","Kota Semarang","33.74.01","Semarang Tengah","33.74.01.1010","Kauman"
"33","Jawa Tengah","33.74","Kota Semarang","33.74.01","Semarang Tengah","33.74.01.1011","Purwodinatan"
"33","Jawa Tengah","33.74","Kota Semarang","33.74.01","Semarang Tengah","33.74.01.1012","Karang Kidul"
"33","Jawa Tengah","33.74","Kota Semarang","33.74.01","Semarang Tengah","33.74.01.1013","Pekunden"
"33","Jawa Tengah","33.74","Kota Semarang","33.74.01","Semarang Tengah","33.74.01.1014","Pindrikan Kidul"
"33","Jawa Tengah","33.74","Kota Semarang","33.74.01","Semarang Tengah","33.74.01.1015","Pindrikan Lor"
"33","Jawa Tengah","33.74","Kota Semarang","33.74.02","Semarang Utara","33.74.02.1001","Bandarharjo"
"33","Jawa Tengah","33.74","Kota Semarang","33.74.02","Semarang Utara","33.74.02.1002","Bulu Lor"
"33","Jawa Tengah","33.74","Kota Semarang","33.74.02","Semarang Utara","33.74.02.1003","Plombokan"
"33","Jawa Tengah","33.74","Kota Semarang","33.74.02","Semarang Utara","33.74.02.1004","Purwosari"
"33","Jawa Tengah","33.74","Kota Semarang","33.74.02","Semarang Utara","33.74.02.1005","Kuningan"
"33","Jawa Tengah","33.74","Kota Semarang","33.74.02","Semarang Utara","33.74.02.1006","Panggung Lor"
"33","Jawa Tengah","33.74","Kota Semarang","33.74.02","Semarang Utara","33.74.02.1007","Panggung Kidul"
"33","Jawa Tengah","33.74","Kota Semarang","33.74.02","Semarang Utara","33.74.02.1008","Tanjung Mas"
"33","Jawa Tengah","33.74","Kota Semarang","33.74.02","Semarang Utara","33.74.02.1009","Dadapsari"
"33","Jawa Tengah","33.74","Kota Semarang","33.74.03","Semarang Timur","33.74.03.1001","Kemijen"
"33","Jawa Tengah","33.74","Kota Semarang","33.74.03","Semarang Timur","33.74.03.1002","Rejomulyo"
"33","Jawa Tengah","33.74","Kota Semarang","33.74.03","Semarang Timur","33.74.03.1003","Mlatibaru"
"33","Jawa Tengah","33.74","Kota Semarang","33.74.03","Semarang Timur","33.74.03.1004","Kebonagung"
"33","Jawa Tengah","33.74","Kota Semarang","33.74.03","Semarang Timur","33.74.03.1005","Mlatiharjo"
"33","Jawa Tengah","33.74","Kota Semarang","33.74.03","Semarang Timur","33.74.03.1006","Bugangan"
"33","Jawa Tengah","33.74","Kota Semarang","33.74.03","Semarang Timur","33.74.03.1007","Sarirejo"
"33","Jawa Tengah","33.74","Kota Semarang","33.74.03","Semarang Timur","33.74.03.1008","Rejosari"
"33","Jawa Tengah","33.74","Kota Semarang","33.74.03","Semarang Timur","33.74.03.1009","Karangturi"
"33","Jawa Tengah","33.74","Kota Semarang","33.74.03","Semarang Timur","33.74.03.1010","Karangtempel"
"33","Jawa Tengah","33.74","Kota Semarang","33.74.04","Gayamsari","33.74.04.1001","Tambakrejo"
"33","Jawa Tengah","33.74","Kota Semarang","33.74.04","Gayamsari","33.74.04.1002","Kaligawe"
"33","Jawa Tengah","33.74","Kota Semarang","33.74.04","Gayamsari","33.74.04.1003","Sawah Besar"
"33","Jawa Tengah","33.74","Kota Semarang","33.74.04","Gayamsari","33.74.04.1004","Sambirejo"
"33","Jawa Tengah","33.74","Kota Semarang","33.74.04","Gayamsari","33.74.04.1005","Siwalan"
"33","Jawa Tengah","33.74","Kota Semarang","33.74.04","Gayamsari","33.74.04.1006","Pandean Lamper"
"33","Jawa Tengah","33.74","Kota Semarang","33.74.04","Gayamsari","33.74.04.1007","Gayamsari"
"33","Jawa Tengah","33.74","Kota Semarang","33.74.05","Genuk","33.74.05.1001","Sembungharjo"
"33","Jawa Tengah","33.74","Kota Semarang","33.74.05","Genuk","33.74.05.1002","Kudu"
"33","Jawa Tengah","33.74","Kota Semarang","33.74.05","Genuk","33.74.05.1003","Karangroto"
"33","Jawa Tengah","33.74","Kota Semarang","33.74.05","Genuk","33.74.05.1004","Genuksari"
"33","Jawa Tengah","33.74","Kota Semarang","33.74.05","Genuk","33.74.05.1005","Banjardowo"
"33","Jawa Tengah","33.74","Kota Semarang","33.74.05","Genuk","33.74.05.1006","Gebangsari"
"33","Jawa Tengah","33.74","Kota Semarang","33.74.05","Genuk","33.74.05.1007","Trimulyo"
"33","Jawa Tengah","33.74","Kota Semarang","33.74.05","Genuk","33.74.05.1008","Penggaron Lor"
"33","Jawa Tengah","33.74","Kota Semarang","33.74.05","Genuk","33.74.05.1009","Muktiharjo Lor"
"33","Jawa Tengah","33.74","Kota Semarang","33.74.05","Genuk","33.74.05.1010","Bangetayu Kulon"
"33","Jawa Tengah","33.74","Kota Semarang","33.74.05","Genuk","33.74.05.1011","Bangetayu Wetan"
"33","Jawa Tengah","33.74","Kota Semarang","33.74.05","Genuk","33.74.05.1012","Terboyo Kulon"
"33","Jawa Tengah","33.74","Kota Semarang","33.74.05","Genuk","33.74.05.1013","Terboyo Wetan"
"33","Jawa Tengah","33.74","Kota Semarang","33.74.06","Pedurungan","33.74.06.1001","Penggaron Kidul"
"33","Jawa Tengah","33.74","Kota Semarang","33.74.06","Pedurungan","33.74.06.1002","Tlogomulyo"
"33","Jawa Tengah","33.74","Kota Semarang","33.74.06","Pedurungan","33.74.06.1003","Tlogosari Wetan"
"33","Jawa Tengah","33.74","Kota Semarang","33.74.06","Pedurungan","33.74.06.1004","Tlogosari Kulon"
"33","Jawa Tengah","33.74","Kota Semarang","33.74.06","Pedurungan","33.74.06.1005","Muktiharjo Kidul"
"33","Jawa Tengah","33.74","Kota Semarang","33.74.06","Pedurungan","33.74.06.1006","Plamongansari"
"33","Jawa Tengah","33.74","Kota Semarang","33.74.06","Pedurungan","33.74.06.1007","Gemah"
"33","Jawa Tengah","33.74","Kota Semarang","33.74.06","Pedurungan","33.74.06.1008","Pedurungan Kidul"
"33","Jawa Tengah","33.74","Kota Semarang","33.74.06","Pedurungan","33.74.06.1009","Pedurungan Lor"
"33","Jawa Tengah","33.74","Kota Semarang","33.74.06","Pedurungan","33.74.06.1010","Pedurungan Tengah"
"33","Jawa Tengah","33.74","Kota Semarang","33.74.06","Pedurungan","33.74.06.1011","Palebon"
"33","Jawa Tengah","33.74","Kota Semarang","33.74.06","Pedurungan","33.74.06.1012","Kalicari"
"33","Jawa Tengah","33.74","Kota Semarang","33.74.07","Semarang Selatan","33.74.07.1001","Randusari"
"33","Jawa Tengah","33.74","Kota Semarang","33.74.07","Semarang Selatan","33.74.07.1002","Bulustalan"
"33","Jawa Tengah","33.74","Kota Semarang","33.74.07","Semarang Selatan","33.74.07.1003","Barusari"
"33","Jawa Tengah","33.74","Kota Semarang","33.74.07","Semarang Selatan","33.74.07.1004","Mugasari"
"33","Jawa Tengah","33.74","Kota Semarang","33.74.07","Semarang Selatan","33.74.07.1005","Pleburan"
"33","Jawa Tengah","33.74","Kota Semarang","33.74.07","Semarang Selatan","33.74.07.1006","Wonodri"
"33","Jawa Tengah","33.74","Kota Semarang","33.74.07","Semarang Selatan","33.74.07.1007","Peterongan"
"33","Jawa Tengah","33.74","Kota Semarang","33.74.07","Semarang Selatan","33.74.07.1008","Lamper Lor"
"33","Jawa Tengah","33.74","Kota Semarang","33.74.07","Semarang Selatan","33.74.07.1009","Lamper Kidul"
"33","Jawa Tengah","33.74","Kota Semarang","33.74.07","Semarang Selatan","33.74.07.1010","Lamper Tengah"
"33","Jawa Tengah","33.74","Kota Semarang","33.74.08","Candisari","33.74.08.1001","Candi"
"33","Jawa Tengah","33.74","Kota Semarang","33.74.08","Candisari","33.74.08.1002","Jatingaleh"
"33","Jawa Tengah","33.74","Kota Semarang","33.74.08","Candisari","33.74.08.1003","Kaliwiru"
"33","Jawa Tengah","33.74","Kota Semarang","33.74.08","Candisari","33.74.08.1004","Jomblang"
"33","Jawa Tengah","33.74","Kota Semarang","33.74.08","Candisari","33.74.08.1005","Karanganyar Gunung"
"33","Jawa Tengah","33.74","Kota Semarang","33.74.08","Candisari","33.74.08.1006","Tegalsari"
"33","Jawa Tengah","33.74","Kota Semarang","33.74.08","Candisari","33.74.08.1007","Wonotingal"
"33","Jawa Tengah","33.74","Kota Semarang","33.74.09","Gajahmungkur","33.74.09.1001","Karangrejo"
"33","Jawa Tengah","33.74","Kota Semarang","33.74.09","Gajahmungkur","33.74.09.1002","Bendan Dhuwur"
"33","Jawa Tengah","33.74","Kota Semarang","33.74.09","Gajahmungkur","33.74.09.1003","Bendan Ngisor"
"33","Jawa Tengah","33.74","Kota Semarang","33.74.09","Gajahmungkur","33.74.09.1004","Sampangan"
"33","Jawa Tengah","33.74","Kota Semarang","33.74.09","Gajahmungkur","33.74.09.1005","Gajahmungkur"
"33","Jawa Tengah","33.74","Kota Semarang","33.74.09","Gajahmungkur","33.74.09.1006","Lempongsari"
"33","Jawa Tengah","33.74","Kota Semarang","33.74.09","Gajahmungkur","33.74.09.1007","Petompon"
"33","Jawa Tengah","33.74","Kota Semarang","33.74.09","Gajahmungkur","33.74.09.1008","Bendungan"
"33","Jawa Tengah","33.74","Kota Semarang","33.74.10","Tembalang","33.74.10.1001","Meteseh"
"33","Jawa Tengah","33.74","Kota Semarang","33.74.10","Tembalang","33.74.10.1002","Rowosari"
"33","Jawa Tengah","33.74","Kota Semarang","33.74.10","Tembalang","33.74.10.1003","Mangunharjo"
"33","Jawa Tengah","33.74","Kota Semarang","33.74.10","Tembalang","33.74.10.1004","Bulusan"
"33","Jawa Tengah","33.74","Kota Semarang","33.74.10","Tembalang","33.74.10.1005","Kramas"
"33","Jawa Tengah","33.74","Kota Semarang","33.74.10","Tembalang","33.74.10.1006","Tembalang"
"33","Jawa Tengah","33.74","Kota Semarang","33.74.10","Tembalang","33.74.10.1007","Jangli"
"33","Jawa Tengah","33.74","Kota Semarang","33.74.10","Tembalang","33.74.10.1008","Tandang"
"33","Jawa Tengah","33.74","Kota Semarang","33.74.10","Tembalang","33.74.10.1009","Kedungmundu"
"33","Jawa Tengah","33.74","Kota Semarang","33.74.10","Tembalang","33.74.10.1010","Sendangguwo"
"33","Jawa Tengah","33.74","Kota Semarang","33.74.10","Tembalang","33.74.10.1011","Sendangmulyo"
"33","Jawa Tengah","33.74","Kota Semarang","33.74.10","Tembalang","33.74.10.1012","Sambiroto"
"33","Jawa Tengah","33.74","Kota Semarang","33.74.11","Banyumanik","33.74.11.1001","Pudakpayung"
"33","Jawa Tengah","33.74","Kota Semarang","33.74.11","Banyumanik","33.74.11.1002","Gedawang"
"33","Jawa Tengah","33.74","Kota Semarang","33.74.11","Banyumanik","33.74.11.1003","Jabungan"
"33","Jawa Tengah","33.74","Kota Semarang","33.74.11","Banyumanik","33.74.11.1004","Pedalangan"
"33","Jawa Tengah","33.74","Kota Semarang","33.74.11","Banyumanik","33.74.11.1005","Banyumanik"
"33","Jawa Tengah","33.74","Kota Semarang","33.74.11","Banyumanik","33.74.11.1006","Srondol Kulon"
"33","Jawa Tengah","33.74","Kota Semarang","33.74.11","Banyumanik","33.74.11.1007","Srondol Wetan"
"33","Jawa Tengah","33.74","Kota Semarang","33.74.11","Banyumanik","33.74.11.1008","Ngesrep"
"33","Jawa Tengah","33.74","Kota Semarang","33.74.11","Banyumanik","33.74.11.1009","Tinjomoyo"
"33","Jawa Tengah","33.74","Kota Semarang","33.74.11","Banyumanik","33.74.11.1010","Padangsari"
"33","Jawa Tengah","33.74","Kota Semarang","33.74.11","Banyumanik","33.74.11.1011","Sumurboto"
"33","Jawa Tengah","33.74","Kota Semarang","33.74.12","Gunungpati","33.74.12.1001","Pakintelan"
"33","Jawa Tengah","33.74","Kota Semarang","33.74.12","Gunungpati","33.74.12.1002","Mangunsari"
"33","Jawa Tengah","33.74","Kota Semarang","33.74.12","Gunungpati","33.74.12.1003","Plalangan"
"33","Jawa Tengah","33.74","Kota Semarang","33.74.12","Gunungpati","33.74.12.1004","Gunungpati"
"33","Jawa Tengah","33.74","Kota Semarang","33.74.12","Gunungpati","33.74.12.1005","Nongkosawit"
"33","Jawa Tengah","33.74","Kota Semarang","33.74.12","Gunungpati","33.74.12.1006","Pongangan"
"33","Jawa Tengah","33.74","Kota Semarang","33.74.12","Gunungpati","33.74.12.1007","Ngijo"
"33","Jawa Tengah","33.74","Kota Semarang","33.74.12","Gunungpati","33.74.12.1008","Patemon"
"33","Jawa Tengah","33.74","Kota Semarang","33.74.12","Gunungpati","33.74.12.1009","Sekaran"
"33","Jawa Tengah","33.74","Kota Semarang","33.74.12","Gunungpati","33.74.12.1010","Sukorejo"
"33","Jawa Tengah","33.74","Kota Semarang","33.74.12","Gunungpati","33.74.12.1011","Sadeng"
"33","Jawa Tengah","33.74","Kota Semarang","33.74.12","Gunungpati","33.74.12.1012","Cepoko"
"33","Jawa Tengah","33.74","Kota Semarang","33.74.12","Gunungpati","33.74.12.1013","Jatirejo"
"33","Jawa Tengah","33.74","Kota Semarang","33.74.12","Gunungpati","33.74.12.1014","Sumurrejo"
"33","Jawa Tengah","33.74","Kota Semarang","33.74.12","Gunungpati","33.74.12.1015","Kalisegoro"
"33","Jawa Tengah","33.74","Kota Semarang","33.74.12","Gunungpati","33.74.12.1016","Kandri"
"33","Jawa Tengah","33.74","Kota Semarang","33.74.13","Semarang Barat","33.74.13.1001","Ngemplak Simongan"
"33","Jawa Tengah","33.74","Kota Semarang","33.74.13","Semarang Barat","33.74.13.1002","Manyaran"
"33","Jawa Tengah","33.74","Kota Semarang","33.74.13","Semarang Barat","33.74.13.1003","Krapyak"
"33","Jawa Tengah","33.74","Kota Semarang","33.74.13","Semarang Barat","33.74.13.1004","Tambakharjo"
"33","Jawa Tengah","33.74","Kota Semarang","33.74.13","Semarang Barat","33.74.13.1005","Kalibanteng Kulon"
"33","Jawa Tengah","33.74","Kota Semarang","33.74.13","Semarang Barat","33.74.13.1006","Kalibanteng Kidul"
"33","Jawa Tengah","33.74","Kota Semarang","33.74.13","Semarang Barat","33.74.13.1007","Gisikdrono"
"33","Jawa Tengah","33.74","Kota Semarang","33.74.13","Semarang Barat","33.74.13.1008","Bongsari"
"33","Jawa Tengah","33.74","Kota Semarang","33.74.13","Semarang Barat","33.74.13.1009","Bojongsalaman"
"33","Jawa Tengah","33.74","Kota Semarang","33.74.13","Semarang Barat","33.74.13.1010","Salamanmloyo"
"33","Jawa Tengah","33.74","Kota Semarang","33.74.13","Semarang Barat","33.74.13.1011","Cabean"
"33","Jawa Tengah","33.74","Kota Semarang","33.74.13","Semarang Barat","33.74.13.1012","Karangayu"
"33","Jawa Tengah","33.74","Kota Semarang","33.74.13","Semarang Barat","33.74.13.1013","Krobokan"
"33","Jawa Tengah","33.74","Kota Semarang","33.74.13","Semarang Barat","33.74.13.1014","Tawangsari"
"33","Jawa Tengah","33.74","Kota Semarang","33.74.13","Semarang Barat","33.74.13.1015","Tawangmas"
"33","Jawa Tengah","33.74","Kota Semarang","33.74.13","Semarang Barat","33.74.13.1016","Kembangarum"
"33","Jawa Tengah","33.74","Kota Semarang","33.74.14","Mijen","33.74.14.1001","Cangkiran"
"33","Jawa Tengah","33.74","Kota Semarang","33.74.14","Mijen","33.74.14.1002","Bubakan"
"33","Jawa Tengah","33.74","Kota Semarang","33.74.14","Mijen","33.74.14.1003","Karangmalang"
"33","Jawa Tengah","33.74","Kota Semarang","33.74.14","Mijen","33.74.14.1004","Polaman"
"33","Jawa Tengah","33.74","Kota Semarang","33.74.14","Mijen","33.74.14.1005","Purwosari"
"33","Jawa Tengah","33.74","Kota Semarang","33.74.14","Mijen","33.74.14.1006","Tambangan"
"33","Jawa Tengah","33.74","Kota Semarang","33.74.14","Mijen","33.74.14.1007","Wonolopo"
"33","Jawa Tengah","33.74","Kota Semarang","33.74.14","Mijen","33.74.14.1008","Mijen"
"33","Jawa Tengah","33.74","Kota Semarang","33.74.14","Mijen","33.74.14.1009","Jatibarang"
"33","Jawa Tengah","33.74","Kota Semarang","33.74.14","Mijen","33.74.14.1010","Kedungpane"
"33","Jawa Tengah","33.74","Kota Semarang","33.74.14","Mijen","33.74.14.1011","Ngadirgo"
"33","Jawa Tengah","33.74","Kota Semarang","33.74.14","Mijen","33.74.14.1012","Wonoplumbon"
"33","Jawa Tengah","33.74","Kota Semarang","33.74.14","Mijen","33.74.14.1013","Jatisari"
"33","Jawa Tengah","33.74","Kota Semarang","33.74.14","Mijen","33.74.14.1014","Pesantren"
"33","Jawa Tengah","33.74","Kota Semarang","33.74.15","Ngaliyan","33.74.15.1001","Gondoriyo"
"33","Jawa Tengah","33.74","Kota Semarang","33.74.15","Ngaliyan","33.74.15.1002","Podorejo"
"33","Jawa Tengah","33.74","Kota Semarang","33.74.15","Ngaliyan","33.74.15.1003","Bringin"
"33","Jawa Tengah","33.74","Kota Semarang","33.74.15","Ngaliyan","33.74.15.1004","Purwoyoso"
"33","Jawa Tengah","33.74","Kota Semarang","33.74.15","Ngaliyan","33.74.15.1005","Kalipancur"
"33","Jawa Tengah","33.74","Kota Semarang","33.74.15","Ngaliyan","33.74.15.1006","Bambankerep"
"33","Jawa Tengah","33.74","Kota Semarang","33.74.15","Ngaliyan","33.74.15.1007","Ngaliyan"
"33","Jawa Tengah","33.74","Kota Semarang","33.74.15","Ngaliyan","33.74.15.1008","Tambakaji"
"33","Jawa Tengah","33.74","Kota Semarang","33.74.15","Ngaliyan","33.74.15.1009","Wonosari"
"33","Jawa Tengah","33.74","Kota Semarang","33.74.15","Ngaliyan","33.74.15.1010","Wates"
"33","Jawa Tengah","33.74","Kota Semarang","33.74.16","Tugu","33.74.16.1001","Jerakah"
"33","Jawa Tengah","33.74","Kota Semarang","33.74.16","Tugu","33.74.16.1002","Tugurejo"
"33","Jawa Tengah","33.74","Kota Semarang","33.74.16","Tugu","33.74.16.1003","Karanganyar"
"33","Jawa Tengah","33.74","Kota Semarang","33.74.16","Tugu","33.74.16.1004","Randugarut"
"33","Jawa Tengah","33.74","Kota Semarang","33.74.16","Tugu","33.74.16.1005","Mangkang Wetan"
"33","Jawa Tengah","33.74","Kota Semarang","33.74.16","Tugu","33.74.16.1006","Mangkang Kulon"
"33","Jawa Tengah","33.74","Kota Semarang","33.74.16","Tugu","33.74.16.1007","Mangunharjo"
"33","Jawa Tengah","33.75","Kota Pekalongan","33.75.01","Pekalongan Barat","33.75.01.1002","Medono"
"33","Jawa Tengah","33.75","Kota Pekalongan","33.75.01","Pekalongan Barat","33.75.01.1003","Podosugih"
"33","Jawa Tengah","33.75","Kota Pekalongan","33.75.01","Pekalongan Barat","33.75.01.1004","Sapuro Kebulen"
"33","Jawa Tengah","33.75","Kota Pekalongan","33.75.01","Pekalongan Barat","33.75.01.1006","Bendan Kergon"
"33","Jawa Tengah","33.75","Kota Pekalongan","33.75.01","Pekalongan Barat","33.75.01.1008","Pasirkratonkramat"
"33","Jawa Tengah","33.75","Kota Pekalongan","33.75.01","Pekalongan Barat","33.75.01.1009","Tirto"
"33","Jawa Tengah","33.75","Kota Pekalongan","33.75.01","Pekalongan Barat","33.75.01.1012","Pringrejo"
"33","Jawa Tengah","33.75","Kota Pekalongan","33.75.02","Pekalongan Timur","33.75.02.1002","Noyontaansari"
"33","Jawa Tengah","33.75","Kota Pekalongan","33.75.02","Pekalongan Timur","33.75.02.1004","Kauman"
"33","Jawa Tengah","33.75","Kota Pekalongan","33.75.02","Pekalongan Timur","33.75.02.1007","Poncol"
"33","Jawa Tengah","33.75","Kota Pekalongan","33.75.02","Pekalongan Timur","33.75.02.1008","Klego"
"33","Jawa Tengah","33.75","Kota Pekalongan","33.75.02","Pekalongan Timur","33.75.02.1009","Gamer"
"33","Jawa Tengah","33.75","Kota Pekalongan","33.75.02","Pekalongan Timur","33.75.02.1010","Setono"
"33","Jawa Tengah","33.75","Kota Pekalongan","33.75.02","Pekalongan Timur","33.75.02.1012","Kali Baros"
"33","Jawa Tengah","33.75","Kota Pekalongan","33.75.03","Pekalongan Utara","33.75.03.1002","Krapyak"
"33","Jawa Tengah","33.75","Kota Pekalongan","33.75.03","Pekalongan Utara","33.75.03.1003","Kandang Panjang"
"33","Jawa Tengah","33.75","Kota Pekalongan","33.75.03","Pekalongan Utara","33.75.03.1004","Panjang Wetan"
"33","Jawa Tengah","33.75","Kota Pekalongan","33.75.03","Pekalongan Utara","33.75.03.1006","Padukuhan Kraton"
"33","Jawa Tengah","33.75","Kota Pekalongan","33.75.03","Pekalongan Utara","33.75.03.1007","Degayu"
"33","Jawa Tengah","33.75","Kota Pekalongan","33.75.03","Pekalongan Utara","33.75.03.1009","Bandengan"
"33","Jawa Tengah","33.75","Kota Pekalongan","33.75.03","Pekalongan Utara","33.75.03.1010","Panjang Baru"
"33","Jawa Tengah","33.75","Kota Pekalongan","33.75.04","Pekalongan Selatan","33.75.04.1002","Banyurip"
"33","Jawa Tengah","33.75","Kota Pekalongan","33.75.04","Pekalongan Selatan","33.75.04.1003","Buaran Kradenan"
"33","Jawa Tengah","33.75","Kota Pekalongan","33.75.04","Pekalongan Selatan","33.75.04.1004","Jenggot"
"33","Jawa Tengah","33.75","Kota Pekalongan","33.75.04","Pekalongan Selatan","33.75.04.1006","Kuripan Kertoharjo"
"33","Jawa Tengah","33.75","Kota Pekalongan","33.75.04","Pekalongan Selatan","33.75.04.1008","Kuripan Yosorejo"
"33","Jawa Tengah","33.75","Kota Pekalongan","33.75.04","Pekalongan Selatan","33.75.04.1010","Sokoduwet"
"33","Jawa Tengah","33.76","Kota Tegal","33.76.01","Tegal Barat","33.76.01.1001","Pesurungan Kidul"
"33","Jawa Tengah","33.76","Kota Tegal","33.76.01","Tegal Barat","33.76.01.1002","Debong Lor"
"33","Jawa Tengah","33.76","Kota Tegal","33.76.01","Tegal Barat","33.76.01.1003","Kemandungan"
"33","Jawa Tengah","33.76","Kota Tegal","33.76.01","Tegal Barat","33.76.01.1004","Pekauman"
"33","Jawa Tengah","33.76","Kota Tegal","33.76.01","Tegal Barat","33.76.01.1005","Kraton"
"33","Jawa Tengah","33.76","Kota Tegal","33.76.01","Tegal Barat","33.76.01.1006","Tegalsari"
"33","Jawa Tengah","33.76","Kota Tegal","33.76.01","Tegal Barat","33.76.01.1007","Muarareja"
"33","Jawa Tengah","33.76","Kota Tegal","33.76.02","Tegal Timur","33.76.02.1001","Kejambon"
"33","Jawa Tengah","33.76","Kota Tegal","33.76.02","Tegal Timur","33.76.02.1002","Slerok"
"33","Jawa Tengah","33.76","Kota Tegal","33.76.02","Tegal Timur","33.76.02.1003","Panggung"
"33","Jawa Tengah","33.76","Kota Tegal","33.76.02","Tegal Timur","33.76.02.1004","Mangkukusuman"
"33","Jawa Tengah","33.76","Kota Tegal","33.76.02","Tegal Timur","33.76.02.1005","Mintaragen"
"33","Jawa Tengah","33.76","Kota Tegal","33.76.03","Tegal Selatan","33.76.03.1001","Kalinyamat Wetan"
"33","Jawa Tengah","33.76","Kota Tegal","33.76.03","Tegal Selatan","33.76.03.1002","Bandung"
"33","Jawa Tengah","33.76","Kota Tegal","33.76.03","Tegal Selatan","33.76.03.1003","Debong Kidul"
"33","Jawa Tengah","33.76","Kota Tegal","33.76.03","Tegal Selatan","33.76.03.1004","Tunon"
"33","Jawa Tengah","33.76","Kota Tegal","33.76.03","Tegal Selatan","33.76.03.1005","Keturen"
"33","Jawa Tengah","33.76","Kota Tegal","33.76.03","Tegal Selatan","33.76.03.1006","Debong Kulon"
"33","Jawa Tengah","33.76","Kota Tegal","33.76.03","Tegal Selatan","33.76.03.1007","Debong Tengah"
"33","Jawa Tengah","33.76","Kota Tegal","33.76.03","Tegal Selatan","33.76.03.1008","Randugunting"
"33","Jawa Tengah","33.76","Kota Tegal","33.76.04","Margadana","33.76.04.1001","Kaligangsa"
"33","Jawa Tengah","33.76","Kota Tegal","33.76.04","Margadana","33.76.04.1002","Krandon"
"33","Jawa Tengah","33.76","Kota Tegal","33.76.04","Margadana","33.76.04.1003","Cabawan"
"33","Jawa Tengah","33.76","Kota Tegal","33.76.04","Margadana","33.76.04.1004","Kalinyamat Kulon"
"33","Jawa Tengah","33.76","Kota Tegal","33.76.04","Margadana","33.76.04.1005","Margadana"
"33","Jawa Tengah","33.76","Kota Tegal","33.76.04","Margadana","33.76.04.1006","Sumurpanggang"
"33","Jawa Tengah","33.76","Kota Tegal","33.76.04","Margadana","33.76.04.1007","Pesurungan Lor"
