province_code,province_name,regency_code,regency_name,district_code,district_name,village_code,village_name
"53","Nusa Tenggara Timur","53.01","Kabupaten Kupang","53.01.04","Semau","53.01.04.2003","Bokonusan"
"53","Nusa Tenggara Timur","53.01","Kabupaten Kupang","53.01.04","Semau","53.01.04.2004","Otan"
"53","Nusa Tenggara Timur","53.01","Kabupaten Kupang","53.01.04","Semau","53.01.04.2005","Uitao"
"53","Nusa Tenggara Timur","53.01","Kabupaten Kupang","53.01.04","Semau","53.01.04.2006","Uiasa"
"53","Nusa Tenggara Timur","53.01","Kabupaten Kupang","53.01.04","Semau","53.01.04.2008","Hansisi"
"53","Nusa Tenggara Timur","53.01","Kabupaten Kupang","53.01.04","Semau","53.01.04.2009","Huilelot"
"53","Nusa Tenggara Timur","53.01","Kabupaten Kupang","53.01.04","Semau","53.01.04.2011","Batuinan"
"53","Nusa Tenggara Timur","53.01","Kabupaten Kupang","53.01.04","Semau","53.01.04.2013","Letbaun"
"53","Nusa Tenggara Timur","53.01","Kabupaten Kupang","53.01.05","Kupang Barat","53.01.05.1001","Oenesu"
"53","Nusa Tenggara Timur","53.01","Kabupaten Kupang","53.01.05","Kupang Barat","53.01.05.1002","Batakte"
"53","Nusa Tenggara Timur","53.01","Kabupaten Kupang","53.01.05","Kupang Barat","53.01.05.2003","Manulai I"
"53","Nusa Tenggara Timur","53.01","Kabupaten Kupang","53.01.05","Kupang Barat","53.01.05.2004","Sumlili"
"53","Nusa Tenggara Timur","53.01","Kabupaten Kupang","53.01.05","Kupang Barat","53.01.05.2005","Lifuleo"
"53","Nusa Tenggara Timur","53.01","Kabupaten Kupang","53.01.05","Kupang Barat","53.01.05.2006","Tesabela"
"53","Nusa Tenggara Timur","53.01","Kabupaten Kupang","53.01.05","Kupang Barat","53.01.05.2007","Oematnunu"
"53","Nusa Tenggara Timur","53.01","Kabupaten Kupang","53.01.05","Kupang Barat","53.01.05.2008","Kuanheun"
"53","Nusa Tenggara Timur","53.01","Kabupaten Kupang","53.01.05","Kupang Barat","53.01.05.2009","Nitneo"
"53","Nusa Tenggara Timur","53.01","Kabupaten Kupang","53.01.05","Kupang Barat","53.01.05.2010","Bolok"
"53","Nusa Tenggara Timur","53.01","Kabupaten Kupang","53.01.05","Kupang Barat","53.01.05.2011","Tablolong"
"53","Nusa Tenggara Timur","53.01","Kabupaten Kupang","53.01.05","Kupang Barat","53.01.05.2012","Oenaek"
"53","Nusa Tenggara Timur","53.01","Kabupaten Kupang","53.01.06","Kupang Timur","53.01.06.1001","Babau"
"53","Nusa Tenggara Timur","53.01","Kabupaten Kupang","53.01.06","Kupang Timur","53.01.06.1003","Naibonat"
"53","Nusa Tenggara Timur","53.01","Kabupaten Kupang","53.01.06","Kupang Timur","53.01.06.1004","Oesao"
"53","Nusa Tenggara Timur","53.01","Kabupaten Kupang","53.01.06","Kupang Timur","53.01.06.1005","Merdeka"
"53","Nusa Tenggara Timur","53.01","Kabupaten Kupang","53.01.06","Kupang Timur","53.01.06.1008","Tuatuka"
"53","Nusa Tenggara Timur","53.01","Kabupaten Kupang","53.01.06","Kupang Timur","53.01.06.2002","Nunkurus"
"53","Nusa Tenggara Timur","53.01","Kabupaten Kupang","53.01.06","Kupang Timur","53.01.06.2006","Tuapukan"
"53","Nusa Tenggara Timur","53.01","Kabupaten Kupang","53.01.06","Kupang Timur","53.01.06.2007","Oefafi"
"53","Nusa Tenggara Timur","53.01","Kabupaten Kupang","53.01.06","Kupang Timur","53.01.06.2011","Pukdale"
"53","Nusa Tenggara Timur","53.01","Kabupaten Kupang","53.01.06","Kupang Timur","53.01.06.2015","Oesao"
"53","Nusa Tenggara Timur","53.01","Kabupaten Kupang","53.01.06","Kupang Timur","53.01.06.2016","Manusak"
"53","Nusa Tenggara Timur","53.01","Kabupaten Kupang","53.01.06","Kupang Timur","53.01.06.2017","Tanah Putih"
"53","Nusa Tenggara Timur","53.01","Kabupaten Kupang","53.01.06","Kupang Timur","53.01.06.2018","Oelatimo"
"53","Nusa Tenggara Timur","53.01","Kabupaten Kupang","53.01.07","Sulamu","53.01.07.1001","Sulamu"
"53","Nusa Tenggara Timur","53.01","Kabupaten Kupang","53.01.07","Sulamu","53.01.07.2002","Pitai"
"53","Nusa Tenggara Timur","53.01","Kabupaten Kupang","53.01.07","Sulamu","53.01.07.2003","Pariti"
"53","Nusa Tenggara Timur","53.01","Kabupaten Kupang","53.01.07","Sulamu","53.01.07.2004","Oeteta"
"53","Nusa Tenggara Timur","53.01","Kabupaten Kupang","53.01.07","Sulamu","53.01.07.2005","Bipolo"
"53","Nusa Tenggara Timur","53.01","Kabupaten Kupang","53.01.07","Sulamu","53.01.07.2006","Pantai Beringin"
"53","Nusa Tenggara Timur","53.01","Kabupaten Kupang","53.01.07","Sulamu","53.01.07.2007","Pantulan"
"53","Nusa Tenggara Timur","53.01","Kabupaten Kupang","53.01.08","Kupang Tengah","53.01.08.1007","Tarus"
"53","Nusa Tenggara Timur","53.01","Kabupaten Kupang","53.01.08","Kupang Tengah","53.01.08.2006","Oelnasi"
"53","Nusa Tenggara Timur","53.01","Kabupaten Kupang","53.01.08","Kupang Tengah","53.01.08.2008","Noelbaki"
"53","Nusa Tenggara Timur","53.01","Kabupaten Kupang","53.01.08","Kupang Tengah","53.01.08.2009","Oelpuah"
"53","Nusa Tenggara Timur","53.01","Kabupaten Kupang","53.01.08","Kupang Tengah","53.01.08.2010","Oebelo"
"53","Nusa Tenggara Timur","53.01","Kabupaten Kupang","53.01.08","Kupang Tengah","53.01.08.2011","Penfui Timur"
"53","Nusa Tenggara Timur","53.01","Kabupaten Kupang","53.01.08","Kupang Tengah","53.01.08.2012","Tanah Merah"
"53","Nusa Tenggara Timur","53.01","Kabupaten Kupang","53.01.08","Kupang Tengah","53.01.08.2013","Mata Air"
"53","Nusa Tenggara Timur","53.01","Kabupaten Kupang","53.01.09","Amarasi","53.01.09.1002","Nonbes"
"53","Nusa Tenggara Timur","53.01","Kabupaten Kupang","53.01.09","Amarasi","53.01.09.2001","Oesena"
"53","Nusa Tenggara Timur","53.01","Kabupaten Kupang","53.01.09","Amarasi","53.01.09.2003","Ponain"
"53","Nusa Tenggara Timur","53.01","Kabupaten Kupang","53.01.09","Amarasi","53.01.09.2004","Kotabes"
"53","Nusa Tenggara Timur","53.01","Kabupaten Kupang","53.01.09","Amarasi","53.01.09.2005","Tesbatan"
"53","Nusa Tenggara Timur","53.01","Kabupaten Kupang","53.01.09","Amarasi","53.01.09.2006","Oenoni"
"53","Nusa Tenggara Timur","53.01","Kabupaten Kupang","53.01.09","Amarasi","53.01.09.2007","Apren"
"53","Nusa Tenggara Timur","53.01","Kabupaten Kupang","53.01.09","Amarasi","53.01.09.2008","Oenoni II"
"53","Nusa Tenggara Timur","53.01","Kabupaten Kupang","53.01.09","Amarasi","53.01.09.2009","Tesbatan II"
"53","Nusa Tenggara Timur","53.01","Kabupaten Kupang","53.01.10","Fatuleu","53.01.10.1001","Camplong I"
"53","Nusa Tenggara Timur","53.01","Kabupaten Kupang","53.01.10","Fatuleu","53.01.10.2007","Camplong II"
"53","Nusa Tenggara Timur","53.01","Kabupaten Kupang","53.01.10","Fatuleu","53.01.10.2008","Naunnu"
"53","Nusa Tenggara Timur","53.01","Kabupaten Kupang","53.01.10","Fatuleu","53.01.10.2009","Oebola"
"53","Nusa Tenggara Timur","53.01","Kabupaten Kupang","53.01.10","Fatuleu","53.01.10.2010","Sillu"
"53","Nusa Tenggara Timur","53.01","Kabupaten Kupang","53.01.10","Fatuleu","53.01.10.2011","Ekateta"
"53","Nusa Tenggara Timur","53.01","Kabupaten Kupang","53.01.10","Fatuleu","53.01.10.2012","Kuimasi"
"53","Nusa Tenggara Timur","53.01","Kabupaten Kupang","53.01.10","Fatuleu","53.01.10.2013","Tolnaku"
"53","Nusa Tenggara Timur","53.01","Kabupaten Kupang","53.01.10","Fatuleu","53.01.10.2014","Oebola Dalam"
"53","Nusa Tenggara Timur","53.01","Kabupaten Kupang","53.01.10","Fatuleu","53.01.10.2015","Kiuoni"
"53","Nusa Tenggara Timur","53.01","Kabupaten Kupang","53.01.11","Takari","53.01.11.1007","Takari"
"53","Nusa Tenggara Timur","53.01","Kabupaten Kupang","53.01.11","Takari","53.01.11.2001","Noelmina"
"53","Nusa Tenggara Timur","53.01","Kabupaten Kupang","53.01.11","Takari","53.01.11.2002","Benu"
"53","Nusa Tenggara Timur","53.01","Kabupaten Kupang","53.01.11","Takari","53.01.11.2003","Hueknutu"
"53","Nusa Tenggara Timur","53.01","Kabupaten Kupang","53.01.11","Takari","53.01.11.2004","Oelnaineno"
"53","Nusa Tenggara Timur","53.01","Kabupaten Kupang","53.01.11","Takari","53.01.11.2005","Tanini"
"53","Nusa Tenggara Timur","53.01","Kabupaten Kupang","53.01.11","Takari","53.01.11.2006","Kauniki"
"53","Nusa Tenggara Timur","53.01","Kabupaten Kupang","53.01.11","Takari","53.01.11.2008","Tuapanaf"
"53","Nusa Tenggara Timur","53.01","Kabupaten Kupang","53.01.11","Takari","53.01.11.2009","Fatukona"
"53","Nusa Tenggara Timur","53.01","Kabupaten Kupang","53.01.11","Takari","53.01.11.2010","Oesusu"
"53","Nusa Tenggara Timur","53.01","Kabupaten Kupang","53.01.12","Amfoang Selatan","53.01.12.1003","Lelogama"
"53","Nusa Tenggara Timur","53.01","Kabupaten Kupang","53.01.12","Amfoang Selatan","53.01.12.2001","Fatusuki"
"53","Nusa Tenggara Timur","53.01","Kabupaten Kupang","53.01.12","Amfoang Selatan","53.01.12.2002","Oelbanu"
"53","Nusa Tenggara Timur","53.01","Kabupaten Kupang","53.01.12","Amfoang Selatan","53.01.12.2004","Fatumetan"
"53","Nusa Tenggara Timur","53.01","Kabupaten Kupang","53.01.12","Amfoang Selatan","53.01.12.2005","Oh'aem"
"53","Nusa Tenggara Timur","53.01","Kabupaten Kupang","53.01.12","Amfoang Selatan","53.01.12.2008","Leloboko"
"53","Nusa Tenggara Timur","53.01","Kabupaten Kupang","53.01.12","Amfoang Selatan","53.01.12.2011","Oh'aem II"
"53","Nusa Tenggara Timur","53.01","Kabupaten Kupang","53.01.13","Amfoang Utara","53.01.13.1002","Naikliu"
"53","Nusa Tenggara Timur","53.01","Kabupaten Kupang","53.01.13","Amfoang Utara","53.01.13.2001","Afoan"
"53","Nusa Tenggara Timur","53.01","Kabupaten Kupang","53.01.13","Amfoang Utara","53.01.13.2003","Fatunaus"
"53","Nusa Tenggara Timur","53.01","Kabupaten Kupang","53.01.13","Amfoang Utara","53.01.13.2004","Kolabe"
"53","Nusa Tenggara Timur","53.01","Kabupaten Kupang","53.01.13","Amfoang Utara","53.01.13.2005","Bakuin"
"53","Nusa Tenggara Timur","53.01","Kabupaten Kupang","53.01.13","Amfoang Utara","53.01.13.2010","Lilmus"
"53","Nusa Tenggara Timur","53.01","Kabupaten Kupang","53.01.16","Nekamese","53.01.16.2001","Oelomin"
"53","Nusa Tenggara Timur","53.01","Kabupaten Kupang","53.01.16","Nekamese","53.01.16.2002","Tasikona"
"53","Nusa Tenggara Timur","53.01","Kabupaten Kupang","53.01.16","Nekamese","53.01.16.2003","Oemasi"
"53","Nusa Tenggara Timur","53.01","Kabupaten Kupang","53.01.16","Nekamese","53.01.16.2004","Usapi Sonbai"
"53","Nusa Tenggara Timur","53.01","Kabupaten Kupang","53.01.16","Nekamese","53.01.16.2005","Oenif"
"53","Nusa Tenggara Timur","53.01","Kabupaten Kupang","53.01.16","Nekamese","53.01.16.2006","Tunfeu"
"53","Nusa Tenggara Timur","53.01","Kabupaten Kupang","53.01.16","Nekamese","53.01.16.2007","Oepaha"
"53","Nusa Tenggara Timur","53.01","Kabupaten Kupang","53.01.16","Nekamese","53.01.16.2008","Bone"
"53","Nusa Tenggara Timur","53.01","Kabupaten Kupang","53.01.16","Nekamese","53.01.16.2009","Taloetan"
"53","Nusa Tenggara Timur","53.01","Kabupaten Kupang","53.01.16","Nekamese","53.01.16.2010","Oben"
"53","Nusa Tenggara Timur","53.01","Kabupaten Kupang","53.01.16","Nekamese","53.01.16.2011","Bismarak"
"53","Nusa Tenggara Timur","53.01","Kabupaten Kupang","53.01.17","Amarasi Barat","53.01.17.1001","Teunbaun"
"53","Nusa Tenggara Timur","53.01","Kabupaten Kupang","53.01.17","Amarasi Barat","53.01.17.2002","Soba"
"53","Nusa Tenggara Timur","53.01","Kabupaten Kupang","53.01.17","Amarasi Barat","53.01.17.2003","Toobaun"
"53","Nusa Tenggara Timur","53.01","Kabupaten Kupang","53.01.17","Amarasi Barat","53.01.17.2004","Niukbaun"
"53","Nusa Tenggara Timur","53.01","Kabupaten Kupang","53.01.17","Amarasi Barat","53.01.17.2005","Tunbaun"
"53","Nusa Tenggara Timur","53.01","Kabupaten Kupang","53.01.17","Amarasi Barat","53.01.17.2006","Nekbaun"
"53","Nusa Tenggara Timur","53.01","Kabupaten Kupang","53.01.17","Amarasi Barat","53.01.17.2007","Merbaun"
"53","Nusa Tenggara Timur","53.01","Kabupaten Kupang","53.01.17","Amarasi Barat","53.01.17.2008","Erbaun"
"53","Nusa Tenggara Timur","53.01","Kabupaten Kupang","53.01.18","Amarasi Selatan","53.01.18.1001","Buraen"
"53","Nusa Tenggara Timur","53.01","Kabupaten Kupang","53.01.18","Amarasi Selatan","53.01.18.1002","Sonraen"
"53","Nusa Tenggara Timur","53.01","Kabupaten Kupang","53.01.18","Amarasi Selatan","53.01.18.2003","Nekmese"
"53","Nusa Tenggara Timur","53.01","Kabupaten Kupang","53.01.18","Amarasi Selatan","53.01.18.2004","Retraen"
"53","Nusa Tenggara Timur","53.01","Kabupaten Kupang","53.01.18","Amarasi Selatan","53.01.18.2005","Sahraen"
"53","Nusa Tenggara Timur","53.01","Kabupaten Kupang","53.01.19","Amarasi Timur","53.01.19.2001","Oebesi"
"53","Nusa Tenggara Timur","53.01","Kabupaten Kupang","53.01.19","Amarasi Timur","53.01.19.2002","Pakubaun"
"53","Nusa Tenggara Timur","53.01","Kabupaten Kupang","53.01.19","Amarasi Timur","53.01.19.2003","Rabeka"
"53","Nusa Tenggara Timur","53.01","Kabupaten Kupang","53.01.19","Amarasi Timur","53.01.19.2004","Enoraen"
"53","Nusa Tenggara Timur","53.01","Kabupaten Kupang","53.01.20","Amabi Oefeto Timur","53.01.20.2001","Seki"
"53","Nusa Tenggara Timur","53.01","Kabupaten Kupang","53.01.20","Amabi Oefeto Timur","53.01.20.2002","Oemofa"
"53","Nusa Tenggara Timur","53.01","Kabupaten Kupang","53.01.20","Amabi Oefeto Timur","53.01.20.2003","Nunmafo"
"53","Nusa Tenggara Timur","53.01","Kabupaten Kupang","53.01.20","Amabi Oefeto Timur","53.01.20.2004","Muke"
"53","Nusa Tenggara Timur","53.01","Kabupaten Kupang","53.01.20","Amabi Oefeto Timur","53.01.20.2005","Pathau"
"53","Nusa Tenggara Timur","53.01","Kabupaten Kupang","53.01.20","Amabi Oefeto Timur","53.01.20.2006","Oeniko"
"53","Nusa Tenggara Timur","53.01","Kabupaten Kupang","53.01.20","Amabi Oefeto Timur","53.01.20.2007","Oenuntono"
"53","Nusa Tenggara Timur","53.01","Kabupaten Kupang","53.01.20","Amabi Oefeto Timur","53.01.20.2008","Oemolo"
"53","Nusa Tenggara Timur","53.01","Kabupaten Kupang","53.01.20","Amabi Oefeto Timur","53.01.20.2009","Enolanan"
"53","Nusa Tenggara Timur","53.01","Kabupaten Kupang","53.01.20","Amabi Oefeto Timur","53.01.20.2010","Oenaunu"
"53","Nusa Tenggara Timur","53.01","Kabupaten Kupang","53.01.21","Amfoang Barat Daya","53.01.21.2001","Manubelon"
"53","Nusa Tenggara Timur","53.01","Kabupaten Kupang","53.01.21","Amfoang Barat Daya","53.01.21.2002","Letkole"
"53","Nusa Tenggara Timur","53.01","Kabupaten Kupang","53.01.21","Amfoang Barat Daya","53.01.21.2003","Nefoneut"
"53","Nusa Tenggara Timur","53.01","Kabupaten Kupang","53.01.21","Amfoang Barat Daya","53.01.21.2004","Bioba Baru"
"53","Nusa Tenggara Timur","53.01","Kabupaten Kupang","53.01.22","Amfoang Barat Laut","53.01.22.2001","Soliu"
"53","Nusa Tenggara Timur","53.01","Kabupaten Kupang","53.01.22","Amfoang Barat Laut","53.01.22.2002","Saukibe"
"53","Nusa Tenggara Timur","53.01","Kabupaten Kupang","53.01.22","Amfoang Barat Laut","53.01.22.2003","Oelfatu"
"53","Nusa Tenggara Timur","53.01","Kabupaten Kupang","53.01.22","Amfoang Barat Laut","53.01.22.2004","Timau"
"53","Nusa Tenggara Timur","53.01","Kabupaten Kupang","53.01.22","Amfoang Barat Laut","53.01.22.2005","Honuk"
"53","Nusa Tenggara Timur","53.01","Kabupaten Kupang","53.01.22","Amfoang Barat Laut","53.01.22.2006","Faumes"
"53","Nusa Tenggara Timur","53.01","Kabupaten Kupang","53.01.23","Semau Selatan","53.01.23.2001","Akle"
"53","Nusa Tenggara Timur","53.01","Kabupaten Kupang","53.01.23","Semau Selatan","53.01.23.2002","Uitiuh Ana"
"53","Nusa Tenggara Timur","53.01","Kabupaten Kupang","53.01.23","Semau Selatan","53.01.23.2003","Onansila"
"53","Nusa Tenggara Timur","53.01","Kabupaten Kupang","53.01.23","Semau Selatan","53.01.23.2004","Uitiuh Tuan"
"53","Nusa Tenggara Timur","53.01","Kabupaten Kupang","53.01.23","Semau Selatan","53.01.23.2005","Naikean"
"53","Nusa Tenggara Timur","53.01","Kabupaten Kupang","53.01.23","Semau Selatan","53.01.23.2006","Uiboa"
"53","Nusa Tenggara Timur","53.01","Kabupaten Kupang","53.01.24","Taebenu","53.01.24.2001","Oeltuah"
"53","Nusa Tenggara Timur","53.01","Kabupaten Kupang","53.01.24","Taebenu","53.01.24.2002","Baumata"
"53","Nusa Tenggara Timur","53.01","Kabupaten Kupang","53.01.24","Taebenu","53.01.24.2003","Kuaklalo"
"53","Nusa Tenggara Timur","53.01","Kabupaten Kupang","53.01.24","Taebenu","53.01.24.2004","Oeletsala"
"53","Nusa Tenggara Timur","53.01","Kabupaten Kupang","53.01.24","Taebenu","53.01.24.2005","Bokong"
"53","Nusa Tenggara Timur","53.01","Kabupaten Kupang","53.01.24","Taebenu","53.01.24.2006","Baumata Utara"
"53","Nusa Tenggara Timur","53.01","Kabupaten Kupang","53.01.24","Taebenu","53.01.24.2007","Baumata Timur"
"53","Nusa Tenggara Timur","53.01","Kabupaten Kupang","53.01.24","Taebenu","53.01.24.2008","Baumata Barat"
"53","Nusa Tenggara Timur","53.01","Kabupaten Kupang","53.01.25","Amabi Oefeto","53.01.25.2001","Fatukanutu"
"53","Nusa Tenggara Timur","53.01","Kabupaten Kupang","53.01.25","Amabi Oefeto","53.01.25.2002","Kairane"
"53","Nusa Tenggara Timur","53.01","Kabupaten Kupang","53.01.25","Amabi Oefeto","53.01.25.2003","Raknamo"
"53","Nusa Tenggara Timur","53.01","Kabupaten Kupang","53.01.25","Amabi Oefeto","53.01.25.2004","Kuanheum"
"53","Nusa Tenggara Timur","53.01","Kabupaten Kupang","53.01.25","Amabi Oefeto","53.01.25.2005","Fatuteta"
"53","Nusa Tenggara Timur","53.01","Kabupaten Kupang","53.01.25","Amabi Oefeto","53.01.25.2006","Oefeto"
"53","Nusa Tenggara Timur","53.01","Kabupaten Kupang","53.01.25","Amabi Oefeto","53.01.25.2007","Niunbaun"
"53","Nusa Tenggara Timur","53.01","Kabupaten Kupang","53.01.26","Amfoang Timur","53.01.26.2001","Nunuanah"
"53","Nusa Tenggara Timur","53.01","Kabupaten Kupang","53.01.26","Amfoang Timur","53.01.26.2002","Kifu"
"53","Nusa Tenggara Timur","53.01","Kabupaten Kupang","53.01.26","Amfoang Timur","53.01.26.2003","Netemnanu Selatan"
"53","Nusa Tenggara Timur","53.01","Kabupaten Kupang","53.01.26","Amfoang Timur","53.01.26.2004","Netemnanu Utara"
"53","Nusa Tenggara Timur","53.01","Kabupaten Kupang","53.01.26","Amfoang Timur","53.01.26.2005","Netemnanu"
"53","Nusa Tenggara Timur","53.01","Kabupaten Kupang","53.01.27","Fatuleu Barat","53.01.27.2001","Poto"
"53","Nusa Tenggara Timur","53.01","Kabupaten Kupang","53.01.27","Fatuleu Barat","53.01.27.2002","Nuataus"
"53","Nusa Tenggara Timur","53.01","Kabupaten Kupang","53.01.27","Fatuleu Barat","53.01.27.2003","Kalali"
"53","Nusa Tenggara Timur","53.01","Kabupaten Kupang","53.01.27","Fatuleu Barat","53.01.27.2004","Tuakau"
"53","Nusa Tenggara Timur","53.01","Kabupaten Kupang","53.01.27","Fatuleu Barat","53.01.27.2005","Naitae"
"53","Nusa Tenggara Timur","53.01","Kabupaten Kupang","53.01.28","Fatuleu Tengah","53.01.28.2001","Oelbiteno"
"53","Nusa Tenggara Timur","53.01","Kabupaten Kupang","53.01.28","Fatuleu Tengah","53.01.28.2002","Nonbaun"
"53","Nusa Tenggara Timur","53.01","Kabupaten Kupang","53.01.28","Fatuleu Tengah","53.01.28.2003","Nunsaen"
"53","Nusa Tenggara Timur","53.01","Kabupaten Kupang","53.01.28","Fatuleu Tengah","53.01.28.2004","Passi"
"53","Nusa Tenggara Timur","53.01","Kabupaten Kupang","53.01.30","Amfoang Tengah","53.01.30.2001","Fatumonas"
"53","Nusa Tenggara Timur","53.01","Kabupaten Kupang","53.01.30","Amfoang Tengah","53.01.30.2002","Binafun"
"53","Nusa Tenggara Timur","53.01","Kabupaten Kupang","53.01.30","Amfoang Tengah","53.01.30.2003","Bitobe"
"53","Nusa Tenggara Timur","53.01","Kabupaten Kupang","53.01.30","Amfoang Tengah","53.01.30.2004","Bonmuti"
"53","Nusa Tenggara Timur","53.02","Kabupaten Timor Tengah Selatan","53.02.01","Kota Soe","53.02.01.1001","SoE"
"53","Nusa Tenggara Timur","53.02","Kabupaten Timor Tengah Selatan","53.02.01","Kota Soe","53.02.01.1002","Cendana"
"53","Nusa Tenggara Timur","53.02","Kabupaten Timor Tengah Selatan","53.02.01","Kota Soe","53.02.01.1003","Oebesa"
"53","Nusa Tenggara Timur","53.02","Kabupaten Timor Tengah Selatan","53.02.01","Kota Soe","53.02.01.1004","Taubneno"
"53","Nusa Tenggara Timur","53.02","Kabupaten Timor Tengah Selatan","53.02.01","Kota Soe","53.02.01.1005","Nonohonis"
"53","Nusa Tenggara Timur","53.02","Kabupaten Timor Tengah Selatan","53.02.01","Kota Soe","53.02.01.1006","Karang Sirih"
"53","Nusa Tenggara Timur","53.02","Kabupaten Timor Tengah Selatan","53.02.01","Kota Soe","53.02.01.1007","Nunumeu"
"53","Nusa Tenggara Timur","53.02","Kabupaten Timor Tengah Selatan","53.02.01","Kota Soe","53.02.01.1008","Kobekamusa"
"53","Nusa Tenggara Timur","53.02","Kabupaten Timor Tengah Selatan","53.02.01","Kota Soe","53.02.01.1009","Oe Kefan"
"53","Nusa Tenggara Timur","53.02","Kabupaten Timor Tengah Selatan","53.02.01","Kota Soe","53.02.01.1010","Kota Baru"
"53","Nusa Tenggara Timur","53.02","Kabupaten Timor Tengah Selatan","53.02.01","Kota Soe","53.02.01.1011","Kampung Baru"
"53","Nusa Tenggara Timur","53.02","Kabupaten Timor Tengah Selatan","53.02.01","Kota Soe","53.02.01.2012","Kuatae"
"53","Nusa Tenggara Timur","53.02","Kabupaten Timor Tengah Selatan","53.02.01","Kota Soe","53.02.01.2013","Noemeto"
"53","Nusa Tenggara Timur","53.02","Kabupaten Timor Tengah Selatan","53.02.02","Mollo Selatan","53.02.02.2001","Biloto"
"53","Nusa Tenggara Timur","53.02","Kabupaten Timor Tengah Selatan","53.02.02","Mollo Selatan","53.02.02.2003","Kesetnana"
"53","Nusa Tenggara Timur","53.02","Kabupaten Timor Tengah Selatan","53.02.02","Mollo Selatan","53.02.02.2006","Tuasene"
"53","Nusa Tenggara Timur","53.02","Kabupaten Timor Tengah Selatan","53.02.02","Mollo Selatan","53.02.02.2008","Oinlasi"
"53","Nusa Tenggara Timur","53.02","Kabupaten Timor Tengah Selatan","53.02.02","Mollo Selatan","53.02.02.2010","Bisene"
"53","Nusa Tenggara Timur","53.02","Kabupaten Timor Tengah Selatan","53.02.02","Mollo Selatan","53.02.02.2012","Noinbila"
"53","Nusa Tenggara Timur","53.02","Kabupaten Timor Tengah Selatan","53.02.02","Mollo Selatan","53.02.02.2013","Bikekneno"
"53","Nusa Tenggara Timur","53.02","Kabupaten Timor Tengah Selatan","53.02.03","Mollo Utara","53.02.03.2001","O'besi"
"53","Nusa Tenggara Timur","53.02","Kabupaten Timor Tengah Selatan","53.02.03","Mollo Utara","53.02.03.2002","Eonbesi"
"53","Nusa Tenggara Timur","53.02","Kabupaten Timor Tengah Selatan","53.02.03","Mollo Utara","53.02.03.2003","Bosen"
"53","Nusa Tenggara Timur","53.02","Kabupaten Timor Tengah Selatan","53.02.03","Mollo Utara","53.02.03.2004","Sebot"
"53","Nusa Tenggara Timur","53.02","Kabupaten Timor Tengah Selatan","53.02.03","Mollo Utara","53.02.03.2007","Ajaobaki"
"53","Nusa Tenggara Timur","53.02","Kabupaten Timor Tengah Selatan","53.02.03","Mollo Utara","53.02.03.2008","Netpala"
"53","Nusa Tenggara Timur","53.02","Kabupaten Timor Tengah Selatan","53.02.03","Mollo Utara","53.02.03.2009","Tunua"
"53","Nusa Tenggara Timur","53.02","Kabupaten Timor Tengah Selatan","53.02.03","Mollo Utara","53.02.03.2010","Bijaepunu"
"53","Nusa Tenggara Timur","53.02","Kabupaten Timor Tengah Selatan","53.02.03","Mollo Utara","53.02.03.2011","Nefokoko"
"53","Nusa Tenggara Timur","53.02","Kabupaten Timor Tengah Selatan","53.02.03","Mollo Utara","53.02.03.2012","Leloboko"
"53","Nusa Tenggara Timur","53.02","Kabupaten Timor Tengah Selatan","53.02.03","Mollo Utara","53.02.03.2013","Lelobatan"
"53","Nusa Tenggara Timur","53.02","Kabupaten Timor Tengah Selatan","53.02.03","Mollo Utara","53.02.03.2014","Halmei"
"53","Nusa Tenggara Timur","53.02","Kabupaten Timor Tengah Selatan","53.02.03","Mollo Utara","53.02.03.2015","Fatukoto"
"53","Nusa Tenggara Timur","53.02","Kabupaten Timor Tengah Selatan","53.02.03","Mollo Utara","53.02.03.2016","Kokfe'u"
"53","Nusa Tenggara Timur","53.02","Kabupaten Timor Tengah Selatan","53.02.03","Mollo Utara","53.02.03.2017","To'fen"
"53","Nusa Tenggara Timur","53.02","Kabupaten Timor Tengah Selatan","53.02.03","Mollo Utara","53.02.03.2018","Taiftob"
"53","Nusa Tenggara Timur","53.02","Kabupaten Timor Tengah Selatan","53.02.03","Mollo Utara","53.02.03.2019","Iusmolo"
"53","Nusa Tenggara Timur","53.02","Kabupaten Timor Tengah Selatan","53.02.03","Mollo Utara","53.02.03.2020","To'manat"
"53","Nusa Tenggara Timur","53.02","Kabupaten Timor Tengah Selatan","53.02.04","Amanuban Timur","53.02.04.2001","Billa"
"53","Nusa Tenggara Timur","53.02","Kabupaten Timor Tengah Selatan","53.02.04","Amanuban Timur","53.02.04.2002","Oelet"
"53","Nusa Tenggara Timur","53.02","Kabupaten Timor Tengah Selatan","53.02.04","Amanuban Timur","53.02.04.2004","Pisan"
"53","Nusa Tenggara Timur","53.02","Kabupaten Timor Tengah Selatan","53.02.04","Amanuban Timur","53.02.04.2005","Mauleum"
"53","Nusa Tenggara Timur","53.02","Kabupaten Timor Tengah Selatan","53.02.04","Amanuban Timur","53.02.04.2007","Nifukiu"
"53","Nusa Tenggara Timur","53.02","Kabupaten Timor Tengah Selatan","53.02.04","Amanuban Timur","53.02.04.2008","Mnelaanen"
"53","Nusa Tenggara Timur","53.02","Kabupaten Timor Tengah Selatan","53.02.04","Amanuban Timur","53.02.04.2009","Teluk"
"53","Nusa Tenggara Timur","53.02","Kabupaten Timor Tengah Selatan","53.02.04","Amanuban Timur","53.02.04.2012","Oe'Ekam"
"53","Nusa Tenggara Timur","53.02","Kabupaten Timor Tengah Selatan","53.02.04","Amanuban Timur","53.02.04.2016","Sini"
"53","Nusa Tenggara Timur","53.02","Kabupaten Timor Tengah Selatan","53.02.04","Amanuban Timur","53.02.04.2017","Tliu"
"53","Nusa Tenggara Timur","53.02","Kabupaten Timor Tengah Selatan","53.02.05","Amanuban Tengah","53.02.05.1010","Niki-Niki"
"53","Nusa Tenggara Timur","53.02","Kabupaten Timor Tengah Selatan","53.02.05","Amanuban Tengah","53.02.05.2001","Taebesa"
"53","Nusa Tenggara Timur","53.02","Kabupaten Timor Tengah Selatan","53.02.05","Amanuban Tengah","53.02.05.2002","Nakfunu"
"53","Nusa Tenggara Timur","53.02","Kabupaten Timor Tengah Selatan","53.02.05","Amanuban Tengah","53.02.05.2003","Oe'ekam"
"53","Nusa Tenggara Timur","53.02","Kabupaten Timor Tengah Selatan","53.02.05","Amanuban Tengah","53.02.05.2004","Baki"
"53","Nusa Tenggara Timur","53.02","Kabupaten Timor Tengah Selatan","53.02.05","Amanuban Tengah","53.02.05.2005","Tumu"
"53","Nusa Tenggara Timur","53.02","Kabupaten Timor Tengah Selatan","53.02.05","Amanuban Tengah","53.02.05.2006","Noebesa"
"53","Nusa Tenggara Timur","53.02","Kabupaten Timor Tengah Selatan","53.02.05","Amanuban Tengah","53.02.05.2007","Nobi-Nobi"
"53","Nusa Tenggara Timur","53.02","Kabupaten Timor Tengah Selatan","53.02.05","Amanuban Tengah","53.02.05.2008","Sopo"
"53","Nusa Tenggara Timur","53.02","Kabupaten Timor Tengah Selatan","53.02.05","Amanuban Tengah","53.02.05.2009","Bone"
"53","Nusa Tenggara Timur","53.02","Kabupaten Timor Tengah Selatan","53.02.05","Amanuban Tengah","53.02.05.2011","Maunum Niki-Niki"
"53","Nusa Tenggara Timur","53.02","Kabupaten Timor Tengah Selatan","53.02.06","Amanuban Selatan","53.02.06.2001","Pollo"
"53","Nusa Tenggara Timur","53.02","Kabupaten Timor Tengah Selatan","53.02.06","Amanuban Selatan","53.02.06.2002","Oekiu"
"53","Nusa Tenggara Timur","53.02","Kabupaten Timor Tengah Selatan","53.02.06","Amanuban Selatan","53.02.06.2003","Oebelo"
"53","Nusa Tenggara Timur","53.02","Kabupaten Timor Tengah Selatan","53.02.06","Amanuban Selatan","53.02.06.2004","Noemuke"
"53","Nusa Tenggara Timur","53.02","Kabupaten Timor Tengah Selatan","53.02.06","Amanuban Selatan","53.02.06.2010","Kiubaat"
"53","Nusa Tenggara Timur","53.02","Kabupaten Timor Tengah Selatan","53.02.06","Amanuban Selatan","53.02.06.2011","Linamnutu"
"53","Nusa Tenggara Timur","53.02","Kabupaten Timor Tengah Selatan","53.02.06","Amanuban Selatan","53.02.06.2014","Mio"
"53","Nusa Tenggara Timur","53.02","Kabupaten Timor Tengah Selatan","53.02.06","Amanuban Selatan","53.02.06.2015","Batnun"
"53","Nusa Tenggara Timur","53.02","Kabupaten Timor Tengah Selatan","53.02.06","Amanuban Selatan","53.02.06.2018","Bena"
"53","Nusa Tenggara Timur","53.02","Kabupaten Timor Tengah Selatan","53.02.06","Amanuban Selatan","53.02.06.2019","Eno Neten"
"53","Nusa Tenggara Timur","53.02","Kabupaten Timor Tengah Selatan","53.02.07","Amanuban Barat","53.02.07.2007","Tublopo"
"53","Nusa Tenggara Timur","53.02","Kabupaten Timor Tengah Selatan","53.02.07","Amanuban Barat","53.02.07.2008","Nule"
"53","Nusa Tenggara Timur","53.02","Kabupaten Timor Tengah Selatan","53.02.07","Amanuban Barat","53.02.07.2009","Nusa"
"53","Nusa Tenggara Timur","53.02","Kabupaten Timor Tengah Selatan","53.02.07","Amanuban Barat","53.02.07.2010","Mnelalete"
"53","Nusa Tenggara Timur","53.02","Kabupaten Timor Tengah Selatan","53.02.07","Amanuban Barat","53.02.07.2011","Pusu"
"53","Nusa Tenggara Timur","53.02","Kabupaten Timor Tengah Selatan","53.02.07","Amanuban Barat","53.02.07.2012","Tubuhue"
"53","Nusa Tenggara Timur","53.02","Kabupaten Timor Tengah Selatan","53.02.07","Amanuban Barat","53.02.07.2013","Haumeni Baki"
"53","Nusa Tenggara Timur","53.02","Kabupaten Timor Tengah Selatan","53.02.07","Amanuban Barat","53.02.07.2015","Nifukani"
"53","Nusa Tenggara Timur","53.02","Kabupaten Timor Tengah Selatan","53.02.08","Amanatun Selatan","53.02.08.2001","Oinlasi"
"53","Nusa Tenggara Timur","53.02","Kabupaten Timor Tengah Selatan","53.02.08","Amanatun Selatan","53.02.08.2002","Nunle'u"
"53","Nusa Tenggara Timur","53.02","Kabupaten Timor Tengah Selatan","53.02.08","Amanatun Selatan","53.02.08.2003","Kokoi"
"53","Nusa Tenggara Timur","53.02","Kabupaten Timor Tengah Selatan","53.02.08","Amanatun Selatan","53.02.08.2004","Fenun"
"53","Nusa Tenggara Timur","53.02","Kabupaten Timor Tengah Selatan","53.02.08","Amanatun Selatan","53.02.08.2005","Kuale'u"
"53","Nusa Tenggara Timur","53.02","Kabupaten Timor Tengah Selatan","53.02.08","Amanatun Selatan","53.02.08.2006","Lanu"
"53","Nusa Tenggara Timur","53.02","Kabupaten Timor Tengah Selatan","53.02.08","Amanatun Selatan","53.02.08.2007","Sunu"
"53","Nusa Tenggara Timur","53.02","Kabupaten Timor Tengah Selatan","53.02.08","Amanatun Selatan","53.02.08.2008","Anin"
"53","Nusa Tenggara Timur","53.02","Kabupaten Timor Tengah Selatan","53.02.08","Amanatun Selatan","53.02.08.2009","To'i"
"53","Nusa Tenggara Timur","53.02","Kabupaten Timor Tengah Selatan","53.02.08","Amanatun Selatan","53.02.08.2010","Nifuleo"
"53","Nusa Tenggara Timur","53.02","Kabupaten Timor Tengah Selatan","53.02.08","Amanatun Selatan","53.02.08.2011","Fatulunu"
"53","Nusa Tenggara Timur","53.02","Kabupaten Timor Tengah Selatan","53.02.08","Amanatun Selatan","53.02.08.2012","Fae"
"53","Nusa Tenggara Timur","53.02","Kabupaten Timor Tengah Selatan","53.02.08","Amanatun Selatan","53.02.08.2013","Netutnana"
"53","Nusa Tenggara Timur","53.02","Kabupaten Timor Tengah Selatan","53.02.09","Amanatun Utara","53.02.09.2001","Lilo"
"53","Nusa Tenggara Timur","53.02","Kabupaten Timor Tengah Selatan","53.02.09","Amanatun Utara","53.02.09.2002","Fotilo"
"53","Nusa Tenggara Timur","53.02","Kabupaten Timor Tengah Selatan","53.02.09","Amanatun Utara","53.02.09.2003","Nasi"
"53","Nusa Tenggara Timur","53.02","Kabupaten Timor Tengah Selatan","53.02.09","Amanatun Utara","53.02.09.2004","Snok"
"53","Nusa Tenggara Timur","53.02","Kabupaten Timor Tengah Selatan","53.02.09","Amanatun Utara","53.02.09.2005","Tumu"
"53","Nusa Tenggara Timur","53.02","Kabupaten Timor Tengah Selatan","53.02.09","Amanatun Utara","53.02.09.2006","Fatu Oni"
"53","Nusa Tenggara Timur","53.02","Kabupaten Timor Tengah Selatan","53.02.09","Amanatun Utara","53.02.09.2007","Sono"
"53","Nusa Tenggara Timur","53.02","Kabupaten Timor Tengah Selatan","53.02.09","Amanatun Utara","53.02.09.2009","Tauanas"
"53","Nusa Tenggara Timur","53.02","Kabupaten Timor Tengah Selatan","53.02.09","Amanatun Utara","53.02.09.2015","Muna"
"53","Nusa Tenggara Timur","53.02","Kabupaten Timor Tengah Selatan","53.02.10","KI'E","53.02.10.2001","Pilli"
"53","Nusa Tenggara Timur","53.02","Kabupaten Timor Tengah Selatan","53.02.10","KI'E","53.02.10.2002","Falas"
"53","Nusa Tenggara Timur","53.02","Kabupaten Timor Tengah Selatan","53.02.10","KI'E","53.02.10.2003","Oenai"
"53","Nusa Tenggara Timur","53.02","Kabupaten Timor Tengah Selatan","53.02.10","KI'E","53.02.10.2004","Belle"
"53","Nusa Tenggara Timur","53.02","Kabupaten Timor Tengah Selatan","53.02.10","KI'E","53.02.10.2005","Napi"
"53","Nusa Tenggara Timur","53.02","Kabupaten Timor Tengah Selatan","53.02.10","KI'E","53.02.10.2006","Boti"
"53","Nusa Tenggara Timur","53.02","Kabupaten Timor Tengah Selatan","53.02.10","KI'E","53.02.10.2007","Fatuulan"
"53","Nusa Tenggara Timur","53.02","Kabupaten Timor Tengah Selatan","53.02.10","KI'E","53.02.10.2008","Tesiayofanu"
"53","Nusa Tenggara Timur","53.02","Kabupaten Timor Tengah Selatan","53.02.10","KI'E","53.02.10.2009","Oinlasi"
"53","Nusa Tenggara Timur","53.02","Kabupaten Timor Tengah Selatan","53.02.10","KI'E","53.02.10.2010","Nekmese"
"53","Nusa Tenggara Timur","53.02","Kabupaten Timor Tengah Selatan","53.02.10","KI'E","53.02.10.2011","Eno Napi"
"53","Nusa Tenggara Timur","53.02","Kabupaten Timor Tengah Selatan","53.02.10","KI'E","53.02.10.2012","Fatukusi"
"53","Nusa Tenggara Timur","53.02","Kabupaten Timor Tengah Selatan","53.02.10","KI'E","53.02.10.2013","Naile'u"
"53","Nusa Tenggara Timur","53.02","Kabupaten Timor Tengah Selatan","53.02.11","Kuanfatu","53.02.11.2001","Olais"
"53","Nusa Tenggara Timur","53.02","Kabupaten Timor Tengah Selatan","53.02.11","Kuanfatu","53.02.11.2002","Lasi"
"53","Nusa Tenggara Timur","53.02","Kabupaten Timor Tengah Selatan","53.02.11","Kuanfatu","53.02.11.2003","Kakan"
"53","Nusa Tenggara Timur","53.02","Kabupaten Timor Tengah Selatan","53.02.11","Kuanfatu","53.02.11.2005","Basmuti"
"53","Nusa Tenggara Timur","53.02","Kabupaten Timor Tengah Selatan","53.02.11","Kuanfatu","53.02.11.2006","Kusi"
"53","Nusa Tenggara Timur","53.02","Kabupaten Timor Tengah Selatan","53.02.11","Kuanfatu","53.02.11.2007","Kuanfatu"
"53","Nusa Tenggara Timur","53.02","Kabupaten Timor Tengah Selatan","53.02.11","Kuanfatu","53.02.11.2008","Kelle"
"53","Nusa Tenggara Timur","53.02","Kabupaten Timor Tengah Selatan","53.02.11","Kuanfatu","53.02.11.2009","Taupi"
"53","Nusa Tenggara Timur","53.02","Kabupaten Timor Tengah Selatan","53.02.11","Kuanfatu","53.02.11.2010","Oebo"
"53","Nusa Tenggara Timur","53.02","Kabupaten Timor Tengah Selatan","53.02.11","Kuanfatu","53.02.11.2011","Kusi Utara"
"53","Nusa Tenggara Timur","53.02","Kabupaten Timor Tengah Selatan","53.02.11","Kuanfatu","53.02.11.2012","Kelle Tunan"
"53","Nusa Tenggara Timur","53.02","Kabupaten Timor Tengah Selatan","53.02.11","Kuanfatu","53.02.11.2013","Noebeba"
"53","Nusa Tenggara Timur","53.02","Kabupaten Timor Tengah Selatan","53.02.11","Kuanfatu","53.02.11.2014","Oehan"
"53","Nusa Tenggara Timur","53.02","Kabupaten Timor Tengah Selatan","53.02.12","Fatumnasi","53.02.12.2001","Nenas"
"53","Nusa Tenggara Timur","53.02","Kabupaten Timor Tengah Selatan","53.02.12","Fatumnasi","53.02.12.2004","Fatumnasi"
"53","Nusa Tenggara Timur","53.02","Kabupaten Timor Tengah Selatan","53.02.12","Fatumnasi","53.02.12.2005","Nuapin"
"53","Nusa Tenggara Timur","53.02","Kabupaten Timor Tengah Selatan","53.02.12","Fatumnasi","53.02.12.2009","Kuanoel"
"53","Nusa Tenggara Timur","53.02","Kabupaten Timor Tengah Selatan","53.02.12","Fatumnasi","53.02.12.2010","Mutis"
"53","Nusa Tenggara Timur","53.02","Kabupaten Timor Tengah Selatan","53.02.13","Polen","53.02.13.2001","Konbaki"
"53","Nusa Tenggara Timur","53.02","Kabupaten Timor Tengah Selatan","53.02.13","Polen","53.02.13.2002","Fatumnutu"
"53","Nusa Tenggara Timur","53.02","Kabupaten Timor Tengah Selatan","53.02.13","Polen","53.02.13.2003","Bijeli"
"53","Nusa Tenggara Timur","53.02","Kabupaten Timor Tengah Selatan","53.02.13","Polen","53.02.13.2004","Loli"
"53","Nusa Tenggara Timur","53.02","Kabupaten Timor Tengah Selatan","53.02.13","Polen","53.02.13.2005","Usapimnasi"
"53","Nusa Tenggara Timur","53.02","Kabupaten Timor Tengah Selatan","53.02.13","Polen","53.02.13.2006","Mnesatbubuk"
"53","Nusa Tenggara Timur","53.02","Kabupaten Timor Tengah Selatan","53.02.13","Polen","53.02.13.2007","Puna"
"53","Nusa Tenggara Timur","53.02","Kabupaten Timor Tengah Selatan","53.02.13","Polen","53.02.13.2008","Laob"
"53","Nusa Tenggara Timur","53.02","Kabupaten Timor Tengah Selatan","53.02.13","Polen","53.02.13.2009","Oelnunuh"
"53","Nusa Tenggara Timur","53.02","Kabupaten Timor Tengah Selatan","53.02.13","Polen","53.02.13.2010","Balu"
"53","Nusa Tenggara Timur","53.02","Kabupaten Timor Tengah Selatan","53.02.13","Polen","53.02.13.2011","Sainoni"
"53","Nusa Tenggara Timur","53.02","Kabupaten Timor Tengah Selatan","53.02.14","Batu Putih","53.02.14.2001","Benlutu"
"53","Nusa Tenggara Timur","53.02","Kabupaten Timor Tengah Selatan","53.02.14","Batu Putih","53.02.14.2002","Boentuka"
"53","Nusa Tenggara Timur","53.02","Kabupaten Timor Tengah Selatan","53.02.14","Batu Putih","53.02.14.2003","Hane"
"53","Nusa Tenggara Timur","53.02","Kabupaten Timor Tengah Selatan","53.02.14","Batu Putih","53.02.14.2004","Oebobo"
"53","Nusa Tenggara Timur","53.02","Kabupaten Timor Tengah Selatan","53.02.14","Batu Putih","53.02.14.2005","Tupan"
"53","Nusa Tenggara Timur","53.02","Kabupaten Timor Tengah Selatan","53.02.14","Batu Putih","53.02.14.2006","Tuakole"
"53","Nusa Tenggara Timur","53.02","Kabupaten Timor Tengah Selatan","53.02.14","Batu Putih","53.02.14.2007","Oehela"
"53","Nusa Tenggara Timur","53.02","Kabupaten Timor Tengah Selatan","53.02.15","Boking","53.02.15.2006","Sabun"
"53","Nusa Tenggara Timur","53.02","Kabupaten Timor Tengah Selatan","53.02.15","Boking","53.02.15.2007","Nano"
"53","Nusa Tenggara Timur","53.02","Kabupaten Timor Tengah Selatan","53.02.15","Boking","53.02.15.2009","Boking"
"53","Nusa Tenggara Timur","53.02","Kabupaten Timor Tengah Selatan","53.02.15","Boking","53.02.15.2010","Baus"
"53","Nusa Tenggara Timur","53.02","Kabupaten Timor Tengah Selatan","53.02.15","Boking","53.02.15.2011","Meusin"
"53","Nusa Tenggara Timur","53.02","Kabupaten Timor Tengah Selatan","53.02.15","Boking","53.02.15.2013","Leonmeni"
"53","Nusa Tenggara Timur","53.02","Kabupaten Timor Tengah Selatan","53.02.15","Boking","53.02.15.2014","Fatu Manufui"
"53","Nusa Tenggara Timur","53.02","Kabupaten Timor Tengah Selatan","53.02.16","Toianas","53.02.16.2001","Toianas"
"53","Nusa Tenggara Timur","53.02","Kabupaten Timor Tengah Selatan","53.02.16","Toianas","53.02.16.2002","Skinu"
"53","Nusa Tenggara Timur","53.02","Kabupaten Timor Tengah Selatan","53.02.16","Toianas","53.02.16.2003","Oeleu"
"53","Nusa Tenggara Timur","53.02","Kabupaten Timor Tengah Selatan","53.02.16","Toianas","53.02.16.2004","Sanbet"
"53","Nusa Tenggara Timur","53.02","Kabupaten Timor Tengah Selatan","53.02.16","Toianas","53.02.16.2005","Bokong"
"53","Nusa Tenggara Timur","53.02","Kabupaten Timor Tengah Selatan","53.02.16","Toianas","53.02.16.2006","Tuataum"
"53","Nusa Tenggara Timur","53.02","Kabupaten Timor Tengah Selatan","53.02.16","Toianas","53.02.16.2007","Lobus"
"53","Nusa Tenggara Timur","53.02","Kabupaten Timor Tengah Selatan","53.02.16","Toianas","53.02.16.2008","Noeolin"
"53","Nusa Tenggara Timur","53.02","Kabupaten Timor Tengah Selatan","53.02.16","Toianas","53.02.16.2009","Milli"
"53","Nusa Tenggara Timur","53.02","Kabupaten Timor Tengah Selatan","53.02.17","Nunkolo","53.02.17.2001","OP"
"53","Nusa Tenggara Timur","53.02","Kabupaten Timor Tengah Selatan","53.02.17","Nunkolo","53.02.17.2002","Sahan"
"53","Nusa Tenggara Timur","53.02","Kabupaten Timor Tengah Selatan","53.02.17","Nunkolo","53.02.17.2003","Nenoat"
"53","Nusa Tenggara Timur","53.02","Kabupaten Timor Tengah Selatan","53.02.17","Nunkolo","53.02.17.2004","Haineno"
"53","Nusa Tenggara Timur","53.02","Kabupaten Timor Tengah Selatan","53.02.17","Nunkolo","53.02.17.2005","Nunkolo"
"53","Nusa Tenggara Timur","53.02","Kabupaten Timor Tengah Selatan","53.02.17","Nunkolo","53.02.17.2006","Saenam"
"53","Nusa Tenggara Timur","53.02","Kabupaten Timor Tengah Selatan","53.02.17","Nunkolo","53.02.17.2007","Fat"
"53","Nusa Tenggara Timur","53.02","Kabupaten Timor Tengah Selatan","53.02.17","Nunkolo","53.02.17.2008","Haumeni"
"53","Nusa Tenggara Timur","53.02","Kabupaten Timor Tengah Selatan","53.02.17","Nunkolo","53.02.17.2009","Putun"
"53","Nusa Tenggara Timur","53.02","Kabupaten Timor Tengah Selatan","53.02.18","Oenino","53.02.18.2001","Neke"
"53","Nusa Tenggara Timur","53.02","Kabupaten Timor Tengah Selatan","53.02.18","Oenino","53.02.18.2002","Pene Utara"
"53","Nusa Tenggara Timur","53.02","Kabupaten Timor Tengah Selatan","53.02.18","Oenino","53.02.18.2003","Noenoni"
"53","Nusa Tenggara Timur","53.02","Kabupaten Timor Tengah Selatan","53.02.18","Oenino","53.02.18.2004","Hoi"
"53","Nusa Tenggara Timur","53.02","Kabupaten Timor Tengah Selatan","53.02.18","Oenino","53.02.18.2005","Niki Niki Un"
"53","Nusa Tenggara Timur","53.02","Kabupaten Timor Tengah Selatan","53.02.18","Oenino","53.02.18.2006","Oenino"
"53","Nusa Tenggara Timur","53.02","Kabupaten Timor Tengah Selatan","53.02.18","Oenino","53.02.18.2007","Abi"
"53","Nusa Tenggara Timur","53.02","Kabupaten Timor Tengah Selatan","53.02.19","Kolbano","53.02.19.2001","Kolbano"
"53","Nusa Tenggara Timur","53.02","Kabupaten Timor Tengah Selatan","53.02.19","Kolbano","53.02.19.2002","Noesiu"
"53","Nusa Tenggara Timur","53.02","Kabupaten Timor Tengah Selatan","53.02.19","Kolbano","53.02.19.2003","Pene Selatan"
"53","Nusa Tenggara Timur","53.02","Kabupaten Timor Tengah Selatan","53.02.19","Kolbano","53.02.19.2004","Oetuke"
"53","Nusa Tenggara Timur","53.02","Kabupaten Timor Tengah Selatan","53.02.19","Kolbano","53.02.19.2005","Babuin"
"53","Nusa Tenggara Timur","53.02","Kabupaten Timor Tengah Selatan","53.02.19","Kolbano","53.02.19.2006","Oeleu"
"53","Nusa Tenggara Timur","53.02","Kabupaten Timor Tengah Selatan","53.02.19","Kolbano","53.02.19.2007","Se'i"
"53","Nusa Tenggara Timur","53.02","Kabupaten Timor Tengah Selatan","53.02.19","Kolbano","53.02.19.2008","Nununamat"
"53","Nusa Tenggara Timur","53.02","Kabupaten Timor Tengah Selatan","53.02.19","Kolbano","53.02.19.2009","Pana"
"53","Nusa Tenggara Timur","53.02","Kabupaten Timor Tengah Selatan","53.02.19","Kolbano","53.02.19.2010","Haunobenak"
"53","Nusa Tenggara Timur","53.02","Kabupaten Timor Tengah Selatan","53.02.19","Kolbano","53.02.19.2011","Ofu"
"53","Nusa Tenggara Timur","53.02","Kabupaten Timor Tengah Selatan","53.02.19","Kolbano","53.02.19.2012","Spaha"
"53","Nusa Tenggara Timur","53.02","Kabupaten Timor Tengah Selatan","53.02.20","Kot olin","53.02.20.2001","Kot'olin"
"53","Nusa Tenggara Timur","53.02","Kabupaten Timor Tengah Selatan","53.02.20","Kot olin","53.02.20.2002","Nunbena"
"53","Nusa Tenggara Timur","53.02","Kabupaten Timor Tengah Selatan","53.02.20","Kot olin","53.02.20.2003","Fatuat"
"53","Nusa Tenggara Timur","53.02","Kabupaten Timor Tengah Selatan","53.02.20","Kot olin","53.02.20.2004","Hoibeti"
"53","Nusa Tenggara Timur","53.02","Kabupaten Timor Tengah Selatan","53.02.20","Kot olin","53.02.20.2005","Nualunat"
"53","Nusa Tenggara Timur","53.02","Kabupaten Timor Tengah Selatan","53.02.20","Kot olin","53.02.20.2006","Binenok"
"53","Nusa Tenggara Timur","53.02","Kabupaten Timor Tengah Selatan","53.02.20","Kot olin","53.02.20.2007","Ponite"
"53","Nusa Tenggara Timur","53.02","Kabupaten Timor Tengah Selatan","53.02.20","Kot olin","53.02.20.2008","O'obibi"
"53","Nusa Tenggara Timur","53.02","Kabupaten Timor Tengah Selatan","53.02.21","Kualin","53.02.21.2001","Kualin"
"53","Nusa Tenggara Timur","53.02","Kabupaten Timor Tengah Selatan","53.02.21","Kualin","53.02.21.2002","Oni"
"53","Nusa Tenggara Timur","53.02","Kabupaten Timor Tengah Selatan","53.02.21","Kualin","53.02.21.2003","Nunusunu"
"53","Nusa Tenggara Timur","53.02","Kabupaten Timor Tengah Selatan","53.02.21","Kualin","53.02.21.2004","Tuapakas"
"53","Nusa Tenggara Timur","53.02","Kabupaten Timor Tengah Selatan","53.02.21","Kualin","53.02.21.2005","Toineke"
"53","Nusa Tenggara Timur","53.02","Kabupaten Timor Tengah Selatan","53.02.21","Kualin","53.02.21.2006","Tuafanu"
"53","Nusa Tenggara Timur","53.02","Kabupaten Timor Tengah Selatan","53.02.21","Kualin","53.02.21.2007","Kiufatu"
"53","Nusa Tenggara Timur","53.02","Kabupaten Timor Tengah Selatan","53.02.21","Kualin","53.02.21.2008","Oemaman"
"53","Nusa Tenggara Timur","53.02","Kabupaten Timor Tengah Selatan","53.02.22","Mollo Barat","53.02.22.2001","Besana"
"53","Nusa Tenggara Timur","53.02","Kabupaten Timor Tengah Selatan","53.02.22","Mollo Barat","53.02.22.2002","Fatukoko"
"53","Nusa Tenggara Timur","53.02","Kabupaten Timor Tengah Selatan","53.02.22","Mollo Barat","53.02.22.2003","Koa"
"53","Nusa Tenggara Timur","53.02","Kabupaten Timor Tengah Selatan","53.02.22","Mollo Barat","53.02.22.2004","Oel Uban"
"53","Nusa Tenggara Timur","53.02","Kabupaten Timor Tengah Selatan","53.02.22","Mollo Barat","53.02.22.2005","Salbait"
"53","Nusa Tenggara Timur","53.02","Kabupaten Timor Tengah Selatan","53.02.23","Kok Baun","53.02.23.2001","Lotas"
"53","Nusa Tenggara Timur","53.02","Kabupaten Timor Tengah Selatan","53.02.23","Kok Baun","53.02.23.2002","Sabnala"
"53","Nusa Tenggara Timur","53.02","Kabupaten Timor Tengah Selatan","53.02.23","Kok Baun","53.02.23.2003","Koloto"
"53","Nusa Tenggara Timur","53.02","Kabupaten Timor Tengah Selatan","53.02.23","Kok Baun","53.02.23.2004","Niti"
"53","Nusa Tenggara Timur","53.02","Kabupaten Timor Tengah Selatan","53.02.23","Kok Baun","53.02.23.2005","Obaki"
"53","Nusa Tenggara Timur","53.02","Kabupaten Timor Tengah Selatan","53.02.23","Kok Baun","53.02.23.2006","Benehe"
"53","Nusa Tenggara Timur","53.02","Kabupaten Timor Tengah Selatan","53.02.24","Noebana","53.02.24.2001","Noebana"
"53","Nusa Tenggara Timur","53.02","Kabupaten Timor Tengah Selatan","53.02.24","Noebana","53.02.24.2002","Fatumnasi"
"53","Nusa Tenggara Timur","53.02","Kabupaten Timor Tengah Selatan","53.02.24","Noebana","53.02.24.2003","Suni"
"53","Nusa Tenggara Timur","53.02","Kabupaten Timor Tengah Selatan","53.02.24","Noebana","53.02.24.2004","Mella"
"53","Nusa Tenggara Timur","53.02","Kabupaten Timor Tengah Selatan","53.02.24","Noebana","53.02.24.2005","Mnelapetu"
"53","Nusa Tenggara Timur","53.02","Kabupaten Timor Tengah Selatan","53.02.25","Santian","53.02.25.2001","Santian"
"53","Nusa Tenggara Timur","53.02","Kabupaten Timor Tengah Selatan","53.02.25","Santian","53.02.25.2002","Poli"
"53","Nusa Tenggara Timur","53.02","Kabupaten Timor Tengah Selatan","53.02.25","Santian","53.02.25.2003","Manufui"
"53","Nusa Tenggara Timur","53.02","Kabupaten Timor Tengah Selatan","53.02.25","Santian","53.02.25.2004","Nenotes"
"53","Nusa Tenggara Timur","53.02","Kabupaten Timor Tengah Selatan","53.02.25","Santian","53.02.25.2005","Naifatu"
"53","Nusa Tenggara Timur","53.02","Kabupaten Timor Tengah Selatan","53.02.26","Noebeba","53.02.26.2001","Naip"
"53","Nusa Tenggara Timur","53.02","Kabupaten Timor Tengah Selatan","53.02.26","Noebeba","53.02.26.2002","Fatutnana"
"53","Nusa Tenggara Timur","53.02","Kabupaten Timor Tengah Selatan","53.02.26","Noebeba","53.02.26.2003","Oepliki"
"53","Nusa Tenggara Timur","53.02","Kabupaten Timor Tengah Selatan","53.02.26","Noebeba","53.02.26.2004","Oe'ekam"
"53","Nusa Tenggara Timur","53.02","Kabupaten Timor Tengah Selatan","53.02.26","Noebeba","53.02.26.2005","Teas"
"53","Nusa Tenggara Timur","53.02","Kabupaten Timor Tengah Selatan","53.02.26","Noebeba","53.02.26.2006","Oebaki"
"53","Nusa Tenggara Timur","53.02","Kabupaten Timor Tengah Selatan","53.02.26","Noebeba","53.02.26.2007","Eno Nabuasa"
"53","Nusa Tenggara Timur","53.02","Kabupaten Timor Tengah Selatan","53.02.27","Kuatnana","53.02.27.2001","Tetaf"
"53","Nusa Tenggara Timur","53.02","Kabupaten Timor Tengah Selatan","53.02.27","Kuatnana","53.02.27.2002","Naukae"
"53","Nusa Tenggara Timur","53.02","Kabupaten Timor Tengah Selatan","53.02.27","Kuatnana","53.02.27.2003","Supul"
"53","Nusa Tenggara Timur","53.02","Kabupaten Timor Tengah Selatan","53.02.27","Kuatnana","53.02.27.2004","Lakat"
"53","Nusa Tenggara Timur","53.02","Kabupaten Timor Tengah Selatan","53.02.27","Kuatnana","53.02.27.2005","Enoneontes"
"53","Nusa Tenggara Timur","53.02","Kabupaten Timor Tengah Selatan","53.02.27","Kuatnana","53.02.27.2006","O'of"
"53","Nusa Tenggara Timur","53.02","Kabupaten Timor Tengah Selatan","53.02.27","Kuatnana","53.02.27.2007","Tubmonas"
"53","Nusa Tenggara Timur","53.02","Kabupaten Timor Tengah Selatan","53.02.27","Kuatnana","53.02.27.2008","Oe Oe"
"53","Nusa Tenggara Timur","53.02","Kabupaten Timor Tengah Selatan","53.02.28","Fautmolo","53.02.28.2001","Sillu"
"53","Nusa Tenggara Timur","53.02","Kabupaten Timor Tengah Selatan","53.02.28","Fautmolo","53.02.28.2002","Nunukhniti"
"53","Nusa Tenggara Timur","53.02","Kabupaten Timor Tengah Selatan","53.02.28","Fautmolo","53.02.28.2003","Kaeneno"
"53","Nusa Tenggara Timur","53.02","Kabupaten Timor Tengah Selatan","53.02.28","Fautmolo","53.02.28.2004","Oeleon"
"53","Nusa Tenggara Timur","53.02","Kabupaten Timor Tengah Selatan","53.02.28","Fautmolo","53.02.28.2005","Tunis"
"53","Nusa Tenggara Timur","53.02","Kabupaten Timor Tengah Selatan","53.02.28","Fautmolo","53.02.28.2006","Bileon"
"53","Nusa Tenggara Timur","53.02","Kabupaten Timor Tengah Selatan","53.02.28","Fautmolo","53.02.28.2007","Besle'u"
"53","Nusa Tenggara Timur","53.02","Kabupaten Timor Tengah Selatan","53.02.29","Fatukopa","53.02.29.2001","Fatukopa"
"53","Nusa Tenggara Timur","53.02","Kabupaten Timor Tengah Selatan","53.02.29","Fatukopa","53.02.29.2002","Besnam"
"53","Nusa Tenggara Timur","53.02","Kabupaten Timor Tengah Selatan","53.02.29","Fatukopa","53.02.29.2003","Taebone"
"53","Nusa Tenggara Timur","53.02","Kabupaten Timor Tengah Selatan","53.02.29","Fatukopa","53.02.29.2004","Nunfutu"
"53","Nusa Tenggara Timur","53.02","Kabupaten Timor Tengah Selatan","53.02.29","Fatukopa","53.02.29.2005","Kiki"
"53","Nusa Tenggara Timur","53.02","Kabupaten Timor Tengah Selatan","53.02.29","Fatukopa","53.02.29.2006","Ello"
"53","Nusa Tenggara Timur","53.02","Kabupaten Timor Tengah Selatan","53.02.29","Fatukopa","53.02.29.2007","Nifulinah"
"53","Nusa Tenggara Timur","53.02","Kabupaten Timor Tengah Selatan","53.02.30","Mollo Tengah","53.02.30.2001","Oelbubuk"
"53","Nusa Tenggara Timur","53.02","Kabupaten Timor Tengah Selatan","53.02.30","Mollo Tengah","53.02.30.2002","Nekemunifeto"
"53","Nusa Tenggara Timur","53.02","Kabupaten Timor Tengah Selatan","53.02.30","Mollo Tengah","53.02.30.2003","Binaus"
"53","Nusa Tenggara Timur","53.02","Kabupaten Timor Tengah Selatan","53.02.30","Mollo Tengah","53.02.30.2004","Oel'Ekam"
"53","Nusa Tenggara Timur","53.02","Kabupaten Timor Tengah Selatan","53.02.30","Mollo Tengah","53.02.30.2005","Kualeu"
"53","Nusa Tenggara Timur","53.02","Kabupaten Timor Tengah Selatan","53.02.30","Mollo Tengah","53.02.30.2006","Pika"
"53","Nusa Tenggara Timur","53.02","Kabupaten Timor Tengah Selatan","53.02.31","Tobu","53.02.31.2001","Tobu"
"53","Nusa Tenggara Timur","53.02","Kabupaten Timor Tengah Selatan","53.02.31","Tobu","53.02.31.2002","Tutem"
"53","Nusa Tenggara Timur","53.02","Kabupaten Timor Tengah Selatan","53.02.31","Tobu","53.02.31.2003","Tune"
"53","Nusa Tenggara Timur","53.02","Kabupaten Timor Tengah Selatan","53.02.31","Tobu","53.02.31.2004","Bonleu"
"53","Nusa Tenggara Timur","53.02","Kabupaten Timor Tengah Selatan","53.02.31","Tobu","53.02.31.2005","Pubasu"
"53","Nusa Tenggara Timur","53.02","Kabupaten Timor Tengah Selatan","53.02.31","Tobu","53.02.31.2006","Huetalan"
"53","Nusa Tenggara Timur","53.02","Kabupaten Timor Tengah Selatan","53.02.31","Tobu","53.02.31.2007","Saubalan"
"53","Nusa Tenggara Timur","53.02","Kabupaten Timor Tengah Selatan","53.02.31","Tobu","53.02.31.2008","Bestobe"
"53","Nusa Tenggara Timur","53.02","Kabupaten Timor Tengah Selatan","53.02.32","Nunbena","53.02.32.2001","Lill ana"
"53","Nusa Tenggara Timur","53.02","Kabupaten Timor Tengah Selatan","53.02.32","Nunbena","53.02.32.2002","Nunbena"
"53","Nusa Tenggara Timur","53.02","Kabupaten Timor Tengah Selatan","53.02.32","Nunbena","53.02.32.2003","Noebesi"
"53","Nusa Tenggara Timur","53.02","Kabupaten Timor Tengah Selatan","53.02.32","Nunbena","53.02.32.2004","Taneotob"
"53","Nusa Tenggara Timur","53.02","Kabupaten Timor Tengah Selatan","53.02.32","Nunbena","53.02.32.2005","Feto Mone"
"53","Nusa Tenggara Timur","53.02","Kabupaten Timor Tengah Selatan","53.02.32","Nunbena","53.02.32.2006","Tunbes"
"53","Nusa Tenggara Timur","53.03","Kabupaten Timor Tengah Utara","53.03.01","Miomaffo Timur","53.03.01.2005","Bokon"
"53","Nusa Tenggara Timur","53.03","Kabupaten Timor Tengah Utara","53.03.01","Miomaffo Timur","53.03.01.2006","Bitefa"
"53","Nusa Tenggara Timur","53.03","Kabupaten Timor Tengah Utara","53.03.01","Miomaffo Timur","53.03.01.2007","Keanbaun"
"53","Nusa Tenggara Timur","53.03","Kabupaten Timor Tengah Utara","53.03.01","Miomaffo Timur","53.03.01.2018","Amol"
"53","Nusa Tenggara Timur","53.03","Kabupaten Timor Tengah Utara","53.03.01","Miomaffo Timur","53.03.01.2019","Fatusene"
"53","Nusa Tenggara Timur","53.03","Kabupaten Timor Tengah Utara","53.03.01","Miomaffo Timur","53.03.01.2020","Oesena"
"53","Nusa Tenggara Timur","53.03","Kabupaten Timor Tengah Utara","53.03.01","Miomaffo Timur","53.03.01.2021","Jak"
"53","Nusa Tenggara Timur","53.03","Kabupaten Timor Tengah Utara","53.03.01","Miomaffo Timur","53.03.01.2022","Tuntun"
"53","Nusa Tenggara Timur","53.03","Kabupaten Timor Tengah Utara","53.03.01","Miomaffo Timur","53.03.01.2023","Tunoe"
"53","Nusa Tenggara Timur","53.03","Kabupaten Timor Tengah Utara","53.03.01","Miomaffo Timur","53.03.01.2024","Femnasi"
"53","Nusa Tenggara Timur","53.03","Kabupaten Timor Tengah Utara","53.03.01","Miomaffo Timur","53.03.01.2025","Taekas"
"53","Nusa Tenggara Timur","53.03","Kabupaten Timor Tengah Utara","53.03.02","Miomaffo Barat","53.03.02.2001","Noepesu"
"53","Nusa Tenggara Timur","53.03","Kabupaten Timor Tengah Utara","53.03.02","Miomaffo Barat","53.03.02.2002","Fatuneno"
"53","Nusa Tenggara Timur","53.03","Kabupaten Timor Tengah Utara","53.03.02","Miomaffo Barat","53.03.02.2003","Suanae"
"53","Nusa Tenggara Timur","53.03","Kabupaten Timor Tengah Utara","53.03.02","Miomaffo Barat","53.03.02.2004","Lemon"
"53","Nusa Tenggara Timur","53.03","Kabupaten Timor Tengah Utara","53.03.02","Miomaffo Barat","53.03.02.2005","Fatunisuan"
"53","Nusa Tenggara Timur","53.03","Kabupaten Timor Tengah Utara","53.03.02","Miomaffo Barat","53.03.02.2006","Haulasi"
"53","Nusa Tenggara Timur","53.03","Kabupaten Timor Tengah Utara","53.03.02","Miomaffo Barat","53.03.02.2018","Neotoko"
"53","Nusa Tenggara Timur","53.03","Kabupaten Timor Tengah Utara","53.03.02","Miomaffo Barat","53.03.02.2019","Fatutasu"
"53","Nusa Tenggara Timur","53.03","Kabupaten Timor Tengah Utara","53.03.02","Miomaffo Barat","53.03.02.2020","Manusasi"
"53","Nusa Tenggara Timur","53.03","Kabupaten Timor Tengah Utara","53.03.02","Miomaffo Barat","53.03.02.2025","Saenam"
"53","Nusa Tenggara Timur","53.03","Kabupaten Timor Tengah Utara","53.03.02","Miomaffo Barat","53.03.02.2026","Eban"
"53","Nusa Tenggara Timur","53.03","Kabupaten Timor Tengah Utara","53.03.02","Miomaffo Barat","53.03.02.2027","Sallu"
"53","Nusa Tenggara Timur","53.03","Kabupaten Timor Tengah Utara","53.03.02","Miomaffo Barat","53.03.02.2028","Sa'tab"
"53","Nusa Tenggara Timur","53.03","Kabupaten Timor Tengah Utara","53.03.03","Biboki Selatan","53.03.03.2001","Pantae"
"53","Nusa Tenggara Timur","53.03","Kabupaten Timor Tengah Utara","53.03.03","Biboki Selatan","53.03.03.2002","Oenaem"
"53","Nusa Tenggara Timur","53.03","Kabupaten Timor Tengah Utara","53.03.03","Biboki Selatan","53.03.03.2003","Upfaon"
"53","Nusa Tenggara Timur","53.03","Kabupaten Timor Tengah Utara","53.03.03","Biboki Selatan","53.03.03.2007","Tautpah"
"53","Nusa Tenggara Timur","53.03","Kabupaten Timor Tengah Utara","53.03.03","Biboki Selatan","53.03.03.2009","Tokbesi"
"53","Nusa Tenggara Timur","53.03","Kabupaten Timor Tengah Utara","53.03.03","Biboki Selatan","53.03.03.2010","Sainiup"
"53","Nusa Tenggara Timur","53.03","Kabupaten Timor Tengah Utara","53.03.03","Biboki Selatan","53.03.03.2011","Supun"
"53","Nusa Tenggara Timur","53.03","Kabupaten Timor Tengah Utara","53.03.03","Biboki Selatan","53.03.03.2012","Tunbaen"
"53","Nusa Tenggara Timur","53.03","Kabupaten Timor Tengah Utara","53.03.04","Noemuti","53.03.04.2001","Bijeli"
"53","Nusa Tenggara Timur","53.03","Kabupaten Timor Tengah Utara","53.03.04","Noemuti","53.03.04.2002","Noebaun"
"53","Nusa Tenggara Timur","53.03","Kabupaten Timor Tengah Utara","53.03.04","Noemuti","53.03.04.2003","Seo"
"53","Nusa Tenggara Timur","53.03","Kabupaten Timor Tengah Utara","53.03.04","Noemuti","53.03.04.2004","Popnam"
"53","Nusa Tenggara Timur","53.03","Kabupaten Timor Tengah Utara","53.03.04","Noemuti","53.03.04.2009","Nibaaf"
"53","Nusa Tenggara Timur","53.03","Kabupaten Timor Tengah Utara","53.03.04","Noemuti","53.03.04.2010","Banfanu"
"53","Nusa Tenggara Timur","53.03","Kabupaten Timor Tengah Utara","53.03.04","Noemuti","53.03.04.2011","Oenak"
"53","Nusa Tenggara Timur","53.03","Kabupaten Timor Tengah Utara","53.03.04","Noemuti","53.03.04.2012","Nifuboke"
"53","Nusa Tenggara Timur","53.03","Kabupaten Timor Tengah Utara","53.03.04","Noemuti","53.03.04.2013","Noemuti"
"53","Nusa Tenggara Timur","53.03","Kabupaten Timor Tengah Utara","53.03.04","Noemuti","53.03.04.2014","Fatumuti"
"53","Nusa Tenggara Timur","53.03","Kabupaten Timor Tengah Utara","53.03.04","Noemuti","53.03.04.2015","Kiuola"
"53","Nusa Tenggara Timur","53.03","Kabupaten Timor Tengah Utara","53.03.04","Noemuti","53.03.04.2016","Oeperigi"
"53","Nusa Tenggara Timur","53.03","Kabupaten Timor Tengah Utara","53.03.05","Kota Kefamenanu","53.03.05.1001","Kefamenanu Utara"
"53","Nusa Tenggara Timur","53.03","Kabupaten Timor Tengah Utara","53.03.05","Kota Kefamenanu","53.03.05.1002","Aplasi"
"53","Nusa Tenggara Timur","53.03","Kabupaten Timor Tengah Utara","53.03.05","Kota Kefamenanu","53.03.05.1003","Kefamenanu Tengah"
"53","Nusa Tenggara Timur","53.03","Kabupaten Timor Tengah Utara","53.03.05","Kota Kefamenanu","53.03.05.1004","Bansone"
"53","Nusa Tenggara Timur","53.03","Kabupaten Timor Tengah Utara","53.03.05","Kota Kefamenanu","53.03.05.1005","Benpasi"
"53","Nusa Tenggara Timur","53.03","Kabupaten Timor Tengah Utara","53.03.05","Kota Kefamenanu","53.03.05.1006","Kefamenanu Selatan"
"53","Nusa Tenggara Timur","53.03","Kabupaten Timor Tengah Utara","53.03.05","Kota Kefamenanu","53.03.05.1007","Tubuhue"
"53","Nusa Tenggara Timur","53.03","Kabupaten Timor Tengah Utara","53.03.05","Kota Kefamenanu","53.03.05.1008","Maubeli"
"53","Nusa Tenggara Timur","53.03","Kabupaten Timor Tengah Utara","53.03.05","Kota Kefamenanu","53.03.05.1009","Sasi"
"53","Nusa Tenggara Timur","53.03","Kabupaten Timor Tengah Utara","53.03.06","Biboki Utara","53.03.06.1015","Boronubaen Timur"
"53","Nusa Tenggara Timur","53.03","Kabupaten Timor Tengah Utara","53.03.06","Biboki Utara","53.03.06.2001","Boronubaen"
"53","Nusa Tenggara Timur","53.03","Kabupaten Timor Tengah Utara","53.03.06","Biboki Utara","53.03.06.2002","Hautaes"
"53","Nusa Tenggara Timur","53.03","Kabupaten Timor Tengah Utara","53.03.06","Biboki Utara","53.03.06.2003","Tualena"
"53","Nusa Tenggara Timur","53.03","Kabupaten Timor Tengah Utara","53.03.06","Biboki Utara","53.03.06.2004","Biloe"
"53","Nusa Tenggara Timur","53.03","Kabupaten Timor Tengah Utara","53.03.06","Biboki Utara","53.03.06.2005","Taunbaen"
"53","Nusa Tenggara Timur","53.03","Kabupaten Timor Tengah Utara","53.03.06","Biboki Utara","53.03.06.2006","Sapaen"
"53","Nusa Tenggara Timur","53.03","Kabupaten Timor Tengah Utara","53.03.06","Biboki Utara","53.03.06.2012","Lokomea"
"53","Nusa Tenggara Timur","53.03","Kabupaten Timor Tengah Utara","53.03.06","Biboki Utara","53.03.06.2013","Taunbaen Timur"
"53","Nusa Tenggara Timur","53.03","Kabupaten Timor Tengah Utara","53.03.06","Biboki Utara","53.03.06.2014","Hauteas Barat"
"53","Nusa Tenggara Timur","53.03","Kabupaten Timor Tengah Utara","53.03.07","Biboki Anleu","53.03.07.2001","Motadik"
"53","Nusa Tenggara Timur","53.03","Kabupaten Timor Tengah Utara","53.03.07","Biboki Anleu","53.03.07.2002","Nonotbatan"
"53","Nusa Tenggara Timur","53.03","Kabupaten Timor Tengah Utara","53.03.07","Biboki Anleu","53.03.07.2003","Sifaniha"
"53","Nusa Tenggara Timur","53.03","Kabupaten Timor Tengah Utara","53.03.07","Biboki Anleu","53.03.07.2004","Maukabatan"
"53","Nusa Tenggara Timur","53.03","Kabupaten Timor Tengah Utara","53.03.07","Biboki Anleu","53.03.07.2005","Kotafoun"
"53","Nusa Tenggara Timur","53.03","Kabupaten Timor Tengah Utara","53.03.07","Biboki Anleu","53.03.07.2006","Tuamese"
"53","Nusa Tenggara Timur","53.03","Kabupaten Timor Tengah Utara","53.03.07","Biboki Anleu","53.03.07.2007","Ponu"
"53","Nusa Tenggara Timur","53.03","Kabupaten Timor Tengah Utara","53.03.07","Biboki Anleu","53.03.07.2008","Oemanu"
"53","Nusa Tenggara Timur","53.03","Kabupaten Timor Tengah Utara","53.03.07","Biboki Anleu","53.03.07.2009","Nifutasi"
"53","Nusa Tenggara Timur","53.03","Kabupaten Timor Tengah Utara","53.03.08","Insana","53.03.08.1029","Bitauni"
"53","Nusa Tenggara Timur","53.03","Kabupaten Timor Tengah Utara","53.03.08","Insana","53.03.08.2005","Nansean"
"53","Nusa Tenggara Timur","53.03","Kabupaten Timor Tengah Utara","53.03.08","Insana","53.03.08.2006","Susulaku"
"53","Nusa Tenggara Timur","53.03","Kabupaten Timor Tengah Utara","53.03.08","Insana","53.03.08.2007","Loeram"
"53","Nusa Tenggara Timur","53.03","Kabupaten Timor Tengah Utara","53.03.08","Insana","53.03.08.2008","Manunain B"
"53","Nusa Tenggara Timur","53.03","Kabupaten Timor Tengah Utara","53.03.08","Insana","53.03.08.2010","Tapenpah"
"53","Nusa Tenggara Timur","53.03","Kabupaten Timor Tengah Utara","53.03.08","Insana","53.03.08.2011","Sekon"
"53","Nusa Tenggara Timur","53.03","Kabupaten Timor Tengah Utara","53.03.08","Insana","53.03.08.2015","Ainiut"
"53","Nusa Tenggara Timur","53.03","Kabupaten Timor Tengah Utara","53.03.08","Insana","53.03.08.2016","Nunmafo"
"53","Nusa Tenggara Timur","53.03","Kabupaten Timor Tengah Utara","53.03.08","Insana","53.03.08.2017","Oenbit"
"53","Nusa Tenggara Timur","53.03","Kabupaten Timor Tengah Utara","53.03.08","Insana","53.03.08.2018","Manunain A"
"53","Nusa Tenggara Timur","53.03","Kabupaten Timor Tengah Utara","53.03.08","Insana","53.03.08.2022","Susulaku B"
"53","Nusa Tenggara Timur","53.03","Kabupaten Timor Tengah Utara","53.03.08","Insana","53.03.08.2024","Fatoin"
"53","Nusa Tenggara Timur","53.03","Kabupaten Timor Tengah Utara","53.03.08","Insana","53.03.08.2025","Keun"
"53","Nusa Tenggara Timur","53.03","Kabupaten Timor Tengah Utara","53.03.08","Insana","53.03.08.2026","Fatu'Ana"
"53","Nusa Tenggara Timur","53.03","Kabupaten Timor Tengah Utara","53.03.08","Insana","53.03.08.2027","Botof"
"53","Nusa Tenggara Timur","53.03","Kabupaten Timor Tengah Utara","53.03.08","Insana","53.03.08.2028","Nansean Timur"
"53","Nusa Tenggara Timur","53.03","Kabupaten Timor Tengah Utara","53.03.09","Insana Utara","53.03.09.2006","Fatumtasa"
"53","Nusa Tenggara Timur","53.03","Kabupaten Timor Tengah Utara","53.03.09","Insana Utara","53.03.09.2007","Oesoko"
"53","Nusa Tenggara Timur","53.03","Kabupaten Timor Tengah Utara","53.03.09","Insana Utara","53.03.09.2008","Humusu Sainiup"
"53","Nusa Tenggara Timur","53.03","Kabupaten Timor Tengah Utara","53.03.09","Insana Utara","53.03.09.2009","Humusu Oekolo"
"53","Nusa Tenggara Timur","53.03","Kabupaten Timor Tengah Utara","53.03.09","Insana Utara","53.03.09.2010","Humusu Wini"
"53","Nusa Tenggara Timur","53.03","Kabupaten Timor Tengah Utara","53.03.10","Noemuti Timur","53.03.10.2001","Naob"
"53","Nusa Tenggara Timur","53.03","Kabupaten Timor Tengah Utara","53.03.10","Noemuti Timur","53.03.10.2002","Haekto"
"53","Nusa Tenggara Timur","53.03","Kabupaten Timor Tengah Utara","53.03.10","Noemuti Timur","53.03.10.2003","Manikin"
"53","Nusa Tenggara Timur","53.03","Kabupaten Timor Tengah Utara","53.03.10","Noemuti Timur","53.03.10.2004","Kuaken"
"53","Nusa Tenggara Timur","53.03","Kabupaten Timor Tengah Utara","53.03.11","Miomaffo Tengah","53.03.11.2001","Tuabatan"
"53","Nusa Tenggara Timur","53.03","Kabupaten Timor Tengah Utara","53.03.11","Miomaffo Tengah","53.03.11.2002","Akomi"
"53","Nusa Tenggara Timur","53.03","Kabupaten Timor Tengah Utara","53.03.11","Miomaffo Tengah","53.03.11.2003","Bijaepasu"
"53","Nusa Tenggara Timur","53.03","Kabupaten Timor Tengah Utara","53.03.11","Miomaffo Tengah","53.03.11.2004","Neonasi"
"53","Nusa Tenggara Timur","53.03","Kabupaten Timor Tengah Utara","53.03.11","Miomaffo Tengah","53.03.11.2005","N i a n"
"53","Nusa Tenggara Timur","53.03","Kabupaten Timor Tengah Utara","53.03.11","Miomaffo Tengah","53.03.11.2006","Tuabatan Barat"
"53","Nusa Tenggara Timur","53.03","Kabupaten Timor Tengah Utara","53.03.12","Musi","53.03.12.2001","Oelneke"
"53","Nusa Tenggara Timur","53.03","Kabupaten Timor Tengah Utara","53.03.12","Musi","53.03.12.2002","Oetulu"
"53","Nusa Tenggara Timur","53.03","Kabupaten Timor Tengah Utara","53.03.12","Musi","53.03.12.2003","Oeolo"
"53","Nusa Tenggara Timur","53.03","Kabupaten Timor Tengah Utara","53.03.12","Musi","53.03.12.2004","Ainan"
"53","Nusa Tenggara Timur","53.03","Kabupaten Timor Tengah Utara","53.03.12","Musi","53.03.12.2005","Bisafe"
"53","Nusa Tenggara Timur","53.03","Kabupaten Timor Tengah Utara","53.03.12","Musi","53.03.12.2006","Batnes"
"53","Nusa Tenggara Timur","53.03","Kabupaten Timor Tengah Utara","53.03.13","Mutis","53.03.13.2001","Tasinifu"
"53","Nusa Tenggara Timur","53.03","Kabupaten Timor Tengah Utara","53.03.13","Mutis","53.03.13.2002","Naekake A"
"53","Nusa Tenggara Timur","53.03","Kabupaten Timor Tengah Utara","53.03.13","Mutis","53.03.13.2003","Naekake B"
"53","Nusa Tenggara Timur","53.03","Kabupaten Timor Tengah Utara","53.03.13","Mutis","53.03.13.2004","Noelelo"
"53","Nusa Tenggara Timur","53.03","Kabupaten Timor Tengah Utara","53.03.14","Bikomi Selatan","53.03.14.2001","Oelami"
"53","Nusa Tenggara Timur","53.03","Kabupaten Timor Tengah Utara","53.03.14","Bikomi Selatan","53.03.14.2002","Kiusili"
"53","Nusa Tenggara Timur","53.03","Kabupaten Timor Tengah Utara","53.03.14","Bikomi Selatan","53.03.14.2003","Naiola"
"53","Nusa Tenggara Timur","53.03","Kabupaten Timor Tengah Utara","53.03.14","Bikomi Selatan","53.03.14.2004","Maurisu"
"53","Nusa Tenggara Timur","53.03","Kabupaten Timor Tengah Utara","53.03.14","Bikomi Selatan","53.03.14.2005","Oetalus"
"53","Nusa Tenggara Timur","53.03","Kabupaten Timor Tengah Utara","53.03.14","Bikomi Selatan","53.03.14.2006","Tublopo"
"53","Nusa Tenggara Timur","53.03","Kabupaten Timor Tengah Utara","53.03.14","Bikomi Selatan","53.03.14.2007","Maurisu Utara"
"53","Nusa Tenggara Timur","53.03","Kabupaten Timor Tengah Utara","53.03.14","Bikomi Selatan","53.03.14.2008","Maurisu Selatan"
"53","Nusa Tenggara Timur","53.03","Kabupaten Timor Tengah Utara","53.03.14","Bikomi Selatan","53.03.14.2009","Maurisu Tengah"
"53","Nusa Tenggara Timur","53.03","Kabupaten Timor Tengah Utara","53.03.14","Bikomi Selatan","53.03.14.2010","Naiola Timur"
"53","Nusa Tenggara Timur","53.03","Kabupaten Timor Tengah Utara","53.03.15","Bikomi Tengah","53.03.15.2001","Buk"
"53","Nusa Tenggara Timur","53.03","Kabupaten Timor Tengah Utara","53.03.15","Bikomi Tengah","53.03.15.2002","Oenenu"
"53","Nusa Tenggara Timur","53.03","Kabupaten Timor Tengah Utara","53.03.15","Bikomi Tengah","53.03.15.2003","Nimasi"
"53","Nusa Tenggara Timur","53.03","Kabupaten Timor Tengah Utara","53.03.15","Bikomi Tengah","53.03.15.2004","Oelbonak"
"53","Nusa Tenggara Timur","53.03","Kabupaten Timor Tengah Utara","53.03.15","Bikomi Tengah","53.03.15.2005","Kuenak"
"53","Nusa Tenggara Timur","53.03","Kabupaten Timor Tengah Utara","53.03.15","Bikomi Tengah","53.03.15.2006","Oenino"
"53","Nusa Tenggara Timur","53.03","Kabupaten Timor Tengah Utara","53.03.15","Bikomi Tengah","53.03.15.2007","Oenenu Utara"
"53","Nusa Tenggara Timur","53.03","Kabupaten Timor Tengah Utara","53.03.15","Bikomi Tengah","53.03.15.2008","Oenenu Selatan"
"53","Nusa Tenggara Timur","53.03","Kabupaten Timor Tengah Utara","53.03.15","Bikomi Tengah","53.03.15.2009","Sono"
"53","Nusa Tenggara Timur","53.03","Kabupaten Timor Tengah Utara","53.03.16","Bikomi Nilulat","53.03.16.2001","Inbate"
"53","Nusa Tenggara Timur","53.03","Kabupaten Timor Tengah Utara","53.03.16","Bikomi Nilulat","53.03.16.2002","Sunkaen"
"53","Nusa Tenggara Timur","53.03","Kabupaten Timor Tengah Utara","53.03.16","Bikomi Nilulat","53.03.16.2003","Nainaban"
"53","Nusa Tenggara Timur","53.03","Kabupaten Timor Tengah Utara","53.03.16","Bikomi Nilulat","53.03.16.2004","Haumeni Ana"
"53","Nusa Tenggara Timur","53.03","Kabupaten Timor Tengah Utara","53.03.16","Bikomi Nilulat","53.03.16.2005","Nilulat"
"53","Nusa Tenggara Timur","53.03","Kabupaten Timor Tengah Utara","53.03.16","Bikomi Nilulat","53.03.16.2006","Tubu"
"53","Nusa Tenggara Timur","53.03","Kabupaten Timor Tengah Utara","53.03.17","Bikomi Utara","53.03.17.2001","Faenake"
"53","Nusa Tenggara Timur","53.03","Kabupaten Timor Tengah Utara","53.03.17","Bikomi Utara","53.03.17.2002","Banain A"
"53","Nusa Tenggara Timur","53.03","Kabupaten Timor Tengah Utara","53.03.17","Bikomi Utara","53.03.17.2003","Banain B"
"53","Nusa Tenggara Timur","53.03","Kabupaten Timor Tengah Utara","53.03.17","Bikomi Utara","53.03.17.2004","Banain C"
"53","Nusa Tenggara Timur","53.03","Kabupaten Timor Tengah Utara","53.03.17","Bikomi Utara","53.03.17.2005","Sainoni"
"53","Nusa Tenggara Timur","53.03","Kabupaten Timor Tengah Utara","53.03.17","Bikomi Utara","53.03.17.2006","Tes"
"53","Nusa Tenggara Timur","53.03","Kabupaten Timor Tengah Utara","53.03.17","Bikomi Utara","53.03.17.2007","Napan"
"53","Nusa Tenggara Timur","53.03","Kabupaten Timor Tengah Utara","53.03.17","Bikomi Utara","53.03.17.2008","Haumeni"
"53","Nusa Tenggara Timur","53.03","Kabupaten Timor Tengah Utara","53.03.17","Bikomi Utara","53.03.17.2009","Baas"
"53","Nusa Tenggara Timur","53.03","Kabupaten Timor Tengah Utara","53.03.18","Naibenu","53.03.18.2001","Manamas"
"53","Nusa Tenggara Timur","53.03","Kabupaten Timor Tengah Utara","53.03.18","Naibenu","53.03.18.2002","Benus"
"53","Nusa Tenggara Timur","53.03","Kabupaten Timor Tengah Utara","53.03.18","Naibenu","53.03.18.2003","Bakitolas"
"53","Nusa Tenggara Timur","53.03","Kabupaten Timor Tengah Utara","53.03.18","Naibenu","53.03.18.2004","Sunsea"
"53","Nusa Tenggara Timur","53.03","Kabupaten Timor Tengah Utara","53.03.19","Insana Fafinesu","53.03.19.2001","Fafinesu A"
"53","Nusa Tenggara Timur","53.03","Kabupaten Timor Tengah Utara","53.03.19","Insana Fafinesu","53.03.19.2002","Fafinesu B"
"53","Nusa Tenggara Timur","53.03","Kabupaten Timor Tengah Utara","53.03.19","Insana Fafinesu","53.03.19.2003","Fafinesu C"
"53","Nusa Tenggara Timur","53.03","Kabupaten Timor Tengah Utara","53.03.19","Insana Fafinesu","53.03.19.2004","Oenain"
"53","Nusa Tenggara Timur","53.03","Kabupaten Timor Tengah Utara","53.03.19","Insana Fafinesu","53.03.19.2005","Baunuan"
"53","Nusa Tenggara Timur","53.03","Kabupaten Timor Tengah Utara","53.03.19","Insana Fafinesu","53.03.19.2006","Fafinesu"
"53","Nusa Tenggara Timur","53.03","Kabupaten Timor Tengah Utara","53.03.20","Insana Barat","53.03.20.2001","Subun"
"53","Nusa Tenggara Timur","53.03","Kabupaten Timor Tengah Utara","53.03.20","Insana Barat","53.03.20.2002","Usapinonot"
"53","Nusa Tenggara Timur","53.03","Kabupaten Timor Tengah Utara","53.03.20","Insana Barat","53.03.20.2003","Lapeom"
"53","Nusa Tenggara Timur","53.03","Kabupaten Timor Tengah Utara","53.03.20","Insana Barat","53.03.20.2004","Letneo"
"53","Nusa Tenggara Timur","53.03","Kabupaten Timor Tengah Utara","53.03.20","Insana Barat","53.03.20.2005","Bannae"
"53","Nusa Tenggara Timur","53.03","Kabupaten Timor Tengah Utara","53.03.20","Insana Barat","53.03.20.2006","Unini"
"53","Nusa Tenggara Timur","53.03","Kabupaten Timor Tengah Utara","53.03.20","Insana Barat","53.03.20.2007","Atmen"
"53","Nusa Tenggara Timur","53.03","Kabupaten Timor Tengah Utara","53.03.20","Insana Barat","53.03.20.2008","Letneo Selatan"
"53","Nusa Tenggara Timur","53.03","Kabupaten Timor Tengah Utara","53.03.20","Insana Barat","53.03.20.2009","Oabikase"
"53","Nusa Tenggara Timur","53.03","Kabupaten Timor Tengah Utara","53.03.20","Insana Barat","53.03.20.2010","Nifunenas"
"53","Nusa Tenggara Timur","53.03","Kabupaten Timor Tengah Utara","53.03.20","Insana Barat","53.03.20.2011","Subun Bestobe"
"53","Nusa Tenggara Timur","53.03","Kabupaten Timor Tengah Utara","53.03.20","Insana Barat","53.03.20.2012","Subun Tualele"
"53","Nusa Tenggara Timur","53.03","Kabupaten Timor Tengah Utara","53.03.21","Insana Tengah","53.03.21.2001","Lanaus"
"53","Nusa Tenggara Timur","53.03","Kabupaten Timor Tengah Utara","53.03.21","Insana Tengah","53.03.21.2002","Letmafo"
"53","Nusa Tenggara Timur","53.03","Kabupaten Timor Tengah Utara","53.03.21","Insana Tengah","53.03.21.2003","Tainsala"
"53","Nusa Tenggara Timur","53.03","Kabupaten Timor Tengah Utara","53.03.21","Insana Tengah","53.03.21.2004","Maubesi"
"53","Nusa Tenggara Timur","53.03","Kabupaten Timor Tengah Utara","53.03.21","Insana Tengah","53.03.21.2005","Sone"
"53","Nusa Tenggara Timur","53.03","Kabupaten Timor Tengah Utara","53.03.21","Insana Tengah","53.03.21.2006","Letmafo Timur"
"53","Nusa Tenggara Timur","53.03","Kabupaten Timor Tengah Utara","53.03.21","Insana Tengah","53.03.21.2007","Oehalo"
"53","Nusa Tenggara Timur","53.03","Kabupaten Timor Tengah Utara","53.03.22","Biboki Tan Pah","53.03.22.2001","Teba"
"53","Nusa Tenggara Timur","53.03","Kabupaten Timor Tengah Utara","53.03.22","Biboki Tan Pah","53.03.22.2002","Oerinbesi"
"53","Nusa Tenggara Timur","53.03","Kabupaten Timor Tengah Utara","53.03.22","Biboki Tan Pah","53.03.22.2003","Oekopa"
"53","Nusa Tenggara Timur","53.03","Kabupaten Timor Tengah Utara","53.03.22","Biboki Tan Pah","53.03.22.2004","T'Eba Timur"
"53","Nusa Tenggara Timur","53.03","Kabupaten Timor Tengah Utara","53.03.23","Biboki Moenleu","53.03.23.2001","Tunbes"
"53","Nusa Tenggara Timur","53.03","Kabupaten Timor Tengah Utara","53.03.23","Biboki Moenleu","53.03.23.2002","Luniup"
"53","Nusa Tenggara Timur","53.03","Kabupaten Timor Tengah Utara","53.03.23","Biboki Moenleu","53.03.23.2003","Matabesi"
"53","Nusa Tenggara Timur","53.03","Kabupaten Timor Tengah Utara","53.03.23","Biboki Moenleu","53.03.23.2004","Oepuah"
"53","Nusa Tenggara Timur","53.03","Kabupaten Timor Tengah Utara","53.03.23","Biboki Moenleu","53.03.23.2005","Kaubele"
"53","Nusa Tenggara Timur","53.03","Kabupaten Timor Tengah Utara","53.03.23","Biboki Moenleu","53.03.23.2006","Oepuah Utara"
"53","Nusa Tenggara Timur","53.03","Kabupaten Timor Tengah Utara","53.03.23","Biboki Moenleu","53.03.23.2007","Oepuah Selatan"
"53","Nusa Tenggara Timur","53.03","Kabupaten Timor Tengah Utara","53.03.24","Biboki Feotleu","53.03.24.2001","Naku"
"53","Nusa Tenggara Timur","53.03","Kabupaten Timor Tengah Utara","53.03.24","Biboki Feotleu","53.03.24.2002","Birunatun"
"53","Nusa Tenggara Timur","53.03","Kabupaten Timor Tengah Utara","53.03.24","Biboki Feotleu","53.03.24.2003","Makun"
"53","Nusa Tenggara Timur","53.03","Kabupaten Timor Tengah Utara","53.03.24","Biboki Feotleu","53.03.24.2004","Manumean"
"53","Nusa Tenggara Timur","53.03","Kabupaten Timor Tengah Utara","53.03.24","Biboki Feotleu","53.03.24.2005","Kuluan"
"53","Nusa Tenggara Timur","53.04","Kabupaten Belu","53.04.01","Lamaknen","53.04.01.2001","Kewar"
"53","Nusa Tenggara Timur","53.04","Kabupaten Belu","53.04.01","Lamaknen","53.04.01.2002","Fulur"
"53","Nusa Tenggara Timur","53.04","Kabupaten Belu","53.04.01","Lamaknen","53.04.01.2004","Duarato"
"53","Nusa Tenggara Timur","53.04","Kabupaten Belu","53.04.01","Lamaknen","53.04.01.2005","Makir"
"53","Nusa Tenggara Timur","53.04","Kabupaten Belu","53.04.01","Lamaknen","53.04.01.2006","Lamaksenulu"
"53","Nusa Tenggara Timur","53.04","Kabupaten Belu","53.04.01","Lamaknen","53.04.01.2008","Dirun"
"53","Nusa Tenggara Timur","53.04","Kabupaten Belu","53.04.01","Lamaknen","53.04.01.2009","Leowalu"
"53","Nusa Tenggara Timur","53.04","Kabupaten Belu","53.04.01","Lamaknen","53.04.01.2014","Maudemu"
"53","Nusa Tenggara Timur","53.04","Kabupaten Belu","53.04.01","Lamaknen","53.04.01.2015","Mahuitas"
"53","Nusa Tenggara Timur","53.04","Kabupaten Belu","53.04.02","Tasifeto Timur","53.04.02.2001","Silawan"
"53","Nusa Tenggara Timur","53.04","Kabupaten Belu","53.04.02","Tasifeto Timur","53.04.02.2002","Tulakadi"
"53","Nusa Tenggara Timur","53.04","Kabupaten Belu","53.04.02","Tasifeto Timur","53.04.02.2003","Sadi"
"53","Nusa Tenggara Timur","53.04","Kabupaten Belu","53.04.02","Tasifeto Timur","53.04.02.2004","Umaklaran"
"53","Nusa Tenggara Timur","53.04","Kabupaten Belu","53.04.02","Tasifeto Timur","53.04.02.2005","Manleten"
"53","Nusa Tenggara Timur","53.04","Kabupaten Belu","53.04.02","Tasifeto Timur","53.04.02.2006","Fatuba'a"
"53","Nusa Tenggara Timur","53.04","Kabupaten Belu","53.04.02","Tasifeto Timur","53.04.02.2007","Dafala"
"53","Nusa Tenggara Timur","53.04","Kabupaten Belu","53.04.02","Tasifeto Timur","53.04.02.2008","Takirin"
"53","Nusa Tenggara Timur","53.04","Kabupaten Belu","53.04.02","Tasifeto Timur","53.04.02.2009","Bauho"
"53","Nusa Tenggara Timur","53.04","Kabupaten Belu","53.04.02","Tasifeto Timur","53.04.02.2010","Sarabau"
"53","Nusa Tenggara Timur","53.04","Kabupaten Belu","53.04.02","Tasifeto Timur","53.04.02.2018","Tialai"
"53","Nusa Tenggara Timur","53.04","Kabupaten Belu","53.04.02","Tasifeto Timur","53.04.02.2019","Halimodok"
"53","Nusa Tenggara Timur","53.04","Kabupaten Belu","53.04.03","Raihat","53.04.03.2001","Asumanu"
"53","Nusa Tenggara Timur","53.04","Kabupaten Belu","53.04.03","Raihat","53.04.03.2002","Tohe"
"53","Nusa Tenggara Timur","53.04","Kabupaten Belu","53.04.03","Raihat","53.04.03.2003","Maumutin"
"53","Nusa Tenggara Timur","53.04","Kabupaten Belu","53.04.03","Raihat","53.04.03.2004","Raifatus"
"53","Nusa Tenggara Timur","53.04","Kabupaten Belu","53.04.03","Raihat","53.04.03.2005","Aitoun"
"53","Nusa Tenggara Timur","53.04","Kabupaten Belu","53.04.03","Raihat","53.04.03.2006","Tohe Leten"
"53","Nusa Tenggara Timur","53.04","Kabupaten Belu","53.04.04","Tasifeto Barat","53.04.04.2001","Tukuneno"
"53","Nusa Tenggara Timur","53.04","Kabupaten Belu","53.04.04","Tasifeto Barat","53.04.04.2002","Naekasa"
"53","Nusa Tenggara Timur","53.04","Kabupaten Belu","53.04.04","Tasifeto Barat","53.04.04.2003","Lookeu"
"53","Nusa Tenggara Timur","53.04","Kabupaten Belu","53.04.04","Tasifeto Barat","53.04.04.2004","Derokfaturene"
"53","Nusa Tenggara Timur","53.04","Kabupaten Belu","53.04.04","Tasifeto Barat","53.04.04.2005","Bakustulama"
"53","Nusa Tenggara Timur","53.04","Kabupaten Belu","53.04.04","Tasifeto Barat","53.04.04.2006","Rinbesihat"
"53","Nusa Tenggara Timur","53.04","Kabupaten Belu","53.04.04","Tasifeto Barat","53.04.04.2007","Naitimu"
"53","Nusa Tenggara Timur","53.04","Kabupaten Belu","53.04.04","Tasifeto Barat","53.04.04.2009","Lawalutolus"
"53","Nusa Tenggara Timur","53.04","Kabupaten Belu","53.04.05","Kakuluk Mesak","53.04.05.2001","Fatuketi"
"53","Nusa Tenggara Timur","53.04","Kabupaten Belu","53.04.05","Kakuluk Mesak","53.04.05.2002","Dualaus"
"53","Nusa Tenggara Timur","53.04","Kabupaten Belu","53.04.05","Kakuluk Mesak","53.04.05.2003","Jenilu"
"53","Nusa Tenggara Timur","53.04","Kabupaten Belu","53.04.05","Kakuluk Mesak","53.04.05.2004","Kenebibi"
"53","Nusa Tenggara Timur","53.04","Kabupaten Belu","53.04.05","Kakuluk Mesak","53.04.05.2005","Leosama"
"53","Nusa Tenggara Timur","53.04","Kabupaten Belu","53.04.05","Kakuluk Mesak","53.04.05.2006","Kabuna"
"53","Nusa Tenggara Timur","53.04","Kabupaten Belu","53.04.12","Kota Atambua","53.04.12.1001","Kota Atambua"
"53","Nusa Tenggara Timur","53.04","Kabupaten Belu","53.04.12","Kota Atambua","53.04.12.1002","Tenukiik"
"53","Nusa Tenggara Timur","53.04","Kabupaten Belu","53.04.12","Kota Atambua","53.04.12.1003","Manumutin"
"53","Nusa Tenggara Timur","53.04","Kabupaten Belu","53.04.12","Kota Atambua","53.04.12.1010","Fatubenao"
"53","Nusa Tenggara Timur","53.04","Kabupaten Belu","53.04.13","Raimanuk","53.04.13.2001","Mandeu Raimanus"
"53","Nusa Tenggara Timur","53.04","Kabupaten Belu","53.04.13","Raimanuk","53.04.13.2002","Renrua"
"53","Nusa Tenggara Timur","53.04","Kabupaten Belu","53.04.13","Raimanuk","53.04.13.2003","Dua Koran"
"53","Nusa Tenggara Timur","53.04","Kabupaten Belu","53.04.13","Raimanuk","53.04.13.2004","Mandeu"
"53","Nusa Tenggara Timur","53.04","Kabupaten Belu","53.04.13","Raimanuk","53.04.13.2005","Rafae"
"53","Nusa Tenggara Timur","53.04","Kabupaten Belu","53.04.13","Raimanuk","53.04.13.2006","Faturika"
"53","Nusa Tenggara Timur","53.04","Kabupaten Belu","53.04.13","Raimanuk","53.04.13.2007","Leuntolu"
"53","Nusa Tenggara Timur","53.04","Kabupaten Belu","53.04.13","Raimanuk","53.04.13.2008","Teun"
"53","Nusa Tenggara Timur","53.04","Kabupaten Belu","53.04.13","Raimanuk","53.04.13.2009","Tasain"
"53","Nusa Tenggara Timur","53.04","Kabupaten Belu","53.04.17","Lasiolat","53.04.17.2001","Lasiolat"
"53","Nusa Tenggara Timur","53.04","Kabupaten Belu","53.04.17","Lasiolat","53.04.17.2002","Maneikun"
"53","Nusa Tenggara Timur","53.04","Kabupaten Belu","53.04.17","Lasiolat","53.04.17.2003","Lakan Mau"
"53","Nusa Tenggara Timur","53.04","Kabupaten Belu","53.04.17","Lasiolat","53.04.17.2004","Dualasi Raiulun"
"53","Nusa Tenggara Timur","53.04","Kabupaten Belu","53.04.17","Lasiolat","53.04.17.2005","Dualasi"
"53","Nusa Tenggara Timur","53.04","Kabupaten Belu","53.04.17","Lasiolat","53.04.17.2006","Fatulotu"
"53","Nusa Tenggara Timur","53.04","Kabupaten Belu","53.04.17","Lasiolat","53.04.17.2007","Baudaok"
"53","Nusa Tenggara Timur","53.04","Kabupaten Belu","53.04.18","Lamaknen Selatan","53.04.18.2001","Ekin"
"53","Nusa Tenggara Timur","53.04","Kabupaten Belu","53.04.18","Lamaknen Selatan","53.04.18.2002","Loonuna"
"53","Nusa Tenggara Timur","53.04","Kabupaten Belu","53.04.18","Lamaknen Selatan","53.04.18.2003","Nualain"
"53","Nusa Tenggara Timur","53.04","Kabupaten Belu","53.04.18","Lamaknen Selatan","53.04.18.2004","Lakmaras"
"53","Nusa Tenggara Timur","53.04","Kabupaten Belu","53.04.18","Lamaknen Selatan","53.04.18.2005","Henes"
"53","Nusa Tenggara Timur","53.04","Kabupaten Belu","53.04.18","Lamaknen Selatan","53.04.18.2006","Debululik"
"53","Nusa Tenggara Timur","53.04","Kabupaten Belu","53.04.18","Lamaknen Selatan","53.04.18.2007","Sisi Fatuberal"
"53","Nusa Tenggara Timur","53.04","Kabupaten Belu","53.04.18","Lamaknen Selatan","53.04.18.2008","Lutha Rato"
"53","Nusa Tenggara Timur","53.04","Kabupaten Belu","53.04.21","Atambua Barat","53.04.21.1001","Bardao"
"53","Nusa Tenggara Timur","53.04","Kabupaten Belu","53.04.21","Atambua Barat","53.04.21.1002","Tulamalae"
"53","Nusa Tenggara Timur","53.04","Kabupaten Belu","53.04.21","Atambua Barat","53.04.21.1003","Umanen"
"53","Nusa Tenggara Timur","53.04","Kabupaten Belu","53.04.21","Atambua Barat","53.04.21.1004","Beirafu"
"53","Nusa Tenggara Timur","53.04","Kabupaten Belu","53.04.22","Atambua Selatan","53.04.22.1001","Manuaman"
"53","Nusa Tenggara Timur","53.04","Kabupaten Belu","53.04.22","Atambua Selatan","53.04.22.1002","Rinbesi"
"53","Nusa Tenggara Timur","53.04","Kabupaten Belu","53.04.22","Atambua Selatan","53.04.22.1003","Lidak"
"53","Nusa Tenggara Timur","53.04","Kabupaten Belu","53.04.22","Atambua Selatan","53.04.22.1004","Fatukbot"
"53","Nusa Tenggara Timur","53.04","Kabupaten Belu","53.04.23","Nanaet Duabesi","53.04.23.2001","Dubesi"
"53","Nusa Tenggara Timur","53.04","Kabupaten Belu","53.04.23","Nanaet Duabesi","53.04.23.2002","Nanaet"
"53","Nusa Tenggara Timur","53.04","Kabupaten Belu","53.04.23","Nanaet Duabesi","53.04.23.2003","Fohoeka"
"53","Nusa Tenggara Timur","53.04","Kabupaten Belu","53.04.23","Nanaet Duabesi","53.04.23.2004","Nanaenoe"
"53","Nusa Tenggara Timur","53.05","Kabupaten Alor","53.05.01","Teluk Mutiara","53.05.01.1001","Kalabahi Barat"
"53","Nusa Tenggara Timur","53.05","Kabupaten Alor","53.05.01","Teluk Mutiara","53.05.01.1002","Kalabahi Kota"
"53","Nusa Tenggara Timur","53.05","Kabupaten Alor","53.05.01","Teluk Mutiara","53.05.01.1003","Kalabahi Tengah"
"53","Nusa Tenggara Timur","53.05","Kabupaten Alor","53.05.01","Teluk Mutiara","53.05.01.1004","Kalabahi Timur"
"53","Nusa Tenggara Timur","53.05","Kabupaten Alor","53.05.01","Teluk Mutiara","53.05.01.1005","Binongko"
"53","Nusa Tenggara Timur","53.05","Kabupaten Alor","53.05.01","Teluk Mutiara","53.05.01.1006","Nusa Kenari"
"53","Nusa Tenggara Timur","53.05","Kabupaten Alor","53.05.01","Teluk Mutiara","53.05.01.1008","Welai Barat"
"53","Nusa Tenggara Timur","53.05","Kabupaten Alor","53.05.01","Teluk Mutiara","53.05.01.1009","Welai Timur"
"53","Nusa Tenggara Timur","53.05","Kabupaten Alor","53.05.01","Teluk Mutiara","53.05.01.1010","Mutiara"
"53","Nusa Tenggara Timur","53.05","Kabupaten Alor","53.05.01","Teluk Mutiara","53.05.01.1011","Wetabua"
"53","Nusa Tenggara Timur","53.05","Kabupaten Alor","53.05.01","Teluk Mutiara","53.05.01.2012","Lendola"
"53","Nusa Tenggara Timur","53.05","Kabupaten Alor","53.05.01","Teluk Mutiara","53.05.01.2013","Fanating"
"53","Nusa Tenggara Timur","53.05","Kabupaten Alor","53.05.01","Teluk Mutiara","53.05.01.2014","Motongbang"
"53","Nusa Tenggara Timur","53.05","Kabupaten Alor","53.05.01","Teluk Mutiara","53.05.01.2015","Air Kenari"
"53","Nusa Tenggara Timur","53.05","Kabupaten Alor","53.05.01","Teluk Mutiara","53.05.01.2018","Teluk Kenari"
"53","Nusa Tenggara Timur","53.05","Kabupaten Alor","53.05.01","Teluk Mutiara","53.05.01.2019","Adang Buom"
"53","Nusa Tenggara Timur","53.05","Kabupaten Alor","53.05.02","Alor Barat Laut","53.05.02.1002","Adang"
"53","Nusa Tenggara Timur","53.05","Kabupaten Alor","53.05.02","Alor Barat Laut","53.05.02.2003","Alor Kecil"
"53","Nusa Tenggara Timur","53.05","Kabupaten Alor","53.05.02","Alor Barat Laut","53.05.02.2004","Alor Besar"
"53","Nusa Tenggara Timur","53.05","Kabupaten Alor","53.05.02","Alor Barat Laut","53.05.02.2005","Ampera"
"53","Nusa Tenggara Timur","53.05","Kabupaten Alor","53.05.02","Alor Barat Laut","53.05.02.2006","Dulolong"
"53","Nusa Tenggara Timur","53.05","Kabupaten Alor","53.05.02","Alor Barat Laut","53.05.02.2007","Aimoli"
"53","Nusa Tenggara Timur","53.05","Kabupaten Alor","53.05.02","Alor Barat Laut","53.05.02.2008","Alila"
"53","Nusa Tenggara Timur","53.05","Kabupaten Alor","53.05.02","Alor Barat Laut","53.05.02.2009","Otvai"
"53","Nusa Tenggara Timur","53.05","Kabupaten Alor","53.05.02","Alor Barat Laut","53.05.02.2012","Ternate"
"53","Nusa Tenggara Timur","53.05","Kabupaten Alor","53.05.02","Alor Barat Laut","53.05.02.2013","Ternate Selatan"
"53","Nusa Tenggara Timur","53.05","Kabupaten Alor","53.05.02","Alor Barat Laut","53.05.02.2014","Alila Selatan"
"53","Nusa Tenggara Timur","53.05","Kabupaten Alor","53.05.02","Alor Barat Laut","53.05.02.2019","Pulau Buaya"
"53","Nusa Tenggara Timur","53.05","Kabupaten Alor","53.05.02","Alor Barat Laut","53.05.02.2020","Hulnani"
"53","Nusa Tenggara Timur","53.05","Kabupaten Alor","53.05.02","Alor Barat Laut","53.05.02.2022","O'a Mate"
"53","Nusa Tenggara Timur","53.05","Kabupaten Alor","53.05.02","Alor Barat Laut","53.05.02.2023","Ala'ang"
"53","Nusa Tenggara Timur","53.05","Kabupaten Alor","53.05.02","Alor Barat Laut","53.05.02.2024","Lefokisu"
"53","Nusa Tenggara Timur","53.05","Kabupaten Alor","53.05.02","Alor Barat Laut","53.05.02.2025","Bampalola"
"53","Nusa Tenggara Timur","53.05","Kabupaten Alor","53.05.02","Alor Barat Laut","53.05.02.2026","Lewalu"
"53","Nusa Tenggara Timur","53.05","Kabupaten Alor","53.05.02","Alor Barat Laut","53.05.02.2027","Dulolong Barat"
"53","Nusa Tenggara Timur","53.05","Kabupaten Alor","53.05.03","Alor Barat Daya","53.05.03.1001","Moru"
"53","Nusa Tenggara Timur","53.05","Kabupaten Alor","53.05.03","Alor Barat Daya","53.05.03.2002","Probur"
"53","Nusa Tenggara Timur","53.05","Kabupaten Alor","53.05.03","Alor Barat Daya","53.05.03.2007","Morba"
"53","Nusa Tenggara Timur","53.05","Kabupaten Alor","53.05.03","Alor Barat Daya","53.05.03.2008","Pintumas"
"53","Nusa Tenggara Timur","53.05","Kabupaten Alor","53.05.03","Alor Barat Daya","53.05.03.2009","Wolwal"
"53","Nusa Tenggara Timur","53.05","Kabupaten Alor","53.05.03","Alor Barat Daya","53.05.03.2010","Halerman"
"53","Nusa Tenggara Timur","53.05","Kabupaten Alor","53.05.03","Alor Barat Daya","53.05.03.2013","Kafelulang"
"53","Nusa Tenggara Timur","53.05","Kabupaten Alor","53.05.03","Alor Barat Daya","53.05.03.2014","Moramam"
"53","Nusa Tenggara Timur","53.05","Kabupaten Alor","53.05.03","Alor Barat Daya","53.05.03.2015","Pailelang"
"53","Nusa Tenggara Timur","53.05","Kabupaten Alor","53.05.03","Alor Barat Daya","53.05.03.2016","Wolwal Barat"
"53","Nusa Tenggara Timur","53.05","Kabupaten Alor","53.05.03","Alor Barat Daya","53.05.03.2017","Wolwal Tengah"
"53","Nusa Tenggara Timur","53.05","Kabupaten Alor","53.05.03","Alor Barat Daya","53.05.03.2018","Wolwal Selatan"
"53","Nusa Tenggara Timur","53.05","Kabupaten Alor","53.05.03","Alor Barat Daya","53.05.03.2019","Probur Utara"
"53","Nusa Tenggara Timur","53.05","Kabupaten Alor","53.05.04","Alor Selatan","53.05.04.1001","Kelaisi Timur"
"53","Nusa Tenggara Timur","53.05","Kabupaten Alor","53.05.04","Alor Selatan","53.05.04.2002","Kelaisi Barat"
"53","Nusa Tenggara Timur","53.05","Kabupaten Alor","53.05.04","Alor Selatan","53.05.04.2003","Sidabui"
"53","Nusa Tenggara Timur","53.05","Kabupaten Alor","53.05.04","Alor Selatan","53.05.04.2004","Padang Alang"
"53","Nusa Tenggara Timur","53.05","Kabupaten Alor","53.05.04","Alor Selatan","53.05.04.2005","Kuneman"
"53","Nusa Tenggara Timur","53.05","Kabupaten Alor","53.05.04","Alor Selatan","53.05.04.2006","Silaipui"
"53","Nusa Tenggara Timur","53.05","Kabupaten Alor","53.05.04","Alor Selatan","53.05.04.2007","Kelaisi Tengah"
"53","Nusa Tenggara Timur","53.05","Kabupaten Alor","53.05.04","Alor Selatan","53.05.04.2008","Kiraman"
"53","Nusa Tenggara Timur","53.05","Kabupaten Alor","53.05.04","Alor Selatan","53.05.04.2009","Maikang"
"53","Nusa Tenggara Timur","53.05","Kabupaten Alor","53.05.04","Alor Selatan","53.05.04.2010","Malaipea"
"53","Nusa Tenggara Timur","53.05","Kabupaten Alor","53.05.04","Alor Selatan","53.05.04.2011","Tamanapui"
"53","Nusa Tenggara Timur","53.05","Kabupaten Alor","53.05.04","Alor Selatan","53.05.04.2012","Lella"
"53","Nusa Tenggara Timur","53.05","Kabupaten Alor","53.05.04","Alor Selatan","53.05.04.2013","Manmas"
"53","Nusa Tenggara Timur","53.05","Kabupaten Alor","53.05.04","Alor Selatan","53.05.04.2014","Subo"
"53","Nusa Tenggara Timur","53.05","Kabupaten Alor","53.05.05","Alor Timur","53.05.05.1001","Kolana Utara"
"53","Nusa Tenggara Timur","53.05","Kabupaten Alor","53.05.05","Alor Timur","53.05.05.2004","Tanglapui"
"53","Nusa Tenggara Timur","53.05","Kabupaten Alor","53.05.05","Alor Timur","53.05.05.2005","Kolana Selatan"
"53","Nusa Tenggara Timur","53.05","Kabupaten Alor","53.05.05","Alor Timur","53.05.05.2007","Padang Panjang"
"53","Nusa Tenggara Timur","53.05","Kabupaten Alor","53.05.05","Alor Timur","53.05.05.2008","Maritaing"
"53","Nusa Tenggara Timur","53.05","Kabupaten Alor","53.05.05","Alor Timur","53.05.05.2010","Elok"
"53","Nusa Tenggara Timur","53.05","Kabupaten Alor","53.05.05","Alor Timur","53.05.05.2011","Tanglapui Timur"
"53","Nusa Tenggara Timur","53.05","Kabupaten Alor","53.05.05","Alor Timur","53.05.05.2012","Mausamang"
"53","Nusa Tenggara Timur","53.05","Kabupaten Alor","53.05.05","Alor Timur","53.05.05.2013","Belemana"
"53","Nusa Tenggara Timur","53.05","Kabupaten Alor","53.05.05","Alor Timur","53.05.05.2014","Maukuru"
"53","Nusa Tenggara Timur","53.05","Kabupaten Alor","53.05.06","Pantar","53.05.06.1001","Kabir"
"53","Nusa Tenggara Timur","53.05","Kabupaten Alor","53.05.06","Pantar","53.05.06.2005","Pandai"
"53","Nusa Tenggara Timur","53.05","Kabupaten Alor","53.05.06","Pantar","53.05.06.2009","Bandar"
"53","Nusa Tenggara Timur","53.05","Kabupaten Alor","53.05.06","Pantar","53.05.06.2010","Baolang"
"53","Nusa Tenggara Timur","53.05","Kabupaten Alor","53.05.06","Pantar","53.05.06.2011","Munaseli"
"53","Nusa Tenggara Timur","53.05","Kabupaten Alor","53.05.06","Pantar","53.05.06.2012","Helangdohi"
"53","Nusa Tenggara Timur","53.05","Kabupaten Alor","53.05.06","Pantar","53.05.06.2013","Wailawar"
"53","Nusa Tenggara Timur","53.05","Kabupaten Alor","53.05.06","Pantar","53.05.06.2014","Bana"
"53","Nusa Tenggara Timur","53.05","Kabupaten Alor","53.05.06","Pantar","53.05.06.2016","Bouweli"
"53","Nusa Tenggara Timur","53.05","Kabupaten Alor","53.05.06","Pantar","53.05.06.2017","Bukit Mas"
"53","Nusa Tenggara Timur","53.05","Kabupaten Alor","53.05.06","Pantar","53.05.06.2019","Madar"
"53","Nusa Tenggara Timur","53.05","Kabupaten Alor","53.05.07","Alor Tengah Utara","53.05.07.2001","Lembur Barat"
"53","Nusa Tenggara Timur","53.05","Kabupaten Alor","53.05.07","Alor Tengah Utara","53.05.07.2002","Lembur Tengah"
"53","Nusa Tenggara Timur","53.05","Kabupaten Alor","53.05.07","Alor Tengah Utara","53.05.07.2004","Likwatang"
"53","Nusa Tenggara Timur","53.05","Kabupaten Alor","53.05.07","Alor Tengah Utara","53.05.07.2007","Fungafeng"
"53","Nusa Tenggara Timur","53.05","Kabupaten Alor","53.05.07","Alor Tengah Utara","53.05.07.2008","Fuisama"
"53","Nusa Tenggara Timur","53.05","Kabupaten Alor","53.05.07","Alor Tengah Utara","53.05.07.2009","Nur Benlelang"
"53","Nusa Tenggara Timur","53.05","Kabupaten Alor","53.05.07","Alor Tengah Utara","53.05.07.2010","Kafakbeka"
"53","Nusa Tenggara Timur","53.05","Kabupaten Alor","53.05.07","Alor Tengah Utara","53.05.07.2011","Manetwati"
"53","Nusa Tenggara Timur","53.05","Kabupaten Alor","53.05.07","Alor Tengah Utara","53.05.07.2012","Lakwati"
"53","Nusa Tenggara Timur","53.05","Kabupaten Alor","53.05.07","Alor Tengah Utara","53.05.07.2014","Dapitau"
"53","Nusa Tenggara Timur","53.05","Kabupaten Alor","53.05.07","Alor Tengah Utara","53.05.07.2017","Alim Mebung"
"53","Nusa Tenggara Timur","53.05","Kabupaten Alor","53.05.07","Alor Tengah Utara","53.05.07.2018","Petleng"
"53","Nusa Tenggara Timur","53.05","Kabupaten Alor","53.05.07","Alor Tengah Utara","53.05.07.2019","Welai Selatan"
"53","Nusa Tenggara Timur","53.05","Kabupaten Alor","53.05.07","Alor Tengah Utara","53.05.07.2020","Tominuku"
"53","Nusa Tenggara Timur","53.05","Kabupaten Alor","53.05.08","Alor Timur Laut","53.05.08.2001","Pido"
"53","Nusa Tenggara Timur","53.05","Kabupaten Alor","53.05.08","Alor Timur Laut","53.05.08.2002","Waisika"
"53","Nusa Tenggara Timur","53.05","Kabupaten Alor","53.05.08","Alor Timur Laut","53.05.08.2003","Kamot"
"53","Nusa Tenggara Timur","53.05","Kabupaten Alor","53.05.08","Alor Timur Laut","53.05.08.2004","Taramana"
"53","Nusa Tenggara Timur","53.05","Kabupaten Alor","53.05.08","Alor Timur Laut","53.05.08.2005","Nailang"
"53","Nusa Tenggara Timur","53.05","Kabupaten Alor","53.05.08","Alor Timur Laut","53.05.08.2006","Lippang"
"53","Nusa Tenggara Timur","53.05","Kabupaten Alor","53.05.08","Alor Timur Laut","53.05.08.2007","Kenarimbala"
"53","Nusa Tenggara Timur","53.05","Kabupaten Alor","53.05.08","Alor Timur Laut","53.05.08.2008","Air Mancur"
"53","Nusa Tenggara Timur","53.05","Kabupaten Alor","53.05.09","Pantar Barat","53.05.09.2002","Baraler"
"53","Nusa Tenggara Timur","53.05","Kabupaten Alor","53.05.09","Pantar Barat","53.05.09.2003","Kalondama"
"53","Nusa Tenggara Timur","53.05","Kabupaten Alor","53.05.09","Pantar Barat","53.05.09.2007","Leer"
"53","Nusa Tenggara Timur","53.05","Kabupaten Alor","53.05.09","Pantar Barat","53.05.09.2018","Baranusa"
"53","Nusa Tenggara Timur","53.05","Kabupaten Alor","53.05.09","Pantar Barat","53.05.09.2019","Blang Merang"
"53","Nusa Tenggara Timur","53.05","Kabupaten Alor","53.05.09","Pantar Barat","53.05.09.2020","Illu"
"53","Nusa Tenggara Timur","53.05","Kabupaten Alor","53.05.09","Pantar Barat","53.05.09.2024","Piringsina"
"53","Nusa Tenggara Timur","53.05","Kabupaten Alor","53.05.10","Kabola","53.05.10.1001","Kabola"
"53","Nusa Tenggara Timur","53.05","Kabupaten Alor","53.05.10","Kabola","53.05.10.2002","Kopidil"
"53","Nusa Tenggara Timur","53.05","Kabupaten Alor","53.05.10","Kabola","53.05.10.2003","Pante Deere"
"53","Nusa Tenggara Timur","53.05","Kabupaten Alor","53.05.10","Kabola","53.05.10.2004","Lawahing"
"53","Nusa Tenggara Timur","53.05","Kabupaten Alor","53.05.10","Kabola","53.05.10.2005","Alila Timur"
"53","Nusa Tenggara Timur","53.05","Kabupaten Alor","53.05.11","Pulau Pura","53.05.11.1001","Pura"
"53","Nusa Tenggara Timur","53.05","Kabupaten Alor","53.05.11","Pulau Pura","53.05.11.2002","Maru"
"53","Nusa Tenggara Timur","53.05","Kabupaten Alor","53.05.11","Pulau Pura","53.05.11.2003","Pura Utara"
"53","Nusa Tenggara Timur","53.05","Kabupaten Alor","53.05.11","Pulau Pura","53.05.11.2004","Pura Selatan"
"53","Nusa Tenggara Timur","53.05","Kabupaten Alor","53.05.11","Pulau Pura","53.05.11.2005","Pura Timur"
"53","Nusa Tenggara Timur","53.05","Kabupaten Alor","53.05.11","Pulau Pura","53.05.11.2006","Pura Barat"
"53","Nusa Tenggara Timur","53.05","Kabupaten Alor","53.05.12","Mataru","53.05.12.2001","Mataru Selatan"
"53","Nusa Tenggara Timur","53.05","Kabupaten Alor","53.05.12","Mataru","53.05.12.2002","Mataru Utara"
"53","Nusa Tenggara Timur","53.05","Kabupaten Alor","53.05.12","Mataru","53.05.12.2003","Lakatuli"
"53","Nusa Tenggara Timur","53.05","Kabupaten Alor","53.05.12","Mataru","53.05.12.2004","Mataru Timur"
"53","Nusa Tenggara Timur","53.05","Kabupaten Alor","53.05.12","Mataru","53.05.12.2005","Kamaifui"
"53","Nusa Tenggara Timur","53.05","Kabupaten Alor","53.05.12","Mataru","53.05.12.2006","Mataru Barat"
"53","Nusa Tenggara Timur","53.05","Kabupaten Alor","53.05.12","Mataru","53.05.12.2007","Taman Mataru"
"53","Nusa Tenggara Timur","53.05","Kabupaten Alor","53.05.13","Pureman","53.05.13.2001","Langkuru"
"53","Nusa Tenggara Timur","53.05","Kabupaten Alor","53.05.13","Pureman","53.05.13.2002","Purnama"
"53","Nusa Tenggara Timur","53.05","Kabupaten Alor","53.05.13","Pureman","53.05.13.2003","Kailesa"
"53","Nusa Tenggara Timur","53.05","Kabupaten Alor","53.05.13","Pureman","53.05.13.2004","Langkuru Utara"
"53","Nusa Tenggara Timur","53.05","Kabupaten Alor","53.05.14","Pantar Timur","53.05.14.2001","Nule"
"53","Nusa Tenggara Timur","53.05","Kabupaten Alor","53.05.14","Pantar Timur","53.05.14.2002","Kaleb"
"53","Nusa Tenggara Timur","53.05","Kabupaten Alor","53.05.14","Pantar Timur","53.05.14.2003","Batu"
"53","Nusa Tenggara Timur","53.05","Kabupaten Alor","53.05.14","Pantar Timur","53.05.14.2004","Kaera"
"53","Nusa Tenggara Timur","53.05","Kabupaten Alor","53.05.14","Pantar Timur","53.05.14.2005","Mawar"
"53","Nusa Tenggara Timur","53.05","Kabupaten Alor","53.05.14","Pantar Timur","53.05.14.2006","Merdeka"
"53","Nusa Tenggara Timur","53.05","Kabupaten Alor","53.05.14","Pantar Timur","53.05.14.2007","Ombay"
"53","Nusa Tenggara Timur","53.05","Kabupaten Alor","53.05.14","Pantar Timur","53.05.14.2008","Lekom"
"53","Nusa Tenggara Timur","53.05","Kabupaten Alor","53.05.14","Pantar Timur","53.05.14.2009","Bungabali"
"53","Nusa Tenggara Timur","53.05","Kabupaten Alor","53.05.14","Pantar Timur","53.05.14.2010","Tereweng"
"53","Nusa Tenggara Timur","53.05","Kabupaten Alor","53.05.14","Pantar Timur","53.05.14.2011","Lalafang"
"53","Nusa Tenggara Timur","53.05","Kabupaten Alor","53.05.15","Lembur","53.05.15.2001","Lembur Timur"
"53","Nusa Tenggara Timur","53.05","Kabupaten Alor","53.05.15","Lembur","53.05.15.2002","Luba"
"53","Nusa Tenggara Timur","53.05","Kabupaten Alor","53.05.15","Lembur","53.05.15.2003","Talwai"
"53","Nusa Tenggara Timur","53.05","Kabupaten Alor","53.05.15","Lembur","53.05.15.2004","Tulleng"
"53","Nusa Tenggara Timur","53.05","Kabupaten Alor","53.05.15","Lembur","53.05.15.2005","Waimi"
"53","Nusa Tenggara Timur","53.05","Kabupaten Alor","53.05.15","Lembur","53.05.15.2006","Tasi"
"53","Nusa Tenggara Timur","53.05","Kabupaten Alor","53.05.16","Pantar Tengah","53.05.16.2001","Tude"
"53","Nusa Tenggara Timur","53.05","Kabupaten Alor","53.05.16","Pantar Tengah","53.05.16.2002","Mauta"
"53","Nusa Tenggara Timur","53.05","Kabupaten Alor","53.05.16","Pantar Tengah","53.05.16.2003","Muriabang"
"53","Nusa Tenggara Timur","53.05","Kabupaten Alor","53.05.16","Pantar Tengah","53.05.16.2004","Tubbe"
"53","Nusa Tenggara Timur","53.05","Kabupaten Alor","53.05.16","Pantar Tengah","53.05.16.2005","Tamakh"
"53","Nusa Tenggara Timur","53.05","Kabupaten Alor","53.05.16","Pantar Tengah","53.05.16.2006","Bagang"
"53","Nusa Tenggara Timur","53.05","Kabupaten Alor","53.05.16","Pantar Tengah","53.05.16.2007","Toang"
"53","Nusa Tenggara Timur","53.05","Kabupaten Alor","53.05.16","Pantar Tengah","53.05.16.2008","Eka Jaya"
"53","Nusa Tenggara Timur","53.05","Kabupaten Alor","53.05.16","Pantar Tengah","53.05.16.2009","Aramaba"
"53","Nusa Tenggara Timur","53.05","Kabupaten Alor","53.05.16","Pantar Tengah","53.05.16.2010","Delaki"
"53","Nusa Tenggara Timur","53.05","Kabupaten Alor","53.05.17","Pantar Barat Laut","53.05.17.2001","Kayang"
"53","Nusa Tenggara Timur","53.05","Kabupaten Alor","53.05.17","Pantar Barat Laut","53.05.17.2002","Marisa"
"53","Nusa Tenggara Timur","53.05","Kabupaten Alor","53.05.17","Pantar Barat Laut","53.05.17.2003","Lamma"
"53","Nusa Tenggara Timur","53.05","Kabupaten Alor","53.05.17","Pantar Barat Laut","53.05.17.2004","Allumang"
"53","Nusa Tenggara Timur","53.05","Kabupaten Alor","53.05.17","Pantar Barat Laut","53.05.17.2005","Beangonong"
"53","Nusa Tenggara Timur","53.05","Kabupaten Alor","53.05.17","Pantar Barat Laut","53.05.17.2006","Kalondama Barat"
"53","Nusa Tenggara Timur","53.05","Kabupaten Alor","53.05.17","Pantar Barat Laut","53.05.17.2007","Kalondama Tengah"
"53","Nusa Tenggara Timur","53.05","Kabupaten Alor","53.05.18","Abad Selatan","53.05.18.2001","Tribur"
"53","Nusa Tenggara Timur","53.05","Kabupaten Alor","53.05.18","Abad Selatan","53.05.18.2002","Wakapsir"
"53","Nusa Tenggara Timur","53.05","Kabupaten Alor","53.05.18","Abad Selatan","53.05.18.2003","Manatang"
"53","Nusa Tenggara Timur","53.05","Kabupaten Alor","53.05.18","Abad Selatan","53.05.18.2004","Orgen"
"53","Nusa Tenggara Timur","53.05","Kabupaten Alor","53.05.18","Abad Selatan","53.05.18.2005","Wakapsir Timur"
"53","Nusa Tenggara Timur","53.05","Kabupaten Alor","53.05.18","Abad Selatan","53.05.18.2006","Kuifana"
"53","Nusa Tenggara Timur","53.05","Kabupaten Alor","53.05.18","Abad Selatan","53.05.18.2007","Margeta"
"53","Nusa Tenggara Timur","53.06","Kabupaten Flores Timur","53.06.01","Wulanggitang","53.06.01.2001","Ojandetun"
"53","Nusa Tenggara Timur","53.06","Kabupaten Flores Timur","53.06.01","Wulanggitang","53.06.01.2002","Hewa"
"53","Nusa Tenggara Timur","53.06","Kabupaten Flores Timur","53.06.01","Wulanggitang","53.06.01.2003","Waiula"
"53","Nusa Tenggara Timur","53.06","Kabupaten Flores Timur","53.06.01","Wulanggitang","53.06.01.2007","Nawakote"
"53","Nusa Tenggara Timur","53.06","Kabupaten Flores Timur","53.06.01","Wulanggitang","53.06.01.2008","Boru"
"53","Nusa Tenggara Timur","53.06","Kabupaten Flores Timur","53.06.01","Wulanggitang","53.06.01.2009","Pululera"
"53","Nusa Tenggara Timur","53.06","Kabupaten Flores Timur","53.06.01","Wulanggitang","53.06.01.2011","Nileknoheng"
"53","Nusa Tenggara Timur","53.06","Kabupaten Flores Timur","53.06.01","Wulanggitang","53.06.01.2012","Hokeng Jaya"
"53","Nusa Tenggara Timur","53.06","Kabupaten Flores Timur","53.06.01","Wulanggitang","53.06.01.2013","Pantai Oa"
"53","Nusa Tenggara Timur","53.06","Kabupaten Flores Timur","53.06.01","Wulanggitang","53.06.01.2014","Boru Kedang"
"53","Nusa Tenggara Timur","53.06","Kabupaten Flores Timur","53.06.01","Wulanggitang","53.06.01.2021","Klatanlo"
"53","Nusa Tenggara Timur","53.06","Kabupaten Flores Timur","53.06.02","Titehena","53.06.02.2001","Kobasoma"
"53","Nusa Tenggara Timur","53.06","Kabupaten Flores Timur","53.06.02","Titehena","53.06.02.2002","Lewolaga"
"53","Nusa Tenggara Timur","53.06","Kabupaten Flores Timur","53.06.02","Titehena","53.06.02.2003","Lewoingu"
"53","Nusa Tenggara Timur","53.06","Kabupaten Flores Timur","53.06.02","Titehena","53.06.02.2004","Tuakepa"
"53","Nusa Tenggara Timur","53.06","Kabupaten Flores Timur","53.06.02","Titehena","53.06.02.2005","Tenawahang"
"53","Nusa Tenggara Timur","53.06","Kabupaten Flores Timur","53.06.02","Titehena","53.06.02.2006","Leraboleng"
"53","Nusa Tenggara Timur","53.06","Kabupaten Flores Timur","53.06.02","Titehena","53.06.02.2007","Serinuho"
"53","Nusa Tenggara Timur","53.06","Kabupaten Flores Timur","53.06.02","Titehena","53.06.02.2008","Watowara"
"53","Nusa Tenggara Timur","53.06","Kabupaten Flores Timur","53.06.02","Titehena","53.06.02.2009","Konga"
"53","Nusa Tenggara Timur","53.06","Kabupaten Flores Timur","53.06.02","Titehena","53.06.02.2010","Ile Gerong"
"53","Nusa Tenggara Timur","53.06","Kabupaten Flores Timur","53.06.02","Titehena","53.06.02.2011","Adabang"
"53","Nusa Tenggara Timur","53.06","Kabupaten Flores Timur","53.06.02","Titehena","53.06.02.2012","Dun Tana Lewoingu"
"53","Nusa Tenggara Timur","53.06","Kabupaten Flores Timur","53.06.02","Titehena","53.06.02.2013","Duli Jaya"
"53","Nusa Tenggara Timur","53.06","Kabupaten Flores Timur","53.06.02","Titehena","53.06.02.2014","Bokang Wolomatang"
"53","Nusa Tenggara Timur","53.06","Kabupaten Flores Timur","53.06.03","Larantuka","53.06.03.1001","Waibalun"
"53","Nusa Tenggara Timur","53.06","Kabupaten Flores Timur","53.06.03","Larantuka","53.06.03.1002","Lewolere"
"53","Nusa Tenggara Timur","53.06","Kabupaten Flores Timur","53.06.03","Larantuka","53.06.03.1003","Pantai Besar"
"53","Nusa Tenggara Timur","53.06","Kabupaten Flores Timur","53.06.03","Larantuka","53.06.03.1004","Larantuka"
"53","Nusa Tenggara Timur","53.06","Kabupaten Flores Timur","53.06.03","Larantuka","53.06.03.1005","Balela"
"53","Nusa Tenggara Timur","53.06","Kabupaten Flores Timur","53.06.03","Larantuka","53.06.03.1006","Pohon Sirih"
"53","Nusa Tenggara Timur","53.06","Kabupaten Flores Timur","53.06.03","Larantuka","53.06.03.1007","Lohayong"
"53","Nusa Tenggara Timur","53.06","Kabupaten Flores Timur","53.06.03","Larantuka","53.06.03.1008","Lokea"
"53","Nusa Tenggara Timur","53.06","Kabupaten Flores Timur","53.06.03","Larantuka","53.06.03.1009","Postoh"
"53","Nusa Tenggara Timur","53.06","Kabupaten Flores Timur","53.06.03","Larantuka","53.06.03.1010","Amagarapati"
"53","Nusa Tenggara Timur","53.06","Kabupaten Flores Timur","53.06.03","Larantuka","53.06.03.1011","Ekasapta"
"53","Nusa Tenggara Timur","53.06","Kabupaten Flores Timur","53.06.03","Larantuka","53.06.03.1012","Sarotari"
"53","Nusa Tenggara Timur","53.06","Kabupaten Flores Timur","53.06.03","Larantuka","53.06.03.1013","Weri"
"53","Nusa Tenggara Timur","53.06","Kabupaten Flores Timur","53.06.03","Larantuka","53.06.03.1014","Pukentobi Wangin Bao"
"53","Nusa Tenggara Timur","53.06","Kabupaten Flores Timur","53.06.03","Larantuka","53.06.03.1021","Waihali"
"53","Nusa Tenggara Timur","53.06","Kabupaten Flores Timur","53.06.03","Larantuka","53.06.03.1022","Pohon Bao"
"53","Nusa Tenggara Timur","53.06","Kabupaten Flores Timur","53.06.03","Larantuka","53.06.03.1023","Sarotari Tengah"
"53","Nusa Tenggara Timur","53.06","Kabupaten Flores Timur","53.06.03","Larantuka","53.06.03.1024","Sarotari Timur"
"53","Nusa Tenggara Timur","53.06","Kabupaten Flores Timur","53.06.03","Larantuka","53.06.03.2019","Mokantarak"
"53","Nusa Tenggara Timur","53.06","Kabupaten Flores Timur","53.06.03","Larantuka","53.06.03.2020","Lamawalang"
"53","Nusa Tenggara Timur","53.06","Kabupaten Flores Timur","53.06.04","Ile Mandiri","53.06.04.2001","Wailolong"
"53","Nusa Tenggara Timur","53.06","Kabupaten Flores Timur","53.06.04","Ile Mandiri","53.06.04.2002","Lewoloba"
"53","Nusa Tenggara Timur","53.06","Kabupaten Flores Timur","53.06.04","Ile Mandiri","53.06.04.2003","Tiwatobi"
"53","Nusa Tenggara Timur","53.06","Kabupaten Flores Timur","53.06.04","Ile Mandiri","53.06.04.2004","Watotutu"
"53","Nusa Tenggara Timur","53.06","Kabupaten Flores Timur","53.06.04","Ile Mandiri","53.06.04.2005","Riangkemie"
"53","Nusa Tenggara Timur","53.06","Kabupaten Flores Timur","53.06.04","Ile Mandiri","53.06.04.2006","Lewohala"
"53","Nusa Tenggara Timur","53.06","Kabupaten Flores Timur","53.06.04","Ile Mandiri","53.06.04.2007","Halakodanuan"
"53","Nusa Tenggara Timur","53.06","Kabupaten Flores Timur","53.06.04","Ile Mandiri","53.06.04.2008","Mudakeputu"
"53","Nusa Tenggara Timur","53.06","Kabupaten Flores Timur","53.06.05","Tanjung Bunga","53.06.05.2006","Lewobunga"
"53","Nusa Tenggara Timur","53.06","Kabupaten Flores Timur","53.06.05","Tanjung Bunga","53.06.05.2007","Sina Malaka"
"53","Nusa Tenggara Timur","53.06","Kabupaten Flores Timur","53.06.05","Tanjung Bunga","53.06.05.2008","Ratulodong"
"53","Nusa Tenggara Timur","53.06","Kabupaten Flores Timur","53.06.05","Tanjung Bunga","53.06.05.2009","Sinar Hadigala"
"53","Nusa Tenggara Timur","53.06","Kabupaten Flores Timur","53.06.05","Tanjung Bunga","53.06.05.2010","Bahinga"
"53","Nusa Tenggara Timur","53.06","Kabupaten Flores Timur","53.06.05","Tanjung Bunga","53.06.05.2011","Waibao"
"53","Nusa Tenggara Timur","53.06","Kabupaten Flores Timur","53.06.05","Tanjung Bunga","53.06.05.2012","Lamatutu"
"53","Nusa Tenggara Timur","53.06","Kabupaten Flores Timur","53.06.05","Tanjung Bunga","53.06.05.2013","Laton Liwo"
"53","Nusa Tenggara Timur","53.06","Kabupaten Flores Timur","53.06.05","Tanjung Bunga","53.06.05.2015","Kolaka"
"53","Nusa Tenggara Timur","53.06","Kabupaten Flores Timur","53.06.05","Tanjung Bunga","53.06.05.2016","Bandona"
"53","Nusa Tenggara Timur","53.06","Kabupaten Flores Timur","53.06.05","Tanjung Bunga","53.06.05.2017","Nusa Nipa"
"53","Nusa Tenggara Timur","53.06","Kabupaten Flores Timur","53.06.05","Tanjung Bunga","53.06.05.2018","Patisirawalang"
"53","Nusa Tenggara Timur","53.06","Kabupaten Flores Timur","53.06.05","Tanjung Bunga","53.06.05.2020","Gekeng Deran"
"53","Nusa Tenggara Timur","53.06","Kabupaten Flores Timur","53.06.05","Tanjung Bunga","53.06.05.2021","Aransina"
"53","Nusa Tenggara Timur","53.06","Kabupaten Flores Timur","53.06.05","Tanjung Bunga","53.06.05.2022","Laton Liwo II"
"53","Nusa Tenggara Timur","53.06","Kabupaten Flores Timur","53.06.05","Tanjung Bunga","53.06.05.2023","Lamanabi"
"53","Nusa Tenggara Timur","53.06","Kabupaten Flores Timur","53.06.06","Solor Barat","53.06.06.1001","Ritaebang"
"53","Nusa Tenggara Timur","53.06","Kabupaten Flores Timur","53.06.06","Solor Barat","53.06.06.2002","Tanah Lein"
"53","Nusa Tenggara Timur","53.06","Kabupaten Flores Timur","53.06.06","Solor Barat","53.06.06.2003","Lamaole"
"53","Nusa Tenggara Timur","53.06","Kabupaten Flores Timur","53.06.06","Solor Barat","53.06.06.2004","Kalelu"
"53","Nusa Tenggara Timur","53.06","Kabupaten Flores Timur","53.06.06","Solor Barat","53.06.06.2005","Nuhalolon"
"53","Nusa Tenggara Timur","53.06","Kabupaten Flores Timur","53.06.06","Solor Barat","53.06.06.2007","Balaweling II"
"53","Nusa Tenggara Timur","53.06","Kabupaten Flores Timur","53.06.06","Solor Barat","53.06.06.2008","Balaweling I"
"53","Nusa Tenggara Timur","53.06","Kabupaten Flores Timur","53.06.06","Solor Barat","53.06.06.2009","Pamakayo"
"53","Nusa Tenggara Timur","53.06","Kabupaten Flores Timur","53.06.06","Solor Barat","53.06.06.2012","Ongalereng"
"53","Nusa Tenggara Timur","53.06","Kabupaten Flores Timur","53.06.06","Solor Barat","53.06.06.2013","Karawatung"
"53","Nusa Tenggara Timur","53.06","Kabupaten Flores Timur","53.06.06","Solor Barat","53.06.06.2014","Lamawohong"
"53","Nusa Tenggara Timur","53.06","Kabupaten Flores Timur","53.06.06","Solor Barat","53.06.06.2015","Daniwato"
"53","Nusa Tenggara Timur","53.06","Kabupaten Flores Timur","53.06.06","Solor Barat","53.06.06.2017","Lewotanah Ole"
"53","Nusa Tenggara Timur","53.06","Kabupaten Flores Timur","53.06.06","Solor Barat","53.06.06.2019","Titehena"
"53","Nusa Tenggara Timur","53.06","Kabupaten Flores Timur","53.06.06","Solor Barat","53.06.06.2020","Lewonama"
"53","Nusa Tenggara Timur","53.06","Kabupaten Flores Timur","53.06.07","Solor Timur","53.06.07.2002","Watanhura I"
"53","Nusa Tenggara Timur","53.06","Kabupaten Flores Timur","53.06.07","Solor Timur","53.06.07.2003","Lebao"
"53","Nusa Tenggara Timur","53.06","Kabupaten Flores Timur","53.06.07","Solor Timur","53.06.07.2004","Watohari"
"53","Nusa Tenggara Timur","53.06","Kabupaten Flores Timur","53.06.07","Solor Timur","53.06.07.2005","Moton Wutun"
"53","Nusa Tenggara Timur","53.06","Kabupaten Flores Timur","53.06.07","Solor Timur","53.06.07.2006","Watobuku"
"53","Nusa Tenggara Timur","53.06","Kabupaten Flores Timur","53.06.07","Solor Timur","53.06.07.2007","Labelen"
"53","Nusa Tenggara Timur","53.06","Kabupaten Flores Timur","53.06.07","Solor Timur","53.06.07.2008","Menanga"
"53","Nusa Tenggara Timur","53.06","Kabupaten Flores Timur","53.06.07","Solor Timur","53.06.07.2009","Lohayong I"
"53","Nusa Tenggara Timur","53.06","Kabupaten Flores Timur","53.06.07","Solor Timur","53.06.07.2010","Wulublolong"
"53","Nusa Tenggara Timur","53.06","Kabupaten Flores Timur","53.06.07","Solor Timur","53.06.07.2011","Liwo"
"53","Nusa Tenggara Timur","53.06","Kabupaten Flores Timur","53.06.07","Solor Timur","53.06.07.2012","Tanahwerang"
"53","Nusa Tenggara Timur","53.06","Kabupaten Flores Timur","53.06.07","Solor Timur","53.06.07.2013","Lewohedo"
"53","Nusa Tenggara Timur","53.06","Kabupaten Flores Timur","53.06.07","Solor Timur","53.06.07.2014","Lohayong II"
"53","Nusa Tenggara Timur","53.06","Kabupaten Flores Timur","53.06.07","Solor Timur","53.06.07.2016","Watanhura II"
"53","Nusa Tenggara Timur","53.06","Kabupaten Flores Timur","53.06.07","Solor Timur","53.06.07.2017","Lewogeka"
"53","Nusa Tenggara Timur","53.06","Kabupaten Flores Timur","53.06.07","Solor Timur","53.06.07.2018","Lamawai"
"53","Nusa Tenggara Timur","53.06","Kabupaten Flores Timur","53.06.07","Solor Timur","53.06.07.2019","Kewuta"
"53","Nusa Tenggara Timur","53.06","Kabupaten Flores Timur","53.06.08","Adonara Barat","53.06.08.2008","Duanur"
"53","Nusa Tenggara Timur","53.06","Kabupaten Flores Timur","53.06.08","Adonara Barat","53.06.08.2010","Bukit Saburi I"
"53","Nusa Tenggara Timur","53.06","Kabupaten Flores Timur","53.06.08","Adonara Barat","53.06.08.2011","Waiwadan"
"53","Nusa Tenggara Timur","53.06","Kabupaten Flores Timur","53.06.08","Adonara Barat","53.06.08.2012","Danibao"
"53","Nusa Tenggara Timur","53.06","Kabupaten Flores Timur","53.06.08","Adonara Barat","53.06.08.2013","Pajinian"
"53","Nusa Tenggara Timur","53.06","Kabupaten Flores Timur","53.06.08","Adonara Barat","53.06.08.2014","Ile Pati"
"53","Nusa Tenggara Timur","53.06","Kabupaten Flores Timur","53.06.08","Adonara Barat","53.06.08.2015","Wureh"
"53","Nusa Tenggara Timur","53.06","Kabupaten Flores Timur","53.06.08","Adonara Barat","53.06.08.2016","Tonuwotan"
"53","Nusa Tenggara Timur","53.06","Kabupaten Flores Timur","53.06.08","Adonara Barat","53.06.08.2017","Hurung"
"53","Nusa Tenggara Timur","53.06","Kabupaten Flores Timur","53.06.08","Adonara Barat","53.06.08.2019","Bugalima"
"53","Nusa Tenggara Timur","53.06","Kabupaten Flores Timur","53.06.08","Adonara Barat","53.06.08.2021","Homa"
"53","Nusa Tenggara Timur","53.06","Kabupaten Flores Timur","53.06.08","Adonara Barat","53.06.08.2024","Bukit Saburi II"
"53","Nusa Tenggara Timur","53.06","Kabupaten Flores Timur","53.06.08","Adonara Barat","53.06.08.2026","Kimakamak"
"53","Nusa Tenggara Timur","53.06","Kabupaten Flores Timur","53.06.08","Adonara Barat","53.06.08.2030","Watobaya"
"53","Nusa Tenggara Timur","53.06","Kabupaten Flores Timur","53.06.08","Adonara Barat","53.06.08.2032","Nimundanibao"
"53","Nusa Tenggara Timur","53.06","Kabupaten Flores Timur","53.06.08","Adonara Barat","53.06.08.2033","Waitukan"
"53","Nusa Tenggara Timur","53.06","Kabupaten Flores Timur","53.06.08","Adonara Barat","53.06.08.2035","Woloklibang"
"53","Nusa Tenggara Timur","53.06","Kabupaten Flores Timur","53.06.08","Adonara Barat","53.06.08.2036","Riangpadu"
"53","Nusa Tenggara Timur","53.06","Kabupaten Flores Timur","53.06.09","Wotan Ulumando","53.06.09.2001","Wailebe"
"53","Nusa Tenggara Timur","53.06","Kabupaten Flores Timur","53.06.09","Wotan Ulumando","53.06.09.2002","Wotanulumado"
"53","Nusa Tenggara Timur","53.06","Kabupaten Flores Timur","53.06.09","Wotan Ulumando","53.06.09.2003","Nayubaya"
"53","Nusa Tenggara Timur","53.06","Kabupaten Flores Timur","53.06.09","Wotan Ulumando","53.06.09.2004","Oyangbarang"
"53","Nusa Tenggara Timur","53.06","Kabupaten Flores Timur","53.06.09","Wotan Ulumando","53.06.09.2005","Kawela"
"53","Nusa Tenggara Timur","53.06","Kabupaten Flores Timur","53.06.09","Wotan Ulumando","53.06.09.2006","Klukengnuking"
"53","Nusa Tenggara Timur","53.06","Kabupaten Flores Timur","53.06.09","Wotan Ulumando","53.06.09.2007","Pandai"
"53","Nusa Tenggara Timur","53.06","Kabupaten Flores Timur","53.06.09","Wotan Ulumando","53.06.09.2008","Bliko"
"53","Nusa Tenggara Timur","53.06","Kabupaten Flores Timur","53.06.09","Wotan Ulumando","53.06.09.2009","Samasoge"
"53","Nusa Tenggara Timur","53.06","Kabupaten Flores Timur","53.06.09","Wotan Ulumando","53.06.09.2011","Tobilota"
"53","Nusa Tenggara Timur","53.06","Kabupaten Flores Timur","53.06.09","Wotan Ulumando","53.06.09.2012","Tanatukan"
"53","Nusa Tenggara Timur","53.06","Kabupaten Flores Timur","53.06.09","Wotan Ulumando","53.06.09.2013","Demondei"
"53","Nusa Tenggara Timur","53.06","Kabupaten Flores Timur","53.06.10","Adonara Timur","53.06.10.1001","Waiwerang Kota"
"53","Nusa Tenggara Timur","53.06","Kabupaten Flores Timur","53.06.10","Adonara Timur","53.06.10.1002","Lamatwelu"
"53","Nusa Tenggara Timur","53.06","Kabupaten Flores Timur","53.06.10","Adonara Timur","53.06.10.2003","Dawataa"
"53","Nusa Tenggara Timur","53.06","Kabupaten Flores Timur","53.06.10","Adonara Timur","53.06.10.2004","Terong"
"53","Nusa Tenggara Timur","53.06","Kabupaten Flores Timur","53.06.10","Adonara Timur","53.06.10.2005","Bilal"
"53","Nusa Tenggara Timur","53.06","Kabupaten Flores Timur","53.06.10","Adonara Timur","53.06.10.2006","Lamahala Jaya"
"53","Nusa Tenggara Timur","53.06","Kabupaten Flores Timur","53.06.10","Adonara Timur","53.06.10.2007","Waiburak"
"53","Nusa Tenggara Timur","53.06","Kabupaten Flores Timur","53.06.10","Adonara Timur","53.06.10.2008","Narasaosina"
"53","Nusa Tenggara Timur","53.06","Kabupaten Flores Timur","53.06.10","Adonara Timur","53.06.10.2009","Karinglamalouk"
"53","Nusa Tenggara Timur","53.06","Kabupaten Flores Timur","53.06.10","Adonara Timur","53.06.10.2010","Tuawolo"
"53","Nusa Tenggara Timur","53.06","Kabupaten Flores Timur","53.06.10","Adonara Timur","53.06.10.2011","Kiwangona"
"53","Nusa Tenggara Timur","53.06","Kabupaten Flores Timur","53.06.10","Adonara Timur","53.06.10.2012","Tapobali"
"53","Nusa Tenggara Timur","53.06","Kabupaten Flores Timur","53.06.10","Adonara Timur","53.06.10.2013","Lewobunga"
"53","Nusa Tenggara Timur","53.06","Kabupaten Flores Timur","53.06.10","Adonara Timur","53.06.10.2014","Bloto"
"53","Nusa Tenggara Timur","53.06","Kabupaten Flores Timur","53.06.10","Adonara Timur","53.06.10.2015","Ipiebang"
"53","Nusa Tenggara Timur","53.06","Kabupaten Flores Timur","53.06.10","Adonara Timur","53.06.10.2016","Lamalota"
"53","Nusa Tenggara Timur","53.06","Kabupaten Flores Timur","53.06.10","Adonara Timur","53.06.10.2017","Puhu"
"53","Nusa Tenggara Timur","53.06","Kabupaten Flores Timur","53.06.10","Adonara Timur","53.06.10.2018","Kwaelaga Lamawato"
"53","Nusa Tenggara Timur","53.06","Kabupaten Flores Timur","53.06.10","Adonara Timur","53.06.10.2019","Gelong"
"53","Nusa Tenggara Timur","53.06","Kabupaten Flores Timur","53.06.10","Adonara Timur","53.06.10.2020","Lelen Bala"
"53","Nusa Tenggara Timur","53.06","Kabupaten Flores Timur","53.06.10","Adonara Timur","53.06.10.2021","Saosina"
"53","Nusa Tenggara Timur","53.06","Kabupaten Flores Timur","53.06.11","Kelubagolit","53.06.11.2001","Rodentena"
"53","Nusa Tenggara Timur","53.06","Kabupaten Flores Timur","53.06.11","Kelubagolit","53.06.11.2002","Adolaba"
"53","Nusa Tenggara Timur","53.06","Kabupaten Flores Timur","53.06.11","Kelubagolit","53.06.11.2003","Hinga"
"53","Nusa Tenggara Timur","53.06","Kabupaten Flores Timur","53.06.11","Kelubagolit","53.06.11.2004","Lamapaha"
"53","Nusa Tenggara Timur","53.06","Kabupaten Flores Timur","53.06.11","Kelubagolit","53.06.11.2005","Sukutokan"
"53","Nusa Tenggara Timur","53.06","Kabupaten Flores Timur","53.06.11","Kelubagolit","53.06.11.2006","Nisakarang"
"53","Nusa Tenggara Timur","53.06","Kabupaten Flores Timur","53.06.11","Kelubagolit","53.06.11.2007","Muda"
"53","Nusa Tenggara Timur","53.06","Kabupaten Flores Timur","53.06.11","Kelubagolit","53.06.11.2008","Horinara"
"53","Nusa Tenggara Timur","53.06","Kabupaten Flores Timur","53.06.11","Kelubagolit","53.06.11.2009","Pepageka"
"53","Nusa Tenggara Timur","53.06","Kabupaten Flores Timur","53.06.11","Kelubagolit","53.06.11.2010","Lamabunga"
"53","Nusa Tenggara Timur","53.06","Kabupaten Flores Timur","53.06.11","Kelubagolit","53.06.11.2012","Mangaaleng"
"53","Nusa Tenggara Timur","53.06","Kabupaten Flores Timur","53.06.11","Kelubagolit","53.06.11.2019","Keluwain"
"53","Nusa Tenggara Timur","53.06","Kabupaten Flores Timur","53.06.12","Witihama","53.06.12.2001","Watololong"
"53","Nusa Tenggara Timur","53.06","Kabupaten Flores Timur","53.06.12","Witihama","53.06.12.2002","Tuwagoetobi"
"53","Nusa Tenggara Timur","53.06","Kabupaten Flores Timur","53.06.12","Witihama","53.06.12.2003","Weranggere"
"53","Nusa Tenggara Timur","53.06","Kabupaten Flores Timur","53.06.12","Witihama","53.06.12.2004","Oringbele"
"53","Nusa Tenggara Timur","53.06","Kabupaten Flores Timur","53.06.12","Witihama","53.06.12.2005","Watoone"
"53","Nusa Tenggara Timur","53.06","Kabupaten Flores Timur","53.06.12","Witihama","53.06.12.2006","Lamabelawa"
"53","Nusa Tenggara Timur","53.06","Kabupaten Flores Timur","53.06.12","Witihama","53.06.12.2007","Pledo"
"53","Nusa Tenggara Timur","53.06","Kabupaten Flores Timur","53.06.12","Witihama","53.06.12.2008","Lewopulo"
"53","Nusa Tenggara Timur","53.06","Kabupaten Flores Timur","53.06.12","Witihama","53.06.12.2009","Sandosi"
"53","Nusa Tenggara Timur","53.06","Kabupaten Flores Timur","53.06.12","Witihama","53.06.12.2010","Balaweling"
"53","Nusa Tenggara Timur","53.06","Kabupaten Flores Timur","53.06.12","Witihama","53.06.12.2011","Tobitika"
"53","Nusa Tenggara Timur","53.06","Kabupaten Flores Timur","53.06.12","Witihama","53.06.12.2012","Riangduli"
"53","Nusa Tenggara Timur","53.06","Kabupaten Flores Timur","53.06.12","Witihama","53.06.12.2013","Waiwuring"
"53","Nusa Tenggara Timur","53.06","Kabupaten Flores Timur","53.06.12","Witihama","53.06.12.2014","Bao Bage"
"53","Nusa Tenggara Timur","53.06","Kabupaten Flores Timur","53.06.12","Witihama","53.06.12.2015","Lamaleka"
"53","Nusa Tenggara Timur","53.06","Kabupaten Flores Timur","53.06.12","Witihama","53.06.12.2016","Balaweling Noten"
"53","Nusa Tenggara Timur","53.06","Kabupaten Flores Timur","53.06.13","Ile Boleng","53.06.13.2001","Bedalewun"
"53","Nusa Tenggara Timur","53.06","Kabupaten Flores Timur","53.06.13","Ile Boleng","53.06.13.2002","Nihaone"
"53","Nusa Tenggara Timur","53.06","Kabupaten Flores Timur","53.06.13","Ile Boleng","53.06.13.2003","Lewobelolong"
"53","Nusa Tenggara Timur","53.06","Kabupaten Flores Timur","53.06.13","Ile Boleng","53.06.13.2004","Bungalawan"
"53","Nusa Tenggara Timur","53.06","Kabupaten Flores Timur","53.06.13","Ile Boleng","53.06.13.2005","Lamawolo"
"53","Nusa Tenggara Timur","53.06","Kabupaten Flores Timur","53.06.13","Ile Boleng","53.06.13.2006","Helanlangowuyo"
"53","Nusa Tenggara Timur","53.06","Kabupaten Flores Timur","53.06.13","Ile Boleng","53.06.13.2007","Lewopao"
"53","Nusa Tenggara Timur","53.06","Kabupaten Flores Timur","53.06.13","Ile Boleng","53.06.13.2008","Gayak"
"53","Nusa Tenggara Timur","53.06","Kabupaten Flores Timur","53.06.13","Ile Boleng","53.06.13.2009","Boleng"
"53","Nusa Tenggara Timur","53.06","Kabupaten Flores Timur","53.06.13","Ile Boleng","53.06.13.2010","Neleblolong"
"53","Nusa Tenggara Timur","53.06","Kabupaten Flores Timur","53.06.13","Ile Boleng","53.06.13.2011","Duablolong"
"53","Nusa Tenggara Timur","53.06","Kabupaten Flores Timur","53.06.13","Ile Boleng","53.06.13.2012","Lewokeleng"
"53","Nusa Tenggara Timur","53.06","Kabupaten Flores Timur","53.06.13","Ile Boleng","53.06.13.2013","Nelelamawangi"
"53","Nusa Tenggara Timur","53.06","Kabupaten Flores Timur","53.06.13","Ile Boleng","53.06.13.2014","Harubala"
"53","Nusa Tenggara Timur","53.06","Kabupaten Flores Timur","53.06.13","Ile Boleng","53.06.13.2015","Nelelamadike"
"53","Nusa Tenggara Timur","53.06","Kabupaten Flores Timur","53.06.13","Ile Boleng","53.06.13.2016","Lamabayung"
"53","Nusa Tenggara Timur","53.06","Kabupaten Flores Timur","53.06.13","Ile Boleng","53.06.13.2017","Lewat"
"53","Nusa Tenggara Timur","53.06","Kabupaten Flores Timur","53.06.13","Ile Boleng","53.06.13.2018","Dokeng"
"53","Nusa Tenggara Timur","53.06","Kabupaten Flores Timur","53.06.13","Ile Boleng","53.06.13.2019","Bajuntaa"
"53","Nusa Tenggara Timur","53.06","Kabupaten Flores Timur","53.06.13","Ile Boleng","53.06.13.2020","Nobo"
"53","Nusa Tenggara Timur","53.06","Kabupaten Flores Timur","53.06.13","Ile Boleng","53.06.13.2021","Nelelamawangi II"
"53","Nusa Tenggara Timur","53.06","Kabupaten Flores Timur","53.06.14","Demon Pagong","53.06.14.2001","Lamika"
"53","Nusa Tenggara Timur","53.06","Kabupaten Flores Timur","53.06.14","Demon Pagong","53.06.14.2002","Watotika Ile"
"53","Nusa Tenggara Timur","53.06","Kabupaten Flores Timur","53.06.14","Demon Pagong","53.06.14.2003","Lewokluok"
"53","Nusa Tenggara Timur","53.06","Kabupaten Flores Timur","53.06.14","Demon Pagong","53.06.14.2004","Blepanawa"
"53","Nusa Tenggara Timur","53.06","Kabupaten Flores Timur","53.06.14","Demon Pagong","53.06.14.2005","Kawalelo"
"53","Nusa Tenggara Timur","53.06","Kabupaten Flores Timur","53.06.14","Demon Pagong","53.06.14.2006","Bama"
"53","Nusa Tenggara Timur","53.06","Kabupaten Flores Timur","53.06.14","Demon Pagong","53.06.14.2007","Lewo Muda"
"53","Nusa Tenggara Timur","53.06","Kabupaten Flores Timur","53.06.15","Lewolema","53.06.15.2001","Ile Padung"
"53","Nusa Tenggara Timur","53.06","Kabupaten Flores Timur","53.06.15","Lewolema","53.06.15.2002","Bantala"
"53","Nusa Tenggara Timur","53.06","Kabupaten Flores Timur","53.06.15","Lewolema","53.06.15.2003","Sinar Hading"
"53","Nusa Tenggara Timur","53.06","Kabupaten Flores Timur","53.06.15","Lewolema","53.06.15.2004","Painapang"
"53","Nusa Tenggara Timur","53.06","Kabupaten Flores Timur","53.06.15","Lewolema","53.06.15.2005","Balukhering"
"53","Nusa Tenggara Timur","53.06","Kabupaten Flores Timur","53.06.15","Lewolema","53.06.15.2006","Riangkotek"
"53","Nusa Tenggara Timur","53.06","Kabupaten Flores Timur","53.06.15","Lewolema","53.06.15.2007","Lewobelen"
"53","Nusa Tenggara Timur","53.06","Kabupaten Flores Timur","53.06.16","Ile Bura","53.06.16.2001","Riangbaring"
"53","Nusa Tenggara Timur","53.06","Kabupaten Flores Timur","53.06.16","Ile Bura","53.06.16.2002","Lewotobi"
"53","Nusa Tenggara Timur","53.06","Kabupaten Flores Timur","53.06.16","Ile Bura","53.06.16.2003","Nurabelen"
"53","Nusa Tenggara Timur","53.06","Kabupaten Flores Timur","53.06.16","Ile Bura","53.06.16.2004","Nobo"
"53","Nusa Tenggara Timur","53.06","Kabupaten Flores Timur","53.06.16","Ile Bura","53.06.16.2005","Lewoawang"
"53","Nusa Tenggara Timur","53.06","Kabupaten Flores Timur","53.06.16","Ile Bura","53.06.16.2006","Duli Pali"
"53","Nusa Tenggara Timur","53.06","Kabupaten Flores Timur","53.06.16","Ile Bura","53.06.16.2007","Riang Rita"
"53","Nusa Tenggara Timur","53.06","Kabupaten Flores Timur","53.06.17","Adonara","53.06.17.2001","Sagu"
"53","Nusa Tenggara Timur","53.06","Kabupaten Flores Timur","53.06.17","Adonara","53.06.17.2002","Kolimasang"
"53","Nusa Tenggara Timur","53.06","Kabupaten Flores Timur","53.06.17","Adonara","53.06.17.2003","Kolilanang"
"53","Nusa Tenggara Timur","53.06","Kabupaten Flores Timur","53.06.17","Adonara","53.06.17.2004","Tikatukang"
"53","Nusa Tenggara Timur","53.06","Kabupaten Flores Timur","53.06.17","Adonara","53.06.17.2005","Nisanulan"
"53","Nusa Tenggara Timur","53.06","Kabupaten Flores Timur","53.06.17","Adonara","53.06.17.2006","Lamahoda"
"53","Nusa Tenggara Timur","53.06","Kabupaten Flores Timur","53.06.17","Adonara","53.06.17.2007","Adonara"
"53","Nusa Tenggara Timur","53.06","Kabupaten Flores Timur","53.06.17","Adonara","53.06.17.2008","Kolipetung"
"53","Nusa Tenggara Timur","53.06","Kabupaten Flores Timur","53.06.18","Adonara Tengah","53.06.18.2001","Horowura"
"53","Nusa Tenggara Timur","53.06","Kabupaten Flores Timur","53.06.18","Adonara Tengah","53.06.18.2002","Kokotobo"
"53","Nusa Tenggara Timur","53.06","Kabupaten Flores Timur","53.06.18","Adonara Tengah","53.06.18.2003","Lite"
"53","Nusa Tenggara Timur","53.06","Kabupaten Flores Timur","53.06.18","Adonara Tengah","53.06.18.2004","Kenotan"
"53","Nusa Tenggara Timur","53.06","Kabupaten Flores Timur","53.06.18","Adonara Tengah","53.06.18.2005","Nubalema"
"53","Nusa Tenggara Timur","53.06","Kabupaten Flores Timur","53.06.18","Adonara Tengah","53.06.18.2006","Wewit"
"53","Nusa Tenggara Timur","53.06","Kabupaten Flores Timur","53.06.18","Adonara Tengah","53.06.18.2007","Lewobele"
"53","Nusa Tenggara Timur","53.06","Kabupaten Flores Timur","53.06.18","Adonara Tengah","53.06.18.2008","Baya"
"53","Nusa Tenggara Timur","53.06","Kabupaten Flores Timur","53.06.18","Adonara Tengah","53.06.18.2009","Bidara"
"53","Nusa Tenggara Timur","53.06","Kabupaten Flores Timur","53.06.18","Adonara Tengah","53.06.18.2010","Oesayang"
"53","Nusa Tenggara Timur","53.06","Kabupaten Flores Timur","53.06.18","Adonara Tengah","53.06.18.2011","Hoko Horowura"
"53","Nusa Tenggara Timur","53.06","Kabupaten Flores Timur","53.06.18","Adonara Tengah","53.06.18.2012","Lewopao"
"53","Nusa Tenggara Timur","53.06","Kabupaten Flores Timur","53.06.18","Adonara Tengah","53.06.18.2013","Nubalema Dua"
"53","Nusa Tenggara Timur","53.06","Kabupaten Flores Timur","53.06.19","Solor Selatan","53.06.19.2001","Kalike"
"53","Nusa Tenggara Timur","53.06","Kabupaten Flores Timur","53.06.19","Solor Selatan","53.06.19.2002","Kalike Aimatan"
"53","Nusa Tenggara Timur","53.06","Kabupaten Flores Timur","53.06.19","Solor Selatan","53.06.19.2003","Sulengwaseng"
"53","Nusa Tenggara Timur","53.06","Kabupaten Flores Timur","53.06.19","Solor Selatan","53.06.19.2004","Kenere"
"53","Nusa Tenggara Timur","53.06","Kabupaten Flores Timur","53.06.19","Solor Selatan","53.06.19.2005","Lemanu"
"53","Nusa Tenggara Timur","53.06","Kabupaten Flores Timur","53.06.19","Solor Selatan","53.06.19.2006","Lewograran"
"53","Nusa Tenggara Timur","53.06","Kabupaten Flores Timur","53.06.19","Solor Selatan","53.06.19.2007","Bubuatagamu"
"53","Nusa Tenggara Timur","53.07","Kabupaten Sikka","53.07.01","Paga","53.07.01.2001","Masabewa"
"53","Nusa Tenggara Timur","53.07","Kabupaten Sikka","53.07.01","Paga","53.07.01.2003","Wolowiro"
"53","Nusa Tenggara Timur","53.07","Kabupaten Sikka","53.07.01","Paga","53.07.01.2004","Mbengu"
"53","Nusa Tenggara Timur","53.07","Kabupaten Sikka","53.07.01","Paga","53.07.01.2005","Paga"
"53","Nusa Tenggara Timur","53.07","Kabupaten Sikka","53.07.01","Paga","53.07.01.2008","Lenandareta"
"53","Nusa Tenggara Timur","53.07","Kabupaten Sikka","53.07.01","Paga","53.07.01.2012","Mauloo"
"53","Nusa Tenggara Timur","53.07","Kabupaten Sikka","53.07.01","Paga","53.07.01.2013","Wolorega"
"53","Nusa Tenggara Timur","53.07","Kabupaten Sikka","53.07.01","Paga","53.07.01.2015","Wolowona"
"53","Nusa Tenggara Timur","53.07","Kabupaten Sikka","53.07.01","Paga","53.07.01.2017","Begu"
"53","Nusa Tenggara Timur","53.07","Kabupaten Sikka","53.07.01","Paga","53.07.01.2018","Kotandelu"
"53","Nusa Tenggara Timur","53.07","Kabupaten Sikka","53.07.01","Paga","53.07.01.2019","Lowolabo"
"53","Nusa Tenggara Timur","53.07","Kabupaten Sikka","53.07.01","Paga","53.07.01.2020","Aebubu"
"53","Nusa Tenggara Timur","53.07","Kabupaten Sikka","53.07.01","Paga","53.07.01.2021","Regapu’u"
"53","Nusa Tenggara Timur","53.07","Kabupaten Sikka","53.07.01","Paga","53.07.01.2022","Rejo"
"53","Nusa Tenggara Timur","53.07","Kabupaten Sikka","53.07.02","Mego","53.07.02.2001","Bhera"
"53","Nusa Tenggara Timur","53.07","Kabupaten Sikka","53.07.02","Mego","53.07.02.2002","Dobo"
"53","Nusa Tenggara Timur","53.07","Kabupaten Sikka","53.07.02","Mego","53.07.02.2003","Gera"
"53","Nusa Tenggara Timur","53.07","Kabupaten Sikka","53.07.02","Mego","53.07.02.2004","Liakutu"
"53","Nusa Tenggara Timur","53.07","Kabupaten Sikka","53.07.02","Mego","53.07.02.2005","Parabubu"
"53","Nusa Tenggara Timur","53.07","Kabupaten Sikka","53.07.02","Mego","53.07.02.2006","Wolodhesa"
"53","Nusa Tenggara Timur","53.07","Kabupaten Sikka","53.07.02","Mego","53.07.02.2007","Korobhera"
"53","Nusa Tenggara Timur","53.07","Kabupaten Sikka","53.07.02","Mego","53.07.02.2008","Napugera"
"53","Nusa Tenggara Timur","53.07","Kabupaten Sikka","53.07.02","Mego","53.07.02.2009","Kowi"
"53","Nusa Tenggara Timur","53.07","Kabupaten Sikka","53.07.02","Mego","53.07.02.2010","Dobo Nuapuu"
"53","Nusa Tenggara Timur","53.07","Kabupaten Sikka","53.07.02","Mego","53.07.02.2011","Ratekalo"
"53","Nusa Tenggara Timur","53.07","Kabupaten Sikka","53.07.02","Mego","53.07.02.2012","Ndaimbere"
"53","Nusa Tenggara Timur","53.07","Kabupaten Sikka","53.07.03","Lela","53.07.03.2001","Lela"
"53","Nusa Tenggara Timur","53.07","Kabupaten Sikka","53.07.03","Lela","53.07.03.2002","Watutedang"
"53","Nusa Tenggara Timur","53.07","Kabupaten Sikka","53.07.03","Lela","53.07.03.2003","Korowuwu"
"53","Nusa Tenggara Timur","53.07","Kabupaten Sikka","53.07.03","Lela","53.07.03.2004","Kolidetung"
"53","Nusa Tenggara Timur","53.07","Kabupaten Sikka","53.07.03","Lela","53.07.03.2005","Sikka"
"53","Nusa Tenggara Timur","53.07","Kabupaten Sikka","53.07.03","Lela","53.07.03.2006","Iligai"
"53","Nusa Tenggara Timur","53.07","Kabupaten Sikka","53.07.03","Lela","53.07.03.2007","Hepang"
"53","Nusa Tenggara Timur","53.07","Kabupaten Sikka","53.07.03","Lela","53.07.03.2008","Baopaat"
"53","Nusa Tenggara Timur","53.07","Kabupaten Sikka","53.07.03","Lela","53.07.03.2009","Du"
"53","Nusa Tenggara Timur","53.07","Kabupaten Sikka","53.07.04","Nita","53.07.04.2001","Nita"
"53","Nusa Tenggara Timur","53.07","Kabupaten Sikka","53.07.04","Nita","53.07.04.2002","Takaplager"
"53","Nusa Tenggara Timur","53.07","Kabupaten Sikka","53.07.04","Nita","53.07.04.2003","Tebuk"
"53","Nusa Tenggara Timur","53.07","Kabupaten Sikka","53.07.04","Nita","53.07.04.2004","Ladogahar"
"53","Nusa Tenggara Timur","53.07","Kabupaten Sikka","53.07.04","Nita","53.07.04.2005","Nitakloang"
"53","Nusa Tenggara Timur","53.07","Kabupaten Sikka","53.07.04","Nita","53.07.04.2006","Wuliwutik"
"53","Nusa Tenggara Timur","53.07","Kabupaten Sikka","53.07.04","Nita","53.07.04.2007","Lusitada"
"53","Nusa Tenggara Timur","53.07","Kabupaten Sikka","53.07.04","Nita","53.07.04.2008","Bloro"
"53","Nusa Tenggara Timur","53.07","Kabupaten Sikka","53.07.04","Nita","53.07.04.2009","Riit"
"53","Nusa Tenggara Timur","53.07","Kabupaten Sikka","53.07.04","Nita","53.07.04.2010","Tilang"
"53","Nusa Tenggara Timur","53.07","Kabupaten Sikka","53.07.04","Nita","53.07.04.2011","Nirangkliung"
"53","Nusa Tenggara Timur","53.07","Kabupaten Sikka","53.07.04","Nita","53.07.04.2017","Mahebora"
"53","Nusa Tenggara Timur","53.07","Kabupaten Sikka","53.07.04","Nita","53.07.04.2018","Nangablo"
"53","Nusa Tenggara Timur","53.07","Kabupaten Sikka","53.07.04","Nita","53.07.04.2019","Kara Kabu"
"53","Nusa Tenggara Timur","53.07","Kabupaten Sikka","53.07.04","Nita","53.07.04.2020","Tada Lado"
"53","Nusa Tenggara Timur","53.07","Kabupaten Sikka","53.07.05","Alok","53.07.05.1006","Madawat"
"53","Nusa Tenggara Timur","53.07","Kabupaten Sikka","53.07.05","Alok","53.07.05.1007","Nangalimang"
"53","Nusa Tenggara Timur","53.07","Kabupaten Sikka","53.07.05","Alok","53.07.05.1008","Kabor"
"53","Nusa Tenggara Timur","53.07","Kabupaten Sikka","53.07.05","Alok","53.07.05.1009","Kota Uneng"
"53","Nusa Tenggara Timur","53.07","Kabupaten Sikka","53.07.05","Alok","53.07.05.2014","Pemana"
"53","Nusa Tenggara Timur","53.07","Kabupaten Sikka","53.07.05","Alok","53.07.05.2015","Samparong"
"53","Nusa Tenggara Timur","53.07","Kabupaten Sikka","53.07.05","Alok","53.07.05.2016","Gunung Sari"
"53","Nusa Tenggara Timur","53.07","Kabupaten Sikka","53.07.06","Palue","53.07.06.2001","Maluriwu"
"53","Nusa Tenggara Timur","53.07","Kabupaten Sikka","53.07.06","Palue","53.07.06.2002","Reruwairere"
"53","Nusa Tenggara Timur","53.07","Kabupaten Sikka","53.07.06","Palue","53.07.06.2003","Tuanggeo"
"53","Nusa Tenggara Timur","53.07","Kabupaten Sikka","53.07.06","Palue","53.07.06.2004","Ladolaka"
"53","Nusa Tenggara Timur","53.07","Kabupaten Sikka","53.07.06","Palue","53.07.06.2005","Nitunglea"
"53","Nusa Tenggara Timur","53.07","Kabupaten Sikka","53.07.06","Palue","53.07.06.2006","Rokirole"
"53","Nusa Tenggara Timur","53.07","Kabupaten Sikka","53.07.06","Palue","53.07.06.2007","Kesokoja"
"53","Nusa Tenggara Timur","53.07","Kabupaten Sikka","53.07.06","Palue","53.07.06.2008","Lidi"
"53","Nusa Tenggara Timur","53.07","Kabupaten Sikka","53.07.07","Nelle","53.07.07.2002","Nelle Urung"
"53","Nusa Tenggara Timur","53.07","Kabupaten Sikka","53.07.07","Nelle","53.07.07.2003","Nelle Wutung"
"53","Nusa Tenggara Timur","53.07","Kabupaten Sikka","53.07.07","Nelle","53.07.07.2004","Nelle Barat"
"53","Nusa Tenggara Timur","53.07","Kabupaten Sikka","53.07.07","Nelle","53.07.07.2005","Nella Lorang"
"53","Nusa Tenggara Timur","53.07","Kabupaten Sikka","53.07.07","Nelle","53.07.07.2006","Manubura"
"53","Nusa Tenggara Timur","53.07","Kabupaten Sikka","53.07.08","Talibura","53.07.08.2001","Darat Gunung"
"53","Nusa Tenggara Timur","53.07","Kabupaten Sikka","53.07.08","Talibura","53.07.08.2002","Ojang"
"53","Nusa Tenggara Timur","53.07","Kabupaten Sikka","53.07.08","Talibura","53.07.08.2003","Hikong"
"53","Nusa Tenggara Timur","53.07","Kabupaten Sikka","53.07.08","Talibura","53.07.08.2006","Nebe"
"53","Nusa Tenggara Timur","53.07","Kabupaten Sikka","53.07.08","Talibura","53.07.08.2007","Wailamung"
"53","Nusa Tenggara Timur","53.07","Kabupaten Sikka","53.07.08","Talibura","53.07.08.2008","Lewomada"
"53","Nusa Tenggara Timur","53.07","Kabupaten Sikka","53.07.08","Talibura","53.07.08.2010","Nangahale"
"53","Nusa Tenggara Timur","53.07","Kabupaten Sikka","53.07.08","Talibura","53.07.08.2011","Darat Pantai"
"53","Nusa Tenggara Timur","53.07","Kabupaten Sikka","53.07.08","Talibura","53.07.08.2013","Talibura"
"53","Nusa Tenggara Timur","53.07","Kabupaten Sikka","53.07.08","Talibura","53.07.08.2014","Kringa"
"53","Nusa Tenggara Timur","53.07","Kabupaten Sikka","53.07.08","Talibura","53.07.08.2015","Bangkoor"
"53","Nusa Tenggara Timur","53.07","Kabupaten Sikka","53.07.08","Talibura","53.07.08.2017","Timutawa"
"53","Nusa Tenggara Timur","53.07","Kabupaten Sikka","53.07.08","Talibura","53.07.08.2019","Udek Du’en"
"53","Nusa Tenggara Timur","53.07","Kabupaten Sikka","53.07.08","Talibura","53.07.08.2020","Watu Omok"
"53","Nusa Tenggara Timur","53.07","Kabupaten Sikka","53.07.08","Talibura","53.07.08.2021","Waipaar"
"53","Nusa Tenggara Timur","53.07","Kabupaten Sikka","53.07.08","Talibura","53.07.08.2022","Baokremot"
"53","Nusa Tenggara Timur","53.07","Kabupaten Sikka","53.07.08","Talibura","53.07.08.2023","Henga"
"53","Nusa Tenggara Timur","53.07","Kabupaten Sikka","53.07.08","Talibura","53.07.08.2024","Likonggete"
"53","Nusa Tenggara Timur","53.07","Kabupaten Sikka","53.07.08","Talibura","53.07.08.2025","Watubaing"
"53","Nusa Tenggara Timur","53.07","Kabupaten Sikka","53.07.08","Talibura","53.07.08.2026","Mamai"
"53","Nusa Tenggara Timur","53.07","Kabupaten Sikka","53.07.09","Waigete","53.07.09.2001","Runut"
"53","Nusa Tenggara Timur","53.07","Kabupaten Sikka","53.07.09","Waigete","53.07.09.2002","Egon"
"53","Nusa Tenggara Timur","53.07","Kabupaten Sikka","53.07.09","Waigete","53.07.09.2003","Pogon"
"53","Nusa Tenggara Timur","53.07","Kabupaten Sikka","53.07.09","Waigete","53.07.09.2004","Aibura"
"53","Nusa Tenggara Timur","53.07","Kabupaten Sikka","53.07.09","Waigete","53.07.09.2005","Wairbleler"
"53","Nusa Tenggara Timur","53.07","Kabupaten Sikka","53.07.09","Waigete","53.07.09.2006","Hoder"
"53","Nusa Tenggara Timur","53.07","Kabupaten Sikka","53.07.09","Waigete","53.07.09.2007","Wairterang"
"53","Nusa Tenggara Timur","53.07","Kabupaten Sikka","53.07.09","Waigete","53.07.09.2008","Nangatobong"
"53","Nusa Tenggara Timur","53.07","Kabupaten Sikka","53.07.09","Waigete","53.07.09.2009","Watudiran"
"53","Nusa Tenggara Timur","53.07","Kabupaten Sikka","53.07.09","Waigete","53.07.09.2010","Mahe Kelan"
"53","Nusa Tenggara Timur","53.07","Kabupaten Sikka","53.07.09","Waigete","53.07.09.2011","Egon Buluk"
"53","Nusa Tenggara Timur","53.07","Kabupaten Sikka","53.07.10","Kewapante","53.07.10.2005","Seusina"
"53","Nusa Tenggara Timur","53.07","Kabupaten Sikka","53.07.10","Kewapante","53.07.10.2007","Kopong"
"53","Nusa Tenggara Timur","53.07","Kabupaten Sikka","53.07.10","Kewapante","53.07.10.2008","Namangkewa"
"53","Nusa Tenggara Timur","53.07","Kabupaten Sikka","53.07.10","Kewapante","53.07.10.2009","Iantena"
"53","Nusa Tenggara Timur","53.07","Kabupaten Sikka","53.07.10","Kewapante","53.07.10.2016","Umagera"
"53","Nusa Tenggara Timur","53.07","Kabupaten Sikka","53.07.10","Kewapante","53.07.10.2020","Geliting"
"53","Nusa Tenggara Timur","53.07","Kabupaten Sikka","53.07.10","Kewapante","53.07.10.2021","Waiara"
"53","Nusa Tenggara Timur","53.07","Kabupaten Sikka","53.07.10","Kewapante","53.07.10.2024","Wairkoja"
"53","Nusa Tenggara Timur","53.07","Kabupaten Sikka","53.07.10","Kewapante","53.07.10.2026","Watukobu"
"53","Nusa Tenggara Timur","53.07","Kabupaten Sikka","53.07.11","Bola","53.07.11.2001","Hokor"
"53","Nusa Tenggara Timur","53.07","Kabupaten Sikka","53.07.11","Bola","53.07.11.2002","Wolonwalu"
"53","Nusa Tenggara Timur","53.07","Kabupaten Sikka","53.07.11","Bola","53.07.11.2003","Wolokoli"
"53","Nusa Tenggara Timur","53.07","Kabupaten Sikka","53.07.11","Bola","53.07.11.2004","Bola"
"53","Nusa Tenggara Timur","53.07","Kabupaten Sikka","53.07.11","Bola","53.07.11.2005","Umauta"
"53","Nusa Tenggara Timur","53.07","Kabupaten Sikka","53.07.11","Bola","53.07.11.2006","Ipir"
"53","Nusa Tenggara Timur","53.07","Kabupaten Sikka","53.07.11","Bola","53.07.11.2018","Bura Bekor"
"53","Nusa Tenggara Timur","53.07","Kabupaten Sikka","53.07.11","Bola","53.07.11.2019","Watukrus"
"53","Nusa Tenggara Timur","53.07","Kabupaten Sikka","53.07.12","Magepanda","53.07.12.2001","Magepanda"
"53","Nusa Tenggara Timur","53.07","Kabupaten Sikka","53.07.12","Magepanda","53.07.12.2002","Reroroja"
"53","Nusa Tenggara Timur","53.07","Kabupaten Sikka","53.07.12","Magepanda","53.07.12.2003","Done"
"53","Nusa Tenggara Timur","53.07","Kabupaten Sikka","53.07.12","Magepanda","53.07.12.2004","Kolisia"
"53","Nusa Tenggara Timur","53.07","Kabupaten Sikka","53.07.12","Magepanda","53.07.12.2005","Kolisia B"
"53","Nusa Tenggara Timur","53.07","Kabupaten Sikka","53.07.12","Magepanda","53.07.12.2006","Woda Mude"
"53","Nusa Tenggara Timur","53.07","Kabupaten Sikka","53.07.12","Magepanda","53.07.12.2007","Legu Woda"
"53","Nusa Tenggara Timur","53.07","Kabupaten Sikka","53.07.12","Magepanda","53.07.12.2008","Waturia"
"53","Nusa Tenggara Timur","53.07","Kabupaten Sikka","53.07.13","Waiblama","53.07.13.2001","Natarmage"
"53","Nusa Tenggara Timur","53.07","Kabupaten Sikka","53.07.13","Waiblama","53.07.13.2002","Tanarawa"
"53","Nusa Tenggara Timur","53.07","Kabupaten Sikka","53.07.13","Waiblama","53.07.13.2003","Pruda"
"53","Nusa Tenggara Timur","53.07","Kabupaten Sikka","53.07.13","Waiblama","53.07.13.2004","Werang"
"53","Nusa Tenggara Timur","53.07","Kabupaten Sikka","53.07.13","Waiblama","53.07.13.2005","Tua Bao"
"53","Nusa Tenggara Timur","53.07","Kabupaten Sikka","53.07.13","Waiblama","53.07.13.2006","Ilinmedo"
"53","Nusa Tenggara Timur","53.07","Kabupaten Sikka","53.07.13","Waiblama","53.07.13.2007","Watu Moning"
"53","Nusa Tenggara Timur","53.07","Kabupaten Sikka","53.07.14","Alok Barat","53.07.14.1001","Hewuli"
"53","Nusa Tenggara Timur","53.07","Kabupaten Sikka","53.07.14","Alok Barat","53.07.14.1002","Wailiti"
"53","Nusa Tenggara Timur","53.07","Kabupaten Sikka","53.07.14","Alok Barat","53.07.14.1003","Wolomarang"
"53","Nusa Tenggara Timur","53.07","Kabupaten Sikka","53.07.14","Alok Barat","53.07.14.1004","Wuring"
"53","Nusa Tenggara Timur","53.07","Kabupaten Sikka","53.07.15","Alok Timur","53.07.15.1001","Beru"
"53","Nusa Tenggara Timur","53.07","Kabupaten Sikka","53.07.15","Alok Timur","53.07.15.1002","Kota Baru"
"53","Nusa Tenggara Timur","53.07","Kabupaten Sikka","53.07.15","Alok Timur","53.07.15.1003","Nangameting"
"53","Nusa Tenggara Timur","53.07","Kabupaten Sikka","53.07.15","Alok Timur","53.07.15.1004","Waioti"
"53","Nusa Tenggara Timur","53.07","Kabupaten Sikka","53.07.15","Alok Timur","53.07.15.1005","Wairotang"
"53","Nusa Tenggara Timur","53.07","Kabupaten Sikka","53.07.15","Alok Timur","53.07.15.2006","Koja Doi"
"53","Nusa Tenggara Timur","53.07","Kabupaten Sikka","53.07.15","Alok Timur","53.07.15.2007","Kojagete"
"53","Nusa Tenggara Timur","53.07","Kabupaten Sikka","53.07.15","Alok Timur","53.07.15.2008","Lepo Lima"
"53","Nusa Tenggara Timur","53.07","Kabupaten Sikka","53.07.15","Alok Timur","53.07.15.2009","Perumaan"
"53","Nusa Tenggara Timur","53.07","Kabupaten Sikka","53.07.15","Alok Timur","53.07.15.2010","Watugong"
"53","Nusa Tenggara Timur","53.07","Kabupaten Sikka","53.07.15","Alok Timur","53.07.15.2011","Gong Bekor"
"53","Nusa Tenggara Timur","53.07","Kabupaten Sikka","53.07.16","Koting","53.07.16.2001","Koting A"
"53","Nusa Tenggara Timur","53.07","Kabupaten Sikka","53.07.16","Koting","53.07.16.2002","Koting B"
"53","Nusa Tenggara Timur","53.07","Kabupaten Sikka","53.07.16","Koting","53.07.16.2003","Koting C"
"53","Nusa Tenggara Timur","53.07","Kabupaten Sikka","53.07.16","Koting","53.07.16.2004","Koting D"
"53","Nusa Tenggara Timur","53.07","Kabupaten Sikka","53.07.16","Koting","53.07.16.2005","Paubekor"
"53","Nusa Tenggara Timur","53.07","Kabupaten Sikka","53.07.16","Koting","53.07.16.2006","Ribang"
"53","Nusa Tenggara Timur","53.07","Kabupaten Sikka","53.07.16","Koting","53.07.16.2007","Watu Repa"
"53","Nusa Tenggara Timur","53.07","Kabupaten Sikka","53.07.17","Tana Wawo","53.07.17.2001","Bu Selatan"
"53","Nusa Tenggara Timur","53.07","Kabupaten Sikka","53.07.17","Tana Wawo","53.07.17.2002","Bu Utara"
"53","Nusa Tenggara Timur","53.07","Kabupaten Sikka","53.07.17","Tana Wawo","53.07.17.2003","Bu Watuweti"
"53","Nusa Tenggara Timur","53.07","Kabupaten Sikka","53.07.17","Tana Wawo","53.07.17.2004","Loke"
"53","Nusa Tenggara Timur","53.07","Kabupaten Sikka","53.07.17","Tana Wawo","53.07.17.2005","Renggarasi"
"53","Nusa Tenggara Timur","53.07","Kabupaten Sikka","53.07.17","Tana Wawo","53.07.17.2006","Detubinga"
"53","Nusa Tenggara Timur","53.07","Kabupaten Sikka","53.07.17","Tana Wawo","53.07.17.2007","Tuwa"
"53","Nusa Tenggara Timur","53.07","Kabupaten Sikka","53.07.17","Tana Wawo","53.07.17.2008","Poma"
"53","Nusa Tenggara Timur","53.07","Kabupaten Sikka","53.07.17","Tana Wawo","53.07.17.2009","Bu Barat"
"53","Nusa Tenggara Timur","53.07","Kabupaten Sikka","53.07.17","Tana Wawo","53.07.17.2010","Bu Nuapu’u"
"53","Nusa Tenggara Timur","53.07","Kabupaten Sikka","53.07.18","Hewokloang","53.07.18.2001","Rubit"
"53","Nusa Tenggara Timur","53.07","Kabupaten Sikka","53.07.18","Hewokloang","53.07.18.2002","Wolomapa"
"53","Nusa Tenggara Timur","53.07","Kabupaten Sikka","53.07.18","Hewokloang","53.07.18.2003","Baomekot"
"53","Nusa Tenggara Timur","53.07","Kabupaten Sikka","53.07.18","Hewokloang","53.07.18.2004","Kajowair"
"53","Nusa Tenggara Timur","53.07","Kabupaten Sikka","53.07.18","Hewokloang","53.07.18.2005","Hewokloang"
"53","Nusa Tenggara Timur","53.07","Kabupaten Sikka","53.07.18","Hewokloang","53.07.18.2006","Heopuat"
"53","Nusa Tenggara Timur","53.07","Kabupaten Sikka","53.07.18","Hewokloang","53.07.18.2007","Munerana"
"53","Nusa Tenggara Timur","53.07","Kabupaten Sikka","53.07.19","Kangae","53.07.19.2001","Teka Iku"
"53","Nusa Tenggara Timur","53.07","Kabupaten Sikka","53.07.19","Kangae","53.07.19.2002","Mekendetung"
"53","Nusa Tenggara Timur","53.07","Kabupaten Sikka","53.07.19","Kangae","53.07.19.2003","Kokowahor"
"53","Nusa Tenggara Timur","53.07","Kabupaten Sikka","53.07.19","Kangae","53.07.19.2004","Balatatatin"
"53","Nusa Tenggara Timur","53.07","Kabupaten Sikka","53.07.19","Kangae","53.07.19.2005","Watuliwung"
"53","Nusa Tenggara Timur","53.07","Kabupaten Sikka","53.07.19","Kangae","53.07.19.2006","Tana Duen"
"53","Nusa Tenggara Timur","53.07","Kabupaten Sikka","53.07.19","Kangae","53.07.19.2007","Watumilok"
"53","Nusa Tenggara Timur","53.07","Kabupaten Sikka","53.07.19","Kangae","53.07.19.2008","Habi"
"53","Nusa Tenggara Timur","53.07","Kabupaten Sikka","53.07.19","Kangae","53.07.19.2009","Langir"
"53","Nusa Tenggara Timur","53.07","Kabupaten Sikka","53.07.20","Doreng","53.07.20.2001","Waihawa"
"53","Nusa Tenggara Timur","53.07","Kabupaten Sikka","53.07.20","Doreng","53.07.20.2002","Nenbura"
"53","Nusa Tenggara Timur","53.07","Kabupaten Sikka","53.07.20","Doreng","53.07.20.2003","Wogalirit"
"53","Nusa Tenggara Timur","53.07","Kabupaten Sikka","53.07.20","Doreng","53.07.20.2004","Watumerak"
"53","Nusa Tenggara Timur","53.07","Kabupaten Sikka","53.07.20","Doreng","53.07.20.2005","Wolonterang"
"53","Nusa Tenggara Timur","53.07","Kabupaten Sikka","53.07.20","Doreng","53.07.20.2006","Kloangpopot"
"53","Nusa Tenggara Timur","53.07","Kabupaten Sikka","53.07.20","Doreng","53.07.20.2007","Wolomotong"
"53","Nusa Tenggara Timur","53.07","Kabupaten Sikka","53.07.20","Doreng","53.07.20.2008","Mahe Tanah"
"53","Nusa Tenggara Timur","53.07","Kabupaten Sikka","53.07.20","Doreng","53.07.20.2009","Pelibaler"
"53","Nusa Tenggara Timur","53.07","Kabupaten Sikka","53.07.21","Mapitara","53.07.21.2001","Hale"
"53","Nusa Tenggara Timur","53.07","Kabupaten Sikka","53.07.21","Mapitara","53.07.21.2002","Hebing"
"53","Nusa Tenggara Timur","53.07","Kabupaten Sikka","53.07.21","Mapitara","53.07.21.2003","Natakoli"
"53","Nusa Tenggara Timur","53.07","Kabupaten Sikka","53.07.21","Mapitara","53.07.21.2004","Egon Gahar"
"53","Nusa Tenggara Timur","53.08","Kabupaten Ende","53.08.01","Nangapanda","53.08.01.1001","Ndorurea"
"53","Nusa Tenggara Timur","53.08","Kabupaten Ende","53.08.01","Nangapanda","53.08.01.2002","Ondorea"
"53","Nusa Tenggara Timur","53.08","Kabupaten Ende","53.08.01","Nangapanda","53.08.01.2003","Watumite"
"53","Nusa Tenggara Timur","53.08","Kabupaten Ende","53.08.01","Nangapanda","53.08.01.2004","Tendarea"
"53","Nusa Tenggara Timur","53.08","Kabupaten Ende","53.08.01","Nangapanda","53.08.01.2005","Kerirea"
"53","Nusa Tenggara Timur","53.08","Kabupaten Ende","53.08.01","Nangapanda","53.08.01.2006","Tendambepa"
"53","Nusa Tenggara Timur","53.08","Kabupaten Ende","53.08.01","Nangapanda","53.08.01.2007","Zozozea"
"53","Nusa Tenggara Timur","53.08","Kabupaten Ende","53.08.01","Nangapanda","53.08.01.2008","Rapowawo"
"53","Nusa Tenggara Timur","53.08","Kabupaten Ende","53.08.01","Nangapanda","53.08.01.2009","Nggorea"
"53","Nusa Tenggara Timur","53.08","Kabupaten Ende","53.08.01","Nangapanda","53.08.01.2010","Raporendu"
"53","Nusa Tenggara Timur","53.08","Kabupaten Ende","53.08.01","Nangapanda","53.08.01.2011","Bheramari"
"53","Nusa Tenggara Timur","53.08","Kabupaten Ende","53.08.01","Nangapanda","53.08.01.2012","Tiwerea"
"53","Nusa Tenggara Timur","53.08","Kabupaten Ende","53.08.01","Nangapanda","53.08.01.2013","Sanggarhorho"
"53","Nusa Tenggara Timur","53.08","Kabupaten Ende","53.08.01","Nangapanda","53.08.01.2014","Ndeturea"
"53","Nusa Tenggara Timur","53.08","Kabupaten Ende","53.08.01","Nangapanda","53.08.01.2015","Ndorurea I"
"53","Nusa Tenggara Timur","53.08","Kabupaten Ende","53.08.01","Nangapanda","53.08.01.2016","Penggajawa"
"53","Nusa Tenggara Timur","53.08","Kabupaten Ende","53.08.01","Nangapanda","53.08.01.2017","Jegharangga"
"53","Nusa Tenggara Timur","53.08","Kabupaten Ende","53.08.01","Nangapanda","53.08.01.2018","Ondorea Barat"
"53","Nusa Tenggara Timur","53.08","Kabupaten Ende","53.08.01","Nangapanda","53.08.01.2019","Romarea"
"53","Nusa Tenggara Timur","53.08","Kabupaten Ende","53.08.01","Nangapanda","53.08.01.2020","Timbaria"
"53","Nusa Tenggara Timur","53.08","Kabupaten Ende","53.08.01","Nangapanda","53.08.01.2021","Mbobhenga"
"53","Nusa Tenggara Timur","53.08","Kabupaten Ende","53.08.01","Nangapanda","53.08.01.2022","Malawaru"
"53","Nusa Tenggara Timur","53.08","Kabupaten Ende","53.08.01","Nangapanda","53.08.01.2023","Anaraja"
"53","Nusa Tenggara Timur","53.08","Kabupaten Ende","53.08.01","Nangapanda","53.08.01.2024","Kekandere"
"53","Nusa Tenggara Timur","53.08","Kabupaten Ende","53.08.01","Nangapanda","53.08.01.2025","Tanazozo"
"53","Nusa Tenggara Timur","53.08","Kabupaten Ende","53.08.01","Nangapanda","53.08.01.2026","Tenda Ondo"
"53","Nusa Tenggara Timur","53.08","Kabupaten Ende","53.08.01","Nangapanda","53.08.01.2027","Jemburea"
"53","Nusa Tenggara Timur","53.08","Kabupaten Ende","53.08.01","Nangapanda","53.08.01.2028","Embuzozo"
"53","Nusa Tenggara Timur","53.08","Kabupaten Ende","53.08.01","Nangapanda","53.08.01.2029","Uzuzozo"
"53","Nusa Tenggara Timur","53.08","Kabupaten Ende","53.08.02","Pulau Ende","53.08.02.2001","Aejeti"
"53","Nusa Tenggara Timur","53.08","Kabupaten Ende","53.08.02","Pulau Ende","53.08.02.2002","Puutara"
"53","Nusa Tenggara Timur","53.08","Kabupaten Ende","53.08.02","Pulau Ende","53.08.02.2003","Paderape"
"53","Nusa Tenggara Timur","53.08","Kabupaten Ende","53.08.02","Pulau Ende","53.08.02.2004","Ndoriwoi"
"53","Nusa Tenggara Timur","53.08","Kabupaten Ende","53.08.02","Pulau Ende","53.08.02.2005","Rorurangga"
"53","Nusa Tenggara Timur","53.08","Kabupaten Ende","53.08.02","Pulau Ende","53.08.02.2006","Rendoraterua"
"53","Nusa Tenggara Timur","53.08","Kabupaten Ende","53.08.02","Pulau Ende","53.08.02.2007","Redorori"
"53","Nusa Tenggara Timur","53.08","Kabupaten Ende","53.08.02","Pulau Ende","53.08.02.2008","Kazo Kapo"
"53","Nusa Tenggara Timur","53.08","Kabupaten Ende","53.08.02","Pulau Ende","53.08.02.2009","Renga Menge"
"53","Nusa Tenggara Timur","53.08","Kabupaten Ende","53.08.03","Ende","53.08.03.2001","Raburia"
"53","Nusa Tenggara Timur","53.08","Kabupaten Ende","53.08.03","Ende","53.08.03.2002","Riaraja"
"53","Nusa Tenggara Timur","53.08","Kabupaten Ende","53.08.03","Ende","53.08.03.2003","Mbotutenda"
"53","Nusa Tenggara Timur","53.08","Kabupaten Ende","53.08.03","Ende","53.08.03.2004","Wologai"
"53","Nusa Tenggara Timur","53.08","Kabupaten Ende","53.08.03","Ende","53.08.03.2007","Ndetundora I"
"53","Nusa Tenggara Timur","53.08","Kabupaten Ende","53.08.03","Ende","53.08.03.2008","Ndetundora II"
"53","Nusa Tenggara Timur","53.08","Kabupaten Ende","53.08.03","Ende","53.08.03.2009","Tomberabu I"
"53","Nusa Tenggara Timur","53.08","Kabupaten Ende","53.08.03","Ende","53.08.03.2010","Tomberabu II"
"53","Nusa Tenggara Timur","53.08","Kabupaten Ende","53.08.03","Ende","53.08.03.2011","Nakuramba"
"53","Nusa Tenggara Timur","53.08","Kabupaten Ende","53.08.03","Ende","53.08.03.2012","Wolokaro"
"53","Nusa Tenggara Timur","53.08","Kabupaten Ende","53.08.03","Ende","53.08.03.2013","Ja Moke Asa"
"53","Nusa Tenggara Timur","53.08","Kabupaten Ende","53.08.03","Ende","53.08.03.2014","Emburia"
"53","Nusa Tenggara Timur","53.08","Kabupaten Ende","53.08.03","Ende","53.08.03.2016","Randotonda"
"53","Nusa Tenggara Timur","53.08","Kabupaten Ende","53.08.03","Ende","53.08.03.2017","Rukuramba"
"53","Nusa Tenggara Timur","53.08","Kabupaten Ende","53.08.03","Ende","53.08.03.2018","Tinabani"
"53","Nusa Tenggara Timur","53.08","Kabupaten Ende","53.08.03","Ende","53.08.03.2019","Ndetundora III"
"53","Nusa Tenggara Timur","53.08","Kabupaten Ende","53.08.03","Ende","53.08.03.2020","Uzuramba"
"53","Nusa Tenggara Timur","53.08","Kabupaten Ende","53.08.03","Ende","53.08.03.2021","Tonggopapa"
"53","Nusa Tenggara Timur","53.08","Kabupaten Ende","53.08.03","Ende","53.08.03.2022","Wologai Dua"
"53","Nusa Tenggara Timur","53.08","Kabupaten Ende","53.08.03","Ende","53.08.03.2023","Worhopapa"
"53","Nusa Tenggara Timur","53.08","Kabupaten Ende","53.08.03","Ende","53.08.03.2024","Wawonato"
"53","Nusa Tenggara Timur","53.08","Kabupaten Ende","53.08.03","Ende","53.08.03.2025","Jejaraja"
"53","Nusa Tenggara Timur","53.08","Kabupaten Ende","53.08.03","Ende","53.08.03.2026","Tendambonggi"
"53","Nusa Tenggara Timur","53.08","Kabupaten Ende","53.08.03","Ende","53.08.03.2027","Randorama"
"53","Nusa Tenggara Timur","53.08","Kabupaten Ende","53.08.03","Ende","53.08.03.2028","Ranoramba"
"53","Nusa Tenggara Timur","53.08","Kabupaten Ende","53.08.03","Ende","53.08.03.2029","Peozakaramba"
"53","Nusa Tenggara Timur","53.08","Kabupaten Ende","53.08.03","Ende","53.08.03.2030","Embutheru"
"53","Nusa Tenggara Timur","53.08","Kabupaten Ende","53.08.03","Ende","53.08.03.2031","Nuaja"
"53","Nusa Tenggara Timur","53.08","Kabupaten Ende","53.08.03","Ende","53.08.03.2032","Wajakea Jaya"
"53","Nusa Tenggara Timur","53.08","Kabupaten Ende","53.08.03","Ende","53.08.03.2033","Nemboramba"
"53","Nusa Tenggara Timur","53.08","Kabupaten Ende","53.08.03","Ende","53.08.03.2034","Embu Ngena"
"53","Nusa Tenggara Timur","53.08","Kabupaten Ende","53.08.03","Ende","53.08.03.2035","Uzuramba Barat"
"53","Nusa Tenggara Timur","53.08","Kabupaten Ende","53.08.04","Ende Selatan","53.08.04.1003","Mbongawani"
"53","Nusa Tenggara Timur","53.08","Kabupaten Ende","53.08.04","Ende Selatan","53.08.04.1004","Rukun Lima"
"53","Nusa Tenggara Timur","53.08","Kabupaten Ende","53.08.04","Ende Selatan","53.08.04.1006","Paupanda"
"53","Nusa Tenggara Timur","53.08","Kabupaten Ende","53.08.04","Ende Selatan","53.08.04.1008","Tetandara"
"53","Nusa Tenggara Timur","53.08","Kabupaten Ende","53.08.04","Ende Selatan","53.08.04.1014","Tanjung"
"53","Nusa Tenggara Timur","53.08","Kabupaten Ende","53.08.05","Ndona","53.08.05.1001","Onelako"
"53","Nusa Tenggara Timur","53.08","Kabupaten Ende","53.08.05","Ndona","53.08.05.1002","Lokoboko"
"53","Nusa Tenggara Timur","53.08","Kabupaten Ende","53.08.05","Ndona","53.08.05.2003","Wolotopo"
"53","Nusa Tenggara Timur","53.08","Kabupaten Ende","53.08.05","Ndona","53.08.05.2004","Wolotolo Timur"
"53","Nusa Tenggara Timur","53.08","Kabupaten Ende","53.08.05","Ndona","53.08.05.2006","Puutuga"
"53","Nusa Tenggara Timur","53.08","Kabupaten Ende","53.08.05","Ndona","53.08.05.2007","Ngalupolo"
"53","Nusa Tenggara Timur","53.08","Kabupaten Ende","53.08.05","Ndona","53.08.05.2012","Ngaluroga"
"53","Nusa Tenggara Timur","53.08","Kabupaten Ende","53.08.05","Ndona","53.08.05.2013","Nila"
"53","Nusa Tenggara Timur","53.08","Kabupaten Ende","53.08.05","Ndona","53.08.05.2014","Kekasewa"
"53","Nusa Tenggara Timur","53.08","Kabupaten Ende","53.08.05","Ndona","53.08.05.2015","Manulando"
"53","Nusa Tenggara Timur","53.08","Kabupaten Ende","53.08.05","Ndona","53.08.05.2016","Nanganesa"
"53","Nusa Tenggara Timur","53.08","Kabupaten Ende","53.08.05","Ndona","53.08.05.2017","Wolokota"
"53","Nusa Tenggara Timur","53.08","Kabupaten Ende","53.08.05","Ndona","53.08.05.2018","Kelikiku"
"53","Nusa Tenggara Timur","53.08","Kabupaten Ende","53.08.05","Ndona","53.08.05.2020","Reka"
"53","Nusa Tenggara Timur","53.08","Kabupaten Ende","53.08.06","Detusoko","53.08.06.1001","Detusoko"
"53","Nusa Tenggara Timur","53.08","Kabupaten Ende","53.08.06","Detusoko","53.08.06.2002","Detusoko Barat"
"53","Nusa Tenggara Timur","53.08","Kabupaten Ende","53.08.06","Detusoko","53.08.06.2003","Wolotolo"
"53","Nusa Tenggara Timur","53.08","Kabupaten Ende","53.08.06","Detusoko","53.08.06.2004","Wolotolo Tengah"
"53","Nusa Tenggara Timur","53.08","Kabupaten Ende","53.08.06","Detusoko","53.08.06.2005","Roa"
"53","Nusa Tenggara Timur","53.08","Kabupaten Ende","53.08.06","Detusoko","53.08.06.2006","Saga"
"53","Nusa Tenggara Timur","53.08","Kabupaten Ende","53.08.06","Detusoko","53.08.06.2007","Niowula"
"53","Nusa Tenggara Timur","53.08","Kabupaten Ende","53.08.06","Detusoko","53.08.06.2008","Wolofeo"
"53","Nusa Tenggara Timur","53.08","Kabupaten Ende","53.08.06","Detusoko","53.08.06.2009","Nuaone"
"53","Nusa Tenggara Timur","53.08","Kabupaten Ende","53.08.06","Detusoko","53.08.06.2010","Wologai"
"53","Nusa Tenggara Timur","53.08","Kabupaten Ende","53.08.06","Detusoko","53.08.06.2011","Wologai Tengah"
"53","Nusa Tenggara Timur","53.08","Kabupaten Ende","53.08.06","Detusoko","53.08.06.2013","Wolomage"
"53","Nusa Tenggara Timur","53.08","Kabupaten Ende","53.08.06","Detusoko","53.08.06.2015","Randoria"
"53","Nusa Tenggara Timur","53.08","Kabupaten Ende","53.08.06","Detusoko","53.08.06.2016","Wolomasi"
"53","Nusa Tenggara Timur","53.08","Kabupaten Ende","53.08.06","Detusoko","53.08.06.2017","Rateroru"
"53","Nusa Tenggara Timur","53.08","Kabupaten Ende","53.08.06","Detusoko","53.08.06.2018","Dile"
"53","Nusa Tenggara Timur","53.08","Kabupaten Ende","53.08.06","Detusoko","53.08.06.2019","Ndito"
"53","Nusa Tenggara Timur","53.08","Kabupaten Ende","53.08.06","Detusoko","53.08.06.2020","Sipijena"
"53","Nusa Tenggara Timur","53.08","Kabupaten Ende","53.08.06","Detusoko","53.08.06.2021","Golulada"
"53","Nusa Tenggara Timur","53.08","Kabupaten Ende","53.08.06","Detusoko","53.08.06.2022","Ranga"
"53","Nusa Tenggara Timur","53.08","Kabupaten Ende","53.08.06","Detusoko","53.08.06.2024","Turunalu"
"53","Nusa Tenggara Timur","53.08","Kabupaten Ende","53.08.07","Wewaria","53.08.07.2001","Welamosa"
"53","Nusa Tenggara Timur","53.08","Kabupaten Ende","53.08.07","Wewaria","53.08.07.2002","Nuangenda"
"53","Nusa Tenggara Timur","53.08","Kabupaten Ende","53.08.07","Wewaria","53.08.07.2003","Mautenda"
"53","Nusa Tenggara Timur","53.08","Kabupaten Ende","53.08.07","Wewaria","53.08.07.2004","Mautenda Barat"
"53","Nusa Tenggara Timur","53.08","Kabupaten Ende","53.08.07","Wewaria","53.08.07.2005","Wewaria"
"53","Nusa Tenggara Timur","53.08","Kabupaten Ende","53.08.07","Wewaria","53.08.07.2006","Tanali"
"53","Nusa Tenggara Timur","53.08","Kabupaten Ende","53.08.07","Wewaria","53.08.07.2007","Detubela"
"53","Nusa Tenggara Timur","53.08","Kabupaten Ende","53.08.07","Wewaria","53.08.07.2008","Fataatu"
"53","Nusa Tenggara Timur","53.08","Kabupaten Ende","53.08.07","Wewaria","53.08.07.2009","Fataatu Timur"
"53","Nusa Tenggara Timur","53.08","Kabupaten Ende","53.08.07","Wewaria","53.08.07.2010","Mukusaki"
"53","Nusa Tenggara Timur","53.08","Kabupaten Ende","53.08.07","Wewaria","53.08.07.2011","Ekoae"
"53","Nusa Tenggara Timur","53.08","Kabupaten Ende","53.08.07","Wewaria","53.08.07.2012","Aemuri"
"53","Nusa Tenggara Timur","53.08","Kabupaten Ende","53.08.07","Wewaria","53.08.07.2013","Ratewati"
"53","Nusa Tenggara Timur","53.08","Kabupaten Ende","53.08.07","Wewaria","53.08.07.2014","Mbotulaka"
"53","Nusa Tenggara Timur","53.08","Kabupaten Ende","53.08.07","Wewaria","53.08.07.2015","Numba"
"53","Nusa Tenggara Timur","53.08","Kabupaten Ende","53.08.07","Wewaria","53.08.07.2017","Kelitembu"
"53","Nusa Tenggara Timur","53.08","Kabupaten Ende","53.08.07","Wewaria","53.08.07.2018","Aelipo"
"53","Nusa Tenggara Timur","53.08","Kabupaten Ende","53.08.07","Wewaria","53.08.07.2019","Ratewati Selatan"
"53","Nusa Tenggara Timur","53.08","Kabupaten Ende","53.08.07","Wewaria","53.08.07.2020","Waka"
"53","Nusa Tenggara Timur","53.08","Kabupaten Ende","53.08.07","Wewaria","53.08.07.2021","Wolooja"
"53","Nusa Tenggara Timur","53.08","Kabupaten Ende","53.08.07","Wewaria","53.08.07.2022","Ekolea"
"53","Nusa Tenggara Timur","53.08","Kabupaten Ende","53.08.07","Wewaria","53.08.07.2023","Ae Ndoko"
"53","Nusa Tenggara Timur","53.08","Kabupaten Ende","53.08.08","Wolowaru","53.08.08.1001","Bokasape"
"53","Nusa Tenggara Timur","53.08","Kabupaten Ende","53.08.08","Wolowaru","53.08.08.2002","Bokasape Timur"
"53","Nusa Tenggara Timur","53.08","Kabupaten Ende","53.08.08","Wolowaru","53.08.08.2010","Mbuliloo"
"53","Nusa Tenggara Timur","53.08","Kabupaten Ende","53.08.08","Wolowaru","53.08.08.2011","Rindiwawo"
"53","Nusa Tenggara Timur","53.08","Kabupaten Ende","53.08.08","Wolowaru","53.08.08.2012","Jopu"
"53","Nusa Tenggara Timur","53.08","Kabupaten Ende","53.08.08","Wolowaru","53.08.08.2013","Wolokoli"
"53","Nusa Tenggara Timur","53.08","Kabupaten Ende","53.08.08","Wolowaru","53.08.08.2014","Mbuliwaralau"
"53","Nusa Tenggara Timur","53.08","Kabupaten Ende","53.08.08","Wolowaru","53.08.08.2015","Mbuliwaralau Utara"
"53","Nusa Tenggara Timur","53.08","Kabupaten Ende","53.08.08","Wolowaru","53.08.08.2016","Lisedetu"
"53","Nusa Tenggara Timur","53.08","Kabupaten Ende","53.08.08","Wolowaru","53.08.08.2017","Nualise"
"53","Nusa Tenggara Timur","53.08","Kabupaten Ende","53.08.08","Wolowaru","53.08.08.2018","Wolosoko"
"53","Nusa Tenggara Timur","53.08","Kabupaten Ende","53.08.08","Wolowaru","53.08.08.2019","Liselowobora"
"53","Nusa Tenggara Timur","53.08","Kabupaten Ende","53.08.08","Wolowaru","53.08.08.2020","Likanaka"
"53","Nusa Tenggara Timur","53.08","Kabupaten Ende","53.08.08","Wolowaru","53.08.08.2021","Nakambara"
"53","Nusa Tenggara Timur","53.08","Kabupaten Ende","53.08.08","Wolowaru","53.08.08.2022","Niramesi"
"53","Nusa Tenggara Timur","53.08","Kabupaten Ende","53.08.08","Wolowaru","53.08.08.2023","Tana Lo'o"
"53","Nusa Tenggara Timur","53.08","Kabupaten Ende","53.08.08","Wolowaru","53.08.08.2024","Lise Pu'u"
"53","Nusa Tenggara Timur","53.08","Kabupaten Ende","53.08.09","Wolojita","53.08.09.1001","Wolojita"
"53","Nusa Tenggara Timur","53.08","Kabupaten Ende","53.08.09","Wolojita","53.08.09.2002","Tenda"
"53","Nusa Tenggara Timur","53.08","Kabupaten Ende","53.08.09","Wolojita","53.08.09.2003","Wiwipemo"
"53","Nusa Tenggara Timur","53.08","Kabupaten Ende","53.08.09","Wolojita","53.08.09.2004","Pora"
"53","Nusa Tenggara Timur","53.08","Kabupaten Ende","53.08.09","Wolojita","53.08.09.2005","Nuamulu"
"53","Nusa Tenggara Timur","53.08","Kabupaten Ende","53.08.09","Wolojita","53.08.09.2006","Nggela"
"53","Nusa Tenggara Timur","53.08","Kabupaten Ende","53.08.10","Maurole","53.08.10.2001","Maurole"
"53","Nusa Tenggara Timur","53.08","Kabupaten Ende","53.08.10","Maurole","53.08.10.2003","Aewora"
"53","Nusa Tenggara Timur","53.08","Kabupaten Ende","53.08.10","Maurole","53.08.10.2005","Mausambi"
"53","Nusa Tenggara Timur","53.08","Kabupaten Ende","53.08.10","Maurole","53.08.10.2006","Ranakolo"
"53","Nusa Tenggara Timur","53.08","Kabupaten Ende","53.08.10","Maurole","53.08.10.2007","Watukamba"
"53","Nusa Tenggara Timur","53.08","Kabupaten Ende","53.08.10","Maurole","53.08.10.2008","Ranakolo Selatan"
"53","Nusa Tenggara Timur","53.08","Kabupaten Ende","53.08.10","Maurole","53.08.10.2009","Keliwumbu"
"53","Nusa Tenggara Timur","53.08","Kabupaten Ende","53.08.10","Maurole","53.08.10.2018","Detuwulu"
"53","Nusa Tenggara Timur","53.08","Kabupaten Ende","53.08.10","Maurole","53.08.10.2019","Otogedu"
"53","Nusa Tenggara Timur","53.08","Kabupaten Ende","53.08.10","Maurole","53.08.10.2020","Woloau"
"53","Nusa Tenggara Timur","53.08","Kabupaten Ende","53.08.10","Maurole","53.08.10.2021","Ngalukoja"
"53","Nusa Tenggara Timur","53.08","Kabupaten Ende","53.08.10","Maurole","53.08.10.2022","Niranusa"
"53","Nusa Tenggara Timur","53.08","Kabupaten Ende","53.08.10","Maurole","53.08.10.2023","Uludala"
"53","Nusa Tenggara Timur","53.08","Kabupaten Ende","53.08.11","Maukaro","53.08.11.2001","Kebirangga"
"53","Nusa Tenggara Timur","53.08","Kabupaten Ende","53.08.11","Maukaro","53.08.11.2002","Kebirangga Selatan"
"53","Nusa Tenggara Timur","53.08","Kabupaten Ende","53.08.11","Maukaro","53.08.11.2003","Kamubheka"
"53","Nusa Tenggara Timur","53.08","Kabupaten Ende","53.08.11","Maukaro","53.08.11.2004","Magekapa"
"53","Nusa Tenggara Timur","53.08","Kabupaten Ende","53.08.11","Maukaro","53.08.11.2005","Boafeo"
"53","Nusa Tenggara Timur","53.08","Kabupaten Ende","53.08.11","Maukaro","53.08.11.2006","Nabe"
"53","Nusa Tenggara Timur","53.08","Kabupaten Ende","53.08.11","Maukaro","53.08.11.2007","Kobaleba"
"53","Nusa Tenggara Timur","53.08","Kabupaten Ende","53.08.11","Maukaro","53.08.11.2008","Mundinggasa"
"53","Nusa Tenggara Timur","53.08","Kabupaten Ende","53.08.11","Maukaro","53.08.11.2009","Kolikapa"
"53","Nusa Tenggara Timur","53.08","Kabupaten Ende","53.08.11","Maukaro","53.08.11.2010","Kebirangga Tengah"
"53","Nusa Tenggara Timur","53.08","Kabupaten Ende","53.08.11","Maukaro","53.08.11.2011","Natanangge"
"53","Nusa Tenggara Timur","53.08","Kabupaten Ende","53.08.12","Lio Timur","53.08.12.1001","Watuneso"
"53","Nusa Tenggara Timur","53.08","Kabupaten Ende","53.08.12","Lio Timur","53.08.12.2002","Hobatua"
"53","Nusa Tenggara Timur","53.08","Kabupaten Ende","53.08.12","Lio Timur","53.08.12.2003","Wolosambi"
"53","Nusa Tenggara Timur","53.08","Kabupaten Ende","53.08.12","Lio Timur","53.08.12.2004","Woloara"
"53","Nusa Tenggara Timur","53.08","Kabupaten Ende","53.08.12","Lio Timur","53.08.12.2005","Detupera"
"53","Nusa Tenggara Timur","53.08","Kabupaten Ende","53.08.12","Lio Timur","53.08.12.2006","Wololela A"
"53","Nusa Tenggara Timur","53.08","Kabupaten Ende","53.08.12","Lio Timur","53.08.12.2007","Liabeke"
"53","Nusa Tenggara Timur","53.08","Kabupaten Ende","53.08.12","Lio Timur","53.08.12.2013","Fatamari"
"53","Nusa Tenggara Timur","53.08","Kabupaten Ende","53.08.12","Lio Timur","53.08.12.2014","Ranggatalo"
"53","Nusa Tenggara Timur","53.08","Kabupaten Ende","53.08.12","Lio Timur","53.08.12.2015","Nua Lima"
"53","Nusa Tenggara Timur","53.08","Kabupaten Ende","53.08.12","Lio Timur","53.08.12.2016","Tanaroga"
"53","Nusa Tenggara Timur","53.08","Kabupaten Ende","53.08.12","Lio Timur","53.08.12.2017","Bu Tanalagu"
"53","Nusa Tenggara Timur","53.08","Kabupaten Ende","53.08.12","Lio Timur","53.08.12.2018","Mbewawora"
"53","Nusa Tenggara Timur","53.08","Kabupaten Ende","53.08.13","Kota Baru","53.08.13.2001","Kotabaru"
"53","Nusa Tenggara Timur","53.08","Kabupaten Ende","53.08.13","Kota Baru","53.08.13.2002","Tou"
"53","Nusa Tenggara Timur","53.08","Kabupaten Ende","53.08.13","Kota Baru","53.08.13.2003","Tou Timur"
"53","Nusa Tenggara Timur","53.08","Kabupaten Ende","53.08.13","Kota Baru","53.08.13.2004","Loboniki"
"53","Nusa Tenggara Timur","53.08","Kabupaten Ende","53.08.13","Kota Baru","53.08.13.2005","Ndondo"
"53","Nusa Tenggara Timur","53.08","Kabupaten Ende","53.08.13","Kota Baru","53.08.13.2006","Niopanda"
"53","Nusa Tenggara Timur","53.08","Kabupaten Ende","53.08.13","Kota Baru","53.08.13.2007","Hangalande"
"53","Nusa Tenggara Timur","53.08","Kabupaten Ende","53.08.13","Kota Baru","53.08.13.2012","Tou Barat"
"53","Nusa Tenggara Timur","53.08","Kabupaten Ende","53.08.13","Kota Baru","53.08.13.2013","Liselande"
"53","Nusa Tenggara Timur","53.08","Kabupaten Ende","53.08.13","Kota Baru","53.08.13.2014","Rangalaka"
"53","Nusa Tenggara Timur","53.08","Kabupaten Ende","53.08.13","Kota Baru","53.08.13.2015","Pise"
"53","Nusa Tenggara Timur","53.08","Kabupaten Ende","53.08.13","Kota Baru","53.08.13.2016","Neotonda"
"53","Nusa Tenggara Timur","53.08","Kabupaten Ende","53.08.13","Kota Baru","53.08.13.2017","Nuanaga"
"53","Nusa Tenggara Timur","53.08","Kabupaten Ende","53.08.14","Kelimutu","53.08.14.2002","Nduaria"
"53","Nusa Tenggara Timur","53.08","Kabupaten Ende","53.08.14","Kelimutu","53.08.14.2003","Nuamuri"
"53","Nusa Tenggara Timur","53.08","Kabupaten Ende","53.08.14","Kelimutu","53.08.14.2004","Nuamuri Barat"
"53","Nusa Tenggara Timur","53.08","Kabupaten Ende","53.08.14","Kelimutu","53.08.14.2005","Koanara"
"53","Nusa Tenggara Timur","53.08","Kabupaten Ende","53.08.14","Kelimutu","53.08.14.2006","Woloara"
"53","Nusa Tenggara Timur","53.08","Kabupaten Ende","53.08.14","Kelimutu","53.08.14.2007","Pemo"
"53","Nusa Tenggara Timur","53.08","Kabupaten Ende","53.08.14","Kelimutu","53.08.14.2009","Detuena"
"53","Nusa Tenggara Timur","53.08","Kabupaten Ende","53.08.14","Kelimutu","53.08.14.2010","Wolokelo"
"53","Nusa Tenggara Timur","53.08","Kabupaten Ende","53.08.14","Kelimutu","53.08.14.2011","Waturaka"
"53","Nusa Tenggara Timur","53.08","Kabupaten Ende","53.08.15","Detukeli","53.08.15.2001","Nggesa"
"53","Nusa Tenggara Timur","53.08","Kabupaten Ende","53.08.15","Detukeli","53.08.15.2002","Detukeli"
"53","Nusa Tenggara Timur","53.08","Kabupaten Ende","53.08.15","Detukeli","53.08.15.2003","Kebesani"
"53","Nusa Tenggara Timur","53.08","Kabupaten Ende","53.08.15","Detukeli","53.08.15.2004","Wolomuku"
"53","Nusa Tenggara Timur","53.08","Kabupaten Ende","53.08.15","Detukeli","53.08.15.2005","Watunggere"
"53","Nusa Tenggara Timur","53.08","Kabupaten Ende","53.08.15","Detukeli","53.08.15.2006","Nida"
"53","Nusa Tenggara Timur","53.08","Kabupaten Ende","53.08.15","Detukeli","53.08.15.2007","Maurole Selatan"
"53","Nusa Tenggara Timur","53.08","Kabupaten Ende","53.08.15","Detukeli","53.08.15.2008","Detumbewa"
"53","Nusa Tenggara Timur","53.08","Kabupaten Ende","53.08.15","Detukeli","53.08.15.2009","Kanganara"
"53","Nusa Tenggara Timur","53.08","Kabupaten Ende","53.08.15","Detukeli","53.08.15.2011","Unggu"
"53","Nusa Tenggara Timur","53.08","Kabupaten Ende","53.08.15","Detukeli","53.08.15.2012","Nggesabiri"
"53","Nusa Tenggara Timur","53.08","Kabupaten Ende","53.08.15","Detukeli","53.08.15.2013","Watunggere Marilonga"
"53","Nusa Tenggara Timur","53.08","Kabupaten Ende","53.08.15","Detukeli","53.08.15.2014","Jeo Du'a"
"53","Nusa Tenggara Timur","53.08","Kabupaten Ende","53.08.16","Ndona Timur","53.08.16.2001","Kurulimbu"
"53","Nusa Tenggara Timur","53.08","Kabupaten Ende","53.08.16","Ndona Timur","53.08.16.2002","Sokoria"
"53","Nusa Tenggara Timur","53.08","Kabupaten Ende","53.08.16","Ndona Timur","53.08.16.2003","Demulaka"
"53","Nusa Tenggara Timur","53.08","Kabupaten Ende","53.08.16","Ndona Timur","53.08.16.2004","Roga"
"53","Nusa Tenggara Timur","53.08","Kabupaten Ende","53.08.16","Ndona Timur","53.08.16.2005","Kurulimbu Selatan"
"53","Nusa Tenggara Timur","53.08","Kabupaten Ende","53.08.16","Ndona Timur","53.08.16.2006","Ngguwa"
"53","Nusa Tenggara Timur","53.08","Kabupaten Ende","53.08.16","Ndona Timur","53.08.16.2007","Sokoria Selatan"
"53","Nusa Tenggara Timur","53.08","Kabupaten Ende","53.08.17","Ndori","53.08.17.2001","Maubasa"
"53","Nusa Tenggara Timur","53.08","Kabupaten Ende","53.08.17","Ndori","53.08.17.2002","Maubasa Timur"
"53","Nusa Tenggara Timur","53.08","Kabupaten Ende","53.08.17","Ndori","53.08.17.2003","Wonda"
"53","Nusa Tenggara Timur","53.08","Kabupaten Ende","53.08.17","Ndori","53.08.17.2004","Serandori"
"53","Nusa Tenggara Timur","53.08","Kabupaten Ende","53.08.17","Ndori","53.08.17.2005","Kelisamba"
"53","Nusa Tenggara Timur","53.08","Kabupaten Ende","53.08.17","Ndori","53.08.17.2006","Mole"
"53","Nusa Tenggara Timur","53.08","Kabupaten Ende","53.08.17","Ndori","53.08.17.2007","Lungaria"
"53","Nusa Tenggara Timur","53.08","Kabupaten Ende","53.08.17","Ndori","53.08.17.2008","Aebara"
"53","Nusa Tenggara Timur","53.08","Kabupaten Ende","53.08.17","Ndori","53.08.17.2009","Ratemangga"
"53","Nusa Tenggara Timur","53.08","Kabupaten Ende","53.08.17","Ndori","53.08.17.2010","Maubasa Barat"
"53","Nusa Tenggara Timur","53.08","Kabupaten Ende","53.08.18","Ende Utara","53.08.18.1001","Kota Raja"
"53","Nusa Tenggara Timur","53.08","Kabupaten Ende","53.08.18","Ende Utara","53.08.18.1002","Kota Ratu"
"53","Nusa Tenggara Timur","53.08","Kabupaten Ende","53.08.18","Ende Utara","53.08.18.1003","Roworena"
"53","Nusa Tenggara Timur","53.08","Kabupaten Ende","53.08.18","Ende Utara","53.08.18.1007","Roworena Barat"
"53","Nusa Tenggara Timur","53.08","Kabupaten Ende","53.08.18","Ende Utara","53.08.18.2004","Gheoghoma"
"53","Nusa Tenggara Timur","53.08","Kabupaten Ende","53.08.18","Ende Utara","53.08.18.2005","Borokanda"
"53","Nusa Tenggara Timur","53.08","Kabupaten Ende","53.08.18","Ende Utara","53.08.18.2006","Watusipi"
"53","Nusa Tenggara Timur","53.08","Kabupaten Ende","53.08.18","Ende Utara","53.08.18.2008","Mbomba"
"53","Nusa Tenggara Timur","53.08","Kabupaten Ende","53.08.18","Ende Utara","53.08.18.2009","Embundoa"
"53","Nusa Tenggara Timur","53.08","Kabupaten Ende","53.08.18","Ende Utara","53.08.18.2010","Raterua"
"53","Nusa Tenggara Timur","53.08","Kabupaten Ende","53.08.19","Ende Tengah","53.08.19.1001","Potulando"
"53","Nusa Tenggara Timur","53.08","Kabupaten Ende","53.08.19","Ende Tengah","53.08.19.1002","Onekore"
"53","Nusa Tenggara Timur","53.08","Kabupaten Ende","53.08.19","Ende Tengah","53.08.19.1003","Kelimutu"
"53","Nusa Tenggara Timur","53.08","Kabupaten Ende","53.08.19","Ende Tengah","53.08.19.1004","Paupire"
"53","Nusa Tenggara Timur","53.08","Kabupaten Ende","53.08.20","Ende Timur","53.08.20.1001","Mautapaga"
"53","Nusa Tenggara Timur","53.08","Kabupaten Ende","53.08.20","Ende Timur","53.08.20.1002","Rewarangga"
"53","Nusa Tenggara Timur","53.08","Kabupaten Ende","53.08.20","Ende Timur","53.08.20.1006","Rewarangga Selatan"
"53","Nusa Tenggara Timur","53.08","Kabupaten Ende","53.08.20","Ende Timur","53.08.20.2003","Kedebodu"
"53","Nusa Tenggara Timur","53.08","Kabupaten Ende","53.08.20","Ende Timur","53.08.20.2004","Ndungga"
"53","Nusa Tenggara Timur","53.08","Kabupaten Ende","53.08.20","Ende Timur","53.08.20.2005","Tiwutewa"
"53","Nusa Tenggara Timur","53.08","Kabupaten Ende","53.08.21","Lepembusu Kelisoke","53.08.21.2001","Nggumbelaka"
"53","Nusa Tenggara Timur","53.08","Kabupaten Ende","53.08.21","Lepembusu Kelisoke","53.08.21.2002","Mukureku"
"53","Nusa Tenggara Timur","53.08","Kabupaten Ende","53.08.21","Lepembusu Kelisoke","53.08.21.2003","Wologai Timur"
"53","Nusa Tenggara Timur","53.08","Kabupaten Ende","53.08.21","Lepembusu Kelisoke","53.08.21.2004","Kuru"
"53","Nusa Tenggara Timur","53.08","Kabupaten Ende","53.08.21","Lepembusu Kelisoke","53.08.21.2005","Ndenggarongge"
"53","Nusa Tenggara Timur","53.08","Kabupaten Ende","53.08.21","Lepembusu Kelisoke","53.08.21.2006","Ndikosapu"
"53","Nusa Tenggara Timur","53.08","Kabupaten Ende","53.08.21","Lepembusu Kelisoke","53.08.21.2007","Taniwoda"
"53","Nusa Tenggara Timur","53.08","Kabupaten Ende","53.08.21","Lepembusu Kelisoke","53.08.21.2008","Tanalangi"
"53","Nusa Tenggara Timur","53.08","Kabupaten Ende","53.08.21","Lepembusu Kelisoke","53.08.21.2009","Detuara"
"53","Nusa Tenggara Timur","53.08","Kabupaten Ende","53.08.21","Lepembusu Kelisoke","53.08.21.2010","Tiwusora"
"53","Nusa Tenggara Timur","53.08","Kabupaten Ende","53.08.21","Lepembusu Kelisoke","53.08.21.2011","Lisekuru"
"53","Nusa Tenggara Timur","53.08","Kabupaten Ende","53.08.21","Lepembusu Kelisoke","53.08.21.2012","Rutujeja"
"53","Nusa Tenggara Timur","53.08","Kabupaten Ende","53.08.21","Lepembusu Kelisoke","53.08.21.2013","Mukureku Sa'ate"
"53","Nusa Tenggara Timur","53.08","Kabupaten Ende","53.08.21","Lepembusu Kelisoke","53.08.21.2014","Kurusare"
"53","Nusa Tenggara Timur","53.09","Kabupaten Ngada","53.09.01","Aimere","53.09.01.1002","Aimere"
"53","Nusa Tenggara Timur","53.09","Kabupaten Ngada","53.09.01","Aimere","53.09.01.1003","Foa"
"53","Nusa Tenggara Timur","53.09","Kabupaten Ngada","53.09.01","Aimere","53.09.01.2001","Keligejo"
"53","Nusa Tenggara Timur","53.09","Kabupaten Ngada","53.09.01","Aimere","53.09.01.2014","Aimere Timur"
"53","Nusa Tenggara Timur","53.09","Kabupaten Ngada","53.09.01","Aimere","53.09.01.2018","Heawea"
"53","Nusa Tenggara Timur","53.09","Kabupaten Ngada","53.09.01","Aimere","53.09.01.2019","Legelapu"
"53","Nusa Tenggara Timur","53.09","Kabupaten Ngada","53.09.01","Aimere","53.09.01.2020","Lekogoko"
"53","Nusa Tenggara Timur","53.09","Kabupaten Ngada","53.09.01","Aimere","53.09.01.2021","Binawali"
"53","Nusa Tenggara Timur","53.09","Kabupaten Ngada","53.09.01","Aimere","53.09.01.2022","Kila"
"53","Nusa Tenggara Timur","53.09","Kabupaten Ngada","53.09.01","Aimere","53.09.01.2023","Waesae"
"53","Nusa Tenggara Timur","53.09","Kabupaten Ngada","53.09.01","Aimere","53.09.01.2024","Mawwo Kisa"
"53","Nusa Tenggara Timur","53.09","Kabupaten Ngada","53.09.02","Golewa","53.09.02.1008","Todabelu"
"53","Nusa Tenggara Timur","53.09","Kabupaten Ngada","53.09.02","Golewa","53.09.02.1017","Mataloko"
"53","Nusa Tenggara Timur","53.09","Kabupaten Ngada","53.09.02","Golewa","53.09.02.2002","Were I"
"53","Nusa Tenggara Timur","53.09","Kabupaten Ngada","53.09.02","Golewa","53.09.02.2009","Sangadeto"
"53","Nusa Tenggara Timur","53.09","Kabupaten Ngada","53.09.02","Golewa","53.09.02.2010","Ratogesa"
"53","Nusa Tenggara Timur","53.09","Kabupaten Ngada","53.09.02","Golewa","53.09.02.2011","Radabata"
"53","Nusa Tenggara Timur","53.09","Kabupaten Ngada","53.09.02","Golewa","53.09.02.2018","Dadawea"
"53","Nusa Tenggara Timur","53.09","Kabupaten Ngada","53.09.02","Golewa","53.09.02.2019","Sarasedu"
"53","Nusa Tenggara Timur","53.09","Kabupaten Ngada","53.09.02","Golewa","53.09.02.2020","Malanuza"
"53","Nusa Tenggara Timur","53.09","Kabupaten Ngada","53.09.02","Golewa","53.09.02.2025","Were"
"53","Nusa Tenggara Timur","53.09","Kabupaten Ngada","53.09.02","Golewa","53.09.02.2026","Were IV"
"53","Nusa Tenggara Timur","53.09","Kabupaten Ngada","53.09.02","Golewa","53.09.02.2031","Malanuza I"
"53","Nusa Tenggara Timur","53.09","Kabupaten Ngada","53.09.02","Golewa","53.09.02.2032","Sarasedu I"
"53","Nusa Tenggara Timur","53.09","Kabupaten Ngada","53.09.02","Golewa","53.09.02.2036","Ulu Belu"
"53","Nusa Tenggara Timur","53.09","Kabupaten Ngada","53.09.02","Golewa","53.09.02.2037","Eko Roka"
"53","Nusa Tenggara Timur","53.09","Kabupaten Ngada","53.09.02","Golewa","53.09.02.2038","Wae Ia"
"53","Nusa Tenggara Timur","53.09","Kabupaten Ngada","53.09.02","Golewa","53.09.02.2039","Dolupore"
"53","Nusa Tenggara Timur","53.09","Kabupaten Ngada","53.09.02","Golewa","53.09.02.2040","Tiwo Toda"
"53","Nusa Tenggara Timur","53.09","Kabupaten Ngada","53.09.02","Golewa","53.09.02.2041","Kelimolo"
"53","Nusa Tenggara Timur","53.09","Kabupaten Ngada","53.09.02","Golewa","53.09.02.2042","Wogo"
"53","Nusa Tenggara Timur","53.09","Kabupaten Ngada","53.09.02","Golewa","53.09.02.2043","Radabata I"
"53","Nusa Tenggara Timur","53.09","Kabupaten Ngada","53.09.02","Golewa","53.09.02.2044","Bodosare"
"53","Nusa Tenggara Timur","53.09","Kabupaten Ngada","53.09.06","Bajawa","53.09.06.1013","Bajawa"
"53","Nusa Tenggara Timur","53.09","Kabupaten Ngada","53.09.06","Bajawa","53.09.06.1014","Tanalodu"
"53","Nusa Tenggara Timur","53.09","Kabupaten Ngada","53.09.06","Bajawa","53.09.06.1015","Kisanata"
"53","Nusa Tenggara Timur","53.09","Kabupaten Ngada","53.09.06","Bajawa","53.09.06.1016","Jawameze"
"53","Nusa Tenggara Timur","53.09","Kabupaten Ngada","53.09.06","Bajawa","53.09.06.1017","Trikora"
"53","Nusa Tenggara Timur","53.09","Kabupaten Ngada","53.09.06","Bajawa","53.09.06.1018","Ngedukelu"
"53","Nusa Tenggara Timur","53.09","Kabupaten Ngada","53.09.06","Bajawa","53.09.06.1019","Lebijaga"
"53","Nusa Tenggara Timur","53.09","Kabupaten Ngada","53.09.06","Bajawa","53.09.06.1020","Faobata"
"53","Nusa Tenggara Timur","53.09","Kabupaten Ngada","53.09.06","Bajawa","53.09.06.1021","Susu"
"53","Nusa Tenggara Timur","53.09","Kabupaten Ngada","53.09.06","Bajawa","53.09.06.2001","Beja"
"53","Nusa Tenggara Timur","53.09","Kabupaten Ngada","53.09.06","Bajawa","53.09.06.2002","Bomari"
"53","Nusa Tenggara Timur","53.09","Kabupaten Ngada","53.09.06","Bajawa","53.09.06.2003","Wawowae"
"53","Nusa Tenggara Timur","53.09","Kabupaten Ngada","53.09.06","Bajawa","53.09.06.2004","Ubedolumolo"
"53","Nusa Tenggara Timur","53.09","Kabupaten Ngada","53.09.06","Bajawa","53.09.06.2005","Naru"
"53","Nusa Tenggara Timur","53.09","Kabupaten Ngada","53.09.06","Bajawa","53.09.06.2009","Beiwali"
"53","Nusa Tenggara Timur","53.09","Kabupaten Ngada","53.09.06","Bajawa","53.09.06.2022","Borani"
"53","Nusa Tenggara Timur","53.09","Kabupaten Ngada","53.09.06","Bajawa","53.09.06.2023","Langagedha"
"53","Nusa Tenggara Timur","53.09","Kabupaten Ngada","53.09.06","Bajawa","53.09.06.2024","Pape"
"53","Nusa Tenggara Timur","53.09","Kabupaten Ngada","53.09.06","Bajawa","53.09.06.2025","Bowali"
"53","Nusa Tenggara Timur","53.09","Kabupaten Ngada","53.09.06","Bajawa","53.09.06.2026","Ngoranale"
"53","Nusa Tenggara Timur","53.09","Kabupaten Ngada","53.09.06","Bajawa","53.09.06.2027","Ubedolumolo I"
"53","Nusa Tenggara Timur","53.09","Kabupaten Ngada","53.09.06","Bajawa","53.09.06.2028","Bela"
"53","Nusa Tenggara Timur","53.09","Kabupaten Ngada","53.09.06","Bajawa","53.09.06.2029","Ngadhamana"
"53","Nusa Tenggara Timur","53.09","Kabupaten Ngada","53.09.06","Bajawa","53.09.06.2030","Bolonga"
"53","Nusa Tenggara Timur","53.09","Kabupaten Ngada","53.09.06","Bajawa","53.09.06.2031","Boradho"
"53","Nusa Tenggara Timur","53.09","Kabupaten Ngada","53.09.06","Bajawa","53.09.06.2032","Mukuvoka"
"53","Nusa Tenggara Timur","53.09","Kabupaten Ngada","53.09.06","Bajawa","53.09.06.2033","Ubedolumolo II"
"53","Nusa Tenggara Timur","53.09","Kabupaten Ngada","53.09.06","Bajawa","53.09.06.2034","Langagedha I"
"53","Nusa Tenggara Timur","53.09","Kabupaten Ngada","53.09.07","Soa","53.09.07.2001","Waepana"
"53","Nusa Tenggara Timur","53.09","Kabupaten Ngada","53.09.07","Soa","53.09.07.2004","Masumeli"
"53","Nusa Tenggara Timur","53.09","Kabupaten Ngada","53.09.07","Soa","53.09.07.2005","Piga"
"53","Nusa Tenggara Timur","53.09","Kabupaten Ngada","53.09.07","Soa","53.09.07.2006","Loa"
"53","Nusa Tenggara Timur","53.09","Kabupaten Ngada","53.09.07","Soa","53.09.07.2007","Tarawaja"
"53","Nusa Tenggara Timur","53.09","Kabupaten Ngada","53.09.07","Soa","53.09.07.2008","Seso"
"53","Nusa Tenggara Timur","53.09","Kabupaten Ngada","53.09.07","Soa","53.09.07.2010","Mengeruda"
"53","Nusa Tenggara Timur","53.09","Kabupaten Ngada","53.09.07","Soa","53.09.07.2011","Masu Kedhi"
"53","Nusa Tenggara Timur","53.09","Kabupaten Ngada","53.09.07","Soa","53.09.07.2012","Libunio"
"53","Nusa Tenggara Timur","53.09","Kabupaten Ngada","53.09.07","Soa","53.09.07.2013","Meli Waru"
"53","Nusa Tenggara Timur","53.09","Kabupaten Ngada","53.09.07","Soa","53.09.07.2014","Ngabheo"
"53","Nusa Tenggara Timur","53.09","Kabupaten Ngada","53.09.07","Soa","53.09.07.2016","Bogoboa"
"53","Nusa Tenggara Timur","53.09","Kabupaten Ngada","53.09.07","Soa","53.09.07.2017","Piga I"
"53","Nusa Tenggara Timur","53.09","Kabupaten Ngada","53.09.07","Soa","53.09.07.2018","Tarawali"
"53","Nusa Tenggara Timur","53.09","Kabupaten Ngada","53.09.07","Soa","53.09.07.2019","Waepana I"
"53","Nusa Tenggara Timur","53.09","Kabupaten Ngada","53.09.07","Soa","53.09.07.2020","Lokaweka"
"53","Nusa Tenggara Timur","53.09","Kabupaten Ngada","53.09.09","Riung","53.09.09.1010","Benteng Tengah"
"53","Nusa Tenggara Timur","53.09","Kabupaten Ngada","53.09.09","Riung","53.09.09.1011","Nangamese"
"53","Nusa Tenggara Timur","53.09","Kabupaten Ngada","53.09.09","Riung","53.09.09.2005","Taenterong"
"53","Nusa Tenggara Timur","53.09","Kabupaten Ngada","53.09.09","Riung","53.09.09.2006","Wangka"
"53","Nusa Tenggara Timur","53.09","Kabupaten Ngada","53.09.09","Riung","53.09.09.2008","Lengkosambi"
"53","Nusa Tenggara Timur","53.09","Kabupaten Ngada","53.09.09","Riung","53.09.09.2009","Tadho"
"53","Nusa Tenggara Timur","53.09","Kabupaten Ngada","53.09.09","Riung","53.09.09.2012","Sambinasi"
"53","Nusa Tenggara Timur","53.09","Kabupaten Ngada","53.09.09","Riung","53.09.09.2013","Latung"
"53","Nusa Tenggara Timur","53.09","Kabupaten Ngada","53.09.09","Riung","53.09.09.2014","Rawangkalo"
"53","Nusa Tenggara Timur","53.09","Kabupaten Ngada","53.09.09","Riung","53.09.09.2016","Wangka Selatan"
"53","Nusa Tenggara Timur","53.09","Kabupaten Ngada","53.09.09","Riung","53.09.09.2017","Lengkosambi Timur"
"53","Nusa Tenggara Timur","53.09","Kabupaten Ngada","53.09.09","Riung","53.09.09.2018","Lengkosambi Barat"
"53","Nusa Tenggara Timur","53.09","Kabupaten Ngada","53.09.09","Riung","53.09.09.2019","Sambinasi Barat"
"53","Nusa Tenggara Timur","53.09","Kabupaten Ngada","53.09.09","Riung","53.09.09.2020","Lengkosambi Utara"
"53","Nusa Tenggara Timur","53.09","Kabupaten Ngada","53.09.09","Riung","53.09.09.2021","Taen Terong I"
"53","Nusa Tenggara Timur","53.09","Kabupaten Ngada","53.09.09","Riung","53.09.09.2022","Taen Terong II"
"53","Nusa Tenggara Timur","53.09","Kabupaten Ngada","53.09.09","Riung","53.09.09.2023","Kota Raja"
"53","Nusa Tenggara Timur","53.09","Kabupaten Ngada","53.09.09","Riung","53.09.09.2024","Ite Jaya"
"53","Nusa Tenggara Timur","53.09","Kabupaten Ngada","53.09.09","Riung","53.09.09.2025","Wangka Barat"
"53","Nusa Tenggara Timur","53.09","Kabupaten Ngada","53.09.09","Riung","53.09.09.2026","Lengkosambi Tengah"
"53","Nusa Tenggara Timur","53.09","Kabupaten Ngada","53.09.09","Riung","53.09.09.2027","Tadho Timur"
"53","Nusa Tenggara Timur","53.09","Kabupaten Ngada","53.09.09","Riung","53.09.09.2028","Tadho Barat"
"53","Nusa Tenggara Timur","53.09","Kabupaten Ngada","53.09.09","Riung","53.09.09.2029","Tadho Tengah"
"53","Nusa Tenggara Timur","53.09","Kabupaten Ngada","53.09.09","Riung","53.09.09.2030","Sambinasi Tengah"
"53","Nusa Tenggara Timur","53.09","Kabupaten Ngada","53.09.09","Riung","53.09.09.2031","Latung Barat"
"53","Nusa Tenggara Timur","53.09","Kabupaten Ngada","53.09.09","Riung","53.09.09.2032","Rawangkalo I"
"53","Nusa Tenggara Timur","53.09","Kabupaten Ngada","53.09.09","Riung","53.09.09.2033","Rawangkalo II"
"53","Nusa Tenggara Timur","53.09","Kabupaten Ngada","53.09.09","Riung","53.09.09.2034","Wakamanga"
"53","Nusa Tenggara Timur","53.09","Kabupaten Ngada","53.09.09","Riung","53.09.09.2035","Lengkosambi Barat Daya"
"53","Nusa Tenggara Timur","53.09","Kabupaten Ngada","53.09.12","Jerebuu","53.09.12.2001","Watumanu"
"53","Nusa Tenggara Timur","53.09","Kabupaten Ngada","53.09.12","Jerebuu","53.09.12.2002","Tiworiwu"
"53","Nusa Tenggara Timur","53.09","Kabupaten Ngada","53.09.12","Jerebuu","53.09.12.2003","Dariwali"
"53","Nusa Tenggara Timur","53.09","Kabupaten Ngada","53.09.12","Jerebuu","53.09.12.2004","Naruwolo"
"53","Nusa Tenggara Timur","53.09","Kabupaten Ngada","53.09.12","Jerebuu","53.09.12.2005","Nenowea"
"53","Nusa Tenggara Timur","53.09","Kabupaten Ngada","53.09.12","Jerebuu","53.09.12.2007","Naruwolo I"
"53","Nusa Tenggara Timur","53.09","Kabupaten Ngada","53.09.12","Jerebuu","53.09.12.2008","Naruwolo II"
"53","Nusa Tenggara Timur","53.09","Kabupaten Ngada","53.09.12","Jerebuu","53.09.12.2009","Dariwali I"
"53","Nusa Tenggara Timur","53.09","Kabupaten Ngada","53.09.12","Jerebuu","53.09.12.2010","Nio Lewa"
"53","Nusa Tenggara Timur","53.09","Kabupaten Ngada","53.09.12","Jerebuu","53.09.12.2011","Tiworiwu I"
"53","Nusa Tenggara Timur","53.09","Kabupaten Ngada","53.09.12","Jerebuu","53.09.12.2012","Tiworiwu II"
"53","Nusa Tenggara Timur","53.09","Kabupaten Ngada","53.09.12","Jerebuu","53.09.12.2015","Batajawa"
"53","Nusa Tenggara Timur","53.09","Kabupaten Ngada","53.09.12","Jerebuu","53.09.12.2016","Wongawea"
"53","Nusa Tenggara Timur","53.09","Kabupaten Ngada","53.09.12","Jerebuu","53.09.12.2017","Bowaru"
"53","Nusa Tenggara Timur","53.09","Kabupaten Ngada","53.09.14","Riung Barat","53.09.14.2001","Benteng Tawa"
"53","Nusa Tenggara Timur","53.09","Kabupaten Ngada","53.09.14","Riung Barat","53.09.14.2002","Lanamai"
"53","Nusa Tenggara Timur","53.09","Kabupaten Ngada","53.09.14","Riung Barat","53.09.14.2003","Wolomeze"
"53","Nusa Tenggara Timur","53.09","Kabupaten Ngada","53.09.14","Riung Barat","53.09.14.2004","Ria"
"53","Nusa Tenggara Timur","53.09","Kabupaten Ngada","53.09.14","Riung Barat","53.09.14.2005","Ngara"
"53","Nusa Tenggara Timur","53.09","Kabupaten Ngada","53.09.14","Riung Barat","53.09.14.2006","Ria I"
"53","Nusa Tenggara Timur","53.09","Kabupaten Ngada","53.09.14","Riung Barat","53.09.14.2007","Wolomeze I"
"53","Nusa Tenggara Timur","53.09","Kabupaten Ngada","53.09.14","Riung Barat","53.09.14.2008","Benteng Tawa I"
"53","Nusa Tenggara Timur","53.09","Kabupaten Ngada","53.09.14","Riung Barat","53.09.14.2009","Lanamai I"
"53","Nusa Tenggara Timur","53.09","Kabupaten Ngada","53.09.14","Riung Barat","53.09.14.2010","Wolomeze II"
"53","Nusa Tenggara Timur","53.09","Kabupaten Ngada","53.09.14","Riung Barat","53.09.14.2011","Benteng Tawa II"
"53","Nusa Tenggara Timur","53.09","Kabupaten Ngada","53.09.14","Riung Barat","53.09.14.2012","Benteng Tawa III"
"53","Nusa Tenggara Timur","53.09","Kabupaten Ngada","53.09.14","Riung Barat","53.09.14.2013","Lanamai II"
"53","Nusa Tenggara Timur","53.09","Kabupaten Ngada","53.09.14","Riung Barat","53.09.14.2014","Kembang"
"53","Nusa Tenggara Timur","53.09","Kabupaten Ngada","53.09.14","Riung Barat","53.09.14.2015","Wate"
"53","Nusa Tenggara Timur","53.09","Kabupaten Ngada","53.09.14","Riung Barat","53.09.14.2016","Ngara I"
"53","Nusa Tenggara Timur","53.09","Kabupaten Ngada","53.09.14","Riung Barat","53.09.14.2017","Benteng Tawa IV"
"53","Nusa Tenggara Timur","53.09","Kabupaten Ngada","53.09.14","Riung Barat","53.09.14.2018","Benteng Tawa V"
"53","Nusa Tenggara Timur","53.09","Kabupaten Ngada","53.09.14","Riung Barat","53.09.14.2019","Nili Waru Sae"
"53","Nusa Tenggara Timur","53.09","Kabupaten Ngada","53.09.15","Bajawa Utara","53.09.15.2001","Uluwae"
"53","Nusa Tenggara Timur","53.09","Kabupaten Ngada","53.09.15","Bajawa Utara","53.09.15.2002","Inelika"
"53","Nusa Tenggara Timur","53.09","Kabupaten Ngada","53.09.15","Bajawa Utara","53.09.15.2003","Inegena"
"53","Nusa Tenggara Timur","53.09","Kabupaten Ngada","53.09.15","Bajawa Utara","53.09.15.2004","Wololika"
"53","Nusa Tenggara Timur","53.09","Kabupaten Ngada","53.09.15","Bajawa Utara","53.09.15.2005","Watukapu"
"53","Nusa Tenggara Timur","53.09","Kabupaten Ngada","53.09.15","Bajawa Utara","53.09.15.2006","Waewea"
"53","Nusa Tenggara Timur","53.09","Kabupaten Ngada","53.09.15","Bajawa Utara","53.09.15.2007","Nabelena"
"53","Nusa Tenggara Timur","53.09","Kabupaten Ngada","53.09.15","Bajawa Utara","53.09.15.2008","Genamere"
"53","Nusa Tenggara Timur","53.09","Kabupaten Ngada","53.09.15","Bajawa Utara","53.09.15.2009","Uluwae I"
"53","Nusa Tenggara Timur","53.09","Kabupaten Ngada","53.09.15","Bajawa Utara","53.09.15.2010","Uluwae II"
"53","Nusa Tenggara Timur","53.09","Kabupaten Ngada","53.09.15","Bajawa Utara","53.09.15.2011","Tura Muri"
"53","Nusa Tenggara Timur","53.09","Kabupaten Ngada","53.09.15","Bajawa Utara","53.09.15.2012","Bowado"
"53","Nusa Tenggara Timur","53.09","Kabupaten Ngada","53.09.16","Wolomeze","53.09.16.2001","Nginamanu"
"53","Nusa Tenggara Timur","53.09","Kabupaten Ngada","53.09.16","Wolomeze","53.09.16.2002","Denatana"
"53","Nusa Tenggara Timur","53.09","Kabupaten Ngada","53.09.16","Wolomeze","53.09.16.2003","Mainai"
"53","Nusa Tenggara Timur","53.09","Kabupaten Ngada","53.09.16","Wolomeze","53.09.16.2004","Turaloa"
"53","Nusa Tenggara Timur","53.09","Kabupaten Ngada","53.09.16","Wolomeze","53.09.16.2005","Nginamanu Selatan"
"53","Nusa Tenggara Timur","53.09","Kabupaten Ngada","53.09.16","Wolomeze","53.09.16.2006","Nginamanu Barat"
"53","Nusa Tenggara Timur","53.09","Kabupaten Ngada","53.09.16","Wolomeze","53.09.16.2007","Wue"
"53","Nusa Tenggara Timur","53.09","Kabupaten Ngada","53.09.16","Wolomeze","53.09.16.2008","Denatana Timur"
"53","Nusa Tenggara Timur","53.09","Kabupaten Ngada","53.09.16","Wolomeze","53.09.16.2009","Larilaki"
"53","Nusa Tenggara Timur","53.09","Kabupaten Ngada","53.09.16","Wolomeze","53.09.16.2010","Mulumese"
"53","Nusa Tenggara Timur","53.09","Kabupaten Ngada","53.09.16","Wolomeze","53.09.16.2011","Turaloa Timur"
"53","Nusa Tenggara Timur","53.09","Kabupaten Ngada","53.09.18","Golewa Selatan","53.09.18.2001","Bawarani"
"53","Nusa Tenggara Timur","53.09","Kabupaten Ngada","53.09.18","Golewa Selatan","53.09.18.2002","Wogowela"
"53","Nusa Tenggara Timur","53.09","Kabupaten Ngada","53.09.18","Golewa Selatan","53.09.18.2003","Watu Sipi"
"53","Nusa Tenggara Timur","53.09","Kabupaten Ngada","53.09.18","Golewa Selatan","53.09.18.2004","Boba"
"53","Nusa Tenggara Timur","53.09","Kabupaten Ngada","53.09.18","Golewa Selatan","53.09.18.2005","Boba I"
"53","Nusa Tenggara Timur","53.09","Kabupaten Ngada","53.09.18","Golewa Selatan","53.09.18.2006","Were III"
"53","Nusa Tenggara Timur","53.09","Kabupaten Ngada","53.09.18","Golewa Selatan","53.09.18.2007","Kezewea"
"53","Nusa Tenggara Timur","53.09","Kabupaten Ngada","53.09.18","Golewa Selatan","53.09.18.2008","Nirmala"
"53","Nusa Tenggara Timur","53.09","Kabupaten Ngada","53.09.18","Golewa Selatan","53.09.18.2009","Sadha"
"53","Nusa Tenggara Timur","53.09","Kabupaten Ngada","53.09.18","Golewa Selatan","53.09.18.2010","Takatunga"
"53","Nusa Tenggara Timur","53.09","Kabupaten Ngada","53.09.18","Golewa Selatan","53.09.18.2011","Radamasa"
"53","Nusa Tenggara Timur","53.09","Kabupaten Ngada","53.09.18","Golewa Selatan","53.09.18.2012","Were II"
"53","Nusa Tenggara Timur","53.09","Kabupaten Ngada","53.09.18","Golewa Selatan","53.09.18.2013","Bobawa"
"53","Nusa Tenggara Timur","53.09","Kabupaten Ngada","53.09.18","Golewa Selatan","53.09.18.2014","Were V"
"53","Nusa Tenggara Timur","53.09","Kabupaten Ngada","53.09.18","Golewa Selatan","53.09.18.2015","Were VI"
"53","Nusa Tenggara Timur","53.09","Kabupaten Ngada","53.09.18","Golewa Selatan","53.09.18.2016","Kezewea I"
"53","Nusa Tenggara Timur","53.09","Kabupaten Ngada","53.09.18","Golewa Selatan","53.09.18.2017","Sadha I"
"53","Nusa Tenggara Timur","53.09","Kabupaten Ngada","53.09.18","Golewa Selatan","53.09.18.2018","Takatunga I"
"53","Nusa Tenggara Timur","53.09","Kabupaten Ngada","53.09.19","Golewa Barat","53.09.19.1001","Mangulewa"
"53","Nusa Tenggara Timur","53.09","Kabupaten Ngada","53.09.19","Golewa Barat","53.09.19.2002","Turekisa"
"53","Nusa Tenggara Timur","53.09","Kabupaten Ngada","53.09.19","Golewa Barat","53.09.19.2003","Rakalaba"
"53","Nusa Tenggara Timur","53.09","Kabupaten Ngada","53.09.19","Golewa Barat","53.09.19.2004","Sobo"
"53","Nusa Tenggara Timur","53.09","Kabupaten Ngada","53.09.19","Golewa Barat","53.09.19.2005","Sobo I"
"53","Nusa Tenggara Timur","53.09","Kabupaten Ngada","53.09.19","Golewa Barat","53.09.19.2006","Rakateda I"
"53","Nusa Tenggara Timur","53.09","Kabupaten Ngada","53.09.19","Golewa Barat","53.09.19.2007","Rakateda II"
"53","Nusa Tenggara Timur","53.09","Kabupaten Ngada","53.09.19","Golewa Barat","53.09.19.2008","Watunay"
"53","Nusa Tenggara Timur","53.09","Kabupaten Ngada","53.09.19","Golewa Barat","53.09.19.2009","Dizi Gedha"
"53","Nusa Tenggara Timur","53.09","Kabupaten Ngada","53.09.19","Golewa Barat","53.09.19.2010","Bea Pawe"
"53","Nusa Tenggara Timur","53.09","Kabupaten Ngada","53.09.19","Golewa Barat","53.09.19.2011","Bopoma"
"53","Nusa Tenggara Timur","53.09","Kabupaten Ngada","53.09.19","Golewa Barat","53.09.19.2012","Rakalaba I"
"53","Nusa Tenggara Timur","53.09","Kabupaten Ngada","53.09.19","Golewa Barat","53.09.19.2013","Sobo II"
"53","Nusa Tenggara Timur","53.09","Kabupaten Ngada","53.09.20","Inerie","53.09.20.2001","Paupaga"
"53","Nusa Tenggara Timur","53.09","Kabupaten Ngada","53.09.20","Inerie","53.09.20.2002","Sebowuli"
"53","Nusa Tenggara Timur","53.09","Kabupaten Ngada","53.09.20","Inerie","53.09.20.2003","Inerie"
"53","Nusa Tenggara Timur","53.09","Kabupaten Ngada","53.09.20","Inerie","53.09.20.2004","Warupele I"
"53","Nusa Tenggara Timur","53.09","Kabupaten Ngada","53.09.20","Inerie","53.09.20.2005","Warupele II"
"53","Nusa Tenggara Timur","53.09","Kabupaten Ngada","53.09.20","Inerie","53.09.20.2006","Kelitei"
"53","Nusa Tenggara Timur","53.09","Kabupaten Ngada","53.09.20","Inerie","53.09.20.2007","Waebela"
"53","Nusa Tenggara Timur","53.09","Kabupaten Ngada","53.09.20","Inerie","53.09.20.2008","Tiwurana"
"53","Nusa Tenggara Timur","53.09","Kabupaten Ngada","53.09.20","Inerie","53.09.20.2009","Legeriwu"
"53","Nusa Tenggara Timur","53.09","Kabupaten Ngada","53.09.20","Inerie","53.09.20.2010","Manubhara"
"53","Nusa Tenggara Timur","53.09","Kabupaten Ngada","53.09.20","Inerie","53.09.20.2011","Ruto"
"53","Nusa Tenggara Timur","53.09","Kabupaten Ngada","53.09.20","Inerie","53.09.20.2012","Enabhara"
"53","Nusa Tenggara Timur","53.09","Kabupaten Ngada","53.09.20","Inerie","53.09.20.2013","Nagebaru"
"53","Nusa Tenggara Timur","53.10","Kabupaten Manggarai","53.10.01","Wae Rii","53.10.01.2001","Satar Ngkeling"
"53","Nusa Tenggara Timur","53.10","Kabupaten Manggarai","53.10.01","Wae Rii","53.10.01.2002","Lalong"
"53","Nusa Tenggara Timur","53.10","Kabupaten Manggarai","53.10.01","Wae Rii","53.10.01.2003","Poco"
"53","Nusa Tenggara Timur","53.10","Kabupaten Manggarai","53.10.01","Wae Rii","53.10.01.2004","Wae Mulu"
"53","Nusa Tenggara Timur","53.10","Kabupaten Manggarai","53.10.01","Wae Rii","53.10.01.2005","Ndehes"
"53","Nusa Tenggara Timur","53.10","Kabupaten Manggarai","53.10.01","Wae Rii","53.10.01.2006","Golo Cador"
"53","Nusa Tenggara Timur","53.10","Kabupaten Manggarai","53.10.01","Wae Rii","53.10.01.2007","Longko"
"53","Nusa Tenggara Timur","53.10","Kabupaten Manggarai","53.10.01","Wae Rii","53.10.01.2008","Ranggi"
"53","Nusa Tenggara Timur","53.10","Kabupaten Manggarai","53.10.01","Wae Rii","53.10.01.2009","Compang Ndehes"
"53","Nusa Tenggara Timur","53.10","Kabupaten Manggarai","53.10.01","Wae Rii","53.10.01.2010","Bangka Jong"
"53","Nusa Tenggara Timur","53.10","Kabupaten Manggarai","53.10.01","Wae Rii","53.10.01.2012","Bangka Kenda"
"53","Nusa Tenggara Timur","53.10","Kabupaten Manggarai","53.10.01","Wae Rii","53.10.01.2013","Golo Mendo"
"53","Nusa Tenggara Timur","53.10","Kabupaten Manggarai","53.10.01","Wae Rii","53.10.01.2014","Golo Wuas"
"53","Nusa Tenggara Timur","53.10","Kabupaten Manggarai","53.10.01","Wae Rii","53.10.01.2015","Wae Rii"
"53","Nusa Tenggara Timur","53.10","Kabupaten Manggarai","53.10.01","Wae Rii","53.10.01.2016","Ranaka"
"53","Nusa Tenggara Timur","53.10","Kabupaten Manggarai","53.10.01","Wae Rii","53.10.01.2017","Golo Watu"
"53","Nusa Tenggara Timur","53.10","Kabupaten Manggarai","53.10.01","Wae Rii","53.10.01.2018","Benteng Poco"
"53","Nusa Tenggara Timur","53.10","Kabupaten Manggarai","53.10.03","Ruteng","53.10.03.1005","Wae Belang"
"53","Nusa Tenggara Timur","53.10","Kabupaten Manggarai","53.10.03","Ruteng","53.10.03.2002","Cumbi"
"53","Nusa Tenggara Timur","53.10","Kabupaten Manggarai","53.10.03","Ruteng","53.10.03.2003","Kakor"
"53","Nusa Tenggara Timur","53.10","Kabupaten Manggarai","53.10.03","Ruteng","53.10.03.2004","Pong Murung"
"53","Nusa Tenggara Timur","53.10","Kabupaten Manggarai","53.10.03","Ruteng","53.10.03.2006","Bulan"
"53","Nusa Tenggara Timur","53.10","Kabupaten Manggarai","53.10.03","Ruteng","53.10.03.2010","Pong Lao"
"53","Nusa Tenggara Timur","53.10","Kabupaten Manggarai","53.10.03","Ruteng","53.10.03.2011","Beo Rahong"
"53","Nusa Tenggara Timur","53.10","Kabupaten Manggarai","53.10.03","Ruteng","53.10.03.2019","Golo Worok"
"53","Nusa Tenggara Timur","53.10","Kabupaten Manggarai","53.10.03","Ruteng","53.10.03.2020","Meler"
"53","Nusa Tenggara Timur","53.10","Kabupaten Manggarai","53.10.03","Ruteng","53.10.03.2021","Benteng Kuwu"
"53","Nusa Tenggara Timur","53.10","Kabupaten Manggarai","53.10.03","Ruteng","53.10.03.2022","Belang Turi"
"53","Nusa Tenggara Timur","53.10","Kabupaten Manggarai","53.10.03","Ruteng","53.10.03.2023","Pong Leko"
"53","Nusa Tenggara Timur","53.10","Kabupaten Manggarai","53.10.03","Ruteng","53.10.03.2024","Rai"
"53","Nusa Tenggara Timur","53.10","Kabupaten Manggarai","53.10.03","Ruteng","53.10.03.2025","Poco Likang"
"53","Nusa Tenggara Timur","53.10","Kabupaten Manggarai","53.10.03","Ruteng","53.10.03.2029","Bangka Lao"
"53","Nusa Tenggara Timur","53.10","Kabupaten Manggarai","53.10.03","Ruteng","53.10.03.2030","Compang Dalo"
"53","Nusa Tenggara Timur","53.10","Kabupaten Manggarai","53.10.03","Ruteng","53.10.03.2031","Bea Kakor"
"53","Nusa Tenggara Timur","53.10","Kabupaten Manggarai","53.10.03","Ruteng","53.10.03.2032","Compang Namut"
"53","Nusa Tenggara Timur","53.10","Kabupaten Manggarai","53.10.03","Ruteng","53.10.03.2033","Pong Lale"
"53","Nusa Tenggara Timur","53.10","Kabupaten Manggarai","53.10.05","Satar Mese","53.10.05.2003","Jaong"
"53","Nusa Tenggara Timur","53.10","Kabupaten Manggarai","53.10.05","Satar Mese","53.10.05.2004","Pongkor"
"53","Nusa Tenggara Timur","53.10","Kabupaten Manggarai","53.10.05","Satar Mese","53.10.05.2005","Wae Ajang"
"53","Nusa Tenggara Timur","53.10","Kabupaten Manggarai","53.10.05","Satar Mese","53.10.05.2018","Papang"
"53","Nusa Tenggara Timur","53.10","Kabupaten Manggarai","53.10.05","Satar Mese","53.10.05.2019","Wewo"
"53","Nusa Tenggara Timur","53.10","Kabupaten Manggarai","53.10.05","Satar Mese","53.10.05.2020","Lungar"
"53","Nusa Tenggara Timur","53.10","Kabupaten Manggarai","53.10.05","Satar Mese","53.10.05.2021","Mocok"
"53","Nusa Tenggara Timur","53.10","Kabupaten Manggarai","53.10.05","Satar Mese","53.10.05.2022","Koak"
"53","Nusa Tenggara Timur","53.10","Kabupaten Manggarai","53.10.05","Satar Mese","53.10.05.2023","Langgo"
"53","Nusa Tenggara Timur","53.10","Kabupaten Manggarai","53.10.05","Satar Mese","53.10.05.2024","Legu"
"53","Nusa Tenggara Timur","53.10","Kabupaten Manggarai","53.10.05","Satar Mese","53.10.05.2025","Paka"
"53","Nusa Tenggara Timur","53.10","Kabupaten Manggarai","53.10.05","Satar Mese","53.10.05.2028","Tal"
"53","Nusa Tenggara Timur","53.10","Kabupaten Manggarai","53.10.05","Satar Mese","53.10.05.2031","Golo Lambo"
"53","Nusa Tenggara Timur","53.10","Kabupaten Manggarai","53.10.05","Satar Mese","53.10.05.2032","Ngkaer"
"53","Nusa Tenggara Timur","53.10","Kabupaten Manggarai","53.10.05","Satar Mese","53.10.05.2033","Umung"
"53","Nusa Tenggara Timur","53.10","Kabupaten Manggarai","53.10.05","Satar Mese","53.10.05.2034","Tado"
"53","Nusa Tenggara Timur","53.10","Kabupaten Manggarai","53.10.05","Satar Mese","53.10.05.2035","Gara"
"53","Nusa Tenggara Timur","53.10","Kabupaten Manggarai","53.10.05","Satar Mese","53.10.05.2036","Golo Muntas"
"53","Nusa Tenggara Timur","53.10","Kabupaten Manggarai","53.10.05","Satar Mese","53.10.05.2038","Ponggeok"
"53","Nusa Tenggara Timur","53.10","Kabupaten Manggarai","53.10.05","Satar Mese","53.10.05.2039","Iteng"
"53","Nusa Tenggara Timur","53.10","Kabupaten Manggarai","53.10.05","Satar Mese","53.10.05.2040","Satar Loung"
"53","Nusa Tenggara Timur","53.10","Kabupaten Manggarai","53.10.05","Satar Mese","53.10.05.2041","Lolang"
"53","Nusa Tenggara Timur","53.10","Kabupaten Manggarai","53.10.05","Satar Mese","53.10.05.2042","Ulu Belang"
"53","Nusa Tenggara Timur","53.10","Kabupaten Manggarai","53.10.06","Cibal","53.10.06.1026","Pagal"
"53","Nusa Tenggara Timur","53.10","Kabupaten Manggarai","53.10.06","Cibal","53.10.06.2001","Nenu"
"53","Nusa Tenggara Timur","53.10","Kabupaten Manggarai","53.10.06","Cibal","53.10.06.2002","Rado"
"53","Nusa Tenggara Timur","53.10","Kabupaten Manggarai","53.10.06","Cibal","53.10.06.2006","Wudi"
"53","Nusa Tenggara Timur","53.10","Kabupaten Manggarai","53.10.06","Cibal","53.10.06.2007","Welu"
"53","Nusa Tenggara Timur","53.10","Kabupaten Manggarai","53.10.06","Cibal","53.10.06.2008","Golo"
"53","Nusa Tenggara Timur","53.10","Kabupaten Manggarai","53.10.06","Cibal","53.10.06.2009","Barang"
"53","Nusa Tenggara Timur","53.10","Kabupaten Manggarai","53.10.06","Cibal","53.10.06.2010","Perak"
"53","Nusa Tenggara Timur","53.10","Kabupaten Manggarai","53.10.06","Cibal","53.10.06.2011","Bea Mese"
"53","Nusa Tenggara Timur","53.10","Kabupaten Manggarai","53.10.06","Cibal","53.10.06.2012","Langkas"
"53","Nusa Tenggara Timur","53.10","Kabupaten Manggarai","53.10.06","Cibal","53.10.06.2013","Ladur"
"53","Nusa Tenggara Timur","53.10","Kabupaten Manggarai","53.10.06","Cibal","53.10.06.2014","Kentol"
"53","Nusa Tenggara Timur","53.10","Kabupaten Manggarai","53.10.06","Cibal","53.10.06.2015","Riung"
"53","Nusa Tenggara Timur","53.10","Kabupaten Manggarai","53.10.06","Cibal","53.10.06.2022","Pinggang"
"53","Nusa Tenggara Timur","53.10","Kabupaten Manggarai","53.10.06","Cibal","53.10.06.2024","Lando"
"53","Nusa Tenggara Timur","53.10","Kabupaten Manggarai","53.10.06","Cibal","53.10.06.2025","Gapong"
"53","Nusa Tenggara Timur","53.10","Kabupaten Manggarai","53.10.06","Cibal","53.10.06.2027","Golo Ncuang"
"53","Nusa Tenggara Timur","53.10","Kabupaten Manggarai","53.10.11","Reok","53.10.11.1017","Reo"
"53","Nusa Tenggara Timur","53.10","Kabupaten Manggarai","53.10.11","Reok","53.10.11.1018","Mata Air"
"53","Nusa Tenggara Timur","53.10","Kabupaten Manggarai","53.10.11","Reok","53.10.11.1019","Baru"
"53","Nusa Tenggara Timur","53.10","Kabupaten Manggarai","53.10.11","Reok","53.10.11.1020","Wangkung"
"53","Nusa Tenggara Timur","53.10","Kabupaten Manggarai","53.10.11","Reok","53.10.11.2001","Robek"
"53","Nusa Tenggara Timur","53.10","Kabupaten Manggarai","53.10.11","Reok","53.10.11.2009","Ruis"
"53","Nusa Tenggara Timur","53.10","Kabupaten Manggarai","53.10.11","Reok","53.10.11.2010","Bajak"
"53","Nusa Tenggara Timur","53.10","Kabupaten Manggarai","53.10.11","Reok","53.10.11.2011","Watu Baur"
"53","Nusa Tenggara Timur","53.10","Kabupaten Manggarai","53.10.11","Reok","53.10.11.2012","Salama"
"53","Nusa Tenggara Timur","53.10","Kabupaten Manggarai","53.10.11","Reok","53.10.11.2016","Watu Tango"
"53","Nusa Tenggara Timur","53.10","Kabupaten Manggarai","53.10.12","Langke Rembong","53.10.12.1001","Golo Dukal"
"53","Nusa Tenggara Timur","53.10","Kabupaten Manggarai","53.10.12","Langke Rembong","53.10.12.1002","Wali"
"53","Nusa Tenggara Timur","53.10","Kabupaten Manggarai","53.10.12","Langke Rembong","53.10.12.1003","Karot"
"53","Nusa Tenggara Timur","53.10","Kabupaten Manggarai","53.10.12","Langke Rembong","53.10.12.1004","Pitak"
"53","Nusa Tenggara Timur","53.10","Kabupaten Manggarai","53.10.12","Langke Rembong","53.10.12.1005","Lawir"
"53","Nusa Tenggara Timur","53.10","Kabupaten Manggarai","53.10.12","Langke Rembong","53.10.12.1006","Pau"
"53","Nusa Tenggara Timur","53.10","Kabupaten Manggarai","53.10.12","Langke Rembong","53.10.12.1007","Waso"
"53","Nusa Tenggara Timur","53.10","Kabupaten Manggarai","53.10.12","Langke Rembong","53.10.12.1008","Watu"
"53","Nusa Tenggara Timur","53.10","Kabupaten Manggarai","53.10.12","Langke Rembong","53.10.12.1009","Mbaumuku"
"53","Nusa Tenggara Timur","53.10","Kabupaten Manggarai","53.10.12","Langke Rembong","53.10.12.1010","Tenda"
"53","Nusa Tenggara Timur","53.10","Kabupaten Manggarai","53.10.12","Langke Rembong","53.10.12.1011","Carep"
"53","Nusa Tenggara Timur","53.10","Kabupaten Manggarai","53.10.12","Langke Rembong","53.10.12.1012","Bangka Nekang"
"53","Nusa Tenggara Timur","53.10","Kabupaten Manggarai","53.10.12","Langke Rembong","53.10.12.1013","Satar Tacik"
"53","Nusa Tenggara Timur","53.10","Kabupaten Manggarai","53.10.12","Langke Rembong","53.10.12.1014","Poco Mal"
"53","Nusa Tenggara Timur","53.10","Kabupaten Manggarai","53.10.12","Langke Rembong","53.10.12.1015","Compang Carep"
"53","Nusa Tenggara Timur","53.10","Kabupaten Manggarai","53.10.12","Langke Rembong","53.10.12.1016","Laci Carep"
"53","Nusa Tenggara Timur","53.10","Kabupaten Manggarai","53.10.12","Langke Rembong","53.10.12.1017","Tadong"
"53","Nusa Tenggara Timur","53.10","Kabupaten Manggarai","53.10.12","Langke Rembong","53.10.12.1018","Rowang"
"53","Nusa Tenggara Timur","53.10","Kabupaten Manggarai","53.10.12","Langke Rembong","53.10.12.1019","Bangka Leda"
"53","Nusa Tenggara Timur","53.10","Kabupaten Manggarai","53.10.12","Langke Rembong","53.10.12.1020","Compang Tuke"
"53","Nusa Tenggara Timur","53.10","Kabupaten Manggarai","53.10.13","Satar Mese Barat","53.10.13.2002","Hilihintir"
"53","Nusa Tenggara Timur","53.10","Kabupaten Manggarai","53.10.13","Satar Mese Barat","53.10.13.2005","Bea Kondo"
"53","Nusa Tenggara Timur","53.10","Kabupaten Manggarai","53.10.13","Satar Mese Barat","53.10.13.2012","Golo Ropong"
"53","Nusa Tenggara Timur","53.10","Kabupaten Manggarai","53.10.13","Satar Mese Barat","53.10.13.2013","Terong"
"53","Nusa Tenggara Timur","53.10","Kabupaten Manggarai","53.10.13","Satar Mese Barat","53.10.13.2014","Ceka Luju"
"53","Nusa Tenggara Timur","53.10","Kabupaten Manggarai","53.10.13","Satar Mese Barat","53.10.13.2015","Satar Luju"
"53","Nusa Tenggara Timur","53.10","Kabupaten Manggarai","53.10.13","Satar Mese Barat","53.10.13.2016","Satar Lenda"
"53","Nusa Tenggara Timur","53.10","Kabupaten Manggarai","53.10.13","Satar Mese Barat","53.10.13.2017","Satar Ruwuk"
"53","Nusa Tenggara Timur","53.10","Kabupaten Manggarai","53.10.13","Satar Mese Barat","53.10.13.2018","Nuca Molas"
"53","Nusa Tenggara Timur","53.10","Kabupaten Manggarai","53.10.13","Satar Mese Barat","53.10.13.2019","Borik"
"53","Nusa Tenggara Timur","53.10","Kabupaten Manggarai","53.10.13","Satar Mese Barat","53.10.13.2021","Cambir Leca"
"53","Nusa Tenggara Timur","53.10","Kabupaten Manggarai","53.10.13","Satar Mese Barat","53.10.13.2022","Wongka"
"53","Nusa Tenggara Timur","53.10","Kabupaten Manggarai","53.10.14","Rahong Utara","53.10.14.2001","Buar"
"53","Nusa Tenggara Timur","53.10","Kabupaten Manggarai","53.10.14","Rahong Utara","53.10.14.2002","Benteng Tubi"
"53","Nusa Tenggara Timur","53.10","Kabupaten Manggarai","53.10.14","Rahong Utara","53.10.14.2003","Compang Dari"
"53","Nusa Tenggara Timur","53.10","Kabupaten Manggarai","53.10.14","Rahong Utara","53.10.14.2004","Dimpong"
"53","Nusa Tenggara Timur","53.10","Kabupaten Manggarai","53.10.14","Rahong Utara","53.10.14.2005","Bangka Ajang"
"53","Nusa Tenggara Timur","53.10","Kabupaten Manggarai","53.10.14","Rahong Utara","53.10.14.2006","Liang Bua"
"53","Nusa Tenggara Timur","53.10","Kabupaten Manggarai","53.10.14","Rahong Utara","53.10.14.2007","Tengku Lese"
"53","Nusa Tenggara Timur","53.10","Kabupaten Manggarai","53.10.14","Rahong Utara","53.10.14.2008","Golo Langkok"
"53","Nusa Tenggara Timur","53.10","Kabupaten Manggarai","53.10.14","Rahong Utara","53.10.14.2009","Pong Lengor"
"53","Nusa Tenggara Timur","53.10","Kabupaten Manggarai","53.10.14","Rahong Utara","53.10.14.2010","Manong"
"53","Nusa Tenggara Timur","53.10","Kabupaten Manggarai","53.10.14","Rahong Utara","53.10.14.2011","Bangka Ruang"
"53","Nusa Tenggara Timur","53.10","Kabupaten Manggarai","53.10.14","Rahong Utara","53.10.14.2012","Wae Mantang"
"53","Nusa Tenggara Timur","53.10","Kabupaten Manggarai","53.10.15","Lelak","53.10.15.2001","Bangka Lelak"
"53","Nusa Tenggara Timur","53.10","Kabupaten Manggarai","53.10.15","Lelak","53.10.15.2002","Gelong"
"53","Nusa Tenggara Timur","53.10","Kabupaten Manggarai","53.10.15","Lelak","53.10.15.2003","Urang"
"53","Nusa Tenggara Timur","53.10","Kabupaten Manggarai","53.10.15","Lelak","53.10.15.2004","Ketang"
"53","Nusa Tenggara Timur","53.10","Kabupaten Manggarai","53.10.15","Lelak","53.10.15.2005","Pong Umpu"
"53","Nusa Tenggara Timur","53.10","Kabupaten Manggarai","53.10.15","Lelak","53.10.15.2006","Bangka Dese"
"53","Nusa Tenggara Timur","53.10","Kabupaten Manggarai","53.10.15","Lelak","53.10.15.2007","Nati"
"53","Nusa Tenggara Timur","53.10","Kabupaten Manggarai","53.10.15","Lelak","53.10.15.2008","Ndiwar"
"53","Nusa Tenggara Timur","53.10","Kabupaten Manggarai","53.10.15","Lelak","53.10.15.2009","Bangka Tonggur"
"53","Nusa Tenggara Timur","53.10","Kabupaten Manggarai","53.10.15","Lelak","53.10.15.2010","Lentang"
"53","Nusa Tenggara Timur","53.10","Kabupaten Manggarai","53.10.16","Reok Barat","53.10.16.2001","Kajong"
"53","Nusa Tenggara Timur","53.10","Kabupaten Manggarai","53.10.16","Reok Barat","53.10.16.2002","Lante"
"53","Nusa Tenggara Timur","53.10","Kabupaten Manggarai","53.10.16","Reok Barat","53.10.16.2003","Toe"
"53","Nusa Tenggara Timur","53.10","Kabupaten Manggarai","53.10.16","Reok Barat","53.10.16.2004","Sambi"
"53","Nusa Tenggara Timur","53.10","Kabupaten Manggarai","53.10.16","Reok Barat","53.10.16.2005","Nggalak"
"53","Nusa Tenggara Timur","53.10","Kabupaten Manggarai","53.10.16","Reok Barat","53.10.16.2006","Loce"
"53","Nusa Tenggara Timur","53.10","Kabupaten Manggarai","53.10.16","Reok Barat","53.10.16.2007","Lemarang"
"53","Nusa Tenggara Timur","53.10","Kabupaten Manggarai","53.10.16","Reok Barat","53.10.16.2008","Torong Koe"
"53","Nusa Tenggara Timur","53.10","Kabupaten Manggarai","53.10.16","Reok Barat","53.10.16.2009","Para Lando"
"53","Nusa Tenggara Timur","53.10","Kabupaten Manggarai","53.10.16","Reok Barat","53.10.16.2010","Rura"
"53","Nusa Tenggara Timur","53.10","Kabupaten Manggarai","53.10.17","Cibal barat","53.10.17.2001","Bere"
"53","Nusa Tenggara Timur","53.10","Kabupaten Manggarai","53.10.17","Cibal barat","53.10.17.2002","Wae Codi"
"53","Nusa Tenggara Timur","53.10","Kabupaten Manggarai","53.10.17","Cibal barat","53.10.17.2003","Golo Woi"
"53","Nusa Tenggara Timur","53.10","Kabupaten Manggarai","53.10.17","Cibal barat","53.10.17.2004","Golo Lanak"
"53","Nusa Tenggara Timur","53.10","Kabupaten Manggarai","53.10.17","Cibal barat","53.10.17.2005","Latung"
"53","Nusa Tenggara Timur","53.10","Kabupaten Manggarai","53.10.17","Cibal barat","53.10.17.2006","Wae Renca"
"53","Nusa Tenggara Timur","53.10","Kabupaten Manggarai","53.10.17","Cibal barat","53.10.17.2007","Timbu"
"53","Nusa Tenggara Timur","53.10","Kabupaten Manggarai","53.10.17","Cibal barat","53.10.17.2008","Bangka Ara"
"53","Nusa Tenggara Timur","53.10","Kabupaten Manggarai","53.10.17","Cibal barat","53.10.17.2009","Compang Cibal"
"53","Nusa Tenggara Timur","53.10","Kabupaten Manggarai","53.10.17","Cibal barat","53.10.17.2010","Lenda"
"53","Nusa Tenggara Timur","53.10","Kabupaten Manggarai","53.10.18","Satar Mese Utara","53.10.18.2001","Renda"
"53","Nusa Tenggara Timur","53.10","Kabupaten Manggarai","53.10.18","Satar Mese Utara","53.10.18.2002","Todo"
"53","Nusa Tenggara Timur","53.10","Kabupaten Manggarai","53.10.18","Satar Mese Utara","53.10.18.2003","Gulung"
"53","Nusa Tenggara Timur","53.10","Kabupaten Manggarai","53.10.18","Satar Mese Utara","53.10.18.2004","Popo"
"53","Nusa Tenggara Timur","53.10","Kabupaten Manggarai","53.10.18","Satar Mese Utara","53.10.18.2005","Lia"
"53","Nusa Tenggara Timur","53.10","Kabupaten Manggarai","53.10.18","Satar Mese Utara","53.10.18.2006","Kole"
"53","Nusa Tenggara Timur","53.10","Kabupaten Manggarai","53.10.18","Satar Mese Utara","53.10.18.2007","Ling"
"53","Nusa Tenggara Timur","53.10","Kabupaten Manggarai","53.10.18","Satar Mese Utara","53.10.18.2008","Nao"
"53","Nusa Tenggara Timur","53.10","Kabupaten Manggarai","53.10.18","Satar Mese Utara","53.10.18.2009","Cireng"
"53","Nusa Tenggara Timur","53.10","Kabupaten Manggarai","53.10.18","Satar Mese Utara","53.10.18.2010","Ruang"
"53","Nusa Tenggara Timur","53.10","Kabupaten Manggarai","53.10.18","Satar Mese Utara","53.10.18.2011","Mata Wae"
"53","Nusa Tenggara Timur","53.11","Kabupaten Sumba Timur","53.11.01","Kota Waingapu","53.11.01.1001","Kambajawa"
"53","Nusa Tenggara Timur","53.11","Kabupaten Sumba Timur","53.11.01","Kota Waingapu","53.11.01.1002","Hambala"
"53","Nusa Tenggara Timur","53.11","Kabupaten Sumba Timur","53.11.01","Kota Waingapu","53.11.01.1003","Matawai"
"53","Nusa Tenggara Timur","53.11","Kabupaten Sumba Timur","53.11.01","Kota Waingapu","53.11.01.1004","Kamalaputi"
"53","Nusa Tenggara Timur","53.11","Kabupaten Sumba Timur","53.11.01","Kota Waingapu","53.11.01.2012","Lukukamaru"
"53","Nusa Tenggara Timur","53.11","Kabupaten Sumba Timur","53.11.01","Kota Waingapu","53.11.01.2013","Mbatakapidu"
"53","Nusa Tenggara Timur","53.11","Kabupaten Sumba Timur","53.11.01","Kota Waingapu","53.11.01.2014","Pambotandjara"
"53","Nusa Tenggara Timur","53.11","Kabupaten Sumba Timur","53.11.02","Haharu","53.11.02.2003","Rambangaru"
"53","Nusa Tenggara Timur","53.11","Kabupaten Sumba Timur","53.11.02","Haharu","53.11.02.2006","Praibakul"
"53","Nusa Tenggara Timur","53.11","Kabupaten Sumba Timur","53.11.02","Haharu","53.11.02.2007","Wunga"
"53","Nusa Tenggara Timur","53.11","Kabupaten Sumba Timur","53.11.02","Haharu","53.11.02.2008","Kadahang"
"53","Nusa Tenggara Timur","53.11","Kabupaten Sumba Timur","53.11.02","Haharu","53.11.02.2009","Napu"
"53","Nusa Tenggara Timur","53.11","Kabupaten Sumba Timur","53.11.02","Haharu","53.11.02.2010","Mbatapuhu"
"53","Nusa Tenggara Timur","53.11","Kabupaten Sumba Timur","53.11.02","Haharu","53.11.02.2012","Kalamba"
"53","Nusa Tenggara Timur","53.11","Kabupaten Sumba Timur","53.11.03","Lewa","53.11.03.1001","Lewa Paku"
"53","Nusa Tenggara Timur","53.11","Kabupaten Sumba Timur","53.11.03","Lewa","53.11.03.2002","Kambuhapang"
"53","Nusa Tenggara Timur","53.11","Kabupaten Sumba Timur","53.11.03","Lewa","53.11.03.2003","Kambata Wundut"
"53","Nusa Tenggara Timur","53.11","Kabupaten Sumba Timur","53.11.03","Lewa","53.11.03.2004","Kondamara"
"53","Nusa Tenggara Timur","53.11","Kabupaten Sumba Timur","53.11.03","Lewa","53.11.03.2005","Matawai Pawali"
"53","Nusa Tenggara Timur","53.11","Kabupaten Sumba Timur","53.11.03","Lewa","53.11.03.2006","Rakawatu"
"53","Nusa Tenggara Timur","53.11","Kabupaten Sumba Timur","53.11.03","Lewa","53.11.03.2007","Tana Rara"
"53","Nusa Tenggara Timur","53.11","Kabupaten Sumba Timur","53.11.03","Lewa","53.11.03.2013","Bidi Hunga"
"53","Nusa Tenggara Timur","53.11","Kabupaten Sumba Timur","53.11.04","Nggaha Ori Angu","53.11.04.2001","Makamenggit"
"53","Nusa Tenggara Timur","53.11","Kabupaten Sumba Timur","53.11.04","Nggaha Ori Angu","53.11.04.2002","Tandula Jangga"
"53","Nusa Tenggara Timur","53.11","Kabupaten Sumba Timur","53.11.04","Nggaha Ori Angu","53.11.04.2003","Praipaha"
"53","Nusa Tenggara Timur","53.11","Kabupaten Sumba Timur","53.11.04","Nggaha Ori Angu","53.11.04.2004","Praihambuli"
"53","Nusa Tenggara Timur","53.11","Kabupaten Sumba Timur","53.11.04","Nggaha Ori Angu","53.11.04.2005","Pulu Panjang"
"53","Nusa Tenggara Timur","53.11","Kabupaten Sumba Timur","53.11.04","Nggaha Ori Angu","53.11.04.2010","Praikarang"
"53","Nusa Tenggara Timur","53.11","Kabupaten Sumba Timur","53.11.04","Nggaha Ori Angu","53.11.04.2011","Tanatuku"
"53","Nusa Tenggara Timur","53.11","Kabupaten Sumba Timur","53.11.04","Nggaha Ori Angu","53.11.04.2012","Ngadulanggi"
"53","Nusa Tenggara Timur","53.11","Kabupaten Sumba Timur","53.11.05","Tabundung","53.11.05.2001","Billa"
"53","Nusa Tenggara Timur","53.11","Kabupaten Sumba Timur","53.11.05","Tabundung","53.11.05.2002","Karita"
"53","Nusa Tenggara Timur","53.11","Kabupaten Sumba Timur","53.11.05","Tabundung","53.11.05.2003","Kuki Talu"
"53","Nusa Tenggara Timur","53.11","Kabupaten Sumba Timur","53.11.05","Tabundung","53.11.05.2004","Tapil"
"53","Nusa Tenggara Timur","53.11","Kabupaten Sumba Timur","53.11.05","Tabundung","53.11.05.2005","Tarimbang"
"53","Nusa Tenggara Timur","53.11","Kabupaten Sumba Timur","53.11.05","Tabundung","53.11.05.2006","Waikanabu"
"53","Nusa Tenggara Timur","53.11","Kabupaten Sumba Timur","53.11.05","Tabundung","53.11.05.2007","Pindu Hurani"
"53","Nusa Tenggara Timur","53.11","Kabupaten Sumba Timur","53.11.05","Tabundung","53.11.05.2008","Praing Kareha"
"53","Nusa Tenggara Timur","53.11","Kabupaten Sumba Timur","53.11.05","Tabundung","53.11.05.2009","Wudi Pandak"
"53","Nusa Tenggara Timur","53.11","Kabupaten Sumba Timur","53.11.05","Tabundung","53.11.05.2011","Bangga Watu"
"53","Nusa Tenggara Timur","53.11","Kabupaten Sumba Timur","53.11.06","Pinu Pahar","53.11.06.2001","Ramuk"
"53","Nusa Tenggara Timur","53.11","Kabupaten Sumba Timur","53.11.06","Pinu Pahar","53.11.06.2002","Wangga Mbewa"
"53","Nusa Tenggara Timur","53.11","Kabupaten Sumba Timur","53.11.06","Pinu Pahar","53.11.06.2003","Lailunggi"
"53","Nusa Tenggara Timur","53.11","Kabupaten Sumba Timur","53.11.06","Pinu Pahar","53.11.06.2004","Tawui"
"53","Nusa Tenggara Timur","53.11","Kabupaten Sumba Timur","53.11.06","Pinu Pahar","53.11.06.2005","Wahang"
"53","Nusa Tenggara Timur","53.11","Kabupaten Sumba Timur","53.11.06","Pinu Pahar","53.11.06.2006","Mahaniwa"
"53","Nusa Tenggara Timur","53.11","Kabupaten Sumba Timur","53.11.07","Pandawai","53.11.07.1001","Kawangu"
"53","Nusa Tenggara Timur","53.11","Kabupaten Sumba Timur","53.11.07","Pandawai","53.11.07.1002","Watumbaka"
"53","Nusa Tenggara Timur","53.11","Kabupaten Sumba Timur","53.11.07","Pandawai","53.11.07.2003","Kambatatana"
"53","Nusa Tenggara Timur","53.11","Kabupaten Sumba Timur","53.11.07","Pandawai","53.11.07.2007","Palaka Hembi"
"53","Nusa Tenggara Timur","53.11","Kabupaten Sumba Timur","53.11.07","Pandawai","53.11.07.2008","Kadumbul"
"53","Nusa Tenggara Timur","53.11","Kabupaten Sumba Timur","53.11.07","Pandawai","53.11.07.2009","Maubokul"
"53","Nusa Tenggara Timur","53.11","Kabupaten Sumba Timur","53.11.07","Pandawai","53.11.07.2012","Laindeha"
"53","Nusa Tenggara Timur","53.11","Kabupaten Sumba Timur","53.11.08","Umalulu","53.11.08.1001","Lumbukore"
"53","Nusa Tenggara Timur","53.11","Kabupaten Sumba Timur","53.11.08","Umalulu","53.11.08.2002","Umalulu"
"53","Nusa Tenggara Timur","53.11","Kabupaten Sumba Timur","53.11.08","Umalulu","53.11.08.2003","Patawang"
"53","Nusa Tenggara Timur","53.11","Kabupaten Sumba Timur","53.11.08","Umalulu","53.11.08.2004","Wanga"
"53","Nusa Tenggara Timur","53.11","Kabupaten Sumba Timur","53.11.08","Umalulu","53.11.08.2005","Matawai Atu"
"53","Nusa Tenggara Timur","53.11","Kabupaten Sumba Timur","53.11.08","Umalulu","53.11.08.2006","Mutunggeding"
"53","Nusa Tenggara Timur","53.11","Kabupaten Sumba Timur","53.11.08","Umalulu","53.11.08.2007","Lairuru"
"53","Nusa Tenggara Timur","53.11","Kabupaten Sumba Timur","53.11.08","Umalulu","53.11.08.2008","Watuhadang"
"53","Nusa Tenggara Timur","53.11","Kabupaten Sumba Timur","53.11.08","Umalulu","53.11.08.2009","Watupuda"
"53","Nusa Tenggara Timur","53.11","Kabupaten Sumba Timur","53.11.08","Umalulu","53.11.08.2010","Ngaru Kanoru"
"53","Nusa Tenggara Timur","53.11","Kabupaten Sumba Timur","53.11.09","Rindi","53.11.09.2001","Rindi"
"53","Nusa Tenggara Timur","53.11","Kabupaten Sumba Timur","53.11.09","Rindi","53.11.09.2002","Tanaraing"
"53","Nusa Tenggara Timur","53.11","Kabupaten Sumba Timur","53.11.09","Rindi","53.11.09.2003","Haikatapu"
"53","Nusa Tenggara Timur","53.11","Kabupaten Sumba Timur","53.11.09","Rindi","53.11.09.2004","Kabaru"
"53","Nusa Tenggara Timur","53.11","Kabupaten Sumba Timur","53.11.09","Rindi","53.11.09.2005","Hanggaroru"
"53","Nusa Tenggara Timur","53.11","Kabupaten Sumba Timur","53.11.09","Rindi","53.11.09.2006","Lailanjang"
"53","Nusa Tenggara Timur","53.11","Kabupaten Sumba Timur","53.11.09","Rindi","53.11.09.2007","Tamburi"
"53","Nusa Tenggara Timur","53.11","Kabupaten Sumba Timur","53.11.09","Rindi","53.11.09.2008","Kayuri"
"53","Nusa Tenggara Timur","53.11","Kabupaten Sumba Timur","53.11.10","Pahunga Lodu","53.11.10.2001","Kaliuda"
"53","Nusa Tenggara Timur","53.11","Kabupaten Sumba Timur","53.11.10","Pahunga Lodu","53.11.10.2002","Kuruwaki"
"53","Nusa Tenggara Timur","53.11","Kabupaten Sumba Timur","53.11.10","Pahunga Lodu","53.11.10.2003","Tana Manang"
"53","Nusa Tenggara Timur","53.11","Kabupaten Sumba Timur","53.11.10","Pahunga Lodu","53.11.10.2004","Mburukulu"
"53","Nusa Tenggara Timur","53.11","Kabupaten Sumba Timur","53.11.10","Pahunga Lodu","53.11.10.2005","Pamburu"
"53","Nusa Tenggara Timur","53.11","Kabupaten Sumba Timur","53.11.10","Pahunga Lodu","53.11.10.2006","Lambakara"
"53","Nusa Tenggara Timur","53.11","Kabupaten Sumba Timur","53.11.10","Pahunga Lodu","53.11.10.2007","Tamma"
"53","Nusa Tenggara Timur","53.11","Kabupaten Sumba Timur","53.11.10","Pahunga Lodu","53.11.10.2009","Palanggai"
"53","Nusa Tenggara Timur","53.11","Kabupaten Sumba Timur","53.11.11","Wulla Waijelu","53.11.11.2001","Wulla"
"53","Nusa Tenggara Timur","53.11","Kabupaten Sumba Timur","53.11.11","Wulla Waijelu","53.11.11.2002","Hadakamali"
"53","Nusa Tenggara Timur","53.11","Kabupaten Sumba Timur","53.11.11","Wulla Waijelu","53.11.11.2003","Lumbu Manggit"
"53","Nusa Tenggara Timur","53.11","Kabupaten Sumba Timur","53.11.11","Wulla Waijelu","53.11.11.2004","Latena"
"53","Nusa Tenggara Timur","53.11","Kabupaten Sumba Timur","53.11.11","Wulla Waijelu","53.11.11.2005","Lainjanji"
"53","Nusa Tenggara Timur","53.11","Kabupaten Sumba Timur","53.11.11","Wulla Waijelu","53.11.11.2006","Laipandak"
"53","Nusa Tenggara Timur","53.11","Kabupaten Sumba Timur","53.11.11","Wulla Waijelu","53.11.11.2008","Paranda"
"53","Nusa Tenggara Timur","53.11","Kabupaten Sumba Timur","53.11.12","Paberiwai","53.11.12.2001","Kananggar"
"53","Nusa Tenggara Timur","53.11","Kabupaten Sumba Timur","53.11.12","Paberiwai","53.11.12.2002","Mehang Mata"
"53","Nusa Tenggara Timur","53.11","Kabupaten Sumba Timur","53.11.12","Paberiwai","53.11.12.2003","Karera Jangga"
"53","Nusa Tenggara Timur","53.11","Kabupaten Sumba Timur","53.11.12","Paberiwai","53.11.12.2004","Praimbana"
"53","Nusa Tenggara Timur","53.11","Kabupaten Sumba Timur","53.11.12","Paberiwai","53.11.12.2005","Pabera Manera"
"53","Nusa Tenggara Timur","53.11","Kabupaten Sumba Timur","53.11.12","Paberiwai","53.11.12.2010","Winumuru"
"53","Nusa Tenggara Timur","53.11","Kabupaten Sumba Timur","53.11.12","Paberiwai","53.11.12.2011","Laitaku"
"53","Nusa Tenggara Timur","53.11","Kabupaten Sumba Timur","53.11.13","Karera","53.11.13.2001","Nggongi"
"53","Nusa Tenggara Timur","53.11","Kabupaten Sumba Timur","53.11.13","Karera","53.11.13.2002","Praimadita"
"53","Nusa Tenggara Timur","53.11","Kabupaten Sumba Timur","53.11.13","Karera","53.11.13.2003","Praisalura"
"53","Nusa Tenggara Timur","53.11","Kabupaten Sumba Timur","53.11.13","Karera","53.11.13.2004","Tandula Jangga"
"53","Nusa Tenggara Timur","53.11","Kabupaten Sumba Timur","53.11.13","Karera","53.11.13.2005","Nangga"
"53","Nusa Tenggara Timur","53.11","Kabupaten Sumba Timur","53.11.13","Karera","53.11.13.2006","Janggamangu"
"53","Nusa Tenggara Timur","53.11","Kabupaten Sumba Timur","53.11.13","Karera","53.11.13.2011","Ananjaki"
"53","Nusa Tenggara Timur","53.11","Kabupaten Sumba Timur","53.11.14","Kahaungu Eti","53.11.14.2001","Kamanggih"
"53","Nusa Tenggara Timur","53.11","Kabupaten Sumba Timur","53.11.14","Kahaungu Eti","53.11.14.2002","Kambatabundung"
"53","Nusa Tenggara Timur","53.11","Kabupaten Sumba Timur","53.11.14","Kahaungu Eti","53.11.14.2003","Meurumba"
"53","Nusa Tenggara Timur","53.11","Kabupaten Sumba Timur","53.11.14","Kahaungu Eti","53.11.14.2004","Laimbonga"
"53","Nusa Tenggara Timur","53.11","Kabupaten Sumba Timur","53.11.14","Kahaungu Eti","53.11.14.2005","Kota Kawau"
"53","Nusa Tenggara Timur","53.11","Kabupaten Sumba Timur","53.11.14","Kahaungu Eti","53.11.14.2006","Matawai Katingga"
"53","Nusa Tenggara Timur","53.11","Kabupaten Sumba Timur","53.11.14","Kahaungu Eti","53.11.14.2007","Kataka"
"53","Nusa Tenggara Timur","53.11","Kabupaten Sumba Timur","53.11.14","Kahaungu Eti","53.11.14.2008","Matawai Maringgu"
"53","Nusa Tenggara Timur","53.11","Kabupaten Sumba Timur","53.11.14","Kahaungu Eti","53.11.14.2009","Mauramba"
"53","Nusa Tenggara Timur","53.11","Kabupaten Sumba Timur","53.11.15","Matawai La Pawu","53.11.15.2001","Prai Bakul"
"53","Nusa Tenggara Timur","53.11","Kabupaten Sumba Timur","53.11.15","Matawai La Pawu","53.11.15.2002","Katikutana"
"53","Nusa Tenggara Timur","53.11","Kabupaten Sumba Timur","53.11.15","Matawai La Pawu","53.11.15.2003","Karipi"
"53","Nusa Tenggara Timur","53.11","Kabupaten Sumba Timur","53.11.15","Matawai La Pawu","53.11.15.2004","Wangga Meti"
"53","Nusa Tenggara Timur","53.11","Kabupaten Sumba Timur","53.11.15","Matawai La Pawu","53.11.15.2005","Katiku Wai"
"53","Nusa Tenggara Timur","53.11","Kabupaten Sumba Timur","53.11.15","Matawai La Pawu","53.11.15.2006","Katiku Luku"
"53","Nusa Tenggara Timur","53.11","Kabupaten Sumba Timur","53.11.16","Kambera","53.11.16.1001","Wangga"
"53","Nusa Tenggara Timur","53.11","Kabupaten Sumba Timur","53.11.16","Kambera","53.11.16.1002","Prailiu"
"53","Nusa Tenggara Timur","53.11","Kabupaten Sumba Timur","53.11.16","Kambera","53.11.16.1003","Kambaniru"
"53","Nusa Tenggara Timur","53.11","Kabupaten Sumba Timur","53.11.16","Kambera","53.11.16.1004","Mauliru"
"53","Nusa Tenggara Timur","53.11","Kabupaten Sumba Timur","53.11.16","Kambera","53.11.16.1005","Mau Hau"
"53","Nusa Tenggara Timur","53.11","Kabupaten Sumba Timur","53.11.16","Kambera","53.11.16.1006","Malumbi"
"53","Nusa Tenggara Timur","53.11","Kabupaten Sumba Timur","53.11.16","Kambera","53.11.16.1007","Lambanapu"
"53","Nusa Tenggara Timur","53.11","Kabupaten Sumba Timur","53.11.16","Kambera","53.11.16.2008","Kiritana"
"53","Nusa Tenggara Timur","53.11","Kabupaten Sumba Timur","53.11.17","Kambata Mapambuhang","53.11.17.2001","Lukuwingir"
"53","Nusa Tenggara Timur","53.11","Kabupaten Sumba Timur","53.11.17","Kambata Mapambuhang","53.11.17.2002","Waimbidi"
"53","Nusa Tenggara Timur","53.11","Kabupaten Sumba Timur","53.11.17","Kambata Mapambuhang","53.11.17.2003","Laimeta"
"53","Nusa Tenggara Timur","53.11","Kabupaten Sumba Timur","53.11.17","Kambata Mapambuhang","53.11.17.2004","Mahubokul"
"53","Nusa Tenggara Timur","53.11","Kabupaten Sumba Timur","53.11.17","Kambata Mapambuhang","53.11.17.2005","Marada Mundi"
"53","Nusa Tenggara Timur","53.11","Kabupaten Sumba Timur","53.11.17","Kambata Mapambuhang","53.11.17.2006","Maidang"
"53","Nusa Tenggara Timur","53.11","Kabupaten Sumba Timur","53.11.18","Lewa Tidahu","53.11.18.2001","Watumbelar"
"53","Nusa Tenggara Timur","53.11","Kabupaten Sumba Timur","53.11.18","Lewa Tidahu","53.11.18.2002","Bidipraing"
"53","Nusa Tenggara Timur","53.11","Kabupaten Sumba Timur","53.11.18","Lewa Tidahu","53.11.18.2003","Umamanu"
"53","Nusa Tenggara Timur","53.11","Kabupaten Sumba Timur","53.11.18","Lewa Tidahu","53.11.18.2004","Mondulambi"
"53","Nusa Tenggara Timur","53.11","Kabupaten Sumba Timur","53.11.18","Lewa Tidahu","53.11.18.2005","Kangeli"
"53","Nusa Tenggara Timur","53.11","Kabupaten Sumba Timur","53.11.18","Lewa Tidahu","53.11.18.2006","Laihau"
"53","Nusa Tenggara Timur","53.11","Kabupaten Sumba Timur","53.11.19","Katala Hamu Lingu","53.11.19.2001","Kompa Pari"
"53","Nusa Tenggara Timur","53.11","Kabupaten Sumba Timur","53.11.19","Katala Hamu Lingu","53.11.19.2002","Matawai Amahu"
"53","Nusa Tenggara Timur","53.11","Kabupaten Sumba Timur","53.11.19","Katala Hamu Lingu","53.11.19.2003","Mandahu"
"53","Nusa Tenggara Timur","53.11","Kabupaten Sumba Timur","53.11.19","Katala Hamu Lingu","53.11.19.2004","Lailara"
"53","Nusa Tenggara Timur","53.11","Kabupaten Sumba Timur","53.11.19","Katala Hamu Lingu","53.11.19.2005","Praibakul"
"53","Nusa Tenggara Timur","53.11","Kabupaten Sumba Timur","53.11.20","Kanatang","53.11.20.1001","Temu"
"53","Nusa Tenggara Timur","53.11","Kabupaten Sumba Timur","53.11.20","Kanatang","53.11.20.2002","Kuta"
"53","Nusa Tenggara Timur","53.11","Kabupaten Sumba Timur","53.11.20","Kanatang","53.11.20.2003","Hambapraing"
"53","Nusa Tenggara Timur","53.11","Kabupaten Sumba Timur","53.11.20","Kanatang","53.11.20.2004","Mondu"
"53","Nusa Tenggara Timur","53.11","Kabupaten Sumba Timur","53.11.20","Kanatang","53.11.20.2005","Ndapayami"
"53","Nusa Tenggara Timur","53.11","Kabupaten Sumba Timur","53.11.21","Ngadu Ngala","53.11.21.2001","Praiwitu"
"53","Nusa Tenggara Timur","53.11","Kabupaten Sumba Timur","53.11.21","Ngadu Ngala","53.11.21.2002","Kakaha"
"53","Nusa Tenggara Timur","53.11","Kabupaten Sumba Timur","53.11.21","Ngadu Ngala","53.11.21.2003","Hambawutang"
"53","Nusa Tenggara Timur","53.11","Kabupaten Sumba Timur","53.11.21","Ngadu Ngala","53.11.21.2004","Kabanda"
"53","Nusa Tenggara Timur","53.11","Kabupaten Sumba Timur","53.11.21","Ngadu Ngala","53.11.21.2005","Prauraming"
"53","Nusa Tenggara Timur","53.11","Kabupaten Sumba Timur","53.11.22","Mahu","53.11.22.2001","Lahiru"
"53","Nusa Tenggara Timur","53.11","Kabupaten Sumba Timur","53.11.22","Mahu","53.11.22.2002","Patamawai"
"53","Nusa Tenggara Timur","53.11","Kabupaten Sumba Timur","53.11.22","Mahu","53.11.22.2003","Wairara"
"53","Nusa Tenggara Timur","53.11","Kabupaten Sumba Timur","53.11.22","Mahu","53.11.22.2004","Praikalala"
"53","Nusa Tenggara Timur","53.11","Kabupaten Sumba Timur","53.11.22","Mahu","53.11.22.2005","Lulundilu"
"53","Nusa Tenggara Timur","53.11","Kabupaten Sumba Timur","53.11.22","Mahu","53.11.22.2006","Haray"
"53","Nusa Tenggara Timur","53.12","Kabupaten Sumba Barat","53.12.04","Tana Righu","53.12.04.2001","Loko Ry"
"53","Nusa Tenggara Timur","53.12","Kabupaten Sumba Barat","53.12.04","Tana Righu","53.12.04.2002","Lolo Wano"
"53","Nusa Tenggara Timur","53.12","Kabupaten Sumba Barat","53.12.04","Tana Righu","53.12.04.2003","Malata"
"53","Nusa Tenggara Timur","53.12","Kabupaten Sumba Barat","53.12.04","Tana Righu","53.12.04.2004","Ngadu Pada"
"53","Nusa Tenggara Timur","53.12","Kabupaten Sumba Barat","53.12.04","Tana Righu","53.12.04.2005","Lingu Lango"
"53","Nusa Tenggara Timur","53.12","Kabupaten Sumba Barat","53.12.04","Tana Righu","53.12.04.2006","Karaka Nduku"
"53","Nusa Tenggara Timur","53.12","Kabupaten Sumba Barat","53.12.04","Tana Righu","53.12.04.2007","Wano Kasa"
"53","Nusa Tenggara Timur","53.12","Kabupaten Sumba Barat","53.12.04","Tana Righu","53.12.04.2008","Wee Patola"
"53","Nusa Tenggara Timur","53.12","Kabupaten Sumba Barat","53.12.04","Tana Righu","53.12.04.2009","Zala Kadu"
"53","Nusa Tenggara Timur","53.12","Kabupaten Sumba Barat","53.12.04","Tana Righu","53.12.04.2010","Bondo Tera"
"53","Nusa Tenggara Timur","53.12","Kabupaten Sumba Barat","53.12.04","Tana Righu","53.12.04.2011","Manu Kuku"
"53","Nusa Tenggara Timur","53.12","Kabupaten Sumba Barat","53.12.04","Tana Righu","53.12.04.2012","Lolo Tana"
"53","Nusa Tenggara Timur","53.12","Kabupaten Sumba Barat","53.12.04","Tana Righu","53.12.04.2013","Kareka Nduku Utara"
"53","Nusa Tenggara Timur","53.12","Kabupaten Sumba Barat","53.12.04","Tana Righu","53.12.04.2014","Kareka Nduku Selatan"
"53","Nusa Tenggara Timur","53.12","Kabupaten Sumba Barat","53.12.04","Tana Righu","53.12.04.2015","Manu Mada"
"53","Nusa Tenggara Timur","53.12","Kabupaten Sumba Barat","53.12.04","Tana Righu","53.12.04.2016","Elu Loda"
"53","Nusa Tenggara Timur","53.12","Kabupaten Sumba Barat","53.12.04","Tana Righu","53.12.04.2017","Kalebu Ana Kaka"
"53","Nusa Tenggara Timur","53.12","Kabupaten Sumba Barat","53.12.04","Tana Righu","53.12.04.2018","Tarona"
"53","Nusa Tenggara Timur","53.12","Kabupaten Sumba Barat","53.12.10","Loli","53.12.10.1007","Wee Karou"
"53","Nusa Tenggara Timur","53.12","Kabupaten Sumba Barat","53.12.10","Loli","53.12.10.1008","Sobawawi"
"53","Nusa Tenggara Timur","53.12","Kabupaten Sumba Barat","53.12.10","Loli","53.12.10.1011","Loda Pare"
"53","Nusa Tenggara Timur","53.12","Kabupaten Sumba Barat","53.12.10","Loli","53.12.10.1012","Wee Dabo"
"53","Nusa Tenggara Timur","53.12","Kabupaten Sumba Barat","53.12.10","Loli","53.12.10.1013","Dira Tana"
"53","Nusa Tenggara Timur","53.12","Kabupaten Sumba Barat","53.12.10","Loli","53.12.10.2001","Bera Dolu"
"53","Nusa Tenggara Timur","53.12","Kabupaten Sumba Barat","53.12.10","Loli","53.12.10.2002","Doka Kaka"
"53","Nusa Tenggara Timur","53.12","Kabupaten Sumba Barat","53.12.10","Loli","53.12.10.2003","Tana Rara"
"53","Nusa Tenggara Timur","53.12","Kabupaten Sumba Barat","53.12.10","Loli","53.12.10.2004","Bali Ledo"
"53","Nusa Tenggara Timur","53.12","Kabupaten Sumba Barat","53.12.10","Loli","53.12.10.2005","Dedekadu"
"53","Nusa Tenggara Timur","53.12","Kabupaten Sumba Barat","53.12.10","Loli","53.12.10.2006","Ubu Pede"
"53","Nusa Tenggara Timur","53.12","Kabupaten Sumba Barat","53.12.10","Loli","53.12.10.2009","Tema Tana"
"53","Nusa Tenggara Timur","53.12","Kabupaten Sumba Barat","53.12.10","Loli","53.12.10.2010","Ubu Raya"
"53","Nusa Tenggara Timur","53.12","Kabupaten Sumba Barat","53.12.10","Loli","53.12.10.2014","Manola"
"53","Nusa Tenggara Timur","53.12","Kabupaten Sumba Barat","53.12.11","Wanokaka","53.12.11.2001","Katiku Loku"
"53","Nusa Tenggara Timur","53.12","Kabupaten Sumba Barat","53.12.11","Wanokaka","53.12.11.2002","Hupu Mada"
"53","Nusa Tenggara Timur","53.12","Kabupaten Sumba Barat","53.12.11","Wanokaka","53.12.11.2003","Praibakul"
"53","Nusa Tenggara Timur","53.12","Kabupaten Sumba Barat","53.12.11","Wanokaka","53.12.11.2004","Hoba Wawi"
"53","Nusa Tenggara Timur","53.12","Kabupaten Sumba Barat","53.12.11","Wanokaka","53.12.11.2005","Waihura"
"53","Nusa Tenggara Timur","53.12","Kabupaten Sumba Barat","53.12.11","Wanokaka","53.12.11.2006","Pahola"
"53","Nusa Tenggara Timur","53.12","Kabupaten Sumba Barat","53.12.11","Wanokaka","53.12.11.2007","Bali Loku"
"53","Nusa Tenggara Timur","53.12","Kabupaten Sumba Barat","53.12.11","Wanokaka","53.12.11.2008","Tara Manu"
"53","Nusa Tenggara Timur","53.12","Kabupaten Sumba Barat","53.12.11","Wanokaka","53.12.11.2009","Mamodu"
"53","Nusa Tenggara Timur","53.12","Kabupaten Sumba Barat","53.12.11","Wanokaka","53.12.11.2010","Rua"
"53","Nusa Tenggara Timur","53.12","Kabupaten Sumba Barat","53.12.11","Wanokaka","53.12.11.2011","Rewa Rara"
"53","Nusa Tenggara Timur","53.12","Kabupaten Sumba Barat","53.12.11","Wanokaka","53.12.11.2012","Wei Mangoma"
"53","Nusa Tenggara Timur","53.12","Kabupaten Sumba Barat","53.12.11","Wanokaka","53.12.11.2013","Ana Wolu"
"53","Nusa Tenggara Timur","53.12","Kabupaten Sumba Barat","53.12.11","Wanokaka","53.12.11.2014","Pari Rara"
"53","Nusa Tenggara Timur","53.12","Kabupaten Sumba Barat","53.12.12","Lamboya","53.12.12.2004","Patiala Bawa"
"53","Nusa Tenggara Timur","53.12","Kabupaten Sumba Barat","53.12.12","Lamboya","53.12.12.2005","Wailibo"
"53","Nusa Tenggara Timur","53.12","Kabupaten Sumba Barat","53.12.12","Lamboya","53.12.12.2006","Lamboya Bawah"
"53","Nusa Tenggara Timur","53.12","Kabupaten Sumba Barat","53.12.12","Lamboya","53.12.12.2007","Watu Karere"
"53","Nusa Tenggara Timur","53.12","Kabupaten Sumba Barat","53.12.12","Lamboya","53.12.12.2008","Kabu Karudi"
"53","Nusa Tenggara Timur","53.12","Kabupaten Sumba Barat","53.12.12","Lamboya","53.12.12.2009","Rajaka"
"53","Nusa Tenggara Timur","53.12","Kabupaten Sumba Barat","53.12.12","Lamboya","53.12.12.2010","Sodana"
"53","Nusa Tenggara Timur","53.12","Kabupaten Sumba Barat","53.12.12","Lamboya","53.12.12.2011","Laboya Dete"
"53","Nusa Tenggara Timur","53.12","Kabupaten Sumba Barat","53.12.12","Lamboya","53.12.12.2012","Ringu Rara"
"53","Nusa Tenggara Timur","53.12","Kabupaten Sumba Barat","53.12.12","Lamboya","53.12.12.2014","Bodo Hula"
"53","Nusa Tenggara Timur","53.12","Kabupaten Sumba Barat","53.12.12","Lamboya","53.12.12.2015","Pala Moko"
"53","Nusa Tenggara Timur","53.12","Kabupaten Sumba Barat","53.12.15","Kota Waikabubak","53.12.15.1001","Wailiang"
"53","Nusa Tenggara Timur","53.12","Kabupaten Sumba Barat","53.12.15","Kota Waikabubak","53.12.15.1002","Komerda"
"53","Nusa Tenggara Timur","53.12","Kabupaten Sumba Barat","53.12.15","Kota Waikabubak","53.12.15.1003","Kampung Baru"
"53","Nusa Tenggara Timur","53.12","Kabupaten Sumba Barat","53.12.15","Kota Waikabubak","53.12.15.1004","Kampung Sawah"
"53","Nusa Tenggara Timur","53.12","Kabupaten Sumba Barat","53.12.15","Kota Waikabubak","53.12.15.1008","Pada Eweta"
"53","Nusa Tenggara Timur","53.12","Kabupaten Sumba Barat","53.12.15","Kota Waikabubak","53.12.15.1009","Maliti"
"53","Nusa Tenggara Timur","53.12","Kabupaten Sumba Barat","53.12.15","Kota Waikabubak","53.12.15.2005","Kodaka"
"53","Nusa Tenggara Timur","53.12","Kabupaten Sumba Barat","53.12.15","Kota Waikabubak","53.12.15.2006","Tebara"
"53","Nusa Tenggara Timur","53.12","Kabupaten Sumba Barat","53.12.15","Kota Waikabubak","53.12.15.2007","Kalembu Kuni"
"53","Nusa Tenggara Timur","53.12","Kabupaten Sumba Barat","53.12.15","Kota Waikabubak","53.12.15.2010","Soba Rade"
"53","Nusa Tenggara Timur","53.12","Kabupaten Sumba Barat","53.12.15","Kota Waikabubak","53.12.15.2011","Lapale"
"53","Nusa Tenggara Timur","53.12","Kabupaten Sumba Barat","53.12.15","Kota Waikabubak","53.12.15.2012","Modu Waimaringu"
"53","Nusa Tenggara Timur","53.12","Kabupaten Sumba Barat","53.12.15","Kota Waikabubak","53.12.15.2013","Puu Mawo"
"53","Nusa Tenggara Timur","53.12","Kabupaten Sumba Barat","53.12.18","Laboya Barat","53.12.18.2001","Wee Tana"
"53","Nusa Tenggara Timur","53.12","Kabupaten Sumba Barat","53.12.18","Laboya Barat","53.12.18.2002","Gaura"
"53","Nusa Tenggara Timur","53.12","Kabupaten Sumba Barat","53.12.18","Laboya Barat","53.12.18.2003","Patiala Dete"
"53","Nusa Tenggara Timur","53.12","Kabupaten Sumba Barat","53.12.18","Laboya Barat","53.12.18.2004","Harona Kalla"
"53","Nusa Tenggara Timur","53.13","Kabupaten Lembata","53.13.01","Naga Wutung","53.13.01.2001","Pasir Putih"
"53","Nusa Tenggara Timur","53.13","Kabupaten Lembata","53.13.01","Naga Wutung","53.13.01.2002","Duawutun"
"53","Nusa Tenggara Timur","53.13","Kabupaten Lembata","53.13.01","Naga Wutung","53.13.01.2003","Atawai"
"53","Nusa Tenggara Timur","53.13","Kabupaten Lembata","53.13.01","Naga Wutung","53.13.01.2004","Lusiduawutun"
"53","Nusa Tenggara Timur","53.13","Kabupaten Lembata","53.13.01","Naga Wutung","53.13.01.2005","Labalimut"
"53","Nusa Tenggara Timur","53.13","Kabupaten Lembata","53.13.01","Naga Wutung","53.13.01.2006","Ileboli"
"53","Nusa Tenggara Timur","53.13","Kabupaten Lembata","53.13.01","Naga Wutung","53.13.01.2007","Babokerong"
"53","Nusa Tenggara Timur","53.13","Kabupaten Lembata","53.13.01","Naga Wutung","53.13.01.2008","Penikenek"
"53","Nusa Tenggara Timur","53.13","Kabupaten Lembata","53.13.01","Naga Wutung","53.13.01.2009","Belabaja"
"53","Nusa Tenggara Timur","53.13","Kabupaten Lembata","53.13.01","Naga Wutung","53.13.01.2010","Lolong"
"53","Nusa Tenggara Timur","53.13","Kabupaten Lembata","53.13.01","Naga Wutung","53.13.01.2011","Wuakoreng"
"53","Nusa Tenggara Timur","53.13","Kabupaten Lembata","53.13.01","Naga Wutung","53.13.01.2012","Baobolak"
"53","Nusa Tenggara Timur","53.13","Kabupaten Lembata","53.13.01","Naga Wutung","53.13.01.2013","Tewaowutung"
"53","Nusa Tenggara Timur","53.13","Kabupaten Lembata","53.13.01","Naga Wutung","53.13.01.2014","Boli Bean"
"53","Nusa Tenggara Timur","53.13","Kabupaten Lembata","53.13.01","Naga Wutung","53.13.01.2015","Warawatung"
"53","Nusa Tenggara Timur","53.13","Kabupaten Lembata","53.13.01","Naga Wutung","53.13.01.2016","Idalolong"
"53","Nusa Tenggara Timur","53.13","Kabupaten Lembata","53.13.01","Naga Wutung","53.13.01.2017","Ria Bao"
"53","Nusa Tenggara Timur","53.13","Kabupaten Lembata","53.13.01","Naga Wutung","53.13.01.2018","Liwulagang"
"53","Nusa Tenggara Timur","53.13","Kabupaten Lembata","53.13.02","Atadei","53.13.02.2001","Atakore"
"53","Nusa Tenggara Timur","53.13","Kabupaten Lembata","53.13.02","Atadei","53.13.02.2002","Lusilame"
"53","Nusa Tenggara Timur","53.13","Kabupaten Lembata","53.13.02","Atadei","53.13.02.2004","Lerek"
"53","Nusa Tenggara Timur","53.13","Kabupaten Lembata","53.13.02","Atadei","53.13.02.2005","Nubahaeraka"
"53","Nusa Tenggara Timur","53.13","Kabupaten Lembata","53.13.02","Atadei","53.13.02.2006","Tubukrajan"
"53","Nusa Tenggara Timur","53.13","Kabupaten Lembata","53.13.02","Atadei","53.13.02.2007","Lebaata"
"53","Nusa Tenggara Timur","53.13","Kabupaten Lembata","53.13.02","Atadei","53.13.02.2008","Ile Kimok"
"53","Nusa Tenggara Timur","53.13","Kabupaten Lembata","53.13.02","Atadei","53.13.02.2009","Katakeja"
"53","Nusa Tenggara Timur","53.13","Kabupaten Lembata","53.13.02","Atadei","53.13.02.2010","Ile Kerbau"
"53","Nusa Tenggara Timur","53.13","Kabupaten Lembata","53.13.02","Atadei","53.13.02.2011","Dulir"
"53","Nusa Tenggara Timur","53.13","Kabupaten Lembata","53.13.02","Atadei","53.13.02.2012","Dori Pewut"
"53","Nusa Tenggara Timur","53.13","Kabupaten Lembata","53.13.02","Atadei","53.13.02.2013","Nuba Atalojo"
"53","Nusa Tenggara Timur","53.13","Kabupaten Lembata","53.13.02","Atadei","53.13.02.2014","Nogo Doni"
"53","Nusa Tenggara Timur","53.13","Kabupaten Lembata","53.13.02","Atadei","53.13.02.2015","Nubaboli"
"53","Nusa Tenggara Timur","53.13","Kabupaten Lembata","53.13.02","Atadei","53.13.02.2016","Lewogroma"
"53","Nusa Tenggara Timur","53.13","Kabupaten Lembata","53.13.03","Ile Ape","53.13.03.2001","Kolipadan"
"53","Nusa Tenggara Timur","53.13","Kabupaten Lembata","53.13.03","Ile Ape","53.13.03.2002","Dulitukan"
"53","Nusa Tenggara Timur","53.13","Kabupaten Lembata","53.13.03","Ile Ape","53.13.03.2003","Tagawiti"
"53","Nusa Tenggara Timur","53.13","Kabupaten Lembata","53.13.03","Ile Ape","53.13.03.2004","Waowala"
"53","Nusa Tenggara Timur","53.13","Kabupaten Lembata","53.13.03","Ile Ape","53.13.03.2005","Amakaka"
"53","Nusa Tenggara Timur","53.13","Kabupaten Lembata","53.13.03","Ile Ape","53.13.03.2006","Bungamuda"
"53","Nusa Tenggara Timur","53.13","Kabupaten Lembata","53.13.03","Ile Ape","53.13.03.2007","Napasabok"
"53","Nusa Tenggara Timur","53.13","Kabupaten Lembata","53.13.03","Ile Ape","53.13.03.2012","Petuntawa"
"53","Nusa Tenggara Timur","53.13","Kabupaten Lembata","53.13.03","Ile Ape","53.13.03.2013","Kolontobo"
"53","Nusa Tenggara Timur","53.13","Kabupaten Lembata","53.13.03","Ile Ape","53.13.03.2014","Laranwutun"
"53","Nusa Tenggara Timur","53.13","Kabupaten Lembata","53.13.03","Ile Ape","53.13.03.2015","Watodiri"
"53","Nusa Tenggara Timur","53.13","Kabupaten Lembata","53.13.03","Ile Ape","53.13.03.2016","Tanjung Batu"
"53","Nusa Tenggara Timur","53.13","Kabupaten Lembata","53.13.03","Ile Ape","53.13.03.2018","Muruona"
"53","Nusa Tenggara Timur","53.13","Kabupaten Lembata","53.13.03","Ile Ape","53.13.03.2022","Palilolon"
"53","Nusa Tenggara Timur","53.13","Kabupaten Lembata","53.13.03","Ile Ape","53.13.03.2024","Lamawara"
"53","Nusa Tenggara Timur","53.13","Kabupaten Lembata","53.13.03","Ile Ape","53.13.03.2025","Beutaran"
"53","Nusa Tenggara Timur","53.13","Kabupaten Lembata","53.13.03","Ile Ape","53.13.03.2026","Riangbao"
"53","Nusa Tenggara Timur","53.13","Kabupaten Lembata","53.13.04","Lebatukan","53.13.04.2001","Hadakewa"
"53","Nusa Tenggara Timur","53.13","Kabupaten Lembata","53.13.04","Lebatukan","53.13.04.2002","Lamatuka"
"53","Nusa Tenggara Timur","53.13","Kabupaten Lembata","53.13.04","Lebatukan","53.13.04.2003","Seranggorang"
"53","Nusa Tenggara Timur","53.13","Kabupaten Lembata","53.13.04","Lebatukan","53.13.04.2004","Lodotodokowa"
"53","Nusa Tenggara Timur","53.13","Kabupaten Lembata","53.13.04","Lebatukan","53.13.04.2005","Baopana"
"53","Nusa Tenggara Timur","53.13","Kabupaten Lembata","53.13.04","Lebatukan","53.13.04.2006","Waienga"
"53","Nusa Tenggara Timur","53.13","Kabupaten Lembata","53.13.04","Lebatukan","53.13.04.2007","Lewoeleng"
"53","Nusa Tenggara Timur","53.13","Kabupaten Lembata","53.13.04","Lebatukan","53.13.04.2008","Dikesare"
"53","Nusa Tenggara Timur","53.13","Kabupaten Lembata","53.13.04","Lebatukan","53.13.04.2009","Merdeka"
"53","Nusa Tenggara Timur","53.13","Kabupaten Lembata","53.13.04","Lebatukan","53.13.04.2010","Lerahinga"
"53","Nusa Tenggara Timur","53.13","Kabupaten Lembata","53.13.04","Lebatukan","53.13.04.2011","Tapobarang"
"53","Nusa Tenggara Timur","53.13","Kabupaten Lembata","53.13.04","Lebatukan","53.13.04.2012","Balurebong"
"53","Nusa Tenggara Timur","53.13","Kabupaten Lembata","53.13.04","Lebatukan","53.13.04.2013","Lamadale"
"53","Nusa Tenggara Timur","53.13","Kabupaten Lembata","53.13.04","Lebatukan","53.13.04.2014","Tapolangu"
"53","Nusa Tenggara Timur","53.13","Kabupaten Lembata","53.13.04","Lebatukan","53.13.04.2015","Lamalela"
"53","Nusa Tenggara Timur","53.13","Kabupaten Lembata","53.13.04","Lebatukan","53.13.04.2016","Atakowa"
"53","Nusa Tenggara Timur","53.13","Kabupaten Lembata","53.13.04","Lebatukan","53.13.04.2017","Banitobo"
"53","Nusa Tenggara Timur","53.13","Kabupaten Lembata","53.13.05","Nubatukan","53.13.05.1001","Lewoleba"
"53","Nusa Tenggara Timur","53.13","Kabupaten Lembata","53.13.05","Nubatukan","53.13.05.1002","Lewoleba Timur"
"53","Nusa Tenggara Timur","53.13","Kabupaten Lembata","53.13.05","Nubatukan","53.13.05.1003","Lewoleba Tengah"
"53","Nusa Tenggara Timur","53.13","Kabupaten Lembata","53.13.05","Nubatukan","53.13.05.1004","Lewoleba Utara"
"53","Nusa Tenggara Timur","53.13","Kabupaten Lembata","53.13.05","Nubatukan","53.13.05.1015","Selandoro"
"53","Nusa Tenggara Timur","53.13","Kabupaten Lembata","53.13.05","Nubatukan","53.13.05.1016","Lewoleba Selatan"
"53","Nusa Tenggara Timur","53.13","Kabupaten Lembata","53.13.05","Nubatukan","53.13.05.1017","Lewoleba Barat"
"53","Nusa Tenggara Timur","53.13","Kabupaten Lembata","53.13.05","Nubatukan","53.13.05.2006","Baolangu"
"53","Nusa Tenggara Timur","53.13","Kabupaten Lembata","53.13.05","Nubatukan","53.13.05.2007","Nubamado"
"53","Nusa Tenggara Timur","53.13","Kabupaten Lembata","53.13.05","Nubatukan","53.13.05.2008","Watokobu"
"53","Nusa Tenggara Timur","53.13","Kabupaten Lembata","53.13.05","Nubatukan","53.13.05.2009","Belobatang"
"53","Nusa Tenggara Timur","53.13","Kabupaten Lembata","53.13.05","Nubatukan","53.13.05.2010","Waijarang"
"53","Nusa Tenggara Timur","53.13","Kabupaten Lembata","53.13.05","Nubatukan","53.13.05.2011","Udak Melomata"
"53","Nusa Tenggara Timur","53.13","Kabupaten Lembata","53.13.05","Nubatukan","53.13.05.2012","Paubokol"
"53","Nusa Tenggara Timur","53.13","Kabupaten Lembata","53.13.05","Nubatukan","53.13.05.2013","Pada"
"53","Nusa Tenggara Timur","53.13","Kabupaten Lembata","53.13.05","Nubatukan","53.13.05.2014","Lite Ulumado"
"53","Nusa Tenggara Timur","53.13","Kabupaten Lembata","53.13.05","Nubatukan","53.13.05.2018","Bakalerek"
"53","Nusa Tenggara Timur","53.13","Kabupaten Lembata","53.13.05","Nubatukan","53.13.05.2019","Bour"
"53","Nusa Tenggara Timur","53.13","Kabupaten Lembata","53.13.06","Omesuri","53.13.06.2001","Balauring"
"53","Nusa Tenggara Timur","53.13","Kabupaten Lembata","53.13.06","Omesuri","53.13.06.2002","Nilanapo"
"53","Nusa Tenggara Timur","53.13","Kabupaten Lembata","53.13.06","Omesuri","53.13.06.2003","Leubatang"
"53","Nusa Tenggara Timur","53.13","Kabupaten Lembata","53.13.06","Omesuri","53.13.06.2004","Walangsawa"
"53","Nusa Tenggara Timur","53.13","Kabupaten Lembata","53.13.06","Omesuri","53.13.06.2005","Mahal"
"53","Nusa Tenggara Timur","53.13","Kabupaten Lembata","53.13.06","Omesuri","53.13.06.2006","Aramengi"
"53","Nusa Tenggara Timur","53.13","Kabupaten Lembata","53.13.06","Omesuri","53.13.06.2007","Meluwiting"
"53","Nusa Tenggara Timur","53.13","Kabupaten Lembata","53.13.06","Omesuri","53.13.06.2008","Hingalamamengi"
"53","Nusa Tenggara Timur","53.13","Kabupaten Lembata","53.13.06","Omesuri","53.13.06.2009","Dolulolong"
"53","Nusa Tenggara Timur","53.13","Kabupaten Lembata","53.13.06","Omesuri","53.13.06.2010","Hoelea"
"53","Nusa Tenggara Timur","53.13","Kabupaten Lembata","53.13.06","Omesuri","53.13.06.2011","Roma"
"53","Nusa Tenggara Timur","53.13","Kabupaten Lembata","53.13.06","Omesuri","53.13.06.2012","Leuwayang"
"53","Nusa Tenggara Timur","53.13","Kabupaten Lembata","53.13.06","Omesuri","53.13.06.2013","Leudanung"
"53","Nusa Tenggara Timur","53.13","Kabupaten Lembata","53.13.06","Omesuri","53.13.06.2014","Normal"
"53","Nusa Tenggara Timur","53.13","Kabupaten Lembata","53.13.06","Omesuri","53.13.06.2015","Wailolong"
"53","Nusa Tenggara Timur","53.13","Kabupaten Lembata","53.13.06","Omesuri","53.13.06.2016","Hoelea II"
"53","Nusa Tenggara Timur","53.13","Kabupaten Lembata","53.13.06","Omesuri","53.13.06.2017","Lebewala"
"53","Nusa Tenggara Timur","53.13","Kabupaten Lembata","53.13.06","Omesuri","53.13.06.2018","Mahal II"
"53","Nusa Tenggara Timur","53.13","Kabupaten Lembata","53.13.06","Omesuri","53.13.06.2019","Peusawa"
"53","Nusa Tenggara Timur","53.13","Kabupaten Lembata","53.13.06","Omesuri","53.13.06.2020","Wowong"
"53","Nusa Tenggara Timur","53.13","Kabupaten Lembata","53.13.06","Omesuri","53.13.06.2021","Normal I"
"53","Nusa Tenggara Timur","53.13","Kabupaten Lembata","53.13.06","Omesuri","53.13.06.2022","Meluwiting I"
"53","Nusa Tenggara Timur","53.13","Kabupaten Lembata","53.13.07","Buyasuri","53.13.07.2001","Panama"
"53","Nusa Tenggara Timur","53.13","Kabupaten Lembata","53.13.07","Buyasuri","53.13.07.2002","Benihading"
"53","Nusa Tenggara Timur","53.13","Kabupaten Lembata","53.13.07","Buyasuri","53.13.07.2003","Atulaleng"
"53","Nusa Tenggara Timur","53.13","Kabupaten Lembata","53.13.07","Buyasuri","53.13.07.2004","Roho"
"53","Nusa Tenggara Timur","53.13","Kabupaten Lembata","53.13.07","Buyasuri","53.13.07.2005","Loyobohor"
"53","Nusa Tenggara Timur","53.13","Kabupaten Lembata","53.13.07","Buyasuri","53.13.07.2006","Leuburi"
"53","Nusa Tenggara Timur","53.13","Kabupaten Lembata","53.13.07","Buyasuri","53.13.07.2007","Kaohua"
"53","Nusa Tenggara Timur","53.13","Kabupaten Lembata","53.13.07","Buyasuri","53.13.07.2008","Kalikur WL"
"53","Nusa Tenggara Timur","53.13","Kabupaten Lembata","53.13.07","Buyasuri","53.13.07.2009","Umaleu"
"53","Nusa Tenggara Timur","53.13","Kabupaten Lembata","53.13.07","Buyasuri","53.13.07.2010","Buriwutung"
"53","Nusa Tenggara Timur","53.13","Kabupaten Lembata","53.13.07","Buyasuri","53.13.07.2011","Mampir"
"53","Nusa Tenggara Timur","53.13","Kabupaten Lembata","53.13.07","Buyasuri","53.13.07.2012","Leuwohung"
"53","Nusa Tenggara Timur","53.13","Kabupaten Lembata","53.13.07","Buyasuri","53.13.07.2013","Bareng"
"53","Nusa Tenggara Timur","53.13","Kabupaten Lembata","53.13.07","Buyasuri","53.13.07.2014","Kalikur"
"53","Nusa Tenggara Timur","53.13","Kabupaten Lembata","53.13.07","Buyasuri","53.13.07.2015","Bean"
"53","Nusa Tenggara Timur","53.13","Kabupaten Lembata","53.13.07","Buyasuri","53.13.07.2016","Benihading II"
"53","Nusa Tenggara Timur","53.13","Kabupaten Lembata","53.13.07","Buyasuri","53.13.07.2017","Tobotani"
"53","Nusa Tenggara Timur","53.13","Kabupaten Lembata","53.13.07","Buyasuri","53.13.07.2018","Tubung Walang"
"53","Nusa Tenggara Timur","53.13","Kabupaten Lembata","53.13.07","Buyasuri","53.13.07.2019","Rumang"
"53","Nusa Tenggara Timur","53.13","Kabupaten Lembata","53.13.07","Buyasuri","53.13.07.2020","Atu' Walupang"
"53","Nusa Tenggara Timur","53.13","Kabupaten Lembata","53.13.08","Wulandoni","53.13.08.2001","Alap Atadei"
"53","Nusa Tenggara Timur","53.13","Kabupaten Lembata","53.13.08","Wulandoni","53.13.08.2002","Atakera"
"53","Nusa Tenggara Timur","53.13","Kabupaten Lembata","53.13.08","Wulandoni","53.13.08.2003","Leworaja"
"53","Nusa Tenggara Timur","53.13","Kabupaten Lembata","53.13.08","Wulandoni","53.13.08.2004","Pantai Harapan"
"53","Nusa Tenggara Timur","53.13","Kabupaten Lembata","53.13.08","Wulandoni","53.13.08.2005","Puor"
"53","Nusa Tenggara Timur","53.13","Kabupaten Lembata","53.13.08","Wulandoni","53.13.08.2006","Imulolong"
"53","Nusa Tenggara Timur","53.13","Kabupaten Lembata","53.13.08","Wulandoni","53.13.08.2007","Lamalera B"
"53","Nusa Tenggara Timur","53.13","Kabupaten Lembata","53.13.08","Wulandoni","53.13.08.2008","Lamalera A"
"53","Nusa Tenggara Timur","53.13","Kabupaten Lembata","53.13.08","Wulandoni","53.13.08.2009","Lelata"
"53","Nusa Tenggara Timur","53.13","Kabupaten Lembata","53.13.08","Wulandoni","53.13.08.2010","Wulandoni"
"53","Nusa Tenggara Timur","53.13","Kabupaten Lembata","53.13.08","Wulandoni","53.13.08.2011","Belobao"
"53","Nusa Tenggara Timur","53.13","Kabupaten Lembata","53.13.08","Wulandoni","53.13.08.2012","Posiwatu"
"53","Nusa Tenggara Timur","53.13","Kabupaten Lembata","53.13.08","Wulandoni","53.13.08.2013","Puor B"
"53","Nusa Tenggara Timur","53.13","Kabupaten Lembata","53.13.08","Wulandoni","53.13.08.2014","Ataili"
"53","Nusa Tenggara Timur","53.13","Kabupaten Lembata","53.13.08","Wulandoni","53.13.08.2015","Tapobali"
"53","Nusa Tenggara Timur","53.13","Kabupaten Lembata","53.13.09","Ile Ape Timur","53.13.09.2001","Todanara"
"53","Nusa Tenggara Timur","53.13","Kabupaten Lembata","53.13.09","Ile Ape Timur","53.13.09.2002","Jontona"
"53","Nusa Tenggara Timur","53.13","Kabupaten Lembata","53.13.09","Ile Ape Timur","53.13.09.2003","Lamawolo"
"53","Nusa Tenggara Timur","53.13","Kabupaten Lembata","53.13.09","Ile Ape Timur","53.13.09.2004","Lamatokan"
"53","Nusa Tenggara Timur","53.13","Kabupaten Lembata","53.13.09","Ile Ape Timur","53.13.09.2005","Bao Lali Duli"
"53","Nusa Tenggara Timur","53.13","Kabupaten Lembata","53.13.09","Ile Ape Timur","53.13.09.2006","Lamaau"
"53","Nusa Tenggara Timur","53.13","Kabupaten Lembata","53.13.09","Ile Ape Timur","53.13.09.2007","Aulesa"
"53","Nusa Tenggara Timur","53.13","Kabupaten Lembata","53.13.09","Ile Ape Timur","53.13.09.2008","Waimatan"
"53","Nusa Tenggara Timur","53.13","Kabupaten Lembata","53.13.09","Ile Ape Timur","53.13.09.2009","Lamagute"
"53","Nusa Tenggara Timur","53.14","Kabupaten Rote Ndao","53.14.01","Rote Barat Daya","53.14.01.2005","Oeseli"
"53","Nusa Tenggara Timur","53.14","Kabupaten Rote Ndao","53.14.01","Rote Barat Daya","53.14.01.2006","Oebou"
"53","Nusa Tenggara Timur","53.14","Kabupaten Rote Ndao","53.14.01","Rote Barat Daya","53.14.01.2007","Lalukoen"
"53","Nusa Tenggara Timur","53.14","Kabupaten Rote Ndao","53.14.01","Rote Barat Daya","53.14.01.2008","Oehandi"
"53","Nusa Tenggara Timur","53.14","Kabupaten Rote Ndao","53.14.01","Rote Barat Daya","53.14.01.2009","Oetefu"
"53","Nusa Tenggara Timur","53.14","Kabupaten Rote Ndao","53.14.01","Rote Barat Daya","53.14.01.2010","Batutua"
"53","Nusa Tenggara Timur","53.14","Kabupaten Rote Ndao","53.14.01","Rote Barat Daya","53.14.01.2011","Meoain"
"53","Nusa Tenggara Timur","53.14","Kabupaten Rote Ndao","53.14.01","Rote Barat Daya","53.14.01.2012","Oebafok"
"53","Nusa Tenggara Timur","53.14","Kabupaten Rote Ndao","53.14.01","Rote Barat Daya","53.14.01.2013","Oebatu"
"53","Nusa Tenggara Timur","53.14","Kabupaten Rote Ndao","53.14.01","Rote Barat Daya","53.14.01.2014","Mbokak"
"53","Nusa Tenggara Timur","53.14","Kabupaten Rote Ndao","53.14.01","Rote Barat Daya","53.14.01.2015","Lekik"
"53","Nusa Tenggara Timur","53.14","Kabupaten Rote Ndao","53.14.01","Rote Barat Daya","53.14.01.2016","Dolasi"
"53","Nusa Tenggara Timur","53.14","Kabupaten Rote Ndao","53.14.01","Rote Barat Daya","53.14.01.2017","Oelasin"
"53","Nusa Tenggara Timur","53.14","Kabupaten Rote Ndao","53.14.01","Rote Barat Daya","53.14.01.2018","Landu"
"53","Nusa Tenggara Timur","53.14","Kabupaten Rote Ndao","53.14.01","Rote Barat Daya","53.14.01.2019","Lentera"
"53","Nusa Tenggara Timur","53.14","Kabupaten Rote Ndao","53.14.01","Rote Barat Daya","53.14.01.2020","Sanggandolu"
"53","Nusa Tenggara Timur","53.14","Kabupaten Rote Ndao","53.14.01","Rote Barat Daya","53.14.01.2021","Sakubatun"
"53","Nusa Tenggara Timur","53.14","Kabupaten Rote Ndao","53.14.01","Rote Barat Daya","53.14.01.2022","Fuafuni"
"53","Nusa Tenggara Timur","53.14","Kabupaten Rote Ndao","53.14.01","Rote Barat Daya","53.14.01.2023","Dalek Esa"
"53","Nusa Tenggara Timur","53.14","Kabupaten Rote Ndao","53.14.02","Rote Barat Laut","53.14.02.1008","Busalangga"
"53","Nusa Tenggara Timur","53.14","Kabupaten Rote Ndao","53.14.02","Rote Barat Laut","53.14.02.2004","Temas"
"53","Nusa Tenggara Timur","53.14","Kabupaten Rote Ndao","53.14.02","Rote Barat Laut","53.14.02.2007","Modosinal"
"53","Nusa Tenggara Timur","53.14","Kabupaten Rote Ndao","53.14.02","Rote Barat Laut","53.14.02.2009","Netenaen"
"53","Nusa Tenggara Timur","53.14","Kabupaten Rote Ndao","53.14.02","Rote Barat Laut","53.14.02.2012","Ingguinak"
"53","Nusa Tenggara Timur","53.14","Kabupaten Rote Ndao","53.14.02","Rote Barat Laut","53.14.02.2013","Oetutulu"
"53","Nusa Tenggara Timur","53.14","Kabupaten Rote Ndao","53.14.02","Rote Barat Laut","53.14.02.2014","Daudolu"
"53","Nusa Tenggara Timur","53.14","Kabupaten Rote Ndao","53.14.02","Rote Barat Laut","53.14.02.2017","Tualima"
"53","Nusa Tenggara Timur","53.14","Kabupaten Rote Ndao","53.14.02","Rote Barat Laut","53.14.02.2019","Hundihuk"
"53","Nusa Tenggara Timur","53.14","Kabupaten Rote Ndao","53.14.02","Rote Barat Laut","53.14.02.2021","Saindule"
"53","Nusa Tenggara Timur","53.14","Kabupaten Rote Ndao","53.14.02","Rote Barat Laut","53.14.02.2025","Busalangga Timur"
"53","Nusa Tenggara Timur","53.14","Kabupaten Rote Ndao","53.14.02","Rote Barat Laut","53.14.02.2026","Busalangga Barat"
"53","Nusa Tenggara Timur","53.14","Kabupaten Rote Ndao","53.14.03","Lobalain","53.14.03.1001","Namodale"
"53","Nusa Tenggara Timur","53.14","Kabupaten Rote Ndao","53.14.03","Lobalain","53.14.03.1009","Mokdale"
"53","Nusa Tenggara Timur","53.14","Kabupaten Rote Ndao","53.14.03","Lobalain","53.14.03.1011","Metina"
"53","Nusa Tenggara Timur","53.14","Kabupaten Rote Ndao","53.14.03","Lobalain","53.14.03.2002","Kuli"
"53","Nusa Tenggara Timur","53.14","Kabupaten Rote Ndao","53.14.03","Lobalain","53.14.03.2003","Bebalain"
"53","Nusa Tenggara Timur","53.14","Kabupaten Rote Ndao","53.14.03","Lobalain","53.14.03.2004","Kolobolon"
"53","Nusa Tenggara Timur","53.14","Kabupaten Rote Ndao","53.14.03","Lobalain","53.14.03.2005","Helebeik"
"53","Nusa Tenggara Timur","53.14","Kabupaten Rote Ndao","53.14.03","Lobalain","53.14.03.2006","Sanggaoen"
"53","Nusa Tenggara Timur","53.14","Kabupaten Rote Ndao","53.14.03","Lobalain","53.14.03.2007","Holoama"
"53","Nusa Tenggara Timur","53.14","Kabupaten Rote Ndao","53.14.03","Lobalain","53.14.03.2008","Tuanatuk"
"53","Nusa Tenggara Timur","53.14","Kabupaten Rote Ndao","53.14.03","Lobalain","53.14.03.2010","Oelunggu"
"53","Nusa Tenggara Timur","53.14","Kabupaten Rote Ndao","53.14.03","Lobalain","53.14.03.2012","Oematamboli"
"53","Nusa Tenggara Timur","53.14","Kabupaten Rote Ndao","53.14.03","Lobalain","53.14.03.2013","Suelain"
"53","Nusa Tenggara Timur","53.14","Kabupaten Rote Ndao","53.14.03","Lobalain","53.14.03.2014","Baadale"
"53","Nusa Tenggara Timur","53.14","Kabupaten Rote Ndao","53.14.03","Lobalain","53.14.03.2015","Lekunik"
"53","Nusa Tenggara Timur","53.14","Kabupaten Rote Ndao","53.14.03","Lobalain","53.14.03.2016","Loleoen"
"53","Nusa Tenggara Timur","53.14","Kabupaten Rote Ndao","53.14.03","Lobalain","53.14.03.2017","Kuli Aisele"
"53","Nusa Tenggara Timur","53.14","Kabupaten Rote Ndao","53.14.03","Lobalain","53.14.03.2018","Oeleka"
"53","Nusa Tenggara Timur","53.14","Kabupaten Rote Ndao","53.14.04","Rote Tengah","53.14.04.1002","Onatali"
"53","Nusa Tenggara Timur","53.14","Kabupaten Rote Ndao","53.14.04","Rote Tengah","53.14.04.2001","Maubesi"
"53","Nusa Tenggara Timur","53.14","Kabupaten Rote Ndao","53.14.04","Rote Tengah","53.14.04.2003","Nggodimeda"
"53","Nusa Tenggara Timur","53.14","Kabupaten Rote Ndao","53.14.04","Rote Tengah","53.14.04.2004","Limakoli"
"53","Nusa Tenggara Timur","53.14","Kabupaten Rote Ndao","53.14.04","Rote Tengah","53.14.04.2005","Lidamanu"
"53","Nusa Tenggara Timur","53.14","Kabupaten Rote Ndao","53.14.04","Rote Tengah","53.14.04.2010","Suebela"
"53","Nusa Tenggara Timur","53.14","Kabupaten Rote Ndao","53.14.04","Rote Tengah","53.14.04.2011","Lidabesi"
"53","Nusa Tenggara Timur","53.14","Kabupaten Rote Ndao","53.14.04","Rote Tengah","53.14.04.2013","Siomeda"
"53","Nusa Tenggara Timur","53.14","Kabupaten Rote Ndao","53.14.05","Pantai Baru","53.14.05.1009","Olafulihaa"
"53","Nusa Tenggara Timur","53.14","Kabupaten Rote Ndao","53.14.05","Pantai Baru","53.14.05.2001","Nusakdale"
"53","Nusa Tenggara Timur","53.14","Kabupaten Rote Ndao","53.14.05","Pantai Baru","53.14.05.2002","Batulilok"
"53","Nusa Tenggara Timur","53.14","Kabupaten Rote Ndao","53.14.05","Pantai Baru","53.14.05.2003","Lenupetu"
"53","Nusa Tenggara Timur","53.14","Kabupaten Rote Ndao","53.14.05","Pantai Baru","53.14.05.2004","Sonimanu"
"53","Nusa Tenggara Timur","53.14","Kabupaten Rote Ndao","53.14.05","Pantai Baru","53.14.05.2005","Oebau"
"53","Nusa Tenggara Timur","53.14","Kabupaten Rote Ndao","53.14.05","Pantai Baru","53.14.05.2006","Oeledo"
"53","Nusa Tenggara Timur","53.14","Kabupaten Rote Ndao","53.14.05","Pantai Baru","53.14.05.2007","Keoen"
"53","Nusa Tenggara Timur","53.14","Kabupaten Rote Ndao","53.14.05","Pantai Baru","53.14.05.2008","Edalode"
"53","Nusa Tenggara Timur","53.14","Kabupaten Rote Ndao","53.14.05","Pantai Baru","53.14.05.2010","Tungganamo"
"53","Nusa Tenggara Timur","53.14","Kabupaten Rote Ndao","53.14.05","Pantai Baru","53.14.05.2011","Tesa Bela"
"53","Nusa Tenggara Timur","53.14","Kabupaten Rote Ndao","53.14.05","Pantai Baru","53.14.05.2012","Lekona"
"53","Nusa Tenggara Timur","53.14","Kabupaten Rote Ndao","53.14.05","Pantai Baru","53.14.05.2013","Oenggae"
"53","Nusa Tenggara Timur","53.14","Kabupaten Rote Ndao","53.14.05","Pantai Baru","53.14.05.2014","Fatelilo"
"53","Nusa Tenggara Timur","53.14","Kabupaten Rote Ndao","53.14.05","Pantai Baru","53.14.05.2015","Ofalangga"
"53","Nusa Tenggara Timur","53.14","Kabupaten Rote Ndao","53.14.06","Rote Timur","53.14.06.1004","Londalusi"
"53","Nusa Tenggara Timur","53.14","Kabupaten Rote Ndao","53.14.06","Rote Timur","53.14.06.2001","Mukekuku"
"53","Nusa Tenggara Timur","53.14","Kabupaten Rote Ndao","53.14.06","Rote Timur","53.14.06.2002","Faifua"
"53","Nusa Tenggara Timur","53.14","Kabupaten Rote Ndao","53.14.06","Rote Timur","53.14.06.2003","Hundihopo"
"53","Nusa Tenggara Timur","53.14","Kabupaten Rote Ndao","53.14.06","Rote Timur","53.14.06.2005","Serubeba"
"53","Nusa Tenggara Timur","53.14","Kabupaten Rote Ndao","53.14.06","Rote Timur","53.14.06.2006","Lakamola"
"53","Nusa Tenggara Timur","53.14","Kabupaten Rote Ndao","53.14.06","Rote Timur","53.14.06.2007","Matasio"
"53","Nusa Tenggara Timur","53.14","Kabupaten Rote Ndao","53.14.06","Rote Timur","53.14.06.2014","Pengodua"
"53","Nusa Tenggara Timur","53.14","Kabupaten Rote Ndao","53.14.06","Rote Timur","53.14.06.2015","Batefalu"
"53","Nusa Tenggara Timur","53.14","Kabupaten Rote Ndao","53.14.06","Rote Timur","53.14.06.2016","Papela"
"53","Nusa Tenggara Timur","53.14","Kabupaten Rote Ndao","53.14.06","Rote Timur","53.14.06.2017","Matanae"
"53","Nusa Tenggara Timur","53.14","Kabupaten Rote Ndao","53.14.07","Rote Barat","53.14.07.2001","Sedeoen"
"53","Nusa Tenggara Timur","53.14","Kabupaten Rote Ndao","53.14.07","Rote Barat","53.14.07.2002","Nemberala"
"53","Nusa Tenggara Timur","53.14","Kabupaten Rote Ndao","53.14.07","Rote Barat","53.14.07.2003","Oenggaut"
"53","Nusa Tenggara Timur","53.14","Kabupaten Rote Ndao","53.14.07","Rote Barat","53.14.07.2004","Bo'a"
"53","Nusa Tenggara Timur","53.14","Kabupaten Rote Ndao","53.14.07","Rote Barat","53.14.07.2005","Oenitas"
"53","Nusa Tenggara Timur","53.14","Kabupaten Rote Ndao","53.14.07","Rote Barat","53.14.07.2006","Oelolot"
"53","Nusa Tenggara Timur","53.14","Kabupaten Rote Ndao","53.14.07","Rote Barat","53.14.07.2007","Mbueain"
"53","Nusa Tenggara Timur","53.14","Kabupaten Rote Ndao","53.14.08","Rote Selatan","53.14.08.2001","Lenguselu"
"53","Nusa Tenggara Timur","53.14","Kabupaten Rote Ndao","53.14.08","Rote Selatan","53.14.08.2002","Daleholu"
"53","Nusa Tenggara Timur","53.14","Kabupaten Rote Ndao","53.14.08","Rote Selatan","53.14.08.2003","Dodaek"
"53","Nusa Tenggara Timur","53.14","Kabupaten Rote Ndao","53.14.08","Rote Selatan","53.14.08.2004","Tebole"
"53","Nusa Tenggara Timur","53.14","Kabupaten Rote Ndao","53.14.08","Rote Selatan","53.14.08.2005","Inaoe"
"53","Nusa Tenggara Timur","53.14","Kabupaten Rote Ndao","53.14.08","Rote Selatan","53.14.08.2006","Nggelodae"
"53","Nusa Tenggara Timur","53.14","Kabupaten Rote Ndao","53.14.08","Rote Selatan","53.14.08.2007","Pilasue"
"53","Nusa Tenggara Timur","53.14","Kabupaten Rote Ndao","53.14.09","Ndao Nuse","53.14.09.2001","Mbali Lendeiki"
"53","Nusa Tenggara Timur","53.14","Kabupaten Rote Ndao","53.14.09","Ndao Nuse","53.14.09.2002","Anarae"
"53","Nusa Tenggara Timur","53.14","Kabupaten Rote Ndao","53.14.09","Ndao Nuse","53.14.09.2003","Mbiu Lombo"
"53","Nusa Tenggara Timur","53.14","Kabupaten Rote Ndao","53.14.09","Ndao Nuse","53.14.09.2004","Nuse"
"53","Nusa Tenggara Timur","53.14","Kabupaten Rote Ndao","53.14.09","Ndao Nuse","53.14.09.2005","Ndaonuse"
"53","Nusa Tenggara Timur","53.14","Kabupaten Rote Ndao","53.14.10","Landu Leko","53.14.10.2001","Bolatena"
"53","Nusa Tenggara Timur","53.14","Kabupaten Rote Ndao","53.14.10","Landu Leko","53.14.10.2002","Lifuleo"
"53","Nusa Tenggara Timur","53.14","Kabupaten Rote Ndao","53.14.10","Landu Leko","53.14.10.2003","Sotimori"
"53","Nusa Tenggara Timur","53.14","Kabupaten Rote Ndao","53.14.10","Landu Leko","53.14.10.2004","Daeurendale"
"53","Nusa Tenggara Timur","53.14","Kabupaten Rote Ndao","53.14.10","Landu Leko","53.14.10.2005","Daiama"
"53","Nusa Tenggara Timur","53.14","Kabupaten Rote Ndao","53.14.10","Landu Leko","53.14.10.2006","Pukuafu"
"53","Nusa Tenggara Timur","53.14","Kabupaten Rote Ndao","53.14.10","Landu Leko","53.14.10.2007","Tena Lai"
"53","Nusa Tenggara Timur","53.14","Kabupaten Rote Ndao","53.14.11","Loaholu","53.14.11.2001","Oelua"
"53","Nusa Tenggara Timur","53.14","Kabupaten Rote Ndao","53.14.11","Loaholu","53.14.11.2002","Holulai"
"53","Nusa Tenggara Timur","53.14","Kabupaten Rote Ndao","53.14.11","Loaholu","53.14.11.2003","Tolama"
"53","Nusa Tenggara Timur","53.14","Kabupaten Rote Ndao","53.14.11","Loaholu","53.14.11.2004","Oebole"
"53","Nusa Tenggara Timur","53.14","Kabupaten Rote Ndao","53.14.11","Loaholu","53.14.11.2005","Tasilo"
"53","Nusa Tenggara Timur","53.14","Kabupaten Rote Ndao","53.14.11","Loaholu","53.14.11.2006","Boni"
"53","Nusa Tenggara Timur","53.14","Kabupaten Rote Ndao","53.14.11","Loaholu","53.14.11.2007","Balaoli"
"53","Nusa Tenggara Timur","53.14","Kabupaten Rote Ndao","53.14.11","Loaholu","53.14.11.2008","Oebela"
"53","Nusa Tenggara Timur","53.14","Kabupaten Rote Ndao","53.14.11","Loaholu","53.14.11.2009","Lidor"
"53","Nusa Tenggara Timur","53.14","Kabupaten Rote Ndao","53.14.11","Loaholu","53.14.11.2010","Mundek"
"53","Nusa Tenggara Timur","53.15","Kabupaten Manggarai Barat","53.15.01","Macang Pacar","53.15.01.2001","Bari"
"53","Nusa Tenggara Timur","53.15","Kabupaten Manggarai Barat","53.15.01","Macang Pacar","53.15.01.2002","Rokap"
"53","Nusa Tenggara Timur","53.15","Kabupaten Manggarai Barat","53.15.01","Macang Pacar","53.15.01.2003","Mbakung"
"53","Nusa Tenggara Timur","53.15","Kabupaten Manggarai Barat","53.15.01","Macang Pacar","53.15.01.2004","Nggilat"
"53","Nusa Tenggara Timur","53.15","Kabupaten Manggarai Barat","53.15.01","Macang Pacar","53.15.01.2005","Rego"
"53","Nusa Tenggara Timur","53.15","Kabupaten Manggarai Barat","53.15.01","Macang Pacar","53.15.01.2006","Wontong"
"53","Nusa Tenggara Timur","53.15","Kabupaten Manggarai Barat","53.15.01","Macang Pacar","53.15.01.2007","Raba"
"53","Nusa Tenggara Timur","53.15","Kabupaten Manggarai Barat","53.15.01","Macang Pacar","53.15.01.2008","Nanga Kantor"
"53","Nusa Tenggara Timur","53.15","Kabupaten Manggarai Barat","53.15.01","Macang Pacar","53.15.01.2014","Watubaru"
"53","Nusa Tenggara Timur","53.15","Kabupaten Manggarai Barat","53.15.01","Macang Pacar","53.15.01.2015","Lewat"
"53","Nusa Tenggara Timur","53.15","Kabupaten Manggarai Barat","53.15.01","Macang Pacar","53.15.01.2016","Watu Manggar"
"53","Nusa Tenggara Timur","53.15","Kabupaten Manggarai Barat","53.15.01","Macang Pacar","53.15.01.2025","Sarae Naru"
"53","Nusa Tenggara Timur","53.15","Kabupaten Manggarai Barat","53.15.01","Macang Pacar","53.15.01.2026","Nanga Kantor Barat"
"53","Nusa Tenggara Timur","53.15","Kabupaten Manggarai Barat","53.15.02","Kuwus","53.15.02.1022","Golo Ru'u"
"53","Nusa Tenggara Timur","53.15","Kabupaten Manggarai Barat","53.15.02","Kuwus","53.15.02.1023","Nantal"
"53","Nusa Tenggara Timur","53.15","Kabupaten Manggarai Barat","53.15.02","Kuwus","53.15.02.2002","Coal"
"53","Nusa Tenggara Timur","53.15","Kabupaten Manggarai Barat","53.15.02","Kuwus","53.15.02.2004","Pangga"
"53","Nusa Tenggara Timur","53.15","Kabupaten Manggarai Barat","53.15.02","Kuwus","53.15.02.2010","Lewur"
"53","Nusa Tenggara Timur","53.15","Kabupaten Manggarai Barat","53.15.02","Kuwus","53.15.02.2011","Lawi"
"53","Nusa Tenggara Timur","53.15","Kabupaten Manggarai Barat","53.15.02","Kuwus","53.15.02.2017","Compang Suka"
"53","Nusa Tenggara Timur","53.15","Kabupaten Manggarai Barat","53.15.02","Kuwus","53.15.02.2018","Benteng Suru"
"53","Nusa Tenggara Timur","53.15","Kabupaten Manggarai Barat","53.15.02","Kuwus","53.15.02.2021","Sama"
"53","Nusa Tenggara Timur","53.15","Kabupaten Manggarai Barat","53.15.02","Kuwus","53.15.02.2030","Bangka Lewat"
"53","Nusa Tenggara Timur","53.15","Kabupaten Manggarai Barat","53.15.02","Kuwus","53.15.02.2031","Suka Kiong"
"53","Nusa Tenggara Timur","53.15","Kabupaten Manggarai Barat","53.15.02","Kuwus","53.15.02.2032","Golo Pua"
"53","Nusa Tenggara Timur","53.15","Kabupaten Manggarai Barat","53.15.03","Lembor","53.15.03.1032","Tangge"
"53","Nusa Tenggara Timur","53.15","Kabupaten Manggarai Barat","53.15.03","Lembor","53.15.03.2003","Wae Wako"
"53","Nusa Tenggara Timur","53.15","Kabupaten Manggarai Barat","53.15.03","Lembor","53.15.03.2010","Wae Kanta"
"53","Nusa Tenggara Timur","53.15","Kabupaten Manggarai Barat","53.15.03","Lembor","53.15.03.2011","Ponto Ara"
"53","Nusa Tenggara Timur","53.15","Kabupaten Manggarai Barat","53.15.03","Lembor","53.15.03.2012","Wae Bangka"
"53","Nusa Tenggara Timur","53.15","Kabupaten Manggarai Barat","53.15.03","Lembor","53.15.03.2013","Pong Majok"
"53","Nusa Tenggara Timur","53.15","Kabupaten Manggarai Barat","53.15.03","Lembor","53.15.03.2014","Daleng"
"53","Nusa Tenggara Timur","53.15","Kabupaten Manggarai Barat","53.15.03","Lembor","53.15.03.2021","Siru"
"53","Nusa Tenggara Timur","53.15","Kabupaten Manggarai Barat","53.15.03","Lembor","53.15.03.2022","Pondo"
"53","Nusa Tenggara Timur","53.15","Kabupaten Manggarai Barat","53.15.03","Lembor","53.15.03.2023","Poco Rutang"
"53","Nusa Tenggara Timur","53.15","Kabupaten Manggarai Barat","53.15.03","Lembor","53.15.03.2025","Ngancar"
"53","Nusa Tenggara Timur","53.15","Kabupaten Manggarai Barat","53.15.03","Lembor","53.15.03.2033","LIang Sola"
"53","Nusa Tenggara Timur","53.15","Kabupaten Manggarai Barat","53.15.03","Lembor","53.15.03.2034","Wae Mowol"
"53","Nusa Tenggara Timur","53.15","Kabupaten Manggarai Barat","53.15.03","Lembor","53.15.03.2035","Golo Ndeweng"
"53","Nusa Tenggara Timur","53.15","Kabupaten Manggarai Barat","53.15.03","Lembor","53.15.03.2036","Poco Dedeng"
"53","Nusa Tenggara Timur","53.15","Kabupaten Manggarai Barat","53.15.04","Sano Nggoang","53.15.04.2001","Golo Ndaring"
"53","Nusa Tenggara Timur","53.15","Kabupaten Manggarai Barat","53.15.04","Sano Nggoang","53.15.04.2005","Golo Kempo"
"53","Nusa Tenggara Timur","53.15","Kabupaten Manggarai Barat","53.15.04","Sano Nggoang","53.15.04.2008","Golo Manting"
"53","Nusa Tenggara Timur","53.15","Kabupaten Manggarai Barat","53.15.04","Sano Nggoang","53.15.04.2009","Matawae"
"53","Nusa Tenggara Timur","53.15","Kabupaten Manggarai Barat","53.15.04","Sano Nggoang","53.15.04.2011","Nampar Macing"
"53","Nusa Tenggara Timur","53.15","Kabupaten Manggarai Barat","53.15.04","Sano Nggoang","53.15.04.2014","Wae Sano"
"53","Nusa Tenggara Timur","53.15","Kabupaten Manggarai Barat","53.15.04","Sano Nggoang","53.15.04.2016","Golo Mbu"
"53","Nusa Tenggara Timur","53.15","Kabupaten Manggarai Barat","53.15.04","Sano Nggoang","53.15.04.2017","Golo Leleng"
"53","Nusa Tenggara Timur","53.15","Kabupaten Manggarai Barat","53.15.04","Sano Nggoang","53.15.04.2018","Sano Nggoang"
"53","Nusa Tenggara Timur","53.15","Kabupaten Manggarai Barat","53.15.04","Sano Nggoang","53.15.04.2020","Wae Lolos"
"53","Nusa Tenggara Timur","53.15","Kabupaten Manggarai Barat","53.15.04","Sano Nggoang","53.15.04.2024","Golo Sengang"
"53","Nusa Tenggara Timur","53.15","Kabupaten Manggarai Barat","53.15.04","Sano Nggoang","53.15.04.2025","Watu Panggal"
"53","Nusa Tenggara Timur","53.15","Kabupaten Manggarai Barat","53.15.04","Sano Nggoang","53.15.04.2026","Golo Kondeng"
"53","Nusa Tenggara Timur","53.15","Kabupaten Manggarai Barat","53.15.04","Sano Nggoang","53.15.04.2027","Poco Golo Kempo"
"53","Nusa Tenggara Timur","53.15","Kabupaten Manggarai Barat","53.15.04","Sano Nggoang","53.15.04.2028","Pulau Nuncung"
"53","Nusa Tenggara Timur","53.15","Kabupaten Manggarai Barat","53.15.05","Komodo","53.15.05.1024","Wae Kelambu"
"53","Nusa Tenggara Timur","53.15","Kabupaten Manggarai Barat","53.15.05","Komodo","53.15.05.1025","Labuan Bajo"
"53","Nusa Tenggara Timur","53.15","Kabupaten Manggarai Barat","53.15.05","Komodo","53.15.05.2001","Komodo"
"53","Nusa Tenggara Timur","53.15","Kabupaten Manggarai Barat","53.15.05","Komodo","53.15.05.2002","Pasir Putih"
"53","Nusa Tenggara Timur","53.15","Kabupaten Manggarai Barat","53.15.05","Komodo","53.15.05.2003","Pasir Panjang"
"53","Nusa Tenggara Timur","53.15","Kabupaten Manggarai Barat","53.15.05","Komodo","53.15.05.2004","Golo Mori"
"53","Nusa Tenggara Timur","53.15","Kabupaten Manggarai Barat","53.15.05","Komodo","53.15.05.2005","Warloka"
"53","Nusa Tenggara Timur","53.15","Kabupaten Manggarai Barat","53.15.05","Komodo","53.15.05.2007","Golo Bilas"
"53","Nusa Tenggara Timur","53.15","Kabupaten Manggarai Barat","53.15.05","Komodo","53.15.05.2008","Macang Tanggar"
"53","Nusa Tenggara Timur","53.15","Kabupaten Manggarai Barat","53.15.05","Komodo","53.15.05.2009","Watu Nggelek"
"53","Nusa Tenggara Timur","53.15","Kabupaten Manggarai Barat","53.15.05","Komodo","53.15.05.2015","Golo Pongkor"
"53","Nusa Tenggara Timur","53.15","Kabupaten Manggarai Barat","53.15.05","Komodo","53.15.05.2016","Nggorang"
"53","Nusa Tenggara Timur","53.15","Kabupaten Manggarai Barat","53.15.05","Komodo","53.15.05.2018","Papa Garang"
"53","Nusa Tenggara Timur","53.15","Kabupaten Manggarai Barat","53.15.05","Komodo","53.15.05.2019","Batu Cermin"
"53","Nusa Tenggara Timur","53.15","Kabupaten Manggarai Barat","53.15.05","Komodo","53.15.05.2020","Gorontalo"
"53","Nusa Tenggara Timur","53.15","Kabupaten Manggarai Barat","53.15.05","Komodo","53.15.05.2022","Tiwu Nampar"
"53","Nusa Tenggara Timur","53.15","Kabupaten Manggarai Barat","53.15.05","Komodo","53.15.05.2026","Seraya Marannu"
"53","Nusa Tenggara Timur","53.15","Kabupaten Manggarai Barat","53.15.05","Komodo","53.15.05.2027","Compang Longgo"
"53","Nusa Tenggara Timur","53.15","Kabupaten Manggarai Barat","53.15.05","Komodo","53.15.05.2028","Pantar"
"53","Nusa Tenggara Timur","53.15","Kabupaten Manggarai Barat","53.15.06","Boleng","53.15.06.2001","Mbuit"
"53","Nusa Tenggara Timur","53.15","Kabupaten Manggarai Barat","53.15.06","Boleng","53.15.06.2002","Golo Ketak"
"53","Nusa Tenggara Timur","53.15","Kabupaten Manggarai Barat","53.15.06","Boleng","53.15.06.2003","Pota Wangka"
"53","Nusa Tenggara Timur","53.15","Kabupaten Manggarai Barat","53.15.06","Boleng","53.15.06.2004","Tanjung Boleng"
"53","Nusa Tenggara Timur","53.15","Kabupaten Manggarai Barat","53.15.06","Boleng","53.15.06.2005","Golo Sepang"
"53","Nusa Tenggara Timur","53.15","Kabupaten Manggarai Barat","53.15.06","Boleng","53.15.06.2006","Pontianak"
"53","Nusa Tenggara Timur","53.15","Kabupaten Manggarai Barat","53.15.06","Boleng","53.15.06.2007","Sepang"
"53","Nusa Tenggara Timur","53.15","Kabupaten Manggarai Barat","53.15.06","Boleng","53.15.06.2008","Golo Lujang"
"53","Nusa Tenggara Timur","53.15","Kabupaten Manggarai Barat","53.15.06","Boleng","53.15.06.2009","Batu Tiga"
"53","Nusa Tenggara Timur","53.15","Kabupaten Manggarai Barat","53.15.06","Boleng","53.15.06.2020","Golo Nobo"
"53","Nusa Tenggara Timur","53.15","Kabupaten Manggarai Barat","53.15.06","Boleng","53.15.06.2021","Beo Sepang"
"53","Nusa Tenggara Timur","53.15","Kabupaten Manggarai Barat","53.15.07","Welak","53.15.07.2001","Golo Ronggot"
"53","Nusa Tenggara Timur","53.15","Kabupaten Manggarai Barat","53.15.07","Welak","53.15.07.2002","Semang"
"53","Nusa Tenggara Timur","53.15","Kabupaten Manggarai Barat","53.15.07","Welak","53.15.07.2003","Dunta"
"53","Nusa Tenggara Timur","53.15","Kabupaten Manggarai Barat","53.15.07","Welak","53.15.07.2004","Gurung"
"53","Nusa Tenggara Timur","53.15","Kabupaten Manggarai Barat","53.15.07","Welak","53.15.07.2005","Orong"
"53","Nusa Tenggara Timur","53.15","Kabupaten Manggarai Barat","53.15.07","Welak","53.15.07.2006","Pong Welak"
"53","Nusa Tenggara Timur","53.15","Kabupaten Manggarai Barat","53.15.07","Welak","53.15.07.2007","Galang"
"53","Nusa Tenggara Timur","53.15","Kabupaten Manggarai Barat","53.15.07","Welak","53.15.07.2008","Rehak"
"53","Nusa Tenggara Timur","53.15","Kabupaten Manggarai Barat","53.15.07","Welak","53.15.07.2009","Watu Umpu"
"53","Nusa Tenggara Timur","53.15","Kabupaten Manggarai Barat","53.15.07","Welak","53.15.07.2010","Pengka"
"53","Nusa Tenggara Timur","53.15","Kabupaten Manggarai Barat","53.15.07","Welak","53.15.07.2011","Lale"
"53","Nusa Tenggara Timur","53.15","Kabupaten Manggarai Barat","53.15.07","Welak","53.15.07.2015","Racang Welak"
"53","Nusa Tenggara Timur","53.15","Kabupaten Manggarai Barat","53.15.07","Welak","53.15.07.2016","Sewar"
"53","Nusa Tenggara Timur","53.15","Kabupaten Manggarai Barat","53.15.07","Welak","53.15.07.2017","Robo"
"53","Nusa Tenggara Timur","53.15","Kabupaten Manggarai Barat","53.15.07","Welak","53.15.07.2018","Wewa"
"53","Nusa Tenggara Timur","53.15","Kabupaten Manggarai Barat","53.15.07","Welak","53.15.07.2019","Golo Ndari"
"53","Nusa Tenggara Timur","53.15","Kabupaten Manggarai Barat","53.15.08","Ndoso","53.15.08.2001","Golo Poleng"
"53","Nusa Tenggara Timur","53.15","Kabupaten Manggarai Barat","53.15.08","Ndoso","53.15.08.2002","Tentang"
"53","Nusa Tenggara Timur","53.15","Kabupaten Manggarai Barat","53.15.08","Ndoso","53.15.08.2003","Raka"
"53","Nusa Tenggara Timur","53.15","Kabupaten Manggarai Barat","53.15.08","Ndoso","53.15.08.2004","Kasong"
"53","Nusa Tenggara Timur","53.15","Kabupaten Manggarai Barat","53.15.08","Ndoso","53.15.08.2005","Ndoso"
"53","Nusa Tenggara Timur","53.15","Kabupaten Manggarai Barat","53.15.08","Ndoso","53.15.08.2006","Waning"
"53","Nusa Tenggara Timur","53.15","Kabupaten Manggarai Barat","53.15.08","Ndoso","53.15.08.2007","Wae Buka"
"53","Nusa Tenggara Timur","53.15","Kabupaten Manggarai Barat","53.15.08","Ndoso","53.15.08.2008","Momol"
"53","Nusa Tenggara Timur","53.15","Kabupaten Manggarai Barat","53.15.08","Ndoso","53.15.08.2009","Lumut"
"53","Nusa Tenggara Timur","53.15","Kabupaten Manggarai Barat","53.15.08","Ndoso","53.15.08.2010","Pong Narang"
"53","Nusa Tenggara Timur","53.15","Kabupaten Manggarai Barat","53.15.08","Ndoso","53.15.08.2011","Golo Bore"
"53","Nusa Tenggara Timur","53.15","Kabupaten Manggarai Barat","53.15.08","Ndoso","53.15.08.2012","Pateng Lesuh"
"53","Nusa Tenggara Timur","53.15","Kabupaten Manggarai Barat","53.15.08","Ndoso","53.15.08.2013","Tehong"
"53","Nusa Tenggara Timur","53.15","Kabupaten Manggarai Barat","53.15.08","Ndoso","53.15.08.2014","Golo Ru'a"
"53","Nusa Tenggara Timur","53.15","Kabupaten Manggarai Barat","53.15.08","Ndoso","53.15.08.2015","Golo Keli"
"53","Nusa Tenggara Timur","53.15","Kabupaten Manggarai Barat","53.15.09","Lembor Selatan","53.15.09.2001","Repi"
"53","Nusa Tenggara Timur","53.15","Kabupaten Manggarai Barat","53.15.09","Lembor Selatan","53.15.09.2002","Watu Waja"
"53","Nusa Tenggara Timur","53.15","Kabupaten Manggarai Barat","53.15.09","Lembor Selatan","53.15.09.2003","Surunumbeng"
"53","Nusa Tenggara Timur","53.15","Kabupaten Manggarai Barat","53.15.09","Lembor Selatan","53.15.09.2004","Munting"
"53","Nusa Tenggara Timur","53.15","Kabupaten Manggarai Barat","53.15.09","Lembor Selatan","53.15.09.2005","Kakor"
"53","Nusa Tenggara Timur","53.15","Kabupaten Manggarai Barat","53.15.09","Lembor Selatan","53.15.09.2006","Lalong"
"53","Nusa Tenggara Timur","53.15","Kabupaten Manggarai Barat","53.15.09","Lembor Selatan","53.15.09.2007","Wae Mose"
"53","Nusa Tenggara Timur","53.15","Kabupaten Manggarai Barat","53.15.09","Lembor Selatan","53.15.09.2008","Nanga Lili"
"53","Nusa Tenggara Timur","53.15","Kabupaten Manggarai Barat","53.15.09","Lembor Selatan","53.15.09.2009","Nanga Bere"
"53","Nusa Tenggara Timur","53.15","Kabupaten Manggarai Barat","53.15.09","Lembor Selatan","53.15.09.2010","Benteng Dewa"
"53","Nusa Tenggara Timur","53.15","Kabupaten Manggarai Barat","53.15.09","Lembor Selatan","53.15.09.2011","Watu Rambung"
"53","Nusa Tenggara Timur","53.15","Kabupaten Manggarai Barat","53.15.09","Lembor Selatan","53.15.09.2012","Lendong"
"53","Nusa Tenggara Timur","53.15","Kabupaten Manggarai Barat","53.15.09","Lembor Selatan","53.15.09.2013","Watu Tiri"
"53","Nusa Tenggara Timur","53.15","Kabupaten Manggarai Barat","53.15.09","Lembor Selatan","53.15.09.2014","Benteng Tado"
"53","Nusa Tenggara Timur","53.15","Kabupaten Manggarai Barat","53.15.09","Lembor Selatan","53.15.09.2015","Modo"
"53","Nusa Tenggara Timur","53.15","Kabupaten Manggarai Barat","53.15.10","Mbeliling","53.15.10.2001","Liang Ndara"
"53","Nusa Tenggara Timur","53.15","Kabupaten Manggarai Barat","53.15.10","Mbeliling","53.15.10.2002","Tandong Belang"
"53","Nusa Tenggara Timur","53.15","Kabupaten Manggarai Barat","53.15.10","Mbeliling","53.15.10.2003","Cunca Lolos"
"53","Nusa Tenggara Timur","53.15","Kabupaten Manggarai Barat","53.15.10","Mbeliling","53.15.10.2004","Cunca Wulang"
"53","Nusa Tenggara Timur","53.15","Kabupaten Manggarai Barat","53.15.10","Mbeliling","53.15.10.2005","Golo Damu"
"53","Nusa Tenggara Timur","53.15","Kabupaten Manggarai Barat","53.15.10","Mbeliling","53.15.10.2006","Golo Ndoal"
"53","Nusa Tenggara Timur","53.15","Kabupaten Manggarai Barat","53.15.10","Mbeliling","53.15.10.2007","Golo Sembea"
"53","Nusa Tenggara Timur","53.15","Kabupaten Manggarai Barat","53.15.10","Mbeliling","53.15.10.2008","Golo Desat"
"53","Nusa Tenggara Timur","53.15","Kabupaten Manggarai Barat","53.15.10","Mbeliling","53.15.10.2009","Kempo"
"53","Nusa Tenggara Timur","53.15","Kabupaten Manggarai Barat","53.15.10","Mbeliling","53.15.10.2010","Wae Jare"
"53","Nusa Tenggara Timur","53.15","Kabupaten Manggarai Barat","53.15.10","Mbeliling","53.15.10.2011","Golo Tantong"
"53","Nusa Tenggara Timur","53.15","Kabupaten Manggarai Barat","53.15.10","Mbeliling","53.15.10.2012","Tiwi Riwung"
"53","Nusa Tenggara Timur","53.15","Kabupaten Manggarai Barat","53.15.10","Mbeliling","53.15.10.2013","Watu Wangka"
"53","Nusa Tenggara Timur","53.15","Kabupaten Manggarai Barat","53.15.10","Mbeliling","53.15.10.2014","Compang Liang Ndara"
"53","Nusa Tenggara Timur","53.15","Kabupaten Manggarai Barat","53.15.10","Mbeliling","53.15.10.2015","Watu Galang"
"53","Nusa Tenggara Timur","53.15","Kabupaten Manggarai Barat","53.15.11","Pacar","53.15.11.2001","Pacar"
"53","Nusa Tenggara Timur","53.15","Kabupaten Manggarai Barat","53.15.11","Pacar","53.15.11.2002","Manong"
"53","Nusa Tenggara Timur","53.15","Kabupaten Manggarai Barat","53.15.11","Pacar","53.15.11.2003","Romang"
"53","Nusa Tenggara Timur","53.15","Kabupaten Manggarai Barat","53.15.11","Pacar","53.15.11.2004","Compang"
"53","Nusa Tenggara Timur","53.15","Kabupaten Manggarai Barat","53.15.11","Pacar","53.15.11.2005","Waka"
"53","Nusa Tenggara Timur","53.15","Kabupaten Manggarai Barat","53.15.11","Pacar","53.15.11.2006","Pong Kolong"
"53","Nusa Tenggara Timur","53.15","Kabupaten Manggarai Barat","53.15.11","Pacar","53.15.11.2007","Loha"
"53","Nusa Tenggara Timur","53.15","Kabupaten Manggarai Barat","53.15.11","Pacar","53.15.11.2008","Benteng Ndope"
"53","Nusa Tenggara Timur","53.15","Kabupaten Manggarai Barat","53.15.11","Pacar","53.15.11.2009","Golo Lajang"
"53","Nusa Tenggara Timur","53.15","Kabupaten Manggarai Barat","53.15.11","Pacar","53.15.11.2010","Golo Lajang Barat"
"53","Nusa Tenggara Timur","53.15","Kabupaten Manggarai Barat","53.15.11","Pacar","53.15.11.2011","Kombo"
"53","Nusa Tenggara Timur","53.15","Kabupaten Manggarai Barat","53.15.11","Pacar","53.15.11.2012","Kombo Selatan"
"53","Nusa Tenggara Timur","53.15","Kabupaten Manggarai Barat","53.15.11","Pacar","53.15.11.2013","Kombo Tengah"
"53","Nusa Tenggara Timur","53.15","Kabupaten Manggarai Barat","53.15.12","Kuwus Barat","53.15.12.2001","Golo Lewe"
"53","Nusa Tenggara Timur","53.15","Kabupaten Manggarai Barat","53.15.12","Kuwus Barat","53.15.12.2002","Tueng"
"53","Nusa Tenggara Timur","53.15","Kabupaten Manggarai Barat","53.15.12","Kuwus Barat","53.15.12.2003","Sompang Kolang"
"53","Nusa Tenggara Timur","53.15","Kabupaten Manggarai Barat","53.15.12","Kuwus Barat","53.15.12.2004","Wajur"
"53","Nusa Tenggara Timur","53.15","Kabupaten Manggarai Barat","53.15.12","Kuwus Barat","53.15.12.2005","Kolang"
"53","Nusa Tenggara Timur","53.15","Kabupaten Manggarai Barat","53.15.12","Kuwus Barat","53.15.12.2006","Golo Riwu"
"53","Nusa Tenggara Timur","53.15","Kabupaten Manggarai Barat","53.15.12","Kuwus Barat","53.15.12.2007","Compang Kules"
"53","Nusa Tenggara Timur","53.15","Kabupaten Manggarai Barat","53.15.12","Kuwus Barat","53.15.12.2008","Tengku"
"53","Nusa Tenggara Timur","53.15","Kabupaten Manggarai Barat","53.15.12","Kuwus Barat","53.15.12.2009","Golo Wedong"
"53","Nusa Tenggara Timur","53.15","Kabupaten Manggarai Barat","53.15.12","Kuwus Barat","53.15.12.2010","Ranggu"
"53","Nusa Tenggara Timur","53.16","Kabupaten Nagekeo","53.16.01","Aesesa","53.16.01.1001","Dhawe"
"53","Nusa Tenggara Timur","53.16","Kabupaten Nagekeo","53.16.01","Aesesa","53.16.01.1003","Mbay I"
"53","Nusa Tenggara Timur","53.16","Kabupaten Nagekeo","53.16.01","Aesesa","53.16.01.1005","Towak"
"53","Nusa Tenggara Timur","53.16","Kabupaten Nagekeo","53.16.01","Aesesa","53.16.01.1007","Mbay II"
"53","Nusa Tenggara Timur","53.16","Kabupaten Nagekeo","53.16.01","Aesesa","53.16.01.1009","Danga"
"53","Nusa Tenggara Timur","53.16","Kabupaten Nagekeo","53.16.01","Aesesa","53.16.01.1011","Lape"
"53","Nusa Tenggara Timur","53.16","Kabupaten Nagekeo","53.16.01","Aesesa","53.16.01.2002","Labolewa"
"53","Nusa Tenggara Timur","53.16","Kabupaten Nagekeo","53.16.01","Aesesa","53.16.01.2004","Tedamude"
"53","Nusa Tenggara Timur","53.16","Kabupaten Nagekeo","53.16.01","Aesesa","53.16.01.2006","Nggolonio"
"53","Nusa Tenggara Timur","53.16","Kabupaten Nagekeo","53.16.01","Aesesa","53.16.01.2008","Olaia"
"53","Nusa Tenggara Timur","53.16","Kabupaten Nagekeo","53.16.01","Aesesa","53.16.01.2010","Aerama"
"53","Nusa Tenggara Timur","53.16","Kabupaten Nagekeo","53.16.01","Aesesa","53.16.01.2012","Marapokot"
"53","Nusa Tenggara Timur","53.16","Kabupaten Nagekeo","53.16.01","Aesesa","53.16.01.2013","Tonggurambang"
"53","Nusa Tenggara Timur","53.16","Kabupaten Nagekeo","53.16.01","Aesesa","53.16.01.2014","Waekokak"
"53","Nusa Tenggara Timur","53.16","Kabupaten Nagekeo","53.16.01","Aesesa","53.16.01.2015","Ngegedhawe"
"53","Nusa Tenggara Timur","53.16","Kabupaten Nagekeo","53.16.01","Aesesa","53.16.01.2016","Tadakisa"
"53","Nusa Tenggara Timur","53.16","Kabupaten Nagekeo","53.16.01","Aesesa","53.16.01.2017","Nggolombay"
"53","Nusa Tenggara Timur","53.16","Kabupaten Nagekeo","53.16.01","Aesesa","53.16.01.2018","Nangadhero"
"53","Nusa Tenggara Timur","53.16","Kabupaten Nagekeo","53.16.02","Nangaroro","53.16.02.1001","Nangaroro"
"53","Nusa Tenggara Timur","53.16","Kabupaten Nagekeo","53.16.02","Nangaroro","53.16.02.2002","Podenura"
"53","Nusa Tenggara Timur","53.16","Kabupaten Nagekeo","53.16.02","Nangaroro","53.16.02.2003","Tonggo"
"53","Nusa Tenggara Timur","53.16","Kabupaten Nagekeo","53.16.02","Nangaroro","53.16.02.2004","Wokodekororo"
"53","Nusa Tenggara Timur","53.16","Kabupaten Nagekeo","53.16.02","Nangaroro","53.16.02.2005","Riti"
"53","Nusa Tenggara Timur","53.16","Kabupaten Nagekeo","53.16.02","Nangaroro","53.16.02.2006","Kotakeo"
"53","Nusa Tenggara Timur","53.16","Kabupaten Nagekeo","53.16.02","Nangaroro","53.16.02.2007","Pagomogo"
"53","Nusa Tenggara Timur","53.16","Kabupaten Nagekeo","53.16.02","Nangaroro","53.16.02.2008","Degalea"
"53","Nusa Tenggara Timur","53.16","Kabupaten Nagekeo","53.16.02","Nangaroro","53.16.02.2009","Ulupulu"
"53","Nusa Tenggara Timur","53.16","Kabupaten Nagekeo","53.16.02","Nangaroro","53.16.02.2010","Bidoa"
"53","Nusa Tenggara Timur","53.16","Kabupaten Nagekeo","53.16.02","Nangaroro","53.16.02.2011","Utetoto"
"53","Nusa Tenggara Timur","53.16","Kabupaten Nagekeo","53.16.02","Nangaroro","53.16.02.2012","Nataute"
"53","Nusa Tenggara Timur","53.16","Kabupaten Nagekeo","53.16.02","Nangaroro","53.16.02.2013","Woedoa"
"53","Nusa Tenggara Timur","53.16","Kabupaten Nagekeo","53.16.02","Nangaroro","53.16.02.2014","Woewutu"
"53","Nusa Tenggara Timur","53.16","Kabupaten Nagekeo","53.16.02","Nangaroro","53.16.02.2015","Ulupulu I"
"53","Nusa Tenggara Timur","53.16","Kabupaten Nagekeo","53.16.02","Nangaroro","53.16.02.2016","Wokowoe"
"53","Nusa Tenggara Timur","53.16","Kabupaten Nagekeo","53.16.02","Nangaroro","53.16.02.2017","Kotakeo Satu"
"53","Nusa Tenggara Timur","53.16","Kabupaten Nagekeo","53.16.02","Nangaroro","53.16.02.2018","Kotakeo Dua"
"53","Nusa Tenggara Timur","53.16","Kabupaten Nagekeo","53.16.02","Nangaroro","53.16.02.2019","Kodaute"
"53","Nusa Tenggara Timur","53.16","Kabupaten Nagekeo","53.16.03","Boawae","53.16.03.1001","Natanage"
"53","Nusa Tenggara Timur","53.16","Kabupaten Nagekeo","53.16.03","Boawae","53.16.03.1003","Nagesapadhi"
"53","Nusa Tenggara Timur","53.16","Kabupaten Nagekeo","53.16.03","Boawae","53.16.03.1005","Nageoga"
"53","Nusa Tenggara Timur","53.16","Kabupaten Nagekeo","53.16.03","Boawae","53.16.03.1007","Wolopogo"
"53","Nusa Tenggara Timur","53.16","Kabupaten Nagekeo","53.16.03","Boawae","53.16.03.1009","Rega"
"53","Nusa Tenggara Timur","53.16","Kabupaten Nagekeo","53.16.03","Boawae","53.16.03.1011","Ratongamobo"
"53","Nusa Tenggara Timur","53.16","Kabupaten Nagekeo","53.16.03","Boawae","53.16.03.1013","Olakile"
"53","Nusa Tenggara Timur","53.16","Kabupaten Nagekeo","53.16.03","Boawae","53.16.03.1021","Natanage Timur"
"53","Nusa Tenggara Timur","53.16","Kabupaten Nagekeo","53.16.03","Boawae","53.16.03.2002","Rowa"
"53","Nusa Tenggara Timur","53.16","Kabupaten Nagekeo","53.16.03","Boawae","53.16.03.2004","Solo"
"53","Nusa Tenggara Timur","53.16","Kabupaten Nagekeo","53.16.03","Boawae","53.16.03.2006","Legederu"
"53","Nusa Tenggara Timur","53.16","Kabupaten Nagekeo","53.16.03","Boawae","53.16.03.2008","Nagerawe"
"53","Nusa Tenggara Timur","53.16","Kabupaten Nagekeo","53.16.03","Boawae","53.16.03.2010","Kelewae"
"53","Nusa Tenggara Timur","53.16","Kabupaten Nagekeo","53.16.03","Boawae","53.16.03.2012","Kelimado"
"53","Nusa Tenggara Timur","53.16","Kabupaten Nagekeo","53.16.03","Boawae","53.16.03.2014","Mulakoli"
"53","Nusa Tenggara Timur","53.16","Kabupaten Nagekeo","53.16.03","Boawae","53.16.03.2015","Wea Au"
"53","Nusa Tenggara Timur","53.16","Kabupaten Nagekeo","53.16.03","Boawae","53.16.03.2016","Raja"
"53","Nusa Tenggara Timur","53.16","Kabupaten Nagekeo","53.16.03","Boawae","53.16.03.2017","Wolowea"
"53","Nusa Tenggara Timur","53.16","Kabupaten Nagekeo","53.16.03","Boawae","53.16.03.2018","Gerodhere"
"53","Nusa Tenggara Timur","53.16","Kabupaten Nagekeo","53.16.03","Boawae","53.16.03.2019","Dhereisa"
"53","Nusa Tenggara Timur","53.16","Kabupaten Nagekeo","53.16.03","Boawae","53.16.03.2020","Rigi"
"53","Nusa Tenggara Timur","53.16","Kabupaten Nagekeo","53.16.03","Boawae","53.16.03.2022","Alorawe"
"53","Nusa Tenggara Timur","53.16","Kabupaten Nagekeo","53.16.03","Boawae","53.16.03.2023","Focolodorawe"
"53","Nusa Tenggara Timur","53.16","Kabupaten Nagekeo","53.16.03","Boawae","53.16.03.2024","Wolowea Timur"
"53","Nusa Tenggara Timur","53.16","Kabupaten Nagekeo","53.16.03","Boawae","53.16.03.2025","Wolowea Barat"
"53","Nusa Tenggara Timur","53.16","Kabupaten Nagekeo","53.16.03","Boawae","53.16.03.2026","Raja Timur"
"53","Nusa Tenggara Timur","53.16","Kabupaten Nagekeo","53.16.03","Boawae","53.16.03.2027","Raja Selatan"
"53","Nusa Tenggara Timur","53.16","Kabupaten Nagekeo","53.16.04","Mauponggo","53.16.04.1001","Mauponggo"
"53","Nusa Tenggara Timur","53.16","Kabupaten Nagekeo","53.16.04","Mauponggo","53.16.04.2002","Bela"
"53","Nusa Tenggara Timur","53.16","Kabupaten Nagekeo","53.16.04","Mauponggo","53.16.04.2003","Wolokisa"
"53","Nusa Tenggara Timur","53.16","Kabupaten Nagekeo","53.16.04","Mauponggo","53.16.04.2004","Wuliwalo"
"53","Nusa Tenggara Timur","53.16","Kabupaten Nagekeo","53.16.04","Mauponggo","53.16.04.2005","Maukeli"
"53","Nusa Tenggara Timur","53.16","Kabupaten Nagekeo","53.16.04","Mauponggo","53.16.04.2006","Aewoe"
"53","Nusa Tenggara Timur","53.16","Kabupaten Nagekeo","53.16.04","Mauponggo","53.16.04.2007","Wolotelu"
"53","Nusa Tenggara Timur","53.16","Kabupaten Nagekeo","53.16.04","Mauponggo","53.16.04.2008","Sawu"
"53","Nusa Tenggara Timur","53.16","Kabupaten Nagekeo","53.16.04","Mauponggo","53.16.04.2009","Jawapogo"
"53","Nusa Tenggara Timur","53.16","Kabupaten Nagekeo","53.16.04","Mauponggo","53.16.04.2010","Ululoga"
"53","Nusa Tenggara Timur","53.16","Kabupaten Nagekeo","53.16.04","Mauponggo","53.16.04.2011","Lodaolo"
"53","Nusa Tenggara Timur","53.16","Kabupaten Nagekeo","53.16.04","Mauponggo","53.16.04.2012","Woloede"
"53","Nusa Tenggara Timur","53.16","Kabupaten Nagekeo","53.16.04","Mauponggo","53.16.04.2013","Woewolo"
"53","Nusa Tenggara Timur","53.16","Kabupaten Nagekeo","53.16.04","Mauponggo","53.16.04.2014","Salalejo"
"53","Nusa Tenggara Timur","53.16","Kabupaten Nagekeo","53.16.04","Mauponggo","53.16.04.2015","Ua"
"53","Nusa Tenggara Timur","53.16","Kabupaten Nagekeo","53.16.04","Mauponggo","53.16.04.2016","Kotagana"
"53","Nusa Tenggara Timur","53.16","Kabupaten Nagekeo","53.16.04","Mauponggo","53.16.04.2017","Lokalaba"
"53","Nusa Tenggara Timur","53.16","Kabupaten Nagekeo","53.16.04","Mauponggo","53.16.04.2018","Lajawajo"
"53","Nusa Tenggara Timur","53.16","Kabupaten Nagekeo","53.16.04","Mauponggo","53.16.04.2019","Keliwatulewa"
"53","Nusa Tenggara Timur","53.16","Kabupaten Nagekeo","53.16.04","Mauponggo","53.16.04.2020","Wololelu"
"53","Nusa Tenggara Timur","53.16","Kabupaten Nagekeo","53.16.04","Mauponggo","53.16.04.2021","Selalejo Timur"
"53","Nusa Tenggara Timur","53.16","Kabupaten Nagekeo","53.16.05","Wolowae","53.16.05.2001","Tendatoto"
"53","Nusa Tenggara Timur","53.16","Kabupaten Nagekeo","53.16.05","Wolowae","53.16.05.2002","Totomala"
"53","Nusa Tenggara Timur","53.16","Kabupaten Nagekeo","53.16.05","Wolowae","53.16.05.2003","Tendakinde"
"53","Nusa Tenggara Timur","53.16","Kabupaten Nagekeo","53.16.05","Wolowae","53.16.05.2004","Anakoli"
"53","Nusa Tenggara Timur","53.16","Kabupaten Nagekeo","53.16.05","Wolowae","53.16.05.2005","Natatoto"
"53","Nusa Tenggara Timur","53.16","Kabupaten Nagekeo","53.16.06","Keo Tengah","53.16.06.2001","Witurombaua"
"53","Nusa Tenggara Timur","53.16","Kabupaten Nagekeo","53.16.06","Keo Tengah","53.16.06.2002","Lewangera"
"53","Nusa Tenggara Timur","53.16","Kabupaten Nagekeo","53.16.06","Keo Tengah","53.16.06.2003","Wajo"
"53","Nusa Tenggara Timur","53.16","Kabupaten Nagekeo","53.16.06","Keo Tengah","53.16.06.2004","Kotowuji Timur"
"53","Nusa Tenggara Timur","53.16","Kabupaten Nagekeo","53.16.06","Keo Tengah","53.16.06.2005","Kotowuji Barat"
"53","Nusa Tenggara Timur","53.16","Kabupaten Nagekeo","53.16.06","Keo Tengah","53.16.06.2006","Mbaenuamuri"
"53","Nusa Tenggara Timur","53.16","Kabupaten Nagekeo","53.16.06","Keo Tengah","53.16.06.2007","Udiworowatu"
"53","Nusa Tenggara Timur","53.16","Kabupaten Nagekeo","53.16.06","Keo Tengah","53.16.06.2008","Kotodirumali"
"53","Nusa Tenggara Timur","53.16","Kabupaten Nagekeo","53.16.06","Keo Tengah","53.16.06.2009","Pautola"
"53","Nusa Tenggara Timur","53.16","Kabupaten Nagekeo","53.16.06","Keo Tengah","53.16.06.2010","Ladolima"
"53","Nusa Tenggara Timur","53.16","Kabupaten Nagekeo","53.16.06","Keo Tengah","53.16.06.2011","Keli"
"53","Nusa Tenggara Timur","53.16","Kabupaten Nagekeo","53.16.06","Keo Tengah","53.16.06.2012","Ngera"
"53","Nusa Tenggara Timur","53.16","Kabupaten Nagekeo","53.16.06","Keo Tengah","53.16.06.2013","Ladolima Timur"
"53","Nusa Tenggara Timur","53.16","Kabupaten Nagekeo","53.16.06","Keo Tengah","53.16.06.2014","Ladolima Utara"
"53","Nusa Tenggara Timur","53.16","Kabupaten Nagekeo","53.16.06","Keo Tengah","53.16.06.2015","Wajo Timur"
"53","Nusa Tenggara Timur","53.16","Kabupaten Nagekeo","53.16.06","Keo Tengah","53.16.06.2016","Paumali"
"53","Nusa Tenggara Timur","53.16","Kabupaten Nagekeo","53.16.07","Aesesa Selatan","53.16.07.2001","Rendubutowe"
"53","Nusa Tenggara Timur","53.16","Kabupaten Nagekeo","53.16.07","Aesesa Selatan","53.16.07.2002","Tengatiba"
"53","Nusa Tenggara Timur","53.16","Kabupaten Nagekeo","53.16.07","Aesesa Selatan","53.16.07.2003","Langedhawe"
"53","Nusa Tenggara Timur","53.16","Kabupaten Nagekeo","53.16.07","Aesesa Selatan","53.16.07.2004","Renduteno"
"53","Nusa Tenggara Timur","53.16","Kabupaten Nagekeo","53.16.07","Aesesa Selatan","53.16.07.2005","Renduwawo"
"53","Nusa Tenggara Timur","53.16","Kabupaten Nagekeo","53.16.07","Aesesa Selatan","53.16.07.2006","Wajomara"
"53","Nusa Tenggara Timur","53.16","Kabupaten Nagekeo","53.16.07","Aesesa Selatan","53.16.07.2007","Rendut Tutubhada"
"53","Nusa Tenggara Timur","53.17","Kabupaten Sumba Tengah","53.17.01","Katiku Tana","53.17.01.2001","Makata Keri"
"53","Nusa Tenggara Timur","53.17","Kabupaten Sumba Tengah","53.17.01","Katiku Tana","53.17.01.2003","Kabela Wuntu"
"53","Nusa Tenggara Timur","53.17","Kabupaten Sumba Tengah","53.17.01","Katiku Tana","53.17.01.2004","Mata Woga"
"53","Nusa Tenggara Timur","53.17","Kabupaten Sumba Tengah","53.17.01","Katiku Tana","53.17.01.2019","Umbu Riri"
"53","Nusa Tenggara Timur","53.17","Kabupaten Sumba Tengah","53.17.01","Katiku Tana","53.17.01.2023","Anakalang"
"53","Nusa Tenggara Timur","53.17","Kabupaten Sumba Tengah","53.17.01","Katiku Tana","53.17.01.2024","Dewa Jara"
"53","Nusa Tenggara Timur","53.17","Kabupaten Sumba Tengah","53.17.01","Katiku Tana","53.17.01.2025","Mata Redi"
"53","Nusa Tenggara Timur","53.17","Kabupaten Sumba Tengah","53.17.02","Umbu Ratu Nggay Barat","53.17.02.2002","Praimadeta"
"53","Nusa Tenggara Timur","53.17","Kabupaten Sumba Tengah","53.17.02","Umbu Ratu Nggay Barat","53.17.02.2003","Pondok"
"53","Nusa Tenggara Timur","53.17","Kabupaten Sumba Tengah","53.17.02","Umbu Ratu Nggay Barat","53.17.02.2004","Maderi"
"53","Nusa Tenggara Timur","53.17","Kabupaten Sumba Tengah","53.17.02","Umbu Ratu Nggay Barat","53.17.02.2005","Anajiaka"
"53","Nusa Tenggara Timur","53.17","Kabupaten Sumba Tengah","53.17.02","Umbu Ratu Nggay Barat","53.17.02.2006","Wairasa"
"53","Nusa Tenggara Timur","53.17","Kabupaten Sumba Tengah","53.17.02","Umbu Ratu Nggay Barat","53.17.02.2007","Umbu Kawolu"
"53","Nusa Tenggara Timur","53.17","Kabupaten Sumba Tengah","53.17.02","Umbu Ratu Nggay Barat","53.17.02.2008","Umbu Mamijuk"
"53","Nusa Tenggara Timur","53.17","Kabupaten Sumba Tengah","53.17.02","Umbu Ratu Nggay Barat","53.17.02.2009","Umbu Pabal"
"53","Nusa Tenggara Timur","53.17","Kabupaten Sumba Tengah","53.17.02","Umbu Ratu Nggay Barat","53.17.02.2010","Umbu Langang"
"53","Nusa Tenggara Timur","53.17","Kabupaten Sumba Tengah","53.17.02","Umbu Ratu Nggay Barat","53.17.02.2021","Umbu Pabal Selatan"
"53","Nusa Tenggara Timur","53.17","Kabupaten Sumba Tengah","53.17.02","Umbu Ratu Nggay Barat","53.17.02.2022","Umbu Jodu"
"53","Nusa Tenggara Timur","53.17","Kabupaten Sumba Tengah","53.17.02","Umbu Ratu Nggay Barat","53.17.02.2023","Anapalu"
"53","Nusa Tenggara Timur","53.17","Kabupaten Sumba Tengah","53.17.02","Umbu Ratu Nggay Barat","53.17.02.2024","Daha Elu"
"53","Nusa Tenggara Timur","53.17","Kabupaten Sumba Tengah","53.17.02","Umbu Ratu Nggay Barat","53.17.02.2025","Dewa Tana"
"53","Nusa Tenggara Timur","53.17","Kabupaten Sumba Tengah","53.17.02","Umbu Ratu Nggay Barat","53.17.02.2027","Mata Waikajawi"
"53","Nusa Tenggara Timur","53.17","Kabupaten Sumba Tengah","53.17.03","Mamboro","53.17.03.2001","Wendewa Timur"
"53","Nusa Tenggara Timur","53.17","Kabupaten Sumba Tengah","53.17.03","Mamboro","53.17.03.2002","Wendewa Selatan"
"53","Nusa Tenggara Timur","53.17","Kabupaten Sumba Tengah","53.17.03","Mamboro","53.17.03.2003","Wendewa Utara"
"53","Nusa Tenggara Timur","53.17","Kabupaten Sumba Tengah","53.17.03","Mamboro","53.17.03.2004","Wendewa Barat"
"53","Nusa Tenggara Timur","53.17","Kabupaten Sumba Tengah","53.17.03","Mamboro","53.17.03.2005","Cendana"
"53","Nusa Tenggara Timur","53.17","Kabupaten Sumba Tengah","53.17.03","Mamboro","53.17.03.2006","Wee Luri"
"53","Nusa Tenggara Timur","53.17","Kabupaten Sumba Tengah","53.17.03","Mamboro","53.17.03.2007","Ole Ate"
"53","Nusa Tenggara Timur","53.17","Kabupaten Sumba Tengah","53.17.03","Mamboro","53.17.03.2008","Manu Wolu"
"53","Nusa Tenggara Timur","53.17","Kabupaten Sumba Tengah","53.17.03","Mamboro","53.17.03.2009","Watu Asa"
"53","Nusa Tenggara Timur","53.17","Kabupaten Sumba Tengah","53.17.03","Mamboro","53.17.03.2010","Bondo Sulla"
"53","Nusa Tenggara Timur","53.17","Kabupaten Sumba Tengah","53.17.03","Mamboro","53.17.03.2011","Susu Wendewa"
"53","Nusa Tenggara Timur","53.17","Kabupaten Sumba Tengah","53.17.03","Mamboro","53.17.03.2012","Ole Dewa"
"53","Nusa Tenggara Timur","53.17","Kabupaten Sumba Tengah","53.17.03","Mamboro","53.17.03.2013","Cendana Barat"
"53","Nusa Tenggara Timur","53.17","Kabupaten Sumba Tengah","53.17.04","Umbu Ratu Nggay","53.17.04.2001","Mbilur Pangadu"
"53","Nusa Tenggara Timur","53.17","Kabupaten Sumba Tengah","53.17.04","Umbu Ratu Nggay","53.17.04.2002","Soru"
"53","Nusa Tenggara Timur","53.17","Kabupaten Sumba Tengah","53.17.04","Umbu Ratu Nggay","53.17.04.2003","Praikoruku Jangga"
"53","Nusa Tenggara Timur","53.17","Kabupaten Sumba Tengah","53.17.04","Umbu Ratu Nggay","53.17.04.2007","Lenang"
"53","Nusa Tenggara Timur","53.17","Kabupaten Sumba Tengah","53.17.04","Umbu Ratu Nggay","53.17.04.2008","Tana Mbanas"
"53","Nusa Tenggara Timur","53.17","Kabupaten Sumba Tengah","53.17.04","Umbu Ratu Nggay","53.17.04.2009","Padira Tana"
"53","Nusa Tenggara Timur","53.17","Kabupaten Sumba Tengah","53.17.04","Umbu Ratu Nggay","53.17.04.2010","Ngadu Bolu"
"53","Nusa Tenggara Timur","53.17","Kabupaten Sumba Tengah","53.17.04","Umbu Ratu Nggay","53.17.04.2014","Tana Mbanas Selatan"
"53","Nusa Tenggara Timur","53.17","Kabupaten Sumba Tengah","53.17.04","Umbu Ratu Nggay","53.17.04.2015","Tana Mbanas Barat"
"53","Nusa Tenggara Timur","53.17","Kabupaten Sumba Tengah","53.17.04","Umbu Ratu Nggay","53.17.04.2016","Ngadu Olu"
"53","Nusa Tenggara Timur","53.17","Kabupaten Sumba Tengah","53.17.04","Umbu Ratu Nggay","53.17.04.2017","Lenang Selatan"
"53","Nusa Tenggara Timur","53.17","Kabupaten Sumba Tengah","53.17.05","Katiku Tana Selatan","53.17.05.2001","Konda Maloba"
"53","Nusa Tenggara Timur","53.17","Kabupaten Sumba Tengah","53.17.05","Katiku Tana Selatan","53.17.05.2002","Tana Modu"
"53","Nusa Tenggara Timur","53.17","Kabupaten Sumba Tengah","53.17.05","Katiku Tana Selatan","53.17.05.2003","Malinjak"
"53","Nusa Tenggara Timur","53.17","Kabupaten Sumba Tengah","53.17.05","Katiku Tana Selatan","53.17.05.2004","Wailawa"
"53","Nusa Tenggara Timur","53.17","Kabupaten Sumba Tengah","53.17.05","Katiku Tana Selatan","53.17.05.2005","Dameka"
"53","Nusa Tenggara Timur","53.17","Kabupaten Sumba Tengah","53.17.05","Katiku Tana Selatan","53.17.05.2006","Waimanu"
"53","Nusa Tenggara Timur","53.17","Kabupaten Sumba Tengah","53.17.05","Katiku Tana Selatan","53.17.05.2007","Manurara"
"53","Nusa Tenggara Timur","53.17","Kabupaten Sumba Tengah","53.17.05","Katiku Tana Selatan","53.17.05.2008","Elu"
"53","Nusa Tenggara Timur","53.17","Kabupaten Sumba Tengah","53.17.05","Katiku Tana Selatan","53.17.05.2009","Oka Wacu"
"53","Nusa Tenggara Timur","53.17","Kabupaten Sumba Tengah","53.17.06","Umbu Ratu Nggay Tengah","53.17.06.2001","Bolu Bokat"
"53","Nusa Tenggara Timur","53.17","Kabupaten Sumba Tengah","53.17.06","Umbu Ratu Nggay Tengah","53.17.06.2002","Mara Desa"
"53","Nusa Tenggara Timur","53.17","Kabupaten Sumba Tengah","53.17.06","Umbu Ratu Nggay Tengah","53.17.06.2003","Weluk Praimemang"
"53","Nusa Tenggara Timur","53.17","Kabupaten Sumba Tengah","53.17.06","Umbu Ratu Nggay Tengah","53.17.06.2004","Bolu Bokat Utara"
"53","Nusa Tenggara Timur","53.17","Kabupaten Sumba Tengah","53.17.06","Umbu Ratu Nggay Tengah","53.17.06.2005","Maradesa Timur"
"53","Nusa Tenggara Timur","53.17","Kabupaten Sumba Tengah","53.17.06","Umbu Ratu Nggay Tengah","53.17.06.2006","Maradesa Selatan"
"53","Nusa Tenggara Timur","53.17","Kabupaten Sumba Tengah","53.17.06","Umbu Ratu Nggay Tengah","53.17.06.2007","Bolu Bokat Barat"
"53","Nusa Tenggara Timur","53.17","Kabupaten Sumba Tengah","53.17.06","Umbu Ratu Nggay Tengah","53.17.06.2008","Wangga Waiyengu"
"53","Nusa Tenggara Timur","53.17","Kabupaten Sumba Tengah","53.17.06","Umbu Ratu Nggay Tengah","53.17.06.2009","Sambali Loku"
"53","Nusa Tenggara Timur","53.17","Kabupaten Sumba Tengah","53.17.06","Umbu Ratu Nggay Tengah","53.17.06.2010","Holur Kambata"
"53","Nusa Tenggara Timur","53.18","Kabupaten Sumba Barat Daya","53.18.01","Loura","53.18.01.2001","Bondo Boghila"
"53","Nusa Tenggara Timur","53.18","Kabupaten Sumba Barat Daya","53.18.01","Loura","53.18.01.2002","Lete Konda"
"53","Nusa Tenggara Timur","53.18","Kabupaten Sumba Barat Daya","53.18.01","Loura","53.18.01.2003","Karuni"
"53","Nusa Tenggara Timur","53.18","Kabupaten Sumba Barat Daya","53.18.01","Loura","53.18.01.2004","Totok"
"53","Nusa Tenggara Timur","53.18","Kabupaten Sumba Barat Daya","53.18.01","Loura","53.18.01.2009","Rama Dana"
"53","Nusa Tenggara Timur","53.18","Kabupaten Sumba Barat Daya","53.18.01","Loura","53.18.01.2010","Wee Mananda"
"53","Nusa Tenggara Timur","53.18","Kabupaten Sumba Barat Daya","53.18.01","Loura","53.18.01.2013","Pogo Tena"
"53","Nusa Tenggara Timur","53.18","Kabupaten Sumba Barat Daya","53.18.01","Loura","53.18.01.2014","Payola Umbu"
"53","Nusa Tenggara Timur","53.18","Kabupaten Sumba Barat Daya","53.18.01","Loura","53.18.01.2015","Wee Kambala"
"53","Nusa Tenggara Timur","53.18","Kabupaten Sumba Barat Daya","53.18.01","Loura","53.18.01.2016","Loko Kalada"
"53","Nusa Tenggara Timur","53.18","Kabupaten Sumba Barat Daya","53.18.01","Loura","53.18.01.2017","Lete Konda Selatan"
"53","Nusa Tenggara Timur","53.18","Kabupaten Sumba Barat Daya","53.18.02","Wewewa Utara","53.18.02.2001","Mali Mada"
"53","Nusa Tenggara Timur","53.18","Kabupaten Sumba Barat Daya","53.18.02","Wewewa Utara","53.18.02.2002","Wano Talla"
"53","Nusa Tenggara Timur","53.18","Kabupaten Sumba Barat Daya","53.18.02","Wewewa Utara","53.18.02.2003","Wee Paboba"
"53","Nusa Tenggara Timur","53.18","Kabupaten Sumba Barat Daya","53.18.02","Wewewa Utara","53.18.02.2004","Mata Loko"
"53","Nusa Tenggara Timur","53.18","Kabupaten Sumba Barat Daya","53.18.02","Wewewa Utara","53.18.02.2005","Wee Namba"
"53","Nusa Tenggara Timur","53.18","Kabupaten Sumba Barat Daya","53.18.02","Wewewa Utara","53.18.02.2006","Puu Potto"
"53","Nusa Tenggara Timur","53.18","Kabupaten Sumba Barat Daya","53.18.02","Wewewa Utara","53.18.02.2007","Bodo Ponda"
"53","Nusa Tenggara Timur","53.18","Kabupaten Sumba Barat Daya","53.18.02","Wewewa Utara","53.18.02.2008","Reda Wano"
"53","Nusa Tenggara Timur","53.18","Kabupaten Sumba Barat Daya","53.18.02","Wewewa Utara","53.18.02.2009","Odi Paurata"
"53","Nusa Tenggara Timur","53.18","Kabupaten Sumba Barat Daya","53.18.02","Wewewa Utara","53.18.02.2010","Pandua Tana"
"53","Nusa Tenggara Timur","53.18","Kabupaten Sumba Barat Daya","53.18.02","Wewewa Utara","53.18.02.2011","Djela Manu"
"53","Nusa Tenggara Timur","53.18","Kabupaten Sumba Barat Daya","53.18.02","Wewewa Utara","53.18.02.2012","Mawo Maliti"
"53","Nusa Tenggara Timur","53.18","Kabupaten Sumba Barat Daya","53.18.03","Wewewa Timur","53.18.03.2001","Kalembu Ndara Mane"
"53","Nusa Tenggara Timur","53.18","Kabupaten Sumba Barat Daya","53.18.03","Wewewa Timur","53.18.03.2002","Tema Tana"
"53","Nusa Tenggara Timur","53.18","Kabupaten Sumba Barat Daya","53.18.03","Wewewa Timur","53.18.03.2005","Mareda Kalada"
"53","Nusa Tenggara Timur","53.18","Kabupaten Sumba Barat Daya","53.18.03","Wewewa Timur","53.18.03.2006","Pada Eweta"
"53","Nusa Tenggara Timur","53.18","Kabupaten Sumba Barat Daya","53.18.03","Wewewa Timur","53.18.03.2012","Wee Limbu"
"53","Nusa Tenggara Timur","53.18","Kabupaten Sumba Barat Daya","53.18.03","Wewewa Timur","53.18.03.2013","Lete Kamouna"
"53","Nusa Tenggara Timur","53.18","Kabupaten Sumba Barat Daya","53.18.03","Wewewa Timur","53.18.03.2014","Mata Pyawu"
"53","Nusa Tenggara Timur","53.18","Kabupaten Sumba Barat Daya","53.18.03","Wewewa Timur","53.18.03.2015","Wee Lima"
"53","Nusa Tenggara Timur","53.18","Kabupaten Sumba Barat Daya","53.18.03","Wewewa Timur","53.18.03.2018","Dikira"
"53","Nusa Tenggara Timur","53.18","Kabupaten Sumba Barat Daya","53.18.03","Wewewa Timur","53.18.03.2020","Dangga Mangu"
"53","Nusa Tenggara Timur","53.18","Kabupaten Sumba Barat Daya","53.18.03","Wewewa Timur","53.18.03.2021","Mainda Ole"
"53","Nusa Tenggara Timur","53.18","Kabupaten Sumba Barat Daya","53.18.03","Wewewa Timur","53.18.03.2022","Kadi Wano"
"53","Nusa Tenggara Timur","53.18","Kabupaten Sumba Barat Daya","53.18.03","Wewewa Timur","53.18.03.2023","Nyura Lele"
"53","Nusa Tenggara Timur","53.18","Kabupaten Sumba Barat Daya","53.18.03","Wewewa Timur","53.18.03.2024","Lele Maya"
"53","Nusa Tenggara Timur","53.18","Kabupaten Sumba Barat Daya","53.18.03","Wewewa Timur","53.18.03.2025","Maliti Dari"
"53","Nusa Tenggara Timur","53.18","Kabupaten Sumba Barat Daya","53.18.03","Wewewa Timur","53.18.03.2026","Mawo Dana"
"53","Nusa Tenggara Timur","53.18","Kabupaten Sumba Barat Daya","53.18.03","Wewewa Timur","53.18.03.2027","Dede Pada"
"53","Nusa Tenggara Timur","53.18","Kabupaten Sumba Barat Daya","53.18.03","Wewewa Timur","53.18.03.2028","Mata Wee Lima"
"53","Nusa Tenggara Timur","53.18","Kabupaten Sumba Barat Daya","53.18.03","Wewewa Timur","53.18.03.2029","Kadi Wone"
"53","Nusa Tenggara Timur","53.18","Kabupaten Sumba Barat Daya","53.18.04","Wewewa Barat","53.18.04.2001","Waimangura"
"53","Nusa Tenggara Timur","53.18","Kabupaten Sumba Barat Daya","53.18.04","Wewewa Barat","53.18.04.2002","Kalembu Weri"
"53","Nusa Tenggara Timur","53.18","Kabupaten Sumba Barat Daya","53.18.04","Wewewa Barat","53.18.04.2003","Wali Ate"
"53","Nusa Tenggara Timur","53.18","Kabupaten Sumba Barat Daya","53.18.04","Wewewa Barat","53.18.04.2004","Kabali Dana"
"53","Nusa Tenggara Timur","53.18","Kabupaten Sumba Barat Daya","53.18.04","Wewewa Barat","53.18.04.2005","Wee Kombaka"
"53","Nusa Tenggara Timur","53.18","Kabupaten Sumba Barat Daya","53.18.04","Wewewa Barat","53.18.04.2006","Marokota"
"53","Nusa Tenggara Timur","53.18","Kabupaten Sumba Barat Daya","53.18.04","Wewewa Barat","53.18.04.2007","Watu Labara"
"53","Nusa Tenggara Timur","53.18","Kabupaten Sumba Barat Daya","53.18.04","Wewewa Barat","53.18.04.2008","Kalimbu Tillu"
"53","Nusa Tenggara Timur","53.18","Kabupaten Sumba Barat Daya","53.18.04","Wewewa Barat","53.18.04.2011","Menne Ate"
"53","Nusa Tenggara Timur","53.18","Kabupaten Sumba Barat Daya","53.18.04","Wewewa Barat","53.18.04.2012","Reda Pada"
"53","Nusa Tenggara Timur","53.18","Kabupaten Sumba Barat Daya","53.18.04","Wewewa Barat","53.18.04.2013","Raba Ege"
"53","Nusa Tenggara Timur","53.18","Kabupaten Sumba Barat Daya","53.18.04","Wewewa Barat","53.18.04.2015","Kalaki Kambe"
"53","Nusa Tenggara Timur","53.18","Kabupaten Sumba Barat Daya","53.18.04","Wewewa Barat","53.18.04.2016","Kalembu Kanaika"
"53","Nusa Tenggara Timur","53.18","Kabupaten Sumba Barat Daya","53.18.04","Wewewa Barat","53.18.04.2017","Laga Lete"
"53","Nusa Tenggara Timur","53.18","Kabupaten Sumba Barat Daya","53.18.04","Wewewa Barat","53.18.04.2018","Wee Kura"
"53","Nusa Tenggara Timur","53.18","Kabupaten Sumba Barat Daya","53.18.04","Wewewa Barat","53.18.04.2019","Lua Koba"
"53","Nusa Tenggara Timur","53.18","Kabupaten Sumba Barat Daya","53.18.04","Wewewa Barat","53.18.04.2020","Tawo Rara"
"53","Nusa Tenggara Timur","53.18","Kabupaten Sumba Barat Daya","53.18.04","Wewewa Barat","53.18.04.2021","Sangu Ate"
"53","Nusa Tenggara Timur","53.18","Kabupaten Sumba Barat Daya","53.18.04","Wewewa Barat","53.18.04.2022","Lolo Ole"
"53","Nusa Tenggara Timur","53.18","Kabupaten Sumba Barat Daya","53.18.04","Wewewa Barat","53.18.04.2023","Pero"
"53","Nusa Tenggara Timur","53.18","Kabupaten Sumba Barat Daya","53.18.05","Wewewa Selatan","53.18.05.2001","Buru Deilo"
"53","Nusa Tenggara Timur","53.18","Kabupaten Sumba Barat Daya","53.18.05","Wewewa Selatan","53.18.05.2002","Weri Lolo"
"53","Nusa Tenggara Timur","53.18","Kabupaten Sumba Barat Daya","53.18.05","Wewewa Selatan","53.18.05.2003","Buru Kaghu"
"53","Nusa Tenggara Timur","53.18","Kabupaten Sumba Barat Daya","53.18.05","Wewewa Selatan","53.18.05.2004","Denduka"
"53","Nusa Tenggara Timur","53.18","Kabupaten Sumba Barat Daya","53.18.05","Wewewa Selatan","53.18.05.2005","Bondo Bela"
"53","Nusa Tenggara Timur","53.18","Kabupaten Sumba Barat Daya","53.18.05","Wewewa Selatan","53.18.05.2006","Delo"
"53","Nusa Tenggara Timur","53.18","Kabupaten Sumba Barat Daya","53.18.05","Wewewa Selatan","53.18.05.2007","Tena Teke"
"53","Nusa Tenggara Timur","53.18","Kabupaten Sumba Barat Daya","53.18.05","Wewewa Selatan","53.18.05.2008","Bondo Ukka"
"53","Nusa Tenggara Timur","53.18","Kabupaten Sumba Barat Daya","53.18.05","Wewewa Selatan","53.18.05.2009","Umbu Wangu"
"53","Nusa Tenggara Timur","53.18","Kabupaten Sumba Barat Daya","53.18.05","Wewewa Selatan","53.18.05.2010","Milla Ate"
"53","Nusa Tenggara Timur","53.18","Kabupaten Sumba Barat Daya","53.18.05","Wewewa Selatan","53.18.05.2011","Rita Baru"
"53","Nusa Tenggara Timur","53.18","Kabupaten Sumba Barat Daya","53.18.05","Wewewa Selatan","53.18.05.2012","Mandungo"
"53","Nusa Tenggara Timur","53.18","Kabupaten Sumba Barat Daya","53.18.05","Wewewa Selatan","53.18.05.2013","Wee Wulla"
"53","Nusa Tenggara Timur","53.18","Kabupaten Sumba Barat Daya","53.18.05","Wewewa Selatan","53.18.05.2014","Wee Baghe"
"53","Nusa Tenggara Timur","53.18","Kabupaten Sumba Barat Daya","53.18.06","Kodi Bangedo","53.18.06.2001","Dinjo"
"53","Nusa Tenggara Timur","53.18","Kabupaten Sumba Barat Daya","53.18.06","Kodi Bangedo","53.18.06.2002","Lete Loko"
"53","Nusa Tenggara Timur","53.18","Kabupaten Sumba Barat Daya","53.18.06","Kodi Bangedo","53.18.06.2003","Walla Ndimu"
"53","Nusa Tenggara Timur","53.18","Kabupaten Sumba Barat Daya","53.18.06","Kodi Bangedo","53.18.06.2006","Waikadada"
"53","Nusa Tenggara Timur","53.18","Kabupaten Sumba Barat Daya","53.18.06","Kodi Bangedo","53.18.06.2010","Rada Loko"
"53","Nusa Tenggara Timur","53.18","Kabupaten Sumba Barat Daya","53.18.06","Kodi Bangedo","53.18.06.2011","Mata Kapore"
"53","Nusa Tenggara Timur","53.18","Kabupaten Sumba Barat Daya","53.18.06","Kodi Bangedo","53.18.06.2012","Umbu Ngedo"
"53","Nusa Tenggara Timur","53.18","Kabupaten Sumba Barat Daya","53.18.06","Kodi Bangedo","53.18.06.2014","Waimakaha"
"53","Nusa Tenggara Timur","53.18","Kabupaten Sumba Barat Daya","53.18.06","Kodi Bangedo","53.18.06.2015","Waimaringi"
"53","Nusa Tenggara Timur","53.18","Kabupaten Sumba Barat Daya","53.18.06","Kodi Bangedo","53.18.06.2016","Tana Mete"
"53","Nusa Tenggara Timur","53.18","Kabupaten Sumba Barat Daya","53.18.06","Kodi Bangedo","53.18.06.2017","Waipaddi"
"53","Nusa Tenggara Timur","53.18","Kabupaten Sumba Barat Daya","53.18.06","Kodi Bangedo","53.18.06.2018","Manu Toghi"
"53","Nusa Tenggara Timur","53.18","Kabupaten Sumba Barat Daya","53.18.06","Kodi Bangedo","53.18.06.2019","Karang Indah"
"53","Nusa Tenggara Timur","53.18","Kabupaten Sumba Barat Daya","53.18.06","Kodi Bangedo","53.18.06.2020","Rada Malando"
"53","Nusa Tenggara Timur","53.18","Kabupaten Sumba Barat Daya","53.18.06","Kodi Bangedo","53.18.06.2021","Waikaninyo"
"53","Nusa Tenggara Timur","53.18","Kabupaten Sumba Barat Daya","53.18.06","Kodi Bangedo","53.18.06.2022","Ana Goka"
"53","Nusa Tenggara Timur","53.18","Kabupaten Sumba Barat Daya","53.18.06","Kodi Bangedo","53.18.06.2023","Delu Depa"
"53","Nusa Tenggara Timur","53.18","Kabupaten Sumba Barat Daya","53.18.06","Kodi Bangedo","53.18.06.2024","Mere Kehe"
"53","Nusa Tenggara Timur","53.18","Kabupaten Sumba Barat Daya","53.18.06","Kodi Bangedo","53.18.06.2025","Bondo Balla"
"53","Nusa Tenggara Timur","53.18","Kabupaten Sumba Barat Daya","53.18.06","Kodi Bangedo","53.18.06.2026","Maliti Bondo Ate"
"53","Nusa Tenggara Timur","53.18","Kabupaten Sumba Barat Daya","53.18.06","Kodi Bangedo","53.18.06.2027","Ana Lewe"
"53","Nusa Tenggara Timur","53.18","Kabupaten Sumba Barat Daya","53.18.07","Kodi","53.18.07.2001","Bondo Kodi"
"53","Nusa Tenggara Timur","53.18","Kabupaten Sumba Barat Daya","53.18.07","Kodi","53.18.07.2002","Ate Dalo"
"53","Nusa Tenggara Timur","53.18","Kabupaten Sumba Barat Daya","53.18.07","Kodi","53.18.07.2003","Hamonggo Lele"
"53","Nusa Tenggara Timur","53.18","Kabupaten Sumba Barat Daya","53.18.07","Kodi","53.18.07.2004","Homba Rande"
"53","Nusa Tenggara Timur","53.18","Kabupaten Sumba Barat Daya","53.18.07","Kodi","53.18.07.2005","Pero Batang"
"53","Nusa Tenggara Timur","53.18","Kabupaten Sumba Barat Daya","53.18.07","Kodi","53.18.07.2006","Wura Homba"
"53","Nusa Tenggara Timur","53.18","Kabupaten Sumba Barat Daya","53.18.07","Kodi","53.18.07.2007","Koki"
"53","Nusa Tenggara Timur","53.18","Kabupaten Sumba Barat Daya","53.18.07","Kodi","53.18.07.2008","Kapaka Madeta"
"53","Nusa Tenggara Timur","53.18","Kabupaten Sumba Barat Daya","53.18.07","Kodi","53.18.07.2009","Kawango Hari"
"53","Nusa Tenggara Timur","53.18","Kabupaten Sumba Barat Daya","53.18.07","Kodi","53.18.07.2010","Onggol"
"53","Nusa Tenggara Timur","53.18","Kabupaten Sumba Barat Daya","53.18.07","Kodi","53.18.07.2011","Mali lha"
"53","Nusa Tenggara Timur","53.18","Kabupaten Sumba Barat Daya","53.18.07","Kodi","53.18.07.2012","Watu Wona"
"53","Nusa Tenggara Timur","53.18","Kabupaten Sumba Barat Daya","53.18.07","Kodi","53.18.07.2013","Tanjung Karoso"
"53","Nusa Tenggara Timur","53.18","Kabupaten Sumba Barat Daya","53.18.07","Kodi","53.18.07.2014","Pero Konda"
"53","Nusa Tenggara Timur","53.18","Kabupaten Sumba Barat Daya","53.18.07","Kodi","53.18.07.2015","Homba Rica"
"53","Nusa Tenggara Timur","53.18","Kabupaten Sumba Barat Daya","53.18.07","Kodi","53.18.07.2016","Ana Kaka"
"53","Nusa Tenggara Timur","53.18","Kabupaten Sumba Barat Daya","53.18.07","Kodi","53.18.07.2017","Ole Ate"
"53","Nusa Tenggara Timur","53.18","Kabupaten Sumba Barat Daya","53.18.07","Kodi","53.18.07.2018","Kadoki Horo"
"53","Nusa Tenggara Timur","53.18","Kabupaten Sumba Barat Daya","53.18.07","Kodi","53.18.07.2019","Ana Engge"
"53","Nusa Tenggara Timur","53.18","Kabupaten Sumba Barat Daya","53.18.08","Kodi Utara","53.18.08.2001","Hoha Wungo"
"53","Nusa Tenggara Timur","53.18","Kabupaten Sumba Barat Daya","53.18.08","Kodi Utara","53.18.08.2002","Homba Karipit"
"53","Nusa Tenggara Timur","53.18","Kabupaten Sumba Barat Daya","53.18.08","Kodi Utara","53.18.08.2003","Wailabubur"
"53","Nusa Tenggara Timur","53.18","Kabupaten Sumba Barat Daya","53.18.08","Kodi Utara","53.18.08.2004","Kori"
"53","Nusa Tenggara Timur","53.18","Kabupaten Sumba Barat Daya","53.18.08","Kodi Utara","53.18.08.2005","Kalena Rongo"
"53","Nusa Tenggara Timur","53.18","Kabupaten Sumba Barat Daya","53.18.08","Kodi Utara","53.18.08.2006","Waiholo"
"53","Nusa Tenggara Timur","53.18","Kabupaten Sumba Barat Daya","53.18.08","Kodi Utara","53.18.08.2007","Noha"
"53","Nusa Tenggara Timur","53.18","Kabupaten Sumba Barat Daya","53.18.08","Kodi Utara","53.18.08.2008","Mangganipi"
"53","Nusa Tenggara Timur","53.18","Kabupaten Sumba Barat Daya","53.18.08","Kodi Utara","53.18.08.2009","Kendu Wela"
"53","Nusa Tenggara Timur","53.18","Kabupaten Sumba Barat Daya","53.18.08","Kodi Utara","53.18.08.2010","Bila Cenge"
"53","Nusa Tenggara Timur","53.18","Kabupaten Sumba Barat Daya","53.18.08","Kodi Utara","53.18.08.2011","Bukambero"
"53","Nusa Tenggara Timur","53.18","Kabupaten Sumba Barat Daya","53.18.08","Kodi Utara","53.18.08.2013","Homba Pare"
"53","Nusa Tenggara Timur","53.18","Kabupaten Sumba Barat Daya","53.18.08","Kodi Utara","53.18.08.2014","Magho Linyo"
"53","Nusa Tenggara Timur","53.18","Kabupaten Sumba Barat Daya","53.18.08","Kodi Utara","53.18.08.2015","Wee Wella"
"53","Nusa Tenggara Timur","53.18","Kabupaten Sumba Barat Daya","53.18.08","Kodi Utara","53.18.08.2016","Kadu Eta"
"53","Nusa Tenggara Timur","53.18","Kabupaten Sumba Barat Daya","53.18.08","Kodi Utara","53.18.08.2017","Kadaghu Tana"
"53","Nusa Tenggara Timur","53.18","Kabupaten Sumba Barat Daya","53.18.08","Kodi Utara","53.18.08.2018","Hameli Ate"
"53","Nusa Tenggara Timur","53.18","Kabupaten Sumba Barat Daya","53.18.08","Kodi Utara","53.18.08.2019","Waitaru"
"53","Nusa Tenggara Timur","53.18","Kabupaten Sumba Barat Daya","53.18.08","Kodi Utara","53.18.08.2020","Nangga Mutu"
"53","Nusa Tenggara Timur","53.18","Kabupaten Sumba Barat Daya","53.18.08","Kodi Utara","53.18.08.2021","Limbu Kembe"
"53","Nusa Tenggara Timur","53.18","Kabupaten Sumba Barat Daya","53.18.08","Kodi Utara","53.18.08.2022","Moro Manduyo"
"53","Nusa Tenggara Timur","53.18","Kabupaten Sumba Barat Daya","53.18.09","Kota Tambolaka","53.18.09.1003","Langga Lero"
"53","Nusa Tenggara Timur","53.18","Kabupaten Sumba Barat Daya","53.18.09","Kota Tambolaka","53.18.09.1004","Waitabula"
"53","Nusa Tenggara Timur","53.18","Kabupaten Sumba Barat Daya","53.18.09","Kota Tambolaka","53.18.09.2001","Rada Mata"
"53","Nusa Tenggara Timur","53.18","Kabupaten Sumba Barat Daya","53.18.09","Kota Tambolaka","53.18.09.2002","Kalena Wano"
"53","Nusa Tenggara Timur","53.18","Kabupaten Sumba Barat Daya","53.18.09","Kota Tambolaka","53.18.09.2005","Wee Londa"
"53","Nusa Tenggara Timur","53.18","Kabupaten Sumba Barat Daya","53.18.09","Kota Tambolaka","53.18.09.2006","Wee Pangali"
"53","Nusa Tenggara Timur","53.18","Kabupaten Sumba Barat Daya","53.18.09","Kota Tambolaka","53.18.09.2007","Kadi Pada"
"53","Nusa Tenggara Timur","53.18","Kabupaten Sumba Barat Daya","53.18.09","Kota Tambolaka","53.18.09.2008","Watu Kawula"
"53","Nusa Tenggara Timur","53.18","Kabupaten Sumba Barat Daya","53.18.09","Kota Tambolaka","53.18.09.2009","Wee Rena"
"53","Nusa Tenggara Timur","53.18","Kabupaten Sumba Barat Daya","53.18.09","Kota Tambolaka","53.18.09.2010","Kalembu Kaha"
"53","Nusa Tenggara Timur","53.18","Kabupaten Sumba Barat Daya","53.18.10","Wewewa Tengah","53.18.10.2001","Kanelu"
"53","Nusa Tenggara Timur","53.18","Kabupaten Sumba Barat Daya","53.18.10","Wewewa Tengah","53.18.10.2002","Tanggaba"
"53","Nusa Tenggara Timur","53.18","Kabupaten Sumba Barat Daya","53.18.10","Wewewa Tengah","53.18.10.2003","Wee Kokora"
"53","Nusa Tenggara Timur","53.18","Kabupaten Sumba Barat Daya","53.18.10","Wewewa Tengah","53.18.10.2004","Wee Rame"
"53","Nusa Tenggara Timur","53.18","Kabupaten Sumba Barat Daya","53.18.10","Wewewa Tengah","53.18.10.2005","Lombu"
"53","Nusa Tenggara Timur","53.18","Kabupaten Sumba Barat Daya","53.18.10","Wewewa Tengah","53.18.10.2006","Eka Pata"
"53","Nusa Tenggara Timur","53.18","Kabupaten Sumba Barat Daya","53.18.10","Wewewa Tengah","53.18.10.2007","Bolora"
"53","Nusa Tenggara Timur","53.18","Kabupaten Sumba Barat Daya","53.18.10","Wewewa Tengah","53.18.10.2008","Omba Rade"
"53","Nusa Tenggara Timur","53.18","Kabupaten Sumba Barat Daya","53.18.10","Wewewa Tengah","53.18.10.2009","Kalingara"
"53","Nusa Tenggara Timur","53.18","Kabupaten Sumba Barat Daya","53.18.10","Wewewa Tengah","53.18.10.2010","Wee Patando"
"53","Nusa Tenggara Timur","53.18","Kabupaten Sumba Barat Daya","53.18.10","Wewewa Tengah","53.18.10.2011","Mereda Wuni"
"53","Nusa Tenggara Timur","53.18","Kabupaten Sumba Barat Daya","53.18.10","Wewewa Tengah","53.18.10.2012","Mata Wee Karoro"
"53","Nusa Tenggara Timur","53.18","Kabupaten Sumba Barat Daya","53.18.10","Wewewa Tengah","53.18.10.2013","Gollu Sapi"
"53","Nusa Tenggara Timur","53.18","Kabupaten Sumba Barat Daya","53.18.10","Wewewa Tengah","53.18.10.2014","Mata Lombu"
"53","Nusa Tenggara Timur","53.18","Kabupaten Sumba Barat Daya","53.18.10","Wewewa Tengah","53.18.10.2015","Kadi Roma"
"53","Nusa Tenggara Timur","53.18","Kabupaten Sumba Barat Daya","53.18.10","Wewewa Tengah","53.18.10.2016","Bondo Delo"
"53","Nusa Tenggara Timur","53.18","Kabupaten Sumba Barat Daya","53.18.10","Wewewa Tengah","53.18.10.2017","Lete Wungana"
"53","Nusa Tenggara Timur","53.18","Kabupaten Sumba Barat Daya","53.18.10","Wewewa Tengah","53.18.10.2018","Limbu Watu"
"53","Nusa Tenggara Timur","53.18","Kabupaten Sumba Barat Daya","53.18.10","Wewewa Tengah","53.18.10.2019","Kiku Booko"
"53","Nusa Tenggara Timur","53.18","Kabupaten Sumba Barat Daya","53.18.10","Wewewa Tengah","53.18.10.2020","Tarra Mata"
"53","Nusa Tenggara Timur","53.18","Kabupaten Sumba Barat Daya","53.18.11","Kodi Balaghar","53.18.11.2001","Wailangira"
"53","Nusa Tenggara Timur","53.18","Kabupaten Sumba Barat Daya","53.18.11","Kodi Balaghar","53.18.11.2002","Kahale"
"53","Nusa Tenggara Timur","53.18","Kabupaten Sumba Barat Daya","53.18.11","Kodi Balaghar","53.18.11.2003","Waikarara"
"53","Nusa Tenggara Timur","53.18","Kabupaten Sumba Barat Daya","53.18.11","Kodi Balaghar","53.18.11.2004","Panenggo Ede"
"53","Nusa Tenggara Timur","53.18","Kabupaten Sumba Barat Daya","53.18.11","Kodi Balaghar","53.18.11.2005","Waiha"
"53","Nusa Tenggara Timur","53.18","Kabupaten Sumba Barat Daya","53.18.11","Kodi Balaghar","53.18.11.2006","Wainyapu"
"53","Nusa Tenggara Timur","53.18","Kabupaten Sumba Barat Daya","53.18.11","Kodi Balaghar","53.18.11.2007","Loko Tali"
"53","Nusa Tenggara Timur","53.18","Kabupaten Sumba Barat Daya","53.18.11","Kodi Balaghar","53.18.11.2008","Waipakolo"
"53","Nusa Tenggara Timur","53.19","Kabupaten Manggarai Timur","53.19.01","Borong","53.19.01.1020","Kota Ndora"
"53","Nusa Tenggara Timur","53.19","Kabupaten Manggarai Timur","53.19.01","Borong","53.19.01.1021","Rana Loba"
"53","Nusa Tenggara Timur","53.19","Kabupaten Manggarai Timur","53.19.01","Borong","53.19.01.1039","Satar Peot"
"53","Nusa Tenggara Timur","53.19","Kabupaten Manggarai Timur","53.19.01","Borong","53.19.01.2001","Nanga Labang"
"53","Nusa Tenggara Timur","53.19","Kabupaten Manggarai Timur","53.19.01","Borong","53.19.01.2004","Gurung Liwut"
"53","Nusa Tenggara Timur","53.19","Kabupaten Manggarai Timur","53.19.01","Borong","53.19.01.2005","Benteng Riwu"
"53","Nusa Tenggara Timur","53.19","Kabupaten Manggarai Timur","53.19.01","Borong","53.19.01.2006","Ngampang Mas"
"53","Nusa Tenggara Timur","53.19","Kabupaten Manggarai Timur","53.19.01","Borong","53.19.01.2009","Rana Masak"
"53","Nusa Tenggara Timur","53.19","Kabupaten Manggarai Timur","53.19.01","Borong","53.19.01.2010","Benteng Raja"
"53","Nusa Tenggara Timur","53.19","Kabupaten Manggarai Timur","53.19.01","Borong","53.19.01.2014","Golo Lalong"
"53","Nusa Tenggara Timur","53.19","Kabupaten Manggarai Timur","53.19.01","Borong","53.19.01.2017","Golo Kantar"
"53","Nusa Tenggara Timur","53.19","Kabupaten Manggarai Timur","53.19.01","Borong","53.19.01.2018","Poco Rii"
"53","Nusa Tenggara Timur","53.19","Kabupaten Manggarai Timur","53.19.01","Borong","53.19.01.2025","Balus Permai"
"53","Nusa Tenggara Timur","53.19","Kabupaten Manggarai Timur","53.19.01","Borong","53.19.01.2031","Waling"
"53","Nusa Tenggara Timur","53.19","Kabupaten Manggarai Timur","53.19.01","Borong","53.19.01.2032","Golo Leda"
"53","Nusa Tenggara Timur","53.19","Kabupaten Manggarai Timur","53.19.01","Borong","53.19.01.2034","Compang Tenda"
"53","Nusa Tenggara Timur","53.19","Kabupaten Manggarai Timur","53.19.01","Borong","53.19.01.2035","Bangka Kantar"
"53","Nusa Tenggara Timur","53.19","Kabupaten Manggarai Timur","53.19.01","Borong","53.19.01.2038","Compang Ndejing"
"53","Nusa Tenggara Timur","53.19","Kabupaten Manggarai Timur","53.19.02","Lamba Leda Selatan","53.19.02.1027","Mandosawu"
"53","Nusa Tenggara Timur","53.19","Kabupaten Manggarai Timur","53.19.02","Lamba Leda Selatan","53.19.02.1028","Nggalak Leleng"
"53","Nusa Tenggara Timur","53.19","Kabupaten Manggarai Timur","53.19.02","Lamba Leda Selatan","53.19.02.1042","Bangka Leleng"
"53","Nusa Tenggara Timur","53.19","Kabupaten Manggarai Timur","53.19.02","Lamba Leda Selatan","53.19.02.2001","Poco Lia"
"53","Nusa Tenggara Timur","53.19","Kabupaten Manggarai Timur","53.19.02","Lamba Leda Selatan","53.19.02.2002","Pocong"
"53","Nusa Tenggara Timur","53.19","Kabupaten Manggarai Timur","53.19.02","Lamba Leda Selatan","53.19.02.2003","Lenang"
"53","Nusa Tenggara Timur","53.19","Kabupaten Manggarai Timur","53.19.02","Lamba Leda Selatan","53.19.02.2004","Melo"
"53","Nusa Tenggara Timur","53.19","Kabupaten Manggarai Timur","53.19.02","Lamba Leda Selatan","53.19.02.2005","Leong"
"53","Nusa Tenggara Timur","53.19","Kabupaten Manggarai Timur","53.19.02","Lamba Leda Selatan","53.19.02.2011","Bea Waek"
"53","Nusa Tenggara Timur","53.19","Kabupaten Manggarai Timur","53.19.02","Lamba Leda Selatan","53.19.02.2013","Golo Lobos"
"53","Nusa Tenggara Timur","53.19","Kabupaten Manggarai Timur","53.19.02","Lamba Leda Selatan","53.19.02.2014","Bangka Kuleng"
"53","Nusa Tenggara Timur","53.19","Kabupaten Manggarai Timur","53.19.02","Lamba Leda Selatan","53.19.02.2015","Bangka Pau"
"53","Nusa Tenggara Timur","53.19","Kabupaten Manggarai Timur","53.19.02","Lamba Leda Selatan","53.19.02.2016","Golo Nderu"
"53","Nusa Tenggara Timur","53.19","Kabupaten Manggarai Timur","53.19.02","Lamba Leda Selatan","53.19.02.2017","Satar Tesem"
"53","Nusa Tenggara Timur","53.19","Kabupaten Manggarai Timur","53.19.02","Lamba Leda Selatan","53.19.02.2018","Gurung Turi"
"53","Nusa Tenggara Timur","53.19","Kabupaten Manggarai Timur","53.19.02","Lamba Leda Selatan","53.19.02.2019","Compang Laho"
"53","Nusa Tenggara Timur","53.19","Kabupaten Manggarai Timur","53.19.02","Lamba Leda Selatan","53.19.02.2020","Watu Lanur"
"53","Nusa Tenggara Timur","53.19","Kabupaten Manggarai Timur","53.19.02","Lamba Leda Selatan","53.19.02.2026","Golo Ndari"
"53","Nusa Tenggara Timur","53.19","Kabupaten Manggarai Timur","53.19.02","Lamba Leda Selatan","53.19.02.2029","Compang Wesang"
"53","Nusa Tenggara Timur","53.19","Kabupaten Manggarai Timur","53.19.02","Lamba Leda Selatan","53.19.02.2030","Golo Wune"
"53","Nusa Tenggara Timur","53.19","Kabupaten Manggarai Timur","53.19.02","Lamba Leda Selatan","53.19.02.2031","Lento"
"53","Nusa Tenggara Timur","53.19","Kabupaten Manggarai Timur","53.19.02","Lamba Leda Selatan","53.19.02.2032","Compang Weluk"
"53","Nusa Tenggara Timur","53.19","Kabupaten Manggarai Timur","53.19.02","Lamba Leda Selatan","53.19.02.2033","Golo Rengket"
"53","Nusa Tenggara Timur","53.19","Kabupaten Manggarai Timur","53.19.02","Lamba Leda Selatan","53.19.02.2037","Deno"
"53","Nusa Tenggara Timur","53.19","Kabupaten Manggarai Timur","53.19.03","Lamba Leda","53.19.03.2001","Tengku Leda"
"53","Nusa Tenggara Timur","53.19","Kabupaten Manggarai Timur","53.19.03","Lamba Leda","53.19.03.2002","Tengku Lawar"
"53","Nusa Tenggara Timur","53.19","Kabupaten Manggarai Timur","53.19.03","Lamba Leda","53.19.03.2003","Goreng Meni"
"53","Nusa Tenggara Timur","53.19","Kabupaten Manggarai Timur","53.19.03","Lamba Leda","53.19.03.2004","Golo Munga"
"53","Nusa Tenggara Timur","53.19","Kabupaten Manggarai Timur","53.19.03","Lamba Leda","53.19.03.2009","Golo Rentung"
"53","Nusa Tenggara Timur","53.19","Kabupaten Manggarai Timur","53.19.03","Lamba Leda","53.19.03.2010","Golo Lembur"
"53","Nusa Tenggara Timur","53.19","Kabupaten Manggarai Timur","53.19.03","Lamba Leda","53.19.03.2011","Compang Necak"
"53","Nusa Tenggara Timur","53.19","Kabupaten Manggarai Timur","53.19.03","Lamba Leda","53.19.03.2013","Compang Mekar"
"53","Nusa Tenggara Timur","53.19","Kabupaten Manggarai Timur","53.19.03","Lamba Leda","53.19.03.2014","Compang Deru"
"53","Nusa Tenggara Timur","53.19","Kabupaten Manggarai Timur","53.19.03","Lamba Leda","53.19.03.2016","Golo Nimbung"
"53","Nusa Tenggara Timur","53.19","Kabupaten Manggarai Timur","53.19.03","Lamba Leda","53.19.03.2017","Lamba Keli"
"53","Nusa Tenggara Timur","53.19","Kabupaten Manggarai Timur","53.19.03","Lamba Leda","53.19.03.2021","Goreng Meni Utara"
"53","Nusa Tenggara Timur","53.19","Kabupaten Manggarai Timur","53.19.03","Lamba Leda","53.19.03.2023","Golo Paleng"
"53","Nusa Tenggara Timur","53.19","Kabupaten Manggarai Timur","53.19.04","Sambi Rampas","53.19.04.1009","Pota"
"53","Nusa Tenggara Timur","53.19","Kabupaten Manggarai Timur","53.19.04","Sambi Rampas","53.19.04.1011","Nanga Baras"
"53","Nusa Tenggara Timur","53.19","Kabupaten Manggarai Timur","53.19.04","Sambi Rampas","53.19.04.1018","Ulung Baras"
"53","Nusa Tenggara Timur","53.19","Kabupaten Manggarai Timur","53.19.04","Sambi Rampas","53.19.04.1020","Golo Wangkung Utara"
"53","Nusa Tenggara Timur","53.19","Kabupaten Manggarai Timur","53.19.04","Sambi Rampas","53.19.04.2001","Nanga Mbaur"
"53","Nusa Tenggara Timur","53.19","Kabupaten Manggarai Timur","53.19.04","Sambi Rampas","53.19.04.2002","Nanga Mbaling"
"53","Nusa Tenggara Timur","53.19","Kabupaten Manggarai Timur","53.19.04","Sambi Rampas","53.19.04.2007","Lada Mese"
"53","Nusa Tenggara Timur","53.19","Kabupaten Manggarai Timur","53.19.04","Sambi Rampas","53.19.04.2012","Nampar Sepang"
"53","Nusa Tenggara Timur","53.19","Kabupaten Manggarai Timur","53.19.04","Sambi Rampas","53.19.04.2013","Kembang Mekar"
"53","Nusa Tenggara Timur","53.19","Kabupaten Manggarai Timur","53.19.04","Sambi Rampas","53.19.04.2014","Wela Lada"
"53","Nusa Tenggara Timur","53.19","Kabupaten Manggarai Timur","53.19.05","Elar","53.19.05.1020","Tiwu Kondo"
"53","Nusa Tenggara Timur","53.19","Kabupaten Manggarai Timur","53.19.05","Elar","53.19.05.2001","Lengko Namut"
"53","Nusa Tenggara Timur","53.19","Kabupaten Manggarai Timur","53.19.05","Elar","53.19.05.2002","Rana Kulan"
"53","Nusa Tenggara Timur","53.19","Kabupaten Manggarai Timur","53.19.05","Elar","53.19.05.2003","Golo Munde"
"53","Nusa Tenggara Timur","53.19","Kabupaten Manggarai Timur","53.19.05","Elar","53.19.05.2004","Golo Lebo"
"53","Nusa Tenggara Timur","53.19","Kabupaten Manggarai Timur","53.19.05","Elar","53.19.05.2005","Golo Lijun"
"53","Nusa Tenggara Timur","53.19","Kabupaten Manggarai Timur","53.19.05","Elar","53.19.05.2009","Sisir"
"53","Nusa Tenggara Timur","53.19","Kabupaten Manggarai Timur","53.19.05","Elar","53.19.05.2015","Haju Ngendong"
"53","Nusa Tenggara Timur","53.19","Kabupaten Manggarai Timur","53.19.05","Elar","53.19.05.2016","Legur Lai"
"53","Nusa Tenggara Timur","53.19","Kabupaten Manggarai Timur","53.19.05","Elar","53.19.05.2017","Rana Gapang"
"53","Nusa Tenggara Timur","53.19","Kabupaten Manggarai Timur","53.19.05","Elar","53.19.05.2018","Biting"
"53","Nusa Tenggara Timur","53.19","Kabupaten Manggarai Timur","53.19.05","Elar","53.19.05.2025","Compang Soba"
"53","Nusa Tenggara Timur","53.19","Kabupaten Manggarai Timur","53.19.05","Elar","53.19.05.2026","Compang Teo"
"53","Nusa Tenggara Timur","53.19","Kabupaten Manggarai Timur","53.19.05","Elar","53.19.05.2028","Kaju Wangi"
"53","Nusa Tenggara Timur","53.19","Kabupaten Manggarai Timur","53.19.05","Elar","53.19.05.2029","Wae Lokom"
"53","Nusa Tenggara Timur","53.19","Kabupaten Manggarai Timur","53.19.06","Kota Komba","53.19.06.1001","Watu Nggene"
"53","Nusa Tenggara Timur","53.19","Kabupaten Manggarai Timur","53.19.06","Kota Komba","53.19.06.1002","Rongga Koe"
"53","Nusa Tenggara Timur","53.19","Kabupaten Manggarai Timur","53.19.06","Kota Komba","53.19.06.1017","Tanah Rata"
"53","Nusa Tenggara Timur","53.19","Kabupaten Manggarai Timur","53.19.06","Kota Komba","53.19.06.2003","Lembur"
"53","Nusa Tenggara Timur","53.19","Kabupaten Manggarai Timur","53.19.06","Kota Komba","53.19.06.2004","Ruan"
"53","Nusa Tenggara Timur","53.19","Kabupaten Manggarai Timur","53.19.06","Kota Komba","53.19.06.2006","Mbengan"
"53","Nusa Tenggara Timur","53.19","Kabupaten Manggarai Timur","53.19.06","Kota Komba","53.19.06.2007","Rana Kolong"
"53","Nusa Tenggara Timur","53.19","Kabupaten Manggarai Timur","53.19.06","Kota Komba","53.19.06.2008","Gunung"
"53","Nusa Tenggara Timur","53.19","Kabupaten Manggarai Timur","53.19.06","Kota Komba","53.19.06.2013","Komba"
"53","Nusa Tenggara Timur","53.19","Kabupaten Manggarai Timur","53.19.06","Kota Komba","53.19.06.2014","Bamo"
"53","Nusa Tenggara Timur","53.19","Kabupaten Manggarai Timur","53.19.06","Kota Komba","53.19.06.2015","Pong Ruan"
"53","Nusa Tenggara Timur","53.19","Kabupaten Manggarai Timur","53.19.07","Rana Mese","53.19.07.2001","Bea Ngencung"
"53","Nusa Tenggara Timur","53.19","Kabupaten Manggarai Timur","53.19.07","Rana Mese","53.19.07.2002","Satar Lahing"
"53","Nusa Tenggara Timur","53.19","Kabupaten Manggarai Timur","53.19.07","Rana Mese","53.19.07.2003","Torok Golo"
"53","Nusa Tenggara Timur","53.19","Kabupaten Manggarai Timur","53.19.07","Rana Mese","53.19.07.2004","Golo Ros"
"53","Nusa Tenggara Timur","53.19","Kabupaten Manggarai Timur","53.19.07","Rana Mese","53.19.07.2005","Rondo Woing"
"53","Nusa Tenggara Timur","53.19","Kabupaten Manggarai Timur","53.19.07","Rana Mese","53.19.07.2006","Sano Lokom"
"53","Nusa Tenggara Timur","53.19","Kabupaten Manggarai Timur","53.19.07","Rana Mese","53.19.07.2007","Golo Loni"
"53","Nusa Tenggara Timur","53.19","Kabupaten Manggarai Timur","53.19.07","Rana Mese","53.19.07.2008","Sita"
"53","Nusa Tenggara Timur","53.19","Kabupaten Manggarai Timur","53.19.07","Rana Mese","53.19.07.2009","Golo Rutuk"
"53","Nusa Tenggara Timur","53.19","Kabupaten Manggarai Timur","53.19.07","Rana Mese","53.19.07.2010","Golo Meleng"
"53","Nusa Tenggara Timur","53.19","Kabupaten Manggarai Timur","53.19.07","Rana Mese","53.19.07.2011","Wae Nggori"
"53","Nusa Tenggara Timur","53.19","Kabupaten Manggarai Timur","53.19.07","Rana Mese","53.19.07.2012","Compang Kantar"
"53","Nusa Tenggara Timur","53.19","Kabupaten Manggarai Timur","53.19.07","Rana Mese","53.19.07.2013","Watu Mori"
"53","Nusa Tenggara Timur","53.19","Kabupaten Manggarai Timur","53.19.07","Rana Mese","53.19.07.2014","Bangka Kempo"
"53","Nusa Tenggara Timur","53.19","Kabupaten Manggarai Timur","53.19.07","Rana Mese","53.19.07.2015","Compang Teber"
"53","Nusa Tenggara Timur","53.19","Kabupaten Manggarai Timur","53.19.07","Rana Mese","53.19.07.2016","Satar Lenda"
"53","Nusa Tenggara Timur","53.19","Kabupaten Manggarai Timur","53.19.07","Rana Mese","53.19.07.2017","Lidi"
"53","Nusa Tenggara Timur","53.19","Kabupaten Manggarai Timur","53.19.07","Rana Mese","53.19.07.2018","Bangka Masa"
"53","Nusa Tenggara Timur","53.19","Kabupaten Manggarai Timur","53.19.07","Rana Mese","53.19.07.2019","Lalang"
"53","Nusa Tenggara Timur","53.19","Kabupaten Manggarai Timur","53.19.07","Rana Mese","53.19.07.2020","Compang Loni"
"53","Nusa Tenggara Timur","53.19","Kabupaten Manggarai Timur","53.19.07","Rana Mese","53.19.07.2021","Compang Kempo"
"53","Nusa Tenggara Timur","53.19","Kabupaten Manggarai Timur","53.19.08","Lamba Leda Timur","53.19.08.2001","Watu Arus"
"53","Nusa Tenggara Timur","53.19","Kabupaten Manggarai Timur","53.19.08","Lamba Leda Timur","53.19.08.2002","Arus"
"53","Nusa Tenggara Timur","53.19","Kabupaten Manggarai Timur","53.19.08","Lamba Leda Timur","53.19.08.2003","Golo Lero"
"53","Nusa Tenggara Timur","53.19","Kabupaten Manggarai Timur","53.19.08","Lamba Leda Timur","53.19.08.2004","Rengkam"
"53","Nusa Tenggara Timur","53.19","Kabupaten Manggarai Timur","53.19.08","Lamba Leda Timur","53.19.08.2005","Compang Wunis"
"53","Nusa Tenggara Timur","53.19","Kabupaten Manggarai Timur","53.19.08","Lamba Leda Timur","53.19.08.2006","Benteng Rampas"
"53","Nusa Tenggara Timur","53.19","Kabupaten Manggarai Timur","53.19.08","Lamba Leda Timur","53.19.08.2007","Ngkiong Dora"
"53","Nusa Tenggara Timur","53.19","Kabupaten Manggarai Timur","53.19.08","Lamba Leda Timur","53.19.08.2008","Ulu Wae"
"53","Nusa Tenggara Timur","53.19","Kabupaten Manggarai Timur","53.19.08","Lamba Leda Timur","53.19.08.2009","Rende Nao"
"53","Nusa Tenggara Timur","53.19","Kabupaten Manggarai Timur","53.19.08","Lamba Leda Timur","53.19.08.2010","Wangkar Weli"
"53","Nusa Tenggara Timur","53.19","Kabupaten Manggarai Timur","53.19.08","Lamba Leda Timur","53.19.08.2011","Tango Molas"
"53","Nusa Tenggara Timur","53.19","Kabupaten Manggarai Timur","53.19.08","Lamba Leda Timur","53.19.08.2012","Urung Dora"
"53","Nusa Tenggara Timur","53.19","Kabupaten Manggarai Timur","53.19.08","Lamba Leda Timur","53.19.08.2013","Compang Raci"
"53","Nusa Tenggara Timur","53.19","Kabupaten Manggarai Timur","53.19.08","Lamba Leda Timur","53.19.08.2014","Wejang Mawe"
"53","Nusa Tenggara Timur","53.19","Kabupaten Manggarai Timur","53.19.08","Lamba Leda Timur","53.19.08.2015","Bangka Arus"
"53","Nusa Tenggara Timur","53.19","Kabupaten Manggarai Timur","53.19.08","Lamba Leda Timur","53.19.08.2016","Colol"
"53","Nusa Tenggara Timur","53.19","Kabupaten Manggarai Timur","53.19.08","Lamba Leda Timur","53.19.08.2017","Benteng Wunis"
"53","Nusa Tenggara Timur","53.19","Kabupaten Manggarai Timur","53.19.08","Lamba Leda Timur","53.19.08.2018","Wejang Mali"
"53","Nusa Tenggara Timur","53.19","Kabupaten Manggarai Timur","53.19.09","Elar Selatan","53.19.09.1001","Lempang Paji"
"53","Nusa Tenggara Timur","53.19","Kabupaten Manggarai Timur","53.19.09","Elar Selatan","53.19.09.2002","Sangan Kalo"
"53","Nusa Tenggara Timur","53.19","Kabupaten Manggarai Timur","53.19.09","Elar Selatan","53.19.09.2003","Sipi"
"53","Nusa Tenggara Timur","53.19","Kabupaten Manggarai Timur","53.19.09","Elar Selatan","53.19.09.2004","Gising"
"53","Nusa Tenggara Timur","53.19","Kabupaten Manggarai Timur","53.19.09","Elar Selatan","53.19.09.2005","Langga Sai"
"53","Nusa Tenggara Timur","53.19","Kabupaten Manggarai Timur","53.19.09","Elar Selatan","53.19.09.2006","Teno Mese"
"53","Nusa Tenggara Timur","53.19","Kabupaten Manggarai Timur","53.19.09","Elar Selatan","53.19.09.2007","Golo Wuas"
"53","Nusa Tenggara Timur","53.19","Kabupaten Manggarai Timur","53.19.09","Elar Selatan","53.19.09.2008","Nanga Meje"
"53","Nusa Tenggara Timur","53.19","Kabupaten Manggarai Timur","53.19.09","Elar Selatan","53.19.09.2009","Paan Waru"
"53","Nusa Tenggara Timur","53.19","Kabupaten Manggarai Timur","53.19.09","Elar Selatan","53.19.09.2010","Golo Linus"
"53","Nusa Tenggara Timur","53.19","Kabupaten Manggarai Timur","53.19.09","Elar Selatan","53.19.09.2011","Benteng Pau"
"53","Nusa Tenggara Timur","53.19","Kabupaten Manggarai Timur","53.19.09","Elar Selatan","53.19.09.2012","Wae Rasan"
"53","Nusa Tenggara Timur","53.19","Kabupaten Manggarai Timur","53.19.09","Elar Selatan","53.19.09.2013","Mosi Ngaran"
"53","Nusa Tenggara Timur","53.19","Kabupaten Manggarai Timur","53.19.09","Elar Selatan","53.19.09.2014","Nanga Puun"
"53","Nusa Tenggara Timur","53.19","Kabupaten Manggarai Timur","53.19.10","Kota Komba Utara","53.19.10.2001","Golo Tolang"
"53","Nusa Tenggara Timur","53.19","Kabupaten Manggarai Timur","53.19.10","Kota Komba Utara","53.19.10.2002","Mokel"
"53","Nusa Tenggara Timur","53.19","Kabupaten Manggarai Timur","53.19.10","Kota Komba Utara","53.19.10.2003","Paan Leleng"
"53","Nusa Tenggara Timur","53.19","Kabupaten Manggarai Timur","53.19.10","Kota Komba Utara","53.19.10.2004","Rana Mbeling"
"53","Nusa Tenggara Timur","53.19","Kabupaten Manggarai Timur","53.19.10","Kota Komba Utara","53.19.10.2005","Golo Meni"
"53","Nusa Tenggara Timur","53.19","Kabupaten Manggarai Timur","53.19.10","Kota Komba Utara","53.19.10.2006","Golo Nderu"
"53","Nusa Tenggara Timur","53.19","Kabupaten Manggarai Timur","53.19.10","Kota Komba Utara","53.19.10.2007","Golo Ndele"
"53","Nusa Tenggara Timur","53.19","Kabupaten Manggarai Timur","53.19.10","Kota Komba Utara","53.19.10.2008","Rana Mbata"
"53","Nusa Tenggara Timur","53.19","Kabupaten Manggarai Timur","53.19.10","Kota Komba Utara","53.19.10.2009","Mokel Morid"
"53","Nusa Tenggara Timur","53.19","Kabupaten Manggarai Timur","53.19.10","Kota Komba Utara","53.19.10.2010","Watu Pari"
"53","Nusa Tenggara Timur","53.19","Kabupaten Manggarai Timur","53.19.10","Kota Komba Utara","53.19.10.2011","Gunung Baru"
"53","Nusa Tenggara Timur","53.19","Kabupaten Manggarai Timur","53.19.11","Lamba Leda Utara","53.19.11.2001","Satar Padut"
"53","Nusa Tenggara Timur","53.19","Kabupaten Manggarai Timur","53.19.11","Lamba Leda Utara","53.19.11.2002","Satar Punda"
"53","Nusa Tenggara Timur","53.19","Kabupaten Manggarai Timur","53.19.11","Lamba Leda Utara","53.19.11.2003","Nampar Tabang"
"53","Nusa Tenggara Timur","53.19","Kabupaten Manggarai Timur","53.19.11","Lamba Leda Utara","53.19.11.2004","Lencur"
"53","Nusa Tenggara Timur","53.19","Kabupaten Manggarai Timur","53.19.11","Lamba Leda Utara","53.19.11.2005","Liang Deruk"
"53","Nusa Tenggara Timur","53.19","Kabupaten Manggarai Timur","53.19.11","Lamba Leda Utara","53.19.11.2006","Haju Wangi"
"53","Nusa Tenggara Timur","53.19","Kabupaten Manggarai Timur","53.19.11","Lamba Leda Utara","53.19.11.2007","Satar Kampas"
"53","Nusa Tenggara Timur","53.19","Kabupaten Manggarai Timur","53.19.11","Lamba Leda Utara","53.19.11.2008","Golo Mangung"
"53","Nusa Tenggara Timur","53.19","Kabupaten Manggarai Timur","53.19.11","Lamba Leda Utara","53.19.11.2009","Golo Wontong"
"53","Nusa Tenggara Timur","53.19","Kabupaten Manggarai Timur","53.19.11","Lamba Leda Utara","53.19.11.2010","Golo Munga Barat"
"53","Nusa Tenggara Timur","53.19","Kabupaten Manggarai Timur","53.19.11","Lamba Leda Utara","53.19.11.2011","Satar Punda Barat"
"53","Nusa Tenggara Timur","53.19","Kabupaten Manggarai Timur","53.19.12","Congkar","53.19.12.1001","Golo Wangkung"
"53","Nusa Tenggara Timur","53.19","Kabupaten Manggarai Timur","53.19.12","Congkar","53.19.12.1007","Golo Wangkung Barat"
"53","Nusa Tenggara Timur","53.19","Kabupaten Manggarai Timur","53.19.12","Congkar","53.19.12.2002","Buti"
"53","Nusa Tenggara Timur","53.19","Kabupaten Manggarai Timur","53.19.12","Congkar","53.19.12.2003","Golo Ngawan"
"53","Nusa Tenggara Timur","53.19","Kabupaten Manggarai Timur","53.19.12","Congkar","53.19.12.2004","Satar Nawang"
"53","Nusa Tenggara Timur","53.19","Kabupaten Manggarai Timur","53.19.12","Congkar","53.19.12.2005","Rana Mese"
"53","Nusa Tenggara Timur","53.19","Kabupaten Manggarai Timur","53.19.12","Congkar","53.19.12.2006","Compang Congkar"
"53","Nusa Tenggara Timur","53.19","Kabupaten Manggarai Timur","53.19.12","Congkar","53.19.12.2008","Compang Lawi"
"53","Nusa Tenggara Timur","53.19","Kabupaten Manggarai Timur","53.19.12","Congkar","53.19.12.2009","Golo Pari"
"53","Nusa Tenggara Timur","53.19","Kabupaten Manggarai Timur","53.19.12","Congkar","53.19.12.2010","Wea"
"53","Nusa Tenggara Timur","53.20","Kabupaten Sabu Raijua","53.20.01","Sabu Barat","53.20.01.1001","Mebba"
"53","Nusa Tenggara Timur","53.20","Kabupaten Sabu Raijua","53.20.01","Sabu Barat","53.20.01.2002","Menia"
"53","Nusa Tenggara Timur","53.20","Kabupaten Sabu Raijua","53.20.01","Sabu Barat","53.20.01.2003","Raeloro"
"53","Nusa Tenggara Timur","53.20","Kabupaten Sabu Raijua","53.20.01","Sabu Barat","53.20.01.2004","Naawawi"
"53","Nusa Tenggara Timur","53.20","Kabupaten Sabu Raijua","53.20.01","Sabu Barat","53.20.01.2005","Teriwu"
"53","Nusa Tenggara Timur","53.20","Kabupaten Sabu Raijua","53.20.01","Sabu Barat","53.20.01.2006","Raenalulu"
"53","Nusa Tenggara Timur","53.20","Kabupaten Sabu Raijua","53.20.01","Sabu Barat","53.20.01.2007","Raedewa"
"53","Nusa Tenggara Timur","53.20","Kabupaten Sabu Raijua","53.20.01","Sabu Barat","53.20.01.2008","Ledeana"
"53","Nusa Tenggara Timur","53.20","Kabupaten Sabu Raijua","53.20.01","Sabu Barat","53.20.01.2009","Depe"
"53","Nusa Tenggara Timur","53.20","Kabupaten Sabu Raijua","53.20.01","Sabu Barat","53.20.01.2010","Raemude"
"53","Nusa Tenggara Timur","53.20","Kabupaten Sabu Raijua","53.20.01","Sabu Barat","53.20.01.2011","Raekore"
"53","Nusa Tenggara Timur","53.20","Kabupaten Sabu Raijua","53.20.01","Sabu Barat","53.20.01.2012","Raenyale"
"53","Nusa Tenggara Timur","53.20","Kabupaten Sabu Raijua","53.20.01","Sabu Barat","53.20.01.2013","Raemadia"
"53","Nusa Tenggara Timur","53.20","Kabupaten Sabu Raijua","53.20.01","Sabu Barat","53.20.01.2014","Delo"
"53","Nusa Tenggara Timur","53.20","Kabupaten Sabu Raijua","53.20.01","Sabu Barat","53.20.01.2015","Roboaba"
"53","Nusa Tenggara Timur","53.20","Kabupaten Sabu Raijua","53.20.01","Sabu Barat","53.20.01.2016","Djadu"
"53","Nusa Tenggara Timur","53.20","Kabupaten Sabu Raijua","53.20.01","Sabu Barat","53.20.01.2017","Ledekepaka"
"53","Nusa Tenggara Timur","53.20","Kabupaten Sabu Raijua","53.20.01","Sabu Barat","53.20.01.2018","Titinalede"
"53","Nusa Tenggara Timur","53.20","Kabupaten Sabu Raijua","53.20.02","Sabu Tengah","53.20.02.2001","Bebae"
"53","Nusa Tenggara Timur","53.20","Kabupaten Sabu Raijua","53.20.02","Sabu Tengah","53.20.02.2002","Tada"
"53","Nusa Tenggara Timur","53.20","Kabupaten Sabu Raijua","53.20.02","Sabu Tengah","53.20.02.2003","Matei"
"53","Nusa Tenggara Timur","53.20","Kabupaten Sabu Raijua","53.20.02","Sabu Tengah","53.20.02.2004","Loboaju"
"53","Nusa Tenggara Timur","53.20","Kabupaten Sabu Raijua","53.20.02","Sabu Tengah","53.20.02.2005","Eimadake"
"53","Nusa Tenggara Timur","53.20","Kabupaten Sabu Raijua","53.20.02","Sabu Tengah","53.20.02.2006","Jiwuwu"
"53","Nusa Tenggara Timur","53.20","Kabupaten Sabu Raijua","53.20.02","Sabu Tengah","53.20.02.2007","Eilode"
"53","Nusa Tenggara Timur","53.20","Kabupaten Sabu Raijua","53.20.02","Sabu Tengah","53.20.02.2008","Eimau"
"53","Nusa Tenggara Timur","53.20","Kabupaten Sabu Raijua","53.20.03","Sabu Timur","53.20.03.1001","Bolou"
"53","Nusa Tenggara Timur","53.20","Kabupaten Sabu Raijua","53.20.03","Sabu Timur","53.20.03.1002","Limaggu"
"53","Nusa Tenggara Timur","53.20","Kabupaten Sabu Raijua","53.20.03","Sabu Timur","53.20.03.2003","Lobodei"
"53","Nusa Tenggara Timur","53.20","Kabupaten Sabu Raijua","53.20.03","Sabu Timur","53.20.03.2004","Bodae"
"53","Nusa Tenggara Timur","53.20","Kabupaten Sabu Raijua","53.20.03","Sabu Timur","53.20.03.2005","Keduru"
"53","Nusa Tenggara Timur","53.20","Kabupaten Sabu Raijua","53.20.03","Sabu Timur","53.20.03.2006","Kuji Ratu"
"53","Nusa Tenggara Timur","53.20","Kabupaten Sabu Raijua","53.20.03","Sabu Timur","53.20.03.2007","Loborai"
"53","Nusa Tenggara Timur","53.20","Kabupaten Sabu Raijua","53.20.03","Sabu Timur","53.20.03.2008","Huwaga"
"53","Nusa Tenggara Timur","53.20","Kabupaten Sabu Raijua","53.20.03","Sabu Timur","53.20.03.2009","Eiada"
"53","Nusa Tenggara Timur","53.20","Kabupaten Sabu Raijua","53.20.03","Sabu Timur","53.20.03.2010","Keliha"
"53","Nusa Tenggara Timur","53.20","Kabupaten Sabu Raijua","53.20.04","Sabu Liae","53.20.04.2001","Raerobo"
"53","Nusa Tenggara Timur","53.20","Kabupaten Sabu Raijua","53.20.04","Sabu Liae","53.20.04.2002","Mehona"
"53","Nusa Tenggara Timur","53.20","Kabupaten Sabu Raijua","53.20.04","Sabu Liae","53.20.04.2003","Waduwalla"
"53","Nusa Tenggara Timur","53.20","Kabupaten Sabu Raijua","53.20.04","Sabu Liae","53.20.04.2004","Ledeke"
"53","Nusa Tenggara Timur","53.20","Kabupaten Sabu Raijua","53.20.04","Sabu Liae","53.20.04.2005","Eilogo"
"53","Nusa Tenggara Timur","53.20","Kabupaten Sabu Raijua","53.20.04","Sabu Liae","53.20.04.2006","Deme"
"53","Nusa Tenggara Timur","53.20","Kabupaten Sabu Raijua","53.20.04","Sabu Liae","53.20.04.2007","Kotahawu"
"53","Nusa Tenggara Timur","53.20","Kabupaten Sabu Raijua","53.20.04","Sabu Liae","53.20.04.2008","Dainao"
"53","Nusa Tenggara Timur","53.20","Kabupaten Sabu Raijua","53.20.04","Sabu Liae","53.20.04.2009","Eikare"
"53","Nusa Tenggara Timur","53.20","Kabupaten Sabu Raijua","53.20.04","Sabu Liae","53.20.04.2010","Loborui"
"53","Nusa Tenggara Timur","53.20","Kabupaten Sabu Raijua","53.20.04","Sabu Liae","53.20.04.2011","Halla Paji"
"53","Nusa Tenggara Timur","53.20","Kabupaten Sabu Raijua","53.20.04","Sabu Liae","53.20.04.2012","Ledetalo"
"53","Nusa Tenggara Timur","53.20","Kabupaten Sabu Raijua","53.20.05","Hawu Mehara","53.20.05.2001","Lobohede"
"53","Nusa Tenggara Timur","53.20","Kabupaten Sabu Raijua","53.20.05","Hawu Mehara","53.20.05.2002","Molie"
"53","Nusa Tenggara Timur","53.20","Kabupaten Sabu Raijua","53.20.05","Hawu Mehara","53.20.05.2003","Daieko"
"53","Nusa Tenggara Timur","53.20","Kabupaten Sabu Raijua","53.20.05","Hawu Mehara","53.20.05.2004","Pedarro"
"53","Nusa Tenggara Timur","53.20","Kabupaten Sabu Raijua","53.20.05","Hawu Mehara","53.20.05.2005","Tanajawa"
"53","Nusa Tenggara Timur","53.20","Kabupaten Sabu Raijua","53.20.05","Hawu Mehara","53.20.05.2006","Ledeae"
"53","Nusa Tenggara Timur","53.20","Kabupaten Sabu Raijua","53.20.05","Hawu Mehara","53.20.05.2007","Wadumaddi"
"53","Nusa Tenggara Timur","53.20","Kabupaten Sabu Raijua","53.20.05","Hawu Mehara","53.20.05.2008","Lederaga"
"53","Nusa Tenggara Timur","53.20","Kabupaten Sabu Raijua","53.20.05","Hawu Mehara","53.20.05.2009","Gurimonearu"
"53","Nusa Tenggara Timur","53.20","Kabupaten Sabu Raijua","53.20.05","Hawu Mehara","53.20.05.2010","Ramedue"
"53","Nusa Tenggara Timur","53.20","Kabupaten Sabu Raijua","53.20.06","Raijua","53.20.06.1001","Ledeke"
"53","Nusa Tenggara Timur","53.20","Kabupaten Sabu Raijua","53.20.06","Raijua","53.20.06.1002","Ledeunu"
"53","Nusa Tenggara Timur","53.20","Kabupaten Sabu Raijua","53.20.06","Raijua","53.20.06.2003","Bolua"
"53","Nusa Tenggara Timur","53.20","Kabupaten Sabu Raijua","53.20.06","Raijua","53.20.06.2004","Kolorae"
"53","Nusa Tenggara Timur","53.20","Kabupaten Sabu Raijua","53.20.06","Raijua","53.20.06.2005","Ballu"
"53","Nusa Tenggara Timur","53.21","Kabupaten Malaka","53.21.01","Malaka Tengah","53.21.01.2001","Barene"
"53","Nusa Tenggara Timur","53.21","Kabupaten Malaka","53.21.01","Malaka Tengah","53.21.01.2002","Kakaniuk"
"53","Nusa Tenggara Timur","53.21","Kabupaten Malaka","53.21.01","Malaka Tengah","53.21.01.2003","Kateri"
"53","Nusa Tenggara Timur","53.21","Kabupaten Malaka","53.21.01","Malaka Tengah","53.21.01.2004","Bakiruk"
"53","Nusa Tenggara Timur","53.21","Kabupaten Malaka","53.21.01","Malaka Tengah","53.21.01.2005","Kamanasa"
"53","Nusa Tenggara Timur","53.21","Kabupaten Malaka","53.21.01","Malaka Tengah","53.21.01.2006","Wehali"
"53","Nusa Tenggara Timur","53.21","Kabupaten Malaka","53.21.01","Malaka Tengah","53.21.01.2007","Umakatahan"
"53","Nusa Tenggara Timur","53.21","Kabupaten Malaka","53.21.01","Malaka Tengah","53.21.01.2008","Umanen Lawalu"
"53","Nusa Tenggara Timur","53.21","Kabupaten Malaka","53.21.01","Malaka Tengah","53.21.01.2009","Kletek"
"53","Nusa Tenggara Timur","53.21","Kabupaten Malaka","53.21.01","Malaka Tengah","53.21.01.2010","Naimana"
"53","Nusa Tenggara Timur","53.21","Kabupaten Malaka","53.21.01","Malaka Tengah","53.21.01.2011","Fahiluka"
"53","Nusa Tenggara Timur","53.21","Kabupaten Malaka","53.21.01","Malaka Tengah","53.21.01.2012","Lawalu"
"53","Nusa Tenggara Timur","53.21","Kabupaten Malaka","53.21.01","Malaka Tengah","53.21.01.2013","Harekakae"
"53","Nusa Tenggara Timur","53.21","Kabupaten Malaka","53.21.01","Malaka Tengah","53.21.01.2014","Barada"
"53","Nusa Tenggara Timur","53.21","Kabupaten Malaka","53.21.01","Malaka Tengah","53.21.01.2015","Bereliku"
"53","Nusa Tenggara Timur","53.21","Kabupaten Malaka","53.21.01","Malaka Tengah","53.21.01.2016","Railor Tahak"
"53","Nusa Tenggara Timur","53.21","Kabupaten Malaka","53.21.01","Malaka Tengah","53.21.01.2017","Suai"
"53","Nusa Tenggara Timur","53.21","Kabupaten Malaka","53.21.02","Malaka Barat","53.21.02.2001","Motaulun"
"53","Nusa Tenggara Timur","53.21","Kabupaten Malaka","53.21.02","Malaka Barat","53.21.02.2002","Sikun"
"53","Nusa Tenggara Timur","53.21","Kabupaten Malaka","53.21.02","Malaka Barat","53.21.02.2003","Fafoe"
"53","Nusa Tenggara Timur","53.21","Kabupaten Malaka","53.21.02","Malaka Barat","53.21.02.2004","Lasaen"
"53","Nusa Tenggara Timur","53.21","Kabupaten Malaka","53.21.02","Malaka Barat","53.21.02.2005","Umatoos"
"53","Nusa Tenggara Timur","53.21","Kabupaten Malaka","53.21.02","Malaka Barat","53.21.02.2006","Rabasahain"
"53","Nusa Tenggara Timur","53.21","Kabupaten Malaka","53.21.02","Malaka Barat","53.21.02.2007","Umalor"
"53","Nusa Tenggara Timur","53.21","Kabupaten Malaka","53.21.02","Malaka Barat","53.21.02.2008","Besikama"
"53","Nusa Tenggara Timur","53.21","Kabupaten Malaka","53.21.02","Malaka Barat","53.21.02.2009","Maktihan"
"53","Nusa Tenggara Timur","53.21","Kabupaten Malaka","53.21.02","Malaka Barat","53.21.02.2010","Loofoun"
"53","Nusa Tenggara Timur","53.21","Kabupaten Malaka","53.21.02","Malaka Barat","53.21.02.2011","Rabasa"
"53","Nusa Tenggara Timur","53.21","Kabupaten Malaka","53.21.02","Malaka Barat","53.21.02.2012","Rabasa Haerain"
"53","Nusa Tenggara Timur","53.21","Kabupaten Malaka","53.21.02","Malaka Barat","53.21.02.2013","Motaain"
"53","Nusa Tenggara Timur","53.21","Kabupaten Malaka","53.21.02","Malaka Barat","53.21.02.2014","Oan Mane"
"53","Nusa Tenggara Timur","53.21","Kabupaten Malaka","53.21.02","Malaka Barat","53.21.02.2015","Raimataus"
"53","Nusa Tenggara Timur","53.21","Kabupaten Malaka","53.21.02","Malaka Barat","53.21.02.2016","Naas"
"53","Nusa Tenggara Timur","53.21","Kabupaten Malaka","53.21.03","Wewiku","53.21.03.2001","Halibasar"
"53","Nusa Tenggara Timur","53.21","Kabupaten Malaka","53.21.03","Wewiku","53.21.03.2002","Weulun"
"53","Nusa Tenggara Timur","53.21","Kabupaten Malaka","53.21.03","Wewiku","53.21.03.2003","Webriamata"
"53","Nusa Tenggara Timur","53.21","Kabupaten Malaka","53.21.03","Wewiku","53.21.03.2004","Badarai"
"53","Nusa Tenggara Timur","53.21","Kabupaten Malaka","53.21.03","Wewiku","53.21.03.2005","Weoe"
"53","Nusa Tenggara Timur","53.21","Kabupaten Malaka","53.21.03","Wewiku","53.21.03.2006","Lorotolus"
"53","Nusa Tenggara Timur","53.21","Kabupaten Malaka","53.21.03","Wewiku","53.21.03.2007","Seserai"
"53","Nusa Tenggara Timur","53.21","Kabupaten Malaka","53.21.03","Wewiku","53.21.03.2008","Alkani"
"53","Nusa Tenggara Timur","53.21","Kabupaten Malaka","53.21.03","Wewiku","53.21.03.2009","Lamea"
"53","Nusa Tenggara Timur","53.21","Kabupaten Malaka","53.21.03","Wewiku","53.21.03.2010","Rabasa Biris"
"53","Nusa Tenggara Timur","53.21","Kabupaten Malaka","53.21.03","Wewiku","53.21.03.2011","Biris"
"53","Nusa Tenggara Timur","53.21","Kabupaten Malaka","53.21.03","Wewiku","53.21.03.2012","Weseben"
"53","Nusa Tenggara Timur","53.21","Kabupaten Malaka","53.21.04","Weliman","53.21.04.2001","Wesey"
"53","Nusa Tenggara Timur","53.21","Kabupaten Malaka","53.21.04","Weliman","53.21.04.2002","Haitimuk"
"53","Nusa Tenggara Timur","53.21","Kabupaten Malaka","53.21.04","Weliman","53.21.04.2003","Laleten"
"53","Nusa Tenggara Timur","53.21","Kabupaten Malaka","53.21.04","Weliman","53.21.04.2004","Kleseleon"
"53","Nusa Tenggara Timur","53.21","Kabupaten Malaka","53.21.04","Weliman","53.21.04.2005","Angkaes"
"53","Nusa Tenggara Timur","53.21","Kabupaten Malaka","53.21.04","Weliman","53.21.04.2006","Wederok"
"53","Nusa Tenggara Timur","53.21","Kabupaten Malaka","53.21.04","Weliman","53.21.04.2007","Lamudur"
"53","Nusa Tenggara Timur","53.21","Kabupaten Malaka","53.21.04","Weliman","53.21.04.2008","Forekmodok"
"53","Nusa Tenggara Timur","53.21","Kabupaten Malaka","53.21.04","Weliman","53.21.04.2009","Umalawain"
"53","Nusa Tenggara Timur","53.21","Kabupaten Malaka","53.21.04","Weliman","53.21.04.2010","Lakulo"
"53","Nusa Tenggara Timur","53.21","Kabupaten Malaka","53.21.04","Weliman","53.21.04.2011","Leunklot"
"53","Nusa Tenggara Timur","53.21","Kabupaten Malaka","53.21.04","Weliman","53.21.04.2012","Haliklaran"
"53","Nusa Tenggara Timur","53.21","Kabupaten Malaka","53.21.04","Weliman","53.21.04.2013","Bonetasea"
"53","Nusa Tenggara Timur","53.21","Kabupaten Malaka","53.21.04","Weliman","53.21.04.2014","Taaba"
"53","Nusa Tenggara Timur","53.21","Kabupaten Malaka","53.21.05","Rinhat","53.21.05.2001","Saenama"
"53","Nusa Tenggara Timur","53.21","Kabupaten Malaka","53.21.05","Rinhat","53.21.05.2002","Wekmidar"
"53","Nusa Tenggara Timur","53.21","Kabupaten Malaka","53.21.05","Rinhat","53.21.05.2003","Lotas"
"53","Nusa Tenggara Timur","53.21","Kabupaten Malaka","53.21.05","Rinhat","53.21.05.2004","Nanin"
"53","Nusa Tenggara Timur","53.21","Kabupaten Malaka","53.21.05","Rinhat","53.21.05.2005","Alala"
"53","Nusa Tenggara Timur","53.21","Kabupaten Malaka","53.21.05","Rinhat","53.21.05.2006","Oekmurak"
"53","Nusa Tenggara Timur","53.21","Kabupaten Malaka","53.21.05","Rinhat","53.21.05.2007","Webetun"
"53","Nusa Tenggara Timur","53.21","Kabupaten Malaka","53.21.05","Rinhat","53.21.05.2008","Naet"
"53","Nusa Tenggara Timur","53.21","Kabupaten Malaka","53.21.05","Rinhat","53.21.05.2009","Biudukfoho"
"53","Nusa Tenggara Timur","53.21","Kabupaten Malaka","53.21.05","Rinhat","53.21.05.2010","Niti"
"53","Nusa Tenggara Timur","53.21","Kabupaten Malaka","53.21.05","Rinhat","53.21.05.2011","Tafuli"
"53","Nusa Tenggara Timur","53.21","Kabupaten Malaka","53.21.05","Rinhat","53.21.05.2012","Boen"
"53","Nusa Tenggara Timur","53.21","Kabupaten Malaka","53.21.05","Rinhat","53.21.05.2013","Wekeke"
"53","Nusa Tenggara Timur","53.21","Kabupaten Malaka","53.21.05","Rinhat","53.21.05.2014","Raisamane"
"53","Nusa Tenggara Timur","53.21","Kabupaten Malaka","53.21.05","Rinhat","53.21.05.2015","Weain"
"53","Nusa Tenggara Timur","53.21","Kabupaten Malaka","53.21.05","Rinhat","53.21.05.2016","Nabutaek"
"53","Nusa Tenggara Timur","53.21","Kabupaten Malaka","53.21.05","Rinhat","53.21.05.2017","Tafuli I"
"53","Nusa Tenggara Timur","53.21","Kabupaten Malaka","53.21.05","Rinhat","53.21.05.2018","Nanebot"
"53","Nusa Tenggara Timur","53.21","Kabupaten Malaka","53.21.05","Rinhat","53.21.05.2019","Muke"
"53","Nusa Tenggara Timur","53.21","Kabupaten Malaka","53.21.05","Rinhat","53.21.05.2020","Naiusu"
"53","Nusa Tenggara Timur","53.21","Kabupaten Malaka","53.21.06","Io Kufeu","53.21.06.2001","Biau"
"53","Nusa Tenggara Timur","53.21","Kabupaten Malaka","53.21.06","Io Kufeu","53.21.06.2002","Kufeu"
"53","Nusa Tenggara Timur","53.21","Kabupaten Malaka","53.21.06","Io Kufeu","53.21.06.2003","Tunmat"
"53","Nusa Tenggara Timur","53.21","Kabupaten Malaka","53.21.06","Io Kufeu","53.21.06.2004","Tunabesi"
"53","Nusa Tenggara Timur","53.21","Kabupaten Malaka","53.21.06","Io Kufeu","53.21.06.2005","Bani-Bani"
"53","Nusa Tenggara Timur","53.21","Kabupaten Malaka","53.21.06","Io Kufeu","53.21.06.2006","Fatoin"
"53","Nusa Tenggara Timur","53.21","Kabupaten Malaka","53.21.06","Io Kufeu","53.21.06.2007","Ikan Tuanbeis"
"53","Nusa Tenggara Timur","53.21","Kabupaten Malaka","53.21.07","Sasitamean","53.21.07.2001","As Manulea"
"53","Nusa Tenggara Timur","53.21","Kabupaten Malaka","53.21.07","Sasitamean","53.21.07.2002","Manulea"
"53","Nusa Tenggara Timur","53.21","Kabupaten Malaka","53.21.07","Sasitamean","53.21.07.2003","Naibone"
"53","Nusa Tenggara Timur","53.21","Kabupaten Malaka","53.21.07","Sasitamean","53.21.07.2004","Fatuaruin"
"53","Nusa Tenggara Timur","53.21","Kabupaten Malaka","53.21.07","Sasitamean","53.21.07.2005","Builaran"
"53","Nusa Tenggara Timur","53.21","Kabupaten Malaka","53.21.07","Sasitamean","53.21.07.2006","Manumutin Silole"
"53","Nusa Tenggara Timur","53.21","Kabupaten Malaka","53.21.07","Sasitamean","53.21.07.2007","Umutnana"
"53","Nusa Tenggara Timur","53.21","Kabupaten Malaka","53.21.07","Sasitamean","53.21.07.2008","Beaneno"
"53","Nusa Tenggara Timur","53.21","Kabupaten Malaka","53.21.07","Sasitamean","53.21.07.2009","Naisau"
"53","Nusa Tenggara Timur","53.21","Kabupaten Malaka","53.21.08","Laenmanen","53.21.08.2001","Meotroi"
"53","Nusa Tenggara Timur","53.21","Kabupaten Malaka","53.21.08","Laenmanen","53.21.08.2002","Tesa"
"53","Nusa Tenggara Timur","53.21","Kabupaten Malaka","53.21.08","Laenmanen","53.21.08.2003","Kapitan Meo"
"53","Nusa Tenggara Timur","53.21","Kabupaten Malaka","53.21.08","Laenmanen","53.21.08.2004","Tniumanu"
"53","Nusa Tenggara Timur","53.21","Kabupaten Malaka","53.21.08","Laenmanen","53.21.08.2005","Uabau"
"53","Nusa Tenggara Timur","53.21","Kabupaten Malaka","53.21.08","Laenmanen","53.21.08.2006","Boni Bais"
"53","Nusa Tenggara Timur","53.21","Kabupaten Malaka","53.21.08","Laenmanen","53.21.08.2007","Nauke Kusa"
"53","Nusa Tenggara Timur","53.21","Kabupaten Malaka","53.21.08","Laenmanen","53.21.08.2008","Bisesmus"
"53","Nusa Tenggara Timur","53.21","Kabupaten Malaka","53.21.08","Laenmanen","53.21.08.2009","Oenaek"
"53","Nusa Tenggara Timur","53.21","Kabupaten Malaka","53.21.09","Malaka Timur","53.21.09.2001","Raiulun"
"53","Nusa Tenggara Timur","53.21","Kabupaten Malaka","53.21.09","Malaka Timur","53.21.09.2002","Wemeda"
"53","Nusa Tenggara Timur","53.21","Kabupaten Malaka","53.21.09","Malaka Timur","53.21.09.2003","Kusa"
"53","Nusa Tenggara Timur","53.21","Kabupaten Malaka","53.21.09","Malaka Timur","53.21.09.2004","Numponi"
"53","Nusa Tenggara Timur","53.21","Kabupaten Malaka","53.21.09","Malaka Timur","53.21.09.2005","Dirma"
"53","Nusa Tenggara Timur","53.21","Kabupaten Malaka","53.21.09","Malaka Timur","53.21.09.2006","Sanleo"
"53","Nusa Tenggara Timur","53.21","Kabupaten Malaka","53.21.10","Kobalima Timur","53.21.10.2001","Alas Utara"
"53","Nusa Tenggara Timur","53.21","Kabupaten Malaka","53.21.10","Kobalima Timur","53.21.10.2002","Kotabiru"
"53","Nusa Tenggara Timur","53.21","Kabupaten Malaka","53.21.10","Kobalima Timur","53.21.10.2003","Alas"
"53","Nusa Tenggara Timur","53.21","Kabupaten Malaka","53.21.10","Kobalima Timur","53.21.10.2004","Alas Selatan"
"53","Nusa Tenggara Timur","53.21","Kabupaten Malaka","53.21.11","Kobalima","53.21.11.2001","Babulu"
"53","Nusa Tenggara Timur","53.21","Kabupaten Malaka","53.21.11","Kobalima","53.21.11.2002","Babulu Selatan"
"53","Nusa Tenggara Timur","53.21","Kabupaten Malaka","53.21.11","Kobalima","53.21.11.2003","Sisi"
"53","Nusa Tenggara Timur","53.21","Kabupaten Malaka","53.21.11","Kobalima","53.21.11.2004","Rainawe"
"53","Nusa Tenggara Timur","53.21","Kabupaten Malaka","53.21.11","Kobalima","53.21.11.2005","Litamali"
"53","Nusa Tenggara Timur","53.21","Kabupaten Malaka","53.21.11","Kobalima","53.21.11.2006","Lakekun Utara"
"53","Nusa Tenggara Timur","53.21","Kabupaten Malaka","53.21.11","Kobalima","53.21.11.2007","Lakekun"
"53","Nusa Tenggara Timur","53.21","Kabupaten Malaka","53.21.11","Kobalima","53.21.11.2008","Lakekun Barat"
"53","Nusa Tenggara Timur","53.21","Kabupaten Malaka","53.21.12","Botin Leobele","53.21.12.2001","Babotin"
"53","Nusa Tenggara Timur","53.21","Kabupaten Malaka","53.21.12","Botin Leobele","53.21.12.2002","Kereana"
"53","Nusa Tenggara Timur","53.21","Kabupaten Malaka","53.21.12","Botin Leobele","53.21.12.2003","Babotin Maemina"
"53","Nusa Tenggara Timur","53.21","Kabupaten Malaka","53.21.12","Botin Leobele","53.21.12.2004","Babotin Selatan"
"53","Nusa Tenggara Timur","53.21","Kabupaten Malaka","53.21.12","Botin Leobele","53.21.12.2005","Takarai"
"53","Nusa Tenggara Timur","53.71","Kota Kupang","53.71.01","Alak","53.71.01.1001","Namosain"
"53","Nusa Tenggara Timur","53.71","Kota Kupang","53.71.01","Alak","53.71.01.1002","Nunbaun Sabu"
"53","Nusa Tenggara Timur","53.71","Kota Kupang","53.71.01","Alak","53.71.01.1003","Nunbaun Delha"
"53","Nusa Tenggara Timur","53.71","Kota Kupang","53.71.01","Alak","53.71.01.1004","Nunhila"
"53","Nusa Tenggara Timur","53.71","Kota Kupang","53.71.01","Alak","53.71.01.1005","Fatufeto"
"53","Nusa Tenggara Timur","53.71","Kota Kupang","53.71.01","Alak","53.71.01.1006","Manutapen"
"53","Nusa Tenggara Timur","53.71","Kota Kupang","53.71.01","Alak","53.71.01.1007","Mantasi"
"53","Nusa Tenggara Timur","53.71","Kota Kupang","53.71.01","Alak","53.71.01.1008","Alak"
"53","Nusa Tenggara Timur","53.71","Kota Kupang","53.71.01","Alak","53.71.01.1009","Batu Plat"
"53","Nusa Tenggara Timur","53.71","Kota Kupang","53.71.01","Alak","53.71.01.1010","Manulai II"
"53","Nusa Tenggara Timur","53.71","Kota Kupang","53.71.01","Alak","53.71.01.1011","Naioni"
"53","Nusa Tenggara Timur","53.71","Kota Kupang","53.71.01","Alak","53.71.01.1012","Penkase Oeleta"
"53","Nusa Tenggara Timur","53.71","Kota Kupang","53.71.02","Maulafa","53.71.02.1001","Oepura"
"53","Nusa Tenggara Timur","53.71","Kota Kupang","53.71.02","Maulafa","53.71.02.1002","Maulafa"
"53","Nusa Tenggara Timur","53.71","Kota Kupang","53.71.02","Maulafa","53.71.02.1003","Penfui"
"53","Nusa Tenggara Timur","53.71","Kota Kupang","53.71.02","Maulafa","53.71.02.1004","Naimata"
"53","Nusa Tenggara Timur","53.71","Kota Kupang","53.71.02","Maulafa","53.71.02.1005","Bello"
"53","Nusa Tenggara Timur","53.71","Kota Kupang","53.71.02","Maulafa","53.71.02.1006","Fatukoa"
"53","Nusa Tenggara Timur","53.71","Kota Kupang","53.71.02","Maulafa","53.71.02.1007","Kolhua"
"53","Nusa Tenggara Timur","53.71","Kota Kupang","53.71.02","Maulafa","53.71.02.1008","Sikumana"
"53","Nusa Tenggara Timur","53.71","Kota Kupang","53.71.02","Maulafa","53.71.02.1009","Naikolan"
"53","Nusa Tenggara Timur","53.71","Kota Kupang","53.71.03","Kelapa Lima","53.71.03.1001","Kelapa Lima"
"53","Nusa Tenggara Timur","53.71","Kota Kupang","53.71.03","Kelapa Lima","53.71.03.1010","Oesapa"
"53","Nusa Tenggara Timur","53.71","Kota Kupang","53.71.03","Kelapa Lima","53.71.03.1011","Lasiana"
"53","Nusa Tenggara Timur","53.71","Kota Kupang","53.71.03","Kelapa Lima","53.71.03.1014","Oesapa Barat"
"53","Nusa Tenggara Timur","53.71","Kota Kupang","53.71.03","Kelapa Lima","53.71.03.1015","Oesapa Selatan"
"53","Nusa Tenggara Timur","53.71","Kota Kupang","53.71.04","Oebobo","53.71.04.1001","Oebobo"
"53","Nusa Tenggara Timur","53.71","Kota Kupang","53.71.04","Oebobo","53.71.04.1008","Oetete"
"53","Nusa Tenggara Timur","53.71","Kota Kupang","53.71.04","Oebobo","53.71.04.1009","Oebufu"
"53","Nusa Tenggara Timur","53.71","Kota Kupang","53.71.04","Oebobo","53.71.04.1010","Liliba"
"53","Nusa Tenggara Timur","53.71","Kota Kupang","53.71.04","Oebobo","53.71.04.1011","Fatululi"
"53","Nusa Tenggara Timur","53.71","Kota Kupang","53.71.04","Oebobo","53.71.04.1013","Kayu Putih"
"53","Nusa Tenggara Timur","53.71","Kota Kupang","53.71.04","Oebobo","53.71.04.1014","Tuak Daun Merah"
"53","Nusa Tenggara Timur","53.71","Kota Kupang","53.71.05","Kota Raja","53.71.05.1001","Bakunase"
"53","Nusa Tenggara Timur","53.71","Kota Kupang","53.71.05","Kota Raja","53.71.05.1002","Bakunase Dua"
"53","Nusa Tenggara Timur","53.71","Kota Kupang","53.71.05","Kota Raja","53.71.05.1003","Airnona"
"53","Nusa Tenggara Timur","53.71","Kota Kupang","53.71.05","Kota Raja","53.71.05.1004","Naikoten Satu"
"53","Nusa Tenggara Timur","53.71","Kota Kupang","53.71.05","Kota Raja","53.71.05.1005","Naikoten Dua"
"53","Nusa Tenggara Timur","53.71","Kota Kupang","53.71.05","Kota Raja","53.71.05.1006","Kuanino"
"53","Nusa Tenggara Timur","53.71","Kota Kupang","53.71.05","Kota Raja","53.71.05.1007","Nunleu"
"53","Nusa Tenggara Timur","53.71","Kota Kupang","53.71.05","Kota Raja","53.71.05.1008","Fontein"
"53","Nusa Tenggara Timur","53.71","Kota Kupang","53.71.06","Kota Lama","53.71.06.1001","Airmata"
"53","Nusa Tenggara Timur","53.71","Kota Kupang","53.71.06","Kota Lama","53.71.06.1002","Lai Lai Bisi Kopan"
"53","Nusa Tenggara Timur","53.71","Kota Kupang","53.71.06","Kota Lama","53.71.06.1003","Bonipoi"
"53","Nusa Tenggara Timur","53.71","Kota Kupang","53.71.06","Kota Lama","53.71.06.1004","Solor"
"53","Nusa Tenggara Timur","53.71","Kota Kupang","53.71.06","Kota Lama","53.71.06.1005","Tode Kisar"
"53","Nusa Tenggara Timur","53.71","Kota Kupang","53.71.06","Kota Lama","53.71.06.1006","Merdeka"
"53","Nusa Tenggara Timur","53.71","Kota Kupang","53.71.06","Kota Lama","53.71.06.1007","Oeba"
"53","Nusa Tenggara Timur","53.71","Kota Kupang","53.71.06","Kota Lama","53.71.06.1008","Fatubesi"
"53","Nusa Tenggara Timur","53.71","Kota Kupang","53.71.06","Kota Lama","53.71.06.1009","Pasir Panjang"
"53","Nusa Tenggara Timur","53.71","Kota Kupang","53.71.06","Kota Lama","53.71.06.1010","Nefonaek"
