province_code,province_name,regency_code,regency_name,district_code,district_name,village_code,village_name
"61","Kalimantan Barat","61.01","Kabupaten Sambas","61.01.01","Sambas","61.01.01.2001","Dalam Kaum"
"61","Kalimantan Barat","61.01","Kabupaten Sambas","61.01.01","Sambas","61.01.01.2002","Lubuk Dagang"
"61","Kalimantan Barat","61.01","Kabupaten Sambas","61.01.01","Sambas","61.01.01.2003","Tanjung Bugis"
"61","Kalimantan Barat","61.01","Kabupaten Sambas","61.01.01","Sambas","61.01.01.2004","Pendawan"
"61","Kalimantan Barat","61.01","Kabupaten Sambas","61.01.01","Sambas","61.01.01.2005","Pasar Melayu"
"61","Kalimantan Barat","61.01","Kabupaten Sambas","61.01.01","Sambas","61.01.01.2006","Durian"
"61","Kalimantan Barat","61.01","Kabupaten Sambas","61.01.01","Sambas","61.01.01.2007","Lorong"
"61","Kalimantan Barat","61.01","Kabupaten Sambas","61.01.01","Sambas","61.01.01.2008","Jagur"
"61","Kalimantan Barat","61.01","Kabupaten Sambas","61.01.01","Sambas","61.01.01.2009","Tumuk Manggis"
"61","Kalimantan Barat","61.01","Kabupaten Sambas","61.01.01","Sambas","61.01.01.2010","Tanjung Mekar"
"61","Kalimantan Barat","61.01","Kabupaten Sambas","61.01.01","Sambas","61.01.01.2011","Sebayan"
"61","Kalimantan Barat","61.01","Kabupaten Sambas","61.01.01","Sambas","61.01.01.2012","Kartiasa"
"61","Kalimantan Barat","61.01","Kabupaten Sambas","61.01.01","Sambas","61.01.01.2013","Saing Rambi"
"61","Kalimantan Barat","61.01","Kabupaten Sambas","61.01.01","Sambas","61.01.01.2014","Lumbang"
"61","Kalimantan Barat","61.01","Kabupaten Sambas","61.01.01","Sambas","61.01.01.2015","Sungai Rambah"
"61","Kalimantan Barat","61.01","Kabupaten Sambas","61.01.01","Sambas","61.01.01.2023","Gapura"
"61","Kalimantan Barat","61.01","Kabupaten Sambas","61.01.01","Sambas","61.01.01.2024","Sumber Harapan"
"61","Kalimantan Barat","61.01","Kabupaten Sambas","61.01.01","Sambas","61.01.01.2029","Semangau"
"61","Kalimantan Barat","61.01","Kabupaten Sambas","61.01.02","Teluk Keramat","61.01.02.2001","Sungai Kumpai"
"61","Kalimantan Barat","61.01","Kabupaten Sambas","61.01.02","Teluk Keramat","61.01.02.2002","Sekura"
"61","Kalimantan Barat","61.01","Kabupaten Sambas","61.01.02","Teluk Keramat","61.01.02.2003","Tri Mandayan"
"61","Kalimantan Barat","61.01","Kabupaten Sambas","61.01.02","Teluk Keramat","61.01.02.2004","Pedada"
"61","Kalimantan Barat","61.01","Kabupaten Sambas","61.01.02","Teluk Keramat","61.01.02.2005","Lela"
"61","Kalimantan Barat","61.01","Kabupaten Sambas","61.01.02","Teluk Keramat","61.01.02.2006","Puringan"
"61","Kalimantan Barat","61.01","Kabupaten Sambas","61.01.02","Teluk Keramat","61.01.02.2007","Berlimang"
"61","Kalimantan Barat","61.01","Kabupaten Sambas","61.01.02","Teluk Keramat","61.01.02.2008","Sungai Baru"
"61","Kalimantan Barat","61.01","Kabupaten Sambas","61.01.02","Teluk Keramat","61.01.02.2009","Sengawang"
"61","Kalimantan Barat","61.01","Kabupaten Sambas","61.01.02","Teluk Keramat","61.01.02.2010","Teluk Kaseh"
"61","Kalimantan Barat","61.01","Kabupaten Sambas","61.01.02","Teluk Keramat","61.01.02.2011","Sepadu"
"61","Kalimantan Barat","61.01","Kabupaten Sambas","61.01.02","Teluk Keramat","61.01.02.2012","Tambatan"
"61","Kalimantan Barat","61.01","Kabupaten Sambas","61.01.02","Teluk Keramat","61.01.02.2013","Kubangga"
"61","Kalimantan Barat","61.01","Kabupaten Sambas","61.01.02","Teluk Keramat","61.01.02.2020","Sungai Serabek"
"61","Kalimantan Barat","61.01","Kabupaten Sambas","61.01.02","Teluk Keramat","61.01.02.2021","Sayang Sedayu"
"61","Kalimantan Barat","61.01","Kabupaten Sambas","61.01.02","Teluk Keramat","61.01.02.2022","Pipit Teja"
"61","Kalimantan Barat","61.01","Kabupaten Sambas","61.01.02","Teluk Keramat","61.01.02.2024","Matang Segantar"
"61","Kalimantan Barat","61.01","Kabupaten Sambas","61.01.02","Teluk Keramat","61.01.02.2025","Mulia"
"61","Kalimantan Barat","61.01","Kabupaten Sambas","61.01.02","Teluk Keramat","61.01.02.2026","Teluk Kembang"
"61","Kalimantan Barat","61.01","Kabupaten Sambas","61.01.02","Teluk Keramat","61.01.02.2027","Samustida"
"61","Kalimantan Barat","61.01","Kabupaten Sambas","61.01.02","Teluk Keramat","61.01.02.2028","Tanjung Keracut"
"61","Kalimantan Barat","61.01","Kabupaten Sambas","61.01.02","Teluk Keramat","61.01.02.2029","Sebagu"
"61","Kalimantan Barat","61.01","Kabupaten Sambas","61.01.02","Teluk Keramat","61.01.02.2030","Mekar Sekuntum"
"61","Kalimantan Barat","61.01","Kabupaten Sambas","61.01.02","Teluk Keramat","61.01.02.2031","Kuala Pangkalan Keramat"
"61","Kalimantan Barat","61.01","Kabupaten Sambas","61.01.02","Teluk Keramat","61.01.02.2032","Sabing"
"61","Kalimantan Barat","61.01","Kabupaten Sambas","61.01.03","Jawai","61.01.03.2001","Sarang Burung Danau"
"61","Kalimantan Barat","61.01","Kabupaten Sambas","61.01.03","Jawai","61.01.03.2002","Sungai Nilam"
"61","Kalimantan Barat","61.01","Kabupaten Sambas","61.01.03","Jawai","61.01.03.2003","Sarang Burung Kolam"
"61","Kalimantan Barat","61.01","Kabupaten Sambas","61.01.03","Jawai","61.01.03.2004","Sarang Burung Usrat"
"61","Kalimantan Barat","61.01","Kabupaten Sambas","61.01.03","Jawai","61.01.03.2005","Sarang Burung Kuala"
"61","Kalimantan Barat","61.01","Kabupaten Sambas","61.01.03","Jawai","61.01.03.2006","Pelimpaan"
"61","Kalimantan Barat","61.01","Kabupaten Sambas","61.01.03","Jawai","61.01.03.2007","Parit Setia"
"61","Kalimantan Barat","61.01","Kabupaten Sambas","61.01.03","Jawai","61.01.03.2008","Bakau"
"61","Kalimantan Barat","61.01","Kabupaten Sambas","61.01.03","Jawai","61.01.03.2009","Sungai Nyirih"
"61","Kalimantan Barat","61.01","Kabupaten Sambas","61.01.03","Jawai","61.01.03.2010","Sentebang"
"61","Kalimantan Barat","61.01","Kabupaten Sambas","61.01.03","Jawai","61.01.03.2011","Dungun Laut"
"61","Kalimantan Barat","61.01","Kabupaten Sambas","61.01.03","Jawai","61.01.03.2021","Lambau"
"61","Kalimantan Barat","61.01","Kabupaten Sambas","61.01.03","Jawai","61.01.03.2022","Mutus Darussalam"
"61","Kalimantan Barat","61.01","Kabupaten Sambas","61.01.04","Tebas","61.01.04.2001","Tebas Kuala"
"61","Kalimantan Barat","61.01","Kabupaten Sambas","61.01.04","Tebas","61.01.04.2002","Tebas Sungai"
"61","Kalimantan Barat","61.01","Kabupaten Sambas","61.01.04","Tebas","61.01.04.2003","Sempalai"
"61","Kalimantan Barat","61.01","Kabupaten Sambas","61.01.04","Tebas","61.01.04.2004","Bekut"
"61","Kalimantan Barat","61.01","Kabupaten Sambas","61.01.04","Tebas","61.01.04.2005","Seberkat"
"61","Kalimantan Barat","61.01","Kabupaten Sambas","61.01.04","Tebas","61.01.04.2006","Sejiram"
"61","Kalimantan Barat","61.01","Kabupaten Sambas","61.01.04","Tebas","61.01.04.2007","Makrampai"
"61","Kalimantan Barat","61.01","Kabupaten Sambas","61.01.04","Tebas","61.01.04.2008","Mekar Sekuntum"
"61","Kalimantan Barat","61.01","Kabupaten Sambas","61.01.04","Tebas","61.01.04.2009","Mensere"
"61","Kalimantan Barat","61.01","Kabupaten Sambas","61.01.04","Tebas","61.01.04.2010","Pusaka"
"61","Kalimantan Barat","61.01","Kabupaten Sambas","61.01.04","Tebas","61.01.04.2011","Segedong"
"61","Kalimantan Barat","61.01","Kabupaten Sambas","61.01.04","Tebas","61.01.04.2012","Sungai Kelambu"
"61","Kalimantan Barat","61.01","Kabupaten Sambas","61.01.04","Tebas","61.01.04.2013","Serumpun Buluh"
"61","Kalimantan Barat","61.01","Kabupaten Sambas","61.01.04","Tebas","61.01.04.2014","Pangkalan Kongsi"
"61","Kalimantan Barat","61.01","Kabupaten Sambas","61.01.04","Tebas","61.01.04.2015","Dungun Perapakan"
"61","Kalimantan Barat","61.01","Kabupaten Sambas","61.01.04","Tebas","61.01.04.2016","Batu Makjage"
"61","Kalimantan Barat","61.01","Kabupaten Sambas","61.01.04","Tebas","61.01.04.2017","Serindang"
"61","Kalimantan Barat","61.01","Kabupaten Sambas","61.01.04","Tebas","61.01.04.2018","Bukit Sigoler"
"61","Kalimantan Barat","61.01","Kabupaten Sambas","61.01.04","Tebas","61.01.04.2019","Matang Labong"
"61","Kalimantan Barat","61.01","Kabupaten Sambas","61.01.04","Tebas","61.01.04.2020","Maktangguk"
"61","Kalimantan Barat","61.01","Kabupaten Sambas","61.01.04","Tebas","61.01.04.2021","Segarau Parit"
"61","Kalimantan Barat","61.01","Kabupaten Sambas","61.01.04","Tebas","61.01.04.2022","Maribas"
"61","Kalimantan Barat","61.01","Kabupaten Sambas","61.01.04","Tebas","61.01.04.2023","Seret Ayon"
"61","Kalimantan Barat","61.01","Kabupaten Sambas","61.01.05","Pemangkat","61.01.05.2001","Pemangkat Kota"
"61","Kalimantan Barat","61.01","Kabupaten Sambas","61.01.05","Pemangkat","61.01.05.2002","Harapan"
"61","Kalimantan Barat","61.01","Kabupaten Sambas","61.01.05","Pemangkat","61.01.05.2003","Penjajap"
"61","Kalimantan Barat","61.01","Kabupaten Sambas","61.01.05","Pemangkat","61.01.05.2005","Jelutung"
"61","Kalimantan Barat","61.01","Kabupaten Sambas","61.01.05","Pemangkat","61.01.05.2013","Perapakan"
"61","Kalimantan Barat","61.01","Kabupaten Sambas","61.01.05","Pemangkat","61.01.05.2016","Sebatuan"
"61","Kalimantan Barat","61.01","Kabupaten Sambas","61.01.05","Pemangkat","61.01.05.2017","Gugah Sejahtera"
"61","Kalimantan Barat","61.01","Kabupaten Sambas","61.01.05","Pemangkat","61.01.05.2018","Lonam"
"61","Kalimantan Barat","61.01","Kabupaten Sambas","61.01.06","Sejangkung","61.01.06.2001","Sulung"
"61","Kalimantan Barat","61.01","Kabupaten Sambas","61.01.06","Sejangkung","61.01.06.2002","Penakalan"
"61","Kalimantan Barat","61.01","Kabupaten Sambas","61.01.06","Sejangkung","61.01.06.2003","Sekuduk"
"61","Kalimantan Barat","61.01","Kabupaten Sambas","61.01.06","Sejangkung","61.01.06.2004","Setalik"
"61","Kalimantan Barat","61.01","Kabupaten Sambas","61.01.06","Sejangkung","61.01.06.2005","Parit Raja"
"61","Kalimantan Barat","61.01","Kabupaten Sambas","61.01.06","Sejangkung","61.01.06.2006","Piantus"
"61","Kalimantan Barat","61.01","Kabupaten Sambas","61.01.06","Sejangkung","61.01.06.2007","Perigi Landu"
"61","Kalimantan Barat","61.01","Kabupaten Sambas","61.01.06","Sejangkung","61.01.06.2008","Sendoyan"
"61","Kalimantan Barat","61.01","Kabupaten Sambas","61.01.06","Sejangkung","61.01.06.2009","Senujuh"
"61","Kalimantan Barat","61.01","Kabupaten Sambas","61.01.06","Sejangkung","61.01.06.2010","Perigi Limus"
"61","Kalimantan Barat","61.01","Kabupaten Sambas","61.01.06","Sejangkung","61.01.06.2011","Semanga"
"61","Kalimantan Barat","61.01","Kabupaten Sambas","61.01.06","Sejangkung","61.01.06.2012","Sepantai"
"61","Kalimantan Barat","61.01","Kabupaten Sambas","61.01.07","Selakau","61.01.07.2001","Semelagi Besar"
"61","Kalimantan Barat","61.01","Kabupaten Sambas","61.01.07","Selakau","61.01.07.2002","Sungai Daun"
"61","Kalimantan Barat","61.01","Kabupaten Sambas","61.01.07","Selakau","61.01.07.2003","Sungai Rusa"
"61","Kalimantan Barat","61.01","Kabupaten Sambas","61.01.07","Selakau","61.01.07.2004","Sungai Nyirih"
"61","Kalimantan Barat","61.01","Kabupaten Sambas","61.01.07","Selakau","61.01.07.2005","Kuala"
"61","Kalimantan Barat","61.01","Kabupaten Sambas","61.01.07","Selakau","61.01.07.2006","Parit Baru"
"61","Kalimantan Barat","61.01","Kabupaten Sambas","61.01.07","Selakau","61.01.07.2007","Twi Mentibar"
"61","Kalimantan Barat","61.01","Kabupaten Sambas","61.01.07","Selakau","61.01.07.2008","Bentunai"
"61","Kalimantan Barat","61.01","Kabupaten Sambas","61.01.07","Selakau","61.01.07.2013","Pangkalan Bemban"
"61","Kalimantan Barat","61.01","Kabupaten Sambas","61.01.07","Selakau","61.01.07.2014","Parit Kongsi"
"61","Kalimantan Barat","61.01","Kabupaten Sambas","61.01.07","Selakau","61.01.07.2015","Gayung Bersambut"
"61","Kalimantan Barat","61.01","Kabupaten Sambas","61.01.08","Paloh","61.01.08.2001","Sebubus"
"61","Kalimantan Barat","61.01","Kabupaten Sambas","61.01.08","Paloh","61.01.08.2002","Nibung"
"61","Kalimantan Barat","61.01","Kabupaten Sambas","61.01.08","Paloh","61.01.08.2003","Malek"
"61","Kalimantan Barat","61.01","Kabupaten Sambas","61.01.08","Paloh","61.01.08.2004","Tanah Hitam"
"61","Kalimantan Barat","61.01","Kabupaten Sambas","61.01.08","Paloh","61.01.08.2005","Matang Danau"
"61","Kalimantan Barat","61.01","Kabupaten Sambas","61.01.08","Paloh","61.01.08.2006","Kalimantan"
"61","Kalimantan Barat","61.01","Kabupaten Sambas","61.01.08","Paloh","61.01.08.2007","Temajuk"
"61","Kalimantan Barat","61.01","Kabupaten Sambas","61.01.08","Paloh","61.01.08.2008","Mentibar"
"61","Kalimantan Barat","61.01","Kabupaten Sambas","61.01.09","Sajingan Besar","61.01.09.2001","Kaliau'"
"61","Kalimantan Barat","61.01","Kabupaten Sambas","61.01.09","Sajingan Besar","61.01.09.2002","Sebunga"
"61","Kalimantan Barat","61.01","Kabupaten Sambas","61.01.09","Sajingan Besar","61.01.09.2003","Santaban"
"61","Kalimantan Barat","61.01","Kabupaten Sambas","61.01.09","Sajingan Besar","61.01.09.2004","Sanatab"
"61","Kalimantan Barat","61.01","Kabupaten Sambas","61.01.09","Sajingan Besar","61.01.09.2005","Sungai Bening"
"61","Kalimantan Barat","61.01","Kabupaten Sambas","61.01.10","Subah","61.01.10.2001","Balai Gemuruh"
"61","Kalimantan Barat","61.01","Kabupaten Sambas","61.01.10","Subah","61.01.10.2002","Sungai Sapa'"
"61","Kalimantan Barat","61.01","Kabupaten Sambas","61.01.10","Subah","61.01.10.2003","Madak"
"61","Kalimantan Barat","61.01","Kabupaten Sambas","61.01.10","Subah","61.01.10.2004","Sabung"
"61","Kalimantan Barat","61.01","Kabupaten Sambas","61.01.10","Subah","61.01.10.2005","Tebuah Elok"
"61","Kalimantan Barat","61.01","Kabupaten Sambas","61.01.10","Subah","61.01.10.2006","Sungai Deden"
"61","Kalimantan Barat","61.01","Kabupaten Sambas","61.01.10","Subah","61.01.10.2007","Bukit Mulya"
"61","Kalimantan Barat","61.01","Kabupaten Sambas","61.01.10","Subah","61.01.10.2008","Mukti Raharja"
"61","Kalimantan Barat","61.01","Kabupaten Sambas","61.01.10","Subah","61.01.10.2009","Sempurna"
"61","Kalimantan Barat","61.01","Kabupaten Sambas","61.01.10","Subah","61.01.10.2010","Mensade"
"61","Kalimantan Barat","61.01","Kabupaten Sambas","61.01.10","Subah","61.01.10.2011","Karaban Jaya"
"61","Kalimantan Barat","61.01","Kabupaten Sambas","61.01.10","Subah","61.01.10.2012","Arga Pura"
"61","Kalimantan Barat","61.01","Kabupaten Sambas","61.01.10","Subah","61.01.10.2013","Sapak Hulu Trans"
"61","Kalimantan Barat","61.01","Kabupaten Sambas","61.01.11","Galing","61.01.11.2001","Sagu"
"61","Kalimantan Barat","61.01","Kabupaten Sambas","61.01.11","Galing","61.01.11.2002","Sungai Palah"
"61","Kalimantan Barat","61.01","Kabupaten Sambas","61.01.11","Galing","61.01.11.2003","Galing"
"61","Kalimantan Barat","61.01","Kabupaten Sambas","61.01.11","Galing","61.01.11.2004","Tempapan Kuala"
"61","Kalimantan Barat","61.01","Kabupaten Sambas","61.01.11","Galing","61.01.11.2005","Tempapan Hulu"
"61","Kalimantan Barat","61.01","Kabupaten Sambas","61.01.11","Galing","61.01.11.2006","Ratu Sepudak"
"61","Kalimantan Barat","61.01","Kabupaten Sambas","61.01.11","Galing","61.01.11.2007","Tri Kembang"
"61","Kalimantan Barat","61.01","Kabupaten Sambas","61.01.11","Galing","61.01.11.2008","Tri Gadu"
"61","Kalimantan Barat","61.01","Kabupaten Sambas","61.01.11","Galing","61.01.11.2009","Teluk Pandan"
"61","Kalimantan Barat","61.01","Kabupaten Sambas","61.01.11","Galing","61.01.11.2010","Sijang"
"61","Kalimantan Barat","61.01","Kabupaten Sambas","61.01.12","Tekarang","61.01.12.2001","Tekarang"
"61","Kalimantan Barat","61.01","Kabupaten Sambas","61.01.12","Tekarang","61.01.12.2002","Merubung"
"61","Kalimantan Barat","61.01","Kabupaten Sambas","61.01.12","Tekarang","61.01.12.2003","Cepala"
"61","Kalimantan Barat","61.01","Kabupaten Sambas","61.01.12","Tekarang","61.01.12.2004","Sari Makmur"
"61","Kalimantan Barat","61.01","Kabupaten Sambas","61.01.12","Tekarang","61.01.12.2005","Rambayan"
"61","Kalimantan Barat","61.01","Kabupaten Sambas","61.01.12","Tekarang","61.01.12.2006","Sempadian"
"61","Kalimantan Barat","61.01","Kabupaten Sambas","61.01.12","Tekarang","61.01.12.2007","Matang Segarau"
"61","Kalimantan Barat","61.01","Kabupaten Sambas","61.01.13","Semparuk","61.01.13.2001","Singaraya"
"61","Kalimantan Barat","61.01","Kabupaten Sambas","61.01.13","Semparuk","61.01.13.2002","Semparuk"
"61","Kalimantan Barat","61.01","Kabupaten Sambas","61.01.13","Semparuk","61.01.13.2003","Sepinggan"
"61","Kalimantan Barat","61.01","Kabupaten Sambas","61.01.13","Semparuk","61.01.13.2004","Sepadu"
"61","Kalimantan Barat","61.01","Kabupaten Sambas","61.01.13","Semparuk","61.01.13.2005","Seburing"
"61","Kalimantan Barat","61.01","Kabupaten Sambas","61.01.14","Sajad","61.01.14.2001","Jirak"
"61","Kalimantan Barat","61.01","Kabupaten Sambas","61.01.14","Sajad","61.01.14.2002","Tengguli"
"61","Kalimantan Barat","61.01","Kabupaten Sambas","61.01.14","Sajad","61.01.14.2003","Mekar Jaya"
"61","Kalimantan Barat","61.01","Kabupaten Sambas","61.01.14","Sajad","61.01.14.2004","Beringin"
"61","Kalimantan Barat","61.01","Kabupaten Sambas","61.01.15","Sebawi","61.01.15.2001","Rantau Panjang"
"61","Kalimantan Barat","61.01","Kabupaten Sambas","61.01.15","Sebawi","61.01.15.2002","Tebing Batu"
"61","Kalimantan Barat","61.01","Kabupaten Sambas","61.01.15","Sebawi","61.01.15.2003","Sebawi"
"61","Kalimantan Barat","61.01","Kabupaten Sambas","61.01.15","Sebawi","61.01.15.2004","Sepuk Tanjung"
"61","Kalimantan Barat","61.01","Kabupaten Sambas","61.01.15","Sebawi","61.01.15.2005","Sebangun"
"61","Kalimantan Barat","61.01","Kabupaten Sambas","61.01.15","Sebawi","61.01.15.2006","Sempalai Sebedang"
"61","Kalimantan Barat","61.01","Kabupaten Sambas","61.01.15","Sebawi","61.01.15.2007","Tempatan"
"61","Kalimantan Barat","61.01","Kabupaten Sambas","61.01.16","Jawai Selatan","61.01.16.2001","Jawai Laut"
"61","Kalimantan Barat","61.01","Kabupaten Sambas","61.01.16","Jawai Selatan","61.01.16.2002","Jelu Air"
"61","Kalimantan Barat","61.01","Kabupaten Sambas","61.01.16","Jawai Selatan","61.01.16.2003","Matang Terap"
"61","Kalimantan Barat","61.01","Kabupaten Sambas","61.01.16","Jawai Selatan","61.01.16.2004","Suah Api"
"61","Kalimantan Barat","61.01","Kabupaten Sambas","61.01.16","Jawai Selatan","61.01.16.2005","Sarilaba A"
"61","Kalimantan Barat","61.01","Kabupaten Sambas","61.01.16","Jawai Selatan","61.01.16.2006","Sarilaba B"
"61","Kalimantan Barat","61.01","Kabupaten Sambas","61.01.16","Jawai Selatan","61.01.16.2007","Semperiuk A"
"61","Kalimantan Barat","61.01","Kabupaten Sambas","61.01.16","Jawai Selatan","61.01.16.2008","Semperiuk B"
"61","Kalimantan Barat","61.01","Kabupaten Sambas","61.01.16","Jawai Selatan","61.01.16.2009","Sabaran"
"61","Kalimantan Barat","61.01","Kabupaten Sambas","61.01.17","Tangaran","61.01.17.2001","Tangaran"
"61","Kalimantan Barat","61.01","Kabupaten Sambas","61.01.17","Tangaran","61.01.17.2002","Simpang Empat"
"61","Kalimantan Barat","61.01","Kabupaten Sambas","61.01.17","Tangaran","61.01.17.2003","Merabuan"
"61","Kalimantan Barat","61.01","Kabupaten Sambas","61.01.17","Tangaran","61.01.17.2004","Semata"
"61","Kalimantan Barat","61.01","Kabupaten Sambas","61.01.17","Tangaran","61.01.17.2005","Merpati"
"61","Kalimantan Barat","61.01","Kabupaten Sambas","61.01.17","Tangaran","61.01.17.2006","Pancur"
"61","Kalimantan Barat","61.01","Kabupaten Sambas","61.01.17","Tangaran","61.01.17.2007","Arung Parak"
"61","Kalimantan Barat","61.01","Kabupaten Sambas","61.01.17","Tangaran","61.01.17.2008","Arung Medang"
"61","Kalimantan Barat","61.01","Kabupaten Sambas","61.01.18","Salatiga","61.01.18.2001","Parit Baru"
"61","Kalimantan Barat","61.01","Kabupaten Sambas","61.01.18","Salatiga","61.01.18.2002","Sungai Toman"
"61","Kalimantan Barat","61.01","Kabupaten Sambas","61.01.18","Salatiga","61.01.18.2003","Serunai"
"61","Kalimantan Barat","61.01","Kabupaten Sambas","61.01.18","Salatiga","61.01.18.2004","Serumpun"
"61","Kalimantan Barat","61.01","Kabupaten Sambas","61.01.18","Salatiga","61.01.18.2005","Salatiga"
"61","Kalimantan Barat","61.01","Kabupaten Sambas","61.01.19","Selakau Timur","61.01.19.2001","Gelik"
"61","Kalimantan Barat","61.01","Kabupaten Sambas","61.01.19","Selakau Timur","61.01.19.2002","Seranggam"
"61","Kalimantan Barat","61.01","Kabupaten Sambas","61.01.19","Selakau Timur","61.01.19.2003","Selakau Tua"
"61","Kalimantan Barat","61.01","Kabupaten Sambas","61.01.19","Selakau Timur","61.01.19.2004","Buduk Sempadang"
"61","Kalimantan Barat","61.02","Kabupaten Mempawah","61.02.01","Mempawah Hilir","61.02.01.1006","Tanjung"
"61","Kalimantan Barat","61.02","Kabupaten Mempawah","61.02.01","Mempawah Hilir","61.02.01.1007","Tengah"
"61","Kalimantan Barat","61.02","Kabupaten Mempawah","61.02.01","Mempawah Hilir","61.02.01.1009","Terusan"
"61","Kalimantan Barat","61.02","Kabupaten Mempawah","61.02.01","Mempawah Hilir","61.02.01.2001","Sengkubang"
"61","Kalimantan Barat","61.02","Kabupaten Mempawah","61.02.01","Mempawah Hilir","61.02.01.2002","Penibung"
"61","Kalimantan Barat","61.02","Kabupaten Mempawah","61.02.01","Mempawah Hilir","61.02.01.2003","Pasir"
"61","Kalimantan Barat","61.02","Kabupaten Mempawah","61.02.01","Mempawah Hilir","61.02.01.2013","Kuala Secapah"
"61","Kalimantan Barat","61.02","Kabupaten Mempawah","61.02.01","Mempawah Hilir","61.02.01.2015","Malikian"
"61","Kalimantan Barat","61.02","Kabupaten Mempawah","61.02.06","Toho","61.02.06.2001","Toho Ilir"
"61","Kalimantan Barat","61.02","Kabupaten Mempawah","61.02.06","Toho","61.02.06.2002","Pak Laheng"
"61","Kalimantan Barat","61.02","Kabupaten Mempawah","61.02.06","Toho","61.02.06.2003","Kecurit"
"61","Kalimantan Barat","61.02","Kabupaten Mempawah","61.02.06","Toho","61.02.06.2004","Terap"
"61","Kalimantan Barat","61.02","Kabupaten Mempawah","61.02.06","Toho","61.02.06.2005","Sepang"
"61","Kalimantan Barat","61.02","Kabupaten Mempawah","61.02.06","Toho","61.02.06.2006","Pak Utan"
"61","Kalimantan Barat","61.02","Kabupaten Mempawah","61.02.06","Toho","61.02.06.2007","Benuang"
"61","Kalimantan Barat","61.02","Kabupaten Mempawah","61.02.06","Toho","61.02.06.2008","Sambora"
"61","Kalimantan Barat","61.02","Kabupaten Mempawah","61.02.07","Sungai Pinyuh","61.02.07.1011","Sungai Pinyuh"
"61","Kalimantan Barat","61.02","Kabupaten Mempawah","61.02.07","Sungai Pinyuh","61.02.07.2001","Sungai Rasau"
"61","Kalimantan Barat","61.02","Kabupaten Mempawah","61.02.07","Sungai Pinyuh","61.02.07.2002","Sungai Bakau Besar Darat"
"61","Kalimantan Barat","61.02","Kabupaten Mempawah","61.02.07","Sungai Pinyuh","61.02.07.2003","Sungai Purun Kecil"
"61","Kalimantan Barat","61.02","Kabupaten Mempawah","61.02.07","Sungai Pinyuh","61.02.07.2004","Sungai Bakau Besar Laut"
"61","Kalimantan Barat","61.02","Kabupaten Mempawah","61.02.07","Sungai Pinyuh","61.02.07.2005","Sungai Batang"
"61","Kalimantan Barat","61.02","Kabupaten Mempawah","61.02.07","Sungai Pinyuh","61.02.07.2006","Peniraman"
"61","Kalimantan Barat","61.02","Kabupaten Mempawah","61.02.07","Sungai Pinyuh","61.02.07.2007","Nusapati"
"61","Kalimantan Barat","61.02","Kabupaten Mempawah","61.02.07","Sungai Pinyuh","61.02.07.2008","Galang"
"61","Kalimantan Barat","61.02","Kabupaten Mempawah","61.02.08","Jongkat","61.02.08.2001","Wajok Hilir"
"61","Kalimantan Barat","61.02","Kabupaten Mempawah","61.02.08","Jongkat","61.02.08.2002","Sungai Nipah"
"61","Kalimantan Barat","61.02","Kabupaten Mempawah","61.02.08","Jongkat","61.02.08.2006","Peniti Luar"
"61","Kalimantan Barat","61.02","Kabupaten Mempawah","61.02.08","Jongkat","61.02.08.2009","Wajok Hulu"
"61","Kalimantan Barat","61.02","Kabupaten Mempawah","61.02.08","Jongkat","61.02.08.2010","Jungkat"
"61","Kalimantan Barat","61.02","Kabupaten Mempawah","61.02.12","Sungai Kunyit","61.02.12.2001","Sungai Duri I"
"61","Kalimantan Barat","61.02","Kabupaten Mempawah","61.02.12","Sungai Kunyit","61.02.12.2002","Sungai Duri II"
"61","Kalimantan Barat","61.02","Kabupaten Mempawah","61.02.12","Sungai Kunyit","61.02.12.2003","Bukit Batu"
"61","Kalimantan Barat","61.02","Kabupaten Mempawah","61.02.12","Sungai Kunyit","61.02.12.2004","Sungai Bundung Laut"
"61","Kalimantan Barat","61.02","Kabupaten Mempawah","61.02.12","Sungai Kunyit","61.02.12.2005","Sungai Kunyit Laut"
"61","Kalimantan Barat","61.02","Kabupaten Mempawah","61.02.12","Sungai Kunyit","61.02.12.2006","Sungai Kunyit Dalam"
"61","Kalimantan Barat","61.02","Kabupaten Mempawah","61.02.12","Sungai Kunyit","61.02.12.2007","Sungai Kunyit Hulu"
"61","Kalimantan Barat","61.02","Kabupaten Mempawah","61.02.12","Sungai Kunyit","61.02.12.2008","Sungai Limau"
"61","Kalimantan Barat","61.02","Kabupaten Mempawah","61.02.12","Sungai Kunyit","61.02.12.2009","Sungai Dungun"
"61","Kalimantan Barat","61.02","Kabupaten Mempawah","61.02.12","Sungai Kunyit","61.02.12.2010","Mendalok"
"61","Kalimantan Barat","61.02","Kabupaten Mempawah","61.02.12","Sungai Kunyit","61.02.12.2011","Semparong Parit Raden"
"61","Kalimantan Barat","61.02","Kabupaten Mempawah","61.02.12","Sungai Kunyit","61.02.12.2012","Semudun"
"61","Kalimantan Barat","61.02","Kabupaten Mempawah","61.02.15","Segedong","61.02.15.2001","Peniti Besar"
"61","Kalimantan Barat","61.02","Kabupaten Mempawah","61.02.15","Segedong","61.02.15.2002","Sungai Purun Besar"
"61","Kalimantan Barat","61.02","Kabupaten Mempawah","61.02.15","Segedong","61.02.15.2003","Parit Bugis"
"61","Kalimantan Barat","61.02","Kabupaten Mempawah","61.02.15","Segedong","61.02.15.2004","Peniti Dalam I"
"61","Kalimantan Barat","61.02","Kabupaten Mempawah","61.02.15","Segedong","61.02.15.2005","Peniti Dalam II"
"61","Kalimantan Barat","61.02","Kabupaten Mempawah","61.02.15","Segedong","61.02.15.2006","Sungai Burung"
"61","Kalimantan Barat","61.02","Kabupaten Mempawah","61.02.16","Anjongan","61.02.16.1001","Anjungan Melancar"
"61","Kalimantan Barat","61.02","Kabupaten Mempawah","61.02.16","Anjongan","61.02.16.2002","Anjungan Dalam"
"61","Kalimantan Barat","61.02","Kabupaten Mempawah","61.02.16","Anjongan","61.02.16.2003","Kepayang"
"61","Kalimantan Barat","61.02","Kabupaten Mempawah","61.02.16","Anjongan","61.02.16.2004","Pak Bulu"
"61","Kalimantan Barat","61.02","Kabupaten Mempawah","61.02.16","Anjongan","61.02.16.2005","Dema"
"61","Kalimantan Barat","61.02","Kabupaten Mempawah","61.02.17","Sadaniang","61.02.17.2001","Sekabuk"
"61","Kalimantan Barat","61.02","Kabupaten Mempawah","61.02.17","Sadaniang","61.02.17.2002","Pentek"
"61","Kalimantan Barat","61.02","Kabupaten Mempawah","61.02.17","Sadaniang","61.02.17.2003","Bum-bun"
"61","Kalimantan Barat","61.02","Kabupaten Mempawah","61.02.17","Sadaniang","61.02.17.2004","Amawang"
"61","Kalimantan Barat","61.02","Kabupaten Mempawah","61.02.17","Sadaniang","61.02.17.2005","Ansiap"
"61","Kalimantan Barat","61.02","Kabupaten Mempawah","61.02.17","Sadaniang","61.02.17.2006","Suak Barangan"
"61","Kalimantan Barat","61.02","Kabupaten Mempawah","61.02.18","Mempawah Timur","61.02.18.1001","Pulau Pedalaman"
"61","Kalimantan Barat","61.02","Kabupaten Mempawah","61.02.18","Mempawah Timur","61.02.18.1002","Pasir Wan Salim"
"61","Kalimantan Barat","61.02","Kabupaten Mempawah","61.02.18","Mempawah Timur","61.02.18.2003","Antibar"
"61","Kalimantan Barat","61.02","Kabupaten Mempawah","61.02.18","Mempawah Timur","61.02.18.2004","Sejegi"
"61","Kalimantan Barat","61.02","Kabupaten Mempawah","61.02.18","Mempawah Timur","61.02.18.2005","Pasir Palembang"
"61","Kalimantan Barat","61.02","Kabupaten Mempawah","61.02.18","Mempawah Timur","61.02.18.2006","Pasir Panjang"
"61","Kalimantan Barat","61.02","Kabupaten Mempawah","61.02.18","Mempawah Timur","61.02.18.2007","Sungai Bakau Kecil"
"61","Kalimantan Barat","61.02","Kabupaten Mempawah","61.02.18","Mempawah Timur","61.02.18.2008","Parit Banjar"
"61","Kalimantan Barat","61.03","Kabupaten Sanggau","61.03.01","Kapuas","61.03.01.1001","Tanjung Kapuas"
"61","Kalimantan Barat","61.03","Kabupaten Sanggau","61.03.01","Kapuas","61.03.01.1002","Tanjung Sekayam"
"61","Kalimantan Barat","61.03","Kabupaten Sanggau","61.03.01","Kapuas","61.03.01.1003","Sungai Sengkuang"
"61","Kalimantan Barat","61.03","Kabupaten Sanggau","61.03.01","Kapuas","61.03.01.1004","Ilir Kota"
"61","Kalimantan Barat","61.03","Kabupaten Sanggau","61.03.01","Kapuas","61.03.01.1005","Beringin"
"61","Kalimantan Barat","61.03","Kabupaten Sanggau","61.03.01","Kapuas","61.03.01.1006","Bunut"
"61","Kalimantan Barat","61.03","Kabupaten Sanggau","61.03.01","Kapuas","61.03.01.2007","Penyeladi"
"61","Kalimantan Barat","61.03","Kabupaten Sanggau","61.03.01","Kapuas","61.03.01.2008","Nanga Biang"
"61","Kalimantan Barat","61.03","Kabupaten Sanggau","61.03.01","Kapuas","61.03.01.2009","Rambin"
"61","Kalimantan Barat","61.03","Kabupaten Sanggau","61.03.01","Kapuas","61.03.01.2010","Entakai"
"61","Kalimantan Barat","61.03","Kabupaten Sanggau","61.03.01","Kapuas","61.03.01.2011","Pana"
"61","Kalimantan Barat","61.03","Kabupaten Sanggau","61.03.01","Kapuas","61.03.01.2012","Mengkiang"
"61","Kalimantan Barat","61.03","Kabupaten Sanggau","61.03.01","Kapuas","61.03.01.2013","Kambong"
"61","Kalimantan Barat","61.03","Kabupaten Sanggau","61.03.01","Kapuas","61.03.01.2014","Sungai Mawang"
"61","Kalimantan Barat","61.03","Kabupaten Sanggau","61.03.01","Kapuas","61.03.01.2015","Lape"
"61","Kalimantan Barat","61.03","Kabupaten Sanggau","61.03.01","Kapuas","61.03.01.2016","Penyalimau"
"61","Kalimantan Barat","61.03","Kabupaten Sanggau","61.03.01","Kapuas","61.03.01.2017","Sungai Alai"
"61","Kalimantan Barat","61.03","Kabupaten Sanggau","61.03.01","Kapuas","61.03.01.2018","Semerangkai"
"61","Kalimantan Barat","61.03","Kabupaten Sanggau","61.03.01","Kapuas","61.03.01.2019","Sungai Batu"
"61","Kalimantan Barat","61.03","Kabupaten Sanggau","61.03.01","Kapuas","61.03.01.2020","Sungai Muntik"
"61","Kalimantan Barat","61.03","Kabupaten Sanggau","61.03.01","Kapuas","61.03.01.2021","Lintang Kapuas"
"61","Kalimantan Barat","61.03","Kabupaten Sanggau","61.03.01","Kapuas","61.03.01.2022","Lintang Pelaman"
"61","Kalimantan Barat","61.03","Kabupaten Sanggau","61.03.01","Kapuas","61.03.01.2023","Belangin"
"61","Kalimantan Barat","61.03","Kabupaten Sanggau","61.03.01","Kapuas","61.03.01.2024","Penyalimau Jaya"
"61","Kalimantan Barat","61.03","Kabupaten Sanggau","61.03.01","Kapuas","61.03.01.2025","Tapang Dulang"
"61","Kalimantan Barat","61.03","Kabupaten Sanggau","61.03.01","Kapuas","61.03.01.2026","Botuh Lintang"
"61","Kalimantan Barat","61.03","Kabupaten Sanggau","61.03.02","Mukok","61.03.02.2001","Kedukul"
"61","Kalimantan Barat","61.03","Kabupaten Sanggau","61.03.02","Mukok","61.03.02.2002","Semuntai"
"61","Kalimantan Barat","61.03","Kabupaten Sanggau","61.03.02","Mukok","61.03.02.2003","Engkode"
"61","Kalimantan Barat","61.03","Kabupaten Sanggau","61.03.02","Mukok","61.03.02.2004","Sungai Mawang"
"61","Kalimantan Barat","61.03","Kabupaten Sanggau","61.03.02","Mukok","61.03.02.2005","Inggis"
"61","Kalimantan Barat","61.03","Kabupaten Sanggau","61.03.02","Mukok","61.03.02.2006","Layak Omang"
"61","Kalimantan Barat","61.03","Kabupaten Sanggau","61.03.02","Mukok","61.03.02.2007","Semanggis Raya"
"61","Kalimantan Barat","61.03","Kabupaten Sanggau","61.03.02","Mukok","61.03.02.2008","Tri Mulya"
"61","Kalimantan Barat","61.03","Kabupaten Sanggau","61.03.02","Mukok","61.03.02.2009","Serambai Jaya"
"61","Kalimantan Barat","61.03","Kabupaten Sanggau","61.03.03","Noyan","61.03.03.2001","Noyan"
"61","Kalimantan Barat","61.03","Kabupaten Sanggau","61.03.03","Noyan","61.03.03.2002","Empoto"
"61","Kalimantan Barat","61.03","Kabupaten Sanggau","61.03.03","Noyan","61.03.03.2003","Semongan"
"61","Kalimantan Barat","61.03","Kabupaten Sanggau","61.03.03","Noyan","61.03.03.2004","Sungai Dangin"
"61","Kalimantan Barat","61.03","Kabupaten Sanggau","61.03.03","Noyan","61.03.03.2005","Idas"
"61","Kalimantan Barat","61.03","Kabupaten Sanggau","61.03.04","Jangkang","61.03.04.2001","Balai Sebut"
"61","Kalimantan Barat","61.03","Kabupaten Sanggau","61.03.04","Jangkang","61.03.04.2002","Jangkang Benua"
"61","Kalimantan Barat","61.03","Kabupaten Sanggau","61.03.04","Jangkang","61.03.04.2003","Tanggung"
"61","Kalimantan Barat","61.03","Kabupaten Sanggau","61.03.04","Jangkang","61.03.04.2004","Empiyang"
"61","Kalimantan Barat","61.03","Kabupaten Sanggau","61.03.04","Jangkang","61.03.04.2005","Pisang"
"61","Kalimantan Barat","61.03","Kabupaten Sanggau","61.03.04","Jangkang","61.03.04.2006","Ketori"
"61","Kalimantan Barat","61.03","Kabupaten Sanggau","61.03.04","Jangkang","61.03.04.2007","Semombat"
"61","Kalimantan Barat","61.03","Kabupaten Sanggau","61.03.04","Jangkang","61.03.04.2008","Terati"
"61","Kalimantan Barat","61.03","Kabupaten Sanggau","61.03.04","Jangkang","61.03.04.2009","Sape"
"61","Kalimantan Barat","61.03","Kabupaten Sanggau","61.03.04","Jangkang","61.03.04.2010","Selampung"
"61","Kalimantan Barat","61.03","Kabupaten Sanggau","61.03.04","Jangkang","61.03.04.2011","Semirau"
"61","Kalimantan Barat","61.03","Kabupaten Sanggau","61.03.05","Bonti","61.03.05.2001","Bonti"
"61","Kalimantan Barat","61.03","Kabupaten Sanggau","61.03.05","Bonti","61.03.05.2002","Sami"
"61","Kalimantan Barat","61.03","Kabupaten Sanggau","61.03.05","Bonti","61.03.05.2003","Bahta"
"61","Kalimantan Barat","61.03","Kabupaten Sanggau","61.03.05","Bonti","61.03.05.2004","Upe"
"61","Kalimantan Barat","61.03","Kabupaten Sanggau","61.03.05","Bonti","61.03.05.2005","Tunggul Boyok"
"61","Kalimantan Barat","61.03","Kabupaten Sanggau","61.03.05","Bonti","61.03.05.2006","Empodis"
"61","Kalimantan Barat","61.03","Kabupaten Sanggau","61.03.05","Bonti","61.03.05.2007","Kampuh"
"61","Kalimantan Barat","61.03","Kabupaten Sanggau","61.03.05","Bonti","61.03.05.2008","Bantai"
"61","Kalimantan Barat","61.03","Kabupaten Sanggau","61.03.05","Bonti","61.03.05.2009","Majel"
"61","Kalimantan Barat","61.03","Kabupaten Sanggau","61.03.06","Beduai","61.03.06.2001","Kasro Mego"
"61","Kalimantan Barat","61.03","Kabupaten Sanggau","61.03.06","Beduai","61.03.06.2002","Bereng Berkawat"
"61","Kalimantan Barat","61.03","Kabupaten Sanggau","61.03.06","Beduai","61.03.06.2003","Sungai Ilai"
"61","Kalimantan Barat","61.03","Kabupaten Sanggau","61.03.06","Beduai","61.03.06.2004","Thang Raya"
"61","Kalimantan Barat","61.03","Kabupaten Sanggau","61.03.06","Beduai","61.03.06.2005","Mawang Muda"
"61","Kalimantan Barat","61.03","Kabupaten Sanggau","61.03.07","Sekayam","61.03.07.2001","Balai Karangan"
"61","Kalimantan Barat","61.03","Kabupaten Sanggau","61.03.07","Sekayam","61.03.07.2002","Pengadang"
"61","Kalimantan Barat","61.03","Kabupaten Sanggau","61.03.07","Sekayam","61.03.07.2003","Sotok"
"61","Kalimantan Barat","61.03","Kabupaten Sanggau","61.03.07","Sekayam","61.03.07.2004","Kenaman"
"61","Kalimantan Barat","61.03","Kabupaten Sanggau","61.03.07","Sekayam","61.03.07.2005","Raut Muara"
"61","Kalimantan Barat","61.03","Kabupaten Sanggau","61.03.07","Sekayam","61.03.07.2006","Engkahan"
"61","Kalimantan Barat","61.03","Kabupaten Sanggau","61.03.07","Sekayam","61.03.07.2007","Bungkang"
"61","Kalimantan Barat","61.03","Kabupaten Sanggau","61.03.07","Sekayam","61.03.07.2008","Lubuk Sabuk"
"61","Kalimantan Barat","61.03","Kabupaten Sanggau","61.03.07","Sekayam","61.03.07.2009","Sungai Tekam"
"61","Kalimantan Barat","61.03","Kabupaten Sanggau","61.03.07","Sekayam","61.03.07.2010","Malenggang"
"61","Kalimantan Barat","61.03","Kabupaten Sanggau","61.03.08","Kembayan","61.03.08.2001","Tanjung Bunga"
"61","Kalimantan Barat","61.03","Kabupaten Sanggau","61.03.08","Kembayan","61.03.08.2002","Semayang"
"61","Kalimantan Barat","61.03","Kabupaten Sanggau","61.03.08","Kembayan","61.03.08.2003","Sebongkuh"
"61","Kalimantan Barat","61.03","Kabupaten Sanggau","61.03.08","Kembayan","61.03.08.2004","Kuala Dua"
"61","Kalimantan Barat","61.03","Kabupaten Sanggau","61.03.08","Kembayan","61.03.08.2005","Tanjung Merpati"
"61","Kalimantan Barat","61.03","Kabupaten Sanggau","61.03.08","Kembayan","61.03.08.2006","Sejuah"
"61","Kalimantan Barat","61.03","Kabupaten Sanggau","61.03.08","Kembayan","61.03.08.2007","Mobui"
"61","Kalimantan Barat","61.03","Kabupaten Sanggau","61.03.08","Kembayan","61.03.08.2008","Tanap"
"61","Kalimantan Barat","61.03","Kabupaten Sanggau","61.03.08","Kembayan","61.03.08.2009","Sebuduh"
"61","Kalimantan Barat","61.03","Kabupaten Sanggau","61.03.08","Kembayan","61.03.08.2010","Kelompu"
"61","Kalimantan Barat","61.03","Kabupaten Sanggau","61.03.08","Kembayan","61.03.08.2011","Tunggal Bhakti"
"61","Kalimantan Barat","61.03","Kabupaten Sanggau","61.03.09","Parindu","61.03.09.2001","Pusat Damai"
"61","Kalimantan Barat","61.03","Kabupaten Sanggau","61.03.09","Parindu","61.03.09.2002","Maju Karya"
"61","Kalimantan Barat","61.03","Kabupaten Sanggau","61.03.09","Parindu","61.03.09.2003","Sebarra"
"61","Kalimantan Barat","61.03","Kabupaten Sanggau","61.03.09","Parindu","61.03.09.2004","Pandu Raya"
"61","Kalimantan Barat","61.03","Kabupaten Sanggau","61.03.09","Parindu","61.03.09.2005","Embala"
"61","Kalimantan Barat","61.03","Kabupaten Sanggau","61.03.09","Parindu","61.03.09.2006","Hibun"
"61","Kalimantan Barat","61.03","Kabupaten Sanggau","61.03.09","Parindu","61.03.09.2007","Maringin Jaya"
"61","Kalimantan Barat","61.03","Kabupaten Sanggau","61.03.09","Parindu","61.03.09.2008","Suka Mulya"
"61","Kalimantan Barat","61.03","Kabupaten Sanggau","61.03.09","Parindu","61.03.09.2009","Palem Jaya"
"61","Kalimantan Barat","61.03","Kabupaten Sanggau","61.03.09","Parindu","61.03.09.2010","Rahayu"
"61","Kalimantan Barat","61.03","Kabupaten Sanggau","61.03.09","Parindu","61.03.09.2011","Dosan"
"61","Kalimantan Barat","61.03","Kabupaten Sanggau","61.03.09","Parindu","61.03.09.2012","Suka Gerundi"
"61","Kalimantan Barat","61.03","Kabupaten Sanggau","61.03.09","Parindu","61.03.09.2013","Gunam"
"61","Kalimantan Barat","61.03","Kabupaten Sanggau","61.03.09","Parindu","61.03.09.2014","Marita"
"61","Kalimantan Barat","61.03","Kabupaten Sanggau","61.03.10","Tayan Hulu","61.03.10.2001","Sosok"
"61","Kalimantan Barat","61.03","Kabupaten Sanggau","61.03.10","Tayan Hulu","61.03.10.2002","Peruan Dalam"
"61","Kalimantan Barat","61.03","Kabupaten Sanggau","61.03.10","Tayan Hulu","61.03.10.2003","Menyabo"
"61","Kalimantan Barat","61.03","Kabupaten Sanggau","61.03.10","Tayan Hulu","61.03.10.2004","Mandong"
"61","Kalimantan Barat","61.03","Kabupaten Sanggau","61.03.10","Tayan Hulu","61.03.10.2005","Janjang"
"61","Kalimantan Barat","61.03","Kabupaten Sanggau","61.03.10","Tayan Hulu","61.03.10.2006","Riyai"
"61","Kalimantan Barat","61.03","Kabupaten Sanggau","61.03.10","Tayan Hulu","61.03.10.2007","Berakak"
"61","Kalimantan Barat","61.03","Kabupaten Sanggau","61.03.10","Tayan Hulu","61.03.10.2008","Engkasan"
"61","Kalimantan Barat","61.03","Kabupaten Sanggau","61.03.10","Tayan Hulu","61.03.10.2009","Pandan Sembuat"
"61","Kalimantan Barat","61.03","Kabupaten Sanggau","61.03.10","Tayan Hulu","61.03.10.2010","Binjai"
"61","Kalimantan Barat","61.03","Kabupaten Sanggau","61.03.10","Tayan Hulu","61.03.10.2011","Kedakas"
"61","Kalimantan Barat","61.03","Kabupaten Sanggau","61.03.11","Tayan Hilir","61.03.11.2001","Pulau Tayan Utara"
"61","Kalimantan Barat","61.03","Kabupaten Sanggau","61.03.11","Tayan Hilir","61.03.11.2002","Kawat"
"61","Kalimantan Barat","61.03","Kabupaten Sanggau","61.03.11","Tayan Hilir","61.03.11.2003","Pedalaman"
"61","Kalimantan Barat","61.03","Kabupaten Sanggau","61.03.11","Tayan Hilir","61.03.11.2004","Balai Ingin"
"61","Kalimantan Barat","61.03","Kabupaten Sanggau","61.03.11","Tayan Hilir","61.03.11.2005","Lalang"
"61","Kalimantan Barat","61.03","Kabupaten Sanggau","61.03.11","Tayan Hilir","61.03.11.2006","Cempedak"
"61","Kalimantan Barat","61.03","Kabupaten Sanggau","61.03.11","Tayan Hilir","61.03.11.2007","Melugai"
"61","Kalimantan Barat","61.03","Kabupaten Sanggau","61.03.11","Tayan Hilir","61.03.11.2008","Emberas"
"61","Kalimantan Barat","61.03","Kabupaten Sanggau","61.03.11","Tayan Hilir","61.03.11.2009","Beginjan"
"61","Kalimantan Barat","61.03","Kabupaten Sanggau","61.03.11","Tayan Hilir","61.03.11.2010","Sejotang"
"61","Kalimantan Barat","61.03","Kabupaten Sanggau","61.03.11","Tayan Hilir","61.03.11.2011","Sebemban"
"61","Kalimantan Barat","61.03","Kabupaten Sanggau","61.03.11","Tayan Hilir","61.03.11.2012","Subah"
"61","Kalimantan Barat","61.03","Kabupaten Sanggau","61.03.11","Tayan Hilir","61.03.11.2013","Sungai Jaman"
"61","Kalimantan Barat","61.03","Kabupaten Sanggau","61.03.11","Tayan Hilir","61.03.11.2014","Tanjung Bunut"
"61","Kalimantan Barat","61.03","Kabupaten Sanggau","61.03.11","Tayan Hilir","61.03.11.2015","Tebang Benua"
"61","Kalimantan Barat","61.03","Kabupaten Sanggau","61.03.12","Balai","61.03.12.2001","Hilir"
"61","Kalimantan Barat","61.03","Kabupaten Sanggau","61.03.12","Balai","61.03.12.2002","Padi Kaye"
"61","Kalimantan Barat","61.03","Kabupaten Sanggau","61.03.12","Balai","61.03.12.2003","Temiang Mali"
"61","Kalimantan Barat","61.03","Kabupaten Sanggau","61.03.12","Balai","61.03.12.2004","Cowet"
"61","Kalimantan Barat","61.03","Kabupaten Sanggau","61.03.12","Balai","61.03.12.2005","Kebadu"
"61","Kalimantan Barat","61.03","Kabupaten Sanggau","61.03.12","Balai","61.03.12.2006","Mak Kawing"
"61","Kalimantan Barat","61.03","Kabupaten Sanggau","61.03.12","Balai","61.03.12.2007","Tae"
"61","Kalimantan Barat","61.03","Kabupaten Sanggau","61.03.12","Balai","61.03.12.2008","Semoncol"
"61","Kalimantan Barat","61.03","Kabupaten Sanggau","61.03.12","Balai","61.03.12.2009","Empirang Ujung"
"61","Kalimantan Barat","61.03","Kabupaten Sanggau","61.03.12","Balai","61.03.12.2010","Bulu Bala"
"61","Kalimantan Barat","61.03","Kabupaten Sanggau","61.03.12","Balai","61.03.12.2011","Temiang Taba"
"61","Kalimantan Barat","61.03","Kabupaten Sanggau","61.03.12","Balai","61.03.12.2012","Senyabang"
"61","Kalimantan Barat","61.03","Kabupaten Sanggau","61.03.13","Toba","61.03.13.2001","Teraju"
"61","Kalimantan Barat","61.03","Kabupaten Sanggau","61.03.13","Toba","61.03.13.2002","Belungai Dalam"
"61","Kalimantan Barat","61.03","Kabupaten Sanggau","61.03.13","Toba","61.03.13.2003","Sansat"
"61","Kalimantan Barat","61.03","Kabupaten Sanggau","61.03.13","Toba","61.03.13.2004","Kampung Baru"
"61","Kalimantan Barat","61.03","Kabupaten Sanggau","61.03.13","Toba","61.03.13.2005","Bagan Asam"
"61","Kalimantan Barat","61.03","Kabupaten Sanggau","61.03.13","Toba","61.03.13.2006","Lumut"
"61","Kalimantan Barat","61.03","Kabupaten Sanggau","61.03.13","Toba","61.03.13.2007","Balai Belungai"
"61","Kalimantan Barat","61.03","Kabupaten Sanggau","61.03.20","Meliau","61.03.20.2001","Meliau Hilir"
"61","Kalimantan Barat","61.03","Kabupaten Sanggau","61.03.20","Meliau","61.03.20.2002","Meliau Hulu"
"61","Kalimantan Barat","61.03","Kabupaten Sanggau","61.03.20","Meliau","61.03.20.2003","Kuala Buayan"
"61","Kalimantan Barat","61.03","Kabupaten Sanggau","61.03.20","Meliau","61.03.20.2004","Meranggau"
"61","Kalimantan Barat","61.03","Kabupaten Sanggau","61.03.20","Meliau","61.03.20.2005","Melobok"
"61","Kalimantan Barat","61.03","Kabupaten Sanggau","61.03.20","Meliau","61.03.20.2006","Sungai Mayam"
"61","Kalimantan Barat","61.03","Kabupaten Sanggau","61.03.20","Meliau","61.03.20.2007","Pampang Dua"
"61","Kalimantan Barat","61.03","Kabupaten Sanggau","61.03.20","Meliau","61.03.20.2008","Kuala Rosan"
"61","Kalimantan Barat","61.03","Kabupaten Sanggau","61.03.20","Meliau","61.03.20.2009","Sungai Kembayau"
"61","Kalimantan Barat","61.03","Kabupaten Sanggau","61.03.20","Meliau","61.03.20.2010","Kunyil"
"61","Kalimantan Barat","61.03","Kabupaten Sanggau","61.03.20","Meliau","61.03.20.2011","Cupang"
"61","Kalimantan Barat","61.03","Kabupaten Sanggau","61.03.20","Meliau","61.03.20.2012","Lalang"
"61","Kalimantan Barat","61.03","Kabupaten Sanggau","61.03.20","Meliau","61.03.20.2013","Baru Lombak"
"61","Kalimantan Barat","61.03","Kabupaten Sanggau","61.03.20","Meliau","61.03.20.2014","Enggadai"
"61","Kalimantan Barat","61.03","Kabupaten Sanggau","61.03.20","Meliau","61.03.20.2015","Balai Tinggi"
"61","Kalimantan Barat","61.03","Kabupaten Sanggau","61.03.20","Meliau","61.03.20.2017","Bhakti Jaya"
"61","Kalimantan Barat","61.03","Kabupaten Sanggau","61.03.20","Meliau","61.03.20.2018","Mukti Jaya"
"61","Kalimantan Barat","61.03","Kabupaten Sanggau","61.03.20","Meliau","61.03.20.2019","Melawi Makmur"
"61","Kalimantan Barat","61.03","Kabupaten Sanggau","61.03.20","Meliau","61.03.20.2020","Harapan Makmur"
"61","Kalimantan Barat","61.03","Kabupaten Sanggau","61.03.21","Entikong","61.03.21.2001","Nekan"
"61","Kalimantan Barat","61.03","Kabupaten Sanggau","61.03.21","Entikong","61.03.21.2002","Semanget"
"61","Kalimantan Barat","61.03","Kabupaten Sanggau","61.03.21","Entikong","61.03.21.2003","Entikong"
"61","Kalimantan Barat","61.03","Kabupaten Sanggau","61.03.21","Entikong","61.03.21.2004","Pala Pasang"
"61","Kalimantan Barat","61.03","Kabupaten Sanggau","61.03.21","Entikong","61.03.21.2005","Suruh Tembawang"
"61","Kalimantan Barat","61.04","Kabupaten Ketapang","61.04.01","Matan Hilir Utara","61.04.01.2011","Sungai Putri"
"61","Kalimantan Barat","61.04","Kabupaten Ketapang","61.04.01","Matan Hilir Utara","61.04.01.2012","Tanjung Baik Budi"
"61","Kalimantan Barat","61.04","Kabupaten Ketapang","61.04.01","Matan Hilir Utara","61.04.01.2013","Kuala Tolak"
"61","Kalimantan Barat","61.04","Kabupaten Ketapang","61.04.01","Matan Hilir Utara","61.04.01.2014","Kuala Satong"
"61","Kalimantan Barat","61.04","Kabupaten Ketapang","61.04.01","Matan Hilir Utara","61.04.01.2015","Laman Satong"
"61","Kalimantan Barat","61.04","Kabupaten Ketapang","61.04.02","Marau","61.04.02.2001","Sukakarya"
"61","Kalimantan Barat","61.04","Kabupaten Ketapang","61.04.02","Marau","61.04.02.2002","Randai"
"61","Kalimantan Barat","61.04","Kabupaten Ketapang","61.04.02","Marau","61.04.02.2003","Belaban"
"61","Kalimantan Barat","61.04","Kabupaten Ketapang","61.04.02","Marau","61.04.02.2004","Runjai Jaya"
"61","Kalimantan Barat","61.04","Kabupaten Ketapang","61.04.02","Marau","61.04.02.2008","Karya Baru"
"61","Kalimantan Barat","61.04","Kabupaten Ketapang","61.04.02","Marau","61.04.02.2020","Riam Batu Gading"
"61","Kalimantan Barat","61.04","Kabupaten Ketapang","61.04.02","Marau","61.04.02.2021","Batu Payung Dua"
"61","Kalimantan Barat","61.04","Kabupaten Ketapang","61.04.02","Marau","61.04.02.2022","Bantan Sari"
"61","Kalimantan Barat","61.04","Kabupaten Ketapang","61.04.02","Marau","61.04.02.2023","Pelanjau Jaya"
"61","Kalimantan Barat","61.04","Kabupaten Ketapang","61.04.02","Marau","61.04.02.2024","Rangkung"
"61","Kalimantan Barat","61.04","Kabupaten Ketapang","61.04.03","Manis Mata","61.04.03.2001","Manis Mata"
"61","Kalimantan Barat","61.04","Kabupaten Ketapang","61.04.03","Manis Mata","61.04.03.2002","Air Dekakah"
"61","Kalimantan Barat","61.04","Kabupaten Ketapang","61.04.03","Manis Mata","61.04.03.2003","Suka Ramai"
"61","Kalimantan Barat","61.04","Kabupaten Ketapang","61.04.03","Manis Mata","61.04.03.2004","Suak Burung"
"61","Kalimantan Barat","61.04","Kabupaten Ketapang","61.04.03","Manis Mata","61.04.03.2005","Silat"
"61","Kalimantan Barat","61.04","Kabupaten Ketapang","61.04.03","Manis Mata","61.04.03.2006","Terusan"
"61","Kalimantan Barat","61.04","Kabupaten Ketapang","61.04.03","Manis Mata","61.04.03.2007","Kemuning"
"61","Kalimantan Barat","61.04","Kabupaten Ketapang","61.04.03","Manis Mata","61.04.03.2008","Kelampai"
"61","Kalimantan Barat","61.04","Kabupaten Ketapang","61.04.03","Manis Mata","61.04.03.2009","Bukit Gajah"
"61","Kalimantan Barat","61.04","Kabupaten Ketapang","61.04.03","Manis Mata","61.04.03.2010","Lembah Mukti"
"61","Kalimantan Barat","61.04","Kabupaten Ketapang","61.04.03","Manis Mata","61.04.03.2011","Asam Besar"
"61","Kalimantan Barat","61.04","Kabupaten Ketapang","61.04.03","Manis Mata","61.04.03.2012","Batu Sedau"
"61","Kalimantan Barat","61.04","Kabupaten Ketapang","61.04.03","Manis Mata","61.04.03.2013","Jambi"
"61","Kalimantan Barat","61.04","Kabupaten Ketapang","61.04.03","Manis Mata","61.04.03.2014","Seguling"
"61","Kalimantan Barat","61.04","Kabupaten Ketapang","61.04.03","Manis Mata","61.04.03.2015","Kalimantan"
"61","Kalimantan Barat","61.04","Kabupaten Ketapang","61.04.03","Manis Mata","61.04.03.2016","Pelempangan"
"61","Kalimantan Barat","61.04","Kabupaten Ketapang","61.04.03","Manis Mata","61.04.03.2017","Sengkuang Merabong"
"61","Kalimantan Barat","61.04","Kabupaten Ketapang","61.04.03","Manis Mata","61.04.03.2018","Pakit Selaba"
"61","Kalimantan Barat","61.04","Kabupaten Ketapang","61.04.03","Manis Mata","61.04.03.2019","Sungai Buluh"
"61","Kalimantan Barat","61.04","Kabupaten Ketapang","61.04.03","Manis Mata","61.04.03.2020","Ratu Elok"
"61","Kalimantan Barat","61.04","Kabupaten Ketapang","61.04.03","Manis Mata","61.04.03.2021","Mekar Jaya"
"61","Kalimantan Barat","61.04","Kabupaten Ketapang","61.04.03","Manis Mata","61.04.03.2022","Tribun Jaya"
"61","Kalimantan Barat","61.04","Kabupaten Ketapang","61.04.04","Kendawangan","61.04.04.2001","Kendawangan Kiri"
"61","Kalimantan Barat","61.04","Kabupaten Ketapang","61.04.04","Kendawangan","61.04.04.2002","Banjar Sari"
"61","Kalimantan Barat","61.04","Kabupaten Ketapang","61.04.04","Kendawangan","61.04.04.2003","Kendawangan Kanan"
"61","Kalimantan Barat","61.04","Kabupaten Ketapang","61.04.04","Kendawangan","61.04.04.2004","Pangkalan Batu"
"61","Kalimantan Barat","61.04","Kabupaten Ketapang","61.04.04","Kendawangan","61.04.04.2005","Bangkal Serai"
"61","Kalimantan Barat","61.04","Kabupaten Ketapang","61.04.04","Kendawangan","61.04.04.2006","Air Hitam Besar"
"61","Kalimantan Barat","61.04","Kabupaten Ketapang","61.04.04","Kendawangan","61.04.04.2007","Suka Harapan"
"61","Kalimantan Barat","61.04","Kabupaten Ketapang","61.04.04","Kendawangan","61.04.04.2008","Suka Damai"
"61","Kalimantan Barat","61.04","Kabupaten Ketapang","61.04.04","Kendawangan","61.04.04.2009","Selimantan Jaya"
"61","Kalimantan Barat","61.04","Kabupaten Ketapang","61.04.04","Kendawangan","61.04.04.2010","Danau Buntar"
"61","Kalimantan Barat","61.04","Kabupaten Ketapang","61.04.04","Kendawangan","61.04.04.2011","Mekar Utama"
"61","Kalimantan Barat","61.04","Kabupaten Ketapang","61.04.04","Kendawangan","61.04.04.2012","Pembedilan"
"61","Kalimantan Barat","61.04","Kabupaten Ketapang","61.04.04","Kendawangan","61.04.04.2013","Air Hitam Hulu"
"61","Kalimantan Barat","61.04","Kabupaten Ketapang","61.04.04","Kendawangan","61.04.04.2014","Natai Kuini"
"61","Kalimantan Barat","61.04","Kabupaten Ketapang","61.04.04","Kendawangan","61.04.04.2015","Keramat Jaya"
"61","Kalimantan Barat","61.04","Kabupaten Ketapang","61.04.04","Kendawangan","61.04.04.2016","Seriam"
"61","Kalimantan Barat","61.04","Kabupaten Ketapang","61.04.04","Kendawangan","61.04.04.2017","Kedondong"
"61","Kalimantan Barat","61.04","Kabupaten Ketapang","61.04.04","Kendawangan","61.04.04.2018","Sungai Jelayan"
"61","Kalimantan Barat","61.04","Kabupaten Ketapang","61.04.04","Kendawangan","61.04.04.2019","Air Tarap"
"61","Kalimantan Barat","61.04","Kabupaten Ketapang","61.04.05","Sandai","61.04.05.2001","Sandai"
"61","Kalimantan Barat","61.04","Kabupaten Ketapang","61.04.05","Sandai","61.04.05.2002","Randau Jungkal"
"61","Kalimantan Barat","61.04","Kabupaten Ketapang","61.04.05","Sandai","61.04.05.2006","Penjawaan"
"61","Kalimantan Barat","61.04","Kabupaten Ketapang","61.04.05","Sandai","61.04.05.2007","Muara Jekak"
"61","Kalimantan Barat","61.04","Kabupaten Ketapang","61.04.05","Sandai","61.04.05.2008","Petai Patah"
"61","Kalimantan Barat","61.04","Kabupaten Ketapang","61.04.05","Sandai","61.04.05.2010","Randau"
"61","Kalimantan Barat","61.04","Kabupaten Ketapang","61.04.05","Sandai","61.04.05.2011","Sandai Kiri"
"61","Kalimantan Barat","61.04","Kabupaten Ketapang","61.04.05","Sandai","61.04.05.2012","Demit"
"61","Kalimantan Barat","61.04","Kabupaten Ketapang","61.04.05","Sandai","61.04.05.2013","Pendamar Indah"
"61","Kalimantan Barat","61.04","Kabupaten Ketapang","61.04.05","Sandai","61.04.05.2014","Merimbang Jaya"
"61","Kalimantan Barat","61.04","Kabupaten Ketapang","61.04.05","Sandai","61.04.05.2015","Alam Pakuan"
"61","Kalimantan Barat","61.04","Kabupaten Ketapang","61.04.05","Sandai","61.04.05.2016","Jago Bersatu"
"61","Kalimantan Barat","61.04","Kabupaten Ketapang","61.04.05","Sandai","61.04.05.2017","Istana"
"61","Kalimantan Barat","61.04","Kabupaten Ketapang","61.04.07","Sungai Laur","61.04.07.2001","Riam Bunut"
"61","Kalimantan Barat","61.04","Kabupaten Ketapang","61.04.07","Sungai Laur","61.04.07.2002","Sempurna"
"61","Kalimantan Barat","61.04","Kabupaten Ketapang","61.04.07","Sungai Laur","61.04.07.2003","Bengaras"
"61","Kalimantan Barat","61.04","Kabupaten Ketapang","61.04.07","Sungai Laur","61.04.07.2004","Sepotong"
"61","Kalimantan Barat","61.04","Kabupaten Ketapang","61.04.07","Sungai Laur","61.04.07.2005","Sukaramai"
"61","Kalimantan Barat","61.04","Kabupaten Ketapang","61.04.07","Sungai Laur","61.04.07.2006","Tanjung Beringin"
"61","Kalimantan Barat","61.04","Kabupaten Ketapang","61.04.07","Sungai Laur","61.04.07.2007","Harapan Baru"
"61","Kalimantan Barat","61.04","Kabupaten Ketapang","61.04.07","Sungai Laur","61.04.07.2008","Randau Limat"
"61","Kalimantan Barat","61.04","Kabupaten Ketapang","61.04.07","Sungai Laur","61.04.07.2009","Bayun Sari"
"61","Kalimantan Barat","61.04","Kabupaten Ketapang","61.04.07","Sungai Laur","61.04.07.2010","Teluk Bayur"
"61","Kalimantan Barat","61.04","Kabupaten Ketapang","61.04.07","Sungai Laur","61.04.07.2011","Tanjung Maju"
"61","Kalimantan Barat","61.04","Kabupaten Ketapang","61.04.07","Sungai Laur","61.04.07.2012","Sungai Daka"
"61","Kalimantan Barat","61.04","Kabupaten Ketapang","61.04.07","Sungai Laur","61.04.07.2013","Mekar Harapan"
"61","Kalimantan Barat","61.04","Kabupaten Ketapang","61.04.07","Sungai Laur","61.04.07.2014","Sinar Kuri"
"61","Kalimantan Barat","61.04","Kabupaten Ketapang","61.04.07","Sungai Laur","61.04.07.2015","Selangkut Raya"
"61","Kalimantan Barat","61.04","Kabupaten Ketapang","61.04.07","Sungai Laur","61.04.07.2016","Lanjut Mekar Sari"
"61","Kalimantan Barat","61.04","Kabupaten Ketapang","61.04.07","Sungai Laur","61.04.07.2017","Kepari"
"61","Kalimantan Barat","61.04","Kabupaten Ketapang","61.04.07","Sungai Laur","61.04.07.2018","Teluk Mutiara"
"61","Kalimantan Barat","61.04","Kabupaten Ketapang","61.04.07","Sungai Laur","61.04.07.2019","Merabu Jaya"
"61","Kalimantan Barat","61.04","Kabupaten Ketapang","61.04.08","Simpang Hulu","61.04.08.2001","Balai Pinang"
"61","Kalimantan Barat","61.04","Kabupaten Ketapang","61.04.08","Simpang Hulu","61.04.08.2002","Semandang Kiri"
"61","Kalimantan Barat","61.04","Kabupaten Ketapang","61.04.08","Simpang Hulu","61.04.08.2003","Kualan Hulu"
"61","Kalimantan Barat","61.04","Kabupaten Ketapang","61.04.08","Simpang Hulu","61.04.08.2005","Semandang Hulu"
"61","Kalimantan Barat","61.04","Kabupaten Ketapang","61.04.08","Simpang Hulu","61.04.08.2006","Merawa"
"61","Kalimantan Barat","61.04","Kabupaten Ketapang","61.04.08","Simpang Hulu","61.04.08.2009","Kualan Tengah"
"61","Kalimantan Barat","61.04","Kabupaten Ketapang","61.04.08","Simpang Hulu","61.04.08.2010","Kualan Hilir"
"61","Kalimantan Barat","61.04","Kabupaten Ketapang","61.04.08","Simpang Hulu","61.04.08.2011","Sekucing Labai"
"61","Kalimantan Barat","61.04","Kabupaten Ketapang","61.04.08","Simpang Hulu","61.04.08.2012","Paoh Concong"
"61","Kalimantan Barat","61.04","Kabupaten Ketapang","61.04.08","Simpang Hulu","61.04.08.2013","Legong"
"61","Kalimantan Barat","61.04","Kabupaten Ketapang","61.04.08","Simpang Hulu","61.04.08.2014","Kenanga"
"61","Kalimantan Barat","61.04","Kabupaten Ketapang","61.04.08","Simpang Hulu","61.04.08.2015","Balai Pinang Hulu"
"61","Kalimantan Barat","61.04","Kabupaten Ketapang","61.04.08","Simpang Hulu","61.04.08.2016","Sekucing Kualan"
"61","Kalimantan Barat","61.04","Kabupaten Ketapang","61.04.08","Simpang Hulu","61.04.08.2017","Labai Hilir"
"61","Kalimantan Barat","61.04","Kabupaten Ketapang","61.04.08","Simpang Hulu","61.04.08.2018","Botuh Bosi"
"61","Kalimantan Barat","61.04","Kabupaten Ketapang","61.04.11","Nanga Tayap","61.04.11.2001","Nanga Tayap"
"61","Kalimantan Barat","61.04","Kabupaten Ketapang","61.04.11","Nanga Tayap","61.04.11.2002","Pangkalan Telok"
"61","Kalimantan Barat","61.04","Kabupaten Ketapang","61.04.11","Nanga Tayap","61.04.11.2003","Pangkalan Suka"
"61","Kalimantan Barat","61.04","Kabupaten Ketapang","61.04.11","Nanga Tayap","61.04.11.2004","Betenung"
"61","Kalimantan Barat","61.04","Kabupaten Ketapang","61.04.11","Nanga Tayap","61.04.11.2005","Batu Mas"
"61","Kalimantan Barat","61.04","Kabupaten Ketapang","61.04.11","Nanga Tayap","61.04.11.2006","Sungai Kelik"
"61","Kalimantan Barat","61.04","Kabupaten Ketapang","61.04.11","Nanga Tayap","61.04.11.2007","Lembah Hijau Satu"
"61","Kalimantan Barat","61.04","Kabupaten Ketapang","61.04.11","Nanga Tayap","61.04.11.2008","Lembah Hijau Dua"
"61","Kalimantan Barat","61.04","Kabupaten Ketapang","61.04.11","Nanga Tayap","61.04.11.2009","Siantau Raya"
"61","Kalimantan Barat","61.04","Kabupaten Ketapang","61.04.11","Nanga Tayap","61.04.11.2010","Sebadak Raya"
"61","Kalimantan Barat","61.04","Kabupaten Ketapang","61.04.11","Nanga Tayap","61.04.11.2011","Simpang Tiga Sembelangaan"
"61","Kalimantan Barat","61.04","Kabupaten Ketapang","61.04.11","Nanga Tayap","61.04.11.2012","Mensubang"
"61","Kalimantan Barat","61.04","Kabupaten Ketapang","61.04.11","Nanga Tayap","61.04.11.2013","Tajok Kayong"
"61","Kalimantan Barat","61.04","Kabupaten Ketapang","61.04.11","Nanga Tayap","61.04.11.2014","Kayong Utara"
"61","Kalimantan Barat","61.04","Kabupaten Ketapang","61.04.11","Nanga Tayap","61.04.11.2015","Kayong Hulu"
"61","Kalimantan Barat","61.04","Kabupaten Ketapang","61.04.11","Nanga Tayap","61.04.11.2016","Sepakat Jaya"
"61","Kalimantan Barat","61.04","Kabupaten Ketapang","61.04.11","Nanga Tayap","61.04.11.2017","Cegolak"
"61","Kalimantan Barat","61.04","Kabupaten Ketapang","61.04.11","Nanga Tayap","61.04.11.2018","Pateh Benteng"
"61","Kalimantan Barat","61.04","Kabupaten Ketapang","61.04.11","Nanga Tayap","61.04.11.2019","Tanjung Medan"
"61","Kalimantan Barat","61.04","Kabupaten Ketapang","61.04.11","Nanga Tayap","61.04.11.2020","Kayung Tuhe"
"61","Kalimantan Barat","61.04","Kabupaten Ketapang","61.04.12","Matan Hilir Selatan","61.04.12.2006","Sungai Jawi"
"61","Kalimantan Barat","61.04","Kabupaten Ketapang","61.04.12","Matan Hilir Selatan","61.04.12.2007","Pesaguan Kiri"
"61","Kalimantan Barat","61.04","Kabupaten Ketapang","61.04.12","Matan Hilir Selatan","61.04.12.2008","Sungai Pelang"
"61","Kalimantan Barat","61.04","Kabupaten Ketapang","61.04.12","Matan Hilir Selatan","61.04.12.2012","Sungai Bakau"
"61","Kalimantan Barat","61.04","Kabupaten Ketapang","61.04.12","Matan Hilir Selatan","61.04.12.2013","Pematang Gadung"
"61","Kalimantan Barat","61.04","Kabupaten Ketapang","61.04.12","Matan Hilir Selatan","61.04.12.2014","Pesaguan Kanan"
"61","Kalimantan Barat","61.04","Kabupaten Ketapang","61.04.12","Matan Hilir Selatan","61.04.12.2015","Sungai Besar"
"61","Kalimantan Barat","61.04","Kabupaten Ketapang","61.04.12","Matan Hilir Selatan","61.04.12.2016","Sungai Nanjung"
"61","Kalimantan Barat","61.04","Kabupaten Ketapang","61.04.12","Matan Hilir Selatan","61.04.12.2017","Kemuning Biutak"
"61","Kalimantan Barat","61.04","Kabupaten Ketapang","61.04.12","Matan Hilir Selatan","61.04.12.2018","Harapan Baru"
"61","Kalimantan Barat","61.04","Kabupaten Ketapang","61.04.12","Matan Hilir Selatan","61.04.12.2019","Pagar Mentimun"
"61","Kalimantan Barat","61.04","Kabupaten Ketapang","61.04.13","Tumbang Titi","61.04.13.2001","Tumbang Titi"
"61","Kalimantan Barat","61.04","Kabupaten Ketapang","61.04.13","Tumbang Titi","61.04.13.2002","Natai Panjang"
"61","Kalimantan Barat","61.04","Kabupaten Ketapang","61.04.13","Tumbang Titi","61.04.13.2003","Serengkah"
"61","Kalimantan Barat","61.04","Kabupaten Ketapang","61.04.13","Tumbang Titi","61.04.13.2004","Mahawa"
"61","Kalimantan Barat","61.04","Kabupaten Ketapang","61.04.13","Tumbang Titi","61.04.13.2005","Nanga Kelampai"
"61","Kalimantan Barat","61.04","Kabupaten Ketapang","61.04.13","Tumbang Titi","61.04.13.2006","Batu Tajam"
"61","Kalimantan Barat","61.04","Kabupaten Ketapang","61.04.13","Tumbang Titi","61.04.13.2009","Kalimas Baru"
"61","Kalimantan Barat","61.04","Kabupaten Ketapang","61.04.13","Tumbang Titi","61.04.13.2013","Pemuatan Jaya"
"61","Kalimantan Barat","61.04","Kabupaten Ketapang","61.04.13","Tumbang Titi","61.04.13.2016","Sengkaharak"
"61","Kalimantan Barat","61.04","Kabupaten Ketapang","61.04.13","Tumbang Titi","61.04.13.2020","Belaban Tujuh"
"61","Kalimantan Barat","61.04","Kabupaten Ketapang","61.04.13","Tumbang Titi","61.04.13.2023","Segar Wangi"
"61","Kalimantan Barat","61.04","Kabupaten Ketapang","61.04.13","Tumbang Titi","61.04.13.2024","Petebang Jaya"
"61","Kalimantan Barat","61.04","Kabupaten Ketapang","61.04.13","Tumbang Titi","61.04.13.2025","Aur Gading"
"61","Kalimantan Barat","61.04","Kabupaten Ketapang","61.04.13","Tumbang Titi","61.04.13.2026","Beringin Rayo"
"61","Kalimantan Barat","61.04","Kabupaten Ketapang","61.04.13","Tumbang Titi","61.04.13.2027","Titi Baru"
"61","Kalimantan Barat","61.04","Kabupaten Ketapang","61.04.13","Tumbang Titi","61.04.13.2028","Tanjung Beulang"
"61","Kalimantan Barat","61.04","Kabupaten Ketapang","61.04.13","Tumbang Titi","61.04.13.2029","Batu Beransak"
"61","Kalimantan Barat","61.04","Kabupaten Ketapang","61.04.13","Tumbang Titi","61.04.13.2030","Serengkah Kanan"
"61","Kalimantan Barat","61.04","Kabupaten Ketapang","61.04.13","Tumbang Titi","61.04.13.2031","Sepauhan Raya"
"61","Kalimantan Barat","61.04","Kabupaten Ketapang","61.04.13","Tumbang Titi","61.04.13.2032","Jungkal"
"61","Kalimantan Barat","61.04","Kabupaten Ketapang","61.04.13","Tumbang Titi","61.04.13.2033","Jelayan"
"61","Kalimantan Barat","61.04","Kabupaten Ketapang","61.04.13","Tumbang Titi","61.04.13.2034","Pengatapan Raya"
"61","Kalimantan Barat","61.04","Kabupaten Ketapang","61.04.13","Tumbang Titi","61.04.13.2035","Suka Damai"
"61","Kalimantan Barat","61.04","Kabupaten Ketapang","61.04.13","Tumbang Titi","61.04.13.2036","Tanjung Maloi"
"61","Kalimantan Barat","61.04","Kabupaten Ketapang","61.04.13","Tumbang Titi","61.04.13.2037","Sepuring Indah"
"61","Kalimantan Barat","61.04","Kabupaten Ketapang","61.04.14","Jelai Hulu","61.04.14.2001","Periangan"
"61","Kalimantan Barat","61.04","Kabupaten Ketapang","61.04.14","Jelai Hulu","61.04.14.2002","Tanggerang"
"61","Kalimantan Barat","61.04","Kabupaten Ketapang","61.04.14","Jelai Hulu","61.04.14.2003","Kesuma Jaya"
"61","Kalimantan Barat","61.04","Kabupaten Ketapang","61.04.14","Jelai Hulu","61.04.14.2004","Penyarang"
"61","Kalimantan Barat","61.04","Kabupaten Ketapang","61.04.14","Jelai Hulu","61.04.14.2005","Biku Sarana"
"61","Kalimantan Barat","61.04","Kabupaten Ketapang","61.04.14","Jelai Hulu","61.04.14.2006","Semantun"
"61","Kalimantan Barat","61.04","Kabupaten Ketapang","61.04.14","Jelai Hulu","61.04.14.2007","Riam Danau Kanan"
"61","Kalimantan Barat","61.04","Kabupaten Ketapang","61.04.14","Jelai Hulu","61.04.14.2008","Limpang"
"61","Kalimantan Barat","61.04","Kabupaten Ketapang","61.04.14","Jelai Hulu","61.04.14.2009","Pasir Mayang"
"61","Kalimantan Barat","61.04","Kabupaten Ketapang","61.04.14","Jelai Hulu","61.04.14.2010","Tebing Berseri"
"61","Kalimantan Barat","61.04","Kabupaten Ketapang","61.04.14","Jelai Hulu","61.04.14.2011","Deranuk"
"61","Kalimantan Barat","61.04","Kabupaten Ketapang","61.04.14","Jelai Hulu","61.04.14.2012","Rangga Intan"
"61","Kalimantan Barat","61.04","Kabupaten Ketapang","61.04.14","Jelai Hulu","61.04.14.2013","Pangkalan Suka"
"61","Kalimantan Barat","61.04","Kabupaten Ketapang","61.04.14","Jelai Hulu","61.04.14.2014","Teluk Runjai"
"61","Kalimantan Barat","61.04","Kabupaten Ketapang","61.04.14","Jelai Hulu","61.04.14.2015","Asam Jelai"
"61","Kalimantan Barat","61.04","Kabupaten Ketapang","61.04.14","Jelai Hulu","61.04.14.2016","Air Dua"
"61","Kalimantan Barat","61.04","Kabupaten Ketapang","61.04.14","Jelai Hulu","61.04.14.2017","Sidahari"
"61","Kalimantan Barat","61.04","Kabupaten Ketapang","61.04.14","Jelai Hulu","61.04.14.2018","Kusik Batu Lapu"
"61","Kalimantan Barat","61.04","Kabupaten Ketapang","61.04.14","Jelai Hulu","61.04.14.2019","Karang Dangin"
"61","Kalimantan Barat","61.04","Kabupaten Ketapang","61.04.14","Jelai Hulu","61.04.14.2020","Perigi"
"61","Kalimantan Barat","61.04","Kabupaten Ketapang","61.04.14","Jelai Hulu","61.04.14.2021","Bayam Raya"
"61","Kalimantan Barat","61.04","Kabupaten Ketapang","61.04.14","Jelai Hulu","61.04.14.2022","Pangkalan Paket"
"61","Kalimantan Barat","61.04","Kabupaten Ketapang","61.04.16","Delta Pawan","61.04.16.1001","Kantor"
"61","Kalimantan Barat","61.04","Kabupaten Ketapang","61.04.16","Delta Pawan","61.04.16.1002","Tengah"
"61","Kalimantan Barat","61.04","Kabupaten Ketapang","61.04.16","Delta Pawan","61.04.16.1003","Mulia Baru"
"61","Kalimantan Barat","61.04","Kabupaten Ketapang","61.04.16","Delta Pawan","61.04.16.1004","Sampit"
"61","Kalimantan Barat","61.04","Kabupaten Ketapang","61.04.16","Delta Pawan","61.04.16.1005","Suka Harja"
"61","Kalimantan Barat","61.04","Kabupaten Ketapang","61.04.16","Delta Pawan","61.04.16.2006","Suka Bangun"
"61","Kalimantan Barat","61.04","Kabupaten Ketapang","61.04.16","Delta Pawan","61.04.16.2007","Kali Nilam"
"61","Kalimantan Barat","61.04","Kabupaten Ketapang","61.04.16","Delta Pawan","61.04.16.2008","Paya Kumang"
"61","Kalimantan Barat","61.04","Kabupaten Ketapang","61.04.16","Delta Pawan","61.04.16.2009","Suka Bangun Dalam"
"61","Kalimantan Barat","61.04","Kabupaten Ketapang","61.04.17","Muara Pawan","61.04.17.2001","Sungai Awan Kanan"
"61","Kalimantan Barat","61.04","Kabupaten Ketapang","61.04.17","Muara Pawan","61.04.17.2002","Sungai Awan Kiri"
"61","Kalimantan Barat","61.04","Kabupaten Ketapang","61.04.17","Muara Pawan","61.04.17.2003","Tempurukan"
"61","Kalimantan Barat","61.04","Kabupaten Ketapang","61.04.17","Muara Pawan","61.04.17.2004","Ulak Medang"
"61","Kalimantan Barat","61.04","Kabupaten Ketapang","61.04.17","Muara Pawan","61.04.17.2005","Tanjung Pura"
"61","Kalimantan Barat","61.04","Kabupaten Ketapang","61.04.17","Muara Pawan","61.04.17.2006","Mayak"
"61","Kalimantan Barat","61.04","Kabupaten Ketapang","61.04.17","Muara Pawan","61.04.17.2007","Tanjung Pasar"
"61","Kalimantan Barat","61.04","Kabupaten Ketapang","61.04.17","Muara Pawan","61.04.17.2008","Suka Maju"
"61","Kalimantan Barat","61.04","Kabupaten Ketapang","61.04.18","Benua Kayong","61.04.18.1001","Kauman"
"61","Kalimantan Barat","61.04","Kabupaten Ketapang","61.04.18","Benua Kayong","61.04.18.1002","Mulia Kerta"
"61","Kalimantan Barat","61.04","Kabupaten Ketapang","61.04.18","Benua Kayong","61.04.18.1004","Tuan-Tuan"
"61","Kalimantan Barat","61.04","Kabupaten Ketapang","61.04.18","Benua Kayong","61.04.18.1009","Banjar"
"61","Kalimantan Barat","61.04","Kabupaten Ketapang","61.04.18","Benua Kayong","61.04.18.2003","Padang"
"61","Kalimantan Barat","61.04","Kabupaten Ketapang","61.04.18","Benua Kayong","61.04.18.2005","Sungai Kinjil"
"61","Kalimantan Barat","61.04","Kabupaten Ketapang","61.04.18","Benua Kayong","61.04.18.2006","Suka Baru"
"61","Kalimantan Barat","61.04","Kabupaten Ketapang","61.04.18","Benua Kayong","61.04.18.2007","Baru"
"61","Kalimantan Barat","61.04","Kabupaten Ketapang","61.04.18","Benua Kayong","61.04.18.2008","Negeri Baru"
"61","Kalimantan Barat","61.04","Kabupaten Ketapang","61.04.18","Benua Kayong","61.04.18.2010","Mekar Sari"
"61","Kalimantan Barat","61.04","Kabupaten Ketapang","61.04.18","Benua Kayong","61.04.18.2011","Kinjil Pesisir"
"61","Kalimantan Barat","61.04","Kabupaten Ketapang","61.04.19","Hulu Sungai","61.04.19.2001","Menyumbung"
"61","Kalimantan Barat","61.04","Kabupaten Ketapang","61.04.19","Hulu Sungai","61.04.19.2002","Senduruhan"
"61","Kalimantan Barat","61.04","Kabupaten Ketapang","61.04.19","Hulu Sungai","61.04.19.2003","Cinta Manis"
"61","Kalimantan Barat","61.04","Kabupaten Ketapang","61.04.19","Hulu Sungai","61.04.19.2004","Beginci Darat"
"61","Kalimantan Barat","61.04","Kabupaten Ketapang","61.04.19","Hulu Sungai","61.04.19.2005","Benua Krio"
"61","Kalimantan Barat","61.04","Kabupaten Ketapang","61.04.19","Hulu Sungai","61.04.19.2006","Riam Dadap"
"61","Kalimantan Barat","61.04","Kabupaten Ketapang","61.04.19","Hulu Sungai","61.04.19.2007","Sekukun"
"61","Kalimantan Barat","61.04","Kabupaten Ketapang","61.04.19","Hulu Sungai","61.04.19.2008","Batu Lapis"
"61","Kalimantan Barat","61.04","Kabupaten Ketapang","61.04.19","Hulu Sungai","61.04.19.2009","Krio Hulu"
"61","Kalimantan Barat","61.04","Kabupaten Ketapang","61.04.19","Hulu Sungai","61.04.19.2010","Kenyabur"
"61","Kalimantan Barat","61.04","Kabupaten Ketapang","61.04.19","Hulu Sungai","61.04.19.2011","Sunge Bengaras"
"61","Kalimantan Barat","61.04","Kabupaten Ketapang","61.04.19","Hulu Sungai","61.04.19.2012","Lubuk Kakap"
"61","Kalimantan Barat","61.04","Kabupaten Ketapang","61.04.20","Simpang Dua","61.04.20.2001","Semandang Kanan"
"61","Kalimantan Barat","61.04","Kabupaten Ketapang","61.04.20","Simpang Dua","61.04.20.2002","Gema"
"61","Kalimantan Barat","61.04","Kabupaten Ketapang","61.04.20","Simpang Dua","61.04.20.2003","Mekar Raya"
"61","Kalimantan Barat","61.04","Kabupaten Ketapang","61.04.20","Simpang Dua","61.04.20.2004","Kampar Sebomban"
"61","Kalimantan Barat","61.04","Kabupaten Ketapang","61.04.20","Simpang Dua","61.04.20.2005","Batu Daya"
"61","Kalimantan Barat","61.04","Kabupaten Ketapang","61.04.20","Simpang Dua","61.04.20.2006","Kamora"
"61","Kalimantan Barat","61.04","Kabupaten Ketapang","61.04.21","Air Upas","61.04.21.2001","Air Upas"
"61","Kalimantan Barat","61.04","Kabupaten Ketapang","61.04.21","Air Upas","61.04.21.2002","Sari Bekayas"
"61","Kalimantan Barat","61.04","Kabupaten Ketapang","61.04.21","Air Upas","61.04.21.2003","Air Durian Jaya"
"61","Kalimantan Barat","61.04","Kabupaten Ketapang","61.04.21","Air Upas","61.04.21.2004","Harapan Baru"
"61","Kalimantan Barat","61.04","Kabupaten Ketapang","61.04.21","Air Upas","61.04.21.2005","Suka Ria"
"61","Kalimantan Barat","61.04","Kabupaten Ketapang","61.04.21","Air Upas","61.04.21.2006","Banda Sari"
"61","Kalimantan Barat","61.04","Kabupaten Ketapang","61.04.21","Air Upas","61.04.21.2007","Membuluh Baru"
"61","Kalimantan Barat","61.04","Kabupaten Ketapang","61.04.21","Air Upas","61.04.21.2008","Gahang"
"61","Kalimantan Barat","61.04","Kabupaten Ketapang","61.04.21","Air Upas","61.04.21.2009","Mekar Jaya"
"61","Kalimantan Barat","61.04","Kabupaten Ketapang","61.04.22","Singkup","61.04.22.2001","Suka Mulia"
"61","Kalimantan Barat","61.04","Kabupaten Ketapang","61.04.22","Singkup","61.04.22.2002","Sukaraja"
"61","Kalimantan Barat","61.04","Kabupaten Ketapang","61.04.22","Singkup","61.04.22.2003","Bukit Kelambing"
"61","Kalimantan Barat","61.04","Kabupaten Ketapang","61.04.22","Singkup","61.04.22.2004","Muntai"
"61","Kalimantan Barat","61.04","Kabupaten Ketapang","61.04.22","Singkup","61.04.22.2005","Suka Sari"
"61","Kalimantan Barat","61.04","Kabupaten Ketapang","61.04.22","Singkup","61.04.22.2006","Sukaharja"
"61","Kalimantan Barat","61.04","Kabupaten Ketapang","61.04.22","Singkup","61.04.22.2007","Tanah Hitam"
"61","Kalimantan Barat","61.04","Kabupaten Ketapang","61.04.22","Singkup","61.04.22.2008","Pantai Ketikal"
"61","Kalimantan Barat","61.04","Kabupaten Ketapang","61.04.24","Pemahan","61.04.24.2001","Pebihingan"
"61","Kalimantan Barat","61.04","Kabupaten Ketapang","61.04.24","Pemahan","61.04.24.2002","Lalang Panjang"
"61","Kalimantan Barat","61.04","Kabupaten Ketapang","61.04.24","Pemahan","61.04.24.2003","Semayok Baru"
"61","Kalimantan Barat","61.04","Kabupaten Ketapang","61.04.24","Pemahan","61.04.24.2004","Muara Gerunggang"
"61","Kalimantan Barat","61.04","Kabupaten Ketapang","61.04.24","Pemahan","61.04.24.2005","Usaha Baru"
"61","Kalimantan Barat","61.04","Kabupaten Ketapang","61.04.24","Pemahan","61.04.24.2006","Kerta Baru"
"61","Kalimantan Barat","61.04","Kabupaten Ketapang","61.04.24","Pemahan","61.04.24.2007","Muara Semayok"
"61","Kalimantan Barat","61.04","Kabupaten Ketapang","61.04.25","Sungai Melayu Rayak","61.04.25.2001","Beringin Jaya"
"61","Kalimantan Barat","61.04","Kabupaten Ketapang","61.04.25","Sungai Melayu Rayak","61.04.25.2002","Sungai Melayu Baru"
"61","Kalimantan Barat","61.04","Kabupaten Ketapang","61.04.25","Sungai Melayu Rayak","61.04.25.2003","Suka Mulya"
"61","Kalimantan Barat","61.04","Kabupaten Ketapang","61.04.25","Sungai Melayu Rayak","61.04.25.2004","Karya Mukti"
"61","Kalimantan Barat","61.04","Kabupaten Ketapang","61.04.25","Sungai Melayu Rayak","61.04.25.2005","Piansak"
"61","Kalimantan Barat","61.04","Kabupaten Ketapang","61.04.25","Sungai Melayu Rayak","61.04.25.2006","Jairan Jaya"
"61","Kalimantan Barat","61.04","Kabupaten Ketapang","61.04.25","Sungai Melayu Rayak","61.04.25.2007","Kepuluk"
"61","Kalimantan Barat","61.04","Kabupaten Ketapang","61.04.25","Sungai Melayu Rayak","61.04.25.2008","Sungai Melayu Jaya"
"61","Kalimantan Barat","61.04","Kabupaten Ketapang","61.04.25","Sungai Melayu Rayak","61.04.25.2009","Sungai Melayu"
"61","Kalimantan Barat","61.04","Kabupaten Ketapang","61.04.25","Sungai Melayu Rayak","61.04.25.2010","Mekar Jaya"
"61","Kalimantan Barat","61.04","Kabupaten Ketapang","61.04.25","Sungai Melayu Rayak","61.04.25.2011","Makmur Abadi"
"61","Kalimantan Barat","61.05","Kabupaten Sintang","61.05.01","Sintang","61.05.01.1001","Ladang"
"61","Kalimantan Barat","61.05","Kabupaten Sintang","61.05.01","Sintang","61.05.01.1002","Kapuas Kanan Hulu"
"61","Kalimantan Barat","61.05","Kabupaten Sintang","61.05.01","Sintang","61.05.01.1003","Tanjung Puri"
"61","Kalimantan Barat","61.05","Kabupaten Sintang","61.05.01","Sintang","61.05.01.1004","Kapuas Kanan Hilir"
"61","Kalimantan Barat","61.05","Kabupaten Sintang","61.05.01","Sintang","61.05.01.1005","Kapuas Kiri Hilir"
"61","Kalimantan Barat","61.05","Kabupaten Sintang","61.05.01","Sintang","61.05.01.1006","Kapuas Kiri Hulu"
"61","Kalimantan Barat","61.05","Kabupaten Sintang","61.05.01","Sintang","61.05.01.1016","Akcaya"
"61","Kalimantan Barat","61.05","Kabupaten Sintang","61.05.01","Sintang","61.05.01.1017","Alai"
"61","Kalimantan Barat","61.05","Kabupaten Sintang","61.05.01","Sintang","61.05.01.1018","Rawa Mambok"
"61","Kalimantan Barat","61.05","Kabupaten Sintang","61.05.01","Sintang","61.05.01.1019","Sengkuang"
"61","Kalimantan Barat","61.05","Kabupaten Sintang","61.05.01","Sintang","61.05.01.1020","Mengkurai"
"61","Kalimantan Barat","61.05","Kabupaten Sintang","61.05.01","Sintang","61.05.01.1021","Kedabang"
"61","Kalimantan Barat","61.05","Kabupaten Sintang","61.05.01","Sintang","61.05.01.1022","Mekar Jaya"
"61","Kalimantan Barat","61.05","Kabupaten Sintang","61.05.01","Sintang","61.05.01.1023","Batu Lalau"
"61","Kalimantan Barat","61.05","Kabupaten Sintang","61.05.01","Sintang","61.05.01.1024","Menyumbung Tengah"
"61","Kalimantan Barat","61.05","Kabupaten Sintang","61.05.01","Sintang","61.05.01.1025","Ulak Jaya"
"61","Kalimantan Barat","61.05","Kabupaten Sintang","61.05.01","Sintang","61.05.01.2007","Baning Kota"
"61","Kalimantan Barat","61.05","Kabupaten Sintang","61.05.01","Sintang","61.05.01.2008","Tertung"
"61","Kalimantan Barat","61.05","Kabupaten Sintang","61.05.01","Sintang","61.05.01.2009","Mungguk Bantok"
"61","Kalimantan Barat","61.05","Kabupaten Sintang","61.05.01","Sintang","61.05.01.2010","Teluk Kelansam"
"61","Kalimantan Barat","61.05","Kabupaten Sintang","61.05.01","Sintang","61.05.01.2011","Sungai Ana"
"61","Kalimantan Barat","61.05","Kabupaten Sintang","61.05.01","Sintang","61.05.01.2012","Merti Guna"
"61","Kalimantan Barat","61.05","Kabupaten Sintang","61.05.01","Sintang","61.05.01.2013","Tanjung Kelansam"
"61","Kalimantan Barat","61.05","Kabupaten Sintang","61.05.01","Sintang","61.05.01.2014","Anggah Jaya"
"61","Kalimantan Barat","61.05","Kabupaten Sintang","61.05.01","Sintang","61.05.01.2015","Lalang Baru"
"61","Kalimantan Barat","61.05","Kabupaten Sintang","61.05.01","Sintang","61.05.01.2026","Tebing Raya"
"61","Kalimantan Barat","61.05","Kabupaten Sintang","61.05.01","Sintang","61.05.01.2027","Mail Jampong"
"61","Kalimantan Barat","61.05","Kabupaten Sintang","61.05.01","Sintang","61.05.01.2028","Jerora Satu"
"61","Kalimantan Barat","61.05","Kabupaten Sintang","61.05.01","Sintang","61.05.01.2029","Kebiau Baru"
"61","Kalimantan Barat","61.05","Kabupaten Sintang","61.05.02","Tempunak","61.05.02.2001","Nanga Tempunak"
"61","Kalimantan Barat","61.05","Kabupaten Sintang","61.05.02","Tempunak","61.05.02.2002","Mensiap Baru"
"61","Kalimantan Barat","61.05","Kabupaten Sintang","61.05.02","Tempunak","61.05.02.2003","Tanjung Perada"
"61","Kalimantan Barat","61.05","Kabupaten Sintang","61.05.02","Tempunak","61.05.02.2004","Suka Jaya"
"61","Kalimantan Barat","61.05","Kabupaten Sintang","61.05.02","Tempunak","61.05.02.2005","Mangkurat Baru"
"61","Kalimantan Barat","61.05","Kabupaten Sintang","61.05.02","Tempunak","61.05.02.2006","Paribang Baru"
"61","Kalimantan Barat","61.05","Kabupaten Sintang","61.05.02","Tempunak","61.05.02.2007","Repak Sari"
"61","Kalimantan Barat","61.05","Kabupaten Sintang","61.05.02","Tempunak","61.05.02.2008","Pagal Baru"
"61","Kalimantan Barat","61.05","Kabupaten Sintang","61.05.02","Tempunak","61.05.02.2009","Kenyabur Baru"
"61","Kalimantan Barat","61.05","Kabupaten Sintang","61.05.02","Tempunak","61.05.02.2010","Benua Baru"
"61","Kalimantan Barat","61.05","Kabupaten Sintang","61.05.02","Tempunak","61.05.02.2011","Tinum Baru"
"61","Kalimantan Barat","61.05","Kabupaten Sintang","61.05.02","Tempunak","61.05.02.2012","Pangkal Baru"
"61","Kalimantan Barat","61.05","Kabupaten Sintang","61.05.02","Tempunak","61.05.02.2013","Pulau Jaya"
"61","Kalimantan Barat","61.05","Kabupaten Sintang","61.05.02","Tempunak","61.05.02.2014","Kuala Tiga"
"61","Kalimantan Barat","61.05","Kabupaten Sintang","61.05.02","Tempunak","61.05.02.2015","Gurung Mali"
"61","Kalimantan Barat","61.05","Kabupaten Sintang","61.05.02","Tempunak","61.05.02.2016","Merti Jaya"
"61","Kalimantan Barat","61.05","Kabupaten Sintang","61.05.02","Tempunak","61.05.02.2017","Benua Kencana"
"61","Kalimantan Barat","61.05","Kabupaten Sintang","61.05.02","Tempunak","61.05.02.2018","Balai Harapan"
"61","Kalimantan Barat","61.05","Kabupaten Sintang","61.05.02","Tempunak","61.05.02.2019","Tempunak Kapuas"
"61","Kalimantan Barat","61.05","Kabupaten Sintang","61.05.02","Tempunak","61.05.02.2020","Riam Batu"
"61","Kalimantan Barat","61.05","Kabupaten Sintang","61.05.02","Tempunak","61.05.02.2021","Pudau Bersatu"
"61","Kalimantan Barat","61.05","Kabupaten Sintang","61.05.02","Tempunak","61.05.02.2022","Kupan Jaya"
"61","Kalimantan Barat","61.05","Kabupaten Sintang","61.05.02","Tempunak","61.05.02.2023","Sungai Buluh"
"61","Kalimantan Barat","61.05","Kabupaten Sintang","61.05.02","Tempunak","61.05.02.2024","Jaya Mentari"
"61","Kalimantan Barat","61.05","Kabupaten Sintang","61.05.02","Tempunak","61.05.02.2025","Pekulai Bersatu"
"61","Kalimantan Barat","61.05","Kabupaten Sintang","61.05.02","Tempunak","61.05.02.2026","Mensiap Jaya"
"61","Kalimantan Barat","61.05","Kabupaten Sintang","61.05.03","Sepauk","61.05.03.2001","Nanga Sepauk"
"61","Kalimantan Barat","61.05","Kabupaten Sintang","61.05.03","Sepauk","61.05.03.2002","Tanjung Ria"
"61","Kalimantan Barat","61.05","Kabupaten Sintang","61.05.03","Sepauk","61.05.03.2003","Sekubang"
"61","Kalimantan Barat","61.05","Kabupaten Sintang","61.05.03","Sepauk","61.05.03.2004","Kenyauk"
"61","Kalimantan Barat","61.05","Kabupaten Sintang","61.05.03","Sepauk","61.05.03.2005","Lengkenat"
"61","Kalimantan Barat","61.05","Kabupaten Sintang","61.05.03","Sepauk","61.05.03.2006","Manis Raya"
"61","Kalimantan Barat","61.05","Kabupaten Sintang","61.05.03","Sepauk","61.05.03.2007","Temiang Kapuas"
"61","Kalimantan Barat","61.05","Kabupaten Sintang","61.05.03","Sepauk","61.05.03.2008","Ensabang"
"61","Kalimantan Barat","61.05","Kabupaten Sintang","61.05.03","Sepauk","61.05.03.2009","Mait Hilir"
"61","Kalimantan Barat","61.05","Kabupaten Sintang","61.05.03","Sepauk","61.05.03.2010","Sekujam Timbai"
"61","Kalimantan Barat","61.05","Kabupaten Sintang","61.05.03","Sepauk","61.05.03.2011","Semuntai"
"61","Kalimantan Barat","61.05","Kabupaten Sintang","61.05.03","Sepauk","61.05.03.2012","Sirang Setambang"
"61","Kalimantan Barat","61.05","Kabupaten Sintang","61.05.03","Sepauk","61.05.03.2013","Nanga Libau"
"61","Kalimantan Barat","61.05","Kabupaten Sintang","61.05.03","Sepauk","61.05.03.2014","Bernayau"
"61","Kalimantan Barat","61.05","Kabupaten Sintang","61.05.03","Sepauk","61.05.03.2015","Sinar Pekayau"
"61","Kalimantan Barat","61.05","Kabupaten Sintang","61.05.03","Sepauk","61.05.03.2016","Nanga Pari"
"61","Kalimantan Barat","61.05","Kabupaten Sintang","61.05.03","Sepauk","61.05.03.2017","Buluh Kuning"
"61","Kalimantan Barat","61.05","Kabupaten Sintang","61.05.03","Sepauk","61.05.03.2018","Temawang Muntai"
"61","Kalimantan Barat","61.05","Kabupaten Sintang","61.05.03","Sepauk","61.05.03.2019","Tawang Sari"
"61","Kalimantan Barat","61.05","Kabupaten Sintang","61.05.03","Sepauk","61.05.03.2020","Gernis Jaya"
"61","Kalimantan Barat","61.05","Kabupaten Sintang","61.05.03","Sepauk","61.05.03.2021","Paoh Benua"
"61","Kalimantan Barat","61.05","Kabupaten Sintang","61.05.03","Sepauk","61.05.03.2022","Bedayan"
"61","Kalimantan Barat","61.05","Kabupaten Sintang","61.05.03","Sepauk","61.05.03.2023","Tanjung Hulu"
"61","Kalimantan Barat","61.05","Kabupaten Sintang","61.05.03","Sepauk","61.05.03.2024","Sungai Raya"
"61","Kalimantan Barat","61.05","Kabupaten Sintang","61.05.03","Sepauk","61.05.03.2025","Landau Panjang"
"61","Kalimantan Barat","61.05","Kabupaten Sintang","61.05.03","Sepauk","61.05.03.2026","Bangun"
"61","Kalimantan Barat","61.05","Kabupaten Sintang","61.05.03","Sepauk","61.05.03.2027","Sukau Bersatu"
"61","Kalimantan Barat","61.05","Kabupaten Sintang","61.05.03","Sepauk","61.05.03.2028","Kemantan"
"61","Kalimantan Barat","61.05","Kabupaten Sintang","61.05.03","Sepauk","61.05.03.2029","Peninsung"
"61","Kalimantan Barat","61.05","Kabupaten Sintang","61.05.03","Sepauk","61.05.03.2030","Sepulut"
"61","Kalimantan Barat","61.05","Kabupaten Sintang","61.05.03","Sepauk","61.05.03.2031","Temawang Bulai"
"61","Kalimantan Barat","61.05","Kabupaten Sintang","61.05.03","Sepauk","61.05.03.2032","Sungai Segak"
"61","Kalimantan Barat","61.05","Kabupaten Sintang","61.05.03","Sepauk","61.05.03.2033","Tanjung Balai"
"61","Kalimantan Barat","61.05","Kabupaten Sintang","61.05.03","Sepauk","61.05.03.2034","Sinar Harapan"
"61","Kalimantan Barat","61.05","Kabupaten Sintang","61.05.03","Sepauk","61.05.03.2035","Riam Kempadik"
"61","Kalimantan Barat","61.05","Kabupaten Sintang","61.05.03","Sepauk","61.05.03.2036","Nanga Layung"
"61","Kalimantan Barat","61.05","Kabupaten Sintang","61.05.03","Sepauk","61.05.03.2037","Limau Bakti"
"61","Kalimantan Barat","61.05","Kabupaten Sintang","61.05.03","Sepauk","61.05.03.2038","Tanjung Mawang"
"61","Kalimantan Barat","61.05","Kabupaten Sintang","61.05.03","Sepauk","61.05.03.2040","Sungai Jaung"
"61","Kalimantan Barat","61.05","Kabupaten Sintang","61.05.04","Ketungau Hilir","61.05.04.2001","Nanga Ketungau"
"61","Kalimantan Barat","61.05","Kabupaten Sintang","61.05.04","Ketungau Hilir","61.05.04.2002","Setungkup"
"61","Kalimantan Barat","61.05","Kabupaten Sintang","61.05.04","Ketungau Hilir","61.05.04.2004","Sungai Mali"
"61","Kalimantan Barat","61.05","Kabupaten Sintang","61.05.04","Ketungau Hilir","61.05.04.2005","Air Nyuruk"
"61","Kalimantan Barat","61.05","Kabupaten Sintang","61.05.04","Ketungau Hilir","61.05.04.2006","Nanga Merkak"
"61","Kalimantan Barat","61.05","Kabupaten Sintang","61.05.04","Ketungau Hilir","61.05.04.2007","Sungai Deras"
"61","Kalimantan Barat","61.05","Kabupaten Sintang","61.05.04","Ketungau Hilir","61.05.04.2008","Nanga Sejirak"
"61","Kalimantan Barat","61.05","Kabupaten Sintang","61.05.04","Ketungau Hilir","61.05.04.2009","Semuntai"
"61","Kalimantan Barat","61.05","Kabupaten Sintang","61.05.04","Ketungau Hilir","61.05.04.2010","Senibung"
"61","Kalimantan Barat","61.05","Kabupaten Sintang","61.05.04","Ketungau Hilir","61.05.04.2011","Tanjung Baung"
"61","Kalimantan Barat","61.05","Kabupaten Sintang","61.05.04","Ketungau Hilir","61.05.04.2012","Baung Sengatap"
"61","Kalimantan Barat","61.05","Kabupaten Sintang","61.05.04","Ketungau Hilir","61.05.04.2013","Semajau Mekar"
"61","Kalimantan Barat","61.05","Kabupaten Sintang","61.05.04","Ketungau Hilir","61.05.04.2014","Beluh Mulyo"
"61","Kalimantan Barat","61.05","Kabupaten Sintang","61.05.04","Ketungau Hilir","61.05.04.2015","Batu Ampar"
"61","Kalimantan Barat","61.05","Kabupaten Sintang","61.05.04","Ketungau Hilir","61.05.04.2016","Bukit Sidin Permai"
"61","Kalimantan Barat","61.05","Kabupaten Sintang","61.05.04","Ketungau Hilir","61.05.04.2017","Betung Permai"
"61","Kalimantan Barat","61.05","Kabupaten Sintang","61.05.04","Ketungau Hilir","61.05.04.2018","Kenuak"
"61","Kalimantan Barat","61.05","Kabupaten Sintang","61.05.04","Ketungau Hilir","61.05.04.2019","Jentawang Hilir"
"61","Kalimantan Barat","61.05","Kabupaten Sintang","61.05.04","Ketungau Hilir","61.05.04.2020","Batu Nyadi"
"61","Kalimantan Barat","61.05","Kabupaten Sintang","61.05.04","Ketungau Hilir","61.05.04.2021","Ratu Damai"
"61","Kalimantan Barat","61.05","Kabupaten Sintang","61.05.04","Ketungau Hilir","61.05.04.2022","Lepung Pantak"
"61","Kalimantan Barat","61.05","Kabupaten Sintang","61.05.04","Ketungau Hilir","61.05.04.2023","Pampang Dua"
"61","Kalimantan Barat","61.05","Kabupaten Sintang","61.05.04","Ketungau Hilir","61.05.04.2024","Mungguk Kelapa"
"61","Kalimantan Barat","61.05","Kabupaten Sintang","61.05.04","Ketungau Hilir","61.05.04.2025","Maung"
"61","Kalimantan Barat","61.05","Kabupaten Sintang","61.05.05","Ketungau Tengah","61.05.05.2001","Wirayuda"
"61","Kalimantan Barat","61.05","Kabupaten Sintang","61.05.05","Ketungau Tengah","61.05.05.2002","Tanjung Sari"
"61","Kalimantan Barat","61.05","Kabupaten Sintang","61.05.05","Ketungau Tengah","61.05.05.2003","Panding Jaya"
"61","Kalimantan Barat","61.05","Kabupaten Sintang","61.05.05","Ketungau Tengah","61.05.05.2004","Tirta Karya"
"61","Kalimantan Barat","61.05","Kabupaten Sintang","61.05.05","Ketungau Tengah","61.05.05.2005","Begelang Jaya"
"61","Kalimantan Barat","61.05","Kabupaten Sintang","61.05.05","Ketungau Tengah","61.05.05.2006","Sumber Sari"
"61","Kalimantan Barat","61.05","Kabupaten Sintang","61.05.05","Ketungau Tengah","61.05.05.2007","Panggi Agung"
"61","Kalimantan Barat","61.05","Kabupaten Sintang","61.05.05","Ketungau Tengah","61.05.05.2008","Kerta Sari"
"61","Kalimantan Barat","61.05","Kabupaten Sintang","61.05.05","Ketungau Tengah","61.05.05.2009","Argo Mulyo"
"61","Kalimantan Barat","61.05","Kabupaten Sintang","61.05.05","Ketungau Tengah","61.05.05.2010","Wana Bhakti"
"61","Kalimantan Barat","61.05","Kabupaten Sintang","61.05.05","Ketungau Tengah","61.05.05.2011","Swadaya"
"61","Kalimantan Barat","61.05","Kabupaten Sintang","61.05.05","Ketungau Tengah","61.05.05.2012","Margahayu"
"61","Kalimantan Barat","61.05","Kabupaten Sintang","61.05.05","Ketungau Tengah","61.05.05.2013","Gut Jaya Bhakti"
"61","Kalimantan Barat","61.05","Kabupaten Sintang","61.05.05","Ketungau Tengah","61.05.05.2014","Landau Buaya"
"61","Kalimantan Barat","61.05","Kabupaten Sintang","61.05.05","Ketungau Tengah","61.05.05.2015","Kayu Dujung"
"61","Kalimantan Barat","61.05","Kabupaten Sintang","61.05.05","Ketungau Tengah","61.05.05.2016","Senangan Kecil"
"61","Kalimantan Barat","61.05","Kabupaten Sintang","61.05.05","Ketungau Tengah","61.05.05.2017","Sungai Areh"
"61","Kalimantan Barat","61.05","Kabupaten Sintang","61.05.05","Ketungau Tengah","61.05.05.2018","Mungguk Gelombang"
"61","Kalimantan Barat","61.05","Kabupaten Sintang","61.05.05","Ketungau Tengah","61.05.05.2019","Mungguk Lawang"
"61","Kalimantan Barat","61.05","Kabupaten Sintang","61.05.05","Ketungau Tengah","61.05.05.2020","Nanga Kelapan"
"61","Kalimantan Barat","61.05","Kabupaten Sintang","61.05.05","Ketungau Tengah","61.05.05.2021","Panggi Ruguk"
"61","Kalimantan Barat","61.05","Kabupaten Sintang","61.05.05","Ketungau Tengah","61.05.05.2022","Bakti Senabung"
"61","Kalimantan Barat","61.05","Kabupaten Sintang","61.05.05","Ketungau Tengah","61.05.05.2023","Engkitan"
"61","Kalimantan Barat","61.05","Kabupaten Sintang","61.05.05","Ketungau Tengah","61.05.05.2024","Landau Temiang"
"61","Kalimantan Barat","61.05","Kabupaten Sintang","61.05.05","Ketungau Tengah","61.05.05.2025","Padung Kumang"
"61","Kalimantan Barat","61.05","Kabupaten Sintang","61.05.05","Ketungau Tengah","61.05.05.2026","Radin Jaya"
"61","Kalimantan Barat","61.05","Kabupaten Sintang","61.05.05","Ketungau Tengah","61.05.05.2027","Senangan Jaya"
"61","Kalimantan Barat","61.05","Kabupaten Sintang","61.05.05","Ketungau Tengah","61.05.05.2028","Kubu Berangan"
"61","Kalimantan Barat","61.05","Kabupaten Sintang","61.05.05","Ketungau Tengah","61.05.05.2029","Semareh"
"61","Kalimantan Barat","61.05","Kabupaten Sintang","61.05.06","Ketungau Hulu","61.05.06.2001","Senaning"
"61","Kalimantan Barat","61.05","Kabupaten Sintang","61.05.06","Ketungau Hulu","61.05.06.2002","Empura"
"61","Kalimantan Barat","61.05","Kabupaten Sintang","61.05.06","Ketungau Hulu","61.05.06.2003","Sebadak"
"61","Kalimantan Barat","61.05","Kabupaten Sintang","61.05.06","Ketungau Hulu","61.05.06.2004","Sepiluk"
"61","Kalimantan Barat","61.05","Kabupaten Sintang","61.05.06","Ketungau Hulu","61.05.06.2005","Sungai Seria"
"61","Kalimantan Barat","61.05","Kabupaten Sintang","61.05.06","Ketungau Hulu","61.05.06.2006","Suak Medang"
"61","Kalimantan Barat","61.05","Kabupaten Sintang","61.05.06","Ketungau Hulu","61.05.06.2007","Nanga Bayan"
"61","Kalimantan Barat","61.05","Kabupaten Sintang","61.05.06","Ketungau Hulu","61.05.06.2008","Rasau"
"61","Kalimantan Barat","61.05","Kabupaten Sintang","61.05.06","Ketungau Hulu","61.05.06.2009","Jasa"
"61","Kalimantan Barat","61.05","Kabupaten Sintang","61.05.06","Ketungau Hulu","61.05.06.2010","Sungai Bugau"
"61","Kalimantan Barat","61.05","Kabupaten Sintang","61.05.06","Ketungau Hulu","61.05.06.2011","Nanga Bugau"
"61","Kalimantan Barat","61.05","Kabupaten Sintang","61.05.06","Ketungau Hulu","61.05.06.2012","Empunak Tapang Keladan"
"61","Kalimantan Barat","61.05","Kabupaten Sintang","61.05.06","Ketungau Hulu","61.05.06.2013","Sebetung Paluk"
"61","Kalimantan Barat","61.05","Kabupaten Sintang","61.05.06","Ketungau Hulu","61.05.06.2014","Muakan Petinggi"
"61","Kalimantan Barat","61.05","Kabupaten Sintang","61.05.06","Ketungau Hulu","61.05.06.2015","Nanga Sebawang"
"61","Kalimantan Barat","61.05","Kabupaten Sintang","61.05.06","Ketungau Hulu","61.05.06.2016","Sekaih"
"61","Kalimantan Barat","61.05","Kabupaten Sintang","61.05.06","Ketungau Hulu","61.05.06.2017","Bekuan Luyang"
"61","Kalimantan Barat","61.05","Kabupaten Sintang","61.05.06","Ketungau Hulu","61.05.06.2018","Sungai Pisau"
"61","Kalimantan Barat","61.05","Kabupaten Sintang","61.05.06","Ketungau Hulu","61.05.06.2019","Mungguk Entawak"
"61","Kalimantan Barat","61.05","Kabupaten Sintang","61.05.06","Ketungau Hulu","61.05.06.2020","Embaleh"
"61","Kalimantan Barat","61.05","Kabupaten Sintang","61.05.06","Ketungau Hulu","61.05.06.2021","Sebuluh"
"61","Kalimantan Barat","61.05","Kabupaten Sintang","61.05.06","Ketungau Hulu","61.05.06.2022","Riam Sejawak"
"61","Kalimantan Barat","61.05","Kabupaten Sintang","61.05.06","Ketungau Hulu","61.05.06.2023","Engkeruh"
"61","Kalimantan Barat","61.05","Kabupaten Sintang","61.05.06","Ketungau Hulu","61.05.06.2024","Sungai Kelik"
"61","Kalimantan Barat","61.05","Kabupaten Sintang","61.05.06","Ketungau Hulu","61.05.06.2025","Idai"
"61","Kalimantan Barat","61.05","Kabupaten Sintang","61.05.06","Ketungau Hulu","61.05.06.2026","Sungai Mawang"
"61","Kalimantan Barat","61.05","Kabupaten Sintang","61.05.06","Ketungau Hulu","61.05.06.2027","Ujung Kempas"
"61","Kalimantan Barat","61.05","Kabupaten Sintang","61.05.06","Ketungau Hulu","61.05.06.2028","Neraci Jaya"
"61","Kalimantan Barat","61.05","Kabupaten Sintang","61.05.06","Ketungau Hulu","61.05.06.2029","Sejawak"
"61","Kalimantan Barat","61.05","Kabupaten Sintang","61.05.07","Dedai","61.05.07.2001","Nanga Jetak"
"61","Kalimantan Barat","61.05","Kabupaten Sintang","61.05.07","Dedai","61.05.07.2002","Nanga Dedai"
"61","Kalimantan Barat","61.05","Kabupaten Sintang","61.05.07","Dedai","61.05.07.2003","Gandis"
"61","Kalimantan Barat","61.05","Kabupaten Sintang","61.05.07","Dedai","61.05.07.2004","Sungai Mali"
"61","Kalimantan Barat","61.05","Kabupaten Sintang","61.05.07","Dedai","61.05.07.2005","Riguk"
"61","Kalimantan Barat","61.05","Kabupaten Sintang","61.05.07","Dedai","61.05.07.2006","Pengkadan Baru"
"61","Kalimantan Barat","61.05","Kabupaten Sintang","61.05.07","Dedai","61.05.07.2007","Tauk"
"61","Kalimantan Barat","61.05","Kabupaten Sintang","61.05.07","Dedai","61.05.07.2008","Empaci"
"61","Kalimantan Barat","61.05","Kabupaten Sintang","61.05.07","Dedai","61.05.07.2009","Baras"
"61","Kalimantan Barat","61.05","Kabupaten Sintang","61.05.07","Dedai","61.05.07.2010","Pengkadan Sungai Rupa"
"61","Kalimantan Barat","61.05","Kabupaten Sintang","61.05.07","Dedai","61.05.07.2011","Kumpang"
"61","Kalimantan Barat","61.05","Kabupaten Sintang","61.05.07","Dedai","61.05.07.2012","Mangat Baru"
"61","Kalimantan Barat","61.05","Kabupaten Sintang","61.05.07","Dedai","61.05.07.2013","Menaong Baru"
"61","Kalimantan Barat","61.05","Kabupaten Sintang","61.05.07","Dedai","61.05.07.2014","Emparu Baru"
"61","Kalimantan Barat","61.05","Kabupaten Sintang","61.05.07","Dedai","61.05.07.2015","Lundang Baru"
"61","Kalimantan Barat","61.05","Kabupaten Sintang","61.05.07","Dedai","61.05.07.2016","Penyak Lalang"
"61","Kalimantan Barat","61.05","Kabupaten Sintang","61.05.07","Dedai","61.05.07.2017","Umin Jaya"
"61","Kalimantan Barat","61.05","Kabupaten Sintang","61.05.07","Dedai","61.05.07.2018","Merempit Baru"
"61","Kalimantan Barat","61.05","Kabupaten Sintang","61.05.07","Dedai","61.05.07.2019","Dedai Kanan"
"61","Kalimantan Barat","61.05","Kabupaten Sintang","61.05.07","Dedai","61.05.07.2020","Sungai Tapang"
"61","Kalimantan Barat","61.05","Kabupaten Sintang","61.05.07","Dedai","61.05.07.2021","Gandis Hulu"
"61","Kalimantan Barat","61.05","Kabupaten Sintang","61.05.07","Dedai","61.05.07.2022","Hulu Dedai"
"61","Kalimantan Barat","61.05","Kabupaten Sintang","61.05.07","Dedai","61.05.07.2023","Apin Baru"
"61","Kalimantan Barat","61.05","Kabupaten Sintang","61.05.07","Dedai","61.05.07.2024","Jangkang"
"61","Kalimantan Barat","61.05","Kabupaten Sintang","61.05.07","Dedai","61.05.07.2025","Belinyuk Sibau"
"61","Kalimantan Barat","61.05","Kabupaten Sintang","61.05.07","Dedai","61.05.07.2026","Mengkirai Jaya"
"61","Kalimantan Barat","61.05","Kabupaten Sintang","61.05.07","Dedai","61.05.07.2027","Terusan"
"61","Kalimantan Barat","61.05","Kabupaten Sintang","61.05.07","Dedai","61.05.07.2028","Tanjung"
"61","Kalimantan Barat","61.05","Kabupaten Sintang","61.05.07","Dedai","61.05.07.2029","Batu Landung"
"61","Kalimantan Barat","61.05","Kabupaten Sintang","61.05.07","Dedai","61.05.07.2030","Samak"
"61","Kalimantan Barat","61.05","Kabupaten Sintang","61.05.07","Dedai","61.05.07.2031","Manyam"
"61","Kalimantan Barat","61.05","Kabupaten Sintang","61.05.08","Kayan Hilir","61.05.08.2001","Nanga Mau"
"61","Kalimantan Barat","61.05","Kabupaten Sintang","61.05.08","Kayan Hilir","61.05.08.2002","Jambu"
"61","Kalimantan Barat","61.05","Kabupaten Sintang","61.05.08","Kayan Hilir","61.05.08.2003","Tertung Mau"
"61","Kalimantan Barat","61.05","Kabupaten Sintang","61.05.08","Kayan Hilir","61.05.08.2004","Mentunai"
"61","Kalimantan Barat","61.05","Kabupaten Sintang","61.05.08","Kayan Hilir","61.05.08.2005","Tuguk"
"61","Kalimantan Barat","61.05","Kabupaten Sintang","61.05.08","Kayan Hilir","61.05.08.2006","Natai Tebedak"
"61","Kalimantan Barat","61.05","Kabupaten Sintang","61.05.08","Kayan Hilir","61.05.08.2007","Nyangkom"
"61","Kalimantan Barat","61.05","Kabupaten Sintang","61.05.08","Kayan Hilir","61.05.08.2008","Melingkat"
"61","Kalimantan Barat","61.05","Kabupaten Sintang","61.05.08","Kayan Hilir","61.05.08.2009","Nanga Tikan"
"61","Kalimantan Barat","61.05","Kabupaten Sintang","61.05.08","Kayan Hilir","61.05.08.2010","Pelaik"
"61","Kalimantan Barat","61.05","Kabupaten Sintang","61.05.08","Kayan Hilir","61.05.08.2011","Kerapa Sepan"
"61","Kalimantan Barat","61.05","Kabupaten Sintang","61.05.08","Kayan Hilir","61.05.08.2012","Sungai Buaya"
"61","Kalimantan Barat","61.05","Kabupaten Sintang","61.05.08","Kayan Hilir","61.05.08.2013","Pakak"
"61","Kalimantan Barat","61.05","Kabupaten Sintang","61.05.08","Kayan Hilir","61.05.08.2014","Sungai Sintang"
"61","Kalimantan Barat","61.05","Kabupaten Sintang","61.05.08","Kayan Hilir","61.05.08.2015","Sungai Garong"
"61","Kalimantan Barat","61.05","Kabupaten Sintang","61.05.08","Kayan Hilir","61.05.08.2016","Paoh Desa"
"61","Kalimantan Barat","61.05","Kabupaten Sintang","61.05.08","Kayan Hilir","61.05.08.2017","Jaya Sakti"
"61","Kalimantan Barat","61.05","Kabupaten Sintang","61.05.08","Kayan Hilir","61.05.08.2018","Mekar Mandiri"
"61","Kalimantan Barat","61.05","Kabupaten Sintang","61.05.08","Kayan Hilir","61.05.08.2019","Landau Beringin"
"61","Kalimantan Barat","61.05","Kabupaten Sintang","61.05.08","Kayan Hilir","61.05.08.2020","Karya Baru"
"61","Kalimantan Barat","61.05","Kabupaten Sintang","61.05.08","Kayan Hilir","61.05.08.2021","Bukit Segaloh"
"61","Kalimantan Barat","61.05","Kabupaten Sintang","61.05.08","Kayan Hilir","61.05.08.2022","Engkerangan"
"61","Kalimantan Barat","61.05","Kabupaten Sintang","61.05.08","Kayan Hilir","61.05.08.2023","Lalang Inggar"
"61","Kalimantan Barat","61.05","Kabupaten Sintang","61.05.08","Kayan Hilir","61.05.08.2024","Linggam Permai"
"61","Kalimantan Barat","61.05","Kabupaten Sintang","61.05.08","Kayan Hilir","61.05.08.2025","Sungai Menuang"
"61","Kalimantan Barat","61.05","Kabupaten Sintang","61.05.08","Kayan Hilir","61.05.08.2026","Natai Lesung"
"61","Kalimantan Barat","61.05","Kabupaten Sintang","61.05.08","Kayan Hilir","61.05.08.2027","Begendang Mal"
"61","Kalimantan Barat","61.05","Kabupaten Sintang","61.05.08","Kayan Hilir","61.05.08.2028","Sungai Ranap"
"61","Kalimantan Barat","61.05","Kabupaten Sintang","61.05.08","Kayan Hilir","61.05.08.2029","Lengkong Bindu"
"61","Kalimantan Barat","61.05","Kabupaten Sintang","61.05.08","Kayan Hilir","61.05.08.2030","Nanga Lidau"
"61","Kalimantan Barat","61.05","Kabupaten Sintang","61.05.08","Kayan Hilir","61.05.08.2031","Mengkirai"
"61","Kalimantan Barat","61.05","Kabupaten Sintang","61.05.08","Kayan Hilir","61.05.08.2032","Tanjung Keliling"
"61","Kalimantan Barat","61.05","Kabupaten Sintang","61.05.08","Kayan Hilir","61.05.08.2033","Buluk Jegara"
"61","Kalimantan Barat","61.05","Kabupaten Sintang","61.05.08","Kayan Hilir","61.05.08.2034","Buluk Panjang"
"61","Kalimantan Barat","61.05","Kabupaten Sintang","61.05.08","Kayan Hilir","61.05.08.2035","Tanjung Putar"
"61","Kalimantan Barat","61.05","Kabupaten Sintang","61.05.08","Kayan Hilir","61.05.08.2036","Sungai Emang"
"61","Kalimantan Barat","61.05","Kabupaten Sintang","61.05.08","Kayan Hilir","61.05.08.2037","Sungai Meraya"
"61","Kalimantan Barat","61.05","Kabupaten Sintang","61.05.08","Kayan Hilir","61.05.08.2038","Kempas Raya"
"61","Kalimantan Barat","61.05","Kabupaten Sintang","61.05.08","Kayan Hilir","61.05.08.2039","Ipoh Emang"
"61","Kalimantan Barat","61.05","Kabupaten Sintang","61.05.08","Kayan Hilir","61.05.08.2040","Sungai Pengga"
"61","Kalimantan Barat","61.05","Kabupaten Sintang","61.05.08","Kayan Hilir","61.05.08.2041","Batu Netak"
"61","Kalimantan Barat","61.05","Kabupaten Sintang","61.05.08","Kayan Hilir","61.05.08.2042","Neran Baya"
"61","Kalimantan Barat","61.05","Kabupaten Sintang","61.05.08","Kayan Hilir","61.05.08.2043","Monbai Begununk"
"61","Kalimantan Barat","61.05","Kabupaten Sintang","61.05.09","Kayan Hulu","61.05.09.2001","Nanga Tebidah"
"61","Kalimantan Barat","61.05","Kabupaten Sintang","61.05.09","Kayan Hulu","61.05.09.2002","Nanga Payak"
"61","Kalimantan Barat","61.05","Kabupaten Sintang","61.05.09","Kayan Hulu","61.05.09.2003","Tanjung Bunga"
"61","Kalimantan Barat","61.05","Kabupaten Sintang","61.05.09","Kayan Hulu","61.05.09.2004","Nanga Toran"
"61","Kalimantan Barat","61.05","Kabupaten Sintang","61.05.09","Kayan Hulu","61.05.09.2005","Riam Panjang"
"61","Kalimantan Barat","61.05","Kabupaten Sintang","61.05.09","Kayan Hulu","61.05.09.2006","Entogong"
"61","Kalimantan Barat","61.05","Kabupaten Sintang","61.05.09","Kayan Hulu","61.05.09.2007","Nanga Tonggoi"
"61","Kalimantan Barat","61.05","Kabupaten Sintang","61.05.09","Kayan Hulu","61.05.09.2008","Tanjung Lalau"
"61","Kalimantan Barat","61.05","Kabupaten Sintang","61.05.09","Kayan Hulu","61.05.09.2009","Lintang Tambuk"
"61","Kalimantan Barat","61.05","Kabupaten Sintang","61.05.09","Kayan Hulu","61.05.09.2010","Nanga Masau"
"61","Kalimantan Barat","61.05","Kabupaten Sintang","61.05.09","Kayan Hulu","61.05.09.2011","Nanga Ungai"
"61","Kalimantan Barat","61.05","Kabupaten Sintang","61.05.09","Kayan Hulu","61.05.09.2012","Nanga Abai"
"61","Kalimantan Barat","61.05","Kabupaten Sintang","61.05.09","Kayan Hulu","61.05.09.2013","Nanga Laar"
"61","Kalimantan Barat","61.05","Kabupaten Sintang","61.05.09","Kayan Hulu","61.05.09.2014","Riam Muntik"
"61","Kalimantan Barat","61.05","Kabupaten Sintang","61.05.09","Kayan Hulu","61.05.09.2015","Nanga Oran"
"61","Kalimantan Barat","61.05","Kabupaten Sintang","61.05.09","Kayan Hulu","61.05.09.2016","Tonak Goneh"
"61","Kalimantan Barat","61.05","Kabupaten Sintang","61.05.09","Kayan Hulu","61.05.09.2017","Nangkak Lestari"
"61","Kalimantan Barat","61.05","Kabupaten Sintang","61.05.09","Kayan Hulu","61.05.09.2018","Topan Nanga"
"61","Kalimantan Barat","61.05","Kabupaten Sintang","61.05.09","Kayan Hulu","61.05.09.2019","Mapan Jaya"
"61","Kalimantan Barat","61.05","Kabupaten Sintang","61.05.09","Kayan Hulu","61.05.09.2020","Tanjung Miru"
"61","Kalimantan Barat","61.05","Kabupaten Sintang","61.05.09","Kayan Hulu","61.05.09.2021","Buluh Merindu"
"61","Kalimantan Barat","61.05","Kabupaten Sintang","61.05.09","Kayan Hulu","61.05.09.2022","Empakan"
"61","Kalimantan Barat","61.05","Kabupaten Sintang","61.05.09","Kayan Hulu","61.05.09.2023","Emponyang"
"61","Kalimantan Barat","61.05","Kabupaten Sintang","61.05.09","Kayan Hulu","61.05.09.2024","Merahau Permai"
"61","Kalimantan Barat","61.05","Kabupaten Sintang","61.05.09","Kayan Hulu","61.05.09.2025","Tanah Merah"
"61","Kalimantan Barat","61.05","Kabupaten Sintang","61.05.09","Kayan Hulu","61.05.09.2026","Landau Bara"
"61","Kalimantan Barat","61.05","Kabupaten Sintang","61.05.09","Kayan Hulu","61.05.09.2027","Kerapuk Jaya"
"61","Kalimantan Barat","61.05","Kabupaten Sintang","61.05.09","Kayan Hulu","61.05.09.2028","Merah Arai"
"61","Kalimantan Barat","61.05","Kabupaten Sintang","61.05.09","Kayan Hulu","61.05.09.2029","Tapang Manua"
"61","Kalimantan Barat","61.05","Kabupaten Sintang","61.05.09","Kayan Hulu","61.05.09.2030","Nanga Tampang"
"61","Kalimantan Barat","61.05","Kabupaten Sintang","61.05.09","Kayan Hulu","61.05.09.2031","Kebarau"
"61","Kalimantan Barat","61.05","Kabupaten Sintang","61.05.14","Serawai","61.05.14.2001","Nanga Serawai"
"61","Kalimantan Barat","61.05","Kabupaten Sintang","61.05.14","Serawai","61.05.14.2002","Nanga Mentatai"
"61","Kalimantan Barat","61.05","Kabupaten Sintang","61.05.14","Serawai","61.05.14.2003","Bedaha"
"61","Kalimantan Barat","61.05","Kabupaten Sintang","61.05.14","Serawai","61.05.14.2004","Begori"
"61","Kalimantan Barat","61.05","Kabupaten Sintang","61.05.14","Serawai","61.05.14.2005","Pagar Lebata"
"61","Kalimantan Barat","61.05","Kabupaten Sintang","61.05.14","Serawai","61.05.14.2006","Tontang"
"61","Kalimantan Barat","61.05","Kabupaten Sintang","61.05.14","Serawai","61.05.14.2007","Karya Jaya"
"61","Kalimantan Barat","61.05","Kabupaten Sintang","61.05.14","Serawai","61.05.14.2008","Nanga Riyoi"
"61","Kalimantan Barat","61.05","Kabupaten Sintang","61.05.14","Serawai","61.05.14.2009","Buntut Ponte"
"61","Kalimantan Barat","61.05","Kabupaten Sintang","61.05.14","Serawai","61.05.14.2010","Nanga Segulang"
"61","Kalimantan Barat","61.05","Kabupaten Sintang","61.05.14","Serawai","61.05.14.2011","Baras Nabun"
"61","Kalimantan Barat","61.05","Kabupaten Sintang","61.05.14","Serawai","61.05.14.2012","Nanga Jelundung"
"61","Kalimantan Barat","61.05","Kabupaten Sintang","61.05.14","Serawai","61.05.14.2013","Tanjung Raya"
"61","Kalimantan Barat","61.05","Kabupaten Sintang","61.05.14","Serawai","61.05.14.2014","Tahai Permai"
"61","Kalimantan Barat","61.05","Kabupaten Sintang","61.05.14","Serawai","61.05.14.2015","Merako Jaya"
"61","Kalimantan Barat","61.05","Kabupaten Sintang","61.05.14","Serawai","61.05.14.2016","Sawang Senghiang"
"61","Kalimantan Barat","61.05","Kabupaten Sintang","61.05.14","Serawai","61.05.14.2017","Tunas Harapan"
"61","Kalimantan Barat","61.05","Kabupaten Sintang","61.05.14","Serawai","61.05.14.2018","Teluk Harapan"
"61","Kalimantan Barat","61.05","Kabupaten Sintang","61.05.14","Serawai","61.05.14.2019","Gurung Senghiang"
"61","Kalimantan Barat","61.05","Kabupaten Sintang","61.05.14","Serawai","61.05.14.2020","Tanjung Harapan"
"61","Kalimantan Barat","61.05","Kabupaten Sintang","61.05.14","Serawai","61.05.14.2021","Rantau Malam"
"61","Kalimantan Barat","61.05","Kabupaten Sintang","61.05.14","Serawai","61.05.14.2022","Mentajoi"
"61","Kalimantan Barat","61.05","Kabupaten Sintang","61.05.14","Serawai","61.05.14.2023","Nanga Bihe"
"61","Kalimantan Barat","61.05","Kabupaten Sintang","61.05.14","Serawai","61.05.14.2024","Nanga Tekungai"
"61","Kalimantan Barat","61.05","Kabupaten Sintang","61.05.14","Serawai","61.05.14.2025","Talian Sahabung"
"61","Kalimantan Barat","61.05","Kabupaten Sintang","61.05.14","Serawai","61.05.14.2026","Batu Ketebung"
"61","Kalimantan Barat","61.05","Kabupaten Sintang","61.05.14","Serawai","61.05.14.2027","Muara Kota"
"61","Kalimantan Barat","61.05","Kabupaten Sintang","61.05.14","Serawai","61.05.14.2028","Mekar Sari"
"61","Kalimantan Barat","61.05","Kabupaten Sintang","61.05.14","Serawai","61.05.14.2029","Tanjung Baru"
"61","Kalimantan Barat","61.05","Kabupaten Sintang","61.05.14","Serawai","61.05.14.2030","Nusa Tujuh"
"61","Kalimantan Barat","61.05","Kabupaten Sintang","61.05.14","Serawai","61.05.14.2031","Nanga Ruhan"
"61","Kalimantan Barat","61.05","Kabupaten Sintang","61.05.14","Serawai","61.05.14.2032","Meroboi"
"61","Kalimantan Barat","61.05","Kabupaten Sintang","61.05.14","Serawai","61.05.14.2033","Panekasan"
"61","Kalimantan Barat","61.05","Kabupaten Sintang","61.05.14","Serawai","61.05.14.2034","Tamakung"
"61","Kalimantan Barat","61.05","Kabupaten Sintang","61.05.14","Serawai","61.05.14.2035","Limbur Bernaung Lestari"
"61","Kalimantan Barat","61.05","Kabupaten Sintang","61.05.14","Serawai","61.05.14.2036","Mensulung Bio"
"61","Kalimantan Barat","61.05","Kabupaten Sintang","61.05.14","Serawai","61.05.14.2037","Sabhang Landan"
"61","Kalimantan Barat","61.05","Kabupaten Sintang","61.05.14","Serawai","61.05.14.2038","Nanga Tangoi"
"61","Kalimantan Barat","61.05","Kabupaten Sintang","61.05.15","Ambalau","61.05.15.2001","Nanga Kemangai"
"61","Kalimantan Barat","61.05","Kabupaten Sintang","61.05.15","Ambalau","61.05.15.2002","Nanga Ambalau"
"61","Kalimantan Barat","61.05","Kabupaten Sintang","61.05.15","Ambalau","61.05.15.2003","Nanga Kesange"
"61","Kalimantan Barat","61.05","Kabupaten Sintang","61.05.15","Ambalau","61.05.15.2004","Nanga Menakon"
"61","Kalimantan Barat","61.05","Kabupaten Sintang","61.05.15","Ambalau","61.05.15.2005","Nanga Sake"
"61","Kalimantan Barat","61.05","Kabupaten Sintang","61.05.15","Ambalau","61.05.15.2006","Buntut Pimpin"
"61","Kalimantan Barat","61.05","Kabupaten Sintang","61.05.15","Ambalau","61.05.15.2007","Kepala Jungai"
"61","Kalimantan Barat","61.05","Kabupaten Sintang","61.05.15","Ambalau","61.05.15.2008","Tanjung Andan"
"61","Kalimantan Barat","61.05","Kabupaten Sintang","61.05.15","Ambalau","61.05.15.2009","Buntut Sabon"
"61","Kalimantan Barat","61.05","Kabupaten Sintang","61.05.15","Ambalau","61.05.15.2010","Nanga Keremoi"
"61","Kalimantan Barat","61.05","Kabupaten Sintang","61.05.15","Ambalau","61.05.15.2011","Nanga Menantak"
"61","Kalimantan Barat","61.05","Kabupaten Sintang","61.05.15","Ambalau","61.05.15.2012","Buntut Purun"
"61","Kalimantan Barat","61.05","Kabupaten Sintang","61.05.15","Ambalau","61.05.15.2013","Nanga Sakai"
"61","Kalimantan Barat","61.05","Kabupaten Sintang","61.05.15","Ambalau","61.05.15.2014","Nanga Mentomoi"
"61","Kalimantan Barat","61.05","Kabupaten Sintang","61.05.15","Ambalau","61.05.15.2015","Sungai Tambun"
"61","Kalimantan Barat","61.05","Kabupaten Sintang","61.05.15","Ambalau","61.05.15.2016","Riam Sabon"
"61","Kalimantan Barat","61.05","Kabupaten Sintang","61.05.15","Ambalau","61.05.15.2017","Nanga Ukai"
"61","Kalimantan Barat","61.05","Kabupaten Sintang","61.05.15","Ambalau","61.05.15.2018","Mensuang"
"61","Kalimantan Barat","61.05","Kabupaten Sintang","61.05.15","Ambalau","61.05.15.2019","Dahtah Bungai"
"61","Kalimantan Barat","61.05","Kabupaten Sintang","61.05.15","Ambalau","61.05.15.2020","Lunjan Tingang"
"61","Kalimantan Barat","61.05","Kabupaten Sintang","61.05.15","Ambalau","61.05.15.2021","Bukit Tinggi"
"61","Kalimantan Barat","61.05","Kabupaten Sintang","61.05.15","Ambalau","61.05.15.2022","Bukai Tukun"
"61","Kalimantan Barat","61.05","Kabupaten Sintang","61.05.15","Ambalau","61.05.15.2023","Nusa Koring"
"61","Kalimantan Barat","61.05","Kabupaten Sintang","61.05.15","Ambalau","61.05.15.2024","Purut Beribit"
"61","Kalimantan Barat","61.05","Kabupaten Sintang","61.05.15","Ambalau","61.05.15.2025","Pulou Sabhang"
"61","Kalimantan Barat","61.05","Kabupaten Sintang","61.05.15","Ambalau","61.05.15.2026","Patih Jepara"
"61","Kalimantan Barat","61.05","Kabupaten Sintang","61.05.15","Ambalau","61.05.15.2027","Korong Daso"
"61","Kalimantan Barat","61.05","Kabupaten Sintang","61.05.15","Ambalau","61.05.15.2028","Luting Mingan"
"61","Kalimantan Barat","61.05","Kabupaten Sintang","61.05.15","Ambalau","61.05.15.2029","Kolangan Juoi"
"61","Kalimantan Barat","61.05","Kabupaten Sintang","61.05.15","Ambalau","61.05.15.2030","Nanga Rade"
"61","Kalimantan Barat","61.05","Kabupaten Sintang","61.05.15","Ambalau","61.05.15.2031","Jengkarang"
"61","Kalimantan Barat","61.05","Kabupaten Sintang","61.05.15","Ambalau","61.05.15.2032","Deme"
"61","Kalimantan Barat","61.05","Kabupaten Sintang","61.05.15","Ambalau","61.05.15.2033","Nanga Pahangan"
"61","Kalimantan Barat","61.05","Kabupaten Sintang","61.05.19","Kelam Permai","61.05.19.2001","Nanga Lebang"
"61","Kalimantan Barat","61.05","Kabupaten Sintang","61.05.19","Kelam Permai","61.05.19.2002","Merpak"
"61","Kalimantan Barat","61.05","Kabupaten Sintang","61.05.19","Kelam Permai","61.05.19.2003","Kebong"
"61","Kalimantan Barat","61.05","Kabupaten Sintang","61.05.19","Kelam Permai","61.05.19.2004","Baning Panjang"
"61","Kalimantan Barat","61.05","Kabupaten Sintang","61.05.19","Kelam Permai","61.05.19.2005","Ensaid Panjang"
"61","Kalimantan Barat","61.05","Kabupaten Sintang","61.05.19","Kelam Permai","61.05.19.2006","Bengkuang"
"61","Kalimantan Barat","61.05","Kabupaten Sintang","61.05.19","Kelam Permai","61.05.19.2007","Pelimping"
"61","Kalimantan Barat","61.05","Kabupaten Sintang","61.05.19","Kelam Permai","61.05.19.2008","Sungai Pukat"
"61","Kalimantan Barat","61.05","Kabupaten Sintang","61.05.19","Kelam Permai","61.05.19.2009","Sungai Maram"
"61","Kalimantan Barat","61.05","Kabupaten Sintang","61.05.19","Kelam Permai","61.05.19.2010","Sepan Lebang"
"61","Kalimantan Barat","61.05","Kabupaten Sintang","61.05.19","Kelam Permai","61.05.19.2011","Gemba Raya"
"61","Kalimantan Barat","61.05","Kabupaten Sintang","61.05.19","Kelam Permai","61.05.19.2012","Karya Jaya Bhakti"
"61","Kalimantan Barat","61.05","Kabupaten Sintang","61.05.19","Kelam Permai","61.05.19.2013","Mandiri Jaya"
"61","Kalimantan Barat","61.05","Kabupaten Sintang","61.05.19","Kelam Permai","61.05.19.2014","Landau Kodam"
"61","Kalimantan Barat","61.05","Kabupaten Sintang","61.05.19","Kelam Permai","61.05.19.2015","Sungai Labi"
"61","Kalimantan Barat","61.05","Kabupaten Sintang","61.05.19","Kelam Permai","61.05.19.2016","Sungai Lais"
"61","Kalimantan Barat","61.05","Kabupaten Sintang","61.05.19","Kelam Permai","61.05.19.2017","Kelam Sejahtera"
"61","Kalimantan Barat","61.05","Kabupaten Sintang","61.05.20","Sungai Tebelian","61.05.20.2001","Ransi Dakan"
"61","Kalimantan Barat","61.05","Kabupaten Sintang","61.05.20","Sungai Tebelian","61.05.20.2002","Sungai Ukoi"
"61","Kalimantan Barat","61.05","Kabupaten Sintang","61.05.20","Sungai Tebelian","61.05.20.2003","Manter"
"61","Kalimantan Barat","61.05","Kabupaten Sintang","61.05.20","Sungai Tebelian","61.05.20.2004","Merarai Satu"
"61","Kalimantan Barat","61.05","Kabupaten Sintang","61.05.20","Sungai Tebelian","61.05.20.2005","Merarai Dua"
"61","Kalimantan Barat","61.05","Kabupaten Sintang","61.05.20","Sungai Tebelian","61.05.20.2006","Kajang Baru"
"61","Kalimantan Barat","61.05","Kabupaten Sintang","61.05.20","Sungai Tebelian","61.05.20.2007","Gurung Kempadik"
"61","Kalimantan Barat","61.05","Kabupaten Sintang","61.05.20","Sungai Tebelian","61.05.20.2008","Nobal"
"61","Kalimantan Barat","61.05","Kabupaten Sintang","61.05.20","Sungai Tebelian","61.05.20.2009","Baya Betung"
"61","Kalimantan Barat","61.05","Kabupaten Sintang","61.05.20","Sungai Tebelian","61.05.20.2010","Bonet Engkabang"
"61","Kalimantan Barat","61.05","Kabupaten Sintang","61.05.20","Sungai Tebelian","61.05.20.2011","Bonet Lama"
"61","Kalimantan Barat","61.05","Kabupaten Sintang","61.05.20","Sungai Tebelian","61.05.20.2012","Bancoh"
"61","Kalimantan Barat","61.05","Kabupaten Sintang","61.05.20","Sungai Tebelian","61.05.20.2013","Perembang"
"61","Kalimantan Barat","61.05","Kabupaten Sintang","61.05.20","Sungai Tebelian","61.05.20.2014","Solam Raya"
"61","Kalimantan Barat","61.05","Kabupaten Sintang","61.05.20","Sungai Tebelian","61.05.20.2015","Lebak Ubah"
"61","Kalimantan Barat","61.05","Kabupaten Sintang","61.05.20","Sungai Tebelian","61.05.20.2016","Melayang Sari"
"61","Kalimantan Barat","61.05","Kabupaten Sintang","61.05.20","Sungai Tebelian","61.05.20.2017","Sarai"
"61","Kalimantan Barat","61.05","Kabupaten Sintang","61.05.20","Sungai Tebelian","61.05.20.2018","Rarai"
"61","Kalimantan Barat","61.05","Kabupaten Sintang","61.05.20","Sungai Tebelian","61.05.20.2019","Penjernang"
"61","Kalimantan Barat","61.05","Kabupaten Sintang","61.05.20","Sungai Tebelian","61.05.20.2020","Penjernang Hulu"
"61","Kalimantan Barat","61.05","Kabupaten Sintang","61.05.20","Sungai Tebelian","61.05.20.2021","Riam Kijang"
"61","Kalimantan Barat","61.05","Kabupaten Sintang","61.05.20","Sungai Tebelian","61.05.20.2022","Baya Mulya"
"61","Kalimantan Barat","61.05","Kabupaten Sintang","61.05.20","Sungai Tebelian","61.05.20.2023","Laman Raya"
"61","Kalimantan Barat","61.05","Kabupaten Sintang","61.05.20","Sungai Tebelian","61.05.20.2024","Sabang Surai"
"61","Kalimantan Barat","61.05","Kabupaten Sintang","61.05.20","Sungai Tebelian","61.05.20.2025","Balai Agung"
"61","Kalimantan Barat","61.05","Kabupaten Sintang","61.05.20","Sungai Tebelian","61.05.20.2026","Kunyai"
"61","Kalimantan Barat","61.05","Kabupaten Sintang","61.05.21","Binjai Hulu","61.05.21.2001","Ampar Bedang"
"61","Kalimantan Barat","61.05","Kabupaten Sintang","61.05.21","Binjai Hulu","61.05.21.2002","Telaga Satu"
"61","Kalimantan Barat","61.05","Kabupaten Sintang","61.05.21","Binjai Hulu","61.05.21.2003","Telaga Dua"
"61","Kalimantan Barat","61.05","Kabupaten Sintang","61.05.21","Binjai Hulu","61.05.21.2004","Binjai Hilir"
"61","Kalimantan Barat","61.05","Kabupaten Sintang","61.05.21","Binjai Hulu","61.05.21.2005","Binjai Hulu"
"61","Kalimantan Barat","61.05","Kabupaten Sintang","61.05.21","Binjai Hulu","61.05.21.2006","Sungai Risap"
"61","Kalimantan Barat","61.05","Kabupaten Sintang","61.05.21","Binjai Hulu","61.05.21.2007","Dak Jaya"
"61","Kalimantan Barat","61.05","Kabupaten Sintang","61.05.21","Binjai Hulu","61.05.21.2008","Mensiku"
"61","Kalimantan Barat","61.05","Kabupaten Sintang","61.05.21","Binjai Hulu","61.05.21.2009","Empaka Kabiau Raya"
"61","Kalimantan Barat","61.05","Kabupaten Sintang","61.05.21","Binjai Hulu","61.05.21.2010","Sungai Risap Mensiku Bersatu"
"61","Kalimantan Barat","61.05","Kabupaten Sintang","61.05.21","Binjai Hulu","61.05.21.2011","Simba Raya"
"61","Kalimantan Barat","61.06","Kabupaten Kapuas Hulu","61.06.01","Putussibau Utara","61.06.01.1001","Putussibau Kota"
"61","Kalimantan Barat","61.06","Kabupaten Kapuas Hulu","61.06.01","Putussibau Utara","61.06.01.1002","Hilir Kantor"
"61","Kalimantan Barat","61.06","Kabupaten Kapuas Hulu","61.06.01","Putussibau Utara","61.06.01.2004","Pala Pulau"
"61","Kalimantan Barat","61.06","Kabupaten Kapuas Hulu","61.06.01","Putussibau Utara","61.06.01.2005","Sibau Hilir"
"61","Kalimantan Barat","61.06","Kabupaten Kapuas Hulu","61.06.01","Putussibau Utara","61.06.01.2006","Padua Mendalam"
"61","Kalimantan Barat","61.06","Kabupaten Kapuas Hulu","61.06.01","Putussibau Utara","61.06.01.2007","Datah Dian"
"61","Kalimantan Barat","61.06","Kabupaten Kapuas Hulu","61.06.01","Putussibau Utara","61.06.01.2008","Sibau Hulu"
"61","Kalimantan Barat","61.06","Kabupaten Kapuas Hulu","61.06.01","Putussibau Utara","61.06.01.2009","Nanga Nyabau"
"61","Kalimantan Barat","61.06","Kabupaten Kapuas Hulu","61.06.01","Putussibau Utara","61.06.01.2010","Nanga Awin"
"61","Kalimantan Barat","61.06","Kabupaten Kapuas Hulu","61.06.01","Putussibau Utara","61.06.01.2011","Ariung Mendalam"
"61","Kalimantan Barat","61.06","Kabupaten Kapuas Hulu","61.06.01","Putussibau Utara","61.06.01.2012","Nanga Sambus"
"61","Kalimantan Barat","61.06","Kabupaten Kapuas Hulu","61.06.01","Putussibau Utara","61.06.01.2013","Banua Tanga"
"61","Kalimantan Barat","61.06","Kabupaten Kapuas Hulu","61.06.01","Putussibau Utara","61.06.01.2014","Tanjung Beruang"
"61","Kalimantan Barat","61.06","Kabupaten Kapuas Hulu","61.06.01","Putussibau Utara","61.06.01.2015","Tanjung Karang"
"61","Kalimantan Barat","61.06","Kabupaten Kapuas Hulu","61.06.01","Putussibau Utara","61.06.01.2016","Seluan"
"61","Kalimantan Barat","61.06","Kabupaten Kapuas Hulu","61.06.01","Putussibau Utara","61.06.01.2017","Sungai Uluk Palin"
"61","Kalimantan Barat","61.06","Kabupaten Kapuas Hulu","61.06.01","Putussibau Utara","61.06.01.2018","Tanjung Lasa"
"61","Kalimantan Barat","61.06","Kabupaten Kapuas Hulu","61.06.01","Putussibau Utara","61.06.01.2019","Lauk"
"61","Kalimantan Barat","61.06","Kabupaten Kapuas Hulu","61.06.01","Putussibau Utara","61.06.01.2020","Jangkang"
"61","Kalimantan Barat","61.06","Kabupaten Kapuas Hulu","61.06.02","Bika","61.06.02.2001","Teluk Sindur"
"61","Kalimantan Barat","61.06","Kabupaten Kapuas Hulu","61.06.02","Bika","61.06.02.2002","Bika"
"61","Kalimantan Barat","61.06","Kabupaten Kapuas Hulu","61.06.02","Bika","61.06.02.2003","Jelemuk"
"61","Kalimantan Barat","61.06","Kabupaten Kapuas Hulu","61.06.02","Bika","61.06.02.2008","Bika Hulu"
"61","Kalimantan Barat","61.06","Kabupaten Kapuas Hulu","61.06.02","Bika","61.06.02.2009","Nanga Manday"
"61","Kalimantan Barat","61.06","Kabupaten Kapuas Hulu","61.06.02","Bika","61.06.02.2010","Melapi Manday"
"61","Kalimantan Barat","61.06","Kabupaten Kapuas Hulu","61.06.02","Bika","61.06.02.2011","Penyeluang"
"61","Kalimantan Barat","61.06","Kabupaten Kapuas Hulu","61.06.02","Bika","61.06.02.2012","Jongkong Manday"
"61","Kalimantan Barat","61.06","Kabupaten Kapuas Hulu","61.06.03","Embaloh Hilir","61.06.03.2001","Nanga Embaloh"
"61","Kalimantan Barat","61.06","Kabupaten Kapuas Hulu","61.06.03","Embaloh Hilir","61.06.03.2002","Keliling Semulung"
"61","Kalimantan Barat","61.06","Kabupaten Kapuas Hulu","61.06.03","Embaloh Hilir","61.06.03.2006","Lawik"
"61","Kalimantan Barat","61.06","Kabupaten Kapuas Hulu","61.06.03","Embaloh Hilir","61.06.03.2007","Nanga Lauk"
"61","Kalimantan Barat","61.06","Kabupaten Kapuas Hulu","61.06.03","Embaloh Hilir","61.06.03.2008","Nanga Palin"
"61","Kalimantan Barat","61.06","Kabupaten Kapuas Hulu","61.06.03","Embaloh Hilir","61.06.03.2009","Kirin Nangka"
"61","Kalimantan Barat","61.06","Kabupaten Kapuas Hulu","61.06.03","Embaloh Hilir","61.06.03.2010","Pala Pintas"
"61","Kalimantan Barat","61.06","Kabupaten Kapuas Hulu","61.06.03","Embaloh Hilir","61.06.03.2011","Ujung Bayur"
"61","Kalimantan Barat","61.06","Kabupaten Kapuas Hulu","61.06.03","Embaloh Hilir","61.06.03.2012","Belatung"
"61","Kalimantan Barat","61.06","Kabupaten Kapuas Hulu","61.06.04","Embaloh Hulu","61.06.04.2001","Banua Martinus"
"61","Kalimantan Barat","61.06","Kabupaten Kapuas Hulu","61.06.04","Embaloh Hulu","61.06.04.2002","Menua Sadap"
"61","Kalimantan Barat","61.06","Kabupaten Kapuas Hulu","61.06.04","Embaloh Hulu","61.06.04.2003","Pulau Manak"
"61","Kalimantan Barat","61.06","Kabupaten Kapuas Hulu","61.06.04","Embaloh Hulu","61.06.04.2004","Banua Ujung"
"61","Kalimantan Barat","61.06","Kabupaten Kapuas Hulu","61.06.04","Embaloh Hulu","61.06.04.2005","Saujung Giling Manik"
"61","Kalimantan Barat","61.06","Kabupaten Kapuas Hulu","61.06.04","Embaloh Hulu","61.06.04.2006","Ulak Pauk"
"61","Kalimantan Barat","61.06","Kabupaten Kapuas Hulu","61.06.04","Embaloh Hulu","61.06.04.2007","Langan Baru"
"61","Kalimantan Barat","61.06","Kabupaten Kapuas Hulu","61.06.04","Embaloh Hulu","61.06.04.2008","Batu Lintang"
"61","Kalimantan Barat","61.06","Kabupaten Kapuas Hulu","61.06.04","Embaloh Hulu","61.06.04.2009","Rantau Prapat"
"61","Kalimantan Barat","61.06","Kabupaten Kapuas Hulu","61.06.04","Embaloh Hulu","61.06.04.2010","Tamao"
"61","Kalimantan Barat","61.06","Kabupaten Kapuas Hulu","61.06.05","Bunut Hilir","61.06.05.2001","Bunut Hilir"
"61","Kalimantan Barat","61.06","Kabupaten Kapuas Hulu","61.06.05","Bunut Hilir","61.06.05.2002","Bunut Hulu"
"61","Kalimantan Barat","61.06","Kabupaten Kapuas Hulu","61.06.05","Bunut Hilir","61.06.05.2003","Teluk Aur"
"61","Kalimantan Barat","61.06","Kabupaten Kapuas Hulu","61.06.05","Bunut Hilir","61.06.05.2004","Nanga Tuan"
"61","Kalimantan Barat","61.06","Kabupaten Kapuas Hulu","61.06.05","Bunut Hilir","61.06.05.2006","Ujung Pandang"
"61","Kalimantan Barat","61.06","Kabupaten Kapuas Hulu","61.06.05","Bunut Hilir","61.06.05.2007","Empangau"
"61","Kalimantan Barat","61.06","Kabupaten Kapuas Hulu","61.06.05","Bunut Hilir","61.06.05.2008","Tembang"
"61","Kalimantan Barat","61.06","Kabupaten Kapuas Hulu","61.06.05","Bunut Hilir","61.06.05.2009","Bunut Tengah"
"61","Kalimantan Barat","61.06","Kabupaten Kapuas Hulu","61.06.05","Bunut Hilir","61.06.05.2010","Entibab"
"61","Kalimantan Barat","61.06","Kabupaten Kapuas Hulu","61.06.05","Bunut Hilir","61.06.05.2011","Kapuas Raya"
"61","Kalimantan Barat","61.06","Kabupaten Kapuas Hulu","61.06.05","Bunut Hilir","61.06.05.2012","Empangau Hilir"
"61","Kalimantan Barat","61.06","Kabupaten Kapuas Hulu","61.06.06","Bunut Hulu","61.06.06.2001","Nanga Suruk"
"61","Kalimantan Barat","61.06","Kabupaten Kapuas Hulu","61.06.06","Bunut Hulu","61.06.06.2002","Temuyuk"
"61","Kalimantan Barat","61.06","Kabupaten Kapuas Hulu","61.06.06","Bunut Hulu","61.06.06.2003","Nanga Semangut"
"61","Kalimantan Barat","61.06","Kabupaten Kapuas Hulu","61.06.06","Bunut Hulu","61.06.06.2004","Nanga Dua"
"61","Kalimantan Barat","61.06","Kabupaten Kapuas Hulu","61.06.06","Bunut Hulu","61.06.06.2005","Selaup"
"61","Kalimantan Barat","61.06","Kabupaten Kapuas Hulu","61.06.06","Bunut Hulu","61.06.06.2006","Riam Piyang"
"61","Kalimantan Barat","61.06","Kabupaten Kapuas Hulu","61.06.06","Bunut Hulu","61.06.06.2007","Nanga Payang"
"61","Kalimantan Barat","61.06","Kabupaten Kapuas Hulu","61.06.06","Bunut Hulu","61.06.06.2008","Batu Tiga"
"61","Kalimantan Barat","61.06","Kabupaten Kapuas Hulu","61.06.06","Bunut Hulu","61.06.06.2009","Semangut Utara"
"61","Kalimantan Barat","61.06","Kabupaten Kapuas Hulu","61.06.06","Bunut Hulu","61.06.06.2010","Segitak"
"61","Kalimantan Barat","61.06","Kabupaten Kapuas Hulu","61.06.06","Bunut Hulu","61.06.06.2011","Nanga Kelibang"
"61","Kalimantan Barat","61.06","Kabupaten Kapuas Hulu","61.06.06","Bunut Hulu","61.06.06.2012","Sungai Besar"
"61","Kalimantan Barat","61.06","Kabupaten Kapuas Hulu","61.06.06","Bunut Hulu","61.06.06.2013","Bakong Permai"
"61","Kalimantan Barat","61.06","Kabupaten Kapuas Hulu","61.06.06","Bunut Hulu","61.06.06.2014","Beringin"
"61","Kalimantan Barat","61.06","Kabupaten Kapuas Hulu","61.06.06","Bunut Hulu","61.06.06.2015","Pantas Bersatu"
"61","Kalimantan Barat","61.06","Kabupaten Kapuas Hulu","61.06.07","Jongkong","61.06.07.2001","Jongkong Kiri Hilir"
"61","Kalimantan Barat","61.06","Kabupaten Kapuas Hulu","61.06.07","Jongkong","61.06.07.2002","Jongkong Kanan"
"61","Kalimantan Barat","61.06","Kabupaten Kapuas Hulu","61.06.07","Jongkong","61.06.07.2003","Jongkong Kiri Hulu"
"61","Kalimantan Barat","61.06","Kabupaten Kapuas Hulu","61.06.07","Jongkong","61.06.07.2004","Jongkong Pasar"
"61","Kalimantan Barat","61.06","Kabupaten Kapuas Hulu","61.06.07","Jongkong","61.06.07.2005","Ujung Said"
"61","Kalimantan Barat","61.06","Kabupaten Kapuas Hulu","61.06.07","Jongkong","61.06.07.2006","Temenang"
"61","Kalimantan Barat","61.06","Kabupaten Kapuas Hulu","61.06.07","Jongkong","61.06.07.2007","Ujung Jambu"
"61","Kalimantan Barat","61.06","Kabupaten Kapuas Hulu","61.06.07","Jongkong","61.06.07.2008","Bontai"
"61","Kalimantan Barat","61.06","Kabupaten Kapuas Hulu","61.06.07","Jongkong","61.06.07.2009","Jongkong Kiri Tengah"
"61","Kalimantan Barat","61.06","Kabupaten Kapuas Hulu","61.06.07","Jongkong","61.06.07.2010","Jongkong Tanjung"
"61","Kalimantan Barat","61.06","Kabupaten Kapuas Hulu","61.06.07","Jongkong","61.06.07.2011","Kandung Suli"
"61","Kalimantan Barat","61.06","Kabupaten Kapuas Hulu","61.06.07","Jongkong","61.06.07.2012","Penepian Raya"
"61","Kalimantan Barat","61.06","Kabupaten Kapuas Hulu","61.06.07","Jongkong","61.06.07.2013","Karya baru"
"61","Kalimantan Barat","61.06","Kabupaten Kapuas Hulu","61.06.07","Jongkong","61.06.07.2014","Nanga Serian"
"61","Kalimantan Barat","61.06","Kabupaten Kapuas Hulu","61.06.08","Hulu Gurung","61.06.08.2001","Nanga Tepuai"
"61","Kalimantan Barat","61.06","Kabupaten Kapuas Hulu","61.06.08","Hulu Gurung","61.06.08.2002","Landau Kumpang"
"61","Kalimantan Barat","61.06","Kabupaten Kapuas Hulu","61.06.08","Hulu Gurung","61.06.08.2003","Nanga Yen"
"61","Kalimantan Barat","61.06","Kabupaten Kapuas Hulu","61.06.08","Hulu Gurung","61.06.08.2004","Lubuk Antuk"
"61","Kalimantan Barat","61.06","Kabupaten Kapuas Hulu","61.06.08","Hulu Gurung","61.06.08.2005","Parang"
"61","Kalimantan Barat","61.06","Kabupaten Kapuas Hulu","61.06.08","Hulu Gurung","61.06.08.2006","Kelakar"
"61","Kalimantan Barat","61.06","Kabupaten Kapuas Hulu","61.06.08","Hulu Gurung","61.06.08.2007","Bugang"
"61","Kalimantan Barat","61.06","Kabupaten Kapuas Hulu","61.06.08","Hulu Gurung","61.06.08.2008","Mentawit"
"61","Kalimantan Barat","61.06","Kabupaten Kapuas Hulu","61.06.08","Hulu Gurung","61.06.08.2009","Tani Makmur"
"61","Kalimantan Barat","61.06","Kabupaten Kapuas Hulu","61.06.08","Hulu Gurung","61.06.08.2010","Simpang Senara"
"61","Kalimantan Barat","61.06","Kabupaten Kapuas Hulu","61.06.08","Hulu Gurung","61.06.08.2011","Beringin"
"61","Kalimantan Barat","61.06","Kabupaten Kapuas Hulu","61.06.08","Hulu Gurung","61.06.08.2012","Sejahtera Mandiri"
"61","Kalimantan Barat","61.06","Kabupaten Kapuas Hulu","61.06.08","Hulu Gurung","61.06.08.2013","Mubung"
"61","Kalimantan Barat","61.06","Kabupaten Kapuas Hulu","61.06.08","Hulu Gurung","61.06.08.2014","Tunas Muda"
"61","Kalimantan Barat","61.06","Kabupaten Kapuas Hulu","61.06.08","Hulu Gurung","61.06.08.2015","Karya Mandiri"
"61","Kalimantan Barat","61.06","Kabupaten Kapuas Hulu","61.06.09","Selimbau","61.06.09.2001","Gudang Hulu"
"61","Kalimantan Barat","61.06","Kabupaten Kapuas Hulu","61.06.09","Selimbau","61.06.09.2002","Gudang Hilir"
"61","Kalimantan Barat","61.06","Kabupaten Kapuas Hulu","61.06.09","Selimbau","61.06.09.2003","Dalam"
"61","Kalimantan Barat","61.06","Kabupaten Kapuas Hulu","61.06.09","Selimbau","61.06.09.2004","Nibung"
"61","Kalimantan Barat","61.06","Kabupaten Kapuas Hulu","61.06.09","Selimbau","61.06.09.2005","Piasak Hilir"
"61","Kalimantan Barat","61.06","Kabupaten Kapuas Hulu","61.06.09","Selimbau","61.06.09.2006","Engkerengas"
"61","Kalimantan Barat","61.06","Kabupaten Kapuas Hulu","61.06.09","Selimbau","61.06.09.2007","Gerayau"
"61","Kalimantan Barat","61.06","Kabupaten Kapuas Hulu","61.06.09","Selimbau","61.06.09.2008","Benuis"
"61","Kalimantan Barat","61.06","Kabupaten Kapuas Hulu","61.06.09","Selimbau","61.06.09.2012","Titian Kuala"
"61","Kalimantan Barat","61.06","Kabupaten Kapuas Hulu","61.06.09","Selimbau","61.06.09.2013","Sekubah"
"61","Kalimantan Barat","61.06","Kabupaten Kapuas Hulu","61.06.09","Selimbau","61.06.09.2014","Piasak Hulu"
"61","Kalimantan Barat","61.06","Kabupaten Kapuas Hulu","61.06.09","Selimbau","61.06.09.2015","Sekulat"
"61","Kalimantan Barat","61.06","Kabupaten Kapuas Hulu","61.06.09","Selimbau","61.06.09.2016","Nanga Leboyan"
"61","Kalimantan Barat","61.06","Kabupaten Kapuas Hulu","61.06.09","Selimbau","61.06.09.2017","Vega"
"61","Kalimantan Barat","61.06","Kabupaten Kapuas Hulu","61.06.09","Selimbau","61.06.09.2018","Mawan"
"61","Kalimantan Barat","61.06","Kabupaten Kapuas Hulu","61.06.09","Selimbau","61.06.09.2019","Semalah"
"61","Kalimantan Barat","61.06","Kabupaten Kapuas Hulu","61.06.09","Selimbau","61.06.09.2020","Tempurau"
"61","Kalimantan Barat","61.06","Kabupaten Kapuas Hulu","61.06.10","Semitau","61.06.10.2001","Semitau Hulu"
"61","Kalimantan Barat","61.06","Kabupaten Kapuas Hulu","61.06.10","Semitau","61.06.10.2002","Kenerak"
"61","Kalimantan Barat","61.06","Kabupaten Kapuas Hulu","61.06.10","Semitau","61.06.10.2003","Nanga Seberuang"
"61","Kalimantan Barat","61.06","Kabupaten Kapuas Hulu","61.06.10","Semitau","61.06.10.2004","Entipan"
"61","Kalimantan Barat","61.06","Kabupaten Kapuas Hulu","61.06.10","Semitau","61.06.10.2005","Kenepai Komplek"
"61","Kalimantan Barat","61.06","Kabupaten Kapuas Hulu","61.06.10","Semitau","61.06.10.2006","Semitau Hilir"
"61","Kalimantan Barat","61.06","Kabupaten Kapuas Hulu","61.06.10","Semitau","61.06.10.2007","Nanga Kenepai"
"61","Kalimantan Barat","61.06","Kabupaten Kapuas Hulu","61.06.10","Semitau","61.06.10.2008","Tua' Abang"
"61","Kalimantan Barat","61.06","Kabupaten Kapuas Hulu","61.06.10","Semitau","61.06.10.2009","Nanga Lemedak"
"61","Kalimantan Barat","61.06","Kabupaten Kapuas Hulu","61.06.10","Semitau","61.06.10.2010","Marsedan Raya"
"61","Kalimantan Barat","61.06","Kabupaten Kapuas Hulu","61.06.10","Semitau","61.06.10.2011","Padung Kumang"
"61","Kalimantan Barat","61.06","Kabupaten Kapuas Hulu","61.06.10","Semitau","61.06.10.2012","Sekedau"
"61","Kalimantan Barat","61.06","Kabupaten Kapuas Hulu","61.06.11","Seberuang","61.06.11.2001","Sejiram"
"61","Kalimantan Barat","61.06","Kabupaten Kapuas Hulu","61.06.11","Seberuang","61.06.11.2002","Beluis Harum"
"61","Kalimantan Barat","61.06","Kabupaten Kapuas Hulu","61.06.11","Seberuang","61.06.11.2003","Gurung"
"61","Kalimantan Barat","61.06","Kabupaten Kapuas Hulu","61.06.11","Seberuang","61.06.11.2004","Bati"
"61","Kalimantan Barat","61.06","Kabupaten Kapuas Hulu","61.06.11","Seberuang","61.06.11.2005","Seneban"
"61","Kalimantan Barat","61.06","Kabupaten Kapuas Hulu","61.06.11","Seberuang","61.06.11.2006","Belikai"
"61","Kalimantan Barat","61.06","Kabupaten Kapuas Hulu","61.06.11","Seberuang","61.06.11.2007","Ranyai"
"61","Kalimantan Barat","61.06","Kabupaten Kapuas Hulu","61.06.11","Seberuang","61.06.11.2008","Emperiang"
"61","Kalimantan Barat","61.06","Kabupaten Kapuas Hulu","61.06.11","Seberuang","61.06.11.2009","Pala Kota"
"61","Kalimantan Barat","61.06","Kabupaten Kapuas Hulu","61.06.11","Seberuang","61.06.11.2010","Nanga Lot"
"61","Kalimantan Barat","61.06","Kabupaten Kapuas Hulu","61.06.11","Seberuang","61.06.11.2011","Tanjung Keliling"
"61","Kalimantan Barat","61.06","Kabupaten Kapuas Hulu","61.06.11","Seberuang","61.06.11.2012","Tajau Mada"
"61","Kalimantan Barat","61.06","Kabupaten Kapuas Hulu","61.06.11","Seberuang","61.06.11.2013","Jerenjang"
"61","Kalimantan Barat","61.06","Kabupaten Kapuas Hulu","61.06.11","Seberuang","61.06.11.2014","Bekuan"
"61","Kalimantan Barat","61.06","Kabupaten Kapuas Hulu","61.06.11","Seberuang","61.06.11.2015","Nanga Pala"
"61","Kalimantan Barat","61.06","Kabupaten Kapuas Hulu","61.06.12","Batang Lupar","61.06.12.2001","Setulang"
"61","Kalimantan Barat","61.06","Kabupaten Kapuas Hulu","61.06.12","Batang Lupar","61.06.12.2002","Sepandan"
"61","Kalimantan Barat","61.06","Kabupaten Kapuas Hulu","61.06.12","Batang Lupar","61.06.12.2003","Sungai Ajung"
"61","Kalimantan Barat","61.06","Kabupaten Kapuas Hulu","61.06.12","Batang Lupar","61.06.12.2004","Sungai Abau"
"61","Kalimantan Barat","61.06","Kabupaten Kapuas Hulu","61.06.12","Batang Lupar","61.06.12.2005","Labian"
"61","Kalimantan Barat","61.06","Kabupaten Kapuas Hulu","61.06.12","Batang Lupar","61.06.12.2006","Mensiau"
"61","Kalimantan Barat","61.06","Kabupaten Kapuas Hulu","61.06.12","Batang Lupar","61.06.12.2007","Melemba"
"61","Kalimantan Barat","61.06","Kabupaten Kapuas Hulu","61.06.12","Batang Lupar","61.06.12.2008","Lanjak Deras"
"61","Kalimantan Barat","61.06","Kabupaten Kapuas Hulu","61.06.12","Batang Lupar","61.06.12.2009","Sungai Senunuk"
"61","Kalimantan Barat","61.06","Kabupaten Kapuas Hulu","61.06.12","Batang Lupar","61.06.12.2010","Labian Ira'ang"
"61","Kalimantan Barat","61.06","Kabupaten Kapuas Hulu","61.06.13","Empanang","61.06.13.2001","Keling Panggau"
"61","Kalimantan Barat","61.06","Kabupaten Kapuas Hulu","61.06.13","Empanang","61.06.13.2002","Nanga Kantuk"
"61","Kalimantan Barat","61.06","Kabupaten Kapuas Hulu","61.06.13","Empanang","61.06.13.2003","Tintin Peninjau"
"61","Kalimantan Barat","61.06","Kabupaten Kapuas Hulu","61.06.13","Empanang","61.06.13.2004","Bajau Andai"
"61","Kalimantan Barat","61.06","Kabupaten Kapuas Hulu","61.06.13","Empanang","61.06.13.2005","Kumang Jaya"
"61","Kalimantan Barat","61.06","Kabupaten Kapuas Hulu","61.06.13","Empanang","61.06.13.2006","Laja Sandang"
"61","Kalimantan Barat","61.06","Kabupaten Kapuas Hulu","61.06.14","Badau","61.06.14.2001","Badau"
"61","Kalimantan Barat","61.06","Kabupaten Kapuas Hulu","61.06.14","Badau","61.06.14.2002","Janting"
"61","Kalimantan Barat","61.06","Kabupaten Kapuas Hulu","61.06.14","Badau","61.06.14.2003","Semuntik"
"61","Kalimantan Barat","61.06","Kabupaten Kapuas Hulu","61.06.14","Badau","61.06.14.2004","Kekurak"
"61","Kalimantan Barat","61.06","Kabupaten Kapuas Hulu","61.06.14","Badau","61.06.14.2005","Pulau Majang"
"61","Kalimantan Barat","61.06","Kabupaten Kapuas Hulu","61.06.14","Badau","61.06.14.2006","Seriang"
"61","Kalimantan Barat","61.06","Kabupaten Kapuas Hulu","61.06.14","Badau","61.06.14.2007","Sebindang"
"61","Kalimantan Barat","61.06","Kabupaten Kapuas Hulu","61.06.14","Badau","61.06.14.2008","Tinting Seligi"
"61","Kalimantan Barat","61.06","Kabupaten Kapuas Hulu","61.06.14","Badau","61.06.14.2009","Tajum"
"61","Kalimantan Barat","61.06","Kabupaten Kapuas Hulu","61.06.15","Silat Hilir","61.06.15.2001","Perigi"
"61","Kalimantan Barat","61.06","Kabupaten Kapuas Hulu","61.06.15","Silat Hilir","61.06.15.2002","Baru"
"61","Kalimantan Barat","61.06","Kabupaten Kapuas Hulu","61.06.15","Silat Hilir","61.06.15.2003","Pangeran"
"61","Kalimantan Barat","61.06","Kabupaten Kapuas Hulu","61.06.15","Silat Hilir","61.06.15.2004","Miau Merah"
"61","Kalimantan Barat","61.06","Kabupaten Kapuas Hulu","61.06.15","Silat Hilir","61.06.15.2005","Setunggul"
"61","Kalimantan Barat","61.06","Kabupaten Kapuas Hulu","61.06.15","Silat Hilir","61.06.15.2006","Sungai Sena"
"61","Kalimantan Barat","61.06","Kabupaten Kapuas Hulu","61.06.15","Silat Hilir","61.06.15.2007","Penai"
"61","Kalimantan Barat","61.06","Kabupaten Kapuas Hulu","61.06.15","Silat Hilir","61.06.15.2008","Nanga Nuar"
"61","Kalimantan Barat","61.06","Kabupaten Kapuas Hulu","61.06.15","Silat Hilir","61.06.15.2009","Bongkong"
"61","Kalimantan Barat","61.06","Kabupaten Kapuas Hulu","61.06.15","Silat Hilir","61.06.15.2010","Seberu"
"61","Kalimantan Barat","61.06","Kabupaten Kapuas Hulu","61.06.15","Silat Hilir","61.06.15.2011","Sentabai"
"61","Kalimantan Barat","61.06","Kabupaten Kapuas Hulu","61.06.15","Silat Hilir","61.06.15.2012","Rumbih"
"61","Kalimantan Barat","61.06","Kabupaten Kapuas Hulu","61.06.15","Silat Hilir","61.06.15.2013","Bukit Penai"
"61","Kalimantan Barat","61.06","Kabupaten Kapuas Hulu","61.06.16","Silat Hulu","61.06.16.2001","Nanga Dangkan"
"61","Kalimantan Barat","61.06","Kabupaten Kapuas Hulu","61.06.16","Silat Hulu","61.06.16.2002","Belimbing"
"61","Kalimantan Barat","61.06","Kabupaten Kapuas Hulu","61.06.16","Silat Hulu","61.06.16.2003","Nanga Ngeri"
"61","Kalimantan Barat","61.06","Kabupaten Kapuas Hulu","61.06.16","Silat Hulu","61.06.16.2004","Landau Badai"
"61","Kalimantan Barat","61.06","Kabupaten Kapuas Hulu","61.06.16","Silat Hulu","61.06.16.2005","Nanga Lungu"
"61","Kalimantan Barat","61.06","Kabupaten Kapuas Hulu","61.06.16","Silat Hulu","61.06.16.2006","Nanga Luan"
"61","Kalimantan Barat","61.06","Kabupaten Kapuas Hulu","61.06.16","Silat Hulu","61.06.16.2007","Riam Tapang"
"61","Kalimantan Barat","61.06","Kabupaten Kapuas Hulu","61.06.16","Silat Hulu","61.06.16.2008","Lebak Najah"
"61","Kalimantan Barat","61.06","Kabupaten Kapuas Hulu","61.06.16","Silat Hulu","61.06.16.2009","Dangkan Kota"
"61","Kalimantan Barat","61.06","Kabupaten Kapuas Hulu","61.06.16","Silat Hulu","61.06.16.2010","Perjuk"
"61","Kalimantan Barat","61.06","Kabupaten Kapuas Hulu","61.06.16","Silat Hulu","61.06.16.2011","Landau Rantau"
"61","Kalimantan Barat","61.06","Kabupaten Kapuas Hulu","61.06.16","Silat Hulu","61.06.16.2012","Entebi"
"61","Kalimantan Barat","61.06","Kabupaten Kapuas Hulu","61.06.16","Silat Hulu","61.06.16.2013","Selangkai"
"61","Kalimantan Barat","61.06","Kabupaten Kapuas Hulu","61.06.16","Silat Hulu","61.06.16.2014","Selimu"
"61","Kalimantan Barat","61.06","Kabupaten Kapuas Hulu","61.06.17","Putussibau Selatan","61.06.17.1001","Kedamin Hulu"
"61","Kalimantan Barat","61.06","Kabupaten Kapuas Hulu","61.06.17","Putussibau Selatan","61.06.17.1002","Kedamin Hilir"
"61","Kalimantan Barat","61.06","Kabupaten Kapuas Hulu","61.06.17","Putussibau Selatan","61.06.17.2003","Sungai Uluk"
"61","Kalimantan Barat","61.06","Kabupaten Kapuas Hulu","61.06.17","Putussibau Selatan","61.06.17.2004","Jaras"
"61","Kalimantan Barat","61.06","Kabupaten Kapuas Hulu","61.06.17","Putussibau Selatan","61.06.17.2005","Melapi"
"61","Kalimantan Barat","61.06","Kabupaten Kapuas Hulu","61.06.17","Putussibau Selatan","61.06.17.2014","Kedamin Darat"
"61","Kalimantan Barat","61.06","Kabupaten Kapuas Hulu","61.06.17","Putussibau Selatan","61.06.17.2015","Tanjung Jati"
"61","Kalimantan Barat","61.06","Kabupaten Kapuas Hulu","61.06.17","Putussibau Selatan","61.06.17.2016","Sayut"
"61","Kalimantan Barat","61.06","Kabupaten Kapuas Hulu","61.06.17","Putussibau Selatan","61.06.17.2017","Urang Unsa"
"61","Kalimantan Barat","61.06","Kabupaten Kapuas Hulu","61.06.17","Putussibau Selatan","61.06.17.2018","Suka Maju"
"61","Kalimantan Barat","61.06","Kabupaten Kapuas Hulu","61.06.17","Putussibau Selatan","61.06.17.2019","Cempaka Baru"
"61","Kalimantan Barat","61.06","Kabupaten Kapuas Hulu","61.06.17","Putussibau Selatan","61.06.17.2020","Beringin Jaya"
"61","Kalimantan Barat","61.06","Kabupaten Kapuas Hulu","61.06.17","Putussibau Selatan","61.06.17.2021","Bungan Jaya"
"61","Kalimantan Barat","61.06","Kabupaten Kapuas Hulu","61.06.17","Putussibau Selatan","61.06.17.2022","Tanjunglokang"
"61","Kalimantan Barat","61.06","Kabupaten Kapuas Hulu","61.06.17","Putussibau Selatan","61.06.17.2023","Kereho"
"61","Kalimantan Barat","61.06","Kabupaten Kapuas Hulu","61.06.17","Putussibau Selatan","61.06.17.2024","Ingko' Tambe"
"61","Kalimantan Barat","61.06","Kabupaten Kapuas Hulu","61.06.18","Kalis","61.06.18.2001","Nanga Sebintang"
"61","Kalimantan Barat","61.06","Kabupaten Kapuas Hulu","61.06.18","Kalis","61.06.18.2002","Nanga Lebangan"
"61","Kalimantan Barat","61.06","Kabupaten Kapuas Hulu","61.06.18","Kalis","61.06.18.2003","Nanga Kalis"
"61","Kalimantan Barat","61.06","Kabupaten Kapuas Hulu","61.06.18","Kalis","61.06.18.2004","Nanga Raun"
"61","Kalimantan Barat","61.06","Kabupaten Kapuas Hulu","61.06.18","Kalis","61.06.18.2005","Bahenap"
"61","Kalimantan Barat","61.06","Kabupaten Kapuas Hulu","61.06.18","Kalis","61.06.18.2006","Nanga Tubuk"
"61","Kalimantan Barat","61.06","Kabupaten Kapuas Hulu","61.06.18","Kalis","61.06.18.2007","Nanga Danau"
"61","Kalimantan Barat","61.06","Kabupaten Kapuas Hulu","61.06.18","Kalis","61.06.18.2008","Kensuray"
"61","Kalimantan Barat","61.06","Kabupaten Kapuas Hulu","61.06.18","Kalis","61.06.18.2009","Rantau Kalis"
"61","Kalimantan Barat","61.06","Kabupaten Kapuas Hulu","61.06.18","Kalis","61.06.18.2010","Kalis Raya"
"61","Kalimantan Barat","61.06","Kabupaten Kapuas Hulu","61.06.18","Kalis","61.06.18.2011","Tekudak"
"61","Kalimantan Barat","61.06","Kabupaten Kapuas Hulu","61.06.18","Kalis","61.06.18.2012","Semerantau"
"61","Kalimantan Barat","61.06","Kabupaten Kapuas Hulu","61.06.18","Kalis","61.06.18.2013","Tapang Da'an"
"61","Kalimantan Barat","61.06","Kabupaten Kapuas Hulu","61.06.18","Kalis","61.06.18.2014","Segiam"
"61","Kalimantan Barat","61.06","Kabupaten Kapuas Hulu","61.06.18","Kalis","61.06.18.2016","Ribang Kadeng"
"61","Kalimantan Barat","61.06","Kabupaten Kapuas Hulu","61.06.18","Kalis","61.06.18.2017","Rantau Bumbun"
"61","Kalimantan Barat","61.06","Kabupaten Kapuas Hulu","61.06.18","Kalis","61.06.18.2018","Peniung"
"61","Kalimantan Barat","61.06","Kabupaten Kapuas Hulu","61.06.19","Boyan Tanjung","61.06.19.2001","Nanga Danau"
"61","Kalimantan Barat","61.06","Kabupaten Kapuas Hulu","61.06.19","Boyan Tanjung","61.06.19.2002","Boyan Tanjung"
"61","Kalimantan Barat","61.06","Kabupaten Kapuas Hulu","61.06.19","Boyan Tanjung","61.06.19.2003","Riam Mengelai"
"61","Kalimantan Barat","61.06","Kabupaten Kapuas Hulu","61.06.19","Boyan Tanjung","61.06.19.2004","Nanga Sangan"
"61","Kalimantan Barat","61.06","Kabupaten Kapuas Hulu","61.06.19","Boyan Tanjung","61.06.19.2005","Sri Wangi"
"61","Kalimantan Barat","61.06","Kabupaten Kapuas Hulu","61.06.19","Boyan Tanjung","61.06.19.2006","Nanga Boyan"
"61","Kalimantan Barat","61.06","Kabupaten Kapuas Hulu","61.06.19","Boyan Tanjung","61.06.19.2007","Nanga Betung"
"61","Kalimantan Barat","61.06","Kabupaten Kapuas Hulu","61.06.19","Boyan Tanjung","61.06.19.2008","Mujan"
"61","Kalimantan Barat","61.06","Kabupaten Kapuas Hulu","61.06.19","Boyan Tanjung","61.06.19.2009","Nanga Jemah"
"61","Kalimantan Barat","61.06","Kabupaten Kapuas Hulu","61.06.19","Boyan Tanjung","61.06.19.2010","Tubang Jaya"
"61","Kalimantan Barat","61.06","Kabupaten Kapuas Hulu","61.06.19","Boyan Tanjung","61.06.19.2011","Karya Maju"
"61","Kalimantan Barat","61.06","Kabupaten Kapuas Hulu","61.06.19","Boyan Tanjung","61.06.19.2012","Landau Mentail"
"61","Kalimantan Barat","61.06","Kabupaten Kapuas Hulu","61.06.19","Boyan Tanjung","61.06.19.2013","Delintas Karya"
"61","Kalimantan Barat","61.06","Kabupaten Kapuas Hulu","61.06.19","Boyan Tanjung","61.06.19.2014","Teluk Geruguk"
"61","Kalimantan Barat","61.06","Kabupaten Kapuas Hulu","61.06.19","Boyan Tanjung","61.06.19.2015","Nanga Ret"
"61","Kalimantan Barat","61.06","Kabupaten Kapuas Hulu","61.06.19","Boyan Tanjung","61.06.19.2016","Pemawan"
"61","Kalimantan Barat","61.06","Kabupaten Kapuas Hulu","61.06.20","Mentebah","61.06.20.2001","Nanga Mentebah"
"61","Kalimantan Barat","61.06","Kabupaten Kapuas Hulu","61.06.20","Mentebah","61.06.20.2002","Tekalong"
"61","Kalimantan Barat","61.06","Kabupaten Kapuas Hulu","61.06.20","Mentebah","61.06.20.2003","Suka Maju"
"61","Kalimantan Barat","61.06","Kabupaten Kapuas Hulu","61.06.20","Mentebah","61.06.20.2004","Kepala Gurung"
"61","Kalimantan Barat","61.06","Kabupaten Kapuas Hulu","61.06.20","Mentebah","61.06.20.2005","Tanjung"
"61","Kalimantan Barat","61.06","Kabupaten Kapuas Hulu","61.06.20","Mentebah","61.06.20.2006","Tanjung Intan"
"61","Kalimantan Barat","61.06","Kabupaten Kapuas Hulu","61.06.20","Mentebah","61.06.20.2007","Tangai Jaya"
"61","Kalimantan Barat","61.06","Kabupaten Kapuas Hulu","61.06.20","Mentebah","61.06.20.2008","Menaren"
"61","Kalimantan Barat","61.06","Kabupaten Kapuas Hulu","61.06.21","Pengkadan","61.06.21.2001","Kerangan Panjang"
"61","Kalimantan Barat","61.06","Kabupaten Kapuas Hulu","61.06.21","Pengkadan","61.06.21.2002","Mawan"
"61","Kalimantan Barat","61.06","Kabupaten Kapuas Hulu","61.06.21","Pengkadan","61.06.21.2003","Marta Dana"
"61","Kalimantan Barat","61.06","Kabupaten Kapuas Hulu","61.06.21","Pengkadan","61.06.21.2004","Buak Limbang"
"61","Kalimantan Barat","61.06","Kabupaten Kapuas Hulu","61.06.21","Pengkadan","61.06.21.2005","Riam Panjang"
"61","Kalimantan Barat","61.06","Kabupaten Kapuas Hulu","61.06.21","Pengkadan","61.06.21.2006","Permata"
"61","Kalimantan Barat","61.06","Kabupaten Kapuas Hulu","61.06.21","Pengkadan","61.06.21.2007","Hulu Pengkadan"
"61","Kalimantan Barat","61.06","Kabupaten Kapuas Hulu","61.06.21","Pengkadan","61.06.21.2008","Pinang Laka"
"61","Kalimantan Barat","61.06","Kabupaten Kapuas Hulu","61.06.21","Pengkadan","61.06.21.2009","Sasan"
"61","Kalimantan Barat","61.06","Kabupaten Kapuas Hulu","61.06.21","Pengkadan","61.06.21.2010","Pengkadan Hilir"
"61","Kalimantan Barat","61.06","Kabupaten Kapuas Hulu","61.06.21","Pengkadan","61.06.21.2011","Sira Jaya"
"61","Kalimantan Barat","61.06","Kabupaten Kapuas Hulu","61.06.22","Suhaid","61.06.22.2001","Mensusai"
"61","Kalimantan Barat","61.06","Kabupaten Kapuas Hulu","61.06.22","Suhaid","61.06.22.2003","Kerengas"
"61","Kalimantan Barat","61.06","Kabupaten Kapuas Hulu","61.06.22","Suhaid","61.06.22.2004","Mantan"
"61","Kalimantan Barat","61.06","Kabupaten Kapuas Hulu","61.06.22","Suhaid","61.06.22.2005","Nanga Suhaid"
"61","Kalimantan Barat","61.06","Kabupaten Kapuas Hulu","61.06.22","Suhaid","61.06.22.2006","Tanjung"
"61","Kalimantan Barat","61.06","Kabupaten Kapuas Hulu","61.06.22","Suhaid","61.06.22.2007","Madang Permai"
"61","Kalimantan Barat","61.06","Kabupaten Kapuas Hulu","61.06.22","Suhaid","61.06.22.2008","Laut Tawang"
"61","Kalimantan Barat","61.06","Kabupaten Kapuas Hulu","61.06.22","Suhaid","61.06.22.2009","Jongkong Hulu"
"61","Kalimantan Barat","61.06","Kabupaten Kapuas Hulu","61.06.22","Suhaid","61.06.22.2010","Menapar"
"61","Kalimantan Barat","61.06","Kabupaten Kapuas Hulu","61.06.22","Suhaid","61.06.22.2011","Lubuk Pengail"
"61","Kalimantan Barat","61.06","Kabupaten Kapuas Hulu","61.06.22","Suhaid","61.06.22.2012","Tanjung Harapan"
"61","Kalimantan Barat","61.06","Kabupaten Kapuas Hulu","61.06.23","Puring Kencana","61.06.23.2001","Sungai Antu"
"61","Kalimantan Barat","61.06","Kabupaten Kapuas Hulu","61.06.23","Puring Kencana","61.06.23.2002","Merakai Panjang"
"61","Kalimantan Barat","61.06","Kabupaten Kapuas Hulu","61.06.23","Puring Kencana","61.06.23.2003","Kantuk Asam"
"61","Kalimantan Barat","61.06","Kabupaten Kapuas Hulu","61.06.23","Puring Kencana","61.06.23.2004","Kantuk Bunut"
"61","Kalimantan Barat","61.06","Kabupaten Kapuas Hulu","61.06.23","Puring Kencana","61.06.23.2005","Sungai Mawang"
"61","Kalimantan Barat","61.06","Kabupaten Kapuas Hulu","61.06.23","Puring Kencana","61.06.23.2006","Langau"
"61","Kalimantan Barat","61.07","Kabupaten Bengkayang","61.07.01","Sungai Raya","61.07.01.2001","Sungai Duri"
"61","Kalimantan Barat","61.07","Kabupaten Bengkayang","61.07.01","Sungai Raya","61.07.01.2004","Sungai Jaga A"
"61","Kalimantan Barat","61.07","Kabupaten Bengkayang","61.07.01","Sungai Raya","61.07.01.2005","Sungai Jaga B"
"61","Kalimantan Barat","61.07","Kabupaten Bengkayang","61.07.01","Sungai Raya","61.07.01.2006","Sungai Pangkalan I"
"61","Kalimantan Barat","61.07","Kabupaten Bengkayang","61.07.01","Sungai Raya","61.07.01.2007","Sungai Pangkalan II"
"61","Kalimantan Barat","61.07","Kabupaten Bengkayang","61.07.02","Samalantan","61.07.02.2001","Samalantan"
"61","Kalimantan Barat","61.07","Kabupaten Bengkayang","61.07.02","Samalantan","61.07.02.2002","Saba'u"
"61","Kalimantan Barat","61.07","Kabupaten Bengkayang","61.07.02","Samalantan","61.07.02.2003","Tumiang"
"61","Kalimantan Barat","61.07","Kabupaten Bengkayang","61.07.02","Samalantan","61.07.02.2004","Babane"
"61","Kalimantan Barat","61.07","Kabupaten Bengkayang","61.07.02","Samalantan","61.07.02.2005","Pasti Jaya"
"61","Kalimantan Barat","61.07","Kabupaten Bengkayang","61.07.02","Samalantan","61.07.02.2006","Bukit Serayan"
"61","Kalimantan Barat","61.07","Kabupaten Bengkayang","61.07.02","Samalantan","61.07.02.2007","Marunsu"
"61","Kalimantan Barat","61.07","Kabupaten Bengkayang","61.07.03","Ledo","61.07.03.2001","Lesabela"
"61","Kalimantan Barat","61.07","Kabupaten Bengkayang","61.07.03","Ledo","61.07.03.2002","Semangat"
"61","Kalimantan Barat","61.07","Kabupaten Bengkayang","61.07.03","Ledo","61.07.03.2003","Serangkat"
"61","Kalimantan Barat","61.07","Kabupaten Bengkayang","61.07.03","Ledo","61.07.03.2004","Rodaya"
"61","Kalimantan Barat","61.07","Kabupaten Bengkayang","61.07.03","Ledo","61.07.03.2005","Dayung"
"61","Kalimantan Barat","61.07","Kabupaten Bengkayang","61.07.03","Ledo","61.07.03.2007","Jesape"
"61","Kalimantan Barat","61.07","Kabupaten Bengkayang","61.07.03","Ledo","61.07.03.2011","Lomba Karya"
"61","Kalimantan Barat","61.07","Kabupaten Bengkayang","61.07.03","Ledo","61.07.03.2012","Sidai"
"61","Kalimantan Barat","61.07","Kabupaten Bengkayang","61.07.03","Ledo","61.07.03.2013","Seles"
"61","Kalimantan Barat","61.07","Kabupaten Bengkayang","61.07.03","Ledo","61.07.03.2018","Tebuah Marong"
"61","Kalimantan Barat","61.07","Kabupaten Bengkayang","61.07.03","Ledo","61.07.03.2019","Suka Damai"
"61","Kalimantan Barat","61.07","Kabupaten Bengkayang","61.07.03","Ledo","61.07.03.2021","Suka Jaya"
"61","Kalimantan Barat","61.07","Kabupaten Bengkayang","61.07.04","Bengkayang","61.07.04.1001","Bumi Emas"
"61","Kalimantan Barat","61.07","Kabupaten Bengkayang","61.07.04","Bengkayang","61.07.04.1010","Sebalo"
"61","Kalimantan Barat","61.07","Kabupaten Bengkayang","61.07.04","Bengkayang","61.07.04.2003","Tirta Kencana"
"61","Kalimantan Barat","61.07","Kabupaten Bengkayang","61.07.04","Bengkayang","61.07.04.2004","Bhakti Mulya"
"61","Kalimantan Barat","61.07","Kabupaten Bengkayang","61.07.04","Bengkayang","61.07.04.2006","Bani Amas"
"61","Kalimantan Barat","61.07","Kabupaten Bengkayang","61.07.04","Bengkayang","61.07.04.2009","Setia Budi"
"61","Kalimantan Barat","61.07","Kabupaten Bengkayang","61.07.05","Seluas","61.07.05.2001","Seluas"
"61","Kalimantan Barat","61.07","Kabupaten Bengkayang","61.07.05","Seluas","61.07.05.2002","Bengkawan"
"61","Kalimantan Barat","61.07","Kabupaten Bengkayang","61.07.05","Seluas","61.07.05.2003","Sahan"
"61","Kalimantan Barat","61.07","Kabupaten Bengkayang","61.07.05","Seluas","61.07.05.2004","Mayak"
"61","Kalimantan Barat","61.07","Kabupaten Bengkayang","61.07.05","Seluas","61.07.05.2005","Kalon"
"61","Kalimantan Barat","61.07","Kabupaten Bengkayang","61.07.05","Seluas","61.07.05.2006","Sentangau Jaya"
"61","Kalimantan Barat","61.07","Kabupaten Bengkayang","61.07.06","Sanggau Ledo","61.07.06.2001","Lembang"
"61","Kalimantan Barat","61.07","Kabupaten Bengkayang","61.07.06","Sanggau Ledo","61.07.06.2002","Gua"
"61","Kalimantan Barat","61.07","Kabupaten Bengkayang","61.07.06","Sanggau Ledo","61.07.06.2003","Bange"
"61","Kalimantan Barat","61.07","Kabupaten Bengkayang","61.07.06","Sanggau Ledo","61.07.06.2004","Danti"
"61","Kalimantan Barat","61.07","Kabupaten Bengkayang","61.07.06","Sanggau Ledo","61.07.06.2005","Sango"
"61","Kalimantan Barat","61.07","Kabupaten Bengkayang","61.07.07","Jagoi Babang","61.07.07.2001","Jagoi"
"61","Kalimantan Barat","61.07","Kabupaten Bengkayang","61.07.07","Jagoi Babang","61.07.07.2002","Kumba"
"61","Kalimantan Barat","61.07","Kabupaten Bengkayang","61.07.07","Jagoi Babang","61.07.07.2006","Sekida"
"61","Kalimantan Barat","61.07","Kabupaten Bengkayang","61.07.07","Jagoi Babang","61.07.07.2007","Gersik"
"61","Kalimantan Barat","61.07","Kabupaten Bengkayang","61.07.07","Jagoi Babang","61.07.07.2008","Semunying Jaya"
"61","Kalimantan Barat","61.07","Kabupaten Bengkayang","61.07.07","Jagoi Babang","61.07.07.2009","Sinar Baru"
"61","Kalimantan Barat","61.07","Kabupaten Bengkayang","61.07.08","Monterado","61.07.08.2002","Gerantung"
"61","Kalimantan Barat","61.07","Kabupaten Bengkayang","61.07.08","Monterado","61.07.08.2003","Monterado"
"61","Kalimantan Barat","61.07","Kabupaten Bengkayang","61.07.08","Monterado","61.07.08.2004","Goa Boma"
"61","Kalimantan Barat","61.07","Kabupaten Bengkayang","61.07.08","Monterado","61.07.08.2006","Nek Ginap"
"61","Kalimantan Barat","61.07","Kabupaten Bengkayang","61.07.08","Monterado","61.07.08.2007","Beringin Baru"
"61","Kalimantan Barat","61.07","Kabupaten Bengkayang","61.07.08","Monterado","61.07.08.2008","Sendoreng"
"61","Kalimantan Barat","61.07","Kabupaten Bengkayang","61.07.08","Monterado","61.07.08.2009","Rantau"
"61","Kalimantan Barat","61.07","Kabupaten Bengkayang","61.07.08","Monterado","61.07.08.2010","Mekar Baru"
"61","Kalimantan Barat","61.07","Kabupaten Bengkayang","61.07.08","Monterado","61.07.08.2011","Jahandung"
"61","Kalimantan Barat","61.07","Kabupaten Bengkayang","61.07.08","Monterado","61.07.08.2012","Serindu"
"61","Kalimantan Barat","61.07","Kabupaten Bengkayang","61.07.08","Monterado","61.07.08.2013","Siaga"
"61","Kalimantan Barat","61.07","Kabupaten Bengkayang","61.07.09","Teriak","61.07.09.2001","Dharma Bhakti"
"61","Kalimantan Barat","61.07","Kabupaten Bengkayang","61.07.09","Teriak","61.07.09.2002","Sumber Karya"
"61","Kalimantan Barat","61.07","Kabupaten Bengkayang","61.07.09","Teriak","61.07.09.2003","Setia Jaya"
"61","Kalimantan Barat","61.07","Kabupaten Bengkayang","61.07.09","Teriak","61.07.09.2004","Bangun Sari"
"61","Kalimantan Barat","61.07","Kabupaten Bengkayang","61.07.09","Teriak","61.07.09.2005","Sebetung Menyala"
"61","Kalimantan Barat","61.07","Kabupaten Bengkayang","61.07.09","Teriak","61.07.09.2006","Malo Jelayan"
"61","Kalimantan Barat","61.07","Kabupaten Bengkayang","61.07.09","Teriak","61.07.09.2007","Ampar Benteng"
"61","Kalimantan Barat","61.07","Kabupaten Bengkayang","61.07.09","Teriak","61.07.09.2008","Tanjung"
"61","Kalimantan Barat","61.07","Kabupaten Bengkayang","61.07.09","Teriak","61.07.09.2009","Telidik"
"61","Kalimantan Barat","61.07","Kabupaten Bengkayang","61.07.09","Teriak","61.07.09.2010","Puteng"
"61","Kalimantan Barat","61.07","Kabupaten Bengkayang","61.07.09","Teriak","61.07.09.2011","Sekaruh"
"61","Kalimantan Barat","61.07","Kabupaten Bengkayang","61.07.09","Teriak","61.07.09.2012","Tubajur"
"61","Kalimantan Barat","61.07","Kabupaten Bengkayang","61.07.09","Teriak","61.07.09.2013","Lulang"
"61","Kalimantan Barat","61.07","Kabupaten Bengkayang","61.07.09","Teriak","61.07.09.2014","Benteng"
"61","Kalimantan Barat","61.07","Kabupaten Bengkayang","61.07.09","Teriak","61.07.09.2015","Sebente"
"61","Kalimantan Barat","61.07","Kabupaten Bengkayang","61.07.09","Teriak","61.07.09.2016","Teriak"
"61","Kalimantan Barat","61.07","Kabupaten Bengkayang","61.07.09","Teriak","61.07.09.2017","Temia Sio"
"61","Kalimantan Barat","61.07","Kabupaten Bengkayang","61.07.09","Teriak","61.07.09.2018","Bana"
"61","Kalimantan Barat","61.07","Kabupaten Bengkayang","61.07.10","Suti Semarang","61.07.10.2001","Nangka"
"61","Kalimantan Barat","61.07","Kabupaten Bengkayang","61.07.10","Suti Semarang","61.07.10.2002","Muhi Bersatu"
"61","Kalimantan Barat","61.07","Kabupaten Bengkayang","61.07.10","Suti Semarang","61.07.10.2003","Suka Maju"
"61","Kalimantan Barat","61.07","Kabupaten Bengkayang","61.07.10","Suti Semarang","61.07.10.2004","Cempaka Putih"
"61","Kalimantan Barat","61.07","Kabupaten Bengkayang","61.07.10","Suti Semarang","61.07.10.2005","Kiung"
"61","Kalimantan Barat","61.07","Kabupaten Bengkayang","61.07.10","Suti Semarang","61.07.10.2006","Kelayuk"
"61","Kalimantan Barat","61.07","Kabupaten Bengkayang","61.07.10","Suti Semarang","61.07.10.2007","Suti Semarang"
"61","Kalimantan Barat","61.07","Kabupaten Bengkayang","61.07.10","Suti Semarang","61.07.10.2008","Tapen"
"61","Kalimantan Barat","61.07","Kabupaten Bengkayang","61.07.11","Capkala","61.07.11.2001","Capkala"
"61","Kalimantan Barat","61.07","Kabupaten Bengkayang","61.07.11","Capkala","61.07.11.2002","Mandor"
"61","Kalimantan Barat","61.07","Kabupaten Bengkayang","61.07.11","Capkala","61.07.11.2003","Setanduk"
"61","Kalimantan Barat","61.07","Kabupaten Bengkayang","61.07.11","Capkala","61.07.11.2004","Aris"
"61","Kalimantan Barat","61.07","Kabupaten Bengkayang","61.07.11","Capkala","61.07.11.2005","Sebandut"
"61","Kalimantan Barat","61.07","Kabupaten Bengkayang","61.07.11","Capkala","61.07.11.2006","Pawangi"
"61","Kalimantan Barat","61.07","Kabupaten Bengkayang","61.07.12","Siding","61.07.12.2002","Sungkung I"
"61","Kalimantan Barat","61.07","Kabupaten Bengkayang","61.07.12","Siding","61.07.12.2004","Siding"
"61","Kalimantan Barat","61.07","Kabupaten Bengkayang","61.07.12","Siding","61.07.12.2005","Hli Buei"
"61","Kalimantan Barat","61.07","Kabupaten Bengkayang","61.07.12","Siding","61.07.12.2006","Tangguh"
"61","Kalimantan Barat","61.07","Kabupaten Bengkayang","61.07.12","Siding","61.07.12.2007","Sungkung II"
"61","Kalimantan Barat","61.07","Kabupaten Bengkayang","61.07.12","Siding","61.07.12.2008","Sungkung III"
"61","Kalimantan Barat","61.07","Kabupaten Bengkayang","61.07.12","Siding","61.07.12.2009","Tamong"
"61","Kalimantan Barat","61.07","Kabupaten Bengkayang","61.07.12","Siding","61.07.12.2010","Tawang"
"61","Kalimantan Barat","61.07","Kabupaten Bengkayang","61.07.13","Lumar","61.07.13.2001","Magmagan Karya"
"61","Kalimantan Barat","61.07","Kabupaten Bengkayang","61.07.13","Lumar","61.07.13.2002","Tiga Berkat"
"61","Kalimantan Barat","61.07","Kabupaten Bengkayang","61.07.13","Lumar","61.07.13.2003","Seren Selimbau"
"61","Kalimantan Barat","61.07","Kabupaten Bengkayang","61.07.13","Lumar","61.07.13.2004","Belimbing"
"61","Kalimantan Barat","61.07","Kabupaten Bengkayang","61.07.13","Lumar","61.07.13.2005","Lamolda"
"61","Kalimantan Barat","61.07","Kabupaten Bengkayang","61.07.14","Sungai Betung","61.07.14.2001","Cipta Karya"
"61","Kalimantan Barat","61.07","Kabupaten Bengkayang","61.07.14","Sungai Betung","61.07.14.2002","Suka Bangun"
"61","Kalimantan Barat","61.07","Kabupaten Bengkayang","61.07.14","Sungai Betung","61.07.14.2003","Karya Bhakti"
"61","Kalimantan Barat","61.07","Kabupaten Bengkayang","61.07.14","Sungai Betung","61.07.14.2004","Suka Maju"
"61","Kalimantan Barat","61.07","Kabupaten Bengkayang","61.07.15","Sungai Raya Kepulauan","61.07.15.2001","Rukma Jaya"
"61","Kalimantan Barat","61.07","Kabupaten Bengkayang","61.07.15","Sungai Raya Kepulauan","61.07.15.2002","Sungai Keran"
"61","Kalimantan Barat","61.07","Kabupaten Bengkayang","61.07.15","Sungai Raya Kepulauan","61.07.15.2003","Sungai Raya"
"61","Kalimantan Barat","61.07","Kabupaten Bengkayang","61.07.15","Sungai Raya Kepulauan","61.07.15.2004","Karimunting"
"61","Kalimantan Barat","61.07","Kabupaten Bengkayang","61.07.15","Sungai Raya Kepulauan","61.07.15.2005","Pulau Lemukutan"
"61","Kalimantan Barat","61.07","Kabupaten Bengkayang","61.07.16","Lembah Bawang","61.07.16.2001","Saka Taru"
"61","Kalimantan Barat","61.07","Kabupaten Bengkayang","61.07.16","Lembah Bawang","61.07.16.2002","Lembah Bawang"
"61","Kalimantan Barat","61.07","Kabupaten Bengkayang","61.07.16","Lembah Bawang","61.07.16.2003","Janyat"
"61","Kalimantan Barat","61.07","Kabupaten Bengkayang","61.07.16","Lembah Bawang","61.07.16.2004","Tempapan"
"61","Kalimantan Barat","61.07","Kabupaten Bengkayang","61.07.16","Lembah Bawang","61.07.16.2005","Papan Uduk"
"61","Kalimantan Barat","61.07","Kabupaten Bengkayang","61.07.16","Lembah Bawang","61.07.16.2006","Papan Tembawang"
"61","Kalimantan Barat","61.07","Kabupaten Bengkayang","61.07.16","Lembah Bawang","61.07.16.2007","Godang Damar"
"61","Kalimantan Barat","61.07","Kabupaten Bengkayang","61.07.16","Lembah Bawang","61.07.16.2008","Kinande"
"61","Kalimantan Barat","61.07","Kabupaten Bengkayang","61.07.17","Tujuh Belas","61.07.17.2001","Sinar Tebudak"
"61","Kalimantan Barat","61.07","Kabupaten Bengkayang","61.07.17","Tujuh Belas","61.07.17.2002","Kamuh"
"61","Kalimantan Barat","61.07","Kabupaten Bengkayang","61.07.17","Tujuh Belas","61.07.17.2003","Bengkilu"
"61","Kalimantan Barat","61.07","Kabupaten Bengkayang","61.07.17","Tujuh Belas","61.07.17.2004","Pisak"
"61","Kalimantan Barat","61.08","Kabupaten Landak","61.08.01","Ngabang","61.08.01.2001","Hilir Kantor"
"61","Kalimantan Barat","61.08","Kabupaten Landak","61.08.01","Ngabang","61.08.01.2002","Hilir Tengah"
"61","Kalimantan Barat","61.08","Kabupaten Landak","61.08.01","Ngabang","61.08.01.2003","Raja"
"61","Kalimantan Barat","61.08","Kabupaten Landak","61.08.01","Ngabang","61.08.01.2004","Mungguk"
"61","Kalimantan Barat","61.08","Kabupaten Landak","61.08.01","Ngabang","61.08.01.2005","Amboyo Utara"
"61","Kalimantan Barat","61.08","Kabupaten Landak","61.08.01","Ngabang","61.08.01.2006","Sungai Keli"
"61","Kalimantan Barat","61.08","Kabupaten Landak","61.08.01","Ngabang","61.08.01.2007","Rasan"
"61","Kalimantan Barat","61.08","Kabupaten Landak","61.08.01","Ngabang","61.08.01.2008","Mu'un"
"61","Kalimantan Barat","61.08","Kabupaten Landak","61.08.01","Ngabang","61.08.01.2009","Ambarang"
"61","Kalimantan Barat","61.08","Kabupaten Landak","61.08.01","Ngabang","61.08.01.2010","Engkadu"
"61","Kalimantan Barat","61.08","Kabupaten Landak","61.08.01","Ngabang","61.08.01.2011","Amang"
"61","Kalimantan Barat","61.08","Kabupaten Landak","61.08.01","Ngabang","61.08.01.2012","Penyaho Dangku"
"61","Kalimantan Barat","61.08","Kabupaten Landak","61.08.01","Ngabang","61.08.01.2013","Antan Rayan"
"61","Kalimantan Barat","61.08","Kabupaten Landak","61.08.01","Ngabang","61.08.01.2014","Amboyo Inti"
"61","Kalimantan Barat","61.08","Kabupaten Landak","61.08.01","Ngabang","61.08.01.2015","Tebedak"
"61","Kalimantan Barat","61.08","Kabupaten Landak","61.08.01","Ngabang","61.08.01.2016","Temiang Sawi"
"61","Kalimantan Barat","61.08","Kabupaten Landak","61.08.01","Ngabang","61.08.01.2017","Amboyo Selatan"
"61","Kalimantan Barat","61.08","Kabupaten Landak","61.08.01","Ngabang","61.08.01.2018","Sebirang"
"61","Kalimantan Barat","61.08","Kabupaten Landak","61.08.01","Ngabang","61.08.01.2019","Pak Mayam"
"61","Kalimantan Barat","61.08","Kabupaten Landak","61.08.02","Mempawah Hulu","61.08.02.2001","Karangan"
"61","Kalimantan Barat","61.08","Kabupaten Landak","61.08.02","Mempawah Hulu","61.08.02.2002","Sailo"
"61","Kalimantan Barat","61.08","Kabupaten Landak","61.08.02","Mempawah Hulu","61.08.02.2003","Mentonyek"
"61","Kalimantan Barat","61.08","Kabupaten Landak","61.08.02","Mempawah Hulu","61.08.02.2004","Sampuro"
"61","Kalimantan Barat","61.08","Kabupaten Landak","61.08.02","Mempawah Hulu","61.08.02.2005","Sala'as"
"61","Kalimantan Barat","61.08","Kabupaten Landak","61.08.02","Mempawah Hulu","61.08.02.2006","Sabaka"
"61","Kalimantan Barat","61.08","Kabupaten Landak","61.08.02","Mempawah Hulu","61.08.02.2007","Tunang"
"61","Kalimantan Barat","61.08","Kabupaten Landak","61.08.02","Mempawah Hulu","61.08.02.2009","Sungai Laki"
"61","Kalimantan Barat","61.08","Kabupaten Landak","61.08.02","Mempawah Hulu","61.08.02.2014","Tiang Tanjung"
"61","Kalimantan Barat","61.08","Kabupaten Landak","61.08.02","Mempawah Hulu","61.08.02.2017","Pahokng"
"61","Kalimantan Barat","61.08","Kabupaten Landak","61.08.02","Mempawah Hulu","61.08.02.2018","Garu"
"61","Kalimantan Barat","61.08","Kabupaten Landak","61.08.02","Mempawah Hulu","61.08.02.2019","Bilayuk"
"61","Kalimantan Barat","61.08","Kabupaten Landak","61.08.02","Mempawah Hulu","61.08.02.2020","Caokng"
"61","Kalimantan Barat","61.08","Kabupaten Landak","61.08.02","Mempawah Hulu","61.08.02.2021","Salumang"
"61","Kalimantan Barat","61.08","Kabupaten Landak","61.08.02","Mempawah Hulu","61.08.02.2022","Ansolok"
"61","Kalimantan Barat","61.08","Kabupaten Landak","61.08.02","Mempawah Hulu","61.08.02.2023","Babatn"
"61","Kalimantan Barat","61.08","Kabupaten Landak","61.08.02","Mempawah Hulu","61.08.02.2024","Parigi"
"61","Kalimantan Barat","61.08","Kabupaten Landak","61.08.03","Menjalin","61.08.03.2001","Sepahat"
"61","Kalimantan Barat","61.08","Kabupaten Landak","61.08.03","Menjalin","61.08.03.2002","Lamoanak"
"61","Kalimantan Barat","61.08","Kabupaten Landak","61.08.03","Menjalin","61.08.03.2003","Bengkawe"
"61","Kalimantan Barat","61.08","Kabupaten Landak","61.08.03","Menjalin","61.08.03.2004","Tempoak"
"61","Kalimantan Barat","61.08","Kabupaten Landak","61.08.03","Menjalin","61.08.03.2005","Re'es"
"61","Kalimantan Barat","61.08","Kabupaten Landak","61.08.03","Menjalin","61.08.03.2006","Raba"
"61","Kalimantan Barat","61.08","Kabupaten Landak","61.08.03","Menjalin","61.08.03.2007","Nangka"
"61","Kalimantan Barat","61.08","Kabupaten Landak","61.08.03","Menjalin","61.08.03.2008","Menjalin"
"61","Kalimantan Barat","61.08","Kabupaten Landak","61.08.04","Mandor","61.08.04.2001","Sebadu"
"61","Kalimantan Barat","61.08","Kabupaten Landak","61.08.04","Mandor","61.08.04.2002","Semenok"
"61","Kalimantan Barat","61.08","Kabupaten Landak","61.08.04","Mandor","61.08.04.2003","Mengkunyit"
"61","Kalimantan Barat","61.08","Kabupaten Landak","61.08.04","Mandor","61.08.04.2004","Bebatung"
"61","Kalimantan Barat","61.08","Kabupaten Landak","61.08.04","Mandor","61.08.04.2005","Kerohok"
"61","Kalimantan Barat","61.08","Kabupaten Landak","61.08.04","Mandor","61.08.04.2006","Sumsum"
"61","Kalimantan Barat","61.08","Kabupaten Landak","61.08.04","Mandor","61.08.04.2007","Sekilap"
"61","Kalimantan Barat","61.08","Kabupaten Landak","61.08.04","Mandor","61.08.04.2008","Manggang"
"61","Kalimantan Barat","61.08","Kabupaten Landak","61.08.04","Mandor","61.08.04.2009","Keramas"
"61","Kalimantan Barat","61.08","Kabupaten Landak","61.08.04","Mandor","61.08.04.2010","Pongok"
"61","Kalimantan Barat","61.08","Kabupaten Landak","61.08.04","Mandor","61.08.04.2011","Kayu Ara"
"61","Kalimantan Barat","61.08","Kabupaten Landak","61.08.04","Mandor","61.08.04.2012","Selutung"
"61","Kalimantan Barat","61.08","Kabupaten Landak","61.08.04","Mandor","61.08.04.2013","Mandor"
"61","Kalimantan Barat","61.08","Kabupaten Landak","61.08.04","Mandor","61.08.04.2014","Simpang Kasturi"
"61","Kalimantan Barat","61.08","Kabupaten Landak","61.08.04","Mandor","61.08.04.2015","Salatiga"
"61","Kalimantan Barat","61.08","Kabupaten Landak","61.08.04","Mandor","61.08.04.2016","Kayu Tanam"
"61","Kalimantan Barat","61.08","Kabupaten Landak","61.08.04","Mandor","61.08.04.2017","Ngarak"
"61","Kalimantan Barat","61.08","Kabupaten Landak","61.08.05","Air Besar","61.08.05.2001","Serimbu"
"61","Kalimantan Barat","61.08","Kabupaten Landak","61.08.05","Air Besar","61.08.05.2002","Engkangin"
"61","Kalimantan Barat","61.08","Kabupaten Landak","61.08.05","Air Besar","61.08.05.2003","Jambu Tembawang"
"61","Kalimantan Barat","61.08","Kabupaten Landak","61.08.05","Air Besar","61.08.05.2004","Sepangah"
"61","Kalimantan Barat","61.08","Kabupaten Landak","61.08.05","Air Besar","61.08.05.2005","Merayuh"
"61","Kalimantan Barat","61.08","Kabupaten Landak","61.08.05","Air Besar","61.08.05.2006","Nyari"
"61","Kalimantan Barat","61.08","Kabupaten Landak","61.08.05","Air Besar","61.08.05.2007","Sekendal"
"61","Kalimantan Barat","61.08","Kabupaten Landak","61.08.05","Air Besar","61.08.05.2008","Semuntik"
"61","Kalimantan Barat","61.08","Kabupaten Landak","61.08.05","Air Besar","61.08.05.2009","Temoyok"
"61","Kalimantan Barat","61.08","Kabupaten Landak","61.08.05","Air Besar","61.08.05.2010","Engkadik Pade"
"61","Kalimantan Barat","61.08","Kabupaten Landak","61.08.05","Air Besar","61.08.05.2011","Dange Aji"
"61","Kalimantan Barat","61.08","Kabupaten Landak","61.08.05","Air Besar","61.08.05.2012","Tenguwe"
"61","Kalimantan Barat","61.08","Kabupaten Landak","61.08.05","Air Besar","61.08.05.2013","Parek"
"61","Kalimantan Barat","61.08","Kabupaten Landak","61.08.05","Air Besar","61.08.05.2014","Bentiang Madomang"
"61","Kalimantan Barat","61.08","Kabupaten Landak","61.08.05","Air Besar","61.08.05.2015","Tengon"
"61","Kalimantan Barat","61.08","Kabupaten Landak","61.08.05","Air Besar","61.08.05.2016","Sempatung Lawek"
"61","Kalimantan Barat","61.08","Kabupaten Landak","61.08.06","Menyuke","61.08.06.2001","Darit"
"61","Kalimantan Barat","61.08","Kabupaten Landak","61.08.06","Menyuke","61.08.06.2002","Mamek"
"61","Kalimantan Barat","61.08","Kabupaten Landak","61.08.06","Menyuke","61.08.06.2003","Ansang"
"61","Kalimantan Barat","61.08","Kabupaten Landak","61.08.06","Menyuke","61.08.06.2004","Kayu Ara"
"61","Kalimantan Barat","61.08","Kabupaten Landak","61.08.06","Menyuke","61.08.06.2005","Angkaras"
"61","Kalimantan Barat","61.08","Kabupaten Landak","61.08.06","Menyuke","61.08.06.2006","Ladangan"
"61","Kalimantan Barat","61.08","Kabupaten Landak","61.08.06","Menyuke","61.08.06.2009","Songga"
"61","Kalimantan Barat","61.08","Kabupaten Landak","61.08.06","Menyuke","61.08.06.2010","Sidan"
"61","Kalimantan Barat","61.08","Kabupaten Landak","61.08.06","Menyuke","61.08.06.2011","Berinang Mayun"
"61","Kalimantan Barat","61.08","Kabupaten Landak","61.08.06","Menyuke","61.08.06.2013","Lintah Betung"
"61","Kalimantan Barat","61.08","Kabupaten Landak","61.08.06","Menyuke","61.08.06.2014","Anik Dingir"
"61","Kalimantan Barat","61.08","Kabupaten Landak","61.08.06","Menyuke","61.08.06.2015","Bagak"
"61","Kalimantan Barat","61.08","Kabupaten Landak","61.08.06","Menyuke","61.08.06.2016","Tolok"
"61","Kalimantan Barat","61.08","Kabupaten Landak","61.08.06","Menyuke","61.08.06.2017","Sungai Lubang"
"61","Kalimantan Barat","61.08","Kabupaten Landak","61.08.06","Menyuke","61.08.06.2018","Ta'as"
"61","Kalimantan Barat","61.08","Kabupaten Landak","61.08.06","Menyuke","61.08.06.2019","Ongkol Padang"
"61","Kalimantan Barat","61.08","Kabupaten Landak","61.08.07","Sengah Temila","61.08.07.2001","Pahauman"
"61","Kalimantan Barat","61.08","Kabupaten Landak","61.08.07","Sengah Temila","61.08.07.2002","Paloan"
"61","Kalimantan Barat","61.08","Kabupaten Landak","61.08.07","Sengah Temila","61.08.07.2003","Sebatih"
"61","Kalimantan Barat","61.08","Kabupaten Landak","61.08.07","Sengah Temila","61.08.07.2004","Saham"
"61","Kalimantan Barat","61.08","Kabupaten Landak","61.08.07","Sengah Temila","61.08.07.2005","Andeng"
"61","Kalimantan Barat","61.08","Kabupaten Landak","61.08.07","Sengah Temila","61.08.07.2006","Senakin"
"61","Kalimantan Barat","61.08","Kabupaten Landak","61.08.07","Sengah Temila","61.08.07.2007","Tonang"
"61","Kalimantan Barat","61.08","Kabupaten Landak","61.08.07","Sengah Temila","61.08.07.2008","Banying"
"61","Kalimantan Barat","61.08","Kabupaten Landak","61.08.07","Sengah Temila","61.08.07.2009","Sidas"
"61","Kalimantan Barat","61.08","Kabupaten Landak","61.08.07","Sengah Temila","61.08.07.2010","Keranji Mancal"
"61","Kalimantan Barat","61.08","Kabupaten Landak","61.08.07","Sengah Temila","61.08.07.2011","Keranji Paidang"
"61","Kalimantan Barat","61.08","Kabupaten Landak","61.08.07","Sengah Temila","61.08.07.2012","Aur Sampuk"
"61","Kalimantan Barat","61.08","Kabupaten Landak","61.08.07","Sengah Temila","61.08.07.2013","Gombang"
"61","Kalimantan Barat","61.08","Kabupaten Landak","61.08.07","Sengah Temila","61.08.07.2014","Rabak"
"61","Kalimantan Barat","61.08","Kabupaten Landak","61.08.08","Meranti","61.08.08.2001","Meranti"
"61","Kalimantan Barat","61.08","Kabupaten Landak","61.08.08","Meranti","61.08.08.2002","Kelampai Setolo"
"61","Kalimantan Barat","61.08","Kabupaten Landak","61.08.08","Meranti","61.08.08.2003","Moro Betung"
"61","Kalimantan Barat","61.08","Kabupaten Landak","61.08.08","Meranti","61.08.08.2004","Selange"
"61","Kalimantan Barat","61.08","Kabupaten Landak","61.08.08","Meranti","61.08.08.2005","Ampadi"
"61","Kalimantan Barat","61.08","Kabupaten Landak","61.08.08","Meranti","61.08.08.2006","Tahu"
"61","Kalimantan Barat","61.08","Kabupaten Landak","61.08.09","Kuala Behe","61.08.09.2001","Semedang"
"61","Kalimantan Barat","61.08","Kabupaten Landak","61.08.09","Kuala Behe","61.08.09.2002","Kuala Behe"
"61","Kalimantan Barat","61.08","Kabupaten Landak","61.08.09","Kuala Behe","61.08.09.2003","Nyayum"
"61","Kalimantan Barat","61.08","Kabupaten Landak","61.08.09","Kuala Behe","61.08.09.2004","Paku Raya"
"61","Kalimantan Barat","61.08","Kabupaten Landak","61.08.09","Kuala Behe","61.08.09.2005","Permiit"
"61","Kalimantan Barat","61.08","Kabupaten Landak","61.08.09","Kuala Behe","61.08.09.2006","Tanjung Balai"
"61","Kalimantan Barat","61.08","Kabupaten Landak","61.08.09","Kuala Behe","61.08.09.2007","Angkanyar"
"61","Kalimantan Barat","61.08","Kabupaten Landak","61.08.09","Kuala Behe","61.08.09.2008","Kedama"
"61","Kalimantan Barat","61.08","Kabupaten Landak","61.08.09","Kuala Behe","61.08.09.2009","Bengawan Ampar"
"61","Kalimantan Barat","61.08","Kabupaten Landak","61.08.09","Kuala Behe","61.08.09.2010","Sehe Lusur"
"61","Kalimantan Barat","61.08","Kabupaten Landak","61.08.09","Kuala Behe","61.08.09.2011","Sejowet"
"61","Kalimantan Barat","61.08","Kabupaten Landak","61.08.10","Sebangki","61.08.10.2001","Sebangki"
"61","Kalimantan Barat","61.08","Kabupaten Landak","61.08.10","Sebangki","61.08.10.2002","Kumpang Tengah"
"61","Kalimantan Barat","61.08","Kabupaten Landak","61.08.10","Sebangki","61.08.10.2003","Agak"
"61","Kalimantan Barat","61.08","Kabupaten Landak","61.08.10","Sebangki","61.08.10.2004","Rantau Panjang"
"61","Kalimantan Barat","61.08","Kabupaten Landak","61.08.10","Sebangki","61.08.10.2005","Sungai Segak"
"61","Kalimantan Barat","61.08","Kabupaten Landak","61.08.11","Jelimpo","61.08.11.2001","Temahar"
"61","Kalimantan Barat","61.08","Kabupaten Landak","61.08.11","Jelimpo","61.08.11.2002","Kersik Belantian"
"61","Kalimantan Barat","61.08","Kabupaten Landak","61.08.11","Jelimpo","61.08.11.2003","Nyi'in"
"61","Kalimantan Barat","61.08","Kabupaten Landak","61.08.11","Jelimpo","61.08.11.2004","Papung"
"61","Kalimantan Barat","61.08","Kabupaten Landak","61.08.11","Jelimpo","61.08.11.2005","Sekais"
"61","Kalimantan Barat","61.08","Kabupaten Landak","61.08.11","Jelimpo","61.08.11.2006","Mandor Kiru"
"61","Kalimantan Barat","61.08","Kabupaten Landak","61.08.11","Jelimpo","61.08.11.2007","Jelimpo"
"61","Kalimantan Barat","61.08","Kabupaten Landak","61.08.11","Jelimpo","61.08.11.2008","Tubang Raeng"
"61","Kalimantan Barat","61.08","Kabupaten Landak","61.08.11","Jelimpo","61.08.11.2009","Kayu Ara"
"61","Kalimantan Barat","61.08","Kabupaten Landak","61.08.11","Jelimpo","61.08.11.2010","Pawis Hilir"
"61","Kalimantan Barat","61.08","Kabupaten Landak","61.08.11","Jelimpo","61.08.11.2011","Angan Tembawang"
"61","Kalimantan Barat","61.08","Kabupaten Landak","61.08.11","Jelimpo","61.08.11.2012","Balai Peluntan"
"61","Kalimantan Barat","61.08","Kabupaten Landak","61.08.11","Jelimpo","61.08.11.2013","Dara Itam I"
"61","Kalimantan Barat","61.08","Kabupaten Landak","61.08.12","Banyuke Hulu","61.08.12.2001","Padang Pio"
"61","Kalimantan Barat","61.08","Kabupaten Landak","61.08.12","Banyuke Hulu","61.08.12.2002","Tembawang Bale"
"61","Kalimantan Barat","61.08","Kabupaten Landak","61.08.12","Banyuke Hulu","61.08.12.2003","Kampet"
"61","Kalimantan Barat","61.08","Kabupaten Landak","61.08.12","Banyuke Hulu","61.08.12.2004","Untang"
"61","Kalimantan Barat","61.08","Kabupaten Landak","61.08.12","Banyuke Hulu","61.08.12.2005","Ringo Lojok"
"61","Kalimantan Barat","61.08","Kabupaten Landak","61.08.12","Banyuke Hulu","61.08.12.2006","Gamang"
"61","Kalimantan Barat","61.08","Kabupaten Landak","61.08.12","Banyuke Hulu","61.08.12.2007","Semade"
"61","Kalimantan Barat","61.08","Kabupaten Landak","61.08.13","Sompak","61.08.13.2001","Sompak"
"61","Kalimantan Barat","61.08","Kabupaten Landak","61.08.13","Sompak","61.08.13.2002","Pauh"
"61","Kalimantan Barat","61.08","Kabupaten Landak","61.08.13","Sompak","61.08.13.2003","Lingkonong"
"61","Kalimantan Barat","61.08","Kabupaten Landak","61.08.13","Sompak","61.08.13.2004","Galar"
"61","Kalimantan Barat","61.08","Kabupaten Landak","61.08.13","Sompak","61.08.13.2005","Amawakng"
"61","Kalimantan Barat","61.08","Kabupaten Landak","61.08.13","Sompak","61.08.13.2006","Tapakng"
"61","Kalimantan Barat","61.08","Kabupaten Landak","61.08.13","Sompak","61.08.13.2007","Pakumbang"
"61","Kalimantan Barat","61.09","Kabupaten Sekadau","61.09.01","Sekadau Hilir","61.09.01.2001","Sungai Ringin"
"61","Kalimantan Barat","61.09","Kabupaten Sekadau","61.09.01","Sekadau Hilir","61.09.01.2002","Mungguk"
"61","Kalimantan Barat","61.09","Kabupaten Sekadau","61.09.01","Sekadau Hilir","61.09.01.2003","Tanjung"
"61","Kalimantan Barat","61.09","Kabupaten Sekadau","61.09.01","Sekadau Hilir","61.09.01.2004","Merapi"
"61","Kalimantan Barat","61.09","Kabupaten Sekadau","61.09.01","Sekadau Hilir","61.09.01.2005","Seraras"
"61","Kalimantan Barat","61.09","Kabupaten Sekadau","61.09.01","Sekadau Hilir","61.09.01.2006","Semabi"
"61","Kalimantan Barat","61.09","Kabupaten Sekadau","61.09.01","Sekadau Hilir","61.09.01.2007","Seberang Kapuas"
"61","Kalimantan Barat","61.09","Kabupaten Sekadau","61.09.01","Sekadau Hilir","61.09.01.2008","Landau Kodah"
"61","Kalimantan Barat","61.09","Kabupaten Sekadau","61.09.01","Sekadau Hilir","61.09.01.2009","Timpuk"
"61","Kalimantan Barat","61.09","Kabupaten Sekadau","61.09.01","Sekadau Hilir","61.09.01.2010","Sungai Kunyit"
"61","Kalimantan Barat","61.09","Kabupaten Sekadau","61.09.01","Sekadau Hilir","61.09.01.2011","Peniti"
"61","Kalimantan Barat","61.09","Kabupaten Sekadau","61.09.01","Sekadau Hilir","61.09.01.2012","Gonis Tekam"
"61","Kalimantan Barat","61.09","Kabupaten Sekadau","61.09.01","Sekadau Hilir","61.09.01.2013","Tapang Semadak"
"61","Kalimantan Barat","61.09","Kabupaten Sekadau","61.09.01","Sekadau Hilir","61.09.01.2014","Engkersik"
"61","Kalimantan Barat","61.09","Kabupaten Sekadau","61.09.01","Sekadau Hilir","61.09.01.2015","Ensalang"
"61","Kalimantan Barat","61.09","Kabupaten Sekadau","61.09.01","Sekadau Hilir","61.09.01.2016","Bokak Sebumbun"
"61","Kalimantan Barat","61.09","Kabupaten Sekadau","61.09.01","Sekadau Hilir","61.09.01.2017","Selalong"
"61","Kalimantan Barat","61.09","Kabupaten Sekadau","61.09.01","Sekadau Hilir","61.09.01.2018","Sempulau Indah"
"61","Kalimantan Barat","61.09","Kabupaten Sekadau","61.09.01","Sekadau Hilir","61.09.01.2019","Tigur Jaya"
"61","Kalimantan Barat","61.09","Kabupaten Sekadau","61.09.01","Sekadau Hilir","61.09.01.2020","Beringkai Raya"
"61","Kalimantan Barat","61.09","Kabupaten Sekadau","61.09.02","Sekadau Hulu","61.09.02.2001","Rawak Hilir"
"61","Kalimantan Barat","61.09","Kabupaten Sekadau","61.09.02","Sekadau Hulu","61.09.02.2002","Rawak Hulu"
"61","Kalimantan Barat","61.09","Kabupaten Sekadau","61.09.02","Sekadau Hulu","61.09.02.2003","Nanga Menterap"
"61","Kalimantan Barat","61.09","Kabupaten Sekadau","61.09.02","Sekadau Hulu","61.09.02.2004","Boti"
"61","Kalimantan Barat","61.09","Kabupaten Sekadau","61.09.02","Sekadau Hulu","61.09.02.2005","Perongkan"
"61","Kalimantan Barat","61.09","Kabupaten Sekadau","61.09.02","Sekadau Hulu","61.09.02.2006","Tinting Boyok"
"61","Kalimantan Barat","61.09","Kabupaten Sekadau","61.09.02","Sekadau Hulu","61.09.02.2007","Sekonau"
"61","Kalimantan Barat","61.09","Kabupaten Sekadau","61.09.02","Sekadau Hulu","61.09.02.2008","Setawar"
"61","Kalimantan Barat","61.09","Kabupaten Sekadau","61.09.02","Sekadau Hulu","61.09.02.2009","Nanga Pemubuh"
"61","Kalimantan Barat","61.09","Kabupaten Sekadau","61.09.02","Sekadau Hulu","61.09.02.2010","Tapang Perodah"
"61","Kalimantan Barat","61.09","Kabupaten Sekadau","61.09.02","Sekadau Hulu","61.09.02.2011","Sungai Sambang"
"61","Kalimantan Barat","61.09","Kabupaten Sekadau","61.09.02","Sekadau Hulu","61.09.02.2012","Mondi"
"61","Kalimantan Barat","61.09","Kabupaten Sekadau","61.09.02","Sekadau Hulu","61.09.02.2013","Cupang Gading"
"61","Kalimantan Barat","61.09","Kabupaten Sekadau","61.09.02","Sekadau Hulu","61.09.02.2014","Nanga Biaban"
"61","Kalimantan Barat","61.09","Kabupaten Sekadau","61.09.02","Sekadau Hulu","61.09.02.2015","Sunsong"
"61","Kalimantan Barat","61.09","Kabupaten Sekadau","61.09.03","Nanga Taman","61.09.03.2001","Nanga Taman"
"61","Kalimantan Barat","61.09","Kabupaten Sekadau","61.09.03","Nanga Taman","61.09.03.2002","Rirang Jati"
"61","Kalimantan Barat","61.09","Kabupaten Sekadau","61.09.03","Nanga Taman","61.09.03.2003","Senangak"
"61","Kalimantan Barat","61.09","Kabupaten Sekadau","61.09.03","Nanga Taman","61.09.03.2004","Nanga Kiungkang"
"61","Kalimantan Barat","61.09","Kabupaten Sekadau","61.09.03","Nanga Taman","61.09.03.2005","Sungai Lawak"
"61","Kalimantan Barat","61.09","Kabupaten Sekadau","61.09.03","Nanga Taman","61.09.03.2006","Tapang Tingang"
"61","Kalimantan Barat","61.09","Kabupaten Sekadau","61.09.03","Nanga Taman","61.09.03.2007","Nanga Mongko"
"61","Kalimantan Barat","61.09","Kabupaten Sekadau","61.09.03","Nanga Taman","61.09.03.2008","Nanga Engkulun"
"61","Kalimantan Barat","61.09","Kabupaten Sekadau","61.09.03","Nanga Taman","61.09.03.2009","Nanga Koman"
"61","Kalimantan Barat","61.09","Kabupaten Sekadau","61.09.03","Nanga Taman","61.09.03.2010","Lubuk Tajau"
"61","Kalimantan Barat","61.09","Kabupaten Sekadau","61.09.03","Nanga Taman","61.09.03.2011","Pantok"
"61","Kalimantan Barat","61.09","Kabupaten Sekadau","61.09.03","Nanga Taman","61.09.03.2012","Meragun"
"61","Kalimantan Barat","61.09","Kabupaten Sekadau","61.09.03","Nanga Taman","61.09.03.2013","Nanga Mentukak"
"61","Kalimantan Barat","61.09","Kabupaten Sekadau","61.09.03","Nanga Taman","61.09.03.2014","Semerawai"
"61","Kalimantan Barat","61.09","Kabupaten Sekadau","61.09.03","Nanga Taman","61.09.03.2015","Engkulun Hulu"
"61","Kalimantan Barat","61.09","Kabupaten Sekadau","61.09.04","Nanga Mahap","61.09.04.2001","Nanga Mahap"
"61","Kalimantan Barat","61.09","Kabupaten Sekadau","61.09.04","Nanga Mahap","61.09.04.2002","Batu Pahat"
"61","Kalimantan Barat","61.09","Kabupaten Sekadau","61.09.04","Nanga Mahap","61.09.04.2003","Lembah Beringin"
"61","Kalimantan Barat","61.09","Kabupaten Sekadau","61.09.04","Nanga Mahap","61.09.04.2004","Teluk Kebau"
"61","Kalimantan Barat","61.09","Kabupaten Sekadau","61.09.04","Nanga Mahap","61.09.04.2005","Landau Apin"
"61","Kalimantan Barat","61.09","Kabupaten Sekadau","61.09.04","Nanga Mahap","61.09.04.2006","Tembaga"
"61","Kalimantan Barat","61.09","Kabupaten Sekadau","61.09.04","Nanga Mahap","61.09.04.2007","Cenayan"
"61","Kalimantan Barat","61.09","Kabupaten Sekadau","61.09.04","Nanga Mahap","61.09.04.2008","Landau Kumpai"
"61","Kalimantan Barat","61.09","Kabupaten Sekadau","61.09.04","Nanga Mahap","61.09.04.2009","Nanga Suri"
"61","Kalimantan Barat","61.09","Kabupaten Sekadau","61.09.04","Nanga Mahap","61.09.04.2010","Sebabas"
"61","Kalimantan Barat","61.09","Kabupaten Sekadau","61.09.04","Nanga Mahap","61.09.04.2011","Karang Betung"
"61","Kalimantan Barat","61.09","Kabupaten Sekadau","61.09.04","Nanga Mahap","61.09.04.2012","Tamang"
"61","Kalimantan Barat","61.09","Kabupaten Sekadau","61.09.04","Nanga Mahap","61.09.04.2013","Tembesuk"
"61","Kalimantan Barat","61.09","Kabupaten Sekadau","61.09.05","Belitang Hilir","61.09.05.2001","Sungai Ayak Satu"
"61","Kalimantan Barat","61.09","Kabupaten Sekadau","61.09.05","Belitang Hilir","61.09.05.2002","Sungai Ayak Dua"
"61","Kalimantan Barat","61.09","Kabupaten Sekadau","61.09.05","Belitang Hilir","61.09.05.2003","Entabuk"
"61","Kalimantan Barat","61.09","Kabupaten Sekadau","61.09.05","Belitang Hilir","61.09.05.2004","Tapang Pulau"
"61","Kalimantan Barat","61.09","Kabupaten Sekadau","61.09.05","Belitang Hilir","61.09.05.2005","Kumpang Bis"
"61","Kalimantan Barat","61.09","Kabupaten Sekadau","61.09.05","Belitang Hilir","61.09.05.2006","Menawai Tekam"
"61","Kalimantan Barat","61.09","Kabupaten Sekadau","61.09.05","Belitang Hilir","61.09.05.2007","Semadu"
"61","Kalimantan Barat","61.09","Kabupaten Sekadau","61.09.05","Belitang Hilir","61.09.05.2008","Merbang"
"61","Kalimantan Barat","61.09","Kabupaten Sekadau","61.09.05","Belitang Hilir","61.09.05.2009","Empajak"
"61","Kalimantan Barat","61.09","Kabupaten Sekadau","61.09.05","Belitang Hilir","61.09.05.2010","Sepantak"
"61","Kalimantan Barat","61.09","Kabupaten Sekadau","61.09.05","Belitang Hilir","61.09.05.2011","Melanjan Raya"
"61","Kalimantan Barat","61.09","Kabupaten Sekadau","61.09.06","Belitang Hulu","61.09.06.2001","Sebetung"
"61","Kalimantan Barat","61.09","Kabupaten Sekadau","61.09.06","Belitang Hulu","61.09.06.2002","Seburuk Satu"
"61","Kalimantan Barat","61.09","Kabupaten Sekadau","61.09.06","Belitang Hulu","61.09.06.2003","Sungai Tapah"
"61","Kalimantan Barat","61.09","Kabupaten Sekadau","61.09.06","Belitang Hulu","61.09.06.2004","Ijuk"
"61","Kalimantan Barat","61.09","Kabupaten Sekadau","61.09.06","Belitang Hulu","61.09.06.2005","Mengaret"
"61","Kalimantan Barat","61.09","Kabupaten Sekadau","61.09.06","Belitang Hulu","61.09.06.2006","Kumpang Ilong"
"61","Kalimantan Barat","61.09","Kabupaten Sekadau","61.09.06","Belitang Hulu","61.09.06.2007","Sungai Antu Hulu"
"61","Kalimantan Barat","61.09","Kabupaten Sekadau","61.09.06","Belitang Hulu","61.09.06.2008","Terduk Dampak"
"61","Kalimantan Barat","61.09","Kabupaten Sekadau","61.09.06","Belitang Hulu","61.09.06.2009","Pakit Mulau"
"61","Kalimantan Barat","61.09","Kabupaten Sekadau","61.09.06","Belitang Hulu","61.09.06.2010","Tabuk Hulu"
"61","Kalimantan Barat","61.09","Kabupaten Sekadau","61.09.06","Belitang Hulu","61.09.06.2011","Batuk Mulau"
"61","Kalimantan Barat","61.09","Kabupaten Sekadau","61.09.06","Belitang Hulu","61.09.06.2012","Balai Sepuak"
"61","Kalimantan Barat","61.09","Kabupaten Sekadau","61.09.06","Belitang Hulu","61.09.06.2013","Bukit Rambat"
"61","Kalimantan Barat","61.09","Kabupaten Sekadau","61.09.07","Belitang","61.09.07.2001","Nanga Ansar"
"61","Kalimantan Barat","61.09","Kabupaten Sekadau","61.09.07","Belitang","61.09.07.2002","Padak"
"61","Kalimantan Barat","61.09","Kabupaten Sekadau","61.09.07","Belitang","61.09.07.2003","Setuntung"
"61","Kalimantan Barat","61.09","Kabupaten Sekadau","61.09.07","Belitang","61.09.07.2004","Belitang Satu"
"61","Kalimantan Barat","61.09","Kabupaten Sekadau","61.09.07","Belitang","61.09.07.2005","Belitang Dua"
"61","Kalimantan Barat","61.09","Kabupaten Sekadau","61.09.07","Belitang","61.09.07.2006","Menua Prama"
"61","Kalimantan Barat","61.09","Kabupaten Sekadau","61.09.07","Belitang","61.09.07.2007","Maboh Permai"
"61","Kalimantan Barat","61.10","Kabupaten Melawi","61.10.01","Belimbing","61.10.01.2001","Pemuar"
"61","Kalimantan Barat","61.10","Kabupaten Melawi","61.10.01","Belimbing","61.10.01.2002","Nusa Kenyikap"
"61","Kalimantan Barat","61.10","Kabupaten Melawi","61.10.01","Belimbing","61.10.01.2003","Batu Ampar"
"61","Kalimantan Barat","61.10","Kabupaten Melawi","61.10.01","Belimbing","61.10.01.2007","Balai Lagas"
"61","Kalimantan Barat","61.10","Kabupaten Melawi","61.10.01","Belimbing","61.10.01.2008","Upit"
"61","Kalimantan Barat","61.10","Kabupaten Melawi","61.10.01","Belimbing","61.10.01.2009","Langan"
"61","Kalimantan Barat","61.10","Kabupaten Melawi","61.10.01","Belimbing","61.10.01.2010","Batu Buil"
"61","Kalimantan Barat","61.10","Kabupaten Melawi","61.10.01","Belimbing","61.10.01.2011","Guhung"
"61","Kalimantan Barat","61.10","Kabupaten Melawi","61.10.01","Belimbing","61.10.01.2013","Batu Nanta"
"61","Kalimantan Barat","61.10","Kabupaten Melawi","61.10.01","Belimbing","61.10.01.2014","Belonsat"
"61","Kalimantan Barat","61.10","Kabupaten Melawi","61.10.01","Belimbing","61.10.01.2016","Laman Bukit"
"61","Kalimantan Barat","61.10","Kabupaten Melawi","61.10.01","Belimbing","61.10.01.2017","Tekaban"
"61","Kalimantan Barat","61.10","Kabupaten Melawi","61.10.01","Belimbing","61.10.01.2019","Labang"
"61","Kalimantan Barat","61.10","Kabupaten Melawi","61.10.01","Belimbing","61.10.01.2020","Nanga Pau"
"61","Kalimantan Barat","61.10","Kabupaten Melawi","61.10.01","Belimbing","61.10.01.2021","Nanga Entebah"
"61","Kalimantan Barat","61.10","Kabupaten Melawi","61.10.01","Belimbing","61.10.01.2023","Nanga Menunuk"
"61","Kalimantan Barat","61.10","Kabupaten Melawi","61.10.01","Belimbing","61.10.01.2024","Sepan Tonak"
"61","Kalimantan Barat","61.10","Kabupaten Melawi","61.10.02","Nanga Pinoh","61.10.02.2001","Tanjung Niaga"
"61","Kalimantan Barat","61.10","Kabupaten Melawi","61.10.02","Nanga Pinoh","61.10.02.2002","Paal"
"61","Kalimantan Barat","61.10","Kabupaten Melawi","61.10.02","Nanga Pinoh","61.10.02.2003","Sidomulyo"
"61","Kalimantan Barat","61.10","Kabupaten Melawi","61.10.02","Nanga Pinoh","61.10.02.2004","Tembawang Panjang"
"61","Kalimantan Barat","61.10","Kabupaten Melawi","61.10.02","Nanga Pinoh","61.10.02.2005","Poring"
"61","Kalimantan Barat","61.10","Kabupaten Melawi","61.10.02","Nanga Pinoh","61.10.02.2007","Nanga Kebebu"
"61","Kalimantan Barat","61.10","Kabupaten Melawi","61.10.02","Nanga Pinoh","61.10.02.2008","Nanga Kayan"
"61","Kalimantan Barat","61.10","Kabupaten Melawi","61.10.02","Nanga Pinoh","61.10.02.2013","Baru"
"61","Kalimantan Barat","61.10","Kabupaten Melawi","61.10.02","Nanga Pinoh","61.10.02.2021","Tanjung Sari"
"61","Kalimantan Barat","61.10","Kabupaten Melawi","61.10.02","Nanga Pinoh","61.10.02.2023","Tanjung Lay"
"61","Kalimantan Barat","61.10","Kabupaten Melawi","61.10.02","Nanga Pinoh","61.10.02.2024","Labai Mandiri"
"61","Kalimantan Barat","61.10","Kabupaten Melawi","61.10.02","Nanga Pinoh","61.10.02.2026","Nusa Pandau"
"61","Kalimantan Barat","61.10","Kabupaten Melawi","61.10.02","Nanga Pinoh","61.10.02.2032","Kelakik"
"61","Kalimantan Barat","61.10","Kabupaten Melawi","61.10.02","Nanga Pinoh","61.10.02.2033","Semadin Lengkong"
"61","Kalimantan Barat","61.10","Kabupaten Melawi","61.10.02","Nanga Pinoh","61.10.02.2038","Tebing Karangan"
"61","Kalimantan Barat","61.10","Kabupaten Melawi","61.10.02","Nanga Pinoh","61.10.02.2040","Kenual"
"61","Kalimantan Barat","61.10","Kabupaten Melawi","61.10.02","Nanga Pinoh","61.10.02.2042","Tanjung Tengang"
"61","Kalimantan Barat","61.10","Kabupaten Melawi","61.10.03","Ella Hilir","61.10.03.2001","Nanga Ella Hilir"
"61","Kalimantan Barat","61.10","Kabupaten Melawi","61.10.03","Ella Hilir","61.10.03.2002","Lengkong Nyadom"
"61","Kalimantan Barat","61.10","Kabupaten Melawi","61.10.03","Ella Hilir","61.10.03.2003","Nanga Nuak"
"61","Kalimantan Barat","61.10","Kabupaten Melawi","61.10.03","Ella Hilir","61.10.03.2004","Nanga Kalan"
"61","Kalimantan Barat","61.10","Kabupaten Melawi","61.10.03","Ella Hilir","61.10.03.2005","Nanga Nyuruh"
"61","Kalimantan Barat","61.10","Kabupaten Melawi","61.10.03","Ella Hilir","61.10.03.2006","Nanga Kempangai"
"61","Kalimantan Barat","61.10","Kabupaten Melawi","61.10.03","Ella Hilir","61.10.03.2007","Kerangan Kora"
"61","Kalimantan Barat","61.10","Kabupaten Melawi","61.10.03","Ella Hilir","61.10.03.2008","Penyuguk"
"61","Kalimantan Barat","61.10","Kabupaten Melawi","61.10.03","Ella Hilir","61.10.03.2009","Popai"
"61","Kalimantan Barat","61.10","Kabupaten Melawi","61.10.03","Ella Hilir","61.10.03.2010","Kahiya"
"61","Kalimantan Barat","61.10","Kabupaten Melawi","61.10.03","Ella Hilir","61.10.03.2011","Bemban Permai"
"61","Kalimantan Barat","61.10","Kabupaten Melawi","61.10.03","Ella Hilir","61.10.03.2012","Perembang Nyuruh"
"61","Kalimantan Barat","61.10","Kabupaten Melawi","61.10.03","Ella Hilir","61.10.03.2013","Sungai Labuk"
"61","Kalimantan Barat","61.10","Kabupaten Melawi","61.10.03","Ella Hilir","61.10.03.2014","Sungai Mentoba"
"61","Kalimantan Barat","61.10","Kabupaten Melawi","61.10.03","Ella Hilir","61.10.03.2015","Natai Compa"
"61","Kalimantan Barat","61.10","Kabupaten Melawi","61.10.03","Ella Hilir","61.10.03.2016","Pelempai Jaya"
"61","Kalimantan Barat","61.10","Kabupaten Melawi","61.10.03","Ella Hilir","61.10.03.2017","Domet Permai"
"61","Kalimantan Barat","61.10","Kabupaten Melawi","61.10.03","Ella Hilir","61.10.03.2018","Nyangau"
"61","Kalimantan Barat","61.10","Kabupaten Melawi","61.10.03","Ella Hilir","61.10.03.2019","Jabai"
"61","Kalimantan Barat","61.10","Kabupaten Melawi","61.10.04","Menukung","61.10.04.2001","Menukung Kota"
"61","Kalimantan Barat","61.10","Kabupaten Melawi","61.10.04","Menukung","61.10.04.2002","Nanga Ella Hulu"
"61","Kalimantan Barat","61.10","Kabupaten Melawi","61.10.04","Menukung","61.10.04.2003","Sungai Sampuk"
"61","Kalimantan Barat","61.10","Kabupaten Melawi","61.10.04","Menukung","61.10.04.2004","Landau Leban"
"61","Kalimantan Barat","61.10","Kabupaten Melawi","61.10.04","Menukung","61.10.04.2005","Tanjung Beringin"
"61","Kalimantan Barat","61.10","Kabupaten Melawi","61.10.04","Menukung","61.10.04.2006","Nanga Melona Satu"
"61","Kalimantan Barat","61.10","Kabupaten Melawi","61.10.04","Menukung","61.10.04.2007","Nanga Siyai"
"61","Kalimantan Barat","61.10","Kabupaten Melawi","61.10.04","Menukung","61.10.04.2008","Nanga Mawang Mentatai"
"61","Kalimantan Barat","61.10","Kabupaten Melawi","61.10.04","Menukung","61.10.04.2009","Laman Mumbung"
"61","Kalimantan Barat","61.10","Kabupaten Melawi","61.10.04","Menukung","61.10.04.2010","Belaban Ella"
"61","Kalimantan Barat","61.10","Kabupaten Melawi","61.10.04","Menukung","61.10.04.2011","Pelaik Keruap"
"61","Kalimantan Barat","61.10","Kabupaten Melawi","61.10.04","Menukung","61.10.04.2012","Nanga Keruap"
"61","Kalimantan Barat","61.10","Kabupaten Melawi","61.10.04","Menukung","61.10.04.2013","Batas Nangka"
"61","Kalimantan Barat","61.10","Kabupaten Melawi","61.10.04","Menukung","61.10.04.2014","Nusa Poring"
"61","Kalimantan Barat","61.10","Kabupaten Melawi","61.10.04","Menukung","61.10.04.2015","Batu Onap"
"61","Kalimantan Barat","61.10","Kabupaten Melawi","61.10.04","Menukung","61.10.04.2016","Batu Badak"
"61","Kalimantan Barat","61.10","Kabupaten Melawi","61.10.04","Menukung","61.10.04.2017","Oyah"
"61","Kalimantan Barat","61.10","Kabupaten Melawi","61.10.04","Menukung","61.10.04.2018","Lihai"
"61","Kalimantan Barat","61.10","Kabupaten Melawi","61.10.04","Menukung","61.10.04.2019","Sampak"
"61","Kalimantan Barat","61.10","Kabupaten Melawi","61.10.05","Sayan","61.10.05.2001","Nanga Sayan"
"61","Kalimantan Barat","61.10","Kabupaten Melawi","61.10.05","Sayan","61.10.05.2002","Pekawai"
"61","Kalimantan Barat","61.10","Kabupaten Melawi","61.10.05","Sayan","61.10.05.2003","Landau Sandak"
"61","Kalimantan Barat","61.10","Kabupaten Melawi","61.10.05","Sayan","61.10.05.2004","Madya Raya"
"61","Kalimantan Barat","61.10","Kabupaten Melawi","61.10.05","Sayan","61.10.05.2005","Karangan Purun"
"61","Kalimantan Barat","61.10","Kabupaten Melawi","61.10.05","Sayan","61.10.05.2006","Mekar Pelita"
"61","Kalimantan Barat","61.10","Kabupaten Melawi","61.10.05","Sayan","61.10.05.2007","Bora"
"61","Kalimantan Barat","61.10","Kabupaten Melawi","61.10.05","Sayan","61.10.05.2008","Meta Bersatu"
"61","Kalimantan Barat","61.10","Kabupaten Melawi","61.10.05","Sayan","61.10.05.2009","Nanga Kasai"
"61","Kalimantan Barat","61.10","Kabupaten Melawi","61.10.05","Sayan","61.10.05.2010","Nanga Kompi"
"61","Kalimantan Barat","61.10","Kabupaten Melawi","61.10.05","Sayan","61.10.05.2011","Nanga Mancur"
"61","Kalimantan Barat","61.10","Kabupaten Melawi","61.10.05","Sayan","61.10.05.2012","Siling Permai"
"61","Kalimantan Barat","61.10","Kabupaten Melawi","61.10.05","Sayan","61.10.05.2013","Lingkar Indah"
"61","Kalimantan Barat","61.10","Kabupaten Melawi","61.10.05","Sayan","61.10.05.2014","Sayan Jaya"
"61","Kalimantan Barat","61.10","Kabupaten Melawi","61.10.05","Sayan","61.10.05.2015","Nanga Pak"
"61","Kalimantan Barat","61.10","Kabupaten Melawi","61.10.05","Sayan","61.10.05.2016","Tumbak Raya"
"61","Kalimantan Barat","61.10","Kabupaten Melawi","61.10.05","Sayan","61.10.05.2017","Berobai Permai"
"61","Kalimantan Barat","61.10","Kabupaten Melawi","61.10.05","Sayan","61.10.05.2018","Nanga Raku"
"61","Kalimantan Barat","61.10","Kabupaten Melawi","61.10.06","Tanah Pinoh","61.10.06.2001","Batu Begigi"
"61","Kalimantan Barat","61.10","Kabupaten Melawi","61.10.06","Tanah Pinoh","61.10.06.2002","Loka Jaya"
"61","Kalimantan Barat","61.10","Kabupaten Melawi","61.10.06","Tanah Pinoh","61.10.06.2003","Suka Maju"
"61","Kalimantan Barat","61.10","Kabupaten Melawi","61.10.06","Tanah Pinoh","61.10.06.2004","Bina Jaya"
"61","Kalimantan Barat","61.10","Kabupaten Melawi","61.10.06","Tanah Pinoh","61.10.06.2005","Bina Karya"
"61","Kalimantan Barat","61.10","Kabupaten Melawi","61.10.06","Tanah Pinoh","61.10.06.2006","Madong Jaya"
"61","Kalimantan Barat","61.10","Kabupaten Melawi","61.10.06","Tanah Pinoh","61.10.06.2016","Bata Luar"
"61","Kalimantan Barat","61.10","Kabupaten Melawi","61.10.06","Tanah Pinoh","61.10.06.2017","Maris Permai"
"61","Kalimantan Barat","61.10","Kabupaten Melawi","61.10.06","Tanah Pinoh","61.10.06.2019","Pelita Kenaya"
"61","Kalimantan Barat","61.10","Kabupaten Melawi","61.10.06","Tanah Pinoh","61.10.06.2020","Tanjung Beringin Raya"
"61","Kalimantan Barat","61.10","Kabupaten Melawi","61.10.06","Tanah Pinoh","61.10.06.2021","Tanjung Gunung"
"61","Kalimantan Barat","61.10","Kabupaten Melawi","61.10.06","Tanah Pinoh","61.10.06.2022","Keranjik"
"61","Kalimantan Barat","61.10","Kabupaten Melawi","61.10.07","Sokan","61.10.07.2001","Nanga Sokan"
"61","Kalimantan Barat","61.10","Kabupaten Melawi","61.10.07","Sokan","61.10.07.2002","Tanjung Sokan"
"61","Kalimantan Barat","61.10","Kabupaten Melawi","61.10.07","Sokan","61.10.07.2003","Sijau"
"61","Kalimantan Barat","61.10","Kabupaten Melawi","61.10.07","Sokan","61.10.07.2004","Keluing Taja"
"61","Kalimantan Barat","61.10","Kabupaten Melawi","61.10.07","Sokan","61.10.07.2005","Nanga Betangai"
"61","Kalimantan Barat","61.10","Kabupaten Melawi","61.10.07","Sokan","61.10.07.2006","Gelata"
"61","Kalimantan Barat","61.10","Kabupaten Melawi","61.10.07","Sokan","61.10.07.2007","Nanga Ora"
"61","Kalimantan Barat","61.10","Kabupaten Melawi","61.10.07","Sokan","61.10.07.2008","Nanga Libas"
"61","Kalimantan Barat","61.10","Kabupaten Melawi","61.10.07","Sokan","61.10.07.2009","Telaga Raya"
"61","Kalimantan Barat","61.10","Kabupaten Melawi","61.10.07","Sokan","61.10.07.2010","Teluk Pongkal"
"61","Kalimantan Barat","61.10","Kabupaten Melawi","61.10.07","Sokan","61.10.07.2011","Nanga Tangkit"
"61","Kalimantan Barat","61.10","Kabupaten Melawi","61.10.07","Sokan","61.10.07.2012","Penyengkuang"
"61","Kalimantan Barat","61.10","Kabupaten Melawi","61.10.07","Sokan","61.10.07.2013","Melana"
"61","Kalimantan Barat","61.10","Kabupaten Melawi","61.10.07","Sokan","61.10.07.2014","Nanga Potai"
"61","Kalimantan Barat","61.10","Kabupaten Melawi","61.10.07","Sokan","61.10.07.2015","Sepakat"
"61","Kalimantan Barat","61.10","Kabupaten Melawi","61.10.07","Sokan","61.10.07.2016","Muara Tanjung"
"61","Kalimantan Barat","61.10","Kabupaten Melawi","61.10.07","Sokan","61.10.07.2017","Landau Kabu"
"61","Kalimantan Barat","61.10","Kabupaten Melawi","61.10.07","Sokan","61.10.07.2018","Tanjung Mahung"
"61","Kalimantan Barat","61.10","Kabupaten Melawi","61.10.08","Pinoh Utara","61.10.08.2001","Tekelak"
"61","Kalimantan Barat","61.10","Kabupaten Melawi","61.10.08","Pinoh Utara","61.10.08.2002","Manding"
"61","Kalimantan Barat","61.10","Kabupaten Melawi","61.10.08","Pinoh Utara","61.10.08.2003","Nanga Belimbing"
"61","Kalimantan Barat","61.10","Kabupaten Melawi","61.10.08","Pinoh Utara","61.10.08.2004","Tengkajau"
"61","Kalimantan Barat","61.10","Kabupaten Melawi","61.10.08","Pinoh Utara","61.10.08.2005","Tanjung Paoh"
"61","Kalimantan Barat","61.10","Kabupaten Melawi","61.10.08","Pinoh Utara","61.10.08.2006","Nanga Man"
"61","Kalimantan Barat","61.10","Kabupaten Melawi","61.10.08","Pinoh Utara","61.10.08.2007","Sungai Pinang"
"61","Kalimantan Barat","61.10","Kabupaten Melawi","61.10.08","Pinoh Utara","61.10.08.2008","Engkurai"
"61","Kalimantan Barat","61.10","Kabupaten Melawi","61.10.08","Pinoh Utara","61.10.08.2009","Merpak"
"61","Kalimantan Barat","61.10","Kabupaten Melawi","61.10.08","Pinoh Utara","61.10.08.2010","Senibung"
"61","Kalimantan Barat","61.10","Kabupaten Melawi","61.10.08","Pinoh Utara","61.10.08.2011","Melamut Bersatu"
"61","Kalimantan Barat","61.10","Kabupaten Melawi","61.10.08","Pinoh Utara","61.10.08.2012","Natai Panjang"
"61","Kalimantan Barat","61.10","Kabupaten Melawi","61.10.08","Pinoh Utara","61.10.08.2013","Sungai Raya"
"61","Kalimantan Barat","61.10","Kabupaten Melawi","61.10.08","Pinoh Utara","61.10.08.2014","Merah Arai"
"61","Kalimantan Barat","61.10","Kabupaten Melawi","61.10.08","Pinoh Utara","61.10.08.2015","Suka Damai"
"61","Kalimantan Barat","61.10","Kabupaten Melawi","61.10.08","Pinoh Utara","61.10.08.2016","Tanjung Arak"
"61","Kalimantan Barat","61.10","Kabupaten Melawi","61.10.08","Pinoh Utara","61.10.08.2017","Melawi Kiri Hilir"
"61","Kalimantan Barat","61.10","Kabupaten Melawi","61.10.08","Pinoh Utara","61.10.08.2018","Kompas Raya"
"61","Kalimantan Barat","61.10","Kabupaten Melawi","61.10.08","Pinoh Utara","61.10.08.2019","Kayan Semapau"
"61","Kalimantan Barat","61.10","Kabupaten Melawi","61.10.09","Pinoh Selatan","61.10.09.2001","Manggala"
"61","Kalimantan Barat","61.10","Kabupaten Melawi","61.10.09","Pinoh Selatan","61.10.09.2002","Senempak"
"61","Kalimantan Barat","61.10","Kabupaten Melawi","61.10.09","Pinoh Selatan","61.10.09.2003","Nanga Pintas"
"61","Kalimantan Barat","61.10","Kabupaten Melawi","61.10.09","Pinoh Selatan","61.10.09.2004","Landau Garong"
"61","Kalimantan Barat","61.10","Kabupaten Melawi","61.10.09","Pinoh Selatan","61.10.09.2005","Bina Jaya"
"61","Kalimantan Barat","61.10","Kabupaten Melawi","61.10.09","Pinoh Selatan","61.10.09.2006","Mandau Baru"
"61","Kalimantan Barat","61.10","Kabupaten Melawi","61.10.09","Pinoh Selatan","61.10.09.2007","Pelinggang"
"61","Kalimantan Barat","61.10","Kabupaten Melawi","61.10.09","Pinoh Selatan","61.10.09.2008","Nyanggai"
"61","Kalimantan Barat","61.10","Kabupaten Melawi","61.10.09","Pinoh Selatan","61.10.09.2009","Sungai Bakah"
"61","Kalimantan Barat","61.10","Kabupaten Melawi","61.10.09","Pinoh Selatan","61.10.09.2010","Bayur Raya"
"61","Kalimantan Barat","61.10","Kabupaten Melawi","61.10.09","Pinoh Selatan","61.10.09.2011","Landau Tubun"
"61","Kalimantan Barat","61.10","Kabupaten Melawi","61.10.09","Pinoh Selatan","61.10.09.2012","Nanga Kelawai"
"61","Kalimantan Barat","61.10","Kabupaten Melawi","61.10.10","Belimbing Hulu","61.10.10.2001","Tiong Keranjik"
"61","Kalimantan Barat","61.10","Kabupaten Melawi","61.10.10","Belimbing Hulu","61.10.10.2002","Nanga Tikan"
"61","Kalimantan Barat","61.10","Kabupaten Melawi","61.10.10","Belimbing Hulu","61.10.10.2003","Beloyang"
"61","Kalimantan Barat","61.10","Kabupaten Melawi","61.10.10","Belimbing Hulu","61.10.10.2004","Nanga Raya"
"61","Kalimantan Barat","61.10","Kabupaten Melawi","61.10.10","Belimbing Hulu","61.10.10.2005","Junjung Permai"
"61","Kalimantan Barat","61.10","Kabupaten Melawi","61.10.10","Belimbing Hulu","61.10.10.2006","Nanga Keberak"
"61","Kalimantan Barat","61.10","Kabupaten Melawi","61.10.10","Belimbing Hulu","61.10.10.2007","Piawas"
"61","Kalimantan Barat","61.10","Kabupaten Melawi","61.10.10","Belimbing Hulu","61.10.10.2008","Kayu Bunga"
"61","Kalimantan Barat","61.10","Kabupaten Melawi","61.10.11","Tanah Pinoh Barat","61.10.11.2001","Ulak Muid"
"61","Kalimantan Barat","61.10","Kabupaten Melawi","61.10.11","Tanah Pinoh Barat","61.10.11.2002","Harapan Jaya"
"61","Kalimantan Barat","61.10","Kabupaten Melawi","61.10.11","Tanah Pinoh Barat","61.10.11.2003","Durian Jaya"
"61","Kalimantan Barat","61.10","Kabupaten Melawi","61.10.11","Tanah Pinoh Barat","61.10.11.2004","Togan Baru"
"61","Kalimantan Barat","61.10","Kabupaten Melawi","61.10.11","Tanah Pinoh Barat","61.10.11.2005","Pelita Jaya"
"61","Kalimantan Barat","61.10","Kabupaten Melawi","61.10.11","Tanah Pinoh Barat","61.10.11.2006","Bukit Raya"
"61","Kalimantan Barat","61.10","Kabupaten Melawi","61.10.11","Tanah Pinoh Barat","61.10.11.2007","Lintah Taum"
"61","Kalimantan Barat","61.10","Kabupaten Melawi","61.10.11","Tanah Pinoh Barat","61.10.11.2008","Laja"
"61","Kalimantan Barat","61.10","Kabupaten Melawi","61.10.11","Tanah Pinoh Barat","61.10.11.2009","Keluas Hulu"
"61","Kalimantan Barat","61.10","Kabupaten Melawi","61.10.11","Tanah Pinoh Barat","61.10.11.2010","Ganjang"
"61","Kalimantan Barat","61.11","Kabupaten Kayong Utara","61.11.01","Sukadana","61.11.01.2001","Sutera"
"61","Kalimantan Barat","61.11","Kabupaten Kayong Utara","61.11.01","Sukadana","61.11.01.2002","Pangkalan Buton"
"61","Kalimantan Barat","61.11","Kabupaten Kayong Utara","61.11.01","Sukadana","61.11.01.2003","Sejahtera"
"61","Kalimantan Barat","61.11","Kabupaten Kayong Utara","61.11.01","Sukadana","61.11.01.2004","Simpang Tiga"
"61","Kalimantan Barat","61.11","Kabupaten Kayong Utara","61.11.01","Sukadana","61.11.01.2005","Benawai Agung"
"61","Kalimantan Barat","61.11","Kabupaten Kayong Utara","61.11.01","Sukadana","61.11.01.2006","Harapan Mulia"
"61","Kalimantan Barat","61.11","Kabupaten Kayong Utara","61.11.01","Sukadana","61.11.01.2007","Pampang Harapan"
"61","Kalimantan Barat","61.11","Kabupaten Kayong Utara","61.11.01","Sukadana","61.11.01.2008","Sedahan Jaya"
"61","Kalimantan Barat","61.11","Kabupaten Kayong Utara","61.11.01","Sukadana","61.11.01.2009","Gunungsembilan"
"61","Kalimantan Barat","61.11","Kabupaten Kayong Utara","61.11.01","Sukadana","61.11.01.2010","Riam Berasap Jaya"
"61","Kalimantan Barat","61.11","Kabupaten Kayong Utara","61.11.02","Simpang Hilir","61.11.02.2001","Teluk Melano"
"61","Kalimantan Barat","61.11","Kabupaten Kayong Utara","61.11.02","Simpang Hilir","61.11.02.2002","Nipah Kuning"
"61","Kalimantan Barat","61.11","Kabupaten Kayong Utara","61.11.02","Simpang Hilir","61.11.02.2003","Pemangkat"
"61","Kalimantan Barat","61.11","Kabupaten Kayong Utara","61.11.02","Simpang Hilir","61.11.02.2004","Padu Banjar"
"61","Kalimantan Barat","61.11","Kabupaten Kayong Utara","61.11.02","Simpang Hilir","61.11.02.2005","Penjalaan"
"61","Kalimantan Barat","61.11","Kabupaten Kayong Utara","61.11.02","Simpang Hilir","61.11.02.2006","Sungai Mata-Mata"
"61","Kalimantan Barat","61.11","Kabupaten Kayong Utara","61.11.02","Simpang Hilir","61.11.02.2007","Batu Barat"
"61","Kalimantan Barat","61.11","Kabupaten Kayong Utara","61.11.02","Simpang Hilir","61.11.02.2008","Pulau Kumbang"
"61","Kalimantan Barat","61.11","Kabupaten Kayong Utara","61.11.02","Simpang Hilir","61.11.02.2009","Rantau Panjang"
"61","Kalimantan Barat","61.11","Kabupaten Kayong Utara","61.11.02","Simpang Hilir","61.11.02.2010","Matan Jaya"
"61","Kalimantan Barat","61.11","Kabupaten Kayong Utara","61.11.02","Simpang Hilir","61.11.02.2011","Medan Jaya"
"61","Kalimantan Barat","61.11","Kabupaten Kayong Utara","61.11.02","Simpang Hilir","61.11.02.2012","Lubuk Batu"
"61","Kalimantan Barat","61.11","Kabupaten Kayong Utara","61.11.03","Teluk Batang","61.11.03.2001","Mas Bangun"
"61","Kalimantan Barat","61.11","Kabupaten Kayong Utara","61.11.03","Teluk Batang","61.11.03.2002","Alur Bandung"
"61","Kalimantan Barat","61.11","Kabupaten Kayong Utara","61.11.03","Teluk Batang","61.11.03.2003","Telukbatang"
"61","Kalimantan Barat","61.11","Kabupaten Kayong Utara","61.11.03","Teluk Batang","61.11.03.2004","Sungaipaduan"
"61","Kalimantan Barat","61.11","Kabupaten Kayong Utara","61.11.03","Teluk Batang","61.11.03.2005","Banyu Abang"
"61","Kalimantan Barat","61.11","Kabupaten Kayong Utara","61.11.03","Teluk Batang","61.11.03.2006","Telukbatang Selatan"
"61","Kalimantan Barat","61.11","Kabupaten Kayong Utara","61.11.03","Teluk Batang","61.11.03.2007","Telukbatang Utara"
"61","Kalimantan Barat","61.11","Kabupaten Kayong Utara","61.11.04","Pulau Maya","61.11.04.2001","Tanjungsatai"
"61","Kalimantan Barat","61.11","Kabupaten Kayong Utara","61.11.04","Pulau Maya","61.11.04.2002","Kemboja"
"61","Kalimantan Barat","61.11","Kabupaten Kayong Utara","61.11.04","Pulau Maya","61.11.04.2003","Dusun Kecil"
"61","Kalimantan Barat","61.11","Kabupaten Kayong Utara","61.11.04","Pulau Maya","61.11.04.2004","Dusun Besar"
"61","Kalimantan Barat","61.11","Kabupaten Kayong Utara","61.11.04","Pulau Maya","61.11.04.2006","Satai Lestari"
"61","Kalimantan Barat","61.11","Kabupaten Kayong Utara","61.11.05","Seponti","61.11.05.2001","Seponti Jaya"
"61","Kalimantan Barat","61.11","Kabupaten Kayong Utara","61.11.05","Seponti","61.11.05.2002","Telaga Arum"
"61","Kalimantan Barat","61.11","Kabupaten Kayong Utara","61.11.05","Seponti","61.11.05.2003","Wonorejo"
"61","Kalimantan Barat","61.11","Kabupaten Kayong Utara","61.11.05","Seponti","61.11.05.2004","Podorukun"
"61","Kalimantan Barat","61.11","Kabupaten Kayong Utara","61.11.05","Seponti","61.11.05.2005","Sungai Sepeti"
"61","Kalimantan Barat","61.11","Kabupaten Kayong Utara","61.11.05","Seponti","61.11.05.2006","Durian Sebatang"
"61","Kalimantan Barat","61.11","Kabupaten Kayong Utara","61.11.06","Kepulauan Karimata","61.11.06.2001","Pelapis"
"61","Kalimantan Barat","61.11","Kabupaten Kayong Utara","61.11.06","Kepulauan Karimata","61.11.06.2002","Betok Jaya"
"61","Kalimantan Barat","61.11","Kabupaten Kayong Utara","61.11.06","Kepulauan Karimata","61.11.06.2003","Padang"
"61","Kalimantan Barat","61.12","Kabupaten Kubu Raya","61.12.01","Sungai Raya","61.12.01.2001","Sungai Raya"
"61","Kalimantan Barat","61.12","Kabupaten Kubu Raya","61.12.01","Sungai Raya","61.12.01.2002","Sungai Ambangah"
"61","Kalimantan Barat","61.12","Kabupaten Kubu Raya","61.12.01","Sungai Raya","61.12.01.2003","Arang Limbung"
"61","Kalimantan Barat","61.12","Kabupaten Kubu Raya","61.12.01","Sungai Raya","61.12.01.2004","Kuala Dua"
"61","Kalimantan Barat","61.12","Kabupaten Kubu Raya","61.12.01","Sungai Raya","61.12.01.2005","Tebang Kacang"
"61","Kalimantan Barat","61.12","Kabupaten Kubu Raya","61.12.01","Sungai Raya","61.12.01.2006","Sungai Asam"
"61","Kalimantan Barat","61.12","Kabupaten Kubu Raya","61.12.01","Sungai Raya","61.12.01.2007","Pulau Limbung"
"61","Kalimantan Barat","61.12","Kabupaten Kubu Raya","61.12.01","Sungai Raya","61.12.01.2008","Kapur"
"61","Kalimantan Barat","61.12","Kabupaten Kubu Raya","61.12.01","Sungai Raya","61.12.01.2009","Gunung Tamang"
"61","Kalimantan Barat","61.12","Kabupaten Kubu Raya","61.12.01","Sungai Raya","61.12.01.2010","Sungai Bulan"
"61","Kalimantan Barat","61.12","Kabupaten Kubu Raya","61.12.01","Sungai Raya","61.12.01.2011","Limbung"
"61","Kalimantan Barat","61.12","Kabupaten Kubu Raya","61.12.01","Sungai Raya","61.12.01.2012","Teluk Kapuas"
"61","Kalimantan Barat","61.12","Kabupaten Kubu Raya","61.12.01","Sungai Raya","61.12.01.2013","Madu Sari"
"61","Kalimantan Barat","61.12","Kabupaten Kubu Raya","61.12.01","Sungai Raya","61.12.01.2014","Mekar Sari"
"61","Kalimantan Barat","61.12","Kabupaten Kubu Raya","61.12.01","Sungai Raya","61.12.01.2015","Mekar Baru"
"61","Kalimantan Barat","61.12","Kabupaten Kubu Raya","61.12.01","Sungai Raya","61.12.01.2016","Sungai Raya Dalam"
"61","Kalimantan Barat","61.12","Kabupaten Kubu Raya","61.12.01","Sungai Raya","61.12.01.2017","Parit Baru"
"61","Kalimantan Barat","61.12","Kabupaten Kubu Raya","61.12.01","Sungai Raya","61.12.01.2018","Pulau Jambu"
"61","Kalimantan Barat","61.12","Kabupaten Kubu Raya","61.12.01","Sungai Raya","61.12.01.2019","Kalibandung"
"61","Kalimantan Barat","61.12","Kabupaten Kubu Raya","61.12.01","Sungai Raya","61.12.01.2020","Muara Baru"
"61","Kalimantan Barat","61.12","Kabupaten Kubu Raya","61.12.01","Sungai Raya","61.12.01.2021","Sukulanting"
"61","Kalimantan Barat","61.12","Kabupaten Kubu Raya","61.12.01","Sungai Raya","61.12.01.2022","Permata Jaya"
"61","Kalimantan Barat","61.12","Kabupaten Kubu Raya","61.12.02","Kuala Mandor B","61.12.02.2001","Kuala Mandor B"
"61","Kalimantan Barat","61.12","Kabupaten Kubu Raya","61.12.02","Kuala Mandor B","61.12.02.2002","Kubu Padi"
"61","Kalimantan Barat","61.12","Kabupaten Kubu Raya","61.12.02","Kuala Mandor B","61.12.02.2003","Kuala Mandor A"
"61","Kalimantan Barat","61.12","Kabupaten Kubu Raya","61.12.02","Kuala Mandor B","61.12.02.2004","Retok"
"61","Kalimantan Barat","61.12","Kabupaten Kubu Raya","61.12.02","Kuala Mandor B","61.12.02.2005","Sungai Enau"
"61","Kalimantan Barat","61.12","Kabupaten Kubu Raya","61.12.02","Kuala Mandor B","61.12.02.2006","Padi Jaya"
"61","Kalimantan Barat","61.12","Kabupaten Kubu Raya","61.12.03","Sungai Ambawang","61.12.03.2001","Simpang Kanan"
"61","Kalimantan Barat","61.12","Kabupaten Kubu Raya","61.12.03","Sungai Ambawang","61.12.03.2002","Mega Timur"
"61","Kalimantan Barat","61.12","Kabupaten Kubu Raya","61.12.03","Sungai Ambawang","61.12.03.2003","Bengkarek"
"61","Kalimantan Barat","61.12","Kabupaten Kubu Raya","61.12.03","Sungai Ambawang","61.12.03.2004","Lingga"
"61","Kalimantan Barat","61.12","Kabupaten Kubu Raya","61.12.03","Sungai Ambawang","61.12.03.2005","Sungai Ambawang Kuala"
"61","Kalimantan Barat","61.12","Kabupaten Kubu Raya","61.12.03","Sungai Ambawang","61.12.03.2006","Jawa Tengah"
"61","Kalimantan Barat","61.12","Kabupaten Kubu Raya","61.12.03","Sungai Ambawang","61.12.03.2007","Durian"
"61","Kalimantan Barat","61.12","Kabupaten Kubu Raya","61.12.03","Sungai Ambawang","61.12.03.2008","Pancaroba"
"61","Kalimantan Barat","61.12","Kabupaten Kubu Raya","61.12.03","Sungai Ambawang","61.12.03.2009","Puguk"
"61","Kalimantan Barat","61.12","Kabupaten Kubu Raya","61.12.03","Sungai Ambawang","61.12.03.2010","Korek"
"61","Kalimantan Barat","61.12","Kabupaten Kubu Raya","61.12.03","Sungai Ambawang","61.12.03.2011","Pasak"
"61","Kalimantan Barat","61.12","Kabupaten Kubu Raya","61.12.03","Sungai Ambawang","61.12.03.2012","Pasak Piang"
"61","Kalimantan Barat","61.12","Kabupaten Kubu Raya","61.12.03","Sungai Ambawang","61.12.03.2013","Teluk Bakung"
"61","Kalimantan Barat","61.12","Kabupaten Kubu Raya","61.12.03","Sungai Ambawang","61.12.03.2014","Ampera Raya"
"61","Kalimantan Barat","61.12","Kabupaten Kubu Raya","61.12.03","Sungai Ambawang","61.12.03.2015","Sungai Malaya"
"61","Kalimantan Barat","61.12","Kabupaten Kubu Raya","61.12.04","Terentang","61.12.04.2002","Teluk Empening"
"61","Kalimantan Barat","61.12","Kabupaten Kubu Raya","61.12.04","Terentang","61.12.04.2003","Terentang Hilir"
"61","Kalimantan Barat","61.12","Kabupaten Kubu Raya","61.12.04","Terentang","61.12.04.2004","Terentang Hulu"
"61","Kalimantan Barat","61.12","Kabupaten Kubu Raya","61.12.04","Terentang","61.12.04.2005","Permata"
"61","Kalimantan Barat","61.12","Kabupaten Kubu Raya","61.12.04","Terentang","61.12.04.2006","Betuah"
"61","Kalimantan Barat","61.12","Kabupaten Kubu Raya","61.12.04","Terentang","61.12.04.2007","Sungai Radak Satu"
"61","Kalimantan Barat","61.12","Kabupaten Kubu Raya","61.12.04","Terentang","61.12.04.2008","Sungai Radak Dua"
"61","Kalimantan Barat","61.12","Kabupaten Kubu Raya","61.12.04","Terentang","61.12.04.2009","Sungai Dungun"
"61","Kalimantan Barat","61.12","Kabupaten Kubu Raya","61.12.04","Terentang","61.12.04.2010","Teluk Bayur"
"61","Kalimantan Barat","61.12","Kabupaten Kubu Raya","61.12.04","Terentang","61.12.04.2011","Radak Baru"
"61","Kalimantan Barat","61.12","Kabupaten Kubu Raya","61.12.05","Batu Ampar","61.12.05.2001","Tanjung Beringin"
"61","Kalimantan Barat","61.12","Kabupaten Kubu Raya","61.12.05","Batu Ampar","61.12.05.2002","Batu Ampar"
"61","Kalimantan Barat","61.12","Kabupaten Kubu Raya","61.12.05","Batu Ampar","61.12.05.2003","Teluk Nibung"
"61","Kalimantan Barat","61.12","Kabupaten Kubu Raya","61.12.05","Batu Ampar","61.12.05.2004","Padang Tikar Satu"
"61","Kalimantan Barat","61.12","Kabupaten Kubu Raya","61.12.05","Batu Ampar","61.12.05.2005","Padang Tikar Dua"
"61","Kalimantan Barat","61.12","Kabupaten Kubu Raya","61.12.05","Batu Ampar","61.12.05.2006","Tasik Malaya"
"61","Kalimantan Barat","61.12","Kabupaten Kubu Raya","61.12.05","Batu Ampar","61.12.05.2007","Sungai Besar"
"61","Kalimantan Barat","61.12","Kabupaten Kubu Raya","61.12.05","Batu Ampar","61.12.05.2008","Sungai Jawi"
"61","Kalimantan Barat","61.12","Kabupaten Kubu Raya","61.12.05","Batu Ampar","61.12.05.2009","Nipah Panjang"
"61","Kalimantan Barat","61.12","Kabupaten Kubu Raya","61.12.05","Batu Ampar","61.12.05.2010","Ambarawa"
"61","Kalimantan Barat","61.12","Kabupaten Kubu Raya","61.12.05","Batu Ampar","61.12.05.2011","Tanjung Harapan"
"61","Kalimantan Barat","61.12","Kabupaten Kubu Raya","61.12.05","Batu Ampar","61.12.05.2012","Sungai Kerawang"
"61","Kalimantan Barat","61.12","Kabupaten Kubu Raya","61.12.05","Batu Ampar","61.12.05.2013","Sumber Agung"
"61","Kalimantan Barat","61.12","Kabupaten Kubu Raya","61.12.05","Batu Ampar","61.12.05.2014","Muara Tiga"
"61","Kalimantan Barat","61.12","Kabupaten Kubu Raya","61.12.05","Batu Ampar","61.12.05.2015","Medan Mas"
"61","Kalimantan Barat","61.12","Kabupaten Kubu Raya","61.12.06","Kubu","61.12.06.2001","Kubu"
"61","Kalimantan Barat","61.12","Kabupaten Kubu Raya","61.12.06","Kubu","61.12.06.2002","Olak-Olak Kubu"
"61","Kalimantan Barat","61.12","Kabupaten Kubu Raya","61.12.06","Kubu","61.12.06.2003","Sungai Selamat"
"61","Kalimantan Barat","61.12","Kabupaten Kubu Raya","61.12.06","Kubu","61.12.06.2004","Sungai Bemban"
"61","Kalimantan Barat","61.12","Kabupaten Kubu Raya","61.12.06","Kubu","61.12.06.2005","Pinang Luar"
"61","Kalimantan Barat","61.12","Kabupaten Kubu Raya","61.12.06","Kubu","61.12.06.2006","Seruat Dua"
"61","Kalimantan Barat","61.12","Kabupaten Kubu Raya","61.12.06","Kubu","61.12.06.2007","Seruat Tiga"
"61","Kalimantan Barat","61.12","Kabupaten Kubu Raya","61.12.06","Kubu","61.12.06.2008","Dabong"
"61","Kalimantan Barat","61.12","Kabupaten Kubu Raya","61.12.06","Kubu","61.12.06.2009","Ambawang"
"61","Kalimantan Barat","61.12","Kabupaten Kubu Raya","61.12.06","Kubu","61.12.06.2010","Sepakat Baru"
"61","Kalimantan Barat","61.12","Kabupaten Kubu Raya","61.12.06","Kubu","61.12.06.2011","Kampung Baru"
"61","Kalimantan Barat","61.12","Kabupaten Kubu Raya","61.12.06","Kubu","61.12.06.2012","Air Putih"
"61","Kalimantan Barat","61.12","Kabupaten Kubu Raya","61.12.06","Kubu","61.12.06.2013","Teluk Nangka"
"61","Kalimantan Barat","61.12","Kabupaten Kubu Raya","61.12.06","Kubu","61.12.06.2014","Jangkang Satu"
"61","Kalimantan Barat","61.12","Kabupaten Kubu Raya","61.12.06","Kubu","61.12.06.2015","Jangkang Dua"
"61","Kalimantan Barat","61.12","Kabupaten Kubu Raya","61.12.06","Kubu","61.12.06.2016","Pinang Dalam"
"61","Kalimantan Barat","61.12","Kabupaten Kubu Raya","61.12.06","Kubu","61.12.06.2017","Sungai Terus"
"61","Kalimantan Barat","61.12","Kabupaten Kubu Raya","61.12.06","Kubu","61.12.06.2018","Pelita Jaya"
"61","Kalimantan Barat","61.12","Kabupaten Kubu Raya","61.12.06","Kubu","61.12.06.2019","Mengkalang"
"61","Kalimantan Barat","61.12","Kabupaten Kubu Raya","61.12.06","Kubu","61.12.06.2020","Mengkalang Jambu"
"61","Kalimantan Barat","61.12","Kabupaten Kubu Raya","61.12.07","Rasau Jaya","61.12.07.2001","Rasau Jaya Umum"
"61","Kalimantan Barat","61.12","Kabupaten Kubu Raya","61.12.07","Rasau Jaya","61.12.07.2002","Rasau Jaya Satu"
"61","Kalimantan Barat","61.12","Kabupaten Kubu Raya","61.12.07","Rasau Jaya","61.12.07.2003","Rasau Jaya Dua"
"61","Kalimantan Barat","61.12","Kabupaten Kubu Raya","61.12.07","Rasau Jaya","61.12.07.2004","Rasau Jaya Tiga"
"61","Kalimantan Barat","61.12","Kabupaten Kubu Raya","61.12.07","Rasau Jaya","61.12.07.2005","Bintang Mas"
"61","Kalimantan Barat","61.12","Kabupaten Kubu Raya","61.12.07","Rasau Jaya","61.12.07.2006","Pematang Tujuh"
"61","Kalimantan Barat","61.12","Kabupaten Kubu Raya","61.12.08","Teluk Pakedai","61.12.08.2001","Teluk Pakedai Hulu"
"61","Kalimantan Barat","61.12","Kabupaten Kubu Raya","61.12.08","Teluk Pakedai","61.12.08.2002","Teluk Pakedai Satu"
"61","Kalimantan Barat","61.12","Kabupaten Kubu Raya","61.12.08","Teluk Pakedai","61.12.08.2003","Teluk Pakedai Dua"
"61","Kalimantan Barat","61.12","Kabupaten Kubu Raya","61.12.08","Teluk Pakedai","61.12.08.2004","Kuala Karang"
"61","Kalimantan Barat","61.12","Kabupaten Kubu Raya","61.12.08","Teluk Pakedai","61.12.08.2005","Seruat Satu"
"61","Kalimantan Barat","61.12","Kabupaten Kubu Raya","61.12.08","Teluk Pakedai","61.12.08.2006","Sungai Deras"
"61","Kalimantan Barat","61.12","Kabupaten Kubu Raya","61.12.08","Teluk Pakedai","61.12.08.2007","Selat Remis"
"61","Kalimantan Barat","61.12","Kabupaten Kubu Raya","61.12.08","Teluk Pakedai","61.12.08.2008","Madura"
"61","Kalimantan Barat","61.12","Kabupaten Kubu Raya","61.12.08","Teluk Pakedai","61.12.08.2009","Pasir Putih"
"61","Kalimantan Barat","61.12","Kabupaten Kubu Raya","61.12.08","Teluk Pakedai","61.12.08.2010","Teluk Gelam"
"61","Kalimantan Barat","61.12","Kabupaten Kubu Raya","61.12.08","Teluk Pakedai","61.12.08.2011","Tanjung Bunga"
"61","Kalimantan Barat","61.12","Kabupaten Kubu Raya","61.12.08","Teluk Pakedai","61.12.08.2012","Sungai Nibung"
"61","Kalimantan Barat","61.12","Kabupaten Kubu Raya","61.12.08","Teluk Pakedai","61.12.08.2013","Arus Deras"
"61","Kalimantan Barat","61.12","Kabupaten Kubu Raya","61.12.08","Teluk Pakedai","61.12.08.2014","Sungai Nipah"
"61","Kalimantan Barat","61.12","Kabupaten Kubu Raya","61.12.09","Sungai Kakap","61.12.09.2001","Sungai Kakap"
"61","Kalimantan Barat","61.12","Kabupaten Kubu Raya","61.12.09","Sungai Kakap","61.12.09.2002","Sungai Itik"
"61","Kalimantan Barat","61.12","Kabupaten Kubu Raya","61.12.09","Sungai Kakap","61.12.09.2003","Jeruju Besar"
"61","Kalimantan Barat","61.12","Kabupaten Kubu Raya","61.12.09","Sungai Kakap","61.12.09.2004","Sungai Kupah"
"61","Kalimantan Barat","61.12","Kabupaten Kubu Raya","61.12.09","Sungai Kakap","61.12.09.2005","Sungai Rengas"
"61","Kalimantan Barat","61.12","Kabupaten Kubu Raya","61.12.09","Sungai Kakap","61.12.09.2006","Pal Sembilan"
"61","Kalimantan Barat","61.12","Kabupaten Kubu Raya","61.12.09","Sungai Kakap","61.12.09.2007","Sungai Belidak"
"61","Kalimantan Barat","61.12","Kabupaten Kubu Raya","61.12.09","Sungai Kakap","61.12.09.2008","Kalimas"
"61","Kalimantan Barat","61.12","Kabupaten Kubu Raya","61.12.09","Sungai Kakap","61.12.09.2009","Punggur Kecil"
"61","Kalimantan Barat","61.12","Kabupaten Kubu Raya","61.12.09","Sungai Kakap","61.12.09.2010","Punggur Besar"
"61","Kalimantan Barat","61.12","Kabupaten Kubu Raya","61.12.09","Sungai Kakap","61.12.09.2011","Tanjung Saleh"
"61","Kalimantan Barat","61.12","Kabupaten Kubu Raya","61.12.09","Sungai Kakap","61.12.09.2012","Sepuk Laut"
"61","Kalimantan Barat","61.12","Kabupaten Kubu Raya","61.12.09","Sungai Kakap","61.12.09.2013","Punggur Kapuas"
"61","Kalimantan Barat","61.12","Kabupaten Kubu Raya","61.12.09","Sungai Kakap","61.12.09.2014","Rengas Kapuas"
"61","Kalimantan Barat","61.12","Kabupaten Kubu Raya","61.12.09","Sungai Kakap","61.12.09.2015","Parit Keladi"
"61","Kalimantan Barat","61.71","Kota Pontianak","61.71.01","Pontianak Selatan","61.71.01.1002","Benuamelayu Laut"
"61","Kalimantan Barat","61.71","Kota Pontianak","61.71.01","Pontianak Selatan","61.71.01.1003","Benuamelayu Darat"
"61","Kalimantan Barat","61.71","Kota Pontianak","61.71.01","Pontianak Selatan","61.71.01.1004","Parittokaya"
"61","Kalimantan Barat","61.71","Kota Pontianak","61.71.01","Pontianak Selatan","61.71.01.1005","Kotabaru"
"61","Kalimantan Barat","61.71","Kota Pontianak","61.71.01","Pontianak Selatan","61.71.01.1006","Akcaya"
"61","Kalimantan Barat","61.71","Kota Pontianak","61.71.02","Pontianak Timur","61.71.02.1001","Paritmayor"
"61","Kalimantan Barat","61.71","Kota Pontianak","61.71.02","Pontianak Timur","61.71.02.1002","Banjar Serasan"
"61","Kalimantan Barat","61.71","Kota Pontianak","61.71.02","Pontianak Timur","61.71.02.1003","Saigon"
"61","Kalimantan Barat","61.71","Kota Pontianak","61.71.02","Pontianak Timur","61.71.02.1004","Tanjung Hulu"
"61","Kalimantan Barat","61.71","Kota Pontianak","61.71.02","Pontianak Timur","61.71.02.1005","Tanjung Hilir"
"61","Kalimantan Barat","61.71","Kota Pontianak","61.71.02","Pontianak Timur","61.71.02.1006","Dalambugis"
"61","Kalimantan Barat","61.71","Kota Pontianak","61.71.02","Pontianak Timur","61.71.02.1007","Tambelansampit"
"61","Kalimantan Barat","61.71","Kota Pontianak","61.71.03","Pontianak Barat","61.71.03.1001","Pallima"
"61","Kalimantan Barat","61.71","Kota Pontianak","61.71.03","Pontianak Barat","61.71.03.1002","Sungaijawi Dalam"
"61","Kalimantan Barat","61.71","Kota Pontianak","61.71.03","Pontianak Barat","61.71.03.1003","Sungaijawi Luar"
"61","Kalimantan Barat","61.71","Kota Pontianak","61.71.03","Pontianak Barat","61.71.03.1004","Sungaibeliung"
"61","Kalimantan Barat","61.71","Kota Pontianak","61.71.04","Pontianak Utara","61.71.04.1001","Siantan Hulu"
"61","Kalimantan Barat","61.71","Kota Pontianak","61.71.04","Pontianak Utara","61.71.04.1002","Siantan Tengah"
"61","Kalimantan Barat","61.71","Kota Pontianak","61.71.04","Pontianak Utara","61.71.04.1003","Siantan Hilir"
"61","Kalimantan Barat","61.71","Kota Pontianak","61.71.04","Pontianak Utara","61.71.04.1004","Batulayang"
"61","Kalimantan Barat","61.71","Kota Pontianak","61.71.05","Pontianak Kota","61.71.05.1001","Sungaibangkong"
"61","Kalimantan Barat","61.71","Kota Pontianak","61.71.05","Pontianak Kota","61.71.05.1002","Daratsekip"
"61","Kalimantan Barat","61.71","Kota Pontianak","61.71.05","Pontianak Kota","61.71.05.1003","Tengah"
"61","Kalimantan Barat","61.71","Kota Pontianak","61.71.05","Pontianak Kota","61.71.05.1004","Mariana"
"61","Kalimantan Barat","61.71","Kota Pontianak","61.71.05","Pontianak Kota","61.71.05.1005","Sungaijawi"
"61","Kalimantan Barat","61.71","Kota Pontianak","61.71.06","Pontianak Tenggara","61.71.06.1001","Bansir Laut"
"61","Kalimantan Barat","61.71","Kota Pontianak","61.71.06","Pontianak Tenggara","61.71.06.1002","Bansir Darat"
"61","Kalimantan Barat","61.71","Kota Pontianak","61.71.06","Pontianak Tenggara","61.71.06.1003","Bangkabelitung Laut"
"61","Kalimantan Barat","61.71","Kota Pontianak","61.71.06","Pontianak Tenggara","61.71.06.1004","Bangkabelitung Darat"
"61","Kalimantan Barat","61.72","Kota Singkawang","61.72.01","Singkawang Tengah","61.72.01.1001","Roban"
"61","Kalimantan Barat","61.72","Kota Singkawang","61.72.01","Singkawang Tengah","61.72.01.1002","Condong"
"61","Kalimantan Barat","61.72","Kota Singkawang","61.72.01","Singkawang Tengah","61.72.01.1003","Sekip Lama"
"61","Kalimantan Barat","61.72","Kota Singkawang","61.72.01","Singkawang Tengah","61.72.01.1004","Jawa"
"61","Kalimantan Barat","61.72","Kota Singkawang","61.72.01","Singkawang Tengah","61.72.01.1005","Bukit Batu"
"61","Kalimantan Barat","61.72","Kota Singkawang","61.72.01","Singkawang Tengah","61.72.01.1006","Sungai Wie"
"61","Kalimantan Barat","61.72","Kota Singkawang","61.72.02","Singkawang Barat","61.72.02.1001","Pasiran"
"61","Kalimantan Barat","61.72","Kota Singkawang","61.72.02","Singkawang Barat","61.72.02.1002","Melayu"
"61","Kalimantan Barat","61.72","Kota Singkawang","61.72.02","Singkawang Barat","61.72.02.1003","Tengah"
"61","Kalimantan Barat","61.72","Kota Singkawang","61.72.02","Singkawang Barat","61.72.02.1004","Kuala"
"61","Kalimantan Barat","61.72","Kota Singkawang","61.72.03","Singkawang Timur","61.72.03.1001","Pajintan"
"61","Kalimantan Barat","61.72","Kota Singkawang","61.72.03","Singkawang Timur","61.72.03.1002","Nyarumkop"
"61","Kalimantan Barat","61.72","Kota Singkawang","61.72.03","Singkawang Timur","61.72.03.1003","Maya Sopa"
"61","Kalimantan Barat","61.72","Kota Singkawang","61.72.03","Singkawang Timur","61.72.03.1004","Bagak Sahwa"
"61","Kalimantan Barat","61.72","Kota Singkawang","61.72.03","Singkawang Timur","61.72.03.1005","Sanggau Kulor"
"61","Kalimantan Barat","61.72","Kota Singkawang","61.72.04","Singkawang Utara","61.72.04.1001","Sungai Garam Hilir"
"61","Kalimantan Barat","61.72","Kota Singkawang","61.72.04","Singkawang Utara","61.72.04.1002","Naram"
"61","Kalimantan Barat","61.72","Kota Singkawang","61.72.04","Singkawang Utara","61.72.04.1003","Sungai Bulan"
"61","Kalimantan Barat","61.72","Kota Singkawang","61.72.04","Singkawang Utara","61.72.04.1004","Sungai Rasau"
"61","Kalimantan Barat","61.72","Kota Singkawang","61.72.04","Singkawang Utara","61.72.04.1005","Setapuk Kecil"
"61","Kalimantan Barat","61.72","Kota Singkawang","61.72.04","Singkawang Utara","61.72.04.1006","Setapuk Besar"
"61","Kalimantan Barat","61.72","Kota Singkawang","61.72.04","Singkawang Utara","61.72.04.1007","Semelagi Kecil"
"61","Kalimantan Barat","61.72","Kota Singkawang","61.72.05","Singkawang Selatan","61.72.05.1001","Sedau"
"61","Kalimantan Barat","61.72","Kota Singkawang","61.72.05","Singkawang Selatan","61.72.05.1002","Sagatani"
"61","Kalimantan Barat","61.72","Kota Singkawang","61.72.05","Singkawang Selatan","61.72.05.1003","Sijangkung"
"61","Kalimantan Barat","61.72","Kota Singkawang","61.72.05","Singkawang Selatan","61.72.05.1004","Pangmilang"
