province_code,province_name,regency_code,regency_name,district_code,district_name,village_code,village_name
"64","Kalimantan Timur","64.01","Kabupaten Paser","64.01.01","Batu Sopang","64.01.01.2009","Samurangau"
"64","Kalimantan Timur","64.01","Kabupaten Paser","64.01.01","Batu Sopang","64.01.01.2010","Busui"
"64","Kalimantan Timur","64.01","Kabupaten Paser","64.01.01","Batu Sopang","64.01.01.2011","Batu Kajang"
"64","Kalimantan Timur","64.01","Kabupaten Paser","64.01.01","Batu Sopang","64.01.01.2012","Legai"
"64","Kalimantan Timur","64.01","Kabupaten Paser","64.01.01","Batu Sopang","64.01.01.2013","Sungai Terik"
"64","Kalimantan Timur","64.01","Kabupaten Paser","64.01.01","Batu Sopang","64.01.01.2014","Kasungai"
"64","Kalimantan Timur","64.01","Kabupaten Paser","64.01.01","Batu Sopang","64.01.01.2015","Rantau Buta"
"64","Kalimantan Timur","64.01","Kabupaten Paser","64.01.01","Batu Sopang","64.01.01.2016","Rantau Layung"
"64","Kalimantan Timur","64.01","Kabupaten Paser","64.01.01","Batu Sopang","64.01.01.2017","Songka"
"64","Kalimantan Timur","64.01","Kabupaten Paser","64.01.02","Tanjung Harapan","64.01.02.2004","Keladen"
"64","Kalimantan Timur","64.01","Kabupaten Paser","64.01.02","Tanjung Harapan","64.01.02.2006","Tanjung Aru"
"64","Kalimantan Timur","64.01","Kabupaten Paser","64.01.02","Tanjung Harapan","64.01.02.2007","Labuangkallo"
"64","Kalimantan Timur","64.01","Kabupaten Paser","64.01.02","Tanjung Harapan","64.01.02.2012","Lori"
"64","Kalimantan Timur","64.01","Kabupaten Paser","64.01.02","Tanjung Harapan","64.01.02.2013","Selengot"
"64","Kalimantan Timur","64.01","Kabupaten Paser","64.01.02","Tanjung Harapan","64.01.02.2014","Random"
"64","Kalimantan Timur","64.01","Kabupaten Paser","64.01.02","Tanjung Harapan","64.01.02.2015","Senipah"
"64","Kalimantan Timur","64.01","Kabupaten Paser","64.01.03","Paser Belengkong","64.01.03.2001","Lempesu"
"64","Kalimantan Timur","64.01","Kabupaten Paser","64.01.03","Paser Belengkong","64.01.03.2002","Bekoso"
"64","Kalimantan Timur","64.01","Kabupaten Paser","64.01.03","Paser Belengkong","64.01.03.2003","Damit"
"64","Kalimantan Timur","64.01","Kabupaten Paser","64.01.03","Paser Belengkong","64.01.03.2004","Suatang"
"64","Kalimantan Timur","64.01","Kabupaten Paser","64.01.03","Paser Belengkong","64.01.03.2005","Suliliran"
"64","Kalimantan Timur","64.01","Kabupaten Paser","64.01.03","Paser Belengkong","64.01.03.2006","Pasir Belengkong"
"64","Kalimantan Timur","64.01","Kabupaten Paser","64.01.03","Paser Belengkong","64.01.03.2007","Sangkuriman"
"64","Kalimantan Timur","64.01","Kabupaten Paser","64.01.03","Paser Belengkong","64.01.03.2008","Laburan"
"64","Kalimantan Timur","64.01","Kabupaten Paser","64.01.03","Paser Belengkong","64.01.03.2009","Suliliran Baru"
"64","Kalimantan Timur","64.01","Kabupaten Paser","64.01.03","Paser Belengkong","64.01.03.2010","Keresik Bura"
"64","Kalimantan Timur","64.01","Kabupaten Paser","64.01.03","Paser Belengkong","64.01.03.2011","Laburan Baru"
"64","Kalimantan Timur","64.01","Kabupaten Paser","64.01.03","Paser Belengkong","64.01.03.2012","Seniung Jaya"
"64","Kalimantan Timur","64.01","Kabupaten Paser","64.01.03","Paser Belengkong","64.01.03.2013","Sunge Batu"
"64","Kalimantan Timur","64.01","Kabupaten Paser","64.01.03","Paser Belengkong","64.01.03.2014","Olong Pinang"
"64","Kalimantan Timur","64.01","Kabupaten Paser","64.01.03","Paser Belengkong","64.01.03.2015","Suatang Keteban"
"64","Kalimantan Timur","64.01","Kabupaten Paser","64.01.04","Tanah Grogot","64.01.04.1001","Tanah Grogot"
"64","Kalimantan Timur","64.01","Kabupaten Paser","64.01.04","Tanah Grogot","64.01.04.2002","Janju"
"64","Kalimantan Timur","64.01","Kabupaten Paser","64.01.04","Tanah Grogot","64.01.04.2003","Tepian Batang"
"64","Kalimantan Timur","64.01","Kabupaten Paser","64.01.04","Tanah Grogot","64.01.04.2004","Tanah Periuk"
"64","Kalimantan Timur","64.01","Kabupaten Paser","64.01.04","Tanah Grogot","64.01.04.2005","Pepara"
"64","Kalimantan Timur","64.01","Kabupaten Paser","64.01.04","Tanah Grogot","64.01.04.2006","Sungai Tuak"
"64","Kalimantan Timur","64.01","Kabupaten Paser","64.01.04","Tanah Grogot","64.01.04.2007","Sempulang"
"64","Kalimantan Timur","64.01","Kabupaten Paser","64.01.04","Tanah Grogot","64.01.04.2008","Jone"
"64","Kalimantan Timur","64.01","Kabupaten Paser","64.01.04","Tanah Grogot","64.01.04.2009","Rantau Panjang"
"64","Kalimantan Timur","64.01","Kabupaten Paser","64.01.04","Tanah Grogot","64.01.04.2010","Muara Pasir"
"64","Kalimantan Timur","64.01","Kabupaten Paser","64.01.04","Tanah Grogot","64.01.04.2011","Padang Pengrapat"
"64","Kalimantan Timur","64.01","Kabupaten Paser","64.01.04","Tanah Grogot","64.01.04.2012","Perepat"
"64","Kalimantan Timur","64.01","Kabupaten Paser","64.01.04","Tanah Grogot","64.01.04.2013","Pulau Rantau"
"64","Kalimantan Timur","64.01","Kabupaten Paser","64.01.04","Tanah Grogot","64.01.04.2014","Sungai Langir"
"64","Kalimantan Timur","64.01","Kabupaten Paser","64.01.04","Tanah Grogot","64.01.04.2015","Tapis"
"64","Kalimantan Timur","64.01","Kabupaten Paser","64.01.04","Tanah Grogot","64.01.04.2016","Senaken"
"64","Kalimantan Timur","64.01","Kabupaten Paser","64.01.05","Kuaro","64.01.05.1001","Kuaro"
"64","Kalimantan Timur","64.01","Kabupaten Paser","64.01.05","Kuaro","64.01.05.2002","Lolo"
"64","Kalimantan Timur","64.01","Kabupaten Paser","64.01.05","Kuaro","64.01.05.2003","Sandeley"
"64","Kalimantan Timur","64.01","Kabupaten Paser","64.01.05","Kuaro","64.01.05.2004","Harapan Baru"
"64","Kalimantan Timur","64.01","Kabupaten Paser","64.01.05","Kuaro","64.01.05.2005","Rangan"
"64","Kalimantan Timur","64.01","Kabupaten Paser","64.01.05","Kuaro","64.01.05.2006","Modang"
"64","Kalimantan Timur","64.01","Kabupaten Paser","64.01.05","Kuaro","64.01.05.2007","Pasir Mayang"
"64","Kalimantan Timur","64.01","Kabupaten Paser","64.01.05","Kuaro","64.01.05.2008","Kerta Bumi"
"64","Kalimantan Timur","64.01","Kabupaten Paser","64.01.05","Kuaro","64.01.05.2009","Pondong Baru"
"64","Kalimantan Timur","64.01","Kabupaten Paser","64.01.05","Kuaro","64.01.05.2010","Padang Jaya"
"64","Kalimantan Timur","64.01","Kabupaten Paser","64.01.05","Kuaro","64.01.05.2011","Kendarom"
"64","Kalimantan Timur","64.01","Kabupaten Paser","64.01.05","Kuaro","64.01.05.2012","Klempang Sari"
"64","Kalimantan Timur","64.01","Kabupaten Paser","64.01.05","Kuaro","64.01.05.2013","Keluang Paser Jaya"
"64","Kalimantan Timur","64.01","Kabupaten Paser","64.01.06","Long Ikis","64.01.06.1001","Long Ikis"
"64","Kalimantan Timur","64.01","Kabupaten Paser","64.01.06","Long Ikis","64.01.06.2002","Muara Adang"
"64","Kalimantan Timur","64.01","Kabupaten Paser","64.01.06","Long Ikis","64.01.06.2003","Teluk Waru"
"64","Kalimantan Timur","64.01","Kabupaten Paser","64.01.06","Long Ikis","64.01.06.2004","Tajur"
"64","Kalimantan Timur","64.01","Kabupaten Paser","64.01.06","Long Ikis","64.01.06.2005","Semuntai"
"64","Kalimantan Timur","64.01","Kabupaten Paser","64.01.06","Long Ikis","64.01.06.2006","Lombok"
"64","Kalimantan Timur","64.01","Kabupaten Paser","64.01.06","Long Ikis","64.01.06.2007","Pait"
"64","Kalimantan Timur","64.01","Kabupaten Paser","64.01.06","Long Ikis","64.01.06.2008","Olung"
"64","Kalimantan Timur","64.01","Kabupaten Paser","64.01.06","Long Ikis","64.01.06.2009","Kayungo"
"64","Kalimantan Timur","64.01","Kabupaten Paser","64.01.06","Long Ikis","64.01.06.2010","Jemparing"
"64","Kalimantan Timur","64.01","Kabupaten Paser","64.01.06","Long Ikis","64.01.06.2011","Tiwei"
"64","Kalimantan Timur","64.01","Kabupaten Paser","64.01.06","Long Ikis","64.01.06.2012","Belimbing"
"64","Kalimantan Timur","64.01","Kabupaten Paser","64.01.06","Long Ikis","64.01.06.2013","Long Gelang"
"64","Kalimantan Timur","64.01","Kabupaten Paser","64.01.06","Long Ikis","64.01.06.2014","Krayan Jaya"
"64","Kalimantan Timur","64.01","Kabupaten Paser","64.01.06","Long Ikis","64.01.06.2015","Bukit Saloka"
"64","Kalimantan Timur","64.01","Kabupaten Paser","64.01.06","Long Ikis","64.01.06.2016","Krayan Sentosa"
"64","Kalimantan Timur","64.01","Kabupaten Paser","64.01.06","Long Ikis","64.01.06.2017","Krayan Makmur"
"64","Kalimantan Timur","64.01","Kabupaten Paser","64.01.06","Long Ikis","64.01.06.2018","Kayungo Sari"
"64","Kalimantan Timur","64.01","Kabupaten Paser","64.01.06","Long Ikis","64.01.06.2019","Krayan Bahagia"
"64","Kalimantan Timur","64.01","Kabupaten Paser","64.01.06","Long Ikis","64.01.06.2020","Sawit Jaya"
"64","Kalimantan Timur","64.01","Kabupaten Paser","64.01.06","Long Ikis","64.01.06.2021","Sekurou Jaya"
"64","Kalimantan Timur","64.01","Kabupaten Paser","64.01.06","Long Ikis","64.01.06.2022","Kerta Bhakti"
"64","Kalimantan Timur","64.01","Kabupaten Paser","64.01.06","Long Ikis","64.01.06.2023","Adang Jaya"
"64","Kalimantan Timur","64.01","Kabupaten Paser","64.01.06","Long Ikis","64.01.06.2024","Tajer Mulya"
"64","Kalimantan Timur","64.01","Kabupaten Paser","64.01.06","Long Ikis","64.01.06.2025","Brewe"
"64","Kalimantan Timur","64.01","Kabupaten Paser","64.01.06","Long Ikis","64.01.06.2026","Atang Pait"
"64","Kalimantan Timur","64.01","Kabupaten Paser","64.01.07","Muara Komam","64.01.07.1001","Muara Komam"
"64","Kalimantan Timur","64.01","Kabupaten Paser","64.01.07","Muara Komam","64.01.07.2002","Batu Botuk"
"64","Kalimantan Timur","64.01","Kabupaten Paser","64.01.07","Muara Komam","64.01.07.2003","Uko"
"64","Kalimantan Timur","64.01","Kabupaten Paser","64.01.07","Muara Komam","64.01.07.2004","Muara Langon"
"64","Kalimantan Timur","64.01","Kabupaten Paser","64.01.07","Muara Komam","64.01.07.2005","Binangon"
"64","Kalimantan Timur","64.01","Kabupaten Paser","64.01.07","Muara Komam","64.01.07.2006","Muara Kuaro"
"64","Kalimantan Timur","64.01","Kabupaten Paser","64.01.07","Muara Komam","64.01.07.2007","Prayon"
"64","Kalimantan Timur","64.01","Kabupaten Paser","64.01.07","Muara Komam","64.01.07.2008","Long Sayo"
"64","Kalimantan Timur","64.01","Kabupaten Paser","64.01.07","Muara Komam","64.01.07.2009","Muara Payang"
"64","Kalimantan Timur","64.01","Kabupaten Paser","64.01.07","Muara Komam","64.01.07.2010","Lusan"
"64","Kalimantan Timur","64.01","Kabupaten Paser","64.01.07","Muara Komam","64.01.07.2011","Swan Slutung"
"64","Kalimantan Timur","64.01","Kabupaten Paser","64.01.07","Muara Komam","64.01.07.2012","Sekuan Makmur"
"64","Kalimantan Timur","64.01","Kabupaten Paser","64.01.07","Muara Komam","64.01.07.2013","Selerong"
"64","Kalimantan Timur","64.01","Kabupaten Paser","64.01.08","Long Kali","64.01.08.1001","Long Kali"
"64","Kalimantan Timur","64.01","Kabupaten Paser","64.01.08","Long Kali","64.01.08.2002","Muara Telake"
"64","Kalimantan Timur","64.01","Kabupaten Paser","64.01.08","Long Kali","64.01.08.2003","Sebakung"
"64","Kalimantan Timur","64.01","Kabupaten Paser","64.01.08","Long Kali","64.01.08.2004","Bente Tualan"
"64","Kalimantan Timur","64.01","Kabupaten Paser","64.01.08","Long Kali","64.01.08.2005","Mendik"
"64","Kalimantan Timur","64.01","Kabupaten Paser","64.01.08","Long Kali","64.01.08.2006","Munggu"
"64","Kalimantan Timur","64.01","Kabupaten Paser","64.01.08","Long Kali","64.01.08.2007","Muara Pias"
"64","Kalimantan Timur","64.01","Kabupaten Paser","64.01.08","Long Kali","64.01.08.2008","Muara Toyu"
"64","Kalimantan Timur","64.01","Kabupaten Paser","64.01.08","Long Kali","64.01.08.2009","Perkuwen"
"64","Kalimantan Timur","64.01","Kabupaten Paser","64.01.08","Long Kali","64.01.08.2010","Pinang Jatus"
"64","Kalimantan Timur","64.01","Kabupaten Paser","64.01.08","Long Kali","64.01.08.2011","Muara Lambakan"
"64","Kalimantan Timur","64.01","Kabupaten Paser","64.01.08","Long Kali","64.01.08.2012","Kepala Telake"
"64","Kalimantan Timur","64.01","Kabupaten Paser","64.01.08","Long Kali","64.01.08.2013","Mendik Makmur"
"64","Kalimantan Timur","64.01","Kabupaten Paser","64.01.08","Long Kali","64.01.08.2014","Mendik Karya"
"64","Kalimantan Timur","64.01","Kabupaten Paser","64.01.08","Long Kali","64.01.08.2015","Mendik Bhakti"
"64","Kalimantan Timur","64.01","Kabupaten Paser","64.01.08","Long Kali","64.01.08.2016","Sebakung Taka"
"64","Kalimantan Timur","64.01","Kabupaten Paser","64.01.08","Long Kali","64.01.08.2017","Maruat"
"64","Kalimantan Timur","64.01","Kabupaten Paser","64.01.08","Long Kali","64.01.08.2018","Sebakung Makmur"
"64","Kalimantan Timur","64.01","Kabupaten Paser","64.01.08","Long Kali","64.01.08.2019","Petiku"
"64","Kalimantan Timur","64.01","Kabupaten Paser","64.01.08","Long Kali","64.01.08.2020","Muara Adang II"
"64","Kalimantan Timur","64.01","Kabupaten Paser","64.01.08","Long Kali","64.01.08.2021","Makmur Jaya"
"64","Kalimantan Timur","64.01","Kabupaten Paser","64.01.08","Long Kali","64.01.08.2022","Gunung Putar"
"64","Kalimantan Timur","64.01","Kabupaten Paser","64.01.08","Long Kali","64.01.08.2023","Putang"
"64","Kalimantan Timur","64.01","Kabupaten Paser","64.01.09","Batu Engau","64.01.09.2001","Kerang"
"64","Kalimantan Timur","64.01","Kabupaten Paser","64.01.09","Batu Engau","64.01.09.2002","Lomu"
"64","Kalimantan Timur","64.01","Kabupaten Paser","64.01.09","Batu Engau","64.01.09.2003","Segendang"
"64","Kalimantan Timur","64.01","Kabupaten Paser","64.01.09","Batu Engau","64.01.09.2004","Mengkudu"
"64","Kalimantan Timur","64.01","Kabupaten Paser","64.01.09","Batu Engau","64.01.09.2005","Riwang"
"64","Kalimantan Timur","64.01","Kabupaten Paser","64.01.09","Batu Engau","64.01.09.2006","Langgai"
"64","Kalimantan Timur","64.01","Kabupaten Paser","64.01.09","Batu Engau","64.01.09.2007","Petangis"
"64","Kalimantan Timur","64.01","Kabupaten Paser","64.01.09","Batu Engau","64.01.09.2008","Tempakan"
"64","Kalimantan Timur","64.01","Kabupaten Paser","64.01.09","Batu Engau","64.01.09.2009","Kerang Dayo"
"64","Kalimantan Timur","64.01","Kabupaten Paser","64.01.09","Batu Engau","64.01.09.2010","Saing Prupuk"
"64","Kalimantan Timur","64.01","Kabupaten Paser","64.01.09","Batu Engau","64.01.09.2011","Bai Jaya"
"64","Kalimantan Timur","64.01","Kabupaten Paser","64.01.09","Batu Engau","64.01.09.2012","Pengguren Jaya"
"64","Kalimantan Timur","64.01","Kabupaten Paser","64.01.09","Batu Engau","64.01.09.2013","Tebru Paser Damai"
"64","Kalimantan Timur","64.01","Kabupaten Paser","64.01.10","Muara Samu","64.01.10.2001","Tanjung Pinang"
"64","Kalimantan Timur","64.01","Kabupaten Paser","64.01.10","Muara Samu","64.01.10.2002","Rantau Atas"
"64","Kalimantan Timur","64.01","Kabupaten Paser","64.01.10","Muara Samu","64.01.10.2003","Libur Dinding"
"64","Kalimantan Timur","64.01","Kabupaten Paser","64.01.10","Muara Samu","64.01.10.2004","Luan"
"64","Kalimantan Timur","64.01","Kabupaten Paser","64.01.10","Muara Samu","64.01.10.2005","Suweto"
"64","Kalimantan Timur","64.01","Kabupaten Paser","64.01.10","Muara Samu","64.01.10.2006","Muser"
"64","Kalimantan Timur","64.01","Kabupaten Paser","64.01.10","Muara Samu","64.01.10.2007","Biu"
"64","Kalimantan Timur","64.01","Kabupaten Paser","64.01.10","Muara Samu","64.01.10.2008","Rantau Bintungan"
"64","Kalimantan Timur","64.01","Kabupaten Paser","64.01.10","Muara Samu","64.01.10.2009","Muara Andeh"
"64","Kalimantan Timur","64.02","Kabupaten Kutai Kartanegara","64.02.01","Muara Muntai","64.02.01.2001","Perian"
"64","Kalimantan Timur","64.02","Kabupaten Kutai Kartanegara","64.02.01","Muara Muntai","64.02.01.2002","Muara Leka"
"64","Kalimantan Timur","64.02","Kabupaten Kutai Kartanegara","64.02.01","Muara Muntai","64.02.01.2003","Muara Aloh"
"64","Kalimantan Timur","64.02","Kabupaten Kutai Kartanegara","64.02.01","Muara Muntai","64.02.01.2004","Jantur"
"64","Kalimantan Timur","64.02","Kabupaten Kutai Kartanegara","64.02.01","Muara Muntai","64.02.01.2005","Batuq"
"64","Kalimantan Timur","64.02","Kabupaten Kutai Kartanegara","64.02.01","Muara Muntai","64.02.01.2006","Rebaq Rinding"
"64","Kalimantan Timur","64.02","Kabupaten Kutai Kartanegara","64.02.01","Muara Muntai","64.02.01.2007","Muara Muntai Ulu"
"64","Kalimantan Timur","64.02","Kabupaten Kutai Kartanegara","64.02.01","Muara Muntai","64.02.01.2008","Muara Muntai Ilir"
"64","Kalimantan Timur","64.02","Kabupaten Kutai Kartanegara","64.02.01","Muara Muntai","64.02.01.2009","Kayu Batu"
"64","Kalimantan Timur","64.02","Kabupaten Kutai Kartanegara","64.02.01","Muara Muntai","64.02.01.2010","Jantur Selatan"
"64","Kalimantan Timur","64.02","Kabupaten Kutai Kartanegara","64.02.01","Muara Muntai","64.02.01.2011","Tanjung Batuq Harapan"
"64","Kalimantan Timur","64.02","Kabupaten Kutai Kartanegara","64.02.01","Muara Muntai","64.02.01.2012","Pulau Harapan"
"64","Kalimantan Timur","64.02","Kabupaten Kutai Kartanegara","64.02.01","Muara Muntai","64.02.01.2013","Jantur Baru"
"64","Kalimantan Timur","64.02","Kabupaten Kutai Kartanegara","64.02.02","Loa Kulu","64.02.02.2001","Jonggon Desa"
"64","Kalimantan Timur","64.02","Kabupaten Kutai Kartanegara","64.02.02","Loa Kulu","64.02.02.2002","Sungai Payang"
"64","Kalimantan Timur","64.02","Kabupaten Kutai Kartanegara","64.02.02","Loa Kulu","64.02.02.2003","Jembayan"
"64","Kalimantan Timur","64.02","Kabupaten Kutai Kartanegara","64.02.02","Loa Kulu","64.02.02.2004","Loa Kulu Kota"
"64","Kalimantan Timur","64.02","Kabupaten Kutai Kartanegara","64.02.02","Loa Kulu","64.02.02.2005","Loh Sumber"
"64","Kalimantan Timur","64.02","Kabupaten Kutai Kartanegara","64.02.02","Loa Kulu","64.02.02.2006","Ponoragan"
"64","Kalimantan Timur","64.02","Kabupaten Kutai Kartanegara","64.02.02","Loa Kulu","64.02.02.2007","Rempanga"
"64","Kalimantan Timur","64.02","Kabupaten Kutai Kartanegara","64.02.02","Loa Kulu","64.02.02.2008","Margahayu"
"64","Kalimantan Timur","64.02","Kabupaten Kutai Kartanegara","64.02.02","Loa Kulu","64.02.02.2009","Jonggon Jaya"
"64","Kalimantan Timur","64.02","Kabupaten Kutai Kartanegara","64.02.02","Loa Kulu","64.02.02.2010","Lung Anai"
"64","Kalimantan Timur","64.02","Kabupaten Kutai Kartanegara","64.02.02","Loa Kulu","64.02.02.2011","Jembayan Tengah"
"64","Kalimantan Timur","64.02","Kabupaten Kutai Kartanegara","64.02.02","Loa Kulu","64.02.02.2012","Jembayan Dalam"
"64","Kalimantan Timur","64.02","Kabupaten Kutai Kartanegara","64.02.02","Loa Kulu","64.02.02.2013","Sepakat"
"64","Kalimantan Timur","64.02","Kabupaten Kutai Kartanegara","64.02.02","Loa Kulu","64.02.02.2014","Sumber Sari"
"64","Kalimantan Timur","64.02","Kabupaten Kutai Kartanegara","64.02.02","Loa Kulu","64.02.02.2015","Jongkang"
"64","Kalimantan Timur","64.02","Kabupaten Kutai Kartanegara","64.02.03","Loa Janan","64.02.03.2001","Bakungan"
"64","Kalimantan Timur","64.02","Kabupaten Kutai Kartanegara","64.02.03","Loa Janan","64.02.03.2002","Loa Duri Ulu"
"64","Kalimantan Timur","64.02","Kabupaten Kutai Kartanegara","64.02.03","Loa Janan","64.02.03.2003","Loa Janan Ulu"
"64","Kalimantan Timur","64.02","Kabupaten Kutai Kartanegara","64.02.03","Loa Janan","64.02.03.2004","Purwajaya"
"64","Kalimantan Timur","64.02","Kabupaten Kutai Kartanegara","64.02.03","Loa Janan","64.02.03.2005","Tani Bhakti"
"64","Kalimantan Timur","64.02","Kabupaten Kutai Kartanegara","64.02.03","Loa Janan","64.02.03.2006","Batuah"
"64","Kalimantan Timur","64.02","Kabupaten Kutai Kartanegara","64.02.03","Loa Janan","64.02.03.2007","Loa Duri Ilir"
"64","Kalimantan Timur","64.02","Kabupaten Kutai Kartanegara","64.02.03","Loa Janan","64.02.03.2008","Tani Harapan"
"64","Kalimantan Timur","64.02","Kabupaten Kutai Kartanegara","64.02.04","Anggana","64.02.04.2001","Sepatin"
"64","Kalimantan Timur","64.02","Kabupaten Kutai Kartanegara","64.02.04","Anggana","64.02.04.2002","Muara Pantuan"
"64","Kalimantan Timur","64.02","Kabupaten Kutai Kartanegara","64.02.04","Anggana","64.02.04.2003","Tani Baru"
"64","Kalimantan Timur","64.02","Kabupaten Kutai Kartanegara","64.02.04","Anggana","64.02.04.2004","Kutai Lama"
"64","Kalimantan Timur","64.02","Kabupaten Kutai Kartanegara","64.02.04","Anggana","64.02.04.2005","Anggana"
"64","Kalimantan Timur","64.02","Kabupaten Kutai Kartanegara","64.02.04","Anggana","64.02.04.2006","Sungai Meriam"
"64","Kalimantan Timur","64.02","Kabupaten Kutai Kartanegara","64.02.04","Anggana","64.02.04.2007","Sidomulyo"
"64","Kalimantan Timur","64.02","Kabupaten Kutai Kartanegara","64.02.04","Anggana","64.02.04.2008","Handil Terusan"
"64","Kalimantan Timur","64.02","Kabupaten Kutai Kartanegara","64.02.05","Muara Badak","64.02.05.2001","Saliki"
"64","Kalimantan Timur","64.02","Kabupaten Kutai Kartanegara","64.02.05","Muara Badak","64.02.05.2002","Salok Palai"
"64","Kalimantan Timur","64.02","Kabupaten Kutai Kartanegara","64.02.05","Muara Badak","64.02.05.2003","Muara Badak Ulu"
"64","Kalimantan Timur","64.02","Kabupaten Kutai Kartanegara","64.02.05","Muara Badak","64.02.05.2004","Muara Badak Ilir"
"64","Kalimantan Timur","64.02","Kabupaten Kutai Kartanegara","64.02.05","Muara Badak","64.02.05.2005","Tanjung Limau"
"64","Kalimantan Timur","64.02","Kabupaten Kutai Kartanegara","64.02.05","Muara Badak","64.02.05.2006","Tanah Datar"
"64","Kalimantan Timur","64.02","Kabupaten Kutai Kartanegara","64.02.05","Muara Badak","64.02.05.2007","Badak Baru"
"64","Kalimantan Timur","64.02","Kabupaten Kutai Kartanegara","64.02.05","Muara Badak","64.02.05.2008","Suka Damai"
"64","Kalimantan Timur","64.02","Kabupaten Kutai Kartanegara","64.02.05","Muara Badak","64.02.05.2009","Badak Mekar"
"64","Kalimantan Timur","64.02","Kabupaten Kutai Kartanegara","64.02.05","Muara Badak","64.02.05.2010","Gas Alam Badak I"
"64","Kalimantan Timur","64.02","Kabupaten Kutai Kartanegara","64.02.05","Muara Badak","64.02.05.2011","Batu-Batu"
"64","Kalimantan Timur","64.02","Kabupaten Kutai Kartanegara","64.02.05","Muara Badak","64.02.05.2012","Sallo Cela"
"64","Kalimantan Timur","64.02","Kabupaten Kutai Kartanegara","64.02.05","Muara Badak","64.02.05.2013","Sungai Bawang"
"64","Kalimantan Timur","64.02","Kabupaten Kutai Kartanegara","64.02.06","Tenggarong","64.02.06.1001","Jahab"
"64","Kalimantan Timur","64.02","Kabupaten Kutai Kartanegara","64.02.06","Tenggarong","64.02.06.1002","Loa Ipuh"
"64","Kalimantan Timur","64.02","Kabupaten Kutai Kartanegara","64.02.06","Tenggarong","64.02.06.1003","Bukit Biru"
"64","Kalimantan Timur","64.02","Kabupaten Kutai Kartanegara","64.02.06","Tenggarong","64.02.06.1004","Timbau"
"64","Kalimantan Timur","64.02","Kabupaten Kutai Kartanegara","64.02.06","Tenggarong","64.02.06.1005","Melayu"
"64","Kalimantan Timur","64.02","Kabupaten Kutai Kartanegara","64.02.06","Tenggarong","64.02.06.1006","Panji"
"64","Kalimantan Timur","64.02","Kabupaten Kutai Kartanegara","64.02.06","Tenggarong","64.02.06.1007","Sukarame"
"64","Kalimantan Timur","64.02","Kabupaten Kutai Kartanegara","64.02.06","Tenggarong","64.02.06.1008","Kampung Baru"
"64","Kalimantan Timur","64.02","Kabupaten Kutai Kartanegara","64.02.06","Tenggarong","64.02.06.1009","Loa Tebu"
"64","Kalimantan Timur","64.02","Kabupaten Kutai Kartanegara","64.02.06","Tenggarong","64.02.06.1010","Mangkurawang"
"64","Kalimantan Timur","64.02","Kabupaten Kutai Kartanegara","64.02.06","Tenggarong","64.02.06.1011","Maluhu"
"64","Kalimantan Timur","64.02","Kabupaten Kutai Kartanegara","64.02.06","Tenggarong","64.02.06.1013","Loa Ipuh Darat"
"64","Kalimantan Timur","64.02","Kabupaten Kutai Kartanegara","64.02.06","Tenggarong","64.02.06.2012","Rapak Lambur"
"64","Kalimantan Timur","64.02","Kabupaten Kutai Kartanegara","64.02.06","Tenggarong","64.02.06.2014","Bendang Raya"
"64","Kalimantan Timur","64.02","Kabupaten Kutai Kartanegara","64.02.07","Sebulu","64.02.07.2001","Selerong"
"64","Kalimantan Timur","64.02","Kabupaten Kutai Kartanegara","64.02.07","Sebulu","64.02.07.2002","Tanjung Harapan"
"64","Kalimantan Timur","64.02","Kabupaten Kutai Kartanegara","64.02.07","Sebulu","64.02.07.2003","Beloro"
"64","Kalimantan Timur","64.02","Kabupaten Kutai Kartanegara","64.02.07","Sebulu","64.02.07.2004","Sebulu Ulu"
"64","Kalimantan Timur","64.02","Kabupaten Kutai Kartanegara","64.02.07","Sebulu","64.02.07.2005","Sebulu Ilir"
"64","Kalimantan Timur","64.02","Kabupaten Kutai Kartanegara","64.02.07","Sebulu","64.02.07.2006","Segihan"
"64","Kalimantan Timur","64.02","Kabupaten Kutai Kartanegara","64.02.07","Sebulu","64.02.07.2007","Sumber Sari"
"64","Kalimantan Timur","64.02","Kabupaten Kutai Kartanegara","64.02.07","Sebulu","64.02.07.2008","Manunggal Daya"
"64","Kalimantan Timur","64.02","Kabupaten Kutai Kartanegara","64.02.07","Sebulu","64.02.07.2009","Giri Agung"
"64","Kalimantan Timur","64.02","Kabupaten Kutai Kartanegara","64.02.07","Sebulu","64.02.07.2010","Senoni"
"64","Kalimantan Timur","64.02","Kabupaten Kutai Kartanegara","64.02.07","Sebulu","64.02.07.2011","Sebulu Moderen"
"64","Kalimantan Timur","64.02","Kabupaten Kutai Kartanegara","64.02.07","Sebulu","64.02.07.2012","Sanggulan"
"64","Kalimantan Timur","64.02","Kabupaten Kutai Kartanegara","64.02.07","Sebulu","64.02.07.2013","Lekaq Kidau"
"64","Kalimantan Timur","64.02","Kabupaten Kutai Kartanegara","64.02.07","Sebulu","64.02.07.2014","Mekar Jaya"
"64","Kalimantan Timur","64.02","Kabupaten Kutai Kartanegara","64.02.08","Kota Bangun","64.02.08.2004","Loleng"
"64","Kalimantan Timur","64.02","Kabupaten Kutai Kartanegara","64.02.08","Kota Bangun","64.02.08.2005","Kota Bangun Ulu"
"64","Kalimantan Timur","64.02","Kabupaten Kutai Kartanegara","64.02.08","Kota Bangun","64.02.08.2006","Kota Bangun Ilir"
"64","Kalimantan Timur","64.02","Kabupaten Kutai Kartanegara","64.02.08","Kota Bangun","64.02.08.2007","Liang"
"64","Kalimantan Timur","64.02","Kabupaten Kutai Kartanegara","64.02.08","Kota Bangun","64.02.08.2008","Muhuran"
"64","Kalimantan Timur","64.02","Kabupaten Kutai Kartanegara","64.02.08","Kota Bangun","64.02.08.2009","Pela"
"64","Kalimantan Timur","64.02","Kabupaten Kutai Kartanegara","64.02.08","Kota Bangun","64.02.08.2017","Kedang Murung"
"64","Kalimantan Timur","64.02","Kabupaten Kutai Kartanegara","64.02.08","Kota Bangun","64.02.08.2018","Kota Bangun Seberang"
"64","Kalimantan Timur","64.02","Kabupaten Kutai Kartanegara","64.02.08","Kota Bangun","64.02.08.2019","Liang Ulu"
"64","Kalimantan Timur","64.02","Kabupaten Kutai Kartanegara","64.02.08","Kota Bangun","64.02.08.2020","Sebelimbingan"
"64","Kalimantan Timur","64.02","Kabupaten Kutai Kartanegara","64.02.08","Kota Bangun","64.02.08.2021","Sangkuliman"
"64","Kalimantan Timur","64.02","Kabupaten Kutai Kartanegara","64.02.09","Kenohan","64.02.09.2001","Lamin Telihan"
"64","Kalimantan Timur","64.02","Kabupaten Kutai Kartanegara","64.02.09","Kenohan","64.02.09.2002","Lamin Pulut"
"64","Kalimantan Timur","64.02","Kabupaten Kutai Kartanegara","64.02.09","Kenohan","64.02.09.2003","Teluk Bingkai"
"64","Kalimantan Timur","64.02","Kabupaten Kutai Kartanegara","64.02.09","Kenohan","64.02.09.2004","Kahala"
"64","Kalimantan Timur","64.02","Kabupaten Kutai Kartanegara","64.02.09","Kenohan","64.02.09.2005","Tubuhan"
"64","Kalimantan Timur","64.02","Kabupaten Kutai Kartanegara","64.02.09","Kenohan","64.02.09.2006","Semayang"
"64","Kalimantan Timur","64.02","Kabupaten Kutai Kartanegara","64.02.09","Kenohan","64.02.09.2007","Teluk Muda"
"64","Kalimantan Timur","64.02","Kabupaten Kutai Kartanegara","64.02.09","Kenohan","64.02.09.2008","Tuana Tuha"
"64","Kalimantan Timur","64.02","Kabupaten Kutai Kartanegara","64.02.09","Kenohan","64.02.09.2009","Kahala Ilir"
"64","Kalimantan Timur","64.02","Kabupaten Kutai Kartanegara","64.02.10","Kembang Janggut","64.02.10.2001","Genting Tanah"
"64","Kalimantan Timur","64.02","Kabupaten Kutai Kartanegara","64.02.10","Kembang Janggut","64.02.10.2002","Loa Sakoh"
"64","Kalimantan Timur","64.02","Kabupaten Kutai Kartanegara","64.02.10","Kembang Janggut","64.02.10.2003","Hambau"
"64","Kalimantan Timur","64.02","Kabupaten Kutai Kartanegara","64.02.10","Kembang Janggut","64.02.10.2004","Kembang Janggut"
"64","Kalimantan Timur","64.02","Kabupaten Kutai Kartanegara","64.02.10","Kembang Janggut","64.02.10.2005","Kelekat"
"64","Kalimantan Timur","64.02","Kabupaten Kutai Kartanegara","64.02.10","Kembang Janggut","64.02.10.2006","Pulau Pinang"
"64","Kalimantan Timur","64.02","Kabupaten Kutai Kartanegara","64.02.10","Kembang Janggut","64.02.10.2007","Long Beleh Haloq"
"64","Kalimantan Timur","64.02","Kabupaten Kutai Kartanegara","64.02.10","Kembang Janggut","64.02.10.2008","Long Beleh Modang"
"64","Kalimantan Timur","64.02","Kabupaten Kutai Kartanegara","64.02.10","Kembang Janggut","64.02.10.2009","Muai"
"64","Kalimantan Timur","64.02","Kabupaten Kutai Kartanegara","64.02.10","Kembang Janggut","64.02.10.2010","Perdana"
"64","Kalimantan Timur","64.02","Kabupaten Kutai Kartanegara","64.02.10","Kembang Janggut","64.02.10.2011","Bukit Layang"
"64","Kalimantan Timur","64.02","Kabupaten Kutai Kartanegara","64.02.11","Muara Kaman","64.02.11.2001","Muara Kaman Ilir"
"64","Kalimantan Timur","64.02","Kabupaten Kutai Kartanegara","64.02.11","Muara Kaman","64.02.11.2002","Rantau Hempang"
"64","Kalimantan Timur","64.02","Kabupaten Kutai Kartanegara","64.02.11","Muara Kaman","64.02.11.2003","Teratak"
"64","Kalimantan Timur","64.02","Kabupaten Kutai Kartanegara","64.02.11","Muara Kaman","64.02.11.2004","Benua Puhun"
"64","Kalimantan Timur","64.02","Kabupaten Kutai Kartanegara","64.02.11","Muara Kaman","64.02.11.2005","Muara Kaman Ulu"
"64","Kalimantan Timur","64.02","Kabupaten Kutai Kartanegara","64.02.11","Muara Kaman","64.02.11.2006","Sabintulung"
"64","Kalimantan Timur","64.02","Kabupaten Kutai Kartanegara","64.02.11","Muara Kaman","64.02.11.2007","Muara Siran"
"64","Kalimantan Timur","64.02","Kabupaten Kutai Kartanegara","64.02.11","Muara Kaman","64.02.11.2008","Tunjungan"
"64","Kalimantan Timur","64.02","Kabupaten Kutai Kartanegara","64.02.11","Muara Kaman","64.02.11.2009","Sedulang"
"64","Kalimantan Timur","64.02","Kabupaten Kutai Kartanegara","64.02.11","Muara Kaman","64.02.11.2010","Menamang Kiri"
"64","Kalimantan Timur","64.02","Kabupaten Kutai Kartanegara","64.02.11","Muara Kaman","64.02.11.2011","Menamang Kanan"
"64","Kalimantan Timur","64.02","Kabupaten Kutai Kartanegara","64.02.11","Muara Kaman","64.02.11.2012","Sidomukti"
"64","Kalimantan Timur","64.02","Kabupaten Kutai Kartanegara","64.02.11","Muara Kaman","64.02.11.2013","Panca Jaya"
"64","Kalimantan Timur","64.02","Kabupaten Kutai Kartanegara","64.02.11","Muara Kaman","64.02.11.2014","Bunga Jadi"
"64","Kalimantan Timur","64.02","Kabupaten Kutai Kartanegara","64.02.11","Muara Kaman","64.02.11.2015","Kupang Baru"
"64","Kalimantan Timur","64.02","Kabupaten Kutai Kartanegara","64.02.11","Muara Kaman","64.02.11.2016","Lebaho Ulaq"
"64","Kalimantan Timur","64.02","Kabupaten Kutai Kartanegara","64.02.11","Muara Kaman","64.02.11.2017","Bukit Jering"
"64","Kalimantan Timur","64.02","Kabupaten Kutai Kartanegara","64.02.11","Muara Kaman","64.02.11.2018","Liang Buaya"
"64","Kalimantan Timur","64.02","Kabupaten Kutai Kartanegara","64.02.11","Muara Kaman","64.02.11.2019","Puan Cepak"
"64","Kalimantan Timur","64.02","Kabupaten Kutai Kartanegara","64.02.11","Muara Kaman","64.02.11.2020","Cipari Makmur"
"64","Kalimantan Timur","64.02","Kabupaten Kutai Kartanegara","64.02.12","Tabang","64.02.12.2001","Gunung Sari"
"64","Kalimantan Timur","64.02","Kabupaten Kutai Kartanegara","64.02.12","Tabang","64.02.12.2002","Long Lalang"
"64","Kalimantan Timur","64.02","Kabupaten Kutai Kartanegara","64.02.12","Tabang","64.02.12.2003","Muara Ritan"
"64","Kalimantan Timur","64.02","Kabupaten Kutai Kartanegara","64.02.12","Tabang","64.02.12.2004","Buluk Sen"
"64","Kalimantan Timur","64.02","Kabupaten Kutai Kartanegara","64.02.12","Tabang","64.02.12.2005","Umaq Dian"
"64","Kalimantan Timur","64.02","Kabupaten Kutai Kartanegara","64.02.12","Tabang","64.02.12.2006","Muara Pedohon"
"64","Kalimantan Timur","64.02","Kabupaten Kutai Kartanegara","64.02.12","Tabang","64.02.12.2007","Bila Talang"
"64","Kalimantan Timur","64.02","Kabupaten Kutai Kartanegara","64.02.12","Tabang","64.02.12.2008","Kampung Baru"
"64","Kalimantan Timur","64.02","Kabupaten Kutai Kartanegara","64.02.12","Tabang","64.02.12.2009","Umaq Tukung"
"64","Kalimantan Timur","64.02","Kabupaten Kutai Kartanegara","64.02.12","Tabang","64.02.12.2010","Sidomulyo"
"64","Kalimantan Timur","64.02","Kabupaten Kutai Kartanegara","64.02.12","Tabang","64.02.12.2011","Umaq Bekuay"
"64","Kalimantan Timur","64.02","Kabupaten Kutai Kartanegara","64.02.12","Tabang","64.02.12.2012","Tabang Lama"
"64","Kalimantan Timur","64.02","Kabupaten Kutai Kartanegara","64.02.12","Tabang","64.02.12.2013","Muara Tiq"
"64","Kalimantan Timur","64.02","Kabupaten Kutai Kartanegara","64.02.12","Tabang","64.02.12.2014","Muara Salung"
"64","Kalimantan Timur","64.02","Kabupaten Kutai Kartanegara","64.02.12","Tabang","64.02.12.2015","Muara Kebaq"
"64","Kalimantan Timur","64.02","Kabupaten Kutai Kartanegara","64.02.12","Tabang","64.02.12.2016","Muara Belinau"
"64","Kalimantan Timur","64.02","Kabupaten Kutai Kartanegara","64.02.12","Tabang","64.02.12.2017","Muara Tubo"
"64","Kalimantan Timur","64.02","Kabupaten Kutai Kartanegara","64.02.12","Tabang","64.02.12.2018","Ritan Baru"
"64","Kalimantan Timur","64.02","Kabupaten Kutai Kartanegara","64.02.12","Tabang","64.02.12.2019","Tukung Ritan"
"64","Kalimantan Timur","64.02","Kabupaten Kutai Kartanegara","64.02.13","Samboja","64.02.13.1007","Sungai Seluang"
"64","Kalimantan Timur","64.02","Kabupaten Kutai Kartanegara","64.02.13","Samboja","64.02.13.1008","Wonotirto"
"64","Kalimantan Timur","64.02","Kabupaten Kutai Kartanegara","64.02.13","Samboja","64.02.13.1009","Tanjung Harapan"
"64","Kalimantan Timur","64.02","Kabupaten Kutai Kartanegara","64.02.13","Samboja","64.02.13.1010","Samboja Kuala"
"64","Kalimantan Timur","64.02","Kabupaten Kutai Kartanegara","64.02.13","Samboja","64.02.13.1011","Sanipah"
"64","Kalimantan Timur","64.02","Kabupaten Kutai Kartanegara","64.02.13","Samboja","64.02.13.1012","Handil Baru"
"64","Kalimantan Timur","64.02","Kabupaten Kutai Kartanegara","64.02.13","Samboja","64.02.13.1013","Muara Sembilang"
"64","Kalimantan Timur","64.02","Kabupaten Kutai Kartanegara","64.02.13","Samboja","64.02.13.1021","Teluk Pemedas"
"64","Kalimantan Timur","64.02","Kabupaten Kutai Kartanegara","64.02.13","Samboja","64.02.13.1022","Kampung Lama"
"64","Kalimantan Timur","64.02","Kabupaten Kutai Kartanegara","64.02.13","Samboja","64.02.13.1023","Handil Baru Darat"
"64","Kalimantan Timur","64.02","Kabupaten Kutai Kartanegara","64.02.13","Samboja","64.02.13.2014","Karya Jaya"
"64","Kalimantan Timur","64.02","Kabupaten Kutai Kartanegara","64.02.13","Samboja","64.02.13.2016","Bukit Raya"
"64","Kalimantan Timur","64.02","Kabupaten Kutai Kartanegara","64.02.13","Samboja","64.02.13.2019","Beringin Agung"
"64","Kalimantan Timur","64.02","Kabupaten Kutai Kartanegara","64.02.14","Muara Jawa","64.02.14.1001","Muara Jawa Ilir"
"64","Kalimantan Timur","64.02","Kabupaten Kutai Kartanegara","64.02.14","Muara Jawa","64.02.14.1002","Muara Jawa Tengah"
"64","Kalimantan Timur","64.02","Kabupaten Kutai Kartanegara","64.02.14","Muara Jawa","64.02.14.1003","Muara Jawa Ulu"
"64","Kalimantan Timur","64.02","Kabupaten Kutai Kartanegara","64.02.14","Muara Jawa","64.02.14.1004","Teluk Dalam"
"64","Kalimantan Timur","64.02","Kabupaten Kutai Kartanegara","64.02.14","Muara Jawa","64.02.14.1005","Dondang"
"64","Kalimantan Timur","64.02","Kabupaten Kutai Kartanegara","64.02.14","Muara Jawa","64.02.14.1006","Tama Pole"
"64","Kalimantan Timur","64.02","Kabupaten Kutai Kartanegara","64.02.14","Muara Jawa","64.02.14.1007","Muara Kembang"
"64","Kalimantan Timur","64.02","Kabupaten Kutai Kartanegara","64.02.14","Muara Jawa","64.02.14.1008","Muara Jawa"
"64","Kalimantan Timur","64.02","Kabupaten Kutai Kartanegara","64.02.15","Sanga Sanga","64.02.15.1001","Jawa"
"64","Kalimantan Timur","64.02","Kabupaten Kutai Kartanegara","64.02.15","Sanga Sanga","64.02.15.1002","Pendingin"
"64","Kalimantan Timur","64.02","Kabupaten Kutai Kartanegara","64.02.15","Sanga Sanga","64.02.15.1003","Sanga-Sanga Dalam"
"64","Kalimantan Timur","64.02","Kabupaten Kutai Kartanegara","64.02.15","Sanga Sanga","64.02.15.1004","Sari Jaya"
"64","Kalimantan Timur","64.02","Kabupaten Kutai Kartanegara","64.02.15","Sanga Sanga","64.02.15.1005","Sanga-Sanga Muara"
"64","Kalimantan Timur","64.02","Kabupaten Kutai Kartanegara","64.02.16","Tenggarong Seberang","64.02.16.2001","Manunggal Jaya"
"64","Kalimantan Timur","64.02","Kabupaten Kutai Kartanegara","64.02.16","Tenggarong Seberang","64.02.16.2002","Bukit Raya"
"64","Kalimantan Timur","64.02","Kabupaten Kutai Kartanegara","64.02.16","Tenggarong Seberang","64.02.16.2003","Embalut"
"64","Kalimantan Timur","64.02","Kabupaten Kutai Kartanegara","64.02.16","Tenggarong Seberang","64.02.16.2004","Bangun Rejo"
"64","Kalimantan Timur","64.02","Kabupaten Kutai Kartanegara","64.02.16","Tenggarong Seberang","64.02.16.2005","Kerta Buana"
"64","Kalimantan Timur","64.02","Kabupaten Kutai Kartanegara","64.02.16","Tenggarong Seberang","64.02.16.2006","Separi"
"64","Kalimantan Timur","64.02","Kabupaten Kutai Kartanegara","64.02.16","Tenggarong Seberang","64.02.16.2007","Bukit Pariaman"
"64","Kalimantan Timur","64.02","Kabupaten Kutai Kartanegara","64.02.16","Tenggarong Seberang","64.02.16.2008","Bhuana Jaya"
"64","Kalimantan Timur","64.02","Kabupaten Kutai Kartanegara","64.02.16","Tenggarong Seberang","64.02.16.2009","Mulawarman"
"64","Kalimantan Timur","64.02","Kabupaten Kutai Kartanegara","64.02.16","Tenggarong Seberang","64.02.16.2010","Loa Ulung"
"64","Kalimantan Timur","64.02","Kabupaten Kutai Kartanegara","64.02.16","Tenggarong Seberang","64.02.16.2011","Loa Raya"
"64","Kalimantan Timur","64.02","Kabupaten Kutai Kartanegara","64.02.16","Tenggarong Seberang","64.02.16.2012","Perjiwa"
"64","Kalimantan Timur","64.02","Kabupaten Kutai Kartanegara","64.02.16","Tenggarong Seberang","64.02.16.2013","Teluk Dalam"
"64","Kalimantan Timur","64.02","Kabupaten Kutai Kartanegara","64.02.16","Tenggarong Seberang","64.02.16.2014","Loa Lepu"
"64","Kalimantan Timur","64.02","Kabupaten Kutai Kartanegara","64.02.16","Tenggarong Seberang","64.02.16.2015","Suka Maju"
"64","Kalimantan Timur","64.02","Kabupaten Kutai Kartanegara","64.02.16","Tenggarong Seberang","64.02.16.2016","Loa Pari"
"64","Kalimantan Timur","64.02","Kabupaten Kutai Kartanegara","64.02.16","Tenggarong Seberang","64.02.16.2017","Karang Tunggal"
"64","Kalimantan Timur","64.02","Kabupaten Kutai Kartanegara","64.02.16","Tenggarong Seberang","64.02.16.2018","Tanjung Batu"
"64","Kalimantan Timur","64.02","Kabupaten Kutai Kartanegara","64.02.17","Marang Kayu","64.02.17.2001","Sebuntal"
"64","Kalimantan Timur","64.02","Kabupaten Kutai Kartanegara","64.02.17","Marang Kayu","64.02.17.2002","Santan Ulu"
"64","Kalimantan Timur","64.02","Kabupaten Kutai Kartanegara","64.02.17","Marang Kayu","64.02.17.2003","Santan Tengah"
"64","Kalimantan Timur","64.02","Kabupaten Kutai Kartanegara","64.02.17","Marang Kayu","64.02.17.2004","Santan Ilir"
"64","Kalimantan Timur","64.02","Kabupaten Kutai Kartanegara","64.02.17","Marang Kayu","64.02.17.2005","Kersik"
"64","Kalimantan Timur","64.02","Kabupaten Kutai Kartanegara","64.02.17","Marang Kayu","64.02.17.2006","Bunga Putih"
"64","Kalimantan Timur","64.02","Kabupaten Kutai Kartanegara","64.02.17","Marang Kayu","64.02.17.2007","Makarti"
"64","Kalimantan Timur","64.02","Kabupaten Kutai Kartanegara","64.02.17","Marang Kayu","64.02.17.2008","Prangat Selatan"
"64","Kalimantan Timur","64.02","Kabupaten Kutai Kartanegara","64.02.17","Marang Kayu","64.02.17.2009","Prangat Baru"
"64","Kalimantan Timur","64.02","Kabupaten Kutai Kartanegara","64.02.17","Marang Kayu","64.02.17.2010","Semangko"
"64","Kalimantan Timur","64.02","Kabupaten Kutai Kartanegara","64.02.17","Marang Kayu","64.02.17.2011","Sambera Baru"
"64","Kalimantan Timur","64.02","Kabupaten Kutai Kartanegara","64.02.18","Muara Wis","64.02.18.2001","Muara Wis"
"64","Kalimantan Timur","64.02","Kabupaten Kutai Kartanegara","64.02.18","Muara Wis","64.02.18.2002","Sebemban"
"64","Kalimantan Timur","64.02","Kabupaten Kutai Kartanegara","64.02.18","Muara Wis","64.02.18.2003","Melintang"
"64","Kalimantan Timur","64.02","Kabupaten Kutai Kartanegara","64.02.18","Muara Wis","64.02.18.2004","Enggelam"
"64","Kalimantan Timur","64.02","Kabupaten Kutai Kartanegara","64.02.18","Muara Wis","64.02.18.2005","Lebak Mantan"
"64","Kalimantan Timur","64.02","Kabupaten Kutai Kartanegara","64.02.18","Muara Wis","64.02.18.2006","Lebak Cilong"
"64","Kalimantan Timur","64.02","Kabupaten Kutai Kartanegara","64.02.18","Muara Wis","64.02.18.2007","Muara Enggelam"
"64","Kalimantan Timur","64.02","Kabupaten Kutai Kartanegara","64.02.19","Kota Bangun Darat","64.02.19.2001","Kedang Ipil"
"64","Kalimantan Timur","64.02","Kabupaten Kutai Kartanegara","64.02.19","Kota Bangun Darat","64.02.19.2002","Sedulang"
"64","Kalimantan Timur","64.02","Kabupaten Kutai Kartanegara","64.02.19","Kota Bangun Darat","64.02.19.2003","Benua Baru"
"64","Kalimantan Timur","64.02","Kabupaten Kutai Kartanegara","64.02.19","Kota Bangun Darat","64.02.19.2004","Kota Bangun I"
"64","Kalimantan Timur","64.02","Kabupaten Kutai Kartanegara","64.02.19","Kota Bangun Darat","64.02.19.2005","Kota Bangun II"
"64","Kalimantan Timur","64.02","Kabupaten Kutai Kartanegara","64.02.19","Kota Bangun Darat","64.02.19.2006","Kota Bangun III"
"64","Kalimantan Timur","64.02","Kabupaten Kutai Kartanegara","64.02.19","Kota Bangun Darat","64.02.19.2007","Sumber Sari"
"64","Kalimantan Timur","64.02","Kabupaten Kutai Kartanegara","64.02.19","Kota Bangun Darat","64.02.19.2008","Sari Nadi"
"64","Kalimantan Timur","64.02","Kabupaten Kutai Kartanegara","64.02.19","Kota Bangun Darat","64.02.19.2009","Suka Bumi"
"64","Kalimantan Timur","64.02","Kabupaten Kutai Kartanegara","64.02.19","Kota Bangun Darat","64.02.19.2010","Wonosari"
"64","Kalimantan Timur","64.02","Kabupaten Kutai Kartanegara","64.02.20","Samboja Barat","64.02.20.1001","Bukit Merdeka"
"64","Kalimantan Timur","64.02","Kabupaten Kutai Kartanegara","64.02.20","Samboja Barat","64.02.20.1002","Sungai Merdeka"
"64","Kalimantan Timur","64.02","Kabupaten Kutai Kartanegara","64.02.20","Samboja Barat","64.02.20.1003","Karya Merdeka"
"64","Kalimantan Timur","64.02","Kabupaten Kutai Kartanegara","64.02.20","Samboja Barat","64.02.20.1005","Amborawang Darat"
"64","Kalimantan Timur","64.02","Kabupaten Kutai Kartanegara","64.02.20","Samboja Barat","64.02.20.1006","Argo Sari"
"64","Kalimantan Timur","64.02","Kabupaten Kutai Kartanegara","64.02.20","Samboja Barat","64.02.20.1007","Salok Api Darat"
"64","Kalimantan Timur","64.02","Kabupaten Kutai Kartanegara","64.02.20","Samboja Barat","64.02.20.1008","Salok Api Laut"
"64","Kalimantan Timur","64.02","Kabupaten Kutai Kartanegara","64.02.20","Samboja Barat","64.02.20.1009","Amborawang Laut"
"64","Kalimantan Timur","64.02","Kabupaten Kutai Kartanegara","64.02.20","Samboja Barat","64.02.20.1010","Margomulyo"
"64","Kalimantan Timur","64.02","Kabupaten Kutai Kartanegara","64.02.20","Samboja Barat","64.02.20.2004","Tani Bhakti"
"64","Kalimantan Timur","64.03","Kabupaten Berau","64.03.01","Kelay","64.03.01.2001","Merabu"
"64","Kalimantan Timur","64.03","Kabupaten Berau","64.03.01","Kelay","64.03.01.2002","Panaan"
"64","Kalimantan Timur","64.03","Kabupaten Berau","64.03.01","Kelay","64.03.01.2003","Merapun"
"64","Kalimantan Timur","64.03","Kabupaten Berau","64.03.01","Kelay","64.03.01.2004","Muara Lesan"
"64","Kalimantan Timur","64.03","Kabupaten Berau","64.03.01","Kelay","64.03.01.2005","Merasa"
"64","Kalimantan Timur","64.03","Kabupaten Berau","64.03.01","Kelay","64.03.01.2006","Lesan Dayak"
"64","Kalimantan Timur","64.03","Kabupaten Berau","64.03.01","Kelay","64.03.01.2007","Long Beliu"
"64","Kalimantan Timur","64.03","Kabupaten Berau","64.03.01","Kelay","64.03.01.2008","Long Duhung"
"64","Kalimantan Timur","64.03","Kabupaten Berau","64.03.01","Kelay","64.03.01.2009","Long Lamcin"
"64","Kalimantan Timur","64.03","Kabupaten Berau","64.03.01","Kelay","64.03.01.2010","Long Keluh"
"64","Kalimantan Timur","64.03","Kabupaten Berau","64.03.01","Kelay","64.03.01.2011","Long Pelay"
"64","Kalimantan Timur","64.03","Kabupaten Berau","64.03.01","Kelay","64.03.01.2012","Mapulu"
"64","Kalimantan Timur","64.03","Kabupaten Berau","64.03.01","Kelay","64.03.01.2013","Long Sului"
"64","Kalimantan Timur","64.03","Kabupaten Berau","64.03.01","Kelay","64.03.01.2014","Sido Bangen"
"64","Kalimantan Timur","64.03","Kabupaten Berau","64.03.02","Talisayan","64.03.02.2002","Dumaring"
"64","Kalimantan Timur","64.03","Kabupaten Berau","64.03.02","Talisayan","64.03.02.2003","Talisayan"
"64","Kalimantan Timur","64.03","Kabupaten Berau","64.03.02","Talisayan","64.03.02.2014","Campur Sari"
"64","Kalimantan Timur","64.03","Kabupaten Berau","64.03.02","Talisayan","64.03.02.2015","Bumi Jaya"
"64","Kalimantan Timur","64.03","Kabupaten Berau","64.03.02","Talisayan","64.03.02.2016","Tunggal Bumi"
"64","Kalimantan Timur","64.03","Kabupaten Berau","64.03.02","Talisayan","64.03.02.2017","Sumber Mulya"
"64","Kalimantan Timur","64.03","Kabupaten Berau","64.03.02","Talisayan","64.03.02.2018","Suka Murya"
"64","Kalimantan Timur","64.03","Kabupaten Berau","64.03.02","Talisayan","64.03.02.2019","Purna Sari Jaya"
"64","Kalimantan Timur","64.03","Kabupaten Berau","64.03.02","Talisayan","64.03.02.2021","Eka Sapta"
"64","Kalimantan Timur","64.03","Kabupaten Berau","64.03.02","Talisayan","64.03.02.2023","Capuak"
"64","Kalimantan Timur","64.03","Kabupaten Berau","64.03.03","Sambaliung","64.03.03.1013","Sambaliung"
"64","Kalimantan Timur","64.03","Kabupaten Berau","64.03.03","Sambaliung","64.03.03.2001","Long Lanuk"
"64","Kalimantan Timur","64.03","Kabupaten Berau","64.03.03","Sambaliung","64.03.03.2002","Tumbit Dayak"
"64","Kalimantan Timur","64.03","Kabupaten Berau","64.03.03","Sambaliung","64.03.03.2004","Inaran"
"64","Kalimantan Timur","64.03","Kabupaten Berau","64.03.03","Sambaliung","64.03.03.2005","Pegat Bukur"
"64","Kalimantan Timur","64.03","Kabupaten Berau","64.03.03","Sambaliung","64.03.03.2006","Rantau Panjang"
"64","Kalimantan Timur","64.03","Kabupaten Berau","64.03.03","Sambaliung","64.03.03.2007","Suaran"
"64","Kalimantan Timur","64.03","Kabupaten Berau","64.03.03","Sambaliung","64.03.03.2008","Pilanjau"
"64","Kalimantan Timur","64.03","Kabupaten Berau","64.03.03","Sambaliung","64.03.03.2009","Pesayan"
"64","Kalimantan Timur","64.03","Kabupaten Berau","64.03.03","Sambaliung","64.03.03.2010","Sei Bebanir Bangun"
"64","Kalimantan Timur","64.03","Kabupaten Berau","64.03.03","Sambaliung","64.03.03.2011","Gurimbang"
"64","Kalimantan Timur","64.03","Kabupaten Berau","64.03.03","Sambaliung","64.03.03.2012","Sukan Tengah"
"64","Kalimantan Timur","64.03","Kabupaten Berau","64.03.03","Sambaliung","64.03.03.2014","Tanjung Perangat"
"64","Kalimantan Timur","64.03","Kabupaten Berau","64.03.03","Sambaliung","64.03.03.2015","Bena Baru"
"64","Kalimantan Timur","64.03","Kabupaten Berau","64.03.04","Segah","64.03.04.2001","Long La'ai"
"64","Kalimantan Timur","64.03","Kabupaten Berau","64.03.04","Segah","64.03.04.2002","Punan Segah"
"64","Kalimantan Timur","64.03","Kabupaten Berau","64.03.04","Segah","64.03.04.2003","Long Ayap"
"64","Kalimantan Timur","64.03","Kabupaten Berau","64.03.04","Segah","64.03.04.2004","Long Ayan"
"64","Kalimantan Timur","64.03","Kabupaten Berau","64.03.04","Segah","64.03.04.2005","Punan Malinau"
"64","Kalimantan Timur","64.03","Kabupaten Berau","64.03.04","Segah","64.03.04.2006","Punan Mahkam"
"64","Kalimantan Timur","64.03","Kabupaten Berau","64.03.04","Segah","64.03.04.2007","Gunung Sari"
"64","Kalimantan Timur","64.03","Kabupaten Berau","64.03.04","Segah","64.03.04.2008","Pandan Sari"
"64","Kalimantan Timur","64.03","Kabupaten Berau","64.03.04","Segah","64.03.04.2009","Bukit Makmur"
"64","Kalimantan Timur","64.03","Kabupaten Berau","64.03.04","Segah","64.03.04.2010","Harapan Jaya"
"64","Kalimantan Timur","64.03","Kabupaten Berau","64.03.04","Segah","64.03.04.2011","Tepian Buah"
"64","Kalimantan Timur","64.03","Kabupaten Berau","64.03.04","Segah","64.03.04.2012","Batu Rajang"
"64","Kalimantan Timur","64.03","Kabupaten Berau","64.03.04","Segah","64.03.04.2013","Siduung Indah"
"64","Kalimantan Timur","64.03","Kabupaten Berau","64.03.05","Tanjung Redeb","64.03.05.1003","Sungai Bedungun"
"64","Kalimantan Timur","64.03","Kabupaten Berau","64.03.05","Tanjung Redeb","64.03.05.1004","Tanjung Redeb"
"64","Kalimantan Timur","64.03","Kabupaten Berau","64.03.05","Tanjung Redeb","64.03.05.1005","Bugis"
"64","Kalimantan Timur","64.03","Kabupaten Berau","64.03.05","Tanjung Redeb","64.03.05.1006","Gayam"
"64","Kalimantan Timur","64.03","Kabupaten Berau","64.03.05","Tanjung Redeb","64.03.05.1007","Karang Ambun"
"64","Kalimantan Timur","64.03","Kabupaten Berau","64.03.05","Tanjung Redeb","64.03.05.1008","Gunung Panjang"
"64","Kalimantan Timur","64.03","Kabupaten Berau","64.03.06","Gunung Tabur","64.03.06.1003","Gunung Tabur"
"64","Kalimantan Timur","64.03","Kabupaten Berau","64.03.06","Gunung Tabur","64.03.06.2001","Tasuk"
"64","Kalimantan Timur","64.03","Kabupaten Berau","64.03.06","Gunung Tabur","64.03.06.2002","Birang"
"64","Kalimantan Timur","64.03","Kabupaten Berau","64.03.06","Gunung Tabur","64.03.06.2004","Maluang"
"64","Kalimantan Timur","64.03","Kabupaten Berau","64.03.06","Gunung Tabur","64.03.06.2005","Samburakat"
"64","Kalimantan Timur","64.03","Kabupaten Berau","64.03.06","Gunung Tabur","64.03.06.2006","Sambakungan"
"64","Kalimantan Timur","64.03","Kabupaten Berau","64.03.06","Gunung Tabur","64.03.06.2007","Merancang Ulu"
"64","Kalimantan Timur","64.03","Kabupaten Berau","64.03.06","Gunung Tabur","64.03.06.2008","Merancang Ilir"
"64","Kalimantan Timur","64.03","Kabupaten Berau","64.03.06","Gunung Tabur","64.03.06.2009","Pulau Besing"
"64","Kalimantan Timur","64.03","Kabupaten Berau","64.03.06","Gunung Tabur","64.03.06.2010","Melati Jaya"
"64","Kalimantan Timur","64.03","Kabupaten Berau","64.03.06","Gunung Tabur","64.03.06.2011","Batu-Batu"
"64","Kalimantan Timur","64.03","Kabupaten Berau","64.03.07","Pulau Derawan","64.03.07.2001","Pegat Batumbuk"
"64","Kalimantan Timur","64.03","Kabupaten Berau","64.03.07","Pulau Derawan","64.03.07.2002","Teluk Semanting"
"64","Kalimantan Timur","64.03","Kabupaten Berau","64.03.07","Pulau Derawan","64.03.07.2003","Tanjung Batu"
"64","Kalimantan Timur","64.03","Kabupaten Berau","64.03.07","Pulau Derawan","64.03.07.2004","Pulau Derawan"
"64","Kalimantan Timur","64.03","Kabupaten Berau","64.03.07","Pulau Derawan","64.03.07.2009","Kasai"
"64","Kalimantan Timur","64.03","Kabupaten Berau","64.03.08","Biduk-Biduk","64.03.08.2001","Biduk-Biduk"
"64","Kalimantan Timur","64.03","Kabupaten Berau","64.03.08","Biduk-Biduk","64.03.08.2002","Pantai Harapan"
"64","Kalimantan Timur","64.03","Kabupaten Berau","64.03.08","Biduk-Biduk","64.03.08.2003","Tanjung Prepat"
"64","Kalimantan Timur","64.03","Kabupaten Berau","64.03.08","Biduk-Biduk","64.03.08.2004","Teluk Sumbang"
"64","Kalimantan Timur","64.03","Kabupaten Berau","64.03.08","Biduk-Biduk","64.03.08.2008","Teluk Sulaiman"
"64","Kalimantan Timur","64.03","Kabupaten Berau","64.03.08","Biduk-Biduk","64.03.08.2009","Giring-Giring"
"64","Kalimantan Timur","64.03","Kabupaten Berau","64.03.09","Teluk Bayur","64.03.09.1002","Teluk Bayur"
"64","Kalimantan Timur","64.03","Kabupaten Berau","64.03.09","Teluk Bayur","64.03.09.1003","Rinding"
"64","Kalimantan Timur","64.03","Kabupaten Berau","64.03.09","Teluk Bayur","64.03.09.2001","Tumbit Melayu"
"64","Kalimantan Timur","64.03","Kabupaten Berau","64.03.09","Teluk Bayur","64.03.09.2004","Labanan Jaya"
"64","Kalimantan Timur","64.03","Kabupaten Berau","64.03.09","Teluk Bayur","64.03.09.2005","Labanan Makmur"
"64","Kalimantan Timur","64.03","Kabupaten Berau","64.03.09","Teluk Bayur","64.03.09.2006","Labanan Makarti"
"64","Kalimantan Timur","64.03","Kabupaten Berau","64.03.10","Tabalar","64.03.10.2002","Tabalar Muara"
"64","Kalimantan Timur","64.03","Kabupaten Berau","64.03.10","Tabalar","64.03.10.2003","Tubaan"
"64","Kalimantan Timur","64.03","Kabupaten Berau","64.03.10","Tabalar","64.03.10.2004","Tabalar Ulu"
"64","Kalimantan Timur","64.03","Kabupaten Berau","64.03.10","Tabalar","64.03.10.2005","Semurut"
"64","Kalimantan Timur","64.03","Kabupaten Berau","64.03.10","Tabalar","64.03.10.2006","Buyung-Buyung"
"64","Kalimantan Timur","64.03","Kabupaten Berau","64.03.10","Tabalar","64.03.10.2007","Harapan Maju"
"64","Kalimantan Timur","64.03","Kabupaten Berau","64.03.11","Maratua","64.03.11.2001","Bohe Silian"
"64","Kalimantan Timur","64.03","Kabupaten Berau","64.03.11","Maratua","64.03.11.2002","Payung-Payung"
"64","Kalimantan Timur","64.03","Kabupaten Berau","64.03.11","Maratua","64.03.11.2003","Teluk Alulu"
"64","Kalimantan Timur","64.03","Kabupaten Berau","64.03.11","Maratua","64.03.11.2004","Teluk Harapan"
"64","Kalimantan Timur","64.03","Kabupaten Berau","64.03.12","Batu Putih","64.03.12.2001","Tembudan"
"64","Kalimantan Timur","64.03","Kabupaten Berau","64.03.12","Batu Putih","64.03.12.2002","Kayu Indah"
"64","Kalimantan Timur","64.03","Kabupaten Berau","64.03.12","Batu Putih","64.03.12.2003","Batu Putih"
"64","Kalimantan Timur","64.03","Kabupaten Berau","64.03.12","Batu Putih","64.03.12.2004","Lobang Kelatak"
"64","Kalimantan Timur","64.03","Kabupaten Berau","64.03.12","Batu Putih","64.03.12.2005","Ampen Medang"
"64","Kalimantan Timur","64.03","Kabupaten Berau","64.03.12","Batu Putih","64.03.12.2006","Balikukup"
"64","Kalimantan Timur","64.03","Kabupaten Berau","64.03.12","Batu Putih","64.03.12.2007","Sumber Agung"
"64","Kalimantan Timur","64.03","Kabupaten Berau","64.03.13","Biatan","64.03.13.2001","Biatan Ulu"
"64","Kalimantan Timur","64.03","Kabupaten Berau","64.03.13","Biatan","64.03.13.2002","Biatan Ilir"
"64","Kalimantan Timur","64.03","Kabupaten Berau","64.03.13","Biatan","64.03.13.2003","Karangan"
"64","Kalimantan Timur","64.03","Kabupaten Berau","64.03.13","Biatan","64.03.13.2004","Biatan Lempake"
"64","Kalimantan Timur","64.03","Kabupaten Berau","64.03.13","Biatan","64.03.13.2005","Manunggal Jaya"
"64","Kalimantan Timur","64.03","Kabupaten Berau","64.03.13","Biatan","64.03.13.2006","Biatan Bapinang"
"64","Kalimantan Timur","64.03","Kabupaten Berau","64.03.13","Biatan","64.03.13.2007","Biatan Baru"
"64","Kalimantan Timur","64.03","Kabupaten Berau","64.03.13","Biatan","64.03.13.2008","Bukit Makmur Jaya"
"64","Kalimantan Timur","64.07","Kabupaten Kutai Barat","64.07.05","Long Iram","64.07.05.2008","Linggang Muara Leban"
"64","Kalimantan Timur","64.07","Kabupaten Kutai Barat","64.07.05","Long Iram","64.07.05.2009","Long Iram Seberang"
"64","Kalimantan Timur","64.07","Kabupaten Kutai Barat","64.07.05","Long Iram","64.07.05.2010","Long Iram Ilir"
"64","Kalimantan Timur","64.07","Kabupaten Kutai Barat","64.07.05","Long Iram","64.07.05.2011","Anah"
"64","Kalimantan Timur","64.07","Kabupaten Kutai Barat","64.07.05","Long Iram","64.07.05.2015","Long Daliq"
"64","Kalimantan Timur","64.07","Kabupaten Kutai Barat","64.07.05","Long Iram","64.07.05.2016","Long Iram Kota"
"64","Kalimantan Timur","64.07","Kabupaten Kutai Barat","64.07.05","Long Iram","64.07.05.2017","Long Iram Bayan"
"64","Kalimantan Timur","64.07","Kabupaten Kutai Barat","64.07.05","Long Iram","64.07.05.2018","Keliwai"
"64","Kalimantan Timur","64.07","Kabupaten Kutai Barat","64.07.05","Long Iram","64.07.05.2019","Ujoh Halang"
"64","Kalimantan Timur","64.07","Kabupaten Kutai Barat","64.07.05","Long Iram","64.07.05.2021","Kelian Luar"
"64","Kalimantan Timur","64.07","Kabupaten Kutai Barat","64.07.05","Long Iram","64.07.05.2022","Sukomulyo"
"64","Kalimantan Timur","64.07","Kabupaten Kutai Barat","64.07.06","Melak","64.07.06.1006","Melak Ilir"
"64","Kalimantan Timur","64.07","Kabupaten Kutai Barat","64.07.06","Melak","64.07.06.1011","Melak Ulu"
"64","Kalimantan Timur","64.07","Kabupaten Kutai Barat","64.07.06","Melak","64.07.06.2001","Empas"
"64","Kalimantan Timur","64.07","Kabupaten Kutai Barat","64.07.06","Melak","64.07.06.2002","Empakuq"
"64","Kalimantan Timur","64.07","Kabupaten Kutai Barat","64.07.06","Melak","64.07.06.2003","Muara Bunyut"
"64","Kalimantan Timur","64.07","Kabupaten Kutai Barat","64.07.06","Melak","64.07.06.2012","Muara Benangaq"
"64","Kalimantan Timur","64.07","Kabupaten Kutai Barat","64.07.07","Barong Tongkok","64.07.07.1001","Barong Tongkok"
"64","Kalimantan Timur","64.07","Kabupaten Kutai Barat","64.07.07","Barong Tongkok","64.07.07.1021","Simpang Raya"
"64","Kalimantan Timur","64.07","Kabupaten Kutai Barat","64.07.07","Barong Tongkok","64.07.07.2002","Mencimai"
"64","Kalimantan Timur","64.07","Kabupaten Kutai Barat","64.07.07","Barong Tongkok","64.07.07.2003","Engkuni Pasek"
"64","Kalimantan Timur","64.07","Kabupaten Kutai Barat","64.07.07","Barong Tongkok","64.07.07.2004","Pepas Eheng"
"64","Kalimantan Timur","64.07","Kabupaten Kutai Barat","64.07.07","Barong Tongkok","64.07.07.2006","Juhan Asa"
"64","Kalimantan Timur","64.07","Kabupaten Kutai Barat","64.07.07","Barong Tongkok","64.07.07.2007","Asa"
"64","Kalimantan Timur","64.07","Kabupaten Kutai Barat","64.07.07","Barong Tongkok","64.07.07.2008","Pepas Asa"
"64","Kalimantan Timur","64.07","Kabupaten Kutai Barat","64.07.07","Barong Tongkok","64.07.07.2009","Muara Asa"
"64","Kalimantan Timur","64.07","Kabupaten Kutai Barat","64.07.07","Barong Tongkok","64.07.07.2010","Ongko Asa"
"64","Kalimantan Timur","64.07","Kabupaten Kutai Barat","64.07.07","Barong Tongkok","64.07.07.2011","Juaq Asa"
"64","Kalimantan Timur","64.07","Kabupaten Kutai Barat","64.07.07","Barong Tongkok","64.07.07.2012","Ombau Asa"
"64","Kalimantan Timur","64.07","Kabupaten Kutai Barat","64.07.07","Barong Tongkok","64.07.07.2013","Ngenyan Asa"
"64","Kalimantan Timur","64.07","Kabupaten Kutai Barat","64.07.07","Barong Tongkok","64.07.07.2014","Gemuhan Asa"
"64","Kalimantan Timur","64.07","Kabupaten Kutai Barat","64.07.07","Barong Tongkok","64.07.07.2015","Geleo Baru"
"64","Kalimantan Timur","64.07","Kabupaten Kutai Barat","64.07.07","Barong Tongkok","64.07.07.2016","Geleo Asa"
"64","Kalimantan Timur","64.07","Kabupaten Kutai Barat","64.07.07","Barong Tongkok","64.07.07.2017","Rejo Basuki"
"64","Kalimantan Timur","64.07","Kabupaten Kutai Barat","64.07.07","Barong Tongkok","64.07.07.2018","Sumber Sari"
"64","Kalimantan Timur","64.07","Kabupaten Kutai Barat","64.07.07","Barong Tongkok","64.07.07.2019","Sendawar"
"64","Kalimantan Timur","64.07","Kabupaten Kutai Barat","64.07.07","Barong Tongkok","64.07.07.2020","Balok Asa"
"64","Kalimantan Timur","64.07","Kabupaten Kutai Barat","64.07.07","Barong Tongkok","64.07.07.2022","Belempung Ulaq"
"64","Kalimantan Timur","64.07","Kabupaten Kutai Barat","64.07.08","Damai","64.07.08.2001","Besiq"
"64","Kalimantan Timur","64.07","Kabupaten Kutai Barat","64.07.08","Damai","64.07.08.2002","Bermai"
"64","Kalimantan Timur","64.07","Kabupaten Kutai Barat","64.07.08","Damai","64.07.08.2003","Muara Niliq"
"64","Kalimantan Timur","64.07","Kabupaten Kutai Barat","64.07.08","Damai","64.07.08.2004","Mantar"
"64","Kalimantan Timur","64.07","Kabupaten Kutai Barat","64.07.08","Damai","64.07.08.2005","Muara Bomboy"
"64","Kalimantan Timur","64.07","Kabupaten Kutai Barat","64.07.08","Damai","64.07.08.2006","Damai Seberang"
"64","Kalimantan Timur","64.07","Kabupaten Kutai Barat","64.07.08","Damai","64.07.08.2007","Mendika"
"64","Kalimantan Timur","64.07","Kabupaten Kutai Barat","64.07.08","Damai","64.07.08.2008","Damai Kota"
"64","Kalimantan Timur","64.07","Kabupaten Kutai Barat","64.07.08","Damai","64.07.08.2009","Lumpat Dahuq"
"64","Kalimantan Timur","64.07","Kabupaten Kutai Barat","64.07.08","Damai","64.07.08.2010","Muara Tokong"
"64","Kalimantan Timur","64.07","Kabupaten Kutai Barat","64.07.08","Damai","64.07.08.2011","Jengan Danum"
"64","Kalimantan Timur","64.07","Kabupaten Kutai Barat","64.07.08","Damai","64.07.08.2012","Keay"
"64","Kalimantan Timur","64.07","Kabupaten Kutai Barat","64.07.08","Damai","64.07.08.2013","Tepulang"
"64","Kalimantan Timur","64.07","Kabupaten Kutai Barat","64.07.08","Damai","64.07.08.2014","Benung"
"64","Kalimantan Timur","64.07","Kabupaten Kutai Barat","64.07.08","Damai","64.07.08.2020","Muara Nyahing"
"64","Kalimantan Timur","64.07","Kabupaten Kutai Barat","64.07.08","Damai","64.07.08.2021","Sempatn"
"64","Kalimantan Timur","64.07","Kabupaten Kutai Barat","64.07.08","Damai","64.07.08.2022","Kelian"
"64","Kalimantan Timur","64.07","Kabupaten Kutai Barat","64.07.09","Muara Lawa","64.07.09.2001","Muara Begai"
"64","Kalimantan Timur","64.07","Kabupaten Kutai Barat","64.07.09","Muara Lawa","64.07.09.2002","Lotaq"
"64","Kalimantan Timur","64.07","Kabupaten Kutai Barat","64.07.09","Muara Lawa","64.07.09.2003","Payang"
"64","Kalimantan Timur","64.07","Kabupaten Kutai Barat","64.07.09","Muara Lawa","64.07.09.2004","Dingin"
"64","Kalimantan Timur","64.07","Kabupaten Kutai Barat","64.07.09","Muara Lawa","64.07.09.2005","Muara Lawa"
"64","Kalimantan Timur","64.07","Kabupaten Kutai Barat","64.07.09","Muara Lawa","64.07.09.2006","Lambing"
"64","Kalimantan Timur","64.07","Kabupaten Kutai Barat","64.07.09","Muara Lawa","64.07.09.2007","Benggeris"
"64","Kalimantan Timur","64.07","Kabupaten Kutai Barat","64.07.09","Muara Lawa","64.07.09.2008","Cempedas"
"64","Kalimantan Timur","64.07","Kabupaten Kutai Barat","64.07.10","Muara Pahu","64.07.10.2015","Jerang Dayak"
"64","Kalimantan Timur","64.07","Kabupaten Kutai Barat","64.07.10","Muara Pahu","64.07.10.2016","Mendung"
"64","Kalimantan Timur","64.07","Kabupaten Kutai Barat","64.07.10","Muara Pahu","64.07.10.2017","Jerang Melayu"
"64","Kalimantan Timur","64.07","Kabupaten Kutai Barat","64.07.10","Muara Pahu","64.07.10.2018","Dasaq"
"64","Kalimantan Timur","64.07","Kabupaten Kutai Barat","64.07.10","Muara Pahu","64.07.10.2020","Tepian Ulaq"
"64","Kalimantan Timur","64.07","Kabupaten Kutai Barat","64.07.10","Muara Pahu","64.07.10.2021","Sebelang"
"64","Kalimantan Timur","64.07","Kabupaten Kutai Barat","64.07.10","Muara Pahu","64.07.10.2022","Muara Baroh"
"64","Kalimantan Timur","64.07","Kabupaten Kutai Barat","64.07.10","Muara Pahu","64.07.10.2023","Teluk Tempudau"
"64","Kalimantan Timur","64.07","Kabupaten Kutai Barat","64.07.10","Muara Pahu","64.07.10.2024","Tanjung Laong"
"64","Kalimantan Timur","64.07","Kabupaten Kutai Barat","64.07.10","Muara Pahu","64.07.10.2025","Tanjung Pagar"
"64","Kalimantan Timur","64.07","Kabupaten Kutai Barat","64.07.10","Muara Pahu","64.07.10.2029","Gunung Bayan"
"64","Kalimantan Timur","64.07","Kabupaten Kutai Barat","64.07.10","Muara Pahu","64.07.10.2030","Muara Beloan"
"64","Kalimantan Timur","64.07","Kabupaten Kutai Barat","64.07.11","Jempang","64.07.11.2001","Pentat"
"64","Kalimantan Timur","64.07","Kabupaten Kutai Barat","64.07.11","Jempang","64.07.11.2002","Lembonah"
"64","Kalimantan Timur","64.07","Kabupaten Kutai Barat","64.07.11","Jempang","64.07.11.2003","Muara Nayan"
"64","Kalimantan Timur","64.07","Kabupaten Kutai Barat","64.07.11","Jempang","64.07.11.2004","Mancong"
"64","Kalimantan Timur","64.07","Kabupaten Kutai Barat","64.07.11","Jempang","64.07.11.2005","Perigiq"
"64","Kalimantan Timur","64.07","Kabupaten Kutai Barat","64.07.11","Jempang","64.07.11.2006","Muara Ohong"
"64","Kalimantan Timur","64.07","Kabupaten Kutai Barat","64.07.11","Jempang","64.07.11.2007","Tanjung Jone"
"64","Kalimantan Timur","64.07","Kabupaten Kutai Barat","64.07.11","Jempang","64.07.11.2008","Tanjung Isuy"
"64","Kalimantan Timur","64.07","Kabupaten Kutai Barat","64.07.11","Jempang","64.07.11.2009","Tanjung Jan"
"64","Kalimantan Timur","64.07","Kabupaten Kutai Barat","64.07.11","Jempang","64.07.11.2010","Pulau Lanting"
"64","Kalimantan Timur","64.07","Kabupaten Kutai Barat","64.07.11","Jempang","64.07.11.2011","Muara Tae"
"64","Kalimantan Timur","64.07","Kabupaten Kutai Barat","64.07.11","Jempang","64.07.11.2012","Bekokong Makmur"
"64","Kalimantan Timur","64.07","Kabupaten Kutai Barat","64.07.12","Bongan","64.07.12.2001","Gerunggung"
"64","Kalimantan Timur","64.07","Kabupaten Kutai Barat","64.07.12","Bongan","64.07.12.2002","Pereng Taliq"
"64","Kalimantan Timur","64.07","Kabupaten Kutai Barat","64.07.12","Bongan","64.07.12.2003","Tanjung Soke"
"64","Kalimantan Timur","64.07","Kabupaten Kutai Barat","64.07.12","Bongan","64.07.12.2004","Deraya"
"64","Kalimantan Timur","64.07","Kabupaten Kutai Barat","64.07.12","Bongan","64.07.12.2005","Lemper"
"64","Kalimantan Timur","64.07","Kabupaten Kutai Barat","64.07.12","Bongan","64.07.12.2006","Muara Siram"
"64","Kalimantan Timur","64.07","Kabupaten Kutai Barat","64.07.12","Bongan","64.07.12.2007","Resak"
"64","Kalimantan Timur","64.07","Kabupaten Kutai Barat","64.07.12","Bongan","64.07.12.2008","Jambuk"
"64","Kalimantan Timur","64.07","Kabupaten Kutai Barat","64.07.12","Bongan","64.07.12.2009","Muara Gusik"
"64","Kalimantan Timur","64.07","Kabupaten Kutai Barat","64.07.12","Bongan","64.07.12.2010","Penawai"
"64","Kalimantan Timur","64.07","Kabupaten Kutai Barat","64.07.12","Bongan","64.07.12.2011","Muara Kedang"
"64","Kalimantan Timur","64.07","Kabupaten Kutai Barat","64.07.12","Bongan","64.07.12.2012","Jambuk Makmur "
"64","Kalimantan Timur","64.07","Kabupaten Kutai Barat","64.07.12","Bongan","64.07.12.2014","Siram Makmur"
"64","Kalimantan Timur","64.07","Kabupaten Kutai Barat","64.07.12","Bongan","64.07.12.2015","Siram Jaya"
"64","Kalimantan Timur","64.07","Kabupaten Kutai Barat","64.07.12","Bongan","64.07.12.2016","Bukit Harapan "
"64","Kalimantan Timur","64.07","Kabupaten Kutai Barat","64.07.12","Bongan","64.07.12.2019","Tanjung Sari"
"64","Kalimantan Timur","64.07","Kabupaten Kutai Barat","64.07.13","Penyinggahan","64.07.13.2001","Loa Deras"
"64","Kalimantan Timur","64.07","Kabupaten Kutai Barat","64.07.13","Penyinggahan","64.07.13.2002","Minta"
"64","Kalimantan Timur","64.07","Kabupaten Kutai Barat","64.07.13","Penyinggahan","64.07.13.2003","Tanjung Haur"
"64","Kalimantan Timur","64.07","Kabupaten Kutai Barat","64.07.13","Penyinggahan","64.07.13.2004","Penyinggahan Ilir"
"64","Kalimantan Timur","64.07","Kabupaten Kutai Barat","64.07.13","Penyinggahan","64.07.13.2005","Penyinggahan Ulu"
"64","Kalimantan Timur","64.07","Kabupaten Kutai Barat","64.07.13","Penyinggahan","64.07.13.2006","Bakung"
"64","Kalimantan Timur","64.07","Kabupaten Kutai Barat","64.07.14","Bentian Besar","64.07.14.2001","Randa Empas"
"64","Kalimantan Timur","64.07","Kabupaten Kutai Barat","64.07.14","Bentian Besar","64.07.14.2002","Tukuq"
"64","Kalimantan Timur","64.07","Kabupaten Kutai Barat","64.07.14","Bentian Besar","64.07.14.2003","Tende"
"64","Kalimantan Timur","64.07","Kabupaten Kutai Barat","64.07.14","Bentian Besar","64.07.14.2004","Sambung"
"64","Kalimantan Timur","64.07","Kabupaten Kutai Barat","64.07.14","Bentian Besar","64.07.14.2005","Anan Jaya"
"64","Kalimantan Timur","64.07","Kabupaten Kutai Barat","64.07.14","Bentian Besar","64.07.14.2006","Jelmu Sibak"
"64","Kalimantan Timur","64.07","Kabupaten Kutai Barat","64.07.14","Bentian Besar","64.07.14.2007","Suakong"
"64","Kalimantan Timur","64.07","Kabupaten Kutai Barat","64.07.14","Bentian Besar","64.07.14.2008","Penarung"
"64","Kalimantan Timur","64.07","Kabupaten Kutai Barat","64.07.14","Bentian Besar","64.07.14.2009","Dilang Puti"
"64","Kalimantan Timur","64.07","Kabupaten Kutai Barat","64.07.15","Linggang Bigung","64.07.15.2001","Linggang Melapeh Baru"
"64","Kalimantan Timur","64.07","Kabupaten Kutai Barat","64.07.15","Linggang Bigung","64.07.15.2002","Linggang Bigung Baru"
"64","Kalimantan Timur","64.07","Kabupaten Kutai Barat","64.07.15","Linggang Bigung","64.07.15.2003","Linggang Tutung"
"64","Kalimantan Timur","64.07","Kabupaten Kutai Barat","64.07.15","Linggang Bigung","64.07.15.2004","Linggang Melapeh"
"64","Kalimantan Timur","64.07","Kabupaten Kutai Barat","64.07.15","Linggang Bigung","64.07.15.2005","Linggang Mapan"
"64","Kalimantan Timur","64.07","Kabupaten Kutai Barat","64.07.15","Linggang Bigung","64.07.15.2006","Linggang Bigung"
"64","Kalimantan Timur","64.07","Kabupaten Kutai Barat","64.07.15","Linggang Bigung","64.07.15.2007","Linggang Amer"
"64","Kalimantan Timur","64.07","Kabupaten Kutai Barat","64.07.15","Linggang Bigung","64.07.15.2008","Linggang Bangunsari"
"64","Kalimantan Timur","64.07","Kabupaten Kutai Barat","64.07.15","Linggang Bigung","64.07.15.2009","Linggang Purwodadi"
"64","Kalimantan Timur","64.07","Kabupaten Kutai Barat","64.07.15","Linggang Bigung","64.07.15.2010","Linggang Mencelew"
"64","Kalimantan Timur","64.07","Kabupaten Kutai Barat","64.07.15","Linggang Bigung","64.07.15.2011","Linggang Kebut"
"64","Kalimantan Timur","64.07","Kabupaten Kutai Barat","64.07.16","Nyuatan","64.07.16.2001","Dempar"
"64","Kalimantan Timur","64.07","Kabupaten Kutai Barat","64.07.16","Nyuatan","64.07.16.2002","Temula"
"64","Kalimantan Timur","64.07","Kabupaten Kutai Barat","64.07.16","Nyuatan","64.07.16.2003","Jontai"
"64","Kalimantan Timur","64.07","Kabupaten Kutai Barat","64.07.16","Nyuatan","64.07.16.2004","Sembuan"
"64","Kalimantan Timur","64.07","Kabupaten Kutai Barat","64.07.16","Nyuatan","64.07.16.2005","Intu Lingau"
"64","Kalimantan Timur","64.07","Kabupaten Kutai Barat","64.07.16","Nyuatan","64.07.16.2006","Mu'ut"
"64","Kalimantan Timur","64.07","Kabupaten Kutai Barat","64.07.16","Nyuatan","64.07.16.2007","Terajuk"
"64","Kalimantan Timur","64.07","Kabupaten Kutai Barat","64.07.16","Nyuatan","64.07.16.2008","Lakan Bilem"
"64","Kalimantan Timur","64.07","Kabupaten Kutai Barat","64.07.16","Nyuatan","64.07.16.2009","Sentalar"
"64","Kalimantan Timur","64.07","Kabupaten Kutai Barat","64.07.16","Nyuatan","64.07.16.2010","Awai"
"64","Kalimantan Timur","64.07","Kabupaten Kutai Barat","64.07.17","Siluq Ngurai","64.07.17.2001","Tebisaq"
"64","Kalimantan Timur","64.07","Kabupaten Kutai Barat","64.07.17","Siluq Ngurai","64.07.17.2002","Kaliq"
"64","Kalimantan Timur","64.07","Kabupaten Kutai Barat","64.07.17","Siluq Ngurai","64.07.17.2003","Tanah Mea"
"64","Kalimantan Timur","64.07","Kabupaten Kutai Barat","64.07.17","Siluq Ngurai","64.07.17.2004","Sang-Sang"
"64","Kalimantan Timur","64.07","Kabupaten Kutai Barat","64.07.17","Siluq Ngurai","64.07.17.2005","Muhur"
"64","Kalimantan Timur","64.07","Kabupaten Kutai Barat","64.07.17","Siluq Ngurai","64.07.17.2006","Muara Kelawit"
"64","Kalimantan Timur","64.07","Kabupaten Kutai Barat","64.07.17","Siluq Ngurai","64.07.17.2007","Bentas"
"64","Kalimantan Timur","64.07","Kabupaten Kutai Barat","64.07.17","Siluq Ngurai","64.07.17.2008","Betung"
"64","Kalimantan Timur","64.07","Kabupaten Kutai Barat","64.07.17","Siluq Ngurai","64.07.17.2009","Kiaq"
"64","Kalimantan Timur","64.07","Kabupaten Kutai Barat","64.07.17","Siluq Ngurai","64.07.17.2010","Tendiq"
"64","Kalimantan Timur","64.07","Kabupaten Kutai Barat","64.07.17","Siluq Ngurai","64.07.17.2011","Penawang"
"64","Kalimantan Timur","64.07","Kabupaten Kutai Barat","64.07.17","Siluq Ngurai","64.07.17.2012","Lendian Liang Nayuq"
"64","Kalimantan Timur","64.07","Kabupaten Kutai Barat","64.07.17","Siluq Ngurai","64.07.17.2013","Kenyanyan"
"64","Kalimantan Timur","64.07","Kabupaten Kutai Barat","64.07.17","Siluq Ngurai","64.07.17.2014","Rikong"
"64","Kalimantan Timur","64.07","Kabupaten Kutai Barat","64.07.17","Siluq Ngurai","64.07.17.2015","Kendesiq"
"64","Kalimantan Timur","64.07","Kabupaten Kutai Barat","64.07.17","Siluq Ngurai","64.07.17.2016","Muara Ponaq"
"64","Kalimantan Timur","64.07","Kabupaten Kutai Barat","64.07.18","Mook Manaar Bulatn","64.07.18.2001","Sakaq Lotoq"
"64","Kalimantan Timur","64.07","Kabupaten Kutai Barat","64.07.18","Mook Manaar Bulatn","64.07.18.2002","Sakaq Tada"
"64","Kalimantan Timur","64.07","Kabupaten Kutai Barat","64.07.18","Mook Manaar Bulatn","64.07.18.2003","Gemuruh"
"64","Kalimantan Timur","64.07","Kabupaten Kutai Barat","64.07.18","Mook Manaar Bulatn","64.07.18.2004","Karangan"
"64","Kalimantan Timur","64.07","Kabupaten Kutai Barat","64.07.18","Mook Manaar Bulatn","64.07.18.2005","Merayaq"
"64","Kalimantan Timur","64.07","Kabupaten Kutai Barat","64.07.18","Mook Manaar Bulatn","64.07.18.2006","Linggang Marimun"
"64","Kalimantan Timur","64.07","Kabupaten Kutai Barat","64.07.18","Mook Manaar Bulatn","64.07.18.2007","Kelumpang"
"64","Kalimantan Timur","64.07","Kabupaten Kutai Barat","64.07.18","Mook Manaar Bulatn","64.07.18.2008","Gadur"
"64","Kalimantan Timur","64.07","Kabupaten Kutai Barat","64.07.18","Mook Manaar Bulatn","64.07.18.2009","Linggang Muara Batuq"
"64","Kalimantan Timur","64.07","Kabupaten Kutai Barat","64.07.18","Mook Manaar Bulatn","64.07.18.2010","Muara Jawaq"
"64","Kalimantan Timur","64.07","Kabupaten Kutai Barat","64.07.18","Mook Manaar Bulatn","64.07.18.2011","Abit"
"64","Kalimantan Timur","64.07","Kabupaten Kutai Barat","64.07.18","Mook Manaar Bulatn","64.07.18.2012","Rembayan"
"64","Kalimantan Timur","64.07","Kabupaten Kutai Barat","64.07.18","Mook Manaar Bulatn","64.07.18.2014","Gunung Rampah"
"64","Kalimantan Timur","64.07","Kabupaten Kutai Barat","64.07.18","Mook Manaar Bulatn","64.07.18.2015","Jengan"
"64","Kalimantan Timur","64.07","Kabupaten Kutai Barat","64.07.18","Mook Manaar Bulatn","64.07.18.2016","Muara Kalaq"
"64","Kalimantan Timur","64.07","Kabupaten Kutai Barat","64.07.18","Mook Manaar Bulatn","64.07.18.2017","Tondoh"
"64","Kalimantan Timur","64.07","Kabupaten Kutai Barat","64.07.19","Tering","64.07.19.2001","Tering Baru"
"64","Kalimantan Timur","64.07","Kabupaten Kutai Barat","64.07.19","Tering","64.07.19.2002","Tering Lama"
"64","Kalimantan Timur","64.07","Kabupaten Kutai Barat","64.07.19","Tering","64.07.19.2003","Linggang Tering Seberang"
"64","Kalimantan Timur","64.07","Kabupaten Kutai Barat","64.07.19","Tering","64.07.19.2004","Tukul"
"64","Kalimantan Timur","64.07","Kabupaten Kutai Barat","64.07.19","Tering","64.07.19.2005","Linggang Kelubaq"
"64","Kalimantan Timur","64.07","Kabupaten Kutai Barat","64.07.19","Tering","64.07.19.2006","Linggang Purworejo"
"64","Kalimantan Timur","64.07","Kabupaten Kutai Barat","64.07.19","Tering","64.07.19.2007","Linggang Jelemuq"
"64","Kalimantan Timur","64.07","Kabupaten Kutai Barat","64.07.19","Tering","64.07.19.2008","Kelian Dalam"
"64","Kalimantan Timur","64.07","Kabupaten Kutai Barat","64.07.19","Tering","64.07.19.2009","Linggang Muara Mujan"
"64","Kalimantan Timur","64.07","Kabupaten Kutai Barat","64.07.19","Tering","64.07.19.2010","Muyub Ulu"
"64","Kalimantan Timur","64.07","Kabupaten Kutai Barat","64.07.19","Tering","64.07.19.2011","Muyub Aket"
"64","Kalimantan Timur","64.07","Kabupaten Kutai Barat","64.07.19","Tering","64.07.19.2013","Linggang Muyub Ilir"
"64","Kalimantan Timur","64.07","Kabupaten Kutai Barat","64.07.19","Tering","64.07.19.2014","Gabung Baru"
"64","Kalimantan Timur","64.07","Kabupaten Kutai Barat","64.07.19","Tering","64.07.19.2015","Linggang Banjarejo"
"64","Kalimantan Timur","64.07","Kabupaten Kutai Barat","64.07.19","Tering","64.07.19.2016","Tering Lama Ulu"
"64","Kalimantan Timur","64.07","Kabupaten Kutai Barat","64.07.20","Sekolaq Darat","64.07.20.2001","Sekolaq Joleq"
"64","Kalimantan Timur","64.07","Kabupaten Kutai Barat","64.07.20","Sekolaq Darat","64.07.20.2002","Sekolaq Muliaq"
"64","Kalimantan Timur","64.07","Kabupaten Kutai Barat","64.07.20","Sekolaq Darat","64.07.20.2003","Sekolaq Oday"
"64","Kalimantan Timur","64.07","Kabupaten Kutai Barat","64.07.20","Sekolaq Darat","64.07.20.2004","Srimulyo"
"64","Kalimantan Timur","64.07","Kabupaten Kutai Barat","64.07.20","Sekolaq Darat","64.07.20.2005","Sumber Bangun"
"64","Kalimantan Timur","64.07","Kabupaten Kutai Barat","64.07.20","Sekolaq Darat","64.07.20.2006","Sumber Rejo"
"64","Kalimantan Timur","64.07","Kabupaten Kutai Barat","64.07.20","Sekolaq Darat","64.07.20.2007","Sekolaq Darat"
"64","Kalimantan Timur","64.07","Kabupaten Kutai Barat","64.07.20","Sekolaq Darat","64.07.20.2008","Leleng"
"64","Kalimantan Timur","64.08","Kabupaten Kutai Timur","64.08.01","Muara Ancalong","64.08.01.2001","Senyiur"
"64","Kalimantan Timur","64.08","Kabupaten Kutai Timur","64.08.01","Muara Ancalong","64.08.01.2002","Kelinjau Ilir"
"64","Kalimantan Timur","64.08","Kabupaten Kutai Timur","64.08.01","Muara Ancalong","64.08.01.2003","Kelinjau Ulu"
"64","Kalimantan Timur","64.08","Kabupaten Kutai Timur","64.08.01","Muara Ancalong","64.08.01.2004","Long Nah"
"64","Kalimantan Timur","64.08","Kabupaten Kutai Timur","64.08.01","Muara Ancalong","64.08.01.2006","Long Tesak"
"64","Kalimantan Timur","64.08","Kabupaten Kutai Timur","64.08.01","Muara Ancalong","64.08.01.2009","Gemar Baru"
"64","Kalimantan Timur","64.08","Kabupaten Kutai Timur","64.08.01","Muara Ancalong","64.08.01.2012","Long Poq Baru"
"64","Kalimantan Timur","64.08","Kabupaten Kutai Timur","64.08.01","Muara Ancalong","64.08.01.2013","Muara Dun"
"64","Kalimantan Timur","64.08","Kabupaten Kutai Timur","64.08.01","Muara Ancalong","64.08.01.2014","Teluk Baru"
"64","Kalimantan Timur","64.08","Kabupaten Kutai Timur","64.08.02","Muara Wahau","64.08.02.2001","Jak Luay"
"64","Kalimantan Timur","64.08","Kabupaten Kutai Timur","64.08.02","Muara Wahau","64.08.02.2002","Nehes Liah Bing"
"64","Kalimantan Timur","64.08","Kabupaten Kutai Timur","64.08.02","Muara Wahau","64.08.02.2003","Muara Wahau"
"64","Kalimantan Timur","64.08","Kabupaten Kutai Timur","64.08.02","Muara Wahau","64.08.02.2004","Dabeq"
"64","Kalimantan Timur","64.08","Kabupaten Kutai Timur","64.08.02","Muara Wahau","64.08.02.2005","Diaq Lay"
"64","Kalimantan Timur","64.08","Kabupaten Kutai Timur","64.08.02","Muara Wahau","64.08.02.2006","Benhes"
"64","Kalimantan Timur","64.08","Kabupaten Kutai Timur","64.08.02","Muara Wahau","64.08.02.2007","Wanasari"
"64","Kalimantan Timur","64.08","Kabupaten Kutai Timur","64.08.02","Muara Wahau","64.08.02.2008","Wahau Baru"
"64","Kalimantan Timur","64.08","Kabupaten Kutai Timur","64.08.02","Muara Wahau","64.08.02.2009","Karya Bhakti"
"64","Kalimantan Timur","64.08","Kabupaten Kutai Timur","64.08.02","Muara Wahau","64.08.02.2010","Long Wehea"
"64","Kalimantan Timur","64.08","Kabupaten Kutai Timur","64.08.03","Muara Bengkal","64.08.03.2001","Senambah"
"64","Kalimantan Timur","64.08","Kabupaten Kutai Timur","64.08.03","Muara Bengkal","64.08.03.2002","Ngayau"
"64","Kalimantan Timur","64.08","Kabupaten Kutai Timur","64.08.03","Muara Bengkal","64.08.03.2003","Muara Bengkal Ilir"
"64","Kalimantan Timur","64.08","Kabupaten Kutai Timur","64.08.03","Muara Bengkal","64.08.03.2004","Muara Bengkal Ulu"
"64","Kalimantan Timur","64.08","Kabupaten Kutai Timur","64.08.03","Muara Bengkal","64.08.03.2005","Benua Baru"
"64","Kalimantan Timur","64.08","Kabupaten Kutai Timur","64.08.03","Muara Bengkal","64.08.03.2013","Mulupan"
"64","Kalimantan Timur","64.08","Kabupaten Kutai Timur","64.08.03","Muara Bengkal","64.08.03.2014","Batu Balai"
"64","Kalimantan Timur","64.08","Kabupaten Kutai Timur","64.08.04","Sangatta Utara","64.08.04.1010","Teluk Lingga"
"64","Kalimantan Timur","64.08","Kabupaten Kutai Timur","64.08.04","Sangatta Utara","64.08.04.2001","Sangatta Utara"
"64","Kalimantan Timur","64.08","Kabupaten Kutai Timur","64.08.04","Sangatta Utara","64.08.04.2011","Singa Gembara"
"64","Kalimantan Timur","64.08","Kabupaten Kutai Timur","64.08.04","Sangatta Utara","64.08.04.2012","Swarga Bara"
"64","Kalimantan Timur","64.08","Kabupaten Kutai Timur","64.08.05","Sangkulirang","64.08.05.2001","Kerayaan"
"64","Kalimantan Timur","64.08","Kabupaten Kutai Timur","64.08.05","Sangkulirang","64.08.05.2002","Tanjung Manis"
"64","Kalimantan Timur","64.08","Kabupaten Kutai Timur","64.08.05","Sangkulirang","64.08.05.2003","Peridan"
"64","Kalimantan Timur","64.08","Kabupaten Kutai Timur","64.08.05","Sangkulirang","64.08.05.2004","Saka"
"64","Kalimantan Timur","64.08","Kabupaten Kutai Timur","64.08.05","Sangkulirang","64.08.05.2005","Mandu Dalam"
"64","Kalimantan Timur","64.08","Kabupaten Kutai Timur","64.08.05","Sangkulirang","64.08.05.2006","Benua Baru Ilir"
"64","Kalimantan Timur","64.08","Kabupaten Kutai Timur","64.08.05","Sangkulirang","64.08.05.2011","Sempayau"
"64","Kalimantan Timur","64.08","Kabupaten Kutai Timur","64.08.05","Sangkulirang","64.08.05.2012","Pelawan"
"64","Kalimantan Timur","64.08","Kabupaten Kutai Timur","64.08.05","Sangkulirang","64.08.05.2013","Tepian Terap"
"64","Kalimantan Timur","64.08","Kabupaten Kutai Timur","64.08.05","Sangkulirang","64.08.05.2015","Maloy"
"64","Kalimantan Timur","64.08","Kabupaten Kutai Timur","64.08.05","Sangkulirang","64.08.05.2016","Benua Baru Ulu"
"64","Kalimantan Timur","64.08","Kabupaten Kutai Timur","64.08.05","Sangkulirang","64.08.05.2017","Kolek"
"64","Kalimantan Timur","64.08","Kabupaten Kutai Timur","64.08.05","Sangkulirang","64.08.05.2018","Pulau Miang"
"64","Kalimantan Timur","64.08","Kabupaten Kutai Timur","64.08.05","Sangkulirang","64.08.05.2019","Perupuk"
"64","Kalimantan Timur","64.08","Kabupaten Kutai Timur","64.08.05","Sangkulirang","64.08.05.2020","Mandu Pantai Sejahtera"
"64","Kalimantan Timur","64.08","Kabupaten Kutai Timur","64.08.06","Busang","64.08.06.2001","Long Bentuq"
"64","Kalimantan Timur","64.08","Kabupaten Kutai Timur","64.08.06","Busang","64.08.06.2002","Long Pejeng"
"64","Kalimantan Timur","64.08","Kabupaten Kutai Timur","64.08.06","Busang","64.08.06.2003","Long Lees"
"64","Kalimantan Timur","64.08","Kabupaten Kutai Timur","64.08.06","Busang","64.08.06.2004","Mekar Baru"
"64","Kalimantan Timur","64.08","Kabupaten Kutai Timur","64.08.06","Busang","64.08.06.2005","Rantau Sentosa"
"64","Kalimantan Timur","64.08","Kabupaten Kutai Timur","64.08.06","Busang","64.08.06.2006","Long Nyelong"
"64","Kalimantan Timur","64.08","Kabupaten Kutai Timur","64.08.07","Telen","64.08.07.2001","Marah Haloq"
"64","Kalimantan Timur","64.08","Kabupaten Kutai Timur","64.08.07","Telen","64.08.07.2002","Lung Melah"
"64","Kalimantan Timur","64.08","Kabupaten Kutai Timur","64.08.07","Telen","64.08.07.2003","Juk Ayaq"
"64","Kalimantan Timur","64.08","Kabupaten Kutai Timur","64.08.07","Telen","64.08.07.2004","Long Segar"
"64","Kalimantan Timur","64.08","Kabupaten Kutai Timur","64.08.07","Telen","64.08.07.2005","Long Noran"
"64","Kalimantan Timur","64.08","Kabupaten Kutai Timur","64.08.07","Telen","64.08.07.2006","Muara Pantun"
"64","Kalimantan Timur","64.08","Kabupaten Kutai Timur","64.08.07","Telen","64.08.07.2007","Rantau Panjang"
"64","Kalimantan Timur","64.08","Kabupaten Kutai Timur","64.08.07","Telen","64.08.07.2008","Kernyanyan"
"64","Kalimantan Timur","64.08","Kabupaten Kutai Timur","64.08.08","Kombeng","64.08.08.2001","Makmur Jaya"
"64","Kalimantan Timur","64.08","Kabupaten Kutai Timur","64.08.08","Kombeng","64.08.08.2002","Marga Mulya"
"64","Kalimantan Timur","64.08","Kabupaten Kutai Timur","64.08.08","Kombeng","64.08.08.2003","Sukamaju"
"64","Kalimantan Timur","64.08","Kabupaten Kutai Timur","64.08.08","Kombeng","64.08.08.2004","Sidomulyo"
"64","Kalimantan Timur","64.08","Kabupaten Kutai Timur","64.08.08","Kombeng","64.08.08.2005","Sri Pantun"
"64","Kalimantan Timur","64.08","Kabupaten Kutai Timur","64.08.08","Kombeng","64.08.08.2006","Kombeng Indah"
"64","Kalimantan Timur","64.08","Kabupaten Kutai Timur","64.08.08","Kombeng","64.08.08.2007","Miau Baru"
"64","Kalimantan Timur","64.08","Kabupaten Kutai Timur","64.08.09","Bengalon","64.08.09.2001","Sepaso"
"64","Kalimantan Timur","64.08","Kabupaten Kutai Timur","64.08.09","Bengalon","64.08.09.2002","Sekerat"
"64","Kalimantan Timur","64.08","Kabupaten Kutai Timur","64.08.09","Bengalon","64.08.09.2003","Keraitan"
"64","Kalimantan Timur","64.08","Kabupaten Kutai Timur","64.08.09","Bengalon","64.08.09.2004","Tepian Langsat"
"64","Kalimantan Timur","64.08","Kabupaten Kutai Timur","64.08.09","Bengalon","64.08.09.2005","Tebangan Lembak"
"64","Kalimantan Timur","64.08","Kabupaten Kutai Timur","64.08.09","Bengalon","64.08.09.2006","Sepaso Timur"
"64","Kalimantan Timur","64.08","Kabupaten Kutai Timur","64.08.09","Bengalon","64.08.09.2007","Sepaso Selatan"
"64","Kalimantan Timur","64.08","Kabupaten Kutai Timur","64.08.09","Bengalon","64.08.09.2008","Muara Bengalon"
"64","Kalimantan Timur","64.08","Kabupaten Kutai Timur","64.08.09","Bengalon","64.08.09.2009","Tepian Baru"
"64","Kalimantan Timur","64.08","Kabupaten Kutai Timur","64.08.09","Bengalon","64.08.09.2010","Tepian Indah"
"64","Kalimantan Timur","64.08","Kabupaten Kutai Timur","64.08.09","Bengalon","64.08.09.2011","Sepaso Barat"
"64","Kalimantan Timur","64.08","Kabupaten Kutai Timur","64.08.10","Kaliorang","64.08.10.2001","Kaliorang"
"64","Kalimantan Timur","64.08","Kabupaten Kutai Timur","64.08.10","Kaliorang","64.08.10.2006","Bukit Makmur"
"64","Kalimantan Timur","64.08","Kabupaten Kutai Timur","64.08.10","Kaliorang","64.08.10.2007","Bukit Harapan"
"64","Kalimantan Timur","64.08","Kabupaten Kutai Timur","64.08.10","Kaliorang","64.08.10.2008","Citra Manunggal Jaya"
"64","Kalimantan Timur","64.08","Kabupaten Kutai Timur","64.08.10","Kaliorang","64.08.10.2009","Bangun Jaya"
"64","Kalimantan Timur","64.08","Kabupaten Kutai Timur","64.08.10","Kaliorang","64.08.10.2010","Bumi Sejahtera"
"64","Kalimantan Timur","64.08","Kabupaten Kutai Timur","64.08.10","Kaliorang","64.08.10.2013","Selangkau"
"64","Kalimantan Timur","64.08","Kabupaten Kutai Timur","64.08.11","Sandaran","64.08.11.2001","Sandaran"
"64","Kalimantan Timur","64.08","Kabupaten Kutai Timur","64.08.11","Sandaran","64.08.11.2002","Manubar"
"64","Kalimantan Timur","64.08","Kabupaten Kutai Timur","64.08.11","Sandaran","64.08.11.2003","Tadoan"
"64","Kalimantan Timur","64.08","Kabupaten Kutai Timur","64.08.11","Sandaran","64.08.11.2004","Marukangan"
"64","Kalimantan Timur","64.08","Kabupaten Kutai Timur","64.08.11","Sandaran","64.08.11.2005","Susuk Luar"
"64","Kalimantan Timur","64.08","Kabupaten Kutai Timur","64.08.11","Sandaran","64.08.11.2006","Susuk Dalam"
"64","Kalimantan Timur","64.08","Kabupaten Kutai Timur","64.08.11","Sandaran","64.08.11.2007","Tanjung Mangkaliat"
"64","Kalimantan Timur","64.08","Kabupaten Kutai Timur","64.08.11","Sandaran","64.08.11.2008","Manubar Dalam"
"64","Kalimantan Timur","64.08","Kabupaten Kutai Timur","64.08.11","Sandaran","64.08.11.2009","Susuk Tengah"
"64","Kalimantan Timur","64.08","Kabupaten Kutai Timur","64.08.12","Sangatta Selatan","64.08.12.1002","Singa Geweh"
"64","Kalimantan Timur","64.08","Kabupaten Kutai Timur","64.08.12","Sangatta Selatan","64.08.12.2001","Sangatta Selatan"
"64","Kalimantan Timur","64.08","Kabupaten Kutai Timur","64.08.12","Sangatta Selatan","64.08.12.2003","Sangkima"
"64","Kalimantan Timur","64.08","Kabupaten Kutai Timur","64.08.12","Sangatta Selatan","64.08.12.2004","Teluk Singkama"
"64","Kalimantan Timur","64.08","Kabupaten Kutai Timur","64.08.13","Teluk Pandan","64.08.13.2001","Teluk Pandan"
"64","Kalimantan Timur","64.08","Kabupaten Kutai Timur","64.08.13","Teluk Pandan","64.08.13.2002","Suka Rahmat"
"64","Kalimantan Timur","64.08","Kabupaten Kutai Timur","64.08.13","Teluk Pandan","64.08.13.2003","Suka Damai"
"64","Kalimantan Timur","64.08","Kabupaten Kutai Timur","64.08.13","Teluk Pandan","64.08.13.2004","Kandolo"
"64","Kalimantan Timur","64.08","Kabupaten Kutai Timur","64.08.13","Teluk Pandan","64.08.13.2005","Danau Redan"
"64","Kalimantan Timur","64.08","Kabupaten Kutai Timur","64.08.13","Teluk Pandan","64.08.13.2006","Martadinata"
"64","Kalimantan Timur","64.08","Kabupaten Kutai Timur","64.08.14","Rantau Pulung","64.08.14.2001","Mukti Jaya"
"64","Kalimantan Timur","64.08","Kabupaten Kutai Timur","64.08.14","Rantau Pulung","64.08.14.2002","Pulung Sari"
"64","Kalimantan Timur","64.08","Kabupaten Kutai Timur","64.08.14","Rantau Pulung","64.08.14.2003","Margo Mulyo"
"64","Kalimantan Timur","64.08","Kabupaten Kutai Timur","64.08.14","Rantau Pulung","64.08.14.2004","Rantau Makmur"
"64","Kalimantan Timur","64.08","Kabupaten Kutai Timur","64.08.14","Rantau Pulung","64.08.14.2005","Manunggal Jaya"
"64","Kalimantan Timur","64.08","Kabupaten Kutai Timur","64.08.14","Rantau Pulung","64.08.14.2006","Tanjung Labu"
"64","Kalimantan Timur","64.08","Kabupaten Kutai Timur","64.08.14","Rantau Pulung","64.08.14.2007","Kebon Agung"
"64","Kalimantan Timur","64.08","Kabupaten Kutai Timur","64.08.14","Rantau Pulung","64.08.14.2008","Tepian Makmur"
"64","Kalimantan Timur","64.08","Kabupaten Kutai Timur","64.08.14","Rantau Pulung","64.08.14.2009","Masalap Raya"
"64","Kalimantan Timur","64.08","Kabupaten Kutai Timur","64.08.15","Kaubun","64.08.15.2001","Bumi Etam"
"64","Kalimantan Timur","64.08","Kabupaten Kutai Timur","64.08.15","Kaubun","64.08.15.2002","Bumi Rapak"
"64","Kalimantan Timur","64.08","Kabupaten Kutai Timur","64.08.15","Kaubun","64.08.15.2003","Bumi Jaya"
"64","Kalimantan Timur","64.08","Kabupaten Kutai Timur","64.08.15","Kaubun","64.08.15.2004","Cipta Graha"
"64","Kalimantan Timur","64.08","Kabupaten Kutai Timur","64.08.15","Kaubun","64.08.15.2005","Kadungan Jaya"
"64","Kalimantan Timur","64.08","Kabupaten Kutai Timur","64.08.15","Kaubun","64.08.15.2006","Pengadan Baru"
"64","Kalimantan Timur","64.08","Kabupaten Kutai Timur","64.08.15","Kaubun","64.08.15.2007","Mata Air"
"64","Kalimantan Timur","64.08","Kabupaten Kutai Timur","64.08.15","Kaubun","64.08.15.2008","Bukit Permata"
"64","Kalimantan Timur","64.08","Kabupaten Kutai Timur","64.08.16","Karangan","64.08.16.2001","Karangan Dalam"
"64","Kalimantan Timur","64.08","Kabupaten Kutai Timur","64.08.16","Karangan","64.08.16.2002","Batu Lepoq"
"64","Kalimantan Timur","64.08","Kabupaten Kutai Timur","64.08.16","Karangan","64.08.16.2003","Pengadan"
"64","Kalimantan Timur","64.08","Kabupaten Kutai Timur","64.08.16","Karangan","64.08.16.2004","Baay"
"64","Kalimantan Timur","64.08","Kabupaten Kutai Timur","64.08.16","Karangan","64.08.16.2005","Mukti Lestari"
"64","Kalimantan Timur","64.08","Kabupaten Kutai Timur","64.08.16","Karangan","64.08.16.2006","Karangan Seberang"
"64","Kalimantan Timur","64.08","Kabupaten Kutai Timur","64.08.16","Karangan","64.08.16.2007","Karangan Hilir"
"64","Kalimantan Timur","64.08","Kabupaten Kutai Timur","64.08.17","Batu Ampar","64.08.17.2001","Batu Timbau"
"64","Kalimantan Timur","64.08","Kabupaten Kutai Timur","64.08.17","Batu Ampar","64.08.17.2002","Beno Harapan"
"64","Kalimantan Timur","64.08","Kabupaten Kutai Timur","64.08.17","Batu Ampar","64.08.17.2003","Mugi Rahayu"
"64","Kalimantan Timur","64.08","Kabupaten Kutai Timur","64.08.17","Batu Ampar","64.08.17.2004","Mawai Indah"
"64","Kalimantan Timur","64.08","Kabupaten Kutai Timur","64.08.17","Batu Ampar","64.08.17.2005","Himba Lestari"
"64","Kalimantan Timur","64.08","Kabupaten Kutai Timur","64.08.17","Batu Ampar","64.08.17.2006","Telaga"
"64","Kalimantan Timur","64.08","Kabupaten Kutai Timur","64.08.17","Batu Ampar","64.08.17.2007","Batu Timbau Ulu"
"64","Kalimantan Timur","64.08","Kabupaten Kutai Timur","64.08.18","Long Mesangat","64.08.18.2001","Sika Makmur"
"64","Kalimantan Timur","64.08","Kabupaten Kutai Timur","64.08.18","Long Mesangat","64.08.18.2002","Segoy Makmur"
"64","Kalimantan Timur","64.08","Kabupaten Kutai Timur","64.08.18","Long Mesangat","64.08.18.2003","Mukti Utama"
"64","Kalimantan Timur","64.08","Kabupaten Kutai Timur","64.08.18","Long Mesangat","64.08.18.2004","Sumber Sari"
"64","Kalimantan Timur","64.08","Kabupaten Kutai Timur","64.08.18","Long Mesangat","64.08.18.2005","Melan"
"64","Kalimantan Timur","64.08","Kabupaten Kutai Timur","64.08.18","Long Mesangat","64.08.18.2006","Tanah Abang"
"64","Kalimantan Timur","64.08","Kabupaten Kutai Timur","64.08.18","Long Mesangat","64.08.18.2007","Sumber Agung"
"64","Kalimantan Timur","64.09","Kabupaten Penajam Paser Utara","64.09.01","Penajam","64.09.01.1001","Tanjung Tengah"
"64","Kalimantan Timur","64.09","Kabupaten Penajam Paser Utara","64.09.01","Penajam","64.09.01.1002","Salo Loang"
"64","Kalimantan Timur","64.09","Kabupaten Penajam Paser Utara","64.09.01","Penajam","64.09.01.1003","Petung"
"64","Kalimantan Timur","64.09","Kabupaten Penajam Paser Utara","64.09.01","Penajam","64.09.01.1004","Lawe-lawe"
"64","Kalimantan Timur","64.09","Kabupaten Penajam Paser Utara","64.09.01","Penajam","64.09.01.1005","Pejala"
"64","Kalimantan Timur","64.09","Kabupaten Penajam Paser Utara","64.09.01","Penajam","64.09.01.1006","Kampung Baru"
"64","Kalimantan Timur","64.09","Kabupaten Penajam Paser Utara","64.09.01","Penajam","64.09.01.1007","Sesumpu"
"64","Kalimantan Timur","64.09","Kabupaten Penajam Paser Utara","64.09.01","Penajam","64.09.01.1008","Sungai Parit"
"64","Kalimantan Timur","64.09","Kabupaten Penajam Paser Utara","64.09.01","Penajam","64.09.01.1009","Nipah-Nipah"
"64","Kalimantan Timur","64.09","Kabupaten Penajam Paser Utara","64.09.01","Penajam","64.09.01.1010","Nenang"
"64","Kalimantan Timur","64.09","Kabupaten Penajam Paser Utara","64.09.01","Penajam","64.09.01.1011","Penajam"
"64","Kalimantan Timur","64.09","Kabupaten Penajam Paser Utara","64.09.01","Penajam","64.09.01.1012","Gunung Seteleng"
"64","Kalimantan Timur","64.09","Kabupaten Penajam Paser Utara","64.09.01","Penajam","64.09.01.1013","Buluminung"
"64","Kalimantan Timur","64.09","Kabupaten Penajam Paser Utara","64.09.01","Penajam","64.09.01.1014","Sotek"
"64","Kalimantan Timur","64.09","Kabupaten Penajam Paser Utara","64.09.01","Penajam","64.09.01.1015","Sepan"
"64","Kalimantan Timur","64.09","Kabupaten Penajam Paser Utara","64.09.01","Penajam","64.09.01.1016","Riko"
"64","Kalimantan Timur","64.09","Kabupaten Penajam Paser Utara","64.09.01","Penajam","64.09.01.1017","Gersik"
"64","Kalimantan Timur","64.09","Kabupaten Penajam Paser Utara","64.09.01","Penajam","64.09.01.1018","Jenebora"
"64","Kalimantan Timur","64.09","Kabupaten Penajam Paser Utara","64.09.01","Penajam","64.09.01.1019","Pantai Lango"
"64","Kalimantan Timur","64.09","Kabupaten Penajam Paser Utara","64.09.01","Penajam","64.09.01.2020","Giri Mukti"
"64","Kalimantan Timur","64.09","Kabupaten Penajam Paser Utara","64.09.01","Penajam","64.09.01.2021","Bukit Subur"
"64","Kalimantan Timur","64.09","Kabupaten Penajam Paser Utara","64.09.01","Penajam","64.09.01.2022","Sidorejo"
"64","Kalimantan Timur","64.09","Kabupaten Penajam Paser Utara","64.09.01","Penajam","64.09.01.2023","Giri Purwa"
"64","Kalimantan Timur","64.09","Kabupaten Penajam Paser Utara","64.09.02","Waru","64.09.02.1003","Waru"
"64","Kalimantan Timur","64.09","Kabupaten Penajam Paser Utara","64.09.02","Waru","64.09.02.2001","Api-api"
"64","Kalimantan Timur","64.09","Kabupaten Penajam Paser Utara","64.09.02","Waru","64.09.02.2002","Sesulu"
"64","Kalimantan Timur","64.09","Kabupaten Penajam Paser Utara","64.09.02","Waru","64.09.02.2004","Bangun Mulya"
"64","Kalimantan Timur","64.09","Kabupaten Penajam Paser Utara","64.09.03","Babulu","64.09.03.2001","Babulu Darat"
"64","Kalimantan Timur","64.09","Kabupaten Penajam Paser Utara","64.09.03","Babulu","64.09.03.2002","Labangka"
"64","Kalimantan Timur","64.09","Kabupaten Penajam Paser Utara","64.09.03","Babulu","64.09.03.2003","Babulu Laut"
"64","Kalimantan Timur","64.09","Kabupaten Penajam Paser Utara","64.09.03","Babulu","64.09.03.2004","Gunung Intan"
"64","Kalimantan Timur","64.09","Kabupaten Penajam Paser Utara","64.09.03","Babulu","64.09.03.2005","Gunung Makmur"
"64","Kalimantan Timur","64.09","Kabupaten Penajam Paser Utara","64.09.03","Babulu","64.09.03.2006","Sebakung Jaya"
"64","Kalimantan Timur","64.09","Kabupaten Penajam Paser Utara","64.09.03","Babulu","64.09.03.2007","Rawa Mulia"
"64","Kalimantan Timur","64.09","Kabupaten Penajam Paser Utara","64.09.03","Babulu","64.09.03.2008","Sri Raharja"
"64","Kalimantan Timur","64.09","Kabupaten Penajam Paser Utara","64.09.03","Babulu","64.09.03.2009","Sumber Sari"
"64","Kalimantan Timur","64.09","Kabupaten Penajam Paser Utara","64.09.03","Babulu","64.09.03.2010","Rintik"
"64","Kalimantan Timur","64.09","Kabupaten Penajam Paser Utara","64.09.03","Babulu","64.09.03.2011","Gunung Mulia"
"64","Kalimantan Timur","64.09","Kabupaten Penajam Paser Utara","64.09.03","Babulu","64.09.03.2012","Labangka Barat"
"64","Kalimantan Timur","64.09","Kabupaten Penajam Paser Utara","64.09.04","Sepaku","64.09.04.1005","Sepaku"
"64","Kalimantan Timur","64.09","Kabupaten Penajam Paser Utara","64.09.04","Sepaku","64.09.04.1006","Pemaluan"
"64","Kalimantan Timur","64.09","Kabupaten Penajam Paser Utara","64.09.04","Sepaku","64.09.04.1007","Maridan"
"64","Kalimantan Timur","64.09","Kabupaten Penajam Paser Utara","64.09.04","Sepaku","64.09.04.1008","Mentawir"
"64","Kalimantan Timur","64.09","Kabupaten Penajam Paser Utara","64.09.04","Sepaku","64.09.04.2001","Tengin Baru"
"64","Kalimantan Timur","64.09","Kabupaten Penajam Paser Utara","64.09.04","Sepaku","64.09.04.2002","Bukit Raya"
"64","Kalimantan Timur","64.09","Kabupaten Penajam Paser Utara","64.09.04","Sepaku","64.09.04.2003","Suka Raja"
"64","Kalimantan Timur","64.09","Kabupaten Penajam Paser Utara","64.09.04","Sepaku","64.09.04.2004","Bumi Harapan"
"64","Kalimantan Timur","64.09","Kabupaten Penajam Paser Utara","64.09.04","Sepaku","64.09.04.2009","Argo Mulyo"
"64","Kalimantan Timur","64.09","Kabupaten Penajam Paser Utara","64.09.04","Sepaku","64.09.04.2010","Semoi Dua"
"64","Kalimantan Timur","64.09","Kabupaten Penajam Paser Utara","64.09.04","Sepaku","64.09.04.2011","Suko Mulyo"
"64","Kalimantan Timur","64.09","Kabupaten Penajam Paser Utara","64.09.04","Sepaku","64.09.04.2012","Wono Sari"
"64","Kalimantan Timur","64.09","Kabupaten Penajam Paser Utara","64.09.04","Sepaku","64.09.04.2013","Karang Jinawi"
"64","Kalimantan Timur","64.09","Kabupaten Penajam Paser Utara","64.09.04","Sepaku","64.09.04.2014","Binuang"
"64","Kalimantan Timur","64.09","Kabupaten Penajam Paser Utara","64.09.04","Sepaku","64.09.04.2015","Telemow"
"64","Kalimantan Timur","64.11","Kabupaten Mahakam Ulu","64.11.01","Long Bagun","64.11.01.2001","Long Hurai"
"64","Kalimantan Timur","64.11","Kabupaten Mahakam Ulu","64.11.01","Long Bagun","64.11.01.2002","Long Melaham"
"64","Kalimantan Timur","64.11","Kabupaten Mahakam Ulu","64.11.01","Long Bagun","64.11.01.2003","Memahak Besar"
"64","Kalimantan Timur","64.11","Kabupaten Mahakam Ulu","64.11.01","Long Bagun","64.11.01.2004","Memahak Ulu"
"64","Kalimantan Timur","64.11","Kabupaten Mahakam Ulu","64.11.01","Long Bagun","64.11.01.2005","Batu Majang"
"64","Kalimantan Timur","64.11","Kabupaten Mahakam Ulu","64.11.01","Long Bagun","64.11.01.2006","Ujoh Bilang"
"64","Kalimantan Timur","64.11","Kabupaten Mahakam Ulu","64.11.01","Long Bagun","64.11.01.2007","Long Bagun Ilir"
"64","Kalimantan Timur","64.11","Kabupaten Mahakam Ulu","64.11.01","Long Bagun","64.11.01.2008","Long Bagun Ulu"
"64","Kalimantan Timur","64.11","Kabupaten Mahakam Ulu","64.11.01","Long Bagun","64.11.01.2009","Batoq Kelo"
"64","Kalimantan Timur","64.11","Kabupaten Mahakam Ulu","64.11.01","Long Bagun","64.11.01.2010","Long Merah"
"64","Kalimantan Timur","64.11","Kabupaten Mahakam Ulu","64.11.01","Long Bagun","64.11.01.2011","Rukun Damai"
"64","Kalimantan Timur","64.11","Kabupaten Mahakam Ulu","64.11.02","Long Hubung","64.11.02.2001","Long Hubung"
"64","Kalimantan Timur","64.11","Kabupaten Mahakam Ulu","64.11.02","Long Hubung","64.11.02.2002","Memahak Teboq"
"64","Kalimantan Timur","64.11","Kabupaten Mahakam Ulu","64.11.02","Long Hubung","64.11.02.2003","Lutan"
"64","Kalimantan Timur","64.11","Kabupaten Mahakam Ulu","64.11.02","Long Hubung","64.11.02.2004","Matalibaq"
"64","Kalimantan Timur","64.11","Kabupaten Mahakam Ulu","64.11.02","Long Hubung","64.11.02.2005","Datah Bilang Ilir"
"64","Kalimantan Timur","64.11","Kabupaten Mahakam Ulu","64.11.02","Long Hubung","64.11.02.2006","Datah Bilang Ulu"
"64","Kalimantan Timur","64.11","Kabupaten Mahakam Ulu","64.11.02","Long Hubung","64.11.02.2007","Tri Pariq Makmur"
"64","Kalimantan Timur","64.11","Kabupaten Mahakam Ulu","64.11.02","Long Hubung","64.11.02.2008","Wana Pariq"
"64","Kalimantan Timur","64.11","Kabupaten Mahakam Ulu","64.11.02","Long Hubung","64.11.02.2009","Datah Bilang Baru"
"64","Kalimantan Timur","64.11","Kabupaten Mahakam Ulu","64.11.02","Long Hubung","64.11.02.2010","Sirau"
"64","Kalimantan Timur","64.11","Kabupaten Mahakam Ulu","64.11.02","Long Hubung","64.11.02.2011","Long Hubung Ulu"
"64","Kalimantan Timur","64.11","Kabupaten Mahakam Ulu","64.11.03","Laham","64.11.03.2001","Laham"
"64","Kalimantan Timur","64.11","Kabupaten Mahakam Ulu","64.11.03","Laham","64.11.03.2002","Long Gelawang"
"64","Kalimantan Timur","64.11","Kabupaten Mahakam Ulu","64.11.03","Laham","64.11.03.2003","Muara Ratah"
"64","Kalimantan Timur","64.11","Kabupaten Mahakam Ulu","64.11.03","Laham","64.11.03.2004","Danum Paroy"
"64","Kalimantan Timur","64.11","Kabupaten Mahakam Ulu","64.11.03","Laham","64.11.03.2005","Nyaribungan"
"64","Kalimantan Timur","64.11","Kabupaten Mahakam Ulu","64.11.04","Long Apari","64.11.04.2001","Long Penaneh I"
"64","Kalimantan Timur","64.11","Kabupaten Mahakam Ulu","64.11.04","Long Apari","64.11.04.2002","Long Kerioq"
"64","Kalimantan Timur","64.11","Kabupaten Mahakam Ulu","64.11.04","Long Apari","64.11.04.2003","Long Penaneh II"
"64","Kalimantan Timur","64.11","Kabupaten Mahakam Ulu","64.11.04","Long Apari","64.11.04.2004","Tiong Ohang"
"64","Kalimantan Timur","64.11","Kabupaten Mahakam Ulu","64.11.04","Long Apari","64.11.04.2005","Long Penaneh III"
"64","Kalimantan Timur","64.11","Kabupaten Mahakam Ulu","64.11.04","Long Apari","64.11.04.2006","Tiong Bu'u"
"64","Kalimantan Timur","64.11","Kabupaten Mahakam Ulu","64.11.04","Long Apari","64.11.04.2007","Naha Buan"
"64","Kalimantan Timur","64.11","Kabupaten Mahakam Ulu","64.11.04","Long Apari","64.11.04.2008","Naha Tifab"
"64","Kalimantan Timur","64.11","Kabupaten Mahakam Ulu","64.11.04","Long Apari","64.11.04.2009","Naha Silat"
"64","Kalimantan Timur","64.11","Kabupaten Mahakam Ulu","64.11.04","Long Apari","64.11.04.2010","Long Apari"
"64","Kalimantan Timur","64.11","Kabupaten Mahakam Ulu","64.11.05","Long Pahangai","64.11.05.2001","Delang Kerohong"
"64","Kalimantan Timur","64.11","Kabupaten Mahakam Ulu","64.11.05","Long Pahangai","64.11.05.2002","Long Pakaq"
"64","Kalimantan Timur","64.11","Kabupaten Mahakam Ulu","64.11.05","Long Pahangai","64.11.05.2003","Long Lunuk"
"64","Kalimantan Timur","64.11","Kabupaten Mahakam Ulu","64.11.05","Long Pahangai","64.11.05.2004","Long Isun"
"64","Kalimantan Timur","64.11","Kabupaten Mahakam Ulu","64.11.05","Long Pahangai","64.11.05.2005","Naha Aru"
"64","Kalimantan Timur","64.11","Kabupaten Mahakam Ulu","64.11.05","Long Pahangai","64.11.05.2006","Datah Naha"
"64","Kalimantan Timur","64.11","Kabupaten Mahakam Ulu","64.11.05","Long Pahangai","64.11.05.2007","Lirung Ubing"
"64","Kalimantan Timur","64.11","Kabupaten Mahakam Ulu","64.11.05","Long Pahangai","64.11.05.2008","Long Pahangai I"
"64","Kalimantan Timur","64.11","Kabupaten Mahakam Ulu","64.11.05","Long Pahangai","64.11.05.2009","Long Pahangai II"
"64","Kalimantan Timur","64.11","Kabupaten Mahakam Ulu","64.11.05","Long Pahangai","64.11.05.2010","Long Tuyoq"
"64","Kalimantan Timur","64.11","Kabupaten Mahakam Ulu","64.11.05","Long Pahangai","64.11.05.2011","Liu Mulang"
"64","Kalimantan Timur","64.11","Kabupaten Mahakam Ulu","64.11.05","Long Pahangai","64.11.05.2012","Long Pakaq Baru"
"64","Kalimantan Timur","64.11","Kabupaten Mahakam Ulu","64.11.05","Long Pahangai","64.11.05.2013","Long Lunuk Baru"
"64","Kalimantan Timur","64.71","Kota Balikpapan","64.71.01","Balikpapan Timur","64.71.01.1001","Manggar"
"64","Kalimantan Timur","64.71","Kota Balikpapan","64.71.01","Balikpapan Timur","64.71.01.1002","Lamaru"
"64","Kalimantan Timur","64.71","Kota Balikpapan","64.71.01","Balikpapan Timur","64.71.01.1003","Teritip"
"64","Kalimantan Timur","64.71","Kota Balikpapan","64.71.01","Balikpapan Timur","64.71.01.1004","Manggar Baru"
"64","Kalimantan Timur","64.71","Kota Balikpapan","64.71.02","Balikpapan Barat","64.71.02.1001","Baru Ilir"
"64","Kalimantan Timur","64.71","Kota Balikpapan","64.71.02","Balikpapan Barat","64.71.02.1002","Baru Tengah"
"64","Kalimantan Timur","64.71","Kota Balikpapan","64.71.02","Balikpapan Barat","64.71.02.1003","Baru Ulu"
"64","Kalimantan Timur","64.71","Kota Balikpapan","64.71.02","Balikpapan Barat","64.71.02.1004","Kariangau"
"64","Kalimantan Timur","64.71","Kota Balikpapan","64.71.02","Balikpapan Barat","64.71.02.1005","Margo Mulyo"
"64","Kalimantan Timur","64.71","Kota Balikpapan","64.71.02","Balikpapan Barat","64.71.02.1006","Marga Sari"
"64","Kalimantan Timur","64.71","Kota Balikpapan","64.71.03","Balikpapan Utara","64.71.03.1001","Batu Ampar"
"64","Kalimantan Timur","64.71","Kota Balikpapan","64.71.03","Balikpapan Utara","64.71.03.1002","Gunung Samarinda"
"64","Kalimantan Timur","64.71","Kota Balikpapan","64.71.03","Balikpapan Utara","64.71.03.1003","Karang Joang"
"64","Kalimantan Timur","64.71","Kota Balikpapan","64.71.03","Balikpapan Utara","64.71.03.1004","Muara Rapak"
"64","Kalimantan Timur","64.71","Kota Balikpapan","64.71.03","Balikpapan Utara","64.71.03.1005","Gunung Samarinda Baru"
"64","Kalimantan Timur","64.71","Kota Balikpapan","64.71.03","Balikpapan Utara","64.71.03.1006","Graha Indah"
"64","Kalimantan Timur","64.71","Kota Balikpapan","64.71.04","Balikpapan Tengah","64.71.04.1001","Gunung Sari Ulu"
"64","Kalimantan Timur","64.71","Kota Balikpapan","64.71.04","Balikpapan Tengah","64.71.04.1002","Gunung Sari Ilir"
"64","Kalimantan Timur","64.71","Kota Balikpapan","64.71.04","Balikpapan Tengah","64.71.04.1003","Karang Rejo"
"64","Kalimantan Timur","64.71","Kota Balikpapan","64.71.04","Balikpapan Tengah","64.71.04.1004","Karang Jati"
"64","Kalimantan Timur","64.71","Kota Balikpapan","64.71.04","Balikpapan Tengah","64.71.04.1005","Mekar Sari"
"64","Kalimantan Timur","64.71","Kota Balikpapan","64.71.04","Balikpapan Tengah","64.71.04.1006","Sumber Rejo"
"64","Kalimantan Timur","64.71","Kota Balikpapan","64.71.05","Balikpapan Selatan","64.71.05.1002","Sepinggan"
"64","Kalimantan Timur","64.71","Kota Balikpapan","64.71.05","Balikpapan Selatan","64.71.05.1006","Gunung Bahagia"
"64","Kalimantan Timur","64.71","Kota Balikpapan","64.71.05","Balikpapan Selatan","64.71.05.1008","Sepinggan Baru"
"64","Kalimantan Timur","64.71","Kota Balikpapan","64.71.05","Balikpapan Selatan","64.71.05.1009","Sepinggan Raya"
"64","Kalimantan Timur","64.71","Kota Balikpapan","64.71.05","Balikpapan Selatan","64.71.05.1010","Sungainangka"
"64","Kalimantan Timur","64.71","Kota Balikpapan","64.71.05","Balikpapan Selatan","64.71.05.1011","Damai Baru"
"64","Kalimantan Timur","64.71","Kota Balikpapan","64.71.05","Balikpapan Selatan","64.71.05.1012","Damai Bahagia"
"64","Kalimantan Timur","64.71","Kota Balikpapan","64.71.06","Balikpapan Kota","64.71.06.1001","Prapatan"
"64","Kalimantan Timur","64.71","Kota Balikpapan","64.71.06","Balikpapan Kota","64.71.06.1002","Telaga Sari"
"64","Kalimantan Timur","64.71","Kota Balikpapan","64.71.06","Balikpapan Kota","64.71.06.1003","Klandasan Ulu"
"64","Kalimantan Timur","64.71","Kota Balikpapan","64.71.06","Balikpapan Kota","64.71.06.1004","Klandasan Ilir"
"64","Kalimantan Timur","64.71","Kota Balikpapan","64.71.06","Balikpapan Kota","64.71.06.1005","Damai"
"64","Kalimantan Timur","64.72","Kota Samarinda","64.72.01","Palaran","64.72.01.1001","Rawa Makmur"
"64","Kalimantan Timur","64.72","Kota Samarinda","64.72.01","Palaran","64.72.01.1002","Handil Bakti"
"64","Kalimantan Timur","64.72","Kota Samarinda","64.72.01","Palaran","64.72.01.1003","Bukuan"
"64","Kalimantan Timur","64.72","Kota Samarinda","64.72.01","Palaran","64.72.01.1004","Simpang Pasir"
"64","Kalimantan Timur","64.72","Kota Samarinda","64.72.01","Palaran","64.72.01.1005","Bantuas"
"64","Kalimantan Timur","64.72","Kota Samarinda","64.72.02","Samarinda Seberang","64.72.02.1001","Sungai Keledang"
"64","Kalimantan Timur","64.72","Kota Samarinda","64.72.02","Samarinda Seberang","64.72.02.1002","Baqa"
"64","Kalimantan Timur","64.72","Kota Samarinda","64.72.02","Samarinda Seberang","64.72.02.1003","Mesjid"
"64","Kalimantan Timur","64.72","Kota Samarinda","64.72.02","Samarinda Seberang","64.72.02.1009","Mangkupalas"
"64","Kalimantan Timur","64.72","Kota Samarinda","64.72.02","Samarinda Seberang","64.72.02.1010","Tenun Samarinda"
"64","Kalimantan Timur","64.72","Kota Samarinda","64.72.02","Samarinda Seberang","64.72.02.1011","Gunung Panjang"
"64","Kalimantan Timur","64.72","Kota Samarinda","64.72.03","Samarinda Ulu","64.72.03.1001","Teluk Lerong Ilir"
"64","Kalimantan Timur","64.72","Kota Samarinda","64.72.03","Samarinda Ulu","64.72.03.1002","Jawa"
"64","Kalimantan Timur","64.72","Kota Samarinda","64.72.03","Samarinda Ulu","64.72.03.1004","Air Putih"
"64","Kalimantan Timur","64.72","Kota Samarinda","64.72.03","Samarinda Ulu","64.72.03.1005","Sidodadi"
"64","Kalimantan Timur","64.72","Kota Samarinda","64.72.03","Samarinda Ulu","64.72.03.1006","Air Hitam"
"64","Kalimantan Timur","64.72","Kota Samarinda","64.72.03","Samarinda Ulu","64.72.03.1007","Dadi Mulya"
"64","Kalimantan Timur","64.72","Kota Samarinda","64.72.03","Samarinda Ulu","64.72.03.1008","Gunung Kelua"
"64","Kalimantan Timur","64.72","Kota Samarinda","64.72.03","Samarinda Ulu","64.72.03.1009","Bukit Pinang"
"64","Kalimantan Timur","64.72","Kota Samarinda","64.72.04","Samarinda Ilir","64.72.04.1001","Selili"
"64","Kalimantan Timur","64.72","Kota Samarinda","64.72.04","Samarinda Ilir","64.72.04.1002","Sungai Dama"
"64","Kalimantan Timur","64.72","Kota Samarinda","64.72.04","Samarinda Ilir","64.72.04.1003","Sidomulyo"
"64","Kalimantan Timur","64.72","Kota Samarinda","64.72.04","Samarinda Ilir","64.72.04.1013","Sidodamai"
"64","Kalimantan Timur","64.72","Kota Samarinda","64.72.04","Samarinda Ilir","64.72.04.1014","Pelita"
"64","Kalimantan Timur","64.72","Kota Samarinda","64.72.05","Samarinda Utara","64.72.05.1002","Sempaja Selatan"
"64","Kalimantan Timur","64.72","Kota Samarinda","64.72.05","Samarinda Utara","64.72.05.1003","Lempake"
"64","Kalimantan Timur","64.72","Kota Samarinda","64.72.05","Samarinda Utara","64.72.05.1004","Sungai Siring Pelita"
"64","Kalimantan Timur","64.72","Kota Samarinda","64.72.05","Samarinda Utara","64.72.05.1010","Sempaja Utara"
"64","Kalimantan Timur","64.72","Kota Samarinda","64.72.05","Samarinda Utara","64.72.05.1011","Tanah Merah"
"64","Kalimantan Timur","64.72","Kota Samarinda","64.72.05","Samarinda Utara","64.72.05.1012","Sempaja Barat"
"64","Kalimantan Timur","64.72","Kota Samarinda","64.72.05","Samarinda Utara","64.72.05.1013","Sempaja Timur"
"64","Kalimantan Timur","64.72","Kota Samarinda","64.72.05","Samarinda Utara","64.72.05.1014","Budaya Pampang"
"64","Kalimantan Timur","64.72","Kota Samarinda","64.72.06","Sungai Kunjang","64.72.06.1001","Loa Bakung"
"64","Kalimantan Timur","64.72","Kota Samarinda","64.72.06","Sungai Kunjang","64.72.06.1002","Loa Buah"
"64","Kalimantan Timur","64.72","Kota Samarinda","64.72.06","Sungai Kunjang","64.72.06.1003","Karang Asam Ulu"
"64","Kalimantan Timur","64.72","Kota Samarinda","64.72.06","Sungai Kunjang","64.72.06.1004","Lok Bahu"
"64","Kalimantan Timur","64.72","Kota Samarinda","64.72.06","Sungai Kunjang","64.72.06.1005","Teluk Lerong Ulu"
"64","Kalimantan Timur","64.72","Kota Samarinda","64.72.06","Sungai Kunjang","64.72.06.1006","Karang Asam Ilir"
"64","Kalimantan Timur","64.72","Kota Samarinda","64.72.06","Sungai Kunjang","64.72.06.1007","Karang Anyar"
"64","Kalimantan Timur","64.72","Kota Samarinda","64.72.07","Sambutan","64.72.07.1001","Sungai Kapih"
"64","Kalimantan Timur","64.72","Kota Samarinda","64.72.07","Sambutan","64.72.07.1002","Sambutan"
"64","Kalimantan Timur","64.72","Kota Samarinda","64.72.07","Sambutan","64.72.07.1003","Makroman"
"64","Kalimantan Timur","64.72","Kota Samarinda","64.72.07","Sambutan","64.72.07.1004","Sindang Sari"
"64","Kalimantan Timur","64.72","Kota Samarinda","64.72.07","Sambutan","64.72.07.1005","Pulau Atas"
"64","Kalimantan Timur","64.72","Kota Samarinda","64.72.08","Sungai Pinang","64.72.08.1001","Temindung Permai"
"64","Kalimantan Timur","64.72","Kota Samarinda","64.72.08","Sungai Pinang","64.72.08.1002","Sungai Pinang Dalam"
"64","Kalimantan Timur","64.72","Kota Samarinda","64.72.08","Sungai Pinang","64.72.08.1003","Gunung Lingai"
"64","Kalimantan Timur","64.72","Kota Samarinda","64.72.08","Sungai Pinang","64.72.08.1004","Mugirejo"
"64","Kalimantan Timur","64.72","Kota Samarinda","64.72.08","Sungai Pinang","64.72.08.1005","Bandara"
"64","Kalimantan Timur","64.72","Kota Samarinda","64.72.09","Samarinda Kota","64.72.09.1001","Karang Mumus"
"64","Kalimantan Timur","64.72","Kota Samarinda","64.72.09","Samarinda Kota","64.72.09.1002","Pelabuhan"
"64","Kalimantan Timur","64.72","Kota Samarinda","64.72.09","Samarinda Kota","64.72.09.1003","Pasar Pagi"
"64","Kalimantan Timur","64.72","Kota Samarinda","64.72.09","Samarinda Kota","64.72.09.1004","Bugis"
"64","Kalimantan Timur","64.72","Kota Samarinda","64.72.09","Samarinda Kota","64.72.09.1005","Sungai Pinang Luar"
"64","Kalimantan Timur","64.72","Kota Samarinda","64.72.10","Loa Janan Ilir","64.72.10.1001","Simpang Tiga"
"64","Kalimantan Timur","64.72","Kota Samarinda","64.72.10","Loa Janan Ilir","64.72.10.1002","Tani Aman"
"64","Kalimantan Timur","64.72","Kota Samarinda","64.72.10","Loa Janan Ilir","64.72.10.1003","Sengkotek"
"64","Kalimantan Timur","64.72","Kota Samarinda","64.72.10","Loa Janan Ilir","64.72.10.1004","Harapan Baru"
"64","Kalimantan Timur","64.72","Kota Samarinda","64.72.10","Loa Janan Ilir","64.72.10.1005","Rapak Dalam"
"64","Kalimantan Timur","64.74","Kota Bontang","64.74.01","Bontang Utara","64.74.01.1001","Bontang Kuala"
"64","Kalimantan Timur","64.74","Kota Bontang","64.74.01","Bontang Utara","64.74.01.1002","Bontang Baru"
"64","Kalimantan Timur","64.74","Kota Bontang","64.74.01","Bontang Utara","64.74.01.1003","Lok Tuan"
"64","Kalimantan Timur","64.74","Kota Bontang","64.74.01","Bontang Utara","64.74.01.1004","Guntung"
"64","Kalimantan Timur","64.74","Kota Bontang","64.74.01","Bontang Utara","64.74.01.1005","Gunung Elai"
"64","Kalimantan Timur","64.74","Kota Bontang","64.74.01","Bontang Utara","64.74.01.1006","Api-api"
"64","Kalimantan Timur","64.74","Kota Bontang","64.74.02","Bontang Selatan","64.74.02.1001","Tanjung Laut"
"64","Kalimantan Timur","64.74","Kota Bontang","64.74.02","Bontang Selatan","64.74.02.1002","Berbas Tengah"
"64","Kalimantan Timur","64.74","Kota Bontang","64.74.02","Bontang Selatan","64.74.02.1003","Berbas Pantai"
"64","Kalimantan Timur","64.74","Kota Bontang","64.74.02","Bontang Selatan","64.74.02.1004","Satimpo"
"64","Kalimantan Timur","64.74","Kota Bontang","64.74.02","Bontang Selatan","64.74.02.1005","Bontang Lestari"
"64","Kalimantan Timur","64.74","Kota Bontang","64.74.02","Bontang Selatan","64.74.02.1006","Tanjung Laut Indah"
"64","Kalimantan Timur","64.74","Kota Bontang","64.74.03","Bontang Barat","64.74.03.1001","Belimbing"
"64","Kalimantan Timur","64.74","Kota Bontang","64.74.03","Bontang Barat","64.74.03.1002","Gunung Telihan"
"64","Kalimantan Timur","64.74","Kota Bontang","64.74.03","Bontang Barat","64.74.03.1003","Kanaan"
