province_code,province_name,regency_code,regency_name,district_code,district_name,village_code,village_name
"73","Sulawesi Selatan","73.01","Kabupaten Kepulauan Selayar","73.01.01","Benteng","73.01.01.1001","Benteng Utara"
"73","Sulawesi Selatan","73.01","Kabupaten Kepulauan Selayar","73.01.01","Benteng","73.01.01.1002","Benteng"
"73","Sulawesi Selatan","73.01","Kabupaten Kepulauan Selayar","73.01.01","Benteng","73.01.01.1003","Benteng Selatan"
"73","Sulawesi Selatan","73.01","Kabupaten Kepulauan Selayar","73.01.02","Bontoharu","73.01.02.1001","Putabangun"
"73","Sulawesi Selatan","73.01","Kabupaten Kepulauan Selayar","73.01.02","Bontoharu","73.01.02.1002","Bontobangun"
"73","Sulawesi Selatan","73.01","Kabupaten Kepulauan Selayar","73.01.02","Bontoharu","73.01.02.2003","Bontosunggu"
"73","Sulawesi Selatan","73.01","Kabupaten Kepulauan Selayar","73.01.02","Bontoharu","73.01.02.2004","Bontoborusu"
"73","Sulawesi Selatan","73.01","Kabupaten Kepulauan Selayar","73.01.02","Bontoharu","73.01.02.2005","Bontolebang"
"73","Sulawesi Selatan","73.01","Kabupaten Kepulauan Selayar","73.01.02","Bontoharu","73.01.02.2006","Bontotangnga"
"73","Sulawesi Selatan","73.01","Kabupaten Kepulauan Selayar","73.01.02","Bontoharu","73.01.02.2007","Kahu-Kahu"
"73","Sulawesi Selatan","73.01","Kabupaten Kepulauan Selayar","73.01.02","Bontoharu","73.01.02.2008","Kalepadang"
"73","Sulawesi Selatan","73.01","Kabupaten Kepulauan Selayar","73.01.03","Bontomatene","73.01.03.1001","Batangmata"
"73","Sulawesi Selatan","73.01","Kabupaten Kepulauan Selayar","73.01.03","Bontomatene","73.01.03.1002","Batangmata Sapo"
"73","Sulawesi Selatan","73.01","Kabupaten Kepulauan Selayar","73.01.03","Bontomatene","73.01.03.2003","Pamatata"
"73","Sulawesi Selatan","73.01","Kabupaten Kepulauan Selayar","73.01.03","Bontomatene","73.01.03.2004","Tanete"
"73","Sulawesi Selatan","73.01","Kabupaten Kepulauan Selayar","73.01.03","Bontomatene","73.01.03.2005","Bungaiya"
"73","Sulawesi Selatan","73.01","Kabupaten Kepulauan Selayar","73.01.03","Bontomatene","73.01.03.2006","Kayu Bauk"
"73","Sulawesi Selatan","73.01","Kabupaten Kepulauan Selayar","73.01.03","Bontomatene","73.01.03.2007","Barat Lambongan"
"73","Sulawesi Selatan","73.01","Kabupaten Kepulauan Selayar","73.01.03","Bontomatene","73.01.03.2008","Bontona Saluk"
"73","Sulawesi Selatan","73.01","Kabupaten Kepulauan Selayar","73.01.03","Bontomatene","73.01.03.2009","Onto"
"73","Sulawesi Selatan","73.01","Kabupaten Kepulauan Selayar","73.01.03","Bontomatene","73.01.03.2010","Maharayya"
"73","Sulawesi Selatan","73.01","Kabupaten Kepulauan Selayar","73.01.03","Bontomatene","73.01.03.2011","Menara Indah"
"73","Sulawesi Selatan","73.01","Kabupaten Kepulauan Selayar","73.01.03","Bontomatene","73.01.03.2015","Tamalanrea"
"73","Sulawesi Selatan","73.01","Kabupaten Kepulauan Selayar","73.01.04","Bontomanai","73.01.04.2001","Parak"
"73","Sulawesi Selatan","73.01","Kabupaten Kepulauan Selayar","73.01.04","Bontomanai","73.01.04.2002","Barugaiya"
"73","Sulawesi Selatan","73.01","Kabupaten Kepulauan Selayar","73.01.04","Bontomanai","73.01.04.2003","Jambuiya"
"73","Sulawesi Selatan","73.01","Kabupaten Kepulauan Selayar","73.01.04","Bontomanai","73.01.04.2004","Mare-Mare"
"73","Sulawesi Selatan","73.01","Kabupaten Kepulauan Selayar","73.01.04","Bontomanai","73.01.04.2005","Polebunging"
"73","Sulawesi Selatan","73.01","Kabupaten Kepulauan Selayar","73.01.04","Bontomanai","73.01.04.2006","Bonea Makmur"
"73","Sulawesi Selatan","73.01","Kabupaten Kepulauan Selayar","73.01.04","Bontomanai","73.01.04.2008","Bontomarannu"
"73","Sulawesi Selatan","73.01","Kabupaten Kepulauan Selayar","73.01.04","Bontomanai","73.01.04.2010","Bonea Timur"
"73","Sulawesi Selatan","73.01","Kabupaten Kepulauan Selayar","73.01.04","Bontomanai","73.01.04.2011","Bontokoraang"
"73","Sulawesi Selatan","73.01","Kabupaten Kepulauan Selayar","73.01.04","Bontomanai","73.01.04.2012","Kaburu"
"73","Sulawesi Selatan","73.01","Kabupaten Kepulauan Selayar","73.01.05","Bontosikuyu","73.01.05.2001","Harapan"
"73","Sulawesi Selatan","73.01","Kabupaten Kepulauan Selayar","73.01.05","Bontosikuyu","73.01.05.2002","Patikarya"
"73","Sulawesi Selatan","73.01","Kabupaten Kepulauan Selayar","73.01.05","Bontosikuyu","73.01.05.2003","Patilereng"
"73","Sulawesi Selatan","73.01","Kabupaten Kepulauan Selayar","73.01.05","Bontosikuyu","73.01.05.2004","Laiyolo Baru"
"73","Sulawesi Selatan","73.01","Kabupaten Kepulauan Selayar","73.01.05","Bontosikuyu","73.01.05.2005","Laiyolo"
"73","Sulawesi Selatan","73.01","Kabupaten Kepulauan Selayar","73.01.05","Bontosikuyu","73.01.05.2006","Lantibongan"
"73","Sulawesi Selatan","73.01","Kabupaten Kepulauan Selayar","73.01.05","Bontosikuyu","73.01.05.2007","Binanga Sombaiya"
"73","Sulawesi Selatan","73.01","Kabupaten Kepulauan Selayar","73.01.05","Bontosikuyu","73.01.05.2008","Lowa"
"73","Sulawesi Selatan","73.01","Kabupaten Kepulauan Selayar","73.01.05","Bontosikuyu","73.01.05.2009","Appatanah"
"73","Sulawesi Selatan","73.01","Kabupaten Kepulauan Selayar","73.01.05","Bontosikuyu","73.01.05.2010","Tambolongan"
"73","Sulawesi Selatan","73.01","Kabupaten Kepulauan Selayar","73.01.05","Bontosikuyu","73.01.05.2011","Polassi"
"73","Sulawesi Selatan","73.01","Kabupaten Kepulauan Selayar","73.01.05","Bontosikuyu","73.01.05.2012","Khusus Bahuluang"
"73","Sulawesi Selatan","73.01","Kabupaten Kepulauan Selayar","73.01.06","Pasimasunggu","73.01.06.2001","Kembang Ragi"
"73","Sulawesi Selatan","73.01","Kabupaten Kepulauan Selayar","73.01.06","Pasimasunggu","73.01.06.2003","Ma'minasa"
"73","Sulawesi Selatan","73.01","Kabupaten Kepulauan Selayar","73.01.06","Pasimasunggu","73.01.06.2005","Tanamalala"
"73","Sulawesi Selatan","73.01","Kabupaten Kepulauan Selayar","73.01.06","Pasimasunggu","73.01.06.2006","Labuang Pamajang"
"73","Sulawesi Selatan","73.01","Kabupaten Kepulauan Selayar","73.01.06","Pasimasunggu","73.01.06.2007","Massungke"
"73","Sulawesi Selatan","73.01","Kabupaten Kepulauan Selayar","73.01.06","Pasimasunggu","73.01.06.2009","Bontosaile"
"73","Sulawesi Selatan","73.01","Kabupaten Kepulauan Selayar","73.01.06","Pasimasunggu","73.01.06.2011","Teluk Kampe"
"73","Sulawesi Selatan","73.01","Kabupaten Kepulauan Selayar","73.01.07","Pasimarannu","73.01.07.2001","Bonerate"
"73","Sulawesi Selatan","73.01","Kabupaten Kepulauan Selayar","73.01.07","Pasimarannu","73.01.07.2002","Majapahit"
"73","Sulawesi Selatan","73.01","Kabupaten Kepulauan Selayar","73.01.07","Pasimarannu","73.01.07.2003","Batu Bingkung"
"73","Sulawesi Selatan","73.01","Kabupaten Kepulauan Selayar","73.01.07","Pasimarannu","73.01.07.2004","Bonea"
"73","Sulawesi Selatan","73.01","Kabupaten Kepulauan Selayar","73.01.07","Pasimarannu","73.01.07.2005","Lambego"
"73","Sulawesi Selatan","73.01","Kabupaten Kepulauan Selayar","73.01.07","Pasimarannu","73.01.07.2006","Komba-Komba"
"73","Sulawesi Selatan","73.01","Kabupaten Kepulauan Selayar","73.01.07","Pasimarannu","73.01.07.2007","Sambali"
"73","Sulawesi Selatan","73.01","Kabupaten Kepulauan Selayar","73.01.07","Pasimarannu","73.01.07.2008","Lamantu"
"73","Sulawesi Selatan","73.01","Kabupaten Kepulauan Selayar","73.01.08","Taka Bonerate","73.01.08.2001","Kayuadi"
"73","Sulawesi Selatan","73.01","Kabupaten Kepulauan Selayar","73.01.08","Taka Bonerate","73.01.08.2002","Batang"
"73","Sulawesi Selatan","73.01","Kabupaten Kepulauan Selayar","73.01.08","Taka Bonerate","73.01.08.2003","Nyiur Indah"
"73","Sulawesi Selatan","73.01","Kabupaten Kepulauan Selayar","73.01.08","Taka Bonerate","73.01.08.2004","Tambuna"
"73","Sulawesi Selatan","73.01","Kabupaten Kepulauan Selayar","73.01.08","Taka Bonerate","73.01.08.2005","Jinato"
"73","Sulawesi Selatan","73.01","Kabupaten Kepulauan Selayar","73.01.08","Taka Bonerate","73.01.08.2006","Rajuni"
"73","Sulawesi Selatan","73.01","Kabupaten Kepulauan Selayar","73.01.08","Taka Bonerate","73.01.08.2007","Latondu"
"73","Sulawesi Selatan","73.01","Kabupaten Kepulauan Selayar","73.01.08","Taka Bonerate","73.01.08.2008","Tarupa"
"73","Sulawesi Selatan","73.01","Kabupaten Kepulauan Selayar","73.01.08","Taka Bonerate","73.01.08.2009","Khusus Pasitallu"
"73","Sulawesi Selatan","73.01","Kabupaten Kepulauan Selayar","73.01.09","Pasilambena","73.01.09.2001","Kalaotoa"
"73","Sulawesi Selatan","73.01","Kabupaten Kepulauan Selayar","73.01.09","Pasilambena","73.01.09.2002","Garaupa"
"73","Sulawesi Selatan","73.01","Kabupaten Kepulauan Selayar","73.01.09","Pasilambena","73.01.09.2003","Lembang Matene"
"73","Sulawesi Selatan","73.01","Kabupaten Kepulauan Selayar","73.01.09","Pasilambena","73.01.09.2004","Pulo Madu"
"73","Sulawesi Selatan","73.01","Kabupaten Kepulauan Selayar","73.01.09","Pasilambena","73.01.09.2005","Karumpa"
"73","Sulawesi Selatan","73.01","Kabupaten Kepulauan Selayar","73.01.09","Pasilambena","73.01.09.2006","Garaupa Raya"
"73","Sulawesi Selatan","73.01","Kabupaten Kepulauan Selayar","73.01.10","Pasimasunggu Timur","73.01.10.2001","Bontobulaeng"
"73","Sulawesi Selatan","73.01","Kabupaten Kepulauan Selayar","73.01.10","Pasimasunggu Timur","73.01.10.2002","Bontobaru"
"73","Sulawesi Selatan","73.01","Kabupaten Kepulauan Selayar","73.01.10","Pasimasunggu Timur","73.01.10.2003","Bontomalling"
"73","Sulawesi Selatan","73.01","Kabupaten Kepulauan Selayar","73.01.10","Pasimasunggu Timur","73.01.10.2004","Lembang Baji"
"73","Sulawesi Selatan","73.01","Kabupaten Kepulauan Selayar","73.01.10","Pasimasunggu Timur","73.01.10.2005","Bontojati"
"73","Sulawesi Selatan","73.01","Kabupaten Kepulauan Selayar","73.01.10","Pasimasunggu Timur","73.01.10.2006","Ujung"
"73","Sulawesi Selatan","73.01","Kabupaten Kepulauan Selayar","73.01.11","Buki","73.01.11.2001","Buki"
"73","Sulawesi Selatan","73.01","Kabupaten Kepulauan Selayar","73.01.11","Buki","73.01.11.2002","Lalang Bata"
"73","Sulawesi Selatan","73.01","Kabupaten Kepulauan Selayar","73.01.11","Buki","73.01.11.2003","Balang Butung"
"73","Sulawesi Selatan","73.01","Kabupaten Kepulauan Selayar","73.01.11","Buki","73.01.11.2004","Kohala"
"73","Sulawesi Selatan","73.01","Kabupaten Kepulauan Selayar","73.01.11","Buki","73.01.11.2005","Bontolempangan"
"73","Sulawesi Selatan","73.01","Kabupaten Kepulauan Selayar","73.01.11","Buki","73.01.11.2006","Mekar Indah"
"73","Sulawesi Selatan","73.01","Kabupaten Kepulauan Selayar","73.01.11","Buki","73.01.11.2007","Buki Timur"
"73","Sulawesi Selatan","73.02","Kabupaten Bulukumba","73.02.01","Gantarang","73.02.01.1001","Matekko"
"73","Sulawesi Selatan","73.02","Kabupaten Bulukumba","73.02.01","Gantarang","73.02.01.1002","Jalanjang"
"73","Sulawesi Selatan","73.02","Kabupaten Bulukumba","73.02.01","Gantarang","73.02.01.1003","Mario Rennu"
"73","Sulawesi Selatan","73.02","Kabupaten Bulukumba","73.02.01","Gantarang","73.02.01.2004","Bialo"
"73","Sulawesi Selatan","73.02","Kabupaten Bulukumba","73.02.01","Gantarang","73.02.01.2005","Bontomacinna"
"73","Sulawesi Selatan","73.02","Kabupaten Bulukumba","73.02.01","Gantarang","73.02.01.2006","Gattareng"
"73","Sulawesi Selatan","73.02","Kabupaten Bulukumba","73.02.01","Gantarang","73.02.01.2007","Dampang"
"73","Sulawesi Selatan","73.02","Kabupaten Bulukumba","73.02.01","Gantarang","73.02.01.2008","Bontosunggu"
"73","Sulawesi Selatan","73.02","Kabupaten Bulukumba","73.02.01","Gantarang","73.02.01.2009","Palambarae"
"73","Sulawesi Selatan","73.02","Kabupaten Bulukumba","73.02.01","Gantarang","73.02.01.2010","Bontonyeleng"
"73","Sulawesi Selatan","73.02","Kabupaten Bulukumba","73.02.01","Gantarang","73.02.01.2011","Benteng Malewang"
"73","Sulawesi Selatan","73.02","Kabupaten Bulukumba","73.02.01","Gantarang","73.02.01.2012","Padang"
"73","Sulawesi Selatan","73.02","Kabupaten Bulukumba","73.02.01","Gantarang","73.02.01.2013","Bontoraja"
"73","Sulawesi Selatan","73.02","Kabupaten Bulukumba","73.02.01","Gantarang","73.02.01.2014","Paenre Lompoe"
"73","Sulawesi Selatan","73.02","Kabupaten Bulukumba","73.02.01","Gantarang","73.02.01.2015","Benteng Gattareng"
"73","Sulawesi Selatan","73.02","Kabupaten Bulukumba","73.02.01","Gantarang","73.02.01.2016","Bukit Harapan"
"73","Sulawesi Selatan","73.02","Kabupaten Bulukumba","73.02.01","Gantarang","73.02.01.2017","Polewali"
"73","Sulawesi Selatan","73.02","Kabupaten Bulukumba","73.02.01","Gantarang","73.02.01.2018","Bontomasila"
"73","Sulawesi Selatan","73.02","Kabupaten Bulukumba","73.02.01","Gantarang","73.02.01.2019","Barombong"
"73","Sulawesi Selatan","73.02","Kabupaten Bulukumba","73.02.01","Gantarang","73.02.01.2020","Bukit Tinggi"
"73","Sulawesi Selatan","73.02","Kabupaten Bulukumba","73.02.01","Gantarang","73.02.01.2021","Taccorong"
"73","Sulawesi Selatan","73.02","Kabupaten Bulukumba","73.02.02","Ujung Bulu","73.02.02.1001","Tanah Kongkong"
"73","Sulawesi Selatan","73.02","Kabupaten Bulukumba","73.02.02","Ujung Bulu","73.02.02.1002","Bentengnge"
"73","Sulawesi Selatan","73.02","Kabupaten Bulukumba","73.02.02","Ujung Bulu","73.02.02.1003","Terang Terang"
"73","Sulawesi Selatan","73.02","Kabupaten Bulukumba","73.02.02","Ujung Bulu","73.02.02.1004","Kalumeme"
"73","Sulawesi Selatan","73.02","Kabupaten Bulukumba","73.02.02","Ujung Bulu","73.02.02.1005","Bintarore"
"73","Sulawesi Selatan","73.02","Kabupaten Bulukumba","73.02.02","Ujung Bulu","73.02.02.1006","Kasimpureng"
"73","Sulawesi Selatan","73.02","Kabupaten Bulukumba","73.02.02","Ujung Bulu","73.02.02.1007","Caile"
"73","Sulawesi Selatan","73.02","Kabupaten Bulukumba","73.02.02","Ujung Bulu","73.02.02.1008","Loka"
"73","Sulawesi Selatan","73.02","Kabupaten Bulukumba","73.02.02","Ujung Bulu","73.02.02.1009","Ela Ela"
"73","Sulawesi Selatan","73.02","Kabupaten Bulukumba","73.02.03","Bonto Bahari","73.02.03.1001","Tanahl Lemo"
"73","Sulawesi Selatan","73.02","Kabupaten Bulukumba","73.02.03","Bonto Bahari","73.02.03.1002","Sapo Lohe"
"73","Sulawesi Selatan","73.02","Kabupaten Bulukumba","73.02.03","Bonto Bahari","73.02.03.1003","Benjala"
"73","Sulawesi Selatan","73.02","Kabupaten Bulukumba","73.02.03","Bonto Bahari","73.02.03.1004","Tanah Beru"
"73","Sulawesi Selatan","73.02","Kabupaten Bulukumba","73.02.03","Bonto Bahari","73.02.03.2005","Bira"
"73","Sulawesi Selatan","73.02","Kabupaten Bulukumba","73.02.03","Bonto Bahari","73.02.03.2006","Ara"
"73","Sulawesi Selatan","73.02","Kabupaten Bulukumba","73.02.03","Bonto Bahari","73.02.03.2007","Darubiah"
"73","Sulawesi Selatan","73.02","Kabupaten Bulukumba","73.02.03","Bonto Bahari","73.02.03.2008","Lembanna"
"73","Sulawesi Selatan","73.02","Kabupaten Bulukumba","73.02.04","Bonto Tiro","73.02.04.1001","Eka Tiro"
"73","Sulawesi Selatan","73.02","Kabupaten Bulukumba","73.02.04","Bonto Tiro","73.02.04.2002","Dwitiro"
"73","Sulawesi Selatan","73.02","Kabupaten Bulukumba","73.02.04","Bonto Tiro","73.02.04.2003","Tritiro"
"73","Sulawesi Selatan","73.02","Kabupaten Bulukumba","73.02.04","Bonto Tiro","73.02.04.2004","Batang"
"73","Sulawesi Selatan","73.02","Kabupaten Bulukumba","73.02.04","Bonto Tiro","73.02.04.2005","Bontotangnga"
"73","Sulawesi Selatan","73.02","Kabupaten Bulukumba","73.02.04","Bonto Tiro","73.02.04.2006","Caramming"
"73","Sulawesi Selatan","73.02","Kabupaten Bulukumba","73.02.04","Bonto Tiro","73.02.04.2007","Tamalanrea"
"73","Sulawesi Selatan","73.02","Kabupaten Bulukumba","73.02.04","Bonto Tiro","73.02.04.2008","Bontobarua"
"73","Sulawesi Selatan","73.02","Kabupaten Bulukumba","73.02.04","Bonto Tiro","73.02.04.2009","Pakubalaho"
"73","Sulawesi Selatan","73.02","Kabupaten Bulukumba","73.02.04","Bonto Tiro","73.02.04.2010","Bontomarannu"
"73","Sulawesi Selatan","73.02","Kabupaten Bulukumba","73.02.04","Bonto Tiro","73.02.04.2011","Bontobulaeng"
"73","Sulawesi Selatan","73.02","Kabupaten Bulukumba","73.02.04","Bonto Tiro","73.02.04.2012","Buhung Bundang"
"73","Sulawesi Selatan","73.02","Kabupaten Bulukumba","73.02.04","Bonto Tiro","73.02.04.2013","Lamanda"
"73","Sulawesi Selatan","73.02","Kabupaten Bulukumba","73.02.05","Herlang","73.02.05.1001","Tanuntung"
"73","Sulawesi Selatan","73.02","Kabupaten Bulukumba","73.02.05","Herlang","73.02.05.1002","Bonto Kamase"
"73","Sulawesi Selatan","73.02","Kabupaten Bulukumba","73.02.05","Herlang","73.02.05.2003","Karassing"
"73","Sulawesi Selatan","73.02","Kabupaten Bulukumba","73.02.05","Herlang","73.02.05.2004","Singa"
"73","Sulawesi Selatan","73.02","Kabupaten Bulukumba","73.02.05","Herlang","73.02.05.2005","Gunturu"
"73","Sulawesi Selatan","73.02","Kabupaten Bulukumba","73.02.05","Herlang","73.02.05.2006","Borong"
"73","Sulawesi Selatan","73.02","Kabupaten Bulukumba","73.02.05","Herlang","73.02.05.2007","Tugondeng"
"73","Sulawesi Selatan","73.02","Kabupaten Bulukumba","73.02.05","Herlang","73.02.05.2008","Pataro"
"73","Sulawesi Selatan","73.02","Kabupaten Bulukumba","73.02.06","Kajang","73.02.06.1001","Tanah Jaya"
"73","Sulawesi Selatan","73.02","Kabupaten Bulukumba","73.02.06","Kajang","73.02.06.1002","Laikang"
"73","Sulawesi Selatan","73.02","Kabupaten Bulukumba","73.02.06","Kajang","73.02.06.2003","Tambangan"
"73","Sulawesi Selatan","73.02","Kabupaten Bulukumba","73.02.06","Kajang","73.02.06.2004","Lembanna"
"73","Sulawesi Selatan","73.02","Kabupaten Bulukumba","73.02.06","Kajang","73.02.06.2005","Possi Tanah"
"73","Sulawesi Selatan","73.02","Kabupaten Bulukumba","73.02.06","Kajang","73.02.06.2006","Tanah Towa"
"73","Sulawesi Selatan","73.02","Kabupaten Bulukumba","73.02.06","Kajang","73.02.06.2007","Bontobiraeng"
"73","Sulawesi Selatan","73.02","Kabupaten Bulukumba","73.02.06","Kajang","73.02.06.2008","Lembang"
"73","Sulawesi Selatan","73.02","Kabupaten Bulukumba","73.02.06","Kajang","73.02.06.2009","Batunilamung"
"73","Sulawesi Selatan","73.02","Kabupaten Bulukumba","73.02.06","Kajang","73.02.06.2010","Mattoanging"
"73","Sulawesi Selatan","73.02","Kabupaten Bulukumba","73.02.06","Kajang","73.02.06.2011","Malleleng"
"73","Sulawesi Selatan","73.02","Kabupaten Bulukumba","73.02.06","Kajang","73.02.06.2012","Bonto Baji"
"73","Sulawesi Selatan","73.02","Kabupaten Bulukumba","73.02.06","Kajang","73.02.06.2013","Bontorannu"
"73","Sulawesi Selatan","73.02","Kabupaten Bulukumba","73.02.06","Kajang","73.02.06.2014","Pattiroang"
"73","Sulawesi Selatan","73.02","Kabupaten Bulukumba","73.02.06","Kajang","73.02.06.2015","Sapanang"
"73","Sulawesi Selatan","73.02","Kabupaten Bulukumba","73.02.06","Kajang","73.02.06.2016","Sangkala"
"73","Sulawesi Selatan","73.02","Kabupaten Bulukumba","73.02.06","Kajang","73.02.06.2017","Lembang Lohe"
"73","Sulawesi Selatan","73.02","Kabupaten Bulukumba","73.02.06","Kajang","73.02.06.2018","Lolisang"
"73","Sulawesi Selatan","73.02","Kabupaten Bulukumba","73.02.06","Kajang","73.02.06.2019","Pantama"
"73","Sulawesi Selatan","73.02","Kabupaten Bulukumba","73.02.07","Bulukumpa","73.02.07.1001","Tanete"
"73","Sulawesi Selatan","73.02","Kabupaten Bulukumba","73.02.07","Bulukumpa","73.02.07.1002","Jawijawi"
"73","Sulawesi Selatan","73.02","Kabupaten Bulukumba","73.02.07","Bulukumpa","73.02.07.1003","Balla Saraja"
"73","Sulawesi Selatan","73.02","Kabupaten Bulukumba","73.02.07","Bulukumpa","73.02.07.2004","Bontobulaeng"
"73","Sulawesi Selatan","73.02","Kabupaten Bulukumba","73.02.07","Bulukumpa","73.02.07.2005","Bulo Bulo"
"73","Sulawesi Selatan","73.02","Kabupaten Bulukumba","73.02.07","Bulukumpa","73.02.07.2006","Bontominasa"
"73","Sulawesi Selatan","73.02","Kabupaten Bulukumba","73.02.07","Bulukumpa","73.02.07.2007","Balangtaroang"
"73","Sulawesi Selatan","73.02","Kabupaten Bulukumba","73.02.07","Bulukumpa","73.02.07.2008","Barugae"
"73","Sulawesi Selatan","73.02","Kabupaten Bulukumba","73.02.07","Bulukumpa","73.02.07.2009","Salassae"
"73","Sulawesi Selatan","73.02","Kabupaten Bulukumba","73.02.07","Bulukumpa","73.02.07.2010","Kambuno"
"73","Sulawesi Selatan","73.02","Kabupaten Bulukumba","73.02.07","Bulukumpa","73.02.07.2011","Jojjolo"
"73","Sulawesi Selatan","73.02","Kabupaten Bulukumba","73.02.07","Bulukumpa","73.02.07.2012","Sapobonto"
"73","Sulawesi Selatan","73.02","Kabupaten Bulukumba","73.02.07","Bulukumpa","73.02.07.2013","Tibona"
"73","Sulawesi Selatan","73.02","Kabupaten Bulukumba","73.02.07","Bulukumpa","73.02.07.2014","Balangpesoang"
"73","Sulawesi Selatan","73.02","Kabupaten Bulukumba","73.02.07","Bulukumpa","73.02.07.2015","Batulohe"
"73","Sulawesi Selatan","73.02","Kabupaten Bulukumba","73.02.07","Bulukumpa","73.02.07.2016","Bontomangiring"
"73","Sulawesi Selatan","73.02","Kabupaten Bulukumba","73.02.07","Bulukumpa","73.02.07.2017","Baruga Riattang"
"73","Sulawesi Selatan","73.02","Kabupaten Bulukumba","73.02.08","Kindang","73.02.08.1001","Borong Rappoa"
"73","Sulawesi Selatan","73.02","Kabupaten Bulukumba","73.02.08","Kindang","73.02.08.2002","Mattirowalie"
"73","Sulawesi Selatan","73.02","Kabupaten Bulukumba","73.02.08","Kindang","73.02.08.2003","Kindang"
"73","Sulawesi Selatan","73.02","Kabupaten Bulukumba","73.02.08","Kindang","73.02.08.2004","Arinhua"
"73","Sulawesi Selatan","73.02","Kabupaten Bulukumba","73.02.08","Kindang","73.02.08.2005","Tamaona"
"73","Sulawesi Selatan","73.02","Kabupaten Bulukumba","73.02.08","Kindang","73.02.08.2006","Benteng Palioi"
"73","Sulawesi Selatan","73.02","Kabupaten Bulukumba","73.02.08","Kindang","73.02.08.2007","Balibo"
"73","Sulawesi Selatan","73.02","Kabupaten Bulukumba","73.02.08","Kindang","73.02.08.2008","Garuntungan"
"73","Sulawesi Selatan","73.02","Kabupaten Bulukumba","73.02.08","Kindang","73.02.08.2009","Orogading"
"73","Sulawesi Selatan","73.02","Kabupaten Bulukumba","73.02.08","Kindang","73.02.08.2010","Sipaenre"
"73","Sulawesi Selatan","73.02","Kabupaten Bulukumba","73.02.08","Kindang","73.02.08.2011","Kahayya"
"73","Sulawesi Selatan","73.02","Kabupaten Bulukumba","73.02.08","Kindang","73.02.08.2012","Somba Palioli"
"73","Sulawesi Selatan","73.02","Kabupaten Bulukumba","73.02.08","Kindang","73.02.08.2013","Sopa"
"73","Sulawesi Selatan","73.02","Kabupaten Bulukumba","73.02.09","Ujungloe","73.02.09.1001","Dannuang"
"73","Sulawesi Selatan","73.02","Kabupaten Bulukumba","73.02.09","Ujungloe","73.02.09.2002","Garanta"
"73","Sulawesi Selatan","73.02","Kabupaten Bulukumba","73.02.09","Ujungloe","73.02.09.2003","Balleanging"
"73","Sulawesi Selatan","73.02","Kabupaten Bulukumba","73.02.09","Ujungloe","73.02.09.2004","Balong"
"73","Sulawesi Selatan","73.02","Kabupaten Bulukumba","73.02.09","Ujungloe","73.02.09.2005","Seppang"
"73","Sulawesi Selatan","73.02","Kabupaten Bulukumba","73.02.09","Ujungloe","73.02.09.2006","Manyampa"
"73","Sulawesi Selatan","73.02","Kabupaten Bulukumba","73.02.09","Ujungloe","73.02.09.2007","Tammatto"
"73","Sulawesi Selatan","73.02","Kabupaten Bulukumba","73.02.09","Ujungloe","73.02.09.2008","Padangloang"
"73","Sulawesi Selatan","73.02","Kabupaten Bulukumba","73.02.09","Ujungloe","73.02.09.2009","Manjalling"
"73","Sulawesi Selatan","73.02","Kabupaten Bulukumba","73.02.09","Ujungloe","73.02.09.2010","Lonrong"
"73","Sulawesi Selatan","73.02","Kabupaten Bulukumba","73.02.09","Ujungloe","73.02.09.2011","Salemba"
"73","Sulawesi Selatan","73.02","Kabupaten Bulukumba","73.02.09","Ujungloe","73.02.09.2012","Bijawang"
"73","Sulawesi Selatan","73.02","Kabupaten Bulukumba","73.02.09","Ujungloe","73.02.09.2013","Paccaramengang"
"73","Sulawesi Selatan","73.02","Kabupaten Bulukumba","73.02.10","Rilauale","73.02.10.1002","Palampang"
"73","Sulawesi Selatan","73.02","Kabupaten Bulukumba","73.02.10","Rilauale","73.02.10.2001","Bontomanai"
"73","Sulawesi Selatan","73.02","Kabupaten Bulukumba","73.02.10","Rilauale","73.02.10.2003","Bontobangun"
"73","Sulawesi Selatan","73.02","Kabupaten Bulukumba","73.02.10","Rilauale","73.02.10.2004","Karama"
"73","Sulawesi Selatan","73.02","Kabupaten Bulukumba","73.02.10","Rilauale","73.02.10.2005","Bontolohe"
"73","Sulawesi Selatan","73.02","Kabupaten Bulukumba","73.02.10","Rilauale","73.02.10.2006","Bajiminasa"
"73","Sulawesi Selatan","73.02","Kabupaten Bulukumba","73.02.10","Rilauale","73.02.10.2007","Bonto Matene"
"73","Sulawesi Selatan","73.02","Kabupaten Bulukumba","73.02.10","Rilauale","73.02.10.2008","Tanah Harapan"
"73","Sulawesi Selatan","73.02","Kabupaten Bulukumba","73.02.10","Rilauale","73.02.10.2009","Batukaropa"
"73","Sulawesi Selatan","73.02","Kabupaten Bulukumba","73.02.10","Rilauale","73.02.10.2010","Bontoharu"
"73","Sulawesi Selatan","73.02","Kabupaten Bulukumba","73.02.10","Rilauale","73.02.10.2011","Swatani"
"73","Sulawesi Selatan","73.02","Kabupaten Bulukumba","73.02.10","Rilauale","73.02.10.2012","Bulolohe"
"73","Sulawesi Selatan","73.02","Kabupaten Bulukumba","73.02.10","Rilauale","73.02.10.2013","Anrang"
"73","Sulawesi Selatan","73.02","Kabupaten Bulukumba","73.02.10","Rilauale","73.02.10.2014","Pangalloang"
"73","Sulawesi Selatan","73.02","Kabupaten Bulukumba","73.02.10","Rilauale","73.02.10.2015","Topanda"
"73","Sulawesi Selatan","73.03","Kabupaten Bantaeng","73.03.01","Bissappu","73.03.01.1001","Bonto Manai"
"73","Sulawesi Selatan","73.03","Kabupaten Bantaeng","73.03.01","Bissappu","73.03.01.1002","Bonto Lebang"
"73","Sulawesi Selatan","73.03","Kabupaten Bantaeng","73.03.01","Bissappu","73.03.01.1003","Bonto Sunggu"
"73","Sulawesi Selatan","73.03","Kabupaten Bantaeng","73.03.01","Bissappu","73.03.01.1004","Bonto Atu"
"73","Sulawesi Selatan","73.03","Kabupaten Bantaeng","73.03.01","Bissappu","73.03.01.1005","Bonto Rita"
"73","Sulawesi Selatan","73.03","Kabupaten Bantaeng","73.03.01","Bissappu","73.03.01.1006","Bonto Langkasa"
"73","Sulawesi Selatan","73.03","Kabupaten Bantaeng","73.03.01","Bissappu","73.03.01.1007","Bonto Jaya"
"73","Sulawesi Selatan","73.03","Kabupaten Bantaeng","73.03.01","Bissappu","73.03.01.2008","Bonto Jai"
"73","Sulawesi Selatan","73.03","Kabupaten Bantaeng","73.03.01","Bissappu","73.03.01.2009","Bonto Cinde"
"73","Sulawesi Selatan","73.03","Kabupaten Bantaeng","73.03.01","Bissappu","73.03.01.2010","Bonto Loe"
"73","Sulawesi Selatan","73.03","Kabupaten Bantaeng","73.03.01","Bissappu","73.03.01.2012","Bonto Salluang"
"73","Sulawesi Selatan","73.03","Kabupaten Bantaeng","73.03.02","Bantaeng","73.03.02.1001","Tappanjeng"
"73","Sulawesi Selatan","73.03","Kabupaten Bantaeng","73.03.02","Bantaeng","73.03.02.1002","Pallantikang"
"73","Sulawesi Selatan","73.03","Kabupaten Bantaeng","73.03.02","Bantaeng","73.03.02.1003","Letta"
"73","Sulawesi Selatan","73.03","Kabupaten Bantaeng","73.03.02","Bantaeng","73.03.02.1004","Mallilingi"
"73","Sulawesi Selatan","73.03","Kabupaten Bantaeng","73.03.02","Bantaeng","73.03.02.1005","Lembang"
"73","Sulawesi Selatan","73.03","Kabupaten Bantaeng","73.03.02","Bantaeng","73.03.02.1006","Lamalaka"
"73","Sulawesi Selatan","73.03","Kabupaten Bantaeng","73.03.02","Bantaeng","73.03.02.1007","Karatuang"
"73","Sulawesi Selatan","73.03","Kabupaten Bantaeng","73.03.02","Bantaeng","73.03.02.1008","Onto"
"73","Sulawesi Selatan","73.03","Kabupaten Bantaeng","73.03.02","Bantaeng","73.03.02.2009","Kayu Loe"
"73","Sulawesi Selatan","73.03","Kabupaten Bantaeng","73.03.03","Eremerasa","73.03.03.2001","Ulu Galung"
"73","Sulawesi Selatan","73.03","Kabupaten Bantaeng","73.03.03","Eremerasa","73.03.03.2002","Lonrong"
"73","Sulawesi Selatan","73.03","Kabupaten Bantaeng","73.03.03","Eremerasa","73.03.03.2003","Barua"
"73","Sulawesi Selatan","73.03","Kabupaten Bantaeng","73.03.03","Eremerasa","73.03.03.2004","Kampala"
"73","Sulawesi Selatan","73.03","Kabupaten Bantaeng","73.03.03","Eremerasa","73.03.03.2005","Pa'bentengan"
"73","Sulawesi Selatan","73.03","Kabupaten Bantaeng","73.03.03","Eremerasa","73.03.03.2006","Mappilawing"
"73","Sulawesi Selatan","73.03","Kabupaten Bantaeng","73.03.03","Eremerasa","73.03.03.2007","Pa'bumbungang"
"73","Sulawesi Selatan","73.03","Kabupaten Bantaeng","73.03.03","Eremerasa","73.03.03.2008","Mamampang"
"73","Sulawesi Selatan","73.03","Kabupaten Bantaeng","73.03.03","Eremerasa","73.03.03.2009","Parang Loe"
"73","Sulawesi Selatan","73.03","Kabupaten Bantaeng","73.03.04","Tompo Bulu","73.03.04.1001","Lembang Gantarang Keke"
"73","Sulawesi Selatan","73.03","Kabupaten Bantaeng","73.03.04","Tompo Bulu","73.03.04.1003","Banyorang"
"73","Sulawesi Selatan","73.03","Kabupaten Bantaeng","73.03.04","Tompo Bulu","73.03.04.1004","Campaga"
"73","Sulawesi Selatan","73.03","Kabupaten Bantaeng","73.03.04","Tompo Bulu","73.03.04.1005","Eren Ereng"
"73","Sulawesi Selatan","73.03","Kabupaten Bantaeng","73.03.04","Tompo Bulu","73.03.04.2006","Labbo"
"73","Sulawesi Selatan","73.03","Kabupaten Bantaeng","73.03.04","Tompo Bulu","73.03.04.2007","Pattaneteang"
"73","Sulawesi Selatan","73.03","Kabupaten Bantaeng","73.03.04","Tompo Bulu","73.03.04.2008","Pattallassang"
"73","Sulawesi Selatan","73.03","Kabupaten Bantaeng","73.03.04","Tompo Bulu","73.03.04.2009","Bonto-bontoa"
"73","Sulawesi Selatan","73.03","Kabupaten Bantaeng","73.03.04","Tompo Bulu","73.03.04.2010","Bonto Tappalang"
"73","Sulawesi Selatan","73.03","Kabupaten Bantaeng","73.03.04","Tompo Bulu","73.03.04.2011","Balumbung"
"73","Sulawesi Selatan","73.03","Kabupaten Bantaeng","73.03.05","Pajukukang","73.03.05.2002","Biangkeke"
"73","Sulawesi Selatan","73.03","Kabupaten Bantaeng","73.03.05","Pajukukang","73.03.05.2003","Pa'jukukang"
"73","Sulawesi Selatan","73.03","Kabupaten Bantaeng","73.03.05","Pajukukang","73.03.05.2004","Biangloe"
"73","Sulawesi Selatan","73.03","Kabupaten Bantaeng","73.03.05","Pajukukang","73.03.05.2005","Borong Loe"
"73","Sulawesi Selatan","73.03","Kabupaten Bantaeng","73.03.05","Pajukukang","73.03.05.2006","Baruga"
"73","Sulawesi Selatan","73.03","Kabupaten Bantaeng","73.03.05","Pajukukang","73.03.05.2010","Nipa-nipa"
"73","Sulawesi Selatan","73.03","Kabupaten Bantaeng","73.03.05","Pajukukang","73.03.05.2012","Papan Loe"
"73","Sulawesi Selatan","73.03","Kabupaten Bantaeng","73.03.05","Pajukukang","73.03.05.2013","Rappoa"
"73","Sulawesi Selatan","73.03","Kabupaten Bantaeng","73.03.05","Pajukukang","73.03.05.2014","Lumpangan"
"73","Sulawesi Selatan","73.03","Kabupaten Bantaeng","73.03.05","Pajukukang","73.03.05.2015","Batu Karaeng"
"73","Sulawesi Selatan","73.03","Kabupaten Bantaeng","73.03.06","Uluere","73.03.06.2001","Bonto Marannu"
"73","Sulawesi Selatan","73.03","Kabupaten Bantaeng","73.03.06","Uluere","73.03.06.2002","Bonto Tangnga"
"73","Sulawesi Selatan","73.03","Kabupaten Bantaeng","73.03.06","Uluere","73.03.06.2006","Bonto Tallasa"
"73","Sulawesi Selatan","73.03","Kabupaten Bantaeng","73.03.06","Uluere","73.03.06.2007","Bonto Rannu"
"73","Sulawesi Selatan","73.03","Kabupaten Bantaeng","73.03.06","Uluere","73.03.06.2010","Bonto Daeng"
"73","Sulawesi Selatan","73.03","Kabupaten Bantaeng","73.03.06","Uluere","73.03.06.2011","Bonto Lojong"
"73","Sulawesi Selatan","73.03","Kabupaten Bantaeng","73.03.07","Gantarang Keke","73.03.07.1001","Gantarang Keke"
"73","Sulawesi Selatan","73.03","Kabupaten Bantaeng","73.03.07","Gantarang Keke","73.03.07.1002","Tanah Loe"
"73","Sulawesi Selatan","73.03","Kabupaten Bantaeng","73.03.07","Gantarang Keke","73.03.07.2003","Layoa"
"73","Sulawesi Selatan","73.03","Kabupaten Bantaeng","73.03.07","Gantarang Keke","73.03.07.2004","Bajiminasa"
"73","Sulawesi Selatan","73.03","Kabupaten Bantaeng","73.03.07","Gantarang Keke","73.03.07.2005","Tombolo"
"73","Sulawesi Selatan","73.03","Kabupaten Bantaeng","73.03.07","Gantarang Keke","73.03.07.2006","Kaloling"
"73","Sulawesi Selatan","73.03","Kabupaten Bantaeng","73.03.08","Sinoa","73.03.08.2001","Bonto Tiro"
"73","Sulawesi Selatan","73.03","Kabupaten Bantaeng","73.03.08","Sinoa","73.03.08.2002","Bonto Karaeng"
"73","Sulawesi Selatan","73.03","Kabupaten Bantaeng","73.03.08","Sinoa","73.03.08.2003","Bonto Maccini"
"73","Sulawesi Selatan","73.03","Kabupaten Bantaeng","73.03.08","Sinoa","73.03.08.2004","Bonto Mate'ne"
"73","Sulawesi Selatan","73.03","Kabupaten Bantaeng","73.03.08","Sinoa","73.03.08.2005","Bonto Majannang"
"73","Sulawesi Selatan","73.03","Kabupaten Bantaeng","73.03.08","Sinoa","73.03.08.2006","Bonto Bulaeng"
"73","Sulawesi Selatan","73.04","Kabupaten Jeneponto","73.04.01","Bangkala","73.04.01.1001","Benteng"
"73","Sulawesi Selatan","73.04","Kabupaten Jeneponto","73.04.01","Bangkala","73.04.01.1002","Pallengu"
"73","Sulawesi Selatan","73.04","Kabupaten Jeneponto","73.04.01","Bangkala","73.04.01.1003","Pantai Bahari"
"73","Sulawesi Selatan","73.04","Kabupaten Jeneponto","73.04.01","Bangkala","73.04.01.1004","Bontorannu"
"73","Sulawesi Selatan","73.04","Kabupaten Jeneponto","73.04.01","Bangkala","73.04.01.2005","Pallantikang"
"73","Sulawesi Selatan","73.04","Kabupaten Jeneponto","73.04.01","Bangkala","73.04.01.2006","Kalimporo"
"73","Sulawesi Selatan","73.04","Kabupaten Jeneponto","73.04.01","Bangkala","73.04.01.2007","Punagaya"
"73","Sulawesi Selatan","73.04","Kabupaten Jeneponto","73.04.01","Bangkala","73.04.01.2008","Mallasoro"
"73","Sulawesi Selatan","73.04","Kabupaten Jeneponto","73.04.01","Bangkala","73.04.01.2009","Kapita"
"73","Sulawesi Selatan","73.04","Kabupaten Jeneponto","73.04.01","Bangkala","73.04.01.2010","Marayoka"
"73","Sulawesi Selatan","73.04","Kabupaten Jeneponto","73.04.01","Bangkala","73.04.01.2011","Jenetallasa"
"73","Sulawesi Selatan","73.04","Kabupaten Jeneponto","73.04.01","Bangkala","73.04.01.2012","Tombo Tombolo"
"73","Sulawesi Selatan","73.04","Kabupaten Jeneponto","73.04.01","Bangkala","73.04.01.2013","Gunung Silanu"
"73","Sulawesi Selatan","73.04","Kabupaten Jeneponto","73.04.01","Bangkala","73.04.01.2014","Bontomanai"
"73","Sulawesi Selatan","73.04","Kabupaten Jeneponto","73.04.02","Tamalatea","73.04.02.1001","Bonto Tangnga"
"73","Sulawesi Selatan","73.04","Kabupaten Jeneponto","73.04.02","Tamalatea","73.04.02.1002","Tonro Kassi"
"73","Sulawesi Selatan","73.04","Kabupaten Jeneponto","73.04.02","Tamalatea","73.04.02.1003","Tonro Kassi Barat"
"73","Sulawesi Selatan","73.04","Kabupaten Jeneponto","73.04.02","Tamalatea","73.04.02.1004","Tonro Kassi Timur"
"73","Sulawesi Selatan","73.04","Kabupaten Jeneponto","73.04.02","Tamalatea","73.04.02.1005","Taman Roya"
"73","Sulawesi Selatan","73.04","Kabupaten Jeneponto","73.04.02","Tamalatea","73.04.02.1006","Manjangloe"
"73","Sulawesi Selatan","73.04","Kabupaten Jeneponto","73.04.02","Tamalatea","73.04.02.2007","Borongtala"
"73","Sulawesi Selatan","73.04","Kabupaten Jeneponto","73.04.02","Tamalatea","73.04.02.2008","Bontosunggu"
"73","Sulawesi Selatan","73.04","Kabupaten Jeneponto","73.04.02","Tamalatea","73.04.02.2009","Turatea"
"73","Sulawesi Selatan","73.04","Kabupaten Jeneponto","73.04.02","Tamalatea","73.04.02.2010","Karelayu"
"73","Sulawesi Selatan","73.04","Kabupaten Jeneponto","73.04.02","Tamalatea","73.04.02.2011","Bontojai"
"73","Sulawesi Selatan","73.04","Kabupaten Jeneponto","73.04.02","Tamalatea","73.04.02.2012","Turatea Timur"
"73","Sulawesi Selatan","73.04","Kabupaten Jeneponto","73.04.03","Binamu","73.04.03.1001","Pabiringa"
"73","Sulawesi Selatan","73.04","Kabupaten Jeneponto","73.04.03","Binamu","73.04.03.1002","Balang"
"73","Sulawesi Selatan","73.04","Kabupaten Jeneponto","73.04.03","Binamu","73.04.03.1003","Empoang"
"73","Sulawesi Selatan","73.04","Kabupaten Jeneponto","73.04.03","Binamu","73.04.03.1004","Balang Toa"
"73","Sulawesi Selatan","73.04","Kabupaten Jeneponto","73.04.03","Binamu","73.04.03.1005","Balang Beru"
"73","Sulawesi Selatan","73.04","Kabupaten Jeneponto","73.04.03","Binamu","73.04.03.1006","Empoang Selatan"
"73","Sulawesi Selatan","73.04","Kabupaten Jeneponto","73.04.03","Binamu","73.04.03.1007","Sidenre"
"73","Sulawesi Selatan","73.04","Kabupaten Jeneponto","73.04.03","Binamu","73.04.03.1008","Empoang Utara"
"73","Sulawesi Selatan","73.04","Kabupaten Jeneponto","73.04.03","Binamu","73.04.03.1009","Monro Monro"
"73","Sulawesi Selatan","73.04","Kabupaten Jeneponto","73.04.03","Binamu","73.04.03.1010","Biring Kassi"
"73","Sulawesi Selatan","73.04","Kabupaten Jeneponto","73.04.03","Binamu","73.04.03.1011","Panaikang"
"73","Sulawesi Selatan","73.04","Kabupaten Jeneponto","73.04.03","Binamu","73.04.03.1012","Bontoa"
"73","Sulawesi Selatan","73.04","Kabupaten Jeneponto","73.04.03","Binamu","73.04.03.2013","Sapanang"
"73","Sulawesi Selatan","73.04","Kabupaten Jeneponto","73.04.04","Batang","73.04.04.1001","Togo Togo"
"73","Sulawesi Selatan","73.04","Kabupaten Jeneponto","73.04.04","Batang","73.04.04.1002","Bonto Raya"
"73","Sulawesi Selatan","73.04","Kabupaten Jeneponto","73.04.04","Batang","73.04.04.2003","Maccinibaji"
"73","Sulawesi Selatan","73.04","Kabupaten Jeneponto","73.04.04","Batang","73.04.04.2008","Camba Camba"
"73","Sulawesi Selatan","73.04","Kabupaten Jeneponto","73.04.04","Batang","73.04.04.2009","Kaluku"
"73","Sulawesi Selatan","73.04","Kabupaten Jeneponto","73.04.04","Batang","73.04.04.2014","Bungeng"
"73","Sulawesi Selatan","73.04","Kabupaten Jeneponto","73.04.05","Kelara","73.04.05.1001","Tolo"
"73","Sulawesi Selatan","73.04","Kabupaten Jeneponto","73.04.05","Kelara","73.04.05.1002","Tolo Utara"
"73","Sulawesi Selatan","73.04","Kabupaten Jeneponto","73.04.05","Kelara","73.04.05.1003","Tolo Selatan"
"73","Sulawesi Selatan","73.04","Kabupaten Jeneponto","73.04.05","Kelara","73.04.05.1004","Tolo Timur"
"73","Sulawesi Selatan","73.04","Kabupaten Jeneponto","73.04.05","Kelara","73.04.05.1005","Tolo Barat"
"73","Sulawesi Selatan","73.04","Kabupaten Jeneponto","73.04.05","Kelara","73.04.05.2006","Gantarang"
"73","Sulawesi Selatan","73.04","Kabupaten Jeneponto","73.04.05","Kelara","73.04.05.2009","Bontolebang"
"73","Sulawesi Selatan","73.04","Kabupaten Jeneponto","73.04.05","Kelara","73.04.05.2010","Bontonompo"
"73","Sulawesi Selatan","73.04","Kabupaten Jeneponto","73.04.05","Kelara","73.04.05.2014","Samataring"
"73","Sulawesi Selatan","73.04","Kabupaten Jeneponto","73.04.05","Kelara","73.04.05.2021","Tombolo"
"73","Sulawesi Selatan","73.04","Kabupaten Jeneponto","73.04.06","Bangkala Barat","73.04.06.1002","Bulu Jaya"
"73","Sulawesi Selatan","73.04","Kabupaten Jeneponto","73.04.06","Bangkala Barat","73.04.06.2001","Banrimanurung"
"73","Sulawesi Selatan","73.04","Kabupaten Jeneponto","73.04.06","Bangkala Barat","73.04.06.2003","Barana"
"73","Sulawesi Selatan","73.04","Kabupaten Jeneponto","73.04.06","Bangkala Barat","73.04.06.2004","Beroanging"
"73","Sulawesi Selatan","73.04","Kabupaten Jeneponto","73.04.06","Bangkala Barat","73.04.06.2005","Tuju"
"73","Sulawesi Selatan","73.04","Kabupaten Jeneponto","73.04.06","Bangkala Barat","73.04.06.2006","Garassikang"
"73","Sulawesi Selatan","73.04","Kabupaten Jeneponto","73.04.06","Bangkala Barat","73.04.06.2007","Pattiro"
"73","Sulawesi Selatan","73.04","Kabupaten Jeneponto","73.04.06","Bangkala Barat","73.04.06.2008","Pappalluang"
"73","Sulawesi Selatan","73.04","Kabupaten Jeneponto","73.04.07","Bontoramba","73.04.07.1002","Bontoramba"
"73","Sulawesi Selatan","73.04","Kabupaten Jeneponto","73.04.07","Bontoramba","73.04.07.2001","Bulusibatang"
"73","Sulawesi Selatan","73.04","Kabupaten Jeneponto","73.04.07","Bontoramba","73.04.07.2003","Balumbungan"
"73","Sulawesi Selatan","73.04","Kabupaten Jeneponto","73.04.07","Bontoramba","73.04.07.2004","Bangkalaloe"
"73","Sulawesi Selatan","73.04","Kabupaten Jeneponto","73.04.07","Bontoramba","73.04.07.2005","Datara"
"73","Sulawesi Selatan","73.04","Kabupaten Jeneponto","73.04.07","Bontoramba","73.04.07.2006","Maero"
"73","Sulawesi Selatan","73.04","Kabupaten Jeneponto","73.04.07","Bontoramba","73.04.07.2007","Kareloe"
"73","Sulawesi Selatan","73.04","Kabupaten Jeneponto","73.04.07","Bontoramba","73.04.07.2008","Batujala"
"73","Sulawesi Selatan","73.04","Kabupaten Jeneponto","73.04.07","Bontoramba","73.04.07.2009","Bulusuka"
"73","Sulawesi Selatan","73.04","Kabupaten Jeneponto","73.04.07","Bontoramba","73.04.07.2010","Tanammawang"
"73","Sulawesi Selatan","73.04","Kabupaten Jeneponto","73.04.07","Bontoramba","73.04.07.2011","Lentu"
"73","Sulawesi Selatan","73.04","Kabupaten Jeneponto","73.04.07","Bontoramba","73.04.07.2012","Baraya"
"73","Sulawesi Selatan","73.04","Kabupaten Jeneponto","73.04.08","Turatea","73.04.08.2001","Paitana"
"73","Sulawesi Selatan","73.04","Kabupaten Jeneponto","73.04.08","Turatea","73.04.08.2002","Bonto Mate'ne"
"73","Sulawesi Selatan","73.04","Kabupaten Jeneponto","73.04.08","Turatea","73.04.08.2003","Mangepong"
"73","Sulawesi Selatan","73.04","Kabupaten Jeneponto","73.04.08","Turatea","73.04.08.2004","Bululoe"
"73","Sulawesi Selatan","73.04","Kabupaten Jeneponto","73.04.08","Turatea","73.04.08.2005","Kayuloe Barat"
"73","Sulawesi Selatan","73.04","Kabupaten Jeneponto","73.04.08","Turatea","73.04.08.2006","Langkura"
"73","Sulawesi Selatan","73.04","Kabupaten Jeneponto","73.04.08","Turatea","73.04.08.2007","Bungungloe"
"73","Sulawesi Selatan","73.04","Kabupaten Jeneponto","73.04.08","Turatea","73.04.08.2008","Kayuloe Timur"
"73","Sulawesi Selatan","73.04","Kabupaten Jeneponto","73.04.08","Turatea","73.04.08.2009","Jombe"
"73","Sulawesi Selatan","73.04","Kabupaten Jeneponto","73.04.08","Turatea","73.04.08.2010","Tanjonga"
"73","Sulawesi Selatan","73.04","Kabupaten Jeneponto","73.04.08","Turatea","73.04.08.2011","Parasanganberu"
"73","Sulawesi Selatan","73.04","Kabupaten Jeneponto","73.04.09","Arungkeke","73.04.09.2001","Bulo Bulo"
"73","Sulawesi Selatan","73.04","Kabupaten Jeneponto","73.04.09","Arungkeke","73.04.09.2002","Arungkeke"
"73","Sulawesi Selatan","73.04","Kabupaten Jeneponto","73.04.09","Arungkeke","73.04.09.2003","Palajau"
"73","Sulawesi Selatan","73.04","Kabupaten Jeneponto","73.04.09","Arungkeke","73.04.09.2004","Boronglamu"
"73","Sulawesi Selatan","73.04","Kabupaten Jeneponto","73.04.09","Arungkeke","73.04.09.2005","Arungkeke Pallantikang"
"73","Sulawesi Selatan","73.04","Kabupaten Jeneponto","73.04.09","Arungkeke","73.04.09.2006","Kalumpangloe"
"73","Sulawesi Selatan","73.04","Kabupaten Jeneponto","73.04.09","Arungkeke","73.04.09.2007","Kampala"
"73","Sulawesi Selatan","73.04","Kabupaten Jeneponto","73.04.10","Rumbia","73.04.10.2001","Rumbia"
"73","Sulawesi Selatan","73.04","Kabupaten Jeneponto","73.04.10","Rumbia","73.04.10.2002","Lebangmanai"
"73","Sulawesi Selatan","73.04","Kabupaten Jeneponto","73.04.10","Rumbia","73.04.10.2003","Bontomanai"
"73","Sulawesi Selatan","73.04","Kabupaten Jeneponto","73.04.10","Rumbia","73.04.10.2004","Bontotiro"
"73","Sulawesi Selatan","73.04","Kabupaten Jeneponto","73.04.10","Rumbia","73.04.10.2005","Loka"
"73","Sulawesi Selatan","73.04","Kabupaten Jeneponto","73.04.10","Rumbia","73.04.10.2006","Tompobulu"
"73","Sulawesi Selatan","73.04","Kabupaten Jeneponto","73.04.10","Rumbia","73.04.10.2007","Kassi"
"73","Sulawesi Selatan","73.04","Kabupaten Jeneponto","73.04.10","Rumbia","73.04.10.2008","Pallantikang"
"73","Sulawesi Selatan","73.04","Kabupaten Jeneponto","73.04.10","Rumbia","73.04.10.2009","Lebangmanai Utara"
"73","Sulawesi Selatan","73.04","Kabupaten Jeneponto","73.04.10","Rumbia","73.04.10.2010","Bontocini"
"73","Sulawesi Selatan","73.04","Kabupaten Jeneponto","73.04.10","Rumbia","73.04.10.2011","Janetallasa"
"73","Sulawesi Selatan","73.04","Kabupaten Jeneponto","73.04.10","Rumbia","73.04.10.2012","Ujung Bulu"
"73","Sulawesi Selatan","73.04","Kabupaten Jeneponto","73.04.11","Tarowang","73.04.11.2001","Pao"
"73","Sulawesi Selatan","73.04","Kabupaten Jeneponto","73.04.11","Tarowang","73.04.11.2002","Bontorappo"
"73","Sulawesi Selatan","73.04","Kabupaten Jeneponto","73.04.11","Tarowang","73.04.11.2003","Tarowang"
"73","Sulawesi Selatan","73.04","Kabupaten Jeneponto","73.04.11","Tarowang","73.04.11.2004","Allu Tarowang"
"73","Sulawesi Selatan","73.04","Kabupaten Jeneponto","73.04.11","Tarowang","73.04.11.2005","Balangbaru"
"73","Sulawesi Selatan","73.04","Kabupaten Jeneponto","73.04.11","Tarowang","73.04.11.2006","Balangloe Tarowang"
"73","Sulawesi Selatan","73.04","Kabupaten Jeneponto","73.04.11","Tarowang","73.04.11.2007","Bonto Ujung"
"73","Sulawesi Selatan","73.04","Kabupaten Jeneponto","73.04.11","Tarowang","73.04.11.2008","Tino"
"73","Sulawesi Selatan","73.05","Kabupaten Takalar","73.05.01","Mappakasunggu","73.05.01.1001","Takalar"
"73","Sulawesi Selatan","73.05","Kabupaten Takalar","73.05.01","Mappakasunggu","73.05.01.2003","Patani"
"73","Sulawesi Selatan","73.05","Kabupaten Takalar","73.05.01","Mappakasunggu","73.05.01.2009","Soreang"
"73","Sulawesi Selatan","73.05","Kabupaten Takalar","73.05.01","Mappakasunggu","73.05.01.2010","Pa'batangang"
"73","Sulawesi Selatan","73.05","Kabupaten Takalar","73.05.02","Mangarabombang","73.05.02.1002","Mangadu"
"73","Sulawesi Selatan","73.05","Kabupaten Takalar","73.05.02","Mangarabombang","73.05.02.2001","Lengkese"
"73","Sulawesi Selatan","73.05","Kabupaten Takalar","73.05.02","Mangarabombang","73.05.02.2003","Topejawa"
"73","Sulawesi Selatan","73.05","Kabupaten Takalar","73.05.02","Mangarabombang","73.05.02.2004","Lakatong"
"73","Sulawesi Selatan","73.05","Kabupaten Takalar","73.05.02","Mangarabombang","73.05.02.2007","Banggae"
"73","Sulawesi Selatan","73.05","Kabupaten Takalar","73.05.02","Mangarabombang","73.05.02.2008","Bontomanai"
"73","Sulawesi Selatan","73.05","Kabupaten Takalar","73.05.03","Polongbangkeng Selatan","73.05.03.1001","Pa'bundukang"
"73","Sulawesi Selatan","73.05","Kabupaten Takalar","73.05.03","Polongbangkeng Selatan","73.05.03.1002","Pattene"
"73","Sulawesi Selatan","73.05","Kabupaten Takalar","73.05.03","Polongbangkeng Selatan","73.05.03.1003","Bontokadatto"
"73","Sulawesi Selatan","73.05","Kabupaten Takalar","73.05.03","Polongbangkeng Selatan","73.05.03.1004","Canrego"
"73","Sulawesi Selatan","73.05","Kabupaten Takalar","73.05.03","Polongbangkeng Selatan","73.05.03.1005","Bulukunyi"
"73","Sulawesi Selatan","73.05","Kabupaten Takalar","73.05.03","Polongbangkeng Selatan","73.05.03.1010","Rajaya"
"73","Sulawesi Selatan","73.05","Kabupaten Takalar","73.05.03","Polongbangkeng Selatan","73.05.03.2006","Moncongkomba"
"73","Sulawesi Selatan","73.05","Kabupaten Takalar","73.05.03","Polongbangkeng Selatan","73.05.03.2007","Cakura"
"73","Sulawesi Selatan","73.05","Kabupaten Takalar","73.05.03","Polongbangkeng Selatan","73.05.03.2008","Lantang"
"73","Sulawesi Selatan","73.05","Kabupaten Takalar","73.05.03","Polongbangkeng Selatan","73.05.03.2009","Su'rulangi"
"73","Sulawesi Selatan","73.05","Kabupaten Takalar","73.05.03","Polongbangkeng Selatan","73.05.03.2011","Kale Lantang"
"73","Sulawesi Selatan","73.05","Kabupaten Takalar","73.05.04","Polongbangkeng Utara","73.05.04.1001","Panrannuangku"
"73","Sulawesi Selatan","73.05","Kabupaten Takalar","73.05.04","Polongbangkeng Utara","73.05.04.1002","Manongkoki"
"73","Sulawesi Selatan","73.05","Kabupaten Takalar","73.05.04","Polongbangkeng Utara","73.05.04.1003","Malewang"
"73","Sulawesi Selatan","73.05","Kabupaten Takalar","73.05.04","Polongbangkeng Utara","73.05.04.1004","Palleko"
"73","Sulawesi Selatan","73.05","Kabupaten Takalar","73.05.04","Polongbangkeng Utara","73.05.04.1005","Mattompodale"
"73","Sulawesi Selatan","73.05","Kabupaten Takalar","73.05.04","Polongbangkeng Utara","73.05.04.1006","Parang Luara"
"73","Sulawesi Selatan","73.05","Kabupaten Takalar","73.05.04","Polongbangkeng Utara","73.05.04.2007","Lassang"
"73","Sulawesi Selatan","73.05","Kabupaten Takalar","73.05.04","Polongbangkeng Utara","73.05.04.2009","Pa'rappunganta"
"73","Sulawesi Selatan","73.05","Kabupaten Takalar","73.05.04","Polongbangkeng Utara","73.05.04.2010","Towata"
"73","Sulawesi Selatan","73.05","Kabupaten Takalar","73.05.04","Polongbangkeng Utara","73.05.04.2016","Lassang Barat"
"73","Sulawesi Selatan","73.05","Kabupaten Takalar","73.05.05","Galesong Selatan","73.05.05.2006","Bonto Kanang"
"73","Sulawesi Selatan","73.05","Kabupaten Takalar","73.05.05","Galesong Selatan","73.05.05.2007","Bontomarannu"
"73","Sulawesi Selatan","73.05","Kabupaten Takalar","73.05.05","Galesong Selatan","73.05.05.2008","Mangindara"
"73","Sulawesi Selatan","73.05","Kabupaten Takalar","73.05.05","Galesong Selatan","73.05.05.2009","Bontokassi"
"73","Sulawesi Selatan","73.05","Kabupaten Takalar","73.05.05","Galesong Selatan","73.05.05.2011","Bentang"
"73","Sulawesi Selatan","73.05","Kabupaten Takalar","73.05.05","Galesong Selatan","73.05.05.2012","Barangmamase"
"73","Sulawesi Selatan","73.05","Kabupaten Takalar","73.05.05","Galesong Selatan","73.05.05.2013","Sawakong"
"73","Sulawesi Selatan","73.05","Kabupaten Takalar","73.05.05","Galesong Selatan","73.05.05.2015","Popo"
"73","Sulawesi Selatan","73.05","Kabupaten Takalar","73.05.05","Galesong Selatan","73.05.05.2016","Tarowang"
"73","Sulawesi Selatan","73.05","Kabupaten Takalar","73.05.05","Galesong Selatan","73.05.05.2017","Kalukubodo"
"73","Sulawesi Selatan","73.05","Kabupaten Takalar","73.05.05","Galesong Selatan","73.05.05.2018","Kadatong"
"73","Sulawesi Selatan","73.05","Kabupaten Takalar","73.05.05","Galesong Selatan","73.05.05.2019","Kale Bentang"
"73","Sulawesi Selatan","73.05","Kabupaten Takalar","73.05.05","Galesong Selatan","73.05.05.2020","Kanaeng"
"73","Sulawesi Selatan","73.05","Kabupaten Takalar","73.05.06","Galesong Utara","73.05.06.1004","Bontolebang"
"73","Sulawesi Selatan","73.05","Kabupaten Takalar","73.05.06","Galesong Utara","73.05.06.2001","Pakkabba"
"73","Sulawesi Selatan","73.05","Kabupaten Takalar","73.05.06","Galesong Utara","73.05.06.2002","Bontolanra"
"73","Sulawesi Selatan","73.05","Kabupaten Takalar","73.05.06","Galesong Utara","73.05.06.2003","Aeng Batu Batu"
"73","Sulawesi Selatan","73.05","Kabupaten Takalar","73.05.06","Galesong Utara","73.05.06.2005","Tamalate"
"73","Sulawesi Selatan","73.05","Kabupaten Takalar","73.05.06","Galesong Utara","73.05.06.2006","Tamasaju"
"73","Sulawesi Selatan","73.05","Kabupaten Takalar","73.05.06","Galesong Utara","73.05.06.2007","Bontosunggu"
"73","Sulawesi Selatan","73.05","Kabupaten Takalar","73.05.06","Galesong Utara","73.05.06.2010","Aeng Towa"
"73","Sulawesi Selatan","73.05","Kabupaten Takalar","73.05.06","Galesong Utara","73.05.06.2011","Bontokaddopepe"
"73","Sulawesi Selatan","73.05","Kabupaten Takalar","73.05.06","Galesong Utara","73.05.06.2012","Sampulungan"
"73","Sulawesi Selatan","73.05","Kabupaten Takalar","73.05.06","Galesong Utara","73.05.06.2013","Maccini Sombala"
"73","Sulawesi Selatan","73.05","Kabupaten Takalar","73.05.06","Galesong Utara","73.05.06.2014","Sawakung Beba"
"73","Sulawesi Selatan","73.05","Kabupaten Takalar","73.05.06","Galesong Utara","73.05.06.2015","Biring Kassi"
"73","Sulawesi Selatan","73.05","Kabupaten Takalar","73.05.06","Galesong Utara","73.05.06.2016","Kaballokang Pakkabba"
"73","Sulawesi Selatan","73.05","Kabupaten Takalar","73.05.07","Pattallassang","73.05.07.1001","Pattallassang"
"73","Sulawesi Selatan","73.05","Kabupaten Takalar","73.05.07","Pattallassang","73.05.07.1002","Pallantikang"
"73","Sulawesi Selatan","73.05","Kabupaten Takalar","73.05.07","Pattallassang","73.05.07.1003","Somba Bella"
"73","Sulawesi Selatan","73.05","Kabupaten Takalar","73.05.07","Pattallassang","73.05.07.1004","Kalabbirang"
"73","Sulawesi Selatan","73.05","Kabupaten Takalar","73.05.07","Pattallassang","73.05.07.1005","Maradekaya"
"73","Sulawesi Selatan","73.05","Kabupaten Takalar","73.05.07","Pattallassang","73.05.07.1006","Pappa"
"73","Sulawesi Selatan","73.05","Kabupaten Takalar","73.05.07","Pattallassang","73.05.07.1007","Bajeng"
"73","Sulawesi Selatan","73.05","Kabupaten Takalar","73.05.07","Pattallassang","73.05.07.1008","Sabintang"
"73","Sulawesi Selatan","73.05","Kabupaten Takalar","73.05.07","Pattallassang","73.05.07.1009","Salaka"
"73","Sulawesi Selatan","73.05","Kabupaten Takalar","73.05.08","Sanrobone","73.05.08.2001","Laguruda"
"73","Sulawesi Selatan","73.05","Kabupaten Takalar","73.05.08","Sanrobone","73.05.08.2002","Banyuanyara"
"73","Sulawesi Selatan","73.05","Kabupaten Takalar","73.05.08","Sanrobone","73.05.08.2003","Sanrobone"
"73","Sulawesi Selatan","73.05","Kabupaten Takalar","73.05.08","Sanrobone","73.05.08.2004","Paddinging"
"73","Sulawesi Selatan","73.05","Kabupaten Takalar","73.05.08","Sanrobone","73.05.08.2005","Ujung Baji"
"73","Sulawesi Selatan","73.05","Kabupaten Takalar","73.05.08","Sanrobone","73.05.08.2006","Tonasa"
"73","Sulawesi Selatan","73.05","Kabupaten Takalar","73.05.09","Galesong","73.05.09.2001","Galesong Baru"
"73","Sulawesi Selatan","73.05","Kabupaten Takalar","73.05.09","Galesong","73.05.09.2002","Galesong Kota"
"73","Sulawesi Selatan","73.05","Kabupaten Takalar","73.05.09","Galesong","73.05.09.2003","Bontoloe"
"73","Sulawesi Selatan","73.05","Kabupaten Takalar","73.05.09","Galesong","73.05.09.2004","Boddia"
"73","Sulawesi Selatan","73.05","Kabupaten Takalar","73.05.09","Galesong","73.05.09.2005","Bontomangape"
"73","Sulawesi Selatan","73.05","Kabupaten Takalar","73.05.09","Galesong","73.05.09.2006","Parangmata"
"73","Sulawesi Selatan","73.05","Kabupaten Takalar","73.05.09","Galesong","73.05.09.2007","Parambambe"
"73","Sulawesi Selatan","73.05","Kabupaten Takalar","73.05.09","Galesong","73.05.09.2008","Pa'rasangang Beru"
"73","Sulawesi Selatan","73.05","Kabupaten Takalar","73.05.09","Galesong","73.05.09.2009","Pa'lalakkang"
"73","Sulawesi Selatan","73.05","Kabupaten Takalar","73.05.09","Galesong","73.05.09.2010","Pattinoang"
"73","Sulawesi Selatan","73.05","Kabupaten Takalar","73.05.09","Galesong","73.05.09.2011","Kalenna Bontongape"
"73","Sulawesi Selatan","73.05","Kabupaten Takalar","73.05.09","Galesong","73.05.09.2012","Kalukuang"
"73","Sulawesi Selatan","73.05","Kabupaten Takalar","73.05.09","Galesong","73.05.09.2013","Mappakalompo"
"73","Sulawesi Selatan","73.05","Kabupaten Takalar","73.05.09","Galesong","73.05.09.2014","Campagaya"
"73","Sulawesi Selatan","73.05","Kabupaten Takalar","73.05.09","Galesong","73.05.09.2015","Galesong Timur"
"73","Sulawesi Selatan","73.05","Kabupaten Takalar","73.05.09","Galesong","73.05.09.2016","Kampung Beru"
"73","Sulawesi Selatan","73.05","Kabupaten Takalar","73.05.09","Galesong","73.05.09.2017","Tarembang"
"73","Sulawesi Selatan","73.05","Kabupaten Takalar","73.05.10","Kepulauan Tanakeke","73.05.10.2001","Tompotana"
"73","Sulawesi Selatan","73.05","Kabupaten Takalar","73.05.10","Kepulauan Tanakeke","73.05.10.2002","Mattiro Baji"
"73","Sulawesi Selatan","73.05","Kabupaten Takalar","73.05.10","Kepulauan Tanakeke","73.05.10.2003","Rewataya"
"73","Sulawesi Selatan","73.05","Kabupaten Takalar","73.05.10","Kepulauan Tanakeke","73.05.10.2004","Balangdatu"
"73","Sulawesi Selatan","73.05","Kabupaten Takalar","73.05.10","Kepulauan Tanakeke","73.05.10.2005","Maccini Baji"
"73","Sulawesi Selatan","73.05","Kabupaten Takalar","73.05.10","Kepulauan Tanakeke","73.05.10.2006","Minasa Baji"
"73","Sulawesi Selatan","73.05","Kabupaten Takalar","73.05.11","Polongbangkeng Timur","73.05.11.2001","Ko'mara"
"73","Sulawesi Selatan","73.05","Kabupaten Takalar","73.05.11","Polongbangkeng Timur","73.05.11.2002","Kale Ko'mara"
"73","Sulawesi Selatan","73.05","Kabupaten Takalar","73.05.11","Polongbangkeng Timur","73.05.11.2003","Barugaya"
"73","Sulawesi Selatan","73.05","Kabupaten Takalar","73.05.11","Polongbangkeng Timur","73.05.11.2004","Parang Baddo"
"73","Sulawesi Selatan","73.05","Kabupaten Takalar","73.05.11","Polongbangkeng Timur","73.05.11.2005","Massamaturu"
"73","Sulawesi Selatan","73.05","Kabupaten Takalar","73.05.11","Polongbangkeng Timur","73.05.11.2006","Timbuseng"
"73","Sulawesi Selatan","73.05","Kabupaten Takalar","73.05.11","Polongbangkeng Timur","73.05.11.2007","Balangtanaya"
"73","Sulawesi Selatan","73.05","Kabupaten Takalar","73.05.11","Polongbangkeng Timur","73.05.11.2008","Kampung Beru"
"73","Sulawesi Selatan","73.05","Kabupaten Takalar","73.05.12","Laikang","73.05.12.2001","Panyangkalang"
"73","Sulawesi Selatan","73.05","Kabupaten Takalar","73.05.12","Laikang","73.05.12.2002","Bontoparang"
"73","Sulawesi Selatan","73.05","Kabupaten Takalar","73.05.12","Laikang","73.05.12.2003","Pattopakang"
"73","Sulawesi Selatan","73.05","Kabupaten Takalar","73.05.12","Laikang","73.05.12.2004","Cikoang"
"73","Sulawesi Selatan","73.05","Kabupaten Takalar","73.05.12","Laikang","73.05.12.2005","Punaga"
"73","Sulawesi Selatan","73.05","Kabupaten Takalar","73.05.12","Laikang","73.05.12.2006","Laikang"
"73","Sulawesi Selatan","73.06","Kabupaten Gowa","73.06.01","Bontonompo","73.06.01.1001","Bontonompo"
"73","Sulawesi Selatan","73.06","Kabupaten Gowa","73.06.01","Bontonompo","73.06.01.1002","Tamallayang"
"73","Sulawesi Selatan","73.06","Kabupaten Gowa","73.06.01","Bontonompo","73.06.01.1003","Kalaserena"
"73","Sulawesi Selatan","73.06","Kabupaten Gowa","73.06.01","Bontonompo","73.06.01.2004","Bontolangkasa Utara"
"73","Sulawesi Selatan","73.06","Kabupaten Gowa","73.06.01","Bontonompo","73.06.01.2005","Bontolangkasa Selatan"
"73","Sulawesi Selatan","73.06","Kabupaten Gowa","73.06.01","Bontonompo","73.06.01.2006","Barembeng"
"73","Sulawesi Selatan","73.06","Kabupaten Gowa","73.06.01","Bontonompo","73.06.01.2015","Manjapai"
"73","Sulawesi Selatan","73.06","Kabupaten Gowa","73.06.01","Bontonompo","73.06.01.2016","Bontobiraeng"
"73","Sulawesi Selatan","73.06","Kabupaten Gowa","73.06.01","Bontonompo","73.06.01.2017","Romanglasa"
"73","Sulawesi Selatan","73.06","Kabupaten Gowa","73.06.01","Bontonompo","73.06.01.2018","Katangka"
"73","Sulawesi Selatan","73.06","Kabupaten Gowa","73.06.01","Bontonompo","73.06.01.2019","Bulogading"
"73","Sulawesi Selatan","73.06","Kabupaten Gowa","73.06.01","Bontonompo","73.06.01.2020","Bategulung"
"73","Sulawesi Selatan","73.06","Kabupaten Gowa","73.06.01","Bontonompo","73.06.01.2021","Kalabarembeng"
"73","Sulawesi Selatan","73.06","Kabupaten Gowa","73.06.01","Bontonompo","73.06.01.2022","Bontobiraeng Selatan"
"73","Sulawesi Selatan","73.06","Kabupaten Gowa","73.06.02","Bajeng","73.06.02.1001","Kalebajeng"
"73","Sulawesi Selatan","73.06","Kabupaten Gowa","73.06.02","Bajeng","73.06.02.1002","Limbung"
"73","Sulawesi Selatan","73.06","Kabupaten Gowa","73.06.02","Bajeng","73.06.02.1017","Tubajeng"
"73","Sulawesi Selatan","73.06","Kabupaten Gowa","73.06.02","Bajeng","73.06.02.1018","Mata Allo"
"73","Sulawesi Selatan","73.06","Kabupaten Gowa","73.06.02","Bajeng","73.06.02.2003","Bontosunggu"
"73","Sulawesi Selatan","73.06","Kabupaten Gowa","73.06.02","Bajeng","73.06.02.2006","Maccinibaji"
"73","Sulawesi Selatan","73.06","Kabupaten Gowa","73.06.02","Bajeng","73.06.02.2007","Pa'bentengang"
"73","Sulawesi Selatan","73.06","Kabupaten Gowa","73.06.02","Bajeng","73.06.02.2009","Tangkebajeng"
"73","Sulawesi Selatan","73.06","Kabupaten Gowa","73.06.02","Bajeng","73.06.02.2010","Maradekaya"
"73","Sulawesi Selatan","73.06","Kabupaten Gowa","73.06.02","Bajeng","73.06.02.2011","Panciro"
"73","Sulawesi Selatan","73.06","Kabupaten Gowa","73.06.02","Bajeng","73.06.02.2012","Lempangang"
"73","Sulawesi Selatan","73.06","Kabupaten Gowa","73.06.02","Bajeng","73.06.02.2013","Bone"
"73","Sulawesi Selatan","73.06","Kabupaten Gowa","73.06.02","Bajeng","73.06.02.2015","Pannyangkalang"
"73","Sulawesi Selatan","73.06","Kabupaten Gowa","73.06.02","Bajeng","73.06.02.2019","Paraikatte"
"73","Sulawesi Selatan","73.06","Kabupaten Gowa","73.06.03","Tompobulu","73.06.03.1001","Malakaji"
"73","Sulawesi Selatan","73.06","Kabupaten Gowa","73.06.03","Tompobulu","73.06.03.1002","Cikoro"
"73","Sulawesi Selatan","73.06","Kabupaten Gowa","73.06.03","Tompobulu","73.06.03.2003","Garing"
"73","Sulawesi Selatan","73.06","Kabupaten Gowa","73.06.03","Tompobulu","73.06.03.2004","Datara"
"73","Sulawesi Selatan","73.06","Kabupaten Gowa","73.06.03","Tompobulu","73.06.03.2005","Rappolemba"
"73","Sulawesi Selatan","73.06","Kabupaten Gowa","73.06.03","Tompobulu","73.06.03.2006","Rappoala"
"73","Sulawesi Selatan","73.06","Kabupaten Gowa","73.06.03","Tompobulu","73.06.03.2007","Tanete"
"73","Sulawesi Selatan","73.06","Kabupaten Gowa","73.06.03","Tompobulu","73.06.03.2008","Bontobuddung"
"73","Sulawesi Selatan","73.06","Kabupaten Gowa","73.06.04","Tinggimoncong","73.06.04.1001","Malino"
"73","Sulawesi Selatan","73.06","Kabupaten Gowa","73.06.04","Tinggimoncong","73.06.04.1002","Buluttana"
"73","Sulawesi Selatan","73.06","Kabupaten Gowa","73.06.04","Tinggimoncong","73.06.04.1003","Gantarang"
"73","Sulawesi Selatan","73.06","Kabupaten Gowa","73.06.04","Tinggimoncong","73.06.04.1010","Pattapang"
"73","Sulawesi Selatan","73.06","Kabupaten Gowa","73.06.04","Tinggimoncong","73.06.04.1011","Bonto Lerung"
"73","Sulawesi Selatan","73.06","Kabupaten Gowa","73.06.04","Tinggimoncong","73.06.04.1012","Garassi"
"73","Sulawesi Selatan","73.06","Kabupaten Gowa","73.06.04","Tinggimoncong","73.06.04.2004","Parigi"
"73","Sulawesi Selatan","73.06","Kabupaten Gowa","73.06.05","Parangloe","73.06.05.1001","Lanna"
"73","Sulawesi Selatan","73.06","Kabupaten Gowa","73.06.05","Parangloe","73.06.05.1002","Bontoparang"
"73","Sulawesi Selatan","73.06","Kabupaten Gowa","73.06.05","Parangloe","73.06.05.2006","Lonjoboko"
"73","Sulawesi Selatan","73.06","Kabupaten Gowa","73.06.05","Parangloe","73.06.05.2008","Borisallo"
"73","Sulawesi Selatan","73.06","Kabupaten Gowa","73.06.05","Parangloe","73.06.05.2009","Belapunranga"
"73","Sulawesi Selatan","73.06","Kabupaten Gowa","73.06.05","Parangloe","73.06.05.2010","Bontokassi"
"73","Sulawesi Selatan","73.06","Kabupaten Gowa","73.06.05","Parangloe","73.06.05.2011","Belabori"
"73","Sulawesi Selatan","73.06","Kabupaten Gowa","73.06.06","Bontomarannu","73.06.06.1001","Borongloe"
"73","Sulawesi Selatan","73.06","Kabupaten Gowa","73.06.06","Bontomarannu","73.06.06.1002","Bontomanai"
"73","Sulawesi Selatan","73.06","Kabupaten Gowa","73.06.06","Bontomarannu","73.06.06.1012","Romang Lompoa"
"73","Sulawesi Selatan","73.06","Kabupaten Gowa","73.06.06","Bontomarannu","73.06.06.2003","Pakatto"
"73","Sulawesi Selatan","73.06","Kabupaten Gowa","73.06.06","Bontomarannu","73.06.06.2004","Nirannuang"
"73","Sulawesi Selatan","73.06","Kabupaten Gowa","73.06.06","Bontomarannu","73.06.06.2005","Romangloe"
"73","Sulawesi Selatan","73.06","Kabupaten Gowa","73.06.06","Bontomarannu","73.06.06.2006","Sokkolia"
"73","Sulawesi Selatan","73.06","Kabupaten Gowa","73.06.06","Bontomarannu","73.06.06.2013","Mata Allo"
"73","Sulawesi Selatan","73.06","Kabupaten Gowa","73.06.06","Bontomarannu","73.06.06.2014","Bili-bili"
"73","Sulawesi Selatan","73.06","Kabupaten Gowa","73.06.07","Pallangga","73.06.07.1001","Tetebatu"
"73","Sulawesi Selatan","73.06","Kabupaten Gowa","73.06.07","Pallangga","73.06.07.1002","Pangkabinanga"
"73","Sulawesi Selatan","73.06","Kabupaten Gowa","73.06.07","Pallangga","73.06.07.1003","Parangbanoa"
"73","Sulawesi Selatan","73.06","Kabupaten Gowa","73.06.07","Pallangga","73.06.07.1015","Mangalli"
"73","Sulawesi Selatan","73.06","Kabupaten Gowa","73.06.07","Pallangga","73.06.07.2004","Bontoala"
"73","Sulawesi Selatan","73.06","Kabupaten Gowa","73.06.07","Pallangga","73.06.07.2005","Pallangga"
"73","Sulawesi Selatan","73.06","Kabupaten Gowa","73.06.07","Pallangga","73.06.07.2006","Julubori"
"73","Sulawesi Selatan","73.06","Kabupaten Gowa","73.06.07","Pallangga","73.06.07.2007","Kampili"
"73","Sulawesi Selatan","73.06","Kabupaten Gowa","73.06.07","Pallangga","73.06.07.2008","Panakkukang"
"73","Sulawesi Selatan","73.06","Kabupaten Gowa","73.06.07","Pallangga","73.06.07.2009","Bontoramba"
"73","Sulawesi Selatan","73.06","Kabupaten Gowa","73.06.07","Pallangga","73.06.07.2010","Jene'tallasa"
"73","Sulawesi Selatan","73.06","Kabupaten Gowa","73.06.07","Pallangga","73.06.07.2011","Julukanaya"
"73","Sulawesi Selatan","73.06","Kabupaten Gowa","73.06.07","Pallangga","73.06.07.2012","Julupa'mai"
"73","Sulawesi Selatan","73.06","Kabupaten Gowa","73.06.07","Pallangga","73.06.07.2013","Bungaejaya"
"73","Sulawesi Selatan","73.06","Kabupaten Gowa","73.06.07","Pallangga","73.06.07.2014","Toddotoa"
"73","Sulawesi Selatan","73.06","Kabupaten Gowa","73.06.07","Pallangga","73.06.07.2016","Taeng"
"73","Sulawesi Selatan","73.06","Kabupaten Gowa","73.06.08","Somba Opu","73.06.08.1001","Sungguminasa"
"73","Sulawesi Selatan","73.06","Kabupaten Gowa","73.06.08","Somba Opu","73.06.08.1002","Bonto Bontoa"
"73","Sulawesi Selatan","73.06","Kabupaten Gowa","73.06.08","Somba Opu","73.06.08.1003","Batangkaluku"
"73","Sulawesi Selatan","73.06","Kabupaten Gowa","73.06.08","Somba Opu","73.06.08.1004","Tompobalang"
"73","Sulawesi Selatan","73.06","Kabupaten Gowa","73.06.08","Somba Opu","73.06.08.1005","Samata"
"73","Sulawesi Selatan","73.06","Kabupaten Gowa","73.06.08","Somba Opu","73.06.08.1006","Katangka"
"73","Sulawesi Selatan","73.06","Kabupaten Gowa","73.06.08","Somba Opu","73.06.08.1007","Pandang Pandang"
"73","Sulawesi Selatan","73.06","Kabupaten Gowa","73.06.08","Somba Opu","73.06.08.1008","Tombolo"
"73","Sulawesi Selatan","73.06","Kabupaten Gowa","73.06.08","Somba Opu","73.06.08.1009","Kalegowa"
"73","Sulawesi Selatan","73.06","Kabupaten Gowa","73.06.08","Somba Opu","73.06.08.1010","Romangpolong"
"73","Sulawesi Selatan","73.06","Kabupaten Gowa","73.06.08","Somba Opu","73.06.08.1011","Paccinongang"
"73","Sulawesi Selatan","73.06","Kabupaten Gowa","73.06.08","Somba Opu","73.06.08.1012","Tamarunang"
"73","Sulawesi Selatan","73.06","Kabupaten Gowa","73.06.08","Somba Opu","73.06.08.1013","Bontoramba"
"73","Sulawesi Selatan","73.06","Kabupaten Gowa","73.06.08","Somba Opu","73.06.08.1014","Mawang"
"73","Sulawesi Selatan","73.06","Kabupaten Gowa","73.06.09","Bungaya","73.06.09.1001","Sapaya"
"73","Sulawesi Selatan","73.06","Kabupaten Gowa","73.06.09","Bungaya","73.06.09.1010","Je'nebatu"
"73","Sulawesi Selatan","73.06","Kabupaten Gowa","73.06.09","Bungaya","73.06.09.2002","Bontomanai"
"73","Sulawesi Selatan","73.06","Kabupaten Gowa","73.06.09","Bungaya","73.06.09.2003","Buakkang"
"73","Sulawesi Selatan","73.06","Kabupaten Gowa","73.06.09","Bungaya","73.06.09.2004","Bissoloro"
"73","Sulawesi Selatan","73.06","Kabupaten Gowa","73.06.09","Bungaya","73.06.09.2011","Rannaloe"
"73","Sulawesi Selatan","73.06","Kabupaten Gowa","73.06.09","Bungaya","73.06.09.2012","Mangempang"
"73","Sulawesi Selatan","73.06","Kabupaten Gowa","73.06.10","Tombolopao","73.06.10.1001","Tamaona"
"73","Sulawesi Selatan","73.06","Kabupaten Gowa","73.06.10","Tombolopao","73.06.10.2002","Ta'binjai"
"73","Sulawesi Selatan","73.06","Kabupaten Gowa","73.06.10","Tombolopao","73.06.10.2003","Erelembang"
"73","Sulawesi Selatan","73.06","Kabupaten Gowa","73.06.10","Tombolopao","73.06.10.2004","Kanreapia"
"73","Sulawesi Selatan","73.06","Kabupaten Gowa","73.06.10","Tombolopao","73.06.10.2005","Pao"
"73","Sulawesi Selatan","73.06","Kabupaten Gowa","73.06.10","Tombolopao","73.06.10.2006","Balassuka"
"73","Sulawesi Selatan","73.06","Kabupaten Gowa","73.06.10","Tombolopao","73.06.10.2007","Mamampang"
"73","Sulawesi Selatan","73.06","Kabupaten Gowa","73.06.10","Tombolopao","73.06.10.2008","Tonasa"
"73","Sulawesi Selatan","73.06","Kabupaten Gowa","73.06.10","Tombolopao","73.06.10.2009","Bolaromang"
"73","Sulawesi Selatan","73.06","Kabupaten Gowa","73.06.11","Biringbulu","73.06.11.1002","Tonrorita"
"73","Sulawesi Selatan","73.06","Kabupaten Gowa","73.06.11","Biringbulu","73.06.11.1004","Lauwa"
"73","Sulawesi Selatan","73.06","Kabupaten Gowa","73.06.11","Biringbulu","73.06.11.2001","Taring"
"73","Sulawesi Selatan","73.06","Kabupaten Gowa","73.06.11","Biringbulu","73.06.11.2003","Pencong"
"73","Sulawesi Selatan","73.06","Kabupaten Gowa","73.06.11","Biringbulu","73.06.11.2005","Berutallasa"
"73","Sulawesi Selatan","73.06","Kabupaten Gowa","73.06.11","Biringbulu","73.06.11.2006","Parangloe"
"73","Sulawesi Selatan","73.06","Kabupaten Gowa","73.06.11","Biringbulu","73.06.11.2007","Baturappe"
"73","Sulawesi Selatan","73.06","Kabupaten Gowa","73.06.11","Biringbulu","73.06.11.2008","Batumalonro"
"73","Sulawesi Selatan","73.06","Kabupaten Gowa","73.06.11","Biringbulu","73.06.11.2009","Borimasunggu"
"73","Sulawesi Selatan","73.06","Kabupaten Gowa","73.06.11","Biringbulu","73.06.11.2010","Lembangloe"
"73","Sulawesi Selatan","73.06","Kabupaten Gowa","73.06.11","Biringbulu","73.06.11.2011","Julukanaya"
"73","Sulawesi Selatan","73.06","Kabupaten Gowa","73.06.12","Barombong","73.06.12.1001","Benteng Somba Opu"
"73","Sulawesi Selatan","73.06","Kabupaten Gowa","73.06.12","Barombong","73.06.12.1005","Lembang Parang"
"73","Sulawesi Selatan","73.06","Kabupaten Gowa","73.06.12","Barombong","73.06.12.2002","Kanjilo"
"73","Sulawesi Selatan","73.06","Kabupaten Gowa","73.06.12","Barombong","73.06.12.2003","Moncobalang"
"73","Sulawesi Selatan","73.06","Kabupaten Gowa","73.06.12","Barombong","73.06.12.2004","Tinggimae"
"73","Sulawesi Selatan","73.06","Kabupaten Gowa","73.06.12","Barombong","73.06.12.2006","Biringala"
"73","Sulawesi Selatan","73.06","Kabupaten Gowa","73.06.12","Barombong","73.06.12.2007","Tamannyeleng"
"73","Sulawesi Selatan","73.06","Kabupaten Gowa","73.06.13","Pattallasang","73.06.13.2001","Timbuseng"
"73","Sulawesi Selatan","73.06","Kabupaten Gowa","73.06.13","Pattallasang","73.06.13.2002","Pallantikang"
"73","Sulawesi Selatan","73.06","Kabupaten Gowa","73.06.13","Pattallasang","73.06.13.2003","Sunggumanai"
"73","Sulawesi Selatan","73.06","Kabupaten Gowa","73.06.13","Pattallasang","73.06.13.2004","Paccellekang"
"73","Sulawesi Selatan","73.06","Kabupaten Gowa","73.06.13","Pattallasang","73.06.13.2005","Pattallassang"
"73","Sulawesi Selatan","73.06","Kabupaten Gowa","73.06.13","Pattallasang","73.06.13.2006","Je'nemadinging"
"73","Sulawesi Selatan","73.06","Kabupaten Gowa","73.06.13","Pattallasang","73.06.13.2007","Panaikang"
"73","Sulawesi Selatan","73.06","Kabupaten Gowa","73.06.13","Pattallasang","73.06.13.2008","Borongpala'la"
"73","Sulawesi Selatan","73.06","Kabupaten Gowa","73.06.14","Manuju","73.06.14.2001","Manuju"
"73","Sulawesi Selatan","73.06","Kabupaten Gowa","73.06.14","Manuju","73.06.14.2002","Pattallikang"
"73","Sulawesi Selatan","73.06","Kabupaten Gowa","73.06.14","Manuju","73.06.14.2003","Tamalatea"
"73","Sulawesi Selatan","73.06","Kabupaten Gowa","73.06.14","Manuju","73.06.14.2004","Moncongloe"
"73","Sulawesi Selatan","73.06","Kabupaten Gowa","73.06.14","Manuju","73.06.14.2005","Bilalang"
"73","Sulawesi Selatan","73.06","Kabupaten Gowa","73.06.14","Manuju","73.06.14.2006","Tassese"
"73","Sulawesi Selatan","73.06","Kabupaten Gowa","73.06.14","Manuju","73.06.14.2007","Tana Karaeng"
"73","Sulawesi Selatan","73.06","Kabupaten Gowa","73.06.15","Bontolempangang","73.06.15.2001","Julumate'ne"
"73","Sulawesi Selatan","73.06","Kabupaten Gowa","73.06.15","Bontolempangang","73.06.15.2002","Bontolempangang"
"73","Sulawesi Selatan","73.06","Kabupaten Gowa","73.06.15","Bontolempangang","73.06.15.2003","Lassa-Lassa"
"73","Sulawesi Selatan","73.06","Kabupaten Gowa","73.06.15","Bontolempangang","73.06.15.2004","Bontoloe"
"73","Sulawesi Selatan","73.06","Kabupaten Gowa","73.06.15","Bontolempangang","73.06.15.2005","Pa'ladingang"
"73","Sulawesi Selatan","73.06","Kabupaten Gowa","73.06.15","Bontolempangang","73.06.15.2006","Paranglompoa"
"73","Sulawesi Selatan","73.06","Kabupaten Gowa","73.06.15","Bontolempangang","73.06.15.2007","Bontotangnga"
"73","Sulawesi Selatan","73.06","Kabupaten Gowa","73.06.15","Bontolempangang","73.06.15.2008","Ulujangang"
"73","Sulawesi Selatan","73.06","Kabupaten Gowa","73.06.16","Bontonompo Selatan","73.06.16.1009","Bontoramba"
"73","Sulawesi Selatan","73.06","Kabupaten Gowa","73.06.16","Bontonompo Selatan","73.06.16.2001","Sengka"
"73","Sulawesi Selatan","73.06","Kabupaten Gowa","73.06.16","Bontonompo Selatan","73.06.16.2002","Tanrara"
"73","Sulawesi Selatan","73.06","Kabupaten Gowa","73.06.16","Bontonompo Selatan","73.06.16.2003","Tindang"
"73","Sulawesi Selatan","73.06","Kabupaten Gowa","73.06.16","Bontonompo Selatan","73.06.16.2004","Pa'bundukang"
"73","Sulawesi Selatan","73.06","Kabupaten Gowa","73.06.16","Bontonompo Selatan","73.06.16.2005","Bontosunggu"
"73","Sulawesi Selatan","73.06","Kabupaten Gowa","73.06.16","Bontonompo Selatan","73.06.16.2006","Salajangki"
"73","Sulawesi Selatan","73.06","Kabupaten Gowa","73.06.16","Bontonompo Selatan","73.06.16.2007","Salajo"
"73","Sulawesi Selatan","73.06","Kabupaten Gowa","73.06.16","Bontonompo Selatan","73.06.16.2008","Jipang"
"73","Sulawesi Selatan","73.06","Kabupaten Gowa","73.06.17","Parigi","73.06.17.2001","Majannang"
"73","Sulawesi Selatan","73.06","Kabupaten Gowa","73.06.17","Parigi","73.06.17.2002","Jonjo"
"73","Sulawesi Selatan","73.06","Kabupaten Gowa","73.06.17","Parigi","73.06.17.2003","Manimbahoi"
"73","Sulawesi Selatan","73.06","Kabupaten Gowa","73.06.17","Parigi","73.06.17.2004","Sicini"
"73","Sulawesi Selatan","73.06","Kabupaten Gowa","73.06.17","Parigi","73.06.17.2005","Bilanrengi"
"73","Sulawesi Selatan","73.06","Kabupaten Gowa","73.06.18","Bajeng Barat","73.06.18.2001","Borimatangkasa"
"73","Sulawesi Selatan","73.06","Kabupaten Gowa","73.06.18","Bajeng Barat","73.06.18.2002","Mandalle"
"73","Sulawesi Selatan","73.06","Kabupaten Gowa","73.06.18","Bajeng Barat","73.06.18.2003","Manjalling"
"73","Sulawesi Selatan","73.06","Kabupaten Gowa","73.06.18","Bajeng Barat","73.06.18.2004","Gentungang"
"73","Sulawesi Selatan","73.06","Kabupaten Gowa","73.06.18","Bajeng Barat","73.06.18.2005","Tanabangka"
"73","Sulawesi Selatan","73.06","Kabupaten Gowa","73.06.18","Bajeng Barat","73.06.18.2006","Kalemandalle"
"73","Sulawesi Selatan","73.06","Kabupaten Gowa","73.06.18","Bajeng Barat","73.06.18.2007","Bontomanai"
"73","Sulawesi Selatan","73.07","Kabupaten Sinjai","73.07.01","Sinjai Barat","73.07.01.1001","Tassililu"
"73","Sulawesi Selatan","73.07","Kabupaten Sinjai","73.07.01","Sinjai Barat","73.07.01.1002","Balakia"
"73","Sulawesi Selatan","73.07","Kabupaten Sinjai","73.07.01","Sinjai Barat","73.07.01.2003","Gunung Perak"
"73","Sulawesi Selatan","73.07","Kabupaten Sinjai","73.07.01","Sinjai Barat","73.07.01.2004","Arabika"
"73","Sulawesi Selatan","73.07","Kabupaten Sinjai","73.07.01","Sinjai Barat","73.07.01.2005","Bonto Salama"
"73","Sulawesi Selatan","73.07","Kabupaten Sinjai","73.07.01","Sinjai Barat","73.07.01.2006","Turungan Baji"
"73","Sulawesi Selatan","73.07","Kabupaten Sinjai","73.07.01","Sinjai Barat","73.07.01.2007","Barania"
"73","Sulawesi Selatan","73.07","Kabupaten Sinjai","73.07.01","Sinjai Barat","73.07.01.2008","Boto Lempangan"
"73","Sulawesi Selatan","73.07","Kabupaten Sinjai","73.07.01","Sinjai Barat","73.07.01.2009","Terasa"
"73","Sulawesi Selatan","73.07","Kabupaten Sinjai","73.07.02","Sinjai Selatan","73.07.02.1001","Sangiaseri"
"73","Sulawesi Selatan","73.07","Kabupaten Sinjai","73.07.02","Sinjai Selatan","73.07.02.2002","Puncak"
"73","Sulawesi Selatan","73.07","Kabupaten Sinjai","73.07.02","Sinjai Selatan","73.07.02.2003","Songing"
"73","Sulawesi Selatan","73.07","Kabupaten Sinjai","73.07.02","Sinjai Selatan","73.07.02.2004","Aska"
"73","Sulawesi Selatan","73.07","Kabupaten Sinjai","73.07.02","Sinjai Selatan","73.07.02.2005","Talle"
"73","Sulawesi Selatan","73.07","Kabupaten Sinjai","73.07.02","Sinjai Selatan","73.07.02.2006","Palae"
"73","Sulawesi Selatan","73.07","Kabupaten Sinjai","73.07.02","Sinjai Selatan","73.07.02.2007","Bulu Kamase"
"73","Sulawesi Selatan","73.07","Kabupaten Sinjai","73.07.02","Sinjai Selatan","73.07.02.2008","Palangka"
"73","Sulawesi Selatan","73.07","Kabupaten Sinjai","73.07.02","Sinjai Selatan","73.07.02.2009","Polewali"
"73","Sulawesi Selatan","73.07","Kabupaten Sinjai","73.07.02","Sinjai Selatan","73.07.02.2010","Gareccing"
"73","Sulawesi Selatan","73.07","Kabupaten Sinjai","73.07.02","Sinjai Selatan","73.07.02.2011","Alenangka"
"73","Sulawesi Selatan","73.07","Kabupaten Sinjai","73.07.03","Sinjai Timur","73.07.03.1001","Samataring"
"73","Sulawesi Selatan","73.07","Kabupaten Sinjai","73.07.03","Sinjai Timur","73.07.03.2002","Sanjai"
"73","Sulawesi Selatan","73.07","Kabupaten Sinjai","73.07.03","Sinjai Timur","73.07.03.2003","Pattalassang"
"73","Sulawesi Selatan","73.07","Kabupaten Sinjai","73.07.03","Sinjai Timur","73.07.03.2004","Panaikang"
"73","Sulawesi Selatan","73.07","Kabupaten Sinjai","73.07.03","Sinjai Timur","73.07.03.2005","Saukang"
"73","Sulawesi Selatan","73.07","Kabupaten Sinjai","73.07.03","Sinjai Timur","73.07.03.2006","Kampala"
"73","Sulawesi Selatan","73.07","Kabupaten Sinjai","73.07.03","Sinjai Timur","73.07.03.2007","Lasiai"
"73","Sulawesi Selatan","73.07","Kabupaten Sinjai","73.07.03","Sinjai Timur","73.07.03.2008","Biroro"
"73","Sulawesi Selatan","73.07","Kabupaten Sinjai","73.07.03","Sinjai Timur","73.07.03.2009","Kaloling"
"73","Sulawesi Selatan","73.07","Kabupaten Sinjai","73.07.03","Sinjai Timur","73.07.03.2010","Pasimarannu"
"73","Sulawesi Selatan","73.07","Kabupaten Sinjai","73.07.03","Sinjai Timur","73.07.03.2011","Tongke-Tongke"
"73","Sulawesi Selatan","73.07","Kabupaten Sinjai","73.07.03","Sinjai Timur","73.07.03.2012","Salohe"
"73","Sulawesi Selatan","73.07","Kabupaten Sinjai","73.07.03","Sinjai Timur","73.07.03.2013","Bongki Lengkese"
"73","Sulawesi Selatan","73.07","Kabupaten Sinjai","73.07.04","Sinjai Tengah","73.07.04.1001","Samaenre"
"73","Sulawesi Selatan","73.07","Kabupaten Sinjai","73.07.04","Sinjai Tengah","73.07.04.2002","Mattunreng Tellue"
"73","Sulawesi Selatan","73.07","Kabupaten Sinjai","73.07.04","Sinjai Tengah","73.07.04.2003","Kompang"
"73","Sulawesi Selatan","73.07","Kabupaten Sinjai","73.07.04","Sinjai Tengah","73.07.04.2004","Baru"
"73","Sulawesi Selatan","73.07","Kabupaten Sinjai","73.07.04","Sinjai Tengah","73.07.04.2005","Pattongko"
"73","Sulawesi Selatan","73.07","Kabupaten Sinjai","73.07.04","Sinjai Tengah","73.07.04.2006","Saotengnga"
"73","Sulawesi Selatan","73.07","Kabupaten Sinjai","73.07.04","Sinjai Tengah","73.07.04.2007","Saohiring"
"73","Sulawesi Selatan","73.07","Kabupaten Sinjai","73.07.04","Sinjai Tengah","73.07.04.2008","Kanrung"
"73","Sulawesi Selatan","73.07","Kabupaten Sinjai","73.07.04","Sinjai Tengah","73.07.04.2009","Saotanre"
"73","Sulawesi Selatan","73.07","Kabupaten Sinjai","73.07.04","Sinjai Tengah","73.07.04.2010","Bonto"
"73","Sulawesi Selatan","73.07","Kabupaten Sinjai","73.07.04","Sinjai Tengah","73.07.04.2011","Gantarang"
"73","Sulawesi Selatan","73.07","Kabupaten Sinjai","73.07.05","Sinjai Utara","73.07.05.1001","Biringere"
"73","Sulawesi Selatan","73.07","Kabupaten Sinjai","73.07.05","Sinjai Utara","73.07.05.1002","Lamatti Rilau"
"73","Sulawesi Selatan","73.07","Kabupaten Sinjai","73.07.05","Sinjai Utara","73.07.05.1003","Balangnipa"
"73","Sulawesi Selatan","73.07","Kabupaten Sinjai","73.07.05","Sinjai Utara","73.07.05.1004","Lappa"
"73","Sulawesi Selatan","73.07","Kabupaten Sinjai","73.07.05","Sinjai Utara","73.07.05.1005","Bongki"
"73","Sulawesi Selatan","73.07","Kabupaten Sinjai","73.07.05","Sinjai Utara","73.07.05.1006","Alehanuae"
"73","Sulawesi Selatan","73.07","Kabupaten Sinjai","73.07.06","Bulupoddo","73.07.06.2001","Lamatti Riattang"
"73","Sulawesi Selatan","73.07","Kabupaten Sinjai","73.07.06","Bulupoddo","73.07.06.2002","Lamatti Riaja"
"73","Sulawesi Selatan","73.07","Kabupaten Sinjai","73.07.06","Bulupoddo","73.07.06.2003","Bulu Tellue"
"73","Sulawesi Selatan","73.07","Kabupaten Sinjai","73.07.06","Bulupoddo","73.07.06.2004","Duampanuae"
"73","Sulawesi Selatan","73.07","Kabupaten Sinjai","73.07.06","Bulupoddo","73.07.06.2005","Tompobulu"
"73","Sulawesi Selatan","73.07","Kabupaten Sinjai","73.07.06","Bulupoddo","73.07.06.2006","Lamatti Riawang"
"73","Sulawesi Selatan","73.07","Kabupaten Sinjai","73.07.06","Bulupoddo","73.07.06.2007","Lappacinrana"
"73","Sulawesi Selatan","73.07","Kabupaten Sinjai","73.07.07","Sinjai Borong","73.07.07.1001","Pasir Putih"
"73","Sulawesi Selatan","73.07","Kabupaten Sinjai","73.07.07","Sinjai Borong","73.07.07.2002","Batu Belerang"
"73","Sulawesi Selatan","73.07","Kabupaten Sinjai","73.07.07","Sinjai Borong","73.07.07.2003","Biji Nangka"
"73","Sulawesi Selatan","73.07","Kabupaten Sinjai","73.07.07","Sinjai Borong","73.07.07.2004","Barambang"
"73","Sulawesi Selatan","73.07","Kabupaten Sinjai","73.07.07","Sinjai Borong","73.07.07.2005","Bonto Sinala"
"73","Sulawesi Selatan","73.07","Kabupaten Sinjai","73.07.07","Sinjai Borong","73.07.07.2006","Kassi Buleng"
"73","Sulawesi Selatan","73.07","Kabupaten Sinjai","73.07.07","Sinjai Borong","73.07.07.2007","Bonto Katute"
"73","Sulawesi Selatan","73.07","Kabupaten Sinjai","73.07.07","Sinjai Borong","73.07.07.2008","Bonto Tengnga"
"73","Sulawesi Selatan","73.07","Kabupaten Sinjai","73.07.08","Tellu Limpoe","73.07.08.1001","Mannanti"
"73","Sulawesi Selatan","73.07","Kabupaten Sinjai","73.07.08","Tellu Limpoe","73.07.08.2002","Saotengah"
"73","Sulawesi Selatan","73.07","Kabupaten Sinjai","73.07.08","Tellu Limpoe","73.07.08.2003","Kalobba"
"73","Sulawesi Selatan","73.07","Kabupaten Sinjai","73.07.08","Tellu Limpoe","73.07.08.2004","Tellu Limpoe"
"73","Sulawesi Selatan","73.07","Kabupaten Sinjai","73.07.08","Tellu Limpoe","73.07.08.2005","Massaile"
"73","Sulawesi Selatan","73.07","Kabupaten Sinjai","73.07.08","Tellu Limpoe","73.07.08.2006","Lembang Lohe"
"73","Sulawesi Selatan","73.07","Kabupaten Sinjai","73.07.08","Tellu Limpoe","73.07.08.2007","Pattongko"
"73","Sulawesi Selatan","73.07","Kabupaten Sinjai","73.07.08","Tellu Limpoe","73.07.08.2008","Bua"
"73","Sulawesi Selatan","73.07","Kabupaten Sinjai","73.07.08","Tellu Limpoe","73.07.08.2009","Suka Maju"
"73","Sulawesi Selatan","73.07","Kabupaten Sinjai","73.07.08","Tellu Limpoe","73.07.08.2010","Erabaru"
"73","Sulawesi Selatan","73.07","Kabupaten Sinjai","73.07.08","Tellu Limpoe","73.07.08.2011","Samaturue"
"73","Sulawesi Selatan","73.07","Kabupaten Sinjai","73.07.09","Pulau Sembilan","73.07.09.2001","Pulau Harapan"
"73","Sulawesi Selatan","73.07","Kabupaten Sinjai","73.07.09","Pulau Sembilan","73.07.09.2002","Pulau Buhung Pitue"
"73","Sulawesi Selatan","73.07","Kabupaten Sinjai","73.07.09","Pulau Sembilan","73.07.09.2003","Pulau Padaelo"
"73","Sulawesi Selatan","73.07","Kabupaten Sinjai","73.07.09","Pulau Sembilan","73.07.09.2004","Pulau Persatuan"
"73","Sulawesi Selatan","73.08","Kabupaten Bone","73.08.01","Bontocani","73.08.01.1001","Kahu"
"73","Sulawesi Selatan","73.08","Kabupaten Bone","73.08.01","Bontocani","73.08.01.2002","Watang Cani"
"73","Sulawesi Selatan","73.08","Kabupaten Bone","73.08.01","Bontocani","73.08.01.2003","Pattuku"
"73","Sulawesi Selatan","73.08","Kabupaten Bone","73.08.01","Bontocani","73.08.01.2004","Bontojai"
"73","Sulawesi Selatan","73.08","Kabupaten Bone","73.08.01","Bontocani","73.08.01.2005","Bana"
"73","Sulawesi Selatan","73.08","Kabupaten Bone","73.08.01","Bontocani","73.08.01.2006","Pammusureng"
"73","Sulawesi Selatan","73.08","Kabupaten Bone","73.08.01","Bontocani","73.08.01.2007","Langi"
"73","Sulawesi Selatan","73.08","Kabupaten Bone","73.08.01","Bontocani","73.08.01.2008","Ere Cinnong"
"73","Sulawesi Selatan","73.08","Kabupaten Bone","73.08.01","Bontocani","73.08.01.2009","Bulu Sirua"
"73","Sulawesi Selatan","73.08","Kabupaten Bone","73.08.01","Bontocani","73.08.01.2010","Lamoncong"
"73","Sulawesi Selatan","73.08","Kabupaten Bone","73.08.01","Bontocani","73.08.01.2011","Mattirowalie"
"73","Sulawesi Selatan","73.08","Kabupaten Bone","73.08.02","Kahu","73.08.02.1001","Palattae"
"73","Sulawesi Selatan","73.08","Kabupaten Bone","73.08.02","Kahu","73.08.02.2002","Nusa"
"73","Sulawesi Selatan","73.08","Kabupaten Bone","73.08.02","Kahu","73.08.02.2003","Pasaka"
"73","Sulawesi Selatan","73.08","Kabupaten Bone","73.08.02","Kahu","73.08.02.2004","Labuaja"
"73","Sulawesi Selatan","73.08","Kabupaten Bone","73.08.02","Kahu","73.08.02.2005","Cakkela"
"73","Sulawesi Selatan","73.08","Kabupaten Bone","73.08.02","Kahu","73.08.02.2006","Balle"
"73","Sulawesi Selatan","73.08","Kabupaten Bone","73.08.02","Kahu","73.08.02.2007","Matajang"
"73","Sulawesi Selatan","73.08","Kabupaten Bone","73.08.02","Kahu","73.08.02.2008","Cenrana"
"73","Sulawesi Selatan","73.08","Kabupaten Bone","73.08.02","Kahu","73.08.02.2009","Sanrego"
"73","Sulawesi Selatan","73.08","Kabupaten Bone","73.08.02","Kahu","73.08.02.2010","Biru"
"73","Sulawesi Selatan","73.08","Kabupaten Bone","73.08.02","Kahu","73.08.02.2011","Palakka"
"73","Sulawesi Selatan","73.08","Kabupaten Bone","73.08.02","Kahu","73.08.02.2012","Tompong Patu"
"73","Sulawesi Selatan","73.08","Kabupaten Bone","73.08.02","Kahu","73.08.02.2013","Hulo"
"73","Sulawesi Selatan","73.08","Kabupaten Bone","73.08.02","Kahu","73.08.02.2014","Cammilo"
"73","Sulawesi Selatan","73.08","Kabupaten Bone","73.08.02","Kahu","73.08.02.2015","Carima"
"73","Sulawesi Selatan","73.08","Kabupaten Bone","73.08.02","Kahu","73.08.02.2016","Mattoanging"
"73","Sulawesi Selatan","73.08","Kabupaten Bone","73.08.02","Kahu","73.08.02.2017","Arallae"
"73","Sulawesi Selatan","73.08","Kabupaten Bone","73.08.02","Kahu","73.08.02.2018","Bonto Padang"
"73","Sulawesi Selatan","73.08","Kabupaten Bone","73.08.02","Kahu","73.08.02.2019","Lalepo"
"73","Sulawesi Selatan","73.08","Kabupaten Bone","73.08.02","Kahu","73.08.02.2020","Maggenrang"
"73","Sulawesi Selatan","73.08","Kabupaten Bone","73.08.03","Kajuara","73.08.03.1001","Awang Tangka"
"73","Sulawesi Selatan","73.08","Kabupaten Bone","73.08.03","Kajuara","73.08.03.2002","Raja"
"73","Sulawesi Selatan","73.08","Kabupaten Bone","73.08.03","Kajuara","73.08.03.2003","Abbumpungeng"
"73","Sulawesi Selatan","73.08","Kabupaten Bone","73.08.03","Kajuara","73.08.03.2004","Bulu Tanah"
"73","Sulawesi Selatan","73.08","Kabupaten Bone","73.08.03","Kajuara","73.08.03.2005","Gona"
"73","Sulawesi Selatan","73.08","Kabupaten Bone","73.08.03","Kajuara","73.08.03.2006","Buareng"
"73","Sulawesi Selatan","73.08","Kabupaten Bone","73.08.03","Kajuara","73.08.03.2007","Polewali"
"73","Sulawesi Selatan","73.08","Kabupaten Bone","73.08.03","Kajuara","73.08.03.2008","Padaelo"
"73","Sulawesi Selatan","73.08","Kabupaten Bone","73.08.03","Kajuara","73.08.03.2009","Ancu"
"73","Sulawesi Selatan","73.08","Kabupaten Bone","73.08.03","Kajuara","73.08.03.2010","Tarasu"
"73","Sulawesi Selatan","73.08","Kabupaten Bone","73.08.03","Kajuara","73.08.03.2011","Lemo"
"73","Sulawesi Selatan","73.08","Kabupaten Bone","73.08.03","Kajuara","73.08.03.2012","Kalero"
"73","Sulawesi Selatan","73.08","Kabupaten Bone","73.08.03","Kajuara","73.08.03.2013","Lappabosse"
"73","Sulawesi Selatan","73.08","Kabupaten Bone","73.08.03","Kajuara","73.08.03.2014","Waetuo"
"73","Sulawesi Selatan","73.08","Kabupaten Bone","73.08.03","Kajuara","73.08.03.2015","Pude"
"73","Sulawesi Selatan","73.08","Kabupaten Bone","73.08.03","Kajuara","73.08.03.2016","Angkue"
"73","Sulawesi Selatan","73.08","Kabupaten Bone","73.08.03","Kajuara","73.08.03.2017","Massangkae"
"73","Sulawesi Selatan","73.08","Kabupaten Bone","73.08.03","Kajuara","73.08.03.2018","Mallahae"
"73","Sulawesi Selatan","73.08","Kabupaten Bone","73.08.04","Salomekko","73.08.04.1001","Pancaitana"
"73","Sulawesi Selatan","73.08","Kabupaten Bone","73.08.04","Salomekko","73.08.04.2002","Malimongeng"
"73","Sulawesi Selatan","73.08","Kabupaten Bone","73.08.04","Salomekko","73.08.04.2003","Manera"
"73","Sulawesi Selatan","73.08","Kabupaten Bone","73.08.04","Salomekko","73.08.04.2004","Ulubalang"
"73","Sulawesi Selatan","73.08","Kabupaten Bone","73.08.04","Salomekko","73.08.04.2005","Gattareng"
"73","Sulawesi Selatan","73.08","Kabupaten Bone","73.08.04","Salomekko","73.08.04.2006","Bellu"
"73","Sulawesi Selatan","73.08","Kabupaten Bone","73.08.04","Salomekko","73.08.04.2007","Tebba"
"73","Sulawesi Selatan","73.08","Kabupaten Bone","73.08.04","Salomekko","73.08.04.2008","Mappatoba"
"73","Sulawesi Selatan","73.08","Kabupaten Bone","73.08.05","Tonra","73.08.05.2001","Bulu Bulu"
"73","Sulawesi Selatan","73.08","Kabupaten Bone","73.08.05","Tonra","73.08.05.2002","Gareccing"
"73","Sulawesi Selatan","73.08","Kabupaten Bone","73.08.05","Tonra","73.08.05.2003","Biccoing"
"73","Sulawesi Selatan","73.08","Kabupaten Bone","73.08.05","Tonra","73.08.05.2004","Ujunge"
"73","Sulawesi Selatan","73.08","Kabupaten Bone","73.08.05","Tonra","73.08.05.2005","Libureng"
"73","Sulawesi Selatan","73.08","Kabupaten Bone","73.08.05","Tonra","73.08.05.2006","Rappa"
"73","Sulawesi Selatan","73.08","Kabupaten Bone","73.08.05","Tonra","73.08.05.2007","Bacu"
"73","Sulawesi Selatan","73.08","Kabupaten Bone","73.08.05","Tonra","73.08.05.2008","Muara"
"73","Sulawesi Selatan","73.08","Kabupaten Bone","73.08.05","Tonra","73.08.05.2009","Bone Pute"
"73","Sulawesi Selatan","73.08","Kabupaten Bone","73.08.05","Tonra","73.08.05.2010","Padatuo"
"73","Sulawesi Selatan","73.08","Kabupaten Bone","73.08.05","Tonra","73.08.05.2011","Samaenre"
"73","Sulawesi Selatan","73.08","Kabupaten Bone","73.08.06","Libureng","73.08.06.1001","Tanah Batue"
"73","Sulawesi Selatan","73.08","Kabupaten Bone","73.08.06","Libureng","73.08.06.1010","Ceppaga"
"73","Sulawesi Selatan","73.08","Kabupaten Bone","73.08.06","Libureng","73.08.06.2002","Tompo Bulu"
"73","Sulawesi Selatan","73.08","Kabupaten Bone","73.08.06","Libureng","73.08.06.2003","Tappale"
"73","Sulawesi Selatan","73.08","Kabupaten Bone","73.08.06","Libureng","73.08.06.2004","Polewali"
"73","Sulawesi Selatan","73.08","Kabupaten Bone","73.08.06","Libureng","73.08.06.2005","Pitumpidange"
"73","Sulawesi Selatan","73.08","Kabupaten Bone","73.08.06","Libureng","73.08.06.2006","Bune"
"73","Sulawesi Selatan","73.08","Kabupaten Bone","73.08.06","Libureng","73.08.06.2007","Swadaya"
"73","Sulawesi Selatan","73.08","Kabupaten Bone","73.08.06","Libureng","73.08.06.2008","Binuang"
"73","Sulawesi Selatan","73.08","Kabupaten Bone","73.08.06","Libureng","73.08.06.2009","Mallinrung"
"73","Sulawesi Selatan","73.08","Kabupaten Bone","73.08.06","Libureng","73.08.06.2011","Baringeng"
"73","Sulawesi Selatan","73.08","Kabupaten Bone","73.08.06","Libureng","73.08.06.2012","Mario"
"73","Sulawesi Selatan","73.08","Kabupaten Bone","73.08.06","Libureng","73.08.06.2013","Wanuawaru"
"73","Sulawesi Selatan","73.08","Kabupaten Bone","73.08.06","Libureng","73.08.06.2014","Mattirowalie"
"73","Sulawesi Selatan","73.08","Kabupaten Bone","73.08.06","Libureng","73.08.06.2015","Poleonro"
"73","Sulawesi Selatan","73.08","Kabupaten Bone","73.08.06","Libureng","73.08.06.2016","Matirro Bulu"
"73","Sulawesi Selatan","73.08","Kabupaten Bone","73.08.06","Libureng","73.08.06.2017","Matirrodeceng"
"73","Sulawesi Selatan","73.08","Kabupaten Bone","73.08.06","Libureng","73.08.06.2018","Suwa"
"73","Sulawesi Selatan","73.08","Kabupaten Bone","73.08.06","Libureng","73.08.06.2019","Laburasseng"
"73","Sulawesi Selatan","73.08","Kabupaten Bone","73.08.06","Libureng","73.08.06.2020","Ponre Ponre"
"73","Sulawesi Selatan","73.08","Kabupaten Bone","73.08.07","Mare","73.08.07.1001","Padaelo"
"73","Sulawesi Selatan","73.08","Kabupaten Bone","73.08.07","Mare","73.08.07.2002","Mattirowalie"
"73","Sulawesi Selatan","73.08","Kabupaten Bone","73.08.07","Mare","73.08.07.2003","Mario"
"73","Sulawesi Selatan","73.08","Kabupaten Bone","73.08.07","Mare","73.08.07.2004","Ujung Salangketo"
"73","Sulawesi Selatan","73.08","Kabupaten Bone","73.08.07","Mare","73.08.07.2005","Tellu Boccoe"
"73","Sulawesi Selatan","73.08","Kabupaten Bone","73.08.07","Mare","73.08.07.2006","Mattampa Walie"
"73","Sulawesi Selatan","73.08","Kabupaten Bone","73.08.07","Mare","73.08.07.2007","Ujung Tanah"
"73","Sulawesi Selatan","73.08","Kabupaten Bone","73.08.07","Mare","73.08.07.2008","Sumaling"
"73","Sulawesi Selatan","73.08","Kabupaten Bone","73.08.07","Mare","73.08.07.2009","Tellongeng"
"73","Sulawesi Selatan","73.08","Kabupaten Bone","73.08.07","Mare","73.08.07.2010","Data"
"73","Sulawesi Selatan","73.08","Kabupaten Bone","73.08.07","Mare","73.08.07.2011","Batu Gading"
"73","Sulawesi Selatan","73.08","Kabupaten Bone","73.08.07","Mare","73.08.07.2012","Cege"
"73","Sulawesi Selatan","73.08","Kabupaten Bone","73.08.07","Mare","73.08.07.2013","Kadai"
"73","Sulawesi Selatan","73.08","Kabupaten Bone","73.08.07","Mare","73.08.07.2014","Lakukang"
"73","Sulawesi Selatan","73.08","Kabupaten Bone","73.08.07","Mare","73.08.07.2015","Pattiro"
"73","Sulawesi Selatan","73.08","Kabupaten Bone","73.08.07","Mare","73.08.07.2016","Lapasa"
"73","Sulawesi Selatan","73.08","Kabupaten Bone","73.08.07","Mare","73.08.07.2017","Karella"
"73","Sulawesi Selatan","73.08","Kabupaten Bone","73.08.07","Mare","73.08.07.2018","Lappa Upang"
"73","Sulawesi Selatan","73.08","Kabupaten Bone","73.08.08","Sibulue","73.08.08.1001","Maroanging"
"73","Sulawesi Selatan","73.08","Kabupaten Bone","73.08.08","Sibulue","73.08.08.2002","Pattiro Bajo"
"73","Sulawesi Selatan","73.08","Kabupaten Bone","73.08.08","Sibulue","73.08.08.2003","Massenreng Pulu"
"73","Sulawesi Selatan","73.08","Kabupaten Bone","73.08.08","Sibulue","73.08.08.2004","Tunreng Tellue"
"73","Sulawesi Selatan","73.08","Kabupaten Bone","73.08.08","Sibulue","73.08.08.2005","Polewali"
"73","Sulawesi Selatan","73.08","Kabupaten Bone","73.08.08","Sibulue","73.08.08.2006","Tadang Palie"
"73","Sulawesi Selatan","73.08","Kabupaten Bone","73.08.08","Sibulue","73.08.08.2007","Cinnong"
"73","Sulawesi Selatan","73.08","Kabupaten Bone","73.08.08","Sibulue","73.08.08.2008","Mallusetasi"
"73","Sulawesi Selatan","73.08","Kabupaten Bone","73.08.08","Sibulue","73.08.08.2009","Pakkasalo"
"73","Sulawesi Selatan","73.08","Kabupaten Bone","73.08.08","Sibulue","73.08.08.2010","Pattiro Sompe"
"73","Sulawesi Selatan","73.08","Kabupaten Bone","73.08.08","Sibulue","73.08.08.2011","Ajang Pulu"
"73","Sulawesi Selatan","73.08","Kabupaten Bone","73.08.08","Sibulue","73.08.08.2012","Sumpang Minangae"
"73","Sulawesi Selatan","73.08","Kabupaten Bone","73.08.08","Sibulue","73.08.08.2013","Mabbiring"
"73","Sulawesi Selatan","73.08","Kabupaten Bone","73.08.08","Sibulue","73.08.08.2014","Pasaka"
"73","Sulawesi Selatan","73.08","Kabupaten Bone","73.08.08","Sibulue","73.08.08.2015","Kalibong"
"73","Sulawesi Selatan","73.08","Kabupaten Bone","73.08.08","Sibulue","73.08.08.2016","Pattiro Riolo"
"73","Sulawesi Selatan","73.08","Kabupaten Bone","73.08.08","Sibulue","73.08.08.2017","Letta Tanah"
"73","Sulawesi Selatan","73.08","Kabupaten Bone","73.08.08","Sibulue","73.08.08.2018","Manajeng"
"73","Sulawesi Selatan","73.08","Kabupaten Bone","73.08.08","Sibulue","73.08.08.2019","Bulie"
"73","Sulawesi Selatan","73.08","Kabupaten Bone","73.08.08","Sibulue","73.08.08.2020","Balieng Toa"
"73","Sulawesi Selatan","73.08","Kabupaten Bone","73.08.09","Barebbo","73.08.09.1006","Apala"
"73","Sulawesi Selatan","73.08","Kabupaten Bone","73.08.09","Barebbo","73.08.09.2001","Bacu"
"73","Sulawesi Selatan","73.08","Kabupaten Bone","73.08.09","Barebbo","73.08.09.2002","Lampoko"
"73","Sulawesi Selatan","73.08","Kabupaten Bone","73.08.09","Barebbo","73.08.09.2003","Congko"
"73","Sulawesi Selatan","73.08","Kabupaten Bone","73.08.09","Barebbo","73.08.09.2004","Wollangi"
"73","Sulawesi Selatan","73.08","Kabupaten Bone","73.08.09","Barebbo","73.08.09.2005","Parippung"
"73","Sulawesi Selatan","73.08","Kabupaten Bone","73.08.09","Barebbo","73.08.09.2007","Barebbo"
"73","Sulawesi Selatan","73.08","Kabupaten Bone","73.08.09","Barebbo","73.08.09.2008","Kampuno"
"73","Sulawesi Selatan","73.08","Kabupaten Bone","73.08.09","Barebbo","73.08.09.2009","Kading"
"73","Sulawesi Selatan","73.08","Kabupaten Bone","73.08.09","Barebbo","73.08.09.2010","Kajaolaliddong"
"73","Sulawesi Selatan","73.08","Kabupaten Bone","73.08.09","Barebbo","73.08.09.2011","Samaelo"
"73","Sulawesi Selatan","73.08","Kabupaten Bone","73.08.09","Barebbo","73.08.09.2012","Corawali"
"73","Sulawesi Selatan","73.08","Kabupaten Bone","73.08.09","Barebbo","73.08.09.2013","Talungeng"
"73","Sulawesi Selatan","73.08","Kabupaten Bone","73.08.09","Barebbo","73.08.09.2014","Watu"
"73","Sulawesi Selatan","73.08","Kabupaten Bone","73.08.09","Barebbo","73.08.09.2015","Cingkang"
"73","Sulawesi Selatan","73.08","Kabupaten Bone","73.08.09","Barebbo","73.08.09.2016","Cinnong"
"73","Sulawesi Selatan","73.08","Kabupaten Bone","73.08.09","Barebbo","73.08.09.2017","Cempaniga"
"73","Sulawesi Selatan","73.08","Kabupaten Bone","73.08.09","Barebbo","73.08.09.2018","Sugiale"
"73","Sulawesi Selatan","73.08","Kabupaten Bone","73.08.10","Cina","73.08.10.1001","Tanete"
"73","Sulawesi Selatan","73.08","Kabupaten Bone","73.08.10","Cina","73.08.10.2002","Arasoe"
"73","Sulawesi Selatan","73.08","Kabupaten Bone","73.08.10","Cina","73.08.10.2003","Tanete Harapan"
"73","Sulawesi Selatan","73.08","Kabupaten Bone","73.08.10","Cina","73.08.10.2004","Lompu"
"73","Sulawesi Selatan","73.08","Kabupaten Bone","73.08.10","Cina","73.08.10.2005","Walenreng"
"73","Sulawesi Selatan","73.08","Kabupaten Bone","73.08.10","Cina","73.08.10.2006","Ajang Pulu"
"73","Sulawesi Selatan","73.08","Kabupaten Bone","73.08.10","Cina","73.08.10.2007","Padang Loang"
"73","Sulawesi Selatan","73.08","Kabupaten Bone","73.08.10","Cina","73.08.10.2008","Abbumpungeng"
"73","Sulawesi Selatan","73.08","Kabupaten Bone","73.08.10","Cina","73.08.10.2009","Kawerang"
"73","Sulawesi Selatan","73.08","Kabupaten Bone","73.08.10","Cina","73.08.10.2010","Awo"
"73","Sulawesi Selatan","73.08","Kabupaten Bone","73.08.10","Cina","73.08.10.2011","Kanco"
"73","Sulawesi Selatan","73.08","Kabupaten Bone","73.08.10","Cina","73.08.10.2012","Cinennung"
"73","Sulawesi Selatan","73.08","Kabupaten Bone","73.08.11","Ponre","73.08.11.2001","Mappesangka"
"73","Sulawesi Selatan","73.08","Kabupaten Bone","73.08.11","Ponre","73.08.11.2002","Salebba"
"73","Sulawesi Selatan","73.08","Kabupaten Bone","73.08.11","Ponre","73.08.11.2003","Mattampae"
"73","Sulawesi Selatan","73.08","Kabupaten Bone","73.08.11","Ponre","73.08.11.2004","Pattimpa"
"73","Sulawesi Selatan","73.08","Kabupaten Bone","73.08.11","Ponre","73.08.11.2005","Tellu Boccoe"
"73","Sulawesi Selatan","73.08","Kabupaten Bone","73.08.11","Ponre","73.08.11.2006","Turu Adae"
"73","Sulawesi Selatan","73.08","Kabupaten Bone","73.08.11","Ponre","73.08.11.2007","Salampe"
"73","Sulawesi Selatan","73.08","Kabupaten Bone","73.08.11","Ponre","73.08.11.2008","Poleonro"
"73","Sulawesi Selatan","73.08","Kabupaten Bone","73.08.11","Ponre","73.08.11.2009","Bolli"
"73","Sulawesi Selatan","73.08","Kabupaten Bone","73.08.12","Lappariaja","73.08.12.2001","Mattampawalie"
"73","Sulawesi Selatan","73.08","Kabupaten Bone","73.08.12","Lappariaja","73.08.12.2002","Lili Riattang"
"73","Sulawesi Selatan","73.08","Kabupaten Bone","73.08.12","Lappariaja","73.08.12.2003","Sengeng Palie"
"73","Sulawesi Selatan","73.08","Kabupaten Bone","73.08.12","Lappariaja","73.08.12.2004","Tenri Pakkua"
"73","Sulawesi Selatan","73.08","Kabupaten Bone","73.08.12","Lappariaja","73.08.12.2005","Patangkai"
"73","Sulawesi Selatan","73.08","Kabupaten Bone","73.08.12","Lappariaja","73.08.12.2006","Ujung Lamuru"
"73","Sulawesi Selatan","73.08","Kabupaten Bone","73.08.12","Lappariaja","73.08.12.2007","Pattuku Limpoe"
"73","Sulawesi Selatan","73.08","Kabupaten Bone","73.08.12","Lappariaja","73.08.12.2008","Waekeccee"
"73","Sulawesi Selatan","73.08","Kabupaten Bone","73.08.12","Lappariaja","73.08.12.2009","Tonronge"
"73","Sulawesi Selatan","73.08","Kabupaten Bone","73.08.13","Lamuru","73.08.13.1001","Lalebata"
"73","Sulawesi Selatan","73.08","Kabupaten Bone","73.08.13","Lamuru","73.08.13.2002","Mattampa Walie"
"73","Sulawesi Selatan","73.08","Kabupaten Bone","73.08.13","Lamuru","73.08.13.2003","Poleonro"
"73","Sulawesi Selatan","73.08","Kabupaten Bone","73.08.13","Lamuru","73.08.13.2004","Sengeng Palie"
"73","Sulawesi Selatan","73.08","Kabupaten Bone","73.08.13","Lamuru","73.08.13.2005","Mattampa Bulu"
"73","Sulawesi Selatan","73.08","Kabupaten Bone","73.08.13","Lamuru","73.08.13.2006","Turu Cinnae"
"73","Sulawesi Selatan","73.08","Kabupaten Bone","73.08.13","Lamuru","73.08.13.2007","Seberang"
"73","Sulawesi Selatan","73.08","Kabupaten Bone","73.08.13","Lamuru","73.08.13.2008","Massenreng pulu"
"73","Sulawesi Selatan","73.08","Kabupaten Bone","73.08.13","Lamuru","73.08.13.2009","Mamminasae"
"73","Sulawesi Selatan","73.08","Kabupaten Bone","73.08.13","Lamuru","73.08.13.2010","Padaelo"
"73","Sulawesi Selatan","73.08","Kabupaten Bone","73.08.13","Lamuru","73.08.13.2011","Barugae"
"73","Sulawesi Selatan","73.08","Kabupaten Bone","73.08.13","Lamuru","73.08.13.2012","Barakkae"
"73","Sulawesi Selatan","73.08","Kabupaten Bone","73.08.14","Ulaweng","73.08.14.1001","Cinnong"
"73","Sulawesi Selatan","73.08","Kabupaten Bone","73.08.14","Ulaweng","73.08.14.2002","Lilina Ajangale"
"73","Sulawesi Selatan","73.08","Kabupaten Bone","73.08.14","Ulaweng","73.08.14.2003","Cani Sirenreng"
"73","Sulawesi Selatan","73.08","Kabupaten Bone","73.08.14","Ulaweng","73.08.14.2004","Ulaweng Cinnong"
"73","Sulawesi Selatan","73.08","Kabupaten Bone","73.08.14","Ulaweng","73.08.14.2005","Pallawarukka"
"73","Sulawesi Selatan","73.08","Kabupaten Bone","73.08.14","Ulaweng","73.08.14.2006","Jompie"
"73","Sulawesi Selatan","73.08","Kabupaten Bone","73.08.14","Ulaweng","73.08.14.2007","Sappewalie"
"73","Sulawesi Selatan","73.08","Kabupaten Bone","73.08.14","Ulaweng","73.08.14.2008","Lamakkaraseng"
"73","Sulawesi Selatan","73.08","Kabupaten Bone","73.08.14","Ulaweng","73.08.14.2009","Mula Menree"
"73","Sulawesi Selatan","73.08","Kabupaten Bone","73.08.14","Ulaweng","73.08.14.2010","Tea Musu"
"73","Sulawesi Selatan","73.08","Kabupaten Bone","73.08.14","Ulaweng","73.08.14.2011","Tea Malala"
"73","Sulawesi Selatan","73.08","Kabupaten Bone","73.08.14","Ulaweng","73.08.14.2012","Galung"
"73","Sulawesi Selatan","73.08","Kabupaten Bone","73.08.14","Ulaweng","73.08.14.2013","Tadang Palie"
"73","Sulawesi Selatan","73.08","Kabupaten Bone","73.08.14","Ulaweng","73.08.14.2014","Timusu"
"73","Sulawesi Selatan","73.08","Kabupaten Bone","73.08.14","Ulaweng","73.08.14.2015","Manurunge"
"73","Sulawesi Selatan","73.08","Kabupaten Bone","73.08.15","Palakka","73.08.15.2001","Cinenung"
"73","Sulawesi Selatan","73.08","Kabupaten Bone","73.08.15","Palakka","73.08.15.2002","Siame"
"73","Sulawesi Selatan","73.08","Kabupaten Bone","73.08.15","Palakka","73.08.15.2003","Pasempe"
"73","Sulawesi Selatan","73.08","Kabupaten Bone","73.08.15","Palakka","73.08.15.2004","Ureng"
"73","Sulawesi Selatan","73.08","Kabupaten Bone","73.08.15","Palakka","73.08.15.2005","Usa"
"73","Sulawesi Selatan","73.08","Kabupaten Bone","73.08.15","Palakka","73.08.15.2006","Mico"
"73","Sulawesi Selatan","73.08","Kabupaten Bone","73.08.15","Palakka","73.08.15.2007","Bainang"
"73","Sulawesi Selatan","73.08","Kabupaten Bone","73.08.15","Palakka","73.08.15.2008","Passippo"
"73","Sulawesi Selatan","73.08","Kabupaten Bone","73.08.15","Palakka","73.08.15.2009","Tanah Tengnga"
"73","Sulawesi Selatan","73.08","Kabupaten Bone","73.08.15","Palakka","73.08.15.2010","Tirong"
"73","Sulawesi Selatan","73.08","Kabupaten Bone","73.08.15","Palakka","73.08.15.2011","Mattanete Bua"
"73","Sulawesi Selatan","73.08","Kabupaten Bone","73.08.15","Palakka","73.08.15.2012","Maduri"
"73","Sulawesi Selatan","73.08","Kabupaten Bone","73.08.15","Palakka","73.08.15.2013","Melle"
"73","Sulawesi Selatan","73.08","Kabupaten Bone","73.08.15","Palakka","73.08.15.2014","Lemoape"
"73","Sulawesi Selatan","73.08","Kabupaten Bone","73.08.15","Palakka","73.08.15.2015","Panyili"
"73","Sulawesi Selatan","73.08","Kabupaten Bone","73.08.16","Awangpone","73.08.16.1001","Maccope"
"73","Sulawesi Selatan","73.08","Kabupaten Bone","73.08.16","Awangpone","73.08.16.2002","Carebbu"
"73","Sulawesi Selatan","73.08","Kabupaten Bone","73.08.16","Awangpone","73.08.16.2003","Cumpiga"
"73","Sulawesi Selatan","73.08","Kabupaten Bone","73.08.16","Awangpone","73.08.16.2004","Paccing"
"73","Sulawesi Selatan","73.08","Kabupaten Bone","73.08.16","Awangpone","73.08.16.2005","Lattekko"
"73","Sulawesi Selatan","73.08","Kabupaten Bone","73.08.16","Awangpone","73.08.16.2006","Matuju"
"73","Sulawesi Selatan","73.08","Kabupaten Bone","73.08.16","Awangpone","73.08.16.2007","Unra"
"73","Sulawesi Selatan","73.08","Kabupaten Bone","73.08.16","Awangpone","73.08.16.2008","Kading"
"73","Sulawesi Selatan","73.08","Kabupaten Bone","73.08.16","Awangpone","73.08.16.2009","Mallari"
"73","Sulawesi Selatan","73.08","Kabupaten Bone","73.08.16","Awangpone","73.08.16.2010","Kajuara"
"73","Sulawesi Selatan","73.08","Kabupaten Bone","73.08.16","Awangpone","73.08.16.2011","Jaling"
"73","Sulawesi Selatan","73.08","Kabupaten Bone","73.08.16","Awangpone","73.08.16.2012","Bulumpare'e"
"73","Sulawesi Selatan","73.08","Kabupaten Bone","73.08.16","Awangpone","73.08.16.2013","Abbanuang"
"73","Sulawesi Selatan","73.08","Kabupaten Bone","73.08.16","Awangpone","73.08.16.2014","Lappoase"
"73","Sulawesi Selatan","73.08","Kabupaten Bone","73.08.16","Awangpone","73.08.16.2015","Awolagading"
"73","Sulawesi Selatan","73.08","Kabupaten Bone","73.08.16","Awangpone","73.08.16.2016","Carigading"
"73","Sulawesi Selatan","73.08","Kabupaten Bone","73.08.16","Awangpone","73.08.16.2017","Cakke Bone"
"73","Sulawesi Selatan","73.08","Kabupaten Bone","73.08.16","Awangpone","73.08.16.2018","Mappalo Ulaweng"
"73","Sulawesi Selatan","73.08","Kabupaten Bone","73.08.17","Tellu Siattinge","73.08.17.1001","Otting"
"73","Sulawesi Selatan","73.08","Kabupaten Bone","73.08.17","Tellu Siattinge","73.08.17.1002","Tokaseng"
"73","Sulawesi Selatan","73.08","Kabupaten Bone","73.08.17","Tellu Siattinge","73.08.17.2003","Palongki"
"73","Sulawesi Selatan","73.08","Kabupaten Bone","73.08.17","Tellu Siattinge","73.08.17.2004","Tajong"
"73","Sulawesi Selatan","73.08","Kabupaten Bone","73.08.17","Tellu Siattinge","73.08.17.2005","Ulo"
"73","Sulawesi Selatan","73.08","Kabupaten Bone","73.08.17","Tellu Siattinge","73.08.17.2006","Lanca"
"73","Sulawesi Selatan","73.08","Kabupaten Bone","73.08.17","Tellu Siattinge","73.08.17.2007","Itterung"
"73","Sulawesi Selatan","73.08","Kabupaten Bone","73.08.17","Tellu Siattinge","73.08.17.2008","Mattoanging"
"73","Sulawesi Selatan","73.08","Kabupaten Bone","73.08.17","Tellu Siattinge","73.08.17.2009","Lamuru"
"73","Sulawesi Selatan","73.08","Kabupaten Bone","73.08.17","Tellu Siattinge","73.08.17.2010","Waji"
"73","Sulawesi Selatan","73.08","Kabupaten Bone","73.08.17","Tellu Siattinge","73.08.17.2011","Ajjalireng"
"73","Sulawesi Selatan","73.08","Kabupaten Bone","73.08.17","Tellu Siattinge","73.08.17.2012","Sijelling"
"73","Sulawesi Selatan","73.08","Kabupaten Bone","73.08.17","Tellu Siattinge","73.08.17.2013","Lea"
"73","Sulawesi Selatan","73.08","Kabupaten Bone","73.08.17","Tellu Siattinge","73.08.17.2014","Padaidi"
"73","Sulawesi Selatan","73.08","Kabupaten Bone","73.08.17","Tellu Siattinge","73.08.17.2015","Pongka"
"73","Sulawesi Selatan","73.08","Kabupaten Bone","73.08.17","Tellu Siattinge","73.08.17.2016","Lappae"
"73","Sulawesi Selatan","73.08","Kabupaten Bone","73.08.17","Tellu Siattinge","73.08.17.2017","Patangnga"
"73","Sulawesi Selatan","73.08","Kabupaten Bone","73.08.18","Ajangale","73.08.18.1001","Pompanua"
"73","Sulawesi Selatan","73.08","Kabupaten Bone","73.08.18","Ajangale","73.08.18.1002","Pompanua Riattang"
"73","Sulawesi Selatan","73.08","Kabupaten Bone","73.08.18","Ajangale","73.08.18.2003","Welado"
"73","Sulawesi Selatan","73.08","Kabupaten Bone","73.08.18","Ajangale","73.08.18.2004","Pinceng Pute"
"73","Sulawesi Selatan","73.08","Kabupaten Bone","73.08.18","Ajangale","73.08.18.2005","Opo"
"73","Sulawesi Selatan","73.08","Kabupaten Bone","73.08.18","Ajangale","73.08.18.2006","Labissa"
"73","Sulawesi Selatan","73.08","Kabupaten Bone","73.08.18","Ajangale","73.08.18.2007","Timurung"
"73","Sulawesi Selatan","73.08","Kabupaten Bone","73.08.18","Ajangale","73.08.18.2008","Leppangeng"
"73","Sulawesi Selatan","73.08","Kabupaten Bone","73.08.18","Ajangale","73.08.18.2009","Allamungeng Patue"
"73","Sulawesi Selatan","73.08","Kabupaten Bone","73.08.18","Ajangale","73.08.18.2010","Amessangeng"
"73","Sulawesi Selatan","73.08","Kabupaten Bone","73.08.18","Ajangale","73.08.18.2011","Lebbae"
"73","Sulawesi Selatan","73.08","Kabupaten Bone","73.08.18","Ajangale","73.08.18.2012","Manciri"
"73","Sulawesi Selatan","73.08","Kabupaten Bone","73.08.18","Ajangale","73.08.18.2013","Telle"
"73","Sulawesi Selatan","73.08","Kabupaten Bone","73.08.18","Ajangale","73.08.18.2014","Pacciro"
"73","Sulawesi Selatan","73.08","Kabupaten Bone","73.08.19","Dua Boccoe","73.08.19.1001","Unyi"
"73","Sulawesi Selatan","73.08","Kabupaten Bone","73.08.19","Dua Boccoe","73.08.19.2002","Mario"
"73","Sulawesi Selatan","73.08","Kabupaten Bone","73.08.19","Dua Boccoe","73.08.19.2003","Laccori"
"73","Sulawesi Selatan","73.08","Kabupaten Bone","73.08.19","Dua Boccoe","73.08.19.2004","Pattiro"
"73","Sulawesi Selatan","73.08","Kabupaten Bone","73.08.19","Dua Boccoe","73.08.19.2005","Cabbeng"
"73","Sulawesi Selatan","73.08","Kabupaten Bone","73.08.19","Dua Boccoe","73.08.19.2006","Panyili"
"73","Sulawesi Selatan","73.08","Kabupaten Bone","73.08.19","Dua Boccoe","73.08.19.2007","Sanrangeng"
"73","Sulawesi Selatan","73.08","Kabupaten Bone","73.08.19","Dua Boccoe","73.08.19.2008","Sailong"
"73","Sulawesi Selatan","73.08","Kabupaten Bone","73.08.19","Dua Boccoe","73.08.19.2009","Melle"
"73","Sulawesi Selatan","73.08","Kabupaten Bone","73.08.19","Dua Boccoe","73.08.19.2010","Pakkasalo"
"73","Sulawesi Selatan","73.08","Kabupaten Bone","73.08.19","Dua Boccoe","73.08.19.2011","Tawaroe"
"73","Sulawesi Selatan","73.08","Kabupaten Bone","73.08.19","Dua Boccoe","73.08.19.2012","Uloe"
"73","Sulawesi Selatan","73.08","Kabupaten Bone","73.08.19","Dua Boccoe","73.08.19.2013","Ujung"
"73","Sulawesi Selatan","73.08","Kabupaten Bone","73.08.19","Dua Boccoe","73.08.19.2014","Padacenga"
"73","Sulawesi Selatan","73.08","Kabupaten Bone","73.08.19","Dua Boccoe","73.08.19.2015","Lallatang"
"73","Sulawesi Selatan","73.08","Kabupaten Bone","73.08.19","Dua Boccoe","73.08.19.2016","Kampoti"
"73","Sulawesi Selatan","73.08","Kabupaten Bone","73.08.19","Dua Boccoe","73.08.19.2017","Praja Maju"
"73","Sulawesi Selatan","73.08","Kabupaten Bone","73.08.19","Dua Boccoe","73.08.19.2018","Tocina"
"73","Sulawesi Selatan","73.08","Kabupaten Bone","73.08.19","Dua Boccoe","73.08.19.2019","Tempe"
"73","Sulawesi Selatan","73.08","Kabupaten Bone","73.08.19","Dua Boccoe","73.08.19.2020","Solo"
"73","Sulawesi Selatan","73.08","Kabupaten Bone","73.08.19","Dua Boccoe","73.08.19.2021","Watang Padacenga"
"73","Sulawesi Selatan","73.08","Kabupaten Bone","73.08.19","Dua Boccoe","73.08.19.2022","Matajang"
"73","Sulawesi Selatan","73.08","Kabupaten Bone","73.08.20","Cenrana","73.08.20.1001","Cenrana"
"73","Sulawesi Selatan","73.08","Kabupaten Bone","73.08.20","Cenrana","73.08.20.2002","Pacubbe"
"73","Sulawesi Selatan","73.08","Kabupaten Bone","73.08.20","Cenrana","73.08.20.2003","Panyiwi"
"73","Sulawesi Selatan","73.08","Kabupaten Bone","73.08.20","Cenrana","73.08.20.2004","Latonro"
"73","Sulawesi Selatan","73.08","Kabupaten Bone","73.08.20","Cenrana","73.08.20.2005","Watu"
"73","Sulawesi Selatan","73.08","Kabupaten Bone","73.08.20","Cenrana","73.08.20.2006","Nagauleng"
"73","Sulawesi Selatan","73.08","Kabupaten Bone","73.08.20","Cenrana","73.08.20.2007","Cakkeware"
"73","Sulawesi Selatan","73.08","Kabupaten Bone","73.08.20","Cenrana","73.08.20.2008","Pallime"
"73","Sulawesi Selatan","73.08","Kabupaten Bone","73.08.20","Cenrana","73.08.20.2009","Laoni"
"73","Sulawesi Selatan","73.08","Kabupaten Bone","73.08.20","Cenrana","73.08.20.2010","Labotto"
"73","Sulawesi Selatan","73.08","Kabupaten Bone","73.08.20","Cenrana","73.08.20.2011","Awang Cenrana"
"73","Sulawesi Selatan","73.08","Kabupaten Bone","73.08.20","Cenrana","73.08.20.2012","Labongnge"
"73","Sulawesi Selatan","73.08","Kabupaten Bone","73.08.20","Cenrana","73.08.20.2013","Ajalasse"
"73","Sulawesi Selatan","73.08","Kabupaten Bone","73.08.20","Cenrana","73.08.20.2014","Pusungnge"
"73","Sulawesi Selatan","73.08","Kabupaten Bone","73.08.20","Cenrana","73.08.20.2015","Pallae"
"73","Sulawesi Selatan","73.08","Kabupaten Bone","73.08.20","Cenrana","73.08.20.2016","Watang Ta"
"73","Sulawesi Selatan","73.08","Kabupaten Bone","73.08.21","Tanete Riattang","73.08.21.1001","Biru"
"73","Sulawesi Selatan","73.08","Kabupaten Bone","73.08.21","Tanete Riattang","73.08.21.1002","Ta"
"73","Sulawesi Selatan","73.08","Kabupaten Bone","73.08.21","Tanete Riattang","73.08.21.1003","Watampone"
"73","Sulawesi Selatan","73.08","Kabupaten Bone","73.08.21","Tanete Riattang","73.08.21.1004","Bukaka"
"73","Sulawesi Selatan","73.08","Kabupaten Bone","73.08.21","Tanete Riattang","73.08.21.1005","Pappolo"
"73","Sulawesi Selatan","73.08","Kabupaten Bone","73.08.21","Tanete Riattang","73.08.21.1006","Manurunge"
"73","Sulawesi Selatan","73.08","Kabupaten Bone","73.08.21","Tanete Riattang","73.08.21.1007","Walanae"
"73","Sulawesi Selatan","73.08","Kabupaten Bone","73.08.21","Tanete Riattang","73.08.21.1008","Masumpu"
"73","Sulawesi Selatan","73.08","Kabupaten Bone","73.08.22","Tanete Riattang Barat","73.08.22.1001","Macege"
"73","Sulawesi Selatan","73.08","Kabupaten Bone","73.08.22","Tanete Riattang Barat","73.08.22.1002","Matirro Walie"
"73","Sulawesi Selatan","73.08","Kabupaten Bone","73.08.22","Tanete Riattang Barat","73.08.22.1003","Macanang"
"73","Sulawesi Selatan","73.08","Kabupaten Bone","73.08.22","Tanete Riattang Barat","73.08.22.1004","Majang"
"73","Sulawesi Selatan","73.08","Kabupaten Bone","73.08.22","Tanete Riattang Barat","73.08.22.1005","Bulu Tempe"
"73","Sulawesi Selatan","73.08","Kabupaten Bone","73.08.22","Tanete Riattang Barat","73.08.22.1006","Jeppee"
"73","Sulawesi Selatan","73.08","Kabupaten Bone","73.08.22","Tanete Riattang Barat","73.08.22.1007","Polewali"
"73","Sulawesi Selatan","73.08","Kabupaten Bone","73.08.22","Tanete Riattang Barat","73.08.22.1008","Watang Palakka"
"73","Sulawesi Selatan","73.08","Kabupaten Bone","73.08.23","Tanete Riattang Timur","73.08.23.1001","Bajoe"
"73","Sulawesi Selatan","73.08","Kabupaten Bone","73.08.23","Tanete Riattang Timur","73.08.23.1002","Cellu"
"73","Sulawesi Selatan","73.08","Kabupaten Bone","73.08.23","Tanete Riattang Timur","73.08.23.1003","Panyula"
"73","Sulawesi Selatan","73.08","Kabupaten Bone","73.08.23","Tanete Riattang Timur","73.08.23.1004","Waetuo"
"73","Sulawesi Selatan","73.08","Kabupaten Bone","73.08.23","Tanete Riattang Timur","73.08.23.1005","Palette"
"73","Sulawesi Selatan","73.08","Kabupaten Bone","73.08.23","Tanete Riattang Timur","73.08.23.1006","Tipojong"
"73","Sulawesi Selatan","73.08","Kabupaten Bone","73.08.23","Tanete Riattang Timur","73.08.23.1007","Toro"
"73","Sulawesi Selatan","73.08","Kabupaten Bone","73.08.23","Tanete Riattang Timur","73.08.23.1008","Lonrae"
"73","Sulawesi Selatan","73.08","Kabupaten Bone","73.08.24","Amali","73.08.24.1015","Mampotu"
"73","Sulawesi Selatan","73.08","Kabupaten Bone","73.08.24","Amali","73.08.24.2001","Liliriattang"
"73","Sulawesi Selatan","73.08","Kabupaten Bone","73.08.24","Amali","73.08.24.2002","Mattaropurae"
"73","Sulawesi Selatan","73.08","Kabupaten Bone","73.08.24","Amali","73.08.24.2003","Ulaweng Riaja"
"73","Sulawesi Selatan","73.08","Kabupaten Bone","73.08.24","Amali","73.08.24.2004","Waempubbu"
"73","Sulawesi Selatan","73.08","Kabupaten Bone","73.08.24","Amali","73.08.24.2005","Waemputtange"
"73","Sulawesi Selatan","73.08","Kabupaten Bone","73.08.24","Amali","73.08.24.2006","Amali Riattang"
"73","Sulawesi Selatan","73.08","Kabupaten Bone","73.08.24","Amali","73.08.24.2007","Tassipi"
"73","Sulawesi Selatan","73.08","Kabupaten Bone","73.08.24","Amali","73.08.24.2008","Wellulang"
"73","Sulawesi Selatan","73.08","Kabupaten Bone","73.08.24","Amali","73.08.24.2009","Benteng Tellue"
"73","Sulawesi Selatan","73.08","Kabupaten Bone","73.08.24","Amali","73.08.24.2010","Tacipong"
"73","Sulawesi Selatan","73.08","Kabupaten Bone","73.08.24","Amali","73.08.24.2011","Laponrong"
"73","Sulawesi Selatan","73.08","Kabupaten Bone","73.08.24","Amali","73.08.24.2012","Ajanglaleng"
"73","Sulawesi Selatan","73.08","Kabupaten Bone","73.08.24","Amali","73.08.24.2013","Tocinnong"
"73","Sulawesi Selatan","73.08","Kabupaten Bone","73.08.24","Amali","73.08.24.2014","Bila"
"73","Sulawesi Selatan","73.08","Kabupaten Bone","73.08.25","Tellulimpoe","73.08.25.2001","Tellang Kere"
"73","Sulawesi Selatan","73.08","Kabupaten Bone","73.08.25","Tellulimpoe","73.08.25.2002","Lagori"
"73","Sulawesi Selatan","73.08","Kabupaten Bone","73.08.25","Tellulimpoe","73.08.25.2003","Gaya Baru"
"73","Sulawesi Selatan","73.08","Kabupaten Bone","73.08.25","Tellulimpoe","73.08.25.2004","Tapong"
"73","Sulawesi Selatan","73.08","Kabupaten Bone","73.08.25","Tellulimpoe","73.08.25.2005","Sadar"
"73","Sulawesi Selatan","73.08","Kabupaten Bone","73.08.25","Tellulimpoe","73.08.25.2006","Tondong"
"73","Sulawesi Selatan","73.08","Kabupaten Bone","73.08.25","Tellulimpoe","73.08.25.2007","Samaenre"
"73","Sulawesi Selatan","73.08","Kabupaten Bone","73.08.25","Tellulimpoe","73.08.25.2008","Bonto Masunggu"
"73","Sulawesi Selatan","73.08","Kabupaten Bone","73.08.25","Tellulimpoe","73.08.25.2009","Pallawa"
"73","Sulawesi Selatan","73.08","Kabupaten Bone","73.08.25","Tellulimpoe","73.08.25.2010","Polewali"
"73","Sulawesi Selatan","73.08","Kabupaten Bone","73.08.25","Tellulimpoe","73.08.25.2011","Batu Putih"
"73","Sulawesi Selatan","73.08","Kabupaten Bone","73.08.26","Bengo","73.08.26.2001","Samaenre"
"73","Sulawesi Selatan","73.08","Kabupaten Bone","73.08.26","Bengo","73.08.26.2002","Tungke"
"73","Sulawesi Selatan","73.08","Kabupaten Bone","73.08.26","Bengo","73.08.26.2003","Selli"
"73","Sulawesi Selatan","73.08","Kabupaten Bone","73.08.26","Bengo","73.08.26.2004","Bengo"
"73","Sulawesi Selatan","73.08","Kabupaten Bone","73.08.26","Bengo","73.08.26.2005","Mattaropuli"
"73","Sulawesi Selatan","73.08","Kabupaten Bone","73.08.26","Bengo","73.08.26.2006","Lili Riawang"
"73","Sulawesi Selatan","73.08","Kabupaten Bone","73.08.26","Bengo","73.08.26.2007","Walimpong"
"73","Sulawesi Selatan","73.08","Kabupaten Bone","73.08.26","Bengo","73.08.26.2008","Bulu Allaporenge"
"73","Sulawesi Selatan","73.08","Kabupaten Bone","73.08.26","Bengo","73.08.26.2009","Mattirowalie"
"73","Sulawesi Selatan","73.08","Kabupaten Bone","73.08.27","Patimpeng","73.08.27.2001","Patimpeng"
"73","Sulawesi Selatan","73.08","Kabupaten Bone","73.08.27","Patimpeng","73.08.27.2002","Latellang"
"73","Sulawesi Selatan","73.08","Kabupaten Bone","73.08.27","Patimpeng","73.08.27.2003","Maddenreng Pulu"
"73","Sulawesi Selatan","73.08","Kabupaten Bone","73.08.27","Patimpeng","73.08.27.2004","Masago"
"73","Sulawesi Selatan","73.08","Kabupaten Bone","73.08.27","Patimpeng","73.08.27.2005","Batu Lappa"
"73","Sulawesi Selatan","73.08","Kabupaten Bone","73.08.27","Patimpeng","73.08.27.2006","Paccing"
"73","Sulawesi Selatan","73.08","Kabupaten Bone","73.08.27","Patimpeng","73.08.27.2007","Massila"
"73","Sulawesi Selatan","73.08","Kabupaten Bone","73.08.27","Patimpeng","73.08.27.2008","Talabangi"
"73","Sulawesi Selatan","73.08","Kabupaten Bone","73.08.27","Patimpeng","73.08.27.2009","Pationgi"
"73","Sulawesi Selatan","73.08","Kabupaten Bone","73.08.27","Patimpeng","73.08.27.2010","Bulu Ulaweng"
"73","Sulawesi Selatan","73.09","Kabupaten Maros","73.09.01","Mandai","73.09.01.1001","Hasanuddin"
"73","Sulawesi Selatan","73.09","Kabupaten Maros","73.09.01","Mandai","73.09.01.1002","Bontoa"
"73","Sulawesi Selatan","73.09","Kabupaten Maros","73.09.01","Mandai","73.09.01.2003","Tenrigangkae"
"73","Sulawesi Selatan","73.09","Kabupaten Maros","73.09.01","Mandai","73.09.01.2004","Pattontongang"
"73","Sulawesi Selatan","73.09","Kabupaten Maros","73.09.01","Mandai","73.09.01.2005","Bonto Mate'ne"
"73","Sulawesi Selatan","73.09","Kabupaten Maros","73.09.01","Mandai","73.09.01.2006","Baji Mangngai"
"73","Sulawesi Selatan","73.09","Kabupaten Maros","73.09.02","Camba","73.09.02.1001","Cempaniga"
"73","Sulawesi Selatan","73.09","Kabupaten Maros","73.09.02","Camba","73.09.02.1002","Mario Pulana"
"73","Sulawesi Selatan","73.09","Kabupaten Maros","73.09.02","Camba","73.09.02.2003","Timpuseng"
"73","Sulawesi Selatan","73.09","Kabupaten Maros","73.09.02","Camba","73.09.02.2004","Cenrana"
"73","Sulawesi Selatan","73.09","Kabupaten Maros","73.09.02","Camba","73.09.02.2005","Sawaru"
"73","Sulawesi Selatan","73.09","Kabupaten Maros","73.09.02","Camba","73.09.02.2006","Patanyamang"
"73","Sulawesi Selatan","73.09","Kabupaten Maros","73.09.02","Camba","73.09.02.2007","Pattiro Deceng"
"73","Sulawesi Selatan","73.09","Kabupaten Maros","73.09.02","Camba","73.09.02.2008","Benteng"
"73","Sulawesi Selatan","73.09","Kabupaten Maros","73.09.03","Bantimurung","73.09.03.1001","Kalabbirang"
"73","Sulawesi Selatan","73.09","Kabupaten Maros","73.09.03","Bantimurung","73.09.03.1002","Leang-Leang"
"73","Sulawesi Selatan","73.09","Kabupaten Maros","73.09.03","Bantimurung","73.09.03.2003","Alatengae"
"73","Sulawesi Selatan","73.09","Kabupaten Maros","73.09.03","Bantimurung","73.09.03.2004","Minasa Baji"
"73","Sulawesi Selatan","73.09","Kabupaten Maros","73.09.03","Bantimurung","73.09.03.2005","Tukamasea"
"73","Sulawesi Selatan","73.09","Kabupaten Maros","73.09.03","Bantimurung","73.09.03.2006","Mattoanging"
"73","Sulawesi Selatan","73.09","Kabupaten Maros","73.09.03","Bantimurung","73.09.03.2007","Mangeloreng"
"73","Sulawesi Selatan","73.09","Kabupaten Maros","73.09.03","Bantimurung","73.09.03.2008","Baruga"
"73","Sulawesi Selatan","73.09","Kabupaten Maros","73.09.04","Maros Baru","73.09.04.1001","Baji Pa'mai"
"73","Sulawesi Selatan","73.09","Kabupaten Maros","73.09.04","Maros Baru","73.09.04.1002","Pallantikang"
"73","Sulawesi Selatan","73.09","Kabupaten Maros","73.09.04","Maros Baru","73.09.04.1003","Baju Bodoa"
"73","Sulawesi Selatan","73.09","Kabupaten Maros","73.09.04","Maros Baru","73.09.04.2004","Borikamase"
"73","Sulawesi Selatan","73.09","Kabupaten Maros","73.09.04","Maros Baru","73.09.04.2005","Mattirotasi"
"73","Sulawesi Selatan","73.09","Kabupaten Maros","73.09.04","Maros Baru","73.09.04.2006","Majannang"
"73","Sulawesi Selatan","73.09","Kabupaten Maros","73.09.04","Maros Baru","73.09.04.2007","Borimasunggu"
"73","Sulawesi Selatan","73.09","Kabupaten Maros","73.09.05","Bontoa","73.09.05.1001","Bontoa"
"73","Sulawesi Selatan","73.09","Kabupaten Maros","73.09.05","Bontoa","73.09.05.2002","Pajjukukang"
"73","Sulawesi Selatan","73.09","Kabupaten Maros","73.09.05","Bontoa","73.09.05.2003","Tunikamaseang"
"73","Sulawesi Selatan","73.09","Kabupaten Maros","73.09.05","Bontoa","73.09.05.2004","Tupabbiring"
"73","Sulawesi Selatan","73.09","Kabupaten Maros","73.09.05","Bontoa","73.09.05.2005","Botolempangang"
"73","Sulawesi Selatan","73.09","Kabupaten Maros","73.09.05","Bontoa","73.09.05.2006","Salenrang"
"73","Sulawesi Selatan","73.09","Kabupaten Maros","73.09.05","Bontoa","73.09.05.2007","Minasa Upa"
"73","Sulawesi Selatan","73.09","Kabupaten Maros","73.09.05","Bontoa","73.09.05.2008","Ampekale"
"73","Sulawesi Selatan","73.09","Kabupaten Maros","73.09.05","Bontoa","73.09.05.2009","Bonto Bahari"
"73","Sulawesi Selatan","73.09","Kabupaten Maros","73.09.06","Malllawa","73.09.06.1001","Sabila"
"73","Sulawesi Selatan","73.09","Kabupaten Maros","73.09.06","Malllawa","73.09.06.2002","Padaelo"
"73","Sulawesi Selatan","73.09","Kabupaten Maros","73.09.06","Malllawa","73.09.06.2003","Batu Putih"
"73","Sulawesi Selatan","73.09","Kabupaten Maros","73.09.06","Malllawa","73.09.06.2004","Wanua Waru"
"73","Sulawesi Selatan","73.09","Kabupaten Maros","73.09.06","Malllawa","73.09.06.2005","Telumpanuae"
"73","Sulawesi Selatan","73.09","Kabupaten Maros","73.09.06","Malllawa","73.09.06.2006","Samaenre"
"73","Sulawesi Selatan","73.09","Kabupaten Maros","73.09.06","Malllawa","73.09.06.2007","Bentenge"
"73","Sulawesi Selatan","73.09","Kabupaten Maros","73.09.06","Malllawa","73.09.06.2008","Mattampapole"
"73","Sulawesi Selatan","73.09","Kabupaten Maros","73.09.06","Malllawa","73.09.06.2009","Uludaya"
"73","Sulawesi Selatan","73.09","Kabupaten Maros","73.09.06","Malllawa","73.09.06.2010","Gattareng Matinggi"
"73","Sulawesi Selatan","73.09","Kabupaten Maros","73.09.06","Malllawa","73.09.06.2011","Barugae"
"73","Sulawesi Selatan","73.09","Kabupaten Maros","73.09.07","Tanralili","73.09.07.1001","Borong"
"73","Sulawesi Selatan","73.09","Kabupaten Maros","73.09.07","Tanralili","73.09.07.2002","Allaere"
"73","Sulawesi Selatan","73.09","Kabupaten Maros","73.09.07","Tanralili","73.09.07.2003","Toddopulia"
"73","Sulawesi Selatan","73.09","Kabupaten Maros","73.09.07","Tanralili","73.09.07.2004","Kurusumange"
"73","Sulawesi Selatan","73.09","Kabupaten Maros","73.09.07","Tanralili","73.09.07.2005","Lekopancing"
"73","Sulawesi Selatan","73.09","Kabupaten Maros","73.09.07","Tanralili","73.09.07.2006","Damai"
"73","Sulawesi Selatan","73.09","Kabupaten Maros","73.09.07","Tanralili","73.09.07.2007","Sudirman"
"73","Sulawesi Selatan","73.09","Kabupaten Maros","73.09.07","Tanralili","73.09.07.2008","Purnakarya"
"73","Sulawesi Selatan","73.09","Kabupaten Maros","73.09.08","Marusu","73.09.08.2001","Temmapaduae"
"73","Sulawesi Selatan","73.09","Kabupaten Maros","73.09.08","Marusu","73.09.08.2002","Nisombalia"
"73","Sulawesi Selatan","73.09","Kabupaten Maros","73.09.08","Marusu","73.09.08.2003","Tellumpoccoe"
"73","Sulawesi Selatan","73.09","Kabupaten Maros","73.09.08","Marusu","73.09.08.2004","Ma'rumpa"
"73","Sulawesi Selatan","73.09","Kabupaten Maros","73.09.08","Marusu","73.09.08.2005","Bonto Mate'ne"
"73","Sulawesi Selatan","73.09","Kabupaten Maros","73.09.08","Marusu","73.09.08.2006","Abbulosibatang"
"73","Sulawesi Selatan","73.09","Kabupaten Maros","73.09.08","Marusu","73.09.08.2007","Pabbentengang"
"73","Sulawesi Selatan","73.09","Kabupaten Maros","73.09.09","Simbang","73.09.09.2001","Jenetaesa"
"73","Sulawesi Selatan","73.09","Kabupaten Maros","73.09.09","Simbang","73.09.09.2002","Bonto Tallasa"
"73","Sulawesi Selatan","73.09","Kabupaten Maros","73.09.09","Simbang","73.09.09.2003","Sambueja"
"73","Sulawesi Selatan","73.09","Kabupaten Maros","73.09.09","Simbang","73.09.09.2004","Tanete"
"73","Sulawesi Selatan","73.09","Kabupaten Maros","73.09.09","Simbang","73.09.09.2005","Samangki"
"73","Sulawesi Selatan","73.09","Kabupaten Maros","73.09.09","Simbang","73.09.09.2006","Simbang"
"73","Sulawesi Selatan","73.09","Kabupaten Maros","73.09.10","Cenrana","73.09.10.2001","Laiya"
"73","Sulawesi Selatan","73.09","Kabupaten Maros","73.09.10","Cenrana","73.09.10.2002","Labuaja"
"73","Sulawesi Selatan","73.09","Kabupaten Maros","73.09.10","Cenrana","73.09.10.2003","Limampoccoe"
"73","Sulawesi Selatan","73.09","Kabupaten Maros","73.09.10","Cenrana","73.09.10.2004","Lebbo Tengae"
"73","Sulawesi Selatan","73.09","Kabupaten Maros","73.09.10","Cenrana","73.09.10.2005","Rompegading"
"73","Sulawesi Selatan","73.09","Kabupaten Maros","73.09.10","Cenrana","73.09.10.2006","Baji pa'mai"
"73","Sulawesi Selatan","73.09","Kabupaten Maros","73.09.10","Cenrana","73.09.10.2007","Cenrana Baru"
"73","Sulawesi Selatan","73.09","Kabupaten Maros","73.09.11","Tompobulu","73.09.11.2001","Tompobulu"
"73","Sulawesi Selatan","73.09","Kabupaten Maros","73.09.11","Tompobulu","73.09.11.2002","Benteng Gajah"
"73","Sulawesi Selatan","73.09","Kabupaten Maros","73.09.11","Tompobulu","73.09.11.2003","Bonto Manai"
"73","Sulawesi Selatan","73.09","Kabupaten Maros","73.09.11","Tompobulu","73.09.11.2004","Bonto Somba"
"73","Sulawesi Selatan","73.09","Kabupaten Maros","73.09.11","Tompobulu","73.09.11.2005","Toddolimae"
"73","Sulawesi Selatan","73.09","Kabupaten Maros","73.09.11","Tompobulu","73.09.11.2006","Pucak"
"73","Sulawesi Selatan","73.09","Kabupaten Maros","73.09.11","Tompobulu","73.09.11.2007","Bonto Matinggi"
"73","Sulawesi Selatan","73.09","Kabupaten Maros","73.09.11","Tompobulu","73.09.11.2008","Bonto Manurung"
"73","Sulawesi Selatan","73.09","Kabupaten Maros","73.09.12","Lau","73.09.12.1001","Allepolea"
"73","Sulawesi Selatan","73.09","Kabupaten Maros","73.09.12","Lau","73.09.12.1002","Maccini Baji"
"73","Sulawesi Selatan","73.09","Kabupaten Maros","73.09.12","Lau","73.09.12.1003","Soreang"
"73","Sulawesi Selatan","73.09","Kabupaten Maros","73.09.12","Lau","73.09.12.1004","Mattirodeceng"
"73","Sulawesi Selatan","73.09","Kabupaten Maros","73.09.12","Lau","73.09.12.2005","Marannu"
"73","Sulawesi Selatan","73.09","Kabupaten Maros","73.09.12","Lau","73.09.12.2006","Tengkuru"
"73","Sulawesi Selatan","73.09","Kabupaten Maros","73.09.13","Moncongloe","73.09.13.2001","Moncongloe"
"73","Sulawesi Selatan","73.09","Kabupaten Maros","73.09.13","Moncongloe","73.09.13.2002","Moncongloe Bulu"
"73","Sulawesi Selatan","73.09","Kabupaten Maros","73.09.13","Moncongloe","73.09.13.2003","Moncongloe Lappara"
"73","Sulawesi Selatan","73.09","Kabupaten Maros","73.09.13","Moncongloe","73.09.13.2004","Bonto Bunga"
"73","Sulawesi Selatan","73.09","Kabupaten Maros","73.09.13","Moncongloe","73.09.13.2005","Bonto Marannu"
"73","Sulawesi Selatan","73.09","Kabupaten Maros","73.09.14","Turikale","73.09.14.1001","Pettuadae"
"73","Sulawesi Selatan","73.09","Kabupaten Maros","73.09.14","Turikale","73.09.14.1002","Boribellayya"
"73","Sulawesi Selatan","73.09","Kabupaten Maros","73.09.14","Turikale","73.09.14.1003","Alliritengae"
"73","Sulawesi Selatan","73.09","Kabupaten Maros","73.09.14","Turikale","73.09.14.1004","Turikale"
"73","Sulawesi Selatan","73.09","Kabupaten Maros","73.09.14","Turikale","73.09.14.1005","Taroada"
"73","Sulawesi Selatan","73.09","Kabupaten Maros","73.09.14","Turikale","73.09.14.1006","Raya"
"73","Sulawesi Selatan","73.09","Kabupaten Maros","73.09.14","Turikale","73.09.14.1007","Adatongeng"
"73","Sulawesi Selatan","73.10","Kabupaten Pangkajene dan Kepulauan","73.10.01","Liukang Tangaya","73.10.01.1001","Sapuka"
"73","Sulawesi Selatan","73.10","Kabupaten Pangkajene dan Kepulauan","73.10.01","Liukang Tangaya","73.10.01.2002","Sabaru"
"73","Sulawesi Selatan","73.10","Kabupaten Pangkajene dan Kepulauan","73.10.01","Liukang Tangaya","73.10.01.2003","Balo Baloang"
"73","Sulawesi Selatan","73.10","Kabupaten Pangkajene dan Kepulauan","73.10.01","Liukang Tangaya","73.10.01.2004","Sabalana"
"73","Sulawesi Selatan","73.10","Kabupaten Pangkajene dan Kepulauan","73.10.01","Liukang Tangaya","73.10.01.2005","Tampaang"
"73","Sulawesi Selatan","73.10","Kabupaten Pangkajene dan Kepulauan","73.10.01","Liukang Tangaya","73.10.01.2006","Sailus"
"73","Sulawesi Selatan","73.10","Kabupaten Pangkajene dan Kepulauan","73.10.01","Liukang Tangaya","73.10.01.2007","Satanger"
"73","Sulawesi Selatan","73.10","Kabupaten Pangkajene dan Kepulauan","73.10.01","Liukang Tangaya","73.10.01.2008","Kapoposang Bali"
"73","Sulawesi Selatan","73.10","Kabupaten Pangkajene dan Kepulauan","73.10.01","Liukang Tangaya","73.10.01.2009","Poleonro"
"73","Sulawesi Selatan","73.10","Kabupaten Pangkajene dan Kepulauan","73.10.02","Liukang Kalmas","73.10.02.1001","Kalu-Kalukuang"
"73","Sulawesi Selatan","73.10","Kabupaten Pangkajene dan Kepulauan","73.10.02","Liukang Kalmas","73.10.02.2002","Pammas"
"73","Sulawesi Selatan","73.10","Kabupaten Pangkajene dan Kepulauan","73.10.02","Liukang Kalmas","73.10.02.2003","Sabaru"
"73","Sulawesi Selatan","73.10","Kabupaten Pangkajene dan Kepulauan","73.10.02","Liukang Kalmas","73.10.02.2004","Kanyurang"
"73","Sulawesi Selatan","73.10","Kabupaten Pangkajene dan Kepulauan","73.10.02","Liukang Kalmas","73.10.02.2005","Doang-Doangan Lompo"
"73","Sulawesi Selatan","73.10","Kabupaten Pangkajene dan Kepulauan","73.10.02","Liukang Kalmas","73.10.02.2006","Marasende"
"73","Sulawesi Selatan","73.10","Kabupaten Pangkajene dan Kepulauan","73.10.02","Liukang Kalmas","73.10.02.2007","Dewakang"
"73","Sulawesi Selatan","73.10","Kabupaten Pangkajene dan Kepulauan","73.10.03","Liukang Tupabbiring","73.10.03.1001","Mattiro Sompe"
"73","Sulawesi Selatan","73.10","Kabupaten Pangkajene dan Kepulauan","73.10.03","Liukang Tupabbiring","73.10.03.1016","Mattiro Bintang"
"73","Sulawesi Selatan","73.10","Kabupaten Pangkajene dan Kepulauan","73.10.03","Liukang Tupabbiring","73.10.03.2002","Mattiro Deceng"
"73","Sulawesi Selatan","73.10","Kabupaten Pangkajene dan Kepulauan","73.10.03","Liukang Tupabbiring","73.10.03.2003","Mattiro Langi"
"73","Sulawesi Selatan","73.10","Kabupaten Pangkajene dan Kepulauan","73.10.03","Liukang Tupabbiring","73.10.03.2009","Mattiro Matae"
"73","Sulawesi Selatan","73.10","Kabupaten Pangkajene dan Kepulauan","73.10.03","Liukang Tupabbiring","73.10.03.2010","Mattiro Ujung"
"73","Sulawesi Selatan","73.10","Kabupaten Pangkajene dan Kepulauan","73.10.03","Liukang Tupabbiring","73.10.03.2011","Mattiro Dolangeng"
"73","Sulawesi Selatan","73.10","Kabupaten Pangkajene dan Kepulauan","73.10.03","Liukang Tupabbiring","73.10.03.2013","Mattiro Bone"
"73","Sulawesi Selatan","73.10","Kabupaten Pangkajene dan Kepulauan","73.10.03","Liukang Tupabbiring","73.10.03.2015","Mattaro Adae"
"73","Sulawesi Selatan","73.10","Kabupaten Pangkajene dan Kepulauan","73.10.04","Pangkajene","73.10.04.1001","Jagong"
"73","Sulawesi Selatan","73.10","Kabupaten Pangkajene dan Kepulauan","73.10.04","Pangkajene","73.10.04.1002","Mappasaile"
"73","Sulawesi Selatan","73.10","Kabupaten Pangkajene dan Kepulauan","73.10.04","Pangkajene","73.10.04.1003","Pabundukang"
"73","Sulawesi Selatan","73.10","Kabupaten Pangkajene dan Kepulauan","73.10.04","Pangkajene","73.10.04.1004","Anrong Appaka"
"73","Sulawesi Selatan","73.10","Kabupaten Pangkajene dan Kepulauan","73.10.04","Pangkajene","73.10.04.1005","Sibatua"
"73","Sulawesi Selatan","73.10","Kabupaten Pangkajene dan Kepulauan","73.10.04","Pangkajene","73.10.04.1006","Padoang Doangan"
"73","Sulawesi Selatan","73.10","Kabupaten Pangkajene dan Kepulauan","73.10.04","Pangkajene","73.10.04.1007","Tumampua"
"73","Sulawesi Selatan","73.10","Kabupaten Pangkajene dan Kepulauan","73.10.04","Pangkajene","73.10.04.1008","Tekolabbua"
"73","Sulawesi Selatan","73.10","Kabupaten Pangkajene dan Kepulauan","73.10.04","Pangkajene","73.10.04.1009","Bonto Perak"
"73","Sulawesi Selatan","73.10","Kabupaten Pangkajene dan Kepulauan","73.10.05","Balocci","73.10.05.1001","Balleangin"
"73","Sulawesi Selatan","73.10","Kabupaten Pangkajene dan Kepulauan","73.10.05","Balocci","73.10.05.1002","Balocci Baru"
"73","Sulawesi Selatan","73.10","Kabupaten Pangkajene dan Kepulauan","73.10.05","Balocci","73.10.05.1003","Kassi"
"73","Sulawesi Selatan","73.10","Kabupaten Pangkajene dan Kepulauan","73.10.05","Balocci","73.10.05.1004","Tonasa"
"73","Sulawesi Selatan","73.10","Kabupaten Pangkajene dan Kepulauan","73.10.05","Balocci","73.10.05.2005","Tompo Bulu"
"73","Sulawesi Selatan","73.10","Kabupaten Pangkajene dan Kepulauan","73.10.06","Bungoro","73.10.06.1001","Bori Appaka"
"73","Sulawesi Selatan","73.10","Kabupaten Pangkajene dan Kepulauan","73.10.06","Bungoro","73.10.06.1002","Samalewa"
"73","Sulawesi Selatan","73.10","Kabupaten Pangkajene dan Kepulauan","73.10.06","Bungoro","73.10.06.1003","Sapanang"
"73","Sulawesi Selatan","73.10","Kabupaten Pangkajene dan Kepulauan","73.10.06","Bungoro","73.10.06.2004","Bowong Cindea"
"73","Sulawesi Selatan","73.10","Kabupaten Pangkajene dan Kepulauan","73.10.06","Bungoro","73.10.06.2005","Tabo-Tabo"
"73","Sulawesi Selatan","73.10","Kabupaten Pangkajene dan Kepulauan","73.10.06","Bungoro","73.10.06.2006","Mangilu"
"73","Sulawesi Selatan","73.10","Kabupaten Pangkajene dan Kepulauan","73.10.06","Bungoro","73.10.06.2007","Bulu Cindea"
"73","Sulawesi Selatan","73.10","Kabupaten Pangkajene dan Kepulauan","73.10.06","Bungoro","73.10.06.2008","Biring Ere"
"73","Sulawesi Selatan","73.10","Kabupaten Pangkajene dan Kepulauan","73.10.07","Labakkang","73.10.07.1001","Labakkang"
"73","Sulawesi Selatan","73.10","Kabupaten Pangkajene dan Kepulauan","73.10.07","Labakkang","73.10.07.1002","Mangallekana"
"73","Sulawesi Selatan","73.10","Kabupaten Pangkajene dan Kepulauan","73.10.07","Labakkang","73.10.07.1003","Pundata Baji"
"73","Sulawesi Selatan","73.10","Kabupaten Pangkajene dan Kepulauan","73.10.07","Labakkang","73.10.07.1004","Borimasunggu"
"73","Sulawesi Selatan","73.10","Kabupaten Pangkajene dan Kepulauan","73.10.07","Labakkang","73.10.07.2005","Patallassang"
"73","Sulawesi Selatan","73.10","Kabupaten Pangkajene dan Kepulauan","73.10.07","Labakkang","73.10.07.2006","Manakku"
"73","Sulawesi Selatan","73.10","Kabupaten Pangkajene dan Kepulauan","73.10.07","Labakkang","73.10.07.2007","Gentung"
"73","Sulawesi Selatan","73.10","Kabupaten Pangkajene dan Kepulauan","73.10.07","Labakkang","73.10.07.2008","Batara"
"73","Sulawesi Selatan","73.10","Kabupaten Pangkajene dan Kepulauan","73.10.07","Labakkang","73.10.07.2009","Taraweang"
"73","Sulawesi Selatan","73.10","Kabupaten Pangkajene dan Kepulauan","73.10.07","Labakkang","73.10.07.2010","Kanaungan"
"73","Sulawesi Selatan","73.10","Kabupaten Pangkajene dan Kepulauan","73.10.07","Labakkang","73.10.07.2011","Bonto Manai"
"73","Sulawesi Selatan","73.10","Kabupaten Pangkajene dan Kepulauan","73.10.07","Labakkang","73.10.07.2012","Kassiloe"
"73","Sulawesi Selatan","73.10","Kabupaten Pangkajene dan Kepulauan","73.10.07","Labakkang","73.10.07.2013","Bara Batu"
"73","Sulawesi Selatan","73.10","Kabupaten Pangkajene dan Kepulauan","73.10.08","Marang","73.10.08.1001","Bonto-Bonto"
"73","Sulawesi Selatan","73.10","Kabupaten Pangkajene dan Kepulauan","73.10.08","Marang","73.10.08.1002","Talaka"
"73","Sulawesi Selatan","73.10","Kabupaten Pangkajene dan Kepulauan","73.10.08","Marang","73.10.08.1003","Ma'rang"
"73","Sulawesi Selatan","73.10","Kabupaten Pangkajene dan Kepulauan","73.10.08","Marang","73.10.08.1004","Attang Salo"
"73","Sulawesi Selatan","73.10","Kabupaten Pangkajene dan Kepulauan","73.10.08","Marang","73.10.08.2005","Padang Lampe"
"73","Sulawesi Selatan","73.10","Kabupaten Pangkajene dan Kepulauan","73.10.08","Marang","73.10.08.2006","Tamangapa"
"73","Sulawesi Selatan","73.10","Kabupaten Pangkajene dan Kepulauan","73.10.08","Marang","73.10.08.2007","Pitusunggu"
"73","Sulawesi Selatan","73.10","Kabupaten Pangkajene dan Kepulauan","73.10.08","Marang","73.10.08.2008","Pitue"
"73","Sulawesi Selatan","73.10","Kabupaten Pangkajene dan Kepulauan","73.10.08","Marang","73.10.08.2009","Punranga"
"73","Sulawesi Selatan","73.10","Kabupaten Pangkajene dan Kepulauan","73.10.08","Marang","73.10.08.2010","Alesipitto"
"73","Sulawesi Selatan","73.10","Kabupaten Pangkajene dan Kepulauan","73.10.09","Segeri","73.10.09.1001","Bonto Matene"
"73","Sulawesi Selatan","73.10","Kabupaten Pangkajene dan Kepulauan","73.10.09","Segeri","73.10.09.1002","Segeri"
"73","Sulawesi Selatan","73.10","Kabupaten Pangkajene dan Kepulauan","73.10.09","Segeri","73.10.09.1003","Bone"
"73","Sulawesi Selatan","73.10","Kabupaten Pangkajene dan Kepulauan","73.10.09","Segeri","73.10.09.1004","Bawasalo"
"73","Sulawesi Selatan","73.10","Kabupaten Pangkajene dan Kepulauan","73.10.09","Segeri","73.10.09.2005","Baring"
"73","Sulawesi Selatan","73.10","Kabupaten Pangkajene dan Kepulauan","73.10.09","Segeri","73.10.09.2006","Parenreng"
"73","Sulawesi Selatan","73.10","Kabupaten Pangkajene dan Kepulauan","73.10.10","Minasate'ne","73.10.10.1001","Minasa Te'ne"
"73","Sulawesi Selatan","73.10","Kabupaten Pangkajene dan Kepulauan","73.10.10","Minasate'ne","73.10.10.1002","Kalabbirang"
"73","Sulawesi Selatan","73.10","Kabupaten Pangkajene dan Kepulauan","73.10.10","Minasate'ne","73.10.10.1003","Biraeng"
"73","Sulawesi Selatan","73.10","Kabupaten Pangkajene dan Kepulauan","73.10.10","Minasate'ne","73.10.10.1004","Bonto Kio"
"73","Sulawesi Selatan","73.10","Kabupaten Pangkajene dan Kepulauan","73.10.10","Minasate'ne","73.10.10.1005","Bontoa"
"73","Sulawesi Selatan","73.10","Kabupaten Pangkajene dan Kepulauan","73.10.10","Minasate'ne","73.10.10.1006","Bonto Langkasa"
"73","Sulawesi Selatan","73.10","Kabupaten Pangkajene dan Kepulauan","73.10.10","Minasate'ne","73.10.10.2007","Kabba"
"73","Sulawesi Selatan","73.10","Kabupaten Pangkajene dan Kepulauan","73.10.10","Minasate'ne","73.10.10.2008","Panaikang"
"73","Sulawesi Selatan","73.10","Kabupaten Pangkajene dan Kepulauan","73.10.11","Mandalle","73.10.11.2001","Benteng"
"73","Sulawesi Selatan","73.10","Kabupaten Pangkajene dan Kepulauan","73.10.11","Mandalle","73.10.11.2002","Manggalung"
"73","Sulawesi Selatan","73.10","Kabupaten Pangkajene dan Kepulauan","73.10.11","Mandalle","73.10.11.2003","Tamarupa"
"73","Sulawesi Selatan","73.10","Kabupaten Pangkajene dan Kepulauan","73.10.11","Mandalle","73.10.11.2004","Mandalle"
"73","Sulawesi Selatan","73.10","Kabupaten Pangkajene dan Kepulauan","73.10.11","Mandalle","73.10.11.2005","Boddie"
"73","Sulawesi Selatan","73.10","Kabupaten Pangkajene dan Kepulauan","73.10.11","Mandalle","73.10.11.2006","Coppo Tompong"
"73","Sulawesi Selatan","73.10","Kabupaten Pangkajene dan Kepulauan","73.10.12","Tondong Tallasa","73.10.12.2001","Bantimurung"
"73","Sulawesi Selatan","73.10","Kabupaten Pangkajene dan Kepulauan","73.10.12","Tondong Tallasa","73.10.12.2002","Tondongkura"
"73","Sulawesi Selatan","73.10","Kabupaten Pangkajene dan Kepulauan","73.10.12","Tondong Tallasa","73.10.12.2003","Lanne"
"73","Sulawesi Selatan","73.10","Kabupaten Pangkajene dan Kepulauan","73.10.12","Tondong Tallasa","73.10.12.2004","Bulu Tellue"
"73","Sulawesi Selatan","73.10","Kabupaten Pangkajene dan Kepulauan","73.10.12","Tondong Tallasa","73.10.12.2005","Malaka"
"73","Sulawesi Selatan","73.10","Kabupaten Pangkajene dan Kepulauan","73.10.12","Tondong Tallasa","73.10.12.2006","Bonto Birao"
"73","Sulawesi Selatan","73.10","Kabupaten Pangkajene dan Kepulauan","73.10.13","Liukang Tupabbiring Utara","73.10.13.2001","Mattiro Kanja"
"73","Sulawesi Selatan","73.10","Kabupaten Pangkajene dan Kepulauan","73.10.13","Liukang Tupabbiring Utara","73.10.13.2002","Mattiro Baji"
"73","Sulawesi Selatan","73.10","Kabupaten Pangkajene dan Kepulauan","73.10.13","Liukang Tupabbiring Utara","73.10.13.2003","Mattiro Bulu"
"73","Sulawesi Selatan","73.10","Kabupaten Pangkajene dan Kepulauan","73.10.13","Liukang Tupabbiring Utara","73.10.13.2004","Mattiro Bombang"
"73","Sulawesi Selatan","73.10","Kabupaten Pangkajene dan Kepulauan","73.10.13","Liukang Tupabbiring Utara","73.10.13.2005","Mattiro Labangeng"
"73","Sulawesi Selatan","73.10","Kabupaten Pangkajene dan Kepulauan","73.10.13","Liukang Tupabbiring Utara","73.10.13.2006","Mattiro Uleng"
"73","Sulawesi Selatan","73.10","Kabupaten Pangkajene dan Kepulauan","73.10.13","Liukang Tupabbiring Utara","73.10.13.2007","Mattiro Walie"
"73","Sulawesi Selatan","73.11","Kabupaten Barru","73.11.01","Tanete Riaja","73.11.01.1001","Lompo Riaja"
"73","Sulawesi Selatan","73.11","Kabupaten Barru","73.11.01","Tanete Riaja","73.11.01.2002","Harapan"
"73","Sulawesi Selatan","73.11","Kabupaten Barru","73.11.01","Tanete Riaja","73.11.01.2003","Lompo Tengah"
"73","Sulawesi Selatan","73.11","Kabupaten Barru","73.11.01","Tanete Riaja","73.11.01.2004","Kading"
"73","Sulawesi Selatan","73.11","Kabupaten Barru","73.11.01","Tanete Riaja","73.11.01.2005","Libureng"
"73","Sulawesi Selatan","73.11","Kabupaten Barru","73.11.01","Tanete Riaja","73.11.01.2006","Mattirowalie"
"73","Sulawesi Selatan","73.11","Kabupaten Barru","73.11.01","Tanete Riaja","73.11.01.2007","Lempang"
"73","Sulawesi Selatan","73.11","Kabupaten Barru","73.11.02","Tanete Rilau","73.11.02.1001","Lalolang"
"73","Sulawesi Selatan","73.11","Kabupaten Barru","73.11.02","Tanete Rilau","73.11.02.1002","Tanete"
"73","Sulawesi Selatan","73.11","Kabupaten Barru","73.11.02","Tanete Rilau","73.11.02.2003","Pancana"
"73","Sulawesi Selatan","73.11","Kabupaten Barru","73.11.02","Tanete Rilau","73.11.02.2004","Lalabata"
"73","Sulawesi Selatan","73.11","Kabupaten Barru","73.11.02","Tanete Rilau","73.11.02.2005","Corawali"
"73","Sulawesi Selatan","73.11","Kabupaten Barru","73.11.02","Tanete Rilau","73.11.02.2006","Pao Pao"
"73","Sulawesi Selatan","73.11","Kabupaten Barru","73.11.02","Tanete Rilau","73.11.02.2007","Tellumpanua"
"73","Sulawesi Selatan","73.11","Kabupaten Barru","73.11.02","Tanete Rilau","73.11.02.2008","Lipukasi"
"73","Sulawesi Selatan","73.11","Kabupaten Barru","73.11.02","Tanete Rilau","73.11.02.2009","Garessi"
"73","Sulawesi Selatan","73.11","Kabupaten Barru","73.11.02","Tanete Rilau","73.11.02.2010","Lasitae"
"73","Sulawesi Selatan","73.11","Kabupaten Barru","73.11.03","Barru","73.11.03.1001","Coppo"
"73","Sulawesi Selatan","73.11","Kabupaten Barru","73.11.03","Barru","73.11.03.1002","Mangempang"
"73","Sulawesi Selatan","73.11","Kabupaten Barru","73.11.03","Barru","73.11.03.1003","Sumpang Binangae"
"73","Sulawesi Selatan","73.11","Kabupaten Barru","73.11.03","Barru","73.11.03.1004","Sepee"
"73","Sulawesi Selatan","73.11","Kabupaten Barru","73.11.03","Barru","73.11.03.1005","Tuwung"
"73","Sulawesi Selatan","73.11","Kabupaten Barru","73.11.03","Barru","73.11.03.2006","Palakka"
"73","Sulawesi Selatan","73.11","Kabupaten Barru","73.11.03","Barru","73.11.03.2007","Tompo"
"73","Sulawesi Selatan","73.11","Kabupaten Barru","73.11.03","Barru","73.11.03.2008","Anabanua"
"73","Sulawesi Selatan","73.11","Kabupaten Barru","73.11.03","Barru","73.11.03.2009","Galung"
"73","Sulawesi Selatan","73.11","Kabupaten Barru","73.11.03","Barru","73.11.03.2010","Siawung"
"73","Sulawesi Selatan","73.11","Kabupaten Barru","73.11.04","Soppeng Riaja","73.11.04.1001","Kiru Kiru"
"73","Sulawesi Selatan","73.11","Kabupaten Barru","73.11.04","Soppeng Riaja","73.11.04.1002","Mangkoso"
"73","Sulawesi Selatan","73.11","Kabupaten Barru","73.11.04","Soppeng Riaja","73.11.04.2003","Lawallu"
"73","Sulawesi Selatan","73.11","Kabupaten Barru","73.11.04","Soppeng Riaja","73.11.04.2004","Paccekke"
"73","Sulawesi Selatan","73.11","Kabupaten Barru","73.11.04","Soppeng Riaja","73.11.04.2005","Ajakkang"
"73","Sulawesi Selatan","73.11","Kabupaten Barru","73.11.04","Soppeng Riaja","73.11.04.2006","Siddo"
"73","Sulawesi Selatan","73.11","Kabupaten Barru","73.11.04","Soppeng Riaja","73.11.04.2007","Batupute"
"73","Sulawesi Selatan","73.11","Kabupaten Barru","73.11.05","Mallusetasi","73.11.05.1001","Palanro"
"73","Sulawesi Selatan","73.11","Kabupaten Barru","73.11.05","Mallusetasi","73.11.05.1002","Mallawa"
"73","Sulawesi Selatan","73.11","Kabupaten Barru","73.11.05","Mallusetasi","73.11.05.1003","Bojo Baru"
"73","Sulawesi Selatan","73.11","Kabupaten Barru","73.11.05","Mallusetasi","73.11.05.2004","Cilellang"
"73","Sulawesi Selatan","73.11","Kabupaten Barru","73.11.05","Mallusetasi","73.11.05.2005","Manuba"
"73","Sulawesi Selatan","73.11","Kabupaten Barru","73.11.05","Mallusetasi","73.11.05.2006","Nepo"
"73","Sulawesi Selatan","73.11","Kabupaten Barru","73.11.05","Mallusetasi","73.11.05.2007","Kupa"
"73","Sulawesi Selatan","73.11","Kabupaten Barru","73.11.05","Mallusetasi","73.11.05.2008","Bojo"
"73","Sulawesi Selatan","73.11","Kabupaten Barru","73.11.06","Pujananting","73.11.06.1007","Mattappawalie"
"73","Sulawesi Selatan","73.11","Kabupaten Barru","73.11.06","Pujananting","73.11.06.2001","Pujananting"
"73","Sulawesi Selatan","73.11","Kabupaten Barru","73.11.06","Pujananting","73.11.06.2002","Gattareng"
"73","Sulawesi Selatan","73.11","Kabupaten Barru","73.11.06","Pujananting","73.11.06.2003","Pattappa"
"73","Sulawesi Selatan","73.11","Kabupaten Barru","73.11.06","Pujananting","73.11.06.2004","Jangan Jangan"
"73","Sulawesi Selatan","73.11","Kabupaten Barru","73.11.06","Pujananting","73.11.06.2005","Bulo Bulo"
"73","Sulawesi Selatan","73.11","Kabupaten Barru","73.11.06","Pujananting","73.11.06.2006","Bacu Bacu"
"73","Sulawesi Selatan","73.11","Kabupaten Barru","73.11.07","Balusu","73.11.07.1001","Takkalasi"
"73","Sulawesi Selatan","73.11","Kabupaten Barru","73.11.07","Balusu","73.11.07.2002","Balusu"
"73","Sulawesi Selatan","73.11","Kabupaten Barru","73.11.07","Balusu","73.11.07.2003","Lampoko"
"73","Sulawesi Selatan","73.11","Kabupaten Barru","73.11.07","Balusu","73.11.07.2004","Kamiri"
"73","Sulawesi Selatan","73.11","Kabupaten Barru","73.11.07","Balusu","73.11.07.2005","Madello"
"73","Sulawesi Selatan","73.11","Kabupaten Barru","73.11.07","Balusu","73.11.07.2006","Binuang"
"73","Sulawesi Selatan","73.12","Kabupaten Soppeng","73.12.01","Marioriwawo","73.12.01.1001","Labessi"
"73","Sulawesi Selatan","73.12","Kabupaten Soppeng","73.12.01","Marioriwawo","73.12.01.1002","Tettikenrarae"
"73","Sulawesi Selatan","73.12","Kabupaten Soppeng","73.12.01","Marioriwawo","73.12.01.2003","Gattareng"
"73","Sulawesi Selatan","73.12","Kabupaten Soppeng","73.12.01","Marioriwawo","73.12.01.2004","Watu"
"73","Sulawesi Selatan","73.12","Kabupaten Soppeng","73.12.01","Marioriwawo","73.12.01.2005","Goarie"
"73","Sulawesi Selatan","73.12","Kabupaten Soppeng","73.12.01","Marioriwawo","73.12.01.2006","Barae"
"73","Sulawesi Selatan","73.12","Kabupaten Soppeng","73.12.01","Marioriwawo","73.12.01.2007","Marioriaja"
"73","Sulawesi Selatan","73.12","Kabupaten Soppeng","73.12.01","Marioriwawo","73.12.01.2008","Marioritengnga"
"73","Sulawesi Selatan","73.12","Kabupaten Soppeng","73.12.01","Marioriwawo","73.12.01.2009","Mariorilau"
"73","Sulawesi Selatan","73.12","Kabupaten Soppeng","73.12.01","Marioriwawo","73.12.01.2010","Watu Toa"
"73","Sulawesi Selatan","73.12","Kabupaten Soppeng","73.12.01","Marioriwawo","73.12.01.2011","Congko"
"73","Sulawesi Selatan","73.12","Kabupaten Soppeng","73.12.01","Marioriwawo","73.12.01.2012","Gattareng Toa"
"73","Sulawesi Selatan","73.12","Kabupaten Soppeng","73.12.01","Marioriwawo","73.12.01.2013","Soga"
"73","Sulawesi Selatan","73.12","Kabupaten Soppeng","73.12.02","Liliriaja","73.12.02.1001","Appanang"
"73","Sulawesi Selatan","73.12","Kabupaten Soppeng","73.12.02","Liliriaja","73.12.02.1002","Jennae"
"73","Sulawesi Selatan","73.12","Kabupaten Soppeng","73.12.02","Liliriaja","73.12.02.1003","Galung"
"73","Sulawesi Selatan","73.12","Kabupaten Soppeng","73.12.02","Liliriaja","73.12.02.2005","Jampu"
"73","Sulawesi Selatan","73.12","Kabupaten Soppeng","73.12.02","Liliriaja","73.12.02.2006","Pattojo"
"73","Sulawesi Selatan","73.12","Kabupaten Soppeng","73.12.02","Liliriaja","73.12.02.2009","Timusu"
"73","Sulawesi Selatan","73.12","Kabupaten Soppeng","73.12.02","Liliriaja","73.12.02.2010","Rompegading"
"73","Sulawesi Selatan","73.12","Kabupaten Soppeng","73.12.02","Liliriaja","73.12.02.2011","Barang"
"73","Sulawesi Selatan","73.12","Kabupaten Soppeng","73.12.03","Lilirilau","73.12.03.1001","Ujung"
"73","Sulawesi Selatan","73.12","Kabupaten Soppeng","73.12.03","Lilirilau","73.12.03.1002","Cabenge"
"73","Sulawesi Selatan","73.12","Kabupaten Soppeng","73.12.03","Lilirilau","73.12.03.1003","Pajalesang"
"73","Sulawesi Selatan","73.12","Kabupaten Soppeng","73.12.03","Lilirilau","73.12.03.1004","Macanre"
"73","Sulawesi Selatan","73.12","Kabupaten Soppeng","73.12.03","Lilirilau","73.12.03.2005","Abbanuange"
"73","Sulawesi Selatan","73.12","Kabupaten Soppeng","73.12.03","Lilirilau","73.12.03.2006","Tetewatu"
"73","Sulawesi Selatan","73.12","Kabupaten Soppeng","73.12.03","Lilirilau","73.12.03.2007","Baringeng"
"73","Sulawesi Selatan","73.12","Kabupaten Soppeng","73.12.03","Lilirilau","73.12.03.2009","Masing"
"73","Sulawesi Selatan","73.12","Kabupaten Soppeng","73.12.03","Lilirilau","73.12.03.2010","Kebo"
"73","Sulawesi Selatan","73.12","Kabupaten Soppeng","73.12.03","Lilirilau","73.12.03.2011","Parenring"
"73","Sulawesi Selatan","73.12","Kabupaten Soppeng","73.12.03","Lilirilau","73.12.03.2012","Paroto"
"73","Sulawesi Selatan","73.12","Kabupaten Soppeng","73.12.03","Lilirilau","73.12.03.2013","Palangiseng"
"73","Sulawesi Selatan","73.12","Kabupaten Soppeng","73.12.04","Lalabata","73.12.04.1001","Lalabata Rilau"
"73","Sulawesi Selatan","73.12","Kabupaten Soppeng","73.12.04","Lalabata","73.12.04.1002","Ompo"
"73","Sulawesi Selatan","73.12","Kabupaten Soppeng","73.12.04","Lalabata","73.12.04.1003","Botto"
"73","Sulawesi Selatan","73.12","Kabupaten Soppeng","73.12.04","Lalabata","73.12.04.1004","Lemba"
"73","Sulawesi Selatan","73.12","Kabupaten Soppeng","73.12.04","Lalabata","73.12.04.1005","Bila"
"73","Sulawesi Selatan","73.12","Kabupaten Soppeng","73.12.04","Lalabata","73.12.04.1006","Lapajung"
"73","Sulawesi Selatan","73.12","Kabupaten Soppeng","73.12.04","Lalabata","73.12.04.1007","Salokaraja"
"73","Sulawesi Selatan","73.12","Kabupaten Soppeng","73.12.04","Lalabata","73.12.04.2008","Maccile"
"73","Sulawesi Selatan","73.12","Kabupaten Soppeng","73.12.04","Lalabata","73.12.04.2009","Umpungeng"
"73","Sulawesi Selatan","73.12","Kabupaten Soppeng","73.12.04","Lalabata","73.12.04.2010","Mattabulu"
"73","Sulawesi Selatan","73.12","Kabupaten Soppeng","73.12.05","Marioriawa","73.12.05.1001","Batu Batu"
"73","Sulawesi Selatan","73.12","Kabupaten Soppeng","73.12.05","Marioriawa","73.12.05.1002","Kaca"
"73","Sulawesi Selatan","73.12","Kabupaten Soppeng","73.12.05","Marioriawa","73.12.05.1003","Attang Salo"
"73","Sulawesi Selatan","73.12","Kabupaten Soppeng","73.12.05","Marioriawa","73.12.05.1004","Manorang Salo"
"73","Sulawesi Selatan","73.12","Kabupaten Soppeng","73.12.05","Marioriawa","73.12.05.1005","Limpomajang"
"73","Sulawesi Selatan","73.12","Kabupaten Soppeng","73.12.05","Marioriawa","73.12.05.2006","Bulue"
"73","Sulawesi Selatan","73.12","Kabupaten Soppeng","73.12.05","Marioriawa","73.12.05.2007","Panincong"
"73","Sulawesi Selatan","73.12","Kabupaten Soppeng","73.12.05","Marioriawa","73.12.05.2008","Patampanua"
"73","Sulawesi Selatan","73.12","Kabupaten Soppeng","73.12.05","Marioriawa","73.12.05.2009","Tellulimpoe"
"73","Sulawesi Selatan","73.12","Kabupaten Soppeng","73.12.05","Marioriawa","73.12.05.2010","Laringgi"
"73","Sulawesi Selatan","73.12","Kabupaten Soppeng","73.12.06","Donri-Donri","73.12.06.2002","Donri Donri"
"73","Sulawesi Selatan","73.12","Kabupaten Soppeng","73.12.06","Donri-Donri","73.12.06.2003","Lalabatariaja"
"73","Sulawesi Selatan","73.12","Kabupaten Soppeng","73.12.06","Donri-Donri","73.12.06.2004","Leworeng"
"73","Sulawesi Selatan","73.12","Kabupaten Soppeng","73.12.06","Donri-Donri","73.12.06.2005","Labokong"
"73","Sulawesi Selatan","73.12","Kabupaten Soppeng","73.12.06","Donri-Donri","73.12.06.2006","Sering"
"73","Sulawesi Selatan","73.12","Kabupaten Soppeng","73.12.06","Donri-Donri","73.12.06.2007","Pesse"
"73","Sulawesi Selatan","73.12","Kabupaten Soppeng","73.12.06","Donri-Donri","73.12.06.2008","Tottong"
"73","Sulawesi Selatan","73.12","Kabupaten Soppeng","73.12.06","Donri-Donri","73.12.06.2009","Kessing"
"73","Sulawesi Selatan","73.12","Kabupaten Soppeng","73.12.06","Donri-Donri","73.12.06.2010","Pising"
"73","Sulawesi Selatan","73.12","Kabupaten Soppeng","73.12.07","Ganra","73.12.07.2001","Belo"
"73","Sulawesi Selatan","73.12","Kabupaten Soppeng","73.12.07","Ganra","73.12.07.2002","Ganra"
"73","Sulawesi Selatan","73.12","Kabupaten Soppeng","73.12.07","Ganra","73.12.07.2003","Lompulle"
"73","Sulawesi Selatan","73.12","Kabupaten Soppeng","73.12.07","Ganra","73.12.07.2004","Enrekeng"
"73","Sulawesi Selatan","73.12","Kabupaten Soppeng","73.12.08","Citta","73.12.08.2001","Citta"
"73","Sulawesi Selatan","73.12","Kabupaten Soppeng","73.12.08","Citta","73.12.08.2002","Kampiri"
"73","Sulawesi Selatan","73.12","Kabupaten Soppeng","73.12.08","Citta","73.12.08.2003","Labae"
"73","Sulawesi Selatan","73.12","Kabupaten Soppeng","73.12.08","Citta","73.12.08.2004","Tinco"
"73","Sulawesi Selatan","73.13","Kabupaten Wajo","73.13.01","Sabangparu","73.13.01.1001","Walennae"
"73","Sulawesi Selatan","73.13","Kabupaten Wajo","73.13.01","Sabangparu","73.13.01.1002","Tolotenreng"
"73","Sulawesi Selatan","73.13","Kabupaten Wajo","73.13.01","Sabangparu","73.13.01.1003","Sompe"
"73","Sulawesi Selatan","73.13","Kabupaten Wajo","73.13.01","Sabangparu","73.13.01.2004","Liu"
"73","Sulawesi Selatan","73.13","Kabupaten Wajo","73.13.01","Sabangparu","73.13.01.2005","Ugi"
"73","Sulawesi Selatan","73.13","Kabupaten Wajo","73.13.01","Sabangparu","73.13.01.2006","Ujungpero"
"73","Sulawesi Selatan","73.13","Kabupaten Wajo","73.13.01","Sabangparu","73.13.01.2007","Wage"
"73","Sulawesi Selatan","73.13","Kabupaten Wajo","73.13.01","Sabangparu","73.13.01.2008","Worongnge"
"73","Sulawesi Selatan","73.13","Kabupaten Wajo","73.13.01","Sabangparu","73.13.01.2009","Salotengnga"
"73","Sulawesi Selatan","73.13","Kabupaten Wajo","73.13.01","Sabangparu","73.13.01.2010","Pallimae"
"73","Sulawesi Selatan","73.13","Kabupaten Wajo","73.13.01","Sabangparu","73.13.01.2011","Mallusesalo"
"73","Sulawesi Selatan","73.13","Kabupaten Wajo","73.13.01","Sabangparu","73.13.01.2012","Pasaka"
"73","Sulawesi Selatan","73.13","Kabupaten Wajo","73.13.01","Sabangparu","73.13.01.2013","Tadangpalie"
"73","Sulawesi Selatan","73.13","Kabupaten Wajo","73.13.01","Sabangparu","73.13.01.2014","Benteng Lompoe"
"73","Sulawesi Selatan","73.13","Kabupaten Wajo","73.13.01","Sabangparu","73.13.01.2015","Bila"
"73","Sulawesi Selatan","73.13","Kabupaten Wajo","73.13.02","Pammana","73.13.02.1001","Pammana"
"73","Sulawesi Selatan","73.13","Kabupaten Wajo","73.13.02","Pammana","73.13.02.1002","Cina"
"73","Sulawesi Selatan","73.13","Kabupaten Wajo","73.13.02","Pammana","73.13.02.2003","Lempa"
"73","Sulawesi Selatan","73.13","Kabupaten Wajo","73.13.02","Pammana","73.13.02.2004","Patila"
"73","Sulawesi Selatan","73.13","Kabupaten Wajo","73.13.02","Pammana","73.13.02.2005","Kampiri"
"73","Sulawesi Selatan","73.13","Kabupaten Wajo","73.13.02","Pammana","73.13.02.2006","Lapaukke"
"73","Sulawesi Selatan","73.13","Kabupaten Wajo","73.13.02","Pammana","73.13.02.2007","Lagosi"
"73","Sulawesi Selatan","73.13","Kabupaten Wajo","73.13.02","Pammana","73.13.02.2008","Pallawarukka"
"73","Sulawesi Selatan","73.13","Kabupaten Wajo","73.13.02","Pammana","73.13.02.2009","Wecudai"
"73","Sulawesi Selatan","73.13","Kabupaten Wajo","73.13.02","Pammana","73.13.02.2010","Lampulung"
"73","Sulawesi Selatan","73.13","Kabupaten Wajo","73.13.02","Pammana","73.13.02.2011","Watampanua"
"73","Sulawesi Selatan","73.13","Kabupaten Wajo","73.13.02","Pammana","73.13.02.2012","Tadangpalie"
"73","Sulawesi Selatan","73.13","Kabupaten Wajo","73.13.02","Pammana","73.13.02.2013","Simpursia"
"73","Sulawesi Selatan","73.13","Kabupaten Wajo","73.13.02","Pammana","73.13.02.2014","Tobatang"
"73","Sulawesi Selatan","73.13","Kabupaten Wajo","73.13.02","Pammana","73.13.02.2015","Abbanuangnge"
"73","Sulawesi Selatan","73.13","Kabupaten Wajo","73.13.02","Pammana","73.13.02.2016","Tonrong Tengnga"
"73","Sulawesi Selatan","73.13","Kabupaten Wajo","73.13.03","Takkalalla","73.13.03.1001","Peneki"
"73","Sulawesi Selatan","73.13","Kabupaten Wajo","73.13.03","Takkalalla","73.13.03.1002","Bocco"
"73","Sulawesi Selatan","73.13","Kabupaten Wajo","73.13.03","Takkalalla","73.13.03.2003","Parigi"
"73","Sulawesi Selatan","73.13","Kabupaten Wajo","73.13.03","Takkalalla","73.13.03.2004","Manyili"
"73","Sulawesi Selatan","73.13","Kabupaten Wajo","73.13.03","Takkalalla","73.13.03.2005","Soro"
"73","Sulawesi Selatan","73.13","Kabupaten Wajo","73.13.03","Takkalalla","73.13.03.2006","Ceppaga"
"73","Sulawesi Selatan","73.13","Kabupaten Wajo","73.13.03","Takkalalla","73.13.03.2007","Leweng"
"73","Sulawesi Selatan","73.13","Kabupaten Wajo","73.13.03","Takkalalla","73.13.03.2008","Ajuraja"
"73","Sulawesi Selatan","73.13","Kabupaten Wajo","73.13.03","Takkalalla","73.13.03.2009","Botto"
"73","Sulawesi Selatan","73.13","Kabupaten Wajo","73.13.03","Takkalalla","73.13.03.2010","Lagoari"
"73","Sulawesi Selatan","73.13","Kabupaten Wajo","73.13.03","Takkalalla","73.13.03.2011","Aluppang"
"73","Sulawesi Selatan","73.13","Kabupaten Wajo","73.13.03","Takkalalla","73.13.03.2012","Lamarua"
"73","Sulawesi Selatan","73.13","Kabupaten Wajo","73.13.03","Takkalalla","73.13.03.2013","Pantai Timur"
"73","Sulawesi Selatan","73.13","Kabupaten Wajo","73.13.04","Sajoanging","73.13.04.1001","Akkajeng"
"73","Sulawesi Selatan","73.13","Kabupaten Wajo","73.13.04","Sajoanging","73.13.04.1002","Assorajang"
"73","Sulawesi Selatan","73.13","Kabupaten Wajo","73.13.04","Sajoanging","73.13.04.1003","Minangae"
"73","Sulawesi Selatan","73.13","Kabupaten Wajo","73.13.04","Sajoanging","73.13.04.2004","Akkotengeng"
"73","Sulawesi Selatan","73.13","Kabupaten Wajo","73.13.04","Sajoanging","73.13.04.2005","Sakkoli"
"73","Sulawesi Selatan","73.13","Kabupaten Wajo","73.13.04","Sajoanging","73.13.04.2006","Barangmamase"
"73","Sulawesi Selatan","73.13","Kabupaten Wajo","73.13.04","Sajoanging","73.13.04.2007","Salobulo"
"73","Sulawesi Selatan","73.13","Kabupaten Wajo","73.13.04","Sajoanging","73.13.04.2008","Towalida"
"73","Sulawesi Selatan","73.13","Kabupaten Wajo","73.13.04","Sajoanging","73.13.04.2009","Alewadeng"
"73","Sulawesi Selatan","73.13","Kabupaten Wajo","73.13.05","Majauleng","73.13.05.1001","Paria"
"73","Sulawesi Selatan","73.13","Kabupaten Wajo","73.13.05","Majauleng","73.13.05.1002","Limpomajang"
"73","Sulawesi Selatan","73.13","Kabupaten Wajo","73.13.05","Majauleng","73.13.05.1003","Macanang"
"73","Sulawesi Selatan","73.13","Kabupaten Wajo","73.13.05","Majauleng","73.13.05.1004","Uraiyang"
"73","Sulawesi Selatan","73.13","Kabupaten Wajo","73.13.05","Majauleng","73.13.05.2005","Tosora"
"73","Sulawesi Selatan","73.13","Kabupaten Wajo","73.13.05","Majauleng","73.13.05.2006","Cinnong Tabi"
"73","Sulawesi Selatan","73.13","Kabupaten Wajo","73.13.05","Majauleng","73.13.05.2007","Rumpia"
"73","Sulawesi Selatan","73.13","Kabupaten Wajo","73.13.05","Majauleng","73.13.05.2008","Laerung"
"73","Sulawesi Selatan","73.13","Kabupaten Wajo","73.13.05","Majauleng","73.13.05.2009","Lamiku"
"73","Sulawesi Selatan","73.13","Kabupaten Wajo","73.13.05","Majauleng","73.13.05.2010","Bottobenteng"
"73","Sulawesi Selatan","73.13","Kabupaten Wajo","73.13.05","Majauleng","73.13.05.2011","Bottotanre"
"73","Sulawesi Selatan","73.13","Kabupaten Wajo","73.13.05","Majauleng","73.13.05.2012","Tua"
"73","Sulawesi Selatan","73.13","Kabupaten Wajo","73.13.05","Majauleng","73.13.05.2013","Tajo"
"73","Sulawesi Selatan","73.13","Kabupaten Wajo","73.13.05","Majauleng","73.13.05.2014","Tengnga"
"73","Sulawesi Selatan","73.13","Kabupaten Wajo","73.13.05","Majauleng","73.13.05.2015","Liu"
"73","Sulawesi Selatan","73.13","Kabupaten Wajo","73.13.05","Majauleng","73.13.05.2016","Tellulimpoe"
"73","Sulawesi Selatan","73.13","Kabupaten Wajo","73.13.05","Majauleng","73.13.05.2017","Bottopenno"
"73","Sulawesi Selatan","73.13","Kabupaten Wajo","73.13.05","Majauleng","73.13.05.2018","Watanrumpia"
"73","Sulawesi Selatan","73.13","Kabupaten Wajo","73.13.06","Tempe","73.13.06.1001","Siengkang"
"73","Sulawesi Selatan","73.13","Kabupaten Wajo","73.13.06","Tempe","73.13.06.1002","Pattirosompe"
"73","Sulawesi Selatan","73.13","Kabupaten Wajo","73.13.06","Tempe","73.13.06.1003","Tempe"
"73","Sulawesi Selatan","73.13","Kabupaten Wajo","73.13.06","Tempe","73.13.06.1004","Maddukelleng"
"73","Sulawesi Selatan","73.13","Kabupaten Wajo","73.13.06","Tempe","73.13.06.1005","Watallipue"
"73","Sulawesi Selatan","73.13","Kabupaten Wajo","73.13.06","Tempe","73.13.06.1006","Mattiro Tappareng"
"73","Sulawesi Selatan","73.13","Kabupaten Wajo","73.13.06","Tempe","73.13.06.1007","Laelo"
"73","Sulawesi Selatan","73.13","Kabupaten Wajo","73.13.06","Tempe","73.13.06.1008","Salo Menraleng"
"73","Sulawesi Selatan","73.13","Kabupaten Wajo","73.13.06","Tempe","73.13.06.1009","Campalagi"
"73","Sulawesi Selatan","73.13","Kabupaten Wajo","73.13.06","Tempe","73.13.06.1010","Lapongkoda"
"73","Sulawesi Selatan","73.13","Kabupaten Wajo","73.13.06","Tempe","73.13.06.1011","Teddaopu"
"73","Sulawesi Selatan","73.13","Kabupaten Wajo","73.13.06","Tempe","73.13.06.1012","Paddupa"
"73","Sulawesi Selatan","73.13","Kabupaten Wajo","73.13.06","Tempe","73.13.06.1013","Wiring Palenae"
"73","Sulawesi Selatan","73.13","Kabupaten Wajo","73.13.06","Tempe","73.13.06.1014","Attakkae"
"73","Sulawesi Selatan","73.13","Kabupaten Wajo","73.13.06","Tempe","73.13.06.1015","Sitampae"
"73","Sulawesi Selatan","73.13","Kabupaten Wajo","73.13.06","Tempe","73.13.06.1016","Bulu Pabbulu"
"73","Sulawesi Selatan","73.13","Kabupaten Wajo","73.13.07","Belawa","73.13.07.1001","Macero"
"73","Sulawesi Selatan","73.13","Kabupaten Wajo","73.13.07","Belawa","73.13.07.1002","Malangke"
"73","Sulawesi Selatan","73.13","Kabupaten Wajo","73.13.07","Belawa","73.13.07.1003","Belawa"
"73","Sulawesi Selatan","73.13","Kabupaten Wajo","73.13.07","Belawa","73.13.07.2004","Ongkoe"
"73","Sulawesi Selatan","73.13","Kabupaten Wajo","73.13.07","Belawa","73.13.07.2005","Leppangeng"
"73","Sulawesi Selatan","73.13","Kabupaten Wajo","73.13.07","Belawa","73.13.07.2006","Wele"
"73","Sulawesi Selatan","73.13","Kabupaten Wajo","73.13.07","Belawa","73.13.07.2007","Limporilau"
"73","Sulawesi Selatan","73.13","Kabupaten Wajo","73.13.07","Belawa","73.13.07.2008","Sappa"
"73","Sulawesi Selatan","73.13","Kabupaten Wajo","73.13.07","Belawa","73.13.07.2009","Lautang"
"73","Sulawesi Selatan","73.13","Kabupaten Wajo","73.13.08","Tanasitolo","73.13.08.1001","Tancung"
"73","Sulawesi Selatan","73.13","Kabupaten Wajo","73.13.08","Tanasitolo","73.13.08.1002","Mappadaelo"
"73","Sulawesi Selatan","73.13","Kabupaten Wajo","73.13.08","Tanasitolo","73.13.08.1003","Pincengpute"
"73","Sulawesi Selatan","73.13","Kabupaten Wajo","73.13.08","Tanasitolo","73.13.08.1004","Barutancung"
"73","Sulawesi Selatan","73.13","Kabupaten Wajo","73.13.08","Tanasitolo","73.13.08.2005","Nepo"
"73","Sulawesi Selatan","73.13","Kabupaten Wajo","73.13.08","Tanasitolo","73.13.08.2006","Lowa"
"73","Sulawesi Selatan","73.13","Kabupaten Wajo","73.13.08","Tanasitolo","73.13.08.2007","Inalipue"
"73","Sulawesi Selatan","73.13","Kabupaten Wajo","73.13.08","Tanasitolo","73.13.08.2008","Pakkana"
"73","Sulawesi Selatan","73.13","Kabupaten Wajo","73.13.08","Tanasitolo","73.13.08.2009","Wajoriaja"
"73","Sulawesi Selatan","73.13","Kabupaten Wajo","73.13.08","Tanasitolo","73.13.08.2010","Wewangrewu"
"73","Sulawesi Selatan","73.13","Kabupaten Wajo","73.13.08","Tanasitolo","73.13.08.2011","Wae Tuwo"
"73","Sulawesi Selatan","73.13","Kabupaten Wajo","73.13.08","Tanasitolo","73.13.08.2012","Assorajang"
"73","Sulawesi Selatan","73.13","Kabupaten Wajo","73.13.08","Tanasitolo","73.13.08.2013","Ujungnge"
"73","Sulawesi Selatan","73.13","Kabupaten Wajo","73.13.08","Tanasitolo","73.13.08.2014","Pajalele"
"73","Sulawesi Selatan","73.13","Kabupaten Wajo","73.13.08","Tanasitolo","73.13.08.2015","Mario"
"73","Sulawesi Selatan","73.13","Kabupaten Wajo","73.13.08","Tanasitolo","73.13.08.2016","Palippu"
"73","Sulawesi Selatan","73.13","Kabupaten Wajo","73.13.08","Tanasitolo","73.13.08.2017","Tonralipue"
"73","Sulawesi Selatan","73.13","Kabupaten Wajo","73.13.08","Tanasitolo","73.13.08.2018","Ujungbaru"
"73","Sulawesi Selatan","73.13","Kabupaten Wajo","73.13.08","Tanasitolo","73.13.08.2019","Mannagae"
"73","Sulawesi Selatan","73.13","Kabupaten Wajo","73.13.09","Maniangpajo","73.13.09.1001","Anabanua"
"73","Sulawesi Selatan","73.13","Kabupaten Wajo","73.13.09","Maniangpajo","73.13.09.1002","Dualimpoe"
"73","Sulawesi Selatan","73.13","Kabupaten Wajo","73.13.09","Maniangpajo","73.13.09.1003","Tangkoli"
"73","Sulawesi Selatan","73.13","Kabupaten Wajo","73.13.09","Maniangpajo","73.13.09.2004","Mattirowalie"
"73","Sulawesi Selatan","73.13","Kabupaten Wajo","73.13.09","Maniangpajo","73.13.09.2005","Kalola"
"73","Sulawesi Selatan","73.13","Kabupaten Wajo","73.13.09","Maniangpajo","73.13.09.2006","Sogi"
"73","Sulawesi Selatan","73.13","Kabupaten Wajo","73.13.09","Maniangpajo","73.13.09.2007","Abbanuangnge"
"73","Sulawesi Selatan","73.13","Kabupaten Wajo","73.13.09","Maniangpajo","73.13.09.2008","Minagatellue"
"73","Sulawesi Selatan","73.13","Kabupaten Wajo","73.13.10","Pitumpanua","73.13.10.1001","Bulete"
"73","Sulawesi Selatan","73.13","Kabupaten Wajo","73.13.10","Pitumpanua","73.13.10.1002","Siwa"
"73","Sulawesi Selatan","73.13","Kabupaten Wajo","73.13.10","Pitumpanua","73.13.10.1003","Tobarakka"
"73","Sulawesi Selatan","73.13","Kabupaten Wajo","73.13.10","Pitumpanua","73.13.10.1004","Benteng"
"73","Sulawesi Selatan","73.13","Kabupaten Wajo","73.13.10","Pitumpanua","73.13.10.2005","Batu"
"73","Sulawesi Selatan","73.13","Kabupaten Wajo","73.13.10","Pitumpanua","73.13.10.2006","Lauwa"
"73","Sulawesi Selatan","73.13","Kabupaten Wajo","73.13.10","Pitumpanua","73.13.10.2007","Tanrongi"
"73","Sulawesi Selatan","73.13","Kabupaten Wajo","73.13.10","Pitumpanua","73.13.10.2008","Lompoloang"
"73","Sulawesi Selatan","73.13","Kabupaten Wajo","73.13.10","Pitumpanua","73.13.10.2009","Tellesang"
"73","Sulawesi Selatan","73.13","Kabupaten Wajo","73.13.10","Pitumpanua","73.13.10.2010","Tangkoro"
"73","Sulawesi Selatan","73.13","Kabupaten Wajo","73.13.10","Pitumpanua","73.13.10.2011","Marannu"
"73","Sulawesi Selatan","73.13","Kabupaten Wajo","73.13.10","Pitumpanua","73.13.10.2012","Abbanderangnge"
"73","Sulawesi Selatan","73.13","Kabupaten Wajo","73.13.10","Pitumpanua","73.13.10.2013","Simpellu"
"73","Sulawesi Selatan","73.13","Kabupaten Wajo","73.13.10","Pitumpanua","73.13.10.2014","Alesilurengnge"
"73","Sulawesi Selatan","73.13","Kabupaten Wajo","73.13.10","Pitumpanua","73.13.10.2015","Jauh Pandang"
"73","Sulawesi Selatan","73.13","Kabupaten Wajo","73.13.10","Pitumpanua","73.13.10.2016","Lacinde"
"73","Sulawesi Selatan","73.13","Kabupaten Wajo","73.13.10","Pitumpanua","73.13.10.2017","Buriko"
"73","Sulawesi Selatan","73.13","Kabupaten Wajo","73.13.10","Pitumpanua","73.13.10.2018","Bau-Bau"
"73","Sulawesi Selatan","73.13","Kabupaten Wajo","73.13.10","Pitumpanua","73.13.10.2019","Ale Lebbae"
"73","Sulawesi Selatan","73.13","Kabupaten Wajo","73.13.10","Pitumpanua","73.13.10.2020","Bulu Siwa"
"73","Sulawesi Selatan","73.13","Kabupaten Wajo","73.13.10","Pitumpanua","73.13.10.2021","Botto Tengnga"
"73","Sulawesi Selatan","73.13","Kabupaten Wajo","73.13.10","Pitumpanua","73.13.10.2022","Kaluku"
"73","Sulawesi Selatan","73.13","Kabupaten Wajo","73.13.10","Pitumpanua","73.13.10.2023","Mattiro Walie"
"73","Sulawesi Selatan","73.13","Kabupaten Wajo","73.13.10","Pitumpanua","73.13.10.2024","Maccolli Loloe"
"73","Sulawesi Selatan","73.13","Kabupaten Wajo","73.13.10","Pitumpanua","73.13.10.2025","Lompo Bulo"
"73","Sulawesi Selatan","73.13","Kabupaten Wajo","73.13.10","Pitumpanua","73.13.10.2026","Padang Loang"
"73","Sulawesi Selatan","73.13","Kabupaten Wajo","73.13.10","Pitumpanua","73.13.10.2027","Kompong"
"73","Sulawesi Selatan","73.13","Kabupaten Wajo","73.13.11","Bola","73.13.11.1001","Solo"
"73","Sulawesi Selatan","73.13","Kabupaten Wajo","73.13.11","Bola","73.13.11.2002","Bola"
"73","Sulawesi Selatan","73.13","Kabupaten Wajo","73.13.11","Bola","73.13.11.2003","Ujungtanah"
"73","Sulawesi Selatan","73.13","Kabupaten Wajo","73.13.11","Bola","73.13.11.2004","Lempong"
"73","Sulawesi Selatan","73.13","Kabupaten Wajo","73.13.11","Bola","73.13.11.2005","Sanreseng Ade"
"73","Sulawesi Selatan","73.13","Kabupaten Wajo","73.13.11","Bola","73.13.11.2006","Pattangngae"
"73","Sulawesi Selatan","73.13","Kabupaten Wajo","73.13.11","Bola","73.13.11.2007","Balielo"
"73","Sulawesi Selatan","73.13","Kabupaten Wajo","73.13.11","Bola","73.13.11.2008","Manurung"
"73","Sulawesi Selatan","73.13","Kabupaten Wajo","73.13.11","Bola","73.13.11.2009","Lattimu"
"73","Sulawesi Selatan","73.13","Kabupaten Wajo","73.13.11","Bola","73.13.11.2010","Pasir Putih"
"73","Sulawesi Selatan","73.13","Kabupaten Wajo","73.13.11","Bola","73.13.11.2011","Rajamawellang"
"73","Sulawesi Selatan","73.13","Kabupaten Wajo","73.13.12","Penrang","73.13.12.1001","Doping"
"73","Sulawesi Selatan","73.13","Kabupaten Wajo","73.13.12","Penrang","73.13.12.2002","Padaelo"
"73","Sulawesi Selatan","73.13","Kabupaten Wajo","73.13.12","Penrang","73.13.12.2003","Temmabarang"
"73","Sulawesi Selatan","73.13","Kabupaten Wajo","73.13.12","Penrang","73.13.12.2004","Penrang"
"73","Sulawesi Selatan","73.13","Kabupaten Wajo","73.13.12","Penrang","73.13.12.2005","Lawesso"
"73","Sulawesi Selatan","73.13","Kabupaten Wajo","73.13.12","Penrang","73.13.12.2006","Benteng"
"73","Sulawesi Selatan","73.13","Kabupaten Wajo","73.13.12","Penrang","73.13.12.2007","Walanga"
"73","Sulawesi Selatan","73.13","Kabupaten Wajo","73.13.12","Penrang","73.13.12.2008","Makmur"
"73","Sulawesi Selatan","73.13","Kabupaten Wajo","73.13.12","Penrang","73.13.12.2009","Tadangpalie"
"73","Sulawesi Selatan","73.13","Kabupaten Wajo","73.13.12","Penrang","73.13.12.2010","Raddae"
"73","Sulawesi Selatan","73.13","Kabupaten Wajo","73.13.13","Gilireng","73.13.13.1002","Gilireng"
"73","Sulawesi Selatan","73.13","Kabupaten Wajo","73.13.13","Gilireng","73.13.13.2001","Mamminasae"
"73","Sulawesi Selatan","73.13","Kabupaten Wajo","73.13.13","Gilireng","73.13.13.2003","Poleonro"
"73","Sulawesi Selatan","73.13","Kabupaten Wajo","73.13.13","Gilireng","73.13.13.2004","Arajang"
"73","Sulawesi Selatan","73.13","Kabupaten Wajo","73.13.13","Gilireng","73.13.13.2005","Lamata"
"73","Sulawesi Selatan","73.13","Kabupaten Wajo","73.13.13","Gilireng","73.13.13.2006","Paselloreng"
"73","Sulawesi Selatan","73.13","Kabupaten Wajo","73.13.13","Gilireng","73.13.13.2007","Alausalo"
"73","Sulawesi Selatan","73.13","Kabupaten Wajo","73.13.13","Gilireng","73.13.13.2008","Polewalie"
"73","Sulawesi Selatan","73.13","Kabupaten Wajo","73.13.13","Gilireng","73.13.13.2009","Abbatireng"
"73","Sulawesi Selatan","73.13","Kabupaten Wajo","73.13.14","Keera","73.13.14.1001","Ballaere"
"73","Sulawesi Selatan","73.13","Kabupaten Wajo","73.13.14","Keera","73.13.14.2002","Awota"
"73","Sulawesi Selatan","73.13","Kabupaten Wajo","73.13.14","Keera","73.13.14.2003","Keera"
"73","Sulawesi Selatan","73.13","Kabupaten Wajo","73.13.14","Keera","73.13.14.2004","Lalliseng"
"73","Sulawesi Selatan","73.13","Kabupaten Wajo","73.13.14","Keera","73.13.14.2005","Paojepe"
"73","Sulawesi Selatan","73.13","Kabupaten Wajo","73.13.14","Keera","73.13.14.2006","Inrello"
"73","Sulawesi Selatan","73.13","Kabupaten Wajo","73.13.14","Keera","73.13.14.2007","Pattirolokka"
"73","Sulawesi Selatan","73.13","Kabupaten Wajo","73.13.14","Keera","73.13.14.2008","Awo"
"73","Sulawesi Selatan","73.13","Kabupaten Wajo","73.13.14","Keera","73.13.14.2009","Ciromanie"
"73","Sulawesi Selatan","73.13","Kabupaten Wajo","73.13.14","Keera","73.13.14.2010","Labawang"
"73","Sulawesi Selatan","73.14","Kabupaten Sidenreng Rappang","73.14.01","Panca Lautang","73.14.01.1001","Bilokka"
"73","Sulawesi Selatan","73.14","Kabupaten Sidenreng Rappang","73.14.01","Panca Lautang","73.14.01.1002","Wette'E"
"73","Sulawesi Selatan","73.14","Kabupaten Sidenreng Rappang","73.14.01","Panca Lautang","73.14.01.1003","Lajonga"
"73","Sulawesi Selatan","73.14","Kabupaten Sidenreng Rappang","73.14.01","Panca Lautang","73.14.01.2004","Wanio"
"73","Sulawesi Selatan","73.14","Kabupaten Sidenreng Rappang","73.14.01","Panca Lautang","73.14.01.2005","Wanio Timoreng"
"73","Sulawesi Selatan","73.14","Kabupaten Sidenreng Rappang","73.14.01","Panca Lautang","73.14.01.2006","Corawali"
"73","Sulawesi Selatan","73.14","Kabupaten Sidenreng Rappang","73.14.01","Panca Lautang","73.14.01.2007","Lise"
"73","Sulawesi Selatan","73.14","Kabupaten Sidenreng Rappang","73.14.01","Panca Lautang","73.14.01.2008","Bapangi"
"73","Sulawesi Selatan","73.14","Kabupaten Sidenreng Rappang","73.14.01","Panca Lautang","73.14.01.2009","Alesalewo"
"73","Sulawesi Selatan","73.14","Kabupaten Sidenreng Rappang","73.14.01","Panca Lautang","73.14.01.2010","Cenrana"
"73","Sulawesi Selatan","73.14","Kabupaten Sidenreng Rappang","73.14.02","Tellu Limpoe","73.14.02.1001","Amparita"
"73","Sulawesi Selatan","73.14","Kabupaten Sidenreng Rappang","73.14.02","Tellu Limpoe","73.14.02.1002","Massepe"
"73","Sulawesi Selatan","73.14","Kabupaten Sidenreng Rappang","73.14.02","Tellu Limpoe","73.14.02.1003","Toddang Pulu"
"73","Sulawesi Selatan","73.14","Kabupaten Sidenreng Rappang","73.14.02","Tellu Limpoe","73.14.02.1004","Pajalele"
"73","Sulawesi Selatan","73.14","Kabupaten Sidenreng Rappang","73.14.02","Tellu Limpoe","73.14.02.1005","Baula"
"73","Sulawesi Selatan","73.14","Kabupaten Sidenreng Rappang","73.14.02","Tellu Limpoe","73.14.02.1006","Arateng"
"73","Sulawesi Selatan","73.14","Kabupaten Sidenreng Rappang","73.14.02","Tellu Limpoe","73.14.02.2007","Teteaji"
"73","Sulawesi Selatan","73.14","Kabupaten Sidenreng Rappang","73.14.02","Tellu Limpoe","73.14.02.2008","Polewali"
"73","Sulawesi Selatan","73.14","Kabupaten Sidenreng Rappang","73.14.02","Tellu Limpoe","73.14.02.2009","Teppo"
"73","Sulawesi Selatan","73.14","Kabupaten Sidenreng Rappang","73.14.03","Watang Pulu","73.14.03.1001","Lawawoi"
"73","Sulawesi Selatan","73.14","Kabupaten Sidenreng Rappang","73.14.03","Watang Pulu","73.14.03.1002","Arawa"
"73","Sulawesi Selatan","73.14","Kabupaten Sidenreng Rappang","73.14.03","Watang Pulu","73.14.03.1003","Bangkai"
"73","Sulawesi Selatan","73.14","Kabupaten Sidenreng Rappang","73.14.03","Watang Pulu","73.14.03.1004","Uluale"
"73","Sulawesi Selatan","73.14","Kabupaten Sidenreng Rappang","73.14.03","Watang Pulu","73.14.03.1005","Batu Lappa"
"73","Sulawesi Selatan","73.14","Kabupaten Sidenreng Rappang","73.14.03","Watang Pulu","73.14.03.2006","Lainungan"
"73","Sulawesi Selatan","73.14","Kabupaten Sidenreng Rappang","73.14.03","Watang Pulu","73.14.03.2007","Carawali"
"73","Sulawesi Selatan","73.14","Kabupaten Sidenreng Rappang","73.14.03","Watang Pulu","73.14.03.2008","Buae"
"73","Sulawesi Selatan","73.14","Kabupaten Sidenreng Rappang","73.14.03","Watang Pulu","73.14.03.2009","Mattirotasi"
"73","Sulawesi Selatan","73.14","Kabupaten Sidenreng Rappang","73.14.03","Watang Pulu","73.14.03.2010","Ciro-Ciroe"
"73","Sulawesi Selatan","73.14","Kabupaten Sidenreng Rappang","73.14.04","Baranti","73.14.04.1001","Baranti"
"73","Sulawesi Selatan","73.14","Kabupaten Sidenreng Rappang","73.14.04","Baranti","73.14.04.1002","Duampanua"
"73","Sulawesi Selatan","73.14","Kabupaten Sidenreng Rappang","73.14.04","Baranti","73.14.04.1003","Benteng"
"73","Sulawesi Selatan","73.14","Kabupaten Sidenreng Rappang","73.14.04","Baranti","73.14.04.1004","Manisa"
"73","Sulawesi Selatan","73.14","Kabupaten Sidenreng Rappang","73.14.04","Baranti","73.14.04.1005","Panreng"
"73","Sulawesi Selatan","73.14","Kabupaten Sidenreng Rappang","73.14.04","Baranti","73.14.04.2006","Passeno"
"73","Sulawesi Selatan","73.14","Kabupaten Sidenreng Rappang","73.14.04","Baranti","73.14.04.2007","Sipodeceng"
"73","Sulawesi Selatan","73.14","Kabupaten Sidenreng Rappang","73.14.04","Baranti","73.14.04.2008","Tonrongnge"
"73","Sulawesi Selatan","73.14","Kabupaten Sidenreng Rappang","73.14.04","Baranti","73.14.04.2009","Tonrong Rijang"
"73","Sulawesi Selatan","73.14","Kabupaten Sidenreng Rappang","73.14.05","Panca Rijang","73.14.05.1001","Rappang"
"73","Sulawesi Selatan","73.14","Kabupaten Sidenreng Rappang","73.14.05","Panca Rijang","73.14.05.1002","Lalebata"
"73","Sulawesi Selatan","73.14","Kabupaten Sidenreng Rappang","73.14.05","Panca Rijang","73.14.05.1003","Maccorawalie"
"73","Sulawesi Selatan","73.14","Kabupaten Sidenreng Rappang","73.14.05","Panca Rijang","73.14.05.1004","Kadidi"
"73","Sulawesi Selatan","73.14","Kabupaten Sidenreng Rappang","73.14.05","Panca Rijang","73.14.05.2005","Timoreng Panua"
"73","Sulawesi Selatan","73.14","Kabupaten Sidenreng Rappang","73.14.05","Panca Rijang","73.14.05.2006","Bulo Wattang"
"73","Sulawesi Selatan","73.14","Kabupaten Sidenreng Rappang","73.14.05","Panca Rijang","73.14.05.2007","Bulo"
"73","Sulawesi Selatan","73.14","Kabupaten Sidenreng Rappang","73.14.05","Panca Rijang","73.14.05.2008","Cipotakari"
"73","Sulawesi Selatan","73.14","Kabupaten Sidenreng Rappang","73.14.06","Kulo","73.14.06.2001","Rijang Panua"
"73","Sulawesi Selatan","73.14","Kabupaten Sidenreng Rappang","73.14.06","Kulo","73.14.06.2002","Kulo"
"73","Sulawesi Selatan","73.14","Kabupaten Sidenreng Rappang","73.14.06","Kulo","73.14.06.2003","Maddenra"
"73","Sulawesi Selatan","73.14","Kabupaten Sidenreng Rappang","73.14.06","Kulo","73.14.06.2004","Mario"
"73","Sulawesi Selatan","73.14","Kabupaten Sidenreng Rappang","73.14.06","Kulo","73.14.06.2005","Bina Baru"
"73","Sulawesi Selatan","73.14","Kabupaten Sidenreng Rappang","73.14.06","Kulo","73.14.06.2006","Abbokongang"
"73","Sulawesi Selatan","73.14","Kabupaten Sidenreng Rappang","73.14.07","Maritengngae","73.14.07.1001","Pangkajene"
"73","Sulawesi Selatan","73.14","Kabupaten Sidenreng Rappang","73.14.07","Maritengngae","73.14.07.1002","Lautang Benteng"
"73","Sulawesi Selatan","73.14","Kabupaten Sidenreng Rappang","73.14.07","Maritengngae","73.14.07.1003","Majjelling"
"73","Sulawesi Selatan","73.14","Kabupaten Sidenreng Rappang","73.14.07","Maritengngae","73.14.07.1004","Wala"
"73","Sulawesi Selatan","73.14","Kabupaten Sidenreng Rappang","73.14.07","Maritengngae","73.14.07.1005","Lakessi"
"73","Sulawesi Selatan","73.14","Kabupaten Sidenreng Rappang","73.14.07","Maritengngae","73.14.07.1006","Rijang Pittu"
"73","Sulawesi Selatan","73.14","Kabupaten Sidenreng Rappang","73.14.07","Maritengngae","73.14.07.1007","Majjelling Watang"
"73","Sulawesi Selatan","73.14","Kabupaten Sidenreng Rappang","73.14.07","Maritengngae","73.14.07.2008","Sereang"
"73","Sulawesi Selatan","73.14","Kabupaten Sidenreng Rappang","73.14.07","Maritengngae","73.14.07.2009","Kanie"
"73","Sulawesi Selatan","73.14","Kabupaten Sidenreng Rappang","73.14.07","Maritengngae","73.14.07.2010","Allakuang"
"73","Sulawesi Selatan","73.14","Kabupaten Sidenreng Rappang","73.14.07","Maritengngae","73.14.07.2011","Tanete"
"73","Sulawesi Selatan","73.14","Kabupaten Sidenreng Rappang","73.14.07","Maritengngae","73.14.07.2012","Takkalasi"
"73","Sulawesi Selatan","73.14","Kabupaten Sidenreng Rappang","73.14.08","Watang Sidenreng","73.14.08.1001","Empagae"
"73","Sulawesi Selatan","73.14","Kabupaten Sidenreng Rappang","73.14.08","Watang Sidenreng","73.14.08.1002","Sidenreng"
"73","Sulawesi Selatan","73.14","Kabupaten Sidenreng Rappang","73.14.08","Watang Sidenreng","73.14.08.1003","Kanyuara"
"73","Sulawesi Selatan","73.14","Kabupaten Sidenreng Rappang","73.14.08","Watang Sidenreng","73.14.08.2004","Mojong"
"73","Sulawesi Selatan","73.14","Kabupaten Sidenreng Rappang","73.14.08","Watang Sidenreng","73.14.08.2005","Damai"
"73","Sulawesi Selatan","73.14","Kabupaten Sidenreng Rappang","73.14.08","Watang Sidenreng","73.14.08.2006","Talumae"
"73","Sulawesi Selatan","73.14","Kabupaten Sidenreng Rappang","73.14.08","Watang Sidenreng","73.14.08.2007","Aka-akae"
"73","Sulawesi Selatan","73.14","Kabupaten Sidenreng Rappang","73.14.08","Watang Sidenreng","73.14.08.2008","Talawe"
"73","Sulawesi Selatan","73.14","Kabupaten Sidenreng Rappang","73.14.09","Dua Pitue","73.14.09.1001","Tanru Tedong"
"73","Sulawesi Selatan","73.14","Kabupaten Sidenreng Rappang","73.14.09","Dua Pitue","73.14.09.1002","Salomalori"
"73","Sulawesi Selatan","73.14","Kabupaten Sidenreng Rappang","73.14.09","Dua Pitue","73.14.09.2003","Kalosi"
"73","Sulawesi Selatan","73.14","Kabupaten Sidenreng Rappang","73.14.09","Dua Pitue","73.14.09.2004","Padangloang"
"73","Sulawesi Selatan","73.14","Kabupaten Sidenreng Rappang","73.14.09","Dua Pitue","73.14.09.2005","Kalosi Alau"
"73","Sulawesi Selatan","73.14","Kabupaten Sidenreng Rappang","73.14.09","Dua Pitue","73.14.09.2006","Bila"
"73","Sulawesi Selatan","73.14","Kabupaten Sidenreng Rappang","73.14.09","Dua Pitue","73.14.09.2007","Padangloang Alau"
"73","Sulawesi Selatan","73.14","Kabupaten Sidenreng Rappang","73.14.09","Dua Pitue","73.14.09.2008","Salobukkang"
"73","Sulawesi Selatan","73.14","Kabupaten Sidenreng Rappang","73.14.09","Dua Pitue","73.14.09.2009","Taccimpo"
"73","Sulawesi Selatan","73.14","Kabupaten Sidenreng Rappang","73.14.09","Dua Pitue","73.14.09.2010","Kampale"
"73","Sulawesi Selatan","73.14","Kabupaten Sidenreng Rappang","73.14.10","Pitu Riawa","73.14.10.1001","Lancirang"
"73","Sulawesi Selatan","73.14","Kabupaten Sidenreng Rappang","73.14.10","Pitu Riawa","73.14.10.1002","PongrangaE"
"73","Sulawesi Selatan","73.14","Kabupaten Sidenreng Rappang","73.14.10","Pitu Riawa","73.14.10.2003","Ajubissue"
"73","Sulawesi Selatan","73.14","Kabupaten Sidenreng Rappang","73.14.10","Pitu Riawa","73.14.10.2004","Otting"
"73","Sulawesi Selatan","73.14","Kabupaten Sidenreng Rappang","73.14.10","Pitu Riawa","73.14.10.2005","Bulucenrana"
"73","Sulawesi Selatan","73.14","Kabupaten Sidenreng Rappang","73.14.10","Pitu Riawa","73.14.10.2006","Betao"
"73","Sulawesi Selatan","73.14","Kabupaten Sidenreng Rappang","73.14.10","Pitu Riawa","73.14.10.2007","Anabannae"
"73","Sulawesi Selatan","73.14","Kabupaten Sidenreng Rappang","73.14.10","Pitu Riawa","73.14.10.2008","Betao Riase"
"73","Sulawesi Selatan","73.14","Kabupaten Sidenreng Rappang","73.14.10","Pitu Riawa","73.14.10.2009","Dongi"
"73","Sulawesi Selatan","73.14","Kabupaten Sidenreng Rappang","73.14.10","Pitu Riawa","73.14.10.2010","Lasiwala"
"73","Sulawesi Selatan","73.14","Kabupaten Sidenreng Rappang","73.14.10","Pitu Riawa","73.14.10.2011","Sumpang Mango"
"73","Sulawesi Selatan","73.14","Kabupaten Sidenreng Rappang","73.14.10","Pitu Riawa","73.14.10.2012","Kalempang"
"73","Sulawesi Selatan","73.14","Kabupaten Sidenreng Rappang","73.14.11","Pitu Riase","73.14.11.1001","Batu"
"73","Sulawesi Selatan","73.14","Kabupaten Sidenreng Rappang","73.14.11","Pitu Riase","73.14.11.2002","Compong"
"73","Sulawesi Selatan","73.14","Kabupaten Sidenreng Rappang","73.14.11","Pitu Riase","73.14.11.2003","Belawae"
"73","Sulawesi Selatan","73.14","Kabupaten Sidenreng Rappang","73.14.11","Pitu Riase","73.14.11.2004","Botto"
"73","Sulawesi Selatan","73.14","Kabupaten Sidenreng Rappang","73.14.11","Pitu Riase","73.14.11.2005","Bila Riase"
"73","Sulawesi Selatan","73.14","Kabupaten Sidenreng Rappang","73.14.11","Pitu Riase","73.14.11.2006","Bola Bulu"
"73","Sulawesi Selatan","73.14","Kabupaten Sidenreng Rappang","73.14.11","Pitu Riase","73.14.11.2007","Tana Toro"
"73","Sulawesi Selatan","73.14","Kabupaten Sidenreng Rappang","73.14.11","Pitu Riase","73.14.11.2008","Lombo"
"73","Sulawesi Selatan","73.14","Kabupaten Sidenreng Rappang","73.14.11","Pitu Riase","73.14.11.2009","Lagading"
"73","Sulawesi Selatan","73.14","Kabupaten Sidenreng Rappang","73.14.11","Pitu Riase","73.14.11.2010","Dengeng-Dengeng"
"73","Sulawesi Selatan","73.14","Kabupaten Sidenreng Rappang","73.14.11","Pitu Riase","73.14.11.2011","Buntu Buangin"
"73","Sulawesi Selatan","73.14","Kabupaten Sidenreng Rappang","73.14.11","Pitu Riase","73.14.11.2012","Leppangeng"
"73","Sulawesi Selatan","73.15","Kabupaten Pinrang","73.15.01","Mattiro Sompe","73.15.01.1001","Langnga"
"73","Sulawesi Selatan","73.15","Kabupaten Pinrang","73.15.01","Mattiro Sompe","73.15.01.1002","Pallameang"
"73","Sulawesi Selatan","73.15","Kabupaten Pinrang","73.15.01","Mattiro Sompe","73.15.01.2003","Massulowalie"
"73","Sulawesi Selatan","73.15","Kabupaten Pinrang","73.15.01","Mattiro Sompe","73.15.01.2004","Mattombong"
"73","Sulawesi Selatan","73.15","Kabupaten Pinrang","73.15.01","Mattiro Sompe","73.15.01.2005","Mattongang Tongang"
"73","Sulawesi Selatan","73.15","Kabupaten Pinrang","73.15.01","Mattiro Sompe","73.15.01.2006","Patobong"
"73","Sulawesi Selatan","73.15","Kabupaten Pinrang","73.15.01","Mattiro Sompe","73.15.01.2007","Samaenre"
"73","Sulawesi Selatan","73.15","Kabupaten Pinrang","73.15.01","Mattiro Sompe","73.15.01.2008","Mattiro Tasi"
"73","Sulawesi Selatan","73.15","Kabupaten Pinrang","73.15.01","Mattiro Sompe","73.15.01.2009","Siwolong Polong"
"73","Sulawesi Selatan","73.15","Kabupaten Pinrang","73.15.02","Suppa","73.15.02.1001","Watang Suppa"
"73","Sulawesi Selatan","73.15","Kabupaten Pinrang","73.15.02","Suppa","73.15.02.1002","Tellumpanua"
"73","Sulawesi Selatan","73.15","Kabupaten Pinrang","73.15.02","Suppa","73.15.02.2003","Lero"
"73","Sulawesi Selatan","73.15","Kabupaten Pinrang","73.15.02","Suppa","73.15.02.2004","Watang Pulu"
"73","Sulawesi Selatan","73.15","Kabupaten Pinrang","73.15.02","Suppa","73.15.02.2005","Maritengngae"
"73","Sulawesi Selatan","73.15","Kabupaten Pinrang","73.15.02","Suppa","73.15.02.2006","Tasiwalie"
"73","Sulawesi Selatan","73.15","Kabupaten Pinrang","73.15.02","Suppa","73.15.02.2007","Wiring Tasi"
"73","Sulawesi Selatan","73.15","Kabupaten Pinrang","73.15.02","Suppa","73.15.02.2008","Lotang Salo"
"73","Sulawesi Selatan","73.15","Kabupaten Pinrang","73.15.02","Suppa","73.15.02.2009","Ujung Labuang"
"73","Sulawesi Selatan","73.15","Kabupaten Pinrang","73.15.02","Suppa","73.15.02.2010","Polewali"
"73","Sulawesi Selatan","73.15","Kabupaten Pinrang","73.15.03","Mattiro Bulu","73.15.03.1001","Manarang"
"73","Sulawesi Selatan","73.15","Kabupaten Pinrang","73.15.03","Mattiro Bulu","73.15.03.1002","Padaidi"
"73","Sulawesi Selatan","73.15","Kabupaten Pinrang","73.15.03","Mattiro Bulu","73.15.03.2003","Pananrang"
"73","Sulawesi Selatan","73.15","Kabupaten Pinrang","73.15.03","Mattiro Bulu","73.15.03.2004","Padakkalawa"
"73","Sulawesi Selatan","73.15","Kabupaten Pinrang","73.15.03","Mattiro Bulu","73.15.03.2005","Marannu"
"73","Sulawesi Selatan","73.15","Kabupaten Pinrang","73.15.03","Mattiro Bulu","73.15.03.2006","Alitta"
"73","Sulawesi Selatan","73.15","Kabupaten Pinrang","73.15.03","Mattiro Bulu","73.15.03.2007","Padaelo"
"73","Sulawesi Selatan","73.15","Kabupaten Pinrang","73.15.03","Mattiro Bulu","73.15.03.2008","Bunga"
"73","Sulawesi Selatan","73.15","Kabupaten Pinrang","73.15.03","Mattiro Bulu","73.15.03.2009","Makkawaru"
"73","Sulawesi Selatan","73.15","Kabupaten Pinrang","73.15.04","Watang Sawitto","73.15.04.1001","Jaya"
"73","Sulawesi Selatan","73.15","Kabupaten Pinrang","73.15.04","Watang Sawitto","73.15.04.1002","Sawitto"
"73","Sulawesi Selatan","73.15","Kabupaten Pinrang","73.15.04","Watang Sawitto","73.15.04.1003","Macorawalie"
"73","Sulawesi Selatan","73.15","Kabupaten Pinrang","73.15.04","Watang Sawitto","73.15.04.1004","Penrang"
"73","Sulawesi Selatan","73.15","Kabupaten Pinrang","73.15.04","Watang Sawitto","73.15.04.1005","Salo"
"73","Sulawesi Selatan","73.15","Kabupaten Pinrang","73.15.04","Watang Sawitto","73.15.04.1006","Bentengnge"
"73","Sulawesi Selatan","73.15","Kabupaten Pinrang","73.15.04","Watang Sawitto","73.15.04.1007","Sipatokkong"
"73","Sulawesi Selatan","73.15","Kabupaten Pinrang","73.15.04","Watang Sawitto","73.15.04.1008","Siparappe"
"73","Sulawesi Selatan","73.15","Kabupaten Pinrang","73.15.05","Patampanua","73.15.05.1001","Benteng"
"73","Sulawesi Selatan","73.15","Kabupaten Pinrang","73.15.05","Patampanua","73.15.05.1002","Teppo"
"73","Sulawesi Selatan","73.15","Kabupaten Pinrang","73.15.05","Patampanua","73.15.05.1003","Tonyamang"
"73","Sulawesi Selatan","73.15","Kabupaten Pinrang","73.15.05","Patampanua","73.15.05.1004","Maccirinna"
"73","Sulawesi Selatan","73.15","Kabupaten Pinrang","73.15.05","Patampanua","73.15.05.2005","Leppangang"
"73","Sulawesi Selatan","73.15","Kabupaten Pinrang","73.15.05","Patampanua","73.15.05.2006","Malimpung"
"73","Sulawesi Selatan","73.15","Kabupaten Pinrang","73.15.05","Patampanua","73.15.05.2007","Mattiro Ade"
"73","Sulawesi Selatan","73.15","Kabupaten Pinrang","73.15.05","Patampanua","73.15.05.2008","Sipatuo"
"73","Sulawesi Selatan","73.15","Kabupaten Pinrang","73.15.05","Patampanua","73.15.05.2009","Padang Loang"
"73","Sulawesi Selatan","73.15","Kabupaten Pinrang","73.15.05","Patampanua","73.15.05.2010","Pincara"
"73","Sulawesi Selatan","73.15","Kabupaten Pinrang","73.15.05","Patampanua","73.15.05.2011","Masolo"
"73","Sulawesi Selatan","73.15","Kabupaten Pinrang","73.15.06","Duampanua","73.15.06.1001","Pekkabata"
"73","Sulawesi Selatan","73.15","Kabupaten Pinrang","73.15.06","Duampanua","73.15.06.1002","Tatae"
"73","Sulawesi Selatan","73.15","Kabupaten Pinrang","73.15.06","Duampanua","73.15.06.1003","Lampa"
"73","Sulawesi Selatan","73.15","Kabupaten Pinrang","73.15.06","Duampanua","73.15.06.1004","Data"
"73","Sulawesi Selatan","73.15","Kabupaten Pinrang","73.15.06","Duampanua","73.15.06.1005","Bittoeng"
"73","Sulawesi Selatan","73.15","Kabupaten Pinrang","73.15.06","Duampanua","73.15.06.2006","Kaballangang"
"73","Sulawesi Selatan","73.15","Kabupaten Pinrang","73.15.06","Duampanua","73.15.06.2007","Paria"
"73","Sulawesi Selatan","73.15","Kabupaten Pinrang","73.15.06","Duampanua","73.15.06.2008","Kaliang"
"73","Sulawesi Selatan","73.15","Kabupaten Pinrang","73.15.06","Duampanua","73.15.06.2009","Buttu Sawe"
"73","Sulawesi Selatan","73.15","Kabupaten Pinrang","73.15.06","Duampanua","73.15.06.2010","Maroneng"
"73","Sulawesi Selatan","73.15","Kabupaten Pinrang","73.15.06","Duampanua","73.15.06.2011","Katomporang"
"73","Sulawesi Selatan","73.15","Kabupaten Pinrang","73.15.06","Duampanua","73.15.06.2012","Bungi"
"73","Sulawesi Selatan","73.15","Kabupaten Pinrang","73.15.06","Duampanua","73.15.06.2013","Massewae"
"73","Sulawesi Selatan","73.15","Kabupaten Pinrang","73.15.06","Duampanua","73.15.06.2014","Bababinanga"
"73","Sulawesi Selatan","73.15","Kabupaten Pinrang","73.15.06","Duampanua","73.15.06.2015","Barugae"
"73","Sulawesi Selatan","73.15","Kabupaten Pinrang","73.15.07","Lembang","73.15.07.1001","Tadokkong"
"73","Sulawesi Selatan","73.15","Kabupaten Pinrang","73.15.07","Lembang","73.15.07.1002","Betteng"
"73","Sulawesi Selatan","73.15","Kabupaten Pinrang","73.15.07","Lembang","73.15.07.2003","Binanga Karaeng"
"73","Sulawesi Selatan","73.15","Kabupaten Pinrang","73.15.07","Lembang","73.15.07.2004","Rajang"
"73","Sulawesi Selatan","73.15","Kabupaten Pinrang","73.15.07","Lembang","73.15.07.2005","Letta"
"73","Sulawesi Selatan","73.15","Kabupaten Pinrang","73.15.07","Lembang","73.15.07.2006","Ulu Saddang"
"73","Sulawesi Selatan","73.15","Kabupaten Pinrang","73.15.07","Lembang","73.15.07.2007","Suppirang"
"73","Sulawesi Selatan","73.15","Kabupaten Pinrang","73.15.07","Lembang","73.15.07.2008","Basseang"
"73","Sulawesi Selatan","73.15","Kabupaten Pinrang","73.15.07","Lembang","73.15.07.2009","Kariango"
"73","Sulawesi Selatan","73.15","Kabupaten Pinrang","73.15.07","Lembang","73.15.07.2010","Benteng Paremba"
"73","Sulawesi Selatan","73.15","Kabupaten Pinrang","73.15.07","Lembang","73.15.07.2011","Pakeng"
"73","Sulawesi Selatan","73.15","Kabupaten Pinrang","73.15.07","Lembang","73.15.07.2012","Lembang Mesakada"
"73","Sulawesi Selatan","73.15","Kabupaten Pinrang","73.15.07","Lembang","73.15.07.2013","Sali Sali"
"73","Sulawesi Selatan","73.15","Kabupaten Pinrang","73.15.07","Lembang","73.15.07.2014","Sabbang Paru"
"73","Sulawesi Selatan","73.15","Kabupaten Pinrang","73.15.07","Lembang","73.15.07.2015","Bakaru"
"73","Sulawesi Selatan","73.15","Kabupaten Pinrang","73.15.07","Lembang","73.15.07.2016","Pangaparang"
"73","Sulawesi Selatan","73.15","Kabupaten Pinrang","73.15.08","Cempa","73.15.08.1001","Cempa"
"73","Sulawesi Selatan","73.15","Kabupaten Pinrang","73.15.08","Cempa","73.15.08.2002","Mangki"
"73","Sulawesi Selatan","73.15","Kabupaten Pinrang","73.15.08","Cempa","73.15.08.2003","Mattunru Tunrue"
"73","Sulawesi Selatan","73.15","Kabupaten Pinrang","73.15.08","Cempa","73.15.08.2004","Sikkuale"
"73","Sulawesi Selatan","73.15","Kabupaten Pinrang","73.15.08","Cempa","73.15.08.2005","Tadang Palie"
"73","Sulawesi Selatan","73.15","Kabupaten Pinrang","73.15.08","Cempa","73.15.08.2006","Salipolo"
"73","Sulawesi Selatan","73.15","Kabupaten Pinrang","73.15.08","Cempa","73.15.08.2007","Tanra Tuo"
"73","Sulawesi Selatan","73.15","Kabupaten Pinrang","73.15.09","Tiroang","73.15.09.1001","Pammase"
"73","Sulawesi Selatan","73.15","Kabupaten Pinrang","73.15.09","Tiroang","73.15.09.1002","Marawi"
"73","Sulawesi Selatan","73.15","Kabupaten Pinrang","73.15.09","Tiroang","73.15.09.1003","Fakkie"
"73","Sulawesi Selatan","73.15","Kabupaten Pinrang","73.15.09","Tiroang","73.15.09.1004","Tiroang"
"73","Sulawesi Selatan","73.15","Kabupaten Pinrang","73.15.09","Tiroang","73.15.09.1005","Mattiro Deceng"
"73","Sulawesi Selatan","73.15","Kabupaten Pinrang","73.15.09","Tiroang","73.15.09.1006","Samaturue"
"73","Sulawesi Selatan","73.15","Kabupaten Pinrang","73.15.10","Lanrisang","73.15.10.1001","Lanrisang"
"73","Sulawesi Selatan","73.15","Kabupaten Pinrang","73.15.10","Lanrisang","73.15.10.2002","Samaulue"
"73","Sulawesi Selatan","73.15","Kabupaten Pinrang","73.15.10","Lanrisang","73.15.10.2003","Mallongi-longi"
"73","Sulawesi Selatan","73.15","Kabupaten Pinrang","73.15.10","Lanrisang","73.15.10.2004","Amassangang"
"73","Sulawesi Selatan","73.15","Kabupaten Pinrang","73.15.10","Lanrisang","73.15.10.2005","Barang Palie"
"73","Sulawesi Selatan","73.15","Kabupaten Pinrang","73.15.10","Lanrisang","73.15.10.2006","Waetuoe"
"73","Sulawesi Selatan","73.15","Kabupaten Pinrang","73.15.10","Lanrisang","73.15.10.2007","Lerang"
"73","Sulawesi Selatan","73.15","Kabupaten Pinrang","73.15.11","Paleteang","73.15.11.1001","Pacongang"
"73","Sulawesi Selatan","73.15","Kabupaten Pinrang","73.15.11","Paleteang","73.15.11.1002","Macinnae"
"73","Sulawesi Selatan","73.15","Kabupaten Pinrang","73.15.11","Paleteang","73.15.11.1003","Temmassarangnge"
"73","Sulawesi Selatan","73.15","Kabupaten Pinrang","73.15.11","Paleteang","73.15.11.1004","Mamminasae"
"73","Sulawesi Selatan","73.15","Kabupaten Pinrang","73.15.11","Paleteang","73.15.11.1005","Laleng Bata"
"73","Sulawesi Selatan","73.15","Kabupaten Pinrang","73.15.11","Paleteang","73.15.11.1006","Benteng Sawitto"
"73","Sulawesi Selatan","73.15","Kabupaten Pinrang","73.15.12","Batulappa","73.15.12.1003","Kassa"
"73","Sulawesi Selatan","73.15","Kabupaten Pinrang","73.15.12","Batulappa","73.15.12.2001","Batulappa"
"73","Sulawesi Selatan","73.15","Kabupaten Pinrang","73.15.12","Batulappa","73.15.12.2004","Tapporang"
"73","Sulawesi Selatan","73.15","Kabupaten Pinrang","73.15.12","Batulappa","73.15.12.2005","Kaseralau"
"73","Sulawesi Selatan","73.15","Kabupaten Pinrang","73.15.12","Batulappa","73.15.12.2006","Watang Kassa"
"73","Sulawesi Selatan","73.16","Kabupaten Enrekang","73.16.01","Maiwa","73.16.01.1001","Bangkala"
"73","Sulawesi Selatan","73.16","Kabupaten Enrekang","73.16.01","Maiwa","73.16.01.2002","Pattondon Salu"
"73","Sulawesi Selatan","73.16","Kabupaten Enrekang","73.16.01","Maiwa","73.16.01.2003","Tuncung"
"73","Sulawesi Selatan","73.16","Kabupaten Enrekang","73.16.01","Maiwa","73.16.01.2004","Pasang"
"73","Sulawesi Selatan","73.16","Kabupaten Enrekang","73.16.01","Maiwa","73.16.01.2005","Salodua"
"73","Sulawesi Selatan","73.16","Kabupaten Enrekang","73.16.01","Maiwa","73.16.01.2006","Batu Mila"
"73","Sulawesi Selatan","73.16","Kabupaten Enrekang","73.16.01","Maiwa","73.16.01.2007","Puncak Harapan"
"73","Sulawesi Selatan","73.16","Kabupaten Enrekang","73.16.01","Maiwa","73.16.01.2008","Palakka"
"73","Sulawesi Selatan","73.16","Kabupaten Enrekang","73.16.01","Maiwa","73.16.01.2009","Tapong"
"73","Sulawesi Selatan","73.16","Kabupaten Enrekang","73.16.01","Maiwa","73.16.01.2010","Mangkawani"
"73","Sulawesi Selatan","73.16","Kabupaten Enrekang","73.16.01","Maiwa","73.16.01.2011","Botto Malangga"
"73","Sulawesi Selatan","73.16","Kabupaten Enrekang","73.16.01","Maiwa","73.16.01.2012","Boiya"
"73","Sulawesi Selatan","73.16","Kabupaten Enrekang","73.16.01","Maiwa","73.16.01.2013","Matajang"
"73","Sulawesi Selatan","73.16","Kabupaten Enrekang","73.16.01","Maiwa","73.16.01.2014","Baringin"
"73","Sulawesi Selatan","73.16","Kabupaten Enrekang","73.16.01","Maiwa","73.16.01.2015","Lebani"
"73","Sulawesi Selatan","73.16","Kabupaten Enrekang","73.16.01","Maiwa","73.16.01.2016","Limbuang"
"73","Sulawesi Selatan","73.16","Kabupaten Enrekang","73.16.01","Maiwa","73.16.01.2017","Paladang"
"73","Sulawesi Selatan","73.16","Kabupaten Enrekang","73.16.01","Maiwa","73.16.01.2018","Pariwang"
"73","Sulawesi Selatan","73.16","Kabupaten Enrekang","73.16.01","Maiwa","73.16.01.2019","Kaluppang"
"73","Sulawesi Selatan","73.16","Kabupaten Enrekang","73.16.01","Maiwa","73.16.01.2020","Ongko"
"73","Sulawesi Selatan","73.16","Kabupaten Enrekang","73.16.01","Maiwa","73.16.01.2021","Tanete"
"73","Sulawesi Selatan","73.16","Kabupaten Enrekang","73.16.01","Maiwa","73.16.01.2022","Labuku"
"73","Sulawesi Selatan","73.16","Kabupaten Enrekang","73.16.02","Enrekang","73.16.02.1001","Galonta"
"73","Sulawesi Selatan","73.16","Kabupaten Enrekang","73.16.02","Enrekang","73.16.02.1002","Juppandang"
"73","Sulawesi Selatan","73.16","Kabupaten Enrekang","73.16.02","Enrekang","73.16.02.1003","Puserren"
"73","Sulawesi Selatan","73.16","Kabupaten Enrekang","73.16.02","Enrekang","73.16.02.1004","Lewaja"
"73","Sulawesi Selatan","73.16","Kabupaten Enrekang","73.16.02","Enrekang","73.16.02.1010","Leoran"
"73","Sulawesi Selatan","73.16","Kabupaten Enrekang","73.16.02","Enrekang","73.16.02.1016","Tuara"
"73","Sulawesi Selatan","73.16","Kabupaten Enrekang","73.16.02","Enrekang","73.16.02.2005","Ranga"
"73","Sulawesi Selatan","73.16","Kabupaten Enrekang","73.16.02","Enrekang","73.16.02.2006","Buttu Batu"
"73","Sulawesi Selatan","73.16","Kabupaten Enrekang","73.16.02","Enrekang","73.16.02.2007","Tokkonan"
"73","Sulawesi Selatan","73.16","Kabupaten Enrekang","73.16.02","Enrekang","73.16.02.2008","Karueng"
"73","Sulawesi Selatan","73.16","Kabupaten Enrekang","73.16.02","Enrekang","73.16.02.2011","Tallu Bamba"
"73","Sulawesi Selatan","73.16","Kabupaten Enrekang","73.16.02","Enrekang","73.16.02.2012","Tungka"
"73","Sulawesi Selatan","73.16","Kabupaten Enrekang","73.16.02","Enrekang","73.16.02.2013","Kaluppini"
"73","Sulawesi Selatan","73.16","Kabupaten Enrekang","73.16.02","Enrekang","73.16.02.2014","Tobalu"
"73","Sulawesi Selatan","73.16","Kabupaten Enrekang","73.16.02","Enrekang","73.16.02.2015","Cemba"
"73","Sulawesi Selatan","73.16","Kabupaten Enrekang","73.16.02","Enrekang","73.16.02.2017","Temban"
"73","Sulawesi Selatan","73.16","Kabupaten Enrekang","73.16.02","Enrekang","73.16.02.2018","Rosoan"
"73","Sulawesi Selatan","73.16","Kabupaten Enrekang","73.16.02","Enrekang","73.16.02.2019","Lembang"
"73","Sulawesi Selatan","73.16","Kabupaten Enrekang","73.16.03","Baraka","73.16.03.1001","Baraka"
"73","Sulawesi Selatan","73.16","Kabupaten Enrekang","73.16.03","Baraka","73.16.03.1002","Tomenawa"
"73","Sulawesi Selatan","73.16","Kabupaten Enrekang","73.16.03","Baraka","73.16.03.1021","Balla"
"73","Sulawesi Selatan","73.16","Kabupaten Enrekang","73.16.03","Baraka","73.16.03.2003","Banti"
"73","Sulawesi Selatan","73.16","Kabupaten Enrekang","73.16.03","Baraka","73.16.03.2005","Bontongan"
"73","Sulawesi Selatan","73.16","Kabupaten Enrekang","73.16.03","Baraka","73.16.03.2006","Salukanan"
"73","Sulawesi Selatan","73.16","Kabupaten Enrekang","73.16.03","Baraka","73.16.03.2007","Parinding"
"73","Sulawesi Selatan","73.16","Kabupaten Enrekang","73.16.03","Baraka","73.16.03.2010","Tirowali"
"73","Sulawesi Selatan","73.16","Kabupaten Enrekang","73.16.03","Baraka","73.16.03.2011","Pepandungan"
"73","Sulawesi Selatan","73.16","Kabupaten Enrekang","73.16.03","Baraka","73.16.03.2012","Kendenan"
"73","Sulawesi Selatan","73.16","Kabupaten Enrekang","73.16.03","Baraka","73.16.03.2015","Perangian"
"73","Sulawesi Selatan","73.16","Kabupaten Enrekang","73.16.03","Baraka","73.16.03.2019","Janggurara"
"73","Sulawesi Selatan","73.16","Kabupaten Enrekang","73.16.03","Baraka","73.16.03.2020","Kadingeh"
"73","Sulawesi Selatan","73.16","Kabupaten Enrekang","73.16.03","Baraka","73.16.03.2022","Bonebone"
"73","Sulawesi Selatan","73.16","Kabupaten Enrekang","73.16.03","Baraka","73.16.03.2023","Pandung Batu"
"73","Sulawesi Selatan","73.16","Kabupaten Enrekang","73.16.04","Anggeraja","73.16.04.1001","Lakawan"
"73","Sulawesi Selatan","73.16","Kabupaten Enrekang","73.16.04","Anggeraja","73.16.04.1002","Tanete"
"73","Sulawesi Selatan","73.16","Kabupaten Enrekang","73.16.04","Anggeraja","73.16.04.1004","Mataran"
"73","Sulawesi Selatan","73.16","Kabupaten Enrekang","73.16.04","Anggeraja","73.16.04.2003","Bamba Puang"
"73","Sulawesi Selatan","73.16","Kabupaten Enrekang","73.16.04","Anggeraja","73.16.04.2005","Siambo"
"73","Sulawesi Selatan","73.16","Kabupaten Enrekang","73.16.04","Anggeraja","73.16.04.2006","Mampu"
"73","Sulawesi Selatan","73.16","Kabupaten Enrekang","73.16.04","Anggeraja","73.16.04.2007","Pekalobean"
"73","Sulawesi Selatan","73.16","Kabupaten Enrekang","73.16.04","Anggeraja","73.16.04.2008","Singki"
"73","Sulawesi Selatan","73.16","Kabupaten Enrekang","73.16.04","Anggeraja","73.16.04.2009","Salu Dewata"
"73","Sulawesi Selatan","73.16","Kabupaten Enrekang","73.16.04","Anggeraja","73.16.04.2010","Tindalun"
"73","Sulawesi Selatan","73.16","Kabupaten Enrekang","73.16.04","Anggeraja","73.16.04.2011","Bubun Lamba"
"73","Sulawesi Selatan","73.16","Kabupaten Enrekang","73.16.04","Anggeraja","73.16.04.2012","Tampo"
"73","Sulawesi Selatan","73.16","Kabupaten Enrekang","73.16.04","Anggeraja","73.16.04.2013","Batunoni"
"73","Sulawesi Selatan","73.16","Kabupaten Enrekang","73.16.04","Anggeraja","73.16.04.2014","Saruran"
"73","Sulawesi Selatan","73.16","Kabupaten Enrekang","73.16.04","Anggeraja","73.16.04.2015","Mendatte"
"73","Sulawesi Selatan","73.16","Kabupaten Enrekang","73.16.05","Alla","73.16.05.1001","Kambiolangi"
"73","Sulawesi Selatan","73.16","Kabupaten Enrekang","73.16.05","Alla","73.16.05.1002","Kalosi"
"73","Sulawesi Selatan","73.16","Kabupaten Enrekang","73.16.05","Alla","73.16.05.1003","Buntu Sugi"
"73","Sulawesi Selatan","73.16","Kabupaten Enrekang","73.16.05","Alla","73.16.05.2004","Mata Allo"
"73","Sulawesi Selatan","73.16","Kabupaten Enrekang","73.16.05","Alla","73.16.05.2010","Sumillan"
"73","Sulawesi Selatan","73.16","Kabupaten Enrekang","73.16.05","Alla","73.16.05.2011","Pana"
"73","Sulawesi Selatan","73.16","Kabupaten Enrekang","73.16.05","Alla","73.16.05.2017","Taulo"
"73","Sulawesi Selatan","73.16","Kabupaten Enrekang","73.16.05","Alla","73.16.05.2018","Bolang"
"73","Sulawesi Selatan","73.16","Kabupaten Enrekang","73.16.06","Bungin","73.16.06.2002","Bungin"
"73","Sulawesi Selatan","73.16","Kabupaten Enrekang","73.16.06","Bungin","73.16.06.2003","Talang Rilau"
"73","Sulawesi Selatan","73.16","Kabupaten Enrekang","73.16.06","Bungin","73.16.06.2004","Baruka"
"73","Sulawesi Selatan","73.16","Kabupaten Enrekang","73.16.06","Bungin","73.16.06.2008","Sawitto"
"73","Sulawesi Selatan","73.16","Kabupaten Enrekang","73.16.06","Bungin","73.16.06.2009","Bulo"
"73","Sulawesi Selatan","73.16","Kabupaten Enrekang","73.16.06","Bungin","73.16.06.2010","Banua"
"73","Sulawesi Selatan","73.16","Kabupaten Enrekang","73.16.07","Cendana","73.16.07.2001","Cendana"
"73","Sulawesi Selatan","73.16","Kabupaten Enrekang","73.16.07","Cendana","73.16.07.2002","Taulan"
"73","Sulawesi Selatan","73.16","Kabupaten Enrekang","73.16.07","Cendana","73.16.07.2003","Pinang"
"73","Sulawesi Selatan","73.16","Kabupaten Enrekang","73.16.07","Cendana","73.16.07.2004","Malalin"
"73","Sulawesi Selatan","73.16","Kabupaten Enrekang","73.16.07","Cendana","73.16.07.2005","Karrang"
"73","Sulawesi Selatan","73.16","Kabupaten Enrekang","73.16.07","Cendana","73.16.07.2006","Lebang"
"73","Sulawesi Selatan","73.16","Kabupaten Enrekang","73.16.07","Cendana","73.16.07.2007","Pundi Lemo"
"73","Sulawesi Selatan","73.16","Kabupaten Enrekang","73.16.08","Curio","73.16.08.2001","Sangiepongan"
"73","Sulawesi Selatan","73.16","Kabupaten Enrekang","73.16.08","Curio","73.16.08.2002","Buntu Barana"
"73","Sulawesi Selatan","73.16","Kabupaten Enrekang","73.16.08","Curio","73.16.08.2003","Buntu Pema"
"73","Sulawesi Selatan","73.16","Kabupaten Enrekang","73.16.08","Curio","73.16.08.2004","Parombean"
"73","Sulawesi Selatan","73.16","Kabupaten Enrekang","73.16.08","Curio","73.16.08.2005","Tallung Ura"
"73","Sulawesi Selatan","73.16","Kabupaten Enrekang","73.16.08","Curio","73.16.08.2006","Pebaloran"
"73","Sulawesi Selatan","73.16","Kabupaten Enrekang","73.16.08","Curio","73.16.08.2007","Curio"
"73","Sulawesi Selatan","73.16","Kabupaten Enrekang","73.16.08","Curio","73.16.08.2008","Mekkala"
"73","Sulawesi Selatan","73.16","Kabupaten Enrekang","73.16.08","Curio","73.16.08.2009","Sumbang"
"73","Sulawesi Selatan","73.16","Kabupaten Enrekang","73.16.08","Curio","73.16.08.2010","Mandalan"
"73","Sulawesi Selatan","73.16","Kabupaten Enrekang","73.16.08","Curio","73.16.08.2011","Salassa"
"73","Sulawesi Selatan","73.16","Kabupaten Enrekang","73.16.09","Malua","73.16.09.1001","Malua"
"73","Sulawesi Selatan","73.16","Kabupaten Enrekang","73.16.09","Malua","73.16.09.2002","Bonto"
"73","Sulawesi Selatan","73.16","Kabupaten Enrekang","73.16.09","Malua","73.16.09.2003","Tallung Tondok"
"73","Sulawesi Selatan","73.16","Kabupaten Enrekang","73.16.09","Malua","73.16.09.2004","Rante Mario"
"73","Sulawesi Selatan","73.16","Kabupaten Enrekang","73.16.09","Malua","73.16.09.2005","Tangru"
"73","Sulawesi Selatan","73.16","Kabupaten Enrekang","73.16.09","Malua","73.16.09.2006","Kolai"
"73","Sulawesi Selatan","73.16","Kabupaten Enrekang","73.16.09","Malua","73.16.09.2007","Dulang"
"73","Sulawesi Selatan","73.16","Kabupaten Enrekang","73.16.09","Malua","73.16.09.2008","Buntu Batuan"
"73","Sulawesi Selatan","73.16","Kabupaten Enrekang","73.16.10","Buntu Batu","73.16.10.2001","Pasui"
"73","Sulawesi Selatan","73.16","Kabupaten Enrekang","73.16.10","Buntu Batu","73.16.10.2002","Eran Batu"
"73","Sulawesi Selatan","73.16","Kabupaten Enrekang","73.16.10","Buntu Batu","73.16.10.2003","Latimojong"
"73","Sulawesi Selatan","73.16","Kabupaten Enrekang","73.16.10","Buntu Batu","73.16.10.2004","Buntu Mondong"
"73","Sulawesi Selatan","73.16","Kabupaten Enrekang","73.16.10","Buntu Batu","73.16.10.2005","Ledan"
"73","Sulawesi Selatan","73.16","Kabupaten Enrekang","73.16.10","Buntu Batu","73.16.10.2006","Lunjen"
"73","Sulawesi Selatan","73.16","Kabupaten Enrekang","73.16.10","Buntu Batu","73.16.10.2007","Langda"
"73","Sulawesi Selatan","73.16","Kabupaten Enrekang","73.16.10","Buntu Batu","73.16.10.2008","Potok Ullin"
"73","Sulawesi Selatan","73.16","Kabupaten Enrekang","73.16.11","Masalle","73.16.11.2001","Masalle"
"73","Sulawesi Selatan","73.16","Kabupaten Enrekang","73.16.11","Masalle","73.16.11.2003","Batu Ke'de"
"73","Sulawesi Selatan","73.16","Kabupaten Enrekang","73.16.11","Masalle","73.16.11.2004","Mundan"
"73","Sulawesi Selatan","73.16","Kabupaten Enrekang","73.16.11","Masalle","73.16.11.2006","Buntu Sarong"
"73","Sulawesi Selatan","73.16","Kabupaten Enrekang","73.16.11","Masalle","73.16.11.2008","Rampunan"
"73","Sulawesi Selatan","73.16","Kabupaten Enrekang","73.16.11","Masalle","73.16.11.2055","Tongkonan Basse"
"73","Sulawesi Selatan","73.16","Kabupaten Enrekang","73.16.12","Baroko","73.16.12.2001","Baroko"
"73","Sulawesi Selatan","73.16","Kabupaten Enrekang","73.16.12","Baroko","73.16.12.2002","Benteng Alla"
"73","Sulawesi Selatan","73.16","Kabupaten Enrekang","73.16.12","Baroko","73.16.12.2003","Benteng Alla Utara"
"73","Sulawesi Selatan","73.16","Kabupaten Enrekang","73.16.12","Baroko","73.16.12.2004","Tongko"
"73","Sulawesi Selatan","73.16","Kabupaten Enrekang","73.16.12","Baroko","73.16.12.2005","Patongloan"
"73","Sulawesi Selatan","73.17","Kabupaten Luwu","73.17.01","Basse Sangtempe","73.17.01.2005","Kanna"
"73","Sulawesi Selatan","73.17","Kabupaten Luwu","73.17.01","Basse Sangtempe","73.17.01.2006","Kanna Utara"
"73","Sulawesi Selatan","73.17","Kabupaten Luwu","73.17.01","Basse Sangtempe","73.17.01.2008","Tabi"
"73","Sulawesi Selatan","73.17","Kabupaten Luwu","73.17.01","Basse Sangtempe","73.17.01.2010","Bolu"
"73","Sulawesi Selatan","73.17","Kabupaten Luwu","73.17.01","Basse Sangtempe","73.17.01.2011","Lange"
"73","Sulawesi Selatan","73.17","Kabupaten Luwu","73.17.01","Basse Sangtempe","73.17.01.2012","Sinaji"
"73","Sulawesi Selatan","73.17","Kabupaten Luwu","73.17.01","Basse Sangtempe","73.17.01.2013","Mappetajang"
"73","Sulawesi Selatan","73.17","Kabupaten Luwu","73.17.01","Basse Sangtempe","73.17.01.2016","Andulan"
"73","Sulawesi Selatan","73.17","Kabupaten Luwu","73.17.01","Basse Sangtempe","73.17.01.2017","Buntu Batu"
"73","Sulawesi Selatan","73.17","Kabupaten Luwu","73.17.01","Basse Sangtempe","73.17.01.2019","Ledan"
"73","Sulawesi Selatan","73.17","Kabupaten Luwu","73.17.01","Basse Sangtempe","73.17.01.2020","Lissaga"
"73","Sulawesi Selatan","73.17","Kabupaten Luwu","73.17.01","Basse Sangtempe","73.17.01.2022","To'long"
"73","Sulawesi Selatan","73.17","Kabupaten Luwu","73.17.02","Larompong","73.17.02.1003","Larompong"
"73","Sulawesi Selatan","73.17","Kabupaten Luwu","73.17.02","Larompong","73.17.02.2001","Rantebelu"
"73","Sulawesi Selatan","73.17","Kabupaten Luwu","73.17.02","Larompong","73.17.02.2002","Komba"
"73","Sulawesi Selatan","73.17","Kabupaten Luwu","73.17.02","Larompong","73.17.02.2004","Lumaring"
"73","Sulawesi Selatan","73.17","Kabupaten Luwu","73.17.02","Larompong","73.17.02.2005","Binturu"
"73","Sulawesi Selatan","73.17","Kabupaten Luwu","73.17.02","Larompong","73.17.02.2006","Bilante"
"73","Sulawesi Selatan","73.17","Kabupaten Luwu","73.17.02","Larompong","73.17.02.2007","Rante Alang"
"73","Sulawesi Selatan","73.17","Kabupaten Luwu","73.17.02","Larompong","73.17.02.2008","Riwang"
"73","Sulawesi Selatan","73.17","Kabupaten Luwu","73.17.02","Larompong","73.17.02.2009","Buntu Matabing"
"73","Sulawesi Selatan","73.17","Kabupaten Luwu","73.17.02","Larompong","73.17.02.2010","Bukit Sutra"
"73","Sulawesi Selatan","73.17","Kabupaten Luwu","73.17.02","Larompong","73.17.02.2011","Riwang Selatan"
"73","Sulawesi Selatan","73.17","Kabupaten Luwu","73.17.02","Larompong","73.17.02.2012","Komba Selatan"
"73","Sulawesi Selatan","73.17","Kabupaten Luwu","73.17.02","Larompong","73.17.02.2013","Buntu Pasik"
"73","Sulawesi Selatan","73.17","Kabupaten Luwu","73.17.03","Suli","73.17.03.1003","Suli"
"73","Sulawesi Selatan","73.17","Kabupaten Luwu","73.17.03","Suli","73.17.03.2002","Murante"
"73","Sulawesi Selatan","73.17","Kabupaten Luwu","73.17.03","Suli","73.17.03.2004","Malela"
"73","Sulawesi Selatan","73.17","Kabupaten Luwu","73.17.03","Suli","73.17.03.2005","Botta"
"73","Sulawesi Selatan","73.17","Kabupaten Luwu","73.17.03","Suli","73.17.03.2006","Cimpu"
"73","Sulawesi Selatan","73.17","Kabupaten Luwu","73.17.03","Suli","73.17.03.2008","Buntu Kunyi"
"73","Sulawesi Selatan","73.17","Kabupaten Luwu","73.17.03","Suli","73.17.03.2011","Padang Lambe"
"73","Sulawesi Selatan","73.17","Kabupaten Luwu","73.17.03","Suli","73.17.03.2012","Kasiwiang"
"73","Sulawesi Selatan","73.17","Kabupaten Luwu","73.17.03","Suli","73.17.03.2013","Cakkeawo"
"73","Sulawesi Selatan","73.17","Kabupaten Luwu","73.17.03","Suli","73.17.03.2015","Lempopacci"
"73","Sulawesi Selatan","73.17","Kabupaten Luwu","73.17.03","Suli","73.17.03.2016","Towondu"
"73","Sulawesi Selatan","73.17","Kabupaten Luwu","73.17.03","Suli","73.17.03.2017","Cimpu Utara"
"73","Sulawesi Selatan","73.17","Kabupaten Luwu","73.17.03","Suli","73.17.03.2018","Papakaju"
"73","Sulawesi Selatan","73.17","Kabupaten Luwu","73.17.04","Bajo","73.17.04.1005","Bajo"
"73","Sulawesi Selatan","73.17","Kabupaten Luwu","73.17.04","Bajo","73.17.04.2004","Rumaju"
"73","Sulawesi Selatan","73.17","Kabupaten Luwu","73.17.04","Bajo","73.17.04.2006","Sampa"
"73","Sulawesi Selatan","73.17","Kabupaten Luwu","73.17.04","Bajo","73.17.04.2007","Pangi"
"73","Sulawesi Selatan","73.17","Kabupaten Luwu","73.17.04","Bajo","73.17.04.2008","Tallang Bulawang"
"73","Sulawesi Selatan","73.17","Kabupaten Luwu","73.17.04","Bajo","73.17.04.2010","Jambu"
"73","Sulawesi Selatan","73.17","Kabupaten Luwu","73.17.04","Bajo","73.17.04.2013","Saga"
"73","Sulawesi Selatan","73.17","Kabupaten Luwu","73.17.04","Bajo","73.17.04.2014","Sumabu"
"73","Sulawesi Selatan","73.17","Kabupaten Luwu","73.17.04","Bajo","73.17.04.2015","Balla"
"73","Sulawesi Selatan","73.17","Kabupaten Luwu","73.17.04","Bajo","73.17.04.2017","Langkiddi"
"73","Sulawesi Selatan","73.17","Kabupaten Luwu","73.17.04","Bajo","73.17.04.2018","Samulang"
"73","Sulawesi Selatan","73.17","Kabupaten Luwu","73.17.04","Bajo","73.17.04.2019","Buntu Babang"
"73","Sulawesi Selatan","73.17","Kabupaten Luwu","73.17.05","Bua Ponrang","73.17.05.1001","Noling"
"73","Sulawesi Selatan","73.17","Kabupaten Luwu","73.17.05","Bua Ponrang","73.17.05.2002","Tanjong"
"73","Sulawesi Selatan","73.17","Kabupaten Luwu","73.17.05","Bua Ponrang","73.17.05.2003","Buntu Batu"
"73","Sulawesi Selatan","73.17","Kabupaten Luwu","73.17.05","Bua Ponrang","73.17.05.2004","Tampumia"
"73","Sulawesi Selatan","73.17","Kabupaten Luwu","73.17.05","Bua Ponrang","73.17.05.2005","Padang Tuju"
"73","Sulawesi Selatan","73.17","Kabupaten Luwu","73.17.05","Bua Ponrang","73.17.05.2006","Padang Kamburi"
"73","Sulawesi Selatan","73.17","Kabupaten Luwu","73.17.05","Bua Ponrang","73.17.05.2007","Malenggang"
"73","Sulawesi Selatan","73.17","Kabupaten Luwu","73.17.05","Bua Ponrang","73.17.05.2008","Balutan"
"73","Sulawesi Selatan","73.17","Kabupaten Luwu","73.17.05","Bua Ponrang","73.17.05.2009","Padang Ma'bud"
"73","Sulawesi Selatan","73.17","Kabupaten Luwu","73.17.05","Bua Ponrang","73.17.05.2010","Saluinduk"
"73","Sulawesi Selatan","73.17","Kabupaten Luwu","73.17.06","Walenrang","73.17.06.1006","Bulo"
"73","Sulawesi Selatan","73.17","Kabupaten Luwu","73.17.06","Walenrang","73.17.06.2001","Tombang"
"73","Sulawesi Selatan","73.17","Kabupaten Luwu","73.17.06","Walenrang","73.17.06.2005","Lalong"
"73","Sulawesi Selatan","73.17","Kabupaten Luwu","73.17.06","Walenrang","73.17.06.2008","Harapan"
"73","Sulawesi Selatan","73.17","Kabupaten Luwu","73.17.06","Walenrang","73.17.06.2011","Barammamase"
"73","Sulawesi Selatan","73.17","Kabupaten Luwu","73.17.06","Walenrang","73.17.06.2012","Walenrang"
"73","Sulawesi Selatan","73.17","Kabupaten Luwu","73.17.06","Walenrang","73.17.06.2015","Saragi"
"73","Sulawesi Selatan","73.17","Kabupaten Luwu","73.17.06","Walenrang","73.17.06.2021","Batusitanduk"
"73","Sulawesi Selatan","73.17","Kabupaten Luwu","73.17.06","Walenrang","73.17.06.2022","Kalibamamase"
"73","Sulawesi Selatan","73.17","Kabupaten Luwu","73.17.07","Belopa","73.17.07.1001","Tampumia Radda"
"73","Sulawesi Selatan","73.17","Kabupaten Luwu","73.17.07","Belopa","73.17.07.1003","Tanamanai"
"73","Sulawesi Selatan","73.17","Kabupaten Luwu","73.17.07","Belopa","73.17.07.1005","Senga"
"73","Sulawesi Selatan","73.17","Kabupaten Luwu","73.17.07","Belopa","73.17.07.1007","Balo-Balo"
"73","Sulawesi Selatan","73.17","Kabupaten Luwu","73.17.07","Belopa","73.17.07.2004","Kurrusumanga"
"73","Sulawesi Selatan","73.17","Kabupaten Luwu","73.17.07","Belopa","73.17.07.2006","Belopa"
"73","Sulawesi Selatan","73.17","Kabupaten Luwu","73.17.07","Belopa","73.17.07.2014","Senga Selatan"
"73","Sulawesi Selatan","73.17","Kabupaten Luwu","73.17.07","Belopa","73.17.07.2015","Balubu"
"73","Sulawesi Selatan","73.17","Kabupaten Luwu","73.17.07","Belopa","73.17.07.2016","Pasamai"
"73","Sulawesi Selatan","73.17","Kabupaten Luwu","73.17.08","Bua","73.17.08.1001","Sakti"
"73","Sulawesi Selatan","73.17","Kabupaten Luwu","73.17.08","Bua","73.17.08.2002","Barowa"
"73","Sulawesi Selatan","73.17","Kabupaten Luwu","73.17.08","Bua","73.17.08.2003","Puty"
"73","Sulawesi Selatan","73.17","Kabupaten Luwu","73.17.08","Bua","73.17.08.2004","Raja"
"73","Sulawesi Selatan","73.17","Kabupaten Luwu","73.17.08","Bua","73.17.08.2005","Posi"
"73","Sulawesi Selatan","73.17","Kabupaten Luwu","73.17.08","Bua","73.17.08.2006","Karang-Karangan"
"73","Sulawesi Selatan","73.17","Kabupaten Luwu","73.17.08","Bua","73.17.08.2007","Lare-Lare"
"73","Sulawesi Selatan","73.17","Kabupaten Luwu","73.17.08","Bua","73.17.08.2008","Lengkong"
"73","Sulawesi Selatan","73.17","Kabupaten Luwu","73.17.08","Bua","73.17.08.2009","Tiromanda"
"73","Sulawesi Selatan","73.17","Kabupaten Luwu","73.17.08","Bua","73.17.08.2010","Tana Rigella"
"73","Sulawesi Selatan","73.17","Kabupaten Luwu","73.17.08","Bua","73.17.08.2011","Bukit Harapan"
"73","Sulawesi Selatan","73.17","Kabupaten Luwu","73.17.08","Bua","73.17.08.2012","Padang Kalua"
"73","Sulawesi Selatan","73.17","Kabupaten Luwu","73.17.08","Bua","73.17.08.2013","Pammesakang"
"73","Sulawesi Selatan","73.17","Kabupaten Luwu","73.17.08","Bua","73.17.08.2014","Pabbaresseng"
"73","Sulawesi Selatan","73.17","Kabupaten Luwu","73.17.08","Bua","73.17.08.2015","Toddopuli"
"73","Sulawesi Selatan","73.17","Kabupaten Luwu","73.17.09","Lamasi","73.17.09.1001","Lamasi"
"73","Sulawesi Selatan","73.17","Kabupaten Luwu","73.17.09","Lamasi","73.17.09.2007","Salujambu"
"73","Sulawesi Selatan","73.17","Kabupaten Luwu","73.17.09","Lamasi","73.17.09.2008","Wiwitan"
"73","Sulawesi Selatan","73.17","Kabupaten Luwu","73.17.09","Lamasi","73.17.09.2010","Setiarejo"
"73","Sulawesi Selatan","73.17","Kabupaten Luwu","73.17.09","Lamasi","73.17.09.2011","Pongsamelung"
"73","Sulawesi Selatan","73.17","Kabupaten Luwu","73.17.09","Lamasi","73.17.09.2014","Padang Kalua"
"73","Sulawesi Selatan","73.17","Kabupaten Luwu","73.17.09","Lamasi","73.17.09.2020","To'pongo"
"73","Sulawesi Selatan","73.17","Kabupaten Luwu","73.17.09","Lamasi","73.17.09.2022","Se'pon"
"73","Sulawesi Selatan","73.17","Kabupaten Luwu","73.17.09","Lamasi","73.17.09.2024","Awo' Gading"
"73","Sulawesi Selatan","73.17","Kabupaten Luwu","73.17.09","Lamasi","73.17.09.2026","Wiwitan Timur"
"73","Sulawesi Selatan","73.17","Kabupaten Luwu","73.17.10","Larompong Selatan","73.17.10.1001","Bone Pute"
"73","Sulawesi Selatan","73.17","Kabupaten Luwu","73.17.10","Larompong Selatan","73.17.10.2002","Temboe"
"73","Sulawesi Selatan","73.17","Kabupaten Luwu","73.17.10","Larompong Selatan","73.17.10.2003","Sampano"
"73","Sulawesi Selatan","73.17","Kabupaten Luwu","73.17.10","Larompong Selatan","73.17.10.2004","Babang"
"73","Sulawesi Selatan","73.17","Kabupaten Luwu","73.17.10","Larompong Selatan","73.17.10.2005","La'loa"
"73","Sulawesi Selatan","73.17","Kabupaten Luwu","73.17.10","Larompong Selatan","73.17.10.2006","Batulappa"
"73","Sulawesi Selatan","73.17","Kabupaten Luwu","73.17.10","Larompong Selatan","73.17.10.2007","Malewong"
"73","Sulawesi Selatan","73.17","Kabupaten Luwu","73.17.10","Larompong Selatan","73.17.10.2008","Salusana"
"73","Sulawesi Selatan","73.17","Kabupaten Luwu","73.17.10","Larompong Selatan","73.17.10.2009","Dadeko"
"73","Sulawesi Selatan","73.17","Kabupaten Luwu","73.17.10","Larompong Selatan","73.17.10.2010","Gandang Batu"
"73","Sulawesi Selatan","73.17","Kabupaten Luwu","73.17.11","Ponrang","73.17.11.1001","Padang Subur"
"73","Sulawesi Selatan","73.17","Kabupaten Luwu","73.17.11","Ponrang","73.17.11.1004","Padang Sappa"
"73","Sulawesi Selatan","73.17","Kabupaten Luwu","73.17.11","Ponrang","73.17.11.2005","Tirowali"
"73","Sulawesi Selatan","73.17","Kabupaten Luwu","73.17.11","Ponrang","73.17.11.2006","Mario"
"73","Sulawesi Selatan","73.17","Kabupaten Luwu","73.17.11","Ponrang","73.17.11.2007","Muladimeng"
"73","Sulawesi Selatan","73.17","Kabupaten Luwu","73.17.11","Ponrang","73.17.11.2013","Buntu Kamiri"
"73","Sulawesi Selatan","73.17","Kabupaten Luwu","73.17.11","Ponrang","73.17.11.2014","Tumale"
"73","Sulawesi Selatan","73.17","Kabupaten Luwu","73.17.11","Ponrang","73.17.11.2016","Buntu Nanna"
"73","Sulawesi Selatan","73.17","Kabupaten Luwu","73.17.11","Ponrang","73.17.11.2017","Tampa"
"73","Sulawesi Selatan","73.17","Kabupaten Luwu","73.17.11","Ponrang","73.17.11.2019","Parekaju"
"73","Sulawesi Selatan","73.17","Kabupaten Luwu","73.17.12","Latimojong","73.17.12.2001","Rante Balla"
"73","Sulawesi Selatan","73.17","Kabupaten Luwu","73.17.12","Latimojong","73.17.12.2002","Kadundung"
"73","Sulawesi Selatan","73.17","Kabupaten Luwu","73.17.12","Latimojong","73.17.12.2003","Ulusalu"
"73","Sulawesi Selatan","73.17","Kabupaten Luwu","73.17.12","Latimojong","73.17.12.2004","Lambanan"
"73","Sulawesi Selatan","73.17","Kabupaten Luwu","73.17.12","Latimojong","73.17.12.2005","Tabang"
"73","Sulawesi Selatan","73.17","Kabupaten Luwu","73.17.12","Latimojong","73.17.12.2006","Boneposi"
"73","Sulawesi Selatan","73.17","Kabupaten Luwu","73.17.12","Latimojong","73.17.12.2007","Pangi"
"73","Sulawesi Selatan","73.17","Kabupaten Luwu","73.17.12","Latimojong","73.17.12.2008","Pajang"
"73","Sulawesi Selatan","73.17","Kabupaten Luwu","73.17.12","Latimojong","73.17.12.2009","Buntu Sarek"
"73","Sulawesi Selatan","73.17","Kabupaten Luwu","73.17.12","Latimojong","73.17.12.2010","To'barru"
"73","Sulawesi Selatan","73.17","Kabupaten Luwu","73.17.12","Latimojong","73.17.12.2011","Tibussan"
"73","Sulawesi Selatan","73.17","Kabupaten Luwu","73.17.12","Latimojong","73.17.12.2012","To'lajuk"
"73","Sulawesi Selatan","73.17","Kabupaten Luwu","73.17.13","Kamanre","73.17.13.1001","Cilallang"
"73","Sulawesi Selatan","73.17","Kabupaten Luwu","73.17.13","Kamanre","73.17.13.2002","Kamanre"
"73","Sulawesi Selatan","73.17","Kabupaten Luwu","73.17.13","Kamanre","73.17.13.2003","Tabbaja"
"73","Sulawesi Selatan","73.17","Kabupaten Luwu","73.17.13","Kamanre","73.17.13.2004","Libukang"
"73","Sulawesi Selatan","73.17","Kabupaten Luwu","73.17.13","Kamanre","73.17.13.2005","Wara"
"73","Sulawesi Selatan","73.17","Kabupaten Luwu","73.17.13","Kamanre","73.17.13.2006","Salu Paremang"
"73","Sulawesi Selatan","73.17","Kabupaten Luwu","73.17.13","Kamanre","73.17.13.2007","Salu Paremang Selatan"
"73","Sulawesi Selatan","73.17","Kabupaten Luwu","73.17.13","Kamanre","73.17.13.2008","Bunga Eja"
"73","Sulawesi Selatan","73.17","Kabupaten Luwu","73.17.14","Belopa Utara","73.17.14.1001","Sabe"
"73","Sulawesi Selatan","73.17","Kabupaten Luwu","73.17.14","Belopa Utara","73.17.14.1004","Pammanu"
"73","Sulawesi Selatan","73.17","Kabupaten Luwu","73.17.14","Belopa Utara","73.17.14.2002","Lamunre"
"73","Sulawesi Selatan","73.17","Kabupaten Luwu","73.17.14","Belopa Utara","73.17.14.2003","Lauwa"
"73","Sulawesi Selatan","73.17","Kabupaten Luwu","73.17.14","Belopa Utara","73.17.14.2005","Seppong"
"73","Sulawesi Selatan","73.17","Kabupaten Luwu","73.17.14","Belopa Utara","73.17.14.2006","Paconne"
"73","Sulawesi Selatan","73.17","Kabupaten Luwu","73.17.14","Belopa Utara","73.17.14.2007","Lebani"
"73","Sulawesi Selatan","73.17","Kabupaten Luwu","73.17.14","Belopa Utara","73.17.14.2008","Lamunre Tengah"
"73","Sulawesi Selatan","73.17","Kabupaten Luwu","73.17.15","Walenrang Barat","73.17.15.2001","Ilan Batu"
"73","Sulawesi Selatan","73.17","Kabupaten Luwu","73.17.15","Walenrang Barat","73.17.15.2002","Ilan Batu Uru"
"73","Sulawesi Selatan","73.17","Kabupaten Luwu","73.17.15","Walenrang Barat","73.17.15.2003","Lempe Pasang"
"73","Sulawesi Selatan","73.17","Kabupaten Luwu","73.17.15","Walenrang Barat","73.17.15.2004","Lamasi Hulu"
"73","Sulawesi Selatan","73.17","Kabupaten Luwu","73.17.15","Walenrang Barat","73.17.15.2005","Lempe"
"73","Sulawesi Selatan","73.17","Kabupaten Luwu","73.17.15","Walenrang Barat","73.17.15.2006","Lewandi"
"73","Sulawesi Selatan","73.17","Kabupaten Luwu","73.17.16","Walenrang Utara","73.17.16.1004","Bosso"
"73","Sulawesi Selatan","73.17","Kabupaten Luwu","73.17.16","Walenrang Utara","73.17.16.2001","Salutubu"
"73","Sulawesi Selatan","73.17","Kabupaten Luwu","73.17.16","Walenrang Utara","73.17.16.2002","Siteba"
"73","Sulawesi Selatan","73.17","Kabupaten Luwu","73.17.16","Walenrang Utara","73.17.16.2003","Bolong"
"73","Sulawesi Selatan","73.17","Kabupaten Luwu","73.17.16","Walenrang Utara","73.17.16.2005","Pongko"
"73","Sulawesi Selatan","73.17","Kabupaten Luwu","73.17.16","Walenrang Utara","73.17.16.2006","Buntu Awo'"
"73","Sulawesi Selatan","73.17","Kabupaten Luwu","73.17.16","Walenrang Utara","73.17.16.2007","Marabuana"
"73","Sulawesi Selatan","73.17","Kabupaten Luwu","73.17.16","Walenrang Utara","73.17.16.2008","Salulino"
"73","Sulawesi Selatan","73.17","Kabupaten Luwu","73.17.16","Walenrang Utara","73.17.16.2009","Sangtandung"
"73","Sulawesi Selatan","73.17","Kabupaten Luwu","73.17.16","Walenrang Utara","73.17.16.2010","Bosso Timur"
"73","Sulawesi Selatan","73.17","Kabupaten Luwu","73.17.16","Walenrang Utara","73.17.16.2011","Limbong"
"73","Sulawesi Selatan","73.17","Kabupaten Luwu","73.17.17","Walenrang Timur","73.17.17.2001","Lamasi Pantai"
"73","Sulawesi Selatan","73.17","Kabupaten Luwu","73.17.17","Walenrang Timur","73.17.17.2002","Tanete"
"73","Sulawesi Selatan","73.17","Kabupaten Luwu","73.17.17","Walenrang Timur","73.17.17.2003","Rantai Damai"
"73","Sulawesi Selatan","73.17","Kabupaten Luwu","73.17.17","Walenrang Timur","73.17.17.2004","Tabah"
"73","Sulawesi Selatan","73.17","Kabupaten Luwu","73.17.17","Walenrang Timur","73.17.17.2005","Kendekan"
"73","Sulawesi Selatan","73.17","Kabupaten Luwu","73.17.17","Walenrang Timur","73.17.17.2006","Pangalli"
"73","Sulawesi Selatan","73.17","Kabupaten Luwu","73.17.17","Walenrang Timur","73.17.17.2007","Seba-Seba"
"73","Sulawesi Selatan","73.17","Kabupaten Luwu","73.17.17","Walenrang Timur","73.17.17.2008","Suka Damai"
"73","Sulawesi Selatan","73.17","Kabupaten Luwu","73.17.18","Lamasi Timur","73.17.18.2001","Pompengan"
"73","Sulawesi Selatan","73.17","Kabupaten Luwu","73.17.18","Lamasi Timur","73.17.18.2002","Bulolondong"
"73","Sulawesi Selatan","73.17","Kabupaten Luwu","73.17.18","Lamasi Timur","73.17.18.2003","Pompengan pantai"
"73","Sulawesi Selatan","73.17","Kabupaten Luwu","73.17.18","Lamasi Timur","73.17.18.2004","Seriti"
"73","Sulawesi Selatan","73.17","Kabupaten Luwu","73.17.18","Lamasi Timur","73.17.18.2005","Salupao"
"73","Sulawesi Selatan","73.17","Kabupaten Luwu","73.17.18","Lamasi Timur","73.17.18.2006","To'lemo"
"73","Sulawesi Selatan","73.17","Kabupaten Luwu","73.17.18","Lamasi Timur","73.17.18.2007","Pelalan"
"73","Sulawesi Selatan","73.17","Kabupaten Luwu","73.17.18","Lamasi Timur","73.17.18.2008","Pompengan Tengah"
"73","Sulawesi Selatan","73.17","Kabupaten Luwu","73.17.18","Lamasi Timur","73.17.18.2009","Pompengan Utara"
"73","Sulawesi Selatan","73.17","Kabupaten Luwu","73.17.19","Suli Barat","73.17.19.1002","Lindajang"
"73","Sulawesi Selatan","73.17","Kabupaten Luwu","73.17.19","Suli Barat","73.17.19.2001","Buntu Barana"
"73","Sulawesi Selatan","73.17","Kabupaten Luwu","73.17.19","Suli Barat","73.17.19.2003","Poringan"
"73","Sulawesi Selatan","73.17","Kabupaten Luwu","73.17.19","Suli Barat","73.17.19.2004","Salubua"
"73","Sulawesi Selatan","73.17","Kabupaten Luwu","73.17.19","Suli Barat","73.17.19.2005","Kaili"
"73","Sulawesi Selatan","73.17","Kabupaten Luwu","73.17.19","Suli Barat","73.17.19.2006","Muhajirin"
"73","Sulawesi Selatan","73.17","Kabupaten Luwu","73.17.19","Suli Barat","73.17.19.2007","Tallang"
"73","Sulawesi Selatan","73.17","Kabupaten Luwu","73.17.19","Suli Barat","73.17.19.2008","Kaladi Darussalam"
"73","Sulawesi Selatan","73.17","Kabupaten Luwu","73.17.20","Bajo Barat","73.17.20.2001","Bonelemo"
"73","Sulawesi Selatan","73.17","Kabupaten Luwu","73.17.20","Bajo Barat","73.17.20.2002","Sampeang"
"73","Sulawesi Selatan","73.17","Kabupaten Luwu","73.17.20","Bajo Barat","73.17.20.2003","Marinding"
"73","Sulawesi Selatan","73.17","Kabupaten Luwu","73.17.20","Bajo Barat","73.17.20.2004","Saronda"
"73","Sulawesi Selatan","73.17","Kabupaten Luwu","73.17.20","Bajo Barat","73.17.20.2005","Kadong-Kadong"
"73","Sulawesi Selatan","73.17","Kabupaten Luwu","73.17.20","Bajo Barat","73.17.20.2006","Tumbubara"
"73","Sulawesi Selatan","73.17","Kabupaten Luwu","73.17.20","Bajo Barat","73.17.20.2007","Tettekang"
"73","Sulawesi Selatan","73.17","Kabupaten Luwu","73.17.20","Bajo Barat","73.17.20.2008","Bonelemo Utara"
"73","Sulawesi Selatan","73.17","Kabupaten Luwu","73.17.20","Bajo Barat","73.17.20.2009","Bonelemo Barat"
"73","Sulawesi Selatan","73.17","Kabupaten Luwu","73.17.21","Ponrang Selatan","73.17.21.1005","Pattedong"
"73","Sulawesi Selatan","73.17","Kabupaten Luwu","73.17.21","Ponrang Selatan","73.17.21.2001","Jenne Maeja"
"73","Sulawesi Selatan","73.17","Kabupaten Luwu","73.17.21","Ponrang Selatan","73.17.21.2002","Bakti"
"73","Sulawesi Selatan","73.17","Kabupaten Luwu","73.17.21","Ponrang Selatan","73.17.21.2003","Buntu Karya"
"73","Sulawesi Selatan","73.17","Kabupaten Luwu","73.17.21","Ponrang Selatan","73.17.21.2004","Olang"
"73","Sulawesi Selatan","73.17","Kabupaten Luwu","73.17.21","Ponrang Selatan","73.17.21.2006","Bassiang"
"73","Sulawesi Selatan","73.17","Kabupaten Luwu","73.17.21","Ponrang Selatan","73.17.21.2007","Paccerakkang"
"73","Sulawesi Selatan","73.17","Kabupaten Luwu","73.17.21","Ponrang Selatan","73.17.21.2008","Lampuara"
"73","Sulawesi Selatan","73.17","Kabupaten Luwu","73.17.21","Ponrang Selatan","73.17.21.2009","To'balo"
"73","Sulawesi Selatan","73.17","Kabupaten Luwu","73.17.21","Ponrang Selatan","73.17.21.2010","To'bia"
"73","Sulawesi Selatan","73.17","Kabupaten Luwu","73.17.21","Ponrang Selatan","73.17.21.2011","Bassiang Timur"
"73","Sulawesi Selatan","73.17","Kabupaten Luwu","73.17.21","Ponrang Selatan","73.17.21.2012","Pattedong Selatan"
"73","Sulawesi Selatan","73.17","Kabupaten Luwu","73.17.21","Ponrang Selatan","73.17.21.2013","Tarramatekkeng"
"73","Sulawesi Selatan","73.17","Kabupaten Luwu","73.17.22","Basse Sangtempe Utara","73.17.22.2001","Bonglo"
"73","Sulawesi Selatan","73.17","Kabupaten Luwu","73.17.22","Basse Sangtempe Utara","73.17.22.2002","Tede"
"73","Sulawesi Selatan","73.17","Kabupaten Luwu","73.17.22","Basse Sangtempe Utara","73.17.22.2003","Barana"
"73","Sulawesi Selatan","73.17","Kabupaten Luwu","73.17.22","Basse Sangtempe Utara","73.17.22.2004","Uraso"
"73","Sulawesi Selatan","73.17","Kabupaten Luwu","73.17.22","Basse Sangtempe Utara","73.17.22.2005","Karatuan"
"73","Sulawesi Selatan","73.17","Kabupaten Luwu","73.17.22","Basse Sangtempe Utara","73.17.22.2006","Salubua"
"73","Sulawesi Selatan","73.17","Kabupaten Luwu","73.17.22","Basse Sangtempe Utara","73.17.22.2007","Pantilang"
"73","Sulawesi Selatan","73.17","Kabupaten Luwu","73.17.22","Basse Sangtempe Utara","73.17.22.2008","Buntu Tallang"
"73","Sulawesi Selatan","73.17","Kabupaten Luwu","73.17.22","Basse Sangtempe Utara","73.17.22.2009","Dampan"
"73","Sulawesi Selatan","73.17","Kabupaten Luwu","73.17.22","Basse Sangtempe Utara","73.17.22.2010","Maindo"
"73","Sulawesi Selatan","73.17","Kabupaten Luwu","73.17.22","Basse Sangtempe Utara","73.17.22.2011","Tasangtongkonan"
"73","Sulawesi Selatan","73.17","Kabupaten Luwu","73.17.22","Basse Sangtempe Utara","73.17.22.2012","Ta'ba"
"73","Sulawesi Selatan","73.18","Kabupaten Tana Toraja","73.18.01","Salupputti","73.18.01.1009","Pattan Ulusalu"
"73","Sulawesi Selatan","73.18","Kabupaten Tana Toraja","73.18.01","Salupputti","73.18.01.2010","Salutandung"
"73","Sulawesi Selatan","73.18","Kabupaten Tana Toraja","73.18.01","Salupputti","73.18.01.2011","Rea Tulak Langi"
"73","Sulawesi Selatan","73.18","Kabupaten Tana Toraja","73.18.01","Salupputti","73.18.01.2012","Ratte Talonge"
"73","Sulawesi Selatan","73.18","Kabupaten Tana Toraja","73.18.01","Salupputti","73.18.01.2013","Sa'tandung"
"73","Sulawesi Selatan","73.18","Kabupaten Tana Toraja","73.18.01","Salupputti","73.18.01.2014","Ra'bung"
"73","Sulawesi Selatan","73.18","Kabupaten Tana Toraja","73.18.01","Salupputti","73.18.01.2015","Salutapokko"
"73","Sulawesi Selatan","73.18","Kabupaten Tana Toraja","73.18.01","Salupputti","73.18.01.2016","Salu Boronan"
"73","Sulawesi Selatan","73.18","Kabupaten Tana Toraja","73.18.01","Salupputti","73.18.01.2017","Batu Tiakka"
"73","Sulawesi Selatan","73.18","Kabupaten Tana Toraja","73.18.02","Bittuang","73.18.02.1006","Bittuang"
"73","Sulawesi Selatan","73.18","Kabupaten Tana Toraja","73.18.02","Bittuang","73.18.02.2002","Se'seng"
"73","Sulawesi Selatan","73.18","Kabupaten Tana Toraja","73.18.02","Bittuang","73.18.02.2004","Pali'"
"73","Sulawesi Selatan","73.18","Kabupaten Tana Toraja","73.18.02","Bittuang","73.18.02.2007","Tiroan"
"73","Sulawesi Selatan","73.18","Kabupaten Tana Toraja","73.18.02","Bittuang","73.18.02.2008","Balla"
"73","Sulawesi Selatan","73.18","Kabupaten Tana Toraja","73.18.02","Bittuang","73.18.02.2009","Le'tek"
"73","Sulawesi Selatan","73.18","Kabupaten Tana Toraja","73.18.02","Bittuang","73.18.02.2010","Kole Palian"
"73","Sulawesi Selatan","73.18","Kabupaten Tana Toraja","73.18.02","Bittuang","73.18.02.2011","Patongloan"
"73","Sulawesi Selatan","73.18","Kabupaten Tana Toraja","73.18.02","Bittuang","73.18.02.2012","Sasak"
"73","Sulawesi Selatan","73.18","Kabupaten Tana Toraja","73.18.02","Bittuang","73.18.02.2013","Bau"
"73","Sulawesi Selatan","73.18","Kabupaten Tana Toraja","73.18.02","Bittuang","73.18.02.2014","Sandana"
"73","Sulawesi Selatan","73.18","Kabupaten Tana Toraja","73.18.02","Bittuang","73.18.02.2015","Rembo Rembo"
"73","Sulawesi Selatan","73.18","Kabupaten Tana Toraja","73.18.02","Bittuang","73.18.02.2016","Burasia"
"73","Sulawesi Selatan","73.18","Kabupaten Tana Toraja","73.18.02","Bittuang","73.18.02.2017","Kandua'"
"73","Sulawesi Selatan","73.18","Kabupaten Tana Toraja","73.18.02","Bittuang","73.18.02.2018","Buttu Limbong"
"73","Sulawesi Selatan","73.18","Kabupaten Tana Toraja","73.18.03","Bonggakaradeng","73.18.03.1007","Ratte Buttu"
"73","Sulawesi Selatan","73.18","Kabupaten Tana Toraja","73.18.03","Bonggakaradeng","73.18.03.2001","Bau"
"73","Sulawesi Selatan","73.18","Kabupaten Tana Toraja","73.18.03","Bonggakaradeng","73.18.03.2002","Buakayu"
"73","Sulawesi Selatan","73.18","Kabupaten Tana Toraja","73.18.03","Bonggakaradeng","73.18.03.2004","Mappa'"
"73","Sulawesi Selatan","73.18","Kabupaten Tana Toraja","73.18.03","Bonggakaradeng","73.18.03.2006","Poton"
"73","Sulawesi Selatan","73.18","Kabupaten Tana Toraja","73.18.03","Bonggakaradeng","73.18.03.2008","Bau Selatan"
"73","Sulawesi Selatan","73.18","Kabupaten Tana Toraja","73.18.05","Makale","73.18.05.1003","Bombongan"
"73","Sulawesi Selatan","73.18","Kabupaten Tana Toraja","73.18.05","Makale","73.18.05.1005","Batupapan"
"73","Sulawesi Selatan","73.18","Kabupaten Tana Toraja","73.18.05","Makale","73.18.05.1006","Tarongko"
"73","Sulawesi Selatan","73.18","Kabupaten Tana Toraja","73.18.05","Makale","73.18.05.1007","Lamunan"
"73","Sulawesi Selatan","73.18","Kabupaten Tana Toraja","73.18.05","Makale","73.18.05.1009","Manggau"
"73","Sulawesi Selatan","73.18","Kabupaten Tana Toraja","73.18.05","Makale","73.18.05.1014","Tondon Mamullu"
"73","Sulawesi Selatan","73.18","Kabupaten Tana Toraja","73.18.05","Makale","73.18.05.1015","Pantan"
"73","Sulawesi Selatan","73.18","Kabupaten Tana Toraja","73.18.05","Makale","73.18.05.1016","Buntu Burake"
"73","Sulawesi Selatan","73.18","Kabupaten Tana Toraja","73.18.05","Makale","73.18.05.1017","Kamali Pentalluan"
"73","Sulawesi Selatan","73.18","Kabupaten Tana Toraja","73.18.05","Makale","73.18.05.1018","Rante"
"73","Sulawesi Selatan","73.18","Kabupaten Tana Toraja","73.18.05","Makale","73.18.05.1019","Lapandan"
"73","Sulawesi Selatan","73.18","Kabupaten Tana Toraja","73.18.05","Makale","73.18.05.1020","Tampo Makale"
"73","Sulawesi Selatan","73.18","Kabupaten Tana Toraja","73.18.05","Makale","73.18.05.1021","Ariang"
"73","Sulawesi Selatan","73.18","Kabupaten Tana Toraja","73.18.05","Makale","73.18.05.1022","Botang"
"73","Sulawesi Selatan","73.18","Kabupaten Tana Toraja","73.18.05","Makale","73.18.05.2023","Lea"
"73","Sulawesi Selatan","73.18","Kabupaten Tana Toraja","73.18.09","Simbuang","73.18.09.1008","Sima"
"73","Sulawesi Selatan","73.18","Kabupaten Tana Toraja","73.18.09","Simbuang","73.18.09.2003","Simbuang"
"73","Sulawesi Selatan","73.18","Kabupaten Tana Toraja","73.18.09","Simbuang","73.18.09.2004","Pongbembe"
"73","Sulawesi Selatan","73.18","Kabupaten Tana Toraja","73.18.09","Simbuang","73.18.09.2006","Simbuang Batutallu"
"73","Sulawesi Selatan","73.18","Kabupaten Tana Toraja","73.18.09","Simbuang","73.18.09.2009","Makkodo"
"73","Sulawesi Selatan","73.18","Kabupaten Tana Toraja","73.18.09","Simbuang","73.18.09.2010","Puangbembe Mesakada"
"73","Sulawesi Selatan","73.18","Kabupaten Tana Toraja","73.18.11","Rantetayo","73.18.11.1003","Tapparan"
"73","Sulawesi Selatan","73.18","Kabupaten Tana Toraja","73.18.11","Rantetayo","73.18.11.1012","Rantetayo"
"73","Sulawesi Selatan","73.18","Kabupaten Tana Toraja","73.18.11","Rantetayo","73.18.11.1013","Padangiring"
"73","Sulawesi Selatan","73.18","Kabupaten Tana Toraja","73.18.11","Rantetayo","73.18.11.2007","Madandan"
"73","Sulawesi Selatan","73.18","Kabupaten Tana Toraja","73.18.11","Rantetayo","73.18.11.2011","Tapparan Utara"
"73","Sulawesi Selatan","73.18","Kabupaten Tana Toraja","73.18.11","Rantetayo","73.18.11.2014","Tonglo"
"73","Sulawesi Selatan","73.18","Kabupaten Tana Toraja","73.18.12","Mengkendek","73.18.12.1002","Rante Kalua'"
"73","Sulawesi Selatan","73.18","Kabupaten Tana Toraja","73.18.12","Mengkendek","73.18.12.1016","Tampo"
"73","Sulawesi Selatan","73.18","Kabupaten Tana Toraja","73.18.12","Mengkendek","73.18.12.1023","Lemo"
"73","Sulawesi Selatan","73.18","Kabupaten Tana Toraja","73.18.12","Mengkendek","73.18.12.1024","Tengan"
"73","Sulawesi Selatan","73.18","Kabupaten Tana Toraja","73.18.12","Mengkendek","73.18.12.2004","Gasing"
"73","Sulawesi Selatan","73.18","Kabupaten Tana Toraja","73.18.12","Mengkendek","73.18.12.2006","Uluway"
"73","Sulawesi Selatan","73.18","Kabupaten Tana Toraja","73.18.12","Mengkendek","73.18.12.2012","Randanan"
"73","Sulawesi Selatan","73.18","Kabupaten Tana Toraja","73.18.12","Mengkendek","73.18.12.2015","Buntu Tangti"
"73","Sulawesi Selatan","73.18","Kabupaten Tana Toraja","73.18.12","Mengkendek","73.18.12.2017","Rantedada"
"73","Sulawesi Selatan","73.18","Kabupaten Tana Toraja","73.18.12","Mengkendek","73.18.12.2018","Pa'tengko"
"73","Sulawesi Selatan","73.18","Kabupaten Tana Toraja","73.18.12","Mengkendek","73.18.12.2019","Simbuang"
"73","Sulawesi Selatan","73.18","Kabupaten Tana Toraja","73.18.12","Mengkendek","73.18.12.2020","Pakala"
"73","Sulawesi Selatan","73.18","Kabupaten Tana Toraja","73.18.12","Mengkendek","73.18.12.2021","Uluway Barat"
"73","Sulawesi Selatan","73.18","Kabupaten Tana Toraja","73.18.12","Mengkendek","73.18.12.2022","Marinding"
"73","Sulawesi Selatan","73.18","Kabupaten Tana Toraja","73.18.12","Mengkendek","73.18.12.2025","Palipu"
"73","Sulawesi Selatan","73.18","Kabupaten Tana Toraja","73.18.12","Mengkendek","73.18.12.2026","Ke'pe Tinoring"
"73","Sulawesi Selatan","73.18","Kabupaten Tana Toraja","73.18.12","Mengkendek","73.18.12.2027","Buntudatu"
"73","Sulawesi Selatan","73.18","Kabupaten Tana Toraja","73.18.13","Sangalla'","73.18.13.1009","Tongko Sarapung"
"73","Sulawesi Selatan","73.18","Kabupaten Tana Toraja","73.18.13","Sangalla'","73.18.13.1010","Buntu Masakke"
"73","Sulawesi Selatan","73.18","Kabupaten Tana Toraja","73.18.13","Sangalla'","73.18.13.2004","Bulian Massa'bu"
"73","Sulawesi Selatan","73.18","Kabupaten Tana Toraja","73.18.13","Sangalla'","73.18.13.2006","Kaero"
"73","Sulawesi Selatan","73.18","Kabupaten Tana Toraja","73.18.13","Sangalla'","73.18.13.2008","Turunan"
"73","Sulawesi Selatan","73.18","Kabupaten Tana Toraja","73.18.19","Gandangbatu Sillanan","73.18.19.1002","Benteng Ambeso"
"73","Sulawesi Selatan","73.18","Kabupaten Tana Toraja","73.18.19","Gandangbatu Sillanan","73.18.19.1004","Salubarani"
"73","Sulawesi Selatan","73.18","Kabupaten Tana Toraja","73.18.19","Gandangbatu Sillanan","73.18.19.1012","Mebali"
"73","Sulawesi Selatan","73.18","Kabupaten Tana Toraja","73.18.19","Gandangbatu Sillanan","73.18.19.2001","Buntu Limbong"
"73","Sulawesi Selatan","73.18","Kabupaten Tana Toraja","73.18.19","Gandangbatu Sillanan","73.18.19.2003","Sillanan"
"73","Sulawesi Selatan","73.18","Kabupaten Tana Toraja","73.18.19","Gandangbatu Sillanan","73.18.19.2005","Gandangbatu"
"73","Sulawesi Selatan","73.18","Kabupaten Tana Toraja","73.18.19","Gandangbatu Sillanan","73.18.19.2006","Kaduaja"
"73","Sulawesi Selatan","73.18","Kabupaten Tana Toraja","73.18.19","Gandangbatu Sillanan","73.18.19.2007","Garassik"
"73","Sulawesi Selatan","73.18","Kabupaten Tana Toraja","73.18.19","Gandangbatu Sillanan","73.18.19.2008","Pemanukan"
"73","Sulawesi Selatan","73.18","Kabupaten Tana Toraja","73.18.19","Gandangbatu Sillanan","73.18.19.2009","Perindingan"
"73","Sulawesi Selatan","73.18","Kabupaten Tana Toraja","73.18.19","Gandangbatu Sillanan","73.18.19.2010","Buntu Tabang"
"73","Sulawesi Selatan","73.18","Kabupaten Tana Toraja","73.18.19","Gandangbatu Sillanan","73.18.19.2011","Betteng Deata"
"73","Sulawesi Selatan","73.18","Kabupaten Tana Toraja","73.18.20","Rembon","73.18.20.1001","Talion"
"73","Sulawesi Selatan","73.18","Kabupaten Tana Toraja","73.18.20","Rembon","73.18.20.1013","Rembon"
"73","Sulawesi Selatan","73.18","Kabupaten Tana Toraja","73.18.20","Rembon","73.18.20.2002","Palesan"
"73","Sulawesi Selatan","73.18","Kabupaten Tana Toraja","73.18.20","Rembon","73.18.20.2003","Banga"
"73","Sulawesi Selatan","73.18","Kabupaten Tana Toraja","73.18.20","Rembon","73.18.20.2004","Ullin"
"73","Sulawesi Selatan","73.18","Kabupaten Tana Toraja","73.18.20","Rembon","73.18.20.2005","Limbong"
"73","Sulawesi Selatan","73.18","Kabupaten Tana Toraja","73.18.20","Rembon","73.18.20.2006","Sarapeang"
"73","Sulawesi Selatan","73.18","Kabupaten Tana Toraja","73.18.20","Rembon","73.18.20.2007","Buri'"
"73","Sulawesi Selatan","73.18","Kabupaten Tana Toraja","73.18.20","Rembon","73.18.20.2008","Maroson"
"73","Sulawesi Selatan","73.18","Kabupaten Tana Toraja","73.18.20","Rembon","73.18.20.2009","Batusura'"
"73","Sulawesi Selatan","73.18","Kabupaten Tana Toraja","73.18.20","Rembon","73.18.20.2010","Bua' Tarrung"
"73","Sulawesi Selatan","73.18","Kabupaten Tana Toraja","73.18.20","Rembon","73.18.20.2011","To'pao"
"73","Sulawesi Selatan","73.18","Kabupaten Tana Toraja","73.18.20","Rembon","73.18.20.2012","Kayuosing"
"73","Sulawesi Selatan","73.18","Kabupaten Tana Toraja","73.18.27","Makale Utara","73.18.27.1001","Tambunan"
"73","Sulawesi Selatan","73.18","Kabupaten Tana Toraja","73.18.27","Makale Utara","73.18.27.1002","Sarira"
"73","Sulawesi Selatan","73.18","Kabupaten Tana Toraja","73.18.27","Makale Utara","73.18.27.1003","Bungin"
"73","Sulawesi Selatan","73.18","Kabupaten Tana Toraja","73.18.27","Makale Utara","73.18.27.1004","Lion Tondok Iring"
"73","Sulawesi Selatan","73.18","Kabupaten Tana Toraja","73.18.27","Makale Utara","73.18.27.1005","Lemo"
"73","Sulawesi Selatan","73.18","Kabupaten Tana Toraja","73.18.28","Mappak","73.18.28.1004","Kondodewata"
"73","Sulawesi Selatan","73.18","Kabupaten Tana Toraja","73.18.28","Mappak","73.18.28.2001","Tanete"
"73","Sulawesi Selatan","73.18","Kabupaten Tana Toraja","73.18.28","Mappak","73.18.28.2002","Dewata"
"73","Sulawesi Selatan","73.18","Kabupaten Tana Toraja","73.18.28","Mappak","73.18.28.2003","Miallo"
"73","Sulawesi Selatan","73.18","Kabupaten Tana Toraja","73.18.28","Mappak","73.18.28.2005","Sangpeparikan"
"73","Sulawesi Selatan","73.18","Kabupaten Tana Toraja","73.18.28","Mappak","73.18.28.2006","Butang"
"73","Sulawesi Selatan","73.18","Kabupaten Tana Toraja","73.18.29","Makale Selatan","73.18.29.1001","Tiromanda"
"73","Sulawesi Selatan","73.18","Kabupaten Tana Toraja","73.18.29","Makale Selatan","73.18.29.1002","Sandabilik"
"73","Sulawesi Selatan","73.18","Kabupaten Tana Toraja","73.18.29","Makale Selatan","73.18.29.1003","Tosapan"
"73","Sulawesi Selatan","73.18","Kabupaten Tana Toraja","73.18.29","Makale Selatan","73.18.29.1004","Pasang"
"73","Sulawesi Selatan","73.18","Kabupaten Tana Toraja","73.18.29","Makale Selatan","73.18.29.2005","Randan Batu"
"73","Sulawesi Selatan","73.18","Kabupaten Tana Toraja","73.18.29","Makale Selatan","73.18.29.2006","Patekke"
"73","Sulawesi Selatan","73.18","Kabupaten Tana Toraja","73.18.29","Makale Selatan","73.18.29.2007","Pa'buaran"
"73","Sulawesi Selatan","73.18","Kabupaten Tana Toraja","73.18.29","Makale Selatan","73.18.29.2008","Bo'ne Buntu Sisong"
"73","Sulawesi Selatan","73.18","Kabupaten Tana Toraja","73.18.31","Masanda","73.18.31.2001","Ratte"
"73","Sulawesi Selatan","73.18","Kabupaten Tana Toraja","73.18.31","Masanda","73.18.31.2002","Paliorong"
"73","Sulawesi Selatan","73.18","Kabupaten Tana Toraja","73.18.31","Masanda","73.18.31.2003","Kadundung"
"73","Sulawesi Selatan","73.18","Kabupaten Tana Toraja","73.18.31","Masanda","73.18.31.2004","Pondingao'"
"73","Sulawesi Selatan","73.18","Kabupaten Tana Toraja","73.18.31","Masanda","73.18.31.2005","Belau"
"73","Sulawesi Selatan","73.18","Kabupaten Tana Toraja","73.18.31","Masanda","73.18.31.2006","Belau Utara"
"73","Sulawesi Selatan","73.18","Kabupaten Tana Toraja","73.18.31","Masanda","73.18.31.2007","Paku"
"73","Sulawesi Selatan","73.18","Kabupaten Tana Toraja","73.18.31","Masanda","73.18.31.2008","Sesesalu"
"73","Sulawesi Selatan","73.18","Kabupaten Tana Toraja","73.18.33","Sangalla' Selatan","73.18.33.1005","Rante Alang"
"73","Sulawesi Selatan","73.18","Kabupaten Tana Toraja","73.18.33","Sangalla' Selatan","73.18.33.2001","Batualu"
"73","Sulawesi Selatan","73.18","Kabupaten Tana Toraja","73.18.33","Sangalla' Selatan","73.18.33.2002","Tokesan"
"73","Sulawesi Selatan","73.18","Kabupaten Tana Toraja","73.18.33","Sangalla' Selatan","73.18.33.2003","Batualu Selatan"
"73","Sulawesi Selatan","73.18","Kabupaten Tana Toraja","73.18.33","Sangalla' Selatan","73.18.33.2004","Raru Sibunuan"
"73","Sulawesi Selatan","73.18","Kabupaten Tana Toraja","73.18.34","Sangalla' Utara","73.18.34.1001","Leatung"
"73","Sulawesi Selatan","73.18","Kabupaten Tana Toraja","73.18.34","Sangalla' Utara","73.18.34.1006","Bebo'"
"73","Sulawesi Selatan","73.18","Kabupaten Tana Toraja","73.18.34","Sangalla' Utara","73.18.34.2002","Rantela'bi Kambisa"
"73","Sulawesi Selatan","73.18","Kabupaten Tana Toraja","73.18.34","Sangalla' Utara","73.18.34.2003","Leatung Matallo"
"73","Sulawesi Selatan","73.18","Kabupaten Tana Toraja","73.18.34","Sangalla' Utara","73.18.34.2004","Saluallo"
"73","Sulawesi Selatan","73.18","Kabupaten Tana Toraja","73.18.34","Sangalla' Utara","73.18.34.2005","Tumbang Datu"
"73","Sulawesi Selatan","73.18","Kabupaten Tana Toraja","73.18.35","Malimbong Balepe'","73.18.35.1001","Malimbong"
"73","Sulawesi Selatan","73.18","Kabupaten Tana Toraja","73.18.35","Malimbong Balepe'","73.18.35.2002","Leppan"
"73","Sulawesi Selatan","73.18","Kabupaten Tana Toraja","73.18.35","Malimbong Balepe'","73.18.35.2003","Kole Sawangan"
"73","Sulawesi Selatan","73.18","Kabupaten Tana Toraja","73.18.35","Malimbong Balepe'","73.18.35.2004","Kole Barebatu"
"73","Sulawesi Selatan","73.18","Kabupaten Tana Toraja","73.18.35","Malimbong Balepe'","73.18.35.2005","Lemo Menduruk"
"73","Sulawesi Selatan","73.18","Kabupaten Tana Toraja","73.18.35","Malimbong Balepe'","73.18.35.2006","Balepe'"
"73","Sulawesi Selatan","73.18","Kabupaten Tana Toraja","73.18.37","Rano","73.18.37.2001","Rano"
"73","Sulawesi Selatan","73.18","Kabupaten Tana Toraja","73.18.37","Rano","73.18.37.2002","Rano Utara"
"73","Sulawesi Selatan","73.18","Kabupaten Tana Toraja","73.18.37","Rano","73.18.37.2003","Rumandan"
"73","Sulawesi Selatan","73.18","Kabupaten Tana Toraja","73.18.37","Rano","73.18.37.2004","Rano Tengah"
"73","Sulawesi Selatan","73.18","Kabupaten Tana Toraja","73.18.37","Rano","73.18.37.2005","Rano Timur"
"73","Sulawesi Selatan","73.18","Kabupaten Tana Toraja","73.18.38","Kurra","73.18.38.1001","Ratte Kurra"
"73","Sulawesi Selatan","73.18","Kabupaten Tana Toraja","73.18.38","Kurra","73.18.38.2002","Bambalu"
"73","Sulawesi Selatan","73.18","Kabupaten Tana Toraja","73.18.38","Kurra","73.18.38.2003","Maroson"
"73","Sulawesi Selatan","73.18","Kabupaten Tana Toraja","73.18.38","Kurra","73.18.38.2004","Lipungan Tanete"
"73","Sulawesi Selatan","73.18","Kabupaten Tana Toraja","73.18.38","Kurra","73.18.38.2005","Rante limbong"
"73","Sulawesi Selatan","73.18","Kabupaten Tana Toraja","73.18.38","Kurra","73.18.38.2006","Limbong Sangpolo"
"73","Sulawesi Selatan","73.22","Kabupaten Luwu Utara","73.22.01","Malangke","73.22.01.2001","Pattimang"
"73","Sulawesi Selatan","73.22","Kabupaten Luwu Utara","73.22.01","Malangke","73.22.01.2002","Malangke"
"73","Sulawesi Selatan","73.22","Kabupaten Luwu Utara","73.22.01","Malangke","73.22.01.2003","Benteng"
"73","Sulawesi Selatan","73.22","Kabupaten Luwu Utara","73.22.01","Malangke","73.22.01.2004","Tolada"
"73","Sulawesi Selatan","73.22","Kabupaten Luwu Utara","73.22.01","Malangke","73.22.01.2005","Salekoe"
"73","Sulawesi Selatan","73.22","Kabupaten Luwu Utara","73.22.01","Malangke","73.22.01.2006","Pute Mata"
"73","Sulawesi Selatan","73.22","Kabupaten Luwu Utara","73.22.01","Malangke","73.22.01.2007","Tingkara"
"73","Sulawesi Selatan","73.22","Kabupaten Luwu Utara","73.22.01","Malangke","73.22.01.2008","Ladongi"
"73","Sulawesi Selatan","73.22","Kabupaten Luwu Utara","73.22.01","Malangke","73.22.01.2009","Giri Kusuma"
"73","Sulawesi Selatan","73.22","Kabupaten Luwu Utara","73.22.01","Malangke","73.22.01.2010","Tandung"
"73","Sulawesi Selatan","73.22","Kabupaten Luwu Utara","73.22.01","Malangke","73.22.01.2011","Takkalala"
"73","Sulawesi Selatan","73.22","Kabupaten Luwu Utara","73.22.01","Malangke","73.22.01.2012","Pettalandung"
"73","Sulawesi Selatan","73.22","Kabupaten Luwu Utara","73.22.01","Malangke","73.22.01.2013","Tokke"
"73","Sulawesi Selatan","73.22","Kabupaten Luwu Utara","73.22.01","Malangke","73.22.01.2014","Pince Pute"
"73","Sulawesi Selatan","73.22","Kabupaten Luwu Utara","73.22.02","Bone Bone","73.22.02.1001","Bone Bone"
"73","Sulawesi Selatan","73.22","Kabupaten Luwu Utara","73.22.02","Bone Bone","73.22.02.2002","Tamuku"
"73","Sulawesi Selatan","73.22","Kabupaten Luwu Utara","73.22.02","Bone Bone","73.22.02.2007","Sidomukti"
"73","Sulawesi Selatan","73.22","Kabupaten Luwu Utara","73.22.02","Bone Bone","73.22.02.2008","Sukaraya"
"73","Sulawesi Selatan","73.22","Kabupaten Luwu Utara","73.22.02","Bone Bone","73.22.02.2011","Batang Tongka"
"73","Sulawesi Selatan","73.22","Kabupaten Luwu Utara","73.22.02","Bone Bone","73.22.02.2012","Patoloan"
"73","Sulawesi Selatan","73.22","Kabupaten Luwu Utara","73.22.02","Bone Bone","73.22.02.2015","Banyuurip"
"73","Sulawesi Selatan","73.22","Kabupaten Luwu Utara","73.22.02","Bone Bone","73.22.02.2017","Pongko"
"73","Sulawesi Selatan","73.22","Kabupaten Luwu Utara","73.22.02","Bone Bone","73.22.02.2018","Bantimurung"
"73","Sulawesi Selatan","73.22","Kabupaten Luwu Utara","73.22.02","Bone Bone","73.22.02.2020","Muktisari"
"73","Sulawesi Selatan","73.22","Kabupaten Luwu Utara","73.22.02","Bone Bone","73.22.02.2021","Sadar"
"73","Sulawesi Selatan","73.22","Kabupaten Luwu Utara","73.22.03","Masamba","73.22.03.1001","Kappuna"
"73","Sulawesi Selatan","73.22","Kabupaten Luwu Utara","73.22.03","Masamba","73.22.03.1002","Bone"
"73","Sulawesi Selatan","73.22","Kabupaten Luwu Utara","73.22.03","Masamba","73.22.03.1003","Baliase"
"73","Sulawesi Selatan","73.22","Kabupaten Luwu Utara","73.22.03","Masamba","73.22.03.1006","Bone Tua"
"73","Sulawesi Selatan","73.22","Kabupaten Luwu Utara","73.22.03","Masamba","73.22.03.2004","Pincara"
"73","Sulawesi Selatan","73.22","Kabupaten Luwu Utara","73.22.03","Masamba","73.22.03.2005","Balebo"
"73","Sulawesi Selatan","73.22","Kabupaten Luwu Utara","73.22.03","Masamba","73.22.03.2007","Pombakka"
"73","Sulawesi Selatan","73.22","Kabupaten Luwu Utara","73.22.03","Masamba","73.22.03.2008","Rompu"
"73","Sulawesi Selatan","73.22","Kabupaten Luwu Utara","73.22.03","Masamba","73.22.03.2009","Lantang Tallang"
"73","Sulawesi Selatan","73.22","Kabupaten Luwu Utara","73.22.03","Masamba","73.22.03.2010","Lapapa"
"73","Sulawesi Selatan","73.22","Kabupaten Luwu Utara","73.22.03","Masamba","73.22.03.2011","Maipi"
"73","Sulawesi Selatan","73.22","Kabupaten Luwu Utara","73.22.03","Masamba","73.22.03.2012","Masamba"
"73","Sulawesi Selatan","73.22","Kabupaten Luwu Utara","73.22.03","Masamba","73.22.03.2013","Pandak"
"73","Sulawesi Selatan","73.22","Kabupaten Luwu Utara","73.22.03","Masamba","73.22.03.2014","Sepakat"
"73","Sulawesi Selatan","73.22","Kabupaten Luwu Utara","73.22.03","Masamba","73.22.03.2015","Pongo"
"73","Sulawesi Selatan","73.22","Kabupaten Luwu Utara","73.22.03","Masamba","73.22.03.2016","Laba"
"73","Sulawesi Selatan","73.22","Kabupaten Luwu Utara","73.22.03","Masamba","73.22.03.2017","Toradda"
"73","Sulawesi Selatan","73.22","Kabupaten Luwu Utara","73.22.03","Masamba","73.22.03.2018","Sumilin"
"73","Sulawesi Selatan","73.22","Kabupaten Luwu Utara","73.22.03","Masamba","73.22.03.2019","Kamiri"
"73","Sulawesi Selatan","73.22","Kabupaten Luwu Utara","73.22.04","Sabbang","73.22.04.1012","Marobo"
"73","Sulawesi Selatan","73.22","Kabupaten Luwu Utara","73.22.04","Sabbang","73.22.04.2002","Sabbang"
"73","Sulawesi Selatan","73.22","Kabupaten Luwu Utara","73.22.04","Sabbang","73.22.04.2003","Pararra"
"73","Sulawesi Selatan","73.22","Kabupaten Luwu Utara","73.22.04","Sabbang","73.22.04.2004","Tandung"
"73","Sulawesi Selatan","73.22","Kabupaten Luwu Utara","73.22.04","Sabbang","73.22.04.2007","Malimbu"
"73","Sulawesi Selatan","73.22","Kabupaten Luwu Utara","73.22.04","Sabbang","73.22.04.2008","Tullak Tallu"
"73","Sulawesi Selatan","73.22","Kabupaten Luwu Utara","73.22.04","Sabbang","73.22.04.2009","Bakka"
"73","Sulawesi Selatan","73.22","Kabupaten Luwu Utara","73.22.04","Sabbang","73.22.04.2014","Buntu Torpedo"
"73","Sulawesi Selatan","73.22","Kabupaten Luwu Utara","73.22.04","Sabbang","73.22.04.2018","Pengkendekan"
"73","Sulawesi Selatan","73.22","Kabupaten Luwu Utara","73.22.04","Sabbang","73.22.04.2020","Salama"
"73","Sulawesi Selatan","73.22","Kabupaten Luwu Utara","73.22.05","Rongkong","73.22.05.2001","Marampa"
"73","Sulawesi Selatan","73.22","Kabupaten Luwu Utara","73.22.05","Rongkong","73.22.05.2002","Pengkendekan"
"73","Sulawesi Selatan","73.22","Kabupaten Luwu Utara","73.22.05","Rongkong","73.22.05.2003","Kanandede"
"73","Sulawesi Selatan","73.22","Kabupaten Luwu Utara","73.22.05","Rongkong","73.22.05.2004","Rinding Allo"
"73","Sulawesi Selatan","73.22","Kabupaten Luwu Utara","73.22.05","Rongkong","73.22.05.2005","Minanga"
"73","Sulawesi Selatan","73.22","Kabupaten Luwu Utara","73.22.05","Rongkong","73.22.05.2006","Komba"
"73","Sulawesi Selatan","73.22","Kabupaten Luwu Utara","73.22.05","Rongkong","73.22.05.2007","Limbong"
"73","Sulawesi Selatan","73.22","Kabupaten Luwu Utara","73.22.06","Sukamaju","73.22.06.2001","Lampuawa"
"73","Sulawesi Selatan","73.22","Kabupaten Luwu Utara","73.22.06","Sukamaju","73.22.06.2002","Ketulungan"
"73","Sulawesi Selatan","73.22","Kabupaten Luwu Utara","73.22.06","Sukamaju","73.22.06.2003","Salulemo"
"73","Sulawesi Selatan","73.22","Kabupaten Luwu Utara","73.22.06","Sukamaju","73.22.06.2004","Kaluku"
"73","Sulawesi Selatan","73.22","Kabupaten Luwu Utara","73.22.06","Sukamaju","73.22.06.2005","Sukamaju"
"73","Sulawesi Selatan","73.22","Kabupaten Luwu Utara","73.22.06","Sukamaju","73.22.06.2006","Sukadamai"
"73","Sulawesi Selatan","73.22","Kabupaten Luwu Utara","73.22.06","Sukamaju","73.22.06.2010","Tamboke"
"73","Sulawesi Selatan","73.22","Kabupaten Luwu Utara","73.22.06","Sukamaju","73.22.06.2013","Tolangi"
"73","Sulawesi Selatan","73.22","Kabupaten Luwu Utara","73.22.06","Sukamaju","73.22.06.2014","Tulung Indah"
"73","Sulawesi Selatan","73.22","Kabupaten Luwu Utara","73.22.06","Sukamaju","73.22.06.2019","Minanga Tallu"
"73","Sulawesi Selatan","73.22","Kabupaten Luwu Utara","73.22.06","Sukamaju","73.22.06.2020","Wonosari"
"73","Sulawesi Selatan","73.22","Kabupaten Luwu Utara","73.22.06","Sukamaju","73.22.06.2021","Mulyasari"
"73","Sulawesi Selatan","73.22","Kabupaten Luwu Utara","73.22.06","Sukamaju","73.22.06.2022","Saptamarga"
"73","Sulawesi Selatan","73.22","Kabupaten Luwu Utara","73.22.06","Sukamaju","73.22.06.2024","Tulung Sari"
"73","Sulawesi Selatan","73.22","Kabupaten Luwu Utara","73.22.07","Seko","73.22.07.2001","Tirobali"
"73","Sulawesi Selatan","73.22","Kabupaten Luwu Utara","73.22.07","Seko","73.22.07.2002","Malimongan"
"73","Sulawesi Selatan","73.22","Kabupaten Luwu Utara","73.22.07","Seko","73.22.07.2003","Tanamakaleang"
"73","Sulawesi Selatan","73.22","Kabupaten Luwu Utara","73.22.07","Seko","73.22.07.2004","Padang Balua"
"73","Sulawesi Selatan","73.22","Kabupaten Luwu Utara","73.22.07","Seko","73.22.07.2005","Padang Raya"
"73","Sulawesi Selatan","73.22","Kabupaten Luwu Utara","73.22.07","Seko","73.22.07.2006","Embonatana"
"73","Sulawesi Selatan","73.22","Kabupaten Luwu Utara","73.22.07","Seko","73.22.07.2007","Hono"
"73","Sulawesi Selatan","73.22","Kabupaten Luwu Utara","73.22.07","Seko","73.22.07.2008","Beroppa"
"73","Sulawesi Selatan","73.22","Kabupaten Luwu Utara","73.22.07","Seko","73.22.07.2009","Lodang"
"73","Sulawesi Selatan","73.22","Kabupaten Luwu Utara","73.22.07","Seko","73.22.07.2010","Taloto"
"73","Sulawesi Selatan","73.22","Kabupaten Luwu Utara","73.22.07","Seko","73.22.07.2011","Hoyane"
"73","Sulawesi Selatan","73.22","Kabupaten Luwu Utara","73.22.07","Seko","73.22.07.2012","Marante"
"73","Sulawesi Selatan","73.22","Kabupaten Luwu Utara","73.22.08","Malangke Barat","73.22.08.2001","Cenning"
"73","Sulawesi Selatan","73.22","Kabupaten Luwu Utara","73.22.08","Malangke Barat","73.22.08.2002","Pengkajoang"
"73","Sulawesi Selatan","73.22","Kabupaten Luwu Utara","73.22.08","Malangke Barat","73.22.08.2003","Pao"
"73","Sulawesi Selatan","73.22","Kabupaten Luwu Utara","73.22.08","Malangke Barat","73.22.08.2004","Arusu"
"73","Sulawesi Selatan","73.22","Kabupaten Luwu Utara","73.22.08","Malangke Barat","73.22.08.2005","Baku Baku"
"73","Sulawesi Selatan","73.22","Kabupaten Luwu Utara","73.22.08","Malangke Barat","73.22.08.2006","Wara"
"73","Sulawesi Selatan","73.22","Kabupaten Luwu Utara","73.22.08","Malangke Barat","73.22.08.2007","Waelawi"
"73","Sulawesi Selatan","73.22","Kabupaten Luwu Utara","73.22.08","Malangke Barat","73.22.08.2008","Pembuniang"
"73","Sulawesi Selatan","73.22","Kabupaten Luwu Utara","73.22.08","Malangke Barat","73.22.08.2009","Limbong Wara"
"73","Sulawesi Selatan","73.22","Kabupaten Luwu Utara","73.22.08","Malangke Barat","73.22.08.2010","Kalitata"
"73","Sulawesi Selatan","73.22","Kabupaten Luwu Utara","73.22.08","Malangke Barat","73.22.08.2011","Pombakka"
"73","Sulawesi Selatan","73.22","Kabupaten Luwu Utara","73.22.08","Malangke Barat","73.22.08.2012","Polejiwa"
"73","Sulawesi Selatan","73.22","Kabupaten Luwu Utara","73.22.08","Malangke Barat","73.22.08.2013","Waetuo"
"73","Sulawesi Selatan","73.22","Kabupaten Luwu Utara","73.22.09","Rampi","73.22.09.2001","Rampi"
"73","Sulawesi Selatan","73.22","Kabupaten Luwu Utara","73.22.09","Rampi","73.22.09.2002","Onondowa"
"73","Sulawesi Selatan","73.22","Kabupaten Luwu Utara","73.22.09","Rampi","73.22.09.2003","Leboni"
"73","Sulawesi Selatan","73.22","Kabupaten Luwu Utara","73.22.09","Rampi","73.22.09.2004","Dodolo"
"73","Sulawesi Selatan","73.22","Kabupaten Luwu Utara","73.22.09","Rampi","73.22.09.2005","Sulaku"
"73","Sulawesi Selatan","73.22","Kabupaten Luwu Utara","73.22.09","Rampi","73.22.09.2006","Tedeboe"
"73","Sulawesi Selatan","73.22","Kabupaten Luwu Utara","73.22.10","Mappedeceng","73.22.10.2001","Mappedeceng"
"73","Sulawesi Selatan","73.22","Kabupaten Luwu Utara","73.22.10","Mappedeceng","73.22.10.2002","Cendana Putih"
"73","Sulawesi Selatan","73.22","Kabupaten Luwu Utara","73.22.10","Mappedeceng","73.22.10.2003","Hasana"
"73","Sulawesi Selatan","73.22","Kabupaten Luwu Utara","73.22.10","Mappedeceng","73.22.10.2004","Kapidi"
"73","Sulawesi Selatan","73.22","Kabupaten Luwu Utara","73.22.10","Mappedeceng","73.22.10.2005","Uraso"
"73","Sulawesi Selatan","73.22","Kabupaten Luwu Utara","73.22.10","Mappedeceng","73.22.10.2006","Benteng"
"73","Sulawesi Selatan","73.22","Kabupaten Luwu Utara","73.22.10","Mappedeceng","73.22.10.2007","Ujung Mattajang"
"73","Sulawesi Selatan","73.22","Kabupaten Luwu Utara","73.22.10","Mappedeceng","73.22.10.2009","Cendana Putih I"
"73","Sulawesi Selatan","73.22","Kabupaten Luwu Utara","73.22.10","Mappedeceng","73.22.10.2010","Sumber Wangi"
"73","Sulawesi Selatan","73.22","Kabupaten Luwu Utara","73.22.10","Mappedeceng","73.22.10.2011","Mangalle"
"73","Sulawesi Selatan","73.22","Kabupaten Luwu Utara","73.22.10","Mappedeceng","73.22.10.2012","Mekar Jaya Tondok"
"73","Sulawesi Selatan","73.22","Kabupaten Luwu Utara","73.22.10","Mappedeceng","73.22.10.2013","Cendana Putih II"
"73","Sulawesi Selatan","73.22","Kabupaten Luwu Utara","73.22.10","Mappedeceng","73.22.10.2014","Sumber Harum"
"73","Sulawesi Selatan","73.22","Kabupaten Luwu Utara","73.22.10","Mappedeceng","73.22.10.2015","Tarrak Tallu"
"73","Sulawesi Selatan","73.22","Kabupaten Luwu Utara","73.22.10","Mappedeceng","73.22.10.2016","Harapan"
"73","Sulawesi Selatan","73.22","Kabupaten Luwu Utara","73.22.11","Baebunta","73.22.11.1005","Salassa"
"73","Sulawesi Selatan","73.22","Kabupaten Luwu Utara","73.22.11","Baebunta","73.22.11.2002","Salulemo"
"73","Sulawesi Selatan","73.22","Kabupaten Luwu Utara","73.22.11","Baebunta","73.22.11.2003","Radda"
"73","Sulawesi Selatan","73.22","Kabupaten Luwu Utara","73.22.11","Baebunta","73.22.11.2004","Baebunta"
"73","Sulawesi Selatan","73.22","Kabupaten Luwu Utara","73.22.11","Baebunta","73.22.11.2007","Tarobok"
"73","Sulawesi Selatan","73.22","Kabupaten Luwu Utara","73.22.11","Baebunta","73.22.11.2008","Mario"
"73","Sulawesi Selatan","73.22","Kabupaten Luwu Utara","73.22.11","Baebunta","73.22.11.2009","Sassa"
"73","Sulawesi Selatan","73.22","Kabupaten Luwu Utara","73.22.11","Baebunta","73.22.11.2010","Kariango"
"73","Sulawesi Selatan","73.22","Kabupaten Luwu Utara","73.22.11","Baebunta","73.22.11.2011","Meli"
"73","Sulawesi Selatan","73.22","Kabupaten Luwu Utara","73.22.11","Baebunta","73.22.11.2013","Palandan"
"73","Sulawesi Selatan","73.22","Kabupaten Luwu Utara","73.22.11","Baebunta","73.22.11.2015","Bumi Harapan"
"73","Sulawesi Selatan","73.22","Kabupaten Luwu Utara","73.22.12","Tana Lili","73.22.12.2001","Bungapati"
"73","Sulawesi Selatan","73.22","Kabupaten Luwu Utara","73.22.12","Tana Lili","73.22.12.2002","Bungadidi"
"73","Sulawesi Selatan","73.22","Kabupaten Luwu Utara","73.22.12","Tana Lili","73.22.12.2003","Poreang"
"73","Sulawesi Selatan","73.22","Kabupaten Luwu Utara","73.22.12","Tana Lili","73.22.12.2004","Sumberdadi"
"73","Sulawesi Selatan","73.22","Kabupaten Luwu Utara","73.22.12","Tana Lili","73.22.12.2005","Patila"
"73","Sulawesi Selatan","73.22","Kabupaten Luwu Utara","73.22.12","Tana Lili","73.22.12.2006","Sidobinangun"
"73","Sulawesi Selatan","73.22","Kabupaten Luwu Utara","73.22.12","Tana Lili","73.22.12.2007","Rampoang"
"73","Sulawesi Selatan","73.22","Kabupaten Luwu Utara","73.22.12","Tana Lili","73.22.12.2008","Karondang"
"73","Sulawesi Selatan","73.22","Kabupaten Luwu Utara","73.22.12","Tana Lili","73.22.12.2009","Munte"
"73","Sulawesi Selatan","73.22","Kabupaten Luwu Utara","73.22.12","Tana Lili","73.22.12.2010","Sidomakmur"
"73","Sulawesi Selatan","73.22","Kabupaten Luwu Utara","73.22.13","Sukamaju Selatan","73.22.13.2001","Mulyorejo"
"73","Sulawesi Selatan","73.22","Kabupaten Luwu Utara","73.22.13","Sukamaju Selatan","73.22.13.2002","Rawamangun"
"73","Sulawesi Selatan","73.22","Kabupaten Luwu Utara","73.22.13","Sukamaju Selatan","73.22.13.2003","Paomacang"
"73","Sulawesi Selatan","73.22","Kabupaten Luwu Utara","73.22.13","Sukamaju Selatan","73.22.13.2004","Wonokerto"
"73","Sulawesi Selatan","73.22","Kabupaten Luwu Utara","73.22.13","Sukamaju Selatan","73.22.13.2005","Sumberbaru"
"73","Sulawesi Selatan","73.22","Kabupaten Luwu Utara","73.22.13","Sukamaju Selatan","73.22.13.2006","Banyuwangi"
"73","Sulawesi Selatan","73.22","Kabupaten Luwu Utara","73.22.13","Sukamaju Selatan","73.22.13.2007","Subur"
"73","Sulawesi Selatan","73.22","Kabupaten Luwu Utara","73.22.13","Sukamaju Selatan","73.22.13.2008","Lino"
"73","Sulawesi Selatan","73.22","Kabupaten Luwu Utara","73.22.13","Sukamaju Selatan","73.22.13.2009","Sidoharjo"
"73","Sulawesi Selatan","73.22","Kabupaten Luwu Utara","73.22.13","Sukamaju Selatan","73.22.13.2010","Sukamukti"
"73","Sulawesi Selatan","73.22","Kabupaten Luwu Utara","73.22.13","Sukamaju Selatan","73.22.13.2011","Sukaharapan"
"73","Sulawesi Selatan","73.22","Kabupaten Luwu Utara","73.22.14","Baebunta Selatan","73.22.14.2001","Lara"
"73","Sulawesi Selatan","73.22","Kabupaten Luwu Utara","73.22.14","Baebunta Selatan","73.22.14.2002","Marannu"
"73","Sulawesi Selatan","73.22","Kabupaten Luwu Utara","73.22.14","Baebunta Selatan","73.22.14.2003","Beringin Jaya"
"73","Sulawesi Selatan","73.22","Kabupaten Luwu Utara","73.22.14","Baebunta Selatan","73.22.14.2004","Mukti Jaya"
"73","Sulawesi Selatan","73.22","Kabupaten Luwu Utara","73.22.14","Baebunta Selatan","73.22.14.2005","Mekarsari Jaya"
"73","Sulawesi Selatan","73.22","Kabupaten Luwu Utara","73.22.14","Baebunta Selatan","73.22.14.2006","Mukti Tama"
"73","Sulawesi Selatan","73.22","Kabupaten Luwu Utara","73.22.14","Baebunta Selatan","73.22.14.2007","Lembang-lembang"
"73","Sulawesi Selatan","73.22","Kabupaten Luwu Utara","73.22.14","Baebunta Selatan","73.22.14.2008","Lawewe"
"73","Sulawesi Selatan","73.22","Kabupaten Luwu Utara","73.22.14","Baebunta Selatan","73.22.14.2009","Polewali"
"73","Sulawesi Selatan","73.22","Kabupaten Luwu Utara","73.22.14","Baebunta Selatan","73.22.14.2010","Sumpira"
"73","Sulawesi Selatan","73.22","Kabupaten Luwu Utara","73.22.15","Sabbang Selatan","73.22.15.2001","Buangin"
"73","Sulawesi Selatan","73.22","Kabupaten Luwu Utara","73.22.15","Sabbang Selatan","73.22.15.2002","Terpedojaya"
"73","Sulawesi Selatan","73.22","Kabupaten Luwu Utara","73.22.15","Sabbang Selatan","73.22.15.2003","Dandang"
"73","Sulawesi Selatan","73.22","Kabupaten Luwu Utara","73.22.15","Sabbang Selatan","73.22.15.2004","Kampung Baru"
"73","Sulawesi Selatan","73.22","Kabupaten Luwu Utara","73.22.15","Sabbang Selatan","73.22.15.2005","Teteuri"
"73","Sulawesi Selatan","73.22","Kabupaten Luwu Utara","73.22.15","Sabbang Selatan","73.22.15.2006","Kalotok"
"73","Sulawesi Selatan","73.22","Kabupaten Luwu Utara","73.22.15","Sabbang Selatan","73.22.15.2007","Batualang"
"73","Sulawesi Selatan","73.22","Kabupaten Luwu Utara","73.22.15","Sabbang Selatan","73.22.15.2008","Bone Subur"
"73","Sulawesi Selatan","73.22","Kabupaten Luwu Utara","73.22.15","Sabbang Selatan","73.22.15.2009","Pompaniki"
"73","Sulawesi Selatan","73.22","Kabupaten Luwu Utara","73.22.15","Sabbang Selatan","73.22.15.2010","Mari-mari"
"73","Sulawesi Selatan","73.24","Kabupaten Luwu Timur","73.24.01","Mangkutana","73.24.01.2001","Maleku"
"73","Sulawesi Selatan","73.24","Kabupaten Luwu Timur","73.24.01","Mangkutana","73.24.01.2002","Wonorejo"
"73","Sulawesi Selatan","73.24","Kabupaten Luwu Timur","73.24.01","Mangkutana","73.24.01.2003","Margolembo"
"73","Sulawesi Selatan","73.24","Kabupaten Luwu Timur","73.24.01","Mangkutana","73.24.01.2004","Teromu"
"73","Sulawesi Selatan","73.24","Kabupaten Luwu Timur","73.24.01","Mangkutana","73.24.01.2007","Manggala"
"73","Sulawesi Selatan","73.24","Kabupaten Luwu Timur","73.24.01","Mangkutana","73.24.01.2009","Kasintuwu"
"73","Sulawesi Selatan","73.24","Kabupaten Luwu Timur","73.24.01","Mangkutana","73.24.01.2011","Balai Kembang"
"73","Sulawesi Selatan","73.24","Kabupaten Luwu Timur","73.24.01","Mangkutana","73.24.01.2013","Panca Karsa"
"73","Sulawesi Selatan","73.24","Kabupaten Luwu Timur","73.24.01","Mangkutana","73.24.01.2014","Sindu Agung"
"73","Sulawesi Selatan","73.24","Kabupaten Luwu Timur","73.24.01","Mangkutana","73.24.01.2015","Wonorejo Timur"
"73","Sulawesi Selatan","73.24","Kabupaten Luwu Timur","73.24.01","Mangkutana","73.24.01.2016","Koroncia"
"73","Sulawesi Selatan","73.24","Kabupaten Luwu Timur","73.24.02","Nuha","73.24.02.1007","Magani"
"73","Sulawesi Selatan","73.24","Kabupaten Luwu Timur","73.24.02","Nuha","73.24.02.2001","Nuha"
"73","Sulawesi Selatan","73.24","Kabupaten Luwu Timur","73.24.02","Nuha","73.24.02.2003","Nikkel"
"73","Sulawesi Selatan","73.24","Kabupaten Luwu Timur","73.24.02","Nuha","73.24.02.2005","Matano"
"73","Sulawesi Selatan","73.24","Kabupaten Luwu Timur","73.24.02","Nuha","73.24.02.2009","Sorowako"
"73","Sulawesi Selatan","73.24","Kabupaten Luwu Timur","73.24.03","Towuti","73.24.03.2001","Loeha"
"73","Sulawesi Selatan","73.24","Kabupaten Luwu Timur","73.24.03","Towuti","73.24.03.2002","Mahalona"
"73","Sulawesi Selatan","73.24","Kabupaten Luwu Timur","73.24.03","Towuti","73.24.03.2003","Timampu"
"73","Sulawesi Selatan","73.24","Kabupaten Luwu Timur","73.24.03","Towuti","73.24.03.2004","Wawondula"
"73","Sulawesi Selatan","73.24","Kabupaten Luwu Timur","73.24.03","Towuti","73.24.03.2005","Langkea Raya"
"73","Sulawesi Selatan","73.24","Kabupaten Luwu Timur","73.24.03","Towuti","73.24.03.2006","Tokalimbo"
"73","Sulawesi Selatan","73.24","Kabupaten Luwu Timur","73.24.03","Towuti","73.24.03.2007","Baruga"
"73","Sulawesi Selatan","73.24","Kabupaten Luwu Timur","73.24.03","Towuti","73.24.03.2008","Pekaloa"
"73","Sulawesi Selatan","73.24","Kabupaten Luwu Timur","73.24.03","Towuti","73.24.03.2009","Lioka"
"73","Sulawesi Selatan","73.24","Kabupaten Luwu Timur","73.24.03","Towuti","73.24.03.2010","Asuli"
"73","Sulawesi Selatan","73.24","Kabupaten Luwu Timur","73.24.03","Towuti","73.24.03.2011","Bantilang"
"73","Sulawesi Selatan","73.24","Kabupaten Luwu Timur","73.24.03","Towuti","73.24.03.2012","Masiku"
"73","Sulawesi Selatan","73.24","Kabupaten Luwu Timur","73.24.03","Towuti","73.24.03.2013","Rante Angin"
"73","Sulawesi Selatan","73.24","Kabupaten Luwu Timur","73.24.03","Towuti","73.24.03.2014","Matompi"
"73","Sulawesi Selatan","73.24","Kabupaten Luwu Timur","73.24.03","Towuti","73.24.03.2015","Tole"
"73","Sulawesi Selatan","73.24","Kabupaten Luwu Timur","73.24.03","Towuti","73.24.03.2016","Libukan Mandiri"
"73","Sulawesi Selatan","73.24","Kabupaten Luwu Timur","73.24.03","Towuti","73.24.03.2017","Kalosi"
"73","Sulawesi Selatan","73.24","Kabupaten Luwu Timur","73.24.03","Towuti","73.24.03.2018","Buangin"
"73","Sulawesi Selatan","73.24","Kabupaten Luwu Timur","73.24.04","Malili","73.24.04.1003","Malili"
"73","Sulawesi Selatan","73.24","Kabupaten Luwu Timur","73.24.04","Malili","73.24.04.2001","Harapan"
"73","Sulawesi Selatan","73.24","Kabupaten Luwu Timur","73.24.04","Malili","73.24.04.2002","Laskap"
"73","Sulawesi Selatan","73.24","Kabupaten Luwu Timur","73.24.04","Malili","73.24.04.2004","Manurung"
"73","Sulawesi Selatan","73.24","Kabupaten Luwu Timur","73.24.04","Malili","73.24.04.2005","Wewangriu"
"73","Sulawesi Selatan","73.24","Kabupaten Luwu Timur","73.24.04","Malili","73.24.04.2006","Baruga"
"73","Sulawesi Selatan","73.24","Kabupaten Luwu Timur","73.24.04","Malili","73.24.04.2007","Lakawali"
"73","Sulawesi Selatan","73.24","Kabupaten Luwu Timur","73.24.04","Malili","73.24.04.2008","Ussu"
"73","Sulawesi Selatan","73.24","Kabupaten Luwu Timur","73.24.04","Malili","73.24.04.2009","Tarabbi"
"73","Sulawesi Selatan","73.24","Kabupaten Luwu Timur","73.24.04","Malili","73.24.04.2010","Balantang"
"73","Sulawesi Selatan","73.24","Kabupaten Luwu Timur","73.24.04","Malili","73.24.04.2011","Atue"
"73","Sulawesi Selatan","73.24","Kabupaten Luwu Timur","73.24.04","Malili","73.24.04.2012","Pongkeru"
"73","Sulawesi Selatan","73.24","Kabupaten Luwu Timur","73.24.04","Malili","73.24.04.2013","Puncak Indah"
"73","Sulawesi Selatan","73.24","Kabupaten Luwu Timur","73.24.04","Malili","73.24.04.2014","Pasi-Pasi"
"73","Sulawesi Selatan","73.24","Kabupaten Luwu Timur","73.24.04","Malili","73.24.04.2015","Lakawali Pantai"
"73","Sulawesi Selatan","73.24","Kabupaten Luwu Timur","73.24.05","Angkona","73.24.05.2001","Tawakua"
"73","Sulawesi Selatan","73.24","Kabupaten Luwu Timur","73.24.05","Angkona","73.24.05.2002","Tampinna"
"73","Sulawesi Selatan","73.24","Kabupaten Luwu Timur","73.24.05","Angkona","73.24.05.2003","Solo"
"73","Sulawesi Selatan","73.24","Kabupaten Luwu Timur","73.24.05","Angkona","73.24.05.2004","Taripa"
"73","Sulawesi Selatan","73.24","Kabupaten Luwu Timur","73.24.05","Angkona","73.24.05.2005","Mantadulu"
"73","Sulawesi Selatan","73.24","Kabupaten Luwu Timur","73.24.05","Angkona","73.24.05.2006","Balirejo"
"73","Sulawesi Selatan","73.24","Kabupaten Luwu Timur","73.24.05","Angkona","73.24.05.2007","Maliwowo"
"73","Sulawesi Selatan","73.24","Kabupaten Luwu Timur","73.24.05","Angkona","73.24.05.2008","Lamaeto"
"73","Sulawesi Selatan","73.24","Kabupaten Luwu Timur","73.24.05","Angkona","73.24.05.2009","Watangpanua"
"73","Sulawesi Selatan","73.24","Kabupaten Luwu Timur","73.24.05","Angkona","73.24.05.2010","Wanasari"
"73","Sulawesi Selatan","73.24","Kabupaten Luwu Timur","73.24.06","Wotu","73.24.06.2001","Lampenai"
"73","Sulawesi Selatan","73.24","Kabupaten Luwu Timur","73.24.06","Wotu","73.24.06.2002","Tarengge"
"73","Sulawesi Selatan","73.24","Kabupaten Luwu Timur","73.24.06","Wotu","73.24.06.2003","Maramba"
"73","Sulawesi Selatan","73.24","Kabupaten Luwu Timur","73.24.06","Wotu","73.24.06.2004","Cendana Hijau"
"73","Sulawesi Selatan","73.24","Kabupaten Luwu Timur","73.24.06","Wotu","73.24.06.2005","Bawalipu"
"73","Sulawesi Selatan","73.24","Kabupaten Luwu Timur","73.24.06","Wotu","73.24.06.2006","Kalaena"
"73","Sulawesi Selatan","73.24","Kabupaten Luwu Timur","73.24.06","Wotu","73.24.06.2007","Lera"
"73","Sulawesi Selatan","73.24","Kabupaten Luwu Timur","73.24.06","Wotu","73.24.06.2008","Kanawatu"
"73","Sulawesi Selatan","73.24","Kabupaten Luwu Timur","73.24.06","Wotu","73.24.06.2009","Bahari"
"73","Sulawesi Selatan","73.24","Kabupaten Luwu Timur","73.24.06","Wotu","73.24.06.2010","Karambua"
"73","Sulawesi Selatan","73.24","Kabupaten Luwu Timur","73.24.06","Wotu","73.24.06.2011","Pepuro Barat"
"73","Sulawesi Selatan","73.24","Kabupaten Luwu Timur","73.24.06","Wotu","73.24.06.2012","Balo-Balo"
"73","Sulawesi Selatan","73.24","Kabupaten Luwu Timur","73.24.06","Wotu","73.24.06.2013","Rinjani"
"73","Sulawesi Selatan","73.24","Kabupaten Luwu Timur","73.24.06","Wotu","73.24.06.2014","Tarengge Timur"
"73","Sulawesi Selatan","73.24","Kabupaten Luwu Timur","73.24.06","Wotu","73.24.06.2015","Madani"
"73","Sulawesi Selatan","73.24","Kabupaten Luwu Timur","73.24.06","Wotu","73.24.06.2016","Tabaroge"
"73","Sulawesi Selatan","73.24","Kabupaten Luwu Timur","73.24.06","Wotu","73.24.06.2017","Arolipu"
"73","Sulawesi Selatan","73.24","Kabupaten Luwu Timur","73.24.07","Burau","73.24.07.2001","Burau"
"73","Sulawesi Selatan","73.24","Kabupaten Luwu Timur","73.24.07","Burau","73.24.07.2002","Jalajja"
"73","Sulawesi Selatan","73.24","Kabupaten Luwu Timur","73.24.07","Burau","73.24.07.2003","Lewonu"
"73","Sulawesi Selatan","73.24","Kabupaten Luwu Timur","73.24.07","Burau","73.24.07.2004","Lambarese"
"73","Sulawesi Selatan","73.24","Kabupaten Luwu Timur","73.24.07","Burau","73.24.07.2005","Lauwo"
"73","Sulawesi Selatan","73.24","Kabupaten Luwu Timur","73.24.07","Burau","73.24.07.2006","Bone Pute"
"73","Sulawesi Selatan","73.24","Kabupaten Luwu Timur","73.24.07","Burau","73.24.07.2007","Lumbewe"
"73","Sulawesi Selatan","73.24","Kabupaten Luwu Timur","73.24.07","Burau","73.24.07.2008","Mabonta"
"73","Sulawesi Selatan","73.24","Kabupaten Luwu Timur","73.24.07","Burau","73.24.07.2009","Laro"
"73","Sulawesi Selatan","73.24","Kabupaten Luwu Timur","73.24.07","Burau","73.24.07.2010","Benteng"
"73","Sulawesi Selatan","73.24","Kabupaten Luwu Timur","73.24.07","Burau","73.24.07.2011","Batu Putih"
"73","Sulawesi Selatan","73.24","Kabupaten Luwu Timur","73.24.07","Burau","73.24.07.2012","Lanosi"
"73","Sulawesi Selatan","73.24","Kabupaten Luwu Timur","73.24.07","Burau","73.24.07.2013","Lagego"
"73","Sulawesi Selatan","73.24","Kabupaten Luwu Timur","73.24.07","Burau","73.24.07.2014","Cendana"
"73","Sulawesi Selatan","73.24","Kabupaten Luwu Timur","73.24.07","Burau","73.24.07.2015","Burau Pantai"
"73","Sulawesi Selatan","73.24","Kabupaten Luwu Timur","73.24.07","Burau","73.24.07.2016","Asana"
"73","Sulawesi Selatan","73.24","Kabupaten Luwu Timur","73.24.07","Burau","73.24.07.2017","Kalatiri"
"73","Sulawesi Selatan","73.24","Kabupaten Luwu Timur","73.24.07","Burau","73.24.07.2018","Lambara Harapan"
"73","Sulawesi Selatan","73.24","Kabupaten Luwu Timur","73.24.08","Tomoni","73.24.08.1003","Tomoni"
"73","Sulawesi Selatan","73.24","Kabupaten Luwu Timur","73.24.08","Tomoni","73.24.08.2001","Bayondo"
"73","Sulawesi Selatan","73.24","Kabupaten Luwu Timur","73.24.08","Tomoni","73.24.08.2002","Mulyasri"
"73","Sulawesi Selatan","73.24","Kabupaten Luwu Timur","73.24.08","Tomoni","73.24.08.2007","Lestari"
"73","Sulawesi Selatan","73.24","Kabupaten Luwu Timur","73.24.08","Tomoni","73.24.08.2008","Kalpataru"
"73","Sulawesi Selatan","73.24","Kabupaten Luwu Timur","73.24.08","Tomoni","73.24.08.2011","Tadulako"
"73","Sulawesi Selatan","73.24","Kabupaten Luwu Timur","73.24.08","Tomoni","73.24.08.2012","Beringin Jaya"
"73","Sulawesi Selatan","73.24","Kabupaten Luwu Timur","73.24.08","Tomoni","73.24.08.2015","Bangun Jaya"
"73","Sulawesi Selatan","73.24","Kabupaten Luwu Timur","73.24.08","Tomoni","73.24.08.2016","Mandiri"
"73","Sulawesi Selatan","73.24","Kabupaten Luwu Timur","73.24.08","Tomoni","73.24.08.2017","Sumber Alam"
"73","Sulawesi Selatan","73.24","Kabupaten Luwu Timur","73.24.08","Tomoni","73.24.08.2018","Ujung Baru"
"73","Sulawesi Selatan","73.24","Kabupaten Luwu Timur","73.24.08","Tomoni","73.24.08.2019","Bangun Karya"
"73","Sulawesi Selatan","73.24","Kabupaten Luwu Timur","73.24.08","Tomoni","73.24.08.2020","Rante Mario"
"73","Sulawesi Selatan","73.24","Kabupaten Luwu Timur","73.24.09","Tomoni Timur","73.24.09.2001","Kertoraharjo"
"73","Sulawesi Selatan","73.24","Kabupaten Luwu Timur","73.24.09","Tomoni Timur","73.24.09.2002","Cendana Hitam"
"73","Sulawesi Selatan","73.24","Kabupaten Luwu Timur","73.24.09","Tomoni Timur","73.24.09.2003","Purwosari"
"73","Sulawesi Selatan","73.24","Kabupaten Luwu Timur","73.24.09","Tomoni Timur","73.24.09.2004","Pattengko"
"73","Sulawesi Selatan","73.24","Kabupaten Luwu Timur","73.24.09","Tomoni Timur","73.24.09.2005","Manunggal"
"73","Sulawesi Selatan","73.24","Kabupaten Luwu Timur","73.24.09","Tomoni Timur","73.24.09.2006","Margomulyo"
"73","Sulawesi Selatan","73.24","Kabupaten Luwu Timur","73.24.09","Tomoni Timur","73.24.09.2007","Alam Buana"
"73","Sulawesi Selatan","73.24","Kabupaten Luwu Timur","73.24.09","Tomoni Timur","73.24.09.2008","Cendana Hitam Timur"
"73","Sulawesi Selatan","73.24","Kabupaten Luwu Timur","73.24.10","Kalaena","73.24.10.2001","Kalaena Kiri"
"73","Sulawesi Selatan","73.24","Kabupaten Luwu Timur","73.24.10","Kalaena","73.24.10.2002","Sumber Agung"
"73","Sulawesi Selatan","73.24","Kabupaten Luwu Timur","73.24.10","Kalaena","73.24.10.2003","Pertasi Kencana"
"73","Sulawesi Selatan","73.24","Kabupaten Luwu Timur","73.24.10","Kalaena","73.24.10.2004","Non Blok"
"73","Sulawesi Selatan","73.24","Kabupaten Luwu Timur","73.24.10","Kalaena","73.24.10.2005","Argomulyo"
"73","Sulawesi Selatan","73.24","Kabupaten Luwu Timur","73.24.10","Kalaena","73.24.10.2006","Sumber Makmur"
"73","Sulawesi Selatan","73.24","Kabupaten Luwu Timur","73.24.10","Kalaena","73.24.10.2007","Mekar Sari"
"73","Sulawesi Selatan","73.24","Kabupaten Luwu Timur","73.24.11","Wasuponda","73.24.11.2001","Ledu Ledu"
"73","Sulawesi Selatan","73.24","Kabupaten Luwu Timur","73.24.11","Wasuponda","73.24.11.2002","Kawata"
"73","Sulawesi Selatan","73.24","Kabupaten Luwu Timur","73.24.11","Wasuponda","73.24.11.2003","Tabarano"
"73","Sulawesi Selatan","73.24","Kabupaten Luwu Timur","73.24.11","Wasuponda","73.24.11.2004","Wasuponda"
"73","Sulawesi Selatan","73.24","Kabupaten Luwu Timur","73.24.11","Wasuponda","73.24.11.2005","Parumpanai"
"73","Sulawesi Selatan","73.24","Kabupaten Luwu Timur","73.24.11","Wasuponda","73.24.11.2006","Balambano"
"73","Sulawesi Selatan","73.26","Kabupaten Toraja Utara","73.26.01","Rantepao","73.26.01.1001","Laang Tanduk"
"73","Sulawesi Selatan","73.26","Kabupaten Toraja Utara","73.26.01","Rantepao","73.26.01.1002","Rantepao"
"73","Sulawesi Selatan","73.26","Kabupaten Toraja Utara","73.26.01","Rantepao","73.26.01.1003","Mentirotiku"
"73","Sulawesi Selatan","73.26","Kabupaten Toraja Utara","73.26.01","Rantepao","73.26.01.1004","Manggalo"
"73","Sulawesi Selatan","73.26","Kabupaten Toraja Utara","73.26.01","Rantepao","73.26.01.1005","Pasale"
"73","Sulawesi Selatan","73.26","Kabupaten Toraja Utara","73.26.01","Rantepao","73.26.01.1006","Singki'"
"73","Sulawesi Selatan","73.26","Kabupaten Toraja Utara","73.26.01","Rantepao","73.26.01.1007","Karassik"
"73","Sulawesi Selatan","73.26","Kabupaten Toraja Utara","73.26.01","Rantepao","73.26.01.1008","Penanian"
"73","Sulawesi Selatan","73.26","Kabupaten Toraja Utara","73.26.01","Rantepao","73.26.01.1009","Rante Pasele"
"73","Sulawesi Selatan","73.26","Kabupaten Toraja Utara","73.26.01","Rantepao","73.26.01.2010","Limbong"
"73","Sulawesi Selatan","73.26","Kabupaten Toraja Utara","73.26.01","Rantepao","73.26.01.2011","Saloso"
"73","Sulawesi Selatan","73.26","Kabupaten Toraja Utara","73.26.02","Sesean","73.26.02.1001","Bori"
"73","Sulawesi Selatan","73.26","Kabupaten Toraja Utara","73.26.02","Sesean","73.26.02.1002","Pangli"
"73","Sulawesi Selatan","73.26","Kabupaten Toraja Utara","73.26.02","Sesean","73.26.02.1004","Palawa'"
"73","Sulawesi Selatan","73.26","Kabupaten Toraja Utara","73.26.02","Sesean","73.26.02.1005","Deri'"
"73","Sulawesi Selatan","73.26","Kabupaten Toraja Utara","73.26.02","Sesean","73.26.02.1009","Pangli Selatan"
"73","Sulawesi Selatan","73.26","Kabupaten Toraja Utara","73.26.02","Sesean","73.26.02.2003","Buntu Lobo'"
"73","Sulawesi Selatan","73.26","Kabupaten Toraja Utara","73.26.02","Sesean","73.26.02.2006","Parinding"
"73","Sulawesi Selatan","73.26","Kabupaten Toraja Utara","73.26.02","Sesean","73.26.02.2007","Bori' Ranteletok"
"73","Sulawesi Selatan","73.26","Kabupaten Toraja Utara","73.26.02","Sesean","73.26.02.2008","Bori' Lombongan"
"73","Sulawesi Selatan","73.26","Kabupaten Toraja Utara","73.26.03","Nanggala","73.26.03.1004","Nanggala Sanpiak Satu"
"73","Sulawesi Selatan","73.26","Kabupaten Toraja Utara","73.26.03","Nanggala","73.26.03.2001","Nanggala"
"73","Sulawesi Selatan","73.26","Kabupaten Toraja Utara","73.26.03","Nanggala","73.26.03.2002","Tandung Nanggala"
"73","Sulawesi Selatan","73.26","Kabupaten Toraja Utara","73.26.03","Nanggala","73.26.03.2003","Lili'kira'"
"73","Sulawesi Selatan","73.26","Kabupaten Toraja Utara","73.26.03","Nanggala","73.26.03.2005","Karre Limbong"
"73","Sulawesi Selatan","73.26","Kabupaten Toraja Utara","73.26.03","Nanggala","73.26.03.2006","Rante"
"73","Sulawesi Selatan","73.26","Kabupaten Toraja Utara","73.26.03","Nanggala","73.26.03.2007","Basokan"
"73","Sulawesi Selatan","73.26","Kabupaten Toraja Utara","73.26.03","Nanggala","73.26.03.2008","Nanna' Nanggala"
"73","Sulawesi Selatan","73.26","Kabupaten Toraja Utara","73.26.03","Nanggala","73.26.03.2009","Karre Pananian"
"73","Sulawesi Selatan","73.26","Kabupaten Toraja Utara","73.26.04","Rindingallo","73.26.04.1002","Pangala'"
"73","Sulawesi Selatan","73.26","Kabupaten Toraja Utara","73.26.04","Rindingallo","73.26.04.1004","Pangala' Utara"
"73","Sulawesi Selatan","73.26","Kabupaten Toraja Utara","73.26.04","Rindingallo","73.26.04.2001","Bululangkan"
"73","Sulawesi Selatan","73.26","Kabupaten Toraja Utara","73.26.04","Rindingallo","73.26.04.2003","Rindingallo"
"73","Sulawesi Selatan","73.26","Kabupaten Toraja Utara","73.26.04","Rindingallo","73.26.04.2005","Mai'ting"
"73","Sulawesi Selatan","73.26","Kabupaten Toraja Utara","73.26.04","Rindingallo","73.26.04.2006","Lo'ko'uru Tanetebatu"
"73","Sulawesi Selatan","73.26","Kabupaten Toraja Utara","73.26.04","Rindingallo","73.26.04.2007","Ampang Batu"
"73","Sulawesi Selatan","73.26","Kabupaten Toraja Utara","73.26.04","Rindingallo","73.26.04.2008","Lempo Poton"
"73","Sulawesi Selatan","73.26","Kabupaten Toraja Utara","73.26.04","Rindingallo","73.26.04.2009","Buntu Batu"
"73","Sulawesi Selatan","73.26","Kabupaten Toraja Utara","73.26.05","Buntao","73.26.05.1005","Tullang' Sura"
"73","Sulawesi Selatan","73.26","Kabupaten Toraja Utara","73.26.05","Buntao","73.26.05.1006","Tongkonan Bassae"
"73","Sulawesi Selatan","73.26","Kabupaten Toraja Utara","73.26.05","Buntao","73.26.05.2001","Sapan Kua-kua"
"73","Sulawesi Selatan","73.26","Kabupaten Toraja Utara","73.26.05","Buntao","73.26.05.2002","Rindingkila'"
"73","Sulawesi Selatan","73.26","Kabupaten Toraja Utara","73.26.05","Buntao","73.26.05.2003","Misa'ba'bana"
"73","Sulawesi Selatan","73.26","Kabupaten Toraja Utara","73.26.05","Buntao","73.26.05.2004","Issong Kalua'"
"73","Sulawesi Selatan","73.26","Kabupaten Toraja Utara","73.26.06","Sa'dan","73.26.06.1002","Sa'dan Malimbong"
"73","Sulawesi Selatan","73.26","Kabupaten Toraja Utara","73.26.06","Sa'dan","73.26.06.1004","Sa'dan Matalo"
"73","Sulawesi Selatan","73.26","Kabupaten Toraja Utara","73.26.06","Sa'dan","73.26.06.2001","Sa'dan Ulusalu"
"73","Sulawesi Selatan","73.26","Kabupaten Toraja Utara","73.26.06","Sa'dan","73.26.06.2003","Sa'dan Ballo Pasange'"
"73","Sulawesi Selatan","73.26","Kabupaten Toraja Utara","73.26.06","Sa'dan","73.26.06.2005","Sa'dan Pebulian"
"73","Sulawesi Selatan","73.26","Kabupaten Toraja Utara","73.26.06","Sa'dan","73.26.06.2006","Sa'dan Sangkaropi'"
"73","Sulawesi Selatan","73.26","Kabupaten Toraja Utara","73.26.06","Sa'dan","73.26.06.2007","Sa'dan Tiroallo"
"73","Sulawesi Selatan","73.26","Kabupaten Toraja Utara","73.26.06","Sa'dan","73.26.06.2008","Sa'dan Andulan"
"73","Sulawesi Selatan","73.26","Kabupaten Toraja Utara","73.26.06","Sa'dan","73.26.06.2009","Sa'dan Pesondongan"
"73","Sulawesi Selatan","73.26","Kabupaten Toraja Utara","73.26.06","Sa'dan","73.26.06.2010","Sa'dan Liku Lambe'"
"73","Sulawesi Selatan","73.26","Kabupaten Toraja Utara","73.26.07","Sanggalangi","73.26.07.1006","Paepalean"
"73","Sulawesi Selatan","73.26","Kabupaten Toraja Utara","73.26.07","Sanggalangi","73.26.07.2001","La'bo'"
"73","Sulawesi Selatan","73.26","Kabupaten Toraja Utara","73.26.07","Sanggalangi","73.26.07.2002","Buntu La'bo'"
"73","Sulawesi Selatan","73.26","Kabupaten Toraja Utara","73.26.07","Sanggalangi","73.26.07.2003","Tallung Penanian"
"73","Sulawesi Selatan","73.26","Kabupaten Toraja Utara","73.26.07","Sanggalangi","73.26.07.2004","Pata'padang"
"73","Sulawesi Selatan","73.26","Kabupaten Toraja Utara","73.26.07","Sanggalangi","73.26.07.2005","Tandung La'bo'"
"73","Sulawesi Selatan","73.26","Kabupaten Toraja Utara","73.26.08","Sopai","73.26.08.1002","Nonongan Utara"
"73","Sulawesi Selatan","73.26","Kabupaten Toraja Utara","73.26.08","Sopai","73.26.08.2001","Salu"
"73","Sulawesi Selatan","73.26","Kabupaten Toraja Utara","73.26.08","Sopai","73.26.08.2003","Salu Sopai"
"73","Sulawesi Selatan","73.26","Kabupaten Toraja Utara","73.26.08","Sopai","73.26.08.2004","Tombang Langda"
"73","Sulawesi Selatan","73.26","Kabupaten Toraja Utara","73.26.08","Sopai","73.26.08.2005","Marante"
"73","Sulawesi Selatan","73.26","Kabupaten Toraja Utara","73.26.08","Sopai","73.26.08.2006","Langda"
"73","Sulawesi Selatan","73.26","Kabupaten Toraja Utara","73.26.08","Sopai","73.26.08.2007","Nonongan Selatan"
"73","Sulawesi Selatan","73.26","Kabupaten Toraja Utara","73.26.08","Sopai","73.26.08.2008","Salu Sarre"
"73","Sulawesi Selatan","73.26","Kabupaten Toraja Utara","73.26.09","Tikala","73.26.09.1001","Tikala"
"73","Sulawesi Selatan","73.26","Kabupaten Toraja Utara","73.26.09","Tikala","73.26.09.1002","Buntu Barana"
"73","Sulawesi Selatan","73.26","Kabupaten Toraja Utara","73.26.09","Tikala","73.26.09.2003","Buntu Batu"
"73","Sulawesi Selatan","73.26","Kabupaten Toraja Utara","73.26.09","Tikala","73.26.09.2004","Sereale"
"73","Sulawesi Selatan","73.26","Kabupaten Toraja Utara","73.26.09","Tikala","73.26.09.2005","Embatau"
"73","Sulawesi Selatan","73.26","Kabupaten Toraja Utara","73.26.09","Tikala","73.26.09.2006","Benteng Ka'do To'ria"
"73","Sulawesi Selatan","73.26","Kabupaten Toraja Utara","73.26.09","Tikala","73.26.09.2007","Pangden"
"73","Sulawesi Selatan","73.26","Kabupaten Toraja Utara","73.26.10","Balusu","73.26.10.1002","Tagari"
"73","Sulawesi Selatan","73.26","Kabupaten Toraja Utara","73.26.10","Balusu","73.26.10.1005","Balusu"
"73","Sulawesi Selatan","73.26","Kabupaten Toraja Utara","73.26.10","Balusu","73.26.10.2001","Palangi'"
"73","Sulawesi Selatan","73.26","Kabupaten Toraja Utara","73.26.10","Balusu","73.26.10.2003","Lilikira Ao'gading"
"73","Sulawesi Selatan","73.26","Kabupaten Toraja Utara","73.26.10","Balusu","73.26.10.2004","Karua"
"73","Sulawesi Selatan","73.26","Kabupaten Toraja Utara","73.26.10","Balusu","73.26.10.2006","Awa' Kawasik"
"73","Sulawesi Selatan","73.26","Kabupaten Toraja Utara","73.26.10","Balusu","73.26.10.2007","Balusu Bangunlipu"
"73","Sulawesi Selatan","73.26","Kabupaten Toraja Utara","73.26.11","Tallunglipu","73.26.11.1001","Tallunglipu Matalo"
"73","Sulawesi Selatan","73.26","Kabupaten Toraja Utara","73.26.11","Tallunglipu","73.26.11.1002","Tallunglipu"
"73","Sulawesi Selatan","73.26","Kabupaten Toraja Utara","73.26.11","Tallunglipu","73.26.11.1003","Tampo Tallunglipu"
"73","Sulawesi Selatan","73.26","Kabupaten Toraja Utara","73.26.11","Tallunglipu","73.26.11.1004","Tagari Tallunglipu"
"73","Sulawesi Selatan","73.26","Kabupaten Toraja Utara","73.26.11","Tallunglipu","73.26.11.1005","Tantanan Tallunglipu"
"73","Sulawesi Selatan","73.26","Kabupaten Toraja Utara","73.26.11","Tallunglipu","73.26.11.1007","Rante PakuTallunglipu"
"73","Sulawesi Selatan","73.26","Kabupaten Toraja Utara","73.26.11","Tallunglipu","73.26.11.2006","Buntu Tallunglipu"
"73","Sulawesi Selatan","73.26","Kabupaten Toraja Utara","73.26.12","Dende' Piongan Napo","73.26.12.1004","Pasang"
"73","Sulawesi Selatan","73.26","Kabupaten Toraja Utara","73.26.12","Dende' Piongan Napo","73.26.12.2001","Ma'dong"
"73","Sulawesi Selatan","73.26","Kabupaten Toraja Utara","73.26.12","Dende' Piongan Napo","73.26.12.2002","Dende'"
"73","Sulawesi Selatan","73.26","Kabupaten Toraja Utara","73.26.12","Dende' Piongan Napo","73.26.12.2003","Piongan"
"73","Sulawesi Selatan","73.26","Kabupaten Toraja Utara","73.26.12","Dende' Piongan Napo","73.26.12.2005","Paku"
"73","Sulawesi Selatan","73.26","Kabupaten Toraja Utara","73.26.12","Dende' Piongan Napo","73.26.12.2006","Kapolang"
"73","Sulawesi Selatan","73.26","Kabupaten Toraja Utara","73.26.12","Dende' Piongan Napo","73.26.12.2007","Buntu Tagari"
"73","Sulawesi Selatan","73.26","Kabupaten Toraja Utara","73.26.12","Dende' Piongan Napo","73.26.12.2008","Parinding"
"73","Sulawesi Selatan","73.26","Kabupaten Toraja Utara","73.26.13","Buntu Pepasan","73.26.13.1002","Sapan"
"73","Sulawesi Selatan","73.26","Kabupaten Toraja Utara","73.26.13","Buntu Pepasan","73.26.13.2001","Buntu Minanga"
"73","Sulawesi Selatan","73.26","Kabupaten Toraja Utara","73.26.13","Buntu Pepasan","73.26.13.2003","Sarambu"
"73","Sulawesi Selatan","73.26","Kabupaten Toraja Utara","73.26.13","Buntu Pepasan","73.26.13.2004","Rante Uma"
"73","Sulawesi Selatan","73.26","Kabupaten Toraja Utara","73.26.13","Buntu Pepasan","73.26.13.2005","Talimbangan"
"73","Sulawesi Selatan","73.26","Kabupaten Toraja Utara","73.26.13","Buntu Pepasan","73.26.13.2006","Pulu' Pulu'"
"73","Sulawesi Selatan","73.26","Kabupaten Toraja Utara","73.26.13","Buntu Pepasan","73.26.13.2007","Paonganan"
"73","Sulawesi Selatan","73.26","Kabupaten Toraja Utara","73.26.13","Buntu Pepasan","73.26.13.2008","Parandangan"
"73","Sulawesi Selatan","73.26","Kabupaten Toraja Utara","73.26.13","Buntu Pepasan","73.26.13.2009","Roroan Barra'-Barra'"
"73","Sulawesi Selatan","73.26","Kabupaten Toraja Utara","73.26.13","Buntu Pepasan","73.26.13.2010","Pangkung Batu"
"73","Sulawesi Selatan","73.26","Kabupaten Toraja Utara","73.26.13","Buntu Pepasan","73.26.13.2011","Pengkaroan Manuk"
"73","Sulawesi Selatan","73.26","Kabupaten Toraja Utara","73.26.13","Buntu Pepasan","73.26.13.2012","Batu Busa"
"73","Sulawesi Selatan","73.26","Kabupaten Toraja Utara","73.26.13","Buntu Pepasan","73.26.13.2013","Ponglu"
"73","Sulawesi Selatan","73.26","Kabupaten Toraja Utara","73.26.14","Baruppu","73.26.14.1002","Baruppu Selatan"
"73","Sulawesi Selatan","73.26","Kabupaten Toraja Utara","73.26.14","Baruppu","73.26.14.2001","Baruppu' Utara"
"73","Sulawesi Selatan","73.26","Kabupaten Toraja Utara","73.26.14","Baruppu","73.26.14.2003","Baruppu Benteng Batu"
"73","Sulawesi Selatan","73.26","Kabupaten Toraja Utara","73.26.14","Baruppu","73.26.14.2004","Baruppu' Parodo"
"73","Sulawesi Selatan","73.26","Kabupaten Toraja Utara","73.26.15","Kesu","73.26.15.1003","Ba'tan"
"73","Sulawesi Selatan","73.26","Kabupaten Toraja Utara","73.26.15","Kesu","73.26.15.1004","Pantanakan Lolo"
"73","Sulawesi Selatan","73.26","Kabupaten Toraja Utara","73.26.15","Kesu","73.26.15.2001","Tallu Lolo"
"73","Sulawesi Selatan","73.26","Kabupaten Toraja Utara","73.26.15","Kesu","73.26.15.2002","Rinding Batu"
"73","Sulawesi Selatan","73.26","Kabupaten Toraja Utara","73.26.15","Kesu","73.26.15.2005","Angin-angin"
"73","Sulawesi Selatan","73.26","Kabupaten Toraja Utara","73.26.15","Kesu","73.26.15.2006","Sangbua'"
"73","Sulawesi Selatan","73.26","Kabupaten Toraja Utara","73.26.15","Kesu","73.26.15.2007","Tadongkon"
"73","Sulawesi Selatan","73.26","Kabupaten Toraja Utara","73.26.16","Tondon","73.26.16.2001","Tondon Langi'"
"73","Sulawesi Selatan","73.26","Kabupaten Toraja Utara","73.26.16","Tondon","73.26.16.2002","Tondon"
"73","Sulawesi Selatan","73.26","Kabupaten Toraja Utara","73.26.16","Tondon","73.26.16.2003","Tondon Sibata"
"73","Sulawesi Selatan","73.26","Kabupaten Toraja Utara","73.26.16","Tondon","73.26.16.2004","Tondon Matallo"
"73","Sulawesi Selatan","73.26","Kabupaten Toraja Utara","73.26.17","Bangkelekila","73.26.17.2001","To'yasa Akung"
"73","Sulawesi Selatan","73.26","Kabupaten Toraja Utara","73.26.17","Bangkelekila","73.26.17.2002","Batu Limbong"
"73","Sulawesi Selatan","73.26","Kabupaten Toraja Utara","73.26.17","Bangkelekila","73.26.17.2003","Bangkelekila'"
"73","Sulawesi Selatan","73.26","Kabupaten Toraja Utara","73.26.17","Bangkelekila","73.26.17.2004","Tampan Bonga"
"73","Sulawesi Selatan","73.26","Kabupaten Toraja Utara","73.26.18","Rantebua","73.26.18.1002","Bokin"
"73","Sulawesi Selatan","73.26","Kabupaten Toraja Utara","73.26.18","Rantebua","73.26.18.1005","Buangin"
"73","Sulawesi Selatan","73.26","Kabupaten Toraja Utara","73.26.18","Rantebua","73.26.18.2001","Rantebua"
"73","Sulawesi Selatan","73.26","Kabupaten Toraja Utara","73.26.18","Rantebua","73.26.18.2003","Pitung Penanian"
"73","Sulawesi Selatan","73.26","Kabupaten Toraja Utara","73.26.18","Rantebua","73.26.18.2004","Ma'kuan Pare"
"73","Sulawesi Selatan","73.26","Kabupaten Toraja Utara","73.26.18","Rantebua","73.26.18.2006","Rantebua Sumalu"
"73","Sulawesi Selatan","73.26","Kabupaten Toraja Utara","73.26.18","Rantebua","73.26.18.2007","Rantebua Sanggalangi'"
"73","Sulawesi Selatan","73.26","Kabupaten Toraja Utara","73.26.19","Sesean Suloara","73.26.19.2001","Suloara'"
"73","Sulawesi Selatan","73.26","Kabupaten Toraja Utara","73.26.19","Sesean Suloara","73.26.19.2002","Sesean Matallo"
"73","Sulawesi Selatan","73.26","Kabupaten Toraja Utara","73.26.19","Sesean Suloara","73.26.19.2003","Landorundun"
"73","Sulawesi Selatan","73.26","Kabupaten Toraja Utara","73.26.19","Sesean Suloara","73.26.19.2004","Tonga Riu"
"73","Sulawesi Selatan","73.26","Kabupaten Toraja Utara","73.26.19","Sesean Suloara","73.26.19.2005","Lempo"
"73","Sulawesi Selatan","73.26","Kabupaten Toraja Utara","73.26.20","Kapala Pitu","73.26.20.2001","Benteng Ka'do"
"73","Sulawesi Selatan","73.26","Kabupaten Toraja Utara","73.26.20","Kapala Pitu","73.26.20.2002","Sikuku'"
"73","Sulawesi Selatan","73.26","Kabupaten Toraja Utara","73.26.20","Kapala Pitu","73.26.20.2003","Polo Padang"
"73","Sulawesi Selatan","73.26","Kabupaten Toraja Utara","73.26.20","Kapala Pitu","73.26.20.2004","Kantun Poya"
"73","Sulawesi Selatan","73.26","Kabupaten Toraja Utara","73.26.20","Kapala Pitu","73.26.20.2005","Kapala Pitu"
"73","Sulawesi Selatan","73.26","Kabupaten Toraja Utara","73.26.20","Kapala Pitu","73.26.20.2006","Benteng Mamullu"
"73","Sulawesi Selatan","73.26","Kabupaten Toraja Utara","73.26.21","Awan Rante Karua","73.26.21.2001","Awan"
"73","Sulawesi Selatan","73.26","Kabupaten Toraja Utara","73.26.21","Awan Rante Karua","73.26.21.2002","Batu Lotong"
"73","Sulawesi Selatan","73.26","Kabupaten Toraja Utara","73.26.21","Awan Rante Karua","73.26.21.2003","Buntu Karua"
"73","Sulawesi Selatan","73.26","Kabupaten Toraja Utara","73.26.21","Awan Rante Karua","73.26.21.2004","Londong Biang"
"73","Sulawesi Selatan","73.71","Kota Makassar","73.71.01","Mariso","73.71.01.1001","Bontorannu"
"73","Sulawesi Selatan","73.71","Kota Makassar","73.71.01","Mariso","73.71.01.1002","Mattoangin"
"73","Sulawesi Selatan","73.71","Kota Makassar","73.71.01","Mariso","73.71.01.1003","Kunjung Mae"
"73","Sulawesi Selatan","73.71","Kota Makassar","73.71.01","Mariso","73.71.01.1004","Lette"
"73","Sulawesi Selatan","73.71","Kota Makassar","73.71.01","Mariso","73.71.01.1005","Panambungan"
"73","Sulawesi Selatan","73.71","Kota Makassar","73.71.01","Mariso","73.71.01.1006","Mariso"
"73","Sulawesi Selatan","73.71","Kota Makassar","73.71.01","Mariso","73.71.01.1007","Mario"
"73","Sulawesi Selatan","73.71","Kota Makassar","73.71.01","Mariso","73.71.01.1008","Kampung Buyang"
"73","Sulawesi Selatan","73.71","Kota Makassar","73.71.01","Mariso","73.71.01.1009","Tamarunang"
"73","Sulawesi Selatan","73.71","Kota Makassar","73.71.02","Mamajang","73.71.02.1001","Sambung Jawa"
"73","Sulawesi Selatan","73.71","Kota Makassar","73.71.02","Mamajang","73.71.02.1002","Parang"
"73","Sulawesi Selatan","73.71","Kota Makassar","73.71.02","Mamajang","73.71.02.1003","Mamajang Luar"
"73","Sulawesi Selatan","73.71","Kota Makassar","73.71.02","Mamajang","73.71.02.1004","Mamajang Dalam"
"73","Sulawesi Selatan","73.71","Kota Makassar","73.71.02","Mamajang","73.71.02.1005","Maricaya Selatan"
"73","Sulawesi Selatan","73.71","Kota Makassar","73.71.02","Mamajang","73.71.02.1006","Bonto Lebang"
"73","Sulawesi Selatan","73.71","Kota Makassar","73.71.02","Mamajang","73.71.02.1007","Pa'batang"
"73","Sulawesi Selatan","73.71","Kota Makassar","73.71.02","Mamajang","73.71.02.1008","Bonto Biraeng"
"73","Sulawesi Selatan","73.71","Kota Makassar","73.71.02","Mamajang","73.71.02.1009","Labuang Baji"
"73","Sulawesi Selatan","73.71","Kota Makassar","73.71.02","Mamajang","73.71.02.1010","Mandala"
"73","Sulawesi Selatan","73.71","Kota Makassar","73.71.02","Mamajang","73.71.02.1011","Tamparang Keke"
"73","Sulawesi Selatan","73.71","Kota Makassar","73.71.02","Mamajang","73.71.02.1012","Baji Mappakasunggu"
"73","Sulawesi Selatan","73.71","Kota Makassar","73.71.02","Mamajang","73.71.02.1013","Karang Anyar"
"73","Sulawesi Selatan","73.71","Kota Makassar","73.71.03","Makassar","73.71.03.1001","Maricaya"
"73","Sulawesi Selatan","73.71","Kota Makassar","73.71.03","Makassar","73.71.03.1002","Bara Baraya"
"73","Sulawesi Selatan","73.71","Kota Makassar","73.71.03","Makassar","73.71.03.1003","Maradekaya"
"73","Sulawesi Selatan","73.71","Kota Makassar","73.71.03","Makassar","73.71.03.1004","Lariangbangi"
"73","Sulawesi Selatan","73.71","Kota Makassar","73.71.03","Makassar","73.71.03.1005","Maccini"
"73","Sulawesi Selatan","73.71","Kota Makassar","73.71.03","Makassar","73.71.03.1006","Maricaya Baru"
"73","Sulawesi Selatan","73.71","Kota Makassar","73.71.03","Makassar","73.71.03.1007","Bara Baraya Timur"
"73","Sulawesi Selatan","73.71","Kota Makassar","73.71.03","Makassar","73.71.03.1008","Bara Baraya Selatan"
"73","Sulawesi Selatan","73.71","Kota Makassar","73.71.03","Makassar","73.71.03.1009","Maradekaya Selatan"
"73","Sulawesi Selatan","73.71","Kota Makassar","73.71.03","Makassar","73.71.03.1010","Barana"
"73","Sulawesi Selatan","73.71","Kota Makassar","73.71.03","Makassar","73.71.03.1011","Maccini Parang"
"73","Sulawesi Selatan","73.71","Kota Makassar","73.71.03","Makassar","73.71.03.1012","Maccini Gusung"
"73","Sulawesi Selatan","73.71","Kota Makassar","73.71.03","Makassar","73.71.03.1013","Maradekaya Utara"
"73","Sulawesi Selatan","73.71","Kota Makassar","73.71.03","Makassar","73.71.03.1014","Bara Baraya Utara"
"73","Sulawesi Selatan","73.71","Kota Makassar","73.71.04","Ujung Pandang","73.71.04.1001","Maloku"
"73","Sulawesi Selatan","73.71","Kota Makassar","73.71.04","Ujung Pandang","73.71.04.1002","Mangkura"
"73","Sulawesi Selatan","73.71","Kota Makassar","73.71.04","Ujung Pandang","73.71.04.1003","Pisang Selatan"
"73","Sulawesi Selatan","73.71","Kota Makassar","73.71.04","Ujung Pandang","73.71.04.1004","Pisang Utara"
"73","Sulawesi Selatan","73.71","Kota Makassar","73.71.04","Ujung Pandang","73.71.04.1005","Baru"
"73","Sulawesi Selatan","73.71","Kota Makassar","73.71.04","Ujung Pandang","73.71.04.1006","Bulogading"
"73","Sulawesi Selatan","73.71","Kota Makassar","73.71.04","Ujung Pandang","73.71.04.1007","Lae-Lae"
"73","Sulawesi Selatan","73.71","Kota Makassar","73.71.04","Ujung Pandang","73.71.04.1008","Losari"
"73","Sulawesi Selatan","73.71","Kota Makassar","73.71.04","Ujung Pandang","73.71.04.1009","Sawerigading"
"73","Sulawesi Selatan","73.71","Kota Makassar","73.71.04","Ujung Pandang","73.71.04.1010","Lajangiru"
"73","Sulawesi Selatan","73.71","Kota Makassar","73.71.05","Wajo","73.71.05.1001","Pattunuang"
"73","Sulawesi Selatan","73.71","Kota Makassar","73.71.05","Wajo","73.71.05.1002","Melayu"
"73","Sulawesi Selatan","73.71","Kota Makassar","73.71.05","Wajo","73.71.05.1003","Butung"
"73","Sulawesi Selatan","73.71","Kota Makassar","73.71.05","Wajo","73.71.05.1004","Malimongan Tua"
"73","Sulawesi Selatan","73.71","Kota Makassar","73.71.05","Wajo","73.71.05.1005","Ende"
"73","Sulawesi Selatan","73.71","Kota Makassar","73.71.05","Wajo","73.71.05.1006","Mampu"
"73","Sulawesi Selatan","73.71","Kota Makassar","73.71.05","Wajo","73.71.05.1007","Malimongan"
"73","Sulawesi Selatan","73.71","Kota Makassar","73.71.05","Wajo","73.71.05.1008","Melayu Baru"
"73","Sulawesi Selatan","73.71","Kota Makassar","73.71.06","Bontoala","73.71.06.1001","Malimongan Baru"
"73","Sulawesi Selatan","73.71","Kota Makassar","73.71.06","Bontoala","73.71.06.1002","Wajo Baru"
"73","Sulawesi Selatan","73.71","Kota Makassar","73.71.06","Bontoala","73.71.06.1003","Gaddong"
"73","Sulawesi Selatan","73.71","Kota Makassar","73.71.06","Bontoala","73.71.06.1004","Bontoala"
"73","Sulawesi Selatan","73.71","Kota Makassar","73.71.06","Bontoala","73.71.06.1005","Baraya"
"73","Sulawesi Selatan","73.71","Kota Makassar","73.71.06","Bontoala","73.71.06.1006","Layang"
"73","Sulawesi Selatan","73.71","Kota Makassar","73.71.06","Bontoala","73.71.06.1007","Parang Layang"
"73","Sulawesi Selatan","73.71","Kota Makassar","73.71.06","Bontoala","73.71.06.1008","Bontoala Tua"
"73","Sulawesi Selatan","73.71","Kota Makassar","73.71.06","Bontoala","73.71.06.1009","Bontoala Parang"
"73","Sulawesi Selatan","73.71","Kota Makassar","73.71.06","Bontoala","73.71.06.1010","Tompo Balang"
"73","Sulawesi Selatan","73.71","Kota Makassar","73.71.06","Bontoala","73.71.06.1011","Bunga Ejaya"
"73","Sulawesi Selatan","73.71","Kota Makassar","73.71.06","Bontoala","73.71.06.1012","Timungan Lompoa"
"73","Sulawesi Selatan","73.71","Kota Makassar","73.71.07","Tallo","73.71.07.1001","Pannampu"
"73","Sulawesi Selatan","73.71","Kota Makassar","73.71.07","Tallo","73.71.07.1002","Kalukuang"
"73","Sulawesi Selatan","73.71","Kota Makassar","73.71.07","Tallo","73.71.07.1003","Kaluku Bodoa"
"73","Sulawesi Selatan","73.71","Kota Makassar","73.71.07","Tallo","73.71.07.1004","Rappojawa"
"73","Sulawesi Selatan","73.71","Kota Makassar","73.71.07","Tallo","73.71.07.1005","Rappokalling"
"73","Sulawesi Selatan","73.71","Kota Makassar","73.71.07","Tallo","73.71.07.1006","Lakkang"
"73","Sulawesi Selatan","73.71","Kota Makassar","73.71.07","Tallo","73.71.07.1007","Tallo"
"73","Sulawesi Selatan","73.71","Kota Makassar","73.71.07","Tallo","73.71.07.1008","La'latang"
"73","Sulawesi Selatan","73.71","Kota Makassar","73.71.07","Tallo","73.71.07.1009","Wala-Walaya"
"73","Sulawesi Selatan","73.71","Kota Makassar","73.71.07","Tallo","73.71.07.1010","Tammua"
"73","Sulawesi Selatan","73.71","Kota Makassar","73.71.07","Tallo","73.71.07.1011","Buloa"
"73","Sulawesi Selatan","73.71","Kota Makassar","73.71.07","Tallo","73.71.07.1012","Suangga"
"73","Sulawesi Selatan","73.71","Kota Makassar","73.71.07","Tallo","73.71.07.1013","Ujung Pandang Baru"
"73","Sulawesi Selatan","73.71","Kota Makassar","73.71.07","Tallo","73.71.07.1014","Lembo"
"73","Sulawesi Selatan","73.71","Kota Makassar","73.71.07","Tallo","73.71.07.1015","Bunga Eja Beru"
"73","Sulawesi Selatan","73.71","Kota Makassar","73.71.08","Ujung Tanah","73.71.08.1002","Tabaringan"
"73","Sulawesi Selatan","73.71","Kota Makassar","73.71.08","Ujung Tanah","73.71.08.1003","Patingalloang"
"73","Sulawesi Selatan","73.71","Kota Makassar","73.71.08","Ujung Tanah","73.71.08.1004","Gusung"
"73","Sulawesi Selatan","73.71","Kota Makassar","73.71.08","Ujung Tanah","73.71.08.1005","Cambaya"
"73","Sulawesi Selatan","73.71","Kota Makassar","73.71.08","Ujung Tanah","73.71.08.1006","Ujung Tanah"
"73","Sulawesi Selatan","73.71","Kota Makassar","73.71.08","Ujung Tanah","73.71.08.1009","Totaka"
"73","Sulawesi Selatan","73.71","Kota Makassar","73.71.08","Ujung Tanah","73.71.08.1010","Tamalabba"
"73","Sulawesi Selatan","73.71","Kota Makassar","73.71.08","Ujung Tanah","73.71.08.1011","Camba Berua"
"73","Sulawesi Selatan","73.71","Kota Makassar","73.71.08","Ujung Tanah","73.71.08.1012","Patingalloang Baru"
"73","Sulawesi Selatan","73.71","Kota Makassar","73.71.09","Panakkukang","73.71.09.1001","Karuwisi"
"73","Sulawesi Selatan","73.71","Kota Makassar","73.71.09","Panakkukang","73.71.09.1002","Panaikang"
"73","Sulawesi Selatan","73.71","Kota Makassar","73.71.09","Panakkukang","73.71.09.1003","Tello Baru"
"73","Sulawesi Selatan","73.71","Kota Makassar","73.71.09","Panakkukang","73.71.09.1004","Pampang"
"73","Sulawesi Selatan","73.71","Kota Makassar","73.71.09","Panakkukang","73.71.09.1005","Karampuang"
"73","Sulawesi Selatan","73.71","Kota Makassar","73.71.09","Panakkukang","73.71.09.1006","Tamamaung"
"73","Sulawesi Selatan","73.71","Kota Makassar","73.71.09","Panakkukang","73.71.09.1007","Masale"
"73","Sulawesi Selatan","73.71","Kota Makassar","73.71.09","Panakkukang","73.71.09.1008","Pandang"
"73","Sulawesi Selatan","73.71","Kota Makassar","73.71.09","Panakkukang","73.71.09.1009","Karuwisi Utara"
"73","Sulawesi Selatan","73.71","Kota Makassar","73.71.09","Panakkukang","73.71.09.1010","Sinrijala"
"73","Sulawesi Selatan","73.71","Kota Makassar","73.71.09","Panakkukang","73.71.09.1011","Paropo"
"73","Sulawesi Selatan","73.71","Kota Makassar","73.71.10","Tamalate","73.71.10.1001","Barombong"
"73","Sulawesi Selatan","73.71","Kota Makassar","73.71.10","Tamalate","73.71.10.1002","Maccini Sombala"
"73","Sulawesi Selatan","73.71","Kota Makassar","73.71.10","Tamalate","73.71.10.1003","Jongaya"
"73","Sulawesi Selatan","73.71","Kota Makassar","73.71.10","Tamalate","73.71.10.1004","Mangasa"
"73","Sulawesi Selatan","73.71","Kota Makassar","73.71.10","Tamalate","73.71.10.1005","Bongaya"
"73","Sulawesi Selatan","73.71","Kota Makassar","73.71.10","Tamalate","73.71.10.1006","Balang Baru"
"73","Sulawesi Selatan","73.71","Kota Makassar","73.71.10","Tamalate","73.71.10.1007","Mannuruki"
"73","Sulawesi Selatan","73.71","Kota Makassar","73.71.10","Tamalate","73.71.10.1008","Pa'baeng-Baeng"
"73","Sulawesi Selatan","73.71","Kota Makassar","73.71.10","Tamalate","73.71.10.1009","Parang Tambung"
"73","Sulawesi Selatan","73.71","Kota Makassar","73.71.10","Tamalate","73.71.10.1010","Tanjung Merdeka"
"73","Sulawesi Selatan","73.71","Kota Makassar","73.71.10","Tamalate","73.71.10.1011","Bonto Duri"
"73","Sulawesi Selatan","73.71","Kota Makassar","73.71.11","Biringkanaya","73.71.11.1001","Paccerakkang"
"73","Sulawesi Selatan","73.71","Kota Makassar","73.71.11","Biringkanaya","73.71.11.1002","Daya"
"73","Sulawesi Selatan","73.71","Kota Makassar","73.71.11","Biringkanaya","73.71.11.1003","Pai"
"73","Sulawesi Selatan","73.71","Kota Makassar","73.71.11","Biringkanaya","73.71.11.1004","Bulurokeng"
"73","Sulawesi Selatan","73.71","Kota Makassar","73.71.11","Biringkanaya","73.71.11.1005","Sudiang"
"73","Sulawesi Selatan","73.71","Kota Makassar","73.71.11","Biringkanaya","73.71.11.1006","Sudiang Raya"
"73","Sulawesi Selatan","73.71","Kota Makassar","73.71.11","Biringkanaya","73.71.11.1007","Untia"
"73","Sulawesi Selatan","73.71","Kota Makassar","73.71.11","Biringkanaya","73.71.11.1008","Laikang"
"73","Sulawesi Selatan","73.71","Kota Makassar","73.71.11","Biringkanaya","73.71.11.1009","Berua"
"73","Sulawesi Selatan","73.71","Kota Makassar","73.71.11","Biringkanaya","73.71.11.1010","Katimbang"
"73","Sulawesi Selatan","73.71","Kota Makassar","73.71.11","Biringkanaya","73.71.11.1011","Bakung"
"73","Sulawesi Selatan","73.71","Kota Makassar","73.71.12","Manggala","73.71.12.1001","Manggala"
"73","Sulawesi Selatan","73.71","Kota Makassar","73.71.12","Manggala","73.71.12.1002","Bangkala"
"73","Sulawesi Selatan","73.71","Kota Makassar","73.71.12","Manggala","73.71.12.1003","Tamangapa"
"73","Sulawesi Selatan","73.71","Kota Makassar","73.71.12","Manggala","73.71.12.1004","Antang"
"73","Sulawesi Selatan","73.71","Kota Makassar","73.71.12","Manggala","73.71.12.1005","Batua"
"73","Sulawesi Selatan","73.71","Kota Makassar","73.71.12","Manggala","73.71.12.1006","Borong"
"73","Sulawesi Selatan","73.71","Kota Makassar","73.71.12","Manggala","73.71.12.1007","Biring Romang"
"73","Sulawesi Selatan","73.71","Kota Makassar","73.71.12","Manggala","73.71.12.1008","Bitowa"
"73","Sulawesi Selatan","73.71","Kota Makassar","73.71.13","Rappocini","73.71.13.1001","Tidung"
"73","Sulawesi Selatan","73.71","Kota Makassar","73.71.13","Rappocini","73.71.13.1002","Kassi-Kassi"
"73","Sulawesi Selatan","73.71","Kota Makassar","73.71.13","Rappocini","73.71.13.1003","Mappala"
"73","Sulawesi Selatan","73.71","Kota Makassar","73.71.13","Rappocini","73.71.13.1004","Buakana"
"73","Sulawesi Selatan","73.71","Kota Makassar","73.71.13","Rappocini","73.71.13.1005","Bonto Makkio"
"73","Sulawesi Selatan","73.71","Kota Makassar","73.71.13","Rappocini","73.71.13.1006","Rappocini"
"73","Sulawesi Selatan","73.71","Kota Makassar","73.71.13","Rappocini","73.71.13.1007","Balla Parang"
"73","Sulawesi Selatan","73.71","Kota Makassar","73.71.13","Rappocini","73.71.13.1008","Banta-Bantaeng"
"73","Sulawesi Selatan","73.71","Kota Makassar","73.71.13","Rappocini","73.71.13.1009","Karunrung"
"73","Sulawesi Selatan","73.71","Kota Makassar","73.71.13","Rappocini","73.71.13.1010","Gunung Sari"
"73","Sulawesi Selatan","73.71","Kota Makassar","73.71.13","Rappocini","73.71.13.1011","Minasa Upa"
"73","Sulawesi Selatan","73.71","Kota Makassar","73.71.14","Tamalanrea","73.71.14.1001","Tamalanrea"
"73","Sulawesi Selatan","73.71","Kota Makassar","73.71.14","Tamalanrea","73.71.14.1002","Kapasa"
"73","Sulawesi Selatan","73.71","Kota Makassar","73.71.14","Tamalanrea","73.71.14.1003","Tamalanrea Indah"
"73","Sulawesi Selatan","73.71","Kota Makassar","73.71.14","Tamalanrea","73.71.14.1004","Parang Loe"
"73","Sulawesi Selatan","73.71","Kota Makassar","73.71.14","Tamalanrea","73.71.14.1005","Bira"
"73","Sulawesi Selatan","73.71","Kota Makassar","73.71.14","Tamalanrea","73.71.14.1006","Tamalanrea Jaya"
"73","Sulawesi Selatan","73.71","Kota Makassar","73.71.14","Tamalanrea","73.71.14.1007","Buntusu"
"73","Sulawesi Selatan","73.71","Kota Makassar","73.71.14","Tamalanrea","73.71.14.1008","Kapasa Raya"
"73","Sulawesi Selatan","73.71","Kota Makassar","73.71.15","Kepulauan Sangkarrang","73.71.15.1001","Barrang Caddi"
"73","Sulawesi Selatan","73.71","Kota Makassar","73.71.15","Kepulauan Sangkarrang","73.71.15.1002","Barrang Lompo"
"73","Sulawesi Selatan","73.71","Kota Makassar","73.71.15","Kepulauan Sangkarrang","73.71.15.1003","Kodingareng"
"73","Sulawesi Selatan","73.72","Kota Parepare","73.72.01","Bacukiki","73.72.01.1004","Lompoe"
"73","Sulawesi Selatan","73.72","Kota Parepare","73.72.01","Bacukiki","73.72.01.1005","Watang Bacukiki"
"73","Sulawesi Selatan","73.72","Kota Parepare","73.72.01","Bacukiki","73.72.01.1009","Lemoe"
"73","Sulawesi Selatan","73.72","Kota Parepare","73.72.01","Bacukiki","73.72.01.1010","Galung Maloang"
"73","Sulawesi Selatan","73.72","Kota Parepare","73.72.02","Ujung","73.72.02.1001","Labukkang"
"73","Sulawesi Selatan","73.72","Kota Parepare","73.72.02","Ujung","73.72.02.1002","Ujung Sabbang"
"73","Sulawesi Selatan","73.72","Kota Parepare","73.72.02","Ujung","73.72.02.1003","Ujung Bulu"
"73","Sulawesi Selatan","73.72","Kota Parepare","73.72.02","Ujung","73.72.02.1004","Lapadde"
"73","Sulawesi Selatan","73.72","Kota Parepare","73.72.02","Ujung","73.72.02.1005","Mallusetasi"
"73","Sulawesi Selatan","73.72","Kota Parepare","73.72.03","Soreang","73.72.03.1001","Lakessi"
"73","Sulawesi Selatan","73.72","Kota Parepare","73.72.03","Soreang","73.72.03.1002","Ujung Baru"
"73","Sulawesi Selatan","73.72","Kota Parepare","73.72.03","Soreang","73.72.03.1003","Watang Soreang"
"73","Sulawesi Selatan","73.72","Kota Parepare","73.72.03","Soreang","73.72.03.1004","Kampung Pisang"
"73","Sulawesi Selatan","73.72","Kota Parepare","73.72.03","Soreang","73.72.03.1005","Ujung Lare"
"73","Sulawesi Selatan","73.72","Kota Parepare","73.72.03","Soreang","73.72.03.1006","Bukit Indah"
"73","Sulawesi Selatan","73.72","Kota Parepare","73.72.03","Soreang","73.72.03.1007","Bukit Harapan"
"73","Sulawesi Selatan","73.72","Kota Parepare","73.72.04","Bacukiki Barat","73.72.04.1001","Kampung Baru"
"73","Sulawesi Selatan","73.72","Kota Parepare","73.72.04","Bacukiki Barat","73.72.04.1002","Cappa Galung"
"73","Sulawesi Selatan","73.72","Kota Parepare","73.72.04","Bacukiki Barat","73.72.04.1003","Lumpue"
"73","Sulawesi Selatan","73.72","Kota Parepare","73.72.04","Bacukiki Barat","73.72.04.1004","Tiro Sompe"
"73","Sulawesi Selatan","73.72","Kota Parepare","73.72.04","Bacukiki Barat","73.72.04.1005","Sumpang Minangae"
"73","Sulawesi Selatan","73.72","Kota Parepare","73.72.04","Bacukiki Barat","73.72.04.1006","Bumi Harapan"
"73","Sulawesi Selatan","73.73","Kota Palopo","73.73.01","Wara","73.73.01.1001","Tompotikka"
"73","Sulawesi Selatan","73.73","Kota Palopo","73.73.01","Wara","73.73.01.1002","Boting"
"73","Sulawesi Selatan","73.73","Kota Palopo","73.73.01","Wara","73.73.01.1003","Ammasangan"
"73","Sulawesi Selatan","73.73","Kota Palopo","73.73.01","Wara","73.73.01.1005","Lagaligo"
"73","Sulawesi Selatan","73.73","Kota Palopo","73.73.01","Wara","73.73.01.1011","Dangerakko"
"73","Sulawesi Selatan","73.73","Kota Palopo","73.73.01","Wara","73.73.01.1012","Pajalesang"
"73","Sulawesi Selatan","73.73","Kota Palopo","73.73.02","Wara Utara","73.73.02.1002","Batupasi"
"73","Sulawesi Selatan","73.73","Kota Palopo","73.73.02","Wara Utara","73.73.02.1003","Sabbamparu"
"73","Sulawesi Selatan","73.73","Kota Palopo","73.73.02","Wara Utara","73.73.02.1005","Salobulo"
"73","Sulawesi Selatan","73.73","Kota Palopo","73.73.02","Wara Utara","73.73.02.1007","Penggoli"
"73","Sulawesi Selatan","73.73","Kota Palopo","73.73.02","Wara Utara","73.73.02.1008","Luminda"
"73","Sulawesi Selatan","73.73","Kota Palopo","73.73.02","Wara Utara","73.73.02.1009","Pattene"
"73","Sulawesi Selatan","73.73","Kota Palopo","73.73.03","Wara Selatan","73.73.03.1001","Takkalala"
"73","Sulawesi Selatan","73.73","Kota Palopo","73.73.03","Wara Selatan","73.73.03.1002","Songka"
"73","Sulawesi Selatan","73.73","Kota Palopo","73.73.03","Wara Selatan","73.73.03.1006","Sampoddo"
"73","Sulawesi Selatan","73.73","Kota Palopo","73.73.03","Wara Selatan","73.73.03.1007","Binturu"
"73","Sulawesi Selatan","73.73","Kota Palopo","73.73.04","Telluwanua","73.73.04.1002","Maroangin"
"73","Sulawesi Selatan","73.73","Kota Palopo","73.73.04","Telluwanua","73.73.04.1003","Mancani"
"73","Sulawesi Selatan","73.73","Kota Palopo","73.73.04","Telluwanua","73.73.04.1004","Sumarambu"
"73","Sulawesi Selatan","73.73","Kota Palopo","73.73.04","Telluwanua","73.73.04.1005","Salubattang"
"73","Sulawesi Selatan","73.73","Kota Palopo","73.73.04","Telluwanua","73.73.04.1006","Jaya"
"73","Sulawesi Selatan","73.73","Kota Palopo","73.73.04","Telluwanua","73.73.04.1007","Batu Walenrang"
"73","Sulawesi Selatan","73.73","Kota Palopo","73.73.04","Telluwanua","73.73.04.1008","Pentojangan"
"73","Sulawesi Selatan","73.73","Kota Palopo","73.73.05","Wara Timur","73.73.05.1001","Surutanga"
"73","Sulawesi Selatan","73.73","Kota Palopo","73.73.05","Wara Timur","73.73.05.1002","Benteng"
"73","Sulawesi Selatan","73.73","Kota Palopo","73.73.05","Wara Timur","73.73.05.1003","Pontap"
"73","Sulawesi Selatan","73.73","Kota Palopo","73.73.05","Wara Timur","73.73.05.1004","Malatunrung"
"73","Sulawesi Selatan","73.73","Kota Palopo","73.73.05","Wara Timur","73.73.05.1005","Salekoe"
"73","Sulawesi Selatan","73.73","Kota Palopo","73.73.05","Wara Timur","73.73.05.1006","Salutellue"
"73","Sulawesi Selatan","73.73","Kota Palopo","73.73.05","Wara Timur","73.73.05.1007","Ponjalae"
"73","Sulawesi Selatan","73.73","Kota Palopo","73.73.06","Wara Barat","73.73.06.1001","Tamarundung"
"73","Sulawesi Selatan","73.73","Kota Palopo","73.73.06","Wara Barat","73.73.06.1002","Battang"
"73","Sulawesi Selatan","73.73","Kota Palopo","73.73.06","Wara Barat","73.73.06.1003","Lebang"
"73","Sulawesi Selatan","73.73","Kota Palopo","73.73.06","Wara Barat","73.73.06.1004","Battang Barat"
"73","Sulawesi Selatan","73.73","Kota Palopo","73.73.06","Wara Barat","73.73.06.1005","Padang Lambe"
"73","Sulawesi Selatan","73.73","Kota Palopo","73.73.07","Sendana","73.73.07.1001","Mawa"
"73","Sulawesi Selatan","73.73","Kota Palopo","73.73.07","Sendana","73.73.07.1002","Purangi"
"73","Sulawesi Selatan","73.73","Kota Palopo","73.73.07","Sendana","73.73.07.1003","Peta"
"73","Sulawesi Selatan","73.73","Kota Palopo","73.73.07","Sendana","73.73.07.1004","Sendana"
"73","Sulawesi Selatan","73.73","Kota Palopo","73.73.08","Mungkajang","73.73.08.1001","Mungkajang"
"73","Sulawesi Selatan","73.73","Kota Palopo","73.73.08","Mungkajang","73.73.08.1002","Murante"
"73","Sulawesi Selatan","73.73","Kota Palopo","73.73.08","Mungkajang","73.73.08.1003","Latuppa"
"73","Sulawesi Selatan","73.73","Kota Palopo","73.73.08","Mungkajang","73.73.08.1004","Kambo"
"73","Sulawesi Selatan","73.73","Kota Palopo","73.73.09","Bara","73.73.09.1001","Temmalebba"
"73","Sulawesi Selatan","73.73","Kota Palopo","73.73.09","Bara","73.73.09.1002","Balandai"
"73","Sulawesi Selatan","73.73","Kota Palopo","73.73.09","Bara","73.73.09.1003","Rampoang"
"73","Sulawesi Selatan","73.73","Kota Palopo","73.73.09","Bara","73.73.09.1004","To'Bulung"
"73","Sulawesi Selatan","73.73","Kota Palopo","73.73.09","Bara","73.73.09.1005","Buntu Datu"
